date,actual,predicted,model,region
2011-12-26,3.057492620859156,3.350488311614077,random_forest,AREQUIPA
2012-01-02,2.7235631190393916,3.4283744881870044,random_forest,AREQUIPA
2012-01-09,2.9273195176414215,3.468113493188519,random_forest,AREQUIPA
2012-01-16,3.1384724671761717,3.4184926311059165,random_forest,AREQUIPA
2012-01-23,3.750857338820303,3.2012097499358374,random_forest,AREQUIPA
2012-01-30,3.9039535567313357,3.2665785416209028,random_forest,AREQUIPA
2012-02-06,3.750857338820302,3.535598129192234,random_forest,AREQUIPA
2012-02-13,3.291568685087204,3.650481623601622,random_forest,AREQUIPA
2012-02-20,3.750857338820302,3.662158960103338,random_forest,AREQUIPA
2012-02-27,4.363242210464433,3.7164131946917953,random_forest,AREQUIPA
2012-03-05,4.516338428375465,3.8993013501406324,random_forest,AREQUIPA
2012-03-12,4.133597883597884,3.7397947068779773,random_forest,AREQUIPA
2012-03-19,4.133597883597884,4.159873885159304,random_forest,AREQUIPA
2012-03-26,4.669434646286499,4.1184350778881385,random_forest,AREQUIPA
2012-04-02,4.592886537330982,4.163349359697134,random_forest,AREQUIPA
2012-04-09,4.286694101508917,4.179171115422329,random_forest,AREQUIPA
2012-04-16,3.444664902998236,4.360875352446567,random_forest,AREQUIPA
2012-04-23,3.521213011953753,4.231660791513921,random_forest,AREQUIPA
2012-04-30,3.521213011953753,4.264115304954203,random_forest,AREQUIPA
2012-05-07,3.291568685087204,4.228914071152632,random_forest,AREQUIPA
2012-05-14,4.361061528409212,3.6524765285130627,random_forest,AREQUIPA
2012-05-21,4.1314172015426625,3.916801947444087,random_forest,AREQUIPA
2012-05-28,4.514157746320244,3.9392948329711697,random_forest,AREQUIPA
2012-06-04,3.5212130119537526,3.9367406467069106,random_forest,AREQUIPA
2012-06-11,3.903953556731335,3.894999578276053,random_forest,AREQUIPA
2012-06-18,3.9805016656868513,4.120299966886121,random_forest,AREQUIPA
2012-06-25,3.521213011953753,4.161984775509661,random_forest,AREQUIPA
2012-07-02,3.36811679404272,3.8998131566367285,random_forest,AREQUIPA
2012-07-09,4.286694101508917,3.823786852628876,random_forest,AREQUIPA
2012-07-16,4.363242210464433,4.12278510820088,random_forest,AREQUIPA
2012-07-23,5.05217519106408,3.920048990831069,random_forest,AREQUIPA
2012-07-30,3.9805016656868504,3.892498702120575,random_forest,AREQUIPA
2012-08-06,3.9805016656868504,3.9586458596891845,random_forest,AREQUIPA
2012-08-13,3.1384724671761712,4.062566653097353,random_forest,AREQUIPA
2012-08-20,3.2150205761316877,3.7493520949993053,random_forest,AREQUIPA
2012-08-27,2.9853762492651383,3.793440095524435,random_forest,AREQUIPA
2012-09-03,2.602635704487556,3.3379261826317377,random_forest,AREQUIPA
2012-09-10,2.4495394865765237,3.1390954360280707,random_forest,AREQUIPA
2012-09-17,1.837154614932393,2.9741725437959707,random_forest,AREQUIPA
2012-09-24,1.9137027238879092,2.6275611093325084,random_forest,AREQUIPA
2012-10-01,2.066798941798942,1.94765129586682,random_forest,AREQUIPA
2012-10-08,2.602635704487556,1.9811599644762925,random_forest,AREQUIPA
2012-10-15,2.755731922398589,2.2203219521367674,random_forest,AREQUIPA
2012-10-22,2.52608759553204,2.339169451424347,random_forest,AREQUIPA
2012-10-29,2.1433470507544583,2.4507624646892294,random_forest,AREQUIPA
2012-11-05,1.9902508328434256,2.079091179916551,random_forest,AREQUIPA
2012-11-12,1.7606065059768765,1.9259515766121846,random_forest,AREQUIPA
2012-11-19,2.2198951597099748,1.887822940915226,random_forest,AREQUIPA
2012-11-26,2.449539486576523,2.1235978734918812,random_forest,AREQUIPA
2012-12-03,3.1384724671761703,2.182319114095251,random_forest,AREQUIPA
2012-12-10,2.9853762492651383,2.401949140917397,random_forest,AREQUIPA
2012-12-17,2.908828140309622,2.5814459564019776,random_forest,AREQUIPA
2012-12-24,2.52608759553204,2.7549939104206573,random_forest,AREQUIPA
2012-12-31,2.755731922398589,2.455757949261945,random_forest,AREQUIPA
2013-01-07,2.586760447561817,2.620457143568824,random_forest,AREQUIPA
2013-01-14,2.6421415472830145,2.4886638659954126,random_forest,AREQUIPA
2013-01-21,2.6922308946956317,2.5690465667548876,random_forest,AREQUIPA
2013-01-28,2.916583469253601,2.692953015998638,random_forest,AREQUIPA
2013-02-04,3.14093604381157,2.6954339197170722,random_forest,AREQUIPA
2013-02-11,3.066151852292247,2.777784555324032,random_forest,AREQUIPA
2013-02-18,2.6174467031763085,2.938557620971037,random_forest,AREQUIPA
2013-02-25,2.1687415540603703,2.66638751535439,random_forest,AREQUIPA
2013-03-04,1.420899638867139,2.3218301556790246,random_forest,AREQUIPA
2013-03-11,1.944388979502401,1.9628620140017334,random_forest,AREQUIPA
2013-03-18,1.6452522134251086,1.9756447967838726,random_forest,AREQUIPA
2013-03-25,2.0191731710217242,1.879385674342048,random_forest,AREQUIPA
2013-04-01,1.5704680219057856,1.9058284866321817,random_forest,AREQUIPA
2013-04-08,1.7200364049444314,1.9493810078821703,random_forest,AREQUIPA
2013-04-15,1.1965470643091696,1.8514986873267212,random_forest,AREQUIPA
2013-04-22,1.1965470643091696,1.7510426863479034,random_forest,AREQUIPA
2013-04-29,1.0469786812705235,1.8058519945021074,random_forest,AREQUIPA
2013-05-06,1.346115447347816,1.7059521346768287,random_forest,AREQUIPA
2013-05-13,1.6452522134251086,1.5694450800032884,random_forest,AREQUIPA
2013-05-20,2.467878320137663,1.7041354667937028,random_forest,AREQUIPA
2013-05-27,3.440072809888863,2.1606168848299143,random_forest,AREQUIPA
2013-06-03,3.5148570014081866,2.6550119057698267,random_forest,AREQUIPA
2013-06-10,3.440072809888863,3.118943555213682,random_forest,AREQUIPA
2013-06-17,2.841799277734278,3.070883215996756,random_forest,AREQUIPA
2013-06-24,3.0661518522922475,2.7293873936703603,random_forest,AREQUIPA
2013-07-01,2.7670150862149554,2.820507305317737,random_forest,AREQUIPA
2013-07-08,3.066151852292247,2.7703816838198394,random_forest,AREQUIPA
2013-07-15,3.066151852292247,2.867398979462629,random_forest,AREQUIPA
2013-07-22,3.6644253844468317,2.8849629730398454,random_forest,AREQUIPA
2013-07-29,3.1409360438115708,3.236473382722081,random_forest,AREQUIPA
2013-08-05,2.7670150862149554,3.2859964490624094,random_forest,AREQUIPA
2013-08-12,2.7670150862149554,3.106214056234431,random_forest,AREQUIPA
2013-08-19,2.841799277734278,2.9325779953934696,random_forest,AREQUIPA
2013-08-26,2.617446703176309,2.7693246955841104,random_forest,AREQUIPA
2013-09-02,1.9443889795024007,2.664837056478469,random_forest,AREQUIPA
2013-09-09,2.093957362541047,1.9824085185167375,random_forest,AREQUIPA
2013-09-16,2.5426625116569856,2.090254188662854,random_forest,AREQUIPA
2013-09-23,2.617446703176309,2.3944250123230857,random_forest,AREQUIPA
2013-09-30,2.916583469253601,2.4315732744848346,random_forest,AREQUIPA
2013-10-07,2.916583469253601,2.5393345021153135,random_forest,AREQUIPA
2013-10-14,2.841799277734278,2.642263489643328,random_forest,AREQUIPA
2013-10-21,2.4678783201376624,2.6334874287286794,random_forest,AREQUIPA
2013-10-28,2.1687415540603703,2.3870235867908085,random_forest,AREQUIPA
2013-11-04,2.3183099370990163,2.1202524875943713,random_forest,AREQUIPA
2013-11-11,2.16874155406037,2.348184777351735,random_forest,AREQUIPA
2013-11-18,2.3930941286183396,2.1400399229197875,random_forest,AREQUIPA
2013-11-25,1.9443889795024007,2.518313019109187,random_forest,AREQUIPA
2013-12-02,1.8696047879830775,2.0484131301874426,random_forest,AREQUIPA
2013-12-09,1.3461154473478156,1.9700755278451103,random_forest,AREQUIPA
2013-12-16,1.2713312558284926,1.6549831007708447,random_forest,AREQUIPA
2013-12-23,1.0469786812705233,1.5261084609389397,random_forest,AREQUIPA
2013-12-30,1.420899638867139,1.540121796069938,random_forest,AREQUIPA
2014-01-06,1.5586768319934066,1.7491461929926775,random_forest,AREQUIPA
2014-01-13,2.0636371599092165,1.8008758549031065,random_forest,AREQUIPA
2014-01-20,1.973692867073978,2.012887410723132,random_forest,AREQUIPA
2014-01-27,2.4122912819793068,1.8271741276894722,random_forest,AREQUIPA
2014-02-03,2.4122912819793068,2.178068614133275,random_forest,AREQUIPA
2014-02-10,2.1198923387090876,2.1488899911075996,random_forest,AREQUIPA
2014-02-17,1.461994716351095,1.9697892221261482,random_forest,AREQUIPA
2014-02-24,1.0233963014457663,1.7757196811779732,random_forest,AREQUIPA
2014-03-03,1.3888949805335402,1.550083057764284,random_forest,AREQUIPA
2014-03-10,1.6812939238037592,1.7194589652994634,random_forest,AREQUIPA
2014-03-17,1.973692867073978,1.8232360256066737,random_forest,AREQUIPA
2014-03-24,1.8274933954388686,1.9488617091832245,random_forest,AREQUIPA
2014-03-31,1.315795244715985,1.9303814719527228,random_forest,AREQUIPA
2014-04-07,1.0233963014457663,1.6569888657271994,random_forest,AREQUIPA
2014-04-14,0.6578976223579925,1.5151996112498973,random_forest,AREQUIPA
2014-04-21,0.8771968298106568,1.4490390422990154,random_forest,AREQUIPA
2014-04-28,0.9502965656282115,1.3341003372295361,random_forest,AREQUIPA
2014-05-05,1.1695957730808757,1.3318717281923633,random_forest,AREQUIPA
2014-05-12,1.1695957730808757,1.388824297404856,random_forest,AREQUIPA
2014-05-19,1.1695957730808757,1.5216338498171118,random_forest,AREQUIPA
2014-05-26,1.0964960372633212,1.4871813109973702,random_forest,AREQUIPA
2014-06-02,1.0964960372633212,1.4516098939465718,random_forest,AREQUIPA
2014-06-09,1.5350944521686494,1.2503202199854089,random_forest,AREQUIPA
2014-06-16,1.8274933954388686,1.5047623932656502,random_forest,AREQUIPA
2014-06-23,1.8274933954388686,1.6689478410295768,random_forest,AREQUIPA
2014-06-30,1.38889498053354,1.7389335528607468,random_forest,AREQUIPA
2014-07-07,1.2426955088984304,1.583280787416176,random_forest,AREQUIPA
2014-07-14,1.4619947163510947,1.3767239415941908,random_forest,AREQUIPA
2014-07-21,1.8274933954388686,1.5283153920912529,random_forest,AREQUIPA
2014-07-28,1.973692867073978,1.7061595862052084,random_forest,AREQUIPA
2014-08-04,1.7543936596213137,1.712552530238694,random_forest,AREQUIPA
2014-08-11,2.8508896968846353,1.676097579018383,random_forest,AREQUIPA
2014-08-18,2.4853910177968612,2.3555079646857844,random_forest,AREQUIPA
2014-08-25,3.5087873192426273,2.37504538972093,random_forest,AREQUIPA
2014-09-01,2.192992074526642,2.8647218453289534,random_forest,AREQUIPA
2014-09-08,2.6315904894319706,2.4764192197794377,random_forest,AREQUIPA
2014-09-15,2.1198923387090876,2.5294436466244594,random_forest,AREQUIPA
2014-09-22,2.4853910177968612,2.253898953500373,random_forest,AREQUIPA
2014-09-29,2.5584907536144157,2.478563802267664,random_forest,AREQUIPA
2014-10-06,2.266091810344197,2.5476039030558044,random_forest,AREQUIPA
2014-10-13,1.5350944521686491,2.3349840910230135,random_forest,AREQUIPA
2014-10-20,1.4619947163510945,1.8836822311273846,random_forest,AREQUIPA
2014-10-27,1.827493395438868,1.5929549806540617,random_forest,AREQUIPA
2014-11-03,2.63159048943197,1.7741089139962507,random_forest,AREQUIPA
2014-11-10,2.485391017796861,2.26927267470013,random_forest,AREQUIPA
2014-11-17,2.5584907536144157,2.417856358413812,random_forest,AREQUIPA
2014-11-24,1.827493395438868,2.4104492549309438,random_forest,AREQUIPA
2014-12-01,2.6315904894319706,2.0314311986632223,random_forest,AREQUIPA
2014-12-08,1.9736928670739777,2.295600994969494,random_forest,AREQUIPA
2014-12-15,2.119892338709087,1.9464343235168848,random_forest,AREQUIPA
2014-12-22,1.169595773080875,2.1063178144177717,random_forest,AREQUIPA
2014-12-29,1.6081941879862036,1.5789496381601436,random_forest,AREQUIPA
2015-01-05,2.027469661329933,1.7980626397942938,random_forest,AREQUIPA
2015-01-12,2.232276662611398,1.9643922652035668,random_forest,AREQUIPA
2015-01-19,2.8595796274968586,2.073269629828312,random_forest,AREQUIPA
2015-01-26,2.4306426833723296,2.4754566363056627,random_forest,AREQUIPA
2015-02-02,2.3591531926849085,2.2870083443812868,random_forest,AREQUIPA
2015-02-09,1.2153213416861646,2.1259040019278213,random_forest,AREQUIPA
2015-02-16,1.3583003230610078,1.5691401088507826,random_forest,AREQUIPA
2015-02-23,1.2153213416861646,1.6008627231027814,random_forest,AREQUIPA
2015-03-02,1.3583003230610078,1.4844336933558004,random_forest,AREQUIPA
2015-03-09,1.572768795123272,1.517786075675187,random_forest,AREQUIPA
2015-03-16,1.5012793044358503,1.7204394644985812,random_forest,AREQUIPA
2015-03-23,1.715747776498115,1.7099821755240932,random_forest,AREQUIPA
2015-03-30,1.9302162485603798,1.743197564056476,random_forest,AREQUIPA
2015-04-06,2.0017057392478006,1.702953039358729,random_forest,AREQUIPA
2015-04-13,2.0017057392478006,1.927872516401893,random_forest,AREQUIPA
2015-04-20,1.6442582858106938,1.826829476817284,random_forest,AREQUIPA
2015-04-27,1.5012793044358503,1.6606607448608095,random_forest,AREQUIPA
2015-05-04,1.286810832373586,1.582452195792147,random_forest,AREQUIPA
2015-05-11,0.9293633789364786,1.3149407188024744,random_forest,AREQUIPA
2015-05-18,0.9293633789364786,1.3168803874910835,random_forest,AREQUIPA
2015-05-25,1.0723423603113216,1.3387436484937774,random_forest,AREQUIPA
2015-06-01,1.143831850998743,1.2455929723436645,random_forest,AREQUIPA
2015-06-08,1.5012793044358503,1.2763415296672354,random_forest,AREQUIPA
2015-06-15,2.0731952299352225,1.5472979112518166,random_forest,AREQUIPA
2015-06-22,2.43064268337233,1.847805828796428,random_forest,AREQUIPA
2015-06-29,2.43064268337233,2.0540486805117864,random_forest,AREQUIPA
2015-07-06,1.9302162485603798,2.1046631009102144,random_forest,AREQUIPA
2015-07-13,1.5012793044358503,1.8045848658674597,random_forest,AREQUIPA
2015-07-20,1.286810832373586,1.6249169991978394,random_forest,AREQUIPA
2015-07-27,0.8578738882490571,1.4300098689145058,random_forest,AREQUIPA
2015-08-03,1.143831850998743,1.2755271657848222,random_forest,AREQUIPA
2015-08-10,1.143831850998743,1.5403755925846618,random_forest,AREQUIPA
2015-08-17,1.858726757872958,1.4964709673986318,random_forest,AREQUIPA
2015-08-24,2.001705739247801,2.075539242143305,random_forest,AREQUIPA
2015-08-31,2.0731952299352225,2.004219257705447,random_forest,AREQUIPA
2015-09-07,1.6442582858106938,2.1233515609383264,random_forest,AREQUIPA
2015-09-14,1.143831850998743,1.7276536900068882,random_forest,AREQUIPA
2015-09-21,1.429789813748429,1.3045352915423138,random_forest,AREQUIPA
2015-09-28,1.3583003230610078,1.4578335900642792,random_forest,AREQUIPA
2015-10-05,1.858726757872958,1.3829442407091865,random_forest,AREQUIPA
2015-10-12,1.5012793044358503,1.8352219603593922,random_forest,AREQUIPA
2015-10-19,1.715747776498115,1.6242663229621495,random_forest,AREQUIPA
2015-10-26,1.715747776498115,1.8406326232694399,random_forest,AREQUIPA
2015-11-02,1.7872372671855363,1.7769484566541829,random_forest,AREQUIPA
2015-11-09,1.7872372671855363,1.8386541911063645,random_forest,AREQUIPA
2015-11-16,1.3583003230610078,1.8576330065310946,random_forest,AREQUIPA
2015-11-23,1.3583003230610078,1.5451604440965614,random_forest,AREQUIPA
2015-11-30,1.0008528696239,1.5618924142172035,random_forest,AREQUIPA
2015-12-07,1.286810832373586,1.3940568981534094,random_forest,AREQUIPA
2015-12-14,1.0008528696239,1.4465498620360502,random_forest,AREQUIPA
2015-12-21,1.0723423603113216,1.1964399888565933,random_forest,AREQUIPA
2015-12-28,0.5004264348119496,1.2611585200271622,random_forest,AREQUIPA
2016-01-04,0.6357012511759802,1.378483394559554,random_forest,AREQUIPA
2016-01-11,0.7694352345378483,1.3321449825848655,random_forest,AREQUIPA
2016-01-18,2.0984597305577695,0.9998802285827748,random_forest,AREQUIPA
2016-01-25,2.238357045928288,1.554115102381453,random_forest,AREQUIPA
2016-02-01,2.1684083882430287,1.905063553928212,random_forest,AREQUIPA
2016-02-08,1.0492298652788845,1.8842423989525576,random_forest,AREQUIPA
2016-02-15,1.1191785229641436,1.3217638091765571,random_forest,AREQUIPA
2016-02-22,1.4689218113904385,1.2253627670767138,random_forest,AREQUIPA
2016-02-29,1.4689218113904385,1.4411572235952943,random_forest,AREQUIPA
2016-03-07,1.1191785229641436,1.5154910025544588,random_forest,AREQUIPA
2016-03-14,1.1191785229641436,1.4138041109606934,random_forest,AREQUIPA
2016-03-21,1.1891271806494026,1.4078514410569642,random_forest,AREQUIPA
2016-03-28,1.3989731537051797,1.3908660999700255,random_forest,AREQUIPA
2016-04-04,1.1891271806494024,1.406185205701111,random_forest,AREQUIPA
2016-04-11,1.3989731537051797,1.2873743092676273,random_forest,AREQUIPA
2016-04-18,1.3989731537051797,1.317841959607562,random_forest,AREQUIPA
2016-04-25,0.9792812075936256,1.2972357052510928,random_forest,AREQUIPA
2016-05-02,0.9792812075936256,1.168790925568811,random_forest,AREQUIPA
2016-05-09,1.0492298652788845,1.0941588868529077,random_forest,AREQUIPA
2016-05-16,1.3290244960199207,1.1244116199230954,random_forest,AREQUIPA
2016-05-23,1.6088191267609566,1.1485775989288567,random_forest,AREQUIPA
2016-05-30,1.7487164421314747,1.4350131731634632,random_forest,AREQUIPA
2016-06-06,1.8186650998167337,1.6928957310021535,random_forest,AREQUIPA
2016-06-13,1.8886137575019928,1.754120965605145,random_forest,AREQUIPA
2016-06-20,1.6088191267609566,1.6936574934804827,random_forest,AREQUIPA
2016-06-27,2.09845973055777,1.641782653145048,random_forest,AREQUIPA
2016-07-04,2.1684083882430287,1.736693657182685,random_forest,AREQUIPA
2016-07-11,2.658048992039842,1.6886046059942799,random_forest,AREQUIPA
2016-07-18,2.308305703613547,2.3992413548368545,random_forest,AREQUIPA
2016-07-25,2.3782543612988056,2.22142042324803,random_forest,AREQUIPA
2016-08-01,2.448203018984065,2.172531697338149,random_forest,AREQUIPA
2016-08-08,2.658048992039842,2.2734007954888416,random_forest,AREQUIPA
2016-08-15,2.658048992039842,2.3667714823912815,random_forest,AREQUIPA
2016-08-22,2.3782543612988056,2.466310837709168,random_forest,AREQUIPA
2016-08-29,2.028511072872511,2.362758690602408,random_forest,AREQUIPA
2016-09-05,1.5388704690756976,2.186735173717866,random_forest,AREQUIPA
2016-09-12,1.5388704690756976,1.9937301909637122,random_forest,AREQUIPA
2016-09-19,1.6787677844462154,1.9441085531259992,random_forest,AREQUIPA
2016-09-26,1.8186650998167337,1.8357844622710684,random_forest,AREQUIPA
2016-10-03,1.6088191267609566,1.9575090294968494,random_forest,AREQUIPA
2016-10-10,1.8186650998167337,1.8179354513974353,random_forest,AREQUIPA
2016-10-17,1.6088191267609566,1.7691117419572402,random_forest,AREQUIPA
2016-10-24,1.6787677844462154,1.6369590272805286,random_forest,AREQUIPA
2016-10-31,1.3989731537051793,1.643529363333538,random_forest,AREQUIPA
2016-11-07,1.7487164421314745,1.4436096243326202,random_forest,AREQUIPA
2016-11-14,1.9585624151872516,1.6374353295038762,random_forest,AREQUIPA
2016-11-21,1.8186650998167337,1.6855644481064016,random_forest,AREQUIPA
2016-11-28,1.6088191267609566,1.701272744435701,random_forest,AREQUIPA
2016-12-05,1.6088191267609566,1.6463995676189378,random_forest,AREQUIPA
2016-12-12,1.9585624151872516,1.5706467965569457,random_forest,AREQUIPA
2016-12-19,1.6787677844462159,1.6115094011089597,random_forest,AREQUIPA
2016-12-26,2.1684083882430287,1.6158355553138026,random_forest,AREQUIPA
2017-01-02,1.742813184702326,1.7366727848766885,random_forest,AREQUIPA
2017-01-09,1.8053827706011496,1.7028716106676622,random_forest,AREQUIPA
2017-01-16,1.0270926499195776,1.7852941075603335,random_forest,AREQUIPA
2017-01-23,1.437929709887409,1.390153163373539,random_forest,AREQUIPA
2017-01-30,2.0541852998391565,1.4503050817438234,random_forest,AREQUIPA
2017-02-06,1.9172396131832123,1.6442038622305457,random_forest,AREQUIPA
2017-02-13,1.7802939265272688,1.709840729190665,random_forest,AREQUIPA
2017-02-20,1.1640383365755216,1.6504035534693,random_forest,AREQUIPA
2017-02-27,1.5748753965433526,1.3198595865792901,random_forest,AREQUIPA
2017-03-06,1.2325111799034933,1.653069135467733,random_forest,AREQUIPA
2017-03-13,1.5748753965433526,1.3919165544649963,random_forest,AREQUIPA
2017-03-20,1.7802939265272686,1.521093625671528,random_forest,AREQUIPA
2017-03-27,1.7802939265272684,1.6279829240459618,random_forest,AREQUIPA
2017-04-03,1.7802939265272686,1.604964441622644,random_forest,AREQUIPA
2017-04-10,1.4379297098874089,1.643390352869289,random_forest,AREQUIPA
2017-04-17,1.9172396131832123,1.467333604277504,random_forest,AREQUIPA
2017-04-24,1.5748753965433526,1.640650136926371,random_forest,AREQUIPA
2017-05-01,1.7118210831992966,1.6110217205978143,random_forest,AREQUIPA
2017-05-08,1.369456866559437,1.6447427356547402,random_forest,AREQUIPA
2017-05-15,1.7118210831992968,1.3454686091275274,random_forest,AREQUIPA
2017-05-22,1.9172396131832123,1.6523500197812901,random_forest,AREQUIPA
2017-05-29,2.53349520313496,1.7366653689871594,random_forest,AREQUIPA
2017-06-05,2.601968046462932,2.290244023658712,random_forest,AREQUIPA
2017-06-12,2.396549516479016,2.4511082899906036,random_forest,AREQUIPA
2017-06-19,1.9857124565111846,2.377507023488774,random_forest,AREQUIPA
2017-06-26,1.6433482398713248,1.9543464743371817,random_forest,AREQUIPA
2017-07-03,1.9172396131832123,1.7875367192008413,random_forest,AREQUIPA
2017-07-10,2.53349520313496,1.8415124419567448,random_forest,AREQUIPA
2017-07-17,2.8758594197748195,2.254116871161342,random_forest,AREQUIPA
2017-07-24,2.7389137331188755,2.50616480196317,random_forest,AREQUIPA
2017-07-31,2.8073865764468473,2.736558885302654,random_forest,AREQUIPA
2017-08-07,3.0812779497587353,2.654125790032603,random_forest,AREQUIPA
2017-08-14,3.4921150097265663,2.771864005723327,random_forest,AREQUIPA
2017-08-21,3.0812779497587344,2.754544871413336,random_forest,AREQUIPA
2017-08-28,2.6704408897909033,2.7249352133953924,random_forest,AREQUIPA
2017-09-04,2.6019680464629316,2.4996284288729225,random_forest,AREQUIPA
2017-09-11,3.0128051064307626,2.4043204235966544,random_forest,AREQUIPA
2017-09-18,3.0128051064307626,2.5137877135077864,random_forest,AREQUIPA
2017-09-25,2.6704408897909033,2.770475448617324,random_forest,AREQUIPA
2017-10-02,1.7118210831992968,2.591257560116316,random_forest,AREQUIPA
2017-10-09,1.8487667698552404,2.1857069780198866,random_forest,AREQUIPA
2017-10-16,1.8487667698552404,2.047755909412977,random_forest,AREQUIPA
2017-10-23,2.396549516479016,1.9215448087766434,random_forest,AREQUIPA
2017-10-30,2.0541852998391565,2.1781237564891445,random_forest,AREQUIPA
2017-11-06,2.122658143167128,2.0258316648606898,random_forest,AREQUIPA
2017-11-13,1.7118210831992968,2.024513319090666,random_forest,AREQUIPA
2017-11-20,2.054185299839156,1.8677274091427827,random_forest,AREQUIPA
2017-11-27,1.8487667698552404,1.7712063354517356,random_forest,AREQUIPA
2017-12-04,2.122658143167128,1.7277899643941916,random_forest,AREQUIPA
2017-12-11,2.259603829823072,1.7589717267730585,random_forest,AREQUIPA
2017-12-18,2.601968046462931,1.9418386946996078,random_forest,AREQUIPA
2017-12-25,2.8758594197748195,2.2072938586541637,random_forest,AREQUIPA
2018-01-01,2.6617786974814748,2.436728028395611,random_forest,AREQUIPA
2018-01-08,1.972719168047041,2.5124357684052927,random_forest,AREQUIPA
2018-01-15,1.4873457301346376,2.011844306216708,random_forest,AREQUIPA
2018-01-22,1.2169192337465213,1.786844028199206,random_forest,AREQUIPA
2018-01-29,1.7577722265227536,1.5518705195650333,random_forest,AREQUIPA
2018-02-05,1.8253788506197826,1.7116662845839428,random_forest,AREQUIPA
2018-02-12,2.02819872291087,1.654299508821571,random_forest,AREQUIPA
2018-02-19,2.3662318433960148,1.6936414887838902,random_forest,AREQUIPA
2018-02-26,2.839478212075218,1.7812186938421544,random_forest,AREQUIPA
2018-03-05,2.5014450915900728,2.057266980609512,random_forest,AREQUIPA
2018-03-12,1.9605920988138408,2.1197317344899735,random_forest,AREQUIPA
2018-03-19,1.5549523542316666,1.8767834006695456,random_forest,AREQUIPA
2018-03-26,1.9605920988138408,1.697243909441284,random_forest,AREQUIPA
2018-04-02,1.8929854747168118,1.791549657382669,random_forest,AREQUIPA
2018-04-09,1.7577722265227536,1.7967908648758573,random_forest,AREQUIPA
2018-04-16,2.0958053470078988,1.8167739882094032,random_forest,AREQUIPA
2018-04-23,2.0281987229108696,1.872335678676904,random_forest,AREQUIPA
2018-04-30,2.2310185952019563,1.9004281252481303,random_forest,AREQUIPA
2018-05-07,1.7577722265227536,2.1328439591151245,random_forest,AREQUIPA
2018-05-14,2.02819872291087,1.8710865182958862,random_forest,AREQUIPA
2018-05-21,2.163411971104928,2.0730878726721733,random_forest,AREQUIPA
2018-05-28,2.433838467493045,2.0986401520552884,random_forest,AREQUIPA
2018-06-04,2.70426496388116,2.1533320230404196,random_forest,AREQUIPA
2018-06-11,2.6366583397841308,2.4544318517520116,random_forest,AREQUIPA
2018-06-18,2.4338384674930436,2.3146719243301668,random_forest,AREQUIPA
2018-06-25,2.4338384674930436,2.142781591852185,random_forest,AREQUIPA
2018-07-02,2.9746914602692756,2.3735518705520326,random_forest,AREQUIPA
2018-07-09,3.7859709494336244,2.5578702368354147,random_forest,AREQUIPA
2018-07-16,4.597250438597973,2.8762221859577277,random_forest,AREQUIPA
2018-07-23,4.394430566306886,2.821780610747526,random_forest,AREQUIPA
2018-07-30,3.921184197627683,3.2176875594631076,random_forest,AREQUIPA
2018-08-06,3.1099047084633344,3.140483230977974,random_forest,AREQUIPA
2018-08-13,3.042298084366305,3.110787208963642,random_forest,AREQUIPA
2018-08-20,3.38033120485145,3.0129369770179135,random_forest,AREQUIPA
2018-08-27,2.839478212075218,3.2281795543580207,random_forest,AREQUIPA
2018-09-03,2.5014450915900728,3.006452853439697,random_forest,AREQUIPA
2018-09-10,2.298625219298986,2.92448685422242,random_forest,AREQUIPA
2018-09-17,2.5014450915900728,2.6629301557320737,random_forest,AREQUIPA
2018-09-24,2.366231843396015,2.3896899023899993,random_forest,AREQUIPA
2018-10-01,2.0281987229108696,2.2887799956690413,random_forest,AREQUIPA
2018-10-08,1.6225589783286953,2.0464832022626633,random_forest,AREQUIPA
2018-10-15,1.6225589783286953,1.9641307509884065,random_forest,AREQUIPA
2018-10-22,1.5549523542316666,1.8609324108792609,random_forest,AREQUIPA
2018-10-29,1.8929854747168118,1.8347477530087288,random_forest,AREQUIPA
2018-11-05,2.0958053470078988,1.9563339603648173,random_forest,AREQUIPA
2018-11-12,2.3662318433960148,2.0023451968380614,random_forest,AREQUIPA
2018-11-19,2.163411971104928,2.1398964948493457,random_forest,AREQUIPA
2018-11-26,2.366231843396015,2.0573305363866807,random_forest,AREQUIPA
2018-12-03,1.6901656024257248,2.1701871530374683,random_forest,AREQUIPA
2018-12-10,2.0958053470078988,1.871807105700578,random_forest,AREQUIPA
2018-12-17,1.8929854747168118,1.9070077761401651,random_forest,AREQUIPA
2018-12-24,2.1634119711049276,1.8859773599539436,random_forest,AREQUIPA
2018-12-31,1.8253788506197826,1.946604555086242,random_forest,AREQUIPA
2019-01-07,1.8828505540927178,1.8506654177268893,random_forest,AREQUIPA
2019-01-14,1.8760939403433217,1.8458056254830235,random_forest,AREQUIPA
2019-01-21,1.9360993739722805,1.876832670199318,random_forest,AREQUIPA
2019-01-28,1.6022891370805077,1.856497346888585,random_forest,AREQUIPA
2019-02-04,1.268478900188735,1.7329961359001387,random_forest,AREQUIPA
2019-02-11,0.8679066159186078,1.3772904204603003,random_forest,AREQUIPA
2019-02-18,0.8011445685402533,1.2812451955108997,random_forest,AREQUIPA
2019-02-25,1.0681927580536714,1.1903257608284994,random_forest,AREQUIPA
2019-03-04,1.402002994945444,1.158759239495732,random_forest,AREQUIPA
2019-03-11,1.6690511844588622,1.239990105443832,random_forest,AREQUIPA
2019-03-18,2.0696234687289894,1.5354770210111606,random_forest,AREQUIPA
2019-03-25,2.2699096108640533,1.7229605287087075,random_forest,AREQUIPA
2019-04-01,2.603719847755826,1.719656015481334,random_forest,AREQUIPA
2019-04-08,2.2699096108640533,2.06886913114498,random_forest,AREQUIPA
2019-04-15,2.0696234687289894,1.9867986237301993,random_forest,AREQUIPA
2019-04-22,1.6022891370805088,1.953999963790574,random_forest,AREQUIPA
2019-04-29,1.5355270897021533,1.8535946628780242,random_forest,AREQUIPA
2019-05-06,1.5355270897021531,1.754410301823011,random_forest,AREQUIPA
2019-05-13,1.6022891370805077,1.776368534933758,random_forest,AREQUIPA
2019-05-20,1.9360993739722805,1.869759271181803,random_forest,AREQUIPA
2019-05-27,2.06962346872899,1.9786042777001298,random_forest,AREQUIPA
2019-06-03,2.06962346872899,2.0551518225111383,random_forest,AREQUIPA
2019-06-10,2.2699096108640533,2.0486563016438994,random_forest,AREQUIPA
2019-06-17,2.6704818951341807,2.2257471660113404,random_forest,AREQUIPA
2019-06-24,3.004292132025953,2.3728005768447846,random_forest,AREQUIPA
2019-07-01,2.9375300846475985,2.820758398273974,random_forest,AREQUIPA
2019-07-08,2.470195752999117,3.1206042152642164,random_forest,AREQUIPA
2019-07-15,2.6704818951341807,3.028965320236672,random_forest,AREQUIPA
2019-07-22,3.4048644162960806,2.9743633596423225,random_forest,AREQUIPA
2019-07-29,3.671912605809499,3.2983129042508814,random_forest,AREQUIPA
2019-08-05,3.2713403215393715,3.33051636630912,random_forest,AREQUIPA
2019-08-12,2.2699096108640533,3.2470147147601,random_forest,AREQUIPA
2019-08-19,2.470195752999117,2.9113984680947715,random_forest,AREQUIPA
2019-08-26,2.4034337056207624,2.5358532655880377,random_forest,AREQUIPA
2019-09-02,2.3366716582424076,2.434623552201105,random_forest,AREQUIPA
2019-09-09,2.336671658242408,2.127124297517524,random_forest,AREQUIPA
2019-09-16,2.0028614213506355,2.1017008008679174,random_forest,AREQUIPA
2019-09-23,2.336671658242408,1.943579127654432,random_forest,AREQUIPA
2019-09-30,1.936099373972281,1.9852177931164823,random_forest,AREQUIPA
2019-10-07,2.470195752999117,1.8782081796703727,random_forest,AREQUIPA
2019-10-14,2.336671658242408,2.1559871879356898,random_forest,AREQUIPA
2019-10-21,2.1363855161073446,2.162030422210888,random_forest,AREQUIPA
2019-10-28,1.8025752792155716,2.1054688308492384,random_forest,AREQUIPA
2019-11-04,1.468765042323799,1.9250072557395925,random_forest,AREQUIPA
2019-11-11,1.9360993739722805,1.8340195097218817,random_forest,AREQUIPA
2019-11-18,2.203147563485699,1.9275413402232733,random_forest,AREQUIPA
2019-11-25,2.6704818951341807,2.0319885074883,random_forest,AREQUIPA
2019-12-02,2.5369578003774715,2.27047026033243,random_forest,AREQUIPA
2019-12-09,2.336671658242408,2.2445519256100614,random_forest,AREQUIPA
2019-12-16,2.203147563485699,2.1190052137587077,random_forest,AREQUIPA
2019-12-23,2.0028614213506355,2.022019548291695,random_forest,AREQUIPA
2019-12-30,1.5355270897021536,1.7446349673776984,random_forest,AREQUIPA
2020-01-06,1.7893955143062927,1.8338404021495474,random_forest,AREQUIPA
2020-01-13,1.5182286482587248,1.7993965249852066,random_forest,AREQUIPA
2020-01-20,1.6484578017881144,1.703357606809845,random_forest,AREQUIPA
2020-01-27,0.857198056929819,1.7853081556765793,random_forest,AREQUIPA
2020-02-03,1.318766241430491,1.4460914142904953,random_forest,AREQUIPA
2020-02-10,2.1100259862887865,1.3885243054227496,random_forest,AREQUIPA
2020-02-17,2.703470794932508,1.7174434890960413,random_forest,AREQUIPA
2020-02-24,2.9672240432186068,2.042968925862568,random_forest,AREQUIPA
2020-03-02,2.5056558587179345,2.221241559390803,random_forest,AREQUIPA
2020-03-09,2.373779234574885,2.250669280176654,random_forest,AREQUIPA
2020-03-16,2.175964298360311,2.1814492528863867,random_forest,AREQUIPA
2020-03-23,2.175964298360311,2.032756058346604,random_forest,AREQUIPA
2020-03-30,1.9781493621457376,2.1204387722148095,random_forest,AREQUIPA
2020-04-06,1.6484578017881144,2.032546091427447,random_forest,AREQUIPA
2020-04-13,1.5165811776450653,1.8871941705079585,random_forest,AREQUIPA
2020-04-20,1.5165811776450653,1.7916071974417203,random_forest,AREQUIPA
2020-04-27,1.3187662414304915,1.7820580933011079,random_forest,AREQUIPA
2020-05-04,1.1868896172874421,1.6724269964957283,random_forest,AREQUIPA
2020-05-11,2.0440876742172622,1.5473941298487013,random_forest,AREQUIPA
2020-05-18,3.4947305397908033,2.055283511900356,random_forest,AREQUIPA
2020-05-25,5.765494001865515,2.4652867085289607,random_forest,AREQUIPA
2020-06-01,6.981244470795834,3.364237612972369,random_forest,AREQUIPA
2020-06-08,7.801365067297005,3.6105552582509945,random_forest,AREQUIPA
2020-06-15,7.801365067297005,3.734312232705328,random_forest,AREQUIPA
2020-06-22,5.398724981079243,3.504564726457656,random_forest,AREQUIPA
2020-06-29,3.391714767290629,5.546101639565349,random_forest,AREQUIPA
2020-07-06,1.4506428655735404,5.268201123244107,random_forest,AREQUIPA
2020-07-13,2.30784092250336,3.5955482186949848,random_forest,AREQUIPA
2020-07-20,1.9122110500742127,3.896882776484012,random_forest,AREQUIPA
2020-07-27,1.9122110500742124,2.5002274499065593,random_forest,AREQUIPA
2020-08-03,1.7803344259311633,2.4039235939436696,random_forest,AREQUIPA
2020-08-10,2.1100259862887865,2.1550932754528755,random_forest,AREQUIPA
2020-08-17,2.2419026104318354,2.168847547695924,random_forest,AREQUIPA
2020-08-24,2.5056558587179336,2.1891093055873694,random_forest,AREQUIPA
2020-08-31,3.362853915647754,2.3043846500040224,random_forest,AREQUIPA
2020-09-07,3.8903604122199504,2.6054107128055795,random_forest,AREQUIPA
2020-09-14,3.692545476005377,3.003944924095703,random_forest,AREQUIPA
2020-09-21,3.2309772915047046,3.3941462367231887,random_forest,AREQUIPA
2020-09-28,2.5056558587179336,2.801163712135569,random_forest,AREQUIPA
2020-10-05,2.4397175466464094,2.6817178815934146,random_forest,AREQUIPA
2020-10-12,2.9012857311470817,2.6091533638973776,random_forest,AREQUIPA
2020-10-19,2.901285731147082,2.5971661190173907,random_forest,AREQUIPA
2020-10-26,3.0991006673616557,2.478048215291838,random_forest,AREQUIPA
2020-11-02,2.7694091070040323,2.5128513295020647,random_forest,AREQUIPA
2020-11-09,3.2969156035762297,2.5145246292508507,random_forest,AREQUIPA
2020-11-16,3.9562987242914764,2.744914051398029,random_forest,AREQUIPA
2020-11-23,3.8244221001484267,3.1328763624018494,random_forest,AREQUIPA
2020-11-30,4.220051972577574,3.2925788600947614,random_forest,AREQUIPA
2020-12-07,3.560668851862328,3.1888923224765247,random_forest,AREQUIPA
2020-12-14,4.154113660506049,3.562885597685984,random_forest,AREQUIPA
2020-12-21,4.0881753484345245,3.616404768438687,random_forest,AREQUIPA
2020-12-28,4.15411366050605,3.5911047968416634,random_forest,AREQUIPA
2021-01-04,4.656706822932931,3.6415205112823097,random_forest,AREQUIPA
2021-01-11,4.769295704511865,4.261819285485384,random_forest,AREQUIPA
2021-01-18,5.145637834376898,4.128561016031668,random_forest,AREQUIPA
2021-01-25,5.471311115033664,4.09330716371548,random_forest,AREQUIPA
2021-02-01,6.508534390313524,4.228112706650105,random_forest,AREQUIPA
2021-02-08,7.355284920021114,5.31754113376511,random_forest,AREQUIPA
2021-02-15,6.8993423271016425,5.245254436931639,random_forest,AREQUIPA
2021-02-22,6.057523020215842,5.230412726305553,random_forest,AREQUIPA
2021-03-01,5.0153685221141915,5.191065401681434,random_forest,AREQUIPA
2021-03-08,4.950233865982838,5.694960935879206,random_forest,AREQUIPA
2021-03-15,5.341041802770957,5.572081797811407,random_forest,AREQUIPA
2021-03-22,5.601580427296369,5.587566463867263,random_forest,AREQUIPA
2021-03-29,5.4713111150336635,5.783803601558193,random_forest,AREQUIPA
2021-04-05,5.145637834376898,5.677056656017708,random_forest,AREQUIPA
2021-04-12,5.210772490508251,5.523905032139217,random_forest,AREQUIPA
2021-04-19,5.601580427296369,5.452042231955358,random_forest,AREQUIPA
2021-04-26,6.378265078050816,5.562090445250205,random_forest,AREQUIPA
2021-05-03,7.225015607758408,5.815235592152967,random_forest,AREQUIPA
2021-05-10,7.741161633987442,5.820449741557874,random_forest,AREQUIPA
2021-05-17,6.769073014838935,5.740625284588218,random_forest,AREQUIPA
2021-05-24,6.573669046444877,5.638034796591255,random_forest,AREQUIPA
2021-05-31,6.3831963008726085,6.249471203001646,random_forest,AREQUIPA
2021-06-07,7.3552849200211154,6.2583811080381775,random_forest,AREQUIPA
2021-06-14,7.48555423228382,6.208223943718928,random_forest,AREQUIPA
2021-06-21,7.159880951627055,6.145272830650742,random_forest,AREQUIPA
2021-06-28,5.731849739559077,6.367567056423855,random_forest,AREQUIPA
2021-07-05,4.3640219608006605,5.386615615984523,random_forest,AREQUIPA
2021-07-12,3.5824060872244226,4.760327868819797,random_forest,AREQUIPA
2021-07-19,3.1264634943049505,4.562317766044196,random_forest,AREQUIPA
2021-07-26,2.605386245254125,3.0865344149994227,random_forest,AREQUIPA
2021-08-02,2.019174340071947,2.937808584875371,random_forest,AREQUIPA
2021-08-09,2.019174340071947,2.6482377792421476,random_forest,AREQUIPA
2021-08-16,2.2797129645973593,2.405755555940111,random_forest,AREQUIPA
2021-08-23,2.3448476207287126,2.2920799519150403,random_forest,AREQUIPA
2021-08-30,2.3448476207287126,2.350924738946695,random_forest,AREQUIPA
2021-09-06,1.9540396839405936,2.2740926164746074,random_forest,AREQUIPA
2021-09-13,1.7586357155465342,2.133891246646102,random_forest,AREQUIPA
2021-09-20,1.8889050278092405,1.9910347694685884,random_forest,AREQUIPA
2021-09-27,1.8889050278092405,2.0789024945377577,random_forest,AREQUIPA
2021-10-04,1.8889050278092405,2.0656048364459103,random_forest,AREQUIPA
2021-10-11,1.9540396839405936,2.0082764182816066,random_forest,AREQUIPA
2021-10-18,2.3448476207287126,1.966485354567161,random_forest,AREQUIPA
2021-10-25,2.4099822768600654,2.1020943955561013,random_forest,AREQUIPA
2021-11-01,2.2797129645973593,2.2347417649214685,random_forest,AREQUIPA
2021-11-08,2.931059525910891,2.174746665843736,random_forest,AREQUIPA
2021-11-15,3.647540743355776,2.4646466330942607,random_forest,AREQUIPA
2021-11-22,3.5172714310930697,3.406408360463959,random_forest,AREQUIPA
2021-11-29,2.6705209013854785,3.3860525957932177,random_forest,AREQUIPA
2021-12-06,2.0843089962033,2.9993008484401966,random_forest,AREQUIPA
2021-12-13,2.0843089962033,2.6271705204235145,random_forest,AREQUIPA
2021-12-20,2.0843089962033,2.4833219551948176,random_forest,AREQUIPA
2021-12-27,2.540251589122772,2.3063614481671846,random_forest,AREQUIPA
2022-01-03,2.98286034552604,2.358280721088664,random_forest,AREQUIPA
2022-01-10,3.4254691019293078,2.6691245677006843,random_forest,AREQUIPA
2022-01-17,2.7670634506954332,3.2456947748606755,random_forest,AREQUIPA
2022-01-24,2.059210009819857,2.7363639995005693,random_forest,AREQUIPA
2022-01-31,1.8661590713992453,2.3530292267000874,random_forest,AREQUIPA
2022-02-07,3.2818659531503975,2.011441991810589,random_forest,AREQUIPA
2022-02-14,4.375821270867196,2.4289682935343855,random_forest,AREQUIPA
2022-02-21,4.826273460515291,3.839970869753384,random_forest,AREQUIPA
2022-02-28,3.9253690812191038,4.752000242223621,random_forest,AREQUIPA
2022-03-07,3.6036175171847504,4.3368714571456755,random_forest,AREQUIPA
2022-03-14,2.8957640763091743,4.115865979351299,random_forest,AREQUIPA
2022-03-21,2.960114389116045,3.251108345565264,random_forest,AREQUIPA
2022-03-28,2.8957640763091743,3.1727978961113292,random_forest,AREQUIPA
2022-04-04,3.2175156403435277,2.8876734506390167,random_forest,AREQUIPA
2022-04-11,2.574012512274822,2.967507843794399,random_forest,AREQUIPA
2022-04-18,2.638362825081692,2.7017052290429024,random_forest,AREQUIPA
2022-04-25,2.445311886661081,2.7006503613678166,random_forest,AREQUIPA
2022-05-02,2.7027131378885634,2.526318029043202,random_forest,AREQUIPA
2022-05-09,2.960114389116045,2.7011632780015526,random_forest,AREQUIPA
2022-05-16,3.732318142798492,2.944200317632487,random_forest,AREQUIPA
2022-05-23,3.861018768412233,3.543765555737222,random_forest,AREQUIPA
2022-05-30,3.3462162659572683,3.7645321557613585,random_forest,AREQUIPA
2022-06-06,2.574012512274822,3.188954486943021,random_forest,AREQUIPA
2022-06-13,2.7027131378885634,2.8160078947232163,random_forest,AREQUIPA
2022-06-20,3.024464701922915,2.8635100561496505,random_forest,AREQUIPA
2022-06-27,2.7670634506954332,3.005356299363923,random_forest,AREQUIPA
2022-07-04,3.024464701922915,2.8511804936315475,random_forest,AREQUIPA
2022-07-11,2.831413763502304,2.989005670291721,random_forest,AREQUIPA
2022-07-18,3.667967829991621,2.8378372613071354,random_forest,AREQUIPA
2022-07-25,3.281865953150398,3.2722333724262445,random_forest,AREQUIPA
2022-08-01,3.3462162659572683,2.995965117803864,random_forest,AREQUIPA
2022-08-08,2.7670634506954332,3.0102607877797087,random_forest,AREQUIPA
2022-08-15,2.7027131378885625,2.8474553051674705,random_forest,AREQUIPA
2022-08-22,2.187910635433598,2.7475804132655948,random_forest,AREQUIPA
2022-08-29,2.252260948240469,2.4327414210126457,random_forest,AREQUIPA
2022-09-05,2.3166112610473397,2.3111455835069603,random_forest,AREQUIPA
2022-09-12,2.7670634506954332,2.21052364956833,random_forest,AREQUIPA
2022-09-19,2.831413763502304,2.433021492133793,random_forest,AREQUIPA
2022-09-26,2.638362825081692,2.619658306792754,random_forest,AREQUIPA
2022-10-03,2.445311886661081,2.3774179158245867,random_forest,AREQUIPA
2022-10-10,2.3166112610473397,2.450816926564291,random_forest,AREQUIPA
2022-10-17,2.831413763502304,2.4327269771336133,random_forest,AREQUIPA
2022-10-24,2.895764076309174,2.680498999986522,random_forest,AREQUIPA
2022-10-31,3.1531653275366565,2.7129035076513253,random_forest,AREQUIPA
2022-11-07,2.5096621994679507,2.883739672089792,random_forest,AREQUIPA
2022-11-14,2.638362825081692,2.6023275050128962,random_forest,AREQUIPA
2022-11-21,2.252260948240469,2.5971010284489364,random_forest,AREQUIPA
2022-11-28,2.187910635433598,2.5130492711963077,random_forest,AREQUIPA
2022-12-05,1.9948596970129866,2.2844640082521717,random_forest,AREQUIPA
2011-12-26,3.057492620859156,2.8059494782102066,xgboost,AREQUIPA
2012-01-02,2.7235631190393916,3.017564616933469,xgboost,AREQUIPA
2012-01-09,2.9273195176414215,2.8991354439667054,xgboost,AREQUIPA
2012-01-16,3.1384724671761717,2.8964051581609356,xgboost,AREQUIPA
2012-01-23,3.750857338820303,2.991439471252124,xgboost,AREQUIPA
2012-01-30,3.9039535567313357,3.2638801406882756,xgboost,AREQUIPA
2012-02-06,3.750857338820302,3.287286541775263,xgboost,AREQUIPA
2012-02-13,3.291568685087204,3.4467444368412536,xgboost,AREQUIPA
2012-02-20,3.750857338820302,3.5034991302211402,xgboost,AREQUIPA
2012-02-27,4.363242210464433,3.644889924931787,xgboost,AREQUIPA
2012-03-05,4.516338428375465,3.8416184248817524,xgboost,AREQUIPA
2012-03-12,4.133597883597884,3.6518952550175783,xgboost,AREQUIPA
2012-03-19,4.133597883597884,4.077084922473665,xgboost,AREQUIPA
2012-03-26,4.669434646286499,4.091160391152789,xgboost,AREQUIPA
2012-04-02,4.592886537330982,4.091160391152789,xgboost,AREQUIPA
2012-04-09,4.286694101508917,4.078485025633877,xgboost,AREQUIPA
2012-04-16,3.444664902998236,4.104105294104504,xgboost,AREQUIPA
2012-04-23,3.521213011953753,3.7228233487378812,xgboost,AREQUIPA
2012-04-30,3.521213011953753,3.834975189928759,xgboost,AREQUIPA
2012-05-07,3.291568685087204,3.8413471645113892,xgboost,AREQUIPA
2012-05-14,4.361061528409212,3.378198609555465,xgboost,AREQUIPA
2012-05-21,4.1314172015426625,3.8573173387886373,xgboost,AREQUIPA
2012-05-28,4.514157746320244,3.848948202781341,xgboost,AREQUIPA
2012-06-04,3.5212130119537526,3.799152618099641,xgboost,AREQUIPA
2012-06-11,3.903953556731335,3.6229974392555038,xgboost,AREQUIPA
2012-06-18,3.9805016656868513,3.940023204696529,xgboost,AREQUIPA
2012-06-25,3.521213011953753,3.9614500210283126,xgboost,AREQUIPA
2012-07-02,3.36811679404272,3.5933202493146563,xgboost,AREQUIPA
2012-07-09,4.286694101508917,3.5817259507763133,xgboost,AREQUIPA
2012-07-16,4.363242210464433,4.051205257647743,xgboost,AREQUIPA
2012-07-23,5.05217519106408,3.7796042852713017,xgboost,AREQUIPA
2012-07-30,3.9805016656868504,3.728950555932882,xgboost,AREQUIPA
2012-08-06,3.9805016656868504,3.82852698715089,xgboost,AREQUIPA
2012-08-13,3.1384724671761712,3.9321024236463487,xgboost,AREQUIPA
2012-08-20,3.2150205761316877,3.4978254240141764,xgboost,AREQUIPA
2012-08-27,2.9853762492651383,3.451158592374382,xgboost,AREQUIPA
2012-09-03,2.602635704487556,3.089439530509604,xgboost,AREQUIPA
2012-09-10,2.4495394865765237,2.601037884013861,xgboost,AREQUIPA
2012-09-17,1.837154614932393,2.512138073897164,xgboost,AREQUIPA
2012-09-24,1.9137027238879092,2.0407310959456204,xgboost,AREQUIPA
2012-10-01,2.066798941798942,1.8311801552255944,xgboost,AREQUIPA
2012-10-08,2.602635704487556,2.107275404114689,xgboost,AREQUIPA
2012-10-15,2.755731922398589,2.2804751714565135,xgboost,AREQUIPA
2012-10-22,2.52608759553204,2.5840742969268486,xgboost,AREQUIPA
2012-10-29,2.1433470507544583,2.4574203322162598,xgboost,AREQUIPA
2012-11-05,1.9902508328434256,2.107792177532663,xgboost,AREQUIPA
2012-11-12,1.7606065059768765,1.8584008696269496,xgboost,AREQUIPA
2012-11-19,2.2198951597099748,1.81057232734209,xgboost,AREQUIPA
2012-11-26,2.449539486576523,2.1714752507072186,xgboost,AREQUIPA
2012-12-03,3.1384724671761703,2.1467818802027594,xgboost,AREQUIPA
2012-12-10,2.9853762492651383,2.6630642644211218,xgboost,AREQUIPA
2012-12-17,2.908828140309622,2.631097868357555,xgboost,AREQUIPA
2012-12-24,2.52608759553204,2.7667871367201355,xgboost,AREQUIPA
2012-12-31,2.755731922398589,2.3965110955666695,xgboost,AREQUIPA
2013-01-07,2.586760447561817,2.642375781922151,xgboost,AREQUIPA
2013-01-14,2.6421415472830145,2.418933811901233,xgboost,AREQUIPA
2013-01-21,2.6922308946956317,2.4336660561449457,xgboost,AREQUIPA
2013-01-28,2.916583469253601,2.6603317218618194,xgboost,AREQUIPA
2013-02-04,3.14093604381157,2.7344417500240055,xgboost,AREQUIPA
2013-02-11,3.066151852292247,2.9788791585154257,xgboost,AREQUIPA
2013-02-18,2.6174467031763085,2.868713728691088,xgboost,AREQUIPA
2013-02-25,2.1687415540603703,2.5339517488350083,xgboost,AREQUIPA
2013-03-04,1.420899638867139,2.2400861944334953,xgboost,AREQUIPA
2013-03-11,1.944388979502401,1.7629172285371442,xgboost,AREQUIPA
2013-03-18,1.6452522134251086,1.8964189583207944,xgboost,AREQUIPA
2013-03-25,2.0191731710217242,1.6468856558934108,xgboost,AREQUIPA
2013-04-01,1.5704680219057856,1.8925140586630231,xgboost,AREQUIPA
2013-04-08,1.7200364049444314,1.6594724540421897,xgboost,AREQUIPA
2013-04-15,1.1965470643091696,1.8496421016097502,xgboost,AREQUIPA
2013-04-22,1.1965470643091696,1.566707866901011,xgboost,AREQUIPA
2013-04-29,1.0469786812705235,1.5140085639706355,xgboost,AREQUIPA
2013-05-06,1.346115447347816,1.316808770096137,xgboost,AREQUIPA
2013-05-13,1.6452522134251086,1.449243040199323,xgboost,AREQUIPA
2013-05-20,2.467878320137663,1.9468892066991144,xgboost,AREQUIPA
2013-05-27,3.440072809888863,2.4344688360854514,xgboost,AREQUIPA
2013-06-03,3.5148570014081866,2.98719268927918,xgboost,AREQUIPA
2013-06-10,3.440072809888863,3.0666177994145114,xgboost,AREQUIPA
2013-06-17,2.841799277734278,3.0026559258867858,xgboost,AREQUIPA
2013-06-24,3.0661518522922475,2.619998142259397,xgboost,AREQUIPA
2013-07-01,2.7670150862149554,2.7421923549977496,xgboost,AREQUIPA
2013-07-08,3.066151852292247,2.6941343260842174,xgboost,AREQUIPA
2013-07-15,3.066151852292247,2.864800235060933,xgboost,AREQUIPA
2013-07-22,3.6644253844468317,2.9397827369381213,xgboost,AREQUIPA
2013-07-29,3.1409360438115708,3.3003057006956205,xgboost,AREQUIPA
2013-08-05,2.7670150862149554,3.1321613212432293,xgboost,AREQUIPA
2013-08-12,2.7670150862149554,2.8690582504320363,xgboost,AREQUIPA
2013-08-19,2.841799277734278,2.8056205566375314,xgboost,AREQUIPA
2013-08-26,2.617446703176309,2.7135161407135815,xgboost,AREQUIPA
2013-09-02,1.9443889795024007,2.5685069886650367,xgboost,AREQUIPA
2013-09-09,2.093957362541047,1.8749942039388534,xgboost,AREQUIPA
2013-09-16,2.5426625116569856,2.141885427511206,xgboost,AREQUIPA
2013-09-23,2.617446703176309,2.5401077906482,xgboost,AREQUIPA
2013-09-30,2.916583469253601,2.3950189779562017,xgboost,AREQUIPA
2013-10-07,2.916583469253601,2.736361414867983,xgboost,AREQUIPA
2013-10-14,2.841799277734278,2.8021493326596576,xgboost,AREQUIPA
2013-10-21,2.4678783201376624,2.6605752107736214,xgboost,AREQUIPA
2013-10-28,2.1687415540603703,2.3951205636438875,xgboost,AREQUIPA
2013-11-04,2.3183099370990163,2.087950024317029,xgboost,AREQUIPA
2013-11-11,2.16874155406037,2.4038224617338684,xgboost,AREQUIPA
2013-11-18,2.3930941286183396,2.093168740372029,xgboost,AREQUIPA
2013-11-25,1.9443889795024007,2.486717860563888,xgboost,AREQUIPA
2013-12-02,1.8696047879830775,1.9433078084297706,xgboost,AREQUIPA
2013-12-09,1.3461154473478156,1.9320185300371269,xgboost,AREQUIPA
2013-12-16,1.2713312558284926,1.5833922358404768,xgboost,AREQUIPA
2013-12-23,1.0469786812705233,1.5193537216804658,xgboost,AREQUIPA
2013-12-30,1.420899638867139,1.4566867813839064,xgboost,AREQUIPA
2014-01-06,1.5586768319934066,1.8438865452076958,xgboost,AREQUIPA
2014-01-13,2.0636371599092165,1.844385283963832,xgboost,AREQUIPA
2014-01-20,1.973692867073978,2.2667241817582147,xgboost,AREQUIPA
2014-01-27,2.4122912819793068,1.8639188089004017,xgboost,AREQUIPA
2014-02-03,2.4122912819793068,2.3517266684914877,xgboost,AREQUIPA
2014-02-10,2.1198923387090876,2.264302863086646,xgboost,AREQUIPA
2014-02-17,1.461994716351095,2.068635457636132,xgboost,AREQUIPA
2014-02-24,1.0233963014457663,1.6380549152259762,xgboost,AREQUIPA
2014-03-03,1.3888949805335402,1.2933694154487014,xgboost,AREQUIPA
2014-03-10,1.6812939238037592,1.3451247811951164,xgboost,AREQUIPA
2014-03-17,1.973692867073978,1.805402966586993,xgboost,AREQUIPA
2014-03-24,1.8274933954388686,1.8030605933422628,xgboost,AREQUIPA
2014-03-31,1.315795244715985,1.7960378687642646,xgboost,AREQUIPA
2014-04-07,1.0233963014457663,1.4773383058317324,xgboost,AREQUIPA
2014-04-14,0.6578976223579925,1.363852992105281,xgboost,AREQUIPA
2014-04-21,0.8771968298106568,1.3402400799970136,xgboost,AREQUIPA
2014-04-28,0.9502965656282115,1.3101464255872952,xgboost,AREQUIPA
2014-05-05,1.1695957730808757,1.328519240217,xgboost,AREQUIPA
2014-05-12,1.1695957730808757,1.4287766464938358,xgboost,AREQUIPA
2014-05-19,1.1695957730808757,1.4398003578876253,xgboost,AREQUIPA
2014-05-26,1.0964960372633212,1.4632306497309058,xgboost,AREQUIPA
2014-06-02,1.0964960372633212,1.451475749218225,xgboost,AREQUIPA
2014-06-09,1.5350944521686494,1.2416412526256106,xgboost,AREQUIPA
2014-06-16,1.8274933954388686,1.603791689325424,xgboost,AREQUIPA
2014-06-23,1.8274933954388686,1.8782142030913436,xgboost,AREQUIPA
2014-06-30,1.38889498053354,1.8533244901838137,xgboost,AREQUIPA
2014-07-07,1.2426955088984304,1.5988223389606904,xgboost,AREQUIPA
2014-07-14,1.4619947163510947,1.2160599665554952,xgboost,AREQUIPA
2014-07-21,1.8274933954388686,1.5479848554202742,xgboost,AREQUIPA
2014-07-28,1.973692867073978,1.7331190161128136,xgboost,AREQUIPA
2014-08-04,1.7543936596213137,1.8875502347564503,xgboost,AREQUIPA
2014-08-11,2.8508896968846353,1.8101227311306336,xgboost,AREQUIPA
2014-08-18,2.4853910177968612,2.6504048194014005,xgboost,AREQUIPA
2014-08-25,3.5087873192426273,2.4176860643709683,xgboost,AREQUIPA
2014-09-01,2.192992074526642,2.930411996542177,xgboost,AREQUIPA
2014-09-08,2.6315904894319706,2.143162125729005,xgboost,AREQUIPA
2014-09-15,2.1198923387090876,2.5701042945774155,xgboost,AREQUIPA
2014-09-22,2.4853910177968612,2.110723667368287,xgboost,AREQUIPA
2014-09-29,2.5584907536144157,2.5007233641487256,xgboost,AREQUIPA
2014-10-06,2.266091810344197,2.4904432344966096,xgboost,AREQUIPA
2014-10-13,1.5350944521686491,2.2544504595567836,xgboost,AREQUIPA
2014-10-20,1.4619947163510945,1.754464177643443,xgboost,AREQUIPA
2014-10-27,1.827493395438868,1.5833474274157067,xgboost,AREQUIPA
2014-11-03,2.63159048943197,1.7547836882325352,xgboost,AREQUIPA
2014-11-10,2.485391017796861,2.3701374900136356,xgboost,AREQUIPA
2014-11-17,2.5584907536144157,2.4030990555966576,xgboost,AREQUIPA
2014-11-24,1.827493395438868,2.4491076626734416,xgboost,AREQUIPA
2014-12-01,2.6315904894319706,1.8962691106570713,xgboost,AREQUIPA
2014-12-08,1.9736928670739777,2.406411429394842,xgboost,AREQUIPA
2014-12-15,2.119892338709087,1.7608120685740274,xgboost,AREQUIPA
2014-12-22,1.169595773080875,2.228549843367498,xgboost,AREQUIPA
2014-12-29,1.6081941879862036,1.5730572008264936,xgboost,AREQUIPA
2015-01-05,2.027469661329933,1.8445751735053983,xgboost,AREQUIPA
2015-01-12,2.232276662611398,1.8709196825135415,xgboost,AREQUIPA
2015-01-19,2.8595796274968586,2.140020013607746,xgboost,AREQUIPA
2015-01-26,2.4306426833723296,2.6909856654185624,xgboost,AREQUIPA
2015-02-02,2.3591531926849085,2.3075098742583755,xgboost,AREQUIPA
2015-02-09,1.2153213416861646,2.0674069483193174,xgboost,AREQUIPA
2015-02-16,1.3583003230610078,1.3316849823374195,xgboost,AREQUIPA
2015-02-23,1.2153213416861646,1.4551525284383655,xgboost,AREQUIPA
2015-03-02,1.3583003230610078,1.3609635608795978,xgboost,AREQUIPA
2015-03-09,1.572768795123272,1.3682266600745092,xgboost,AREQUIPA
2015-03-16,1.5012793044358503,1.802105084771346,xgboost,AREQUIPA
2015-03-23,1.715747776498115,1.6726971624139,xgboost,AREQUIPA
2015-03-30,1.9302162485603798,1.7782928002905543,xgboost,AREQUIPA
2015-04-06,2.0017057392478006,1.6803523629659827,xgboost,AREQUIPA
2015-04-13,2.0017057392478006,1.9713664202103183,xgboost,AREQUIPA
2015-04-20,1.6442582858106938,1.9147906315339571,xgboost,AREQUIPA
2015-04-27,1.5012793044358503,1.7337211851884904,xgboost,AREQUIPA
2015-05-04,1.286810832373586,1.5635956903605628,xgboost,AREQUIPA
2015-05-11,0.9293633789364786,1.2355797263757715,xgboost,AREQUIPA
2015-05-18,0.9293633789364786,1.2734472409937525,xgboost,AREQUIPA
2015-05-25,1.0723423603113216,1.3231355420870132,xgboost,AREQUIPA
2015-06-01,1.143831850998743,1.297235410871155,xgboost,AREQUIPA
2015-06-08,1.5012793044358503,1.3180157372004913,xgboost,AREQUIPA
2015-06-15,2.0731952299352225,1.6196908795626181,xgboost,AREQUIPA
2015-06-22,2.43064268337233,2.2206979881420015,xgboost,AREQUIPA
2015-06-29,2.43064268337233,2.5181198116955468,xgboost,AREQUIPA
2015-07-06,1.9302162485603798,2.407167626617922,xgboost,AREQUIPA
2015-07-13,1.5012793044358503,1.9570778690523656,xgboost,AREQUIPA
2015-07-20,1.286810832373586,1.6608362075337104,xgboost,AREQUIPA
2015-07-27,0.8578738882490571,1.2659905655840085,xgboost,AREQUIPA
2015-08-03,1.143831850998743,1.2418720128245195,xgboost,AREQUIPA
2015-08-10,1.143831850998743,1.5595639688272196,xgboost,AREQUIPA
2015-08-17,1.858726757872958,1.5380341093314547,xgboost,AREQUIPA
2015-08-24,2.001705739247801,2.1499484072926682,xgboost,AREQUIPA
2015-08-31,2.0731952299352225,2.1660028872968304,xgboost,AREQUIPA
2015-09-07,1.6442582858106938,2.106875010116752,xgboost,AREQUIPA
2015-09-14,1.143831850998743,1.653005389563576,xgboost,AREQUIPA
2015-09-21,1.429789813748429,1.2402370272519079,xgboost,AREQUIPA
2015-09-28,1.3583003230610078,1.5280714429973985,xgboost,AREQUIPA
2015-10-05,1.858726757872958,1.3631424163857808,xgboost,AREQUIPA
2015-10-12,1.5012793044358503,2.026564997666762,xgboost,AREQUIPA
2015-10-19,1.715747776498115,1.7014308217325302,xgboost,AREQUIPA
2015-10-26,1.715747776498115,1.815698514684089,xgboost,AREQUIPA
2015-11-02,1.7872372671855363,1.7707292713862293,xgboost,AREQUIPA
2015-11-09,1.7872372671855363,1.9017034504083297,xgboost,AREQUIPA
2015-11-16,1.3583003230610078,1.9309128451218776,xgboost,AREQUIPA
2015-11-23,1.3583003230610078,1.4747614881225624,xgboost,AREQUIPA
2015-11-30,1.0008528696239,1.5702876726106192,xgboost,AREQUIPA
2015-12-07,1.286810832373586,1.3313631285981646,xgboost,AREQUIPA
2015-12-14,1.0008528696239,1.3584667426073933,xgboost,AREQUIPA
2015-12-21,1.0723423603113216,1.16115838380055,xgboost,AREQUIPA
2015-12-28,0.5004264348119496,1.2866060109188853,xgboost,AREQUIPA
2016-01-04,0.6357012511759802,1.4141968635863669,xgboost,AREQUIPA
2016-01-11,0.7694352345378483,1.4126731839173146,xgboost,AREQUIPA
2016-01-18,2.0984597305577695,1.1378209929023204,xgboost,AREQUIPA
2016-01-25,2.238357045928288,1.830400968098766,xgboost,AREQUIPA
2016-02-01,2.1684083882430287,1.9787702104574318,xgboost,AREQUIPA
2016-02-08,1.0492298652788845,1.8859273362071596,xgboost,AREQUIPA
2016-02-15,1.1191785229641436,1.1726518341896202,xgboost,AREQUIPA
2016-02-22,1.4689218113904385,1.1409546061541436,xgboost,AREQUIPA
2016-02-29,1.4689218113904385,1.3687297981623083,xgboost,AREQUIPA
2016-03-07,1.1191785229641436,1.4398505294880892,xgboost,AREQUIPA
2016-03-14,1.1191785229641436,1.348214842263042,xgboost,AREQUIPA
2016-03-21,1.1891271806494026,1.3397499663523318,xgboost,AREQUIPA
2016-03-28,1.3989731537051797,1.3300726857686294,xgboost,AREQUIPA
2016-04-04,1.1891271806494024,1.3744179938573287,xgboost,AREQUIPA
2016-04-11,1.3989731537051797,1.2246436086351906,xgboost,AREQUIPA
2016-04-18,1.3989731537051797,1.2756356639891875,xgboost,AREQUIPA
2016-04-25,0.9792812075936256,1.2935673590302028,xgboost,AREQUIPA
2016-05-02,0.9792812075936256,1.1649415119692232,xgboost,AREQUIPA
2016-05-09,1.0492298652788845,1.113238187340928,xgboost,AREQUIPA
2016-05-16,1.3290244960199207,1.1552366383873403,xgboost,AREQUIPA
2016-05-23,1.6088191267609566,1.2221030032683373,xgboost,AREQUIPA
2016-05-30,1.7487164421314747,1.5362821514516338,xgboost,AREQUIPA
2016-06-06,1.8186650998167337,1.762616534290823,xgboost,AREQUIPA
2016-06-13,1.8886137575019928,1.7730981803030734,xgboost,AREQUIPA
2016-06-20,1.6088191267609566,1.7957715638103768,xgboost,AREQUIPA
2016-06-27,2.09845973055777,1.6877545679015515,xgboost,AREQUIPA
2016-07-04,2.1684083882430287,1.7688059611401856,xgboost,AREQUIPA
2016-07-11,2.658048992039842,1.7834248153979266,xgboost,AREQUIPA
2016-07-18,2.308305703613547,2.593913787971049,xgboost,AREQUIPA
2016-07-25,2.3782543612988056,2.1998675608986726,xgboost,AREQUIPA
2016-08-01,2.448203018984065,2.0802979990791384,xgboost,AREQUIPA
2016-08-08,2.658048992039842,2.178376464268701,xgboost,AREQUIPA
2016-08-15,2.658048992039842,2.394596478864113,xgboost,AREQUIPA
2016-08-22,2.3782543612988056,2.5162213146000507,xgboost,AREQUIPA
2016-08-29,2.028511072872511,2.3019393677956748,xgboost,AREQUIPA
2016-09-05,1.5388704690756976,2.066772587919032,xgboost,AREQUIPA
2016-09-12,1.5388704690756976,1.8494715753993822,xgboost,AREQUIPA
2016-09-19,1.6787677844462154,1.858090465111634,xgboost,AREQUIPA
2016-09-26,1.8186650998167337,1.9272482685396617,xgboost,AREQUIPA
2016-10-03,1.6088191267609566,1.9737200444490055,xgboost,AREQUIPA
2016-10-10,1.8186650998167337,1.8544788280903455,xgboost,AREQUIPA
2016-10-17,1.6088191267609566,1.818945185324789,xgboost,AREQUIPA
2016-10-24,1.6787677844462154,1.7171386780713696,xgboost,AREQUIPA
2016-10-31,1.3989731537051793,1.7580229170330952,xgboost,AREQUIPA
2016-11-07,1.7487164421314745,1.4005774084527287,xgboost,AREQUIPA
2016-11-14,1.9585624151872516,1.6304512171711667,xgboost,AREQUIPA
2016-11-21,1.8186650998167337,1.7710543023705307,xgboost,AREQUIPA
2016-11-28,1.6088191267609566,1.7719975704874966,xgboost,AREQUIPA
2016-12-05,1.6088191267609566,1.6572134384162562,xgboost,AREQUIPA
2016-12-12,1.9585624151872516,1.616114150734798,xgboost,AREQUIPA
2016-12-19,1.6787677844462159,1.6584554455314944,xgboost,AREQUIPA
2016-12-26,2.1684083882430287,1.601408317515817,xgboost,AREQUIPA
2017-01-02,1.742813184702326,1.8845962496978506,xgboost,AREQUIPA
2017-01-09,1.8053827706011496,1.8379396210549563,xgboost,AREQUIPA
2017-01-16,1.0270926499195776,1.820449049208238,xgboost,AREQUIPA
2017-01-23,1.437929709887409,1.262262774460758,xgboost,AREQUIPA
2017-01-30,2.0541852998391565,1.4524046596973617,xgboost,AREQUIPA
2017-02-06,1.9172396131832123,1.7233828556747666,xgboost,AREQUIPA
2017-02-13,1.7802939265272688,1.6996563442871686,xgboost,AREQUIPA
2017-02-20,1.1640383365755216,1.6805699668941094,xgboost,AREQUIPA
2017-02-27,1.5748753965433526,1.227775813141395,xgboost,AREQUIPA
2017-03-06,1.2325111799034933,1.5987613083356766,xgboost,AREQUIPA
2017-03-13,1.5748753965433526,1.2897206383860866,xgboost,AREQUIPA
2017-03-20,1.7802939265272686,1.5704980263057933,xgboost,AREQUIPA
2017-03-27,1.7802939265272684,1.6259526128755124,xgboost,AREQUIPA
2017-04-03,1.7802939265272686,1.60593927431829,xgboost,AREQUIPA
2017-04-10,1.4379297098874089,1.6356759989116654,xgboost,AREQUIPA
2017-04-17,1.9172396131832123,1.504906168163327,xgboost,AREQUIPA
2017-04-24,1.5748753965433526,1.661413884865885,xgboost,AREQUIPA
2017-05-01,1.7118210831992966,1.5602751586342656,xgboost,AREQUIPA
2017-05-08,1.369456866559437,1.6305360403654943,xgboost,AREQUIPA
2017-05-15,1.7118210831992968,1.3818379009830961,xgboost,AREQUIPA
2017-05-22,1.9172396131832123,1.6892644212521994,xgboost,AREQUIPA
2017-05-29,2.53349520313496,1.8112867368996977,xgboost,AREQUIPA
2017-06-05,2.601968046462932,2.5263726371785302,xgboost,AREQUIPA
2017-06-12,2.396549516479016,2.64836882846071,xgboost,AREQUIPA
2017-06-19,1.9857124565111846,2.4442999669510868,xgboost,AREQUIPA
2017-06-26,1.6433482398713248,2.054577857560867,xgboost,AREQUIPA
2017-07-03,1.9172396131832123,1.8231734401316575,xgboost,AREQUIPA
2017-07-10,2.53349520313496,1.9493433319508715,xgboost,AREQUIPA
2017-07-17,2.8758594197748195,2.52571228772695,xgboost,AREQUIPA
2017-07-24,2.7389137331188755,2.7394426878540963,xgboost,AREQUIPA
2017-07-31,2.8073865764468473,2.8046697929059534,xgboost,AREQUIPA
2017-08-07,3.0812779497587353,2.7813158038861823,xgboost,AREQUIPA
2017-08-14,3.4921150097265663,2.882927258781384,xgboost,AREQUIPA
2017-08-21,3.0812779497587344,2.7514287212556,xgboost,AREQUIPA
2017-08-28,2.6704408897909033,2.684485559006997,xgboost,AREQUIPA
2017-09-04,2.6019680464629316,2.318727361724228,xgboost,AREQUIPA
2017-09-11,3.0128051064307626,2.2912172356977782,xgboost,AREQUIPA
2017-09-18,3.0128051064307626,2.5027525384414,xgboost,AREQUIPA
2017-09-25,2.6704408897909033,2.7038935768783765,xgboost,AREQUIPA
2017-10-02,1.7118210831992968,2.535440865571051,xgboost,AREQUIPA
2017-10-09,1.8487667698552404,1.9768323661024403,xgboost,AREQUIPA
2017-10-16,1.8487667698552404,1.9160153734732313,xgboost,AREQUIPA
2017-10-23,2.396549516479016,1.8967690934491341,xgboost,AREQUIPA
2017-10-30,2.0541852998391565,2.0771527008420145,xgboost,AREQUIPA
2017-11-06,2.122658143167128,1.9893748414581216,xgboost,AREQUIPA
2017-11-13,1.7118210831992968,1.967354110481867,xgboost,AREQUIPA
2017-11-20,2.054185299839156,1.8433150188111433,xgboost,AREQUIPA
2017-11-27,1.8487667698552404,1.8416516021664542,xgboost,AREQUIPA
2017-12-04,2.122658143167128,1.6843717765454236,xgboost,AREQUIPA
2017-12-11,2.259603829823072,1.8373912755276214,xgboost,AREQUIPA
2017-12-18,2.601968046462931,1.8687072674354406,xgboost,AREQUIPA
2017-12-25,2.8758594197748195,2.1756814120540495,xgboost,AREQUIPA
2018-01-01,2.6617786974814748,2.575055203349777,xgboost,AREQUIPA
2018-01-08,1.972719168047041,2.4977695769665456,xgboost,AREQUIPA
2018-01-15,1.4873457301346376,1.9408194408516861,xgboost,AREQUIPA
2018-01-22,1.2169192337465213,1.6574796923389967,xgboost,AREQUIPA
2018-01-29,1.7577722265227536,1.360542691732888,xgboost,AREQUIPA
2018-02-05,1.8253788506197826,1.6674393760858583,xgboost,AREQUIPA
2018-02-12,2.02819872291087,1.6246463175114152,xgboost,AREQUIPA
2018-02-19,2.3662318433960148,1.6210720403412533,xgboost,AREQUIPA
2018-02-26,2.839478212075218,1.8153101858304717,xgboost,AREQUIPA
2018-03-05,2.5014450915900728,2.1561661082814907,xgboost,AREQUIPA
2018-03-12,1.9605920988138408,2.2719942176838597,xgboost,AREQUIPA
2018-03-19,1.5549523542316666,1.8483600082277714,xgboost,AREQUIPA
2018-03-26,1.9605920988138408,1.563300340702518,xgboost,AREQUIPA
2018-04-02,1.8929854747168118,1.8847822897290896,xgboost,AREQUIPA
2018-04-09,1.7577722265227536,1.8060645473099841,xgboost,AREQUIPA
2018-04-16,2.0958053470078988,1.6924588657332875,xgboost,AREQUIPA
2018-04-23,2.0281987229108696,1.9605775539978478,xgboost,AREQUIPA
2018-04-30,2.2310185952019563,1.918168954967621,xgboost,AREQUIPA
2018-05-07,1.7577722265227536,2.130924520214857,xgboost,AREQUIPA
2018-05-14,2.02819872291087,1.7872891012343213,xgboost,AREQUIPA
2018-05-21,2.163411971104928,2.0440325732732916,xgboost,AREQUIPA
2018-05-28,2.433838467493045,2.0568982724066434,xgboost,AREQUIPA
2018-06-04,2.70426496388116,2.2698952407292667,xgboost,AREQUIPA
2018-06-11,2.6366583397841308,2.572034865197757,xgboost,AREQUIPA
2018-06-18,2.4338384674930436,2.432090926030345,xgboost,AREQUIPA
2018-06-25,2.4338384674930436,2.178026387341221,xgboost,AREQUIPA
2018-07-02,2.9746914602692756,2.4329755944839904,xgboost,AREQUIPA
2018-07-09,3.7859709494336244,2.679112050700674,xgboost,AREQUIPA
2018-07-16,4.597250438597973,2.8132638629314246,xgboost,AREQUIPA
2018-07-23,4.394430566306886,2.7624308650367,xgboost,AREQUIPA
2018-07-30,3.921184197627683,3.289289438088826,xgboost,AREQUIPA
2018-08-06,3.1099047084633344,3.012544248779508,xgboost,AREQUIPA
2018-08-13,3.042298084366305,3.0872351660455273,xgboost,AREQUIPA
2018-08-20,3.38033120485145,3.034165043030275,xgboost,AREQUIPA
2018-08-27,2.839478212075218,2.802148879408164,xgboost,AREQUIPA
2018-09-03,2.5014450915900728,2.517533549745022,xgboost,AREQUIPA
2018-09-10,2.298625219298986,2.48359648642241,xgboost,AREQUIPA
2018-09-17,2.5014450915900728,2.2561552173714947,xgboost,AREQUIPA
2018-09-24,2.366231843396015,2.340126872092211,xgboost,AREQUIPA
2018-10-01,2.0281987229108696,2.206795386939463,xgboost,AREQUIPA
2018-10-08,1.6225589783286953,2.0077455320017736,xgboost,AREQUIPA
2018-10-15,1.6225589783286953,1.8898250662461367,xgboost,AREQUIPA
2018-10-22,1.5549523542316666,1.847477312498317,xgboost,AREQUIPA
2018-10-29,1.8929854747168118,1.7597094263189965,xgboost,AREQUIPA
2018-11-05,2.0958053470078988,1.8770632996420296,xgboost,AREQUIPA
2018-11-12,2.3662318433960148,2.0009507850106707,xgboost,AREQUIPA
2018-11-19,2.163411971104928,2.191369010683921,xgboost,AREQUIPA
2018-11-26,2.366231843396015,1.962328243086691,xgboost,AREQUIPA
2018-12-03,1.6901656024257248,2.1219670213956254,xgboost,AREQUIPA
2018-12-10,2.0958053470078988,1.7986119012215784,xgboost,AREQUIPA
2018-12-17,1.8929854747168118,1.961230896447352,xgboost,AREQUIPA
2018-12-24,2.1634119711049276,1.9706067272832004,xgboost,AREQUIPA
2018-12-31,1.8253788506197826,1.9944055451498266,xgboost,AREQUIPA
2019-01-07,1.8828505540927178,1.8208175744874486,xgboost,AREQUIPA
2019-01-14,1.8760939403433217,1.81892367856185,xgboost,AREQUIPA
2019-01-21,1.9360993739722805,1.8016371380729215,xgboost,AREQUIPA
2019-01-28,1.6022891370805077,1.8224428878767607,xgboost,AREQUIPA
2019-02-04,1.268478900188735,1.5874385113135827,xgboost,AREQUIPA
2019-02-11,0.8679066159186078,1.2565630753861101,xgboost,AREQUIPA
2019-02-18,0.8011445685402533,1.2628517033632969,xgboost,AREQUIPA
2019-02-25,1.0681927580536714,1.0843340142426836,xgboost,AREQUIPA
2019-03-04,1.402002994945444,1.1044464632572022,xgboost,AREQUIPA
2019-03-11,1.6690511844588622,1.3122713546946723,xgboost,AREQUIPA
2019-03-18,2.0696234687289894,1.561450328693319,xgboost,AREQUIPA
2019-03-25,2.2699096108640533,1.8486571308249977,xgboost,AREQUIPA
2019-04-01,2.603719847755826,1.829876006689941,xgboost,AREQUIPA
2019-04-08,2.2699096108640533,2.207922545835862,xgboost,AREQUIPA
2019-04-15,2.0696234687289894,1.9760425390261807,xgboost,AREQUIPA
2019-04-22,1.6022891370805088,1.952594157285806,xgboost,AREQUIPA
2019-04-29,1.5355270897021533,1.857666652135701,xgboost,AREQUIPA
2019-05-06,1.5355270897021531,1.682402086903208,xgboost,AREQUIPA
2019-05-13,1.6022891370805077,1.7152363837822655,xgboost,AREQUIPA
2019-05-20,1.9360993739722805,1.7673441486191894,xgboost,AREQUIPA
2019-05-27,2.06962346872899,2.1514830867398156,xgboost,AREQUIPA
2019-06-03,2.06962346872899,2.154844638710487,xgboost,AREQUIPA
2019-06-10,2.2699096108640533,2.1279240274625124,xgboost,AREQUIPA
2019-06-17,2.6704818951341807,2.2846026996626523,xgboost,AREQUIPA
2019-06-24,3.004292132025953,2.581934388705612,xgboost,AREQUIPA
2019-07-01,2.9375300846475985,2.9933350990199195,xgboost,AREQUIPA
2019-07-08,2.470195752999117,2.987292030391932,xgboost,AREQUIPA
2019-07-15,2.6704818951341807,2.8203072035294876,xgboost,AREQUIPA
2019-07-22,3.4048644162960806,2.9703647626444982,xgboost,AREQUIPA
2019-07-29,3.671912605809499,3.274493292946813,xgboost,AREQUIPA
2019-08-05,3.2713403215393715,3.2092077876150187,xgboost,AREQUIPA
2019-08-12,2.2699096108640533,3.087310201139938,xgboost,AREQUIPA
2019-08-19,2.470195752999117,2.631475342417262,xgboost,AREQUIPA
2019-08-26,2.4034337056207624,2.627611552391021,xgboost,AREQUIPA
2019-09-02,2.3366716582424076,2.3643271486877966,xgboost,AREQUIPA
2019-09-09,2.336671658242408,2.1420082796659194,xgboost,AREQUIPA
2019-09-16,2.0028614213506355,2.12807318205904,xgboost,AREQUIPA
2019-09-23,2.336671658242408,1.9585058839109766,xgboost,AREQUIPA
2019-09-30,1.936099373972281,2.0996793207842317,xgboost,AREQUIPA
2019-10-07,2.470195752999117,1.8620307750364784,xgboost,AREQUIPA
2019-10-14,2.336671658242408,2.2234769714335303,xgboost,AREQUIPA
2019-10-21,2.1363855161073446,2.1570504062908995,xgboost,AREQUIPA
2019-10-28,1.8025752792155716,2.022278548182009,xgboost,AREQUIPA
2019-11-04,1.468765042323799,1.8409237189289582,xgboost,AREQUIPA
2019-11-11,1.9360993739722805,1.7895664179857111,xgboost,AREQUIPA
2019-11-18,2.203147563485699,1.988812199997787,xgboost,AREQUIPA
2019-11-25,2.6704818951341807,2.0396583343785633,xgboost,AREQUIPA
2019-12-02,2.5369578003774715,2.433775347630175,xgboost,AREQUIPA
2019-12-09,2.336671658242408,2.20351328419528,xgboost,AREQUIPA
2019-12-16,2.203147563485699,2.190806388292302,xgboost,AREQUIPA
2019-12-23,2.0028614213506355,1.9846788416125518,xgboost,AREQUIPA
2019-12-30,1.5355270897021536,1.7965002130710817,xgboost,AREQUIPA
2020-01-06,1.7893955143062927,1.727875853103885,xgboost,AREQUIPA
2020-01-13,1.5182286482587248,1.7081424784968564,xgboost,AREQUIPA
2020-01-20,1.6484578017881144,1.630621963875869,xgboost,AREQUIPA
2020-01-27,0.857198056929819,1.6555533191914549,xgboost,AREQUIPA
2020-02-03,1.318766241430491,1.2356103743010034,xgboost,AREQUIPA
2020-02-10,2.1100259862887865,1.3467862393421592,xgboost,AREQUIPA
2020-02-17,2.703470794932508,1.9444318584464053,xgboost,AREQUIPA
2020-02-24,2.9672240432186068,2.2400471835826385,xgboost,AREQUIPA
2020-03-02,2.5056558587179345,2.310158958677866,xgboost,AREQUIPA
2020-03-09,2.373779234574885,2.2681073186452534,xgboost,AREQUIPA
2020-03-16,2.175964298360311,2.2125178633944595,xgboost,AREQUIPA
2020-03-23,2.175964298360311,1.9782734710644876,xgboost,AREQUIPA
2020-03-30,1.9781493621457376,2.0907482088290466,xgboost,AREQUIPA
2020-04-06,1.6484578017881144,2.0011106995926244,xgboost,AREQUIPA
2020-04-13,1.5165811776450653,1.8020963998239385,xgboost,AREQUIPA
2020-04-20,1.5165811776450653,1.7652873698788292,xgboost,AREQUIPA
2020-04-27,1.3187662414304915,1.7672649754006011,xgboost,AREQUIPA
2020-05-04,1.1868896172874421,1.616085771163784,xgboost,AREQUIPA
2020-05-11,2.0440876742172622,1.4563653886838925,xgboost,AREQUIPA
2020-05-18,3.4947305397908033,2.0760054855600485,xgboost,AREQUIPA
2020-05-25,5.765494001865515,2.806189041743108,xgboost,AREQUIPA
2020-06-01,6.981244470795834,3.760069186975361,xgboost,AREQUIPA
2020-06-08,7.801365067297005,3.730183604746954,xgboost,AREQUIPA
2020-06-15,7.801365067297005,3.7358895804301238,xgboost,AREQUIPA
2020-06-22,5.398724981079243,3.509079475290897,xgboost,AREQUIPA
2020-06-29,3.391714767290629,4.722673806319059,xgboost,AREQUIPA
2020-07-06,1.4506428655735404,3.899827595160314,xgboost,AREQUIPA
2020-07-13,2.30784092250336,2.241636966401333,xgboost,AREQUIPA
2020-07-20,1.9122110500742127,2.8797444055960395,xgboost,AREQUIPA
2020-07-27,1.9122110500742124,2.1432093375431918,xgboost,AREQUIPA
2020-08-03,1.7803344259311633,2.0758694471613253,xgboost,AREQUIPA
2020-08-10,2.1100259862887865,1.845747004567675,xgboost,AREQUIPA
2020-08-17,2.2419026104318354,2.0050267920307556,xgboost,AREQUIPA
2020-08-24,2.5056558587179336,2.1467773786983915,xgboost,AREQUIPA
2020-08-31,3.362853915647754,2.325565621804973,xgboost,AREQUIPA
2020-09-07,3.8903604122199504,2.6512426026918967,xgboost,AREQUIPA
2020-09-14,3.692545476005377,3.965336783837402,xgboost,AREQUIPA
2020-09-21,3.2309772915047046,3.523964382564099,xgboost,AREQUIPA
2020-09-28,2.5056558587179336,2.712395872418612,xgboost,AREQUIPA
2020-10-05,2.4397175466464094,2.553527879389587,xgboost,AREQUIPA
2020-10-12,2.9012857311470817,2.5269717243984284,xgboost,AREQUIPA
2020-10-19,2.901285731147082,2.63812045505683,xgboost,AREQUIPA
2020-10-26,3.0991006673616557,2.463935239988543,xgboost,AREQUIPA
2020-11-02,2.7694091070040323,2.545963003877104,xgboost,AREQUIPA
2020-11-09,3.2969156035762297,2.513507841533117,xgboost,AREQUIPA
2020-11-16,3.9562987242914764,2.836943695145907,xgboost,AREQUIPA
2020-11-23,3.8244221001484267,3.558657683541841,xgboost,AREQUIPA
2020-11-30,4.220051972577574,3.530739265457833,xgboost,AREQUIPA
2020-12-07,3.560668851862328,3.4849075329498627,xgboost,AREQUIPA
2020-12-14,4.154113660506049,3.3716674572829444,xgboost,AREQUIPA
2020-12-21,4.0881753484345245,3.4106503070478604,xgboost,AREQUIPA
2020-12-28,4.15411366050605,3.403877547121138,xgboost,AREQUIPA
2021-01-04,4.656706822932931,3.9997319366384767,xgboost,AREQUIPA
2021-01-11,4.769295704511865,4.399883645023968,xgboost,AREQUIPA
2021-01-18,5.145637834376898,4.2344898220841225,xgboost,AREQUIPA
2021-01-25,5.471311115033664,4.224395762211477,xgboost,AREQUIPA
2021-02-01,6.508534390313524,4.229337497020349,xgboost,AREQUIPA
2021-02-08,7.355284920021114,5.531323246174712,xgboost,AREQUIPA
2021-02-15,6.8993423271016425,5.558631760919679,xgboost,AREQUIPA
2021-02-22,6.057523020215842,5.435889613640396,xgboost,AREQUIPA
2021-03-01,5.0153685221141915,5.491808138794925,xgboost,AREQUIPA
2021-03-08,4.950233865982838,5.102433871442032,xgboost,AREQUIPA
2021-03-15,5.341041802770957,5.07203335267921,xgboost,AREQUIPA
2021-03-22,5.601580427296369,5.213021930527432,xgboost,AREQUIPA
2021-03-29,5.4713111150336635,5.69289977741473,xgboost,AREQUIPA
2021-04-05,5.145637834376898,5.545101751234956,xgboost,AREQUIPA
2021-04-12,5.210772490508251,5.232819129313717,xgboost,AREQUIPA
2021-04-19,5.601580427296369,5.183490043158712,xgboost,AREQUIPA
2021-04-26,6.378265078050816,5.4804203774101445,xgboost,AREQUIPA
2021-05-03,7.225015607758408,5.694655290425972,xgboost,AREQUIPA
2021-05-10,7.741161633987442,5.65852973559819,xgboost,AREQUIPA
2021-05-17,6.769073014838935,5.560614049749779,xgboost,AREQUIPA
2021-05-24,6.573669046444877,5.534365923020576,xgboost,AREQUIPA
2021-05-31,6.3831963008726085,5.79013267347099,xgboost,AREQUIPA
2021-06-07,7.3552849200211154,5.817827564016922,xgboost,AREQUIPA
2021-06-14,7.48555423228382,5.6935109628831615,xgboost,AREQUIPA
2021-06-21,7.159880951627055,5.512512295529212,xgboost,AREQUIPA
2021-06-28,5.731849739559077,6.112904043995567,xgboost,AREQUIPA
2021-07-05,4.3640219608006605,4.827324545186642,xgboost,AREQUIPA
2021-07-12,3.5824060872244226,4.3414488470529875,xgboost,AREQUIPA
2021-07-19,3.1264634943049505,4.313394968324784,xgboost,AREQUIPA
2021-07-26,2.605386245254125,2.7496148486101157,xgboost,AREQUIPA
2021-08-02,2.019174340071947,2.515711226282225,xgboost,AREQUIPA
2021-08-09,2.019174340071947,2.192130363591779,xgboost,AREQUIPA
2021-08-16,2.2797129645973593,2.0164810266749376,xgboost,AREQUIPA
2021-08-23,2.3448476207287126,2.238319975944734,xgboost,AREQUIPA
2021-08-30,2.3448476207287126,2.323807486341952,xgboost,AREQUIPA
2021-09-06,1.9540396839405936,2.27747044621274,xgboost,AREQUIPA
2021-09-13,1.7586357155465342,2.1013226002112457,xgboost,AREQUIPA
2021-09-20,1.8889050278092405,1.811626245602712,xgboost,AREQUIPA
2021-09-27,1.8889050278092405,2.0150749879647036,xgboost,AREQUIPA
2021-10-04,1.8889050278092405,2.0166302612788187,xgboost,AREQUIPA
2021-10-11,1.9540396839405936,2.0272451720247635,xgboost,AREQUIPA
2021-10-18,2.3448476207287126,2.0119395584503206,xgboost,AREQUIPA
2021-10-25,2.4099822768600654,2.2461493936614816,xgboost,AREQUIPA
2021-11-01,2.2797129645973593,2.2877217417775224,xgboost,AREQUIPA
2021-11-08,2.931059525910891,2.198647522395062,xgboost,AREQUIPA
2021-11-15,3.647540743355776,2.706963541169486,xgboost,AREQUIPA
2021-11-22,3.5172714310930697,3.630775647352408,xgboost,AREQUIPA
2021-11-29,2.6705209013854785,3.591198372029237,xgboost,AREQUIPA
2021-12-06,2.0843089962033,2.8297541756068467,xgboost,AREQUIPA
2021-12-13,2.0843089962033,2.271370973783063,xgboost,AREQUIPA
2021-12-20,2.0843089962033,2.2656553881181196,xgboost,AREQUIPA
2021-12-27,2.540251589122772,2.1728721462890475,xgboost,AREQUIPA
2022-01-03,2.98286034552604,2.290903768035563,xgboost,AREQUIPA
2022-01-10,3.4254691019293078,2.658937863307342,xgboost,AREQUIPA
2022-01-17,2.7670634506954332,3.5308537694210234,xgboost,AREQUIPA
2022-01-24,2.059210009819857,2.7243919995243,xgboost,AREQUIPA
2022-01-31,1.8661590713992453,2.1906105018176105,xgboost,AREQUIPA
2022-02-07,3.2818659531503975,1.8377356282009676,xgboost,AREQUIPA
2022-02-14,4.375821270867196,2.7906568673186025,xgboost,AREQUIPA
2022-02-21,4.826273460515291,3.912738692913683,xgboost,AREQUIPA
2022-02-28,3.9253690812191038,4.5452952858469216,xgboost,AREQUIPA
2022-03-07,3.6036175171847504,4.369122139092092,xgboost,AREQUIPA
2022-03-14,2.8957640763091743,3.937911283954083,xgboost,AREQUIPA
2022-03-21,2.960114389116045,2.949287865559802,xgboost,AREQUIPA
2022-03-28,2.8957640763091743,2.9734220654184655,xgboost,AREQUIPA
2022-04-04,3.2175156403435277,2.8447259931757403,xgboost,AREQUIPA
2022-04-11,2.574012512274822,2.9476705561827434,xgboost,AREQUIPA
2022-04-18,2.638362825081692,2.4413494815513843,xgboost,AREQUIPA
2022-04-25,2.445311886661081,2.5779437377282797,xgboost,AREQUIPA
2022-05-02,2.7027131378885634,2.5479926008002987,xgboost,AREQUIPA
2022-05-09,2.960114389116045,2.8108640000510374,xgboost,AREQUIPA
2022-05-16,3.732318142798492,3.008027984705558,xgboost,AREQUIPA
2022-05-23,3.861018768412233,3.9984834421856563,xgboost,AREQUIPA
2022-05-30,3.3462162659572683,3.9621255039708965,xgboost,AREQUIPA
2022-06-06,2.574012512274822,3.346108465049727,xgboost,AREQUIPA
2022-06-13,2.7027131378885634,2.634340142330487,xgboost,AREQUIPA
2022-06-20,3.024464701922915,2.890367320722573,xgboost,AREQUIPA
2022-06-27,2.7670634506954332,3.0644058715762466,xgboost,AREQUIPA
2022-07-04,3.024464701922915,2.740547038803521,xgboost,AREQUIPA
2022-07-11,2.831413763502304,3.04459356573689,xgboost,AREQUIPA
2022-07-18,3.667967829991621,2.7851989085654623,xgboost,AREQUIPA
2022-07-25,3.281865953150398,3.628899672459945,xgboost,AREQUIPA
2022-08-01,3.3462162659572683,2.9890658521493183,xgboost,AREQUIPA
2022-08-08,2.7670634506954332,3.048506683628844,xgboost,AREQUIPA
2022-08-15,2.7027131378885625,2.7459290027707586,xgboost,AREQUIPA
2022-08-22,2.187910635433598,2.780765456247914,xgboost,AREQUIPA
2022-08-29,2.252260948240469,2.3127908139159246,xgboost,AREQUIPA
2022-09-05,2.3166112610473397,2.384271341825242,xgboost,AREQUIPA
2022-09-12,2.7670634506954332,2.2520684769011154,xgboost,AREQUIPA
2022-09-19,2.831413763502304,2.612383054831681,xgboost,AREQUIPA
2022-09-26,2.638362825081692,2.857399871656914,xgboost,AREQUIPA
2022-10-03,2.445311886661081,2.42783649337313,xgboost,AREQUIPA
2022-10-10,2.3166112610473397,2.438753636646506,xgboost,AREQUIPA
2022-10-17,2.831413763502304,2.3802486477155638,xgboost,AREQUIPA
2022-10-24,2.895764076309174,2.905153836690344,xgboost,AREQUIPA
2022-10-31,3.1531653275366565,2.792452165687316,xgboost,AREQUIPA
2022-11-07,2.5096621994679507,2.8489118795333255,xgboost,AREQUIPA
2022-11-14,2.638362825081692,2.543706863993895,xgboost,AREQUIPA
2022-11-21,2.252260948240469,2.562166523154294,xgboost,AREQUIPA
2022-11-28,2.187910635433598,2.4424999891049617,xgboost,AREQUIPA
2022-12-05,1.9948596970129866,2.253966320583629,xgboost,AREQUIPA
2011-12-26,0.9588003490033268,1.3738364547066504,random_forest,TACNA
2012-01-02,0.6392002326688845,1.071965483812611,random_forest,TACNA
2012-01-09,0.0,0.9868837985195622,random_forest,TACNA
2012-01-16,0.31356022551251406,0.824228902886889,random_forest,TACNA
2012-01-23,0.31356022551251406,0.7854801156252531,random_forest,TACNA
2012-01-30,0.31356022551251406,0.7848651095519006,random_forest,TACNA
2012-02-06,0.31356022551251406,0.5284481151378988,random_forest,TACNA
2012-02-13,0.31356022551251406,0.48541263990379835,random_forest,TACNA
2012-02-20,0.9406806765375425,0.3324865038551319,random_forest,TACNA
2012-02-27,1.2542409020500567,0.5834123099962469,random_forest,TACNA
2012-03-05,1.2542409020500567,1.0703110301899539,random_forest,TACNA
2012-03-12,0.6271204510250282,1.0720081356822884,random_forest,TACNA
2012-03-19,0.9406806765375424,0.7679976260948052,random_forest,TACNA
2012-03-26,1.5678011275625707,0.9258318285521154,random_forest,TACNA
2012-04-02,2.1949215785875995,1.3409382509646206,random_forest,TACNA
2012-04-09,1.8813613530750852,1.7421913506563653,random_forest,TACNA
2012-04-16,1.5678011275625707,1.7680772843517345,random_forest,TACNA
2012-04-23,1.2542409020500567,1.5581829397568239,random_forest,TACNA
2012-04-30,0.9406806765375426,1.2251347259003293,random_forest,TACNA
2012-05-07,1.2542409020500567,1.0498604038753196,random_forest,TACNA
2012-05-14,1.5678011275625707,1.145885233741455,random_forest,TACNA
2012-05-21,1.2542409020500567,1.5458407143324595,random_forest,TACNA
2012-05-28,1.2542409020500567,1.186538801106451,random_forest,TACNA
2012-06-04,1.2542409020500567,1.1904332641432371,random_forest,TACNA
2012-06-11,2.1949215785875995,1.2068225420552903,random_forest,TACNA
2012-06-18,2.508481804100113,1.713811835524755,random_forest,TACNA
2012-06-25,2.194921578587599,1.8667181757899423,random_forest,TACNA
2012-07-02,1.881361353075085,1.8346721599668134,random_forest,TACNA
2012-07-09,0.9406806765375425,1.567113688691276,random_forest,TACNA
2012-07-16,1.5678011275625707,1.1592202744815623,random_forest,TACNA
2012-07-23,0.9406806765375424,1.4430096181019976,random_forest,TACNA
2012-07-30,1.5678011275625707,1.0881719322355767,random_forest,TACNA
2012-08-06,0.9406806765375425,1.4582620735805487,random_forest,TACNA
2012-08-13,1.2542409020500567,1.1855443596783384,random_forest,TACNA
2012-08-20,0.9406806765375426,1.399711483690297,random_forest,TACNA
2012-08-27,0.9406806765375426,1.2477171532298796,random_forest,TACNA
2012-09-03,0.9406806765375426,1.1870233803164019,random_forest,TACNA
2012-09-10,1.881361353075085,1.142268821720437,random_forest,TACNA
2012-09-17,1.881361353075085,1.5811714027077124,random_forest,TACNA
2012-09-24,1.5678011275625707,1.5970107678188676,random_forest,TACNA
2012-10-01,0.31356022551251406,1.3477807048512238,random_forest,TACNA
2012-10-08,0.0,0.8500554185251084,random_forest,TACNA
2012-10-15,0.31356022551251406,0.8319804072933923,random_forest,TACNA
2012-10-22,0.6271204510250282,0.7440667567703059,random_forest,TACNA
2012-10-29,0.6271204510250282,0.8758873906723312,random_forest,TACNA
2012-11-05,0.6271204510250282,0.8502481453005721,random_forest,TACNA
2012-11-12,0.6271204510250282,0.8145886074184006,random_forest,TACNA
2012-11-19,1.2542409020500567,0.784954713337279,random_forest,TACNA
2012-11-26,1.881361353075085,0.9792622099767838,random_forest,TACNA
2012-12-03,1.5678011275625707,1.334397090337745,random_forest,TACNA
2012-12-10,1.5678011275625707,1.2618673910067937,random_forest,TACNA
2012-12-17,1.5678011275625707,1.1919993094137884,random_forest,TACNA
2012-12-24,2.1949215785875995,1.371708548680561,random_forest,TACNA
2012-12-31,1.8813613530750848,1.3836422740786696,random_forest,TACNA
2013-01-07,1.5561675574346763,1.0836419413315008,random_forest,TACNA
2013-01-14,1.2367905468582145,1.0489580245413954,random_forest,TACNA
2013-01-21,1.230973761794267,1.124330648696474,random_forest,TACNA
2013-01-28,0.6154868808971335,1.113637236441344,random_forest,TACNA
2013-02-04,0.6154868808971335,0.7915805904153836,random_forest,TACNA
2013-02-11,0.30774344044856666,0.7523191508019709,random_forest,TACNA
2013-02-18,0.30774344044856666,0.4824526407397191,random_forest,TACNA
2013-02-25,0.0,0.5477260750821757,random_forest,TACNA
2013-03-04,0.0,0.6660214144769194,random_forest,TACNA
2013-03-11,0.0,0.6266021089946394,random_forest,TACNA
2013-03-18,0.0,0.33114208887344604,random_forest,TACNA
2013-03-25,0.0,0.4318677405562251,random_forest,TACNA
2013-04-01,0.30774344044856666,0.3192214575521098,random_forest,TACNA
2013-04-08,0.6154868808971335,0.37542234572980393,random_forest,TACNA
2013-04-15,0.6154868808971335,0.6346669733260508,random_forest,TACNA
2013-04-22,0.30774344044856666,0.6816641831283039,random_forest,TACNA
2013-04-29,0.0,0.48644337010086336,random_forest,TACNA
2013-05-06,0.6154868808971335,0.4643522046630388,random_forest,TACNA
2013-05-13,0.6154868808971335,0.5250464940244817,random_forest,TACNA
2013-05-20,0.6154868808971335,0.46016249090856176,random_forest,TACNA
2013-05-27,0.30774344044856666,0.4566885312559177,random_forest,TACNA
2013-06-03,1.5387172022428341,0.41224012808648874,random_forest,TACNA
2013-06-10,2.154204083139968,1.2459995282217373,random_forest,TACNA
2013-06-17,1.846460642691401,1.748440784482629,random_forest,TACNA
2013-06-24,0.6154868808971335,1.6211157500691225,random_forest,TACNA
2013-07-01,0.0,0.8919913181553225,random_forest,TACNA
2013-07-08,0.6154868808971335,0.6827310436261016,random_forest,TACNA
2013-07-15,0.6154868808971335,0.8490890096927912,random_forest,TACNA
2013-07-22,0.6154868808971335,0.8308018341652783,random_forest,TACNA
2013-07-29,0.0,0.757706560133302,random_forest,TACNA
2013-08-05,0.30774344044856666,0.4706923753999567,random_forest,TACNA
2013-08-12,0.30774344044856666,0.498464516927203,random_forest,TACNA
2013-08-19,0.30774344044856666,0.5847056683360881,random_forest,TACNA
2013-08-26,0.0,0.4247391715955144,random_forest,TACNA
2013-09-02,0.0,0.21599172256321003,random_forest,TACNA
2013-09-09,0.0,0.2863652443382964,random_forest,TACNA
2013-09-16,0.30774344044856666,0.2686168445315459,random_forest,TACNA
2013-09-23,0.9232303213457004,0.30530348005451446,random_forest,TACNA
2013-09-30,0.9232303213457004,0.6997739178989708,random_forest,TACNA
2013-10-07,1.230973761794267,0.7069406830351237,random_forest,TACNA
2013-10-14,0.6154868808971335,0.9536191506288061,random_forest,TACNA
2013-10-21,0.6154868808971335,0.6342043272956635,random_forest,TACNA
2013-10-28,0.0,0.6906932600781932,random_forest,TACNA
2013-11-04,0.0,0.5415667093617604,random_forest,TACNA
2013-11-11,0.0,0.49631335220302175,random_forest,TACNA
2013-11-18,0.0,0.44829058830619845,random_forest,TACNA
2013-11-25,0.0,0.25059710501883764,random_forest,TACNA
2013-12-02,0.0,0.24273299914237118,random_forest,TACNA
2013-12-09,0.0,0.25359566558100527,random_forest,TACNA
2013-12-16,0.0,0.26388429970607846,random_forest,TACNA
2013-12-23,0.0,0.10848141401282754,random_forest,TACNA
2013-12-30,0.0,0.0850827018242391,random_forest,TACNA
2014-01-06,0.0,0.052836169795602066,random_forest,TACNA
2014-01-13,0.0,0.049021252555619475,random_forest,TACNA
2014-01-20,0.0,0.004142702292696881,random_forest,TACNA
2014-01-27,0.0,0.003802741008060683,random_forest,TACNA
2014-02-03,0.0,0.003802741008060683,random_forest,TACNA
2014-02-10,0.0,0.003802741008060683,random_forest,TACNA
2014-02-17,0.0,0.0023942259346197065,random_forest,TACNA
2014-02-24,0.0,0.0023942259346197065,random_forest,TACNA
2014-03-03,0.0,0.0023942259346197065,random_forest,TACNA
2014-03-10,0.0,0.0023942259346197065,random_forest,TACNA
2014-03-17,0.0,0.005558523572981896,random_forest,TACNA
2014-03-24,0.0,0.004312180799376204,random_forest,TACNA
2014-03-31,0.30213944944149507,0.004725680605804234,random_forest,TACNA
2014-04-07,0.30213944944149507,0.2778852412478223,random_forest,TACNA
2014-04-14,0.30213944944149507,0.3081182736008391,random_forest,TACNA
2014-04-21,0.0,0.34496202447722685,random_forest,TACNA
2014-04-28,0.0,0.298275381992058,random_forest,TACNA
2014-05-05,0.0,0.2622442293430526,random_forest,TACNA
2014-05-12,0.30213944944149507,0.09257266943973444,random_forest,TACNA
2014-05-19,0.30213944944149507,0.19438235267021306,random_forest,TACNA
2014-05-26,0.30213944944149507,0.19442174983645286,random_forest,TACNA
2014-06-02,0.6042788988829902,0.18375256574736382,random_forest,TACNA
2014-06-09,0.9064183483244855,0.5048462896050177,random_forest,TACNA
2014-06-16,0.9064183483244855,0.891949277536122,random_forest,TACNA
2014-06-23,1.2085577977659807,0.9070848897938362,random_forest,TACNA
2014-06-30,0.9064183483244855,0.8553105714393403,random_forest,TACNA
2014-07-07,1.2085577977659807,0.9521567790413195,random_forest,TACNA
2014-07-14,0.30213944944149507,0.9469319046132061,random_forest,TACNA
2014-07-21,1.2085577977659807,0.5696185973560535,random_forest,TACNA
2014-07-28,2.1149761460904664,0.9023068837189447,random_forest,TACNA
2014-08-04,2.1149761460904664,1.5062911980801847,random_forest,TACNA
2014-08-11,1.510697247207476,1.5671526272259593,random_forest,TACNA
2014-08-18,1.2085577977659807,1.2176662636444981,random_forest,TACNA
2014-08-25,1.510697247207476,0.966199739402057,random_forest,TACNA
2014-09-01,1.510697247207476,1.1255938995883072,random_forest,TACNA
2014-09-08,0.6042788988829902,1.1356421177261127,random_forest,TACNA
2014-09-15,1.2085577977659807,0.8568587427510759,random_forest,TACNA
2014-09-22,1.2085577977659807,1.1442654203086207,random_forest,TACNA
2014-09-29,1.510697247207476,1.1070393548791246,random_forest,TACNA
2014-10-06,1.2085577977659807,1.2309391769237723,random_forest,TACNA
2014-10-13,1.510697247207476,1.0746318586567258,random_forest,TACNA
2014-10-20,2.1149761460904664,1.2928543860360353,random_forest,TACNA
2014-10-27,1.510697247207476,1.4813068380033436,random_forest,TACNA
2014-11-03,0.9064183483244855,1.2161579901276802,random_forest,TACNA
2014-11-10,0.6042788988829902,1.1180889472337268,random_forest,TACNA
2014-11-17,0.6042788988829902,0.7819117391601127,random_forest,TACNA
2014-11-24,0.9064183483244855,0.7820455751733073,random_forest,TACNA
2014-12-01,0.30213944944149507,1.1112137532471182,random_forest,TACNA
2014-12-08,0.30213944944149507,0.5903720915150616,random_forest,TACNA
2014-12-15,0.30213944944149507,0.4624340014240765,random_forest,TACNA
2014-12-22,0.6042788988829902,0.44772911967836865,random_forest,TACNA
2014-12-29,0.6042788988829902,0.4788820763503468,random_forest,TACNA
2015-01-05,0.30213944944149507,0.48182235357492237,random_forest,TACNA
2015-01-12,0.0,0.3804785611646188,random_forest,TACNA
2015-01-19,0.5934700490502994,0.31466191298121815,random_forest,TACNA
2015-01-26,0.5934700490502994,0.48655360460066055,random_forest,TACNA
2015-02-02,0.5934700490502994,0.45714557095614916,random_forest,TACNA
2015-02-09,0.0,0.4193057707937766,random_forest,TACNA
2015-02-16,0.5934700490502994,0.45067440145377075,random_forest,TACNA
2015-02-23,0.5934700490502994,0.621054236363425,random_forest,TACNA
2015-03-02,0.5934700490502994,0.6368678163972532,random_forest,TACNA
2015-03-09,0.0,0.438640052660439,random_forest,TACNA
2015-03-16,0.0,0.423193331848553,random_forest,TACNA
2015-03-23,0.0,0.3391352857431656,random_forest,TACNA
2015-03-30,0.29673502452514966,0.29943309704750365,random_forest,TACNA
2015-04-06,0.29673502452514966,0.26200179931952733,random_forest,TACNA
2015-04-13,0.29673502452514966,0.24639652570635112,random_forest,TACNA
2015-04-20,0.0,0.25335615568724373,random_forest,TACNA
2015-04-27,0.0,0.22081840216445286,random_forest,TACNA
2015-05-04,0.29673502452514966,0.16146988757191708,random_forest,TACNA
2015-05-11,0.8902050735754493,0.2769678812418663,random_forest,TACNA
2015-05-18,0.8902050735754493,0.5865800120490636,random_forest,TACNA
2015-05-25,0.5934700490502994,0.7534148362001536,random_forest,TACNA
2015-06-01,0.0,0.6560856738041176,random_forest,TACNA
2015-06-08,0.29673502452514966,0.4857174602365822,random_forest,TACNA
2015-06-15,0.5934700490502994,0.47476281129888764,random_forest,TACNA
2015-06-22,0.8902050735754494,0.5607209843468002,random_forest,TACNA
2015-06-29,0.8902050735754494,0.6968136279010639,random_forest,TACNA
2015-07-06,0.8902050735754494,0.8452713422074645,random_forest,TACNA
2015-07-13,0.5934700490502994,0.9195095843846359,random_forest,TACNA
2015-07-20,1.1869400981005989,0.7590296903786475,random_forest,TACNA
2015-07-27,1.4836751226257487,1.0462379395900938,random_forest,TACNA
2015-08-03,2.0771451716760483,1.241059564093606,random_forest,TACNA
2015-08-10,1.1869400981005989,1.4866774820426136,random_forest,TACNA
2015-08-17,0.5934700490502993,1.2709657994592547,random_forest,TACNA
2015-08-24,0.0,0.8362791381885435,random_forest,TACNA
2015-08-31,0.0,0.4140085802590505,random_forest,TACNA
2015-09-07,0.0,0.41935280811061576,random_forest,TACNA
2015-09-14,0.0,0.2341957074301924,random_forest,TACNA
2015-09-21,0.0,0.15896498557112718,random_forest,TACNA
2015-09-28,0.0,0.10893364885381121,random_forest,TACNA
2015-10-05,0.0,0.08918138048450391,random_forest,TACNA
2015-10-12,0.0,0.0762105175368759,random_forest,TACNA
2015-10-19,0.0,0.05948138644272185,random_forest,TACNA
2015-10-26,0.0,0.03146497062364217,random_forest,TACNA
2015-11-02,0.0,0.023384933700179168,random_forest,TACNA
2015-11-09,0.8902050735754491,0.03245216823278558,random_forest,TACNA
2015-11-16,1.1869400981005989,0.5227005960249953,random_forest,TACNA
2015-11-23,1.1869400981005989,0.8787204118518741,random_forest,TACNA
2015-11-30,0.2967350245251495,0.9206197305963477,random_forest,TACNA
2015-12-07,0.0,0.5556762527243726,random_forest,TACNA
2015-12-14,0.0,0.28708803417398904,random_forest,TACNA
2015-12-21,0.0,0.19652771607693417,random_forest,TACNA
2015-12-28,0.0,0.15174360423728586,random_forest,TACNA
2016-01-04,0.0,0.0749255961825412,random_forest,TACNA
2016-01-11,0.0,0.07237853171993365,random_forest,TACNA
2016-01-18,0.0,0.04891036736817171,random_forest,TACNA
2016-01-25,0.0,0.05417758201306403,random_forest,TACNA
2016-02-01,0.0,0.0426773608794773,random_forest,TACNA
2016-02-08,0.0,0.04980262113051932,random_forest,TACNA
2016-02-15,0.0,0.04303529243044225,random_forest,TACNA
2016-02-22,0.0,0.03264591361724123,random_forest,TACNA
2016-02-29,0.0,0.02921122365019817,random_forest,TACNA
2016-03-07,0.0,0.03163057678031753,random_forest,TACNA
2016-03-14,0.0,0.019151984946524054,random_forest,TACNA
2016-03-21,0.0,0.027410338689573054,random_forest,TACNA
2016-03-28,0.0,0.052622740165192486,random_forest,TACNA
2016-04-04,0.0,0.0995499559426063,random_forest,TACNA
2016-04-11,0.0,0.08093279185651069,random_forest,TACNA
2016-04-18,0.0,0.07773123220357002,random_forest,TACNA
2016-04-25,0.0,0.06923301684871017,random_forest,TACNA
2016-05-02,0.0,0.072703187365631,random_forest,TACNA
2016-05-09,0.0,0.11449206881896201,random_forest,TACNA
2016-05-16,0.5830427836794662,0.15232770590416064,random_forest,TACNA
2016-05-23,0.5830427836794662,0.4252297556456382,random_forest,TACNA
2016-05-30,1.1660855673589325,0.40265489177411423,random_forest,TACNA
2016-06-06,0.5830427836794662,0.7600287072486505,random_forest,TACNA
2016-06-13,0.5830427836794662,0.5558682390048202,random_forest,TACNA
2016-06-20,0.5830427836794662,0.5048952970203386,random_forest,TACNA
2016-06-27,0.5830427836794662,0.5917672001871492,random_forest,TACNA
2016-07-04,0.5830427836794662,0.6801785274262961,random_forest,TACNA
2016-07-11,0.0,0.6727158207118111,random_forest,TACNA
2016-07-18,0.0,0.4615070055732871,random_forest,TACNA
2016-07-25,0.0,0.3192674535309866,random_forest,TACNA
2016-08-01,0.2915213918397329,0.22624854753534632,random_forest,TACNA
2016-08-08,0.2915213918397329,0.2564995655055837,random_forest,TACNA
2016-08-15,0.2915213918397329,0.2280138379083718,random_forest,TACNA
2016-08-22,0.0,0.1770492968271325,random_forest,TACNA
2016-08-29,0.0,0.15536960495099383,random_forest,TACNA
2016-09-05,0.0,0.20818208769658428,random_forest,TACNA
2016-09-12,0.0,0.1610597873109658,random_forest,TACNA
2016-09-19,0.0,0.11109846895819626,random_forest,TACNA
2016-09-26,0.0,0.03588834723384778,random_forest,TACNA
2016-10-03,0.0,0.037519331213256395,random_forest,TACNA
2016-10-10,0.2915213918397329,0.04049994632558763,random_forest,TACNA
2016-10-17,0.2915213918397329,0.11281176745829066,random_forest,TACNA
2016-10-24,0.2915213918397329,0.21632010769594273,random_forest,TACNA
2016-10-31,0.0,0.17710925795580884,random_forest,TACNA
2016-11-07,0.5830427836794662,0.15517109986224806,random_forest,TACNA
2016-11-14,0.5830427836794662,0.5242073031155299,random_forest,TACNA
2016-11-21,0.5830427836794662,0.5673728478279307,random_forest,TACNA
2016-11-28,0.0,0.5276907376476654,random_forest,TACNA
2016-12-05,0.0,0.3034552785089337,random_forest,TACNA
2016-12-12,0.0,0.22536474668790432,random_forest,TACNA
2016-12-19,0.0,0.13935888633669705,random_forest,TACNA
2016-12-26,0.0,0.05174326228432749,random_forest,TACNA
2017-01-02,0.0,0.035032702792648356,random_forest,TACNA
2017-01-09,0.0,0.045615295962088395,random_forest,TACNA
2017-01-16,0.0,0.023192470141064528,random_forest,TACNA
2017-01-23,0.0,0.012577232284781012,random_forest,TACNA
2017-01-30,0.0,0.015159291075022757,random_forest,TACNA
2017-02-06,0.0,0.017699590493468267,random_forest,TACNA
2017-02-13,0.0,0.005424133569456097,random_forest,TACNA
2017-02-20,0.28648698203153616,0.004041558717787708,random_forest,TACNA
2017-02-27,0.28648698203153616,0.13373275878626792,random_forest,TACNA
2017-03-06,0.28648698203153616,0.20780610950413259,random_forest,TACNA
2017-03-13,0.0,0.17174271674658995,random_forest,TACNA
2017-03-20,0.0,0.12015069638522605,random_forest,TACNA
2017-03-27,0.0,0.14688218426470093,random_forest,TACNA
2017-04-03,0.0,0.11763170215304615,random_forest,TACNA
2017-04-10,0.0,0.03533536860338668,random_forest,TACNA
2017-04-17,0.0,0.03675257418971781,random_forest,TACNA
2017-04-24,0.0,0.04357291498613131,random_forest,TACNA
2017-05-01,0.0,0.051157904276484985,random_forest,TACNA
2017-05-08,0.0,0.0485931173269744,random_forest,TACNA
2017-05-15,0.0,0.17237658098298164,random_forest,TACNA
2017-05-22,0.0,0.17669403648318785,random_forest,TACNA
2017-05-29,0.0,0.1710973481314595,random_forest,TACNA
2017-06-05,0.0,0.10663807192614047,random_forest,TACNA
2017-06-12,0.5729739640630727,0.10559498407767406,random_forest,TACNA
2017-06-19,0.5729739640630727,0.4890190849890352,random_forest,TACNA
2017-06-26,0.5729739640630727,0.591218488308725,random_forest,TACNA
2017-07-03,0.0,0.5535474613378597,random_forest,TACNA
2017-07-10,0.8594609460946092,0.3209288187315646,random_forest,TACNA
2017-07-17,1.1459479281261455,0.6647054971462214,random_forest,TACNA
2017-07-24,1.1459479281261455,0.6400071560151608,random_forest,TACNA
2017-07-31,0.5729739640630727,0.878997196735742,random_forest,TACNA
2017-08-07,0.5729739640630727,0.6140247569529129,random_forest,TACNA
2017-08-14,1.432434910157682,0.5130027717237113,random_forest,TACNA
2017-08-21,2.0054088742207554,1.1066032519356441,random_forest,TACNA
2017-08-28,2.291895856252292,1.040505925031896,random_forest,TACNA
2017-09-04,2.2918958562522915,1.13510078594441,random_forest,TACNA
2017-09-11,3.151356802346901,1.1527650639951612,random_forest,TACNA
2017-09-18,3.437843784378438,1.0859514386995714,random_forest,TACNA
2017-09-25,3.151356802346901,1.8069097512214705,random_forest,TACNA
2017-10-02,2.005408874220755,1.7374472100449934,random_forest,TACNA
2017-10-09,1.1459479281261455,1.6082477318475954,random_forest,TACNA
2017-10-16,0.8594609460946092,1.348293481037869,random_forest,TACNA
2017-10-23,0.28648698203153616,0.9634779899828869,random_forest,TACNA
2017-10-30,0.28648698203153616,0.5874177601397532,random_forest,TACNA
2017-11-06,0.0,0.3475815211575732,random_forest,TACNA
2017-11-13,0.0,0.24558930018517985,random_forest,TACNA
2017-11-20,0.0,0.07395792435152909,random_forest,TACNA
2017-11-27,0.0,0.0591883986562804,random_forest,TACNA
2017-12-04,0.0,0.04171442277218422,random_forest,TACNA
2017-12-11,0.0,0.04761586362632444,random_forest,TACNA
2017-12-18,0.0,0.03973554919130373,random_forest,TACNA
2017-12-25,0.8594609460946092,0.04880293145776771,random_forest,TACNA
2018-01-01,0.8594609460946092,0.5712131600650199,random_forest,TACNA
2018-01-08,0.8594609460946092,0.5805991934110954,random_forest,TACNA
2018-01-15,0.842486007711555,0.6248998001785939,random_forest,TACNA
2018-01-22,1.6849720154231103,0.50758788605066,random_forest,TACNA
2018-01-29,1.9658006846602953,0.9689098596449757,random_forest,TACNA
2018-02-05,1.9658006846602953,1.1546698645694917,random_forest,TACNA
2018-02-12,1.68497201542311,1.454897266942793,random_forest,TACNA
2018-02-19,1.68497201542311,1.199143445405905,random_forest,TACNA
2018-02-26,1.1233146769487399,1.1792286440160735,random_forest,TACNA
2018-03-05,0.5616573384743698,0.9500863212217059,random_forest,TACNA
2018-03-12,0.5616573384743698,0.5529252670307301,random_forest,TACNA
2018-03-19,0.28082866923718475,0.5791965170700111,random_forest,TACNA
2018-03-26,0.28082866923718475,0.39796445383118967,random_forest,TACNA
2018-04-02,0.0,0.2297826663727448,random_forest,TACNA
2018-04-09,0.0,0.13770468003022623,random_forest,TACNA
2018-04-16,0.0,0.0926716973417077,random_forest,TACNA
2018-04-23,0.842486007711555,0.054471363428607054,random_forest,TACNA
2018-04-30,0.842486007711555,0.5682245591934116,random_forest,TACNA
2018-05-07,0.842486007711555,0.7051074668897581,random_forest,TACNA
2018-05-14,0.0,0.6990504666650907,random_forest,TACNA
2018-05-21,0.28082866923718475,0.44156578158645654,random_forest,TACNA
2018-05-28,0.28082866923718475,0.39419041889186,random_forest,TACNA
2018-06-04,1.12331467694874,0.32124162452529664,random_forest,TACNA
2018-06-11,1.12331467694874,0.7134868523376872,random_forest,TACNA
2018-06-18,2.24662935389748,0.7554408351332202,random_forest,TACNA
2018-06-25,3.0891153616090357,1.3646459949495062,random_forest,TACNA
2018-07-02,3.9316013693205907,2.0714902972814793,random_forest,TACNA
2018-07-09,3.650772700083406,1.9874223438929506,random_forest,TACNA
2018-07-16,3.650772700083406,1.9700819307509838,random_forest,TACNA
2018-07-23,3.3699440308462214,1.9358625478875529,random_forest,TACNA
2018-07-30,4.424418032804128,2.6103892847413444,random_forest,TACNA
2018-08-06,3.581932025092572,2.447369207889768,random_forest,TACNA
2018-08-13,3.581932025092572,2.417467170496393,random_forest,TACNA
2018-08-20,2.527458023134666,2.289150582769327,random_forest,TACNA
2018-08-27,1.9658006846602951,2.6928665687459685,random_forest,TACNA
2018-09-03,1.68497201542311,1.9019354135048707,random_forest,TACNA
2018-09-10,1.1233146769487397,1.6649904130354343,random_forest,TACNA
2018-09-17,1.1233146769487397,1.3009057266680606,random_forest,TACNA
2018-09-24,1.1233146769487397,1.0597448011467923,random_forest,TACNA
2018-10-01,1.1233146769487397,1.0639060106417073,random_forest,TACNA
2018-10-08,1.1233146769487394,1.0021034047954887,random_forest,TACNA
2018-10-15,0.5616573384743695,0.9947138434686977,random_forest,TACNA
2018-10-22,0.28082866923718447,0.6471581064470311,random_forest,TACNA
2018-10-29,0.28082866923718447,0.26143689972229417,random_forest,TACNA
2018-11-05,0.5616573384743695,0.25233147669422407,random_forest,TACNA
2018-11-12,2.24662935389748,0.29820028460895553,random_forest,TACNA
2018-11-19,2.527458023134665,1.127649682539897,random_forest,TACNA
2018-11-26,2.527458023134665,1.9732905180197244,random_forest,TACNA
2018-12-03,1.1233146769487397,2.0474962192544033,random_forest,TACNA
2018-12-10,1.1233146769487397,1.3210409982622635,random_forest,TACNA
2018-12-17,1.68497201542311,1.0052589037753599,random_forest,TACNA
2018-12-24,1.68497201542311,1.24623821305482,random_forest,TACNA
2018-12-31,1.68497201542311,1.3363502072564155,random_forest,TACNA
2019-01-07,1.393265084715977,1.3174058860400781,random_forest,TACNA
2019-01-14,1.9386050309854266,1.367415951905881,random_forest,TACNA
2019-01-21,1.6523372310132676,1.500467542653098,random_forest,TACNA
2019-01-28,1.927726769515479,1.3379069006033397,random_forest,TACNA
2019-02-04,1.927726769515479,1.3585323411582624,random_forest,TACNA
2019-02-11,1.927726769515479,1.5982184906519419,random_forest,TACNA
2019-02-18,1.3769476925110562,1.5574862285481972,random_forest,TACNA
2019-02-25,0.8261686155066341,1.3660243854214413,random_forest,TACNA
2019-03-04,0.8261686155066341,0.8524390487877274,random_forest,TACNA
2019-03-11,0.8261686155066341,0.7070523709980119,random_forest,TACNA
2019-03-18,0.8261686155066341,0.6377575230213828,random_forest,TACNA
2019-03-25,0.5507790770044222,0.6193707446283769,random_forest,TACNA
2019-04-01,0.8261686155066336,0.45609647833636946,random_forest,TACNA
2019-04-08,1.1015581540088448,0.5874366120365735,random_forest,TACNA
2019-04-15,2.2031163080176905,0.7195291898636111,random_forest,TACNA
2019-04-22,2.2031163080176905,1.7310733011039,random_forest,TACNA
2019-04-29,2.2031163080176905,1.8668447959669443,random_forest,TACNA
2019-05-06,1.3769476925110562,2.158401103218344,random_forest,TACNA
2019-05-13,1.1015581540088448,1.7550884569275689,random_forest,TACNA
2019-05-20,1.3769476925110562,1.4197103813751086,random_forest,TACNA
2019-05-27,1.6523372310132676,1.465441554177724,random_forest,TACNA
2019-06-03,2.2031163080176905,1.5904367608867824,random_forest,TACNA
2019-06-10,1.927726769515479,1.7098377106738183,random_forest,TACNA
2019-06-17,1.927726769515479,1.631539473829191,random_forest,TACNA
2019-06-24,1.6523372310132682,1.6365788390515474,random_forest,TACNA
2019-07-01,1.1015581540088448,1.6412468657449133,random_forest,TACNA
2019-07-08,1.3769476925110562,1.3355688597369717,random_forest,TACNA
2019-07-15,1.3769476925110562,1.5285592375790205,random_forest,TACNA
2019-07-22,1.927726769515479,1.5317759148106966,random_forest,TACNA
2019-07-29,1.6523372310132682,1.5949248371089526,random_forest,TACNA
2019-08-05,2.9985181636783076,1.486136057495718,random_forest,TACNA
2019-08-12,3.54929724068273,1.8637029448470512,random_forest,TACNA
2019-08-19,3.273907702180519,2.1641048071501925,random_forest,TACNA
2019-08-26,1.927726769515479,2.558525113798426,random_forest,TACNA
2019-09-02,1.3769476925110562,1.7878564939376065,random_forest,TACNA
2019-09-09,1.1015581540088448,1.4741086405261021,random_forest,TACNA
2019-09-16,0.5507790770044222,1.268946796308882,random_forest,TACNA
2019-09-23,0.0,0.6052462500629316,random_forest,TACNA
2019-09-30,0.27538953850221076,0.31476078306058847,random_forest,TACNA
2019-10-07,1.1015581540088448,0.19303858016281294,random_forest,TACNA
2019-10-14,1.927726769515479,0.7419601139908054,random_forest,TACNA
2019-10-21,1.927726769515479,1.2351884675772595,random_forest,TACNA
2019-10-28,1.927726769515479,1.4948527751731393,random_forest,TACNA
2019-11-04,1.3769476925110562,1.4585154147337804,random_forest,TACNA
2019-11-11,1.1015581540088448,1.2758834327845099,random_forest,TACNA
2019-11-18,0.27538953850221076,1.1502916060516721,random_forest,TACNA
2019-11-25,0.5507790770044222,0.5451585625325597,random_forest,TACNA
2019-12-02,0.8261686155066336,0.4360111260449165,random_forest,TACNA
2019-12-09,1.3769476925110562,0.5808060922637739,random_forest,TACNA
2019-12-16,1.1015581540088448,1.185181140621359,random_forest,TACNA
2019-12-23,1.6523372310132676,1.0335196717525101,random_forest,TACNA
2019-12-30,1.6523372310132676,1.4385484911664572,random_forest,TACNA
2020-01-06,1.3769476925110562,1.4474463491659044,random_forest,TACNA
2020-01-13,0.8209361733559506,1.2777051070402492,random_forest,TACNA
2020-01-20,0.5403141927030563,1.003446362960846,random_forest,TACNA
2020-01-27,1.0806283854061132,0.6506884851828261,random_forest,TACNA
2020-02-03,0.8104712890545848,1.1084581212759859,random_forest,TACNA
2020-02-10,0.5403141927030563,0.8641104042114893,random_forest,TACNA
2020-02-17,0.5403141927030563,0.717867459827898,random_forest,TACNA
2020-02-24,0.8104712890545848,0.7021306982246682,random_forest,TACNA
2020-03-02,1.0806283854061132,0.8996435005994841,random_forest,TACNA
2020-03-09,0.5403141927030563,0.9994585216188623,random_forest,TACNA
2020-03-16,0.27015709635152785,0.6733668003817406,random_forest,TACNA
2020-03-23,1.0806283854061132,0.4271696614626619,random_forest,TACNA
2020-03-30,1.62094257810917,0.8605577389271171,random_forest,TACNA
2020-04-06,2.161256770812227,1.3726880206182517,random_forest,TACNA
2020-04-13,1.3507854817576417,1.7465715942530258,random_forest,TACNA
2020-04-20,0.8104712890545848,1.4732347116583941,random_forest,TACNA
2020-04-27,1.080628385406113,0.9895952960762049,random_forest,TACNA
2020-05-04,1.8910996744606983,0.9564064221391855,random_forest,TACNA
2020-05-11,1.8910996744606983,1.4757367347413428,random_forest,TACNA
2020-05-18,2.161256770812227,1.5701609438944457,random_forest,TACNA
2020-05-25,2.4314138671637555,1.5562951885702492,random_forest,TACNA
2020-06-01,3.5120422525698687,2.1274648477589317,random_forest,TACNA
2020-06-08,2.701570963515284,2.737196625413456,random_forest,TACNA
2020-06-15,1.8910996744606985,2.3680238788010026,random_forest,TACNA
2020-06-22,1.62094257810917,1.9645406218019676,random_forest,TACNA
2020-06-29,2.161256770812227,1.5778723829155021,random_forest,TACNA
2020-07-06,3.5179025877786323,1.76488985444358,random_forest,TACNA
2020-07-13,2.7074312987240474,2.424198156193665,random_forest,TACNA
2020-07-20,3.788059684130161,2.2844242529212306,random_forest,TACNA
2020-07-27,2.971728059866812,2.7994757071581544,random_forest,TACNA
2020-08-03,4.862827734327511,2.8328854195656197,random_forest,TACNA
2020-08-10,4.052356445272926,2.686865750575473,random_forest,TACNA
2020-08-17,4.592670637975982,2.6181480373061388,random_forest,TACNA
2020-08-24,3.5120422525698687,2.9426610613389323,random_forest,TACNA
2020-08-31,3.5120422525698687,2.6598538323286203,random_forest,TACNA
2020-09-07,2.701570963515284,2.4961304916839664,random_forest,TACNA
2020-09-14,2.4314138671637555,2.147284391608583,random_forest,TACNA
2020-09-21,2.1612567708122263,2.185003966957375,random_forest,TACNA
2020-09-28,2.701570963515284,1.7902755826534524,random_forest,TACNA
2020-10-05,2.701570963515284,1.8387282762680335,random_forest,TACNA
2020-10-12,2.9717280598668125,1.9011173946805018,random_forest,TACNA
2020-10-19,2.9717280598668125,2.3982119001961753,random_forest,TACNA
2020-10-26,3.241885156218341,2.4320401438042425,random_forest,TACNA
2020-11-02,2.701570963515284,2.5082161867023682,random_forest,TACNA
2020-11-09,1.8910996744606983,2.343462700213764,random_forest,TACNA
2020-11-16,1.8910996744606983,1.8279038358823465,random_forest,TACNA
2020-11-23,1.8910996744606983,1.750848800169011,random_forest,TACNA
2020-11-30,1.62094257810917,1.8270643723848559,random_forest,TACNA
2020-12-07,1.3507854817576417,1.578961140369493,random_forest,TACNA
2020-12-14,0.8104712890545848,1.2733891046747376,random_forest,TACNA
2020-12-21,0.8104712890545848,0.8894561128715444,random_forest,TACNA
2020-12-28,0.8104712890545848,0.8766656130882016,random_forest,TACNA
2021-01-04,1.8709504135230197,0.7959343700416086,random_forest,TACNA
2021-01-11,2.1310328794057085,1.4420450744856566,random_forest,TACNA
2021-01-18,2.1209582489368692,1.6880571496124084,random_forest,TACNA
2021-01-25,1.325598905585543,1.7175930697830597,random_forest,TACNA
2021-02-01,1.0604791244684344,1.2741607155235402,random_forest,TACNA
2021-02-08,0.5302395622342169,1.0668399810975986,random_forest,TACNA
2021-02-15,0.26511978111710816,0.798875745144983,random_forest,TACNA
2021-02-22,0.26511978111710816,0.6333714894439295,random_forest,TACNA
2021-03-01,0.7953593433513255,0.5133655798129926,random_forest,TACNA
2021-03-08,0.7953593433513255,0.6437220070143768,random_forest,TACNA
2021-03-15,0.5302395622342169,0.7064208854191771,random_forest,TACNA
2021-03-22,0.0,0.5257639787013753,random_forest,TACNA
2021-03-29,0.0,0.4847179493126553,random_forest,TACNA
2021-04-05,0.26511978111710816,0.3052898782413942,random_forest,TACNA
2021-04-12,0.5302395622342169,0.32912193882854357,random_forest,TACNA
2021-04-19,1.0604791244684344,0.3323474360245876,random_forest,TACNA
2021-04-26,2.120958248936869,0.7444297076912985,random_forest,TACNA
2021-05-03,2.120958248936869,1.4733388067665905,random_forest,TACNA
2021-05-10,2.386078030053978,1.5626697170558796,random_forest,TACNA
2021-05-17,1.8558384678197604,2.027180786587676,random_forest,TACNA
2021-05-24,2.6511978111710865,1.9561497160729018,random_forest,TACNA
2021-05-31,2.1209582489368692,2.3392296169279545,random_forest,TACNA
2021-06-07,2.1209582489368692,2.285275434632687,random_forest,TACNA
2021-06-14,1.5907186867026517,2.2567708170091443,random_forest,TACNA
2021-06-21,2.1209582489368692,2.0558881006881045,random_forest,TACNA
2021-06-28,1.5907186867026517,2.012692471472143,random_forest,TACNA
2021-07-05,2.1209582489368692,1.774097341500977,random_forest,TACNA
2021-07-12,1.325598905585543,1.9059234121587494,random_forest,TACNA
2021-07-19,1.325598905585543,1.4353953639328663,random_forest,TACNA
2021-07-26,0.26511978111710816,1.3465006188986295,random_forest,TACNA
2021-08-02,0.5302395622342169,0.7183110118668785,random_forest,TACNA
2021-08-09,1.325598905585543,0.7076975018558402,random_forest,TACNA
2021-08-16,1.8558384678197608,1.2412967362157485,random_forest,TACNA
2021-08-23,2.1209582489368692,1.5594873155298425,random_forest,TACNA
2021-08-30,1.5907186867026524,1.824169836873415,random_forest,TACNA
2021-09-06,1.5907186867026524,1.5058654193048215,random_forest,TACNA
2021-09-13,1.5907186867026524,1.4876537489946746,random_forest,TACNA
2021-09-20,1.5907186867026524,1.4690584855274644,random_forest,TACNA
2021-09-27,1.5907186867026524,1.4668124363270536,random_forest,TACNA
2021-10-04,2.651197811171086,1.4818003771466102,random_forest,TACNA
2021-10-11,2.9163175922881948,1.717152824137619,random_forest,TACNA
2021-10-18,2.9163175922881948,2.4618195493482915,random_forest,TACNA
2021-10-25,1.8558384678197601,2.3453639065791982,random_forest,TACNA
2021-11-01,2.120958248936869,1.7396061829411376,random_forest,TACNA
2021-11-08,2.1209582489368692,1.72408903106417,random_forest,TACNA
2021-11-15,2.386078030053978,1.8180070067364236,random_forest,TACNA
2021-11-22,1.5907186867026513,2.1275613022132367,random_forest,TACNA
2021-11-29,1.3255989055855426,1.7641375683184553,random_forest,TACNA
2021-12-06,1.060479124468434,1.1845226422515593,random_forest,TACNA
2021-12-13,1.060479124468434,1.046366495925923,random_forest,TACNA
2021-12-20,1.060479124468434,1.0419484878232055,random_forest,TACNA
2021-12-27,1.060479124468434,1.0582628100022196,random_forest,TACNA
2022-01-03,1.8364241444298683,1.035713149983669,random_forest,TACNA
2022-01-10,2.352102964121667,1.6063773641336159,random_forest,TACNA
2022-01-17,2.082129602157085,1.7863453702515488,random_forest,TACNA
2022-01-24,2.9380248107480047,1.780456771596067,random_forest,TACNA
2022-01-31,4.05418621960856,2.0367777232320523,random_forest,TACNA
2022-02-07,5.690880029008388,2.6501482790895228,random_forest,TACNA
2022-02-14,5.355517220956739,2.755912698008841,random_forest,TACNA
2022-02-21,4.49962201236582,2.9878298930564733,random_forest,TACNA
2022-02-28,3.6437268037749,3.1554927101267376,random_forest,TACNA
2022-03-07,2.3423958024267217,3.63249721969681,random_forest,TACNA
2022-03-14,1.5615972016178141,2.94947376271034,random_forest,TACNA
2022-03-21,0.7807986008089074,2.2772299174347994,random_forest,TACNA
2022-03-28,0.520532400539271,1.0602450161504158,random_forest,TACNA
2022-04-04,0.2602662002696352,0.621395376608449,random_forest,TACNA
2022-04-11,0.2602662002696352,0.5847825627781593,random_forest,TACNA
2022-04-18,0.7807986008089068,0.5539210571119224,random_forest,TACNA
2022-04-25,1.5615972016178141,0.7324824051266334,random_forest,TACNA
2022-05-02,2.0821296021570856,1.5268552134465274,random_forest,TACNA
2022-05-09,2.602662002696357,1.8628554793881222,random_forest,TACNA
2022-05-16,2.0821296021570856,2.0937984420061007,random_forest,TACNA
2022-05-23,1.3013310013481785,2.2494727736779248,random_forest,TACNA
2022-05-30,1.5615972016178141,1.3907226871603586,random_forest,TACNA
2022-06-06,2.0821296021570856,1.7452810952732825,random_forest,TACNA
2022-06-13,2.8629282029659926,1.8270696278057441,random_forest,TACNA
2022-06-20,1.8218634018874498,2.337587478337025,random_forest,TACNA
2022-06-27,1.3013310013481783,2.0774466379524372,random_forest,TACNA
2022-07-04,0.7807986008089074,1.539709270278999,random_forest,TACNA
2022-07-11,0.520532400539271,1.0921591702773283,random_forest,TACNA
2022-07-18,1.5615972016178141,0.9910154685533543,random_forest,TACNA
2022-07-25,2.3423958024267217,1.6575182280432132,random_forest,TACNA
2022-08-01,2.6026620026963574,1.863677335406278,random_forest,TACNA
2022-08-08,2.3423958024267217,2.040491810167365,random_forest,TACNA
2022-08-15,1.3013310013481785,2.238206955173616,random_forest,TACNA
2022-08-22,1.0410648010785426,1.4602804100368503,random_forest,TACNA
2022-08-29,0.520532400539271,1.1271128854264578,random_forest,TACNA
2022-09-05,0.7807986008089068,0.8639624561384622,random_forest,TACNA
2022-09-12,0.7807986008089068,1.1531115111455166,random_forest,TACNA
2022-09-19,0.7807986008089068,0.8811053893729162,random_forest,TACNA
2022-09-26,0.520532400539271,0.9552580067254597,random_forest,TACNA
2022-10-03,0.520532400539271,0.8474957576887809,random_forest,TACNA
2022-10-10,0.0,0.8358423017524077,random_forest,TACNA
2022-10-17,0.520532400539271,0.49261083895366875,random_forest,TACNA
2022-10-24,1.0410648010785426,0.5187781901470847,random_forest,TACNA
2022-10-31,1.5615972016178148,0.9839738043593367,random_forest,TACNA
2022-11-07,1.3013310013481785,1.6697188182538634,random_forest,TACNA
2022-11-14,1.0410648010785426,1.1845986630227379,random_forest,TACNA
2022-11-21,0.7807986008089074,1.107802029914728,random_forest,TACNA
2022-11-28,0.520532400539271,1.0207408589766214,random_forest,TACNA
2022-12-05,0.520532400539271,0.8454503596775409,random_forest,TACNA
2011-12-26,0.9588003490033268,1.29062457398549,xgboost,TACNA
2012-01-02,0.6392002326688845,0.8856307550361693,xgboost,TACNA
2012-01-09,0.0,0.9160081591511251,xgboost,TACNA
2012-01-16,0.31356022551251406,0.7985471684809444,xgboost,TACNA
2012-01-23,0.31356022551251406,0.6460200384722332,xgboost,TACNA
2012-01-30,0.31356022551251406,0.6419886218025379,xgboost,TACNA
2012-02-06,0.31356022551251406,0.3040450512342813,xgboost,TACNA
2012-02-13,0.31356022551251406,0.2932314981404237,xgboost,TACNA
2012-02-20,0.9406806765375425,0.31466066670195475,xgboost,TACNA
2012-02-27,1.2542409020500567,0.5990327509188478,xgboost,TACNA
2012-03-05,1.2542409020500567,0.8832607670526393,xgboost,TACNA
2012-03-12,0.6271204510250282,0.8673602180409221,xgboost,TACNA
2012-03-19,0.9406806765375424,0.7893013856916733,xgboost,TACNA
2012-03-26,1.5678011275625707,0.9100643386552079,xgboost,TACNA
2012-04-02,2.1949215785875995,1.4748730061383353,xgboost,TACNA
2012-04-09,1.8813613530750852,1.5190325388275827,xgboost,TACNA
2012-04-16,1.5678011275625707,1.5364525304937944,xgboost,TACNA
2012-04-23,1.2542409020500567,1.4919518227344133,xgboost,TACNA
2012-04-30,0.9406806765375426,1.1029011726102649,xgboost,TACNA
2012-05-07,1.2542409020500567,1.0464086681427718,xgboost,TACNA
2012-05-14,1.5678011275625707,0.9402593515482065,xgboost,TACNA
2012-05-21,1.2542409020500567,1.6228581792382508,xgboost,TACNA
2012-05-28,1.2542409020500567,0.9253289359061234,xgboost,TACNA
2012-06-04,1.2542409020500567,0.9411944790496782,xgboost,TACNA
2012-06-11,2.1949215785875995,1.0445919186970598,xgboost,TACNA
2012-06-18,2.508481804100113,1.9798317847481384,xgboost,TACNA
2012-06-25,2.194921578587599,2.19806951094214,xgboost,TACNA
2012-07-02,1.881361353075085,1.9799191710424449,xgboost,TACNA
2012-07-09,0.9406806765375425,1.5417690496562426,xgboost,TACNA
2012-07-16,1.5678011275625707,0.9219825045499519,xgboost,TACNA
2012-07-23,0.9406806765375424,1.4432965130060063,xgboost,TACNA
2012-07-30,1.5678011275625707,0.9075568743114923,xgboost,TACNA
2012-08-06,0.9406806765375425,1.4710205836410526,xgboost,TACNA
2012-08-13,1.2542409020500567,1.1554078851885645,xgboost,TACNA
2012-08-20,0.9406806765375426,1.4610019034753017,xgboost,TACNA
2012-08-27,0.9406806765375426,1.0048500637890565,xgboost,TACNA
2012-09-03,0.9406806765375426,1.1401047590741156,xgboost,TACNA
2012-09-10,1.881361353075085,1.0262596159906656,xgboost,TACNA
2012-09-17,1.881361353075085,1.7595755334861094,xgboost,TACNA
2012-09-24,1.5678011275625707,1.5738674084187867,xgboost,TACNA
2012-10-01,0.31356022551251406,1.3035452537156873,xgboost,TACNA
2012-10-08,0.0,0.7697114609350137,xgboost,TACNA
2012-10-15,0.31356022551251406,0.7173685052498997,xgboost,TACNA
2012-10-22,0.6271204510250282,0.7165938933907432,xgboost,TACNA
2012-10-29,0.6271204510250282,0.8934753796277946,xgboost,TACNA
2012-11-05,0.6271204510250282,0.8494617087819263,xgboost,TACNA
2012-11-12,0.6271204510250282,0.8344903430916242,xgboost,TACNA
2012-11-19,1.2542409020500567,0.695493267025314,xgboost,TACNA
2012-11-26,1.881361353075085,0.9807829259285119,xgboost,TACNA
2012-12-03,1.5678011275625707,1.6079151495075794,xgboost,TACNA
2012-12-10,1.5678011275625707,1.1832933250719404,xgboost,TACNA
2012-12-17,1.5678011275625707,1.1093676211374128,xgboost,TACNA
2012-12-24,2.1949215785875995,1.1819948396770057,xgboost,TACNA
2012-12-31,1.8813613530750848,1.3913073830337312,xgboost,TACNA
2013-01-07,1.5561675574346763,1.056381207186993,xgboost,TACNA
2013-01-14,1.2367905468582145,0.8902913468278926,xgboost,TACNA
2013-01-21,1.230973761794267,0.8433416050571123,xgboost,TACNA
2013-01-28,0.6154868808971335,0.855511218914285,xgboost,TACNA
2013-02-04,0.6154868808971335,0.5613029066070623,xgboost,TACNA
2013-02-11,0.30774344044856666,0.6701658663067249,xgboost,TACNA
2013-02-18,0.30774344044856666,0.3951722934373941,xgboost,TACNA
2013-02-25,0.0,0.4039552756093049,xgboost,TACNA
2013-03-04,0.0,0.48513710893874895,xgboost,TACNA
2013-03-11,0.0,0.5066100108909364,xgboost,TACNA
2013-03-18,0.0,0.20845110239761325,xgboost,TACNA
2013-03-25,0.0,0.2866874951165326,xgboost,TACNA
2013-04-01,0.30774344044856666,0.11553889057189126,xgboost,TACNA
2013-04-08,0.6154868808971335,0.10987417563629316,xgboost,TACNA
2013-04-15,0.6154868808971335,0.8298075437479617,xgboost,TACNA
2013-04-22,0.30774344044856666,0.7961281808153204,xgboost,TACNA
2013-04-29,0.0,0.3580122476671324,xgboost,TACNA
2013-05-06,0.6154868808971335,0.2253855378673388,xgboost,TACNA
2013-05-13,0.6154868808971335,0.6582411801872816,xgboost,TACNA
2013-05-20,0.6154868808971335,0.6391296840731893,xgboost,TACNA
2013-05-27,0.30774344044856666,0.5761548962016472,xgboost,TACNA
2013-06-03,1.5387172022428341,0.2821124628949033,xgboost,TACNA
2013-06-10,2.154204083139968,1.4301744783484827,xgboost,TACNA
2013-06-17,1.846460642691401,1.5985106950606558,xgboost,TACNA
2013-06-24,0.6154868808971335,1.4932495867176598,xgboost,TACNA
2013-07-01,0.0,0.7568254362797646,xgboost,TACNA
2013-07-08,0.6154868808971335,0.5181636950936224,xgboost,TACNA
2013-07-15,0.6154868808971335,0.7805356586352943,xgboost,TACNA
2013-07-22,0.6154868808971335,0.5931845411221481,xgboost,TACNA
2013-07-29,0.0,0.5673132446043234,xgboost,TACNA
2013-08-05,0.30774344044856666,0.33302630392908183,xgboost,TACNA
2013-08-12,0.30774344044856666,0.4132943026747988,xgboost,TACNA
2013-08-19,0.30774344044856666,0.41745351517801244,xgboost,TACNA
2013-08-26,0.0,0.33154561717727155,xgboost,TACNA
2013-09-02,0.0,0.13607922330064195,xgboost,TACNA
2013-09-09,0.0,0.22088596389211304,xgboost,TACNA
2013-09-16,0.30774344044856666,0.18971855247166333,xgboost,TACNA
2013-09-23,0.9232303213457004,0.2513826374948704,xgboost,TACNA
2013-09-30,0.9232303213457004,0.6335667428310592,xgboost,TACNA
2013-10-07,1.230973761794267,0.6119691562589531,xgboost,TACNA
2013-10-14,0.6154868808971335,0.9331572252356042,xgboost,TACNA
2013-10-21,0.6154868808971335,0.5798571459974886,xgboost,TACNA
2013-10-28,0.0,0.6379800149254837,xgboost,TACNA
2013-11-04,0.0,0.4227799573626438,xgboost,TACNA
2013-11-11,0.0,0.337060105403927,xgboost,TACNA
2013-11-18,0.0,0.37450781437177283,xgboost,TACNA
2013-11-25,0.0,0.2243748440810948,xgboost,TACNA
2013-12-02,0.0,0.19730912595585257,xgboost,TACNA
2013-12-09,0.0,0.23212555422638248,xgboost,TACNA
2013-12-16,0.0,0.21566200957099,xgboost,TACNA
2013-12-23,0.0,0.08339582950711799,xgboost,TACNA
2013-12-30,0.0,0.09107803983892868,xgboost,TACNA
2014-01-06,0.0,0.07144901980195469,xgboost,TACNA
2014-01-13,0.0,0.0656443755239359,xgboost,TACNA
2014-01-20,0.0,0.05394868902700336,xgboost,TACNA
2014-01-27,0.0,0.05194642755184116,xgboost,TACNA
2014-02-03,0.0,0.05194642755184116,xgboost,TACNA
2014-02-10,0.0,0.05194642755184116,xgboost,TACNA
2014-02-17,0.0,0.05066856069590944,xgboost,TACNA
2014-02-24,0.0,0.05437675843271242,xgboost,TACNA
2014-03-03,0.0,0.05211882602634172,xgboost,TACNA
2014-03-10,0.0,0.05211882602634172,xgboost,TACNA
2014-03-17,0.0,0.05966659962870639,xgboost,TACNA
2014-03-24,0.0,0.08782839391224097,xgboost,TACNA
2014-03-31,0.30213944944149507,0.10764263634677666,xgboost,TACNA
2014-04-07,0.30213944944149507,0.11641999873374693,xgboost,TACNA
2014-04-14,0.30213944944149507,0.2746985586828162,xgboost,TACNA
2014-04-21,0.0,0.2616189762483315,xgboost,TACNA
2014-04-28,0.0,0.15747083920262456,xgboost,TACNA
2014-05-05,0.0,0.14057708917845657,xgboost,TACNA
2014-05-12,0.30213944944149507,0.10029516627485728,xgboost,TACNA
2014-05-19,0.30213944944149507,0.19708529213655046,xgboost,TACNA
2014-05-26,0.30213944944149507,0.19088423740599092,xgboost,TACNA
2014-06-02,0.6042788988829902,0.21403101772615957,xgboost,TACNA
2014-06-09,0.9064183483244855,0.5455723841391487,xgboost,TACNA
2014-06-16,0.9064183483244855,0.7099594184760736,xgboost,TACNA
2014-06-23,1.2085577977659807,0.6693929426807934,xgboost,TACNA
2014-06-30,0.9064183483244855,0.9182089716646389,xgboost,TACNA
2014-07-07,1.2085577977659807,1.0719618164280247,xgboost,TACNA
2014-07-14,0.30213944944149507,1.069087777390298,xgboost,TACNA
2014-07-21,1.2085577977659807,0.5177162446902455,xgboost,TACNA
2014-07-28,2.1149761460904664,0.9617145990784086,xgboost,TACNA
2014-08-04,2.1149761460904664,1.7087194474185776,xgboost,TACNA
2014-08-11,1.510697247207476,1.5643621079881127,xgboost,TACNA
2014-08-18,1.2085577977659807,1.1994984261894515,xgboost,TACNA
2014-08-25,1.510697247207476,0.8384527649853735,xgboost,TACNA
2014-09-01,1.510697247207476,1.221182020701887,xgboost,TACNA
2014-09-08,0.6042788988829902,1.1805709199246919,xgboost,TACNA
2014-09-15,1.2085577977659807,0.6553665738189083,xgboost,TACNA
2014-09-22,1.2085577977659807,1.135001175825153,xgboost,TACNA
2014-09-29,1.510697247207476,0.9692228016205191,xgboost,TACNA
2014-10-06,1.2085577977659807,1.1037994446914272,xgboost,TACNA
2014-10-13,1.510697247207476,0.897819367750512,xgboost,TACNA
2014-10-20,2.1149761460904664,1.1103655096359728,xgboost,TACNA
2014-10-27,1.510697247207476,1.9113325769856049,xgboost,TACNA
2014-11-03,0.9064183483244855,1.240111513947805,xgboost,TACNA
2014-11-10,0.6042788988829902,0.9758787310357813,xgboost,TACNA
2014-11-17,0.6042788988829902,0.6625799428041774,xgboost,TACNA
2014-11-24,0.9064183483244855,0.6483535799569198,xgboost,TACNA
2014-12-01,0.30213944944149507,1.0629755987062488,xgboost,TACNA
2014-12-08,0.30213944944149507,0.42898773602059354,xgboost,TACNA
2014-12-15,0.30213944944149507,0.3670242755119809,xgboost,TACNA
2014-12-22,0.6042788988829902,0.4005265302787097,xgboost,TACNA
2014-12-29,0.6042788988829902,0.45996346617459494,xgboost,TACNA
2015-01-05,0.30213944944149507,0.35651925044559635,xgboost,TACNA
2015-01-12,0.0,0.2519728067122939,xgboost,TACNA
2015-01-19,0.5934700490502994,0.2078036604724144,xgboost,TACNA
2015-01-26,0.5934700490502994,0.4857902281794267,xgboost,TACNA
2015-02-02,0.5934700490502994,0.44189731057221004,xgboost,TACNA
2015-02-09,0.0,0.4197648869358039,xgboost,TACNA
2015-02-16,0.5934700490502994,0.3351227304381226,xgboost,TACNA
2015-02-23,0.5934700490502994,0.5648176725633289,xgboost,TACNA
2015-03-02,0.5934700490502994,0.634596833187987,xgboost,TACNA
2015-03-09,0.0,0.5215231684888346,xgboost,TACNA
2015-03-16,0.0,0.3518894966889036,xgboost,TACNA
2015-03-23,0.0,0.2158562879465492,xgboost,TACNA
2015-03-30,0.29673502452514966,0.2694103241303443,xgboost,TACNA
2015-04-06,0.29673502452514966,0.12724616332189775,xgboost,TACNA
2015-04-13,0.29673502452514966,0.2733554826436123,xgboost,TACNA
2015-04-20,0.0,0.2762052174934733,xgboost,TACNA
2015-04-27,0.0,0.15942497371544465,xgboost,TACNA
2015-05-04,0.29673502452514966,0.17316011904359097,xgboost,TACNA
2015-05-11,0.8902050735754493,0.2317178621967876,xgboost,TACNA
2015-05-18,0.8902050735754493,0.5636643429293036,xgboost,TACNA
2015-05-25,0.5934700490502994,0.6148970415488839,xgboost,TACNA
2015-06-01,0.0,0.6918111340848652,xgboost,TACNA
2015-06-08,0.29673502452514966,0.41010247798660565,xgboost,TACNA
2015-06-15,0.5934700490502994,0.4440813763252833,xgboost,TACNA
2015-06-22,0.8902050735754494,0.544510015115786,xgboost,TACNA
2015-06-29,0.8902050735754494,0.7813200125808237,xgboost,TACNA
2015-07-06,0.8902050735754494,0.7983288117415808,xgboost,TACNA
2015-07-13,0.5934700490502994,0.8799459944980401,xgboost,TACNA
2015-07-20,1.1869400981005989,0.6597682516644037,xgboost,TACNA
2015-07-27,1.4836751226257487,1.1172096170075108,xgboost,TACNA
2015-08-03,2.0771451716760483,1.3514578178407768,xgboost,TACNA
2015-08-10,1.1869400981005989,1.6822350137198998,xgboost,TACNA
2015-08-17,0.5934700490502993,1.1598963646630813,xgboost,TACNA
2015-08-24,0.0,0.6344485034078391,xgboost,TACNA
2015-08-31,0.0,0.3323775961661149,xgboost,TACNA
2015-09-07,0.0,0.3262846073909528,xgboost,TACNA
2015-09-14,0.0,0.2680865383917341,xgboost,TACNA
2015-09-21,0.0,0.15050232111611658,xgboost,TACNA
2015-09-28,0.0,0.07569913416566958,xgboost,TACNA
2015-10-05,0.0,0.04598863385753472,xgboost,TACNA
2015-10-12,0.0,0.08421326707413568,xgboost,TACNA
2015-10-19,0.0,0.08945693229562793,xgboost,TACNA
2015-10-26,0.0,0.07206420028668807,xgboost,TACNA
2015-11-02,0.0,0.06226688828599814,xgboost,TACNA
2015-11-09,0.8902050735754491,0.07906016815113508,xgboost,TACNA
2015-11-16,1.1869400981005989,0.6926321692300452,xgboost,TACNA
2015-11-23,1.1869400981005989,0.9787393508591784,xgboost,TACNA
2015-11-30,0.2967350245251495,0.8800240974190996,xgboost,TACNA
2015-12-07,0.0,0.3651959249911132,xgboost,TACNA
2015-12-14,0.0,0.17304492195719887,xgboost,TACNA
2015-12-21,0.0,0.18049827824191075,xgboost,TACNA
2015-12-28,0.0,0.10514426605175241,xgboost,TACNA
2016-01-04,0.0,0.0970781853979567,xgboost,TACNA
2016-01-11,0.0,0.04688411923147838,xgboost,TACNA
2016-01-18,0.0,0.07689120204107511,xgboost,TACNA
2016-01-25,0.0,0.09506023139633826,xgboost,TACNA
2016-02-01,0.0,0.10040658872989511,xgboost,TACNA
2016-02-08,0.0,0.09915144952572812,xgboost,TACNA
2016-02-15,0.0,0.060929024600991935,xgboost,TACNA
2016-02-22,0.0,0.06765939725539466,xgboost,TACNA
2016-02-29,0.0,0.06765939725539466,xgboost,TACNA
2016-03-07,0.0,0.07374428035574522,xgboost,TACNA
2016-03-14,0.0,0.05441535428663953,xgboost,TACNA
2016-03-21,0.0,0.05441535428663953,xgboost,TACNA
2016-03-28,0.0,0.05441535428663953,xgboost,TACNA
2016-04-04,0.0,0.09247406758710136,xgboost,TACNA
2016-04-11,0.0,0.07658304079159661,xgboost,TACNA
2016-04-18,0.0,0.07392848857640082,xgboost,TACNA
2016-04-25,0.0,0.06959063753310057,xgboost,TACNA
2016-05-02,0.0,0.06959063753310057,xgboost,TACNA
2016-05-09,0.0,0.17949513224950436,xgboost,TACNA
2016-05-16,0.5830427836794662,0.2631283197040582,xgboost,TACNA
2016-05-23,0.5830427836794662,0.4603239064911671,xgboost,TACNA
2016-05-30,1.1660855673589325,0.4476789213407798,xgboost,TACNA
2016-06-06,0.5830427836794662,0.7779297853706251,xgboost,TACNA
2016-06-13,0.5830427836794662,0.4409573921337132,xgboost,TACNA
2016-06-20,0.5830427836794662,0.5085038451025237,xgboost,TACNA
2016-06-27,0.5830427836794662,0.6065339667481613,xgboost,TACNA
2016-07-04,0.5830427836794662,0.7530996552873737,xgboost,TACNA
2016-07-11,0.0,0.7490563753357944,xgboost,TACNA
2016-07-18,0.0,0.5221786798402677,xgboost,TACNA
2016-07-25,0.0,0.43293884548041833,xgboost,TACNA
2016-08-01,0.2915213918397329,0.26082041580312015,xgboost,TACNA
2016-08-08,0.2915213918397329,0.21660309205369627,xgboost,TACNA
2016-08-15,0.2915213918397329,0.13635145568944151,xgboost,TACNA
2016-08-22,0.0,0.0550626993180238,xgboost,TACNA
2016-08-29,0.0,0.092168404532544,xgboost,TACNA
2016-09-05,0.0,0.12474944719856138,xgboost,TACNA
2016-09-12,0.0,0.08089881926153887,xgboost,TACNA
2016-09-19,0.0,0.08950334678594733,xgboost,TACNA
2016-09-26,0.0,0.053195311884193186,xgboost,TACNA
2016-10-03,0.0,0.04908919478330281,xgboost,TACNA
2016-10-10,0.2915213918397329,0.04351400287426238,xgboost,TACNA
2016-10-17,0.2915213918397329,0.0969031886378422,xgboost,TACNA
2016-10-24,0.2915213918397329,0.19025202457462778,xgboost,TACNA
2016-10-31,0.0,0.17119665690003275,xgboost,TACNA
2016-11-07,0.5830427836794662,0.0819365126721344,xgboost,TACNA
2016-11-14,0.5830427836794662,0.41161040217659145,xgboost,TACNA
2016-11-21,0.5830427836794662,0.4703201489529597,xgboost,TACNA
2016-11-28,0.0,0.44271830728604833,xgboost,TACNA
2016-12-05,0.0,0.18819410804920997,xgboost,TACNA
2016-12-12,0.0,0.16325546773377989,xgboost,TACNA
2016-12-19,0.0,0.1175569626904181,xgboost,TACNA
2016-12-26,0.0,0.06528349927567198,xgboost,TACNA
2017-01-02,0.0,0.03460031047641157,xgboost,TACNA
2017-01-09,0.0,0.03818347903523413,xgboost,TACNA
2017-01-16,0.0,0.040651625228440826,xgboost,TACNA
2017-01-23,0.0,0.038626456531740704,xgboost,TACNA
2017-01-30,0.0,0.04297681412482655,xgboost,TACNA
2017-02-06,0.0,0.04510014762228859,xgboost,TACNA
2017-02-13,0.0,0.045348456842156194,xgboost,TACNA
2017-02-20,0.28648698203153616,0.04519909277533973,xgboost,TACNA
2017-02-27,0.28648698203153616,0.04519909277533973,xgboost,TACNA
2017-03-06,0.28648698203153616,0.08855097963564444,xgboost,TACNA
2017-03-13,0.0,0.17428660463700713,xgboost,TACNA
2017-03-20,0.0,0.07592948993056393,xgboost,TACNA
2017-03-27,0.0,0.09462711559415611,xgboost,TACNA
2017-04-03,0.0,0.06761323723137758,xgboost,TACNA
2017-04-10,0.0,0.05446309239124763,xgboost,TACNA
2017-04-17,0.0,0.05446309239124763,xgboost,TACNA
2017-04-24,0.0,0.04731918242499971,xgboost,TACNA
2017-05-01,0.0,0.04731918242499971,xgboost,TACNA
2017-05-08,0.0,0.12686132782830245,xgboost,TACNA
2017-05-15,0.0,0.27726484363936704,xgboost,TACNA
2017-05-22,0.0,0.27726484363936704,xgboost,TACNA
2017-05-29,0.0,0.25089561528889126,xgboost,TACNA
2017-06-05,0.0,0.12673957053780052,xgboost,TACNA
2017-06-12,0.5729739640630727,0.13266733468526243,xgboost,TACNA
2017-06-19,0.5729739640630727,0.5091913030607904,xgboost,TACNA
2017-06-26,0.5729739640630727,0.4676987409912522,xgboost,TACNA
2017-07-03,0.0,0.5141982442741782,xgboost,TACNA
2017-07-10,0.8594609460946092,0.287690218924588,xgboost,TACNA
2017-07-17,1.1459479281261455,0.7845004522488952,xgboost,TACNA
2017-07-24,1.1459479281261455,0.7271317057939657,xgboost,TACNA
2017-07-31,0.5729739640630727,0.8794758767475885,xgboost,TACNA
2017-08-07,0.5729739640630727,0.63915689367733,xgboost,TACNA
2017-08-14,1.432434910157682,0.45510181877239264,xgboost,TACNA
2017-08-21,2.0054088742207554,1.3727252348702499,xgboost,TACNA
2017-08-28,2.291895856252292,1.1751168421634266,xgboost,TACNA
2017-09-04,2.2918958562522915,1.1084056433505909,xgboost,TACNA
2017-09-11,3.151356802346901,1.023008441680827,xgboost,TACNA
2017-09-18,3.437843784378438,0.9694038019193285,xgboost,TACNA
2017-09-25,3.151356802346901,1.5732653271230919,xgboost,TACNA
2017-10-02,2.005408874220755,1.6116442687083659,xgboost,TACNA
2017-10-09,1.1459479281261455,1.4021998313249768,xgboost,TACNA
2017-10-16,0.8594609460946092,0.9684099140283875,xgboost,TACNA
2017-10-23,0.28648698203153616,0.7485721923642814,xgboost,TACNA
2017-10-30,0.28648698203153616,0.2635941390912864,xgboost,TACNA
2017-11-06,0.0,0.15405588289217073,xgboost,TACNA
2017-11-13,0.0,0.07188822612735385,xgboost,TACNA
2017-11-20,0.0,0.05611458965061285,xgboost,TACNA
2017-11-27,0.0,0.0299373829575924,xgboost,TACNA
2017-12-04,0.0,0.020623045992413314,xgboost,TACNA
2017-12-11,0.0,0.032630713439958214,xgboost,TACNA
2017-12-18,0.0,0.03849585653248539,xgboost,TACNA
2017-12-25,0.8594609460946092,0.03634634499237238,xgboost,TACNA
2018-01-01,0.8594609460946092,0.6243150714307701,xgboost,TACNA
2018-01-08,0.8594609460946092,0.5759791797185638,xgboost,TACNA
2018-01-15,0.842486007711555,0.5566534942176631,xgboost,TACNA
2018-01-22,1.6849720154231103,0.4075155248761446,xgboost,TACNA
2018-01-29,1.9658006846602953,1.0744322710251257,xgboost,TACNA
2018-02-05,1.9658006846602953,1.0906678513620305,xgboost,TACNA
2018-02-12,1.68497201542311,1.711440476528793,xgboost,TACNA
2018-02-19,1.68497201542311,1.5486392028496208,xgboost,TACNA
2018-02-26,1.1233146769487399,1.5058311281346577,xgboost,TACNA
2018-03-05,0.5616573384743698,0.9152684950180128,xgboost,TACNA
2018-03-12,0.5616573384743698,0.5998835693152595,xgboost,TACNA
2018-03-19,0.28082866923718475,0.534517882665468,xgboost,TACNA
2018-03-26,0.28082866923718475,0.2135407021632289,xgboost,TACNA
2018-04-02,0.0,0.057995016105126584,xgboost,TACNA
2018-04-09,0.0,0.11343344654017477,xgboost,TACNA
2018-04-16,0.0,0.08588066340855903,xgboost,TACNA
2018-04-23,0.842486007711555,0.02991373309689962,xgboost,TACNA
2018-04-30,0.842486007711555,0.7444928747500528,xgboost,TACNA
2018-05-07,0.842486007711555,0.8144026450194493,xgboost,TACNA
2018-05-14,0.0,0.8306127298289987,xgboost,TACNA
2018-05-21,0.28082866923718475,0.28769559159806185,xgboost,TACNA
2018-05-28,0.28082866923718475,0.2858678362375853,xgboost,TACNA
2018-06-04,1.12331467694874,0.28235273033342295,xgboost,TACNA
2018-06-11,1.12331467694874,0.7451454705192584,xgboost,TACNA
2018-06-18,2.24662935389748,0.7461023934616868,xgboost,TACNA
2018-06-25,3.0891153616090357,1.4076683065634032,xgboost,TACNA
2018-07-02,3.9316013693205907,2.2616710356722978,xgboost,TACNA
2018-07-09,3.650772700083406,2.179584601520661,xgboost,TACNA
2018-07-16,3.650772700083406,2.0782966743672366,xgboost,TACNA
2018-07-23,3.3699440308462214,1.964420965791951,xgboost,TACNA
2018-07-30,4.424418032804128,2.675489374491327,xgboost,TACNA
2018-08-06,3.581932025092572,2.521071056148934,xgboost,TACNA
2018-08-13,3.581932025092572,2.1456833290241506,xgboost,TACNA
2018-08-20,2.527458023134666,2.1315725237232743,xgboost,TACNA
2018-08-27,1.9658006846602951,2.5057932814241353,xgboost,TACNA
2018-09-03,1.68497201542311,1.6959914874115904,xgboost,TACNA
2018-09-10,1.1233146769487397,1.3564066643852062,xgboost,TACNA
2018-09-17,1.1233146769487397,0.9134481836930188,xgboost,TACNA
2018-09-24,1.1233146769487397,0.9464314764908137,xgboost,TACNA
2018-10-01,1.1233146769487397,0.910980129422398,xgboost,TACNA
2018-10-08,1.1233146769487394,0.9502377453555411,xgboost,TACNA
2018-10-15,0.5616573384743695,0.9492840866699863,xgboost,TACNA
2018-10-22,0.28082866923718447,0.5642591758185187,xgboost,TACNA
2018-10-29,0.28082866923718447,0.20325855162523443,xgboost,TACNA
2018-11-05,0.5616573384743695,0.24781798807899186,xgboost,TACNA
2018-11-12,2.24662935389748,0.2518714908982391,xgboost,TACNA
2018-11-19,2.527458023134665,1.6984547596151605,xgboost,TACNA
2018-11-26,2.527458023134665,2.0006495820277204,xgboost,TACNA
2018-12-03,1.1233146769487397,2.069305328581046,xgboost,TACNA
2018-12-10,1.1233146769487397,1.025965913731869,xgboost,TACNA
2018-12-17,1.68497201542311,0.7606015307620562,xgboost,TACNA
2018-12-24,1.68497201542311,1.0703763314990615,xgboost,TACNA
2018-12-31,1.68497201542311,1.3495548247805198,xgboost,TACNA
2019-01-07,1.393265084715977,1.286090747648419,xgboost,TACNA
2019-01-14,1.9386050309854266,1.0138223014957894,xgboost,TACNA
2019-01-21,1.6523372310132676,1.3504816812135836,xgboost,TACNA
2019-01-28,1.927726769515479,1.194391974888505,xgboost,TACNA
2019-02-04,1.927726769515479,1.2897999334685362,xgboost,TACNA
2019-02-11,1.927726769515479,1.4832575597650153,xgboost,TACNA
2019-02-18,1.3769476925110562,1.4832575597650153,xgboost,TACNA
2019-02-25,0.8261686155066341,1.1979382304692305,xgboost,TACNA
2019-03-04,0.8261686155066341,0.788936357675313,xgboost,TACNA
2019-03-11,0.8261686155066341,0.7338973990084847,xgboost,TACNA
2019-03-18,0.8261686155066341,0.7423137788259659,xgboost,TACNA
2019-03-25,0.5507790770044222,0.650536163217835,xgboost,TACNA
2019-04-01,0.8261686155066336,0.37789955285858534,xgboost,TACNA
2019-04-08,1.1015581540088448,0.7331034522036328,xgboost,TACNA
2019-04-15,2.2031163080176905,0.7086552186658368,xgboost,TACNA
2019-04-22,2.2031163080176905,1.3986588257922712,xgboost,TACNA
2019-04-29,2.2031163080176905,1.394481560362009,xgboost,TACNA
2019-05-06,1.3769476925110562,2.3078828897543984,xgboost,TACNA
2019-05-13,1.1015581540088448,1.4431016653996083,xgboost,TACNA
2019-05-20,1.3769476925110562,1.1250817803828683,xgboost,TACNA
2019-05-27,1.6523372310132676,1.2561653890824087,xgboost,TACNA
2019-06-03,2.2031163080176905,1.5896545697878355,xgboost,TACNA
2019-06-10,1.927726769515479,1.941544515178646,xgboost,TACNA
2019-06-17,1.927726769515479,1.6602231375423293,xgboost,TACNA
2019-06-24,1.6523372310132682,1.6075175544348674,xgboost,TACNA
2019-07-01,1.1015581540088448,1.5938485581024113,xgboost,TACNA
2019-07-08,1.3769476925110562,1.233042071165312,xgboost,TACNA
2019-07-15,1.3769476925110562,1.2249902496655638,xgboost,TACNA
2019-07-22,1.927726769515479,1.2781955152379072,xgboost,TACNA
2019-07-29,1.6523372310132682,1.5982401280106844,xgboost,TACNA
2019-08-05,2.9985181636783076,1.466761408913654,xgboost,TACNA
2019-08-12,3.54929724068273,2.0369574499815326,xgboost,TACNA
2019-08-19,3.273907702180519,2.255114328062321,xgboost,TACNA
2019-08-26,1.927726769515479,2.6979755121170514,xgboost,TACNA
2019-09-02,1.3769476925110562,1.6902309993048843,xgboost,TACNA
2019-09-09,1.1015581540088448,1.301190218811381,xgboost,TACNA
2019-09-16,0.5507790770044222,1.1235083004169377,xgboost,TACNA
2019-09-23,0.0,0.46444750465663875,xgboost,TACNA
2019-09-30,0.27538953850221076,0.17289118031491715,xgboost,TACNA
2019-10-07,1.1015581540088448,0.09653193096125831,xgboost,TACNA
2019-10-14,1.927726769515479,0.8042530091929114,xgboost,TACNA
2019-10-21,1.927726769515479,1.2710804712450812,xgboost,TACNA
2019-10-28,1.927726769515479,1.3910913127268985,xgboost,TACNA
2019-11-04,1.3769476925110562,1.6080402848138133,xgboost,TACNA
2019-11-11,1.1015581540088448,1.2555734948595179,xgboost,TACNA
2019-11-18,0.27538953850221076,1.0755691346134109,xgboost,TACNA
2019-11-25,0.5507790770044222,0.3901523624332268,xgboost,TACNA
2019-12-02,0.8261686155066336,0.41315864242983935,xgboost,TACNA
2019-12-09,1.3769476925110562,0.6803093948873471,xgboost,TACNA
2019-12-16,1.1015581540088448,1.2784145567058238,xgboost,TACNA
2019-12-23,1.6523372310132676,1.0379817055184861,xgboost,TACNA
2019-12-30,1.6523372310132676,1.5840299547320535,xgboost,TACNA
2020-01-06,1.3769476925110562,1.5347646654882587,xgboost,TACNA
2020-01-13,0.8209361733559506,1.185431048033755,xgboost,TACNA
2020-01-20,0.5403141927030563,0.5607067792217437,xgboost,TACNA
2020-01-27,1.0806283854061132,0.5398720149132907,xgboost,TACNA
2020-02-03,0.8104712890545848,1.08752273128359,xgboost,TACNA
2020-02-10,0.5403141927030563,0.6265224421449016,xgboost,TACNA
2020-02-17,0.5403141927030563,0.5959359935088269,xgboost,TACNA
2020-02-24,0.8104712890545848,0.6319313386638041,xgboost,TACNA
2020-03-02,1.0806283854061132,0.730503458424024,xgboost,TACNA
2020-03-09,0.5403141927030563,1.0019179274184769,xgboost,TACNA
2020-03-16,0.27015709635152785,0.6271406049460371,xgboost,TACNA
2020-03-23,1.0806283854061132,0.19784907176957503,xgboost,TACNA
2020-03-30,1.62094257810917,0.9927907336909574,xgboost,TACNA
2020-04-06,2.161256770812227,1.6183160648704695,xgboost,TACNA
2020-04-13,1.3507854817576417,1.6415301693718876,xgboost,TACNA
2020-04-20,0.8104712890545848,1.065069489652704,xgboost,TACNA
2020-04-27,1.080628385406113,0.6341379556506865,xgboost,TACNA
2020-05-04,1.8910996744606983,1.0332890200083193,xgboost,TACNA
2020-05-11,1.8910996744606983,1.6716233427658413,xgboost,TACNA
2020-05-18,2.161256770812227,1.6418345328597903,xgboost,TACNA
2020-05-25,2.4314138671637555,1.5904178155399236,xgboost,TACNA
2020-06-01,3.5120422525698687,2.338336762800726,xgboost,TACNA
2020-06-08,2.701570963515284,3.019163606805022,xgboost,TACNA
2020-06-15,1.8910996744606985,2.374106721837267,xgboost,TACNA
2020-06-22,1.62094257810917,1.8031554937934815,xgboost,TACNA
2020-06-29,2.161256770812227,1.6325415491102704,xgboost,TACNA
2020-07-06,3.5179025877786323,1.674861083469081,xgboost,TACNA
2020-07-13,2.7074312987240474,2.6090885189807222,xgboost,TACNA
2020-07-20,3.788059684130161,2.1640771370741683,xgboost,TACNA
2020-07-27,2.971728059866812,2.8248818626311603,xgboost,TACNA
2020-08-03,4.862827734327511,2.899338107773847,xgboost,TACNA
2020-08-10,4.052356445272926,2.720115357081949,xgboost,TACNA
2020-08-17,4.592670637975982,2.5925940439574258,xgboost,TACNA
2020-08-24,3.5120422525698687,2.6295433659350387,xgboost,TACNA
2020-08-31,3.5120422525698687,2.399563355103813,xgboost,TACNA
2020-09-07,2.701570963515284,2.403377769870616,xgboost,TACNA
2020-09-14,2.4314138671637555,2.0770642972417726,xgboost,TACNA
2020-09-21,2.1612567708122263,2.118651282578946,xgboost,TACNA
2020-09-28,2.701570963515284,1.6841935413196896,xgboost,TACNA
2020-10-05,2.701570963515284,1.8814038029286184,xgboost,TACNA
2020-10-12,2.9717280598668125,1.8396716136214049,xgboost,TACNA
2020-10-19,2.9717280598668125,2.551842297420968,xgboost,TACNA
2020-10-26,3.241885156218341,2.508728747969562,xgboost,TACNA
2020-11-02,2.701570963515284,2.5392723020594805,xgboost,TACNA
2020-11-09,1.8910996744606983,2.27579943667508,xgboost,TACNA
2020-11-16,1.8910996744606983,1.6580095869168638,xgboost,TACNA
2020-11-23,1.8910996744606983,1.607693806850091,xgboost,TACNA
2020-11-30,1.62094257810917,1.6492789534019012,xgboost,TACNA
2020-12-07,1.3507854817576417,1.4529302140802747,xgboost,TACNA
2020-12-14,0.8104712890545848,1.0635026851378826,xgboost,TACNA
2020-12-21,0.8104712890545848,0.6173194865489806,xgboost,TACNA
2020-12-28,0.8104712890545848,0.6502113456724457,xgboost,TACNA
2021-01-04,1.8709504135230197,0.6601916266821193,xgboost,TACNA
2021-01-11,2.1310328794057085,1.6149301110082592,xgboost,TACNA
2021-01-18,2.1209582489368692,1.633872967666067,xgboost,TACNA
2021-01-25,1.325598905585543,1.6382785204457289,xgboost,TACNA
2021-02-01,1.0604791244684344,1.084967838370189,xgboost,TACNA
2021-02-08,0.5302395622342169,0.8695340122584436,xgboost,TACNA
2021-02-15,0.26511978111710816,0.5772334380707835,xgboost,TACNA
2021-02-22,0.26511978111710816,0.46659352034584967,xgboost,TACNA
2021-03-01,0.7953593433513255,0.30399794943687236,xgboost,TACNA
2021-03-08,0.7953593433513255,0.5672294498675725,xgboost,TACNA
2021-03-15,0.5302395622342169,0.47485661064188994,xgboost,TACNA
2021-03-22,0.0,0.35620197270441134,xgboost,TACNA
2021-03-29,0.0,0.3698343430462047,xgboost,TACNA
2021-04-05,0.26511978111710816,0.28809422974027254,xgboost,TACNA
2021-04-12,0.5302395622342169,0.39918664198781667,xgboost,TACNA
2021-04-19,1.0604791244684344,0.302267167730641,xgboost,TACNA
2021-04-26,2.120958248936869,0.7090962591762799,xgboost,TACNA
2021-05-03,2.120958248936869,1.8237328391526555,xgboost,TACNA
2021-05-10,2.386078030053978,1.864867391067912,xgboost,TACNA
2021-05-17,1.8558384678197604,2.3754773802778453,xgboost,TACNA
2021-05-24,2.6511978111710865,1.8483104342171264,xgboost,TACNA
2021-05-31,2.1209582489368692,2.5715490379174213,xgboost,TACNA
2021-06-07,2.1209582489368692,2.178826998785567,xgboost,TACNA
2021-06-14,1.5907186867026517,2.1678618339177578,xgboost,TACNA
2021-06-21,2.1209582489368692,1.9284520624323442,xgboost,TACNA
2021-06-28,1.5907186867026517,1.9272828153069739,xgboost,TACNA
2021-07-05,2.1209582489368692,1.7842594428954044,xgboost,TACNA
2021-07-12,1.325598905585543,1.8770145979348194,xgboost,TACNA
2021-07-19,1.325598905585543,1.2016808865148603,xgboost,TACNA
2021-07-26,0.26511978111710816,1.2394528179444197,xgboost,TACNA
2021-08-02,0.5302395622342169,0.6474515522999964,xgboost,TACNA
2021-08-09,1.325598905585543,0.7363593524132743,xgboost,TACNA
2021-08-16,1.8558384678197608,1.3671165769349707,xgboost,TACNA
2021-08-23,2.1209582489368692,1.7571225302677371,xgboost,TACNA
2021-08-30,1.5907186867026524,1.8740570010735853,xgboost,TACNA
2021-09-06,1.5907186867026524,1.662399017140849,xgboost,TACNA
2021-09-13,1.5907186867026524,1.5520471660864663,xgboost,TACNA
2021-09-20,1.5907186867026524,1.4416553569179578,xgboost,TACNA
2021-09-27,1.5907186867026524,1.4924305870436205,xgboost,TACNA
2021-10-04,2.651197811171086,1.4647147125927322,xgboost,TACNA
2021-10-11,2.9163175922881948,1.9933316422446197,xgboost,TACNA
2021-10-18,2.9163175922881948,2.676577906402241,xgboost,TACNA
2021-10-25,1.8558384678197601,2.6433528742703785,xgboost,TACNA
2021-11-01,2.120958248936869,1.678615520164159,xgboost,TACNA
2021-11-08,2.1209582489368692,1.670762782922075,xgboost,TACNA
2021-11-15,2.386078030053978,1.6989905723012924,xgboost,TACNA
2021-11-22,1.5907186867026513,2.1217664295734235,xgboost,TACNA
2021-11-29,1.3255989055855426,1.7893668997826175,xgboost,TACNA
2021-12-06,1.060479124468434,1.0042929202911597,xgboost,TACNA
2021-12-13,1.060479124468434,0.8730682118188018,xgboost,TACNA
2021-12-20,1.060479124468434,1.0252937711529446,xgboost,TACNA
2021-12-27,1.060479124468434,1.040816064696425,xgboost,TACNA
2022-01-03,1.8364241444298683,1.0454291957113875,xgboost,TACNA
2022-01-10,2.352102964121667,1.6537007846432612,xgboost,TACNA
2022-01-17,2.082129602157085,1.8996079927461884,xgboost,TACNA
2022-01-24,2.9380248107480047,1.715545355256694,xgboost,TACNA
2022-01-31,4.05418621960856,2.4175919516634963,xgboost,TACNA
2022-02-07,5.690880029008388,2.731039008627101,xgboost,TACNA
2022-02-14,5.355517220956739,2.909856663219081,xgboost,TACNA
2022-02-21,4.49962201236582,2.9314588579156644,xgboost,TACNA
2022-02-28,3.6437268037749,2.951491785912847,xgboost,TACNA
2022-03-07,2.3423958024267217,3.446572159873873,xgboost,TACNA
2022-03-14,1.5615972016178141,2.3591214232863105,xgboost,TACNA
2022-03-21,0.7807986008089074,1.8284355622092408,xgboost,TACNA
2022-03-28,0.520532400539271,0.6308028054504724,xgboost,TACNA
2022-04-04,0.2602662002696352,0.44091135703321077,xgboost,TACNA
2022-04-11,0.2602662002696352,0.30841412918259864,xgboost,TACNA
2022-04-18,0.7807986008089068,0.34162547914901736,xgboost,TACNA
2022-04-25,1.5615972016178141,0.7415389186747727,xgboost,TACNA
2022-05-02,2.0821296021570856,1.6885111513108173,xgboost,TACNA
2022-05-09,2.602662002696357,1.9090595415057225,xgboost,TACNA
2022-05-16,2.0821296021570856,2.0679258685767916,xgboost,TACNA
2022-05-23,1.3013310013481785,1.9480293845802454,xgboost,TACNA
2022-05-30,1.5615972016178141,1.2338651781459307,xgboost,TACNA
2022-06-06,2.0821296021570856,1.5572146789835117,xgboost,TACNA
2022-06-13,2.8629282029659926,1.772819846700239,xgboost,TACNA
2022-06-20,1.8218634018874498,2.632886455846496,xgboost,TACNA
2022-06-27,1.3013310013481783,1.8534483048439498,xgboost,TACNA
2022-07-04,0.7807986008089074,1.2107952797528396,xgboost,TACNA
2022-07-11,0.520532400539271,0.9632114885715299,xgboost,TACNA
2022-07-18,1.5615972016178141,0.5954938177301543,xgboost,TACNA
2022-07-25,2.3423958024267217,1.8474396342696355,xgboost,TACNA
2022-08-01,2.6026620026963574,2.1744982204386196,xgboost,TACNA
2022-08-08,2.3423958024267217,2.1039774889199574,xgboost,TACNA
2022-08-15,1.3013310013481785,2.209712360841511,xgboost,TACNA
2022-08-22,1.0410648010785426,1.2873451074038949,xgboost,TACNA
2022-08-29,0.520532400539271,0.9289680362816393,xgboost,TACNA
2022-09-05,0.7807986008089068,0.754704877955072,xgboost,TACNA
2022-09-12,0.7807986008089068,1.035977048501533,xgboost,TACNA
2022-09-19,0.7807986008089068,0.9174182852551565,xgboost,TACNA
2022-09-26,0.520532400539271,0.8756441471604253,xgboost,TACNA
2022-10-03,0.520532400539271,0.6741287537175105,xgboost,TACNA
2022-10-10,0.0,0.7771261627997652,xgboost,TACNA
2022-10-17,0.520532400539271,0.27809474981064586,xgboost,TACNA
2022-10-24,1.0410648010785426,0.5427637968091239,xgboost,TACNA
2022-10-31,1.5615972016178148,0.8288091077784199,xgboost,TACNA
2022-11-07,1.3013310013481785,1.7526994920796928,xgboost,TACNA
2022-11-14,1.0410648010785426,1.2353558760121075,xgboost,TACNA
2022-11-21,0.7807986008089074,1.0805348657033904,xgboost,TACNA
2022-11-28,0.520532400539271,0.849039220509727,xgboost,TACNA
2022-12-05,0.520532400539271,0.752086889444533,xgboost,TACNA
2011-12-26,1.7675547647384608,2.3547374794042613,random_forest,MOQUEGUA
2012-01-02,0.5821568912822005,1.6499240280770917,random_forest,MOQUEGUA
2012-01-09,1.164313782564401,1.0551271770306165,random_forest,MOQUEGUA
2012-01-16,1.7464706738466016,1.0101551552182513,random_forest,MOQUEGUA
2012-01-23,2.328627565128802,1.4275448383551792,random_forest,MOQUEGUA
2012-01-30,1.7464706738466014,2.148516640623875,random_forest,MOQUEGUA
2012-02-06,2.328627565128802,1.4022046709422966,random_forest,MOQUEGUA
2012-02-13,1.164313782564401,1.8667796098323755,random_forest,MOQUEGUA
2012-02-20,1.7464706738466014,1.2748027775549668,random_forest,MOQUEGUA
2012-02-27,2.9107844564110024,1.6759090634587404,random_forest,MOQUEGUA
2012-03-05,4.657255130257604,1.931555915211729,random_forest,MOQUEGUA
2012-03-12,6.403725804104205,2.4706198314154744,random_forest,MOQUEGUA
2012-03-19,5.821568912822005,2.369392837882317,random_forest,MOQUEGUA
2012-03-26,5.239412021539804,2.075059161968772,random_forest,MOQUEGUA
2012-04-02,2.9107844564110024,1.9957017635771699,random_forest,MOQUEGUA
2012-04-09,2.328627565128802,2.0331002896981865,random_forest,MOQUEGUA
2012-04-16,2.328627565128802,2.105097823632436,random_forest,MOQUEGUA
2012-04-23,3.492941347693203,1.997200426392781,random_forest,MOQUEGUA
2012-04-30,2.328627565128802,2.4760228983556236,random_forest,MOQUEGUA
2012-05-07,2.328627565128802,2.0673783915184556,random_forest,MOQUEGUA
2012-05-14,1.1643137825644008,2.2288049864697266,random_forest,MOQUEGUA
2012-05-21,4.075098238975404,1.4727938037648207,random_forest,MOQUEGUA
2012-05-28,3.4929413476932027,2.8708324906297347,random_forest,MOQUEGUA
2012-06-04,4.075098238975404,2.9147096547999696,random_forest,MOQUEGUA
2012-06-11,2.328627565128802,3.288033893214939,random_forest,MOQUEGUA
2012-06-18,2.328627565128802,2.33283664747855,random_forest,MOQUEGUA
2012-06-25,2.910784456411003,2.2896577183955142,random_forest,MOQUEGUA
2012-07-02,1.7464706738466014,2.3812199827573566,random_forest,MOQUEGUA
2012-07-09,2.9107844564110024,1.848625685581041,random_forest,MOQUEGUA
2012-07-16,2.3286275651288015,2.6136480534160436,random_forest,MOQUEGUA
2012-07-23,4.075098238975403,2.202451669148303,random_forest,MOQUEGUA
2012-07-30,2.9107844564110024,2.4639430669643403,random_forest,MOQUEGUA
2012-08-06,3.4929413476932023,2.6017009042296175,random_forest,MOQUEGUA
2012-08-13,5.2394120215398035,2.7777527002699998,random_forest,MOQUEGUA
2012-08-20,5.821568912822005,2.8514304723997927,random_forest,MOQUEGUA
2012-08-27,6.403725804104205,2.9993562134866725,random_forest,MOQUEGUA
2012-09-03,4.657255130257603,3.4280178875960923,random_forest,MOQUEGUA
2012-09-10,4.075098238975403,2.8032052372426173,random_forest,MOQUEGUA
2012-09-17,2.9107844564110024,2.3604341636039696,random_forest,MOQUEGUA
2012-09-24,1.7464706738466016,2.431802811542447,random_forest,MOQUEGUA
2012-10-01,1.7464706738466016,2.0220496255833655,random_forest,MOQUEGUA
2012-10-08,2.3286275651288015,1.9626355961852169,random_forest,MOQUEGUA
2012-10-15,3.4929413476932023,2.605250386053557,random_forest,MOQUEGUA
2012-10-22,2.9107844564110024,3.0722923935695343,random_forest,MOQUEGUA
2012-10-29,2.9107844564110024,3.163784564648096,random_forest,MOQUEGUA
2012-11-05,2.3286275651288015,3.0491309212918756,random_forest,MOQUEGUA
2012-11-12,3.492941347693203,2.852688763443468,random_forest,MOQUEGUA
2012-11-19,3.492941347693203,2.5995551556618435,random_forest,MOQUEGUA
2012-11-26,3.492941347693203,2.7508308110661894,random_forest,MOQUEGUA
2012-12-03,3.492941347693203,2.709846297681803,random_forest,MOQUEGUA
2012-12-10,2.9107844564110024,2.3590900938563566,random_forest,MOQUEGUA
2012-12-17,2.3286275651288015,2.143643558954221,random_forest,MOQUEGUA
2012-12-24,1.7464706738466016,2.3050309736808816,random_forest,MOQUEGUA
2012-12-31,2.3286275651288015,1.8179752432491711,random_forest,MOQUEGUA
2013-01-07,2.8970663947811146,2.1874699390536505,random_forest,MOQUEGUA
2013-01-14,3.4655052244334286,2.438972302657211,random_forest,MOQUEGUA
2013-01-21,2.876489302336284,2.6828110496227904,random_forest,MOQUEGUA
2013-01-28,2.876489302336284,2.4578613139448255,random_forest,MOQUEGUA
2013-02-04,1.7258935814017704,2.508457157757704,random_forest,MOQUEGUA
2013-02-11,2.876489302336284,1.9115916461812712,random_forest,MOQUEGUA
2013-02-18,2.876489302336284,2.6179341590691787,random_forest,MOQUEGUA
2013-02-25,2.876489302336284,2.5647890988346886,random_forest,MOQUEGUA
2013-03-04,1.1505957209345132,2.6408123838124413,random_forest,MOQUEGUA
2013-03-11,0.0,2.086325492017202,random_forest,MOQUEGUA
2013-03-18,0.0,0.6902872394255937,random_forest,MOQUEGUA
2013-03-25,0.0,0.3499546829899615,random_forest,MOQUEGUA
2013-04-01,0.5752978604672564,0.24794285955644735,random_forest,MOQUEGUA
2013-04-08,0.5752978604672564,0.34725350479679185,random_forest,MOQUEGUA
2013-04-15,1.1505957209345132,0.4669363450773247,random_forest,MOQUEGUA
2013-04-22,2.3011914418690274,0.6004046603525666,random_forest,MOQUEGUA
2013-04-29,3.451787162803541,1.6103029795299202,random_forest,MOQUEGUA
2013-05-06,3.451787162803541,2.4752879601499265,random_forest,MOQUEGUA
2013-05-13,2.301191441869027,2.648434329537545,random_forest,MOQUEGUA
2013-05-20,1.150595720934513,2.224711595566615,random_forest,MOQUEGUA
2013-05-27,0.5752978604672561,1.2167960797615884,random_forest,MOQUEGUA
2013-06-03,0.0,1.1103417885507398,random_forest,MOQUEGUA
2013-06-10,1.7258935814017697,0.406095081492837,random_forest,MOQUEGUA
2013-06-17,2.876489302336284,1.3642330930140134,random_forest,MOQUEGUA
2013-06-24,2.876489302336284,2.3014164443143073,random_forest,MOQUEGUA
2013-07-01,2.876489302336284,2.264431206707543,random_forest,MOQUEGUA
2013-07-08,4.027085023270797,2.110044816615826,random_forest,MOQUEGUA
2013-07-15,5.177680744205311,2.4313361860413374,random_forest,MOQUEGUA
2013-07-22,4.602382883738055,3.3975778423958776,random_forest,MOQUEGUA
2013-07-29,2.876489302336284,3.3438857206696975,random_forest,MOQUEGUA
2013-08-05,3.451787162803541,2.7446773242376765,random_forest,MOQUEGUA
2013-08-12,3.451787162803541,3.039287466638826,random_forest,MOQUEGUA
2013-08-19,3.451787162803541,2.9823573475677025,random_forest,MOQUEGUA
2013-08-26,2.3011914418690265,3.013328342413563,random_forest,MOQUEGUA
2013-09-02,1.7258935814017708,2.746505478832605,random_forest,MOQUEGUA
2013-09-09,2.3011914418690265,2.459047167187314,random_forest,MOQUEGUA
2013-09-16,2.876489302336284,2.439300702811483,random_forest,MOQUEGUA
2013-09-23,2.8764893023362834,2.504231837998364,random_forest,MOQUEGUA
2013-09-30,2.3011914418690265,2.4428770645892497,random_forest,MOQUEGUA
2013-10-07,1.1505957209345128,2.2811072826616634,random_forest,MOQUEGUA
2013-10-14,1.1505957209345128,1.726129146074801,random_forest,MOQUEGUA
2013-10-21,2.8764893023362834,1.282339202986591,random_forest,MOQUEGUA
2013-10-28,4.027085023270797,2.5696945104411544,random_forest,MOQUEGUA
2013-11-04,5.177680744205311,3.080062728559043,random_forest,MOQUEGUA
2013-11-11,4.027085023270797,3.637140341367159,random_forest,MOQUEGUA
2013-11-18,4.027085023270797,3.0127424609692213,random_forest,MOQUEGUA
2013-11-25,2.3011914418690265,2.830080451560739,random_forest,MOQUEGUA
2013-12-02,2.8764893023362834,2.2247694923390107,random_forest,MOQUEGUA
2013-12-09,2.3011914418690265,2.5160505147115604,random_forest,MOQUEGUA
2013-12-16,4.027085023270797,2.057164913904266,random_forest,MOQUEGUA
2013-12-23,2.8764893023362834,2.7364395451240595,random_forest,MOQUEGUA
2013-12-30,2.8764893023362834,2.3842954893477852,random_forest,MOQUEGUA
2014-01-06,2.287792871118454,2.3993395584145234,random_forest,MOQUEGUA
2014-01-13,2.281093585743168,2.2950786699990404,random_forest,MOQUEGUA
2014-01-20,1.7057957252759108,2.5477748418714605,random_forest,MOQUEGUA
2014-01-27,1.1371971501839402,2.172994616523563,random_forest,MOQUEGUA
2014-02-03,1.1371971501839402,1.7000931321857053,random_forest,MOQUEGUA
2014-02-10,1.1371971501839402,1.5480014861589986,random_forest,MOQUEGUA
2014-02-17,0.5685985750919693,1.173816223523985,random_forest,MOQUEGUA
2014-02-24,1.1371971501839402,1.0433742263216166,random_forest,MOQUEGUA
2014-03-03,1.7057957252759108,1.1628108078771873,random_forest,MOQUEGUA
2014-03-10,1.7057957252759108,1.6018822270721702,random_forest,MOQUEGUA
2014-03-17,0.5685985750919693,1.7343460161181152,random_forest,MOQUEGUA
2014-03-24,0.5685985750919693,1.3393019183047725,random_forest,MOQUEGUA
2014-03-31,1.7057957252759108,1.1122415330444908,random_forest,MOQUEGUA
2014-04-07,1.7057957252759108,1.5954417835650716,random_forest,MOQUEGUA
2014-04-14,1.7057957252759108,1.48616734465811,random_forest,MOQUEGUA
2014-04-21,1.1371971501839402,1.4789380578424156,random_forest,MOQUEGUA
2014-04-28,1.1371971501839402,1.3252489274001493,random_forest,MOQUEGUA
2014-05-05,2.2743943003678817,1.3214773143772374,random_forest,MOQUEGUA
2014-05-12,1.7057957252759108,1.8817937491739865,random_forest,MOQUEGUA
2014-05-19,2.842992875459853,1.6416853878599538,random_forest,MOQUEGUA
2014-05-26,1.7057957252759108,2.2651094344729845,random_forest,MOQUEGUA
2014-06-02,3.4115914505518234,1.4945687582159901,random_forest,MOQUEGUA
2014-06-09,2.2743943003678817,2.6277675861735874,random_forest,MOQUEGUA
2014-06-16,2.842992875459853,2.0164239406636266,random_forest,MOQUEGUA
2014-06-23,1.7057957252759108,2.689638327921825,random_forest,MOQUEGUA
2014-06-30,2.2743943003678817,2.3239282160620127,random_forest,MOQUEGUA
2014-07-07,1.7057957252759124,2.425012221991854,random_forest,MOQUEGUA
2014-07-14,1.1371971501839402,2.22207243187501,random_forest,MOQUEGUA
2014-07-21,1.1371971501839402,1.9041759161153173,random_forest,MOQUEGUA
2014-07-28,2.2743943003678817,1.7555626662134491,random_forest,MOQUEGUA
2014-08-04,5.6859857509197065,2.194274663586814,random_forest,MOQUEGUA
2014-08-11,6.823182901103649,3.2392556003555226,random_forest,MOQUEGUA
2014-08-18,7.391781476195619,3.4543073552180914,random_forest,MOQUEGUA
2014-08-25,3.9801900256437945,3.640103492656606,random_forest,MOQUEGUA
2014-09-01,2.842992875459853,3.3210079101921304,random_forest,MOQUEGUA
2014-09-08,1.7057957252759113,2.6079338791379865,random_forest,MOQUEGUA
2014-09-15,2.842992875459853,1.9302061881518817,random_forest,MOQUEGUA
2014-09-22,2.274394300367882,2.4357505091256413,random_forest,MOQUEGUA
2014-09-29,2.274394300367882,2.29499392556401,random_forest,MOQUEGUA
2014-10-06,1.1371971501839404,2.2981019419266238,random_forest,MOQUEGUA
2014-10-13,3.4115914505518234,1.9668622410720098,random_forest,MOQUEGUA
2014-10-20,3.4115914505518234,2.7355764262729756,random_forest,MOQUEGUA
2014-10-27,3.9801900256437945,3.151198755421831,random_forest,MOQUEGUA
2014-11-03,2.274394300367882,3.6257818565691133,random_forest,MOQUEGUA
2014-11-10,1.7057957252759124,2.761901629010113,random_forest,MOQUEGUA
2014-11-17,2.842992875459853,2.2295815089884896,random_forest,MOQUEGUA
2014-11-24,2.274394300367882,2.4930092323853352,random_forest,MOQUEGUA
2014-12-01,1.7057957252759113,2.2532225781051785,random_forest,MOQUEGUA
2014-12-08,0.0,1.9395341734402796,random_forest,MOQUEGUA
2014-12-15,0.5685985750919696,1.5375588205029413,random_forest,MOQUEGUA
2014-12-22,0.5685985750919696,0.8713751828025276,random_forest,MOQUEGUA
2014-12-29,1.1371971501839404,0.6364804177679868,random_forest,MOQUEGUA
2015-01-05,1.69269929451643,0.8810770556307916,random_forest,MOQUEGUA
2015-01-12,3.378850373653121,1.2564048222427773,random_forest,MOQUEGUA
2015-01-19,2.81025179856115,2.576053827641558,random_forest,MOQUEGUA
2015-01-26,1.6861510791366896,2.0995983903994047,random_forest,MOQUEGUA
2015-02-02,1.1241007194244592,1.8188819031715293,random_forest,MOQUEGUA
2015-02-09,1.6861510791366892,1.1209795661921822,random_forest,MOQUEGUA
2015-02-16,1.6861510791366892,1.5813111539427873,random_forest,MOQUEGUA
2015-02-23,0.5620503597122289,1.5041760853101427,random_forest,MOQUEGUA
2015-03-02,0.5620503597122289,1.0700278595441062,random_forest,MOQUEGUA
2015-03-09,1.1241007194244592,0.9173594847671664,random_forest,MOQUEGUA
2015-03-16,1.1241007194244592,1.053420993161065,random_forest,MOQUEGUA
2015-03-23,1.6861510791366892,1.0301635619590632,random_forest,MOQUEGUA
2015-03-30,1.1241007194244592,1.1387072799083007,random_forest,MOQUEGUA
2015-04-06,1.6861510791366896,1.297612230482597,random_forest,MOQUEGUA
2015-04-13,1.6861510791366892,1.4769257193761183,random_forest,MOQUEGUA
2015-04-20,2.8102517985611493,1.5166051689934612,random_forest,MOQUEGUA
2015-04-27,3.93435251798561,2.21715697047156,random_forest,MOQUEGUA
2015-05-04,5.05845323741007,2.601430402598688,random_forest,MOQUEGUA
2015-05-11,4.49640287769784,3.594733096506703,random_forest,MOQUEGUA
2015-05-18,2.8102517985611493,3.5112166715766344,random_forest,MOQUEGUA
2015-05-25,1.1241007194244592,2.6159219185062086,random_forest,MOQUEGUA
2015-06-01,1.6861510791366892,2.213949384331222,random_forest,MOQUEGUA
2015-06-08,2.2482014388489193,2.0732899529212747,random_forest,MOQUEGUA
2015-06-15,2.8102517985611493,2.384430605224813,random_forest,MOQUEGUA
2015-06-22,2.81025179856115,2.293256891989592,random_forest,MOQUEGUA
2015-06-29,4.49640287769784,2.3332963829958344,random_forest,MOQUEGUA
2015-07-06,5.058453237410071,3.2427093930945396,random_forest,MOQUEGUA
2015-07-13,5.620503597122301,3.4956318368862904,random_forest,MOQUEGUA
2015-07-20,5.620503597122301,3.519967181583051,random_forest,MOQUEGUA
2015-07-27,5.05845323741007,3.3965313608386127,random_forest,MOQUEGUA
2015-08-03,3.93435251798561,4.188939372552838,random_forest,MOQUEGUA
2015-08-10,3.93435251798561,3.475859258193811,random_forest,MOQUEGUA
2015-08-17,2.8102517985611493,3.309276085537161,random_forest,MOQUEGUA
2015-08-24,3.3723021582733796,2.7059765109336187,random_forest,MOQUEGUA
2015-08-31,2.2482014388489193,2.6717066336118136,random_forest,MOQUEGUA
2015-09-07,2.8102517985611493,2.3917972860015024,random_forest,MOQUEGUA
2015-09-14,3.93435251798561,2.5082745909472206,random_forest,MOQUEGUA
2015-09-21,4.49640287769784,2.8036972314487456,random_forest,MOQUEGUA
2015-09-28,6.182553956834531,3.389629312634214,random_forest,MOQUEGUA
2015-10-05,5.05845323741007,3.5904732097627,random_forest,MOQUEGUA
2015-10-12,5.05845323741007,3.873726679227911,random_forest,MOQUEGUA
2015-10-19,3.3723021582733796,3.7185474188254384,random_forest,MOQUEGUA
2015-10-26,3.37230215827338,2.9807588845929067,random_forest,MOQUEGUA
2015-11-02,5.058453237410071,2.737706037144008,random_forest,MOQUEGUA
2015-11-09,6.744604316546762,3.1713085835607364,random_forest,MOQUEGUA
2015-11-16,6.744604316546762,3.7908179613785613,random_forest,MOQUEGUA
2015-11-23,5.620503597122301,4.177667100734157,random_forest,MOQUEGUA
2015-11-30,5.05845323741007,4.13286439943346,random_forest,MOQUEGUA
2015-12-07,3.9343525179856105,3.885982190312456,random_forest,MOQUEGUA
2015-12-14,2.81025179856115,3.3008772367672696,random_forest,MOQUEGUA
2015-12-21,2.2482014388489193,2.963263185610403,random_forest,MOQUEGUA
2015-12-28,2.2482014388489193,2.626527615946481,random_forest,MOQUEGUA
2016-01-04,1.6797550579735345,2.3994058607570916,random_forest,MOQUEGUA
2016-01-11,1.1113086770981497,1.9503858380308543,random_forest,MOQUEGUA
2016-01-18,1.1113086770981497,1.5143615837763802,random_forest,MOQUEGUA
2016-01-25,0.5556543385490743,1.4531696735553368,random_forest,MOQUEGUA
2016-02-01,0.5556543385490743,1.2954432118007144,random_forest,MOQUEGUA
2016-02-08,0.5556543385490743,1.2534589320085407,random_forest,MOQUEGUA
2016-02-15,1.666963015647225,1.1854415339675843,random_forest,MOQUEGUA
2016-02-22,1.1113086770981497,1.7250801537725011,random_forest,MOQUEGUA
2016-02-29,1.11130867709815,1.5234284479474764,random_forest,MOQUEGUA
2016-03-07,0.0,1.4481858570541513,random_forest,MOQUEGUA
2016-03-14,1.6669630156472248,0.8353944014316688,random_forest,MOQUEGUA
2016-03-21,2.2226173541963004,1.1680544802438844,random_forest,MOQUEGUA
2016-03-28,3.333926031294451,1.4525680507191114,random_forest,MOQUEGUA
2016-04-04,2.778271692745376,1.8544671571353444,random_forest,MOQUEGUA
2016-04-11,2.778271692745376,2.146252336616642,random_forest,MOQUEGUA
2016-04-18,3.333926031294451,2.1403968065125807,random_forest,MOQUEGUA
2016-04-25,2.7782716927453754,2.367280239366158,random_forest,MOQUEGUA
2016-05-02,2.2226173541963004,2.030387688090301,random_forest,MOQUEGUA
2016-05-09,1.1113086770981497,1.897943534059944,random_forest,MOQUEGUA
2016-05-16,2.2226173541963004,1.6467282743624287,random_forest,MOQUEGUA
2016-05-23,3.8895803698435265,2.0552973906217917,random_forest,MOQUEGUA
2016-05-30,3.333926031294451,2.8778233187388316,random_forest,MOQUEGUA
2016-06-06,2.778271692745376,2.8494848652224958,random_forest,MOQUEGUA
2016-06-13,3.3339260312944514,2.6412075623069344,random_forest,MOQUEGUA
2016-06-20,4.4452347083926025,2.646548608840713,random_forest,MOQUEGUA
2016-06-27,3.889580369843527,3.4330289943111394,random_forest,MOQUEGUA
2016-07-04,1.666963015647225,3.3829739884294474,random_forest,MOQUEGUA
2016-07-11,2.778271692745376,2.28934067682642,random_forest,MOQUEGUA
2016-07-18,3.3339260312944514,2.62720061487461,random_forest,MOQUEGUA
2016-07-25,4.4452347083926025,2.852810951457032,random_forest,MOQUEGUA
2016-08-01,3.8895803698435265,3.804457263652764,random_forest,MOQUEGUA
2016-08-08,4.445234708392602,3.3947147038100516,random_forest,MOQUEGUA
2016-08-15,3.8895803698435256,3.8155526443677967,random_forest,MOQUEGUA
2016-08-22,4.445234708392602,3.385075823890501,random_forest,MOQUEGUA
2016-08-29,4.445234708392602,3.884416561067318,random_forest,MOQUEGUA
2016-09-05,6.112197724039828,3.8999797408404424,random_forest,MOQUEGUA
2016-09-12,5.556543385490753,4.557910950386091,random_forest,MOQUEGUA
2016-09-19,5.556543385490753,4.4928413553522715,random_forest,MOQUEGUA
2016-09-26,4.445234708392602,4.639100638545535,random_forest,MOQUEGUA
2016-10-03,2.778271692745376,4.341619598885656,random_forest,MOQUEGUA
2016-10-10,1.1113086770981497,3.3231244470446066,random_forest,MOQUEGUA
2016-10-17,1.1113086770981497,2.156204105238474,random_forest,MOQUEGUA
2016-10-24,2.778271692745376,1.8492527211127077,random_forest,MOQUEGUA
2016-10-31,3.889580369843527,2.4300086958486213,random_forest,MOQUEGUA
2016-11-07,3.3339260312944514,3.1427183857265586,random_forest,MOQUEGUA
2016-11-14,3.333926031294451,3.0867447672822275,random_forest,MOQUEGUA
2016-11-21,3.333926031294451,3.106683845257794,random_forest,MOQUEGUA
2016-11-28,2.7782716927453754,2.947770046127216,random_forest,MOQUEGUA
2016-12-05,1.666963015647225,2.5836093041436166,random_forest,MOQUEGUA
2016-12-12,2.2226173541963004,1.8798584861597494,random_forest,MOQUEGUA
2016-12-19,3.8895803698435265,2.22757663053486,random_forest,MOQUEGUA
2016-12-26,6.112197724039828,2.598237643849839,random_forest,MOQUEGUA
2017-01-02,4.445234708392602,3.7275701410830635,random_forest,MOQUEGUA
2017-01-09,3.8770701566251233,3.322956437575068,random_forest,MOQUEGUA
2017-01-16,3.296395391639242,3.0190230533685716,random_forest,MOQUEGUA
2017-01-23,3.8457946235791156,2.7045055652716994,random_forest,MOQUEGUA
2017-01-30,3.8457946235791156,2.9643762245616445,random_forest,MOQUEGUA
2017-02-06,3.296395391639242,3.07335940958591,random_forest,MOQUEGUA
2017-02-13,3.845794623579115,3.2562985438123286,random_forest,MOQUEGUA
2017-02-20,3.845794623579115,3.278935815618409,random_forest,MOQUEGUA
2017-02-27,2.7469961596993677,3.3071788783566296,random_forest,MOQUEGUA
2017-03-06,2.7469961596993677,2.423833510345714,random_forest,MOQUEGUA
2017-03-13,1.6481976958196203,2.4546068631103415,random_forest,MOQUEGUA
2017-03-20,2.7469961596993677,1.9640678054027507,random_forest,MOQUEGUA
2017-03-27,1.64819769581962,2.3985157756662097,random_forest,MOQUEGUA
2017-04-03,3.845794623579115,1.906755942714208,random_forest,MOQUEGUA
2017-04-10,4.395193855518989,2.8138433407184515,random_forest,MOQUEGUA
2017-04-17,7.142190015218358,3.3532538843512105,random_forest,MOQUEGUA
2017-04-24,6.592790783278485,3.7107443812508354,random_forest,MOQUEGUA
2017-05-01,4.395193855518989,3.886888851782227,random_forest,MOQUEGUA
2017-05-08,2.7469961596993677,3.9617056873808343,random_forest,MOQUEGUA
2017-05-15,1.6481976958196203,2.7057498490841163,random_forest,MOQUEGUA
2017-05-22,2.7469961596993677,2.3263226378884343,random_forest,MOQUEGUA
2017-05-29,3.296395391639242,2.536122709950347,random_forest,MOQUEGUA
2017-06-05,3.845794623579115,3.086650099344153,random_forest,MOQUEGUA
2017-06-12,3.845794623579115,3.065261600820831,random_forest,MOQUEGUA
2017-06-19,4.944593087458863,2.9188651210792043,random_forest,MOQUEGUA
2017-06-26,6.043391551338611,3.828638667712257,random_forest,MOQUEGUA
2017-07-03,8.240988479098105,4.636984533749117,random_forest,MOQUEGUA
2017-07-10,8.790387711037978,4.212897453534397,random_forest,MOQUEGUA
2017-07-17,9.339786942977852,4.253603558760467,random_forest,MOQUEGUA
2017-07-24,7.69158924715823,4.085589418141248,random_forest,MOQUEGUA
2017-07-31,7.6915892471582294,5.733311508300077,random_forest,MOQUEGUA
2017-08-07,6.043391551338608,5.423420461931312,random_forest,MOQUEGUA
2017-08-14,4.944593087458862,5.409024204724023,random_forest,MOQUEGUA
2017-08-21,2.1975969277594922,5.295130178879554,random_forest,MOQUEGUA
2017-08-28,3.8457946235791134,2.8097418740301503,random_forest,MOQUEGUA
2017-09-04,4.94459308745886,3.3666847718982886,random_forest,MOQUEGUA
2017-09-11,5.493992319398735,4.54826830057668,random_forest,MOQUEGUA
2017-09-18,2.746996159699366,4.88957455523612,random_forest,MOQUEGUA
2017-09-25,1.6481976958196185,3.3577825593707953,random_forest,MOQUEGUA
2017-10-02,2.746996159699366,2.6280778940870975,random_forest,MOQUEGUA
2017-10-09,4.395193855518987,2.813446428710944,random_forest,MOQUEGUA
2017-10-16,5.493992319398735,3.8947122015305977,random_forest,MOQUEGUA
2017-10-23,6.043391551338608,4.424255311747423,random_forest,MOQUEGUA
2017-10-30,4.944593087458862,4.495282092732063,random_forest,MOQUEGUA
2017-11-06,6.043391551338608,4.153388783720065,random_forest,MOQUEGUA
2017-11-13,4.395193855518987,4.506674091195602,random_forest,MOQUEGUA
2017-11-20,5.4939923193987354,4.216535180778422,random_forest,MOQUEGUA
2017-11-27,3.29639539163924,4.703624319742989,random_forest,MOQUEGUA
2017-12-04,3.8457946235791134,3.9625482862864247,random_forest,MOQUEGUA
2017-12-11,2.197596927759492,3.834145467205402,random_forest,MOQUEGUA
2017-12-18,2.746996159699366,2.740287732306105,random_forest,MOQUEGUA
2017-12-25,2.1975969277594922,2.6092189611247347,random_forest,MOQUEGUA
2018-01-01,3.818508852808525,2.352776797479669,random_forest,MOQUEGUA
2018-01-08,3.8003183389614654,3.031764502797036,random_forest,MOQUEGUA
2018-01-15,4.32243180013075,3.719416236184168,random_forest,MOQUEGUA
2018-01-22,3.7821278251144057,4.020037360298709,random_forest,MOQUEGUA
2018-01-29,3.7821278251144057,3.5328657635325857,random_forest,MOQUEGUA
2018-02-05,3.782127825114406,3.577628350326359,random_forest,MOQUEGUA
2018-02-12,3.782127825114406,3.7424904194855113,random_forest,MOQUEGUA
2018-02-19,3.241823850098062,3.6456945916959516,random_forest,MOQUEGUA
2018-02-26,2.701519875081718,3.5922804462894886,random_forest,MOQUEGUA
2018-03-05,2.701519875081718,2.6060746929601835,random_forest,MOQUEGUA
2018-03-12,3.241823850098065,2.6487608336978017,random_forest,MOQUEGUA
2018-03-19,2.701519875081718,2.7077481895730537,random_forest,MOQUEGUA
2018-03-26,3.782127825114406,2.3796049946635214,random_forest,MOQUEGUA
2018-04-02,4.862735775147095,3.0368933386209793,random_forest,MOQUEGUA
2018-04-09,4.862735775147095,4.200998083402503,random_forest,MOQUEGUA
2018-04-16,3.782127825114406,4.065940462631484,random_forest,MOQUEGUA
2018-04-23,2.701519875081718,3.7175703574861503,random_forest,MOQUEGUA
2018-04-30,3.782127825114406,2.916733627705092,random_forest,MOQUEGUA
2018-05-07,3.241823850098062,3.521538873005996,random_forest,MOQUEGUA
2018-05-14,3.241823850098062,3.2206254511396093,random_forest,MOQUEGUA
2018-05-21,2.701519875081718,3.2309904051655307,random_forest,MOQUEGUA
2018-05-28,3.782127825114406,2.878643144792208,random_forest,MOQUEGUA
2018-06-04,4.862735775147095,3.701132581500672,random_forest,MOQUEGUA
2018-06-11,4.862735775147095,4.130570641320729,random_forest,MOQUEGUA
2018-06-18,5.4030397501634395,4.266776665643203,random_forest,MOQUEGUA
2018-06-25,4.32243180013075,4.720939257882678,random_forest,MOQUEGUA
2018-07-02,3.782127825114406,4.211914365686153,random_forest,MOQUEGUA
2018-07-09,2.701519875081718,3.864261702578827,random_forest,MOQUEGUA
2018-07-16,4.322431800130751,3.213704760245875,random_forest,MOQUEGUA
2018-07-23,6.483647700196127,4.0613791902029766,random_forest,MOQUEGUA
2018-07-30,7.023951675212473,5.062111215121481,random_forest,MOQUEGUA
2018-08-06,5.4030397501634395,4.968805734347401,random_forest,MOQUEGUA
2018-08-13,4.862735775147095,4.563223529888679,random_forest,MOQUEGUA
2018-08-20,5.4030397501634395,4.260073847897007,random_forest,MOQUEGUA
2018-08-27,5.9433437251797825,4.296534308261627,random_forest,MOQUEGUA
2018-09-03,5.4030397501634395,4.376864795248152,random_forest,MOQUEGUA
2018-09-10,3.782127825114406,4.30168348170649,random_forest,MOQUEGUA
2018-09-17,4.32243180013075,3.696285901878518,random_forest,MOQUEGUA
2018-09-24,2.701519875081718,3.8767412614043577,random_forest,MOQUEGUA
2018-10-01,2.701519875081718,2.976307331323152,random_forest,MOQUEGUA
2018-10-08,1.6209119250490296,2.9125530355108555,random_forest,MOQUEGUA
2018-10-15,3.241823850098062,2.7362231256761884,random_forest,MOQUEGUA
2018-10-22,4.862735775147095,3.1727596861185585,random_forest,MOQUEGUA
2018-10-29,5.4030397501634395,4.469193417728368,random_forest,MOQUEGUA
2018-11-05,5.4030397501634395,4.511961508215099,random_forest,MOQUEGUA
2018-11-12,4.32243180013075,4.755688363148231,random_forest,MOQUEGUA
2018-11-19,3.241823850098062,4.247996069713869,random_forest,MOQUEGUA
2018-11-26,2.1612159000653737,3.387317929165441,random_forest,MOQUEGUA
2018-12-03,2.1612159000653737,2.9883156298017837,random_forest,MOQUEGUA
2018-12-10,2.701519875081718,2.8755633290579685,random_forest,MOQUEGUA
2018-12-17,4.32243180013075,2.632368825153602,random_forest,MOQUEGUA
2018-12-24,5.4030397501634395,3.7103997924230985,random_forest,MOQUEGUA
2018-12-31,4.32243180013075,4.185246474061699,random_forest,MOQUEGUA
2019-01-07,2.6927208563490908,3.8804564888531203,random_forest,MOQUEGUA
2019-01-14,0.5315049562837143,2.7102721318459975,random_forest,MOQUEGUA
2019-01-21,2.126019825134866,2.136354529606799,random_forest,MOQUEGUA
2019-01-28,1.5945148688511488,2.0828803040925763,random_forest,MOQUEGUA
2019-02-04,3.7205346939860178,1.759558584376682,random_forest,MOQUEGUA
2019-02-11,2.6575247814185836,2.895088143252278,random_forest,MOQUEGUA
2019-02-18,3.7205346939860178,2.482161793155702,random_forest,MOQUEGUA
2019-02-25,4.252039650269736,3.1333135549753868,random_forest,MOQUEGUA
2019-03-04,4.783544606553453,3.051892291790833,random_forest,MOQUEGUA
2019-03-11,5.846554519120887,4.02245771089092,random_forest,MOQUEGUA
2019-03-18,5.31504956283717,4.343624655795062,random_forest,MOQUEGUA
2019-03-25,4.252039650269736,4.101890026235846,random_forest,MOQUEGUA
2019-04-01,3.1890297377023007,3.68161189116279,random_forest,MOQUEGUA
2019-04-08,2.126019825134866,2.96568478294676,random_forest,MOQUEGUA
2019-04-15,2.126019825134866,3.110875497550259,random_forest,MOQUEGUA
2019-04-22,1.5945148688511488,3.001054212860633,random_forest,MOQUEGUA
2019-04-29,1.0630099125674317,2.759790637727722,random_forest,MOQUEGUA
2019-05-06,2.6575247814185836,1.7915204006245227,random_forest,MOQUEGUA
2019-05-13,5.31504956283717,2.2905066610339357,random_forest,MOQUEGUA
2019-05-20,7.441069387972039,4.204574774051911,random_forest,MOQUEGUA
2019-05-27,8.504079300539473,4.703592610799712,random_forest,MOQUEGUA
2019-06-03,6.909564431688321,5.980979369566394,random_forest,MOQUEGUA
2019-06-10,7.441069387972039,6.222473014578974,random_forest,MOQUEGUA
2019-06-17,7.441069387972039,5.919512268747372,random_forest,MOQUEGUA
2019-06-24,7.441069387972039,5.963563435795063,random_forest,MOQUEGUA
2019-07-01,8.504079300539473,6.968047209051041,random_forest,MOQUEGUA
2019-07-08,9.03558425682319,6.3546053905011,random_forest,MOQUEGUA
2019-07-15,9.03558425682319,6.114139299720473,random_forest,MOQUEGUA
2019-07-22,7.441069387972039,5.889793494090615,random_forest,MOQUEGUA
2019-07-29,5.31504956283717,7.041959035302101,random_forest,MOQUEGUA
2019-08-05,5.31504956283717,5.62033780789662,random_forest,MOQUEGUA
2019-08-12,8.504079300539475,4.763689547693501,random_forest,MOQUEGUA
2019-08-19,11.69310903824178,4.744760598738106,random_forest,MOQUEGUA
2019-08-26,12.224613994525496,6.38352525754928,random_forest,MOQUEGUA
2019-09-02,9.035584256823192,6.259372021364736,random_forest,MOQUEGUA
2019-09-09,6.909564431688323,6.110229690605582,random_forest,MOQUEGUA
2019-09-16,5.846554519120887,5.752179946064088,random_forest,MOQUEGUA
2019-09-23,4.783544606553454,6.165385923060745,random_forest,MOQUEGUA
2019-09-30,4.783544606553453,5.086076934686293,random_forest,MOQUEGUA
2019-10-07,5.315049562837171,4.911095314816745,random_forest,MOQUEGUA
2019-10-14,6.378059475404605,4.61863288915657,random_forest,MOQUEGUA
2019-10-21,6.378059475404605,5.287806131078409,random_forest,MOQUEGUA
2019-10-28,6.909564431688323,5.482080705380387,random_forest,MOQUEGUA
2019-11-04,4.252039650269737,5.185159639499613,random_forest,MOQUEGUA
2019-11-11,4.783544606553453,4.2202788939318285,random_forest,MOQUEGUA
2019-11-18,4.252039650269736,4.464326022900915,random_forest,MOQUEGUA
2019-11-25,6.909564431688323,4.161731064205455,random_forest,MOQUEGUA
2019-12-02,5.846554519120889,4.530759646913236,random_forest,MOQUEGUA
2019-12-09,6.378059475404605,4.53388127834228,random_forest,MOQUEGUA
2019-12-16,5.846554519120889,5.192079562996373,random_forest,MOQUEGUA
2019-12-23,6.909564431688323,4.675781752564338,random_forest,MOQUEGUA
2019-12-30,5.31504956283717,4.50169467173942,random_forest,MOQUEGUA
2020-01-06,4.757993541707343,4.299626640096109,random_forest,MOQUEGUA
2020-01-13,3.6694325642937984,4.727085430800092,random_forest,MOQUEGUA
2020-01-20,3.137927608010081,3.922100932960195,random_forest,MOQUEGUA
2020-01-27,3.6609155426784277,2.915108938437842,random_forest,MOQUEGUA
2020-02-03,4.183903477346775,3.4860479283899,random_forest,MOQUEGUA
2020-02-10,5.229879346683469,3.9272905168625876,random_forest,MOQUEGUA
2020-02-17,5.22987934668347,4.373145587672481,random_forest,MOQUEGUA
2020-02-24,3.137927608010081,4.261424037259161,random_forest,MOQUEGUA
2020-03-02,4.706891412015122,3.1396092646106624,random_forest,MOQUEGUA
2020-03-09,2.6149396733417336,4.184092655850677,random_forest,MOQUEGUA
2020-03-16,5.229879346683469,2.5971890991802655,random_forest,MOQUEGUA
2020-03-23,2.6149396733417336,4.432625093375797,random_forest,MOQUEGUA
2020-03-30,3.137927608010081,2.849942960502817,random_forest,MOQUEGUA
2020-04-06,1.045975869336692,3.1936824872993244,random_forest,MOQUEGUA
2020-04-13,1.045975869336692,2.459654758427632,random_forest,MOQUEGUA
2020-04-20,1.5689638040050393,2.5785848537292204,random_forest,MOQUEGUA
2020-04-27,1.045975869336692,2.446972713019983,random_forest,MOQUEGUA
2020-05-04,2.091951738673386,1.7916966011011732,random_forest,MOQUEGUA
2020-05-11,2.0919517386733864,1.8931474135140132,random_forest,MOQUEGUA
2020-05-18,2.6149396733417336,2.3494476923066108,random_forest,MOQUEGUA
2020-05-25,1.5689638040050393,2.743578767602972,random_forest,MOQUEGUA
2020-06-01,1.5689638040050393,2.1149991919720947,random_forest,MOQUEGUA
2020-06-08,2.091951738673387,1.9512820024014257,random_forest,MOQUEGUA
2020-06-15,2.6149396733417336,2.254834073660549,random_forest,MOQUEGUA
2020-06-22,2.0919517386733864,2.422171563532806,random_forest,MOQUEGUA
2020-06-29,2.6149396733417336,2.3503735268159023,random_forest,MOQUEGUA
2020-07-06,3.6609155426784277,2.5102576241231276,random_forest,MOQUEGUA
2020-07-13,5.229879346683469,3.171614443830479,random_forest,MOQUEGUA
2020-07-20,11.40180513658173,4.0011570316321325,random_forest,MOQUEGUA
2020-07-27,12.447781005918424,6.590072209740647,random_forest,MOQUEGUA
2020-08-03,17.6776603526019,6.876850590693878,random_forest,MOQUEGUA
2020-08-10,17.6776603526019,6.936267545014304,random_forest,MOQUEGUA
2020-08-17,21.33857589528033,6.634099546411195,random_forest,MOQUEGUA
2020-08-24,16.108696548596857,11.075421974116223,random_forest,MOQUEGUA
2020-08-31,13.07469836670868,10.337039741035818,random_forest,MOQUEGUA
2020-09-07,9.413782824030248,9.431873255911746,random_forest,MOQUEGUA
2020-09-14,9.413782824030248,8.729901995154266,random_forest,MOQUEGUA
2020-09-21,10.982746628035288,9.583944217673299,random_forest,MOQUEGUA
2020-09-28,10.459758693366942,9.765738381163969,random_forest,MOQUEGUA
2020-10-05,11.505734562703637,9.66009270989042,random_forest,MOQUEGUA
2020-10-12,6.275855216020164,9.822762780457237,random_forest,MOQUEGUA
2020-10-19,4.706891412015122,8.077715834799125,random_forest,MOQUEGUA
2020-10-26,2.0919517386733864,6.566635792652702,random_forest,MOQUEGUA
2020-11-02,2.0919517386733864,4.067671974506386,random_forest,MOQUEGUA
2020-11-09,2.0919517386733864,4.112650310973647,random_forest,MOQUEGUA
2020-11-16,3.137927608010081,3.268389191705311,random_forest,MOQUEGUA
2020-11-23,3.6609155426784277,3.501837855845479,random_forest,MOQUEGUA
2020-11-30,4.706891412015125,3.927694706099147,random_forest,MOQUEGUA
2020-12-07,4.183903477346775,4.3377087968963695,random_forest,MOQUEGUA
2020-12-14,3.137927608010081,4.245860000672993,random_forest,MOQUEGUA
2020-12-21,3.6609155426784277,3.353745344253505,random_forest,MOQUEGUA
2020-12-28,6.798843150688512,3.7359340207822838,random_forest,MOQUEGUA
2021-01-04,13.996948728757394,4.086420096422524,random_forest,MOQUEGUA
2021-01-11,19.64588658398731,7.364331962127125,random_forest,MOQUEGUA
2021-01-18,23.202872700543836,10.041011176393202,random_forest,MOQUEGUA
2021-01-25,21.143914430480574,11.428363841190427,random_forest,MOQUEGUA
2021-02-01,20.609378781798686,11.565127145352424,random_forest,MOQUEGUA
2021-02-08,16.47166616050609,14.958522168589079,random_forest,MOQUEGUA
2021-02-15,11.83901005286375,14.297445208122392,random_forest,MOQUEGUA
2021-02-22,7.206353945221413,11.975034391240959,random_forest,MOQUEGUA
2021-03-01,10.80953091783212,9.621625129373164,random_forest,MOQUEGUA
2021-03-08,9.78005178280049,8.783608292788255,random_forest,MOQUEGUA
2021-03-15,7.7210935127372275,9.66529545161111,random_forest,MOQUEGUA
2021-03-22,1.0294791350316286,8.69827164625517,random_forest,MOQUEGUA
2021-03-29,2.0589582700632594,6.173427863392365,random_forest,MOQUEGUA
2021-04-05,6.691614377705598,2.8151658815043796,random_forest,MOQUEGUA
2021-04-12,13.917764404093086,4.194940618906855,random_forest,MOQUEGUA
2021-04-19,18.03568094421961,8.659443849792543,random_forest,MOQUEGUA
2021-04-26,20.629174862964756,12.140985924144895,random_forest,MOQUEGUA
2021-05-03,20.62917486296476,16.54860041787145,random_forest,MOQUEGUA
2021-05-10,21.658653997996385,14.99008952203283,random_forest,MOQUEGUA
2021-05-17,21.1241183493145,14.999267916038052,random_forest,MOQUEGUA
2021-05-24,21.1241183493145,13.95862731286702,random_forest,MOQUEGUA
2021-05-31,22.68813313302802,12.988430636543244,random_forest,MOQUEGUA
2021-06-07,21.658653997996385,12.083202558788605,random_forest,MOQUEGUA
2021-06-14,17.520941376703792,12.02540640206975,random_forest,MOQUEGUA
2021-06-21,12.353749620379567,11.325684524085256,random_forest,MOQUEGUA
2021-06-28,9.265312215284675,12.693344387161119,random_forest,MOQUEGUA
2021-07-05,7.206353945221413,10.585594178506526,random_forest,MOQUEGUA
2021-07-12,6.176874810189783,7.875521022508158,random_forest,MOQUEGUA
2021-07-19,5.147395675158152,5.515782886311374,random_forest,MOQUEGUA
2021-07-26,4.632656107642337,4.912892204323008,random_forest,MOQUEGUA
2021-08-02,5.662135242673966,4.496828411233596,random_forest,MOQUEGUA
2021-08-09,7.206353945221413,5.135338926412924,random_forest,MOQUEGUA
2021-08-16,8.235833080253043,5.687245133195557,random_forest,MOQUEGUA
2021-08-23,7.721093512737229,7.732303661522364,random_forest,MOQUEGUA
2021-08-30,5.147395675158152,6.885498240136701,random_forest,MOQUEGUA
2021-09-06,4.632656107642337,5.517734891917804,random_forest,MOQUEGUA
2021-09-13,3.08843740509489,4.787938478101183,random_forest,MOQUEGUA
2021-09-20,3.6031769726107057,3.441863110125192,random_forest,MOQUEGUA
2021-09-27,2.058958270063259,3.8032231838204,random_forest,MOQUEGUA
2021-10-04,3.08843740509489,3.355376734092707,random_forest,MOQUEGUA
2021-10-11,2.0589582700632594,3.5399525489585724,random_forest,MOQUEGUA
2021-10-18,3.08843740509489,3.1163128806912717,random_forest,MOQUEGUA
2021-10-25,3.6031769726107057,3.349395064080797,random_forest,MOQUEGUA
2021-11-01,5.147395675158152,3.7837655338872134,random_forest,MOQUEGUA
2021-11-08,5.147395675158152,4.831810860779668,random_forest,MOQUEGUA
2021-11-15,3.08843740509489,4.628507740244105,random_forest,MOQUEGUA
2021-11-22,2.0589582700632594,3.024823396572425,random_forest,MOQUEGUA
2021-11-29,2.5736978375790747,2.6684835594400904,random_forest,MOQUEGUA
2021-12-06,7.206353945221413,2.615004959562635,random_forest,MOQUEGUA
2021-12-13,8.750572647768859,5.249021976559432,random_forest,MOQUEGUA
2021-12-20,8.235833080253045,7.427600471919439,random_forest,MOQUEGUA
2021-12-27,4.1179165401265205,7.5470075894926545,random_forest,MOQUEGUA
2022-01-03,3.06446072507743,5.088438247796447,random_forest,MOQUEGUA
2022-01-10,5.075465635105772,3.812475257087227,random_forest,MOQUEGUA
2022-01-17,6.080968090119943,4.571890871142658,random_forest,MOQUEGUA
2022-01-24,5.574220749276615,5.088963159280435,random_forest,MOQUEGUA
2022-01-31,9.628199476023246,4.620871743548133,random_forest,MOQUEGUA
2022-02-07,11.148441498553233,7.328567839514061,random_forest,MOQUEGUA
2022-02-14,13.682178202769876,7.818210384632529,random_forest,MOQUEGUA
2022-02-21,8.107957453493258,10.753820227141425,random_forest,MOQUEGUA
2022-02-28,7.601210112649929,8.689133100791468,random_forest,MOQUEGUA
2022-03-07,6.080968090119942,6.683720330619481,random_forest,MOQUEGUA
2022-03-14,6.080968090119942,6.106495298978944,random_forest,MOQUEGUA
2022-03-21,5.574220749276613,5.766216577171649,random_forest,MOQUEGUA
2022-03-28,3.5472313859032982,5.662023479784237,random_forest,MOQUEGUA
2022-04-04,5.574220749276614,4.344096188818597,random_forest,MOQUEGUA
2022-04-11,5.067473408433284,5.82418015634481,random_forest,MOQUEGUA
2022-04-18,5.574220749276614,4.889756818225613,random_forest,MOQUEGUA
2022-04-25,3.040484045059969,5.2039983107701735,random_forest,MOQUEGUA
2022-05-02,3.0404840450599693,3.7019302556756717,random_forest,MOQUEGUA
2022-05-09,3.5472313859032982,3.458015532804006,random_forest,MOQUEGUA
2022-05-16,4.053978726746627,3.764863562472404,random_forest,MOQUEGUA
2022-05-23,3.0404840450599693,4.129287175105374,random_forest,MOQUEGUA
2022-05-30,2.026989363373311,3.4985128510389867,random_forest,MOQUEGUA
2022-06-06,2.0269893633733114,3.140242742600643,random_forest,MOQUEGUA
2022-06-13,4.053978726746627,2.864039409932789,random_forest,MOQUEGUA
2022-06-20,4.560726067589956,3.7131185713490558,random_forest,MOQUEGUA
2022-06-27,3.5472313859032987,4.78704289751428,random_forest,MOQUEGUA
2022-07-04,2.026989363373312,3.999540943999696,random_forest,MOQUEGUA
2022-07-11,3.0404840450599693,3.139185075817993,random_forest,MOQUEGUA
2022-07-18,4.053978726746627,3.2502542417294515,random_forest,MOQUEGUA
2022-07-25,6.587715430963272,4.1553649047678665,random_forest,MOQUEGUA
2022-08-01,5.067473408433286,6.652596190795529,random_forest,MOQUEGUA
2022-08-08,3.5472313859032987,5.035379731936105,random_forest,MOQUEGUA
2022-08-15,1.0134946816866544,3.8398125781213492,random_forest,MOQUEGUA
2022-08-22,2.533736704216641,3.009514938936089,random_forest,MOQUEGUA
2022-08-29,2.533736704216641,3.5647556023678426,random_forest,MOQUEGUA
2022-09-05,2.0269893633733123,2.954194516615435,random_forest,MOQUEGUA
2022-09-12,0.5067473408433254,2.7543313996221888,random_forest,MOQUEGUA
2022-09-19,1.0134946816866544,2.3580237909247477,random_forest,MOQUEGUA
2022-09-26,0.5067473408433254,2.2931679086384436,random_forest,MOQUEGUA
2022-10-03,1.0134946816866544,2.1231661282226315,random_forest,MOQUEGUA
2022-10-10,1.5202420225299835,2.1191955412304893,random_forest,MOQUEGUA
2022-10-17,3.547231385903299,1.8480118248487867,random_forest,MOQUEGUA
2022-10-24,3.547231385903299,2.2160107917349317,random_forest,MOQUEGUA
2022-10-31,5.067473408433286,2.6117414262656107,random_forest,MOQUEGUA
2022-11-07,3.0404840450599697,5.023953475756914,random_forest,MOQUEGUA
2022-11-14,2.533736704216641,3.595274023975172,random_forest,MOQUEGUA
2022-11-21,0.5067473408433254,3.4389403205499223,random_forest,MOQUEGUA
2022-11-28,1.5202420225299835,2.806011280064345,random_forest,MOQUEGUA
2022-12-05,2.0269893633733123,2.5360574386942094,random_forest,MOQUEGUA
2011-12-26,1.7675547647384608,2.277278615709486,xgboost,MOQUEGUA
2012-01-02,0.5821568912822005,1.2387737655711804,xgboost,MOQUEGUA
2012-01-09,1.164313782564401,0.4756052518872094,xgboost,MOQUEGUA
2012-01-16,1.7464706738466016,0.8429473176230993,xgboost,MOQUEGUA
2012-01-23,2.328627565128802,1.501456785178592,xgboost,MOQUEGUA
2012-01-30,1.7464706738466014,1.8406592342681396,xgboost,MOQUEGUA
2012-02-06,2.328627565128802,1.3519013189635123,xgboost,MOQUEGUA
2012-02-13,1.164313782564401,1.9608948535837456,xgboost,MOQUEGUA
2012-02-20,1.7464706738466014,1.150708359526055,xgboost,MOQUEGUA
2012-02-27,2.9107844564110024,1.7781013742618486,xgboost,MOQUEGUA
2012-03-05,4.657255130257604,2.2125687977405346,xgboost,MOQUEGUA
2012-03-12,6.403725804104205,2.727263450312005,xgboost,MOQUEGUA
2012-03-19,5.821568912822005,2.6323200394591404,xgboost,MOQUEGUA
2012-03-26,5.239412021539804,2.223168418676964,xgboost,MOQUEGUA
2012-04-02,2.9107844564110024,2.1002436147825008,xgboost,MOQUEGUA
2012-04-09,2.328627565128802,2.1983169450103337,xgboost,MOQUEGUA
2012-04-16,2.328627565128802,1.6492484770763278,xgboost,MOQUEGUA
2012-04-23,3.492941347693203,1.7390503554393728,xgboost,MOQUEGUA
2012-04-30,2.328627565128802,2.651335314682749,xgboost,MOQUEGUA
2012-05-07,2.328627565128802,1.7808375680426445,xgboost,MOQUEGUA
2012-05-14,1.1643137825644008,2.241354496010773,xgboost,MOQUEGUA
2012-05-21,4.075098238975404,1.2763971300105585,xgboost,MOQUEGUA
2012-05-28,3.4929413476932027,3.144543402805068,xgboost,MOQUEGUA
2012-06-04,4.075098238975404,2.8852391115668548,xgboost,MOQUEGUA
2012-06-11,2.328627565128802,3.4254112821577998,xgboost,MOQUEGUA
2012-06-18,2.328627565128802,2.3776171542036195,xgboost,MOQUEGUA
2012-06-25,2.910784456411003,2.2911250362271507,xgboost,MOQUEGUA
2012-07-02,1.7464706738466014,2.5822977840134964,xgboost,MOQUEGUA
2012-07-09,2.9107844564110024,1.740789954459264,xgboost,MOQUEGUA
2012-07-16,2.3286275651288015,2.754139763602565,xgboost,MOQUEGUA
2012-07-23,4.075098238975403,2.173260996552564,xgboost,MOQUEGUA
2012-07-30,2.9107844564110024,2.771010441100151,xgboost,MOQUEGUA
2012-08-06,3.4929413476932023,2.795861593405657,xgboost,MOQUEGUA
2012-08-13,5.2394120215398035,2.8297788289690162,xgboost,MOQUEGUA
2012-08-20,5.821568912822005,3.456339389683528,xgboost,MOQUEGUA
2012-08-27,6.403725804104205,3.389029338206032,xgboost,MOQUEGUA
2012-09-03,4.657255130257603,3.889807021034688,xgboost,MOQUEGUA
2012-09-10,4.075098238975403,3.0062208968666004,xgboost,MOQUEGUA
2012-09-17,2.9107844564110024,1.985637880551303,xgboost,MOQUEGUA
2012-09-24,1.7464706738466016,2.1230040521670612,xgboost,MOQUEGUA
2012-10-01,1.7464706738466016,1.600602771190346,xgboost,MOQUEGUA
2012-10-08,2.3286275651288015,1.7959092126408032,xgboost,MOQUEGUA
2012-10-15,3.4929413476932023,2.5544218163681043,xgboost,MOQUEGUA
2012-10-22,2.9107844564110024,3.0800309112198603,xgboost,MOQUEGUA
2012-10-29,2.9107844564110024,3.0470103568213123,xgboost,MOQUEGUA
2012-11-05,2.3286275651288015,2.8748523757475977,xgboost,MOQUEGUA
2012-11-12,3.492941347693203,2.450108173843625,xgboost,MOQUEGUA
2012-11-19,3.492941347693203,2.453176489250829,xgboost,MOQUEGUA
2012-11-26,3.492941347693203,2.538971490064168,xgboost,MOQUEGUA
2012-12-03,3.492941347693203,2.4456358835322853,xgboost,MOQUEGUA
2012-12-10,2.9107844564110024,2.312179541218437,xgboost,MOQUEGUA
2012-12-17,2.3286275651288015,2.1519670075348674,xgboost,MOQUEGUA
2012-12-24,1.7464706738466016,2.186777732553318,xgboost,MOQUEGUA
2012-12-31,2.3286275651288015,1.4953052538759248,xgboost,MOQUEGUA
2013-01-07,2.8970663947811146,2.145824705193385,xgboost,MOQUEGUA
2013-01-14,3.4655052244334286,2.346557195662744,xgboost,MOQUEGUA
2013-01-21,2.876489302336284,2.910137726335564,xgboost,MOQUEGUA
2013-01-28,2.876489302336284,2.50511129722388,xgboost,MOQUEGUA
2013-02-04,1.7258935814017704,2.352303678395694,xgboost,MOQUEGUA
2013-02-11,2.876489302336284,1.469134297463989,xgboost,MOQUEGUA
2013-02-18,2.876489302336284,2.5758236880966887,xgboost,MOQUEGUA
2013-02-25,2.876489302336284,2.5068394990873872,xgboost,MOQUEGUA
2013-03-04,1.1505957209345132,2.706775294636606,xgboost,MOQUEGUA
2013-03-11,0.0,1.8485980434054712,xgboost,MOQUEGUA
2013-03-18,0.0,0.24582721886552322,xgboost,MOQUEGUA
2013-03-25,0.0,0.1491258449360062,xgboost,MOQUEGUA
2013-04-01,0.5752978604672564,0.15483552105845974,xgboost,MOQUEGUA
2013-04-08,0.5752978604672564,0.16845490338734118,xgboost,MOQUEGUA
2013-04-15,1.1505957209345132,0.5584714933464623,xgboost,MOQUEGUA
2013-04-22,2.3011914418690274,0.5406219770918643,xgboost,MOQUEGUA
2013-04-29,3.451787162803541,1.7797663610154237,xgboost,MOQUEGUA
2013-05-06,3.451787162803541,2.7833759237325877,xgboost,MOQUEGUA
2013-05-13,2.301191441869027,2.833074219654665,xgboost,MOQUEGUA
2013-05-20,1.150595720934513,2.307986994610015,xgboost,MOQUEGUA
2013-05-27,0.5752978604672561,0.8705101964607611,xgboost,MOQUEGUA
2013-06-03,0.0,0.8362259084259063,xgboost,MOQUEGUA
2013-06-10,1.7258935814017697,0.2960167125905473,xgboost,MOQUEGUA
2013-06-17,2.876489302336284,1.314287330117812,xgboost,MOQUEGUA
2013-06-24,2.876489302336284,2.307136112342893,xgboost,MOQUEGUA
2013-07-01,2.876489302336284,2.0627796806769823,xgboost,MOQUEGUA
2013-07-08,4.027085023270797,2.3759630978511925,xgboost,MOQUEGUA
2013-07-15,5.177680744205311,2.7717954187140585,xgboost,MOQUEGUA
2013-07-22,4.602382883738055,4.396022728202142,xgboost,MOQUEGUA
2013-07-29,2.876489302336284,3.5548574017882144,xgboost,MOQUEGUA
2013-08-05,3.451787162803541,2.6827786872820965,xgboost,MOQUEGUA
2013-08-12,3.451787162803541,2.8594517540604683,xgboost,MOQUEGUA
2013-08-19,3.451787162803541,2.854098269784144,xgboost,MOQUEGUA
2013-08-26,2.3011914418690265,2.9120259873214716,xgboost,MOQUEGUA
2013-09-02,1.7258935814017708,2.5503073351145518,xgboost,MOQUEGUA
2013-09-09,2.3011914418690265,2.1602570280266074,xgboost,MOQUEGUA
2013-09-16,2.876489302336284,2.4265556778190724,xgboost,MOQUEGUA
2013-09-23,2.8764893023362834,2.5263062183365044,xgboost,MOQUEGUA
2013-09-30,2.3011914418690265,2.5957402116570325,xgboost,MOQUEGUA
2013-10-07,1.1505957209345128,2.0997591360948653,xgboost,MOQUEGUA
2013-10-14,1.1505957209345128,1.7481927999302123,xgboost,MOQUEGUA
2013-10-21,2.8764893023362834,1.2087550476395905,xgboost,MOQUEGUA
2013-10-28,4.027085023270797,2.7431208127718074,xgboost,MOQUEGUA
2013-11-04,5.177680744205311,3.2477079957670183,xgboost,MOQUEGUA
2013-11-11,4.027085023270797,4.113012954992041,xgboost,MOQUEGUA
2013-11-18,4.027085023270797,2.9643384964577777,xgboost,MOQUEGUA
2013-11-25,2.3011914418690265,2.8606343472347553,xgboost,MOQUEGUA
2013-12-02,2.8764893023362834,2.0559702593184945,xgboost,MOQUEGUA
2013-12-09,2.3011914418690265,2.540504505785663,xgboost,MOQUEGUA
2013-12-16,4.027085023270797,1.9943402220070987,xgboost,MOQUEGUA
2013-12-23,2.8764893023362834,3.044734839069865,xgboost,MOQUEGUA
2013-12-30,2.8764893023362834,2.509243261554906,xgboost,MOQUEGUA
2014-01-06,2.287792871118454,2.4522701533355225,xgboost,MOQUEGUA
2014-01-13,2.281093585743168,2.2074430343112725,xgboost,MOQUEGUA
2014-01-20,1.7057957252759108,1.9902238144881381,xgboost,MOQUEGUA
2014-01-27,1.1371971501839402,2.2600687072121253,xgboost,MOQUEGUA
2014-02-03,1.1371971501839402,1.360274252716537,xgboost,MOQUEGUA
2014-02-10,1.1371971501839402,1.2384259110900326,xgboost,MOQUEGUA
2014-02-17,0.5685985750919693,1.019998095486982,xgboost,MOQUEGUA
2014-02-24,1.1371971501839402,0.8687543673608253,xgboost,MOQUEGUA
2014-03-03,1.7057957252759108,1.0385416522950552,xgboost,MOQUEGUA
2014-03-10,1.7057957252759108,1.6226461981821592,xgboost,MOQUEGUA
2014-03-17,0.5685985750919693,1.6972151255062427,xgboost,MOQUEGUA
2014-03-24,0.5685985750919693,1.093735592346972,xgboost,MOQUEGUA
2014-03-31,1.7057957252759108,0.8849922498244336,xgboost,MOQUEGUA
2014-04-07,1.7057957252759108,1.504253197404028,xgboost,MOQUEGUA
2014-04-14,1.7057957252759108,1.6456585156778663,xgboost,MOQUEGUA
2014-04-21,1.1371971501839402,1.7036839171052458,xgboost,MOQUEGUA
2014-04-28,1.1371971501839402,1.3279232110480677,xgboost,MOQUEGUA
2014-05-05,2.2743943003678817,1.3136684658934699,xgboost,MOQUEGUA
2014-05-12,1.7057957252759108,1.8827461313212437,xgboost,MOQUEGUA
2014-05-19,2.842992875459853,1.4956265352091789,xgboost,MOQUEGUA
2014-05-26,1.7057957252759108,2.2384404219855982,xgboost,MOQUEGUA
2014-06-02,3.4115914505518234,1.3674017393095137,xgboost,MOQUEGUA
2014-06-09,2.2743943003678817,3.028890027209724,xgboost,MOQUEGUA
2014-06-16,2.842992875459853,1.8563053568118724,xgboost,MOQUEGUA
2014-06-23,1.7057957252759108,2.500222617471588,xgboost,MOQUEGUA
2014-06-30,2.2743943003678817,2.0086990707810832,xgboost,MOQUEGUA
2014-07-07,1.7057957252759124,2.5279515038216696,xgboost,MOQUEGUA
2014-07-14,1.1371971501839402,2.258443859621804,xgboost,MOQUEGUA
2014-07-21,1.1371971501839402,1.9571258109576535,xgboost,MOQUEGUA
2014-07-28,2.2743943003678817,1.7033545422376508,xgboost,MOQUEGUA
2014-08-04,5.6859857509197065,2.3577113749941487,xgboost,MOQUEGUA
2014-08-11,6.823182901103649,4.075523049456781,xgboost,MOQUEGUA
2014-08-18,7.391781476195619,3.9032773647343646,xgboost,MOQUEGUA
2014-08-25,3.9801900256437945,3.9440493642333756,xgboost,MOQUEGUA
2014-09-01,2.842992875459853,3.0669101314283678,xgboost,MOQUEGUA
2014-09-08,1.7057957252759113,2.3908432414865297,xgboost,MOQUEGUA
2014-09-15,2.842992875459853,1.5935841963035782,xgboost,MOQUEGUA
2014-09-22,2.274394300367882,2.3488035865078434,xgboost,MOQUEGUA
2014-09-29,2.274394300367882,2.2797404461544164,xgboost,MOQUEGUA
2014-10-06,1.1371971501839404,2.1914374907684726,xgboost,MOQUEGUA
2014-10-13,3.4115914505518234,1.6858235382833109,xgboost,MOQUEGUA
2014-10-20,3.4115914505518234,3.054381526923615,xgboost,MOQUEGUA
2014-10-27,3.9801900256437945,3.1945243768524785,xgboost,MOQUEGUA
2014-11-03,2.274394300367882,3.6188164498331377,xgboost,MOQUEGUA
2014-11-10,1.7057957252759124,2.6130872028759065,xgboost,MOQUEGUA
2014-11-17,2.842992875459853,2.1180925590118873,xgboost,MOQUEGUA
2014-11-24,2.274394300367882,2.475150454948211,xgboost,MOQUEGUA
2014-12-01,1.7057957252759113,2.0570261832282966,xgboost,MOQUEGUA
2014-12-08,0.0,1.9563683492380952,xgboost,MOQUEGUA
2014-12-15,0.5685985750919696,1.351210592464763,xgboost,MOQUEGUA
2014-12-22,0.5685985750919696,0.8468421415413023,xgboost,MOQUEGUA
2014-12-29,1.1371971501839404,0.5148538955260837,xgboost,MOQUEGUA
2015-01-05,1.69269929451643,0.8526257748285306,xgboost,MOQUEGUA
2015-01-12,3.378850373653121,1.0377024578209881,xgboost,MOQUEGUA
2015-01-19,2.81025179856115,2.9613561835309317,xgboost,MOQUEGUA
2015-01-26,1.6861510791366896,2.0396804381450715,xgboost,MOQUEGUA
2015-02-02,1.1241007194244592,1.4521184663185007,xgboost,MOQUEGUA
2015-02-09,1.6861510791366892,0.8756637117555077,xgboost,MOQUEGUA
2015-02-16,1.6861510791366892,1.4133426961825717,xgboost,MOQUEGUA
2015-02-23,0.5620503597122289,1.2440941108425463,xgboost,MOQUEGUA
2015-03-02,0.5620503597122289,0.8544906885491101,xgboost,MOQUEGUA
2015-03-09,1.1241007194244592,0.668920467084213,xgboost,MOQUEGUA
2015-03-16,1.1241007194244592,0.9348482020937083,xgboost,MOQUEGUA
2015-03-23,1.6861510791366892,1.066469964199503,xgboost,MOQUEGUA
2015-03-30,1.1241007194244592,1.1854706479922807,xgboost,MOQUEGUA
2015-04-06,1.6861510791366896,1.301765272184893,xgboost,MOQUEGUA
2015-04-13,1.6861510791366892,1.5446884873909923,xgboost,MOQUEGUA
2015-04-20,2.8102517985611493,1.5936112496359973,xgboost,MOQUEGUA
2015-04-27,3.93435251798561,2.2142933826085756,xgboost,MOQUEGUA
2015-05-04,5.05845323741007,2.89825518720702,xgboost,MOQUEGUA
2015-05-11,4.49640287769784,4.459738027718303,xgboost,MOQUEGUA
2015-05-18,2.8102517985611493,3.26539004150713,xgboost,MOQUEGUA
2015-05-25,1.1241007194244592,2.305852711608203,xgboost,MOQUEGUA
2015-06-01,1.6861510791366892,1.6271654453524262,xgboost,MOQUEGUA
2015-06-08,2.2482014388489193,1.9981123784575145,xgboost,MOQUEGUA
2015-06-15,2.8102517985611493,2.4051520148672276,xgboost,MOQUEGUA
2015-06-22,2.81025179856115,2.144762476912035,xgboost,MOQUEGUA
2015-06-29,4.49640287769784,2.258415503860423,xgboost,MOQUEGUA
2015-07-06,5.058453237410071,3.3343708065053175,xgboost,MOQUEGUA
2015-07-13,5.620503597122301,4.329285503900909,xgboost,MOQUEGUA
2015-07-20,5.620503597122301,4.152659637045489,xgboost,MOQUEGUA
2015-07-27,5.05845323741007,3.549348389690236,xgboost,MOQUEGUA
2015-08-03,3.93435251798561,4.296368482766441,xgboost,MOQUEGUA
2015-08-10,3.93435251798561,3.2562518864544856,xgboost,MOQUEGUA
2015-08-17,2.8102517985611493,3.1430673902897652,xgboost,MOQUEGUA
2015-08-24,3.3723021582733796,2.673685943327531,xgboost,MOQUEGUA
2015-08-31,2.2482014388489193,2.5385298110720953,xgboost,MOQUEGUA
2015-09-07,2.8102517985611493,2.26954950473327,xgboost,MOQUEGUA
2015-09-14,3.93435251798561,2.3111298212024813,xgboost,MOQUEGUA
2015-09-21,4.49640287769784,2.812707047405621,xgboost,MOQUEGUA
2015-09-28,6.182553956834531,3.3904307264848477,xgboost,MOQUEGUA
2015-10-05,5.05845323741007,4.042410685263647,xgboost,MOQUEGUA
2015-10-12,5.05845323741007,4.039117720942197,xgboost,MOQUEGUA
2015-10-19,3.3723021582733796,3.743734449924105,xgboost,MOQUEGUA
2015-10-26,3.37230215827338,2.6459814671700665,xgboost,MOQUEGUA
2015-11-02,5.058453237410071,2.461599238703908,xgboost,MOQUEGUA
2015-11-09,6.744604316546762,3.477184327142788,xgboost,MOQUEGUA
2015-11-16,6.744604316546762,3.778223924096343,xgboost,MOQUEGUA
2015-11-23,5.620503597122301,4.418882157675571,xgboost,MOQUEGUA
2015-11-30,5.05845323741007,4.060170193810525,xgboost,MOQUEGUA
2015-12-07,3.9343525179856105,3.7954691133074387,xgboost,MOQUEGUA
2015-12-14,2.81025179856115,3.1328761340773594,xgboost,MOQUEGUA
2015-12-21,2.2482014388489193,2.4949824321739325,xgboost,MOQUEGUA
2015-12-28,2.2482014388489193,2.435165740626077,xgboost,MOQUEGUA
2016-01-04,1.6797550579735345,2.2860408049218073,xgboost,MOQUEGUA
2016-01-11,1.1113086770981497,1.6442309859770292,xgboost,MOQUEGUA
2016-01-18,1.1113086770981497,1.2731048380264793,xgboost,MOQUEGUA
2016-01-25,0.5556543385490743,1.3135035369293009,xgboost,MOQUEGUA
2016-02-01,0.5556543385490743,1.177290553137471,xgboost,MOQUEGUA
2016-02-08,0.5556543385490743,1.2699278435687527,xgboost,MOQUEGUA
2016-02-15,1.666963015647225,1.2906644416367299,xgboost,MOQUEGUA
2016-02-22,1.1113086770981497,1.748257012262171,xgboost,MOQUEGUA
2016-02-29,1.11130867709815,1.535724077724665,xgboost,MOQUEGUA
2016-03-07,0.0,1.5526491516374539,xgboost,MOQUEGUA
2016-03-14,1.6669630156472248,0.841207703976115,xgboost,MOQUEGUA
2016-03-21,2.2226173541963004,1.2753003904281224,xgboost,MOQUEGUA
2016-03-28,3.333926031294451,1.389345935718926,xgboost,MOQUEGUA
2016-04-04,2.778271692745376,2.170489399200405,xgboost,MOQUEGUA
2016-04-11,2.778271692745376,2.175038285522848,xgboost,MOQUEGUA
2016-04-18,3.333926031294451,2.1612615551424814,xgboost,MOQUEGUA
2016-04-25,2.7782716927453754,2.4281846637740396,xgboost,MOQUEGUA
2016-05-02,2.2226173541963004,1.6284875647708876,xgboost,MOQUEGUA
2016-05-09,1.1113086770981497,1.6938854564403476,xgboost,MOQUEGUA
2016-05-16,2.2226173541963004,1.4382246223507593,xgboost,MOQUEGUA
2016-05-23,3.8895803698435265,2.3644262117313852,xgboost,MOQUEGUA
2016-05-30,3.333926031294451,3.0081259337069417,xgboost,MOQUEGUA
2016-06-06,2.778271692745376,2.8138003009017343,xgboost,MOQUEGUA
2016-06-13,3.3339260312944514,2.4447561654855723,xgboost,MOQUEGUA
2016-06-20,4.4452347083926025,2.6566529970421784,xgboost,MOQUEGUA
2016-06-27,3.889580369843527,3.0554609240110704,xgboost,MOQUEGUA
2016-07-04,1.666963015647225,3.2867284739537634,xgboost,MOQUEGUA
2016-07-11,2.778271692745376,1.5095838962195516,xgboost,MOQUEGUA
2016-07-18,3.3339260312944514,2.68500915229453,xgboost,MOQUEGUA
2016-07-25,4.4452347083926025,3.026591097364787,xgboost,MOQUEGUA
2016-08-01,3.8895803698435265,3.8215447678963512,xgboost,MOQUEGUA
2016-08-08,4.445234708392602,3.5442344336623997,xgboost,MOQUEGUA
2016-08-15,3.8895803698435256,3.966979617652189,xgboost,MOQUEGUA
2016-08-22,4.445234708392602,3.398532265749644,xgboost,MOQUEGUA
2016-08-29,4.445234708392602,3.7266071273186245,xgboost,MOQUEGUA
2016-09-05,6.112197724039828,3.6400734506723067,xgboost,MOQUEGUA
2016-09-12,5.556543385490753,4.9430615718686886,xgboost,MOQUEGUA
2016-09-19,5.556543385490753,4.410369007210582,xgboost,MOQUEGUA
2016-09-26,4.445234708392602,4.1219318874132345,xgboost,MOQUEGUA
2016-10-03,2.778271692745376,3.8183977640447084,xgboost,MOQUEGUA
2016-10-10,1.1113086770981497,2.8124834349948213,xgboost,MOQUEGUA
2016-10-17,1.1113086770981497,1.5044238132505714,xgboost,MOQUEGUA
2016-10-24,2.778271692745376,1.4328952634518415,xgboost,MOQUEGUA
2016-10-31,3.889580369843527,2.3126075782197777,xgboost,MOQUEGUA
2016-11-07,3.3339260312944514,3.3667480281273274,xgboost,MOQUEGUA
2016-11-14,3.333926031294451,3.0909300870861083,xgboost,MOQUEGUA
2016-11-21,3.333926031294451,3.1382355001361706,xgboost,MOQUEGUA
2016-11-28,2.7782716927453754,3.04263167849062,xgboost,MOQUEGUA
2016-12-05,1.666963015647225,2.4725233182220534,xgboost,MOQUEGUA
2016-12-12,2.2226173541963004,1.6876103893781185,xgboost,MOQUEGUA
2016-12-19,3.8895803698435265,2.3705927054260036,xgboost,MOQUEGUA
2016-12-26,6.112197724039828,3.0213724851979435,xgboost,MOQUEGUA
2017-01-02,4.445234708392602,4.465105633347984,xgboost,MOQUEGUA
2017-01-09,3.8770701566251233,3.473154939435471,xgboost,MOQUEGUA
2017-01-16,3.296395391639242,3.0058273913061937,xgboost,MOQUEGUA
2017-01-23,3.8457946235791156,2.3745821851247895,xgboost,MOQUEGUA
2017-01-30,3.8457946235791156,2.8981352943270524,xgboost,MOQUEGUA
2017-02-06,3.296395391639242,3.003198009272757,xgboost,MOQUEGUA
2017-02-13,3.845794623579115,2.8821621918703784,xgboost,MOQUEGUA
2017-02-20,3.845794623579115,3.2972806725701487,xgboost,MOQUEGUA
2017-02-27,2.7469961596993677,3.256080901223738,xgboost,MOQUEGUA
2017-03-06,2.7469961596993677,2.248446492917037,xgboost,MOQUEGUA
2017-03-13,1.6481976958196203,2.341654617419393,xgboost,MOQUEGUA
2017-03-20,2.7469961596993677,1.779313741021582,xgboost,MOQUEGUA
2017-03-27,1.64819769581962,2.58659000205529,xgboost,MOQUEGUA
2017-04-03,3.845794623579115,1.6202263580396545,xgboost,MOQUEGUA
2017-04-10,4.395193855518989,3.4110730628605044,xgboost,MOQUEGUA
2017-04-17,7.142190015218358,3.3395196503250224,xgboost,MOQUEGUA
2017-04-24,6.592790783278485,4.563794509067782,xgboost,MOQUEGUA
2017-05-01,4.395193855518989,4.2026693438083935,xgboost,MOQUEGUA
2017-05-08,2.7469961596993677,4.053728898830843,xgboost,MOQUEGUA
2017-05-15,1.6481976958196203,2.477679251442077,xgboost,MOQUEGUA
2017-05-22,2.7469961596993677,2.1916608221428886,xgboost,MOQUEGUA
2017-05-29,3.296395391639242,2.58577474763413,xgboost,MOQUEGUA
2017-06-05,3.845794623579115,3.3159335541493125,xgboost,MOQUEGUA
2017-06-12,3.845794623579115,3.2831395656792015,xgboost,MOQUEGUA
2017-06-19,4.944593087458863,3.0817978170925713,xgboost,MOQUEGUA
2017-06-26,6.043391551338611,4.170694027540304,xgboost,MOQUEGUA
2017-07-03,8.240988479098105,5.019357499520095,xgboost,MOQUEGUA
2017-07-10,8.790387711037978,4.454532397337275,xgboost,MOQUEGUA
2017-07-17,9.339786942977852,4.703042576896635,xgboost,MOQUEGUA
2017-07-24,7.69158924715823,4.2112476621939345,xgboost,MOQUEGUA
2017-07-31,7.6915892471582294,5.179320770918657,xgboost,MOQUEGUA
2017-08-07,6.043391551338608,5.073244462419783,xgboost,MOQUEGUA
2017-08-14,4.944593087458862,5.321131185225599,xgboost,MOQUEGUA
2017-08-21,2.1975969277594922,4.89097785137093,xgboost,MOQUEGUA
2017-08-28,3.8457946235791134,2.2204457513325884,xgboost,MOQUEGUA
2017-09-04,4.94459308745886,3.042677943003377,xgboost,MOQUEGUA
2017-09-11,5.493992319398735,3.680582555085893,xgboost,MOQUEGUA
2017-09-18,2.746996159699366,4.281305730768833,xgboost,MOQUEGUA
2017-09-25,1.6481976958196185,2.7555112408739966,xgboost,MOQUEGUA
2017-10-02,2.746996159699366,2.2398915311012306,xgboost,MOQUEGUA
2017-10-09,4.395193855518987,2.7782284028522675,xgboost,MOQUEGUA
2017-10-16,5.493992319398735,3.924767884577607,xgboost,MOQUEGUA
2017-10-23,6.043391551338608,4.669061692674203,xgboost,MOQUEGUA
2017-10-30,4.944593087458862,5.458547754107609,xgboost,MOQUEGUA
2017-11-06,6.043391551338608,4.234694498024193,xgboost,MOQUEGUA
2017-11-13,4.395193855518987,5.32136327905419,xgboost,MOQUEGUA
2017-11-20,5.4939923193987354,3.907595332585492,xgboost,MOQUEGUA
2017-11-27,3.29639539163924,4.707909699638512,xgboost,MOQUEGUA
2017-12-04,3.8457946235791134,3.4347328732242257,xgboost,MOQUEGUA
2017-12-11,2.197596927759492,3.744748494796336,xgboost,MOQUEGUA
2017-12-18,2.746996159699366,2.4817245053025676,xgboost,MOQUEGUA
2017-12-25,2.1975969277594922,2.2206365587887955,xgboost,MOQUEGUA
2018-01-01,3.818508852808525,1.920840797229114,xgboost,MOQUEGUA
2018-01-08,3.8003183389614654,3.2699911612710206,xgboost,MOQUEGUA
2018-01-15,4.32243180013075,3.6036397623710075,xgboost,MOQUEGUA
2018-01-22,3.7821278251144057,3.6403085410678555,xgboost,MOQUEGUA
2018-01-29,3.7821278251144057,3.3281408189286097,xgboost,MOQUEGUA
2018-02-05,3.782127825114406,3.2476583721641488,xgboost,MOQUEGUA
2018-02-12,3.782127825114406,3.456127962352233,xgboost,MOQUEGUA
2018-02-19,3.241823850098062,3.5397501643813767,xgboost,MOQUEGUA
2018-02-26,2.701519875081718,2.9304602566254987,xgboost,MOQUEGUA
2018-03-05,2.701519875081718,2.274934580684423,xgboost,MOQUEGUA
2018-03-12,3.241823850098065,2.167053412933616,xgboost,MOQUEGUA
2018-03-19,2.701519875081718,2.759954074316274,xgboost,MOQUEGUA
2018-03-26,3.782127825114406,2.0518520745272553,xgboost,MOQUEGUA
2018-04-02,4.862735775147095,3.2351923864547993,xgboost,MOQUEGUA
2018-04-09,4.862735775147095,4.198585647019592,xgboost,MOQUEGUA
2018-04-16,3.782127825114406,3.868423793718863,xgboost,MOQUEGUA
2018-04-23,2.701519875081718,3.4933532052936327,xgboost,MOQUEGUA
2018-04-30,3.782127825114406,2.6162396777624632,xgboost,MOQUEGUA
2018-05-07,3.241823850098062,3.8095590062604803,xgboost,MOQUEGUA
2018-05-14,3.241823850098062,3.0881751531349346,xgboost,MOQUEGUA
2018-05-21,2.701519875081718,3.162325897540584,xgboost,MOQUEGUA
2018-05-28,3.782127825114406,2.7452476301574285,xgboost,MOQUEGUA
2018-06-04,4.862735775147095,3.7301379305394846,xgboost,MOQUEGUA
2018-06-11,4.862735775147095,4.438230159181233,xgboost,MOQUEGUA
2018-06-18,5.4030397501634395,4.048915797959282,xgboost,MOQUEGUA
2018-06-25,4.32243180013075,4.223223168000198,xgboost,MOQUEGUA
2018-07-02,3.782127825114406,3.7660827867377806,xgboost,MOQUEGUA
2018-07-09,2.701519875081718,3.4413704209061864,xgboost,MOQUEGUA
2018-07-16,4.322431800130751,2.9346874198073873,xgboost,MOQUEGUA
2018-07-23,6.483647700196127,3.8433594701789486,xgboost,MOQUEGUA
2018-07-30,7.023951675212473,5.14387954520683,xgboost,MOQUEGUA
2018-08-06,5.4030397501634395,5.436915465626479,xgboost,MOQUEGUA
2018-08-13,4.862735775147095,4.097705910140462,xgboost,MOQUEGUA
2018-08-20,5.4030397501634395,4.03809841978207,xgboost,MOQUEGUA
2018-08-27,5.9433437251797825,4.204576208002564,xgboost,MOQUEGUA
2018-09-03,5.4030397501634395,4.609404856725254,xgboost,MOQUEGUA
2018-09-10,3.782127825114406,3.867987961860731,xgboost,MOQUEGUA
2018-09-17,4.32243180013075,3.4205146350858096,xgboost,MOQUEGUA
2018-09-24,2.701519875081718,4.303084267295644,xgboost,MOQUEGUA
2018-10-01,2.701519875081718,2.698479859496975,xgboost,MOQUEGUA
2018-10-08,1.6209119250490296,2.7036489726144195,xgboost,MOQUEGUA
2018-10-15,3.241823850098062,2.5411123258323554,xgboost,MOQUEGUA
2018-10-22,4.862735775147095,3.0520723987426974,xgboost,MOQUEGUA
2018-10-29,5.4030397501634395,4.505277581464052,xgboost,MOQUEGUA
2018-11-05,5.4030397501634395,4.303618483688698,xgboost,MOQUEGUA
2018-11-12,4.32243180013075,4.433113689041749,xgboost,MOQUEGUA
2018-11-19,3.241823850098062,3.6986727403559154,xgboost,MOQUEGUA
2018-11-26,2.1612159000653737,3.0221266284401045,xgboost,MOQUEGUA
2018-12-03,2.1612159000653737,2.5149971431458864,xgboost,MOQUEGUA
2018-12-10,2.701519875081718,2.30994311858646,xgboost,MOQUEGUA
2018-12-17,4.32243180013075,2.3977417964358105,xgboost,MOQUEGUA
2018-12-24,5.4030397501634395,3.8276066820364854,xgboost,MOQUEGUA
2018-12-31,4.32243180013075,4.523766439957044,xgboost,MOQUEGUA
2019-01-07,2.6927208563490908,4.026639037496444,xgboost,MOQUEGUA
2019-01-14,0.5315049562837143,2.4856967601262134,xgboost,MOQUEGUA
2019-01-21,2.126019825134866,1.8627289157929288,xgboost,MOQUEGUA
2019-01-28,1.5945148688511488,2.0716607321630844,xgboost,MOQUEGUA
2019-02-04,3.7205346939860178,1.2990412143975942,xgboost,MOQUEGUA
2019-02-11,2.6575247814185836,3.343193595850667,xgboost,MOQUEGUA
2019-02-18,3.7205346939860178,2.2771227372765357,xgboost,MOQUEGUA
2019-02-25,4.252039650269736,3.3216451861971246,xgboost,MOQUEGUA
2019-03-04,4.783544606553453,3.1324524533797398,xgboost,MOQUEGUA
2019-03-11,5.846554519120887,3.891640034878213,xgboost,MOQUEGUA
2019-03-18,5.31504956283717,4.6509830661964795,xgboost,MOQUEGUA
2019-03-25,4.252039650269736,4.029946032997608,xgboost,MOQUEGUA
2019-04-01,3.1890297377023007,3.753883525327872,xgboost,MOQUEGUA
2019-04-08,2.126019825134866,2.3488443060220363,xgboost,MOQUEGUA
2019-04-15,2.126019825134866,2.8260182873534467,xgboost,MOQUEGUA
2019-04-22,1.5945148688511488,2.787577190871424,xgboost,MOQUEGUA
2019-04-29,1.0630099125674317,2.538799789770727,xgboost,MOQUEGUA
2019-05-06,2.6575247814185836,1.5010901789739979,xgboost,MOQUEGUA
2019-05-13,5.31504956283717,2.501524290428183,xgboost,MOQUEGUA
2019-05-20,7.441069387972039,4.566755408129265,xgboost,MOQUEGUA
2019-05-27,8.504079300539473,5.713964335874324,xgboost,MOQUEGUA
2019-06-03,6.909564431688321,6.48308578186343,xgboost,MOQUEGUA
2019-06-10,7.441069387972039,6.121927436942452,xgboost,MOQUEGUA
2019-06-17,7.441069387972039,6.061856520330104,xgboost,MOQUEGUA
2019-06-24,7.441069387972039,6.156615176251968,xgboost,MOQUEGUA
2019-07-01,8.504079300539473,6.619973747047156,xgboost,MOQUEGUA
2019-07-08,9.03558425682319,6.284068171060236,xgboost,MOQUEGUA
2019-07-15,9.03558425682319,5.730469748316468,xgboost,MOQUEGUA
2019-07-22,7.441069387972039,5.407060186873686,xgboost,MOQUEGUA
2019-07-29,5.31504956283717,6.229240027291263,xgboost,MOQUEGUA
2019-08-05,5.31504956283717,4.299726574808346,xgboost,MOQUEGUA
2019-08-12,8.504079300539475,4.053334910952983,xgboost,MOQUEGUA
2019-08-19,11.69310903824178,5.0028489549430555,xgboost,MOQUEGUA
2019-08-26,12.224613994525496,6.591192887491545,xgboost,MOQUEGUA
2019-09-02,9.035584256823192,6.828625419515546,xgboost,MOQUEGUA
2019-09-09,6.909564431688323,6.473094324300215,xgboost,MOQUEGUA
2019-09-16,5.846554519120887,6.091221818482296,xgboost,MOQUEGUA
2019-09-23,4.783544606553454,5.780983189535797,xgboost,MOQUEGUA
2019-09-30,4.783544606553453,5.106957480911776,xgboost,MOQUEGUA
2019-10-07,5.315049562837171,5.099817734274026,xgboost,MOQUEGUA
2019-10-14,6.378059475404605,5.170178565576587,xgboost,MOQUEGUA
2019-10-21,6.378059475404605,5.116972126659023,xgboost,MOQUEGUA
2019-10-28,6.909564431688323,5.13021412533373,xgboost,MOQUEGUA
2019-11-04,4.252039650269737,5.916759120598688,xgboost,MOQUEGUA
2019-11-11,4.783544606553453,3.8796411529513097,xgboost,MOQUEGUA
2019-11-18,4.252039650269736,4.714449029143695,xgboost,MOQUEGUA
2019-11-25,6.909564431688323,4.12960470517727,xgboost,MOQUEGUA
2019-12-02,5.846554519120889,5.5169063766480555,xgboost,MOQUEGUA
2019-12-09,6.378059475404605,4.828862750245352,xgboost,MOQUEGUA
2019-12-16,5.846554519120889,5.400275295559248,xgboost,MOQUEGUA
2019-12-23,6.909564431688323,4.704309968641332,xgboost,MOQUEGUA
2019-12-30,5.31504956283717,4.994360844844091,xgboost,MOQUEGUA
2020-01-06,4.757993541707343,4.569049977065601,xgboost,MOQUEGUA
2020-01-13,3.6694325642937984,4.239460467150758,xgboost,MOQUEGUA
2020-01-20,3.137927608010081,3.5080416355928072,xgboost,MOQUEGUA
2020-01-27,3.6609155426784277,2.3824982992262016,xgboost,MOQUEGUA
2020-02-03,4.183903477346775,3.4782065213733695,xgboost,MOQUEGUA
2020-02-10,5.229879346683469,4.0087147827932625,xgboost,MOQUEGUA
2020-02-17,5.22987934668347,4.674231251905585,xgboost,MOQUEGUA
2020-02-24,3.137927608010081,4.354514361675407,xgboost,MOQUEGUA
2020-03-02,4.706891412015122,2.434560956953618,xgboost,MOQUEGUA
2020-03-09,2.6149396733417336,4.1852527719887656,xgboost,MOQUEGUA
2020-03-16,5.229879346683469,2.4568062733869964,xgboost,MOQUEGUA
2020-03-23,2.6149396733417336,4.6987074261919615,xgboost,MOQUEGUA
2020-03-30,3.137927608010081,2.426052470777815,xgboost,MOQUEGUA
2020-04-06,1.045975869336692,3.3308514609068833,xgboost,MOQUEGUA
2020-04-13,1.045975869336692,2.0665850471216918,xgboost,MOQUEGUA
2020-04-20,1.5689638040050393,2.4333803592572627,xgboost,MOQUEGUA
2020-04-27,1.045975869336692,2.4021677394316967,xgboost,MOQUEGUA
2020-05-04,2.091951738673386,1.344906594251234,xgboost,MOQUEGUA
2020-05-11,2.0919517386733864,2.007366208744967,xgboost,MOQUEGUA
2020-05-18,2.6149396733417336,2.4566385595036895,xgboost,MOQUEGUA
2020-05-25,1.5689638040050393,3.0624203299978685,xgboost,MOQUEGUA
2020-06-01,1.5689638040050393,2.117889242678336,xgboost,MOQUEGUA
2020-06-08,2.091951738673387,2.059233214048188,xgboost,MOQUEGUA
2020-06-15,2.6149396733417336,2.7361894909534827,xgboost,MOQUEGUA
2020-06-22,2.0919517386733864,2.6754166418997767,xgboost,MOQUEGUA
2020-06-29,2.6149396733417336,2.5560391000932055,xgboost,MOQUEGUA
2020-07-06,3.6609155426784277,2.876673223844571,xgboost,MOQUEGUA
2020-07-13,5.229879346683469,3.5215608282175017,xgboost,MOQUEGUA
2020-07-20,11.40180513658173,4.516314137170578,xgboost,MOQUEGUA
2020-07-27,12.447781005918424,7.197243281772826,xgboost,MOQUEGUA
2020-08-03,17.6776603526019,7.2837891408556175,xgboost,MOQUEGUA
2020-08-10,17.6776603526019,7.437637485270363,xgboost,MOQUEGUA
2020-08-17,21.33857589528033,6.7186679641758404,xgboost,MOQUEGUA
2020-08-24,16.108696548596857,13.224978869350291,xgboost,MOQUEGUA
2020-08-31,13.07469836670868,10.704393397272622,xgboost,MOQUEGUA
2020-09-07,9.413782824030248,9.464617566435884,xgboost,MOQUEGUA
2020-09-14,9.413782824030248,7.600084443710106,xgboost,MOQUEGUA
2020-09-21,10.982746628035288,7.913483125533222,xgboost,MOQUEGUA
2020-09-28,10.459758693366942,7.54845056258889,xgboost,MOQUEGUA
2020-10-05,11.505734562703637,7.816365890563009,xgboost,MOQUEGUA
2020-10-12,6.275855216020164,8.30416208309141,xgboost,MOQUEGUA
2020-10-19,4.706891412015122,6.0515481574785035,xgboost,MOQUEGUA
2020-10-26,2.0919517386733864,5.226171252138506,xgboost,MOQUEGUA
2020-11-02,2.0919517386733864,3.4692277401106812,xgboost,MOQUEGUA
2020-11-09,2.0919517386733864,3.6123678553548784,xgboost,MOQUEGUA
2020-11-16,3.137927608010081,2.687597902798583,xgboost,MOQUEGUA
2020-11-23,3.6609155426784277,3.0204368346274633,xgboost,MOQUEGUA
2020-11-30,4.706891412015125,3.880009382029704,xgboost,MOQUEGUA
2020-12-07,4.183903477346775,4.113950480605342,xgboost,MOQUEGUA
2020-12-14,3.137927608010081,4.096294432655462,xgboost,MOQUEGUA
2020-12-21,3.6609155426784277,3.212619745749935,xgboost,MOQUEGUA
2020-12-28,6.798843150688512,3.9548485013343146,xgboost,MOQUEGUA
2021-01-04,13.996948728757394,4.770466347957478,xgboost,MOQUEGUA
2021-01-11,19.64588658398731,9.021340062482844,xgboost,MOQUEGUA
2021-01-18,23.202872700543836,10.220513694402333,xgboost,MOQUEGUA
2021-01-25,21.143914430480574,10.698947521073846,xgboost,MOQUEGUA
2021-02-01,20.609378781798686,10.530474603709713,xgboost,MOQUEGUA
2021-02-08,16.47166616050609,13.61372708054316,xgboost,MOQUEGUA
2021-02-15,11.83901005286375,13.018361202164295,xgboost,MOQUEGUA
2021-02-22,7.206353945221413,11.171241191384432,xgboost,MOQUEGUA
2021-03-01,10.80953091783212,7.182756588944146,xgboost,MOQUEGUA
2021-03-08,9.78005178280049,9.340267529811742,xgboost,MOQUEGUA
2021-03-15,7.7210935127372275,9.760344868645236,xgboost,MOQUEGUA
2021-03-22,1.0294791350316286,7.919341935970092,xgboost,MOQUEGUA
2021-03-29,2.0589582700632594,3.2398620166827614,xgboost,MOQUEGUA
2021-04-05,6.691614377705598,2.3389572412711934,xgboost,MOQUEGUA
2021-04-12,13.917764404093086,4.751764699357294,xgboost,MOQUEGUA
2021-04-19,18.03568094421961,9.441552175556227,xgboost,MOQUEGUA
2021-04-26,20.629174862964756,11.737691582043665,xgboost,MOQUEGUA
2021-05-03,20.62917486296476,15.947415058925213,xgboost,MOQUEGUA
2021-05-10,21.658653997996385,14.034985303339623,xgboost,MOQUEGUA
2021-05-17,21.1241183493145,13.811103136610981,xgboost,MOQUEGUA
2021-05-24,21.1241183493145,13.008398191258223,xgboost,MOQUEGUA
2021-05-31,22.68813313302802,10.839264175425724,xgboost,MOQUEGUA
2021-06-07,21.658653997996385,10.003011858953483,xgboost,MOQUEGUA
2021-06-14,17.520941376703792,10.260721272176392,xgboost,MOQUEGUA
2021-06-21,12.353749620379567,9.184236401234573,xgboost,MOQUEGUA
2021-06-28,9.265312215284675,8.955823854532634,xgboost,MOQUEGUA
2021-07-05,7.206353945221413,5.906444378719621,xgboost,MOQUEGUA
2021-07-12,6.176874810189783,4.351015025369096,xgboost,MOQUEGUA
2021-07-19,5.147395675158152,4.014023294182991,xgboost,MOQUEGUA
2021-07-26,4.632656107642337,4.625938541033447,xgboost,MOQUEGUA
2021-08-02,5.662135242673966,4.134533899531132,xgboost,MOQUEGUA
2021-08-09,7.206353945221413,5.353665720749299,xgboost,MOQUEGUA
2021-08-16,8.235833080253043,6.595784134639438,xgboost,MOQUEGUA
2021-08-23,7.721093512737229,6.97882032201748,xgboost,MOQUEGUA
2021-08-30,5.147395675158152,6.650871806400622,xgboost,MOQUEGUA
2021-09-06,4.632656107642337,5.226107421764865,xgboost,MOQUEGUA
2021-09-13,3.08843740509489,4.09911109207052,xgboost,MOQUEGUA
2021-09-20,3.6031769726107057,2.586255669749424,xgboost,MOQUEGUA
2021-09-27,2.058958270063259,3.5789614540372474,xgboost,MOQUEGUA
2021-10-04,3.08843740509489,2.8216367944643044,xgboost,MOQUEGUA
2021-10-11,2.0589582700632594,3.337628256103762,xgboost,MOQUEGUA
2021-10-18,3.08843740509489,2.994412052666319,xgboost,MOQUEGUA
2021-10-25,3.6031769726107057,3.0970017763127986,xgboost,MOQUEGUA
2021-11-01,5.147395675158152,3.80076164302067,xgboost,MOQUEGUA
2021-11-08,5.147395675158152,5.291930687303555,xgboost,MOQUEGUA
2021-11-15,3.08843740509489,4.734926180193366,xgboost,MOQUEGUA
2021-11-22,2.0589582700632594,2.8479691074816804,xgboost,MOQUEGUA
2021-11-29,2.5736978375790747,2.758009296332798,xgboost,MOQUEGUA
2021-12-06,7.206353945221413,2.811122500049899,xgboost,MOQUEGUA
2021-12-13,8.750572647768859,6.508103217412264,xgboost,MOQUEGUA
2021-12-20,8.235833080253045,7.928784501141541,xgboost,MOQUEGUA
2021-12-27,4.1179165401265205,7.777024884985998,xgboost,MOQUEGUA
2022-01-03,3.06446072507743,4.348129985869235,xgboost,MOQUEGUA
2022-01-10,5.075465635105772,3.0025585877014347,xgboost,MOQUEGUA
2022-01-17,6.080968090119943,4.794858858945893,xgboost,MOQUEGUA
2022-01-24,5.574220749276615,5.589204321754552,xgboost,MOQUEGUA
2022-01-31,9.628199476023246,4.884100430292152,xgboost,MOQUEGUA
2022-02-07,11.148441498553233,8.150425951659521,xgboost,MOQUEGUA
2022-02-14,13.682178202769876,8.341056354096068,xgboost,MOQUEGUA
2022-02-21,8.107957453493258,12.124431940400937,xgboost,MOQUEGUA
2022-02-28,7.601210112649929,6.946440590383232,xgboost,MOQUEGUA
2022-03-07,6.080968090119942,6.451715760023794,xgboost,MOQUEGUA
2022-03-14,6.080968090119942,5.959084855029178,xgboost,MOQUEGUA
2022-03-21,5.574220749276613,5.2327574597937625,xgboost,MOQUEGUA
2022-03-28,3.5472313859032982,5.2916156714231155,xgboost,MOQUEGUA
2022-04-04,5.574220749276614,3.827321244676064,xgboost,MOQUEGUA
2022-04-11,5.067473408433284,6.429457723355647,xgboost,MOQUEGUA
2022-04-18,5.574220749276614,4.490657386028899,xgboost,MOQUEGUA
2022-04-25,3.040484045059969,5.463662039370949,xgboost,MOQUEGUA
2022-05-02,3.0404840450599693,3.167942064528191,xgboost,MOQUEGUA
2022-05-09,3.5472313859032982,3.3651132648864586,xgboost,MOQUEGUA
2022-05-16,4.053978726746627,3.8526166734406777,xgboost,MOQUEGUA
2022-05-23,3.0404840450599693,4.224289887878069,xgboost,MOQUEGUA
2022-05-30,2.026989363373311,3.4075660473317395,xgboost,MOQUEGUA
2022-06-06,2.0269893633733114,2.9923117384929605,xgboost,MOQUEGUA
2022-06-13,4.053978726746627,2.962557719996581,xgboost,MOQUEGUA
2022-06-20,4.560726067589956,4.091244752843965,xgboost,MOQUEGUA
2022-06-27,3.5472313859032987,4.610959783813411,xgboost,MOQUEGUA
2022-07-04,2.026989363373312,3.7690011883774392,xgboost,MOQUEGUA
2022-07-11,3.0404840450599693,2.8282305406577826,xgboost,MOQUEGUA
2022-07-18,4.053978726746627,3.454792164806804,xgboost,MOQUEGUA
2022-07-25,6.587715430963272,4.4904885179852965,xgboost,MOQUEGUA
2022-08-01,5.067473408433286,7.201974234189208,xgboost,MOQUEGUA
2022-08-08,3.5472313859032987,4.827045294047807,xgboost,MOQUEGUA
2022-08-15,1.0134946816866544,3.892017333848103,xgboost,MOQUEGUA
2022-08-22,2.533736704216641,2.4967915100332028,xgboost,MOQUEGUA
2022-08-29,2.533736704216641,3.56950338506441,xgboost,MOQUEGUA
2022-09-05,2.0269893633733123,2.8599546569971266,xgboost,MOQUEGUA
2022-09-12,0.5067473408433254,2.4123741813911646,xgboost,MOQUEGUA
2022-09-19,1.0134946816866544,2.236967581884079,xgboost,MOQUEGUA
2022-09-26,0.5067473408433254,2.2250832291416542,xgboost,MOQUEGUA
2022-10-03,1.0134946816866544,2.004717657937486,xgboost,MOQUEGUA
2022-10-10,1.5202420225299835,2.025566482788853,xgboost,MOQUEGUA
2022-10-17,3.547231385903299,1.767962437404353,xgboost,MOQUEGUA
2022-10-24,3.547231385903299,2.686942523518332,xgboost,MOQUEGUA
2022-10-31,5.067473408433286,2.7164319269540544,xgboost,MOQUEGUA
2022-11-07,3.0404840450599697,5.777634996724555,xgboost,MOQUEGUA
2022-11-14,2.533736704216641,3.3166708947274612,xgboost,MOQUEGUA
2022-11-21,0.5067473408433254,3.0245218387812267,xgboost,MOQUEGUA
2022-11-28,1.5202420225299835,2.498972315455398,xgboost,MOQUEGUA
2022-12-05,2.0269893633733123,2.4430556857332633,xgboost,MOQUEGUA
2011-12-26,0.0,0.09755494970942691,random_forest,TUMBES
2012-01-02,0.0,0.26719089959469633,random_forest,TUMBES
2012-01-09,0.4597658872102326,0.2728333739805926,random_forest,TUMBES
2012-01-16,0.4597658872102326,0.4009661968956785,random_forest,TUMBES
2012-01-23,0.4597658872102326,0.5082674541158798,random_forest,TUMBES
2012-01-30,0.0,0.38877114199083723,random_forest,TUMBES
2012-02-06,0.0,0.250657665108331,random_forest,TUMBES
2012-02-13,0.0,0.2868432281961934,random_forest,TUMBES
2012-02-20,0.0,0.1163633246649958,random_forest,TUMBES
2012-02-27,0.9195317744204652,0.10718222767398994,random_forest,TUMBES
2012-03-05,0.9195317744204652,0.7131416911043187,random_forest,TUMBES
2012-03-12,0.9195317744204652,0.7181814346321098,random_forest,TUMBES
2012-03-19,0.0,0.7280773014435211,random_forest,TUMBES
2012-03-26,0.9195317744204652,0.30648663199632264,random_forest,TUMBES
2012-04-02,0.9195317744204652,0.6680511931507207,random_forest,TUMBES
2012-04-09,1.3792976616306978,0.6782773885400393,random_forest,TUMBES
2012-04-16,0.4597658872102326,0.8600018807146452,random_forest,TUMBES
2012-04-23,0.4597658872102326,0.36688634908649215,random_forest,TUMBES
2012-04-30,0.4597658872102326,0.2717715410949896,random_forest,TUMBES
2012-05-07,0.4597658872102326,0.26978814980851695,random_forest,TUMBES
2012-05-14,0.4597658872102326,0.3781980237291666,random_forest,TUMBES
2012-05-21,0.4597658872102326,0.33531903667218915,random_forest,TUMBES
2012-05-28,0.4597658872102326,0.34785231497110775,random_forest,TUMBES
2012-06-04,0.4597658872102326,0.361092666974335,random_forest,TUMBES
2012-06-11,0.0,0.38714800691032836,random_forest,TUMBES
2012-06-18,0.0,0.1461150065122065,random_forest,TUMBES
2012-06-25,0.0,0.12748589408783817,random_forest,TUMBES
2012-07-02,0.0,0.0891047755224656,random_forest,TUMBES
2012-07-09,0.0,0.08693857164959716,random_forest,TUMBES
2012-07-16,0.0,0.07214806202016488,random_forest,TUMBES
2012-07-23,0.0,0.08779505974977485,random_forest,TUMBES
2012-07-30,0.0,0.08659296760594473,random_forest,TUMBES
2012-08-06,0.0,0.030931916316726434,random_forest,TUMBES
2012-08-13,0.0,0.036695356739652796,random_forest,TUMBES
2012-08-20,0.0,0.08726041821638643,random_forest,TUMBES
2012-08-27,0.0,0.1391258849956673,random_forest,TUMBES
2012-09-03,0.0,0.11175108546365414,random_forest,TUMBES
2012-09-10,0.0,0.11100098622688549,random_forest,TUMBES
2012-09-17,0.0,0.08563054150539659,random_forest,TUMBES
2012-09-24,0.0,0.10248914211259726,random_forest,TUMBES
2012-10-01,0.0,0.04068170856826157,random_forest,TUMBES
2012-10-08,0.0,0.05518611144240688,random_forest,TUMBES
2012-10-15,0.0,0.04514672057738109,random_forest,TUMBES
2012-10-22,0.0,0.06946873771181263,random_forest,TUMBES
2012-10-29,0.0,0.03793248715404505,random_forest,TUMBES
2012-11-05,0.0,0.03524925738062944,random_forest,TUMBES
2012-11-12,0.0,0.024474797654229927,random_forest,TUMBES
2012-11-19,0.0,0.024474797654229927,random_forest,TUMBES
2012-11-26,0.0,0.023530600512745928,random_forest,TUMBES
2012-12-03,0.0,0.023530600512745928,random_forest,TUMBES
2012-12-10,0.0,0.02601423717124539,random_forest,TUMBES
2012-12-17,0.0,0.02601423717124539,random_forest,TUMBES
2012-12-24,0.0,0.040285083201414426,random_forest,TUMBES
2012-12-31,0.0,0.2247194344731292,random_forest,TUMBES
2013-01-07,0.0,0.24072994208241583,random_forest,TUMBES
2013-01-14,0.0,0.2392697708477589,random_forest,TUMBES
2013-01-21,0.0,0.04894056428441718,random_forest,TUMBES
2013-01-28,0.0,0.03715641181634084,random_forest,TUMBES
2013-02-04,0.0,0.04000591059895232,random_forest,TUMBES
2013-02-11,0.0,0.05146479563777718,random_forest,TUMBES
2013-02-18,0.0,0.03523443290185278,random_forest,TUMBES
2013-02-25,0.0,0.06953879183553173,random_forest,TUMBES
2013-03-04,0.0,0.06838921200250132,random_forest,TUMBES
2013-03-11,0.9052190403772952,0.06838921200250132,random_forest,TUMBES
2013-03-18,1.3578285605659428,0.6227239045628645,random_forest,TUMBES
2013-03-25,1.8104380807545903,0.8406200640248502,random_forest,TUMBES
2013-04-01,0.9052190403772952,0.829075937560114,random_forest,TUMBES
2013-04-08,0.4526095201886476,0.6129488325795407,random_forest,TUMBES
2013-04-15,0.0,0.49886601024451405,random_forest,TUMBES
2013-04-22,0.0,0.3755578921891772,random_forest,TUMBES
2013-04-29,0.0,0.2020341913530428,random_forest,TUMBES
2013-05-06,0.0,0.1515776093924904,random_forest,TUMBES
2013-05-13,0.4526095201886476,0.10850865968163584,random_forest,TUMBES
2013-05-20,2.235299599518356,0.23258172785453182,random_forest,TUMBES
2013-05-27,2.687909119707004,0.9663677994532247,random_forest,TUMBES
2013-06-03,2.235299599518356,0.9892011954686322,random_forest,TUMBES
2013-06-10,2.235299599518356,1.0406387811199411,random_forest,TUMBES
2013-06-17,3.1405186398956517,0.8729893819630457,random_forest,TUMBES
2013-06-24,3.1405186398956517,0.8507273382088354,random_forest,TUMBES
2013-07-01,3.1405186398956517,0.8077623864462347,random_forest,TUMBES
2013-07-08,2.235299599518356,1.6338689860818825,random_forest,TUMBES
2013-07-15,3.1405186398956517,1.5308388061451357,random_forest,TUMBES
2013-07-22,1.8104380807545903,1.5363337245668962,random_forest,TUMBES
2013-07-29,1.3578285605659428,1.245954436022651,random_forest,TUMBES
2013-08-05,1.3578285605659428,1.3317130467857505,random_forest,TUMBES
2013-08-12,0.9052190403772954,1.2945467711314849,random_forest,TUMBES
2013-08-19,1.3578285605659428,0.93590739838821,random_forest,TUMBES
2013-08-26,0.9052190403772952,1.0531337719803515,random_forest,TUMBES
2013-09-02,0.9052190403772952,0.9962031953183557,random_forest,TUMBES
2013-09-09,1.8104380807545903,0.8920728203907797,random_forest,TUMBES
2013-09-16,2.7156571211318856,0.8174987711922175,random_forest,TUMBES
2013-09-23,3.1682666413205336,1.1091503800989004,random_forest,TUMBES
2013-09-30,2.263047600943238,2.0975233108275524,random_forest,TUMBES
2013-10-07,0.9052190403772952,2.1163743241564883,random_forest,TUMBES
2013-10-14,0.4526095201886476,1.4752781429721855,random_forest,TUMBES
2013-10-21,0.0,0.9096303710356823,random_forest,TUMBES
2013-10-28,0.0,0.46684530608886426,random_forest,TUMBES
2013-11-04,0.4526095201886476,0.46697815310061613,random_forest,TUMBES
2013-11-11,0.9052190403772952,0.5395375034878436,random_forest,TUMBES
2013-11-18,1.3578285605659428,0.7215472084783341,random_forest,TUMBES
2013-11-25,2.263047600943238,0.9126435430295317,random_forest,TUMBES
2013-12-02,1.8104380807545908,1.2739675193314763,random_forest,TUMBES
2013-12-09,1.3578285605659428,1.2420776982540875,random_forest,TUMBES
2013-12-16,0.4526095201886476,1.0315676811970973,random_forest,TUMBES
2013-12-23,0.9052190403772952,0.6924224668416936,random_forest,TUMBES
2013-12-30,0.9052190403772952,0.915970955395895,random_forest,TUMBES
2014-01-06,0.8982820400210748,0.9002396419219674,random_forest,TUMBES
2014-01-13,0.44567251983242717,0.9853938825266235,random_forest,TUMBES
2014-01-20,0.44567251983242717,0.6535392199210961,random_forest,TUMBES
2014-01-27,0.44567251983242717,0.6139957026542144,random_forest,TUMBES
2014-02-03,0.44567251983242717,0.5868655006365477,random_forest,TUMBES
2014-02-10,0.44567251983242717,0.5660658944373076,random_forest,TUMBES
2014-02-17,0.0,0.4914715387477751,random_forest,TUMBES
2014-02-24,0.44567251983242717,0.25061655995447313,random_forest,TUMBES
2014-03-03,0.44567251983242717,0.424725334357435,random_forest,TUMBES
2014-03-10,0.44567251983242717,0.2541776487112182,random_forest,TUMBES
2014-03-17,0.0,0.27621986898350176,random_forest,TUMBES
2014-03-24,0.0,0.19585957183914807,random_forest,TUMBES
2014-03-31,0.0,0.19817188472033825,random_forest,TUMBES
2014-04-07,0.0,0.174424915633573,random_forest,TUMBES
2014-04-14,0.8913450396648543,0.10278199877250674,random_forest,TUMBES
2014-04-21,1.3370175594972815,0.674445183882959,random_forest,TUMBES
2014-04-28,1.3370175594972815,0.9021084225726024,random_forest,TUMBES
2014-05-05,0.8913450396648543,0.7398957139897555,random_forest,TUMBES
2014-05-12,0.44567251983242717,0.542378234227805,random_forest,TUMBES
2014-05-19,0.44567251983242717,0.35495365031397696,random_forest,TUMBES
2014-05-26,0.8913450396648543,0.39388563147689687,random_forest,TUMBES
2014-06-02,2.674035118994563,0.5253079637888853,random_forest,TUMBES
2014-06-09,3.11970763882699,1.4395691672962543,random_forest,TUMBES
2014-06-16,2.228362599162136,1.7365919791268327,random_forest,TUMBES
2014-06-23,0.8913450396648547,1.8472722084323232,random_forest,TUMBES
2014-06-30,0.44567251983242745,1.039565817495355,random_forest,TUMBES
2014-07-07,0.8913450396648547,0.5641400181321947,random_forest,TUMBES
2014-07-14,1.782690079329709,0.8393353580631158,random_forest,TUMBES
2014-07-21,2.228362599162136,1.070356846127099,random_forest,TUMBES
2014-07-28,1.782690079329709,1.164880957261368,random_forest,TUMBES
2014-08-04,0.44567251983242745,1.4831360303800483,random_forest,TUMBES
2014-08-11,0.44567251983242745,0.6765153483485353,random_forest,TUMBES
2014-08-18,2.228362599162136,0.5816771927972963,random_forest,TUMBES
2014-08-25,4.011052678491844,1.2780010925109155,random_forest,TUMBES
2014-09-01,3.565380158659418,1.7362810656501453,random_forest,TUMBES
2014-09-08,2.6740351189945635,1.6277002195301766,random_forest,TUMBES
2014-09-15,0.8913450396648547,1.7778806020843385,random_forest,TUMBES
2014-09-22,1.3370175594972817,0.9778056196904525,random_forest,TUMBES
2014-09-29,0.44567251983242745,1.0349410822189031,random_forest,TUMBES
2014-10-06,1.782690079329709,0.6963193055532948,random_forest,TUMBES
2014-10-13,1.3370175594972817,1.2754419875039695,random_forest,TUMBES
2014-10-20,1.782690079329709,1.0025216564223194,random_forest,TUMBES
2014-10-27,1.782690079329709,1.2046096032565288,random_forest,TUMBES
2014-11-03,2.6740351189945635,1.1125330209854822,random_forest,TUMBES
2014-11-10,3.5653801586594174,1.5519772330634498,random_forest,TUMBES
2014-11-17,3.11970763882699,1.5053866140409196,random_forest,TUMBES
2014-11-24,2.674035118994563,2.073842423918841,random_forest,TUMBES
2014-12-01,1.782690079329709,1.9746018003312535,random_forest,TUMBES
2014-12-08,1.782690079329709,1.484864570832383,random_forest,TUMBES
2014-12-15,1.3370175594972817,1.4286553610200015,random_forest,TUMBES
2014-12-22,1.782690079329709,1.2583587941188905,random_forest,TUMBES
2014-12-29,2.6740351189945635,1.3762528236657956,random_forest,TUMBES
2015-01-05,2.6740351189945635,1.830205291117792,random_forest,TUMBES
2015-01-12,2.2216350312432893,1.758030696834497,random_forest,TUMBES
2015-01-19,2.194724759567903,2.055695230369066,random_forest,TUMBES
2015-01-26,3.0726146633950644,2.039105004499922,random_forest,TUMBES
2015-02-02,3.0726146633950644,2.166125743994627,random_forest,TUMBES
2015-02-09,1.7557798076543225,2.046775762583772,random_forest,TUMBES
2015-02-16,1.3168348557407417,1.7106513218858597,random_forest,TUMBES
2015-02-23,0.8778899038271616,1.4698443848025917,random_forest,TUMBES
2015-03-02,1.7557798076543225,1.348281033916265,random_forest,TUMBES
2015-03-09,1.7557798076543225,1.6528029160139583,random_forest,TUMBES
2015-03-16,2.194724759567903,1.5568969781996875,random_forest,TUMBES
2015-03-23,1.7557798076543225,1.7625621426570728,random_forest,TUMBES
2015-03-30,1.3168348557407419,1.569729175053559,random_forest,TUMBES
2015-04-06,1.3168348557407417,1.4535217942240246,random_forest,TUMBES
2015-04-13,1.3168348557407419,1.3508911753614257,random_forest,TUMBES
2015-04-20,2.194724759567903,1.4668574861091868,random_forest,TUMBES
2015-04-27,1.7557798076543225,2.1200462836657983,random_forest,TUMBES
2015-05-04,0.8778899038271613,1.4296023059234493,random_forest,TUMBES
2015-05-11,0.8778899038271613,1.0023732376278507,random_forest,TUMBES
2015-05-18,0.8778899038271613,1.0445602152928175,random_forest,TUMBES
2015-05-25,1.3168348557407417,1.0774220685090312,random_forest,TUMBES
2015-06-01,0.4389449519135807,1.2253613893095072,random_forest,TUMBES
2015-06-08,0.8778899038271613,0.8611558890049482,random_forest,TUMBES
2015-06-15,0.8778899038271613,0.9516843167371021,random_forest,TUMBES
2015-06-22,0.8778899038271613,0.7823280433269073,random_forest,TUMBES
2015-06-29,0.8778899038271613,0.740696714900257,random_forest,TUMBES
2015-07-06,0.8778899038271613,0.8581992159852334,random_forest,TUMBES
2015-07-13,1.7557798076543225,0.8471310772634355,random_forest,TUMBES
2015-07-20,1.3168348557407419,1.060635374186211,random_forest,TUMBES
2015-07-27,0.8778899038271613,0.9366617570115527,random_forest,TUMBES
2015-08-03,0.8778899038271613,0.9028317510996147,random_forest,TUMBES
2015-08-10,0.8778899038271613,0.8935929007820611,random_forest,TUMBES
2015-08-17,0.8778899038271613,1.001226835218692,random_forest,TUMBES
2015-08-24,1.3168348557407417,0.9645423482584854,random_forest,TUMBES
2015-08-31,1.3168348557407417,0.9925590946421716,random_forest,TUMBES
2015-09-07,2.1947247595679027,0.9994068595824632,random_forest,TUMBES
2015-09-14,0.8778899038271613,1.3459735153702868,random_forest,TUMBES
2015-09-21,1.7557798076543225,0.9605118510211157,random_forest,TUMBES
2015-09-28,0.8778899038271613,1.108085526388718,random_forest,TUMBES
2015-10-05,0.8778899038271613,1.1194166771580254,random_forest,TUMBES
2015-10-12,0.0,1.0920739630814835,random_forest,TUMBES
2015-10-19,0.4389449519135807,0.6903228868474425,random_forest,TUMBES
2015-10-26,0.8778899038271613,0.644688394598786,random_forest,TUMBES
2015-11-02,1.7557798076543225,0.8377051625841188,random_forest,TUMBES
2015-11-09,1.3168348557407419,1.060924081666058,random_forest,TUMBES
2015-11-16,2.1947247595679027,1.0079885463930554,random_forest,TUMBES
2015-11-23,1.3168348557407417,1.3491657619322552,random_forest,TUMBES
2015-11-30,2.1947247595679027,1.2208232573338682,random_forest,TUMBES
2015-12-07,0.8778899038271613,1.2833895227673535,random_forest,TUMBES
2015-12-14,0.8778899038271613,1.003147393645071,random_forest,TUMBES
2015-12-21,0.0,0.9893541591564807,random_forest,TUMBES
2015-12-28,0.0,0.7608455592798287,random_forest,TUMBES
2016-01-04,0.4324174731252542,0.7064801954715798,random_forest,TUMBES
2016-01-11,1.2972524193757622,0.8428161948031321,random_forest,TUMBES
2016-01-18,1.2972524193757624,1.0840711237448262,random_forest,TUMBES
2016-01-25,1.7296698925010165,1.2044312024276667,random_forest,TUMBES
2016-02-01,0.8648349462505084,1.1661769222739116,random_forest,TUMBES
2016-02-08,0.8648349462505084,0.9596626091038589,random_forest,TUMBES
2016-02-15,0.0,0.7403436423784728,random_forest,TUMBES
2016-02-22,0.0,0.4918628426962624,random_forest,TUMBES
2016-02-29,0.0,0.4942602594136701,random_forest,TUMBES
2016-03-07,0.0,0.43567321950031146,random_forest,TUMBES
2016-03-14,0.0,0.3159315089203492,random_forest,TUMBES
2016-03-21,0.0,0.29856432675592054,random_forest,TUMBES
2016-03-28,0.8648349462505084,0.13794768515873637,random_forest,TUMBES
2016-04-04,0.8648349462505084,0.48216754707897963,random_forest,TUMBES
2016-04-11,1.2972524193757626,0.7061179773067487,random_forest,TUMBES
2016-04-18,0.43241747312525436,0.9145587753031648,random_forest,TUMBES
2016-04-25,0.43241747312525436,0.38240390379646794,random_forest,TUMBES
2016-05-02,0.43241747312525436,0.3828009879452087,random_forest,TUMBES
2016-05-09,0.8648349462505084,0.3857554691989681,random_forest,TUMBES
2016-05-16,0.8648349462505084,0.5904378094220177,random_forest,TUMBES
2016-05-23,0.43241747312525436,0.6715182279396255,random_forest,TUMBES
2016-05-30,0.43241747312525436,0.469202978524595,random_forest,TUMBES
2016-06-06,0.8648349462505084,0.5028622010103236,random_forest,TUMBES
2016-06-13,1.2972524193757622,0.6110656901360536,random_forest,TUMBES
2016-06-20,0.8648349462505086,0.7348922240322855,random_forest,TUMBES
2016-06-27,0.8648349462505084,0.6560761700581024,random_forest,TUMBES
2016-07-04,0.8648349462505084,0.7918431462229485,random_forest,TUMBES
2016-07-11,1.2972524193757622,0.7914622848624431,random_forest,TUMBES
2016-07-18,1.7296698925010165,0.9090486668290998,random_forest,TUMBES
2016-07-25,1.2972524193757624,0.9862250508926178,random_forest,TUMBES
2016-08-01,1.2972524193757622,1.1094627364302911,random_forest,TUMBES
2016-08-08,0.43241747312525436,1.0639242962257591,random_forest,TUMBES
2016-08-15,0.43241747312525436,0.8070048715935478,random_forest,TUMBES
2016-08-22,0.0,0.815265899946402,random_forest,TUMBES
2016-08-29,0.43241747312525436,0.5161168590587868,random_forest,TUMBES
2016-09-05,0.43241747312525436,0.6269747256291878,random_forest,TUMBES
2016-09-12,1.2972524193757626,0.5535982475263752,random_forest,TUMBES
2016-09-19,0.8648349462505084,1.034810658991729,random_forest,TUMBES
2016-09-26,0.8648349462505083,0.8059408986695586,random_forest,TUMBES
2016-10-03,0.0,0.7136013911036281,random_forest,TUMBES
2016-10-10,0.0,0.4483464145014978,random_forest,TUMBES
2016-10-17,0.43241747312525436,0.3749587669281259,random_forest,TUMBES
2016-10-24,0.8648349462505084,0.5133115363675504,random_forest,TUMBES
2016-10-31,1.2972524193757622,0.7448717375676812,random_forest,TUMBES
2016-11-07,0.8648349462505086,0.8590200101461603,random_forest,TUMBES
2016-11-14,0.43241747312525436,0.6601289346400188,random_forest,TUMBES
2016-11-21,0.43241747312525436,0.5504592577969956,random_forest,TUMBES
2016-11-28,0.8648349462505084,0.6049454315331004,random_forest,TUMBES
2016-12-05,0.8648349462505084,0.667458155526097,random_forest,TUMBES
2016-12-12,0.43241747312525436,0.6753268703302648,random_forest,TUMBES
2016-12-19,0.8648349462505084,0.5340122635246032,random_forest,TUMBES
2016-12-26,0.8648349462505084,0.6486655014171683,random_forest,TUMBES
2017-01-02,1.2909144185936898,0.608322822288113,random_forest,TUMBES
2017-01-09,2.2087695516728902,0.7836894774979573,random_forest,TUMBES
2017-01-16,2.2087695516728902,1.0942933462206486,random_forest,TUMBES
2017-01-23,1.782690079329709,1.1225248480285255,random_forest,TUMBES
2017-01-30,0.0,1.0070649837951051,random_forest,TUMBES
2017-02-06,1.2782384170295447,0.5035958732060852,random_forest,TUMBES
2017-02-13,1.7043178893727262,0.8226128610486922,random_forest,TUMBES
2017-02-20,1.7043178893727262,0.9169998999894748,random_forest,TUMBES
2017-02-27,0.4260794723431817,0.971527876446229,random_forest,TUMBES
2017-03-06,1.2782384170295447,0.6823769174865517,random_forest,TUMBES
2017-03-13,1.2782384170295447,1.0175975700263868,random_forest,TUMBES
2017-03-20,2.556476834059089,0.9503103372920525,random_forest,TUMBES
2017-03-27,1.7043178893727262,1.9111406114886176,random_forest,TUMBES
2017-04-03,1.7043178893727262,1.270164783227353,random_forest,TUMBES
2017-04-10,0.4260794723431817,1.4390395149872997,random_forest,TUMBES
2017-04-17,0.4260794723431817,1.0702895564048611,random_forest,TUMBES
2017-04-24,0.4260794723431817,0.9519594639998517,random_forest,TUMBES
2017-05-01,0.8521589446863631,0.8145951385014361,random_forest,TUMBES
2017-05-08,0.4260794723431817,0.7599889685840444,random_forest,TUMBES
2017-05-15,0.4260794723431817,0.7188611259805204,random_forest,TUMBES
2017-05-22,0.0,0.657179879228353,random_forest,TUMBES
2017-05-29,0.0,0.3966278137383933,random_forest,TUMBES
2017-06-05,0.0,0.3277179327670125,random_forest,TUMBES
2017-06-12,0.0,0.40345108315519695,random_forest,TUMBES
2017-06-19,0.4260794723431817,0.30459178678798815,random_forest,TUMBES
2017-06-26,1.2782384170295444,0.5626808488516977,random_forest,TUMBES
2017-07-03,1.704317889372726,1.1409468438402648,random_forest,TUMBES
2017-07-10,1.704317889372726,1.165268798834477,random_forest,TUMBES
2017-07-17,1.704317889372726,0.935884483212869,random_forest,TUMBES
2017-07-24,1.704317889372726,0.9400340843081352,random_forest,TUMBES
2017-07-31,1.2782384170295444,1.1344119873385536,random_forest,TUMBES
2017-08-07,0.8521589446863631,1.1662677067760607,random_forest,TUMBES
2017-08-14,0.8521589446863631,0.8311503241463263,random_forest,TUMBES
2017-08-21,2.1303973617159073,0.7992481869954908,random_forest,TUMBES
2017-08-28,2.556476834059089,1.1252829501769925,random_forest,TUMBES
2017-09-04,2.1303973617159073,1.536914549113821,random_forest,TUMBES
2017-09-11,0.8521589446863631,1.300819528863657,random_forest,TUMBES
2017-09-18,0.0,0.9673074699240258,random_forest,TUMBES
2017-09-25,0.0,0.6424330502830964,random_forest,TUMBES
2017-10-02,0.0,0.4180727738838828,random_forest,TUMBES
2017-10-09,0.0,0.46103632028370967,random_forest,TUMBES
2017-10-16,0.8521589446863631,0.5044546300808102,random_forest,TUMBES
2017-10-23,0.8521589446863631,0.8359272570231728,random_forest,TUMBES
2017-10-30,0.8521589446863631,0.8076132147818271,random_forest,TUMBES
2017-11-06,0.0,0.6640837335204113,random_forest,TUMBES
2017-11-13,0.4260794723431817,0.2815311424792639,random_forest,TUMBES
2017-11-20,0.4260794723431817,0.37946849368096425,random_forest,TUMBES
2017-11-27,0.4260794723431817,0.41108962614544864,random_forest,TUMBES
2017-12-04,0.0,0.43887321872833235,random_forest,TUMBES
2017-12-11,0.4260794723431817,0.30366192417017757,random_forest,TUMBES
2017-12-18,0.4260794723431817,0.30255985249154677,random_forest,TUMBES
2017-12-25,0.4260794723431817,0.2901303415236571,random_forest,TUMBES
2018-01-01,0.41724211308095777,0.2588748458170656,random_forest,TUMBES
2018-01-08,2.0862105654047878,0.24660406684896558,random_forest,TUMBES
2018-01-15,3.3379369046476604,1.2291518360674494,random_forest,TUMBES
2018-01-22,3.3379369046476604,2.0469692911253454,random_forest,TUMBES
2018-01-29,2.503452678485745,1.9340043456596754,random_forest,TUMBES
2018-02-05,1.6689684523238302,1.9864293032589706,random_forest,TUMBES
2018-02-12,1.2517263392428726,1.3781891228627394,random_forest,TUMBES
2018-02-19,1.2517263392428728,1.1744180454474913,random_forest,TUMBES
2018-02-26,0.8344842261619153,1.3855879981156276,random_forest,TUMBES
2018-03-05,1.6689684523238302,1.1298974905521777,random_forest,TUMBES
2018-03-12,2.6171743054916243,1.4253246650451925,random_forest,TUMBES
2018-03-19,2.6171743054916243,1.6855724692521847,random_forest,TUMBES
2018-03-26,1.7826900793297096,1.8718165186625146,random_forest,TUMBES
2018-04-02,0.41724211308095804,1.633007313519145,random_forest,TUMBES
2018-04-09,0.41724211308095804,1.1791512492366447,random_forest,TUMBES
2018-04-16,1.2517263392428728,1.107463277550233,random_forest,TUMBES
2018-04-23,0.8344842261619155,1.209465667358205,random_forest,TUMBES
2018-04-30,0.8344842261619156,0.8445537637040113,random_forest,TUMBES
2018-05-07,0.0,0.7981723980390301,random_forest,TUMBES
2018-05-14,0.41724211308095804,0.51083147412886,random_forest,TUMBES
2018-05-21,0.8344842261619155,0.5872435670007605,random_forest,TUMBES
2018-05-28,0.8344842261619155,0.6517041327312818,random_forest,TUMBES
2018-06-04,0.41724211308095804,0.6102670003123392,random_forest,TUMBES
2018-06-11,0.0,0.5479391485989349,random_forest,TUMBES
2018-06-18,0.8344842261619155,0.38264899023487386,random_forest,TUMBES
2018-06-25,1.2517263392428728,0.7720879223918713,random_forest,TUMBES
2018-07-02,2.5034526784857456,1.1040468895159883,random_forest,TUMBES
2018-07-09,2.5034526784857456,1.5388826218899108,random_forest,TUMBES
2018-07-16,2.0862105654047878,1.4225271785130031,random_forest,TUMBES
2018-07-23,0.8344842261619155,1.0961508758970577,random_forest,TUMBES
2018-07-30,0.0,0.8028571603607366,random_forest,TUMBES
2018-08-06,0.0,0.5953660534971954,random_forest,TUMBES
2018-08-13,0.0,0.39402114515026065,random_forest,TUMBES
2018-08-20,0.0,0.43842327582853424,random_forest,TUMBES
2018-08-27,0.41724211308095804,0.490137304299326,random_forest,TUMBES
2018-09-03,1.2517263392428728,0.47328107815778286,random_forest,TUMBES
2018-09-10,1.251726339242873,1.0694077639508097,random_forest,TUMBES
2018-09-17,0.8344842261619156,1.1016394686750597,random_forest,TUMBES
2018-09-24,0.0,0.6898530677729175,random_forest,TUMBES
2018-10-01,0.0,0.36937630501116614,random_forest,TUMBES
2018-10-08,0.0,0.32956608057231157,random_forest,TUMBES
2018-10-15,0.0,0.3810193051746414,random_forest,TUMBES
2018-10-22,0.0,0.35252627591018465,random_forest,TUMBES
2018-10-29,0.0,0.3660874840117816,random_forest,TUMBES
2018-11-05,1.7826900793297094,0.5157129383788561,random_forest,TUMBES
2018-11-12,1.7826900793297094,0.9860903798743521,random_forest,TUMBES
2018-11-19,1.7826900793297094,1.3641182728632417,random_forest,TUMBES
2018-11-26,0.0,1.31718997487209,random_forest,TUMBES
2018-12-03,0.0,0.6591907495727385,random_forest,TUMBES
2018-12-10,0.0,0.4217193959437669,random_forest,TUMBES
2018-12-17,0.0,0.2782274075874965,random_forest,TUMBES
2018-12-24,0.0,0.293277375390912,random_forest,TUMBES
2018-12-31,0.0,0.3779521445781566,random_forest,TUMBES
2019-01-07,0.0,0.40896713277047025,random_forest,TUMBES
2019-01-14,0.0,0.43909352820428965,random_forest,TUMBES
2019-01-21,0.0,0.5543956036482147,random_forest,TUMBES
2019-01-28,0.0,0.5828116034896198,random_forest,TUMBES
2019-02-04,0.0,0.5110882317381236,random_forest,TUMBES
2019-02-11,0.4087622271001187,0.2065603301207007,random_forest,TUMBES
2019-02-18,0.4087622271001187,0.4569697297616263,random_forest,TUMBES
2019-02-25,0.4087622271001187,0.4580268260065366,random_forest,TUMBES
2019-03-04,0.0,0.5079802679428516,random_forest,TUMBES
2019-03-11,0.0,0.21951459177437446,random_forest,TUMBES
2019-03-18,0.0,0.2195794709392499,random_forest,TUMBES
2019-03-25,0.0,0.24044794333163902,random_forest,TUMBES
2019-04-01,0.0,0.3820359356630251,random_forest,TUMBES
2019-04-08,0.0,0.314675592344114,random_forest,TUMBES
2019-04-15,0.0,0.32058607594768074,random_forest,TUMBES
2019-04-22,0.0,0.3521178708347025,random_forest,TUMBES
2019-04-29,0.0,0.3073134152268138,random_forest,TUMBES
2019-05-06,0.0,0.10823757603460148,random_forest,TUMBES
2019-05-13,0.0,0.11929768579494328,random_forest,TUMBES
2019-05-20,0.0,0.1074127286279659,random_forest,TUMBES
2019-05-27,0.0,0.09759949898460893,random_forest,TUMBES
2019-06-03,0.0,0.0654477432503872,random_forest,TUMBES
2019-06-10,0.0,0.07410178967008559,random_forest,TUMBES
2019-06-17,0.0,0.09491082084583738,random_forest,TUMBES
2019-06-24,0.0,0.10910255685010871,random_forest,TUMBES
2019-07-01,0.0,0.028338274419944673,random_forest,TUMBES
2019-07-08,0.0,0.028338274419944673,random_forest,TUMBES
2019-07-15,0.0,0.028489208272985546,random_forest,TUMBES
2019-07-22,0.0,0.025337527293975596,random_forest,TUMBES
2019-07-29,0.0,0.025150671706093787,random_forest,TUMBES
2019-08-05,0.0,0.025150671706093787,random_forest,TUMBES
2019-08-12,0.0,0.03395346883966329,random_forest,TUMBES
2019-08-19,0.0,0.03395346883966329,random_forest,TUMBES
2019-08-26,0.0,0.013872081283782079,random_forest,TUMBES
2019-09-02,0.0,0.016200113113557894,random_forest,TUMBES
2019-09-09,0.0,0.016200113113557894,random_forest,TUMBES
2019-09-16,0.0,0.013872081283782079,random_forest,TUMBES
2019-09-23,0.0,0.0042051062030553045,random_forest,TUMBES
2019-09-30,0.0,0.006272146292791083,random_forest,TUMBES
2019-10-07,0.0,0.007710093559649634,random_forest,TUMBES
2019-10-14,0.0,0.01894376839713689,random_forest,TUMBES
2019-10-21,0.0,0.04835962225592181,random_forest,TUMBES
2019-10-28,0.0,0.0699670455865687,random_forest,TUMBES
2019-11-04,0.0,0.08665138725058713,random_forest,TUMBES
2019-11-11,0.0,0.0778393883477506,random_forest,TUMBES
2019-11-18,0.0,0.021612506024324345,random_forest,TUMBES
2019-11-25,0.0,0.02821320300276273,random_forest,TUMBES
2019-12-02,0.0,0.02821320300276273,random_forest,TUMBES
2019-12-09,0.0,0.029430398680209524,random_forest,TUMBES
2019-12-16,0.0,0.01208411703125762,random_forest,TUMBES
2019-12-23,0.0,0.01208411703125762,random_forest,TUMBES
2019-12-30,0.0,0.03284851693562712,random_forest,TUMBES
2020-01-06,0.0,0.035506699401570405,random_forest,TUMBES
2020-01-13,0.0,0.011668975214231202,random_forest,TUMBES
2020-01-20,0.0,0.012825337443900468,random_forest,TUMBES
2020-01-27,0.0,0.012825337443900468,random_forest,TUMBES
2020-02-03,0.0,0.017671597643516047,random_forest,TUMBES
2020-02-10,0.0,0.030100230572680364,random_forest,TUMBES
2020-02-17,0.0,0.03191599637623294,random_forest,TUMBES
2020-02-24,0.0,0.03149507100629315,random_forest,TUMBES
2020-03-02,0.0,0.023357891679869774,random_forest,TUMBES
2020-03-09,0.0,0.0046564870898428675,random_forest,TUMBES
2020-03-16,0.0,0.0039681084375568325,random_forest,TUMBES
2020-03-23,0.0,0.0039681084375568325,random_forest,TUMBES
2020-03-30,0.0,0.0039681084375568325,random_forest,TUMBES
2020-04-06,0.0,0.00035066143229307536,random_forest,TUMBES
2020-04-13,0.0,0.00035066143229307536,random_forest,TUMBES
2020-04-20,0.0,0.00035066143229307536,random_forest,TUMBES
2020-04-27,0.0,0.00035066143229307536,random_forest,TUMBES
2020-05-04,0.0,0.0006544814232324459,random_forest,TUMBES
2020-05-11,0.0,0.0,random_forest,TUMBES
2020-05-18,0.0,0.0,random_forest,TUMBES
2020-05-25,0.0,0.0,random_forest,TUMBES
2020-06-01,0.0,0.0,random_forest,TUMBES
2020-06-08,0.0,0.0,random_forest,TUMBES
2020-06-15,0.0,0.002855277142234058,random_forest,TUMBES
2020-06-22,0.0,0.002855277142234058,random_forest,TUMBES
2020-06-29,0.0,0.0,random_forest,TUMBES
2020-07-06,0.8012435299584961,0.0,random_forest,TUMBES
2020-07-13,0.8012435299584961,0.3784105544765556,random_forest,TUMBES
2020-07-20,0.8012435299584961,0.5468411803020334,random_forest,TUMBES
2020-07-27,0.40062176497924834,0.6255770774311176,random_forest,TUMBES
2020-08-03,0.40062176497924834,0.4236565798391143,random_forest,TUMBES
2020-08-10,0.40062176497924834,0.43198684096058365,random_forest,TUMBES
2020-08-17,0.0,0.42614940398161677,random_forest,TUMBES
2020-08-24,0.0,0.27457546212384537,random_forest,TUMBES
2020-08-31,0.0,0.3119996579706263,random_forest,TUMBES
2020-09-07,0.0,0.310826639001675,random_forest,TUMBES
2020-09-14,0.0,0.3312432412736592,random_forest,TUMBES
2020-09-21,0.0,0.033378557140595136,random_forest,TUMBES
2020-09-28,0.0,0.06814331613000313,random_forest,TUMBES
2020-10-05,0.0,0.07553975468617974,random_forest,TUMBES
2020-10-12,0.40062176497924834,0.05642392744621987,random_forest,TUMBES
2020-10-19,0.40062176497924834,0.10831221911133766,random_forest,TUMBES
2020-10-26,0.40062176497924834,0.19345486685071858,random_forest,TUMBES
2020-11-02,0.0,0.15375598402965984,random_forest,TUMBES
2020-11-09,0.0,0.10251026066481149,random_forest,TUMBES
2020-11-16,0.0,0.110125650920364,random_forest,TUMBES
2020-11-23,0.40062176497924834,0.06641223910768684,random_forest,TUMBES
2020-11-30,0.8012435299584961,0.1656205033674631,random_forest,TUMBES
2020-12-07,0.8012435299584961,0.4346580818480321,random_forest,TUMBES
2020-12-14,0.40062176497924834,0.48465921608319223,random_forest,TUMBES
2020-12-21,0.0,0.33185384298323994,random_forest,TUMBES
2020-12-28,0.0,0.273108500348232,random_forest,TUMBES
2021-01-04,0.0,0.20057221459244937,random_forest,TUMBES
2021-01-11,0.0,0.1484564672677748,random_forest,TUMBES
2021-01-18,0.0,0.13642955521001565,random_forest,TUMBES
2021-01-25,0.0,0.18482516471938032,random_forest,TUMBES
2021-02-01,0.0,0.10683605652197016,random_forest,TUMBES
2021-02-08,0.0,0.02596216695717223,random_forest,TUMBES
2021-02-15,0.0,0.04479153490640514,random_forest,TUMBES
2021-02-22,0.39279766206831596,0.08580423327474743,random_forest,TUMBES
2021-03-01,0.39279766206831596,0.2529688350194947,random_forest,TUMBES
2021-03-08,0.39279766206831596,0.2372320084621473,random_forest,TUMBES
2021-03-15,0.0,0.1804418988274788,random_forest,TUMBES
2021-03-22,0.0,0.07444568232351331,random_forest,TUMBES
2021-03-29,0.0,0.06911927473567203,random_forest,TUMBES
2021-04-05,0.0,0.03822520458021971,random_forest,TUMBES
2021-04-12,0.0,0.010440478380822906,random_forest,TUMBES
2021-04-19,0.0,0.010440478380822906,random_forest,TUMBES
2021-04-26,0.0,0.015934341871292827,random_forest,TUMBES
2021-05-03,0.0,0.004786106952448251,random_forest,TUMBES
2021-05-10,0.0,0.0040707620592245475,random_forest,TUMBES
2021-05-17,0.0,0.007154967877534559,random_forest,TUMBES
2021-05-24,0.0,0.00904700175565546,random_forest,TUMBES
2021-05-31,0.0,0.0031326799669888416,random_forest,TUMBES
2021-06-07,0.0,0.00633286914223543,random_forest,TUMBES
2021-06-14,0.0,0.02408556574675258,random_forest,TUMBES
2021-06-21,0.0,0.02450189893737555,random_forest,TUMBES
2021-06-28,0.0,0.008600016596277878,random_forest,TUMBES
2021-07-05,0.0,0.026451064361863293,random_forest,TUMBES
2021-07-12,0.0,0.0698661457319868,random_forest,TUMBES
2021-07-19,0.0,0.03148593240846366,random_forest,TUMBES
2021-07-26,0.0,0.013141596924100734,random_forest,TUMBES
2021-08-02,0.0,0.01183157225838393,random_forest,TUMBES
2021-08-09,0.39279766206831596,0.01183157225838393,random_forest,TUMBES
2021-08-16,0.39279766206831596,0.10325183980337979,random_forest,TUMBES
2021-08-23,0.39279766206831596,0.24569648834645602,random_forest,TUMBES
2021-08-30,0.0,0.13466958081715324,random_forest,TUMBES
2021-09-06,0.0,0.04964330154805345,random_forest,TUMBES
2021-09-13,0.0,0.056661292381422784,random_forest,TUMBES
2021-09-20,0.0,0.03421345658125178,random_forest,TUMBES
2021-09-27,0.39279766206831596,0.02393408397497405,random_forest,TUMBES
2021-10-04,0.39279766206831596,0.1900794396128073,random_forest,TUMBES
2021-10-11,0.39279766206831596,0.2195277325596529,random_forest,TUMBES
2021-10-18,0.0,0.19503031663068132,random_forest,TUMBES
2021-10-25,0.0,0.07681327548627963,random_forest,TUMBES
2021-11-01,0.0,0.07889747934872904,random_forest,TUMBES
2021-11-08,0.39279766206831596,0.08616467100235826,random_forest,TUMBES
2021-11-15,0.39279766206831596,0.29357487635619234,random_forest,TUMBES
2021-11-22,0.39279766206831596,0.273053790314889,random_forest,TUMBES
2021-11-29,0.0,0.1715889245314511,random_forest,TUMBES
2021-12-06,0.0,0.10449127958968135,random_forest,TUMBES
2021-12-13,0.7855953241366312,0.11774170848189829,random_forest,TUMBES
2021-12-20,1.1783929862049467,0.38707627053339544,random_forest,TUMBES
2021-12-27,1.1783929862049467,0.7874779769909328,random_forest,TUMBES
2022-01-03,0.39279766206831596,1.1941495794180566,random_forest,TUMBES
2022-01-10,0.0,0.46850237422516305,random_forest,TUMBES
2022-01-17,0.0,0.22595412814296617,random_forest,TUMBES
2022-01-24,0.0,0.20254978337754168,random_forest,TUMBES
2022-01-31,0.0,0.15235630401932837,random_forest,TUMBES
2022-02-07,0.0,0.04961090547440756,random_forest,TUMBES
2022-02-14,0.0,0.15904166736948933,random_forest,TUMBES
2022-02-21,0.0,0.1642588867400821,random_forest,TUMBES
2022-02-28,0.0,0.06595708193889341,random_forest,TUMBES
2022-03-07,0.0,0.10405772771070133,random_forest,TUMBES
2022-03-14,0.3852733128881635,0.1134822457161099,random_forest,TUMBES
2022-03-21,0.3852733128881635,0.2534163869461236,random_forest,TUMBES
2022-03-28,0.3852733128881635,0.23791136823308615,random_forest,TUMBES
2022-04-04,0.0,0.10061373373110176,random_forest,TUMBES
2022-04-11,0.3852733128881635,0.023110279109743854,random_forest,TUMBES
2022-04-18,0.3852733128881635,0.1335483051525749,random_forest,TUMBES
2022-04-25,0.3852733128881635,0.13148107572802986,random_forest,TUMBES
2022-05-02,0.0,0.2538834262534611,random_forest,TUMBES
2022-05-09,0.0,0.13195723395725603,random_forest,TUMBES
2022-05-16,0.0,0.1321730436379236,random_forest,TUMBES
2022-05-23,0.0,0.12310741808421041,random_forest,TUMBES
2022-05-30,0.0,0.04589837905161356,random_forest,TUMBES
2022-06-06,0.0,0.043384461619727505,random_forest,TUMBES
2022-06-13,0.0,0.04369300627882238,random_forest,TUMBES
2022-06-20,0.0,0.05334720112520178,random_forest,TUMBES
2022-06-27,0.0,0.015408733646903457,random_forest,TUMBES
2022-07-04,0.0,0.02098599303372897,random_forest,TUMBES
2022-07-11,0.0,0.06382733823441272,random_forest,TUMBES
2022-07-18,0.0,0.042123001490909355,random_forest,TUMBES
2022-07-25,0.0,0.02724250162430903,random_forest,TUMBES
2022-08-01,0.0,0.02482341062686169,random_forest,TUMBES
2022-08-08,0.0,0.03255717051081189,random_forest,TUMBES
2022-08-15,0.0,0.027821873721794312,random_forest,TUMBES
2022-08-22,0.0,0.018046081908666627,random_forest,TUMBES
2022-08-29,0.0,0.01480018941587922,random_forest,TUMBES
2022-09-05,0.0,0.015370187235972414,random_forest,TUMBES
2022-09-12,0.0,0.013802955905720978,random_forest,TUMBES
2022-09-19,0.0,0.011896734612384647,random_forest,TUMBES
2022-09-26,0.0,0.017309379088008118,random_forest,TUMBES
2022-10-03,0.0,0.01614303373580278,random_forest,TUMBES
2022-10-10,0.0,0.013605579780174371,random_forest,TUMBES
2022-10-17,0.0,0.008146488723748338,random_forest,TUMBES
2022-10-24,0.0,0.008146488723748338,random_forest,TUMBES
2022-10-31,0.0,0.010489951537700694,random_forest,TUMBES
2022-11-07,0.0,0.015302595538549846,random_forest,TUMBES
2022-11-14,0.0,0.015126106551800023,random_forest,TUMBES
2022-11-21,0.0,0.012831389954930975,random_forest,TUMBES
2022-11-28,0.0,0.011998957768814367,random_forest,TUMBES
2022-12-05,0.0,0.011998957768814367,random_forest,TUMBES
2011-12-26,0.0,0.0750803539680707,xgboost,TUMBES
2012-01-02,0.0,0.2834782969167878,xgboost,TUMBES
2012-01-09,0.4597658872102326,0.3018946393984983,xgboost,TUMBES
2012-01-16,0.4597658872102326,0.27422198110134716,xgboost,TUMBES
2012-01-23,0.4597658872102326,0.5910199005694965,xgboost,TUMBES
2012-01-30,0.0,0.4646908398177418,xgboost,TUMBES
2012-02-06,0.0,0.26178056905269054,xgboost,TUMBES
2012-02-13,0.0,0.29750514323644395,xgboost,TUMBES
2012-02-20,0.0,0.12077530549587794,xgboost,TUMBES
2012-02-27,0.9195317744204652,0.11346637276204527,xgboost,TUMBES
2012-03-05,0.9195317744204652,0.7281966919382037,xgboost,TUMBES
2012-03-12,0.9195317744204652,0.7071923500182282,xgboost,TUMBES
2012-03-19,0.0,0.7194748939276894,xgboost,TUMBES
2012-03-26,0.9195317744204652,0.2121224009436468,xgboost,TUMBES
2012-04-02,0.9195317744204652,0.5964302930072969,xgboost,TUMBES
2012-04-09,1.3792976616306978,0.6173081596176107,xgboost,TUMBES
2012-04-16,0.4597658872102326,0.7991593947370073,xgboost,TUMBES
2012-04-23,0.4597658872102326,0.24110334763580715,xgboost,TUMBES
2012-04-30,0.4597658872102326,0.249253875058717,xgboost,TUMBES
2012-05-07,0.4597658872102326,0.19869391118260074,xgboost,TUMBES
2012-05-14,0.4597658872102326,0.271126606569108,xgboost,TUMBES
2012-05-21,0.4597658872102326,0.2634835046136641,xgboost,TUMBES
2012-05-28,0.4597658872102326,0.2666273442982522,xgboost,TUMBES
2012-06-04,0.4597658872102326,0.27611009830620975,xgboost,TUMBES
2012-06-11,0.0,0.32227255661801624,xgboost,TUMBES
2012-06-18,0.0,0.06301800676805679,xgboost,TUMBES
2012-06-25,0.0,0.08504035948575091,xgboost,TUMBES
2012-07-02,0.0,0.08568742423089792,xgboost,TUMBES
2012-07-09,0.0,0.09418670354067657,xgboost,TUMBES
2012-07-16,0.0,0.07356571079740037,xgboost,TUMBES
2012-07-23,0.0,0.08565267443591153,xgboost,TUMBES
2012-07-30,0.0,0.08275914154927011,xgboost,TUMBES
2012-08-06,0.0,0.06789871682918065,xgboost,TUMBES
2012-08-13,0.0,0.06789871682918065,xgboost,TUMBES
2012-08-20,0.0,0.0916055875522516,xgboost,TUMBES
2012-08-27,0.0,0.14625248759739473,xgboost,TUMBES
2012-09-03,0.0,0.09884585034773695,xgboost,TUMBES
2012-09-10,0.0,0.09884585034773695,xgboost,TUMBES
2012-09-17,0.0,0.07988612140127135,xgboost,TUMBES
2012-09-24,0.0,0.09884585034773695,xgboost,TUMBES
2012-10-01,0.0,0.07470349474447911,xgboost,TUMBES
2012-10-08,0.0,0.07715564778396293,xgboost,TUMBES
2012-10-15,0.0,0.06998191876232153,xgboost,TUMBES
2012-10-22,0.0,0.06998191876232153,xgboost,TUMBES
2012-10-29,0.0,0.056687068304214126,xgboost,TUMBES
2012-11-05,0.0,0.049217757734408916,xgboost,TUMBES
2012-11-12,0.0,0.04308729330964635,xgboost,TUMBES
2012-11-19,0.0,0.04308729330964635,xgboost,TUMBES
2012-11-26,0.0,0.04918966280097005,xgboost,TUMBES
2012-12-03,0.0,0.04918966280097005,xgboost,TUMBES
2012-12-10,0.0,0.04918966280097005,xgboost,TUMBES
2012-12-17,0.0,0.04918966280097005,xgboost,TUMBES
2012-12-24,0.0,0.04893037911008532,xgboost,TUMBES
2012-12-31,0.0,0.2574013420917894,xgboost,TUMBES
2013-01-07,0.0,0.2574013420917894,xgboost,TUMBES
2013-01-14,0.0,0.2414933153829585,xgboost,TUMBES
2013-01-21,0.0,0.12256020105397185,xgboost,TUMBES
2013-01-28,0.0,0.11774150034377028,xgboost,TUMBES
2013-02-04,0.0,0.12867402914449944,xgboost,TUMBES
2013-02-11,0.0,0.14336275199702236,xgboost,TUMBES
2013-02-18,0.0,0.08090426332211716,xgboost,TUMBES
2013-02-25,0.0,0.09167578655581925,xgboost,TUMBES
2013-03-04,0.0,0.09167578655581925,xgboost,TUMBES
2013-03-11,0.9052190403772952,0.07425558722627427,xgboost,TUMBES
2013-03-18,1.3578285605659428,0.7047560021574251,xgboost,TUMBES
2013-03-25,1.8104380807545903,1.0818243443214173,xgboost,TUMBES
2013-04-01,0.9052190403772952,0.9739523393048473,xgboost,TUMBES
2013-04-08,0.4526095201886476,0.3912864260930494,xgboost,TUMBES
2013-04-15,0.0,0.3904164608633,xgboost,TUMBES
2013-04-22,0.0,0.4096399920609089,xgboost,TUMBES
2013-04-29,0.0,0.21789300491628513,xgboost,TUMBES
2013-05-06,0.0,0.1819753507134049,xgboost,TUMBES
2013-05-13,0.4526095201886476,0.09426378650014514,xgboost,TUMBES
2013-05-20,2.235299599518356,0.13053104526457038,xgboost,TUMBES
2013-05-27,2.687909119707004,1.0612526242906317,xgboost,TUMBES
2013-06-03,2.235299599518356,1.1608930410308087,xgboost,TUMBES
2013-06-10,2.235299599518356,1.0256710466502335,xgboost,TUMBES
2013-06-17,3.1405186398956517,0.9394220060686109,xgboost,TUMBES
2013-06-24,3.1405186398956517,0.9437861305210815,xgboost,TUMBES
2013-07-01,3.1405186398956517,0.9497609739213897,xgboost,TUMBES
2013-07-08,2.235299599518356,2.272161944388283,xgboost,TUMBES
2013-07-15,3.1405186398956517,1.8875109936225205,xgboost,TUMBES
2013-07-22,1.8104380807545903,1.8875109936225205,xgboost,TUMBES
2013-07-29,1.3578285605659428,1.0084487568783147,xgboost,TUMBES
2013-08-05,1.3578285605659428,0.9396384186458686,xgboost,TUMBES
2013-08-12,0.9052190403772954,0.9401487947613454,xgboost,TUMBES
2013-08-19,1.3578285605659428,0.5649652799350959,xgboost,TUMBES
2013-08-26,0.9052190403772952,0.9173548569994268,xgboost,TUMBES
2013-09-02,0.9052190403772952,0.8153847757611961,xgboost,TUMBES
2013-09-09,1.8104380807545903,0.8221380673287282,xgboost,TUMBES
2013-09-16,2.7156571211318856,0.9200695185740333,xgboost,TUMBES
2013-09-23,3.1682666413205336,1.7697303040942653,xgboost,TUMBES
2013-09-30,2.263047600943238,2.3282279773499805,xgboost,TUMBES
2013-10-07,0.9052190403772952,2.3555718111963646,xgboost,TUMBES
2013-10-14,0.4526095201886476,1.105577185190076,xgboost,TUMBES
2013-10-21,0.0,0.6301288876054747,xgboost,TUMBES
2013-10-28,0.0,0.299304056768758,xgboost,TUMBES
2013-11-04,0.4526095201886476,0.23167216151886863,xgboost,TUMBES
2013-11-11,0.9052190403772952,0.5289168803936044,xgboost,TUMBES
2013-11-18,1.3578285605659428,0.7906720516144865,xgboost,TUMBES
2013-11-25,2.263047600943238,1.011742721132309,xgboost,TUMBES
2013-12-02,1.8104380807545908,1.555368297622711,xgboost,TUMBES
2013-12-09,1.3578285605659428,1.1583547403617227,xgboost,TUMBES
2013-12-16,0.4526095201886476,0.8844525770675036,xgboost,TUMBES
2013-12-23,0.9052190403772952,0.3703227697171694,xgboost,TUMBES
2013-12-30,0.9052190403772952,0.9698231479720902,xgboost,TUMBES
2014-01-06,0.8982820400210748,0.9892523467131489,xgboost,TUMBES
2014-01-13,0.44567251983242717,1.0121319840842906,xgboost,TUMBES
2014-01-20,0.44567251983242717,0.42380310725749015,xgboost,TUMBES
2014-01-27,0.44567251983242717,0.35715584870931183,xgboost,TUMBES
2014-02-03,0.44567251983242717,0.3138476601578306,xgboost,TUMBES
2014-02-10,0.44567251983242717,0.2658751470263103,xgboost,TUMBES
2014-02-17,0.0,0.46437693411149333,xgboost,TUMBES
2014-02-24,0.44567251983242717,0.212662901267643,xgboost,TUMBES
2014-03-03,0.44567251983242717,0.41311943352759134,xgboost,TUMBES
2014-03-10,0.44567251983242717,0.3518948954855299,xgboost,TUMBES
2014-03-17,0.0,0.316046878091094,xgboost,TUMBES
2014-03-24,0.0,0.1629813997402048,xgboost,TUMBES
2014-03-31,0.0,0.14137270776000851,xgboost,TUMBES
2014-04-07,0.0,0.12880672692347306,xgboost,TUMBES
2014-04-14,0.8913450396648543,0.06665517753140902,xgboost,TUMBES
2014-04-21,1.3370175594972815,0.6847810117138686,xgboost,TUMBES
2014-04-28,1.3370175594972815,0.9632659020089709,xgboost,TUMBES
2014-05-05,0.8913450396648543,0.6650836412422974,xgboost,TUMBES
2014-05-12,0.44567251983242717,0.4982895300031182,xgboost,TUMBES
2014-05-19,0.44567251983242717,0.2762293692353732,xgboost,TUMBES
2014-05-26,0.8913450396648543,0.31321572153117433,xgboost,TUMBES
2014-06-02,2.674035118994563,0.40058162676740644,xgboost,TUMBES
2014-06-09,3.11970763882699,1.657751200607788,xgboost,TUMBES
2014-06-16,2.228362599162136,1.6941841296355853,xgboost,TUMBES
2014-06-23,0.8913450396648547,1.175450838647818,xgboost,TUMBES
2014-06-30,0.44567251983242745,0.791355696189916,xgboost,TUMBES
2014-07-07,0.8913450396648547,0.41714656558181057,xgboost,TUMBES
2014-07-14,1.782690079329709,0.8024342107320976,xgboost,TUMBES
2014-07-21,2.228362599162136,1.0129710862204528,xgboost,TUMBES
2014-07-28,1.782690079329709,0.923080637848462,xgboost,TUMBES
2014-08-04,0.44567251983242745,1.1414351148759723,xgboost,TUMBES
2014-08-11,0.44567251983242745,0.43451607904757367,xgboost,TUMBES
2014-08-18,2.228362599162136,0.390756498269029,xgboost,TUMBES
2014-08-25,4.011052678491844,1.6348599983819243,xgboost,TUMBES
2014-09-01,3.565380158659418,1.9570468482337078,xgboost,TUMBES
2014-09-08,2.6740351189945635,1.4725480992453392,xgboost,TUMBES
2014-09-15,0.8913450396648547,1.509133243539707,xgboost,TUMBES
2014-09-22,1.3370175594972817,0.628354098833273,xgboost,TUMBES
2014-09-29,0.44567251983242745,1.1801849367895692,xgboost,TUMBES
2014-10-06,1.782690079329709,0.5380689285360847,xgboost,TUMBES
2014-10-13,1.3370175594972817,1.3848061829453577,xgboost,TUMBES
2014-10-20,1.782690079329709,0.8026724064303179,xgboost,TUMBES
2014-10-27,1.782690079329709,1.1294828647510502,xgboost,TUMBES
2014-11-03,2.6740351189945635,0.8751448159782029,xgboost,TUMBES
2014-11-10,3.5653801586594174,1.6987709904431019,xgboost,TUMBES
2014-11-17,3.11970763882699,1.5630801875395424,xgboost,TUMBES
2014-11-24,2.674035118994563,1.478367715910101,xgboost,TUMBES
2014-12-01,1.782690079329709,1.670665997236715,xgboost,TUMBES
2014-12-08,1.782690079329709,0.9266023734197626,xgboost,TUMBES
2014-12-15,1.3370175594972817,1.2379719268953235,xgboost,TUMBES
2014-12-22,1.782690079329709,1.0258513186002198,xgboost,TUMBES
2014-12-29,2.6740351189945635,1.4232933048527618,xgboost,TUMBES
2015-01-05,2.6740351189945635,2.018937684090541,xgboost,TUMBES
2015-01-12,2.2216350312432893,2.0138456459092255,xgboost,TUMBES
2015-01-19,2.194724759567903,1.697113040679263,xgboost,TUMBES
2015-01-26,3.0726146633950644,1.615870439504382,xgboost,TUMBES
2015-02-02,3.0726146633950644,2.233177021874925,xgboost,TUMBES
2015-02-09,1.7557798076543225,2.1181880888141125,xgboost,TUMBES
2015-02-16,1.3168348557407417,1.1937404461854966,xgboost,TUMBES
2015-02-23,0.8778899038271616,0.7339101109007236,xgboost,TUMBES
2015-03-02,1.7557798076543225,0.7015804580164091,xgboost,TUMBES
2015-03-09,1.7557798076543225,1.4201834965904312,xgboost,TUMBES
2015-03-16,2.194724759567903,1.5426936783677165,xgboost,TUMBES
2015-03-23,1.7557798076543225,2.0370287714263755,xgboost,TUMBES
2015-03-30,1.3168348557407419,1.453057270414385,xgboost,TUMBES
2015-04-06,1.3168348557407417,1.056449479738661,xgboost,TUMBES
2015-04-13,1.3168348557407419,1.2528689213918272,xgboost,TUMBES
2015-04-20,2.194724759567903,1.1940092992975213,xgboost,TUMBES
2015-04-27,1.7557798076543225,1.9614331759263877,xgboost,TUMBES
2015-05-04,0.8778899038271613,1.3399371291115991,xgboost,TUMBES
2015-05-11,0.8778899038271613,0.9582372266872226,xgboost,TUMBES
2015-05-18,0.8778899038271613,1.1050200292375347,xgboost,TUMBES
2015-05-25,1.3168348557407417,1.1564500475817123,xgboost,TUMBES
2015-06-01,0.4389449519135807,1.3415226158367979,xgboost,TUMBES
2015-06-08,0.8778899038271613,0.4664890622019996,xgboost,TUMBES
2015-06-15,0.8778899038271613,1.0461154601400984,xgboost,TUMBES
2015-06-22,0.8778899038271613,0.8102086991158532,xgboost,TUMBES
2015-06-29,0.8778899038271613,0.6723588902254842,xgboost,TUMBES
2015-07-06,0.8778899038271613,0.8221533811058837,xgboost,TUMBES
2015-07-13,1.7557798076543225,0.8241982195008823,xgboost,TUMBES
2015-07-20,1.3168348557407419,1.181316957714444,xgboost,TUMBES
2015-07-27,0.8778899038271613,0.7308987592069518,xgboost,TUMBES
2015-08-03,0.8778899038271613,0.8109849675278822,xgboost,TUMBES
2015-08-10,0.8778899038271613,0.9047169639463206,xgboost,TUMBES
2015-08-17,0.8778899038271613,1.0136439401147617,xgboost,TUMBES
2015-08-24,1.3168348557407417,0.9368449470842484,xgboost,TUMBES
2015-08-31,1.3168348557407417,0.8671318375489347,xgboost,TUMBES
2015-09-07,2.1947247595679027,0.8352742893818021,xgboost,TUMBES
2015-09-14,0.8778899038271613,1.5759697377119477,xgboost,TUMBES
2015-09-21,1.7557798076543225,0.8591270595021931,xgboost,TUMBES
2015-09-28,0.8778899038271613,1.105093555338656,xgboost,TUMBES
2015-10-05,0.8778899038271613,1.0076156084094112,xgboost,TUMBES
2015-10-12,0.0,0.974750919353764,xgboost,TUMBES
2015-10-19,0.4389449519135807,0.4896891409079598,xgboost,TUMBES
2015-10-26,0.8778899038271613,0.7117281614483166,xgboost,TUMBES
2015-11-02,1.7557798076543225,1.0809493468721505,xgboost,TUMBES
2015-11-09,1.3168348557407419,1.0449900975249649,xgboost,TUMBES
2015-11-16,2.1947247595679027,0.9109965315668056,xgboost,TUMBES
2015-11-23,1.3168348557407417,1.3987970829340535,xgboost,TUMBES
2015-11-30,2.1947247595679027,1.086825190983033,xgboost,TUMBES
2015-12-07,0.8778899038271613,1.4193251922118888,xgboost,TUMBES
2015-12-14,0.8778899038271613,0.8344311888627993,xgboost,TUMBES
2015-12-21,0.0,0.9037929406004761,xgboost,TUMBES
2015-12-28,0.0,0.5342245386658904,xgboost,TUMBES
2016-01-04,0.4324174731252542,0.5243715427165663,xgboost,TUMBES
2016-01-11,1.2972524193757622,0.484548737445873,xgboost,TUMBES
2016-01-18,1.2972524193757624,1.0975359666830942,xgboost,TUMBES
2016-01-25,1.7296698925010165,1.0830056096043061,xgboost,TUMBES
2016-02-01,0.8648349462505084,1.1760930442781148,xgboost,TUMBES
2016-02-08,0.8648349462505084,0.6770530344161481,xgboost,TUMBES
2016-02-15,0.0,0.7855583480765658,xgboost,TUMBES
2016-02-22,0.0,0.38974516745339005,xgboost,TUMBES
2016-02-29,0.0,0.37643477722716584,xgboost,TUMBES
2016-03-07,0.0,0.3285240041155977,xgboost,TUMBES
2016-03-14,0.0,0.3440911288988732,xgboost,TUMBES
2016-03-21,0.0,0.3313546358652362,xgboost,TUMBES
2016-03-28,0.8648349462505084,0.14884291708313352,xgboost,TUMBES
2016-04-04,0.8648349462505084,0.5255628141900006,xgboost,TUMBES
2016-04-11,1.2972524193757626,0.5588326998377198,xgboost,TUMBES
2016-04-18,0.43241747312525436,1.0592638628856377,xgboost,TUMBES
2016-04-25,0.43241747312525436,0.35714614160895514,xgboost,TUMBES
2016-05-02,0.43241747312525436,0.436309401898828,xgboost,TUMBES
2016-05-09,0.8648349462505084,0.42584881029899874,xgboost,TUMBES
2016-05-16,0.8648349462505084,0.5361442491109796,xgboost,TUMBES
2016-05-23,0.43241747312525436,0.6315903432633994,xgboost,TUMBES
2016-05-30,0.43241747312525436,0.3220471295732662,xgboost,TUMBES
2016-06-06,0.8648349462505084,0.5070935319019139,xgboost,TUMBES
2016-06-13,1.2972524193757622,0.5766756317821871,xgboost,TUMBES
2016-06-20,0.8648349462505086,0.7859948608936225,xgboost,TUMBES
2016-06-27,0.8648349462505084,0.6629870851239303,xgboost,TUMBES
2016-07-04,0.8648349462505084,0.8253257788673241,xgboost,TUMBES
2016-07-11,1.2972524193757622,0.8230402791602207,xgboost,TUMBES
2016-07-18,1.7296698925010165,1.0210688668688799,xgboost,TUMBES
2016-07-25,1.2972524193757624,1.0124367554226206,xgboost,TUMBES
2016-08-01,1.2972524193757622,1.0945084740624136,xgboost,TUMBES
2016-08-08,0.43241747312525436,1.1241384641294032,xgboost,TUMBES
2016-08-15,0.43241747312525436,0.6465940355475188,xgboost,TUMBES
2016-08-22,0.0,0.8327474604569212,xgboost,TUMBES
2016-08-29,0.43241747312525436,0.290464845258791,xgboost,TUMBES
2016-09-05,0.43241747312525436,0.6599628581797392,xgboost,TUMBES
2016-09-12,1.2972524193757626,0.5931532517144564,xgboost,TUMBES
2016-09-19,0.8648349462505084,1.0279207040973475,xgboost,TUMBES
2016-09-26,0.8648349462505083,0.8089437270869404,xgboost,TUMBES
2016-10-03,0.0,0.7450578889077437,xgboost,TUMBES
2016-10-10,0.0,0.2553273982782881,xgboost,TUMBES
2016-10-17,0.43241747312525436,0.258356453983549,xgboost,TUMBES
2016-10-24,0.8648349462505084,0.587837059263697,xgboost,TUMBES
2016-10-31,1.2972524193757622,0.7473325864214737,xgboost,TUMBES
2016-11-07,0.8648349462505086,0.9672795644381718,xgboost,TUMBES
2016-11-14,0.43241747312525436,0.6183945081224462,xgboost,TUMBES
2016-11-21,0.43241747312525436,0.4934098745417191,xgboost,TUMBES
2016-11-28,0.8648349462505084,0.5595581991730658,xgboost,TUMBES
2016-12-05,0.8648349462505084,0.7596653998485183,xgboost,TUMBES
2016-12-12,0.43241747312525436,0.7226084677996409,xgboost,TUMBES
2016-12-19,0.8648349462505084,0.39835115994241427,xgboost,TUMBES
2016-12-26,0.8648349462505084,0.5886242063947618,xgboost,TUMBES
2017-01-02,1.2909144185936898,0.5556930609913471,xgboost,TUMBES
2017-01-09,2.2087695516728902,0.8390650922057612,xgboost,TUMBES
2017-01-16,2.2087695516728902,1.3066627436352212,xgboost,TUMBES
2017-01-23,1.782690079329709,1.2823134291529774,xgboost,TUMBES
2017-01-30,0.0,1.1487253716541201,xgboost,TUMBES
2017-02-06,1.2782384170295447,0.30940069261964015,xgboost,TUMBES
2017-02-13,1.7043178893727262,0.9095978436316836,xgboost,TUMBES
2017-02-20,1.7043178893727262,0.9606175432201669,xgboost,TUMBES
2017-02-27,0.4260794723431817,1.0034237607765268,xgboost,TUMBES
2017-03-06,1.2782384170295447,0.5327459606813469,xgboost,TUMBES
2017-03-13,1.2782384170295447,1.1165513572931176,xgboost,TUMBES
2017-03-20,2.556476834059089,1.119833837432731,xgboost,TUMBES
2017-03-27,1.7043178893727262,1.9195412880635527,xgboost,TUMBES
2017-04-03,1.7043178893727262,0.8641239869932718,xgboost,TUMBES
2017-04-10,0.4260794723431817,1.29866919845217,xgboost,TUMBES
2017-04-17,0.4260794723431817,0.8338179998358546,xgboost,TUMBES
2017-04-24,0.4260794723431817,0.9082449925560843,xgboost,TUMBES
2017-05-01,0.8521589446863631,0.7830017677134404,xgboost,TUMBES
2017-05-08,0.4260794723431817,0.6860595517825643,xgboost,TUMBES
2017-05-15,0.4260794723431817,0.7333019048159004,xgboost,TUMBES
2017-05-22,0.0,0.7121193774703038,xgboost,TUMBES
2017-05-29,0.0,0.3290450326844792,xgboost,TUMBES
2017-06-05,0.0,0.08820037758675929,xgboost,TUMBES
2017-06-12,0.0,0.09361944057812492,xgboost,TUMBES
2017-06-19,0.4260794723431817,0.06473782879805591,xgboost,TUMBES
2017-06-26,1.2782384170295444,0.2718540075654588,xgboost,TUMBES
2017-07-03,1.704317889372726,1.0964176851269212,xgboost,TUMBES
2017-07-10,1.704317889372726,1.1205659206208582,xgboost,TUMBES
2017-07-17,1.704317889372726,0.955893841180725,xgboost,TUMBES
2017-07-24,1.704317889372726,1.0829970428020719,xgboost,TUMBES
2017-07-31,1.2782384170295444,1.0689871448081152,xgboost,TUMBES
2017-08-07,0.8521589446863631,1.2321604598662832,xgboost,TUMBES
2017-08-14,0.8521589446863631,0.5204870724913013,xgboost,TUMBES
2017-08-21,2.1303973617159073,0.5141375050562105,xgboost,TUMBES
2017-08-28,2.556476834059089,1.0891781293495462,xgboost,TUMBES
2017-09-04,2.1303973617159073,1.6632019577219226,xgboost,TUMBES
2017-09-11,0.8521589446863631,1.085798401070328,xgboost,TUMBES
2017-09-18,0.0,0.8233242342113503,xgboost,TUMBES
2017-09-25,0.0,0.4307246857578121,xgboost,TUMBES
2017-10-02,0.0,0.36862888474807165,xgboost,TUMBES
2017-10-09,0.0,0.3687875197144605,xgboost,TUMBES
2017-10-16,0.8521589446863631,0.3743098519124741,xgboost,TUMBES
2017-10-23,0.8521589446863631,0.9639724774575145,xgboost,TUMBES
2017-10-30,0.8521589446863631,0.8906982425057683,xgboost,TUMBES
2017-11-06,0.0,0.6650976350884741,xgboost,TUMBES
2017-11-13,0.4260794723431817,0.12301009232601817,xgboost,TUMBES
2017-11-20,0.4260794723431817,0.4753368879371105,xgboost,TUMBES
2017-11-27,0.4260794723431817,0.44289765623417454,xgboost,TUMBES
2017-12-04,0.0,0.5085769468222414,xgboost,TUMBES
2017-12-11,0.4260794723431817,0.16101784559846433,xgboost,TUMBES
2017-12-18,0.4260794723431817,0.40904512225829365,xgboost,TUMBES
2017-12-25,0.4260794723431817,0.38203376214844753,xgboost,TUMBES
2018-01-01,0.41724211308095777,0.3714738861515088,xgboost,TUMBES
2018-01-08,2.0862105654047878,0.0920652041757378,xgboost,TUMBES
2018-01-15,3.3379369046476604,1.1875164924017945,xgboost,TUMBES
2018-01-22,3.3379369046476604,2.1757378195930293,xgboost,TUMBES
2018-01-29,2.503452678485745,1.8839673788032556,xgboost,TUMBES
2018-02-05,1.6689684523238302,1.784842669121677,xgboost,TUMBES
2018-02-12,1.2517263392428726,1.060253521390237,xgboost,TUMBES
2018-02-19,1.2517263392428728,0.9302078699595864,xgboost,TUMBES
2018-02-26,0.8344842261619153,1.2367299777612124,xgboost,TUMBES
2018-03-05,1.6689684523238302,0.9459674663803839,xgboost,TUMBES
2018-03-12,2.6171743054916243,1.4406371223588206,xgboost,TUMBES
2018-03-19,2.6171743054916243,1.9563951337787904,xgboost,TUMBES
2018-03-26,1.7826900793297096,2.1124273428693923,xgboost,TUMBES
2018-04-02,0.41724211308095804,1.2328581349842018,xgboost,TUMBES
2018-04-09,0.41724211308095804,0.7721683877020544,xgboost,TUMBES
2018-04-16,1.2517263392428728,0.8138185299130558,xgboost,TUMBES
2018-04-23,0.8344842261619155,0.9134609573803754,xgboost,TUMBES
2018-04-30,0.8344842261619156,0.5277077829771779,xgboost,TUMBES
2018-05-07,0.0,0.8258335004430446,xgboost,TUMBES
2018-05-14,0.41724211308095804,0.4208355375093785,xgboost,TUMBES
2018-05-21,0.8344842261619155,0.6843648190214289,xgboost,TUMBES
2018-05-28,0.8344842261619155,0.6435869826136464,xgboost,TUMBES
2018-06-04,0.41724211308095804,0.6974450356588786,xgboost,TUMBES
2018-06-11,0.0,0.5834109909984544,xgboost,TUMBES
2018-06-18,0.8344842261619155,0.32885852873993016,xgboost,TUMBES
2018-06-25,1.2517263392428728,0.7153811496795117,xgboost,TUMBES
2018-07-02,2.5034526784857456,1.1751745358732504,xgboost,TUMBES
2018-07-09,2.5034526784857456,1.8791479564803946,xgboost,TUMBES
2018-07-16,2.0862105654047878,1.6811065430954422,xgboost,TUMBES
2018-07-23,0.8344842261619155,1.254401190756084,xgboost,TUMBES
2018-07-30,0.0,0.6962142760872643,xgboost,TUMBES
2018-08-06,0.0,0.3836326912422812,xgboost,TUMBES
2018-08-13,0.0,0.31855526831922126,xgboost,TUMBES
2018-08-20,0.0,0.325826220356049,xgboost,TUMBES
2018-08-27,0.41724211308095804,0.5411793834056684,xgboost,TUMBES
2018-09-03,1.2517263392428728,0.5128722378427328,xgboost,TUMBES
2018-09-10,1.251726339242873,1.2561898641996176,xgboost,TUMBES
2018-09-17,0.8344842261619156,1.0614499472649817,xgboost,TUMBES
2018-09-24,0.0,0.5454486214505478,xgboost,TUMBES
2018-10-01,0.0,0.3181919089015954,xgboost,TUMBES
2018-10-08,0.0,0.38297172091656984,xgboost,TUMBES
2018-10-15,0.0,0.25491726501532935,xgboost,TUMBES
2018-10-22,0.0,0.35003467576468805,xgboost,TUMBES
2018-10-29,0.0,0.3483950435527223,xgboost,TUMBES
2018-11-05,1.7826900793297094,0.5511644568370122,xgboost,TUMBES
2018-11-12,1.7826900793297094,1.1418022374842534,xgboost,TUMBES
2018-11-19,1.7826900793297094,1.249564934337902,xgboost,TUMBES
2018-11-26,0.0,1.2458132973738985,xgboost,TUMBES
2018-12-03,0.0,0.43272695940680017,xgboost,TUMBES
2018-12-10,0.0,0.39344669477515715,xgboost,TUMBES
2018-12-17,0.0,0.1315678327807314,xgboost,TUMBES
2018-12-24,0.0,0.17544568187064094,xgboost,TUMBES
2018-12-31,0.0,0.4553077323239251,xgboost,TUMBES
2019-01-07,0.0,0.5236615038794388,xgboost,TUMBES
2019-01-14,0.0,0.7188818941553985,xgboost,TUMBES
2019-01-21,0.0,0.8184908680341139,xgboost,TUMBES
2019-01-28,0.0,0.9219914401793106,xgboost,TUMBES
2019-02-04,0.0,0.837172107674667,xgboost,TUMBES
2019-02-11,0.4087622271001187,0.2595912671944351,xgboost,TUMBES
2019-02-18,0.4087622271001187,0.38568662714499785,xgboost,TUMBES
2019-02-25,0.4087622271001187,0.3896892547729206,xgboost,TUMBES
2019-03-04,0.0,0.29087734387299224,xgboost,TUMBES
2019-03-11,0.0,0.20438750229036518,xgboost,TUMBES
2019-03-18,0.0,0.21802447626868773,xgboost,TUMBES
2019-03-25,0.0,0.3552377812145937,xgboost,TUMBES
2019-04-01,0.0,0.45290364011120393,xgboost,TUMBES
2019-04-08,0.0,0.30074466529611155,xgboost,TUMBES
2019-04-15,0.0,0.3025615792999099,xgboost,TUMBES
2019-04-22,0.0,0.31345381274269035,xgboost,TUMBES
2019-04-29,0.0,0.31345381274269035,xgboost,TUMBES
2019-05-06,0.0,0.12146623227556588,xgboost,TUMBES
2019-05-13,0.0,0.14230128480517762,xgboost,TUMBES
2019-05-20,0.0,0.14230128480517762,xgboost,TUMBES
2019-05-27,0.0,0.23862909819335823,xgboost,TUMBES
2019-06-03,0.0,0.15634139294824065,xgboost,TUMBES
2019-06-10,0.0,0.19596559217733298,xgboost,TUMBES
2019-06-17,0.0,0.23331204080470072,xgboost,TUMBES
2019-06-24,0.0,0.24500585362113955,xgboost,TUMBES
2019-07-01,0.0,0.12372761424518212,xgboost,TUMBES
2019-07-08,0.0,0.10507497939632507,xgboost,TUMBES
2019-07-15,0.0,0.10129646282898426,xgboost,TUMBES
2019-07-22,0.0,0.10129646282898426,xgboost,TUMBES
2019-07-29,0.0,0.08100613512779156,xgboost,TUMBES
2019-08-05,0.0,0.08100613512779156,xgboost,TUMBES
2019-08-12,0.0,0.08599779504564262,xgboost,TUMBES
2019-08-19,0.0,0.08599779504564262,xgboost,TUMBES
2019-08-26,0.0,0.07056161524432203,xgboost,TUMBES
2019-09-02,0.0,0.06781888463889373,xgboost,TUMBES
2019-09-09,0.0,0.0625200876452675,xgboost,TUMBES
2019-09-16,0.0,0.06349713432164433,xgboost,TUMBES
2019-09-23,0.0,0.058145022260247134,xgboost,TUMBES
2019-09-30,0.0,0.058145022260247134,xgboost,TUMBES
2019-10-07,0.0,0.06744562861492284,xgboost,TUMBES
2019-10-14,0.0,0.11728389688130114,xgboost,TUMBES
2019-10-21,0.0,0.07479637386459237,xgboost,TUMBES
2019-10-28,0.0,0.07479637386459237,xgboost,TUMBES
2019-11-04,0.0,0.12193804545747326,xgboost,TUMBES
2019-11-11,0.0,0.12193804545747326,xgboost,TUMBES
2019-11-18,0.0,0.07386939993126065,xgboost,TUMBES
2019-11-25,0.0,0.07377509686845098,xgboost,TUMBES
2019-12-02,0.0,0.07377509686845098,xgboost,TUMBES
2019-12-09,0.0,0.07377509686845098,xgboost,TUMBES
2019-12-16,0.0,0.060681416206096996,xgboost,TUMBES
2019-12-23,0.0,0.060681416206096996,xgboost,TUMBES
2019-12-30,0.0,0.06924676364572288,xgboost,TUMBES
2020-01-06,0.0,0.07127517395160114,xgboost,TUMBES
2020-01-13,0.0,0.0479558815849951,xgboost,TUMBES
2020-01-20,0.0,0.0479558815849951,xgboost,TUMBES
2020-01-27,0.0,0.04774558963816896,xgboost,TUMBES
2020-02-03,0.0,0.058032290000553745,xgboost,TUMBES
2020-02-10,0.0,0.07004123198597216,xgboost,TUMBES
2020-02-17,0.0,0.05109844994314028,xgboost,TUMBES
2020-02-24,0.0,0.05109844994314028,xgboost,TUMBES
2020-03-02,0.0,0.05109844994314028,xgboost,TUMBES
2020-03-09,0.0,0.0426068467367889,xgboost,TUMBES
2020-03-16,0.0,0.0426068467367889,xgboost,TUMBES
2020-03-23,0.0,0.0426068467367889,xgboost,TUMBES
2020-03-30,0.0,0.0426068467367889,xgboost,TUMBES
2020-04-06,0.0,0.03963493430201691,xgboost,TUMBES
2020-04-13,0.0,0.03963493430201691,xgboost,TUMBES
2020-04-20,0.0,0.03963493430201691,xgboost,TUMBES
2020-04-27,0.0,0.03963493430201691,xgboost,TUMBES
2020-05-04,0.0,0.040833979294352035,xgboost,TUMBES
2020-05-11,0.0,0.035778689388397796,xgboost,TUMBES
2020-05-18,0.0,0.03402765981827371,xgboost,TUMBES
2020-05-25,0.0,0.03402765981827371,xgboost,TUMBES
2020-06-01,0.0,0.03953050179533892,xgboost,TUMBES
2020-06-08,0.0,0.03953050179533892,xgboost,TUMBES
2020-06-15,0.0,0.060157478606555966,xgboost,TUMBES
2020-06-22,0.0,0.060157478606555966,xgboost,TUMBES
2020-06-29,0.0,0.04162758012576422,xgboost,TUMBES
2020-07-06,0.8012435299584961,0.035824221589527,xgboost,TUMBES
2020-07-13,0.8012435299584961,0.4571058991215595,xgboost,TUMBES
2020-07-20,0.8012435299584961,0.45828797639537083,xgboost,TUMBES
2020-07-27,0.40062176497924834,0.6000805008501622,xgboost,TUMBES
2020-08-03,0.40062176497924834,0.17298334247960773,xgboost,TUMBES
2020-08-10,0.40062176497924834,0.130089701368615,xgboost,TUMBES
2020-08-17,0.0,0.12141148788732982,xgboost,TUMBES
2020-08-24,0.0,0.09721716632870293,xgboost,TUMBES
2020-08-31,0.0,0.30992921215707764,xgboost,TUMBES
2020-09-07,0.0,0.3329501886344113,xgboost,TUMBES
2020-09-14,0.0,0.39076387599228496,xgboost,TUMBES
2020-09-21,0.0,0.057024792322798445,xgboost,TUMBES
2020-09-28,0.0,0.057024792322798445,xgboost,TUMBES
2020-10-05,0.0,0.054639918576616084,xgboost,TUMBES
2020-10-12,0.40062176497924834,0.05570219073811912,xgboost,TUMBES
2020-10-19,0.40062176497924834,0.14411610571413866,xgboost,TUMBES
2020-10-26,0.40062176497924834,0.14615784849230531,xgboost,TUMBES
2020-11-02,0.0,0.15111659383868176,xgboost,TUMBES
2020-11-09,0.0,0.06276447496251945,xgboost,TUMBES
2020-11-16,0.0,0.05322744942126377,xgboost,TUMBES
2020-11-23,0.40062176497924834,0.04370631435475453,xgboost,TUMBES
2020-11-30,0.8012435299584961,0.1680561996239094,xgboost,TUMBES
2020-12-07,0.8012435299584961,0.47374520932977654,xgboost,TUMBES
2020-12-14,0.40062176497924834,0.5657813591599998,xgboost,TUMBES
2020-12-21,0.0,0.2888158612385176,xgboost,TUMBES
2020-12-28,0.0,0.1645586285002237,xgboost,TUMBES
2021-01-04,0.0,0.12033120925369331,xgboost,TUMBES
2021-01-11,0.0,0.09401026881825636,xgboost,TUMBES
2021-01-18,0.0,0.08297897849991653,xgboost,TUMBES
2021-01-25,0.0,0.22695731467956975,xgboost,TUMBES
2021-02-01,0.0,0.12671328652524766,xgboost,TUMBES
2021-02-08,0.0,0.03212967521527345,xgboost,TUMBES
2021-02-15,0.0,0.03212967521527345,xgboost,TUMBES
2021-02-22,0.39279766206831596,0.05657450711566242,xgboost,TUMBES
2021-03-01,0.39279766206831596,0.06331623248846555,xgboost,TUMBES
2021-03-08,0.39279766206831596,0.2971523009697373,xgboost,TUMBES
2021-03-15,0.0,0.2874287503263984,xgboost,TUMBES
2021-03-22,0.0,0.0631400150102598,xgboost,TUMBES
2021-03-29,0.0,0.06758302708130218,xgboost,TUMBES
2021-04-05,0.0,0.04096446227620357,xgboost,TUMBES
2021-04-12,0.0,0.03455430022108518,xgboost,TUMBES
2021-04-19,0.0,0.03455430022108518,xgboost,TUMBES
2021-04-26,0.0,0.03455430022108518,xgboost,TUMBES
2021-05-03,0.0,0.031902223416408707,xgboost,TUMBES
2021-05-10,0.0,0.031902223416408707,xgboost,TUMBES
2021-05-17,0.0,0.031902223416408707,xgboost,TUMBES
2021-05-24,0.0,0.029687862855155678,xgboost,TUMBES
2021-05-31,0.0,0.025780692151988173,xgboost,TUMBES
2021-06-07,0.0,0.025780692151988173,xgboost,TUMBES
2021-06-14,0.0,0.04308441781940888,xgboost,TUMBES
2021-06-21,0.0,0.045200965632307064,xgboost,TUMBES
2021-06-28,0.0,0.0461314349258882,xgboost,TUMBES
2021-07-05,0.0,0.0461314349258882,xgboost,TUMBES
2021-07-12,0.0,0.05027921273580037,xgboost,TUMBES
2021-07-19,0.0,0.04216503289192624,xgboost,TUMBES
2021-07-26,0.0,0.03757929457783795,xgboost,TUMBES
2021-08-02,0.0,0.03757929457783795,xgboost,TUMBES
2021-08-09,0.39279766206831596,0.03757929457783795,xgboost,TUMBES
2021-08-16,0.39279766206831596,0.23232134354279546,xgboost,TUMBES
2021-08-23,0.39279766206831596,0.2606911631335482,xgboost,TUMBES
2021-08-30,0.0,0.2031968203922036,xgboost,TUMBES
2021-09-06,0.0,0.047228096478272676,xgboost,TUMBES
2021-09-13,0.0,0.04898396108069213,xgboost,TUMBES
2021-09-20,0.0,0.04869254446640698,xgboost,TUMBES
2021-09-27,0.39279766206831596,0.036288304989416,xgboost,TUMBES
2021-10-04,0.39279766206831596,0.23118253654888868,xgboost,TUMBES
2021-10-11,0.39279766206831596,0.20917344793480208,xgboost,TUMBES
2021-10-18,0.0,0.2178789584298209,xgboost,TUMBES
2021-10-25,0.0,0.05220278787314676,xgboost,TUMBES
2021-11-01,0.0,0.06198032293127255,xgboost,TUMBES
2021-11-08,0.39279766206831596,0.07303868667740843,xgboost,TUMBES
2021-11-15,0.39279766206831596,0.2767711729705137,xgboost,TUMBES
2021-11-22,0.39279766206831596,0.25471265061367687,xgboost,TUMBES
2021-11-29,0.0,0.1608369136214491,xgboost,TUMBES
2021-12-06,0.0,0.08507539689037497,xgboost,TUMBES
2021-12-13,0.7855953241366312,0.07373757636133726,xgboost,TUMBES
2021-12-20,1.1783929862049467,0.4726682201826044,xgboost,TUMBES
2021-12-27,1.1783929862049467,0.683506953228473,xgboost,TUMBES
2022-01-03,0.39279766206831596,0.963733919831868,xgboost,TUMBES
2022-01-10,0.0,0.3044110808430457,xgboost,TUMBES
2022-01-17,0.0,0.08043492658614342,xgboost,TUMBES
2022-01-24,0.0,0.10088593804255111,xgboost,TUMBES
2022-01-31,0.0,0.08761467918933862,xgboost,TUMBES
2022-02-07,0.0,0.06243538958989347,xgboost,TUMBES
2022-02-14,0.0,0.184710997452268,xgboost,TUMBES
2022-02-21,0.0,0.18620118901408778,xgboost,TUMBES
2022-02-28,0.0,0.03969336314587098,xgboost,TUMBES
2022-03-07,0.0,0.05998142922451405,xgboost,TUMBES
2022-03-14,0.3852733128881635,0.0689933232636647,xgboost,TUMBES
2022-03-21,0.3852733128881635,0.0689933232636647,xgboost,TUMBES
2022-03-28,0.3852733128881635,0.06917173769446644,xgboost,TUMBES
2022-04-04,0.0,0.16204122385676925,xgboost,TUMBES
2022-04-11,0.3852733128881635,0.028341821841944576,xgboost,TUMBES
2022-04-18,0.3852733128881635,0.20133002931931912,xgboost,TUMBES
2022-04-25,0.3852733128881635,0.17344508376906032,xgboost,TUMBES
2022-05-02,0.0,0.2177718184685668,xgboost,TUMBES
2022-05-09,0.0,0.07523076774897836,xgboost,TUMBES
2022-05-16,0.0,0.10932488895324644,xgboost,TUMBES
2022-05-23,0.0,0.08638224904749131,xgboost,TUMBES
2022-05-30,0.0,0.043405732945587916,xgboost,TUMBES
2022-06-06,0.0,0.043405732945587916,xgboost,TUMBES
2022-06-13,0.0,0.04962815144438514,xgboost,TUMBES
2022-06-20,0.0,0.05844114748474912,xgboost,TUMBES
2022-06-27,0.0,0.03753211599299209,xgboost,TUMBES
2022-07-04,0.0,0.049134327206547604,xgboost,TUMBES
2022-07-11,0.0,0.06379997259906889,xgboost,TUMBES
2022-07-18,0.0,0.05595319988839492,xgboost,TUMBES
2022-07-25,0.0,0.04580806099464488,xgboost,TUMBES
2022-08-01,0.0,0.04580806099464488,xgboost,TUMBES
2022-08-08,0.0,0.04580806099464488,xgboost,TUMBES
2022-08-15,0.0,0.04479892737420146,xgboost,TUMBES
2022-08-22,0.0,0.037147856256153154,xgboost,TUMBES
2022-08-29,0.0,0.037147856256153154,xgboost,TUMBES
2022-09-05,0.0,0.037147856256153154,xgboost,TUMBES
2022-09-12,0.0,0.037147856256153154,xgboost,TUMBES
2022-09-19,0.0,0.03406615025030482,xgboost,TUMBES
2022-09-26,0.0,0.03406615025030482,xgboost,TUMBES
2022-10-03,0.0,0.03615679082037425,xgboost,TUMBES
2022-10-10,0.0,0.03406615025030482,xgboost,TUMBES
2022-10-17,0.0,0.03552091455290202,xgboost,TUMBES
2022-10-24,0.0,0.03552091455290202,xgboost,TUMBES
2022-10-31,0.0,0.04093872500650904,xgboost,TUMBES
2022-11-07,0.0,0.08990856317872113,xgboost,TUMBES
2022-11-14,0.0,0.07047856119595486,xgboost,TUMBES
2022-11-21,0.0,0.07047856119595486,xgboost,TUMBES
2022-11-28,0.0,0.07189742625727831,xgboost,TUMBES
2022-12-05,0.0,0.07189742625727831,xgboost,TUMBES
2011-12-26,0.8332300932011713,0.5915960821464634,random_forest,LIMA
2012-01-02,0.9807372872715802,0.6621547941668253,random_forest,LIMA
2012-01-09,0.9972800910411005,0.7243035648112195,random_forest,LIMA
2012-01-16,0.8934232210382871,0.7195217100582763,random_forest,LIMA
2012-01-23,0.7319611931398015,0.8133145015028707,random_forest,LIMA
2012-01-30,0.7104329227533368,0.8153270723053068,random_forest,LIMA
2012-02-06,0.7211970579465691,0.8122982692846841,random_forest,LIMA
2012-02-13,0.7857818691059633,0.7962774558968957,random_forest,LIMA
2012-02-20,0.7427253283330337,0.7550129380909398,random_forest,LIMA
2012-02-27,0.6458481115939424,0.754615693649134,random_forest,LIMA
2012-03-05,0.6243198412074776,0.7152326095579615,random_forest,LIMA
2012-03-12,0.5704991652413157,0.7075411958203583,random_forest,LIMA
2012-03-19,0.6135557060142453,0.6568985471220841,random_forest,LIMA
2012-03-26,0.6889046523668719,0.6919965338212466,random_forest,LIMA
2012-04-02,0.7427253283330337,0.753620558864867,random_forest,LIMA
2012-04-09,0.8073101394924279,0.7699448210932622,random_forest,LIMA
2012-04-16,0.775017733912731,0.7896530568984943,random_forest,LIMA
2012-04-23,0.7427253283330337,0.7842507510302617,random_forest,LIMA
2012-04-30,0.6243198412074776,0.760519707942491,random_forest,LIMA
2012-05-07,0.5489708948548511,0.7157908100671952,random_forest,LIMA
2012-05-14,0.6996687875601042,0.6443180104435597,random_forest,LIMA
2012-05-21,0.6566122467871748,0.6911336822387302,random_forest,LIMA
2012-05-28,0.7534894635262662,0.6769589588124332,random_forest,LIMA
2012-06-04,0.5597350300480834,0.7170890674652188,random_forest,LIMA
2012-06-11,0.5920274356277805,0.6751083157667808,random_forest,LIMA
2012-06-18,0.6243198412074776,0.6776214247297296,random_forest,LIMA
2012-06-25,0.6458481115939424,0.6845576062063872,random_forest,LIMA
2012-07-02,0.6996687875601042,0.7020171919134379,random_forest,LIMA
2012-07-09,0.63508397640071,0.7081438804950144,random_forest,LIMA
2012-07-16,0.7104329227533367,0.6800586471807619,random_forest,LIMA
2012-07-23,0.775017733912731,0.6987747614919293,random_forest,LIMA
2012-07-30,0.7211970579465691,0.7163453543021956,random_forest,LIMA
2012-08-06,0.7211970579465691,0.7213478378585865,random_forest,LIMA
2012-08-13,0.7642535987194985,0.7153561613411072,random_forest,LIMA
2012-08-20,0.6781405171736395,0.7170479502264611,random_forest,LIMA
2012-08-27,0.602791570821013,0.7150323544936197,random_forest,LIMA
2012-09-03,0.5274426244683863,0.6709141716800306,random_forest,LIMA
2012-09-10,0.6027915708210129,0.6540655388504506,random_forest,LIMA
2012-09-17,0.6673763819804072,0.692672594390844,random_forest,LIMA
2012-09-24,0.5597350300480833,0.7030557800399861,random_forest,LIMA
2012-10-01,0.5274426244683863,0.6449559947869223,random_forest,LIMA
2012-10-08,0.4843860836954568,0.6478105605347877,random_forest,LIMA
2012-10-15,0.5059143540819216,0.5912362063190313,random_forest,LIMA
2012-10-22,0.5920274356277805,0.5876069461859177,random_forest,LIMA
2012-10-29,0.5597350300480833,0.5864384900280009,random_forest,LIMA
2012-11-05,0.6027915708210129,0.5763142931817922,random_forest,LIMA
2012-11-12,0.6135557060142453,0.5793873183574236,random_forest,LIMA
2012-11-19,0.5597350300480833,0.5793357085706772,random_forest,LIMA
2012-11-26,0.49515021888868915,0.5738873926711447,random_forest,LIMA
2012-12-03,0.40903713734283015,0.5409162405989429,random_forest,LIMA
2012-12-10,0.4305654077292949,0.505762128776188,random_forest,LIMA
2012-12-17,0.41980127253606253,0.4928370671821616,random_forest,LIMA
2012-12-24,0.4520936781157597,0.4497447682958462,random_forest,LIMA
2012-12-31,0.5920274356277805,0.46502528751681843,random_forest,LIMA
2013-01-07,0.6212431596355974,0.5291615983645557,random_forest,LIMA
2013-01-14,0.6496897132504441,0.5587149990429934,random_forest,LIMA
2013-01-21,0.49687660196452327,0.5837310213794458,random_forest,LIMA
2013-01-28,0.5708795001294522,0.502139447030105,random_forest,LIMA
2013-02-04,0.4545892315845638,0.5276838683692602,random_forest,LIMA
2013-02-11,0.5708795001294522,0.4907184070572556,random_forest,LIMA
2013-02-18,0.4863047593695334,0.5419362425625904,random_forest,LIMA
2013-02-25,0.5391639723444827,0.5107662181978905,random_forest,LIMA
2013-03-04,0.3805863334196348,0.5426772338735664,random_forest,LIMA
2013-03-11,0.3805863334196348,0.4476907485509586,random_forest,LIMA
2013-03-18,0.4123018612046044,0.4101670954741642,random_forest,LIMA
2013-03-25,0.4123018612046044,0.4521688247848316,random_forest,LIMA
2013-04-01,0.4017300186096146,0.4740620586409321,random_forest,LIMA
2013-04-08,0.3065834352547058,0.4689113077122628,random_forest,LIMA
2013-04-15,0.34887080563466527,0.3891823246036984,random_forest,LIMA
2013-04-22,0.3594426482296551,0.39324519299133737,random_forest,LIMA
2013-04-29,0.4017300186096145,0.4047327093315678,random_forest,LIMA
2013-05-06,0.370014490824645,0.4410319013413487,random_forest,LIMA
2013-05-13,0.3277271204446855,0.40182903620122057,random_forest,LIMA
2013-05-20,0.3382989630396753,0.4094165223935946,random_forest,LIMA
2013-05-27,0.37001449082464494,0.39342936277894053,random_forest,LIMA
2013-06-03,0.3911581760146246,0.3984335395044593,random_forest,LIMA
2013-06-10,0.3805863334196348,0.3931012516814264,random_forest,LIMA
2013-06-17,0.4228737037995942,0.3813745556812601,random_forest,LIMA
2013-06-24,0.3911581760146247,0.415364915488544,random_forest,LIMA
2013-07-01,0.4651610741795536,0.4100939690654108,random_forest,LIMA
2013-07-08,0.5180202871545029,0.42563220943215996,random_forest,LIMA
2013-07-15,0.6660260834843609,0.4930721920654316,random_forest,LIMA
2013-07-22,0.6448823982943812,0.5492320722000161,random_forest,LIMA
2013-07-29,0.7400289816492899,0.5437626111804768,random_forest,LIMA
2013-08-05,0.7294571390543,0.6668118569233716,random_forest,LIMA
2013-08-12,0.8246037224092087,0.6892707269466616,random_forest,LIMA
2013-08-19,0.7928881946242391,0.7215882676325132,random_forest,LIMA
2013-08-26,0.7083134538643203,0.7533484437011311,random_forest,LIMA
2013-09-02,0.6977416112693304,0.7371733340333435,random_forest,LIMA
2013-09-09,0.592023185319432,0.7109627366166484,random_forest,LIMA
2013-09-16,0.5814513427244421,0.6477678165363752,random_forest,LIMA
2013-09-23,0.4863047593695334,0.6394066761575183,random_forest,LIMA
2013-09-30,0.4757329167745435,0.5808780645093927,random_forest,LIMA
2013-10-07,0.4757329167745435,0.5592714457002805,random_forest,LIMA
2013-10-14,0.5074484445595131,0.5633425595128989,random_forest,LIMA
2013-10-21,0.444017388989574,0.5725775472881898,random_forest,LIMA
2013-10-28,0.4123018612046043,0.5091028860895574,random_forest,LIMA
2013-11-04,0.2854397500647261,0.4818626913111905,random_forest,LIMA
2013-11-11,0.2854397500647261,0.4147952906442955,random_forest,LIMA
2013-11-18,0.296011592659716,0.39912725980740676,random_forest,LIMA
2013-11-25,0.3594426482296551,0.3380387068372591,random_forest,LIMA
2013-12-02,0.3911581760146247,0.37466698254043124,random_forest,LIMA
2013-12-09,0.3911581760146246,0.4050705235583311,random_forest,LIMA
2013-12-16,0.3911581760146246,0.4105227003377624,random_forest,LIMA
2013-12-23,0.4334455463945841,0.38802053298833816,random_forest,LIMA
2013-12-30,0.4651610741795536,0.4185302130288162,random_forest,LIMA
2014-01-06,0.5042941973943833,0.45422161033272757,random_forest,LIMA
2014-01-13,0.5324843901124431,0.5113872869751537,random_forest,LIMA
2014-01-20,0.5712464254254929,0.5497252657160452,random_forest,LIMA
2014-01-27,0.5193149322049935,0.5376142998142057,random_forest,LIMA
2014-02-03,0.4569971403403943,0.5266224447276382,random_forest,LIMA
2014-02-10,0.34274785525529566,0.48408359408456336,random_forest,LIMA
2014-02-17,0.37390675118759537,0.41364831669884705,random_forest,LIMA
2014-02-24,0.49854233491679373,0.3867190619780275,random_forest,LIMA
2014-03-03,0.560860126781393,0.4456680524382867,random_forest,LIMA
2014-03-10,0.5089286335608937,0.507311623696225,random_forest,LIMA
2014-03-17,0.40506564711989496,0.5040957421422014,random_forest,LIMA
2014-03-24,0.3842930498316952,0.4151607646885249,random_forest,LIMA
2014-03-31,0.4673834389844942,0.4065117496687937,random_forest,LIMA
2014-04-07,0.4569971403403943,0.4554280424936215,random_forest,LIMA
2014-04-14,0.5400875294931934,0.46129527350815364,random_forest,LIMA
2014-04-21,0.5816327240695928,0.5035613658578448,random_forest,LIMA
2014-04-28,0.5816327240695928,0.5321231157611697,random_forest,LIMA
2014-05-05,0.5297012308490935,0.5395157553752112,random_forest,LIMA
2014-05-12,0.3946793484757951,0.5262649028953561,random_forest,LIMA
2014-05-19,0.3427478552552958,0.44774054525150186,random_forest,LIMA
2014-05-26,0.3427478552552958,0.4074536831386418,random_forest,LIMA
2014-06-02,0.3946793484757951,0.3944776406937887,random_forest,LIMA
2014-06-09,0.5297012308490934,0.3996000057891979,random_forest,LIMA
2014-06-16,0.6543368145782918,0.4847393931694393,random_forest,LIMA
2014-06-23,0.6958820091546913,0.588321365793224,random_forest,LIMA
2014-06-30,0.7062683077987911,0.6331026177979653,random_forest,LIMA
2014-07-07,0.6543368145782918,0.6846361200352298,random_forest,LIMA
2014-07-14,0.6751094118664915,0.6632688202204733,random_forest,LIMA
2014-07-21,0.5920190227136927,0.6608256969828792,random_forest,LIMA
2014-07-28,0.571246425425493,0.6356162501591835,random_forest,LIMA
2014-08-04,0.6751094118664916,0.60044664790354,random_forest,LIMA
2014-08-11,0.716654606442891,0.6334924285387065,random_forest,LIMA
2014-08-18,0.7478135023751906,0.6882968133309602,random_forest,LIMA
2014-08-25,0.6647231132223917,0.7095573534908037,random_forest,LIMA
2014-09-01,0.643950515934192,0.677945126139569,random_forest,LIMA
2014-09-08,0.5400875294931932,0.6449120520556177,random_forest,LIMA
2014-09-15,0.4569971403403943,0.603096186902945,random_forest,LIMA
2014-09-22,0.41545194576399486,0.5422705398617285,random_forest,LIMA
2014-09-29,0.44661084169629445,0.45970904702256843,random_forest,LIMA
2014-10-06,0.45699714034039435,0.47016744630150065,random_forest,LIMA
2014-10-13,0.5504738281372932,0.4874824606620275,random_forest,LIMA
2014-10-20,0.49854233491679373,0.5350192104728286,random_forest,LIMA
2014-10-27,0.44661084169629445,0.5129955899739758,random_forest,LIMA
2014-11-03,0.3427478552552958,0.4638192722325197,random_forest,LIMA
2014-11-10,0.37390675118759537,0.39854281949312476,random_forest,LIMA
2014-11-17,0.3946793484757951,0.39488468267697097,random_forest,LIMA
2014-11-24,0.405065647119895,0.40132250108196094,random_forest,LIMA
2014-12-01,0.3427478552552958,0.41945604807267833,random_forest,LIMA
2014-12-08,0.35313415389939556,0.40304598166171585,random_forest,LIMA
2014-12-15,0.39467934847579506,0.4215687294031734,random_forest,LIMA
2014-12-22,0.41545194576399486,0.41315891377566233,random_forest,LIMA
2014-12-29,0.4777697376285941,0.42377862544427664,random_forest,LIMA
2015-01-05,0.42368852351371517,0.46892711865755865,random_forest,LIMA
2015-01-12,0.48314002085247504,0.4477358728709544,random_forest,LIMA
2015-01-19,0.3878718989769266,0.4666386442462909,random_forest,LIMA
2015-01-26,0.4184933646856313,0.42782335075568284,random_forest,LIMA
2015-02-02,0.3572504332682218,0.44842933460185797,random_forest,LIMA
2015-02-09,0.3674575885044568,0.40720507755641383,random_forest,LIMA
2015-02-16,0.3776647437406917,0.3966869352715895,random_forest,LIMA
2015-02-23,0.42870051992186625,0.4108128095720677,random_forest,LIMA
2015-03-02,0.47973629610304086,0.43001030946444757,random_forest,LIMA
2015-03-09,0.4899434513392757,0.44503764417880737,random_forest,LIMA
2015-03-16,0.571600693229155,0.4735624487366756,random_forest,LIMA
2015-03-23,0.5818078484653899,0.5239939292019982,random_forest,LIMA
2015-03-30,0.6226364694103296,0.5241498397605242,random_forest,LIMA
2015-04-06,0.8880225055524372,0.5726935313180599,random_forest,LIMA
2015-04-13,0.8778153503162024,0.7242768300133682,random_forest,LIMA
2015-04-20,0.8267795741350278,0.7695448174146768,random_forest,LIMA
2015-04-27,0.4389076751581012,0.7580191343141738,random_forest,LIMA
2015-05-04,0.45932198563057103,0.5850435445328261,random_forest,LIMA
2015-05-11,0.5001506065755107,0.5408528171163292,random_forest,LIMA
2015-05-18,0.6124293141740947,0.5396391633678059,random_forest,LIMA
2015-05-25,0.7145008665364437,0.5905389694366001,random_forest,LIMA
2015-06-01,0.694086556063974,0.6402042483706489,random_forest,LIMA
2015-06-08,0.6430507798827994,0.6781962424354651,random_forest,LIMA
2015-06-15,0.5001506065755107,0.6466117001576401,random_forest,LIMA
2015-06-22,0.571600693229155,0.5729818503228181,random_forest,LIMA
2015-06-29,0.5307720722842154,0.5970788509924634,random_forest,LIMA
2015-07-06,0.5818078484653899,0.5606719709676697,random_forest,LIMA
2015-07-13,0.47973629610304086,0.5964956448125607,random_forest,LIMA
2015-07-20,0.5818078484653899,0.5337174556140296,random_forest,LIMA
2015-07-27,0.6736722455915042,0.5784323020509914,random_forest,LIMA
2015-08-03,0.7757437979538532,0.6232965409430398,random_forest,LIMA
2015-08-10,0.7042937113002088,0.6671019387865986,random_forest,LIMA
2015-08-17,0.6226364694103296,0.6652249183687677,random_forest,LIMA
2015-08-24,0.48994345133927575,0.6233331636656434,random_forest,LIMA
2015-08-31,0.5511863827566852,0.544699304375944,random_forest,LIMA
2015-09-07,0.6124293141740947,0.5511112669863516,random_forest,LIMA
2015-09-14,0.7349151770089136,0.6072076793540162,random_forest,LIMA
2015-09-21,0.6634650903552692,0.664005952011038,random_forest,LIMA
2015-09-28,0.6124293141740947,0.668263751435511,random_forest,LIMA
2015-10-05,0.5511863827566852,0.622929101677026,random_forest,LIMA
2015-10-12,0.5613935379929201,0.5724021938332906,random_forest,LIMA
2015-10-19,0.5307720722842154,0.5629393722672655,random_forest,LIMA
2015-10-26,0.5103577618117455,0.54353508788003,random_forest,LIMA
2015-11-02,0.5409792275204502,0.5151190762715177,random_forest,LIMA
2015-11-09,0.5613935379929201,0.5306628487854981,random_forest,LIMA
2015-11-16,0.7349151770089136,0.5473310471214443,random_forest,LIMA
2015-11-23,0.7655366427176183,0.6426564765381413,random_forest,LIMA
2015-11-30,0.8574010398437325,0.6726476939117525,random_forest,LIMA
2015-12-07,0.806365263662558,0.7071302882553987,random_forest,LIMA
2015-12-14,0.9186439712611421,0.7188285442126168,random_forest,LIMA
2015-12-21,0.8574010398437326,0.7711151116839916,random_forest,LIMA
2015-12-28,0.5716006932291551,0.7785116437179052,random_forest,LIMA
2016-01-04,0.6060257818948587,0.6956090971754394,random_forest,LIMA
2016-01-11,0.6321474681641002,0.7077205562865247,random_forest,LIMA
2016-01-18,0.9331700720517669,0.6626625621278899,random_forest,LIMA
2016-01-25,0.8729655512742337,0.7743403568496345,random_forest,LIMA
2016-02-01,0.7625905965154226,0.7709643080055446,random_forest,LIMA
2016-02-08,0.6923519889416337,0.7485923720550456,random_forest,LIMA
2016-02-15,0.6622497285528669,0.6884997830951962,random_forest,LIMA
2016-02-22,0.752556509719167,0.6893597548363353,random_forest,LIMA
2016-02-29,0.8328292040892116,0.7043006771415203,random_forest,LIMA
2016-03-07,0.9331700720517672,0.7399783390674428,random_forest,LIMA
2016-03-14,0.9432041588480228,0.7778462998547437,random_forest,LIMA
2016-03-21,0.8729655512742337,0.7395616322567102,random_forest,LIMA
2016-03-28,0.7926928569041892,0.7250617209508945,random_forest,LIMA
2016-04-04,0.822795117292956,0.7122975152599096,random_forest,LIMA
2016-04-11,0.9432041588480226,0.7887807002468026,random_forest,LIMA
2016-04-18,0.9131018984592559,0.7964169795820075,random_forest,LIMA
2016-04-25,0.9432041588480224,0.761223203627986,random_forest,LIMA
2016-05-02,0.8528973776817225,0.743305747360846,random_forest,LIMA
2016-05-09,0.9231359852555115,0.7862717065060394,random_forest,LIMA
2016-05-16,1.0134427664218115,0.8095863270069883,random_forest,LIMA
2016-05-23,1.0636132004030894,0.8184866310306207,random_forest,LIMA
2016-05-30,1.0234768532180671,0.8166386778839638,random_forest,LIMA
2016-06-06,0.9331700720517672,0.9633643912245151,random_forest,LIMA
2016-06-13,1.053579113606834,0.9591690463955049,random_forest,LIMA
2016-06-20,1.0335109400143228,0.9569251445942188,random_forest,LIMA
2016-06-27,1.073647287199345,0.9474389349182382,random_forest,LIMA
2016-07-04,0.9432041588480228,1.0046780501002894,random_forest,LIMA
2016-07-11,0.9833405060330449,1.003227830544235,random_forest,LIMA
2016-07-18,0.9532382456442782,1.0030331440005855,random_forest,LIMA
2016-07-25,1.003408679625556,1.0001799572727705,random_forest,LIMA
2016-08-01,1.0234768532180671,0.9815608161302205,random_forest,LIMA
2016-08-08,0.9632723324405338,0.9810806526161533,random_forest,LIMA
2016-08-15,0.8528973776817225,0.967960032847949,random_forest,LIMA
2016-08-22,0.8629314644779781,0.9594398878637462,random_forest,LIMA
2016-08-29,0.8528973776817227,0.9300864593024534,random_forest,LIMA
2016-09-05,1.0134427664218115,0.9337067928673293,random_forest,LIMA
2016-09-12,1.1137836343843672,0.9364780329151161,random_forest,LIMA
2016-09-19,1.1137836343843672,0.9327359610790027,random_forest,LIMA
2016-09-26,1.1137836343843672,0.9788269913593715,random_forest,LIMA
2016-10-03,0.9833405060330449,0.9724455495723419,random_forest,LIMA
2016-10-10,1.093715460791856,0.9715524000731808,random_forest,LIMA
2016-10-17,1.0234768532180671,0.9824911734891595,random_forest,LIMA
2016-10-24,0.9231359852555115,1.0294112713412704,random_forest,LIMA
2016-10-31,0.8729655512742336,0.9969598902260832,random_forest,LIMA
2016-11-07,0.8027269437004447,0.9927118307276839,random_forest,LIMA
2016-11-14,0.9131018984592559,0.9581001425123725,random_forest,LIMA
2016-11-21,0.9532382456442781,0.9335205470988335,random_forest,LIMA
2016-11-28,0.9733064192367892,0.9431303236864597,random_forest,LIMA
2016-12-05,1.0636132004030892,0.9496390575880171,random_forest,LIMA
2016-12-12,0.9733064192367892,0.9694238728761542,random_forest,LIMA
2016-12-19,1.093715460791856,0.9875922062413653,random_forest,LIMA
2016-12-26,1.0636132004030892,0.994425691755247,random_forest,LIMA
2017-01-02,1.0099295224056042,0.9743304966179904,random_forest,LIMA
2017-01-09,1.0425374895558965,0.9606872906922796,random_forest,LIMA
2017-01-16,0.986678946215045,1.0064631526347072,random_forest,LIMA
2017-01-23,1.1248139986851515,0.9853000024178407,random_forest,LIMA
2017-01-30,0.9472117883664434,0.9606622263904809,random_forest,LIMA
2017-02-06,0.9373449989042929,0.9524199179492612,random_forest,LIMA
2017-02-13,0.9472117883664432,0.9379685477856248,random_forest,LIMA
2017-02-20,1.0853468408365494,0.9510146102034598,random_forest,LIMA
2017-02-27,1.0754800513743992,0.9696302302018143,random_forest,LIMA
2017-03-06,1.0754800513743992,0.9856361085727827,random_forest,LIMA
2017-03-13,0.9669453672907441,1.0286367225501265,random_forest,LIMA
2017-03-20,1.1149472092230008,1.0006192859166023,random_forest,LIMA
2017-03-27,1.1445475776094522,1.020168350607368,random_forest,LIMA
2017-04-03,1.1840147354580541,1.0116169659026397,random_forest,LIMA
2017-04-10,0.986678946215045,1.0646162835425974,random_forest,LIMA
2017-04-17,0.917611419979992,1.0549386537864391,random_forest,LIMA
2017-04-24,0.7893431569720359,1.0000700857461315,random_forest,LIMA
2017-05-01,0.7893431569720359,0.9574259533563514,random_forest,LIMA
2017-05-08,0.769609578047735,0.8691398196077054,random_forest,LIMA
2017-05-15,0.8682774726692396,0.8805946039608257,random_forest,LIMA
2017-05-22,0.9570785778285936,0.9020686359841215,random_forest,LIMA
2017-05-29,0.986678946215045,0.9500004806951949,random_forest,LIMA
2017-06-05,1.026146104063647,0.9883308944183735,random_forest,LIMA
2017-06-12,0.9965457356771955,1.018974241159781,random_forest,LIMA
2017-06-19,1.036012893525797,1.0088608514135813,random_forest,LIMA
2017-06-26,0.9176114199799917,1.0118119604752174,random_forest,LIMA
2017-07-03,0.8978778410556908,0.9718564338515601,random_forest,LIMA
2017-07-10,0.8288103148206378,0.9678268881930585,random_forest,LIMA
2017-07-17,0.9570785778285936,0.9460595880065741,random_forest,LIMA
2017-07-24,1.075480051374399,0.988179625892545,random_forest,LIMA
2017-07-31,0.9768121567528946,0.9917284692652388,random_forest,LIMA
2017-08-07,0.8880110515935405,1.0011037115199026,random_forest,LIMA
2017-08-14,0.8781442621313899,0.9249674386326852,random_forest,LIMA
2017-08-21,0.8880110515935403,0.935088990216209,random_forest,LIMA
2017-08-28,0.9965457356771954,0.9327163222493915,random_forest,LIMA
2017-09-04,0.9176114199799917,0.9945050773213893,random_forest,LIMA
2017-09-11,0.9373449989042927,0.9594640151714797,random_forest,LIMA
2017-09-18,0.8584106832070889,0.9803081029918526,random_forest,LIMA
2017-09-25,0.9176114199799917,0.9255166220023219,random_forest,LIMA
2017-10-02,0.9965457356771953,0.9434734172982562,random_forest,LIMA
2017-10-09,1.1445475776094522,0.9817211742357919,random_forest,LIMA
2017-10-16,1.2629490511552577,1.0114968897660281,random_forest,LIMA
2017-10-23,1.3418833668524612,1.0180797598556004,random_forest,LIMA
2017-10-30,1.3320165773903108,0.9833111315943333,random_forest,LIMA
2017-11-06,1.1544143670716025,0.9864099821692092,random_forest,LIMA
2017-11-13,1.2826826300795586,0.9837667070854967,random_forest,LIMA
2017-11-20,1.3813505247010631,1.152956591622143,random_forest,LIMA
2017-11-27,1.4997519982468688,1.1582732792659862,random_forest,LIMA
2017-12-04,1.3024162090038596,1.1499615555117906,random_forest,LIMA
2017-12-11,1.1741479459959037,1.1297892111247,random_forest,LIMA
2017-12-18,1.1544143670716025,1.2834003377906327,random_forest,LIMA
2017-12-25,1.0162793146014961,1.283001925204501,random_forest,LIMA
2018-01-01,0.9901903675674907,1.219371189271004,random_forest,LIMA
2018-01-08,0.8568704017031029,1.1516843084899357,random_forest,LIMA
2018-01-15,1.086829106215032,0.9501200658860824,random_forest,LIMA
2018-01-22,1.0091984557711011,1.0004955375159348,random_forest,LIMA
2018-01-29,1.0965329375205233,1.0183334930985666,random_forest,LIMA
2018-02-05,1.1353482627424887,1.0007545506360502,random_forest,LIMA
2018-02-12,1.1644597566589627,1.0742907428842172,random_forest,LIMA
2018-02-19,1.1256444314369973,1.1045619397658442,random_forest,LIMA
2018-02-26,0.9024563114106959,1.0896657882610867,random_forest,LIMA
2018-03-05,0.7860103357447996,0.9906444556189173,random_forest,LIMA
2018-03-12,0.6307490348569379,0.898815921865955,random_forest,LIMA
2018-03-19,0.71808351660636,0.8636762013495509,random_forest,LIMA
2018-03-26,0.8345294922722566,0.8909568419602321,random_forest,LIMA
2018-04-02,0.9412716366326616,0.9002957735454327,random_forest,LIMA
2018-04-09,1.0189022870765925,0.8882715056955874,random_forest,LIMA
2018-04-16,0.9897907931601182,0.959321674174578,random_forest,LIMA
2018-04-23,1.0189022870765923,0.9825231585877796,random_forest,LIMA
2018-04-30,0.8927524801052047,0.979585959127077,random_forest,LIMA
2018-05-07,1.0480137809930665,0.9156940695658125,random_forest,LIMA
2018-05-14,0.9509754679381528,0.9688741269304912,random_forest,LIMA
2018-05-21,1.038309949687575,0.9797871477340909,random_forest,LIMA
2018-05-28,0.9412716366326613,0.9895033665137827,random_forest,LIMA
2018-06-04,1.1838674192699452,0.958624773339263,random_forest,LIMA
2018-06-11,1.232386575797402,1.0108366946793255,random_forest,LIMA
2018-06-18,1.329424888852316,1.1143361702431234,random_forest,LIMA
2018-06-25,1.4652785271291948,1.1467520757762477,random_forest,LIMA
2018-07-02,1.4943900210456686,1.2369184739527688,random_forest,LIMA
2018-07-09,1.35853638276879,1.234790439834227,random_forest,LIMA
2018-07-16,1.1644597566589627,1.2567728300223844,random_forest,LIMA
2018-07-23,1.14505209404798,1.2394566365805435,random_forest,LIMA
2018-07-30,1.2032750818809281,1.1807980441252934,random_forest,LIMA
2018-08-06,1.2614980697138762,1.1710373818741475,random_forest,LIMA
2018-08-13,1.2420904071028935,1.1998136602225395,random_forest,LIMA
2018-08-20,1.3100172262413332,1.2168109252352037,random_forest,LIMA
2018-08-27,1.2226827444919108,1.2082250314904348,random_forest,LIMA
2018-09-03,1.2129789131864195,1.230059770291049,random_forest,LIMA
2018-09-10,1.2226827444919108,1.2282732227854534,random_forest,LIMA
2018-09-17,1.2323865757974022,1.2297297952350048,random_forest,LIMA
2018-09-24,1.2712019010193676,1.2407362443676444,random_forest,LIMA
2018-10-01,1.1935712505754366,1.2447655375271434,random_forest,LIMA
2018-10-08,1.038309949687575,1.2228662836009558,random_forest,LIMA
2018-10-15,0.8927524801052046,1.101147166922427,random_forest,LIMA
2018-10-22,0.8830486487997131,0.9440338358519065,random_forest,LIMA
2018-10-29,1.1353482627424885,0.9414903633184333,random_forest,LIMA
2018-11-05,1.2129789131864193,1.0948374455862608,random_forest,LIMA
2018-11-12,1.0771252749095404,1.156433505579265,random_forest,LIMA
2018-11-19,0.9218639740216785,1.072089532983191,random_forest,LIMA
2018-11-26,0.8539371548832392,0.9725743092868326,random_forest,LIMA
2018-12-03,0.9121601427161873,0.9822629490361405,random_forest,LIMA
2018-12-10,0.93156780532717,1.0148430272851918,random_forest,LIMA
2018-12-17,0.8830486487997132,0.976914997438098,random_forest,LIMA
2018-12-24,0.9218639740216786,0.9531385254971774,random_forest,LIMA
2018-12-31,0.8054179983557823,0.9580107015552743,random_forest,LIMA
2019-01-07,0.8875496064904621,0.9499670333726802,random_forest,LIMA
2019-01-14,0.9585584177883568,0.9341083610261387,random_forest,LIMA
2019-01-21,1.1550863847103978,0.9821608283105177,random_forest,LIMA
2019-01-28,1.2219095639911648,1.0653285980792404,random_forest,LIMA
2019-02-04,1.1741787216477597,1.0978581276656962,random_forest,LIMA
2019-02-11,1.2696404063345696,1.1755389118968411,random_forest,LIMA
2019-02-18,1.3078250802092934,1.1839877896578308,random_forest,LIMA
2019-02-25,1.3937405964274223,1.2200694516796098,random_forest,LIMA
2019-03-04,1.2696404063345694,1.2893519321849491,random_forest,LIMA
2019-03-11,1.2696404063345694,1.2902092383364736,random_forest,LIMA
2019-03-18,1.097809373898312,1.267017246238181,random_forest,LIMA
2019-03-25,0.9450706783994162,1.1340328460601015,random_forest,LIMA
2019-04-01,0.7636934774944777,1.053656241490149,random_forest,LIMA
2019-04-08,0.8114243198378825,0.8669978082528238,random_forest,LIMA
2019-04-15,0.7350549720884348,0.9394577268482898,random_forest,LIMA
2019-04-22,0.7827858144318397,0.8971671816532714,random_forest,LIMA
2019-04-29,0.7255088036197538,0.9119942760431663,random_forest,LIMA
2019-05-06,0.8496089937126065,0.8620350966493744,random_forest,LIMA
2019-05-13,0.7541473090257967,0.9078552760172853,random_forest,LIMA
2019-05-20,0.8018781513692016,0.8879110223955071,random_forest,LIMA
2019-05-27,0.7159626351510727,0.8656298360765906,random_forest,LIMA
2019-06-03,0.8400628252439256,0.7886304740955565,random_forest,LIMA
2019-06-10,0.7923319829005205,0.8299652284771744,random_forest,LIMA
2019-06-17,0.9450706783994164,0.8117713067055443,random_forest,LIMA
2019-06-24,0.8591551621812874,0.8986812214067637,random_forest,LIMA
2019-07-01,0.9259783414620543,0.8953570270363518,random_forest,LIMA
2019-07-08,0.8305166567752446,0.9136570006847684,random_forest,LIMA
2019-07-15,0.9546168468680971,0.9169074166851692,random_forest,LIMA
2019-07-22,0.9737091838054591,0.9606585539640009,random_forest,LIMA
2019-07-29,1.0500785315549068,0.9861050322365652,random_forest,LIMA
2019-08-05,1.0214400261488639,0.9809074420638209,random_forest,LIMA
2019-08-12,1.1741787216477597,0.9918715698340548,random_forest,LIMA
2019-08-19,1.2410019009285265,1.0736183025905364,random_forest,LIMA
2019-08-26,1.2791865748032503,1.2273653495812336,random_forest,LIMA
2019-09-02,1.069170868492269,1.251343835221674,random_forest,LIMA
2019-09-09,0.9450706783994164,1.0979747296542617,random_forest,LIMA
2019-09-16,0.9546168468680972,0.9569581889700733,random_forest,LIMA
2019-09-23,1.0118938576801833,0.9784652205942361,random_forest,LIMA
2019-09-30,1.0023476892115022,0.9999976325981295,random_forest,LIMA
2019-10-07,1.040532363086226,0.984400611358428,random_forest,LIMA
2019-10-14,1.050078531554907,0.9911917441667797,random_forest,LIMA
2019-10-21,1.1359940477730357,1.0308142465393049,random_forest,LIMA
2019-10-28,1.107355542366993,1.096418908151744,random_forest,LIMA
2019-11-04,1.1837248901164408,1.0222005655860675,random_forest,LIMA
2019-11-11,1.1741787216477597,1.087237029395014,random_forest,LIMA
2019-11-18,1.088263205429631,1.1155413997687313,random_forest,LIMA
2019-11-25,1.050078531554907,1.025002903653601,random_forest,LIMA
2019-12-02,1.059624700023588,0.9987304638370027,random_forest,LIMA
2019-12-09,1.0023476892115022,0.9944650357266833,random_forest,LIMA
2019-12-16,0.8782474991186494,1.0231616899359963,random_forest,LIMA
2019-12-23,0.8305166567752446,0.9622791266879152,random_forest,LIMA
2019-12-30,0.7446011405571157,0.908962983490095,random_forest,LIMA
2020-01-06,0.7403277139263612,0.855383847176719,random_forest,LIMA
2020-01-13,0.7257450069285767,0.8429859555732779,random_forest,LIMA
2020-01-20,0.7420901410318823,0.8452260635197866,random_forest,LIMA
2020-01-27,0.72330304885386,0.8323348481069837,random_forest,LIMA
2020-02-03,0.6387611340527594,0.8169097604543727,random_forest,LIMA
2020-02-10,0.6575482262307818,0.747482766979723,random_forest,LIMA
2020-02-17,0.6105804957857259,0.7507959513801694,random_forest,LIMA
2020-02-24,0.6011869496967147,0.7208013999455105,random_forest,LIMA
2020-03-02,0.5917934036077035,0.6957679034603883,random_forest,LIMA
2020-03-09,0.619974041874737,0.6128639606182151,random_forest,LIMA
2020-03-16,0.619974041874737,0.635662773155959,random_forest,LIMA
2020-03-23,0.6857288644978152,0.6415040123783617,random_forest,LIMA
2020-03-30,0.5917934036077036,0.6639898241123032,random_forest,LIMA
2020-04-06,0.5166450348956141,0.6057960250355849,random_forest,LIMA
2020-04-13,0.46967730445055816,0.6027338071429234,random_forest,LIMA
2020-04-20,0.5823998575186923,0.597802322343715,random_forest,LIMA
2020-04-27,0.7326965949428711,0.6058495569011924,random_forest,LIMA
2020-05-04,0.7984514175659494,0.664886845708784,random_forest,LIMA
2020-05-11,1.1084384385033184,0.6941855412265872,random_forest,LIMA
2020-05-18,1.2775222681055194,0.8641510904650285,random_forest,LIMA
2020-05-25,1.5311480125088213,0.9907376360912725,random_forest,LIMA
2020-06-01,1.6062963812209106,1.2907440647483126,random_forest,LIMA
2020-06-08,1.9444640404253128,1.3006306396161218,random_forest,LIMA
2020-06-15,2.094760777849492,1.3362419962592553,random_forest,LIMA
2020-06-22,1.9820382247813573,1.3257493954712123,random_forest,LIMA
2020-06-29,1.9538575865143242,1.5895625201064862,random_forest,LIMA
2020-07-06,1.888102763891246,1.4706160499260421,random_forest,LIMA
2020-07-13,2.1041543239385034,1.4203093077832682,random_forest,LIMA
2020-07-20,2.207483330917626,1.374616475517958,random_forest,LIMA
2020-07-27,2.188696238739604,1.8132836203764287,random_forest,LIMA
2020-08-03,2.3202058839857598,1.8056353867565318,random_forest,LIMA
2020-08-10,2.1793026926505923,1.8091152604683076,random_forest,LIMA
2020-08-17,2.2732381535407042,1.8112374250743093,random_forest,LIMA
2020-08-24,2.16051560047257,2.1388049098680524,random_forest,LIMA
2020-08-31,1.850528579535201,2.1402472401862394,random_forest,LIMA
2020-09-07,1.690838296022011,2.1132557299518164,random_forest,LIMA
2020-09-14,1.4841802820637653,2.114498641518294,random_forest,LIMA
2020-09-21,1.6062963812209103,1.86934263663281,random_forest,LIMA
2020-09-28,1.3902448211736536,1.8020498325317793,random_forest,LIMA
2020-10-05,1.1460126228593628,1.8781551425988199,random_forest,LIMA
2020-10-12,0.8454191480110053,1.626337610761464,random_forest,LIMA
2020-10-19,0.7702707792989157,1.170999903565741,random_forest,LIMA
2020-10-26,0.8548126941000165,1.0799859387119417,random_forest,LIMA
2020-11-02,0.8829933323670499,1.0625436592133446,random_forest,LIMA
2020-11-09,0.939354608901117,1.081281309857557,random_forest,LIMA
2020-11-16,0.8454191480110053,0.9788771662534772,random_forest,LIMA
2020-11-23,0.8360256019219942,0.9427511782614189,random_forest,LIMA
2020-11-30,0.939354608901117,0.9209584769763908,random_forest,LIMA
2020-12-07,1.0332900697912288,0.9729911695816362,random_forest,LIMA
2020-12-14,0.9675352471681506,1.0116857216550748,random_forest,LIMA
2020-12-21,0.8360256019219939,1.0313341725182825,random_forest,LIMA
2020-12-28,0.7608772332099045,0.9548606065684382,random_forest,LIMA
2021-01-04,0.9704247958079323,0.8820619346120246,random_forest,LIMA
2021-01-11,1.0866281700112326,0.9280625388223303,random_forest,LIMA
2021-01-18,1.608756665938719,0.9987917847020411,random_forest,LIMA
2021-01-25,2.1938263315743614,1.2702042355707501,random_forest,LIMA
2021-02-01,2.815878909070664,1.6226233366763405,random_forest,LIMA
2021-02-08,2.815878909070664,2.077252985138481,random_forest,LIMA
2021-02-15,2.8158789090706637,2.088733843925707,random_forest,LIMA
2021-02-22,2.8040443772752552,2.0952672611037833,random_forest,LIMA
2021-03-01,2.896501656926906,2.1142101722900986,random_forest,LIMA
2021-03-08,2.8754213971663316,2.6225174573357037,random_forest,LIMA
2021-03-15,2.8872559289617405,2.5198629759777518,random_forest,LIMA
2021-03-22,2.95456482854814,2.3421913499759373,random_forest,LIMA
2021-03-29,2.889844732791984,2.319028220036431,random_forest,LIMA
2021-04-05,2.889844732791984,2.7260765553196658,random_forest,LIMA
2021-04-12,2.889844732791984,2.5924386980451093,random_forest,LIMA
2021-04-19,2.9756450883087147,2.4857433962943847,random_forest,LIMA
2021-04-26,2.9756450883087147,2.416406507452066,random_forest,LIMA
2021-05-03,2.963810556513305,2.699795982786195,random_forest,LIMA
2021-05-10,2.7947986493100903,2.656045144546616,random_forest,LIMA
2021-05-17,2.699752565828195,2.6444442521098304,random_forest,LIMA
2021-05-24,2.5333294624552245,2.6127111388825317,random_forest,LIMA
2021-05-31,2.228220439604778,2.62074131792392,random_forest,LIMA
2021-06-07,1.7289511294858648,2.4844775211963226,random_forest,LIMA
2021-06-14,1.294401915123107,2.197512818174406,random_forest,LIMA
2021-06-21,0.9985386202378251,1.7525923680498856,random_forest,LIMA
2021-06-28,0.8043783329693591,1.1673690843921585,random_forest,LIMA
2021-07-05,0.6287095016312231,1.089158187612902,random_forest,LIMA
2021-07-12,0.6472009575615532,0.997842631022523,random_forest,LIMA
2021-07-19,0.5917265897705628,0.9481140904885352,random_forest,LIMA
2021-07-26,0.5177607660492424,0.8093360905876792,random_forest,LIMA
2021-08-02,0.4622863982582521,0.8165958768323942,random_forest,LIMA
2021-08-09,0.4622863982582521,0.8020944570036241,random_forest,LIMA
2021-08-16,0.4622863982582521,0.7823624603015302,random_forest,LIMA
2021-08-23,0.4715321262234171,0.6058022335955207,random_forest,LIMA
2021-08-30,0.4530406702930871,0.6012721696058536,random_forest,LIMA
2021-09-06,0.619463773666058,0.5987187444090649,random_forest,LIMA
2021-09-13,0.7211667812828736,0.6120512901152253,random_forest,LIMA
2021-09-20,0.8506069727951844,0.6816401516160815,random_forest,LIMA
2021-09-27,0.785886877039029,0.7505881043031344,random_forest,LIMA
2021-10-04,0.7026753253525436,0.8194451953363473,random_forest,LIMA
2021-10-11,0.7581496931435338,0.8026925590620704,random_forest,LIMA
2021-10-18,0.795132605004194,0.8020582442857076,random_forest,LIMA
2021-10-25,0.8968356126210096,0.8284163690510566,random_forest,LIMA
2021-11-01,0.8598527007603494,0.8762886912177443,random_forest,LIMA
2021-11-08,0.8968356126210096,0.8943919542181145,random_forest,LIMA
2021-11-15,0.8228697888996893,0.900822456014865,random_forest,LIMA
2021-11-22,0.8598527007603495,0.8840806751453603,random_forest,LIMA
2021-11-29,0.8043783329693591,0.9043214472000947,random_forest,LIMA
2021-12-06,0.795132605004194,0.885341197395701,random_forest,LIMA
2021-12-13,0.8228697888996893,0.8757773939963285,random_forest,LIMA
2021-12-20,0.767395421108699,0.8954225683492776,random_forest,LIMA
2021-12-27,0.8598527007603495,0.8726117720521205,random_forest,LIMA
2022-01-03,0.8545528631953753,0.8737098111890154,random_forest,LIMA
2022-01-10,1.2247469008744833,0.8670178308640342,random_forest,LIMA
2022-01-17,1.4655007470412806,1.1061183990482828,random_forest,LIMA
2022-01-24,1.7294729312909525,1.311604718845612,random_forest,LIMA
2022-01-31,1.6839604857306643,1.6006867320604683,random_forest,LIMA
2022-02-07,1.5838331054980301,1.86722670635984,random_forest,LIMA
2022-02-14,1.3380658994724737,1.8608232918671432,random_forest,LIMA
2022-02-21,1.0831962043348595,1.5394313662114225,random_forest,LIMA
2022-02-28,0.9557613567660525,1.231957470674355,random_forest,LIMA
2022-03-07,1.0103762914383982,1.009776596231108,random_forest,LIMA
2022-03-14,1.0558887369986865,0.9640355723044145,random_forest,LIMA
2022-03-21,0.96486384587811,0.9768229431319531,random_forest,LIMA
2022-03-28,0.96486384587811,1.0004737781875126,random_forest,LIMA
2022-04-04,0.9557613567660525,0.9828378239309143,random_forest,LIMA
2022-04-11,1.0285812696625136,0.9736935166108687,random_forest,LIMA
2022-04-18,0.864736465645476,0.9764897721252042,random_forest,LIMA
2022-04-25,0.8283265091972453,0.9514177049980563,random_forest,LIMA
2022-05-02,0.8192240200851876,0.8919925377607008,random_forest,LIMA
2022-05-09,0.8829414438695912,0.869926528762291,random_forest,LIMA
2022-05-16,0.8465314874213606,0.8901321897578831,random_forest,LIMA
2022-05-23,0.7008916616284383,0.8867616927574724,random_forest,LIMA
2022-05-30,0.8192240200851876,0.8448779712162127,random_forest,LIMA
2022-06-06,1.0103762914383982,0.8257813319034812,random_forest,LIMA
2022-06-13,1.2834509648001278,0.9440245325190375,random_forest,LIMA
2022-06-20,1.2470410083518972,1.2576672216146116,random_forest,LIMA
2022-06-27,1.3926808341448196,1.361696480708423,random_forest,LIMA
2022-07-04,1.42909079059305,1.3657121198372941,random_forest,LIMA
2022-07-11,1.3926808341448196,1.3682657179905724,random_forest,LIMA
2022-07-18,1.0649912261107444,1.355947000553471,random_forest,LIMA
2022-07-25,1.0649912261107441,1.1279326408523693,random_forest,LIMA
2022-08-01,1.1833235845674936,1.064785607180219,random_forest,LIMA
2022-08-08,1.3835783450327621,1.2025975198286605,random_forest,LIMA
2022-08-15,1.3107584321363006,1.246511417782246,random_forest,LIMA
2022-08-22,1.2288360301277816,1.2387341516938957,random_forest,LIMA
2022-08-29,1.046786247886629,1.2256842280545501,random_forest,LIMA
2022-09-05,0.9921713132142832,1.0668642524541103,random_forest,LIMA
2022-09-12,0.8920439329816489,1.0196286459944237,random_forest,LIMA
2022-09-19,1.0103762914383985,0.9797850922053113,random_forest,LIMA
2022-09-26,0.9557613567660525,0.9964863778067357,random_forest,LIMA
2022-10-03,1.0012738023263408,1.0124500099509377,random_forest,LIMA
2022-10-10,0.9557613567660525,0.9941499991055689,random_forest,LIMA
2022-10-17,1.0285812696625136,0.9791606791402001,random_forest,LIMA
2022-10-24,1.0649912261107444,0.9898572916291477,random_forest,LIMA
2022-10-31,1.046786247886629,1.0176436638348507,random_forest,LIMA
2022-11-07,0.9921713132142832,1.011337587592135,random_forest,LIMA
2022-11-14,1.0649912261107441,1.001755526902099,random_forest,LIMA
2022-11-21,1.101401182558975,1.0228360332470765,random_forest,LIMA
2022-11-28,1.0376837587745713,1.1006196164585846,random_forest,LIMA
2022-12-05,0.8283265091972454,1.0440306620013264,random_forest,LIMA
2011-12-26,0.8332300932011713,0.5584113932909047,xgboost,LIMA
2012-01-02,0.9807372872715802,0.649783632335531,xgboost,LIMA
2012-01-09,0.9972800910411005,0.6530940457556231,xgboost,LIMA
2012-01-16,0.8934232210382871,0.6518293778069217,xgboost,LIMA
2012-01-23,0.7319611931398015,0.7767572644100529,xgboost,LIMA
2012-01-30,0.7104329227533368,0.7684844860189008,xgboost,LIMA
2012-02-06,0.7211970579465691,0.7235390614691659,xgboost,LIMA
2012-02-13,0.7857818691059633,0.7231547878913258,xgboost,LIMA
2012-02-20,0.7427253283330337,0.687716052736534,xgboost,LIMA
2012-02-27,0.6458481115939424,0.6761922985998199,xgboost,LIMA
2012-03-05,0.6243198412074776,0.6300187567782414,xgboost,LIMA
2012-03-12,0.5704991652413157,0.60399171988001,xgboost,LIMA
2012-03-19,0.6135557060142453,0.6350827866424826,xgboost,LIMA
2012-03-26,0.6889046523668719,0.6405641528098625,xgboost,LIMA
2012-04-02,0.7427253283330337,0.7142248454645297,xgboost,LIMA
2012-04-09,0.8073101394924279,0.727757828239622,xgboost,LIMA
2012-04-16,0.775017733912731,0.7626223654365998,xgboost,LIMA
2012-04-23,0.7427253283330337,0.7367227616719394,xgboost,LIMA
2012-04-30,0.6243198412074776,0.7081688819638952,xgboost,LIMA
2012-05-07,0.5489708948548511,0.6678674542921466,xgboost,LIMA
2012-05-14,0.6996687875601042,0.5906843722992574,xgboost,LIMA
2012-05-21,0.6566122467871748,0.6519063727432826,xgboost,LIMA
2012-05-28,0.7534894635262662,0.6083182852777598,xgboost,LIMA
2012-06-04,0.5597350300480834,0.6863592604133495,xgboost,LIMA
2012-06-11,0.5920274356277805,0.6229517383099945,xgboost,LIMA
2012-06-18,0.6243198412074776,0.6229078210045298,xgboost,LIMA
2012-06-25,0.6458481115939424,0.6390474718016155,xgboost,LIMA
2012-07-02,0.6996687875601042,0.6430825381367156,xgboost,LIMA
2012-07-09,0.63508397640071,0.6921955790826257,xgboost,LIMA
2012-07-16,0.7104329227533367,0.637956046637089,xgboost,LIMA
2012-07-23,0.775017733912731,0.6928182182893259,xgboost,LIMA
2012-07-30,0.7211970579465691,0.6956164627557255,xgboost,LIMA
2012-08-06,0.7211970579465691,0.6947056929600552,xgboost,LIMA
2012-08-13,0.7642535987194985,0.680381908125032,xgboost,LIMA
2012-08-20,0.6781405171736395,0.6795525995845757,xgboost,LIMA
2012-08-27,0.602791570821013,0.6878625264544684,xgboost,LIMA
2012-09-03,0.5274426244683863,0.6509556088323079,xgboost,LIMA
2012-09-10,0.6027915708210129,0.6218739312658996,xgboost,LIMA
2012-09-17,0.6673763819804072,0.6555767490132958,xgboost,LIMA
2012-09-24,0.5597350300480833,0.6863500130729934,xgboost,LIMA
2012-10-01,0.5274426244683863,0.6054353407811082,xgboost,LIMA
2012-10-08,0.4843860836954568,0.5890159846672658,xgboost,LIMA
2012-10-15,0.5059143540819216,0.5234309361949496,xgboost,LIMA
2012-10-22,0.5920274356277805,0.5249978304373542,xgboost,LIMA
2012-10-29,0.5597350300480833,0.5760956172940566,xgboost,LIMA
2012-11-05,0.6027915708210129,0.5660592674685447,xgboost,LIMA
2012-11-12,0.6135557060142453,0.5933731452254061,xgboost,LIMA
2012-11-19,0.5597350300480833,0.589226166121755,xgboost,LIMA
2012-11-26,0.49515021888868915,0.5653005146394057,xgboost,LIMA
2012-12-03,0.40903713734283015,0.53248360072607,xgboost,LIMA
2012-12-10,0.4305654077292949,0.47500412815360255,xgboost,LIMA
2012-12-17,0.41980127253606253,0.4813643609609311,xgboost,LIMA
2012-12-24,0.4520936781157597,0.45587796303854616,xgboost,LIMA
2012-12-31,0.5920274356277805,0.4499197079839476,xgboost,LIMA
2013-01-07,0.6212431596355974,0.5549590255362407,xgboost,LIMA
2013-01-14,0.6496897132504441,0.590746333263634,xgboost,LIMA
2013-01-21,0.49687660196452327,0.6108099734827552,xgboost,LIMA
2013-01-28,0.5708795001294522,0.48329276783627995,xgboost,LIMA
2013-02-04,0.4545892315845638,0.5725032183668786,xgboost,LIMA
2013-02-11,0.5708795001294522,0.46795447216620856,xgboost,LIMA
2013-02-18,0.4863047593695334,0.5353438454179407,xgboost,LIMA
2013-02-25,0.5391639723444827,0.4838621121917619,xgboost,LIMA
2013-03-04,0.3805863334196348,0.5339806691445108,xgboost,LIMA
2013-03-11,0.3805863334196348,0.38780937276660865,xgboost,LIMA
2013-03-18,0.4123018612046044,0.3747890577401782,xgboost,LIMA
2013-03-25,0.4123018612046044,0.4348216167347644,xgboost,LIMA
2013-04-01,0.4017300186096146,0.44187500833455806,xgboost,LIMA
2013-04-08,0.3065834352547058,0.4390402368220947,xgboost,LIMA
2013-04-15,0.34887080563466527,0.34692923800307063,xgboost,LIMA
2013-04-22,0.3594426482296551,0.3598827707548396,xgboost,LIMA
2013-04-29,0.4017300186096145,0.3610565123699763,xgboost,LIMA
2013-05-06,0.370014490824645,0.4049443296771817,xgboost,LIMA
2013-05-13,0.3277271204446855,0.370398037694389,xgboost,LIMA
2013-05-20,0.3382989630396753,0.3783379872730427,xgboost,LIMA
2013-05-27,0.37001449082464494,0.3783379872730427,xgboost,LIMA
2013-06-03,0.3911581760146246,0.3574409448499746,xgboost,LIMA
2013-06-10,0.3805863334196348,0.40917266021512055,xgboost,LIMA
2013-06-17,0.4228737037995942,0.38465459466503515,xgboost,LIMA
2013-06-24,0.3911581760146247,0.4445422898337391,xgboost,LIMA
2013-07-01,0.4651610741795536,0.409018625039916,xgboost,LIMA
2013-07-08,0.5180202871545029,0.4431433028587177,xgboost,LIMA
2013-07-15,0.6660260834843609,0.5045721005448942,xgboost,LIMA
2013-07-22,0.6448823982943812,0.6014335461944578,xgboost,LIMA
2013-07-29,0.7400289816492899,0.5721432484223365,xgboost,LIMA
2013-08-05,0.7294571390543,0.6852303541662037,xgboost,LIMA
2013-08-12,0.8246037224092087,0.6861145245271358,xgboost,LIMA
2013-08-19,0.7928881946242391,0.725709179264699,xgboost,LIMA
2013-08-26,0.7083134538643203,0.7309637572788945,xgboost,LIMA
2013-09-02,0.6977416112693304,0.7353051611624248,xgboost,LIMA
2013-09-09,0.592023185319432,0.6729234753704958,xgboost,LIMA
2013-09-16,0.5814513427244421,0.6002672982651043,xgboost,LIMA
2013-09-23,0.4863047593695334,0.5952229516730023,xgboost,LIMA
2013-09-30,0.4757329167745435,0.5212285457013439,xgboost,LIMA
2013-10-07,0.4757329167745435,0.4964825511754769,xgboost,LIMA
2013-10-14,0.5074484445595131,0.4998474169622566,xgboost,LIMA
2013-10-21,0.444017388989574,0.5525715445450805,xgboost,LIMA
2013-10-28,0.4123018612046043,0.4734283970780488,xgboost,LIMA
2013-11-04,0.2854397500647261,0.44087129223325244,xgboost,LIMA
2013-11-11,0.2854397500647261,0.370416375445889,xgboost,LIMA
2013-11-18,0.296011592659716,0.3608573643541364,xgboost,LIMA
2013-11-25,0.3594426482296551,0.33218673373828506,xgboost,LIMA
2013-12-02,0.3911581760146247,0.38383999746609276,xgboost,LIMA
2013-12-09,0.3911581760146246,0.40130334040677634,xgboost,LIMA
2013-12-16,0.3911581760146246,0.40556901043903804,xgboost,LIMA
2013-12-23,0.4334455463945841,0.38129435041093174,xgboost,LIMA
2013-12-30,0.4651610741795536,0.4344417781511273,xgboost,LIMA
2014-01-06,0.5042941973943833,0.4587632060207033,xgboost,LIMA
2014-01-13,0.5324843901124431,0.5099548526786584,xgboost,LIMA
2014-01-20,0.5712464254254929,0.5332416165001532,xgboost,LIMA
2014-01-27,0.5193149322049935,0.5411793834056684,xgboost,LIMA
2014-02-03,0.4569971403403943,0.5363669881986703,xgboost,LIMA
2014-02-10,0.34274785525529566,0.4906468970216893,xgboost,LIMA
2014-02-17,0.37390675118759537,0.3840487784247002,xgboost,LIMA
2014-02-24,0.49854233491679373,0.3666111478176672,xgboost,LIMA
2014-03-03,0.560860126781393,0.4897671470666809,xgboost,LIMA
2014-03-10,0.5089286335608937,0.5645422693055868,xgboost,LIMA
2014-03-17,0.40506564711989496,0.5273477346536499,xgboost,LIMA
2014-03-24,0.3842930498316952,0.41583250718480463,xgboost,LIMA
2014-03-31,0.4673834389844942,0.4137879024749853,xgboost,LIMA
2014-04-07,0.4569971403403943,0.45405856089969243,xgboost,LIMA
2014-04-14,0.5400875294931934,0.463346912843741,xgboost,LIMA
2014-04-21,0.5816327240695928,0.5172681122382603,xgboost,LIMA
2014-04-28,0.5816327240695928,0.5267768571845597,xgboost,LIMA
2014-05-05,0.5297012308490935,0.5242568367567912,xgboost,LIMA
2014-05-12,0.3946793484757951,0.5286451076928937,xgboost,LIMA
2014-05-19,0.3427478552552958,0.42948302525212406,xgboost,LIMA
2014-05-26,0.3427478552552958,0.391172240116627,xgboost,LIMA
2014-06-02,0.3946793484757951,0.38638017189915774,xgboost,LIMA
2014-06-09,0.5297012308490934,0.39101358111852025,xgboost,LIMA
2014-06-16,0.6543368145782918,0.5083014626352083,xgboost,LIMA
2014-06-23,0.6958820091546913,0.6322451154286812,xgboost,LIMA
2014-06-30,0.7062683077987911,0.6551179502992166,xgboost,LIMA
2014-07-07,0.6543368145782918,0.7163956145565491,xgboost,LIMA
2014-07-14,0.6751094118664915,0.6714378980556326,xgboost,LIMA
2014-07-21,0.5920190227136927,0.6718491029117726,xgboost,LIMA
2014-07-28,0.571246425425493,0.6107852986503837,xgboost,LIMA
2014-08-04,0.6751094118664916,0.5773279683996908,xgboost,LIMA
2014-08-11,0.716654606442891,0.647285167979506,xgboost,LIMA
2014-08-18,0.7478135023751906,0.7094708764938238,xgboost,LIMA
2014-08-25,0.6647231132223917,0.7146781570756651,xgboost,LIMA
2014-09-01,0.643950515934192,0.6645379729653731,xgboost,LIMA
2014-09-08,0.5400875294931932,0.6419701733831789,xgboost,LIMA
2014-09-15,0.4569971403403943,0.5936222299172376,xgboost,LIMA
2014-09-22,0.41545194576399486,0.4821321186842983,xgboost,LIMA
2014-09-29,0.44661084169629445,0.43645593210577305,xgboost,LIMA
2014-10-06,0.45699714034039435,0.44388922899980104,xgboost,LIMA
2014-10-13,0.5504738281372932,0.46256643809672504,xgboost,LIMA
2014-10-20,0.49854233491679373,0.5545017959344236,xgboost,LIMA
2014-10-27,0.44661084169629445,0.5125799663690436,xgboost,LIMA
2014-11-03,0.3427478552552958,0.46283723105100366,xgboost,LIMA
2014-11-10,0.37390675118759537,0.3897206070137406,xgboost,LIMA
2014-11-17,0.3946793484757951,0.4113936358820596,xgboost,LIMA
2014-11-24,0.405065647119895,0.40770346101879884,xgboost,LIMA
2014-12-01,0.3427478552552958,0.41264795904098717,xgboost,LIMA
2014-12-08,0.35313415389939556,0.38143905570520725,xgboost,LIMA
2014-12-15,0.39467934847579506,0.3832855733898954,xgboost,LIMA
2014-12-22,0.41545194576399486,0.4160759516254471,xgboost,LIMA
2014-12-29,0.4777697376285941,0.44882800501257136,xgboost,LIMA
2015-01-05,0.42368852351371517,0.4810067603861774,xgboost,LIMA
2015-01-12,0.48314002085247504,0.456472333837495,xgboost,LIMA
2015-01-19,0.3878718989769266,0.4664993765663069,xgboost,LIMA
2015-01-26,0.4184933646856313,0.4121589237022898,xgboost,LIMA
2015-02-02,0.3572504332682218,0.4479652976772794,xgboost,LIMA
2015-02-09,0.3674575885044568,0.39096234314432354,xgboost,LIMA
2015-02-16,0.3776647437406917,0.37862408187569657,xgboost,LIMA
2015-02-23,0.42870051992186625,0.40116782896468833,xgboost,LIMA
2015-03-02,0.47973629610304086,0.43224228430466216,xgboost,LIMA
2015-03-09,0.4899434513392757,0.44837012685312677,xgboost,LIMA
2015-03-16,0.571600693229155,0.4817640434552452,xgboost,LIMA
2015-03-23,0.5818078484653899,0.5325833963564395,xgboost,LIMA
2015-03-30,0.6226364694103296,0.5492352098604696,xgboost,LIMA
2015-04-06,0.8880225055524372,0.5902873958518546,xgboost,LIMA
2015-04-13,0.8778153503162024,0.78282854757342,xgboost,LIMA
2015-04-20,0.8267795741350278,0.7628168431130036,xgboost,LIMA
2015-04-27,0.4389076751581012,0.7609711683408025,xgboost,LIMA
2015-05-04,0.45932198563057103,0.5142806928612496,xgboost,LIMA
2015-05-11,0.5001506065755107,0.488995434330171,xgboost,LIMA
2015-05-18,0.6124293141740947,0.5219908372036515,xgboost,LIMA
2015-05-25,0.7145008665364437,0.6029028100327998,xgboost,LIMA
2015-06-01,0.694086556063974,0.6472941029158401,xgboost,LIMA
2015-06-08,0.6430507798827994,0.6472407394827566,xgboost,LIMA
2015-06-15,0.5001506065755107,0.6361044223310817,xgboost,LIMA
2015-06-22,0.571600693229155,0.5491407472689656,xgboost,LIMA
2015-06-29,0.5307720722842154,0.6085887382150019,xgboost,LIMA
2015-07-06,0.5818078484653899,0.5527984240960315,xgboost,LIMA
2015-07-13,0.47973629610304086,0.5822118454686365,xgboost,LIMA
2015-07-20,0.5818078484653899,0.4730664783137004,xgboost,LIMA
2015-07-27,0.6736722455915042,0.5617967658601108,xgboost,LIMA
2015-08-03,0.7757437979538532,0.6328202943331387,xgboost,LIMA
2015-08-10,0.7042937113002088,0.6979106084696693,xgboost,LIMA
2015-08-17,0.6226364694103296,0.6761978935045634,xgboost,LIMA
2015-08-24,0.48994345133927575,0.6179314997516057,xgboost,LIMA
2015-08-31,0.5511863827566852,0.5482030360938219,xgboost,LIMA
2015-09-07,0.6124293141740947,0.5714553550204349,xgboost,LIMA
2015-09-14,0.7349151770089136,0.6160374444320451,xgboost,LIMA
2015-09-21,0.6634650903552692,0.7150565535225821,xgboost,LIMA
2015-09-28,0.6124293141740947,0.6790799507613727,xgboost,LIMA
2015-10-05,0.5511863827566852,0.6253649522653264,xgboost,LIMA
2015-10-12,0.5613935379929201,0.5757442171341094,xgboost,LIMA
2015-10-19,0.5307720722842154,0.5566713088050825,xgboost,LIMA
2015-10-26,0.5103577618117455,0.5317783656436379,xgboost,LIMA
2015-11-02,0.5409792275204502,0.5040744617152972,xgboost,LIMA
2015-11-09,0.5613935379929201,0.5305017324206367,xgboost,LIMA
2015-11-16,0.7349151770089136,0.5401277450449029,xgboost,LIMA
2015-11-23,0.7655366427176183,0.7134890314094482,xgboost,LIMA
2015-11-30,0.8574010398437325,0.717170239293832,xgboost,LIMA
2015-12-07,0.806365263662558,0.7528296664719014,xgboost,LIMA
2015-12-14,0.9186439712611421,0.724106435050692,xgboost,LIMA
2015-12-21,0.8574010398437326,0.7723482838149258,xgboost,LIMA
2015-12-28,0.5716006932291551,0.7681702870525529,xgboost,LIMA
2016-01-04,0.6060257818948587,0.628512213124047,xgboost,LIMA
2016-01-11,0.6321474681641002,0.682514434128721,xgboost,LIMA
2016-01-18,0.9331700720517669,0.6359815524721517,xgboost,LIMA
2016-01-25,0.8729655512742337,0.7733713873174126,xgboost,LIMA
2016-02-01,0.7625905965154226,0.7360208529978789,xgboost,LIMA
2016-02-08,0.6923519889416337,0.7130721796864123,xgboost,LIMA
2016-02-15,0.6622497285528669,0.6775236128534503,xgboost,LIMA
2016-02-22,0.752556509719167,0.6682151365529563,xgboost,LIMA
2016-02-29,0.8328292040892116,0.7312737181612134,xgboost,LIMA
2016-03-07,0.9331700720517672,0.7457677177251645,xgboost,LIMA
2016-03-14,0.9432041588480228,0.7658822511051075,xgboost,LIMA
2016-03-21,0.8729655512742337,0.7047748003656158,xgboost,LIMA
2016-03-28,0.7926928569041892,0.7137870782267124,xgboost,LIMA
2016-04-04,0.822795117292956,0.7083220182861114,xgboost,LIMA
2016-04-11,0.9432041588480226,0.763352687030606,xgboost,LIMA
2016-04-18,0.9131018984592559,0.7861261229925056,xgboost,LIMA
2016-04-25,0.9432041588480224,0.7496227632548271,xgboost,LIMA
2016-05-02,0.8528973776817225,0.7268539823216549,xgboost,LIMA
2016-05-09,0.9231359852555115,0.7194564460624062,xgboost,LIMA
2016-05-16,1.0134427664218115,0.7614981567243311,xgboost,LIMA
2016-05-23,1.0636132004030894,0.7967940953323509,xgboost,LIMA
2016-05-30,1.0234768532180671,0.795607100106076,xgboost,LIMA
2016-06-06,0.9331700720517672,0.8957550542036883,xgboost,LIMA
2016-06-13,1.053579113606834,0.8902281399337371,xgboost,LIMA
2016-06-20,1.0335109400143228,0.8918150356005614,xgboost,LIMA
2016-06-27,1.073647287199345,0.8902281399337371,xgboost,LIMA
2016-07-04,0.9432041588480228,0.9345647516981419,xgboost,LIMA
2016-07-11,0.9833405060330449,0.9289478007077723,xgboost,LIMA
2016-07-18,0.9532382456442782,0.9343902969797702,xgboost,LIMA
2016-07-25,1.003408679625556,0.9360566185162746,xgboost,LIMA
2016-08-01,1.0234768532180671,0.9240365000999546,xgboost,LIMA
2016-08-08,0.9632723324405338,0.9195444020060732,xgboost,LIMA
2016-08-15,0.8528973776817225,0.9177850674293038,xgboost,LIMA
2016-08-22,0.8629314644779781,0.9149795806396945,xgboost,LIMA
2016-08-29,0.8528973776817227,0.8927224150849575,xgboost,LIMA
2016-09-05,1.0134427664218115,0.8748978264232099,xgboost,LIMA
2016-09-12,1.1137836343843672,0.9195682002161354,xgboost,LIMA
2016-09-19,1.1137836343843672,0.9172520048285178,xgboost,LIMA
2016-09-26,1.1137836343843672,0.9767611547016668,xgboost,LIMA
2016-10-03,0.9833405060330449,0.9718032157138865,xgboost,LIMA
2016-10-10,1.093715460791856,0.9718032157138865,xgboost,LIMA
2016-10-17,1.0234768532180671,0.9753536574742125,xgboost,LIMA
2016-10-24,0.9231359852555115,0.97888902498886,xgboost,LIMA
2016-10-31,0.8729655512742336,0.97888902498886,xgboost,LIMA
2016-11-07,0.8027269437004447,0.912448451051741,xgboost,LIMA
2016-11-14,0.9131018984592559,0.839272389297548,xgboost,LIMA
2016-11-21,0.9532382456442781,0.9189415361692188,xgboost,LIMA
2016-11-28,0.9733064192367892,0.9311069598985986,xgboost,LIMA
2016-12-05,1.0636132004030892,0.9151473762567695,xgboost,LIMA
2016-12-12,0.9733064192367892,0.9476208913936586,xgboost,LIMA
2016-12-19,1.093715460791856,0.9785137405685409,xgboost,LIMA
2016-12-26,1.0636132004030892,0.9848682466273937,xgboost,LIMA
2017-01-02,1.0099295224056042,0.9796923161899185,xgboost,LIMA
2017-01-09,1.0425374895558965,0.9596345136127862,xgboost,LIMA
2017-01-16,0.986678946215045,0.9614578435275571,xgboost,LIMA
2017-01-23,1.1248139986851515,0.9562479277741107,xgboost,LIMA
2017-01-30,0.9472117883664434,0.9112682125596292,xgboost,LIMA
2017-02-06,0.9373449989042929,0.9145359633299803,xgboost,LIMA
2017-02-13,0.9472117883664432,0.932205008742125,xgboost,LIMA
2017-02-20,1.0853468408365494,0.9344869196586125,xgboost,LIMA
2017-02-27,1.0754800513743992,0.9681343336692048,xgboost,LIMA
2017-03-06,1.0754800513743992,0.956626336115123,xgboost,LIMA
2017-03-13,0.9669453672907441,0.9951688121842925,xgboost,LIMA
2017-03-20,1.1149472092230008,0.9777552512544445,xgboost,LIMA
2017-03-27,1.1445475776094522,0.9959597957686785,xgboost,LIMA
2017-04-03,1.1840147354580541,0.9340516944935193,xgboost,LIMA
2017-04-10,0.986678946215045,0.9885287351361216,xgboost,LIMA
2017-04-17,0.917611419979992,0.9720646167129103,xgboost,LIMA
2017-04-24,0.7893431569720359,0.9368604167700041,xgboost,LIMA
2017-05-01,0.7893431569720359,0.8672463581929504,xgboost,LIMA
2017-05-08,0.769609578047735,0.8053587706709957,xgboost,LIMA
2017-05-15,0.8682774726692396,0.8091172201164034,xgboost,LIMA
2017-05-22,0.9570785778285936,0.8219657147555166,xgboost,LIMA
2017-05-29,0.986678946215045,0.9249838878769951,xgboost,LIMA
2017-06-05,1.026146104063647,0.991149401025682,xgboost,LIMA
2017-06-12,0.9965457356771955,1.0041978282736501,xgboost,LIMA
2017-06-19,1.036012893525797,0.9981073795225024,xgboost,LIMA
2017-06-26,0.9176114199799917,0.9981073795225024,xgboost,LIMA
2017-07-03,0.8978778410556908,0.9405008405792443,xgboost,LIMA
2017-07-10,0.8288103148206378,0.9371697209691321,xgboost,LIMA
2017-07-17,0.9570785778285936,0.88597324563051,xgboost,LIMA
2017-07-24,1.075480051374399,0.9728112813123639,xgboost,LIMA
2017-07-31,0.9768121567528946,1.003699505202972,xgboost,LIMA
2017-08-07,0.8880110515935405,1.0058566121999917,xgboost,LIMA
2017-08-14,0.8781442621313899,0.9112448590074169,xgboost,LIMA
2017-08-21,0.8880110515935403,0.9059791541424664,xgboost,LIMA
2017-08-28,0.9965457356771954,0.9009342732346215,xgboost,LIMA
2017-09-04,0.9176114199799917,0.9818194435546701,xgboost,LIMA
2017-09-11,0.9373449989042927,0.9122822596713378,xgboost,LIMA
2017-09-18,0.8584106832070889,0.9452131061424529,xgboost,LIMA
2017-09-25,0.9176114199799917,0.8781377607140322,xgboost,LIMA
2017-10-02,0.9965457356771953,0.9076167947572753,xgboost,LIMA
2017-10-09,1.1445475776094522,0.9553623069879884,xgboost,LIMA
2017-10-16,1.2629490511552577,0.974224615749864,xgboost,LIMA
2017-10-23,1.3418833668524612,0.9839469644217043,xgboost,LIMA
2017-10-30,1.3320165773903108,0.9493213828565432,xgboost,LIMA
2017-11-06,1.1544143670716025,0.9289402124223003,xgboost,LIMA
2017-11-13,1.2826826300795586,0.9277146363413797,xgboost,LIMA
2017-11-20,1.3813505247010631,1.1247514644031469,xgboost,LIMA
2017-11-27,1.4997519982468688,1.1124398852572113,xgboost,LIMA
2017-12-04,1.3024162090038596,1.0994027634870691,xgboost,LIMA
2017-12-11,1.1741479459959037,1.096197273922197,xgboost,LIMA
2017-12-18,1.1544143670716025,1.209560115018038,xgboost,LIMA
2017-12-25,1.0162793146014961,1.2158739952055857,xgboost,LIMA
2018-01-01,0.9901903675674907,1.0635756220731856,xgboost,LIMA
2018-01-08,0.8568704017031029,1.0625349466416187,xgboost,LIMA
2018-01-15,1.086829106215032,0.843173289264606,xgboost,LIMA
2018-01-22,1.0091984557711011,0.9830984480620408,xgboost,LIMA
2018-01-29,1.0965329375205233,0.975921129248621,xgboost,LIMA
2018-02-05,1.1353482627424887,0.9829945513325218,xgboost,LIMA
2018-02-12,1.1644597566589627,1.0650769980180894,xgboost,LIMA
2018-02-19,1.1256444314369973,1.1298607601640347,xgboost,LIMA
2018-02-26,0.9024563114106959,1.0565214319005953,xgboost,LIMA
2018-03-05,0.7860103357447996,0.9189331866058956,xgboost,LIMA
2018-03-12,0.6307490348569379,0.8379294838432034,xgboost,LIMA
2018-03-19,0.71808351660636,0.7347088732942311,xgboost,LIMA
2018-03-26,0.8345294922722566,0.8343360649903364,xgboost,LIMA
2018-04-02,0.9412716366326616,0.8814007875967249,xgboost,LIMA
2018-04-09,1.0189022870765925,0.9095882826999231,xgboost,LIMA
2018-04-16,0.9897907931601182,0.9611777423818169,xgboost,LIMA
2018-04-23,1.0189022870765923,0.9706801969889849,xgboost,LIMA
2018-04-30,0.8927524801052047,0.9750799303529489,xgboost,LIMA
2018-05-07,1.0480137809930665,0.8892836684000447,xgboost,LIMA
2018-05-14,0.9509754679381528,0.9704811094762302,xgboost,LIMA
2018-05-21,1.038309949687575,0.9694134275632023,xgboost,LIMA
2018-05-28,0.9412716366326613,0.9862332729560439,xgboost,LIMA
2018-06-04,1.1838674192699452,0.939300978153039,xgboost,LIMA
2018-06-11,1.232386575797402,1.084947084754328,xgboost,LIMA
2018-06-18,1.329424888852316,1.077997442929536,xgboost,LIMA
2018-06-25,1.4652785271291948,1.1046664873693275,xgboost,LIMA
2018-07-02,1.4943900210456686,1.2497194050068403,xgboost,LIMA
2018-07-09,1.35853638276879,1.2459523831596626,xgboost,LIMA
2018-07-16,1.1644597566589627,1.2421085432946812,xgboost,LIMA
2018-07-23,1.14505209404798,1.167484716682802,xgboost,LIMA
2018-07-30,1.2032750818809281,1.1321808842235441,xgboost,LIMA
2018-08-06,1.2614980697138762,1.1419259449160344,xgboost,LIMA
2018-08-13,1.2420904071028935,1.1683266962702277,xgboost,LIMA
2018-08-20,1.3100172262413332,1.1544545745006012,xgboost,LIMA
2018-08-27,1.2226827444919108,1.2202251595632632,xgboost,LIMA
2018-09-03,1.2129789131864195,1.199078814088629,xgboost,LIMA
2018-09-10,1.2226827444919108,1.1973321431455108,xgboost,LIMA
2018-09-17,1.2323865757974022,1.2035662932141982,xgboost,LIMA
2018-09-24,1.2712019010193676,1.2062766409673729,xgboost,LIMA
2018-10-01,1.1935712505754366,1.2119980415239753,xgboost,LIMA
2018-10-08,1.038309949687575,1.1117093487438674,xgboost,LIMA
2018-10-15,0.8927524801052046,1.014326864077995,xgboost,LIMA
2018-10-22,0.8830486487997131,0.8851066299652879,xgboost,LIMA
2018-10-29,1.1353482627424885,0.8861203996809557,xgboost,LIMA
2018-11-05,1.2129789131864193,1.0788346459218747,xgboost,LIMA
2018-11-12,1.0771252749095404,1.1182346989584842,xgboost,LIMA
2018-11-19,0.9218639740216785,0.9953720590860162,xgboost,LIMA
2018-11-26,0.8539371548832392,0.9235620065206955,xgboost,LIMA
2018-12-03,0.9121601427161873,0.9173320004846306,xgboost,LIMA
2018-12-10,0.93156780532717,0.9529543800515958,xgboost,LIMA
2018-12-17,0.8830486487997132,0.9474174010732002,xgboost,LIMA
2018-12-24,0.9218639740216786,0.9334176516141066,xgboost,LIMA
2018-12-31,0.8054179983557823,0.9415219495747926,xgboost,LIMA
2019-01-07,0.8875496064904621,0.8764749835961569,xgboost,LIMA
2019-01-14,0.9585584177883568,0.9384405914979379,xgboost,LIMA
2019-01-21,1.1550863847103978,0.9838408948059563,xgboost,LIMA
2019-01-28,1.2219095639911648,1.0903645640680804,xgboost,LIMA
2019-02-04,1.1741787216477597,1.0962578721986254,xgboost,LIMA
2019-02-11,1.2696404063345696,1.1184448004044323,xgboost,LIMA
2019-02-18,1.3078250802092934,1.134777726006519,xgboost,LIMA
2019-02-25,1.3937405964274223,1.168475976314213,xgboost,LIMA
2019-03-04,1.2696404063345694,1.2402136598806397,xgboost,LIMA
2019-03-11,1.2696404063345694,1.2708969210857264,xgboost,LIMA
2019-03-18,1.097809373898312,1.258589175630644,xgboost,LIMA
2019-03-25,0.9450706783994162,1.0807321742394311,xgboost,LIMA
2019-04-01,0.7636934774944777,0.9989121573720081,xgboost,LIMA
2019-04-08,0.8114243198378825,0.8148425314720202,xgboost,LIMA
2019-04-15,0.7350549720884348,0.8852083195134361,xgboost,LIMA
2019-04-22,0.7827858144318397,0.8410805144577984,xgboost,LIMA
2019-04-29,0.7255088036197538,0.8611436120800424,xgboost,LIMA
2019-05-06,0.8496089937126065,0.8098498697737055,xgboost,LIMA
2019-05-13,0.7541473090257967,0.915326488616341,xgboost,LIMA
2019-05-20,0.8018781513692016,0.7945827204828553,xgboost,LIMA
2019-05-27,0.7159626351510727,0.8142441087003851,xgboost,LIMA
2019-06-03,0.8400628252439256,0.7797820956986992,xgboost,LIMA
2019-06-10,0.7923319829005205,0.8564006325903966,xgboost,LIMA
2019-06-17,0.9450706783994164,0.7778570894657801,xgboost,LIMA
2019-06-24,0.8591551621812874,0.9066822728435289,xgboost,LIMA
2019-07-01,0.9259783414620543,0.8905973837105827,xgboost,LIMA
2019-07-08,0.8305166567752446,0.9220990146701009,xgboost,LIMA
2019-07-15,0.9546168468680971,0.8971865733094246,xgboost,LIMA
2019-07-22,0.9737091838054591,0.9850836960345088,xgboost,LIMA
2019-07-29,1.0500785315549068,0.991696480366852,xgboost,LIMA
2019-08-05,1.0214400261488639,0.9860398351933786,xgboost,LIMA
2019-08-12,1.1741787216477597,0.9902567583478057,xgboost,LIMA
2019-08-19,1.2410019009285265,1.1470317483498689,xgboost,LIMA
2019-08-26,1.2791865748032503,1.2249627975459525,xgboost,LIMA
2019-09-02,1.069170868492269,1.2604416661077975,xgboost,LIMA
2019-09-09,0.9450706783994164,1.0104586636411854,xgboost,LIMA
2019-09-16,0.9546168468680972,0.9177387728845101,xgboost,LIMA
2019-09-23,1.0118938576801833,0.9712475011448971,xgboost,LIMA
2019-09-30,1.0023476892115022,0.991828970000441,xgboost,LIMA
2019-10-07,1.040532363086226,0.9806823380716172,xgboost,LIMA
2019-10-14,1.050078531554907,0.9837068082240847,xgboost,LIMA
2019-10-21,1.1359940477730357,0.9983541626689105,xgboost,LIMA
2019-10-28,1.107355542366993,1.132696923470304,xgboost,LIMA
2019-11-04,1.1837248901164408,1.0080584111310333,xgboost,LIMA
2019-11-11,1.1741787216477597,1.1256286624424554,xgboost,LIMA
2019-11-18,1.088263205429631,1.1574910421163622,xgboost,LIMA
2019-11-25,1.050078531554907,1.0136561824502155,xgboost,LIMA
2019-12-02,1.059624700023588,0.9707398684324795,xgboost,LIMA
2019-12-09,1.0023476892115022,0.9694389005306834,xgboost,LIMA
2019-12-16,0.8782474991186494,1.0146039890907042,xgboost,LIMA
2019-12-23,0.8305166567752446,0.9200793608745566,xgboost,LIMA
2019-12-30,0.7446011405571157,0.8954745063767504,xgboost,LIMA
2020-01-06,0.7403277139263612,0.8384643805364107,xgboost,LIMA
2020-01-13,0.7257450069285767,0.8226092692807723,xgboost,LIMA
2020-01-20,0.7420901410318823,0.8446509716922206,xgboost,LIMA
2020-01-27,0.72330304885386,0.8377579379055973,xgboost,LIMA
2020-02-03,0.6387611340527594,0.832876696242393,xgboost,LIMA
2020-02-10,0.6575482262307818,0.707679222974221,xgboost,LIMA
2020-02-17,0.6105804957857259,0.7445747088334842,xgboost,LIMA
2020-02-24,0.6011869496967147,0.7042184611334619,xgboost,LIMA
2020-03-02,0.5917934036077035,0.6783894340541334,xgboost,LIMA
2020-03-09,0.619974041874737,0.6290154370928087,xgboost,LIMA
2020-03-16,0.619974041874737,0.6554661323570927,xgboost,LIMA
2020-03-23,0.6857288644978152,0.6517354527824262,xgboost,LIMA
2020-03-30,0.5917934036077036,0.6983947331402611,xgboost,LIMA
2020-04-06,0.5166450348956141,0.6120337238825435,xgboost,LIMA
2020-04-13,0.46967730445055816,0.6154147377341264,xgboost,LIMA
2020-04-20,0.5823998575186923,0.6183547655125678,xgboost,LIMA
2020-04-27,0.7326965949428711,0.6293843984902892,xgboost,LIMA
2020-05-04,0.7984514175659494,0.7097473329387423,xgboost,LIMA
2020-05-11,1.1084384385033184,0.7385466485640027,xgboost,LIMA
2020-05-18,1.2775222681055194,0.9447621372919246,xgboost,LIMA
2020-05-25,1.5311480125088213,1.113854845678338,xgboost,LIMA
2020-06-01,1.6062963812209106,1.3244642614556108,xgboost,LIMA
2020-06-08,1.9444640404253128,1.3297520266305476,xgboost,LIMA
2020-06-15,2.094760777849492,1.3284602549751892,xgboost,LIMA
2020-06-22,1.9820382247813573,1.2755995844460721,xgboost,LIMA
2020-06-29,1.9538575865143242,1.6204054999407531,xgboost,LIMA
2020-07-06,1.888102763891246,1.4777701038414026,xgboost,LIMA
2020-07-13,2.1041543239385034,1.4224128169964998,xgboost,LIMA
2020-07-20,2.207483330917626,1.3403960340949288,xgboost,LIMA
2020-07-27,2.188696238739604,1.6962248246375107,xgboost,LIMA
2020-08-03,2.3202058839857598,1.650393711926803,xgboost,LIMA
2020-08-10,2.1793026926505923,1.6120144689983742,xgboost,LIMA
2020-08-17,2.2732381535407042,1.6120144689983742,xgboost,LIMA
2020-08-24,2.16051560047257,1.9641630048587517,xgboost,LIMA
2020-08-31,1.850528579535201,1.945207678660064,xgboost,LIMA
2020-09-07,1.690838296022011,1.9183387218553745,xgboost,LIMA
2020-09-14,1.4841802820637653,1.9269432975942933,xgboost,LIMA
2020-09-21,1.6062963812209103,1.414013401440891,xgboost,LIMA
2020-09-28,1.3902448211736536,1.5700649278871666,xgboost,LIMA
2020-10-05,1.1460126228593628,1.3943060184628253,xgboost,LIMA
2020-10-12,0.8454191480110053,1.2770732072886277,xgboost,LIMA
2020-10-19,0.7702707792989157,0.947495521197431,xgboost,LIMA
2020-10-26,0.8548126941000165,0.8581308995085661,xgboost,LIMA
2020-11-02,0.8829933323670499,0.938303450294782,xgboost,LIMA
2020-11-09,0.939354608901117,0.9237200051603125,xgboost,LIMA
2020-11-16,0.8454191480110053,0.9323350382330544,xgboost,LIMA
2020-11-23,0.8360256019219942,0.92027221147605,xgboost,LIMA
2020-11-30,0.939354608901117,0.9128674131651449,xgboost,LIMA
2020-12-07,1.0332900697912288,0.9504449017893224,xgboost,LIMA
2020-12-14,0.9675352471681506,1.0035257423828599,xgboost,LIMA
2020-12-21,0.8360256019219939,1.0158422716876214,xgboost,LIMA
2020-12-28,0.7608772332099045,0.9150119971505168,xgboost,LIMA
2021-01-04,0.9704247958079323,0.7978066639694315,xgboost,LIMA
2021-01-11,1.0866281700112326,0.9487363448332726,xgboost,LIMA
2021-01-18,1.608756665938719,1.0268403829266526,xgboost,LIMA
2021-01-25,2.1938263315743614,1.436174304157582,xgboost,LIMA
2021-02-01,2.815878909070664,1.8014731581161367,xgboost,LIMA
2021-02-08,2.815878909070664,2.1472860894430235,xgboost,LIMA
2021-02-15,2.8158789090706637,2.2103146730798313,xgboost,LIMA
2021-02-22,2.8040443772752552,2.10169084971038,xgboost,LIMA
2021-03-01,2.896501656926906,2.0738900543847425,xgboost,LIMA
2021-03-08,2.8754213971663316,2.461522898410303,xgboost,LIMA
2021-03-15,2.8872559289617405,2.4534601282423507,xgboost,LIMA
2021-03-22,2.95456482854814,2.2181880179331914,xgboost,LIMA
2021-03-29,2.889844732791984,2.1216473459061507,xgboost,LIMA
2021-04-05,2.889844732791984,2.524478089578304,xgboost,LIMA
2021-04-12,2.889844732791984,2.2569514389666394,xgboost,LIMA
2021-04-19,2.9756450883087147,2.0789143326300867,xgboost,LIMA
2021-04-26,2.9756450883087147,2.03840955152282,xgboost,LIMA
2021-05-03,2.963810556513305,2.220658442861522,xgboost,LIMA
2021-05-10,2.7947986493100903,2.2053797351253457,xgboost,LIMA
2021-05-17,2.699752565828195,2.1944296020665077,xgboost,LIMA
2021-05-24,2.5333294624552245,2.1944296020665077,xgboost,LIMA
2021-05-31,2.228220439604778,2.287555568940554,xgboost,LIMA
2021-06-07,1.7289511294858648,2.2242198478378454,xgboost,LIMA
2021-06-14,1.294401915123107,2.019100716586209,xgboost,LIMA
2021-06-21,0.9985386202378251,1.523150803918862,xgboost,LIMA
2021-06-28,0.8043783329693591,0.9994283577659038,xgboost,LIMA
2021-07-05,0.6287095016312231,0.9095782665370409,xgboost,LIMA
2021-07-12,0.6472009575615532,0.8184204155724524,xgboost,LIMA
2021-07-19,0.5917265897705628,0.7841066279110496,xgboost,LIMA
2021-07-26,0.5177607660492424,0.6968600379439331,xgboost,LIMA
2021-08-02,0.4622863982582521,0.7167698875991426,xgboost,LIMA
2021-08-09,0.4622863982582521,0.7188479824328244,xgboost,LIMA
2021-08-16,0.4622863982582521,0.735899584643485,xgboost,LIMA
2021-08-23,0.4715321262234171,0.5981130854999253,xgboost,LIMA
2021-08-30,0.4530406702930871,0.6132988387963243,xgboost,LIMA
2021-09-06,0.619463773666058,0.6183618072145345,xgboost,LIMA
2021-09-13,0.7211667812828736,0.6286695176193391,xgboost,LIMA
2021-09-20,0.8506069727951844,0.7851547139281321,xgboost,LIMA
2021-09-27,0.785886877039029,0.941914176896294,xgboost,LIMA
2021-10-04,0.7026753253525436,0.8985101971487688,xgboost,LIMA
2021-10-11,0.7581496931435338,0.8356231700293071,xgboost,LIMA
2021-10-18,0.795132605004194,0.8084848972029355,xgboost,LIMA
2021-10-25,0.8968356126210096,0.8480927475397253,xgboost,LIMA
2021-11-01,0.8598527007603494,0.9120636567917009,xgboost,LIMA
2021-11-08,0.8968356126210096,0.9385869862853304,xgboost,LIMA
2021-11-15,0.8228697888996893,0.9252090169589202,xgboost,LIMA
2021-11-22,0.8598527007603495,0.8857839520338986,xgboost,LIMA
2021-11-29,0.8043783329693591,0.9244818599476599,xgboost,LIMA
2021-12-06,0.795132605004194,0.8781391040633215,xgboost,LIMA
2021-12-13,0.8228697888996893,0.863992770172543,xgboost,LIMA
2021-12-20,0.767395421108699,0.8719026808460413,xgboost,LIMA
2021-12-27,0.8598527007603495,0.8331941983235778,xgboost,LIMA
2022-01-03,0.8545528631953753,0.8924651014546172,xgboost,LIMA
2022-01-10,1.2247469008744833,0.8906573348821634,xgboost,LIMA
2022-01-17,1.4655007470412806,1.204094485850801,xgboost,LIMA
2022-01-24,1.7294729312909525,1.4895691740166437,xgboost,LIMA
2022-01-31,1.6839604857306643,1.8064837183431157,xgboost,LIMA
2022-02-07,1.5838331054980301,1.9256878080645543,xgboost,LIMA
2022-02-14,1.3380658994724737,1.8984053446951097,xgboost,LIMA
2022-02-21,1.0831962043348595,1.4522577585151621,xgboost,LIMA
2022-02-28,0.9557613567660525,1.061682188410598,xgboost,LIMA
2022-03-07,1.0103762914383982,0.9428059815572964,xgboost,LIMA
2022-03-14,1.0558887369986865,0.9408825655686286,xgboost,LIMA
2022-03-21,0.96486384587811,0.9638583454390899,xgboost,LIMA
2022-03-28,0.96486384587811,0.9550524286160282,xgboost,LIMA
2022-04-04,0.9557613567660525,0.9629992320731837,xgboost,LIMA
2022-04-11,1.0285812696625136,0.9714058914514403,xgboost,LIMA
2022-04-18,0.864736465645476,0.9562977172323357,xgboost,LIMA
2022-04-25,0.8283265091972453,0.8990706483049724,xgboost,LIMA
2022-05-02,0.8192240200851876,0.8290627812088633,xgboost,LIMA
2022-05-09,0.8829414438695912,0.8262123705616435,xgboost,LIMA
2022-05-16,0.8465314874213606,0.9003646635058418,xgboost,LIMA
2022-05-23,0.7008916616284383,0.8704439719222028,xgboost,LIMA
2022-05-30,0.8192240200851876,0.737404242546015,xgboost,LIMA
2022-06-06,1.0103762914383982,0.8039458957824468,xgboost,LIMA
2022-06-13,1.2834509648001278,0.9853217705693196,xgboost,LIMA
2022-06-20,1.2470410083518972,1.27291313114786,xgboost,LIMA
2022-06-27,1.3926808341448196,1.2897966578857996,xgboost,LIMA
2022-07-04,1.42909079059305,1.3332039642361115,xgboost,LIMA
2022-07-11,1.3926808341448196,1.3468559002973906,xgboost,LIMA
2022-07-18,1.0649912261107444,1.3307467832090283,xgboost,LIMA
2022-07-25,1.0649912261107441,1.0660283194478128,xgboost,LIMA
2022-08-01,1.1833235845674936,1.0484953897545433,xgboost,LIMA
2022-08-08,1.3835783450327621,1.1805143827701792,xgboost,LIMA
2022-08-15,1.3107584321363006,1.230006535365093,xgboost,LIMA
2022-08-22,1.2288360301277816,1.2497584266195134,xgboost,LIMA
2022-08-29,1.046786247886629,1.2357910723488308,xgboost,LIMA
2022-09-05,0.9921713132142832,1.0457982720084082,xgboost,LIMA
2022-09-12,0.8920439329816489,1.028887076109661,xgboost,LIMA
2022-09-19,1.0103762914383985,0.9259295610501037,xgboost,LIMA
2022-09-26,0.9557613567660525,0.9891953159958464,xgboost,LIMA
2022-10-03,1.0012738023263408,0.9742414430544182,xgboost,LIMA
2022-10-10,0.9557613567660525,0.9883568805167644,xgboost,LIMA
2022-10-17,1.0285812696625136,0.9688214206287784,xgboost,LIMA
2022-10-24,1.0649912261107444,0.9903394441626856,xgboost,LIMA
2022-10-31,1.046786247886629,1.006562489435899,xgboost,LIMA
2022-11-07,0.9921713132142832,1.0160471439217185,xgboost,LIMA
2022-11-14,1.0649912261107441,0.9867028581548818,xgboost,LIMA
2022-11-21,1.101401182558975,1.0304407887525264,xgboost,LIMA
2022-11-28,1.0376837587745713,1.1267343842364075,xgboost,LIMA
2022-12-05,0.8283265091972454,1.0531890262845538,xgboost,LIMA
