date,actual,predicted,model,region
2010-12-27,2.518393265096868,2.158622798654458,naive,PASCO
2011-01-03,3.6052655785184187,2.158622798654458,naive,PASCO
2011-01-10,6.933274098220228,2.158622798654458,naive,PASCO
2011-01-17,6.936514489974939,2.158622798654458,naive,PASCO
2011-01-24,5.132261504838374,6.936514489974937,naive,PASCO
2011-01-31,2.1651035821638764,6.936514489974937,naive,PASCO
2011-02-07,2.1651035821638764,6.936514489974937,naive,PASCO
2011-02-14,1.443402388109251,6.936514489974937,naive,PASCO
2011-02-21,2.165103582163877,1.4434023881092513,naive,PASCO
2011-02-28,1.8042529851365636,1.4434023881092513,naive,PASCO
2011-03-07,1.8042529851365636,1.4434023881092513,naive,PASCO
2011-03-14,2.1651035821638764,1.4434023881092513,naive,PASCO
2011-03-21,2.1651035821638764,2.1651035821638764,naive,PASCO
2011-03-28,2.525954179191189,2.1651035821638764,naive,PASCO
2011-04-04,1.443402388109251,2.1651035821638764,naive,PASCO
2011-04-11,1.0825517910819382,2.1651035821638764,naive,PASCO
2011-04-18,1.0825517910819382,1.0825517910819382,naive,PASCO
2011-04-25,1.443402388109251,1.0825517910819382,naive,PASCO
2011-05-02,1.0825517910819382,1.0825517910819382,naive,PASCO
2011-05-09,1.0825517910819382,1.0825517910819382,naive,PASCO
2011-05-16,0.7217011940546255,1.0825517910819382,naive,PASCO
2011-05-23,0.7217011940546255,1.0825517910819382,naive,PASCO
2011-05-30,0.36085059702731276,1.0825517910819382,naive,PASCO
2011-06-06,0.7217011940546255,1.0825517910819382,naive,PASCO
2011-06-13,1.443402388109251,0.7217011940546254,naive,PASCO
2011-06-20,1.8042529851365636,0.7217011940546254,naive,PASCO
2011-06-27,1.8042529851365636,0.7217011940546254,naive,PASCO
2011-07-04,1.0825517910819382,0.7217011940546254,naive,PASCO
2011-07-11,1.443402388109251,1.0825517910819382,naive,PASCO
2011-07-18,0.7217011940546255,1.0825517910819382,naive,PASCO
2011-07-25,1.0825517910819382,1.0825517910819382,naive,PASCO
2011-08-01,1.8042529851365636,1.0825517910819382,naive,PASCO
2011-08-08,2.525954179191189,1.8042529851365634,naive,PASCO
2011-08-15,2.1651035821638764,1.8042529851365634,naive,PASCO
2011-08-22,0.7217011940546255,1.8042529851365634,naive,PASCO
2011-08-29,0.0,1.8042529851365634,naive,PASCO
2011-09-05,0.0,0.0,naive,PASCO
2011-09-12,0.7217011940546255,0.0,naive,PASCO
2011-09-19,0.7217011940546255,0.0,naive,PASCO
2011-09-26,1.443402388109251,0.0,naive,PASCO
2011-10-03,1.0825517910819382,1.4434023881092513,naive,PASCO
2011-10-10,1.0825517910819382,1.4434023881092513,naive,PASCO
2011-10-17,1.0825517910819382,1.4434023881092513,naive,PASCO
2011-10-24,1.0825517910819382,1.4434023881092513,naive,PASCO
2011-10-31,1.8042529851365636,1.0825517910819382,naive,PASCO
2011-11-07,1.0825517910819382,1.0825517910819382,naive,PASCO
2011-11-14,1.443402388109251,1.0825517910819382,naive,PASCO
2011-11-21,1.443402388109251,1.0825517910819382,naive,PASCO
2011-11-28,1.443402388109251,1.4434023881092513,naive,PASCO
2011-12-05,1.443402388109251,1.4434023881092513,naive,PASCO
2011-12-12,1.443402388109251,1.4434023881092513,naive,PASCO
2011-12-19,1.443402388109251,1.4434023881092513,naive,PASCO
2011-12-26,1.0825517910819382,1.4434023881092513,naive,PASCO
2012-01-02,1.084722442755745,1.4434023881092513,naive,PASCO
2012-01-09,1.4466583656199612,1.4434023881092513,naive,PASCO
2012-01-16,1.8096796143210805,1.4434023881092513,naive,PASCO
2012-01-23,1.0858077685926484,1.8096796143210803,naive,PASCO
2012-01-30,1.0858077685926482,1.8096796143210803,naive,PASCO
2012-02-06,0.7238718457284322,1.8096796143210803,naive,PASCO
2012-02-13,1.0858077685926484,1.8096796143210803,naive,PASCO
2012-02-20,2.8954873829137298,1.0858077685926486,naive,PASCO
2012-02-27,3.981295151506378,1.0858077685926486,naive,PASCO
2012-03-05,3.619359228642162,1.0858077685926486,naive,PASCO
2012-03-12,1.4477436914568644,1.0858077685926486,naive,PASCO
2012-03-19,0.7238718457284322,1.4477436914568647,naive,PASCO
2012-03-26,0.7238718457284322,1.4477436914568647,naive,PASCO
2012-04-02,1.809679614321081,1.4477436914568647,naive,PASCO
2012-04-09,2.533551460049513,1.4477436914568647,naive,PASCO
2012-04-16,3.619359228642162,2.533551460049513,naive,PASCO
2012-04-23,2.895487382913729,2.533551460049513,naive,PASCO
2012-04-30,2.1716155371852968,2.533551460049513,naive,PASCO
2012-05-07,2.533551460049513,2.533551460049513,naive,PASCO
2012-05-14,2.1716155371852968,2.533551460049513,naive,PASCO
2012-05-21,3.619359228642162,2.533551460049513,naive,PASCO
2012-05-28,3.257423305777946,2.533551460049513,naive,PASCO
2012-06-04,4.3432310743705935,2.533551460049513,naive,PASCO
2012-06-11,2.895487382913729,4.3432310743705935,naive,PASCO
2012-06-18,2.1716155371852968,4.3432310743705935,naive,PASCO
2012-06-25,1.4477436914568644,4.3432310743705935,naive,PASCO
2012-07-02,0.7238718457284322,4.3432310743705935,naive,PASCO
2012-07-09,0.3619359228642161,0.7238718457284323,naive,PASCO
2012-07-16,1.0858077685926484,0.7238718457284323,naive,PASCO
2012-07-23,1.4477436914568644,0.7238718457284323,naive,PASCO
2012-07-30,1.809679614321081,0.7238718457284323,naive,PASCO
2012-08-06,1.0858077685926484,1.8096796143210812,naive,PASCO
2012-08-13,1.4477436914568644,1.8096796143210812,naive,PASCO
2012-08-20,1.8096796143210805,1.8096796143210812,naive,PASCO
2012-08-27,1.8096796143210805,1.8096796143210812,naive,PASCO
2012-09-03,1.4477436914568642,1.8096796143210803,naive,PASCO
2012-09-10,0.7238718457284321,1.8096796143210803,naive,PASCO
2012-09-17,1.0858077685926482,1.8096796143210803,naive,PASCO
2012-09-24,1.0858077685926484,1.8096796143210803,naive,PASCO
2012-10-01,1.4477436914568644,1.0858077685926486,naive,PASCO
2012-10-08,1.8096796143210805,1.0858077685926486,naive,PASCO
2012-10-15,1.4477436914568644,1.0858077685926486,naive,PASCO
2012-10-22,2.1716155371852968,1.0858077685926486,naive,PASCO
2012-10-29,2.533551460049513,2.1716155371852963,naive,PASCO
2012-11-05,2.895487382913729,2.1716155371852963,naive,PASCO
2012-11-12,2.1716155371852963,2.1716155371852963,naive,PASCO
2012-11-19,0.723871845728432,2.1716155371852963,naive,PASCO
2012-11-26,0.36193592286421583,0.7238718457284319,naive,PASCO
2012-12-03,0.723871845728432,0.7238718457284319,naive,PASCO
2012-12-10,0.723871845728432,0.7238718457284319,naive,PASCO
2012-12-17,0.723871845728432,0.7238718457284319,naive,PASCO
2012-12-24,0.0,0.7238718457284319,naive,PASCO
2012-12-31,0.36193592286421583,0.7238718457284319,naive,PASCO
2013-01-07,2.9031305021331506,0.7238718457284319,naive,PASCO
2013-01-14,4.355241690286827,0.7238718457284319,naive,PASCO
2013-01-21,5.082389158537869,4.355241690286827,naive,PASCO
2013-01-28,3.2672501733457735,4.355241690286827,naive,PASCO
2013-02-04,2.1781667822305155,4.355241690286827,naive,PASCO
2013-02-11,1.4521111881536768,4.355241690286827,naive,PASCO
2013-02-18,1.815138985192096,1.4521111881536766,naive,PASCO
2013-02-25,2.5411945792689346,1.4521111881536766,naive,PASCO
2013-03-04,3.2672501733457735,1.4521111881536766,naive,PASCO
2013-03-11,2.904222376307354,1.4521111881536766,naive,PASCO
2013-03-18,2.9042223763073536,2.904222376307354,naive,PASCO
2013-03-25,3.630277970384192,2.904222376307354,naive,PASCO
2013-04-01,3.630277970384192,2.904222376307354,naive,PASCO
2013-04-08,3.993305767422612,2.904222376307354,naive,PASCO
2013-04-15,2.1781667822305155,3.993305767422611,naive,PASCO
2013-04-22,2.5411945792689346,3.993305767422611,naive,PASCO
2013-04-29,1.0890833911152578,3.993305767422611,naive,PASCO
2013-05-06,1.452111188153677,3.993305767422611,naive,PASCO
2013-05-13,0.7260555940768385,1.452111188153677,naive,PASCO
2013-05-20,1.0890833911152578,1.452111188153677,naive,PASCO
2013-05-27,1.452111188153677,1.452111188153677,naive,PASCO
2013-06-03,1.8151389851920963,1.452111188153677,naive,PASCO
2013-06-10,2.1781667822305155,1.8151389851920956,naive,PASCO
2013-06-17,1.8151389851920963,1.8151389851920956,naive,PASCO
2013-06-24,2.178166782230516,1.8151389851920956,naive,PASCO
2013-07-01,3.2672501733457735,1.8151389851920956,naive,PASCO
2013-07-08,3.2672501733457735,3.267250173345774,naive,PASCO
2013-07-15,3.6302779703841925,3.267250173345774,naive,PASCO
2013-07-22,2.5411945792689346,3.267250173345774,naive,PASCO
2013-07-29,3.6302779703841925,3.267250173345774,naive,PASCO
2013-08-05,2.904222376307354,3.630277970384192,naive,PASCO
2013-08-12,3.2672501733457735,3.630277970384192,naive,PASCO
2013-08-19,1.8151389851920967,3.630277970384192,naive,PASCO
2013-08-26,1.8151389851920967,3.630277970384192,naive,PASCO
2013-09-02,0.7260555940768388,1.815138985192097,naive,PASCO
2013-09-09,2.178166782230516,1.815138985192097,naive,PASCO
2013-09-16,2.1781667822305155,1.815138985192097,naive,PASCO
2013-09-23,2.1781667822305155,1.815138985192097,naive,PASCO
2013-09-30,1.8151389851920967,2.178166782230515,naive,PASCO
2013-10-07,2.178166782230516,2.178166782230515,naive,PASCO
2013-10-14,2.9042223763073545,2.178166782230515,naive,PASCO
2013-10-21,1.8151389851920967,2.178166782230515,naive,PASCO
2013-10-28,1.089083391115258,1.815138985192097,naive,PASCO
2013-11-04,1.0890833911152582,1.815138985192097,naive,PASCO
2013-11-11,2.178166782230516,1.815138985192097,naive,PASCO
2013-11-18,1.8151389851920967,1.815138985192097,naive,PASCO
2013-11-25,1.0890833911152582,1.815138985192097,naive,PASCO
2013-12-02,0.726055594076839,1.815138985192097,naive,PASCO
2013-12-09,0.726055594076839,1.815138985192097,naive,PASCO
2013-12-16,0.726055594076839,1.815138985192097,naive,PASCO
2013-12-23,2.178166782230516,0.726055594076839,naive,PASCO
2013-12-30,2.1781667822305164,0.726055594076839,naive,PASCO
2014-01-06,2.54229438710837,0.726055594076839,naive,PASCO
2014-01-13,1.820638024389268,0.726055594076839,naive,PASCO
2014-01-20,2.184765629267121,1.8206380243892681,naive,PASCO
2014-01-27,2.5488932341449746,1.8206380243892681,naive,PASCO
2014-02-03,2.9130208390228276,1.8206380243892681,naive,PASCO
2014-02-10,2.9130208390228276,1.8206380243892681,naive,PASCO
2014-02-17,2.5488932341449746,2.9130208390228276,naive,PASCO
2014-02-24,1.0923828146335604,2.9130208390228276,naive,PASCO
2014-03-03,0.7282552097557075,2.9130208390228276,naive,PASCO
2014-03-10,1.092382814633561,2.9130208390228276,naive,PASCO
2014-03-17,1.4565104195114145,1.0923828146335612,naive,PASCO
2014-03-24,1.820638024389268,1.0923828146335612,naive,PASCO
2014-03-31,1.4565104195114145,1.0923828146335612,naive,PASCO
2014-04-07,1.0923828146335604,1.0923828146335612,naive,PASCO
2014-04-14,1.4565104195114145,1.0923828146335604,naive,PASCO
2014-04-21,1.820638024389268,1.0923828146335604,naive,PASCO
2014-04-28,2.1847656292671207,1.0923828146335604,naive,PASCO
2014-05-05,1.4565104195114145,1.0923828146335604,naive,PASCO
2014-05-12,0.7282552097557075,1.4565104195114142,naive,PASCO
2014-05-19,1.0923828146335608,1.4565104195114142,naive,PASCO
2014-05-26,1.4565104195114145,1.4565104195114142,naive,PASCO
2014-06-02,2.184765629267121,1.4565104195114142,naive,PASCO
2014-06-09,1.820638024389268,2.1847656292671207,naive,PASCO
2014-06-16,1.820638024389268,2.1847656292671207,naive,PASCO
2014-06-23,1.4565104195114145,2.1847656292671207,naive,PASCO
2014-06-30,0.7282552097557075,2.1847656292671207,naive,PASCO
2014-07-07,0.7282552097557075,0.7282552097557076,naive,PASCO
2014-07-14,0.36412760487785406,0.7282552097557076,naive,PASCO
2014-07-21,0.7282552097557075,0.7282552097557076,naive,PASCO
2014-07-28,0.36412760487785406,0.7282552097557076,naive,PASCO
2014-08-04,1.092382814633561,0.364127604877854,naive,PASCO
2014-08-11,1.092382814633561,0.364127604877854,naive,PASCO
2014-08-18,1.4565104195114145,0.364127604877854,naive,PASCO
2014-08-25,2.9130208390228276,0.364127604877854,naive,PASCO
2014-09-01,3.2771484439006815,2.9130208390228276,naive,PASCO
2014-09-08,5.097786468289947,2.9130208390228276,naive,PASCO
2014-09-15,4.369531258534241,2.9130208390228276,naive,PASCO
2014-09-22,4.733658863412095,2.9130208390228276,naive,PASCO
2014-09-29,2.913020839022828,4.733658863412094,naive,PASCO
2014-10-06,2.184765629267121,4.733658863412094,naive,PASCO
2014-10-13,1.4565104195114145,4.733658863412094,naive,PASCO
2014-10-20,1.092382814633561,4.733658863412094,naive,PASCO
2014-10-27,1.4565104195114145,1.0923828146335612,naive,PASCO
2014-11-03,1.4565104195114145,1.0923828146335612,naive,PASCO
2014-11-10,2.184765629267121,1.0923828146335612,naive,PASCO
2014-11-17,1.092382814633561,1.0923828146335612,naive,PASCO
2014-11-24,0.7282552097557075,1.0923828146335612,naive,PASCO
2014-12-01,0.7282552097557075,1.0923828146335612,naive,PASCO
2014-12-08,0.7282552097557075,1.0923828146335612,naive,PASCO
2014-12-15,0.7282552097557075,1.0923828146335612,naive,PASCO
2014-12-22,0.0,0.7282552097557076,naive,PASCO
2014-12-29,1.8206380243892675,0.7282552097557076,naive,PASCO
2015-01-05,2.551103550068783,0.7282552097557076,naive,PASCO
2015-01-12,3.6468018385880563,0.7282552097557076,naive,PASCO
2015-01-19,2.1913965770385473,3.646801838588056,naive,PASCO
2015-01-26,2.5566293398783055,3.646801838588056,naive,PASCO
2015-02-02,2.1913965770385473,3.646801838588056,naive,PASCO
2015-02-09,2.1913965770385473,3.646801838588056,naive,PASCO
2015-02-16,1.4609310513590315,2.1913965770385473,naive,PASCO
2015-02-23,1.4609310513590315,2.1913965770385473,naive,PASCO
2015-03-02,2.5566293398783047,2.1913965770385473,naive,PASCO
2015-03-09,3.2870948655578207,2.1913965770385473,naive,PASCO
2015-03-16,3.2870948655578203,3.2870948655578207,naive,PASCO
2015-03-23,2.5566293398783047,3.2870948655578207,naive,PASCO
2015-03-30,1.8261638141987893,3.2870948655578207,naive,PASCO
2015-04-06,1.0956982885192739,3.2870948655578207,naive,PASCO
2015-04-13,0.7304655256795161,1.0956982885192739,naive,PASCO
2015-04-20,0.3652327628397583,1.0956982885192739,naive,PASCO
2015-04-27,1.460931051359032,1.0956982885192739,naive,PASCO
2015-05-04,3.2870948655578207,1.0956982885192739,naive,PASCO
2015-05-11,4.017560391237336,3.2870948655578207,naive,PASCO
2015-05-18,3.6523276283975776,3.2870948655578207,naive,PASCO
2015-05-25,1.8261638141987888,3.2870948655578207,naive,PASCO
2015-06-01,3.6523276283975776,3.2870948655578207,naive,PASCO
2015-06-08,3.6523276283975785,3.6523276283975763,naive,PASCO
2015-06-15,4.748025916916851,3.6523276283975763,naive,PASCO
2015-06-22,3.2870948655578203,3.6523276283975763,naive,PASCO
2015-06-29,3.6523276283975776,3.6523276283975763,naive,PASCO
2015-07-06,2.5566293398783047,3.6523276283975763,naive,PASCO
2015-07-13,1.8261638141987888,3.6523276283975763,naive,PASCO
2015-07-20,1.0956982885192732,3.6523276283975763,naive,PASCO
2015-07-27,1.460931051359031,3.6523276283975763,naive,PASCO
2015-08-03,1.0956982885192732,1.4609310513590308,naive,PASCO
2015-08-10,1.4609310513590306,1.4609310513590308,naive,PASCO
2015-08-17,1.460931051359031,1.4609310513590308,naive,PASCO
2015-08-24,2.1913965770385464,1.4609310513590308,naive,PASCO
2015-08-31,1.8261638141987888,2.191396577038547,naive,PASCO
2015-09-07,1.0956982885192732,2.191396577038547,naive,PASCO
2015-09-14,0.36523276283975775,2.191396577038547,naive,PASCO
2015-09-21,0.0,2.191396577038547,naive,PASCO
2015-09-28,0.36523276283975775,0.0,naive,PASCO
2015-10-05,0.36523276283975775,0.0,naive,PASCO
2015-10-12,1.0956982885192732,0.0,naive,PASCO
2015-10-19,1.0956982885192732,0.0,naive,PASCO
2015-10-26,1.8261638141987886,1.0956982885192734,naive,PASCO
2015-11-02,1.4609310513590306,1.0956982885192734,naive,PASCO
2015-11-09,1.4609310513590306,1.0956982885192734,naive,PASCO
2015-11-16,1.0956982885192732,1.0956982885192734,naive,PASCO
2015-11-23,1.0956982885192732,1.0956982885192734,naive,PASCO
2015-11-30,1.0956982885192732,1.0956982885192734,naive,PASCO
2015-12-07,0.7304655256795153,1.0956982885192734,naive,PASCO
2015-12-14,0.7304655256795152,1.0956982885192734,naive,PASCO
2015-12-21,0.7304655256795152,0.7304655256795152,naive,PASCO
2015-12-28,0.7304655256795152,0.7304655256795152,naive,PASCO
2016-01-04,0.3652327628397574,0.7304655256795152,naive,PASCO
2016-01-11,1.8317232485978154,0.7304655256795152,naive,PASCO
2016-01-18,2.1980678983173783,1.8317232485978154,naive,PASCO
2016-01-25,2.1980678983173783,1.8317232485978154,naive,PASCO
2016-02-01,0.732689299439126,1.8317232485978154,naive,PASCO
2016-02-08,0.3663446497195628,1.8317232485978154,naive,PASCO
2016-02-15,0.732689299439126,0.3663446497195628,naive,PASCO
2016-02-22,0.3663446497195628,0.3663446497195628,naive,PASCO
2016-02-29,0.3663446497195628,0.3663446497195628,naive,PASCO
2016-03-07,0.0,0.3663446497195628,naive,PASCO
2016-03-14,0.3663446497195628,0.0,naive,PASCO
2016-03-21,1.0990339491586891,0.0,naive,PASCO
2016-03-28,1.0990339491586891,0.0,naive,PASCO
2016-04-04,0.732689299439126,0.0,naive,PASCO
2016-04-11,0.3663446497195628,0.7326892994391259,naive,PASCO
2016-04-18,1.4653785988782522,0.7326892994391259,naive,PASCO
2016-04-25,2.1980678983173783,0.7326892994391259,naive,PASCO
2016-05-02,2.1980678983173783,0.7326892994391259,naive,PASCO
2016-05-09,1.4653785988782522,2.1980678983173783,naive,PASCO
2016-05-16,1.0990339491586893,2.1980678983173783,naive,PASCO
2016-05-23,1.0990339491586893,2.1980678983173783,naive,PASCO
2016-05-30,1.4653785988782522,2.1980678983173783,naive,PASCO
2016-06-06,1.4653785988782522,1.4653785988782522,naive,PASCO
2016-06-13,1.4653785988782522,1.4653785988782522,naive,PASCO
2016-06-20,1.4653785988782522,1.4653785988782522,naive,PASCO
2016-06-27,1.4653785988782522,1.4653785988782522,naive,PASCO
2016-07-04,1.0990339491586891,1.4653785988782522,naive,PASCO
2016-07-11,1.0990339491586891,1.4653785988782522,naive,PASCO
2016-07-18,1.4653785988782522,1.4653785988782522,naive,PASCO
2016-07-25,2.1980678983173787,1.4653785988782522,naive,PASCO
2016-08-01,1.4653785988782522,2.1980678983173783,naive,PASCO
2016-08-08,0.732689299439126,2.1980678983173783,naive,PASCO
2016-08-15,0.0,2.1980678983173783,naive,PASCO
2016-08-22,0.0,2.1980678983173783,naive,PASCO
2016-08-29,0.732689299439126,0.0,naive,PASCO
2016-09-05,0.732689299439126,0.0,naive,PASCO
2016-09-12,1.4653785988782522,0.0,naive,PASCO
2016-09-19,1.0990339491586891,0.0,naive,PASCO
2016-09-26,1.4653785988782522,1.099033949158689,naive,PASCO
2016-10-03,1.0990339491586893,1.099033949158689,naive,PASCO
2016-10-10,1.0990339491586893,1.099033949158689,naive,PASCO
2016-10-17,1.8317232485978152,1.099033949158689,naive,PASCO
2016-10-24,1.8317232485978152,1.8317232485978154,naive,PASCO
2016-10-31,1.4653785988782522,1.8317232485978154,naive,PASCO
2016-11-07,0.732689299439126,1.8317232485978154,naive,PASCO
2016-11-14,0.3663446497195628,1.8317232485978154,naive,PASCO
2016-11-21,1.0990339491586891,0.3663446497195628,naive,PASCO
2016-11-28,1.0990339491586891,0.3663446497195628,naive,PASCO
2016-12-05,1.8317232485978152,0.3663446497195628,naive,PASCO
2016-12-12,1.4653785988782522,0.3663446497195628,naive,PASCO
2016-12-19,1.8317232485978152,1.4653785988782522,naive,PASCO
2016-12-26,3.6634464971956313,1.4653785988782522,naive,PASCO
2017-01-02,3.2971018474760676,1.4653785988782522,naive,PASCO
2017-01-09,3.299339202356841,1.4653785988782522,naive,PASCO
2017-01-16,1.1023899814798481,3.2993392023568404,naive,PASCO
2017-01-23,1.1023899814798481,3.2993392023568404,naive,PASCO
2017-01-30,1.102389981479848,3.2993392023568404,naive,PASCO
2017-02-06,1.4698533086397976,3.2993392023568404,naive,PASCO
2017-02-13,1.4698533086397976,1.4698533086397974,naive,PASCO
2017-02-20,1.8373166357997472,1.4698533086397974,naive,PASCO
2017-02-27,1.4698533086397976,1.4698533086397974,naive,PASCO
2017-03-06,2.2047799629596967,1.4698533086397974,naive,PASCO
2017-03-13,1.4698533086397976,2.2047799629596962,naive,PASCO
2017-03-20,1.4698533086397976,2.2047799629596962,naive,PASCO
2017-03-27,2.2047799629596967,2.2047799629596962,naive,PASCO
2017-04-03,2.572243290119646,2.2047799629596962,naive,PASCO
2017-04-10,3.307169944439545,2.5722432901196464,naive,PASCO
2017-04-17,2.2047799629596967,2.5722432901196464,naive,PASCO
2017-04-24,1.8373166357997475,2.5722432901196464,naive,PASCO
2017-05-01,1.1023899814798483,2.5722432901196464,naive,PASCO
2017-05-08,1.4698533086397978,1.1023899814798486,naive,PASCO
2017-05-15,2.2047799629596967,1.1023899814798486,naive,PASCO
2017-05-22,1.8373166357997472,1.1023899814798486,naive,PASCO
2017-05-29,1.8373166357997472,1.1023899814798486,naive,PASCO
2017-06-05,1.1023899814798481,1.837316635799747,naive,PASCO
2017-06-12,1.1023899814798481,1.837316635799747,naive,PASCO
2017-06-19,0.7349266543198988,1.837316635799747,naive,PASCO
2017-06-26,0.3674633271599493,1.837316635799747,naive,PASCO
2017-07-03,0.7349266543198988,0.3674633271599493,naive,PASCO
2017-07-10,0.7349266543198988,0.3674633271599493,naive,PASCO
2017-07-17,1.4698533086397976,0.3674633271599493,naive,PASCO
2017-07-24,1.1023899814798483,0.3674633271599493,naive,PASCO
2017-07-31,0.7349266543198988,1.1023899814798486,naive,PASCO
2017-08-07,0.7349266543198988,1.1023899814798486,naive,PASCO
2017-08-14,1.4698533086397976,1.1023899814798486,naive,PASCO
2017-08-21,1.8373166357997472,1.1023899814798486,naive,PASCO
2017-08-28,1.1023899814798481,1.837316635799747,naive,PASCO
2017-09-04,0.7349266543198988,1.837316635799747,naive,PASCO
2017-09-11,1.4698533086397978,1.837316635799747,naive,PASCO
2017-09-18,2.2047799629596967,1.837316635799747,naive,PASCO
2017-09-25,2.5722432901196464,2.2047799629596962,naive,PASCO
2017-10-02,1.8373166357997472,2.2047799629596962,naive,PASCO
2017-10-09,1.8373166357997472,2.2047799629596962,naive,PASCO
2017-10-16,1.4698533086397978,2.2047799629596962,naive,PASCO
2017-10-23,1.8373166357997475,1.4698533086397978,naive,PASCO
2017-10-30,1.1023899814798483,1.4698533086397978,naive,PASCO
2017-11-06,1.1023899814798483,1.4698533086397978,naive,PASCO
2017-11-13,0.7349266543198989,1.4698533086397978,naive,PASCO
2017-11-20,1.4698533086397978,0.7349266543198989,naive,PASCO
2017-11-27,1.1023899814798483,0.7349266543198989,naive,PASCO
2017-12-04,2.2047799629596967,0.7349266543198989,naive,PASCO
2017-12-11,2.5722432901196464,0.7349266543198989,naive,PASCO
2017-12-18,2.9397066172795956,2.5722432901196464,naive,PASCO
2017-12-25,1.8373166357997472,2.5722432901196464,naive,PASCO
2018-01-01,1.4713904497597152,2.5722432901196464,naive,PASCO
2018-01-08,2.9450866111993066,2.5722432901196464,naive,PASCO
2018-01-15,3.682318977199081,2.9450866111993066,naive,PASCO
2018-01-22,4.787014670358806,2.9450866111993066,naive,PASCO
2018-01-29,4.050550874918989,2.9450866111993066,naive,PASCO
2018-02-05,2.9458551817592653,2.9450866111993066,naive,PASCO
2018-02-12,1.8411594885995413,2.9458551817592658,naive,PASCO
2018-02-19,0.7364637954398168,2.9458551817592658,naive,PASCO
2018-02-26,1.104695693159725,2.9458551817592658,naive,PASCO
2018-03-05,0.36823189771990866,2.9458551817592658,naive,PASCO
2018-03-12,0.36823189771990866,0.3682318977199087,naive,PASCO
2018-03-19,0.0,0.3682318977199087,naive,PASCO
2018-03-26,0.36823189771990866,0.3682318977199087,naive,PASCO
2018-04-02,0.7364637954398168,0.3682318977199087,naive,PASCO
2018-04-09,1.4729275908796329,0.7364637954398168,naive,PASCO
2018-04-16,1.104695693159725,0.7364637954398168,naive,PASCO
2018-04-23,2.9458551817592653,0.7364637954398168,naive,PASCO
2018-04-30,2.577623284039357,0.7364637954398168,naive,PASCO
2018-05-07,2.577623284039357,2.5776232840393574,naive,PASCO
2018-05-14,0.7364637954398168,2.5776232840393574,naive,PASCO
2018-05-21,1.104695693159725,2.5776232840393574,naive,PASCO
2018-05-28,1.4729275908796329,2.5776232840393574,naive,PASCO
2018-06-04,1.8411594885995413,1.472927590879633,naive,PASCO
2018-06-11,1.8411594885995413,1.472927590879633,naive,PASCO
2018-06-18,1.8411594885995408,1.472927590879633,naive,PASCO
2018-06-25,3.3140870794791737,1.472927590879633,naive,PASCO
2018-07-02,4.050550874918989,3.314087079479174,naive,PASCO
2018-07-09,4.787014670358805,3.314087079479174,naive,PASCO
2018-07-16,3.682318977199081,3.314087079479174,naive,PASCO
2018-07-23,4.05055087491899,3.314087079479174,naive,PASCO
2018-07-30,2.9458551817592658,4.05055087491899,naive,PASCO
2018-08-06,1.8411594885995413,4.05055087491899,naive,PASCO
2018-08-13,0.36823189771990866,4.05055087491899,naive,PASCO
2018-08-20,0.36823189771990866,4.05055087491899,naive,PASCO
2018-08-27,0.36823189771990866,0.3682318977199087,naive,PASCO
2018-09-03,0.36823189771990866,0.3682318977199087,naive,PASCO
2018-09-10,0.7364637954398168,0.3682318977199087,naive,PASCO
2018-09-17,1.8411594885995413,0.3682318977199087,naive,PASCO
2018-09-24,1.4729275908796329,1.8411594885995415,naive,PASCO
2018-10-01,1.8411594885995413,1.8411594885995415,naive,PASCO
2018-10-08,2.577623284039358,1.8411594885995415,naive,PASCO
2018-10-15,4.418782772638898,1.8411594885995415,naive,PASCO
2018-10-22,5.155246568078715,4.418782772638897,naive,PASCO
2018-10-29,3.6823189771990816,4.418782772638897,naive,PASCO
2018-11-05,2.9458551817592658,4.418782772638897,naive,PASCO
2018-11-12,1.8411594885995413,4.418782772638897,naive,PASCO
2018-11-19,2.9458551817592653,1.8411594885995415,naive,PASCO
2018-11-26,2.2093913863194494,1.8411594885995415,naive,PASCO
2018-12-03,2.9458551817592653,1.8411594885995415,naive,PASCO
2018-12-10,3.3140870794791737,1.8411594885995415,naive,PASCO
2018-12-17,3.3140870794791737,3.314087079479174,naive,PASCO
2018-12-24,3.3140870794791737,3.314087079479174,naive,PASCO
2018-12-31,1.8411594885995413,3.314087079479174,naive,PASCO
2019-01-07,1.4729275908796329,3.314087079479174,naive,PASCO
2019-01-14,0.737235587756809,1.472927590879633,naive,PASCO
2019-01-21,1.1070110701107017,1.472927590879633,naive,PASCO
2019-01-28,1.8450184501845024,1.472927590879633,naive,PASCO
2019-02-04,2.9520295202952034,1.472927590879633,naive,PASCO
2019-02-11,2.583025830258303,2.9520295202952034,naive,PASCO
2019-02-18,3.3210332103321036,2.9520295202952034,naive,PASCO
2019-02-25,2.9520295202952034,2.9520295202952034,naive,PASCO
2019-03-04,3.3210332103321036,2.9520295202952034,naive,PASCO
2019-03-11,2.214022140221403,3.3210332103321036,naive,PASCO
2019-03-18,1.476014760147602,3.3210332103321036,naive,PASCO
2019-03-25,2.5830258302583036,3.3210332103321036,naive,PASCO
2019-04-01,4.059040590405905,3.3210332103321036,naive,PASCO
2019-04-08,4.7970479704797055,4.059040590405905,naive,PASCO
2019-04-15,2.952029520295204,4.059040590405905,naive,PASCO
2019-04-22,2.214022140221403,4.059040590405905,naive,PASCO
2019-04-29,2.214022140221403,4.059040590405905,naive,PASCO
2019-05-06,2.952029520295204,2.214022140221403,naive,PASCO
2019-05-13,2.583025830258303,2.214022140221403,naive,PASCO
2019-05-20,2.583025830258303,2.214022140221403,naive,PASCO
2019-05-27,4.059040590405905,2.214022140221403,naive,PASCO
2019-06-03,4.428044280442806,4.059040590405905,naive,PASCO
2019-06-10,4.059040590405905,4.059040590405905,naive,PASCO
2019-06-17,4.059040590405905,4.059040590405905,naive,PASCO
2019-06-24,3.690036900369005,4.059040590405905,naive,PASCO
2019-07-01,4.059040590405905,3.6900369003690052,naive,PASCO
2019-07-08,2.952029520295204,3.6900369003690052,naive,PASCO
2019-07-15,2.583025830258303,3.6900369003690052,naive,PASCO
2019-07-22,1.8450184501845026,3.6900369003690052,naive,PASCO
2019-07-29,1.107011070110701,1.8450184501845026,naive,PASCO
2019-08-05,2.2140221402214024,1.8450184501845026,naive,PASCO
2019-08-12,1.845018450184502,1.8450184501845026,naive,PASCO
2019-08-19,1.8450184501845024,1.8450184501845026,naive,PASCO
2019-08-26,0.7380073800738013,1.8450184501845026,naive,PASCO
2019-09-02,1.107011070110701,1.8450184501845026,naive,PASCO
2019-09-09,1.107011070110701,1.8450184501845026,naive,PASCO
2019-09-16,1.476014760147602,1.8450184501845026,naive,PASCO
2019-09-23,1.476014760147602,1.476014760147602,naive,PASCO
2019-09-30,1.476014760147602,1.476014760147602,naive,PASCO
2019-10-07,1.107011070110701,1.476014760147602,naive,PASCO
2019-10-14,1.107011070110701,1.476014760147602,naive,PASCO
2019-10-21,1.476014760147602,1.1070110701107008,naive,PASCO
2019-10-28,1.845018450184502,1.1070110701107008,naive,PASCO
2019-11-04,2.214022140221402,1.1070110701107008,naive,PASCO
2019-11-11,2.583025830258303,1.1070110701107008,naive,PASCO
2019-11-18,2.214022140221403,2.583025830258303,naive,PASCO
2019-11-25,1.8450184501845026,2.583025830258303,naive,PASCO
2019-12-02,1.107011070110701,2.583025830258303,naive,PASCO
2019-12-09,1.107011070110701,2.583025830258303,naive,PASCO
2019-12-16,0.7380073800738013,1.1070110701107008,naive,PASCO
2019-12-23,1.8450184501845024,1.1070110701107008,naive,PASCO
2019-12-30,1.8450184501845024,1.1070110701107008,naive,PASCO
2020-01-06,2.2147971745958146,1.1070110701107008,naive,PASCO
2020-01-13,1.4783398632708378,2.214797174595814,naive,PASCO
2020-01-20,2.5884510708791866,2.214797174595814,naive,PASCO
2020-01-27,3.328008519701811,2.214797174595814,naive,PASCO
2020-02-03,3.328008519701811,2.214797174595814,naive,PASCO
2020-02-10,2.5884510708791866,3.328008519701811,naive,PASCO
2020-02-17,2.2186723464678737,3.328008519701811,naive,PASCO
2020-02-24,2.2186723464678737,3.328008519701811,naive,PASCO
2020-03-02,2.2186723464678737,3.328008519701811,naive,PASCO
2020-03-09,2.5884510708791866,2.2186723464678737,naive,PASCO
2020-03-16,2.5884510708791866,2.2186723464678737,naive,PASCO
2020-03-23,2.5884510708791866,2.2186723464678737,naive,PASCO
2020-03-30,1.848893622056562,2.2186723464678737,naive,PASCO
2020-04-06,1.1093361732339375,1.8488936220565617,naive,PASCO
2020-04-13,0.3697787244113129,1.8488936220565617,naive,PASCO
2020-04-20,0.0,1.8488936220565617,naive,PASCO
2020-04-27,0.7395574488226252,1.8488936220565617,naive,PASCO
2020-05-04,0.7395574488226252,0.7395574488226251,naive,PASCO
2020-05-11,1.848893622056562,0.7395574488226251,naive,PASCO
2020-05-18,1.1093361732339375,0.7395574488226251,naive,PASCO
2020-05-25,1.4791148976452497,0.7395574488226251,naive,PASCO
2020-06-01,0.7395574488226252,1.4791148976452497,naive,PASCO
2020-06-08,1.4791148976452497,1.4791148976452497,naive,PASCO
2020-06-15,1.848893622056562,1.4791148976452497,naive,PASCO
2020-06-22,1.8488936220565622,1.4791148976452497,naive,PASCO
2020-06-29,2.218672346467874,1.8488936220565617,naive,PASCO
2020-07-06,4.80712341734706,1.8488936220565617,naive,PASCO
2020-07-13,5.546680866169685,1.8488936220565617,naive,PASCO
2020-07-20,5.176902141758372,1.8488936220565617,naive,PASCO
2020-07-27,3.328008519701811,5.176902141758373,naive,PASCO
2020-08-03,2.958229795290498,5.176902141758373,naive,PASCO
2020-08-10,4.437344692935748,5.176902141758373,naive,PASCO
2020-08-17,5.546680866169685,5.176902141758373,naive,PASCO
2020-08-24,8.13513193704887,5.546680866169685,naive,PASCO
2020-08-31,8.13513193704887,5.546680866169685,naive,PASCO
2020-09-07,6.656017039403622,5.546680866169685,naive,PASCO
2020-09-14,4.437344692935748,5.546680866169685,naive,PASCO
2020-09-21,3.697787244113124,4.437344692935748,naive,PASCO
2020-09-28,3.697787244113123,4.437344692935748,naive,PASCO
2020-10-05,4.067565968524435,4.437344692935748,naive,PASCO
2020-10-12,2.958229795290499,4.437344692935748,naive,PASCO
2020-10-19,2.588451070879186,2.9582297952904995,naive,PASCO
2020-10-26,2.588451070879186,2.9582297952904995,naive,PASCO
2020-11-02,3.328008519701811,2.9582297952904995,naive,PASCO
2020-11-09,2.588451070879186,2.9582297952904995,naive,PASCO
2020-11-16,1.8488936220565613,2.5884510708791857,naive,PASCO
2020-11-23,2.2186723464678733,2.5884510708791857,naive,PASCO
2020-11-30,2.5884510708791857,2.5884510708791857,naive,PASCO
2020-12-07,3.3280085197018097,2.5884510708791857,naive,PASCO
2020-12-14,2.5884510708791857,3.328008519701809,naive,PASCO
2020-12-21,3.3280085197018106,3.328008519701809,naive,PASCO
2020-12-28,5.176902141758371,3.328008519701809,naive,PASCO
2021-01-04,7.401800863451267,3.328008519701809,naive,PASCO
2021-01-11,9.620473209919139,7.401800863451266,naive,PASCO
2021-01-18,9.62047320991914,7.401800863451266,naive,PASCO
2021-01-25,9.984025559105431,7.401800863451266,naive,PASCO
2021-02-01,9.984025559105431,7.401800863451266,naive,PASCO
2021-02-08,9.984025559105431,9.984025559105433,naive,PASCO
2021-02-15,9.984025559105431,9.984025559105433,naive,PASCO
2021-02-22,8.50880214597582,9.984025559105433,naive,PASCO
2021-03-01,6.663021711531769,9.984025559105433,naive,PASCO
2021-03-08,5.187798298402158,6.66302171153177,naive,PASCO
2021-03-15,6.663021711531769,6.66302171153177,naive,PASCO
2021-03-22,6.292464690217329,6.66302171153177,naive,PASCO
2021-03-29,4.4396795836451295,6.66302171153177,naive,PASCO
2021-04-05,1.482228085257759,4.4396795836451295,naive,PASCO
2021-04-12,0.7411140426288791,4.4396795836451295,naive,PASCO
2021-04-19,1.8527851065721987,4.4396795836451295,naive,PASCO
2021-04-26,3.335013191829958,4.4396795836451295,naive,PASCO
2021-05-03,5.187798298402157,3.335013191829959,naive,PASCO
2021-05-10,5.187798298402158,3.335013191829959,naive,PASCO
2021-05-17,4.817241277087717,3.335013191829959,naive,PASCO
2021-05-24,3.705570213144398,3.335013191829959,naive,PASCO
2021-05-31,3.335013191829958,3.705570213144397,naive,PASCO
2021-06-07,2.964456170515518,3.705570213144397,naive,PASCO
2021-06-14,2.9644561705155184,3.705570213144397,naive,PASCO
2021-06-21,2.964456170515518,3.705570213144397,naive,PASCO
2021-06-28,2.2233421278866383,2.9644561705155175,naive,PASCO
2021-07-05,1.4822280852577585,2.9644561705155175,naive,PASCO
2021-07-12,1.1116710639433196,2.9644561705155175,naive,PASCO
2021-07-19,1.4822280852577585,2.9644561705155175,naive,PASCO
2021-07-26,1.1116710639433187,1.4822280852577587,naive,PASCO
2021-08-02,0.7411140426288787,1.4822280852577587,naive,PASCO
2021-08-09,0.0,1.4822280852577587,naive,PASCO
2021-08-16,0.7411140426288788,1.4822280852577587,naive,PASCO
2021-08-23,1.1116710639433187,0.7411140426288789,naive,PASCO
2021-08-30,1.1116710639433187,0.7411140426288789,naive,PASCO
2021-09-06,0.37055702131443896,0.7411140426288789,naive,PASCO
2021-09-13,0.0,0.7411140426288789,naive,PASCO
2021-09-20,0.7411140426288788,0.0,naive,PASCO
2021-09-27,1.1116710639433187,0.0,naive,PASCO
2021-10-04,1.1116710639433187,0.0,naive,PASCO
2021-10-11,0.7411140426288788,0.0,naive,PASCO
2021-10-18,0.37055702131443896,0.7411140426288789,naive,PASCO
2021-10-25,0.37055702131443896,0.7411140426288789,naive,PASCO
2021-11-01,0.7411140426288788,0.7411140426288789,naive,PASCO
2021-11-08,0.7411140426288788,0.7411140426288789,naive,PASCO
2021-11-15,0.7411140426288788,0.7411140426288789,naive,PASCO
2021-11-22,0.0,0.7411140426288789,naive,PASCO
2021-11-29,0.0,0.7411140426288789,naive,PASCO
2021-12-06,0.0,0.7411140426288789,naive,PASCO
2021-12-13,1.4822280852577585,0.0,naive,PASCO
2021-12-20,1.8527851065721983,0.0,naive,PASCO
2021-12-27,2.9644561705155184,0.0,naive,PASCO
2022-01-03,1.4822280852577585,0.0,naive,PASCO
2022-01-10,1.4830096653336104,1.4822280852577587,naive,PASCO
2022-01-17,0.7426772027805826,1.4822280852577587,naive,PASCO
2022-01-24,1.485354405561166,1.4822280852577587,naive,PASCO
2022-01-31,1.485354405561166,1.4822280852577587,naive,PASCO
2022-02-07,2.5993702097320415,1.485354405561166,naive,PASCO
2022-02-14,1.8566930069514578,1.485354405561166,naive,PASCO
2022-02-21,1.4853544055611658,1.485354405561166,naive,PASCO
2022-02-28,0.7426772027805822,1.485354405561166,naive,PASCO
2022-03-07,0.7426772027805822,0.7426772027805821,naive,PASCO
2022-03-14,0.7426772027805822,0.7426772027805821,naive,PASCO
2022-03-21,0.37133860139029057,0.7426772027805821,naive,PASCO
2022-03-28,0.37133860139029057,0.7426772027805821,naive,PASCO
2022-04-04,1.114015804170874,0.37133860139029057,naive,PASCO
2022-04-11,1.4853544055611658,0.37133860139029057,naive,PASCO
2022-04-18,1.8566930069514573,0.37133860139029057,naive,PASCO
2022-04-25,1.1140158041708739,0.37133860139029057,naive,PASCO
2022-05-02,0.7426772027805821,1.114015804170874,naive,PASCO
2022-05-09,0.7426772027805821,1.114015804170874,naive,PASCO
2022-05-16,0.7426772027805821,1.114015804170874,naive,PASCO
2022-05-23,0.7426772027805821,1.114015804170874,naive,PASCO
2022-05-30,0.7426772027805821,0.7426772027805821,naive,PASCO
2022-06-06,0.7426772027805821,0.7426772027805821,naive,PASCO
2022-06-13,0.3713386013902904,0.7426772027805821,naive,PASCO
2022-06-20,0.0,0.7426772027805821,naive,PASCO
2022-06-27,0.3713386013902904,0.0,naive,PASCO
2022-07-04,1.4853544055611654,0.0,naive,PASCO
2022-07-11,2.5993702097320406,0.0,naive,PASCO
2022-07-18,3.3420474125126254,0.0,naive,PASCO
2022-07-25,2.5993702097320406,3.342047412512626,naive,PASCO
2022-08-01,2.2280316083417486,3.342047412512626,naive,PASCO
2022-08-08,1.4853544055611654,3.342047412512626,naive,PASCO
2022-08-15,1.4853544055611654,3.342047412512626,naive,PASCO
2022-08-22,0.742677202780582,1.4853544055611652,naive,PASCO
2022-08-29,1.4853544055611654,1.4853544055611652,naive,PASCO
2022-09-05,1.1140158041708736,1.4853544055611652,naive,PASCO
2022-09-12,1.1140158041708734,1.4853544055611652,naive,PASCO
2022-09-19,0.37133860139029023,1.1140158041708732,naive,PASCO
2022-09-26,1.1140158041708739,1.1140158041708732,naive,PASCO
2022-10-03,1.8566930069514571,1.1140158041708732,naive,PASCO
2022-10-10,2.2280316083417504,1.1140158041708732,naive,PASCO
2022-10-17,1.8566930069514571,2.22803160834175,naive,PASCO
2022-10-24,1.1140158041708734,2.22803160834175,naive,PASCO
2022-10-31,0.7426772027805818,2.22803160834175,naive,PASCO
2022-11-07,1.8566930069514571,2.22803160834175,naive,PASCO
2022-11-14,2.970708811122332,1.8566930069514571,naive,PASCO
2022-11-21,4.084724615293208,1.8566930069514571,naive,PASCO
2022-11-28,2.9707088111223325,1.8566930069514571,naive,PASCO
2022-12-05,2.5993702097320406,1.8566930069514571,naive,PASCO
2010-12-27,2.518393265096868,1.4347922779479605,seasonal_naive,PASCO
2011-01-03,3.6052655785184187,2.15433321083278,seasonal_naive,PASCO
2011-01-10,6.933274098220228,1.7988523322120487,seasonal_naive,PASCO
2011-01-17,6.936514489974939,2.518393265096868,seasonal_naive,PASCO
2011-01-24,5.132261504838374,2.158622798654458,seasonal_naive,PASCO
2011-01-31,2.1651035821638764,1.439081865769639,seasonal_naive,PASCO
2011-02-07,2.1651035821638764,1.0793113993272292,seasonal_naive,PASCO
2011-02-14,1.443402388109251,1.439081865769639,seasonal_naive,PASCO
2011-02-21,2.165103582163877,1.7988523322120487,seasonal_naive,PASCO
2011-02-28,1.8042529851365636,1.7988523322120482,seasonal_naive,PASCO
2011-03-07,1.8042529851365636,1.7988523322120487,seasonal_naive,PASCO
2011-03-14,2.1651035821638764,1.439081865769639,seasonal_naive,PASCO
2011-03-21,2.1651035821638764,1.0793113993272292,seasonal_naive,PASCO
2011-03-28,2.525954179191189,1.439081865769639,seasonal_naive,PASCO
2011-04-04,1.443402388109251,1.7988523322120487,seasonal_naive,PASCO
2011-04-11,1.0825517910819382,1.7988523322120487,seasonal_naive,PASCO
2011-04-18,1.0825517910819382,0.7195409328848195,seasonal_naive,PASCO
2011-04-25,1.443402388109251,0.35977046644240973,seasonal_naive,PASCO
2011-05-02,1.0825517910819382,0.7195409328848195,seasonal_naive,PASCO
2011-05-09,1.0825517910819382,0.7195409328848195,seasonal_naive,PASCO
2011-05-16,0.7217011940546255,1.0793113993272292,seasonal_naive,PASCO
2011-05-23,0.7217011940546255,2.158622798654458,seasonal_naive,PASCO
2011-05-30,0.36085059702731276,2.158622798654458,seasonal_naive,PASCO
2011-06-06,0.7217011940546255,1.7988523322120487,seasonal_naive,PASCO
2011-06-13,1.443402388109251,0.7195409328848195,seasonal_naive,PASCO
2011-06-20,1.8042529851365636,1.7988523322120487,seasonal_naive,PASCO
2011-06-27,1.8042529851365636,1.7988523322120482,seasonal_naive,PASCO
2011-07-04,1.0825517910819382,1.7988523322120487,seasonal_naive,PASCO
2011-07-11,1.443402388109251,1.0793113993272292,seasonal_naive,PASCO
2011-07-18,0.7217011940546255,1.0793113993272292,seasonal_naive,PASCO
2011-07-25,1.0825517910819382,1.0793113993272292,seasonal_naive,PASCO
2011-08-01,1.8042529851365636,2.158622798654458,seasonal_naive,PASCO
2011-08-08,2.525954179191189,2.518393265096868,seasonal_naive,PASCO
2011-08-15,2.1651035821638764,3.597704664424098,seasonal_naive,PASCO
2011-08-22,0.7217011940546255,2.878163731539278,seasonal_naive,PASCO
2011-08-29,0.0,2.158622798654458,seasonal_naive,PASCO
2011-09-05,0.0,1.0793113993272292,seasonal_naive,PASCO
2011-09-12,0.7217011940546255,0.35977046644240973,seasonal_naive,PASCO
2011-09-19,0.7217011940546255,0.35977046644240973,seasonal_naive,PASCO
2011-09-26,1.443402388109251,0.35977046644240973,seasonal_naive,PASCO
2011-10-03,1.0825517910819382,1.0793113993272292,seasonal_naive,PASCO
2011-10-10,1.0825517910819382,1.7988523322120487,seasonal_naive,PASCO
2011-10-17,1.0825517910819382,2.878163731539278,seasonal_naive,PASCO
2011-10-24,1.0825517910819382,2.518393265096869,seasonal_naive,PASCO
2011-10-31,1.8042529851365636,3.237934197981687,seasonal_naive,PASCO
2011-11-07,1.0825517910819382,1.7988523322120487,seasonal_naive,PASCO
2011-11-14,1.443402388109251,1.7988523322120487,seasonal_naive,PASCO
2011-11-21,1.443402388109251,0.7195409328848195,seasonal_naive,PASCO
2011-11-28,1.443402388109251,1.7988523322120487,seasonal_naive,PASCO
2011-12-05,1.443402388109251,2.158622798654458,seasonal_naive,PASCO
2011-12-12,1.443402388109251,3.237934197981687,seasonal_naive,PASCO
2011-12-19,1.443402388109251,2.158622798654458,seasonal_naive,PASCO
2011-12-26,1.0825517910819382,2.518393265096868,seasonal_naive,PASCO
2012-01-02,1.084722442755745,3.6052655785184182,seasonal_naive,PASCO
2012-01-09,1.4466583656199612,6.933274098220227,seasonal_naive,PASCO
2012-01-16,1.8096796143210805,6.936514489974937,seasonal_naive,PASCO
2012-01-23,1.0858077685926484,5.132261504838375,seasonal_naive,PASCO
2012-01-30,1.0858077685926482,2.1651035821638764,seasonal_naive,PASCO
2012-02-06,0.7238718457284322,2.1651035821638764,seasonal_naive,PASCO
2012-02-13,1.0858077685926484,1.4434023881092513,seasonal_naive,PASCO
2012-02-20,2.8954873829137298,2.165103582163877,seasonal_naive,PASCO
2012-02-27,3.981295151506378,1.8042529851365634,seasonal_naive,PASCO
2012-03-05,3.619359228642162,1.8042529851365634,seasonal_naive,PASCO
2012-03-12,1.4477436914568644,2.1651035821638764,seasonal_naive,PASCO
2012-03-19,0.7238718457284322,2.1651035821638764,seasonal_naive,PASCO
2012-03-26,0.7238718457284322,2.525954179191189,seasonal_naive,PASCO
2012-04-02,1.809679614321081,1.4434023881092513,seasonal_naive,PASCO
2012-04-09,2.533551460049513,1.0825517910819382,seasonal_naive,PASCO
2012-04-16,3.619359228642162,1.0825517910819382,seasonal_naive,PASCO
2012-04-23,2.895487382913729,1.4434023881092513,seasonal_naive,PASCO
2012-04-30,2.1716155371852968,1.0825517910819382,seasonal_naive,PASCO
2012-05-07,2.533551460049513,1.0825517910819382,seasonal_naive,PASCO
2012-05-14,2.1716155371852968,0.7217011940546254,seasonal_naive,PASCO
2012-05-21,3.619359228642162,0.7217011940546254,seasonal_naive,PASCO
2012-05-28,3.257423305777946,0.36085059702731276,seasonal_naive,PASCO
2012-06-04,4.3432310743705935,0.7217011940546254,seasonal_naive,PASCO
2012-06-11,2.895487382913729,1.4434023881092513,seasonal_naive,PASCO
2012-06-18,2.1716155371852968,1.8042529851365634,seasonal_naive,PASCO
2012-06-25,1.4477436914568644,1.8042529851365634,seasonal_naive,PASCO
2012-07-02,0.7238718457284322,1.0825517910819382,seasonal_naive,PASCO
2012-07-09,0.3619359228642161,1.4434023881092513,seasonal_naive,PASCO
2012-07-16,1.0858077685926484,0.7217011940546254,seasonal_naive,PASCO
2012-07-23,1.4477436914568644,1.0825517910819382,seasonal_naive,PASCO
2012-07-30,1.809679614321081,1.8042529851365634,seasonal_naive,PASCO
2012-08-06,1.0858077685926484,2.525954179191189,seasonal_naive,PASCO
2012-08-13,1.4477436914568644,2.1651035821638764,seasonal_naive,PASCO
2012-08-20,1.8096796143210805,0.7217011940546254,seasonal_naive,PASCO
2012-08-27,1.8096796143210805,0.0,seasonal_naive,PASCO
2012-09-03,1.4477436914568642,0.0,seasonal_naive,PASCO
2012-09-10,0.7238718457284321,0.7217011940546254,seasonal_naive,PASCO
2012-09-17,1.0858077685926482,0.7217011940546254,seasonal_naive,PASCO
2012-09-24,1.0858077685926484,1.4434023881092513,seasonal_naive,PASCO
2012-10-01,1.4477436914568644,1.0825517910819382,seasonal_naive,PASCO
2012-10-08,1.8096796143210805,1.0825517910819382,seasonal_naive,PASCO
2012-10-15,1.4477436914568644,1.0825517910819382,seasonal_naive,PASCO
2012-10-22,2.1716155371852968,1.0825517910819382,seasonal_naive,PASCO
2012-10-29,2.533551460049513,1.8042529851365634,seasonal_naive,PASCO
2012-11-05,2.895487382913729,1.0825517910819382,seasonal_naive,PASCO
2012-11-12,2.1716155371852963,1.4434023881092513,seasonal_naive,PASCO
2012-11-19,0.723871845728432,1.4434023881092513,seasonal_naive,PASCO
2012-11-26,0.36193592286421583,1.4434023881092513,seasonal_naive,PASCO
2012-12-03,0.723871845728432,1.4434023881092513,seasonal_naive,PASCO
2012-12-10,0.723871845728432,1.4434023881092513,seasonal_naive,PASCO
2012-12-17,0.723871845728432,1.4434023881092513,seasonal_naive,PASCO
2012-12-24,0.0,1.0825517910819382,seasonal_naive,PASCO
2012-12-31,0.36193592286421583,1.0847224427557447,seasonal_naive,PASCO
2013-01-07,2.9031305021331506,1.4466583656199612,seasonal_naive,PASCO
2013-01-14,4.355241690286827,1.8096796143210803,seasonal_naive,PASCO
2013-01-21,5.082389158537869,1.0858077685926486,seasonal_naive,PASCO
2013-01-28,3.2672501733457735,1.0858077685926482,seasonal_naive,PASCO
2013-02-04,2.1781667822305155,0.7238718457284323,seasonal_naive,PASCO
2013-02-11,1.4521111881536768,1.0858077685926486,seasonal_naive,PASCO
2013-02-18,1.815138985192096,2.8954873829137293,seasonal_naive,PASCO
2013-02-25,2.5411945792689346,3.9812951515063784,seasonal_naive,PASCO
2013-03-04,3.2672501733457735,3.6193592286421623,seasonal_naive,PASCO
2013-03-11,2.904222376307354,1.4477436914568647,seasonal_naive,PASCO
2013-03-18,2.9042223763073536,0.7238718457284323,seasonal_naive,PASCO
2013-03-25,3.630277970384192,0.7238718457284323,seasonal_naive,PASCO
2013-04-01,3.630277970384192,1.8096796143210812,seasonal_naive,PASCO
2013-04-08,3.993305767422612,2.533551460049513,seasonal_naive,PASCO
2013-04-15,2.1781667822305155,3.6193592286421623,seasonal_naive,PASCO
2013-04-22,2.5411945792689346,2.8954873829137284,seasonal_naive,PASCO
2013-04-29,1.0890833911152578,2.1716155371852963,seasonal_naive,PASCO
2013-05-06,1.452111188153677,2.533551460049513,seasonal_naive,PASCO
2013-05-13,0.7260555940768385,2.1716155371852963,seasonal_naive,PASCO
2013-05-20,1.0890833911152578,3.6193592286421623,seasonal_naive,PASCO
2013-05-27,1.452111188153677,3.2574233057779463,seasonal_naive,PASCO
2013-06-03,1.8151389851920963,4.3432310743705935,seasonal_naive,PASCO
2013-06-10,2.1781667822305155,2.8954873829137284,seasonal_naive,PASCO
2013-06-17,1.8151389851920963,2.1716155371852963,seasonal_naive,PASCO
2013-06-24,2.178166782230516,1.4477436914568647,seasonal_naive,PASCO
2013-07-01,3.2672501733457735,0.7238718457284323,seasonal_naive,PASCO
2013-07-08,3.2672501733457735,0.36193592286421616,seasonal_naive,PASCO
2013-07-15,3.6302779703841925,1.0858077685926486,seasonal_naive,PASCO
2013-07-22,2.5411945792689346,1.4477436914568647,seasonal_naive,PASCO
2013-07-29,3.6302779703841925,1.8096796143210812,seasonal_naive,PASCO
2013-08-05,2.904222376307354,1.0858077685926486,seasonal_naive,PASCO
2013-08-12,3.2672501733457735,1.4477436914568647,seasonal_naive,PASCO
2013-08-19,1.8151389851920967,1.8096796143210803,seasonal_naive,PASCO
2013-08-26,1.8151389851920967,1.8096796143210803,seasonal_naive,PASCO
2013-09-02,0.7260555940768388,1.4477436914568642,seasonal_naive,PASCO
2013-09-09,2.178166782230516,0.7238718457284321,seasonal_naive,PASCO
2013-09-16,2.1781667822305155,1.0858077685926482,seasonal_naive,PASCO
2013-09-23,2.1781667822305155,1.0858077685926486,seasonal_naive,PASCO
2013-09-30,1.8151389851920967,1.4477436914568647,seasonal_naive,PASCO
2013-10-07,2.178166782230516,1.8096796143210803,seasonal_naive,PASCO
2013-10-14,2.9042223763073545,1.4477436914568647,seasonal_naive,PASCO
2013-10-21,1.8151389851920967,2.1716155371852963,seasonal_naive,PASCO
2013-10-28,1.089083391115258,2.533551460049513,seasonal_naive,PASCO
2013-11-04,1.0890833911152582,2.8954873829137284,seasonal_naive,PASCO
2013-11-11,2.178166782230516,2.1716155371852963,seasonal_naive,PASCO
2013-11-18,1.8151389851920967,0.7238718457284319,seasonal_naive,PASCO
2013-11-25,1.0890833911152582,0.36193592286421583,seasonal_naive,PASCO
2013-12-02,0.726055594076839,0.7238718457284319,seasonal_naive,PASCO
2013-12-09,0.726055594076839,0.7238718457284319,seasonal_naive,PASCO
2013-12-16,0.726055594076839,0.7238718457284319,seasonal_naive,PASCO
2013-12-23,2.178166782230516,0.0,seasonal_naive,PASCO
2013-12-30,2.1781667822305164,0.36193592286421583,seasonal_naive,PASCO
2014-01-06,2.54229438710837,2.90313050213315,seasonal_naive,PASCO
2014-01-13,1.820638024389268,4.355241690286827,seasonal_naive,PASCO
2014-01-20,2.184765629267121,5.082389158537869,seasonal_naive,PASCO
2014-01-27,2.5488932341449746,3.267250173345774,seasonal_naive,PASCO
2014-02-03,2.9130208390228276,2.178166782230515,seasonal_naive,PASCO
2014-02-10,2.9130208390228276,1.4521111881536766,seasonal_naive,PASCO
2014-02-17,2.5488932341449746,1.8151389851920956,seasonal_naive,PASCO
2014-02-24,1.0923828146335604,2.5411945792689346,seasonal_naive,PASCO
2014-03-03,0.7282552097557075,3.267250173345774,seasonal_naive,PASCO
2014-03-10,1.092382814633561,2.904222376307354,seasonal_naive,PASCO
2014-03-17,1.4565104195114145,2.904222376307353,seasonal_naive,PASCO
2014-03-24,1.820638024389268,3.630277970384192,seasonal_naive,PASCO
2014-03-31,1.4565104195114145,3.630277970384192,seasonal_naive,PASCO
2014-04-07,1.0923828146335604,3.993305767422611,seasonal_naive,PASCO
2014-04-14,1.4565104195114145,2.178166782230515,seasonal_naive,PASCO
2014-04-21,1.820638024389268,2.5411945792689346,seasonal_naive,PASCO
2014-04-28,2.1847656292671207,1.0890833911152575,seasonal_naive,PASCO
2014-05-05,1.4565104195114145,1.452111188153677,seasonal_naive,PASCO
2014-05-12,0.7282552097557075,0.7260555940768385,seasonal_naive,PASCO
2014-05-19,1.0923828146335608,1.0890833911152575,seasonal_naive,PASCO
2014-05-26,1.4565104195114145,1.452111188153677,seasonal_naive,PASCO
2014-06-02,2.184765629267121,1.8151389851920956,seasonal_naive,PASCO
2014-06-09,1.820638024389268,2.178166782230515,seasonal_naive,PASCO
2014-06-16,1.820638024389268,1.8151389851920956,seasonal_naive,PASCO
2014-06-23,1.4565104195114145,2.178166782230516,seasonal_naive,PASCO
2014-06-30,0.7282552097557075,3.267250173345774,seasonal_naive,PASCO
2014-07-07,0.7282552097557075,3.267250173345774,seasonal_naive,PASCO
2014-07-14,0.36412760487785406,3.630277970384192,seasonal_naive,PASCO
2014-07-21,0.7282552097557075,2.5411945792689346,seasonal_naive,PASCO
2014-07-28,0.36412760487785406,3.630277970384192,seasonal_naive,PASCO
2014-08-04,1.092382814633561,2.904222376307354,seasonal_naive,PASCO
2014-08-11,1.092382814633561,3.267250173345774,seasonal_naive,PASCO
2014-08-18,1.4565104195114145,1.815138985192097,seasonal_naive,PASCO
2014-08-25,2.9130208390228276,1.815138985192097,seasonal_naive,PASCO
2014-09-01,3.2771484439006815,0.7260555940768387,seasonal_naive,PASCO
2014-09-08,5.097786468289947,2.178166782230516,seasonal_naive,PASCO
2014-09-15,4.369531258534241,2.178166782230515,seasonal_naive,PASCO
2014-09-22,4.733658863412095,2.178166782230515,seasonal_naive,PASCO
2014-09-29,2.913020839022828,1.815138985192097,seasonal_naive,PASCO
2014-10-06,2.184765629267121,2.178166782230516,seasonal_naive,PASCO
2014-10-13,1.4565104195114145,2.904222376307354,seasonal_naive,PASCO
2014-10-20,1.092382814633561,1.815138985192097,seasonal_naive,PASCO
2014-10-27,1.4565104195114145,1.089083391115258,seasonal_naive,PASCO
2014-11-03,1.4565104195114145,1.089083391115258,seasonal_naive,PASCO
2014-11-10,2.184765629267121,2.178166782230516,seasonal_naive,PASCO
2014-11-17,1.092382814633561,1.815138985192097,seasonal_naive,PASCO
2014-11-24,0.7282552097557075,1.089083391115258,seasonal_naive,PASCO
2014-12-01,0.7282552097557075,0.726055594076839,seasonal_naive,PASCO
2014-12-08,0.7282552097557075,0.726055594076839,seasonal_naive,PASCO
2014-12-15,0.7282552097557075,0.726055594076839,seasonal_naive,PASCO
2014-12-22,0.0,2.178166782230516,seasonal_naive,PASCO
2014-12-29,1.8206380243892675,2.178166782230517,seasonal_naive,PASCO
2015-01-05,2.551103550068783,2.54229438710837,seasonal_naive,PASCO
2015-01-12,3.6468018385880563,1.8206380243892681,seasonal_naive,PASCO
2015-01-19,2.1913965770385473,2.1847656292671207,seasonal_naive,PASCO
2015-01-26,2.5566293398783055,2.548893234144975,seasonal_naive,PASCO
2015-02-02,2.1913965770385473,2.9130208390228276,seasonal_naive,PASCO
2015-02-09,2.1913965770385473,2.9130208390228276,seasonal_naive,PASCO
2015-02-16,1.4609310513590315,2.548893234144975,seasonal_naive,PASCO
2015-02-23,1.4609310513590315,1.0923828146335604,seasonal_naive,PASCO
2015-03-02,2.5566293398783047,0.7282552097557076,seasonal_naive,PASCO
2015-03-09,3.2870948655578207,1.0923828146335612,seasonal_naive,PASCO
2015-03-16,3.2870948655578203,1.4565104195114142,seasonal_naive,PASCO
2015-03-23,2.5566293398783047,1.8206380243892681,seasonal_naive,PASCO
2015-03-30,1.8261638141987893,1.4565104195114142,seasonal_naive,PASCO
2015-04-06,1.0956982885192739,1.0923828146335604,seasonal_naive,PASCO
2015-04-13,0.7304655256795161,1.4565104195114142,seasonal_naive,PASCO
2015-04-20,0.3652327628397583,1.8206380243892681,seasonal_naive,PASCO
2015-04-27,1.460931051359032,2.1847656292671207,seasonal_naive,PASCO
2015-05-04,3.2870948655578207,1.4565104195114142,seasonal_naive,PASCO
2015-05-11,4.017560391237336,0.7282552097557076,seasonal_naive,PASCO
2015-05-18,3.6523276283975776,1.0923828146335608,seasonal_naive,PASCO
2015-05-25,1.8261638141987888,1.4565104195114142,seasonal_naive,PASCO
2015-06-01,3.6523276283975776,2.1847656292671207,seasonal_naive,PASCO
2015-06-08,3.6523276283975785,1.8206380243892681,seasonal_naive,PASCO
2015-06-15,4.748025916916851,1.8206380243892681,seasonal_naive,PASCO
2015-06-22,3.2870948655578203,1.4565104195114142,seasonal_naive,PASCO
2015-06-29,3.6523276283975776,0.7282552097557076,seasonal_naive,PASCO
2015-07-06,2.5566293398783047,0.7282552097557076,seasonal_naive,PASCO
2015-07-13,1.8261638141987888,0.364127604877854,seasonal_naive,PASCO
2015-07-20,1.0956982885192732,0.7282552097557076,seasonal_naive,PASCO
2015-07-27,1.460931051359031,0.364127604877854,seasonal_naive,PASCO
2015-08-03,1.0956982885192732,1.0923828146335612,seasonal_naive,PASCO
2015-08-10,1.4609310513590306,1.0923828146335612,seasonal_naive,PASCO
2015-08-17,1.460931051359031,1.4565104195114142,seasonal_naive,PASCO
2015-08-24,2.1913965770385464,2.9130208390228276,seasonal_naive,PASCO
2015-08-31,1.8261638141987888,3.277148443900682,seasonal_naive,PASCO
2015-09-07,1.0956982885192732,5.097786468289948,seasonal_naive,PASCO
2015-09-14,0.36523276283975775,4.369531258534241,seasonal_naive,PASCO
2015-09-21,0.0,4.733658863412094,seasonal_naive,PASCO
2015-09-28,0.36523276283975775,2.9130208390228285,seasonal_naive,PASCO
2015-10-05,0.36523276283975775,2.1847656292671207,seasonal_naive,PASCO
2015-10-12,1.0956982885192732,1.4565104195114142,seasonal_naive,PASCO
2015-10-19,1.0956982885192732,1.0923828146335612,seasonal_naive,PASCO
2015-10-26,1.8261638141987886,1.4565104195114142,seasonal_naive,PASCO
2015-11-02,1.4609310513590306,1.4565104195114142,seasonal_naive,PASCO
2015-11-09,1.4609310513590306,2.1847656292671207,seasonal_naive,PASCO
2015-11-16,1.0956982885192732,1.0923828146335612,seasonal_naive,PASCO
2015-11-23,1.0956982885192732,0.7282552097557076,seasonal_naive,PASCO
2015-11-30,1.0956982885192732,0.7282552097557076,seasonal_naive,PASCO
2015-12-07,0.7304655256795153,0.7282552097557076,seasonal_naive,PASCO
2015-12-14,0.7304655256795152,0.7282552097557076,seasonal_naive,PASCO
2015-12-21,0.7304655256795152,0.0,seasonal_naive,PASCO
2015-12-28,0.7304655256795152,1.8206380243892673,seasonal_naive,PASCO
2016-01-04,0.3652327628397574,2.5511035500687824,seasonal_naive,PASCO
2016-01-11,1.8317232485978154,3.646801838588056,seasonal_naive,PASCO
2016-01-18,2.1980678983173783,2.1913965770385473,seasonal_naive,PASCO
2016-01-25,2.1980678983173783,2.556629339878305,seasonal_naive,PASCO
2016-02-01,0.732689299439126,2.1913965770385473,seasonal_naive,PASCO
2016-02-08,0.3663446497195628,2.1913965770385473,seasonal_naive,PASCO
2016-02-15,0.732689299439126,1.4609310513590317,seasonal_naive,PASCO
2016-02-22,0.3663446497195628,1.4609310513590317,seasonal_naive,PASCO
2016-02-29,0.3663446497195628,2.5566293398783047,seasonal_naive,PASCO
2016-03-07,0.0,3.2870948655578207,seasonal_naive,PASCO
2016-03-14,0.3663446497195628,3.2870948655578207,seasonal_naive,PASCO
2016-03-21,1.0990339491586891,2.5566293398783047,seasonal_naive,PASCO
2016-03-28,1.0990339491586891,1.8261638141987895,seasonal_naive,PASCO
2016-04-04,0.732689299439126,1.0956982885192739,seasonal_naive,PASCO
2016-04-11,0.3663446497195628,0.7304655256795161,seasonal_naive,PASCO
2016-04-18,1.4653785988782522,0.3652327628397583,seasonal_naive,PASCO
2016-04-25,2.1980678983173783,1.4609310513590317,seasonal_naive,PASCO
2016-05-02,2.1980678983173783,3.2870948655578207,seasonal_naive,PASCO
2016-05-09,1.4653785988782522,4.017560391237336,seasonal_naive,PASCO
2016-05-16,1.0990339491586893,3.6523276283975763,seasonal_naive,PASCO
2016-05-23,1.0990339491586893,1.8261638141987886,seasonal_naive,PASCO
2016-05-30,1.4653785988782522,3.6523276283975763,seasonal_naive,PASCO
2016-06-06,1.4653785988782522,3.652327628397579,seasonal_naive,PASCO
2016-06-13,1.4653785988782522,4.748025916916851,seasonal_naive,PASCO
2016-06-20,1.4653785988782522,3.2870948655578207,seasonal_naive,PASCO
2016-06-27,1.4653785988782522,3.6523276283975763,seasonal_naive,PASCO
2016-07-04,1.0990339491586891,2.5566293398783047,seasonal_naive,PASCO
2016-07-11,1.0990339491586891,1.8261638141987886,seasonal_naive,PASCO
2016-07-18,1.4653785988782522,1.0956982885192734,seasonal_naive,PASCO
2016-07-25,2.1980678983173787,1.4609310513590308,seasonal_naive,PASCO
2016-08-01,1.4653785988782522,1.0956982885192734,seasonal_naive,PASCO
2016-08-08,0.732689299439126,1.4609310513590308,seasonal_naive,PASCO
2016-08-15,0.0,1.4609310513590308,seasonal_naive,PASCO
2016-08-22,0.0,2.191396577038547,seasonal_naive,PASCO
2016-08-29,0.732689299439126,1.8261638141987886,seasonal_naive,PASCO
2016-09-05,0.732689299439126,1.0956982885192734,seasonal_naive,PASCO
2016-09-12,1.4653785988782522,0.36523276283975775,seasonal_naive,PASCO
2016-09-19,1.0990339491586891,0.0,seasonal_naive,PASCO
2016-09-26,1.4653785988782522,0.36523276283975775,seasonal_naive,PASCO
2016-10-03,1.0990339491586893,0.36523276283975775,seasonal_naive,PASCO
2016-10-10,1.0990339491586893,1.0956982885192734,seasonal_naive,PASCO
2016-10-17,1.8317232485978152,1.0956982885192734,seasonal_naive,PASCO
2016-10-24,1.8317232485978152,1.8261638141987886,seasonal_naive,PASCO
2016-10-31,1.4653785988782522,1.4609310513590308,seasonal_naive,PASCO
2016-11-07,0.732689299439126,1.4609310513590308,seasonal_naive,PASCO
2016-11-14,0.3663446497195628,1.0956982885192734,seasonal_naive,PASCO
2016-11-21,1.0990339491586891,1.0956982885192734,seasonal_naive,PASCO
2016-11-28,1.0990339491586891,1.0956982885192734,seasonal_naive,PASCO
2016-12-05,1.8317232485978152,0.7304655256795154,seasonal_naive,PASCO
2016-12-12,1.4653785988782522,0.7304655256795152,seasonal_naive,PASCO
2016-12-19,1.8317232485978152,0.7304655256795152,seasonal_naive,PASCO
2016-12-26,3.6634464971956313,0.7304655256795152,seasonal_naive,PASCO
2017-01-02,3.2971018474760676,0.3652327628397574,seasonal_naive,PASCO
2017-01-09,3.299339202356841,1.8317232485978154,seasonal_naive,PASCO
2017-01-16,1.1023899814798481,2.1980678983173783,seasonal_naive,PASCO
2017-01-23,1.1023899814798481,2.1980678983173783,seasonal_naive,PASCO
2017-01-30,1.102389981479848,0.7326892994391259,seasonal_naive,PASCO
2017-02-06,1.4698533086397976,0.3663446497195628,seasonal_naive,PASCO
2017-02-13,1.4698533086397976,0.7326892994391259,seasonal_naive,PASCO
2017-02-20,1.8373166357997472,0.3663446497195628,seasonal_naive,PASCO
2017-02-27,1.4698533086397976,0.3663446497195628,seasonal_naive,PASCO
2017-03-06,2.2047799629596967,0.0,seasonal_naive,PASCO
2017-03-13,1.4698533086397976,0.3663446497195628,seasonal_naive,PASCO
2017-03-20,1.4698533086397976,1.099033949158689,seasonal_naive,PASCO
2017-03-27,2.2047799629596967,1.099033949158689,seasonal_naive,PASCO
2017-04-03,2.572243290119646,0.7326892994391259,seasonal_naive,PASCO
2017-04-10,3.307169944439545,0.3663446497195628,seasonal_naive,PASCO
2017-04-17,2.2047799629596967,1.4653785988782522,seasonal_naive,PASCO
2017-04-24,1.8373166357997475,2.1980678983173783,seasonal_naive,PASCO
2017-05-01,1.1023899814798483,2.1980678983173783,seasonal_naive,PASCO
2017-05-08,1.4698533086397978,1.4653785988782522,seasonal_naive,PASCO
2017-05-15,2.2047799629596967,1.0990339491586893,seasonal_naive,PASCO
2017-05-22,1.8373166357997472,1.0990339491586893,seasonal_naive,PASCO
2017-05-29,1.8373166357997472,1.4653785988782522,seasonal_naive,PASCO
2017-06-05,1.1023899814798481,1.4653785988782522,seasonal_naive,PASCO
2017-06-12,1.1023899814798481,1.4653785988782522,seasonal_naive,PASCO
2017-06-19,0.7349266543198988,1.4653785988782522,seasonal_naive,PASCO
2017-06-26,0.3674633271599493,1.4653785988782522,seasonal_naive,PASCO
2017-07-03,0.7349266543198988,1.099033949158689,seasonal_naive,PASCO
2017-07-10,0.7349266543198988,1.099033949158689,seasonal_naive,PASCO
2017-07-17,1.4698533086397976,1.4653785988782522,seasonal_naive,PASCO
2017-07-24,1.1023899814798483,2.1980678983173783,seasonal_naive,PASCO
2017-07-31,0.7349266543198988,1.4653785988782522,seasonal_naive,PASCO
2017-08-07,0.7349266543198988,0.7326892994391259,seasonal_naive,PASCO
2017-08-14,1.4698533086397976,0.0,seasonal_naive,PASCO
2017-08-21,1.8373166357997472,0.0,seasonal_naive,PASCO
2017-08-28,1.1023899814798481,0.7326892994391259,seasonal_naive,PASCO
2017-09-04,0.7349266543198988,0.7326892994391259,seasonal_naive,PASCO
2017-09-11,1.4698533086397978,1.4653785988782522,seasonal_naive,PASCO
2017-09-18,2.2047799629596967,1.099033949158689,seasonal_naive,PASCO
2017-09-25,2.5722432901196464,1.4653785988782522,seasonal_naive,PASCO
2017-10-02,1.8373166357997472,1.0990339491586893,seasonal_naive,PASCO
2017-10-09,1.8373166357997472,1.0990339491586893,seasonal_naive,PASCO
2017-10-16,1.4698533086397978,1.8317232485978154,seasonal_naive,PASCO
2017-10-23,1.8373166357997475,1.8317232485978154,seasonal_naive,PASCO
2017-10-30,1.1023899814798483,1.4653785988782522,seasonal_naive,PASCO
2017-11-06,1.1023899814798483,0.7326892994391259,seasonal_naive,PASCO
2017-11-13,0.7349266543198989,0.3663446497195628,seasonal_naive,PASCO
2017-11-20,1.4698533086397978,1.099033949158689,seasonal_naive,PASCO
2017-11-27,1.1023899814798483,1.099033949158689,seasonal_naive,PASCO
2017-12-04,2.2047799629596967,1.8317232485978154,seasonal_naive,PASCO
2017-12-11,2.5722432901196464,1.4653785988782522,seasonal_naive,PASCO
2017-12-18,2.9397066172795956,1.8317232485978154,seasonal_naive,PASCO
2017-12-25,1.8373166357997472,3.66344649719563,seasonal_naive,PASCO
2018-01-01,1.4713904497597152,3.2971018474760676,seasonal_naive,PASCO
2018-01-08,2.9450866111993066,3.2993392023568404,seasonal_naive,PASCO
2018-01-15,3.682318977199081,1.1023899814798481,seasonal_naive,PASCO
2018-01-22,4.787014670358806,1.1023899814798481,seasonal_naive,PASCO
2018-01-29,4.050550874918989,1.1023899814798477,seasonal_naive,PASCO
2018-02-05,2.9458551817592653,1.4698533086397974,seasonal_naive,PASCO
2018-02-12,1.8411594885995413,1.4698533086397974,seasonal_naive,PASCO
2018-02-19,0.7364637954398168,1.837316635799747,seasonal_naive,PASCO
2018-02-26,1.104695693159725,1.4698533086397974,seasonal_naive,PASCO
2018-03-05,0.36823189771990866,2.2047799629596962,seasonal_naive,PASCO
2018-03-12,0.36823189771990866,1.4698533086397974,seasonal_naive,PASCO
2018-03-19,0.0,1.4698533086397974,seasonal_naive,PASCO
2018-03-26,0.36823189771990866,2.2047799629596962,seasonal_naive,PASCO
2018-04-02,0.7364637954398168,2.5722432901196464,seasonal_naive,PASCO
2018-04-09,1.4729275908796329,3.3071699444395453,seasonal_naive,PASCO
2018-04-16,1.104695693159725,2.2047799629596962,seasonal_naive,PASCO
2018-04-23,2.9458551817592653,1.837316635799747,seasonal_naive,PASCO
2018-04-30,2.577623284039357,1.1023899814798486,seasonal_naive,PASCO
2018-05-07,2.577623284039357,1.4698533086397978,seasonal_naive,PASCO
2018-05-14,0.7364637954398168,2.2047799629596962,seasonal_naive,PASCO
2018-05-21,1.104695693159725,1.837316635799747,seasonal_naive,PASCO
2018-05-28,1.4729275908796329,1.837316635799747,seasonal_naive,PASCO
2018-06-04,1.8411594885995413,1.1023899814798481,seasonal_naive,PASCO
2018-06-11,1.8411594885995413,1.1023899814798481,seasonal_naive,PASCO
2018-06-18,1.8411594885995408,0.7349266543198987,seasonal_naive,PASCO
2018-06-25,3.3140870794791737,0.3674633271599493,seasonal_naive,PASCO
2018-07-02,4.050550874918989,0.7349266543198987,seasonal_naive,PASCO
2018-07-09,4.787014670358805,0.7349266543198987,seasonal_naive,PASCO
2018-07-16,3.682318977199081,1.4698533086397974,seasonal_naive,PASCO
2018-07-23,4.05055087491899,1.1023899814798486,seasonal_naive,PASCO
2018-07-30,2.9458551817592658,0.7349266543198987,seasonal_naive,PASCO
2018-08-06,1.8411594885995413,0.7349266543198987,seasonal_naive,PASCO
2018-08-13,0.36823189771990866,1.4698533086397974,seasonal_naive,PASCO
2018-08-20,0.36823189771990866,1.837316635799747,seasonal_naive,PASCO
2018-08-27,0.36823189771990866,1.1023899814798481,seasonal_naive,PASCO
2018-09-03,0.36823189771990866,0.7349266543198987,seasonal_naive,PASCO
2018-09-10,0.7364637954398168,1.4698533086397978,seasonal_naive,PASCO
2018-09-17,1.8411594885995413,2.2047799629596962,seasonal_naive,PASCO
2018-09-24,1.4729275908796329,2.5722432901196464,seasonal_naive,PASCO
2018-10-01,1.8411594885995413,1.837316635799747,seasonal_naive,PASCO
2018-10-08,2.577623284039358,1.837316635799747,seasonal_naive,PASCO
2018-10-15,4.418782772638898,1.4698533086397978,seasonal_naive,PASCO
2018-10-22,5.155246568078715,1.837316635799747,seasonal_naive,PASCO
2018-10-29,3.6823189771990816,1.1023899814798486,seasonal_naive,PASCO
2018-11-05,2.9458551817592658,1.1023899814798486,seasonal_naive,PASCO
2018-11-12,1.8411594885995413,0.7349266543198989,seasonal_naive,PASCO
2018-11-19,2.9458551817592653,1.4698533086397978,seasonal_naive,PASCO
2018-11-26,2.2093913863194494,1.1023899814798486,seasonal_naive,PASCO
2018-12-03,2.9458551817592653,2.2047799629596962,seasonal_naive,PASCO
2018-12-10,3.3140870794791737,2.5722432901196464,seasonal_naive,PASCO
2018-12-17,3.3140870794791737,2.9397066172795956,seasonal_naive,PASCO
2018-12-24,3.3140870794791737,1.837316635799747,seasonal_naive,PASCO
2018-12-31,1.8411594885995413,1.4713904497597152,seasonal_naive,PASCO
2019-01-07,1.4729275908796329,2.9450866111993066,seasonal_naive,PASCO
2019-01-14,0.737235587756809,3.682318977199082,seasonal_naive,PASCO
2019-01-21,1.1070110701107017,4.787014670358806,seasonal_naive,PASCO
2019-01-28,1.8450184501845024,4.050550874918989,seasonal_naive,PASCO
2019-02-04,2.9520295202952034,2.9458551817592658,seasonal_naive,PASCO
2019-02-11,2.583025830258303,1.8411594885995415,seasonal_naive,PASCO
2019-02-18,3.3210332103321036,0.7364637954398168,seasonal_naive,PASCO
2019-02-25,2.9520295202952034,1.1046956931597252,seasonal_naive,PASCO
2019-03-04,3.3210332103321036,0.3682318977199087,seasonal_naive,PASCO
2019-03-11,2.214022140221403,0.3682318977199087,seasonal_naive,PASCO
2019-03-18,1.476014760147602,0.0,seasonal_naive,PASCO
2019-03-25,2.5830258302583036,0.3682318977199087,seasonal_naive,PASCO
2019-04-01,4.059040590405905,0.7364637954398168,seasonal_naive,PASCO
2019-04-08,4.7970479704797055,1.472927590879633,seasonal_naive,PASCO
2019-04-15,2.952029520295204,1.1046956931597252,seasonal_naive,PASCO
2019-04-22,2.214022140221403,2.9458551817592658,seasonal_naive,PASCO
2019-04-29,2.214022140221403,2.5776232840393574,seasonal_naive,PASCO
2019-05-06,2.952029520295204,2.5776232840393574,seasonal_naive,PASCO
2019-05-13,2.583025830258303,0.7364637954398168,seasonal_naive,PASCO
2019-05-20,2.583025830258303,1.1046956931597252,seasonal_naive,PASCO
2019-05-27,4.059040590405905,1.472927590879633,seasonal_naive,PASCO
2019-06-03,4.428044280442806,1.8411594885995415,seasonal_naive,PASCO
2019-06-10,4.059040590405905,1.8411594885995415,seasonal_naive,PASCO
2019-06-17,4.059040590405905,1.8411594885995402,seasonal_naive,PASCO
2019-06-24,3.690036900369005,3.314087079479174,seasonal_naive,PASCO
2019-07-01,4.059040590405905,4.050550874918989,seasonal_naive,PASCO
2019-07-08,2.952029520295204,4.787014670358805,seasonal_naive,PASCO
2019-07-15,2.583025830258303,3.682318977199082,seasonal_naive,PASCO
2019-07-22,1.8450184501845026,4.05055087491899,seasonal_naive,PASCO
2019-07-29,1.107011070110701,2.9458551817592658,seasonal_naive,PASCO
2019-08-05,2.2140221402214024,1.8411594885995415,seasonal_naive,PASCO
2019-08-12,1.845018450184502,0.3682318977199087,seasonal_naive,PASCO
2019-08-19,1.8450184501845024,0.3682318977199087,seasonal_naive,PASCO
2019-08-26,0.7380073800738013,0.3682318977199087,seasonal_naive,PASCO
2019-09-02,1.107011070110701,0.3682318977199087,seasonal_naive,PASCO
2019-09-09,1.107011070110701,0.7364637954398168,seasonal_naive,PASCO
2019-09-16,1.476014760147602,1.8411594885995415,seasonal_naive,PASCO
2019-09-23,1.476014760147602,1.472927590879633,seasonal_naive,PASCO
2019-09-30,1.476014760147602,1.8411594885995415,seasonal_naive,PASCO
2019-10-07,1.107011070110701,2.5776232840393583,seasonal_naive,PASCO
2019-10-14,1.107011070110701,4.418782772638897,seasonal_naive,PASCO
2019-10-21,1.476014760147602,5.155246568078714,seasonal_naive,PASCO
2019-10-28,1.845018450184502,3.682318977199082,seasonal_naive,PASCO
2019-11-04,2.214022140221402,2.9458551817592658,seasonal_naive,PASCO
2019-11-11,2.583025830258303,1.8411594885995415,seasonal_naive,PASCO
2019-11-18,2.214022140221403,2.9458551817592658,seasonal_naive,PASCO
2019-11-25,1.8450184501845026,2.2093913863194494,seasonal_naive,PASCO
2019-12-02,1.107011070110701,2.9458551817592658,seasonal_naive,PASCO
2019-12-09,1.107011070110701,3.314087079479174,seasonal_naive,PASCO
2019-12-16,0.7380073800738013,3.314087079479174,seasonal_naive,PASCO
2019-12-23,1.8450184501845024,3.314087079479174,seasonal_naive,PASCO
2019-12-30,1.8450184501845024,1.8411594885995415,seasonal_naive,PASCO
2020-01-06,2.2147971745958146,1.472927590879633,seasonal_naive,PASCO
2020-01-13,1.4783398632708378,0.7372355877568089,seasonal_naive,PASCO
2020-01-20,2.5884510708791866,1.1070110701107017,seasonal_naive,PASCO
2020-01-27,3.328008519701811,1.8450184501845026,seasonal_naive,PASCO
2020-02-03,3.328008519701811,2.9520295202952034,seasonal_naive,PASCO
2020-02-10,2.5884510708791866,2.583025830258303,seasonal_naive,PASCO
2020-02-17,2.2186723464678737,3.3210332103321036,seasonal_naive,PASCO
2020-02-24,2.2186723464678737,2.9520295202952034,seasonal_naive,PASCO
2020-03-02,2.2186723464678737,3.3210332103321036,seasonal_naive,PASCO
2020-03-09,2.5884510708791866,2.214022140221403,seasonal_naive,PASCO
2020-03-16,2.5884510708791866,1.476014760147602,seasonal_naive,PASCO
2020-03-23,2.5884510708791866,2.583025830258303,seasonal_naive,PASCO
2020-03-30,1.848893622056562,4.059040590405905,seasonal_naive,PASCO
2020-04-06,1.1093361732339375,4.7970479704797055,seasonal_naive,PASCO
2020-04-13,0.3697787244113129,2.9520295202952043,seasonal_naive,PASCO
2020-04-20,0.0,2.214022140221403,seasonal_naive,PASCO
2020-04-27,0.7395574488226252,2.214022140221403,seasonal_naive,PASCO
2020-05-04,0.7395574488226252,2.9520295202952043,seasonal_naive,PASCO
2020-05-11,1.848893622056562,2.583025830258303,seasonal_naive,PASCO
2020-05-18,1.1093361732339375,2.583025830258303,seasonal_naive,PASCO
2020-05-25,1.4791148976452497,4.059040590405905,seasonal_naive,PASCO
2020-06-01,0.7395574488226252,4.428044280442806,seasonal_naive,PASCO
2020-06-08,1.4791148976452497,4.059040590405905,seasonal_naive,PASCO
2020-06-15,1.848893622056562,4.059040590405905,seasonal_naive,PASCO
2020-06-22,1.8488936220565622,3.6900369003690052,seasonal_naive,PASCO
2020-06-29,2.218672346467874,4.059040590405905,seasonal_naive,PASCO
2020-07-06,4.80712341734706,2.9520295202952043,seasonal_naive,PASCO
2020-07-13,5.546680866169685,2.583025830258303,seasonal_naive,PASCO
2020-07-20,5.176902141758372,1.8450184501845026,seasonal_naive,PASCO
2020-07-27,3.328008519701811,1.1070110701107008,seasonal_naive,PASCO
2020-08-03,2.958229795290498,2.214022140221402,seasonal_naive,PASCO
2020-08-10,4.437344692935748,1.8450184501845017,seasonal_naive,PASCO
2020-08-17,5.546680866169685,1.8450184501845026,seasonal_naive,PASCO
2020-08-24,8.13513193704887,0.7380073800738012,seasonal_naive,PASCO
2020-08-31,8.13513193704887,1.1070110701107008,seasonal_naive,PASCO
2020-09-07,6.656017039403622,1.1070110701107008,seasonal_naive,PASCO
2020-09-14,4.437344692935748,1.476014760147602,seasonal_naive,PASCO
2020-09-21,3.697787244113124,1.476014760147602,seasonal_naive,PASCO
2020-09-28,3.697787244113123,1.476014760147602,seasonal_naive,PASCO
2020-10-05,4.067565968524435,1.1070110701107008,seasonal_naive,PASCO
2020-10-12,2.958229795290499,1.1070110701107008,seasonal_naive,PASCO
2020-10-19,2.588451070879186,1.476014760147602,seasonal_naive,PASCO
2020-10-26,2.588451070879186,1.8450184501845017,seasonal_naive,PASCO
2020-11-02,3.328008519701811,2.214022140221402,seasonal_naive,PASCO
2020-11-09,2.588451070879186,2.583025830258303,seasonal_naive,PASCO
2020-11-16,1.8488936220565613,2.214022140221403,seasonal_naive,PASCO
2020-11-23,2.2186723464678733,1.8450184501845026,seasonal_naive,PASCO
2020-11-30,2.5884510708791857,1.1070110701107008,seasonal_naive,PASCO
2020-12-07,3.3280085197018097,1.1070110701107008,seasonal_naive,PASCO
2020-12-14,2.5884510708791857,0.7380073800738012,seasonal_naive,PASCO
2020-12-21,3.3280085197018106,1.8450184501845026,seasonal_naive,PASCO
2020-12-28,5.176902141758371,1.8450184501845026,seasonal_naive,PASCO
2021-01-04,7.401800863451267,2.214797174595814,seasonal_naive,PASCO
2021-01-11,9.620473209919139,1.4783398632708376,seasonal_naive,PASCO
2021-01-18,9.62047320991914,2.5884510708791866,seasonal_naive,PASCO
2021-01-25,9.984025559105431,3.328008519701811,seasonal_naive,PASCO
2021-02-01,9.984025559105431,3.328008519701811,seasonal_naive,PASCO
2021-02-08,9.984025559105431,2.5884510708791866,seasonal_naive,PASCO
2021-02-15,9.984025559105431,2.2186723464678737,seasonal_naive,PASCO
2021-02-22,8.50880214597582,2.2186723464678737,seasonal_naive,PASCO
2021-03-01,6.663021711531769,2.2186723464678737,seasonal_naive,PASCO
2021-03-08,5.187798298402158,2.5884510708791866,seasonal_naive,PASCO
2021-03-15,6.663021711531769,2.5884510708791866,seasonal_naive,PASCO
2021-03-22,6.292464690217329,2.5884510708791866,seasonal_naive,PASCO
2021-03-29,4.4396795836451295,1.8488936220565617,seasonal_naive,PASCO
2021-04-05,1.482228085257759,1.1093361732339373,seasonal_naive,PASCO
2021-04-12,0.7411140426288791,0.3697787244113129,seasonal_naive,PASCO
2021-04-19,1.8527851065721987,0.0,seasonal_naive,PASCO
2021-04-26,3.335013191829958,0.7395574488226251,seasonal_naive,PASCO
2021-05-03,5.187798298402157,0.7395574488226251,seasonal_naive,PASCO
2021-05-10,5.187798298402158,1.8488936220565617,seasonal_naive,PASCO
2021-05-17,4.817241277087717,1.1093361732339373,seasonal_naive,PASCO
2021-05-24,3.705570213144398,1.4791148976452497,seasonal_naive,PASCO
2021-05-31,3.335013191829958,0.7395574488226251,seasonal_naive,PASCO
2021-06-07,2.964456170515518,1.4791148976452497,seasonal_naive,PASCO
2021-06-14,2.9644561705155184,1.8488936220565617,seasonal_naive,PASCO
2021-06-21,2.964456170515518,1.8488936220565617,seasonal_naive,PASCO
2021-06-28,2.2233421278866383,2.218672346467874,seasonal_naive,PASCO
2021-07-05,1.4822280852577585,4.80712341734706,seasonal_naive,PASCO
2021-07-12,1.1116710639433196,5.546680866169685,seasonal_naive,PASCO
2021-07-19,1.4822280852577585,5.176902141758373,seasonal_naive,PASCO
2021-07-26,1.1116710639433187,3.328008519701811,seasonal_naive,PASCO
2021-08-02,0.7411140426288787,2.9582297952904986,seasonal_naive,PASCO
2021-08-09,0.0,4.437344692935748,seasonal_naive,PASCO
2021-08-16,0.7411140426288788,5.546680866169685,seasonal_naive,PASCO
2021-08-23,1.1116710639433187,8.13513193704887,seasonal_naive,PASCO
2021-08-30,1.1116710639433187,8.13513193704887,seasonal_naive,PASCO
2021-09-06,0.37055702131443896,6.656017039403622,seasonal_naive,PASCO
2021-09-13,0.0,4.437344692935748,seasonal_naive,PASCO
2021-09-20,0.7411140426288788,3.6977872441131243,seasonal_naive,PASCO
2021-09-27,1.1116710639433187,3.6977872441131225,seasonal_naive,PASCO
2021-10-04,1.1116710639433187,4.067565968524435,seasonal_naive,PASCO
2021-10-11,0.7411140426288788,2.9582297952904995,seasonal_naive,PASCO
2021-10-18,0.37055702131443896,2.5884510708791857,seasonal_naive,PASCO
2021-10-25,0.37055702131443896,2.5884510708791857,seasonal_naive,PASCO
2021-11-01,0.7411140426288788,3.328008519701811,seasonal_naive,PASCO
2021-11-08,0.7411140426288788,2.5884510708791857,seasonal_naive,PASCO
2021-11-15,0.7411140426288788,1.8488936220565613,seasonal_naive,PASCO
2021-11-22,0.0,2.218672346467873,seasonal_naive,PASCO
2021-11-29,0.0,2.5884510708791857,seasonal_naive,PASCO
2021-12-06,0.0,3.328008519701809,seasonal_naive,PASCO
2021-12-13,1.4822280852577585,2.5884510708791857,seasonal_naive,PASCO
2021-12-20,1.8527851065721983,3.328008519701811,seasonal_naive,PASCO
2021-12-27,2.9644561705155184,5.176902141758371,seasonal_naive,PASCO
2022-01-03,1.4822280852577585,7.401800863451266,seasonal_naive,PASCO
2022-01-10,1.4830096653336104,9.62047320991914,seasonal_naive,PASCO
2022-01-17,0.7426772027805826,9.62047320991914,seasonal_naive,PASCO
2022-01-24,1.485354405561166,9.984025559105433,seasonal_naive,PASCO
2022-01-31,1.485354405561166,9.984025559105433,seasonal_naive,PASCO
2022-02-07,2.5993702097320415,9.984025559105433,seasonal_naive,PASCO
2022-02-14,1.8566930069514578,9.984025559105433,seasonal_naive,PASCO
2022-02-21,1.4853544055611658,8.50880214597582,seasonal_naive,PASCO
2022-02-28,0.7426772027805822,6.66302171153177,seasonal_naive,PASCO
2022-03-07,0.7426772027805822,5.187798298402158,seasonal_naive,PASCO
2022-03-14,0.7426772027805822,6.66302171153177,seasonal_naive,PASCO
2022-03-21,0.37133860139029057,6.292464690217329,seasonal_naive,PASCO
2022-03-28,0.37133860139029057,4.4396795836451295,seasonal_naive,PASCO
2022-04-04,1.114015804170874,1.4822280852577587,seasonal_naive,PASCO
2022-04-11,1.4853544055611658,0.7411140426288791,seasonal_naive,PASCO
2022-04-18,1.8566930069514573,1.852785106572199,seasonal_naive,PASCO
2022-04-25,1.1140158041708739,3.335013191829959,seasonal_naive,PASCO
2022-05-02,0.7426772027805821,5.187798298402158,seasonal_naive,PASCO
2022-05-09,0.7426772027805821,5.187798298402158,seasonal_naive,PASCO
2022-05-16,0.7426772027805821,4.817241277087717,seasonal_naive,PASCO
2022-05-23,0.7426772027805821,3.705570213144397,seasonal_naive,PASCO
2022-05-30,0.7426772027805821,3.335013191829959,seasonal_naive,PASCO
2022-06-06,0.7426772027805821,2.9644561705155175,seasonal_naive,PASCO
2022-06-13,0.3713386013902904,2.9644561705155184,seasonal_naive,PASCO
2022-06-20,0.0,2.9644561705155175,seasonal_naive,PASCO
2022-06-27,0.3713386013902904,2.2233421278866383,seasonal_naive,PASCO
2022-07-04,1.4853544055611654,1.4822280852577587,seasonal_naive,PASCO
2022-07-11,2.5993702097320406,1.1116710639433194,seasonal_naive,PASCO
2022-07-18,3.3420474125126254,1.4822280852577587,seasonal_naive,PASCO
2022-07-25,2.5993702097320406,1.1116710639433185,seasonal_naive,PASCO
2022-08-01,2.2280316083417486,0.7411140426288787,seasonal_naive,PASCO
2022-08-08,1.4853544055611654,0.0,seasonal_naive,PASCO
2022-08-15,1.4853544055611654,0.7411140426288789,seasonal_naive,PASCO
2022-08-22,0.742677202780582,1.1116710639433185,seasonal_naive,PASCO
2022-08-29,1.4853544055611654,1.1116710639433185,seasonal_naive,PASCO
2022-09-05,1.1140158041708736,0.370557021314439,seasonal_naive,PASCO
2022-09-12,1.1140158041708734,0.0,seasonal_naive,PASCO
2022-09-19,0.37133860139029023,0.7411140426288789,seasonal_naive,PASCO
2022-09-26,1.1140158041708739,1.1116710639433185,seasonal_naive,PASCO
2022-10-03,1.8566930069514571,1.1116710639433185,seasonal_naive,PASCO
2022-10-10,2.2280316083417504,0.7411140426288789,seasonal_naive,PASCO
2022-10-17,1.8566930069514571,0.370557021314439,seasonal_naive,PASCO
2022-10-24,1.1140158041708734,0.370557021314439,seasonal_naive,PASCO
2022-10-31,0.7426772027805818,0.7411140426288789,seasonal_naive,PASCO
2022-11-07,1.8566930069514571,0.7411140426288789,seasonal_naive,PASCO
2022-11-14,2.970708811122332,0.7411140426288789,seasonal_naive,PASCO
2022-11-21,4.084724615293208,0.0,seasonal_naive,PASCO
2022-11-28,2.9707088111223325,0.0,seasonal_naive,PASCO
2022-12-05,2.5993702097320406,0.0,seasonal_naive,PASCO
2010-12-27,2.518393265096868,2.4404929236666333,holt_winters,PASCO
2011-01-03,3.6052655785184187,2.2776482492191716,holt_winters,PASCO
2011-01-10,6.933274098220228,2.2189791609127036,holt_winters,PASCO
2011-01-17,6.936514489974939,2.2543471771364207,holt_winters,PASCO
2011-01-24,5.132261504838374,3.6008046392027695,holt_winters,PASCO
2011-01-31,2.1651035821638764,3.6008046392027695,holt_winters,PASCO
2011-02-07,2.1651035821638764,3.6008046392027695,holt_winters,PASCO
2011-02-14,1.443402388109251,3.6008046392027695,holt_winters,PASCO
2011-02-21,2.165103582163877,1.728648625620719,holt_winters,PASCO
2011-02-28,1.8042529851365636,1.4807763441061073,holt_winters,PASCO
2011-03-07,1.8042529851365636,1.392727868993147,holt_winters,PASCO
2011-03-14,2.1651035821638764,1.2126272440998282,holt_winters,PASCO
2011-03-21,2.1651035821638764,2.346686884272421,holt_winters,PASCO
2011-03-28,2.525954179191189,2.540267876719275,holt_winters,PASCO
2011-04-04,1.443402388109251,2.8718736452516453,holt_winters,PASCO
2011-04-11,1.0825517910819382,2.6988779941553123,holt_winters,PASCO
2011-04-18,1.0825517910819382,0.7927347835593388,holt_winters,PASCO
2011-04-25,1.443402388109251,0.7230044419368833,holt_winters,PASCO
2011-05-02,1.0825517910819382,0.8272600644077388,holt_winters,PASCO
2011-05-09,1.0825517910819382,0.8631739316511955,holt_winters,PASCO
2011-05-16,0.7217011940546255,0.9330763640177409,holt_winters,PASCO
2011-05-23,0.7217011940546255,1.1461054083198277,holt_winters,PASCO
2011-05-30,0.36085059702731276,1.0920839484815112,holt_winters,PASCO
2011-06-06,0.7217011940546255,0.8727100224146445,holt_winters,PASCO
2011-06-13,1.443402388109251,0.5074711474808522,holt_winters,PASCO
2011-06-20,1.8042529851365636,0.5617388039373703,holt_winters,PASCO
2011-06-27,1.8042529851365636,0.5601666622545365,holt_winters,PASCO
2011-07-04,1.0825517910819382,0.5230915268083336,holt_winters,PASCO
2011-07-11,1.443402388109251,1.0739094424968605,holt_winters,PASCO
2011-07-18,0.7217011940546255,1.4014102453375905,holt_winters,PASCO
2011-07-25,1.0825517910819382,1.6196213795574805,holt_winters,PASCO
2011-08-01,1.8042529851365636,2.1047189518004523,holt_winters,PASCO
2011-08-08,2.525954179191189,2.108068335819002,holt_winters,PASCO
2011-08-15,2.1651035821638764,2.5952243333413643,holt_winters,PASCO
2011-08-22,0.7217011940546255,2.146014731169796,holt_winters,PASCO
2011-08-29,0.0,1.7396444289065882,holt_winters,PASCO
2011-09-05,0.0,0.0,holt_winters,PASCO
2011-09-12,0.7217011940546255,0.0,holt_winters,PASCO
2011-09-19,0.7217011940546255,0.0,holt_winters,PASCO
2011-09-26,1.443402388109251,0.0,holt_winters,PASCO
2011-10-03,1.0825517910819382,2.269181227432157,holt_winters,PASCO
2011-10-10,1.0825517910819382,2.6510015253348214,holt_winters,PASCO
2011-10-17,1.0825517910819382,3.3167482588339743,holt_winters,PASCO
2011-10-24,1.0825517910819382,3.4719211128930496,holt_winters,PASCO
2011-10-31,1.8042529851365636,0.9769120888255558,holt_winters,PASCO
2011-11-07,1.0825517910819382,0.5832694788127575,holt_winters,PASCO
2011-11-14,1.443402388109251,0.7722619916703743,holt_winters,PASCO
2011-11-21,1.443402388109251,0.5733229290226807,holt_winters,PASCO
2011-11-28,1.443402388109251,1.5255768371244627,holt_winters,PASCO
2011-12-05,1.443402388109251,1.1522679735845043,holt_winters,PASCO
2011-12-12,1.443402388109251,1.2504253713224363,holt_winters,PASCO
2011-12-19,1.443402388109251,1.2451223125386823,holt_winters,PASCO
2011-12-26,1.0825517910819382,1.536052958710922,holt_winters,PASCO
2012-01-02,1.084722442755745,1.5488124293452827,holt_winters,PASCO
2012-01-09,1.4466583656199612,1.790005708765765,holt_winters,PASCO
2012-01-16,1.8096796143210805,1.8201827396641268,holt_winters,PASCO
2012-01-23,1.0858077685926484,1.761762551840825,holt_winters,PASCO
2012-01-30,1.0858077685926482,1.2065568578041228,holt_winters,PASCO
2012-02-06,0.7238718457284322,1.1659359142612122,holt_winters,PASCO
2012-02-13,1.0858077685926484,1.201503432293475,holt_winters,PASCO
2012-02-20,2.8954873829137298,1.238958525009585,holt_winters,PASCO
2012-02-27,3.981295151506378,1.0073625228507859,holt_winters,PASCO
2012-03-05,3.619359228642162,0.9537300582440909,holt_winters,PASCO
2012-03-12,1.4477436914568644,0.8657969993591552,holt_winters,PASCO
2012-03-19,0.7238718457284322,1.5919614177910506,holt_winters,PASCO
2012-03-26,0.7238718457284322,1.7923340304307147,holt_winters,PASCO
2012-04-02,1.809679614321081,1.8293110116585511,holt_winters,PASCO
2012-04-09,2.533551460049513,1.6108068199667365,holt_winters,PASCO
2012-04-16,3.619359228642162,2.044616428346692,holt_winters,PASCO
2012-04-23,2.895487382913729,1.9005225808034343,holt_winters,PASCO
2012-04-30,2.1716155371852968,1.8847062809498394,holt_winters,PASCO
2012-05-07,2.533551460049513,1.8674783200376508,holt_winters,PASCO
2012-05-14,2.1716155371852968,1.9748108937175028,holt_winters,PASCO
2012-05-21,3.619359228642162,2.3645821342696838,holt_winters,PASCO
2012-05-28,3.257423305777946,2.175244725195032,holt_winters,PASCO
2012-06-04,4.3432310743705935,2.0134724674989126,holt_winters,PASCO
2012-06-11,2.895487382913729,4.081915216442368,holt_winters,PASCO
2012-06-18,2.1716155371852968,4.375479807358072,holt_winters,PASCO
2012-06-25,1.4477436914568644,4.335374040463855,holt_winters,PASCO
2012-07-02,0.7238718457284322,3.877138762792991,holt_winters,PASCO
2012-07-09,0.3619359228642161,0.6663587824089086,holt_winters,PASCO
2012-07-16,1.0858077685926484,0.7496951592735859,holt_winters,PASCO
2012-07-23,1.4477436914568644,0.9411383566427549,holt_winters,PASCO
2012-07-30,1.809679614321081,1.4030994661464886,holt_winters,PASCO
2012-08-06,1.0858077685926484,2.4409830843465645,holt_winters,PASCO
2012-08-13,1.4477436914568644,2.89464269065185,holt_winters,PASCO
2012-08-20,1.8096796143210805,2.0196852403842827,holt_winters,PASCO
2012-08-27,1.8096796143210805,1.3628821437011998,holt_winters,PASCO
2012-09-03,1.4477436914568642,1.200233163181617,holt_winters,PASCO
2012-09-10,0.7238718457284321,1.0337555063121897,holt_winters,PASCO
2012-09-17,1.0858077685926482,0.9806926743351598,holt_winters,PASCO
2012-09-24,1.0858077685926484,1.3178499973207543,holt_winters,PASCO
2012-10-01,1.4477436914568644,1.5790859972991869,holt_winters,PASCO
2012-10-08,1.8096796143210805,1.954437602210454,holt_winters,PASCO
2012-10-15,1.4477436914568644,2.3978208114950497,holt_winters,PASCO
2012-10-22,2.1716155371852968,2.4473537736557436,holt_winters,PASCO
2012-10-29,2.533551460049513,2.456117946295893,holt_winters,PASCO
2012-11-05,2.895487382913729,1.743252144048912,holt_winters,PASCO
2012-11-12,2.1716155371852963,2.299748974991673,holt_winters,PASCO
2012-11-19,0.723871845728432,2.0230366975133576,holt_winters,PASCO
2012-11-26,0.36193592286421583,0.8737955736002574,holt_winters,PASCO
2012-12-03,0.723871845728432,0.5785754972002517,holt_winters,PASCO
2012-12-10,0.723871845728432,0.6368420126909817,holt_winters,PASCO
2012-12-17,0.723871845728432,0.7268425225173076,holt_winters,PASCO
2012-12-24,0.0,0.7651092816447103,holt_winters,PASCO
2012-12-31,0.36193592286421583,0.8893923600578524,holt_winters,PASCO
2013-01-07,2.9031305021331506,1.2450120948098968,holt_winters,PASCO
2013-01-14,4.355241690286827,1.580372995116154,holt_winters,PASCO
2013-01-21,5.082389158537869,3.8732839636779266,holt_winters,PASCO
2013-01-28,3.2672501733457735,2.9284899733565353,holt_winters,PASCO
2013-02-04,2.1781667822305155,2.737015256137225,holt_winters,PASCO
2013-02-11,1.4521111881536768,2.730978458401025,holt_winters,PASCO
2013-02-18,1.815138985192096,1.9320563117433185,holt_winters,PASCO
2013-02-25,2.5411945792689346,1.6680167160647108,holt_winters,PASCO
2013-03-04,3.2672501733457735,1.6341077376150537,holt_winters,PASCO
2013-03-11,2.904222376307354,1.4054217820692712,holt_winters,PASCO
2013-03-18,2.9042223763073536,2.561828343364209,holt_winters,PASCO
2013-03-25,3.630277970384192,2.8679558793434765,holt_winters,PASCO
2013-04-01,3.630277970384192,3.3504615562074855,holt_winters,PASCO
2013-04-08,3.993305767422612,3.4922503740264235,holt_winters,PASCO
2013-04-15,2.1781667822305155,3.5808990892085424,holt_winters,PASCO
2013-04-22,2.5411945792689346,3.1455280401424464,holt_winters,PASCO
2013-04-29,1.0890833911152578,3.0955566354778066,holt_winters,PASCO
2013-05-06,1.452111188153677,3.079105058926734,holt_winters,PASCO
2013-05-13,0.7260555940768385,1.1791108839086024,holt_winters,PASCO
2013-05-20,1.0890833911152578,1.443989760003476,holt_winters,PASCO
2013-05-27,1.452111188153677,1.248962381629977,holt_winters,PASCO
2013-06-03,1.8151389851920963,1.3543725220758538,holt_winters,PASCO
2013-06-10,2.1781667822305155,1.6984953568968626,holt_winters,PASCO
2013-06-17,1.8151389851920963,1.8285366308880544,holt_winters,PASCO
2013-06-24,2.178166782230516,1.73586473156923,holt_winters,PASCO
2013-07-01,3.2672501733457735,1.5310638380599535,holt_winters,PASCO
2013-07-08,3.2672501733457735,2.872879162526266,holt_winters,PASCO
2013-07-15,3.6302779703841925,3.187832393693112,holt_winters,PASCO
2013-07-22,2.5411945792689346,3.5785474961762533,holt_winters,PASCO
2013-07-29,3.6302779703841925,4.597215712567867,holt_winters,PASCO
2013-08-05,2.904222376307354,3.5420377068284514,holt_winters,PASCO
2013-08-12,3.2672501733457735,4.051561902505216,holt_winters,PASCO
2013-08-19,1.8151389851920967,3.30417373240617,holt_winters,PASCO
2013-08-26,1.8151389851920967,2.3870469822421776,holt_winters,PASCO
2013-09-02,0.7260555940768388,1.3632361499259513,holt_winters,PASCO
2013-09-09,2.178166782230516,1.099130351695575,holt_winters,PASCO
2013-09-16,2.1781667822305155,1.0462302645070376,holt_winters,PASCO
2013-09-23,2.1781667822305155,1.3282334483058902,holt_winters,PASCO
2013-09-30,1.8151389851920967,3.066925616099205,holt_winters,PASCO
2013-10-07,2.178166782230516,3.589581464578691,holt_winters,PASCO
2013-10-14,2.9042223763073545,3.786021088804585,holt_winters,PASCO
2013-10-21,1.8151389851920967,4.076883942255528,holt_winters,PASCO
2013-10-28,1.089083391115258,2.3566724699697126,holt_winters,PASCO
2013-11-04,1.0890833911152582,1.7241278962132398,holt_winters,PASCO
2013-11-11,2.178166782230516,2.070814761786332,holt_winters,PASCO
2013-11-18,1.8151389851920967,1.3837332907927498,holt_winters,PASCO
2013-11-25,1.0890833911152582,1.8592736108305656,holt_winters,PASCO
2013-12-02,0.726055594076839,1.7332436772370379,holt_winters,PASCO
2013-12-09,0.726055594076839,1.7364938393780949,holt_winters,PASCO
2013-12-16,0.726055594076839,1.95719993304201,holt_winters,PASCO
2013-12-23,2.178166782230516,0.438194129102286,holt_winters,PASCO
2013-12-30,2.1781667822305164,0.6967347399693493,holt_winters,PASCO
2014-01-06,2.54229438710837,1.6399216834218824,holt_winters,PASCO
2014-01-13,1.820638024389268,1.9262608577814033,holt_winters,PASCO
2014-01-20,2.184765629267121,1.4725910525245727,holt_winters,PASCO
2014-01-27,2.5488932341449746,0.8913882319372366,holt_winters,PASCO
2014-02-03,2.9130208390228276,0.7228246607305697,holt_winters,PASCO
2014-02-10,2.9130208390228276,0.5792627575702434,holt_winters,PASCO
2014-02-17,2.5488932341449746,4.214961062401751,holt_winters,PASCO
2014-02-24,1.0923828146335604,4.10424103016826,holt_winters,PASCO
2014-03-03,0.7282552097557075,4.1815424216221135,holt_winters,PASCO
2014-03-10,1.092382814633561,3.830358148878563,holt_winters,PASCO
2014-03-17,1.4565104195114145,0.8434356755026671,holt_winters,PASCO
2014-03-24,1.820638024389268,1.0726571844905104,holt_winters,PASCO
2014-03-31,1.4565104195114145,1.334617095477305,holt_winters,PASCO
2014-04-07,1.0923828146335604,1.3614687309429612,holt_winters,PASCO
2014-04-14,1.4565104195114145,0.7692696616421455,holt_winters,PASCO
2014-04-21,1.820638024389268,0.6198262528202623,holt_winters,PASCO
2014-04-28,2.1847656292671207,0.5719980114443102,holt_winters,PASCO
2014-05-05,1.4565104195114145,0.7196633342572007,holt_winters,PASCO
2014-05-12,0.7282552097557075,1.1779192935621303,holt_winters,PASCO
2014-05-19,1.0923828146335608,1.4698410159924435,holt_winters,PASCO
2014-05-26,1.4565104195114145,1.3326478894330154,holt_winters,PASCO
2014-06-02,2.184765629267121,1.6389861938224382,holt_winters,PASCO
2014-06-09,1.820638024389268,1.9327910925563088,holt_winters,PASCO
2014-06-16,1.820638024389268,2.1510209416886594,holt_winters,PASCO
2014-06-23,1.4565104195114145,1.981748855962231,holt_winters,PASCO
2014-06-30,0.7282552097557075,1.8226976658403005,holt_winters,PASCO
2014-07-07,0.7282552097557075,0.5788207123597093,holt_winters,PASCO
2014-07-14,0.36412760487785406,0.7533276225551269,holt_winters,PASCO
2014-07-21,0.7282552097557075,0.7264892511334813,holt_winters,PASCO
2014-07-28,0.36412760487785406,1.2489246718877687,holt_winters,PASCO
2014-08-04,1.092382814633561,0.32465030660725513,holt_winters,PASCO
2014-08-11,1.092382814633561,0.44445785766618223,holt_winters,PASCO
2014-08-18,1.4565104195114145,0.1467317435943962,holt_winters,PASCO
2014-08-25,2.9130208390228276,0.0,holt_winters,PASCO
2014-09-01,3.2771484439006815,1.9976627226666994,holt_winters,PASCO
2014-09-08,5.097786468289947,2.1096465671567115,holt_winters,PASCO
2014-09-15,4.369531258534241,1.969161076310003,holt_winters,PASCO
2014-09-22,4.733658863412095,2.448103604809306,holt_winters,PASCO
2014-09-29,2.913020839022828,5.1119212332748045,holt_winters,PASCO
2014-10-06,2.184765629267121,5.1119212332748045,holt_winters,PASCO
2014-10-13,1.4565104195114145,5.1119212332748045,holt_winters,PASCO
2014-10-20,1.092382814633561,5.1119212332748045,holt_winters,PASCO
2014-10-27,1.4565104195114145,1.2528362411226683,holt_winters,PASCO
2014-11-03,1.4565104195114145,1.044923552072019,holt_winters,PASCO
2014-11-10,2.184765629267121,1.128098647389273,holt_winters,PASCO
2014-11-17,1.092382814633561,0.5929000709474794,holt_winters,PASCO
2014-11-24,0.7282552097557075,1.0662242402846265,holt_winters,PASCO
2014-12-01,0.7282552097557075,1.0701274306208233,holt_winters,PASCO
2014-12-08,0.7282552097557075,1.2069967965194128,holt_winters,PASCO
2014-12-15,0.7282552097557075,1.3029552323797913,holt_winters,PASCO
2014-12-22,0.0,0.7334674445873206,holt_winters,PASCO
2014-12-29,1.8206380243892675,1.0858910565964202,holt_winters,PASCO
2015-01-05,2.551103550068783,1.9989003644075813,holt_winters,PASCO
2015-01-12,3.6468018385880563,2.3217682140529012,holt_winters,PASCO
2015-01-19,2.1913965770385473,3.300890370544252,holt_winters,PASCO
2015-01-26,2.5566293398783055,2.397409465687554,holt_winters,PASCO
2015-02-02,2.1913965770385473,2.03761938206238,holt_winters,PASCO
2015-02-09,2.1913965770385473,1.930216158236215,holt_winters,PASCO
2015-02-16,1.4609310513590315,3.016526569753622,holt_winters,PASCO
2015-02-23,1.4609310513590315,2.8692486265442145,holt_winters,PASCO
2015-03-02,2.5566293398783047,2.798322519195795,holt_winters,PASCO
2015-03-09,3.2870948655578207,2.394948038568664,holt_winters,PASCO
2015-03-16,3.2870948655578203,3.0809981322837814,holt_winters,PASCO
2015-03-23,2.5566293398783047,3.554135370601837,holt_winters,PASCO
2015-03-30,1.8261638141987893,3.640907772687128,holt_winters,PASCO
2015-04-06,1.0956982885192739,3.602926308712127,holt_winters,PASCO
2015-04-13,0.7304655256795161,1.088239281107255,holt_winters,PASCO
2015-04-20,0.3652327628397583,1.057893864788222,holt_winters,PASCO
2015-04-27,1.460931051359032,0.8249604472756769,holt_winters,PASCO
2015-05-04,3.2870948655578207,0.8082846738314013,holt_winters,PASCO
2015-05-11,4.017560391237336,2.3313924973495057,holt_winters,PASCO
2015-05-18,3.6523276283975776,3.2046319228518527,holt_winters,PASCO
2015-05-25,1.8261638141987888,3.1977803434225702,holt_winters,PASCO
2015-06-01,3.6523276283975776,3.8551848015128396,holt_winters,PASCO
2015-06-08,3.6523276283975785,3.694157252124688,holt_winters,PASCO
2015-06-15,4.748025916916851,3.7708047723102647,holt_winters,PASCO
2015-06-22,3.2870948655578203,3.3607717112913464,holt_winters,PASCO
2015-06-29,3.6523276283975776,2.6838580305953235,holt_winters,PASCO
2015-07-06,2.5566293398783047,3.5530364233557803,holt_winters,PASCO
2015-07-13,1.8261638141987888,3.429522186604851,holt_winters,PASCO
2015-07-20,1.0956982885192732,3.67497778946992,holt_winters,PASCO
2015-07-27,1.460931051359031,4.534368000267678,holt_winters,PASCO
2015-08-03,1.0956982885192732,1.5798234269643712,holt_winters,PASCO
2015-08-10,1.4609310513590306,1.827854602902137,holt_winters,PASCO
2015-08-17,1.460931051359031,1.383296568604969,holt_winters,PASCO
2015-08-24,2.1913965770385464,1.2676036837339635,holt_winters,PASCO
2015-08-31,1.8261638141987888,1.7860523399178567,holt_winters,PASCO
2015-09-07,1.0956982885192732,2.2220922850651665,holt_winters,PASCO
2015-09-14,0.36523276283975775,2.2592681724919155,holt_winters,PASCO
2015-09-21,0.0,2.5375951709596016,holt_winters,PASCO
2015-09-28,0.36523276283975775,0.0,holt_winters,PASCO
2015-10-05,0.36523276283975775,0.0,holt_winters,PASCO
2015-10-12,1.0956982885192732,0.0,holt_winters,PASCO
2015-10-19,1.0956982885192732,0.0,holt_winters,PASCO
2015-10-26,1.8261638141987886,1.241641408361914,holt_winters,PASCO
2015-11-02,1.4609310513590306,0.9964859356969094,holt_winters,PASCO
2015-11-09,1.4609310513590306,1.2815704910109318,holt_winters,PASCO
2015-11-16,1.0956982885192732,0.6547790946931,holt_winters,PASCO
2015-11-23,1.0956982885192732,0.7540601021162134,holt_winters,PASCO
2015-11-30,1.0956982885192732,0.8015284200444373,holt_winters,PASCO
2015-12-07,0.7304655256795153,0.9018041247726163,holt_winters,PASCO
2015-12-14,0.7304655256795152,0.7875567431538588,holt_winters,PASCO
2015-12-21,0.7304655256795152,0.4722981188442675,holt_winters,PASCO
2015-12-28,0.7304655256795152,1.0778721386536922,holt_winters,PASCO
2016-01-04,0.3652327628397574,2.220683582488956,holt_winters,PASCO
2016-01-11,1.8317232485978154,2.618438402810865,holt_winters,PASCO
2016-01-18,2.1980678983173783,1.5427209506652009,holt_winters,PASCO
2016-01-25,2.1980678983173783,1.2682358791791102,holt_winters,PASCO
2016-02-01,0.732689299439126,1.1299261630344999,holt_winters,PASCO
2016-02-08,0.3663446497195628,1.053086837060504,holt_winters,PASCO
2016-02-15,0.732689299439126,0.5146418155138004,holt_winters,PASCO
2016-02-22,0.3663446497195628,0.4780246319597628,holt_winters,PASCO
2016-02-29,0.3663446497195628,0.5803150137338293,holt_winters,PASCO
2016-03-07,0.0,0.5234527647220577,holt_winters,PASCO
2016-03-14,0.3663446497195628,0.0,holt_winters,PASCO
2016-03-21,1.0990339491586891,0.0273145869191294,holt_winters,PASCO
2016-03-28,1.0990339491586891,0.0,holt_winters,PASCO
2016-04-04,0.732689299439126,0.0,holt_winters,PASCO
2016-04-11,0.3663446497195628,0.6432592277667761,holt_winters,PASCO
2016-04-18,1.4653785988782522,0.6488553234721337,holt_winters,PASCO
2016-04-25,2.1980678983173783,0.5946543559059159,holt_winters,PASCO
2016-05-02,2.1980678983173783,0.7896414862782837,holt_winters,PASCO
2016-05-09,1.4653785988782522,1.714395078859647,holt_winters,PASCO
2016-05-16,1.0990339491586893,2.0996537920109817,holt_winters,PASCO
2016-05-23,1.0990339491586893,1.7974785208691286,holt_winters,PASCO
2016-05-30,1.4653785988782522,2.6578298134752276,holt_winters,PASCO
2016-06-06,1.4653785988782522,1.282746159211499,holt_winters,PASCO
2016-06-13,1.4653785988782522,1.264341369418858,holt_winters,PASCO
2016-06-20,1.4653785988782522,1.0011047994140974,holt_winters,PASCO
2016-06-27,1.4653785988782522,0.7534071551629957,holt_winters,PASCO
2016-07-04,1.0990339491586891,1.1710271030185226,holt_winters,PASCO
2016-07-11,1.0990339491586891,1.067637074722367,holt_winters,PASCO
2016-07-18,1.4653785988782522,1.0969976911201615,holt_winters,PASCO
2016-07-25,2.1980678983173787,1.3964212753433625,holt_winters,PASCO
2016-08-01,1.4653785988782522,2.024566177745847,holt_winters,PASCO
2016-08-08,0.732689299439126,2.367877902078918,holt_winters,PASCO
2016-08-15,0.0,2.0218466754931153,holt_winters,PASCO
2016-08-22,0.0,2.2249966062494817,holt_winters,PASCO
2016-08-29,0.732689299439126,0.0,holt_winters,PASCO
2016-09-05,0.732689299439126,0.0,holt_winters,PASCO
2016-09-12,1.4653785988782522,0.0,holt_winters,PASCO
2016-09-19,1.0990339491586891,0.0,holt_winters,PASCO
2016-09-26,1.4653785988782522,1.0847298746609453,holt_winters,PASCO
2016-10-03,1.0990339491586893,1.0982829541552928,holt_winters,PASCO
2016-10-10,1.0990339491586893,1.192094220987661,holt_winters,PASCO
2016-10-17,1.8317232485978152,1.087676445278844,holt_winters,PASCO
2016-10-24,1.8317232485978152,2.0279593495726442,holt_winters,PASCO
2016-10-31,1.4653785988782522,1.8286085061172779,holt_winters,PASCO
2016-11-07,0.732689299439126,2.2092831089582776,holt_winters,PASCO
2016-11-14,0.3663446497195628,1.4677126843796855,holt_winters,PASCO
2016-11-21,1.0990339491586891,0.14171549421407223,holt_winters,PASCO
2016-11-28,1.0990339491586891,0.16839930467832773,holt_winters,PASCO
2016-12-05,1.8317232485978152,0.1382582525862663,holt_winters,PASCO
2016-12-12,1.4653785988782522,0.15026075538494607,holt_winters,PASCO
2016-12-19,1.8317232485978152,1.1771001174116384,holt_winters,PASCO
2016-12-26,3.6634464971956313,1.9330482578892072,holt_winters,PASCO
2017-01-02,3.2971018474760676,2.9010487326744343,holt_winters,PASCO
2017-01-09,3.299339202356841,4.07068072103836,holt_winters,PASCO
2017-01-16,1.1023899814798481,3.297793135368626,holt_winters,PASCO
2017-01-23,1.1023899814798481,3.032288378229568,holt_winters,PASCO
2017-01-30,1.102389981479848,2.138547871800794,holt_winters,PASCO
2017-02-06,1.4698533086397976,1.8851987935160137,holt_winters,PASCO
2017-02-13,1.4698533086397976,1.481421097706578,holt_winters,PASCO
2017-02-20,1.8373166357997472,1.3651326825518306,holt_winters,PASCO
2017-02-27,1.4698533086397976,1.5278465793684832,holt_winters,PASCO
2017-03-06,2.2047799629596967,1.233559060310816,holt_winters,PASCO
2017-03-13,1.4698533086397976,2.611863290039274,holt_winters,PASCO
2017-03-20,1.4698533086397976,2.8768190958920705,holt_winters,PASCO
2017-03-27,2.2047799629596967,2.84872827145309,holt_winters,PASCO
2017-04-03,2.572243290119646,2.502835311436652,holt_winters,PASCO
2017-04-10,3.307169944439545,1.9759056718994752,holt_winters,PASCO
2017-04-17,2.2047799629596967,2.3623475101770826,holt_winters,PASCO
2017-04-24,1.8373166357997475,2.6282893750832828,holt_winters,PASCO
2017-05-01,1.1023899814798483,3.1537503777593576,holt_winters,PASCO
2017-05-08,1.4698533086397978,0.7210982795500582,holt_winters,PASCO
2017-05-15,2.2047799629596967,0.9248945645792861,holt_winters,PASCO
2017-05-22,1.8373166357997472,0.8403744338938062,holt_winters,PASCO
2017-05-29,1.8373166357997472,1.3946202649178083,holt_winters,PASCO
2017-06-05,1.1023899814798481,1.8319761957858018,holt_winters,PASCO
2017-06-12,1.1023899814798481,1.8416995190348642,holt_winters,PASCO
2017-06-19,0.7349266543198988,1.589502143238347,holt_winters,PASCO
2017-06-26,0.3674633271599493,1.4663474376629257,holt_winters,PASCO
2017-07-03,0.7349266543198988,0.23550462733404612,holt_winters,PASCO
2017-07-10,0.7349266543198988,0.19629705872740374,holt_winters,PASCO
2017-07-17,1.4698533086397976,0.15697667898206083,holt_winters,PASCO
2017-07-24,1.1023899814798483,0.2707941969905487,holt_winters,PASCO
2017-07-31,0.7349266543198988,1.0221144360441006,holt_winters,PASCO
2017-08-07,0.7349266543198988,1.0180692011180486,holt_winters,PASCO
2017-08-14,1.4698533086397976,0.7476742190117314,holt_winters,PASCO
2017-08-21,1.8373166357997472,1.0044901234613524,holt_winters,PASCO
2017-08-28,1.1023899814798481,1.8566512921546625,holt_winters,PASCO
2017-09-04,0.7349266543198988,2.0383711896686543,holt_winters,PASCO
2017-09-11,1.4698533086397978,2.0266627838725984,holt_winters,PASCO
2017-09-18,2.2047799629596967,1.7866501049814478,holt_winters,PASCO
2017-09-25,2.5722432901196464,2.1794732625290223,holt_winters,PASCO
2017-10-02,1.8373166357997472,2.082700373484713,holt_winters,PASCO
2017-10-09,1.8373166357997472,2.207933481722067,holt_winters,PASCO
2017-10-16,1.4698533086397978,2.2342198218291345,holt_winters,PASCO
2017-10-23,1.8373166357997475,1.5691183119334777,holt_winters,PASCO
2017-10-30,1.1023899814798483,1.527375373050198,holt_winters,PASCO
2017-11-06,1.1023899814798483,1.6295457911731153,holt_winters,PASCO
2017-11-13,0.7349266543198989,0.9526506829884693,holt_winters,PASCO
2017-11-20,1.4698533086397978,0.7131559953455411,holt_winters,PASCO
2017-11-27,1.1023899814798483,0.6989896314029667,holt_winters,PASCO
2017-12-04,2.2047799629596967,0.7107253627307113,holt_winters,PASCO
2017-12-11,2.5722432901196464,0.6433504619082913,holt_winters,PASCO
2017-12-18,2.9397066172795956,2.7602580128927556,holt_winters,PASCO
2017-12-25,1.8373166357997472,4.126816617875621,holt_winters,PASCO
2018-01-01,1.4713904497597152,4.739549355349045,holt_winters,PASCO
2018-01-08,2.9450866111993066,4.739549355349045,holt_winters,PASCO
2018-01-15,3.682318977199081,2.1889117614134057,holt_winters,PASCO
2018-01-22,4.787014670358806,2.2013487169043247,holt_winters,PASCO
2018-01-29,4.050550874918989,1.7318272496165923,holt_winters,PASCO
2018-02-05,2.9458551817592653,1.6057233416096741,holt_winters,PASCO
2018-02-12,1.8411594885995413,2.834485626907457,holt_winters,PASCO
2018-02-19,0.7364637954398168,2.462020156348312,holt_winters,PASCO
2018-02-26,1.104695693159725,2.5570629479739373,holt_winters,PASCO
2018-03-05,0.36823189771990866,2.6778394053003685,holt_winters,PASCO
2018-03-12,0.36823189771990866,0.44670969283951695,holt_winters,PASCO
2018-03-19,0.0,0.6352835700725086,holt_winters,PASCO
2018-03-26,0.36823189771990866,0.6182578145328732,holt_winters,PASCO
2018-04-02,0.7364637954398168,0.4887023047138844,holt_winters,PASCO
2018-04-09,1.4729275908796329,0.7013274029537131,holt_winters,PASCO
2018-04-16,1.104695693159725,0.854637033972939,holt_winters,PASCO
2018-04-23,2.9458551817592653,1.0184699711818856,holt_winters,PASCO
2018-04-30,2.577623284039357,1.116606662678727,holt_winters,PASCO
2018-05-07,2.577623284039357,2.32928176247589,holt_winters,PASCO
2018-05-14,0.7364637954398168,2.482942096686973,holt_winters,PASCO
2018-05-21,1.104695693159725,2.1872821231890174,holt_winters,PASCO
2018-05-28,1.4729275908796329,2.848376513453614,holt_winters,PASCO
2018-06-04,1.8411594885995413,1.2346530209111317,holt_winters,PASCO
2018-06-11,1.8411594885995413,1.240180000436069,holt_winters,PASCO
2018-06-18,1.8411594885995408,1.002263399494093,holt_winters,PASCO
2018-06-25,3.3140870794791737,0.9018136990251482,holt_winters,PASCO
2018-07-02,4.050550874918989,3.1015565738152686,holt_winters,PASCO
2018-07-09,4.787014670358805,2.8266509179559174,holt_winters,PASCO
2018-07-16,3.682318977199081,2.9969018755141583,holt_winters,PASCO
2018-07-23,4.05055087491899,3.262812548227431,holt_winters,PASCO
2018-07-30,2.9458551817592658,3.8029646292945145,holt_winters,PASCO
2018-08-06,1.8411594885995413,3.807297464525816,holt_winters,PASCO
2018-08-13,0.36823189771990866,3.4651124971526164,holt_winters,PASCO
2018-08-20,0.36823189771990866,4.375035356836402,holt_winters,PASCO
2018-08-27,0.36823189771990866,0.4529709572890729,holt_winters,PASCO
2018-09-03,0.36823189771990866,0.5409569764108915,holt_winters,PASCO
2018-09-10,0.7364637954398168,0.5442494310659929,holt_winters,PASCO
2018-09-17,1.8411594885995413,0.4680404468915729,holt_winters,PASCO
2018-09-24,1.4729275908796329,1.9876328374935004,holt_winters,PASCO
2018-10-01,1.8411594885995413,1.6982648587704028,holt_winters,PASCO
2018-10-08,2.577623284039358,1.8929499037176174,holt_winters,PASCO
2018-10-15,4.418782772638898,1.6987883971061875,holt_winters,PASCO
2018-10-22,5.155246568078715,4.7640113058280535,holt_winters,PASCO
2018-10-29,3.6823189771990816,4.445370606127988,holt_winters,PASCO
2018-11-05,2.9458551817592658,4.686197797290536,holt_winters,PASCO
2018-11-12,1.8411594885995413,3.4536585332122405,holt_winters,PASCO
2018-11-19,2.9458551817592653,2.2878934695418893,holt_winters,PASCO
2018-11-26,2.2093913863194494,2.0568642875878043,holt_winters,PASCO
2018-12-03,2.9458551817592653,2.389985462306655,holt_winters,PASCO
2018-12-10,3.3140870794791737,2.3616300315672554,holt_winters,PASCO
2018-12-17,3.3140870794791737,2.9768479335446894,holt_winters,PASCO
2018-12-24,3.3140870794791737,4.160104139986584,holt_winters,PASCO
2018-12-31,1.8411594885995413,4.113570366054294,holt_winters,PASCO
2019-01-07,1.4729275908796329,4.787014670358805,holt_winters,PASCO
2019-01-14,0.737235587756809,1.032379899423891,holt_winters,PASCO
2019-01-21,1.1070110701107017,1.1983613377126932,holt_winters,PASCO
2019-01-28,1.8450184501845024,0.8786752246298233,holt_winters,PASCO
2019-02-04,2.9520295202952034,0.7546676915645474,holt_winters,PASCO
2019-02-11,2.583025830258303,2.6072248183362063,holt_winters,PASCO
2019-02-18,3.3210332103321036,1.9594495994887722,holt_winters,PASCO
2019-02-25,2.9520295202952034,2.1625035194649187,holt_winters,PASCO
2019-03-04,3.3210332103321036,2.145965659112713,holt_winters,PASCO
2019-03-11,2.214022140221403,3.360299354871774,holt_winters,PASCO
2019-03-18,1.476014760147602,3.4342875459368827,holt_winters,PASCO
2019-03-25,2.5830258302583036,3.6319728122900052,holt_winters,PASCO
2019-04-01,4.059040590405905,3.3655293080184228,holt_winters,PASCO
2019-04-08,4.7970479704797055,4.176323937171284,holt_winters,PASCO
2019-04-15,2.952029520295204,4.251668948459191,holt_winters,PASCO
2019-04-22,2.214022140221403,4.787014670358805,holt_winters,PASCO
2019-04-29,2.214022140221403,4.787014670358805,holt_winters,PASCO
2019-05-06,2.952029520295204,2.26509507493019,holt_winters,PASCO
2019-05-13,2.583025830258303,1.8500481524568886,holt_winters,PASCO
2019-05-20,2.583025830258303,1.6287194921155121,holt_winters,PASCO
2019-05-27,4.059040590405905,2.1926418984683487,holt_winters,PASCO
2019-06-03,4.428044280442806,3.840084936626342,holt_winters,PASCO
2019-06-10,4.059040590405905,4.09279004674514,holt_winters,PASCO
2019-06-17,4.059040590405905,3.5237622208585115,holt_winters,PASCO
2019-06-24,3.690036900369005,3.462230216193724,holt_winters,PASCO
2019-07-01,4.059040590405905,3.6488282107310424,holt_winters,PASCO
2019-07-08,2.952029520295204,3.2470118154823258,holt_winters,PASCO
2019-07-15,2.583025830258303,3.3622888334916254,holt_winters,PASCO
2019-07-22,1.8450184501845026,3.368163232511608,holt_winters,PASCO
2019-07-29,1.107011070110701,1.305472852818597,holt_winters,PASCO
2019-08-05,2.2140221402214024,0.9980567824766067,holt_winters,PASCO
2019-08-12,1.845018450184502,0.6625765625621085,holt_winters,PASCO
2019-08-19,1.8450184501845024,0.9301361391891421,holt_winters,PASCO
2019-08-26,0.7380073800738013,1.9302506807174544,holt_winters,PASCO
2019-09-02,1.107011070110701,1.8948670516012278,holt_winters,PASCO
2019-09-09,1.107011070110701,2.171423106062728,holt_winters,PASCO
2019-09-16,1.476014760147602,2.4402539867837905,holt_winters,PASCO
2019-09-23,1.476014760147602,1.7564840926769327,holt_winters,PASCO
2019-09-30,1.476014760147602,1.6119247159598968,holt_winters,PASCO
2019-10-07,1.107011070110701,1.9144885832480396,holt_winters,PASCO
2019-10-14,1.107011070110701,2.2415694397222694,holt_winters,PASCO
2019-10-21,1.476014760147602,1.4314195432936225,holt_winters,PASCO
2019-10-28,1.845018450184502,1.0229656446675022,holt_winters,PASCO
2019-11-04,2.214022140221402,0.8982697904985011,holt_winters,PASCO
2019-11-11,2.583025830258303,0.44030641761463163,holt_winters,PASCO
2019-11-18,2.214022140221403,3.7217296151382735,holt_winters,PASCO
2019-11-25,1.8450184501845026,3.3284861466005884,holt_winters,PASCO
2019-12-02,1.107011070110701,3.9535914145371622,holt_winters,PASCO
2019-12-09,1.107011070110701,3.956206179132379,holt_winters,PASCO
2019-12-16,0.7380073800738013,1.2507367028220506,holt_winters,PASCO
2019-12-23,1.8450184501845024,1.6346393511454562,holt_winters,PASCO
2019-12-30,1.8450184501845024,1.1678894182982913,holt_winters,PASCO
2020-01-06,2.2147971745958146,1.6845868410721585,holt_winters,PASCO
2020-01-13,1.4783398632708378,1.6512540516754268,holt_winters,PASCO
2020-01-20,2.5884510708791866,1.934288783383487,holt_winters,PASCO
2020-01-27,3.328008519701811,1.6228825542001477,holt_winters,PASCO
2020-02-03,3.328008519701811,1.6245434825313803,holt_winters,PASCO
2020-02-10,2.5884510708791866,3.1298108563280085,holt_winters,PASCO
2020-02-17,2.2186723464678737,2.72184452351415,holt_winters,PASCO
2020-02-24,2.2186723464678737,2.9048213032521333,holt_winters,PASCO
2020-03-02,2.2186723464678737,2.6920535205193885,holt_winters,PASCO
2020-03-09,2.5884510708791866,2.0151728706882612,holt_winters,PASCO
2020-03-16,2.5884510708791866,1.95336459410206,holt_winters,PASCO
2020-03-23,2.5884510708791866,2.5308437765500993,holt_winters,PASCO
2020-03-30,1.848893622056562,2.780077410392839,holt_winters,PASCO
2020-04-06,1.1093361732339375,2.1865819928170307,holt_winters,PASCO
2020-04-13,0.3697787244113129,1.7755692610294305,holt_winters,PASCO
2020-04-20,0.0,2.3822224862178714,holt_winters,PASCO
2020-04-27,0.7395574488226252,2.4027094857144933,holt_winters,PASCO
2020-05-04,0.7395574488226252,0.7890281159210766,holt_winters,PASCO
2020-05-11,1.848893622056562,0.5435157234025527,holt_winters,PASCO
2020-05-18,1.1093361732339375,0.43271205135645985,holt_winters,PASCO
2020-05-25,1.4791148976452497,0.8278282093451683,holt_winters,PASCO
2020-06-01,0.7395574488226252,1.4219171512322744,holt_winters,PASCO
2020-06-08,1.4791148976452497,1.5223531818732998,holt_winters,PASCO
2020-06-15,1.848893622056562,1.3152754467542,holt_winters,PASCO
2020-06-22,1.8488936220565622,1.4281850496921282,holt_winters,PASCO
2020-06-29,2.218672346467874,2.0746140769493526,holt_winters,PASCO
2020-07-06,4.80712341734706,1.918462440701199,holt_winters,PASCO
2020-07-13,5.546680866169685,1.899951312761469,holt_winters,PASCO
2020-07-20,5.176902141758372,1.99073652619651,holt_winters,PASCO
2020-07-27,3.328008519701811,3.8008362909118807,holt_winters,PASCO
2020-08-03,2.958229795290498,3.6299772227857536,holt_winters,PASCO
2020-08-10,4.437344692935748,2.7028078021511104,holt_winters,PASCO
2020-08-17,5.546680866169685,2.9651788168884483,holt_winters,PASCO
2020-08-24,8.13513193704887,5.0955665714634035,holt_winters,PASCO
2020-08-31,8.13513193704887,5.034472414293769,holt_winters,PASCO
2020-09-07,6.656017039403622,5.164125353287375,holt_winters,PASCO
2020-09-14,4.437344692935748,5.164125353287375,holt_winters,PASCO
2020-09-21,3.697787244113124,4.59807981889725,holt_winters,PASCO
2020-09-28,3.697787244113123,4.1660112098604,holt_winters,PASCO
2020-10-05,4.067565968524435,4.568934725820838,holt_winters,PASCO
2020-10-12,2.958229795290499,5.1243257981689885,holt_winters,PASCO
2020-10-19,2.588451070879186,3.3900452193457893,holt_winters,PASCO
2020-10-26,2.588451070879186,2.8207457238366875,holt_winters,PASCO
2020-11-02,3.328008519701811,2.5350315912629457,holt_winters,PASCO
2020-11-09,2.588451070879186,2.012356729737558,holt_winters,PASCO
2020-11-16,1.8488936220565613,3.5882252983820964,holt_winters,PASCO
2020-11-23,2.2186723464678733,3.1793969844733008,holt_winters,PASCO
2020-11-30,2.5884510708791857,3.573289286520602,holt_winters,PASCO
2020-12-07,3.3280085197018097,3.635055665069723,holt_winters,PASCO
2020-12-14,2.5884510708791857,3.3629310764297333,holt_winters,PASCO
2020-12-21,3.3280085197018106,3.953787552188831,holt_winters,PASCO
2020-12-28,5.176902141758371,3.135710148101187,holt_winters,PASCO
2021-01-04,7.401800863451267,4.2092631770557976,holt_winters,PASCO
2021-01-11,9.620473209919139,5.233301137669093,holt_winters,PASCO
2021-01-18,9.62047320991914,6.593549393023772,holt_winters,PASCO
2021-01-25,9.984025559105431,6.444757706745993,holt_winters,PASCO
2021-02-01,9.984025559105431,6.637734354964165,holt_winters,PASCO
2021-02-08,9.984025559105431,8.366501115285805,holt_winters,PASCO
2021-02-15,9.984025559105431,7.360438273096886,holt_winters,PASCO
2021-02-22,8.50880214597582,7.212596258141808,holt_winters,PASCO
2021-03-01,6.663021711531769,6.5135390842889045,holt_winters,PASCO
2021-03-08,5.187798298402158,5.821975325710366,holt_winters,PASCO
2021-03-15,6.663021711531769,5.420419313504234,holt_winters,PASCO
2021-03-22,6.292464690217329,6.554774491093864,holt_winters,PASCO
2021-03-29,4.4396795836451295,6.803074305394688,holt_winters,PASCO
2021-04-05,1.482228085257759,4.978232911322615,holt_winters,PASCO
2021-04-12,0.7411140426288791,3.9057273977271816,holt_winters,PASCO
2021-04-19,1.8527851065721987,3.905925439698116,holt_winters,PASCO
2021-04-26,3.335013191829958,3.8665953139186904,holt_winters,PASCO
2021-05-03,5.187798298402157,3.732519634068007,holt_winters,PASCO
2021-05-10,5.187798298402158,3.541604063700455,holt_winters,PASCO
2021-05-17,4.817241277087717,3.3508012190245484,holt_winters,PASCO
2021-05-24,3.705570213144398,4.14530315713921,holt_winters,PASCO
2021-05-31,3.335013191829958,3.1922740747051837,holt_winters,PASCO
2021-06-07,2.964456170515518,3.486622874825513,holt_winters,PASCO
2021-06-14,2.9644561705155184,3.4757016337639346,holt_winters,PASCO
2021-06-21,2.964456170515518,3.596547254890538,holt_winters,PASCO
2021-06-28,2.2233421278866383,3.59073146322451,holt_winters,PASCO
2021-07-05,1.4822280852577585,4.041373292144238,holt_winters,PASCO
2021-07-12,1.1116710639433196,4.367032496403513,holt_winters,PASCO
2021-07-19,1.4822280852577585,4.234557965052794,holt_winters,PASCO
2021-07-26,1.1116710639433187,0.8833747820116435,holt_winters,PASCO
2021-08-02,0.7411140426288787,0.8079238397985884,holt_winters,PASCO
2021-08-09,0.0,0.5975625410207117,holt_winters,PASCO
2021-08-16,0.7411140426288788,0.7351124820969124,holt_winters,PASCO
2021-08-23,1.1116710639433187,0.5540191300808639,holt_winters,PASCO
2021-08-30,1.1116710639433187,0.5477459358477259,holt_winters,PASCO
2021-09-06,0.37055702131443896,0.7989176915679941,holt_winters,PASCO
2021-09-13,0.0,0.9485619369985598,holt_winters,PASCO
2021-09-20,0.7411140426288788,0.0,holt_winters,PASCO
2021-09-27,1.1116710639433187,0.0,holt_winters,PASCO
2021-10-04,1.1116710639433187,0.0,holt_winters,PASCO
2021-10-11,0.7411140426288788,0.03056025626985683,holt_winters,PASCO
2021-10-18,0.37055702131443896,0.8917266659462162,holt_winters,PASCO
2021-10-25,0.37055702131443896,0.7060009085446153,holt_winters,PASCO
2021-11-01,0.7411140426288788,0.6493213104579714,holt_winters,PASCO
2021-11-08,0.7411140426288788,0.4055049706423287,holt_winters,PASCO
2021-11-15,0.7411140426288788,0.9003238358600105,holt_winters,PASCO
2021-11-22,0.0,0.746788145966425,holt_winters,PASCO
2021-11-29,0.0,1.007133564620653,holt_winters,PASCO
2021-12-06,0.0,1.095326937646386,holt_winters,PASCO
2021-12-13,1.4822280852577585,0.0,holt_winters,PASCO
2021-12-20,1.8527851065721983,0.11927582099236847,holt_winters,PASCO
2021-12-27,2.9644561705155184,0.06695607582580392,holt_winters,PASCO
2022-01-03,1.4822280852577585,0.251851612011239,holt_winters,PASCO
2022-01-10,1.4830096653336104,1.359932825708953,holt_winters,PASCO
2022-01-17,0.7426772027805826,1.7401830825298044,holt_winters,PASCO
2022-01-24,1.485354405561166,1.9447187421141976,holt_winters,PASCO
2022-01-31,1.485354405561166,2.0772493575767887,holt_winters,PASCO
2022-02-07,2.5993702097320415,1.1402164151254568,holt_winters,PASCO
2022-02-14,1.8566930069514578,0.9777705984389495,holt_winters,PASCO
2022-02-21,1.4853544055611658,0.8729150748348109,holt_winters,PASCO
2022-02-28,0.7426772027805822,0.74016990445122,holt_winters,PASCO
2022-03-07,0.7426772027805822,0.582328807256413,holt_winters,PASCO
2022-03-14,0.7426772027805822,0.4574084309023433,holt_winters,PASCO
2022-03-21,0.37133860139029057,0.729696378008962,holt_winters,PASCO
2022-03-28,0.37133860139029057,0.7790979406221223,holt_winters,PASCO
2022-04-04,1.114015804170874,0.18347351499959946,holt_winters,PASCO
2022-04-11,1.4853544055611658,0.0,holt_winters,PASCO
2022-04-18,1.8566930069514573,0.00444957609045512,holt_winters,PASCO
2022-04-25,1.1140158041708739,0.15476195915149588,holt_winters,PASCO
2022-05-02,0.7426772027805821,1.4351308402223895,holt_winters,PASCO
2022-05-09,0.7426772027805821,1.4014229318803353,holt_winters,PASCO
2022-05-16,0.7426772027805821,1.2642073056630863,holt_winters,PASCO
2022-05-23,0.7426772027805821,1.4791520812220975,holt_winters,PASCO
2022-05-30,0.7426772027805821,0.6460117253109157,holt_winters,PASCO
2022-06-06,0.7426772027805821,0.7312100894158013,holt_winters,PASCO
2022-06-13,0.3713386013902904,0.7287464214784616,holt_winters,PASCO
2022-06-20,0.0,0.777981836467827,holt_winters,PASCO
2022-06-27,0.3713386013902904,0.04424518059964393,holt_winters,PASCO
2022-07-04,1.4853544055611654,0.06884487701649454,holt_winters,PASCO
2022-07-11,2.5993702097320406,0.05193708728940104,holt_winters,PASCO
2022-07-18,3.3420474125126254,0.0,holt_winters,PASCO
2022-07-25,2.5993702097320406,2.3288403910480655,holt_winters,PASCO
2022-08-01,2.2280316083417486,2.11274843910745,holt_winters,PASCO
2022-08-08,1.4853544055611654,1.6240768668693235,holt_winters,PASCO
2022-08-15,1.4853544055611654,2.0704124466060323,holt_winters,PASCO
2022-08-22,0.742677202780582,1.5070201523307247,holt_winters,PASCO
2022-08-29,1.4853544055611654,1.4836731351977521,holt_winters,PASCO
2022-09-05,1.1140158041708736,1.4565624346198365,holt_winters,PASCO
2022-09-12,1.1140158041708734,1.5706827456509553,holt_winters,PASCO
2022-09-19,0.37133860139029023,1.25852791781226,holt_winters,PASCO
2022-09-26,1.1140158041708739,1.3701694604090626,holt_winters,PASCO
2022-10-03,1.8566930069514571,1.4945289110697657,holt_winters,PASCO
2022-10-10,2.2280316083417504,1.456977970055437,holt_winters,PASCO
2022-10-17,1.8566930069514571,2.1834738171576973,holt_winters,PASCO
2022-10-24,1.1140158041708734,1.943174575845179,holt_winters,PASCO
2022-10-31,0.7426772027805818,2.194427971249349,holt_winters,PASCO
2022-11-07,1.8566930069514571,1.8473738118999017,holt_winters,PASCO
2022-11-14,2.970708811122332,1.8511771300795044,holt_winters,PASCO
2022-11-21,4.084724615293208,1.3432774714005498,holt_winters,PASCO
2022-11-28,2.9707088111223325,1.5334109077647735,holt_winters,PASCO
2022-12-05,2.5993702097320406,1.7162878440734368,holt_winters,PASCO
2010-12-27,2.518393265096868,1.7592519073604476,arima,PASCO
2011-01-03,3.6052655785184187,1.5066253935270817,arima,PASCO
2011-01-10,6.933274098220228,1.4110228201243915,arima,PASCO
2011-01-17,6.936514489974939,1.441973221800719,arima,PASCO
2011-01-24,5.132261504838374,3.6008046392027695,arima,PASCO
2011-01-31,2.1651035821638764,3.032170130340254,arima,PASCO
2011-02-07,2.1651035821638764,2.3175621334235896,arima,PASCO
2011-02-14,1.443402388109251,2.1095785558093554,arima,PASCO
2011-02-21,2.165103582163877,1.4720684474715022,arima,PASCO
2011-02-28,1.8042529851365636,1.7508963628169258,arima,PASCO
2011-03-07,1.8042529851365636,2.0371906415670207,arima,PASCO
2011-03-14,2.1651035821638764,2.212876445030828,arima,PASCO
2011-03-21,2.1651035821638764,2.333411447641614,arima,PASCO
2011-03-28,2.525954179191189,2.3527574407385328,arima,PASCO
2011-04-04,1.443402388109251,2.3086442613619518,arima,PASCO
2011-04-11,1.0825517910819382,2.2600213816467107,arima,PASCO
2011-04-18,1.0825517910819382,1.2744486085635778,arima,PASCO
2011-04-25,1.443402388109251,1.6226375283545922,arima,PASCO
2011-05-02,1.0825517910819382,1.9130853063430613,arima,PASCO
2011-05-09,1.0825517910819382,2.0607954099998724,arima,PASCO
2011-05-16,0.7217011940546255,1.3406357014675194,arima,PASCO
2011-05-23,0.7217011940546255,1.6194003321454624,arima,PASCO
2011-05-30,0.36085059702731276,1.8002238694722053,arima,PASCO
2011-06-06,0.7217011940546255,1.8688327365697397,arima,PASCO
2011-06-13,1.443402388109251,1.1575013190965269,arima,PASCO
2011-06-20,1.8042529851365636,1.4728249670732545,arima,PASCO
2011-06-27,1.8042529851365636,1.608280462941468,arima,PASCO
2011-07-04,1.0825517910819382,1.618786604463149,arima,PASCO
2011-07-11,1.443402388109251,0.9964249141279327,arima,PASCO
2011-07-18,0.7217011940546255,1.128801752561893,arima,PASCO
2011-07-25,1.0825517910819382,1.2993666895192133,arima,PASCO
2011-08-01,1.8042529851365636,1.4219619502967569,arima,PASCO
2011-08-08,2.525954179191189,1.9806316183338755,arima,PASCO
2011-08-15,2.1651035821638764,1.85270369276411,arima,PASCO
2011-08-22,0.7217011940546255,1.6781235249469169,arima,PASCO
2011-08-29,0.0,1.5588415458805556,arima,PASCO
2011-09-05,0.0,0.11964660465295304,arima,PASCO
2011-09-12,0.7217011940546255,0.5277002281351741,arima,PASCO
2011-09-19,0.7217011940546255,0.9835911775679611,arima,PASCO
2011-09-26,1.443402388109251,1.2811924459557966,arima,PASCO
2011-10-03,1.0825517910819382,1.693869411617678,arima,PASCO
2011-10-10,1.0825517910819382,1.628927697613387,arima,PASCO
2011-10-17,1.0825517910819382,1.396355467193887,arima,PASCO
2011-10-24,1.0825517910819382,1.1588223440503147,arima,PASCO
2011-10-31,1.8042529851365636,1.0398626681962657,arima,PASCO
2011-11-07,1.0825517910819382,1.0029605060173625,arima,PASCO
2011-11-14,1.443402388109251,0.981845354359169,arima,PASCO
2011-11-21,1.443402388109251,0.9773183102856995,arima,PASCO
2011-11-28,1.443402388109251,1.313040210286478,arima,PASCO
2011-12-05,1.443402388109251,1.1847693280908964,arima,PASCO
2011-12-12,1.443402388109251,1.1000816083686793,arima,PASCO
2011-12-19,1.443402388109251,1.0670303269581982,arima,PASCO
2011-12-26,1.0825517910819382,1.3313822647689144,arima,PASCO
2012-01-02,1.084722442755745,1.2357134169865969,arima,PASCO
2012-01-09,1.4466583656199612,1.1804439239503237,arima,PASCO
2012-01-16,1.8096796143210805,1.1660444847118159,arima,PASCO
2012-01-23,1.0858077685926484,1.745901550877515,arima,PASCO
2012-01-30,1.0858077685926482,1.557227127664944,arima,PASCO
2012-02-06,0.7238718457284322,1.369264624526723,arima,PASCO
2012-02-13,1.0858077685926484,1.2446808634317423,arima,PASCO
2012-02-20,2.8954873829137298,1.256592486593393,arima,PASCO
2012-02-27,3.981295151506378,1.3514988891871114,arima,PASCO
2012-03-05,3.619359228642162,1.3658709282221047,arima,PASCO
2012-03-12,1.4477436914568644,1.3279314412349223,arima,PASCO
2012-03-19,0.7238718457284322,0.8533909652184031,arima,PASCO
2012-03-26,0.7238718457284322,0.6386326464555729,arima,PASCO
2012-04-02,1.809679614321081,0.7991379560851879,arima,PASCO
2012-04-09,2.533551460049513,1.1248268212277508,arima,PASCO
2012-04-16,3.619359228642162,2.506374725054113,arima,PASCO
2012-04-23,2.895487382913729,2.1278148065264224,arima,PASCO
2012-04-30,2.1716155371852968,1.7316334665440278,arima,PASCO
2012-05-07,2.533551460049513,1.4725991201799027,arima,PASCO
2012-05-14,2.1716155371852968,2.179791987766327,arima,PASCO
2012-05-21,3.619359228642162,1.8558542102807292,arima,PASCO
2012-05-28,3.257423305777946,1.6613092126619726,arima,PASCO
2012-06-04,4.3432310743705935,1.5969885001081772,arima,PASCO
2012-06-11,2.895487382913729,3.5143913718688564,arima,PASCO
2012-06-18,2.1716155371852968,2.9096282693944633,arima,PASCO
2012-06-25,1.4477436914568644,2.3423711665807665,arima,PASCO
2012-07-02,0.7238718457284322,2.1420615101118683,arima,PASCO
2012-07-09,0.3619359228642161,0.9240723078712705,arima,PASCO
2012-07-16,1.0858077685926484,1.3726820090489165,arima,PASCO
2012-07-23,1.4477436914568644,2.0602030129759785,arima,PASCO
2012-07-30,1.809679614321081,2.56530668020096,arima,PASCO
2012-08-06,1.0858077685926484,2.0786446752368652,arima,PASCO
2012-08-13,1.4477436914568644,2.1279987617192937,arima,PASCO
2012-08-20,1.8096796143210805,2.0193778622289953,arima,PASCO
2012-08-27,1.8096796143210805,1.8560857683467358,arima,PASCO
2012-09-03,1.4477436914568642,1.8001667740159895,arima,PASCO
2012-09-10,0.7238718457284321,1.7560476305582826,arima,PASCO
2012-09-17,1.0858077685926482,1.708875117008195,arima,PASCO
2012-09-24,1.0858077685926484,1.6762836915238184,arima,PASCO
2012-10-01,1.4477436914568644,1.4634337627244793,arima,PASCO
2012-10-08,1.8096796143210805,1.3794297958631647,arima,PASCO
2012-10-15,1.4477436914568644,1.3409349489204363,arima,PASCO
2012-10-22,2.1716155371852968,1.1653903500765588,arima,PASCO
2012-10-29,2.533551460049513,1.986338192905825,arima,PASCO
2012-11-05,2.895487382913729,1.8386467347047755,arima,PASCO
2012-11-12,2.1716155371852963,1.5694170854631553,arima,PASCO
2012-11-19,0.723871845728432,1.4249778357715979,arima,PASCO
2012-11-26,0.36193592286421583,0.5890792334572139,arima,PASCO
2012-12-03,0.723871845728432,0.792571244292656,arima,PASCO
2012-12-10,0.723871845728432,1.1668287794975947,arima,PASCO
2012-12-17,0.723871845728432,1.541192539110074,arima,PASCO
2012-12-24,0.0,1.0222796522002349,arima,PASCO
2012-12-31,0.36193592286421583,1.3309261456535184,arima,PASCO
2013-01-07,2.9031305021331506,1.5280645794367773,arima,PASCO
2013-01-14,4.355241690286827,1.5742592098621886,arima,PASCO
2013-01-21,5.082389158537869,3.6724094428032465,arima,PASCO
2013-01-28,3.2672501733457735,2.4228465634135805,arima,PASCO
2013-02-04,2.1781667822305155,1.5567575003543417,arima,PASCO
2013-02-11,1.4521111881536768,1.1496669427962432,arima,PASCO
2013-02-18,1.815138985192096,1.158916119353397,arima,PASCO
2013-02-25,2.5411945792689346,1.137839356435698,arima,PASCO
2013-03-04,3.2672501733457735,1.2661530212545768,arima,PASCO
2013-03-11,2.904222376307354,1.4424713813503338,arima,PASCO
2013-03-18,2.9042223763073536,2.293114624871376,arima,PASCO
2013-03-25,3.630277970384192,1.8354474200827404,arima,PASCO
2013-04-01,3.630277970384192,1.6059413970137744,arima,PASCO
2013-04-08,3.993305767422612,1.556687480768412,arima,PASCO
2013-04-15,2.1781667822305155,3.6767397027841575,arima,PASCO
2013-04-22,2.5411945792689346,3.597757451780061,arima,PASCO
2013-04-29,1.0890833911152578,3.4376888845564473,arima,PASCO
2013-05-06,1.452111188153677,3.5354268967067988,arima,PASCO
2013-05-13,0.7260555940768385,1.4402584098534659,arima,PASCO
2013-05-20,1.0890833911152578,2.085074008271768,arima,PASCO
2013-05-27,1.452111188153677,2.0418308406628762,arima,PASCO
2013-06-03,1.8151389851920963,2.027462333100163,arima,PASCO
2013-06-10,2.1781667822305155,1.671859667122344,arima,PASCO
2013-06-17,1.8151389851920963,1.4589817858460292,arima,PASCO
2013-06-24,2.178166782230516,1.2704453441164643,arima,PASCO
2013-07-01,3.2672501733457735,1.2844416543547883,arima,PASCO
2013-07-08,3.2672501733457735,3.654612474618073,arima,PASCO
2013-07-15,3.6302779703841925,3.4916537448586737,arima,PASCO
2013-07-22,2.5411945792689346,2.9093285760538685,arima,PASCO
2013-07-29,3.6302779703841925,2.6520041602633575,arima,PASCO
2013-08-05,2.904222376307354,3.592856058433564,arima,PASCO
2013-08-12,3.2672501733457735,4.1701128841541735,arima,PASCO
2013-08-19,1.8151389851920967,3.687692836496084,arima,PASCO
2013-08-26,1.8151389851920967,3.6144050863856148,arima,PASCO
2013-09-02,0.7260555940768388,1.6966035999562656,arima,PASCO
2013-09-09,2.178166782230516,2.2318416166882042,arima,PASCO
2013-09-16,2.1781667822305155,2.3401353712690143,arima,PASCO
2013-09-23,2.1781667822305155,2.4338482345933214,arima,PASCO
2013-09-30,1.8151389851920967,1.4392401450269179,arima,PASCO
2013-10-07,2.178166782230516,1.3349758278638388,arima,PASCO
2013-10-14,2.9042223763073545,1.3064065509922456,arima,PASCO
2013-10-21,1.8151389851920967,1.5989301564116176,arima,PASCO
2013-10-28,1.089083391115258,1.6047637375735286,arima,PASCO
2013-11-04,1.0890833911152582,1.3033680266828012,arima,PASCO
2013-11-11,2.178166782230516,1.643294859875382,arima,PASCO
2013-11-18,1.8151389851920967,1.791854386474001,arima,PASCO
2013-11-25,1.0890833911152582,1.8182072215574818,arima,PASCO
2013-12-02,0.726055594076839,1.3132896738820334,arima,PASCO
2013-12-09,0.726055594076839,1.3843038259465343,arima,PASCO
2013-12-16,0.726055594076839,1.3777134026676543,arima,PASCO
2013-12-23,2.178166782230516,0.8760920925635884,arima,PASCO
2013-12-30,2.1781667822305164,0.8888093876352705,arima,PASCO
2014-01-06,2.54229438710837,0.8951582115150425,arima,PASCO
2014-01-13,1.820638024389268,0.8252859391082497,arima,PASCO
2014-01-20,2.184765629267121,1.753368025696136,arima,PASCO
2014-01-27,2.5488932341449746,1.600213133748913,arima,PASCO
2014-02-03,2.9130208390228276,1.8649650411439906,arima,PASCO
2014-02-10,2.9130208390228276,1.9254981882624542,arima,PASCO
2014-02-17,2.5488932341449746,2.732033322728876,arima,PASCO
2014-02-24,1.0923828146335604,2.5527306681677433,arima,PASCO
2014-03-03,0.7282552097557075,2.5321395923752306,arima,PASCO
2014-03-10,1.092382814633561,2.6038999063397736,arima,PASCO
2014-03-17,1.4565104195114145,1.721385300124623,arima,PASCO
2014-03-24,1.820638024389268,2.0591342158836365,arima,PASCO
2014-03-31,1.4565104195114145,1.842403777009412,arima,PASCO
2014-04-07,1.0923828146335604,1.5027264983043205,arima,PASCO
2014-04-14,1.4565104195114145,0.9251586836366399,arima,PASCO
2014-04-21,1.820638024389268,1.0282642594635583,arima,PASCO
2014-04-28,2.1847656292671207,1.192845909241624,arima,PASCO
2014-05-05,1.4565104195114145,1.2999029781635945,arima,PASCO
2014-05-12,0.7282552097557075,1.2443036602721325,arima,PASCO
2014-05-19,1.0923828146335608,1.0871170439369537,arima,PASCO
2014-05-26,1.4565104195114145,1.334154152449749,arima,PASCO
2014-06-02,2.184765629267121,1.4662352519826944,arima,PASCO
2014-06-09,1.820638024389268,2.001671788992152,arima,PASCO
2014-06-16,1.820638024389268,1.777271898749306,arima,PASCO
2014-06-23,1.4565104195114145,1.4359405437692052,arima,PASCO
2014-06-30,0.7282552097557075,1.4639995814836748,arima,PASCO
2014-07-07,0.7282552097557075,0.6846944045008356,arima,PASCO
2014-07-14,0.36412760487785406,0.7853787406146193,arima,PASCO
2014-07-21,0.7282552097557075,1.1210455223357134,arima,PASCO
2014-07-28,0.36412760487785406,1.2008530698799742,arima,PASCO
2014-08-04,1.092382814633561,0.5001366897071589,arima,PASCO
2014-08-11,1.092382814633561,0.357827331844895,arima,PASCO
2014-08-18,1.4565104195114145,0.49678550888935147,arima,PASCO
2014-08-25,2.9130208390228276,0.4494544997839421,arima,PASCO
2014-09-01,3.2771484439006815,2.9684996464059794,arima,PASCO
2014-09-08,5.097786468289947,2.704253857007477,arima,PASCO
2014-09-15,4.369531258534241,1.947429350496745,arima,PASCO
2014-09-22,4.733658863412095,1.8100365943592176,arima,PASCO
2014-09-29,2.913020839022828,3.8342524466839665,arima,PASCO
2014-10-06,2.184765629267121,3.996659082091938,arima,PASCO
2014-10-13,1.4565104195114145,3.8419516069208317,arima,PASCO
2014-10-20,1.092382814633561,4.220144518469544,arima,PASCO
2014-10-27,1.4565104195114145,1.28400732060735,arima,PASCO
2014-11-03,1.4565104195114145,1.600131717214519,arima,PASCO
2014-11-10,2.184765629267121,1.8790969525093688,arima,PASCO
2014-11-17,1.092382814633561,1.8322919436047371,arima,PASCO
2014-11-24,0.7282552097557075,1.0481812197603846,arima,PASCO
2014-12-01,0.7282552097557075,0.7727864053286522,arima,PASCO
2014-12-08,0.7282552097557075,1.1104620563146899,arima,PASCO
2014-12-15,0.7282552097557075,1.1772179261153641,arima,PASCO
2014-12-22,0.0,0.745927394008,arima,PASCO
2014-12-29,1.8206380243892675,0.7489049645737853,arima,PASCO
2015-01-05,2.551103550068783,0.7501040027824255,arima,PASCO
2015-01-12,3.6468018385880563,0.7421946445995597,arima,PASCO
2015-01-19,2.1913965770385473,2.0427827516748467,arima,PASCO
2015-01-26,2.5566293398783055,1.5785230621258397,arima,PASCO
2015-02-02,2.1913965770385473,1.1886333600893062,arima,PASCO
2015-02-09,2.1913965770385473,1.5768849497186257,arima,PASCO
2015-02-16,1.4609310513590315,2.066241294102334,arima,PASCO
2015-02-23,1.4609310513590315,2.201910466911591,arima,PASCO
2015-03-02,2.5566293398783047,2.215845035239216,arima,PASCO
2015-03-09,3.2870948655578207,2.2817114751928607,arima,PASCO
2015-03-16,3.2870948655578203,3.4450346109924688,arima,PASCO
2015-03-23,2.5566293398783047,2.8092218606539476,arima,PASCO
2015-03-30,1.8261638141987893,2.427489721906142,arima,PASCO
2015-04-06,1.0956982885192739,2.3016698176584356,arima,PASCO
2015-04-13,0.7304655256795161,1.2137013195932531,arima,PASCO
2015-04-20,0.3652327628397583,1.4437833731870962,arima,PASCO
2015-04-27,1.460931051359032,1.8503579417458935,arima,PASCO
2015-05-04,3.2870948655578207,1.8549791438281842,arima,PASCO
2015-05-11,4.017560391237336,4.171472299355823,arima,PASCO
2015-05-18,3.6523276283975776,3.1277161261598048,arima,PASCO
2015-05-25,1.8261638141987888,2.0969703877133368,arima,PASCO
2015-06-01,3.6523276283975776,1.6893009787933297,arima,PASCO
2015-06-08,3.6523276283975785,3.805628849091052,arima,PASCO
2015-06-15,4.748025916916851,5.1119212332748045,arima,PASCO
2015-06-22,3.2870948655578203,4.169974694725244,arima,PASCO
2015-06-29,3.6523276283975776,4.012927867120468,arima,PASCO
2015-07-06,2.5566293398783047,3.168061560033726,arima,PASCO
2015-07-13,1.8261638141987888,3.71857795937669,arima,PASCO
2015-07-20,1.0956982885192732,3.5995327016810332,arima,PASCO
2015-07-27,1.460931051359031,3.8535015095373657,arima,PASCO
2015-08-03,1.0956982885192732,1.7408925808925186,arima,PASCO
2015-08-10,1.4609310513590306,2.218583819050242,arima,PASCO
2015-08-17,1.460931051359031,2.0736772814286772,arima,PASCO
2015-08-24,2.1913965770385464,1.9304668674760128,arima,PASCO
2015-08-31,1.8261638141987888,2.021092410843827,arima,PASCO
2015-09-07,1.0956982885192732,2.0431067549692394,arima,PASCO
2015-09-14,0.36523276283975775,1.6933829655933765,arima,PASCO
2015-09-21,0.0,1.7281298100994649,arima,PASCO
2015-09-28,0.36523276283975775,0.10604229325778804,arima,PASCO
2015-10-05,0.36523276283975775,0.34660728105654104,arima,PASCO
2015-10-12,1.0956982885192732,0.5983151205852735,arima,PASCO
2015-10-19,1.0956982885192732,0.5703031541072432,arima,PASCO
2015-10-26,1.8261638141987886,1.1190150480144996,arima,PASCO
2015-11-02,1.4609310513590306,0.7401216829842758,arima,PASCO
2015-11-09,1.4609310513590306,0.7002944964697684,arima,PASCO
2015-11-16,1.0956982885192732,0.6726480496165914,arima,PASCO
2015-11-23,1.0956982885192732,1.1852505451018054,arima,PASCO
2015-11-30,1.0956982885192732,1.1840072495163958,arima,PASCO
2015-12-07,0.7304655256795153,1.3500898161057369,arima,PASCO
2015-12-14,0.7304655256795152,1.329223494971274,arima,PASCO
2015-12-21,0.7304655256795152,0.7182959733525487,arima,PASCO
2015-12-28,0.7304655256795152,0.870559119284025,arima,PASCO
2016-01-04,0.3652327628397574,0.8973769293158409,arima,PASCO
2016-01-11,1.8317232485978154,0.9137212190118094,arima,PASCO
2016-01-18,2.1980678983173783,1.8686552615096623,arima,PASCO
2016-01-25,2.1980678983173783,2.29487700833033,arima,PASCO
2016-02-01,0.732689299439126,1.4369676570468668,arima,PASCO
2016-02-08,0.3663446497195628,1.3277125492885924,arima,PASCO
2016-02-15,0.732689299439126,0.31399386712573774,arima,PASCO
2016-02-22,0.3663446497195628,0.7068227000763225,arima,PASCO
2016-02-29,0.3663446497195628,0.9757675697582704,arima,PASCO
2016-03-07,0.0,1.0704929917560637,arima,PASCO
2016-03-14,0.3663446497195628,0.08327349019305796,arima,PASCO
2016-03-21,1.0990339491586891,0.08699107128688852,arima,PASCO
2016-03-28,1.0990339491586891,0.24691566471473128,arima,PASCO
2016-04-04,0.732689299439126,0.2273069228678604,arima,PASCO
2016-04-11,0.3663446497195628,0.41114652128622686,arima,PASCO
2016-04-18,1.4653785988782522,0.3644791357747442,arima,PASCO
2016-04-25,2.1980678983173783,0.47035368040334935,arima,PASCO
2016-05-02,2.1980678983173783,0.623899241079481,arima,PASCO
2016-05-09,1.4653785988782522,1.5015777654102136,arima,PASCO
2016-05-16,1.0990339491586893,1.1783162441100954,arima,PASCO
2016-05-23,1.0990339491586893,1.1445170378756413,arima,PASCO
2016-05-30,1.4653785988782522,1.3785399802927465,arima,PASCO
2016-06-06,1.4653785988782522,1.6795063408763373,arima,PASCO
2016-06-13,1.4653785988782522,1.7045263427406314,arima,PASCO
2016-06-20,1.4653785988782522,1.5268213817671663,arima,PASCO
2016-06-27,1.4653785988782522,1.4202913429467525,arima,PASCO
2016-07-04,1.0990339491586891,1.4651157604229819,arima,PASCO
2016-07-11,1.0990339491586891,1.4650912157879428,arima,PASCO
2016-07-18,1.4653785988782522,1.4650887858622679,arima,PASCO
2016-07-25,2.1980678983173787,1.4652030037243047,arima,PASCO
2016-08-01,1.4653785988782522,2.2558179074381224,arima,PASCO
2016-08-08,0.732689299439126,2.0433429393598437,arima,PASCO
2016-08-15,0.0,1.7028855235064508,arima,PASCO
2016-08-22,0.0,1.6532728342006244,arima,PASCO
2016-08-29,0.732689299439126,0.1540440618343866,arima,PASCO
2016-09-05,0.732689299439126,0.4785051901943228,arima,PASCO
2016-09-12,1.4653785988782522,0.5069565282849335,arima,PASCO
2016-09-19,1.0990339491586891,0.4246546347454059,arima,PASCO
2016-09-26,1.4653785988782522,1.0712401866366972,arima,PASCO
2016-10-03,1.0990339491586893,0.7781408573922244,arima,PASCO
2016-10-10,1.0990339491586893,0.8798834986852262,arima,PASCO
2016-10-17,1.8317232485978152,0.8976147386697322,arima,PASCO
2016-10-24,1.8317232485978152,2.077650060654553,arima,PASCO
2016-10-31,1.4653785988782522,2.1037284659779365,arima,PASCO
2016-11-07,0.732689299439126,1.7339919788360865,arima,PASCO
2016-11-14,0.3663446497195628,1.613216737676077,arima,PASCO
2016-11-21,1.0990339491586891,0.4257813166227721,arima,PASCO
2016-11-28,1.0990339491586891,0.6628056307965497,arima,PASCO
2016-12-05,1.8317232485978152,0.8655580168514885,arima,PASCO
2016-12-12,1.4653785988782522,0.8507576134164738,arima,PASCO
2016-12-19,1.8317232485978152,1.4366664963870552,arima,PASCO
2016-12-26,3.6634464971956313,1.1370880928686655,arima,PASCO
2017-01-02,3.2971018474760676,1.2422111960505653,arima,PASCO
2017-01-09,3.299339202356841,1.2615041133838583,arima,PASCO
2017-01-16,1.1023899814798481,2.4805534076813496,arima,PASCO
2017-01-23,1.1023899814798481,2.5454806423620076,arima,PASCO
2017-01-30,1.102389981479848,2.545427461734365,arima,PASCO
2017-02-06,1.4698533086397976,2.874852065223038,arima,PASCO
2017-02-13,1.4698533086397976,1.5039998096883052,arima,PASCO
2017-02-20,1.8373166357997472,1.5098540228329744,arima,PASCO
2017-02-27,1.4698533086397976,1.3447963100501936,arima,PASCO
2017-03-06,2.2047799629596967,1.3204642721473658,arima,PASCO
2017-03-13,1.4698533086397976,2.0508975308955084,arima,PASCO
2017-03-20,1.4698533086397976,2.509431244093724,arima,PASCO
2017-03-27,2.2047799629596967,2.252457902331595,arima,PASCO
2017-04-03,2.572243290119646,2.25738222936578,arima,PASCO
2017-04-10,3.307169944439545,2.60133886844858,arima,PASCO
2017-04-17,2.2047799629596967,2.2487882952965617,arima,PASCO
2017-04-24,1.8373166357997475,2.0982253285529318,arima,PASCO
2017-05-01,1.1023899814798483,2.0777304173012183,arima,PASCO
2017-05-08,1.4698533086397978,1.3426256760960538,arima,PASCO
2017-05-15,2.2047799629596967,1.4587543841356254,arima,PASCO
2017-05-22,1.8373166357997472,1.7898670672908081,arima,PASCO
2017-05-29,1.8373166357997472,1.6855607889502768,arima,PASCO
2017-06-05,1.1023899814798481,1.5457164492072968,arima,PASCO
2017-06-12,1.1023899814798481,1.6617637236983538,arima,PASCO
2017-06-19,0.7349266543198988,1.6666002766065566,arima,PASCO
2017-06-26,0.3674633271599493,1.788282032810729,arima,PASCO
2017-07-03,0.7349266543198988,0.3575323145819795,arima,PASCO
2017-07-10,0.7349266543198988,0.46348269788502355,arima,PASCO
2017-07-17,1.4698533086397976,0.6159922925334709,arima,PASCO
2017-07-24,1.1023899814798483,0.6282328633176111,arima,PASCO
2017-07-31,0.7349266543198988,1.0979222005928353,arima,PASCO
2017-08-07,0.7349266543198988,0.813251052883722,arima,PASCO
2017-08-14,1.4698533086397976,0.9190225115921,arima,PASCO
2017-08-21,1.8373166357997472,0.9236975231878413,arima,PASCO
2017-08-28,1.1023899814798481,1.8603650274393946,arima,PASCO
2017-09-04,0.7349266543198988,1.4813218747378034,arima,PASCO
2017-09-11,1.4698533086397978,1.3290960104116993,arima,PASCO
2017-09-18,2.2047799629596967,1.3116365136506931,arima,PASCO
2017-09-25,2.5722432901196464,2.4812205928240396,arima,PASCO
2017-10-02,1.8373166357997472,2.0137986417584504,arima,PASCO
2017-10-09,1.8373166357997472,1.6991577825947943,arima,PASCO
2017-10-16,1.4698533086397978,1.6048616214291243,arima,PASCO
2017-10-23,1.8373166357997475,1.7082808464642367,arima,PASCO
2017-10-30,1.1023899814798483,1.715654602825118,arima,PASCO
2017-11-06,1.1023899814798483,1.8740713946693837,arima,PASCO
2017-11-13,0.7349266543198989,1.7691476851964825,arima,PASCO
2017-11-20,1.4698533086397978,0.95871291460804,arima,PASCO
2017-11-27,1.1023899814798483,0.962031729370429,arima,PASCO
2017-12-04,2.2047799629596967,1.1251539548402563,arima,PASCO
2017-12-11,2.5722432901196464,1.0238481160946433,arima,PASCO
2017-12-18,2.9397066172795956,3.430084661367837,arima,PASCO
2017-12-25,1.8373166357997472,3.121453180600275,arima,PASCO
2018-01-01,1.4713904497597152,3.0677437396063736,arima,PASCO
2018-01-08,2.9450866111993066,3.2032379494282877,arima,PASCO
2018-01-15,3.682318977199081,3.338248730035178,arima,PASCO
2018-01-22,4.787014670358806,3.9282721273955925,arima,PASCO
2018-01-29,4.050550874918989,3.2947844145800023,arima,PASCO
2018-02-05,2.9458551817592653,3.5863994038846325,arima,PASCO
2018-02-12,1.8411594885995413,2.6693627722315507,arima,PASCO
2018-02-19,0.7364637954398168,2.359995024480038,arima,PASCO
2018-02-26,1.104695693159725,2.7093434675948487,arima,PASCO
2018-03-05,0.36823189771990866,2.53329137962574,arima,PASCO
2018-03-12,0.36823189771990866,0.4838657628237022,arima,PASCO
2018-03-19,0.0,0.1980450927104714,arima,PASCO
2018-03-26,0.36823189771990866,0.3883809544788202,arima,PASCO
2018-04-02,0.7364637954398168,0.327346855777856,arima,PASCO
2018-04-09,1.4729275908796329,0.9148387972542353,arima,PASCO
2018-04-16,1.104695693159725,0.9739619292039792,arima,PASCO
2018-04-23,2.9458551817592653,0.8582008629680753,arima,PASCO
2018-04-30,2.577623284039357,0.9315675778724515,arima,PASCO
2018-05-07,2.577623284039357,3.6568367218547913,arima,PASCO
2018-05-14,0.7364637954398168,2.6303873155550312,arima,PASCO
2018-05-21,1.104695693159725,3.0198184590690094,arima,PASCO
2018-05-28,1.4729275908796329,3.0551431172172565,arima,PASCO
2018-06-04,1.8411594885995413,1.833454696013209,arima,PASCO
2018-06-11,1.8411594885995413,1.727055352716564,arima,PASCO
2018-06-18,1.8411594885995408,1.6779878118572813,arima,PASCO
2018-06-25,3.3140870794791737,1.7556869129646446,arima,PASCO
2018-07-02,4.050550874918989,3.490365249328657,arima,PASCO
2018-07-09,4.787014670358805,4.0279487651652035,arima,PASCO
2018-07-16,3.682318977199081,3.5213399455948196,arima,PASCO
2018-07-23,4.05055087491899,3.7364068258309553,arima,PASCO
2018-07-30,2.9458551817592658,4.021752974869101,arima,PASCO
2018-08-06,1.8411594885995413,4.250223680756333,arima,PASCO
2018-08-13,0.36823189771990866,4.0722501108354985,arima,PASCO
2018-08-20,0.36823189771990866,4.132584593608306,arima,PASCO
2018-08-27,0.36823189771990866,0.2760222998512201,arima,PASCO
2018-09-03,0.36823189771990866,0.4901828624637637,arima,PASCO
2018-09-10,0.7364637954398168,0.34871960285902526,arima,PASCO
2018-09-17,1.8411594885995413,0.38290743524622123,arima,PASCO
2018-09-24,1.4729275908796329,2.7271936460599644,arima,PASCO
2018-10-01,1.8411594885995413,2.635146687945147,arima,PASCO
2018-10-08,2.577623284039358,2.353423678135287,arima,PASCO
2018-10-15,4.418782772638898,2.6108763382522437,arima,PASCO
2018-10-22,5.155246568078715,4.210077985206229,arima,PASCO
2018-10-29,3.6823189771990816,3.924608325463767,arima,PASCO
2018-11-05,2.9458551817592658,4.2363907928447055,arima,PASCO
2018-11-12,1.8411594885995413,4.087675465404167,arima,PASCO
2018-11-19,2.9458551817592653,1.8549031261718145,arima,PASCO
2018-11-26,2.2093913863194494,1.8514710868204607,arima,PASCO
2018-12-03,2.9458551817592653,1.8493593703296223,arima,PASCO
2018-12-10,3.3140870794791737,1.8522578137730745,arima,PASCO
2018-12-17,3.3140870794791737,4.245284246152229,arima,PASCO
2018-12-24,3.3140870794791737,4.062433601083319,arima,PASCO
2018-12-31,1.8411594885995413,3.8585877831879767,arima,PASCO
2019-01-07,1.4729275908796329,4.096711009219855,arima,PASCO
2019-01-14,0.737235587756809,1.015945967308796,arima,PASCO
2019-01-21,1.1070110701107017,1.1447747177072873,arima,PASCO
2019-01-28,1.8450184501845024,1.1885686100573642,arima,PASCO
2019-02-04,2.9520295202952034,1.1051652507432603,arima,PASCO
2019-02-11,2.583025830258303,3.284614101477864,arima,PASCO
2019-02-18,3.3210332103321036,3.264877281098191,arima,PASCO
2019-02-25,2.9520295202952034,3.1649893495657,arima,PASCO
2019-03-04,3.3210332103321036,3.2544063645253427,arima,PASCO
2019-03-11,2.214022140221403,2.8080890634415976,arima,PASCO
2019-03-18,1.476014760147602,2.988245411238006,arima,PASCO
2019-03-25,2.5830258302583036,3.007804710323068,arima,PASCO
2019-04-01,4.059040590405905,2.928404099779725,arima,PASCO
2019-04-08,4.7970479704797055,4.787014670358805,arima,PASCO
2019-04-15,2.952029520295204,4.787014670358805,arima,PASCO
2019-04-22,2.214022140221403,4.787014670358805,arima,PASCO
2019-04-29,2.214022140221403,4.787014670358805,arima,PASCO
2019-05-06,2.952029520295204,2.2090177405249025,arima,PASCO
2019-05-13,2.583025830258303,2.2521376470319736,arima,PASCO
2019-05-20,2.583025830258303,2.2177056609259322,arima,PASCO
2019-05-27,4.059040590405905,2.231298681360754,arima,PASCO
2019-06-03,4.428044280442806,4.791128323408375,arima,PASCO
2019-06-10,4.059040590405905,4.791128323408375,arima,PASCO
2019-06-17,4.059040590405905,4.696976312473001,arima,PASCO
2019-06-24,3.690036900369005,4.791128323408375,arima,PASCO
2019-07-01,4.059040590405905,3.8870888321523642,arima,PASCO
2019-07-08,2.952029520295204,3.268497515185203,arima,PASCO
2019-07-15,2.583025830258303,3.699764459255303,arima,PASCO
2019-07-22,1.8450184501845026,3.5567692783588924,arima,PASCO
2019-07-29,1.107011070110701,1.7032044986434416,arima,PASCO
2019-08-05,2.2140221402214024,1.7522433075059025,arima,PASCO
2019-08-12,1.845018450184502,1.7622211109264638,arima,PASCO
2019-08-19,1.8450184501845024,1.737425686013513,arima,PASCO
2019-08-26,0.7380073800738013,1.285260350104192,arima,PASCO
2019-09-02,1.107011070110701,1.4184465660384782,arima,PASCO
2019-09-09,1.107011070110701,1.5122668590611452,arima,PASCO
2019-09-16,1.476014760147602,1.3846913306009996,arima,PASCO
2019-09-23,1.476014760147602,1.3610238962532177,arima,PASCO
2019-09-30,1.476014760147602,1.469550518278301,arima,PASCO
2019-10-07,1.107011070110701,1.425251408481456,arima,PASCO
2019-10-14,1.107011070110701,1.4190962896723116,arima,PASCO
2019-10-21,1.476014760147602,1.116256147748239,arima,PASCO
2019-10-28,1.845018450184502,1.2162700114665368,arima,PASCO
2019-11-04,2.214022140221402,1.1316416378745555,arima,PASCO
2019-11-11,2.583025830258303,1.1599619342636522,arima,PASCO
2019-11-18,2.214022140221403,2.7869252918218126,arima,PASCO
2019-11-25,1.8450184501845026,2.780138883545077,arima,PASCO
2019-12-02,1.107011070110701,2.7045489806763143,arima,PASCO
2019-12-09,1.107011070110701,2.7677102349250773,arima,PASCO
2019-12-16,0.7380073800738013,0.9711630703883651,arima,PASCO
2019-12-23,1.8450184501845024,1.0838150989746227,arima,PASCO
2019-12-30,1.8450184501845024,1.0414068586518321,arima,PASCO
2020-01-06,2.2147971745958146,1.0361490083634508,arima,PASCO
2020-01-13,1.4783398632708378,1.713921093206999,arima,PASCO
2020-01-20,2.5884510708791866,1.89320718740891,arima,PASCO
2020-01-27,3.328008519701811,1.9283400694450266,arima,PASCO
2020-02-03,3.328008519701811,1.8312644923805608,arima,PASCO
2020-02-10,2.5884510708791866,2.992494788714924,arima,PASCO
2020-02-17,2.2186723464678737,2.8665544385806863,arima,PASCO
2020-02-24,2.2186723464678737,3.0860819482877693,arima,PASCO
2020-03-02,2.2186723464678737,2.955073433711752,arima,PASCO
2020-03-09,2.5884510708791866,2.2421026773004087,arima,PASCO
2020-03-16,2.5884510708791866,2.270115124449619,arima,PASCO
2020-03-23,2.5884510708791866,2.2390972652148706,arima,PASCO
2020-03-30,1.848893622056562,2.253792662342028,arima,PASCO
2020-04-06,1.1093361732339375,1.790381931017631,arima,PASCO
2020-04-13,0.3697787244113129,1.6318003542065682,arima,PASCO
2020-04-20,0.0,1.7814238676907155,arima,PASCO
2020-04-27,0.7395574488226252,1.715733079642776,arima,PASCO
2020-05-04,0.7395574488226252,0.9708847579467614,arima,PASCO
2020-05-11,1.848893622056562,1.4442277568079414,arima,PASCO
2020-05-18,1.1093361732339375,0.9584164399659258,arima,PASCO
2020-05-25,1.4791148976452497,1.1735827035595783,arima,PASCO
2020-06-01,0.7395574488226252,1.1039110229789575,arima,PASCO
2020-06-08,1.4791148976452497,1.1853035131193397,arima,PASCO
2020-06-15,1.848893622056562,1.246799716071226,arima,PASCO
2020-06-22,1.8488936220565622,1.1649140825109239,arima,PASCO
2020-06-29,2.218672346467874,1.5208200394921185,arima,PASCO
2020-07-06,4.80712341734706,1.4816495859385936,arima,PASCO
2020-07-13,5.546680866169685,1.62582638460548,arima,PASCO
2020-07-20,5.176902141758372,1.5189740167025296,arima,PASCO
2020-07-27,3.328008519701811,4.237621203134594,arima,PASCO
2020-08-03,2.958229795290498,4.8234591405716705,arima,PASCO
2020-08-10,4.437344692935748,4.673507778295804,arima,PASCO
2020-08-17,5.546680866169685,4.57063665223255,arima,PASCO
2020-08-24,8.13513193704887,5.164125353287375,arima,PASCO
2020-08-31,8.13513193704887,5.164125353287375,arima,PASCO
2020-09-07,6.656017039403622,5.164125353287375,arima,PASCO
2020-09-14,4.437344692935748,5.164125353287375,arima,PASCO
2020-09-21,3.697787244113124,3.5449149193744383,arima,PASCO
2020-09-28,3.697787244113123,3.7561081838266857,arima,PASCO
2020-10-05,4.067565968524435,3.9049723866177617,arima,PASCO
2020-10-12,2.958229795290499,3.699423524730501,arima,PASCO
2020-10-19,2.588451070879186,3.02397257327255,arima,PASCO
2020-10-26,2.588451070879186,2.7359619893793004,arima,PASCO
2020-11-02,3.328008519701811,2.946595333783894,arima,PASCO
2020-11-09,2.588451070879186,2.882654349443817,arima,PASCO
2020-11-16,1.8488936220565613,2.3425742424251514,arima,PASCO
2020-11-23,2.2186723464678733,2.065740434369577,arima,PASCO
2020-11-30,2.5884510708791857,2.378628753398145,arima,PASCO
2020-12-07,3.3280085197018097,2.225041305973022,arima,PASCO
2020-12-14,2.5884510708791857,3.0507833043399613,arima,PASCO
2020-12-21,3.3280085197018106,3.403426491623577,arima,PASCO
2020-12-28,5.176902141758371,3.213384914338855,arima,PASCO
2021-01-04,7.401800863451267,3.2371303655021118,arima,PASCO
2021-01-11,9.620473209919139,6.961788407263175,arima,PASCO
2021-01-18,9.62047320991914,6.961788407263175,arima,PASCO
2021-01-25,9.984025559105431,6.961788407263175,arima,PASCO
2021-02-01,9.984025559105431,6.961788407263175,arima,PASCO
2021-02-08,9.984025559105431,9.62047320991914,arima,PASCO
2021-02-15,9.984025559105431,9.62047320991914,arima,PASCO
2021-02-22,8.50880214597582,9.62047320991914,arima,PASCO
2021-03-01,6.663021711531769,9.62047320991914,arima,PASCO
2021-03-08,5.187798298402158,6.2269063754351635,arima,PASCO
2021-03-15,6.663021711531769,6.04723169738928,arima,PASCO
2021-03-22,6.292464690217329,6.342777999571111,arima,PASCO
2021-03-29,4.4396795836451295,6.17104619615859,arima,PASCO
2021-04-05,1.482228085257759,3.401378939984168,arima,PASCO
2021-04-12,0.7411140426288791,3.279274031966887,arima,PASCO
2021-04-19,1.8527851065721987,3.698954432801159,arima,PASCO
2021-04-26,3.335013191829958,3.412163560219393,arima,PASCO
2021-05-03,5.187798298402157,4.405075397199136,arima,PASCO
2021-05-10,5.187798298402158,3.729558702830862,arima,PASCO
2021-05-17,4.817241277087717,3.851137089889116,arima,PASCO
2021-05-24,3.705570213144398,3.9806719192748155,arima,PASCO
2021-05-31,3.335013191829958,3.13100579773603,arima,PASCO
2021-06-07,2.964456170515518,3.194465585551696,arima,PASCO
2021-06-14,2.9644561705155184,3.3302663297268067,arima,PASCO
2021-06-21,2.964456170515518,3.207290121068561,arima,PASCO
2021-06-28,2.2233421278866383,3.235474681833785,arima,PASCO
2021-07-05,1.4822280852577585,3.303993169470269,arima,PASCO
2021-07-12,1.1116710639433196,3.1612617374319,arima,PASCO
2021-07-19,1.4822280852577585,3.244408326211029,arima,PASCO
2021-07-26,1.1116710639433187,1.6178480247184117,arima,PASCO
2021-08-02,0.7411140426288787,1.6243867448488372,arima,PASCO
2021-08-09,0.0,1.5736589150908777,arima,PASCO
2021-08-16,0.7411140426288788,1.6091623640939425,arima,PASCO
2021-08-23,1.1116710639433187,0.7935554006775998,arima,PASCO
2021-08-30,1.1116710639433187,1.393759364130354,arima,PASCO
2021-09-06,0.37055702131443896,0.9135026856264992,arima,PASCO
2021-09-13,0.0,1.0581849624268407,arima,PASCO
2021-09-20,0.7411140426288788,0.028292661022951294,arima,PASCO
2021-09-27,1.1116710639433187,0.0,arima,PASCO
2021-10-04,1.1116710639433187,0.0,arima,PASCO
2021-10-11,0.7411140426288788,0.0,arima,PASCO
2021-10-18,0.37055702131443896,0.6336358400278876,arima,PASCO
2021-10-25,0.37055702131443896,0.7920983099700352,arima,PASCO
2021-11-01,0.7411140426288788,0.7151929245013349,arima,PASCO
2021-11-08,0.7411140426288788,0.7133563592879015,arima,PASCO
2021-11-15,0.7411140426288788,0.8746424132954844,arima,PASCO
2021-11-22,0.0,0.6213381925309727,arima,PASCO
2021-11-29,0.0,0.7451749150105569,arima,PASCO
2021-12-06,0.0,0.7498184770571374,arima,PASCO
2021-12-13,1.4822280852577585,0.11406910806168252,arima,PASCO
2021-12-20,1.8527851065721983,0.1010420750006411,arima,PASCO
2021-12-27,2.9644561705155184,0.06916953397830998,arima,PASCO
2022-01-03,1.4822280852577585,0.09589966180281066,arima,PASCO
2022-01-10,1.4830096653336104,1.6574189544155895,arima,PASCO
2022-01-17,0.7426772027805826,1.3508211171947053,arima,PASCO
2022-01-24,1.485354405561166,1.5071743521303396,arima,PASCO
2022-01-31,1.485354405561166,1.4911894238146992,arima,PASCO
2022-02-07,2.5993702097320415,1.849370196904844,arima,PASCO
2022-02-14,1.8566930069514578,1.4968275123263242,arima,PASCO
2022-02-21,1.4853544055611658,1.634316294043324,arima,PASCO
2022-02-28,0.7426772027805822,1.6361787656562221,arima,PASCO
2022-03-07,0.7426772027805822,0.9069974620621424,arima,PASCO
2022-03-14,0.7426772027805822,0.9559419836684386,arima,PASCO
2022-03-21,0.37133860139029057,1.306564026463012,arima,PASCO
2022-03-28,0.37133860139029057,1.188922084963047,arima,PASCO
2022-04-04,1.114015804170874,0.3201608148657028,arima,PASCO
2022-04-11,1.4853544055611658,0.4743554826767891,arima,PASCO
2022-04-18,1.8566930069514573,0.3792107621091344,arima,PASCO
2022-04-25,1.1140158041708739,0.4008777576571024,arima,PASCO
2022-05-02,0.7426772027805821,0.9830919957877917,arima,PASCO
2022-05-09,0.7426772027805821,0.8297658586777326,arima,PASCO
2022-05-16,0.7426772027805821,1.0957353099370128,arima,PASCO
2022-05-23,0.7426772027805821,1.1127688939055473,arima,PASCO
2022-05-30,0.7426772027805821,0.7209650660684601,arima,PASCO
2022-06-06,0.7426772027805821,0.7232059124156245,arima,PASCO
2022-06-13,0.3713386013902904,0.7213011754449892,arima,PASCO
2022-06-20,0.0,0.7312953150072334,arima,PASCO
2022-06-27,0.3713386013902904,0.0,arima,PASCO
2022-07-04,1.4853544055611654,0.028998907402276737,arima,PASCO
2022-07-11,2.5993702097320406,0.16692955565119139,arima,PASCO
2022-07-18,3.3420474125126254,0.18966381942586893,arima,PASCO
2022-07-25,2.5993702097320406,2.6301815507928614,arima,PASCO
2022-08-01,2.2280316083417486,2.17542083502026,arima,PASCO
2022-08-08,1.4853544055611654,1.9081077116278786,arima,PASCO
2022-08-15,1.4853544055611654,2.137709891697463,arima,PASCO
2022-08-22,0.742677202780582,1.5115484617565307,arima,PASCO
2022-08-29,1.4853544055611654,1.823234011459912,arima,PASCO
2022-09-05,1.1140158041708736,1.8040599543339124,arima,PASCO
2022-09-12,1.1140158041708734,1.8255524752748014,arima,PASCO
2022-09-19,0.37133860139029023,0.704030351791999,arima,PASCO
2022-09-26,1.1140158041708739,0.860740414698614,arima,PASCO
2022-10-03,1.8566930069514571,0.8048441713968049,arima,PASCO
2022-10-10,2.2280316083417504,1.0096318422673058,arima,PASCO
2022-10-17,1.8566930069514571,1.6060474896660635,arima,PASCO
2022-10-24,1.1140158041708734,1.3458984008806754,arima,PASCO
2022-10-31,0.7426772027805818,1.192623121597721,arima,PASCO
2022-11-07,1.8566930069514571,1.4018243530380445,arima,PASCO
2022-11-14,2.970708811122332,2.4825042956394685,arima,PASCO
2022-11-21,4.084724615293208,2.9105915041832815,arima,PASCO
2022-11-28,2.9707088111223325,2.147889984139676,arima,PASCO
2022-12-05,2.5993702097320406,1.9491710785670104,arima,PASCO
