date,actual,predicted,model,region
2010-12-27,0.16467031356521103,0.24700547034781659,naive,CUSCO
2011-01-03,0.0,0.24700547034781659,naive,CUSCO
2011-01-10,0.0,0.24700547034781659,naive,CUSCO
2011-01-17,0.08137166589770438,0.24700547034781659,naive,CUSCO
2011-01-24,0.08137166589770438,0.08137166589770438,naive,CUSCO
2011-01-31,0.1627433317954088,0.08137166589770438,naive,CUSCO
2011-02-07,0.08137166589770438,0.08137166589770438,naive,CUSCO
2011-02-14,0.1627433317954088,0.08137166589770438,naive,CUSCO
2011-02-21,0.1627433317954088,0.16274333179540879,naive,CUSCO
2011-02-28,0.1627433317954088,0.16274333179540879,naive,CUSCO
2011-03-07,0.08137166589770438,0.16274333179540879,naive,CUSCO
2011-03-14,0.0,0.16274333179540879,naive,CUSCO
2011-03-21,0.0,0.0,naive,CUSCO
2011-03-28,0.08137166589770438,0.0,naive,CUSCO
2011-04-04,0.08137166589770438,0.0,naive,CUSCO
2011-04-11,0.08137166589770438,0.0,naive,CUSCO
2011-04-18,0.08137166589770438,0.08137166589770438,naive,CUSCO
2011-04-25,0.08137166589770438,0.08137166589770438,naive,CUSCO
2011-05-02,0.08137166589770438,0.08137166589770438,naive,CUSCO
2011-05-09,0.0,0.08137166589770438,naive,CUSCO
2011-05-16,0.1627433317954088,0.0,naive,CUSCO
2011-05-23,0.1627433317954088,0.0,naive,CUSCO
2011-05-30,0.1627433317954088,0.0,naive,CUSCO
2011-06-06,0.0,0.0,naive,CUSCO
2011-06-13,0.0,0.0,naive,CUSCO
2011-06-20,0.0,0.0,naive,CUSCO
2011-06-27,0.0,0.0,naive,CUSCO
2011-07-04,0.08137166589770438,0.0,naive,CUSCO
2011-07-11,0.08137166589770438,0.08137166589770438,naive,CUSCO
2011-07-18,0.08137166589770438,0.08137166589770438,naive,CUSCO
2011-07-25,0.0,0.08137166589770438,naive,CUSCO
2011-08-01,0.0,0.08137166589770438,naive,CUSCO
2011-08-08,0.0,0.0,naive,CUSCO
2011-08-15,0.0,0.0,naive,CUSCO
2011-08-22,0.08137166589770438,0.0,naive,CUSCO
2011-08-29,0.08137166589770438,0.0,naive,CUSCO
2011-09-05,0.1627433317954088,0.08137166589770438,naive,CUSCO
2011-09-12,0.1627433317954088,0.08137166589770438,naive,CUSCO
2011-09-19,0.24411499769311326,0.08137166589770438,naive,CUSCO
2011-09-26,0.3254866635908176,0.08137166589770438,naive,CUSCO
2011-10-03,0.3254866635908177,0.32548666359081757,naive,CUSCO
2011-10-10,0.40685832948852213,0.32548666359081757,naive,CUSCO
2011-10-17,0.406858329488522,0.32548666359081757,naive,CUSCO
2011-10-24,0.3254866635908176,0.32548666359081757,naive,CUSCO
2011-10-31,0.2441149976931132,0.32548666359081757,naive,CUSCO
2011-11-07,0.24411499769311326,0.32548666359081757,naive,CUSCO
2011-11-14,0.40685832948852213,0.32548666359081757,naive,CUSCO
2011-11-21,0.3254866635908176,0.32548666359081757,naive,CUSCO
2011-11-28,0.1627433317954088,0.32548666359081757,naive,CUSCO
2011-12-05,0.0813716658977044,0.32548666359081757,naive,CUSCO
2011-12-12,0.1627433317954088,0.32548666359081757,naive,CUSCO
2011-12-19,0.1627433317954088,0.32548666359081757,naive,CUSCO
2011-12-26,0.1627433317954088,0.16274333179540879,naive,CUSCO
2012-01-02,0.0813716658977044,0.16274333179540879,naive,CUSCO
2012-01-09,0.0813716658977044,0.16274333179540879,naive,CUSCO
2012-01-16,0.0,0.16274333179540879,naive,CUSCO
2012-01-23,0.0,0.0,naive,CUSCO
2012-01-30,0.08043039915194185,0.0,naive,CUSCO
2012-02-06,0.08043039915194185,0.0,naive,CUSCO
2012-02-13,0.08043039915194185,0.0,naive,CUSCO
2012-02-20,0.0,0.08043039915194186,naive,CUSCO
2012-02-27,0.0,0.08043039915194186,naive,CUSCO
2012-03-05,0.0,0.08043039915194186,naive,CUSCO
2012-03-12,0.0,0.08043039915194186,naive,CUSCO
2012-03-19,0.08043039915194185,0.0,naive,CUSCO
2012-03-26,0.08043039915194185,0.0,naive,CUSCO
2012-04-02,0.1608607983038837,0.0,naive,CUSCO
2012-04-09,0.08043039915194185,0.0,naive,CUSCO
2012-04-16,0.08043039915194185,0.08043039915194186,naive,CUSCO
2012-04-23,0.0,0.08043039915194186,naive,CUSCO
2012-04-30,0.0,0.08043039915194186,naive,CUSCO
2012-05-07,0.08043039915194185,0.08043039915194186,naive,CUSCO
2012-05-14,0.08043039915194185,0.08043039915194186,naive,CUSCO
2012-05-21,0.32172159660776745,0.08043039915194186,naive,CUSCO
2012-05-28,0.24129119745582558,0.08043039915194186,naive,CUSCO
2012-06-04,0.24129119745582558,0.08043039915194186,naive,CUSCO
2012-06-11,0.0,0.24129119745582556,naive,CUSCO
2012-06-18,0.0,0.24129119745582556,naive,CUSCO
2012-06-25,0.0,0.24129119745582556,naive,CUSCO
2012-07-02,0.08043039915194182,0.24129119745582556,naive,CUSCO
2012-07-09,0.08043039915194182,0.08043039915194182,naive,CUSCO
2012-07-16,0.08043039915194182,0.08043039915194182,naive,CUSCO
2012-07-23,0.0,0.08043039915194182,naive,CUSCO
2012-07-30,0.0,0.08043039915194182,naive,CUSCO
2012-08-06,0.0,0.0,naive,CUSCO
2012-08-13,0.0,0.0,naive,CUSCO
2012-08-20,0.08043039915194182,0.0,naive,CUSCO
2012-08-27,0.08043039915194182,0.0,naive,CUSCO
2012-09-03,0.08043039915194182,0.08043039915194182,naive,CUSCO
2012-09-10,0.08043039915194182,0.08043039915194182,naive,CUSCO
2012-09-17,0.08043039915194182,0.08043039915194182,naive,CUSCO
2012-09-24,0.08043039915194182,0.08043039915194182,naive,CUSCO
2012-10-01,0.08043039915194182,0.08043039915194182,naive,CUSCO
2012-10-08,0.1608607983038837,0.08043039915194182,naive,CUSCO
2012-10-15,0.1608607983038837,0.08043039915194182,naive,CUSCO
2012-10-22,0.08043039915194182,0.08043039915194182,naive,CUSCO
2012-10-29,0.0,0.08043039915194182,naive,CUSCO
2012-11-05,0.0,0.08043039915194182,naive,CUSCO
2012-11-12,0.0,0.08043039915194182,naive,CUSCO
2012-11-19,0.0,0.08043039915194182,naive,CUSCO
2012-11-26,0.08043039915194182,0.0,naive,CUSCO
2012-12-03,0.08043039915194182,0.0,naive,CUSCO
2012-12-10,0.08043039915194182,0.0,naive,CUSCO
2012-12-17,0.0,0.0,naive,CUSCO
2012-12-24,0.0,0.0,naive,CUSCO
2012-12-31,0.0,0.0,naive,CUSCO
2013-01-07,0.0,0.0,naive,CUSCO
2013-01-14,0.0,0.0,naive,CUSCO
2013-01-21,0.0,0.0,naive,CUSCO
2013-01-28,0.0,0.0,naive,CUSCO
2013-02-04,0.0,0.0,naive,CUSCO
2013-02-11,0.0,0.0,naive,CUSCO
2013-02-18,0.0,0.0,naive,CUSCO
2013-02-25,0.0,0.0,naive,CUSCO
2013-03-04,0.07951065959657878,0.0,naive,CUSCO
2013-03-11,0.07951065959657878,0.0,naive,CUSCO
2013-03-18,0.07951065959657878,0.0795106595965788,naive,CUSCO
2013-03-25,0.0,0.0795106595965788,naive,CUSCO
2013-04-01,0.0,0.0795106595965788,naive,CUSCO
2013-04-08,0.0,0.0795106595965788,naive,CUSCO
2013-04-15,0.0,0.0,naive,CUSCO
2013-04-22,0.07951065959657878,0.0,naive,CUSCO
2013-04-29,0.07951065959657878,0.0,naive,CUSCO
2013-05-06,0.07951065959657878,0.0,naive,CUSCO
2013-05-13,0.0,0.0795106595965788,naive,CUSCO
2013-05-20,0.0,0.0795106595965788,naive,CUSCO
2013-05-27,0.0,0.0795106595965788,naive,CUSCO
2013-06-03,0.0,0.0795106595965788,naive,CUSCO
2013-06-10,0.0,0.0,naive,CUSCO
2013-06-17,0.07951065959657878,0.0,naive,CUSCO
2013-06-24,0.07951065959657878,0.0,naive,CUSCO
2013-07-01,0.07951065959657878,0.0,naive,CUSCO
2013-07-08,0.0,0.0795106595965788,naive,CUSCO
2013-07-15,0.0,0.0795106595965788,naive,CUSCO
2013-07-22,0.0,0.0795106595965788,naive,CUSCO
2013-07-29,0.15902131919315762,0.0795106595965788,naive,CUSCO
2013-08-05,0.15902131919315762,0.15902131919315765,naive,CUSCO
2013-08-12,0.15902131919315762,0.15902131919315765,naive,CUSCO
2013-08-19,0.0,0.15902131919315765,naive,CUSCO
2013-08-26,0.0,0.15902131919315765,naive,CUSCO
2013-09-02,0.0,0.0,naive,CUSCO
2013-09-09,0.0,0.0,naive,CUSCO
2013-09-16,0.0,0.0,naive,CUSCO
2013-09-23,0.0,0.0,naive,CUSCO
2013-09-30,0.07951065959657878,0.0,naive,CUSCO
2013-10-07,0.07951065959657878,0.0,naive,CUSCO
2013-10-14,0.07951065959657878,0.0,naive,CUSCO
2013-10-21,0.0,0.0,naive,CUSCO
2013-10-28,0.07951065959657878,0.0,naive,CUSCO
2013-11-04,0.07951065959657878,0.0,naive,CUSCO
2013-11-11,0.07951065959657878,0.0,naive,CUSCO
2013-11-18,0.07951065959657878,0.0,naive,CUSCO
2013-11-25,0.07951065959657878,0.0795106595965788,naive,CUSCO
2013-12-02,0.07951065959657878,0.0795106595965788,naive,CUSCO
2013-12-09,0.0,0.0795106595965788,naive,CUSCO
2013-12-16,0.0,0.0795106595965788,naive,CUSCO
2013-12-23,0.0,0.0,naive,CUSCO
2013-12-30,0.07951065959657878,0.0,naive,CUSCO
2014-01-06,0.23673421734557767,0.0,naive,CUSCO
2014-01-13,0.3153459962200771,0.0,naive,CUSCO
2014-01-20,0.2358353366234983,0.31534599622007703,naive,CUSCO
2014-01-27,0.15722355774899885,0.31534599622007703,naive,CUSCO
2014-02-03,0.0786117788744994,0.31534599622007703,naive,CUSCO
2014-02-10,0.15722355774899885,0.31534599622007703,naive,CUSCO
2014-02-17,0.0786117788744994,0.15722355774899885,naive,CUSCO
2014-02-24,0.0786117788744994,0.15722355774899885,naive,CUSCO
2014-03-03,0.0,0.15722355774899885,naive,CUSCO
2014-03-10,0.0,0.15722355774899885,naive,CUSCO
2014-03-17,0.0,0.0,naive,CUSCO
2014-03-24,0.0,0.0,naive,CUSCO
2014-03-31,0.0,0.0,naive,CUSCO
2014-04-07,0.15722355774899885,0.0,naive,CUSCO
2014-04-14,0.2358353366234983,0.15722355774899885,naive,CUSCO
2014-04-21,0.2358353366234983,0.15722355774899885,naive,CUSCO
2014-04-28,0.0786117788744994,0.15722355774899885,naive,CUSCO
2014-05-05,0.0786117788744994,0.15722355774899885,naive,CUSCO
2014-05-12,0.15722355774899885,0.0786117788744994,naive,CUSCO
2014-05-19,0.15722355774899885,0.0786117788744994,naive,CUSCO
2014-05-26,0.0786117788744994,0.0786117788744994,naive,CUSCO
2014-06-02,0.0,0.0786117788744994,naive,CUSCO
2014-06-09,0.0786117788744994,0.0,naive,CUSCO
2014-06-16,0.0786117788744994,0.0,naive,CUSCO
2014-06-23,0.0786117788744994,0.0,naive,CUSCO
2014-06-30,0.0,0.0,naive,CUSCO
2014-07-07,0.0786117788744994,0.0,naive,CUSCO
2014-07-14,0.0786117788744994,0.0,naive,CUSCO
2014-07-21,0.2358353366234983,0.0,naive,CUSCO
2014-07-28,0.15722355774899885,0.0,naive,CUSCO
2014-08-04,0.2358353366234983,0.15722355774899885,naive,CUSCO
2014-08-11,0.0786117788744994,0.15722355774899885,naive,CUSCO
2014-08-18,0.2358353366234983,0.15722355774899885,naive,CUSCO
2014-08-25,0.15722355774899885,0.15722355774899885,naive,CUSCO
2014-09-01,0.3144471154979977,0.15722355774899885,naive,CUSCO
2014-09-08,0.15722355774899885,0.15722355774899885,naive,CUSCO
2014-09-15,0.2358353366234983,0.15722355774899885,naive,CUSCO
2014-09-22,0.15722355774899885,0.15722355774899885,naive,CUSCO
2014-09-29,0.15722355774899885,0.15722355774899885,naive,CUSCO
2014-10-06,0.0786117788744994,0.15722355774899885,naive,CUSCO
2014-10-13,0.0786117788744994,0.15722355774899885,naive,CUSCO
2014-10-20,0.0786117788744994,0.15722355774899885,naive,CUSCO
2014-10-27,0.2358353366234983,0.0786117788744994,naive,CUSCO
2014-11-03,0.2358353366234983,0.0786117788744994,naive,CUSCO
2014-11-10,0.2358353366234983,0.0786117788744994,naive,CUSCO
2014-11-17,0.15722355774899885,0.0786117788744994,naive,CUSCO
2014-11-24,0.0786117788744994,0.15722355774899885,naive,CUSCO
2014-12-01,0.0786117788744994,0.15722355774899885,naive,CUSCO
2014-12-08,0.0,0.15722355774899885,naive,CUSCO
2014-12-15,0.15722355774899885,0.15722355774899885,naive,CUSCO
2014-12-22,0.3144471154979977,0.15722355774899885,naive,CUSCO
2014-12-29,0.3144471154979977,0.15722355774899885,naive,CUSCO
2015-01-05,0.15722355774899885,0.15722355774899885,naive,CUSCO
2015-01-12,0.0,0.15722355774899885,naive,CUSCO
2015-01-19,0.0,0.0,naive,CUSCO
2015-01-26,0.0,0.0,naive,CUSCO
2015-02-02,0.0,0.0,naive,CUSCO
2015-02-09,0.0,0.0,naive,CUSCO
2015-02-16,0.0,0.0,naive,CUSCO
2015-02-23,0.0,0.0,naive,CUSCO
2015-03-02,0.0,0.0,naive,CUSCO
2015-03-09,0.0,0.0,naive,CUSCO
2015-03-16,0.0,0.0,naive,CUSCO
2015-03-23,0.0,0.0,naive,CUSCO
2015-03-30,0.0,0.0,naive,CUSCO
2015-04-06,0.0777329345115573,0.0,naive,CUSCO
2015-04-13,0.0777329345115573,0.0777329345115573,naive,CUSCO
2015-04-20,0.0777329345115573,0.0777329345115573,naive,CUSCO
2015-04-27,0.0,0.0777329345115573,naive,CUSCO
2015-05-04,0.0,0.0777329345115573,naive,CUSCO
2015-05-11,0.0,0.0,naive,CUSCO
2015-05-18,0.0,0.0,naive,CUSCO
2015-05-25,0.0,0.0,naive,CUSCO
2015-06-01,0.0,0.0,naive,CUSCO
2015-06-08,0.0,0.0,naive,CUSCO
2015-06-15,0.0,0.0,naive,CUSCO
2015-06-22,0.0,0.0,naive,CUSCO
2015-06-29,0.0,0.0,naive,CUSCO
2015-07-06,0.0,0.0,naive,CUSCO
2015-07-13,0.0,0.0,naive,CUSCO
2015-07-20,0.0,0.0,naive,CUSCO
2015-07-27,0.0,0.0,naive,CUSCO
2015-08-03,0.0,0.0,naive,CUSCO
2015-08-10,0.0,0.0,naive,CUSCO
2015-08-17,0.0,0.0,naive,CUSCO
2015-08-24,0.0,0.0,naive,CUSCO
2015-08-31,0.0,0.0,naive,CUSCO
2015-09-07,0.0,0.0,naive,CUSCO
2015-09-14,0.0,0.0,naive,CUSCO
2015-09-21,0.0,0.0,naive,CUSCO
2015-09-28,0.0,0.0,naive,CUSCO
2015-10-05,0.0,0.0,naive,CUSCO
2015-10-12,0.0,0.0,naive,CUSCO
2015-10-19,0.0,0.0,naive,CUSCO
2015-10-26,0.0,0.0,naive,CUSCO
2015-11-02,0.0,0.0,naive,CUSCO
2015-11-09,0.0,0.0,naive,CUSCO
2015-11-16,0.0,0.0,naive,CUSCO
2015-11-23,0.0,0.0,naive,CUSCO
2015-11-30,0.0,0.0,naive,CUSCO
2015-12-07,0.0,0.0,naive,CUSCO
2015-12-14,0.0,0.0,naive,CUSCO
2015-12-21,0.0,0.0,naive,CUSCO
2015-12-28,0.0,0.0,naive,CUSCO
2016-01-04,0.1537470461348761,0.0,naive,CUSCO
2016-01-11,0.3074940922697523,0.0,naive,CUSCO
2016-01-18,0.3843676153371904,0.3074940922697523,naive,CUSCO
2016-01-25,0.3074940922697523,0.3074940922697523,naive,CUSCO
2016-02-01,0.1537470461348761,0.3074940922697523,naive,CUSCO
2016-02-08,0.1537470461348761,0.3074940922697523,naive,CUSCO
2016-02-15,0.07687352306743804,0.1537470461348761,naive,CUSCO
2016-02-22,0.07687352306743804,0.1537470461348761,naive,CUSCO
2016-02-29,0.0,0.1537470461348761,naive,CUSCO
2016-03-07,0.07687352306743804,0.1537470461348761,naive,CUSCO
2016-03-14,0.2306205692023142,0.07687352306743804,naive,CUSCO
2016-03-21,0.3074940922697523,0.07687352306743804,naive,CUSCO
2016-03-28,0.3074940922697523,0.07687352306743804,naive,CUSCO
2016-04-04,0.1537470461348761,0.07687352306743804,naive,CUSCO
2016-04-11,0.1537470461348761,0.1537470461348761,naive,CUSCO
2016-04-18,0.2306205692023142,0.1537470461348761,naive,CUSCO
2016-04-25,0.3074940922697523,0.1537470461348761,naive,CUSCO
2016-05-02,0.2306205692023142,0.1537470461348761,naive,CUSCO
2016-05-09,0.1537470461348761,0.2306205692023142,naive,CUSCO
2016-05-16,0.1537470461348761,0.2306205692023142,naive,CUSCO
2016-05-23,0.3074940922697523,0.2306205692023142,naive,CUSCO
2016-05-30,0.46124113840462844,0.2306205692023142,naive,CUSCO
2016-06-06,0.3843676153371904,0.46124113840462844,naive,CUSCO
2016-06-13,0.3074940922697523,0.46124113840462844,naive,CUSCO
2016-06-20,0.1537470461348761,0.46124113840462844,naive,CUSCO
2016-06-27,0.23062056920231422,0.46124113840462844,naive,CUSCO
2016-07-04,0.23062056920231422,0.23062056920231422,naive,CUSCO
2016-07-11,0.1537470461348761,0.23062056920231422,naive,CUSCO
2016-07-18,0.07687352306743804,0.23062056920231422,naive,CUSCO
2016-07-25,0.1537470461348761,0.23062056920231422,naive,CUSCO
2016-08-01,0.2306205692023142,0.1537470461348761,naive,CUSCO
2016-08-08,0.5381146614720665,0.1537470461348761,naive,CUSCO
2016-08-15,0.3843676153371904,0.1537470461348761,naive,CUSCO
2016-08-22,0.3074940922697523,0.1537470461348761,naive,CUSCO
2016-08-29,0.07687352306743804,0.3074940922697523,naive,CUSCO
2016-09-05,0.2306205692023142,0.3074940922697523,naive,CUSCO
2016-09-12,0.3843676153371904,0.3074940922697523,naive,CUSCO
2016-09-19,0.3843676153371904,0.3074940922697523,naive,CUSCO
2016-09-26,0.2306205692023142,0.38436761533719027,naive,CUSCO
2016-10-03,0.07687352306743804,0.38436761533719027,naive,CUSCO
2016-10-10,0.07687352306743804,0.38436761533719027,naive,CUSCO
2016-10-17,0.07687352306743804,0.38436761533719027,naive,CUSCO
2016-10-24,0.3074940922697523,0.07687352306743804,naive,CUSCO
2016-10-31,0.3843676153371904,0.07687352306743804,naive,CUSCO
2016-11-07,0.3843676153371904,0.07687352306743804,naive,CUSCO
2016-11-14,0.1537470461348761,0.07687352306743804,naive,CUSCO
2016-11-21,0.1537470461348761,0.1537470461348761,naive,CUSCO
2016-11-28,0.2306205692023142,0.1537470461348761,naive,CUSCO
2016-12-05,0.3074940922697523,0.1537470461348761,naive,CUSCO
2016-12-12,0.23062056920231422,0.1537470461348761,naive,CUSCO
2016-12-19,0.1537470461348761,0.23062056920231422,naive,CUSCO
2016-12-26,0.1537470461348761,0.23062056920231422,naive,CUSCO
2017-01-02,0.07687352306743804,0.23062056920231422,naive,CUSCO
2017-01-09,0.22893933715177375,0.23062056920231422,naive,CUSCO
2017-01-16,0.3041316281686714,0.22893933715177375,naive,CUSCO
2017-01-23,0.3041316281686714,0.22893933715177375,naive,CUSCO
2017-01-30,0.15206581408433567,0.22893933715177375,naive,CUSCO
2017-02-06,0.0,0.22893933715177375,naive,CUSCO
2017-02-13,0.22809872112650353,0.0,naive,CUSCO
2017-02-20,0.22809872112650353,0.0,naive,CUSCO
2017-02-27,0.3801645352108392,0.0,naive,CUSCO
2017-03-06,0.3041316281686714,0.0,naive,CUSCO
2017-03-13,0.3801645352108392,0.3041316281686714,naive,CUSCO
2017-03-20,0.22809872112650353,0.3041316281686714,naive,CUSCO
2017-03-27,0.15206581408433567,0.3041316281686714,naive,CUSCO
2017-04-03,0.07603290704216782,0.3041316281686714,naive,CUSCO
2017-04-10,0.07603290704216782,0.07603290704216781,naive,CUSCO
2017-04-17,0.0,0.07603290704216781,naive,CUSCO
2017-04-24,0.0,0.07603290704216781,naive,CUSCO
2017-05-01,0.0,0.07603290704216781,naive,CUSCO
2017-05-08,0.0,0.0,naive,CUSCO
2017-05-15,0.22809872112650353,0.0,naive,CUSCO
2017-05-22,0.3801645352108392,0.0,naive,CUSCO
2017-05-29,0.45619744225300707,0.0,naive,CUSCO
2017-06-05,0.22809872112650353,0.4561974422530071,naive,CUSCO
2017-06-12,0.22809872112650353,0.4561974422530071,naive,CUSCO
2017-06-19,0.22809872112650353,0.4561974422530071,naive,CUSCO
2017-06-26,0.22809872112650353,0.4561974422530071,naive,CUSCO
2017-07-03,0.0760329070421678,0.22809872112650356,naive,CUSCO
2017-07-10,0.0,0.22809872112650356,naive,CUSCO
2017-07-17,0.3041316281686714,0.22809872112650356,naive,CUSCO
2017-07-24,0.45619744225300707,0.22809872112650356,naive,CUSCO
2017-07-31,0.6082632563373428,0.4561974422530071,naive,CUSCO
2017-08-07,0.30413162816867134,0.4561974422530071,naive,CUSCO
2017-08-14,0.2280987211265035,0.4561974422530071,naive,CUSCO
2017-08-21,0.15206581408433564,0.4561974422530071,naive,CUSCO
2017-08-28,0.15206581408433564,0.15206581408433567,naive,CUSCO
2017-09-04,0.07603290704216778,0.15206581408433567,naive,CUSCO
2017-09-11,0.07603290704216778,0.15206581408433567,naive,CUSCO
2017-09-18,0.07603290704216778,0.15206581408433567,naive,CUSCO
2017-09-25,0.07603290704216778,0.07603290704216778,naive,CUSCO
2017-10-02,0.0,0.07603290704216778,naive,CUSCO
2017-10-09,0.07603290704216778,0.07603290704216778,naive,CUSCO
2017-10-16,0.15206581408433564,0.07603290704216778,naive,CUSCO
2017-10-23,0.22809872112650356,0.15206581408433567,naive,CUSCO
2017-10-30,0.30413162816867134,0.15206581408433567,naive,CUSCO
2017-11-06,0.3041316281686713,0.15206581408433567,naive,CUSCO
2017-11-13,0.3041316281686713,0.15206581408433567,naive,CUSCO
2017-11-20,0.22809872112650356,0.30413162816867134,naive,CUSCO
2017-11-27,0.45619744225300707,0.30413162816867134,naive,CUSCO
2017-12-04,0.45619744225300707,0.30413162816867134,naive,CUSCO
2017-12-11,0.45619744225300707,0.30413162816867134,naive,CUSCO
2017-12-18,0.15206581408433564,0.4561974422530071,naive,CUSCO
2017-12-25,0.07603290704216778,0.4561974422530071,naive,CUSCO
2018-01-01,0.15056907582206944,0.4561974422530071,naive,CUSCO
2018-01-08,0.2258536137331042,0.4561974422530071,naive,CUSCO
2018-01-15,0.301138151644139,0.22585361373310417,naive,CUSCO
2018-01-22,0.301138151644139,0.22585361373310417,naive,CUSCO
2018-01-29,0.301138151644139,0.22585361373310417,naive,CUSCO
2018-02-05,0.30113815164413893,0.22585361373310417,naive,CUSCO
2018-02-12,0.22585361373310428,0.30113815164413893,naive,CUSCO
2018-02-19,0.15056907582206944,0.30113815164413893,naive,CUSCO
2018-02-26,0.30113815164413893,0.30113815164413893,naive,CUSCO
2018-03-05,0.30113815164413893,0.30113815164413893,naive,CUSCO
2018-03-12,0.602276303288278,0.30113815164413893,naive,CUSCO
2018-03-19,0.5269917653772432,0.30113815164413893,naive,CUSCO
2018-03-26,0.8863027711235038,0.30113815164413893,naive,CUSCO
2018-04-02,0.5851646194793647,0.30113815164413893,naive,CUSCO
2018-04-09,0.5851646194793647,0.5851646194793647,naive,CUSCO
2018-04-16,0.37642268955517366,0.5851646194793647,naive,CUSCO
2018-04-23,0.4517072274662084,0.5851646194793647,naive,CUSCO
2018-04-30,0.37642268955517366,0.5851646194793647,naive,CUSCO
2018-05-07,0.3011381516441389,0.37642268955517366,naive,CUSCO
2018-05-14,0.37642268955517366,0.37642268955517366,naive,CUSCO
2018-05-21,0.5269917653772432,0.37642268955517366,naive,CUSCO
2018-05-28,0.4517072274662084,0.37642268955517366,naive,CUSCO
2018-06-04,0.4517072274662084,0.4517072274662084,naive,CUSCO
2018-06-11,0.602276303288278,0.4517072274662084,naive,CUSCO
2018-06-18,0.7528453791103474,0.4517072274662084,naive,CUSCO
2018-06-25,0.8281299170213822,0.4517072274662084,naive,CUSCO
2018-07-02,0.602276303288278,0.8281299170213823,naive,CUSCO
2018-07-09,0.5269917653772431,0.8281299170213823,naive,CUSCO
2018-07-16,0.5269917653772431,0.8281299170213823,naive,CUSCO
2018-07-23,0.6775608411993126,0.8281299170213823,naive,CUSCO
2018-07-30,0.7528453791103474,0.6775608411993126,naive,CUSCO
2018-08-06,0.8281299170213822,0.6775608411993126,naive,CUSCO
2018-08-13,0.7528453791103474,0.6775608411993126,naive,CUSCO
2018-08-20,0.602276303288278,0.6775608411993126,naive,CUSCO
2018-08-27,0.7357336953014343,0.6022763032882781,naive,CUSCO
2018-09-03,0.5851646194793647,0.6022763032882781,naive,CUSCO
2018-09-10,0.811018233212469,0.6022763032882781,naive,CUSCO
2018-09-17,0.5269917653772432,0.6022763032882781,naive,CUSCO
2018-09-24,0.602276303288278,0.5269917653772431,naive,CUSCO
2018-10-01,0.3764226895551737,0.5269917653772431,naive,CUSCO
2018-10-08,0.37642268955517366,0.5269917653772431,naive,CUSCO
2018-10-15,0.3764226895551737,0.5269917653772431,naive,CUSCO
2018-10-22,0.45170722746620856,0.3764226895551738,naive,CUSCO
2018-10-29,0.3764226895551737,0.3764226895551738,naive,CUSCO
2018-11-05,0.30113815164413893,0.3764226895551738,naive,CUSCO
2018-11-12,0.5851646194793648,0.3764226895551738,naive,CUSCO
2018-11-19,0.5098800815683301,0.5851646194793649,naive,CUSCO
2018-11-26,0.5851646194793648,0.5851646194793649,naive,CUSCO
2018-12-03,0.45170722746620845,0.5851646194793649,naive,CUSCO
2018-12-10,0.45170722746620845,0.5851646194793649,naive,CUSCO
2018-12-17,0.45170722746620845,0.45170722746620856,naive,CUSCO
2018-12-24,0.15056907582206944,0.45170722746620856,naive,CUSCO
2018-12-31,0.2258536137331042,0.45170722746620856,naive,CUSCO
2019-01-07,0.37348734414854273,0.45170722746620856,naive,CUSCO
2019-01-14,0.4480380457079198,0.3734873441485427,naive,CUSCO
2019-01-21,0.5964056124750161,0.3734873441485427,naive,CUSCO
2019-01-28,0.298202806237508,0.3734873441485427,naive,CUSCO
2019-02-04,0.29820280623750794,0.3734873441485427,naive,CUSCO
2019-02-11,0.07455070155937688,0.29820280623750794,naive,CUSCO
2019-02-18,0.07455070155937688,0.29820280623750794,naive,CUSCO
2019-02-25,0.0,0.29820280623750794,naive,CUSCO
2019-03-04,0.0,0.29820280623750794,naive,CUSCO
2019-03-11,0.0,0.0,naive,CUSCO
2019-03-18,0.0,0.0,naive,CUSCO
2019-03-25,0.07455070155937688,0.0,naive,CUSCO
2019-04-01,0.1491014031187539,0.0,naive,CUSCO
2019-04-08,0.29820280623750794,0.1491014031187539,naive,CUSCO
2019-04-15,0.29820280623750794,0.1491014031187539,naive,CUSCO
2019-04-22,0.44730420935626203,0.1491014031187539,naive,CUSCO
2019-04-29,0.5218549109156391,0.1491014031187539,naive,CUSCO
2019-05-06,0.596405612475016,0.521854910915639,naive,CUSCO
2019-05-13,0.5218549109156391,0.521854910915639,naive,CUSCO
2019-05-20,0.5218549109156391,0.521854910915639,naive,CUSCO
2019-05-27,0.5964056124750161,0.521854910915639,naive,CUSCO
2019-06-03,0.44730420935626203,0.5964056124750161,naive,CUSCO
2019-06-10,0.22365210467813093,0.5964056124750161,naive,CUSCO
2019-06-17,0.22365210467813093,0.5964056124750161,naive,CUSCO
2019-06-24,0.37275350779688504,0.5964056124750161,naive,CUSCO
2019-07-01,0.5218549109156391,0.372753507796885,naive,CUSCO
2019-07-08,0.5218549109156391,0.372753507796885,naive,CUSCO
2019-07-15,0.5964056124750161,0.372753507796885,naive,CUSCO
2019-07-22,0.7455070155937701,0.372753507796885,naive,CUSCO
2019-07-29,0.596405612475016,0.74550701559377,naive,CUSCO
2019-08-05,0.37275350779688493,0.74550701559377,naive,CUSCO
2019-08-12,0.07455070155937688,0.74550701559377,naive,CUSCO
2019-08-19,0.29820280623750794,0.74550701559377,naive,CUSCO
2019-08-26,0.5218549109156391,0.29820280623750794,naive,CUSCO
2019-09-02,0.596405612475016,0.29820280623750794,naive,CUSCO
2019-09-09,0.37275350779688504,0.29820280623750794,naive,CUSCO
2019-09-16,0.22365210467813107,0.29820280623750794,naive,CUSCO
2019-09-23,0.37275350779688504,0.2236521046781311,naive,CUSCO
2019-09-30,0.37275350779688504,0.2236521046781311,naive,CUSCO
2019-10-07,0.37275350779688504,0.2236521046781311,naive,CUSCO
2019-10-14,0.37275350779688504,0.2236521046781311,naive,CUSCO
2019-10-21,0.37275350779688504,0.372753507796885,naive,CUSCO
2019-10-28,0.44730420935626203,0.372753507796885,naive,CUSCO
2019-11-04,0.5218549109156391,0.372753507796885,naive,CUSCO
2019-11-11,0.5218549109156391,0.372753507796885,naive,CUSCO
2019-11-18,0.37275350779688493,0.521854910915639,naive,CUSCO
2019-11-25,0.22365210467813093,0.521854910915639,naive,CUSCO
2019-12-02,0.22365210467813093,0.521854910915639,naive,CUSCO
2019-12-09,0.37275350779688493,0.521854910915639,naive,CUSCO
2019-12-16,0.22365210467813093,0.37275350779688493,naive,CUSCO
2019-12-23,0.29820280623750794,0.37275350779688493,naive,CUSCO
2019-12-30,0.1491014031187539,0.37275350779688493,naive,CUSCO
2020-01-06,0.22293243636929802,0.37275350779688493,naive,CUSCO
2020-01-13,0.14766206650108812,0.22293243636929802,naive,CUSCO
2020-01-20,0.2214930997516324,0.22293243636929802,naive,CUSCO
2020-01-27,0.14766206650108812,0.22293243636929802,naive,CUSCO
2020-02-03,0.14766206650108812,0.22293243636929802,naive,CUSCO
2020-02-10,0.22149309975163223,0.14766206650108815,naive,CUSCO
2020-02-17,0.5168172327538088,0.14766206650108815,naive,CUSCO
2020-02-24,0.664479299254897,0.14766206650108815,naive,CUSCO
2020-03-02,0.5168172327538088,0.14766206650108815,naive,CUSCO
2020-03-09,0.4429861995032647,0.5168172327538088,naive,CUSCO
2020-03-16,0.29532413300217636,0.5168172327538088,naive,CUSCO
2020-03-23,0.36915516625272055,0.5168172327538088,naive,CUSCO
2020-03-30,0.5168172327538088,0.5168172327538088,naive,CUSCO
2020-04-06,0.5168172327538089,0.5168172327538088,naive,CUSCO
2020-04-13,0.87758174316056,0.5168172327538088,naive,CUSCO
2020-04-20,0.5822576101583835,0.5168172327538088,naive,CUSCO
2020-04-27,0.5822576101583835,0.5168172327538088,naive,CUSCO
2020-05-04,0.14766206650108812,0.5822576101583836,naive,CUSCO
2020-05-11,0.14766206650108812,0.5822576101583836,naive,CUSCO
2020-05-18,0.22149309975163223,0.5822576101583836,naive,CUSCO
2020-05-25,0.22149309975163223,0.5822576101583836,naive,CUSCO
2020-06-01,0.14766206650108812,0.22149309975163223,naive,CUSCO
2020-06-08,0.0,0.22149309975163223,naive,CUSCO
2020-06-15,0.14766206650108812,0.22149309975163223,naive,CUSCO
2020-06-22,0.14766206650108812,0.22149309975163223,naive,CUSCO
2020-06-29,0.14766206650108812,0.14766206650108815,naive,CUSCO
2020-07-06,0.07383103325054398,0.14766206650108815,naive,CUSCO
2020-07-13,0.22149309975163223,0.14766206650108815,naive,CUSCO
2020-07-20,0.36915516625272055,0.14766206650108815,naive,CUSCO
2020-07-27,0.4429861995032648,0.36915516625272055,naive,CUSCO
2020-08-03,0.36915516625272055,0.36915516625272055,naive,CUSCO
2020-08-10,0.4429861995032646,0.36915516625272055,naive,CUSCO
2020-08-17,0.2953241330021764,0.36915516625272055,naive,CUSCO
2020-08-24,0.36915516625272055,0.29532413300217647,naive,CUSCO
2020-08-31,0.14766206650108812,0.29532413300217647,naive,CUSCO
2020-09-07,0.29532413300217636,0.29532413300217647,naive,CUSCO
2020-09-14,0.36915516625272055,0.29532413300217647,naive,CUSCO
2020-09-21,0.36915516625272055,0.36915516625272055,naive,CUSCO
2020-09-28,0.22149309975163226,0.36915516625272055,naive,CUSCO
2020-10-05,0.07383103325054398,0.36915516625272055,naive,CUSCO
2020-10-12,0.07383103325054398,0.36915516625272055,naive,CUSCO
2020-10-19,0.07383103325054398,0.07383103325054396,naive,CUSCO
2020-10-26,0.0,0.07383103325054396,naive,CUSCO
2020-11-02,0.07383103325054398,0.07383103325054396,naive,CUSCO
2020-11-09,0.07383103325054398,0.07383103325054396,naive,CUSCO
2020-11-16,0.22149309975163223,0.07383103325054396,naive,CUSCO
2020-11-23,0.14766206650108812,0.07383103325054396,naive,CUSCO
2020-11-30,0.14766206650108812,0.07383103325054396,naive,CUSCO
2020-12-07,0.07383103325054398,0.07383103325054396,naive,CUSCO
2020-12-14,0.22149309975163223,0.07383103325054396,naive,CUSCO
2020-12-21,0.36915516625272055,0.07383103325054396,naive,CUSCO
2020-12-28,0.36915516625272043,0.07383103325054396,naive,CUSCO
2021-01-04,0.4408684795452585,0.07383103325054396,naive,CUSCO
2021-01-11,0.4394566662399211,0.44086847954525854,naive,CUSCO
2021-01-18,0.5118758861851279,0.44086847954525854,naive,CUSCO
2021-01-25,0.365625632989377,0.44086847954525854,naive,CUSCO
2021-02-01,0.29250050639150155,0.44086847954525854,naive,CUSCO
2021-02-08,0.21937537979362629,0.29250050639150155,naive,CUSCO
2021-02-15,0.4387507595872524,0.29250050639150155,naive,CUSCO
2021-02-22,0.5118758861851279,0.29250050639150155,naive,CUSCO
2021-03-01,0.5850010127830032,0.29250050639150155,naive,CUSCO
2021-03-08,0.29250050639150155,0.5850010127830032,naive,CUSCO
2021-03-15,0.4387507595872524,0.5850010127830032,naive,CUSCO
2021-03-22,0.365625632989377,0.5850010127830032,naive,CUSCO
2021-03-29,0.4387507595872524,0.5850010127830032,naive,CUSCO
2021-04-05,0.14625025319575075,0.43875075958725235,naive,CUSCO
2021-04-12,0.365625632989377,0.43875075958725235,naive,CUSCO
2021-04-19,0.5118758861851279,0.43875075958725235,naive,CUSCO
2021-04-26,0.6581261393808787,0.43875075958725235,naive,CUSCO
2021-05-03,0.8002211766466724,0.6581261393808788,naive,CUSCO
2021-05-10,0.5808457968530462,0.6581261393808788,naive,CUSCO
2021-05-17,0.5077206702551706,0.6581261393808788,naive,CUSCO
2021-05-24,0.14625025319575077,0.6581261393808788,naive,CUSCO
2021-05-31,0.36562563298937706,0.14625025319575077,naive,CUSCO
2021-06-07,0.29250050639150166,0.14625025319575077,naive,CUSCO
2021-06-14,0.43875075958725246,0.14625025319575077,naive,CUSCO
2021-06-21,0.2193753797936262,0.14625025319575077,naive,CUSCO
2021-06-28,0.2193753797936262,0.2193753797936262,naive,CUSCO
2021-07-05,0.07312512659787536,0.2193753797936262,naive,CUSCO
2021-07-12,0.29250050639150166,0.2193753797936262,naive,CUSCO
2021-07-19,0.36562563298937706,0.2193753797936262,naive,CUSCO
2021-07-26,0.5118758861851279,0.36562563298937717,naive,CUSCO
2021-08-02,0.29250050639150166,0.36562563298937717,naive,CUSCO
2021-08-09,0.29250050639150166,0.36562563298937717,naive,CUSCO
2021-08-16,0.07312512659787536,0.36562563298937717,naive,CUSCO
2021-08-23,0.07312512659787536,0.07312512659787536,naive,CUSCO
2021-08-30,0.0,0.07312512659787536,naive,CUSCO
2021-09-06,0.07312512659787536,0.07312512659787536,naive,CUSCO
2021-09-13,0.2193753797936262,0.07312512659787536,naive,CUSCO
2021-09-20,0.5118758861851279,0.2193753797936262,naive,CUSCO
2021-09-27,0.5118758861851279,0.2193753797936262,naive,CUSCO
2021-10-04,0.36562563298937706,0.2193753797936262,naive,CUSCO
2021-10-11,0.43875075958725257,0.2193753797936262,naive,CUSCO
2021-10-18,0.6581261393808789,0.43875075958725257,naive,CUSCO
2021-10-25,0.7312512659787543,0.43875075958725257,naive,CUSCO
2021-11-01,0.43875075958725257,0.43875075958725257,naive,CUSCO
2021-11-08,0.5118758861851279,0.43875075958725257,naive,CUSCO
2021-11-15,0.5850010127830034,0.5118758861851278,naive,CUSCO
2021-11-22,0.8043763925766297,0.5118758861851278,naive,CUSCO
2021-11-29,0.5850010127830033,0.5118758861851278,naive,CUSCO
2021-12-06,0.43875075958725246,0.5118758861851278,naive,CUSCO
2021-12-13,0.29250050639150166,0.43875075958725246,naive,CUSCO
2021-12-20,0.14625025319575077,0.43875075958725246,naive,CUSCO
2021-12-27,0.2193753797936262,0.43875075958725246,naive,CUSCO
2022-01-03,0.14555771720742458,0.43875075958725246,naive,CUSCO
2022-01-10,0.4352880796456215,0.14555771720742458,naive,CUSCO
2022-01-17,0.4345955436572953,0.14555771720742458,naive,CUSCO
2022-01-24,0.4345955436572953,0.14555771720742458,naive,CUSCO
2022-01-31,0.28973036243819683,0.14555771720742458,naive,CUSCO
2022-02-07,0.43459554365729525,0.2897303624381968,naive,CUSCO
2022-02-14,0.43459554365729525,0.2897303624381968,naive,CUSCO
2022-02-21,0.43459554365729525,0.2897303624381968,naive,CUSCO
2022-02-28,0.3621629530477461,0.2897303624381968,naive,CUSCO
2022-03-07,0.28973036243819683,0.36216295304774604,naive,CUSCO
2022-03-14,0.3621629530477461,0.36216295304774604,naive,CUSCO
2022-03-21,0.4345955436572953,0.36216295304774604,naive,CUSCO
2022-03-28,0.8691910873145906,0.36216295304774604,naive,CUSCO
2022-04-04,0.651893315485943,0.8691910873145905,naive,CUSCO
2022-04-11,0.7967584967050415,0.8691910873145905,naive,CUSCO
2022-04-18,0.7967584967050415,0.8691910873145905,naive,CUSCO
2022-04-25,1.0140562685336891,0.8691910873145905,naive,CUSCO
2022-05-02,0.7967584967050415,1.0140562685336891,naive,CUSCO
2022-05-09,0.4345955436572953,1.0140562685336891,naive,CUSCO
2022-05-16,0.36216295304774615,1.0140562685336891,naive,CUSCO
2022-05-23,0.2897303624381969,1.0140562685336891,naive,CUSCO
2022-05-30,0.36216295304774615,0.28973036243819683,naive,CUSCO
2022-06-06,0.5070281342668447,0.28973036243819683,naive,CUSCO
2022-06-13,0.7243259060954923,0.28973036243819683,naive,CUSCO
2022-06-20,0.7967584967050415,0.28973036243819683,naive,CUSCO
2022-06-27,0.7243259060954923,0.7967584967050414,naive,CUSCO
2022-07-04,0.8691910873145906,0.7967584967050414,naive,CUSCO
2022-07-11,0.7967584967050415,0.7967584967050414,naive,CUSCO
2022-07-18,1.0140562685336891,0.7967584967050414,naive,CUSCO
2022-07-25,0.8691910873145906,1.0140562685336891,naive,CUSCO
2022-08-01,0.9416236779241398,1.0140562685336891,naive,CUSCO
2022-08-08,0.8691910873145906,1.0140562685336891,naive,CUSCO
2022-08-15,0.6518933154859431,1.0140562685336891,naive,CUSCO
2022-08-22,0.4345955436572954,0.6518933154859432,naive,CUSCO
2022-08-29,0.14486518121909844,0.6518933154859432,naive,CUSCO
2022-09-05,0.4345955436572954,0.6518933154859432,naive,CUSCO
2022-09-12,0.5794607248763938,0.6518933154859432,naive,CUSCO
2022-09-19,0.6518933154859431,0.5794607248763937,naive,CUSCO
2022-09-26,0.43459554365729536,0.5794607248763937,naive,CUSCO
2022-10-03,0.7243259060954922,0.5794607248763937,naive,CUSCO
2022-10-10,0.7967584967050413,0.5794607248763937,naive,CUSCO
2022-10-17,1.014056268533689,0.7967584967050414,naive,CUSCO
2022-10-24,0.8691910873145906,0.7967584967050414,naive,CUSCO
2022-10-31,0.9416236779241398,0.7967584967050414,naive,CUSCO
2022-11-07,0.7243259060954922,0.7967584967050414,naive,CUSCO
2022-11-14,0.7243259060954922,0.7243259060954921,naive,CUSCO
2022-11-21,0.5794607248763938,0.7243259060954921,naive,CUSCO
2022-11-28,0.7243259060954923,0.7243259060954921,naive,CUSCO
2022-12-05,0.43459554365729525,0.7243259060954921,naive,CUSCO
2010-12-27,0.16467031356521103,0.0,seasonal_naive,CUSCO
2011-01-03,0.0,0.0,seasonal_naive,CUSCO
2011-01-10,0.0,0.08233515678260551,seasonal_naive,CUSCO
2011-01-17,0.08137166589770438,0.164670313565211,seasonal_naive,CUSCO
2011-01-24,0.08137166589770438,0.2470054703478166,seasonal_naive,CUSCO
2011-01-31,0.1627433317954088,0.164670313565211,seasonal_naive,CUSCO
2011-02-07,0.08137166589770438,0.08233515678260551,seasonal_naive,CUSCO
2011-02-14,0.1627433317954088,0.08233515678260551,seasonal_naive,CUSCO
2011-02-21,0.1627433317954088,0.08233515678260551,seasonal_naive,CUSCO
2011-02-28,0.1627433317954088,0.08233515678260551,seasonal_naive,CUSCO
2011-03-07,0.08137166589770438,0.0,seasonal_naive,CUSCO
2011-03-14,0.0,0.0,seasonal_naive,CUSCO
2011-03-21,0.0,0.0,seasonal_naive,CUSCO
2011-03-28,0.08137166589770438,0.0,seasonal_naive,CUSCO
2011-04-04,0.08137166589770438,0.0,seasonal_naive,CUSCO
2011-04-11,0.08137166589770438,0.0,seasonal_naive,CUSCO
2011-04-18,0.08137166589770438,0.0,seasonal_naive,CUSCO
2011-04-25,0.08137166589770438,0.0,seasonal_naive,CUSCO
2011-05-02,0.08137166589770438,0.08233515678260551,seasonal_naive,CUSCO
2011-05-09,0.0,0.08233515678260551,seasonal_naive,CUSCO
2011-05-16,0.1627433317954088,0.08233515678260551,seasonal_naive,CUSCO
2011-05-23,0.1627433317954088,0.164670313565211,seasonal_naive,CUSCO
2011-05-30,0.1627433317954088,0.164670313565211,seasonal_naive,CUSCO
2011-06-06,0.0,0.24700547034781659,seasonal_naive,CUSCO
2011-06-13,0.0,0.08233515678260551,seasonal_naive,CUSCO
2011-06-20,0.0,0.08233515678260551,seasonal_naive,CUSCO
2011-06-27,0.0,0.2470054703478166,seasonal_naive,CUSCO
2011-07-04,0.08137166589770438,0.2470054703478166,seasonal_naive,CUSCO
2011-07-11,0.08137166589770438,0.4116757839130277,seasonal_naive,CUSCO
2011-07-18,0.08137166589770438,0.164670313565211,seasonal_naive,CUSCO
2011-07-25,0.0,0.164670313565211,seasonal_naive,CUSCO
2011-08-01,0.0,0.164670313565211,seasonal_naive,CUSCO
2011-08-08,0.0,0.24700547034781659,seasonal_naive,CUSCO
2011-08-15,0.0,0.4116757839130276,seasonal_naive,CUSCO
2011-08-22,0.08137166589770438,0.24700547034781659,seasonal_naive,CUSCO
2011-08-29,0.08137166589770438,0.164670313565211,seasonal_naive,CUSCO
2011-09-05,0.1627433317954088,0.0,seasonal_naive,CUSCO
2011-09-12,0.1627433317954088,0.08233515678260551,seasonal_naive,CUSCO
2011-09-19,0.24411499769311326,0.08233515678260551,seasonal_naive,CUSCO
2011-09-26,0.3254866635908176,0.164670313565211,seasonal_naive,CUSCO
2011-10-03,0.3254866635908177,0.08233515678260551,seasonal_naive,CUSCO
2011-10-10,0.40685832948852213,0.08233515678260551,seasonal_naive,CUSCO
2011-10-17,0.406858329488522,0.08233515678260551,seasonal_naive,CUSCO
2011-10-24,0.3254866635908176,0.08233515678260551,seasonal_naive,CUSCO
2011-10-31,0.2441149976931132,0.164670313565211,seasonal_naive,CUSCO
2011-11-07,0.24411499769311326,0.164670313565211,seasonal_naive,CUSCO
2011-11-14,0.40685832948852213,0.164670313565211,seasonal_naive,CUSCO
2011-11-21,0.3254866635908176,0.164670313565211,seasonal_naive,CUSCO
2011-11-28,0.1627433317954088,0.24700547034781659,seasonal_naive,CUSCO
2011-12-05,0.0813716658977044,0.3293406271304221,seasonal_naive,CUSCO
2011-12-12,0.1627433317954088,0.4116757839130276,seasonal_naive,CUSCO
2011-12-19,0.1627433317954088,0.24700547034781659,seasonal_naive,CUSCO
2011-12-26,0.1627433317954088,0.164670313565211,seasonal_naive,CUSCO
2012-01-02,0.0813716658977044,0.0,seasonal_naive,CUSCO
2012-01-09,0.0813716658977044,0.0,seasonal_naive,CUSCO
2012-01-16,0.0,0.08137166589770438,seasonal_naive,CUSCO
2012-01-23,0.0,0.08137166589770438,seasonal_naive,CUSCO
2012-01-30,0.08043039915194185,0.16274333179540879,seasonal_naive,CUSCO
2012-02-06,0.08043039915194185,0.08137166589770438,seasonal_naive,CUSCO
2012-02-13,0.08043039915194185,0.16274333179540879,seasonal_naive,CUSCO
2012-02-20,0.0,0.16274333179540879,seasonal_naive,CUSCO
2012-02-27,0.0,0.16274333179540879,seasonal_naive,CUSCO
2012-03-05,0.0,0.08137166589770438,seasonal_naive,CUSCO
2012-03-12,0.0,0.0,seasonal_naive,CUSCO
2012-03-19,0.08043039915194185,0.0,seasonal_naive,CUSCO
2012-03-26,0.08043039915194185,0.08137166589770438,seasonal_naive,CUSCO
2012-04-02,0.1608607983038837,0.08137166589770438,seasonal_naive,CUSCO
2012-04-09,0.08043039915194185,0.08137166589770438,seasonal_naive,CUSCO
2012-04-16,0.08043039915194185,0.08137166589770438,seasonal_naive,CUSCO
2012-04-23,0.0,0.08137166589770438,seasonal_naive,CUSCO
2012-04-30,0.0,0.08137166589770438,seasonal_naive,CUSCO
2012-05-07,0.08043039915194185,0.0,seasonal_naive,CUSCO
2012-05-14,0.08043039915194185,0.16274333179540879,seasonal_naive,CUSCO
2012-05-21,0.32172159660776745,0.16274333179540879,seasonal_naive,CUSCO
2012-05-28,0.24129119745582558,0.16274333179540879,seasonal_naive,CUSCO
2012-06-04,0.24129119745582558,0.0,seasonal_naive,CUSCO
2012-06-11,0.0,0.0,seasonal_naive,CUSCO
2012-06-18,0.0,0.0,seasonal_naive,CUSCO
2012-06-25,0.0,0.0,seasonal_naive,CUSCO
2012-07-02,0.08043039915194182,0.08137166589770438,seasonal_naive,CUSCO
2012-07-09,0.08043039915194182,0.08137166589770438,seasonal_naive,CUSCO
2012-07-16,0.08043039915194182,0.08137166589770438,seasonal_naive,CUSCO
2012-07-23,0.0,0.0,seasonal_naive,CUSCO
2012-07-30,0.0,0.0,seasonal_naive,CUSCO
2012-08-06,0.0,0.0,seasonal_naive,CUSCO
2012-08-13,0.0,0.0,seasonal_naive,CUSCO
2012-08-20,0.08043039915194182,0.08137166589770438,seasonal_naive,CUSCO
2012-08-27,0.08043039915194182,0.08137166589770438,seasonal_naive,CUSCO
2012-09-03,0.08043039915194182,0.16274333179540879,seasonal_naive,CUSCO
2012-09-10,0.08043039915194182,0.16274333179540879,seasonal_naive,CUSCO
2012-09-17,0.08043039915194182,0.24411499769311326,seasonal_naive,CUSCO
2012-09-24,0.08043039915194182,0.32548666359081757,seasonal_naive,CUSCO
2012-10-01,0.08043039915194182,0.3254866635908177,seasonal_naive,CUSCO
2012-10-08,0.1608607983038837,0.40685832948852213,seasonal_naive,CUSCO
2012-10-15,0.1608607983038837,0.4068583294885221,seasonal_naive,CUSCO
2012-10-22,0.08043039915194182,0.32548666359081757,seasonal_naive,CUSCO
2012-10-29,0.0,0.24411499769311323,seasonal_naive,CUSCO
2012-11-05,0.0,0.24411499769311326,seasonal_naive,CUSCO
2012-11-12,0.0,0.40685832948852213,seasonal_naive,CUSCO
2012-11-19,0.0,0.32548666359081757,seasonal_naive,CUSCO
2012-11-26,0.08043039915194182,0.16274333179540879,seasonal_naive,CUSCO
2012-12-03,0.08043039915194182,0.0813716658977044,seasonal_naive,CUSCO
2012-12-10,0.08043039915194182,0.16274333179540879,seasonal_naive,CUSCO
2012-12-17,0.0,0.16274333179540879,seasonal_naive,CUSCO
2012-12-24,0.0,0.16274333179540879,seasonal_naive,CUSCO
2012-12-31,0.0,0.0813716658977044,seasonal_naive,CUSCO
2013-01-07,0.0,0.0813716658977044,seasonal_naive,CUSCO
2013-01-14,0.0,0.0,seasonal_naive,CUSCO
2013-01-21,0.0,0.0,seasonal_naive,CUSCO
2013-01-28,0.0,0.08043039915194186,seasonal_naive,CUSCO
2013-02-04,0.0,0.08043039915194186,seasonal_naive,CUSCO
2013-02-11,0.0,0.08043039915194186,seasonal_naive,CUSCO
2013-02-18,0.0,0.0,seasonal_naive,CUSCO
2013-02-25,0.0,0.0,seasonal_naive,CUSCO
2013-03-04,0.07951065959657878,0.0,seasonal_naive,CUSCO
2013-03-11,0.07951065959657878,0.0,seasonal_naive,CUSCO
2013-03-18,0.07951065959657878,0.08043039915194186,seasonal_naive,CUSCO
2013-03-25,0.0,0.08043039915194186,seasonal_naive,CUSCO
2013-04-01,0.0,0.16086079830388372,seasonal_naive,CUSCO
2013-04-08,0.0,0.08043039915194186,seasonal_naive,CUSCO
2013-04-15,0.0,0.08043039915194186,seasonal_naive,CUSCO
2013-04-22,0.07951065959657878,0.0,seasonal_naive,CUSCO
2013-04-29,0.07951065959657878,0.0,seasonal_naive,CUSCO
2013-05-06,0.07951065959657878,0.08043039915194186,seasonal_naive,CUSCO
2013-05-13,0.0,0.08043039915194186,seasonal_naive,CUSCO
2013-05-20,0.0,0.3217215966077675,seasonal_naive,CUSCO
2013-05-27,0.0,0.24129119745582556,seasonal_naive,CUSCO
2013-06-03,0.0,0.24129119745582556,seasonal_naive,CUSCO
2013-06-10,0.0,0.0,seasonal_naive,CUSCO
2013-06-17,0.07951065959657878,0.0,seasonal_naive,CUSCO
2013-06-24,0.07951065959657878,0.0,seasonal_naive,CUSCO
2013-07-01,0.07951065959657878,0.08043039915194182,seasonal_naive,CUSCO
2013-07-08,0.0,0.08043039915194182,seasonal_naive,CUSCO
2013-07-15,0.0,0.08043039915194182,seasonal_naive,CUSCO
2013-07-22,0.0,0.0,seasonal_naive,CUSCO
2013-07-29,0.15902131919315762,0.0,seasonal_naive,CUSCO
2013-08-05,0.15902131919315762,0.0,seasonal_naive,CUSCO
2013-08-12,0.15902131919315762,0.0,seasonal_naive,CUSCO
2013-08-19,0.0,0.08043039915194182,seasonal_naive,CUSCO
2013-08-26,0.0,0.08043039915194182,seasonal_naive,CUSCO
2013-09-02,0.0,0.08043039915194182,seasonal_naive,CUSCO
2013-09-09,0.0,0.08043039915194182,seasonal_naive,CUSCO
2013-09-16,0.0,0.08043039915194182,seasonal_naive,CUSCO
2013-09-23,0.0,0.08043039915194182,seasonal_naive,CUSCO
2013-09-30,0.07951065959657878,0.08043039915194182,seasonal_naive,CUSCO
2013-10-07,0.07951065959657878,0.16086079830388372,seasonal_naive,CUSCO
2013-10-14,0.07951065959657878,0.16086079830388372,seasonal_naive,CUSCO
2013-10-21,0.0,0.08043039915194182,seasonal_naive,CUSCO
2013-10-28,0.07951065959657878,0.0,seasonal_naive,CUSCO
2013-11-04,0.07951065959657878,0.0,seasonal_naive,CUSCO
2013-11-11,0.07951065959657878,0.0,seasonal_naive,CUSCO
2013-11-18,0.07951065959657878,0.0,seasonal_naive,CUSCO
2013-11-25,0.07951065959657878,0.08043039915194182,seasonal_naive,CUSCO
2013-12-02,0.07951065959657878,0.08043039915194182,seasonal_naive,CUSCO
2013-12-09,0.0,0.08043039915194182,seasonal_naive,CUSCO
2013-12-16,0.0,0.0,seasonal_naive,CUSCO
2013-12-23,0.0,0.0,seasonal_naive,CUSCO
2013-12-30,0.07951065959657878,0.0,seasonal_naive,CUSCO
2014-01-06,0.23673421734557767,0.0,seasonal_naive,CUSCO
2014-01-13,0.3153459962200771,0.0,seasonal_naive,CUSCO
2014-01-20,0.2358353366234983,0.0,seasonal_naive,CUSCO
2014-01-27,0.15722355774899885,0.0,seasonal_naive,CUSCO
2014-02-03,0.0786117788744994,0.0,seasonal_naive,CUSCO
2014-02-10,0.15722355774899885,0.0,seasonal_naive,CUSCO
2014-02-17,0.0786117788744994,0.0,seasonal_naive,CUSCO
2014-02-24,0.0786117788744994,0.0,seasonal_naive,CUSCO
2014-03-03,0.0,0.0795106595965788,seasonal_naive,CUSCO
2014-03-10,0.0,0.0795106595965788,seasonal_naive,CUSCO
2014-03-17,0.0,0.0795106595965788,seasonal_naive,CUSCO
2014-03-24,0.0,0.0,seasonal_naive,CUSCO
2014-03-31,0.0,0.0,seasonal_naive,CUSCO
2014-04-07,0.15722355774899885,0.0,seasonal_naive,CUSCO
2014-04-14,0.2358353366234983,0.0,seasonal_naive,CUSCO
2014-04-21,0.2358353366234983,0.0795106595965788,seasonal_naive,CUSCO
2014-04-28,0.0786117788744994,0.0795106595965788,seasonal_naive,CUSCO
2014-05-05,0.0786117788744994,0.0795106595965788,seasonal_naive,CUSCO
2014-05-12,0.15722355774899885,0.0,seasonal_naive,CUSCO
2014-05-19,0.15722355774899885,0.0,seasonal_naive,CUSCO
2014-05-26,0.0786117788744994,0.0,seasonal_naive,CUSCO
2014-06-02,0.0,0.0,seasonal_naive,CUSCO
2014-06-09,0.0786117788744994,0.0,seasonal_naive,CUSCO
2014-06-16,0.0786117788744994,0.0795106595965788,seasonal_naive,CUSCO
2014-06-23,0.0786117788744994,0.0795106595965788,seasonal_naive,CUSCO
2014-06-30,0.0,0.0795106595965788,seasonal_naive,CUSCO
2014-07-07,0.0786117788744994,0.0,seasonal_naive,CUSCO
2014-07-14,0.0786117788744994,0.0,seasonal_naive,CUSCO
2014-07-21,0.2358353366234983,0.0,seasonal_naive,CUSCO
2014-07-28,0.15722355774899885,0.15902131919315765,seasonal_naive,CUSCO
2014-08-04,0.2358353366234983,0.15902131919315765,seasonal_naive,CUSCO
2014-08-11,0.0786117788744994,0.15902131919315765,seasonal_naive,CUSCO
2014-08-18,0.2358353366234983,0.0,seasonal_naive,CUSCO
2014-08-25,0.15722355774899885,0.0,seasonal_naive,CUSCO
2014-09-01,0.3144471154979977,0.0,seasonal_naive,CUSCO
2014-09-08,0.15722355774899885,0.0,seasonal_naive,CUSCO
2014-09-15,0.2358353366234983,0.0,seasonal_naive,CUSCO
2014-09-22,0.15722355774899885,0.0,seasonal_naive,CUSCO
2014-09-29,0.15722355774899885,0.0795106595965788,seasonal_naive,CUSCO
2014-10-06,0.0786117788744994,0.0795106595965788,seasonal_naive,CUSCO
2014-10-13,0.0786117788744994,0.0795106595965788,seasonal_naive,CUSCO
2014-10-20,0.0786117788744994,0.0,seasonal_naive,CUSCO
2014-10-27,0.2358353366234983,0.0795106595965788,seasonal_naive,CUSCO
2014-11-03,0.2358353366234983,0.0795106595965788,seasonal_naive,CUSCO
2014-11-10,0.2358353366234983,0.0795106595965788,seasonal_naive,CUSCO
2014-11-17,0.15722355774899885,0.0795106595965788,seasonal_naive,CUSCO
2014-11-24,0.0786117788744994,0.0795106595965788,seasonal_naive,CUSCO
2014-12-01,0.0786117788744994,0.0795106595965788,seasonal_naive,CUSCO
2014-12-08,0.0,0.0,seasonal_naive,CUSCO
2014-12-15,0.15722355774899885,0.0,seasonal_naive,CUSCO
2014-12-22,0.3144471154979977,0.0,seasonal_naive,CUSCO
2014-12-29,0.3144471154979977,0.0795106595965788,seasonal_naive,CUSCO
2015-01-05,0.15722355774899885,0.23673421734557767,seasonal_naive,CUSCO
2015-01-12,0.0,0.31534599622007703,seasonal_naive,CUSCO
2015-01-19,0.0,0.23583533662349826,seasonal_naive,CUSCO
2015-01-26,0.0,0.15722355774899885,seasonal_naive,CUSCO
2015-02-02,0.0,0.0786117788744994,seasonal_naive,CUSCO
2015-02-09,0.0,0.15722355774899885,seasonal_naive,CUSCO
2015-02-16,0.0,0.0786117788744994,seasonal_naive,CUSCO
2015-02-23,0.0,0.0786117788744994,seasonal_naive,CUSCO
2015-03-02,0.0,0.0,seasonal_naive,CUSCO
2015-03-09,0.0,0.0,seasonal_naive,CUSCO
2015-03-16,0.0,0.0,seasonal_naive,CUSCO
2015-03-23,0.0,0.0,seasonal_naive,CUSCO
2015-03-30,0.0,0.0,seasonal_naive,CUSCO
2015-04-06,0.0777329345115573,0.15722355774899885,seasonal_naive,CUSCO
2015-04-13,0.0777329345115573,0.23583533662349826,seasonal_naive,CUSCO
2015-04-20,0.0777329345115573,0.23583533662349826,seasonal_naive,CUSCO
2015-04-27,0.0,0.0786117788744994,seasonal_naive,CUSCO
2015-05-04,0.0,0.0786117788744994,seasonal_naive,CUSCO
2015-05-11,0.0,0.15722355774899885,seasonal_naive,CUSCO
2015-05-18,0.0,0.15722355774899885,seasonal_naive,CUSCO
2015-05-25,0.0,0.0786117788744994,seasonal_naive,CUSCO
2015-06-01,0.0,0.0,seasonal_naive,CUSCO
2015-06-08,0.0,0.0786117788744994,seasonal_naive,CUSCO
2015-06-15,0.0,0.0786117788744994,seasonal_naive,CUSCO
2015-06-22,0.0,0.0786117788744994,seasonal_naive,CUSCO
2015-06-29,0.0,0.0,seasonal_naive,CUSCO
2015-07-06,0.0,0.0786117788744994,seasonal_naive,CUSCO
2015-07-13,0.0,0.0786117788744994,seasonal_naive,CUSCO
2015-07-20,0.0,0.23583533662349826,seasonal_naive,CUSCO
2015-07-27,0.0,0.15722355774899885,seasonal_naive,CUSCO
2015-08-03,0.0,0.23583533662349826,seasonal_naive,CUSCO
2015-08-10,0.0,0.0786117788744994,seasonal_naive,CUSCO
2015-08-17,0.0,0.23583533662349826,seasonal_naive,CUSCO
2015-08-24,0.0,0.15722355774899885,seasonal_naive,CUSCO
2015-08-31,0.0,0.31444711549799764,seasonal_naive,CUSCO
2015-09-07,0.0,0.15722355774899885,seasonal_naive,CUSCO
2015-09-14,0.0,0.23583533662349826,seasonal_naive,CUSCO
2015-09-21,0.0,0.15722355774899885,seasonal_naive,CUSCO
2015-09-28,0.0,0.15722355774899885,seasonal_naive,CUSCO
2015-10-05,0.0,0.0786117788744994,seasonal_naive,CUSCO
2015-10-12,0.0,0.0786117788744994,seasonal_naive,CUSCO
2015-10-19,0.0,0.0786117788744994,seasonal_naive,CUSCO
2015-10-26,0.0,0.23583533662349826,seasonal_naive,CUSCO
2015-11-02,0.0,0.23583533662349826,seasonal_naive,CUSCO
2015-11-09,0.0,0.23583533662349826,seasonal_naive,CUSCO
2015-11-16,0.0,0.15722355774899885,seasonal_naive,CUSCO
2015-11-23,0.0,0.0786117788744994,seasonal_naive,CUSCO
2015-11-30,0.0,0.0786117788744994,seasonal_naive,CUSCO
2015-12-07,0.0,0.0,seasonal_naive,CUSCO
2015-12-14,0.0,0.15722355774899885,seasonal_naive,CUSCO
2015-12-21,0.0,0.31444711549799764,seasonal_naive,CUSCO
2015-12-28,0.0,0.31444711549799764,seasonal_naive,CUSCO
2016-01-04,0.1537470461348761,0.15722355774899885,seasonal_naive,CUSCO
2016-01-11,0.3074940922697523,0.0,seasonal_naive,CUSCO
2016-01-18,0.3843676153371904,0.0,seasonal_naive,CUSCO
2016-01-25,0.3074940922697523,0.0,seasonal_naive,CUSCO
2016-02-01,0.1537470461348761,0.0,seasonal_naive,CUSCO
2016-02-08,0.1537470461348761,0.0,seasonal_naive,CUSCO
2016-02-15,0.07687352306743804,0.0,seasonal_naive,CUSCO
2016-02-22,0.07687352306743804,0.0,seasonal_naive,CUSCO
2016-02-29,0.0,0.0,seasonal_naive,CUSCO
2016-03-07,0.07687352306743804,0.0,seasonal_naive,CUSCO
2016-03-14,0.2306205692023142,0.0,seasonal_naive,CUSCO
2016-03-21,0.3074940922697523,0.0,seasonal_naive,CUSCO
2016-03-28,0.3074940922697523,0.0,seasonal_naive,CUSCO
2016-04-04,0.1537470461348761,0.0777329345115573,seasonal_naive,CUSCO
2016-04-11,0.1537470461348761,0.0777329345115573,seasonal_naive,CUSCO
2016-04-18,0.2306205692023142,0.0777329345115573,seasonal_naive,CUSCO
2016-04-25,0.3074940922697523,0.0,seasonal_naive,CUSCO
2016-05-02,0.2306205692023142,0.0,seasonal_naive,CUSCO
2016-05-09,0.1537470461348761,0.0,seasonal_naive,CUSCO
2016-05-16,0.1537470461348761,0.0,seasonal_naive,CUSCO
2016-05-23,0.3074940922697523,0.0,seasonal_naive,CUSCO
2016-05-30,0.46124113840462844,0.0,seasonal_naive,CUSCO
2016-06-06,0.3843676153371904,0.0,seasonal_naive,CUSCO
2016-06-13,0.3074940922697523,0.0,seasonal_naive,CUSCO
2016-06-20,0.1537470461348761,0.0,seasonal_naive,CUSCO
2016-06-27,0.23062056920231422,0.0,seasonal_naive,CUSCO
2016-07-04,0.23062056920231422,0.0,seasonal_naive,CUSCO
2016-07-11,0.1537470461348761,0.0,seasonal_naive,CUSCO
2016-07-18,0.07687352306743804,0.0,seasonal_naive,CUSCO
2016-07-25,0.1537470461348761,0.0,seasonal_naive,CUSCO
2016-08-01,0.2306205692023142,0.0,seasonal_naive,CUSCO
2016-08-08,0.5381146614720665,0.0,seasonal_naive,CUSCO
2016-08-15,0.3843676153371904,0.0,seasonal_naive,CUSCO
2016-08-22,0.3074940922697523,0.0,seasonal_naive,CUSCO
2016-08-29,0.07687352306743804,0.0,seasonal_naive,CUSCO
2016-09-05,0.2306205692023142,0.0,seasonal_naive,CUSCO
2016-09-12,0.3843676153371904,0.0,seasonal_naive,CUSCO
2016-09-19,0.3843676153371904,0.0,seasonal_naive,CUSCO
2016-09-26,0.2306205692023142,0.0,seasonal_naive,CUSCO
2016-10-03,0.07687352306743804,0.0,seasonal_naive,CUSCO
2016-10-10,0.07687352306743804,0.0,seasonal_naive,CUSCO
2016-10-17,0.07687352306743804,0.0,seasonal_naive,CUSCO
2016-10-24,0.3074940922697523,0.0,seasonal_naive,CUSCO
2016-10-31,0.3843676153371904,0.0,seasonal_naive,CUSCO
2016-11-07,0.3843676153371904,0.0,seasonal_naive,CUSCO
2016-11-14,0.1537470461348761,0.0,seasonal_naive,CUSCO
2016-11-21,0.1537470461348761,0.0,seasonal_naive,CUSCO
2016-11-28,0.2306205692023142,0.0,seasonal_naive,CUSCO
2016-12-05,0.3074940922697523,0.0,seasonal_naive,CUSCO
2016-12-12,0.23062056920231422,0.0,seasonal_naive,CUSCO
2016-12-19,0.1537470461348761,0.0,seasonal_naive,CUSCO
2016-12-26,0.1537470461348761,0.0,seasonal_naive,CUSCO
2017-01-02,0.07687352306743804,0.1537470461348761,seasonal_naive,CUSCO
2017-01-09,0.22893933715177375,0.3074940922697523,seasonal_naive,CUSCO
2017-01-16,0.3041316281686714,0.38436761533719027,seasonal_naive,CUSCO
2017-01-23,0.3041316281686714,0.3074940922697523,seasonal_naive,CUSCO
2017-01-30,0.15206581408433567,0.1537470461348761,seasonal_naive,CUSCO
2017-02-06,0.0,0.1537470461348761,seasonal_naive,CUSCO
2017-02-13,0.22809872112650353,0.07687352306743804,seasonal_naive,CUSCO
2017-02-20,0.22809872112650353,0.07687352306743804,seasonal_naive,CUSCO
2017-02-27,0.3801645352108392,0.0,seasonal_naive,CUSCO
2017-03-06,0.3041316281686714,0.07687352306743804,seasonal_naive,CUSCO
2017-03-13,0.3801645352108392,0.2306205692023142,seasonal_naive,CUSCO
2017-03-20,0.22809872112650353,0.3074940922697523,seasonal_naive,CUSCO
2017-03-27,0.15206581408433567,0.3074940922697523,seasonal_naive,CUSCO
2017-04-03,0.07603290704216782,0.1537470461348761,seasonal_naive,CUSCO
2017-04-10,0.07603290704216782,0.1537470461348761,seasonal_naive,CUSCO
2017-04-17,0.0,0.2306205692023142,seasonal_naive,CUSCO
2017-04-24,0.0,0.3074940922697523,seasonal_naive,CUSCO
2017-05-01,0.0,0.2306205692023142,seasonal_naive,CUSCO
2017-05-08,0.0,0.1537470461348761,seasonal_naive,CUSCO
2017-05-15,0.22809872112650353,0.1537470461348761,seasonal_naive,CUSCO
2017-05-22,0.3801645352108392,0.3074940922697523,seasonal_naive,CUSCO
2017-05-29,0.45619744225300707,0.46124113840462844,seasonal_naive,CUSCO
2017-06-05,0.22809872112650353,0.38436761533719027,seasonal_naive,CUSCO
2017-06-12,0.22809872112650353,0.3074940922697523,seasonal_naive,CUSCO
2017-06-19,0.22809872112650353,0.1537470461348761,seasonal_naive,CUSCO
2017-06-26,0.22809872112650353,0.23062056920231422,seasonal_naive,CUSCO
2017-07-03,0.0760329070421678,0.23062056920231422,seasonal_naive,CUSCO
2017-07-10,0.0,0.1537470461348761,seasonal_naive,CUSCO
2017-07-17,0.3041316281686714,0.07687352306743804,seasonal_naive,CUSCO
2017-07-24,0.45619744225300707,0.1537470461348761,seasonal_naive,CUSCO
2017-07-31,0.6082632563373428,0.2306205692023142,seasonal_naive,CUSCO
2017-08-07,0.30413162816867134,0.5381146614720667,seasonal_naive,CUSCO
2017-08-14,0.2280987211265035,0.38436761533719027,seasonal_naive,CUSCO
2017-08-21,0.15206581408433564,0.3074940922697523,seasonal_naive,CUSCO
2017-08-28,0.15206581408433564,0.07687352306743804,seasonal_naive,CUSCO
2017-09-04,0.07603290704216778,0.2306205692023142,seasonal_naive,CUSCO
2017-09-11,0.07603290704216778,0.38436761533719027,seasonal_naive,CUSCO
2017-09-18,0.07603290704216778,0.38436761533719027,seasonal_naive,CUSCO
2017-09-25,0.07603290704216778,0.2306205692023142,seasonal_naive,CUSCO
2017-10-02,0.0,0.07687352306743804,seasonal_naive,CUSCO
2017-10-09,0.07603290704216778,0.07687352306743804,seasonal_naive,CUSCO
2017-10-16,0.15206581408433564,0.07687352306743804,seasonal_naive,CUSCO
2017-10-23,0.22809872112650356,0.3074940922697523,seasonal_naive,CUSCO
2017-10-30,0.30413162816867134,0.38436761533719027,seasonal_naive,CUSCO
2017-11-06,0.3041316281686713,0.38436761533719027,seasonal_naive,CUSCO
2017-11-13,0.3041316281686713,0.1537470461348761,seasonal_naive,CUSCO
2017-11-20,0.22809872112650356,0.1537470461348761,seasonal_naive,CUSCO
2017-11-27,0.45619744225300707,0.2306205692023142,seasonal_naive,CUSCO
2017-12-04,0.45619744225300707,0.3074940922697523,seasonal_naive,CUSCO
2017-12-11,0.45619744225300707,0.23062056920231422,seasonal_naive,CUSCO
2017-12-18,0.15206581408433564,0.1537470461348761,seasonal_naive,CUSCO
2017-12-25,0.07603290704216778,0.1537470461348761,seasonal_naive,CUSCO
2018-01-01,0.15056907582206944,0.07687352306743804,seasonal_naive,CUSCO
2018-01-08,0.2258536137331042,0.22893933715177375,seasonal_naive,CUSCO
2018-01-15,0.301138151644139,0.3041316281686714,seasonal_naive,CUSCO
2018-01-22,0.301138151644139,0.3041316281686714,seasonal_naive,CUSCO
2018-01-29,0.301138151644139,0.1520658140843357,seasonal_naive,CUSCO
2018-02-05,0.30113815164413893,0.0,seasonal_naive,CUSCO
2018-02-12,0.22585361373310428,0.22809872112650356,seasonal_naive,CUSCO
2018-02-19,0.15056907582206944,0.22809872112650356,seasonal_naive,CUSCO
2018-02-26,0.30113815164413893,0.38016453521083926,seasonal_naive,CUSCO
2018-03-05,0.30113815164413893,0.3041316281686714,seasonal_naive,CUSCO
2018-03-12,0.602276303288278,0.38016453521083926,seasonal_naive,CUSCO
2018-03-19,0.5269917653772432,0.22809872112650356,seasonal_naive,CUSCO
2018-03-26,0.8863027711235038,0.1520658140843357,seasonal_naive,CUSCO
2018-04-02,0.5851646194793647,0.07603290704216781,seasonal_naive,CUSCO
2018-04-09,0.5851646194793647,0.07603290704216781,seasonal_naive,CUSCO
2018-04-16,0.37642268955517366,0.0,seasonal_naive,CUSCO
2018-04-23,0.4517072274662084,0.0,seasonal_naive,CUSCO
2018-04-30,0.37642268955517366,0.0,seasonal_naive,CUSCO
2018-05-07,0.3011381516441389,0.0,seasonal_naive,CUSCO
2018-05-14,0.37642268955517366,0.22809872112650356,seasonal_naive,CUSCO
2018-05-21,0.5269917653772432,0.38016453521083926,seasonal_naive,CUSCO
2018-05-28,0.4517072274662084,0.4561974422530071,seasonal_naive,CUSCO
2018-06-04,0.4517072274662084,0.22809872112650356,seasonal_naive,CUSCO
2018-06-11,0.602276303288278,0.22809872112650356,seasonal_naive,CUSCO
2018-06-18,0.7528453791103474,0.22809872112650356,seasonal_naive,CUSCO
2018-06-25,0.8281299170213822,0.22809872112650356,seasonal_naive,CUSCO
2018-07-02,0.602276303288278,0.0760329070421678,seasonal_naive,CUSCO
2018-07-09,0.5269917653772431,0.0,seasonal_naive,CUSCO
2018-07-16,0.5269917653772431,0.3041316281686714,seasonal_naive,CUSCO
2018-07-23,0.6775608411993126,0.4561974422530071,seasonal_naive,CUSCO
2018-07-30,0.7528453791103474,0.6082632563373429,seasonal_naive,CUSCO
2018-08-06,0.8281299170213822,0.3041316281686714,seasonal_naive,CUSCO
2018-08-13,0.7528453791103474,0.22809872112650348,seasonal_naive,CUSCO
2018-08-20,0.602276303288278,0.15206581408433567,seasonal_naive,CUSCO
2018-08-27,0.7357336953014343,0.15206581408433567,seasonal_naive,CUSCO
2018-09-03,0.5851646194793647,0.07603290704216778,seasonal_naive,CUSCO
2018-09-10,0.811018233212469,0.07603290704216778,seasonal_naive,CUSCO
2018-09-17,0.5269917653772432,0.07603290704216778,seasonal_naive,CUSCO
2018-09-24,0.602276303288278,0.07603290704216778,seasonal_naive,CUSCO
2018-10-01,0.3764226895551737,0.0,seasonal_naive,CUSCO
2018-10-08,0.37642268955517366,0.07603290704216778,seasonal_naive,CUSCO
2018-10-15,0.3764226895551737,0.15206581408433567,seasonal_naive,CUSCO
2018-10-22,0.45170722746620856,0.2280987211265036,seasonal_naive,CUSCO
2018-10-29,0.3764226895551737,0.3041316281686714,seasonal_naive,CUSCO
2018-11-05,0.30113815164413893,0.30413162816867134,seasonal_naive,CUSCO
2018-11-12,0.5851646194793648,0.30413162816867134,seasonal_naive,CUSCO
2018-11-19,0.5098800815683301,0.2280987211265036,seasonal_naive,CUSCO
2018-11-26,0.5851646194793648,0.4561974422530071,seasonal_naive,CUSCO
2018-12-03,0.45170722746620845,0.4561974422530071,seasonal_naive,CUSCO
2018-12-10,0.45170722746620845,0.4561974422530071,seasonal_naive,CUSCO
2018-12-17,0.45170722746620845,0.15206581408433567,seasonal_naive,CUSCO
2018-12-24,0.15056907582206944,0.07603290704216778,seasonal_naive,CUSCO
2018-12-31,0.2258536137331042,0.15056907582206946,seasonal_naive,CUSCO
2019-01-07,0.37348734414854273,0.22585361373310417,seasonal_naive,CUSCO
2019-01-14,0.4480380457079198,0.30113815164413904,seasonal_naive,CUSCO
2019-01-21,0.5964056124750161,0.30113815164413904,seasonal_naive,CUSCO
2019-01-28,0.298202806237508,0.30113815164413904,seasonal_naive,CUSCO
2019-02-04,0.29820280623750794,0.30113815164413893,seasonal_naive,CUSCO
2019-02-11,0.07455070155937688,0.22585361373310425,seasonal_naive,CUSCO
2019-02-18,0.07455070155937688,0.15056907582206946,seasonal_naive,CUSCO
2019-02-25,0.0,0.30113815164413893,seasonal_naive,CUSCO
2019-03-04,0.0,0.30113815164413893,seasonal_naive,CUSCO
2019-03-11,0.0,0.6022763032882781,seasonal_naive,CUSCO
2019-03-18,0.0,0.5269917653772431,seasonal_naive,CUSCO
2019-03-25,0.07455070155937688,0.8863027711235036,seasonal_naive,CUSCO
2019-04-01,0.1491014031187539,0.5851646194793647,seasonal_naive,CUSCO
2019-04-08,0.29820280623750794,0.5851646194793647,seasonal_naive,CUSCO
2019-04-15,0.29820280623750794,0.37642268955517366,seasonal_naive,CUSCO
2019-04-22,0.44730420935626203,0.4517072274662084,seasonal_naive,CUSCO
2019-04-29,0.5218549109156391,0.37642268955517366,seasonal_naive,CUSCO
2019-05-06,0.596405612475016,0.3011381516441389,seasonal_naive,CUSCO
2019-05-13,0.5218549109156391,0.37642268955517366,seasonal_naive,CUSCO
2019-05-20,0.5218549109156391,0.5269917653772431,seasonal_naive,CUSCO
2019-05-27,0.5964056124750161,0.4517072274662084,seasonal_naive,CUSCO
2019-06-03,0.44730420935626203,0.4517072274662084,seasonal_naive,CUSCO
2019-06-10,0.22365210467813093,0.6022763032882781,seasonal_naive,CUSCO
2019-06-17,0.22365210467813093,0.7528453791103475,seasonal_naive,CUSCO
2019-06-24,0.37275350779688504,0.8281299170213823,seasonal_naive,CUSCO
2019-07-01,0.5218549109156391,0.6022763032882781,seasonal_naive,CUSCO
2019-07-08,0.5218549109156391,0.5269917653772431,seasonal_naive,CUSCO
2019-07-15,0.5964056124750161,0.5269917653772431,seasonal_naive,CUSCO
2019-07-22,0.7455070155937701,0.6775608411993126,seasonal_naive,CUSCO
2019-07-29,0.596405612475016,0.7528453791103475,seasonal_naive,CUSCO
2019-08-05,0.37275350779688493,0.8281299170213823,seasonal_naive,CUSCO
2019-08-12,0.07455070155937688,0.7528453791103475,seasonal_naive,CUSCO
2019-08-19,0.29820280623750794,0.6022763032882781,seasonal_naive,CUSCO
2019-08-26,0.5218549109156391,0.7357336953014342,seasonal_naive,CUSCO
2019-09-02,0.596405612475016,0.5851646194793647,seasonal_naive,CUSCO
2019-09-09,0.37275350779688504,0.8110182332124689,seasonal_naive,CUSCO
2019-09-16,0.22365210467813107,0.5269917653772431,seasonal_naive,CUSCO
2019-09-23,0.37275350779688504,0.6022763032882781,seasonal_naive,CUSCO
2019-09-30,0.37275350779688504,0.3764226895551738,seasonal_naive,CUSCO
2019-10-07,0.37275350779688504,0.37642268955517366,seasonal_naive,CUSCO
2019-10-14,0.37275350779688504,0.3764226895551738,seasonal_naive,CUSCO
2019-10-21,0.37275350779688504,0.4517072274662086,seasonal_naive,CUSCO
2019-10-28,0.44730420935626203,0.3764226895551738,seasonal_naive,CUSCO
2019-11-04,0.5218549109156391,0.30113815164413893,seasonal_naive,CUSCO
2019-11-11,0.5218549109156391,0.5851646194793649,seasonal_naive,CUSCO
2019-11-18,0.37275350779688493,0.50988008156833,seasonal_naive,CUSCO
2019-11-25,0.22365210467813093,0.5851646194793649,seasonal_naive,CUSCO
2019-12-02,0.22365210467813093,0.45170722746620856,seasonal_naive,CUSCO
2019-12-09,0.37275350779688493,0.45170722746620856,seasonal_naive,CUSCO
2019-12-16,0.22365210467813093,0.45170722746620856,seasonal_naive,CUSCO
2019-12-23,0.29820280623750794,0.15056907582206946,seasonal_naive,CUSCO
2019-12-30,0.1491014031187539,0.22585361373310417,seasonal_naive,CUSCO
2020-01-06,0.22293243636929802,0.3734873441485427,seasonal_naive,CUSCO
2020-01-13,0.14766206650108812,0.4480380457079198,seasonal_naive,CUSCO
2020-01-20,0.2214930997516324,0.5964056124750161,seasonal_naive,CUSCO
2020-01-27,0.14766206650108812,0.298202806237508,seasonal_naive,CUSCO
2020-02-03,0.14766206650108812,0.29820280623750794,seasonal_naive,CUSCO
2020-02-10,0.22149309975163223,0.07455070155937686,seasonal_naive,CUSCO
2020-02-17,0.5168172327538088,0.07455070155937686,seasonal_naive,CUSCO
2020-02-24,0.664479299254897,0.0,seasonal_naive,CUSCO
2020-03-02,0.5168172327538088,0.0,seasonal_naive,CUSCO
2020-03-09,0.4429861995032647,0.0,seasonal_naive,CUSCO
2020-03-16,0.29532413300217636,0.0,seasonal_naive,CUSCO
2020-03-23,0.36915516625272055,0.07455070155937686,seasonal_naive,CUSCO
2020-03-30,0.5168172327538088,0.1491014031187539,seasonal_naive,CUSCO
2020-04-06,0.5168172327538089,0.29820280623750794,seasonal_naive,CUSCO
2020-04-13,0.87758174316056,0.29820280623750794,seasonal_naive,CUSCO
2020-04-20,0.5822576101583835,0.44730420935626203,seasonal_naive,CUSCO
2020-04-27,0.5822576101583835,0.521854910915639,seasonal_naive,CUSCO
2020-05-04,0.14766206650108812,0.5964056124750159,seasonal_naive,CUSCO
2020-05-11,0.14766206650108812,0.521854910915639,seasonal_naive,CUSCO
2020-05-18,0.22149309975163223,0.521854910915639,seasonal_naive,CUSCO
2020-05-25,0.22149309975163223,0.5964056124750161,seasonal_naive,CUSCO
2020-06-01,0.14766206650108812,0.44730420935626203,seasonal_naive,CUSCO
2020-06-08,0.0,0.22365210467813093,seasonal_naive,CUSCO
2020-06-15,0.14766206650108812,0.22365210467813093,seasonal_naive,CUSCO
2020-06-22,0.14766206650108812,0.372753507796885,seasonal_naive,CUSCO
2020-06-29,0.14766206650108812,0.521854910915639,seasonal_naive,CUSCO
2020-07-06,0.07383103325054398,0.521854910915639,seasonal_naive,CUSCO
2020-07-13,0.22149309975163223,0.5964056124750161,seasonal_naive,CUSCO
2020-07-20,0.36915516625272055,0.74550701559377,seasonal_naive,CUSCO
2020-07-27,0.4429861995032648,0.5964056124750159,seasonal_naive,CUSCO
2020-08-03,0.36915516625272055,0.37275350779688493,seasonal_naive,CUSCO
2020-08-10,0.4429861995032646,0.07455070155937686,seasonal_naive,CUSCO
2020-08-17,0.2953241330021764,0.29820280623750794,seasonal_naive,CUSCO
2020-08-24,0.36915516625272055,0.521854910915639,seasonal_naive,CUSCO
2020-08-31,0.14766206650108812,0.5964056124750159,seasonal_naive,CUSCO
2020-09-07,0.29532413300217636,0.372753507796885,seasonal_naive,CUSCO
2020-09-14,0.36915516625272055,0.2236521046781311,seasonal_naive,CUSCO
2020-09-21,0.36915516625272055,0.372753507796885,seasonal_naive,CUSCO
2020-09-28,0.22149309975163226,0.372753507796885,seasonal_naive,CUSCO
2020-10-05,0.07383103325054398,0.372753507796885,seasonal_naive,CUSCO
2020-10-12,0.07383103325054398,0.372753507796885,seasonal_naive,CUSCO
2020-10-19,0.07383103325054398,0.372753507796885,seasonal_naive,CUSCO
2020-10-26,0.0,0.44730420935626203,seasonal_naive,CUSCO
2020-11-02,0.07383103325054398,0.521854910915639,seasonal_naive,CUSCO
2020-11-09,0.07383103325054398,0.521854910915639,seasonal_naive,CUSCO
2020-11-16,0.22149309975163223,0.37275350779688493,seasonal_naive,CUSCO
2020-11-23,0.14766206650108812,0.22365210467813093,seasonal_naive,CUSCO
2020-11-30,0.14766206650108812,0.22365210467813093,seasonal_naive,CUSCO
2020-12-07,0.07383103325054398,0.37275350779688493,seasonal_naive,CUSCO
2020-12-14,0.22149309975163223,0.22365210467813093,seasonal_naive,CUSCO
2020-12-21,0.36915516625272055,0.29820280623750794,seasonal_naive,CUSCO
2020-12-28,0.36915516625272043,0.1491014031187539,seasonal_naive,CUSCO
2021-01-04,0.4408684795452585,0.22293243636929802,seasonal_naive,CUSCO
2021-01-11,0.4394566662399211,0.14766206650108815,seasonal_naive,CUSCO
2021-01-18,0.5118758861851279,0.22149309975163237,seasonal_naive,CUSCO
2021-01-25,0.365625632989377,0.14766206650108815,seasonal_naive,CUSCO
2021-02-01,0.29250050639150155,0.14766206650108815,seasonal_naive,CUSCO
2021-02-08,0.21937537979362629,0.22149309975163223,seasonal_naive,CUSCO
2021-02-15,0.4387507595872524,0.5168172327538088,seasonal_naive,CUSCO
2021-02-22,0.5118758861851279,0.6644792992548971,seasonal_naive,CUSCO
2021-03-01,0.5850010127830032,0.5168172327538088,seasonal_naive,CUSCO
2021-03-08,0.29250050639150155,0.4429861995032647,seasonal_naive,CUSCO
2021-03-15,0.4387507595872524,0.2953241330021764,seasonal_naive,CUSCO
2021-03-22,0.365625632989377,0.36915516625272055,seasonal_naive,CUSCO
2021-03-29,0.4387507595872524,0.5168172327538088,seasonal_naive,CUSCO
2021-04-05,0.14625025319575075,0.5168172327538088,seasonal_naive,CUSCO
2021-04-12,0.365625632989377,0.8775817431605601,seasonal_naive,CUSCO
2021-04-19,0.5118758861851279,0.5822576101583836,seasonal_naive,CUSCO
2021-04-26,0.6581261393808787,0.5822576101583836,seasonal_naive,CUSCO
2021-05-03,0.8002211766466724,0.14766206650108815,seasonal_naive,CUSCO
2021-05-10,0.5808457968530462,0.14766206650108815,seasonal_naive,CUSCO
2021-05-17,0.5077206702551706,0.22149309975163223,seasonal_naive,CUSCO
2021-05-24,0.14625025319575077,0.22149309975163223,seasonal_naive,CUSCO
2021-05-31,0.36562563298937706,0.14766206650108815,seasonal_naive,CUSCO
2021-06-07,0.29250050639150166,0.0,seasonal_naive,CUSCO
2021-06-14,0.43875075958725246,0.14766206650108815,seasonal_naive,CUSCO
2021-06-21,0.2193753797936262,0.14766206650108815,seasonal_naive,CUSCO
2021-06-28,0.2193753797936262,0.14766206650108815,seasonal_naive,CUSCO
2021-07-05,0.07312512659787536,0.07383103325054396,seasonal_naive,CUSCO
2021-07-12,0.29250050639150166,0.22149309975163223,seasonal_naive,CUSCO
2021-07-19,0.36562563298937706,0.36915516625272055,seasonal_naive,CUSCO
2021-07-26,0.5118758861851279,0.4429861995032649,seasonal_naive,CUSCO
2021-08-02,0.29250050639150166,0.36915516625272055,seasonal_naive,CUSCO
2021-08-09,0.29250050639150166,0.4429861995032646,seasonal_naive,CUSCO
2021-08-16,0.07312512659787536,0.29532413300217647,seasonal_naive,CUSCO
2021-08-23,0.07312512659787536,0.36915516625272055,seasonal_naive,CUSCO
2021-08-30,0.0,0.14766206650108815,seasonal_naive,CUSCO
2021-09-06,0.07312512659787536,0.2953241330021764,seasonal_naive,CUSCO
2021-09-13,0.2193753797936262,0.36915516625272055,seasonal_naive,CUSCO
2021-09-20,0.5118758861851279,0.36915516625272055,seasonal_naive,CUSCO
2021-09-27,0.5118758861851279,0.22149309975163226,seasonal_naive,CUSCO
2021-10-04,0.36562563298937706,0.07383103325054396,seasonal_naive,CUSCO
2021-10-11,0.43875075958725257,0.07383103325054396,seasonal_naive,CUSCO
2021-10-18,0.6581261393808789,0.07383103325054396,seasonal_naive,CUSCO
2021-10-25,0.7312512659787543,0.0,seasonal_naive,CUSCO
2021-11-01,0.43875075958725257,0.07383103325054396,seasonal_naive,CUSCO
2021-11-08,0.5118758861851279,0.07383103325054396,seasonal_naive,CUSCO
2021-11-15,0.5850010127830034,0.22149309975163223,seasonal_naive,CUSCO
2021-11-22,0.8043763925766297,0.14766206650108815,seasonal_naive,CUSCO
2021-11-29,0.5850010127830033,0.14766206650108815,seasonal_naive,CUSCO
2021-12-06,0.43875075958725246,0.07383103325054396,seasonal_naive,CUSCO
2021-12-13,0.29250050639150166,0.22149309975163223,seasonal_naive,CUSCO
2021-12-20,0.14625025319575077,0.36915516625272055,seasonal_naive,CUSCO
2021-12-27,0.2193753797936262,0.3691551662527205,seasonal_naive,CUSCO
2022-01-03,0.14555771720742458,0.44086847954525854,seasonal_naive,CUSCO
2022-01-10,0.4352880796456215,0.43945666623992113,seasonal_naive,CUSCO
2022-01-17,0.4345955436572953,0.5118758861851278,seasonal_naive,CUSCO
2022-01-24,0.4345955436572953,0.36562563298937706,seasonal_naive,CUSCO
2022-01-31,0.28973036243819683,0.29250050639150155,seasonal_naive,CUSCO
2022-02-07,0.43459554365729525,0.21937537979362626,seasonal_naive,CUSCO
2022-02-14,0.43459554365729525,0.43875075958725235,seasonal_naive,CUSCO
2022-02-21,0.43459554365729525,0.5118758861851278,seasonal_naive,CUSCO
2022-02-28,0.3621629530477461,0.5850010127830032,seasonal_naive,CUSCO
2022-03-07,0.28973036243819683,0.29250050639150155,seasonal_naive,CUSCO
2022-03-14,0.3621629530477461,0.43875075958725235,seasonal_naive,CUSCO
2022-03-21,0.4345955436572953,0.36562563298937706,seasonal_naive,CUSCO
2022-03-28,0.8691910873145906,0.43875075958725235,seasonal_naive,CUSCO
2022-04-04,0.651893315485943,0.14625025319575072,seasonal_naive,CUSCO
2022-04-11,0.7967584967050415,0.36562563298937706,seasonal_naive,CUSCO
2022-04-18,0.7967584967050415,0.5118758861851278,seasonal_naive,CUSCO
2022-04-25,1.0140562685336891,0.6581261393808788,seasonal_naive,CUSCO
2022-05-02,0.7967584967050415,0.8002211766466722,seasonal_naive,CUSCO
2022-05-09,0.4345955436572953,0.5808457968530463,seasonal_naive,CUSCO
2022-05-16,0.36216295304774615,0.5077206702551706,seasonal_naive,CUSCO
2022-05-23,0.2897303624381969,0.14625025319575077,seasonal_naive,CUSCO
2022-05-30,0.36216295304774615,0.36562563298937717,seasonal_naive,CUSCO
2022-06-06,0.5070281342668447,0.2925005063915017,seasonal_naive,CUSCO
2022-06-13,0.7243259060954923,0.43875075958725246,seasonal_naive,CUSCO
2022-06-20,0.7967584967050415,0.2193753797936262,seasonal_naive,CUSCO
2022-06-27,0.7243259060954923,0.2193753797936262,seasonal_naive,CUSCO
2022-07-04,0.8691910873145906,0.07312512659787536,seasonal_naive,CUSCO
2022-07-11,0.7967584967050415,0.2925005063915017,seasonal_naive,CUSCO
2022-07-18,1.0140562685336891,0.36562563298937717,seasonal_naive,CUSCO
2022-07-25,0.8691910873145906,0.5118758861851278,seasonal_naive,CUSCO
2022-08-01,0.9416236779241398,0.2925005063915017,seasonal_naive,CUSCO
2022-08-08,0.8691910873145906,0.2925005063915017,seasonal_naive,CUSCO
2022-08-15,0.6518933154859431,0.07312512659787536,seasonal_naive,CUSCO
2022-08-22,0.4345955436572954,0.07312512659787536,seasonal_naive,CUSCO
2022-08-29,0.14486518121909844,0.0,seasonal_naive,CUSCO
2022-09-05,0.4345955436572954,0.07312512659787536,seasonal_naive,CUSCO
2022-09-12,0.5794607248763938,0.2193753797936262,seasonal_naive,CUSCO
2022-09-19,0.6518933154859431,0.5118758861851278,seasonal_naive,CUSCO
2022-09-26,0.43459554365729536,0.5118758861851278,seasonal_naive,CUSCO
2022-10-03,0.7243259060954922,0.36562563298937717,seasonal_naive,CUSCO
2022-10-10,0.7967584967050413,0.43875075958725257,seasonal_naive,CUSCO
2022-10-17,1.014056268533689,0.6581261393808788,seasonal_naive,CUSCO
2022-10-24,0.8691910873145906,0.7312512659787542,seasonal_naive,CUSCO
2022-10-31,0.9416236779241398,0.43875075958725257,seasonal_naive,CUSCO
2022-11-07,0.7243259060954922,0.5118758861851278,seasonal_naive,CUSCO
2022-11-14,0.7243259060954922,0.5850010127830034,seasonal_naive,CUSCO
2022-11-21,0.5794607248763938,0.8043763925766296,seasonal_naive,CUSCO
2022-11-28,0.7243259060954923,0.5850010127830032,seasonal_naive,CUSCO
2022-12-05,0.43459554365729525,0.43875075958725246,seasonal_naive,CUSCO
2010-12-27,0.16467031356521103,0.15639521370968693,holt_winters,CUSCO
2011-01-03,0.0,0.17274339926481924,holt_winters,CUSCO
2011-01-10,0.0,0.24593447063654994,holt_winters,CUSCO
2011-01-17,0.08137166589770438,0.2830745070361918,holt_winters,CUSCO
2011-01-24,0.08137166589770438,0.15672244881965264,holt_winters,CUSCO
2011-01-31,0.1627433317954088,0.11595562227324295,holt_winters,CUSCO
2011-02-07,0.08137166589770438,0.07524086042959259,holt_winters,CUSCO
2011-02-14,0.1627433317954088,0.009835560518587617,holt_winters,CUSCO
2011-02-21,0.1627433317954088,0.1410854424300612,holt_winters,CUSCO
2011-02-28,0.1627433317954088,0.13766467497530555,holt_winters,CUSCO
2011-03-07,0.08137166589770438,0.11742352745462993,holt_winters,CUSCO
2011-03-14,0.0,0.11622967785728229,holt_winters,CUSCO
2011-03-21,0.0,0.0,holt_winters,CUSCO
2011-03-28,0.08137166589770438,0.0,holt_winters,CUSCO
2011-04-04,0.08137166589770438,0.0,holt_winters,CUSCO
2011-04-11,0.08137166589770438,0.005967779332170372,holt_winters,CUSCO
2011-04-18,0.08137166589770438,0.060386638265608666,holt_winters,CUSCO
2011-04-25,0.08137166589770438,0.08779406420199966,holt_winters,CUSCO
2011-05-02,0.08137166589770438,0.14851518609802788,holt_winters,CUSCO
2011-05-09,0.0,0.18556797333334954,holt_winters,CUSCO
2011-05-16,0.1627433317954088,0.0,holt_winters,CUSCO
2011-05-23,0.1627433317954088,0.0,holt_winters,CUSCO
2011-05-30,0.1627433317954088,0.0036271304119646413,holt_winters,CUSCO
2011-06-06,0.0,0.018008944595172376,holt_winters,CUSCO
2011-06-13,0.0,0.0,holt_winters,CUSCO
2011-06-20,0.0,0.0,holt_winters,CUSCO
2011-06-27,0.0,0.026945032562900793,holt_winters,CUSCO
2011-07-04,0.08137166589770438,0.059311154184705554,holt_winters,CUSCO
2011-07-11,0.08137166589770438,0.11117298402224013,holt_winters,CUSCO
2011-07-18,0.08137166589770438,0.007058681642024199,holt_winters,CUSCO
2011-07-25,0.0,0.0,holt_winters,CUSCO
2011-08-01,0.0,0.0,holt_winters,CUSCO
2011-08-08,0.0,0.05743741912849007,holt_winters,CUSCO
2011-08-15,0.0,0.10719896549402771,holt_winters,CUSCO
2011-08-22,0.08137166589770438,0.0903963088810757,holt_winters,CUSCO
2011-08-29,0.08137166589770438,0.06605071608111461,holt_winters,CUSCO
2011-09-05,0.1627433317954088,0.00017161274653223736,holt_winters,CUSCO
2011-09-12,0.1627433317954088,0.027978861136235857,holt_winters,CUSCO
2011-09-19,0.24411499769311326,0.003369754031892573,holt_winters,CUSCO
2011-09-26,0.3254866635908176,0.04195369472670325,holt_winters,CUSCO
2011-10-03,0.3254866635908177,0.24719774732052632,holt_winters,CUSCO
2011-10-10,0.40685832948852213,0.257506262034008,holt_winters,CUSCO
2011-10-17,0.406858329488522,0.30667184025843386,holt_winters,CUSCO
2011-10-24,0.3254866635908176,0.35099313421795775,holt_winters,CUSCO
2011-10-31,0.2441149976931132,0.4217243622396655,holt_winters,CUSCO
2011-11-07,0.24411499769311326,0.3923792052394221,holt_winters,CUSCO
2011-11-14,0.40685832948852213,0.3864618995055187,holt_winters,CUSCO
2011-11-21,0.3254866635908176,0.34539493328753057,holt_winters,CUSCO
2011-11-28,0.1627433317954088,0.29990748951883106,holt_winters,CUSCO
2011-12-05,0.0813716658977044,0.3680475254036775,holt_winters,CUSCO
2011-12-12,0.1627433317954088,0.3847270334728767,holt_winters,CUSCO
2011-12-19,0.1627433317954088,0.34673861872116396,holt_winters,CUSCO
2011-12-26,0.1627433317954088,0.06022920150315633,holt_winters,CUSCO
2012-01-02,0.0813716658977044,0.0455255320011979,holt_winters,CUSCO
2012-01-09,0.0813716658977044,0.11305209733930728,holt_winters,CUSCO
2012-01-16,0.0,0.166281264025749,holt_winters,CUSCO
2012-01-23,0.0,0.05172038887550934,holt_winters,CUSCO
2012-01-30,0.08043039915194185,0.04934219281521201,holt_winters,CUSCO
2012-02-06,0.08043039915194185,0.011800666758651573,holt_winters,CUSCO
2012-02-13,0.08043039915194185,0.0,holt_winters,CUSCO
2012-02-20,0.0,0.06139416008190423,holt_winters,CUSCO
2012-02-27,0.0,0.05290990252287413,holt_winters,CUSCO
2012-03-05,0.0,0.015417350832456034,holt_winters,CUSCO
2012-03-12,0.0,0.0,holt_winters,CUSCO
2012-03-19,0.08043039915194185,0.0,holt_winters,CUSCO
2012-03-26,0.08043039915194185,0.004727199125762827,holt_winters,CUSCO
2012-04-02,0.1608607983038837,0.010460532478391066,holt_winters,CUSCO
2012-04-09,0.08043039915194185,0.0,holt_winters,CUSCO
2012-04-16,0.08043039915194185,0.06090427305237537,holt_winters,CUSCO
2012-04-23,0.0,0.07056283303825277,holt_winters,CUSCO
2012-04-30,0.0,0.1329011704465268,holt_winters,CUSCO
2012-05-07,0.08043039915194185,0.1396135679442954,holt_winters,CUSCO
2012-05-14,0.08043039915194185,0.10507421829945729,holt_winters,CUSCO
2012-05-21,0.32172159660776745,0.1047326747333488,holt_winters,CUSCO
2012-05-28,0.24129119745582558,0.125283498139589,holt_winters,CUSCO
2012-06-04,0.24129119745582558,0.09060221174865266,holt_winters,CUSCO
2012-06-11,0.0,0.17324277984602496,holt_winters,CUSCO
2012-06-18,0.0,0.17574110485794897,holt_winters,CUSCO
2012-06-25,0.0,0.2866686891365232,holt_winters,CUSCO
2012-07-02,0.08043039915194182,0.3463782047969975,holt_winters,CUSCO
2012-07-09,0.08043039915194182,0.16158386964994098,holt_winters,CUSCO
2012-07-16,0.08043039915194182,0.06671513473799118,holt_winters,CUSCO
2012-07-23,0.0,0.0,holt_winters,CUSCO
2012-07-30,0.0,0.0,holt_winters,CUSCO
2012-08-06,0.0,0.03777093259473126,holt_winters,CUSCO
2012-08-13,0.0,0.09686205379247184,holt_winters,CUSCO
2012-08-20,0.08043039915194182,0.09332760827715535,holt_winters,CUSCO
2012-08-27,0.08043039915194182,0.06607670562262305,holt_winters,CUSCO
2012-09-03,0.08043039915194182,0.059364213404668534,holt_winters,CUSCO
2012-09-10,0.08043039915194182,0.09251743394393667,holt_winters,CUSCO
2012-09-17,0.08043039915194182,0.08840933650892054,holt_winters,CUSCO
2012-09-24,0.08043039915194182,0.11723869967616676,holt_winters,CUSCO
2012-10-01,0.08043039915194182,0.04009717673753455,holt_winters,CUSCO
2012-10-08,0.1608607983038837,0.05065823259473978,holt_winters,CUSCO
2012-10-15,0.1608607983038837,0.10113556978569684,holt_winters,CUSCO
2012-10-22,0.08043039915194182,0.1179913479019165,holt_winters,CUSCO
2012-10-29,0.0,0.14233275135048307,holt_winters,CUSCO
2012-11-05,0.0,0.11704461440457124,holt_winters,CUSCO
2012-11-12,0.0,0.13894186936768754,holt_winters,CUSCO
2012-11-19,0.0,0.09167099330428534,holt_winters,CUSCO
2012-11-26,0.08043039915194182,0.0,holt_winters,CUSCO
2012-12-03,0.08043039915194182,0.0,holt_winters,CUSCO
2012-12-10,0.08043039915194182,0.0034862847430237294,holt_winters,CUSCO
2012-12-17,0.0,0.0,holt_winters,CUSCO
2012-12-24,0.0,0.0,holt_winters,CUSCO
2012-12-31,0.0,0.0,holt_winters,CUSCO
2013-01-07,0.0,0.0,holt_winters,CUSCO
2013-01-14,0.0,0.0,holt_winters,CUSCO
2013-01-21,0.0,0.05271337407413765,holt_winters,CUSCO
2013-01-28,0.0,0.06728663189630081,holt_winters,CUSCO
2013-02-04,0.0,0.049133798271927064,holt_winters,CUSCO
2013-02-11,0.0,0.020652572520338808,holt_winters,CUSCO
2013-02-18,0.0,0.0,holt_winters,CUSCO
2013-02-25,0.0,0.0,holt_winters,CUSCO
2013-03-04,0.07951065959657878,0.0,holt_winters,CUSCO
2013-03-11,0.07951065959657878,0.0,holt_winters,CUSCO
2013-03-18,0.07951065959657878,0.1013764328419554,holt_winters,CUSCO
2013-03-25,0.0,0.12661043407609002,holt_winters,CUSCO
2013-04-01,0.0,0.1335023344879378,holt_winters,CUSCO
2013-04-08,0.0,0.11101933756760297,holt_winters,CUSCO
2013-04-15,0.0,0.0001646511352689153,holt_winters,CUSCO
2013-04-22,0.07951065959657878,0.0,holt_winters,CUSCO
2013-04-29,0.07951065959657878,0.030317684912456663,holt_winters,CUSCO
2013-05-06,0.07951065959657878,0.05671495387376993,holt_winters,CUSCO
2013-05-13,0.0,0.12054101672730534,holt_winters,CUSCO
2013-05-20,0.0,0.1957826646042897,holt_winters,CUSCO
2013-05-27,0.0,0.17731181266393342,holt_winters,CUSCO
2013-06-03,0.0,0.14803694863765499,holt_winters,CUSCO
2013-06-10,0.0,0.0,holt_winters,CUSCO
2013-06-17,0.07951065959657878,0.0,holt_winters,CUSCO
2013-06-24,0.07951065959657878,0.0,holt_winters,CUSCO
2013-07-01,0.07951065959657878,0.0038396485333595837,holt_winters,CUSCO
2013-07-08,0.0,0.11251077030813969,holt_winters,CUSCO
2013-07-15,0.0,0.06023419377495805,holt_winters,CUSCO
2013-07-22,0.0,0.020657525905782504,holt_winters,CUSCO
2013-07-29,0.15902131919315762,0.0,holt_winters,CUSCO
2013-08-05,0.15902131919315762,0.20234155707765097,holt_winters,CUSCO
2013-08-12,0.15902131919315762,0.22962624843375878,holt_winters,CUSCO
2013-08-19,0.0,0.25489088168189383,holt_winters,CUSCO
2013-08-26,0.0,0.23540985891219482,holt_winters,CUSCO
2013-09-02,0.0,0.0,holt_winters,CUSCO
2013-09-09,0.0,0.0,holt_winters,CUSCO
2013-09-16,0.0,0.0,holt_winters,CUSCO
2013-09-23,0.0,0.02810753511080085,holt_winters,CUSCO
2013-09-30,0.07951065959657878,0.0,holt_winters,CUSCO
2013-10-07,0.07951065959657878,0.003769429573373473,holt_winters,CUSCO
2013-10-14,0.07951065959657878,0.03249193926677321,holt_winters,CUSCO
2013-10-21,0.0,0.03165153859740991,holt_winters,CUSCO
2013-10-28,0.07951065959657878,0.0,holt_winters,CUSCO
2013-11-04,0.07951065959657878,0.0016664324508558655,holt_winters,CUSCO
2013-11-11,0.07951065959657878,0.011452348525247869,holt_winters,CUSCO
2013-11-18,0.07951065959657878,0.0,holt_winters,CUSCO
2013-11-25,0.07951065959657878,0.08341360981700059,holt_winters,CUSCO
2013-12-02,0.07951065959657878,0.0966092119494108,holt_winters,CUSCO
2013-12-09,0.0,0.1252925136609625,holt_winters,CUSCO
2013-12-16,0.0,0.0801912888771585,holt_winters,CUSCO
2013-12-23,0.0,0.0,holt_winters,CUSCO
2013-12-30,0.07951065959657878,0.0,holt_winters,CUSCO
2014-01-06,0.23673421734557767,0.0,holt_winters,CUSCO
2014-01-13,0.3153459962200771,0.0,holt_winters,CUSCO
2014-01-20,0.2358353366234983,0.33490647846230215,holt_winters,CUSCO
2014-01-27,0.15722355774899885,0.3659740754378669,holt_winters,CUSCO
2014-02-03,0.0786117788744994,0.3341169166192899,holt_winters,CUSCO
2014-02-10,0.15722355774899885,0.3240609861548549,holt_winters,CUSCO
2014-02-17,0.0786117788744994,0.1337135524402106,holt_winters,CUSCO
2014-02-24,0.0786117788744994,0.13496363174706252,holt_winters,CUSCO
2014-03-03,0.0,0.10129875680142897,holt_winters,CUSCO
2014-03-10,0.0,0.10255026897394645,holt_winters,CUSCO
2014-03-17,0.0,0.019185694994540366,holt_winters,CUSCO
2014-03-24,0.0,0.024652832688308025,holt_winters,CUSCO
2014-03-31,0.0,0.027019160012101792,holt_winters,CUSCO
2014-04-07,0.15722355774899885,0.01552931696669831,holt_winters,CUSCO
2014-04-14,0.2358353366234983,0.1566294603133398,holt_winters,CUSCO
2014-04-21,0.2358353366234983,0.15561594499871093,holt_winters,CUSCO
2014-04-28,0.0786117788744994,0.17322962429003486,holt_winters,CUSCO
2014-05-05,0.0786117788744994,0.17221541399821952,holt_winters,CUSCO
2014-05-12,0.15722355774899885,0.09869566804308923,holt_winters,CUSCO
2014-05-19,0.15722355774899885,0.15983813524760662,holt_winters,CUSCO
2014-05-26,0.0786117788744994,0.16291995943041668,holt_winters,CUSCO
2014-06-02,0.0,0.14302002352974216,holt_winters,CUSCO
2014-06-09,0.0786117788744994,0.0,holt_winters,CUSCO
2014-06-16,0.0786117788744994,0.0,holt_winters,CUSCO
2014-06-23,0.0786117788744994,0.0,holt_winters,CUSCO
2014-06-30,0.0,0.0,holt_winters,CUSCO
2014-07-07,0.0786117788744994,0.012566586806632335,holt_winters,CUSCO
2014-07-14,0.0786117788744994,0.0,holt_winters,CUSCO
2014-07-21,0.2358353366234983,0.0,holt_winters,CUSCO
2014-07-28,0.15722355774899885,0.0,holt_winters,CUSCO
2014-08-04,0.2358353366234983,0.17682337954115368,holt_winters,CUSCO
2014-08-11,0.0786117788744994,0.2058410122056577,holt_winters,CUSCO
2014-08-18,0.2358353366234983,0.1776600783557436,holt_winters,CUSCO
2014-08-25,0.15722355774899885,0.16117514221142587,holt_winters,CUSCO
2014-09-01,0.3144471154979977,0.13567953886338208,holt_winters,CUSCO
2014-09-08,0.15722355774899885,0.15885329744195267,holt_winters,CUSCO
2014-09-15,0.2358353366234983,0.15986674538346318,holt_winters,CUSCO
2014-09-22,0.15722355774899885,0.195063161374278,holt_winters,CUSCO
2014-09-29,0.15722355774899885,0.1708487775333968,holt_winters,CUSCO
2014-10-06,0.0786117788744994,0.19204920469860814,holt_winters,CUSCO
2014-10-13,0.0786117788744994,0.2032823090845383,holt_winters,CUSCO
2014-10-20,0.0786117788744994,0.18155119477249976,holt_winters,CUSCO
2014-10-27,0.2358353366234983,0.07439351262230591,holt_winters,CUSCO
2014-11-03,0.2358353366234983,0.0741866193823249,holt_winters,CUSCO
2014-11-10,0.2358353366234983,0.08070939213349428,holt_winters,CUSCO
2014-11-17,0.15722355774899885,0.05937066959052745,holt_winters,CUSCO
2014-11-24,0.0786117788744994,0.166845758367891,holt_winters,CUSCO
2014-12-01,0.0786117788744994,0.19064377770647045,holt_winters,CUSCO
2014-12-08,0.0,0.1956129669546228,holt_winters,CUSCO
2014-12-15,0.15722355774899885,0.14201638994849242,holt_winters,CUSCO
2014-12-22,0.3144471154979977,0.11192335051016371,holt_winters,CUSCO
2014-12-29,0.3144471154979977,0.0724279355254482,holt_winters,CUSCO
2015-01-05,0.15722355774899885,0.1138419107225622,holt_winters,CUSCO
2015-01-12,0.0,0.13968459201559066,holt_winters,CUSCO
2015-01-19,0.0,0.0,holt_winters,CUSCO
2015-01-26,0.0,0.010526603287397586,holt_winters,CUSCO
2015-02-02,0.0,0.0,holt_winters,CUSCO
2015-02-09,0.0,0.009796017999750224,holt_winters,CUSCO
2015-02-16,0.0,0.0,holt_winters,CUSCO
2015-02-23,0.0,0.0,holt_winters,CUSCO
2015-03-02,0.0,0.0,holt_winters,CUSCO
2015-03-09,0.0,0.0,holt_winters,CUSCO
2015-03-16,0.0,0.018504906780435766,holt_winters,CUSCO
2015-03-23,0.0,0.01752652097586661,holt_winters,CUSCO
2015-03-30,0.0,0.031029770790765642,holt_winters,CUSCO
2015-04-06,0.0777329345115573,0.04533779128406703,holt_winters,CUSCO
2015-04-13,0.0777329345115573,0.0919394750614838,holt_winters,CUSCO
2015-04-20,0.0777329345115573,0.0834803055834425,holt_winters,CUSCO
2015-04-27,0.0,0.06472810780390013,holt_winters,CUSCO
2015-05-04,0.0,0.059418120907013317,holt_winters,CUSCO
2015-05-11,0.0,0.03842111340640658,holt_winters,CUSCO
2015-05-18,0.0,0.09038197089818337,holt_winters,CUSCO
2015-05-25,0.0,0.056692805395821944,holt_winters,CUSCO
2015-06-01,0.0,0.020070863107702078,holt_winters,CUSCO
2015-06-08,0.0,0.0,holt_winters,CUSCO
2015-06-15,0.0,0.0,holt_winters,CUSCO
2015-06-22,0.0,0.0055148213494870466,holt_winters,CUSCO
2015-06-29,0.0,0.022034002870051913,holt_winters,CUSCO
2015-07-06,0.0,0.0016844465672939868,holt_winters,CUSCO
2015-07-13,0.0,0.0,holt_winters,CUSCO
2015-07-20,0.0,0.0,holt_winters,CUSCO
2015-07-27,0.0,0.009550744037086606,holt_winters,CUSCO
2015-08-03,0.0,0.015946476275804863,holt_winters,CUSCO
2015-08-10,0.0,0.01882584231156817,holt_winters,CUSCO
2015-08-17,0.0,0.02750248172415821,holt_winters,CUSCO
2015-08-24,0.0,0.004152283990244122,holt_winters,CUSCO
2015-08-31,0.0,0.051083910934245164,holt_winters,CUSCO
2015-09-07,0.0,0.03378113766126684,holt_winters,CUSCO
2015-09-14,0.0,0.05595870032906041,holt_winters,CUSCO
2015-09-21,0.0,0.06650654665733016,holt_winters,CUSCO
2015-09-28,0.0,0.020464741822994577,holt_winters,CUSCO
2015-10-05,0.0,0.029748786717709176,holt_winters,CUSCO
2015-10-12,0.0,0.02708649986561759,holt_winters,CUSCO
2015-10-19,0.0,0.0,holt_winters,CUSCO
2015-10-26,0.0,0.017288517746949568,holt_winters,CUSCO
2015-11-02,0.0,0.017706127349684245,holt_winters,CUSCO
2015-11-09,0.0,0.04346550146600153,holt_winters,CUSCO
2015-11-16,0.0,0.018052062068545413,holt_winters,CUSCO
2015-11-23,0.0,0.0,holt_winters,CUSCO
2015-11-30,0.0,0.0,holt_winters,CUSCO
2015-12-07,0.0,0.0,holt_winters,CUSCO
2015-12-14,0.0,0.0,holt_winters,CUSCO
2015-12-21,0.0,0.0358822151413563,holt_winters,CUSCO
2015-12-28,0.0,0.005886277943330802,holt_winters,CUSCO
2016-01-04,0.1537470461348761,0.007924071666378676,holt_winters,CUSCO
2016-01-11,0.3074940922697523,0.0,holt_winters,CUSCO
2016-01-18,0.3843676153371904,0.2770559716401014,holt_winters,CUSCO
2016-01-25,0.3074940922697523,0.29446258239153633,holt_winters,CUSCO
2016-02-01,0.1537470461348761,0.2545856007179909,holt_winters,CUSCO
2016-02-08,0.1537470461348761,0.288071142467727,holt_winters,CUSCO
2016-02-15,0.07687352306743804,0.11161035207455222,holt_winters,CUSCO
2016-02-22,0.07687352306743804,0.11843616623835304,holt_winters,CUSCO
2016-02-29,0.0,0.10781781854395582,holt_winters,CUSCO
2016-03-07,0.07687352306743804,0.09472114108081078,holt_winters,CUSCO
2016-03-14,0.2306205692023142,0.09529228194653035,holt_winters,CUSCO
2016-03-21,0.3074940922697523,0.09117641766289065,holt_winters,CUSCO
2016-03-28,0.3074940922697523,0.10333576969462088,holt_winters,CUSCO
2016-04-04,0.1537470461348761,0.133759945398239,holt_winters,CUSCO
2016-04-11,0.1537470461348761,0.17468991757637245,holt_winters,CUSCO
2016-04-18,0.2306205692023142,0.17306499943920994,holt_winters,CUSCO
2016-04-25,0.3074940922697523,0.12334419346515756,holt_winters,CUSCO
2016-05-02,0.2306205692023142,0.12198382127328218,holt_winters,CUSCO
2016-05-09,0.1537470461348761,0.22757565812931524,holt_winters,CUSCO
2016-05-16,0.1537470461348761,0.28432629648905666,holt_winters,CUSCO
2016-05-23,0.3074940922697523,0.2552867987016969,holt_winters,CUSCO
2016-05-30,0.46124113840462844,0.20313335913137454,holt_winters,CUSCO
2016-06-06,0.3843676153371904,0.4068583294885221,holt_winters,CUSCO
2016-06-13,0.3074940922697523,0.4068583294885221,holt_winters,CUSCO
2016-06-20,0.1537470461348761,0.4068583294885221,holt_winters,CUSCO
2016-06-27,0.23062056920231422,0.4068583294885221,holt_winters,CUSCO
2016-07-04,0.23062056920231422,0.2297886592749004,holt_winters,CUSCO
2016-07-11,0.1537470461348761,0.22867679128237478,holt_winters,CUSCO
2016-07-18,0.07687352306743804,0.22283874463449926,holt_winters,CUSCO
2016-07-25,0.1537470461348761,0.2420035454915301,holt_winters,CUSCO
2016-08-01,0.2306205692023142,0.17355830269277003,holt_winters,CUSCO
2016-08-08,0.5381146614720665,0.12981552658210443,holt_winters,CUSCO
2016-08-15,0.3843676153371904,0.1529740378758043,holt_winters,CUSCO
2016-08-22,0.3074940922697523,0.1302844607735198,holt_winters,CUSCO
2016-08-29,0.07687352306743804,0.34872139541333275,holt_winters,CUSCO
2016-09-05,0.2306205692023142,0.31414284816640964,holt_winters,CUSCO
2016-09-12,0.3843676153371904,0.3489925690865573,holt_winters,CUSCO
2016-09-19,0.3843676153371904,0.347671983998673,holt_winters,CUSCO
2016-09-26,0.2306205692023142,0.40685832948852213,holt_winters,CUSCO
2016-10-03,0.07687352306743804,0.40685832948852213,holt_winters,CUSCO
2016-10-10,0.07687352306743804,0.40685832948852213,holt_winters,CUSCO
2016-10-17,0.07687352306743804,0.37354448987023653,holt_winters,CUSCO
2016-10-24,0.3074940922697523,0.1135688744747452,holt_winters,CUSCO
2016-10-31,0.3843676153371904,0.11600486115562271,holt_winters,CUSCO
2016-11-07,0.3843676153371904,0.14611000327227924,holt_winters,CUSCO
2016-11-14,0.1537470461348761,0.11985372777624512,holt_winters,CUSCO
2016-11-21,0.1537470461348761,0.15508960693945661,holt_winters,CUSCO
2016-11-28,0.2306205692023142,0.14246421718857188,holt_winters,CUSCO
2016-12-05,0.3074940922697523,0.1276815316609263,holt_winters,CUSCO
2016-12-12,0.23062056920231422,0.1459975001329941,holt_winters,CUSCO
2016-12-19,0.1537470461348761,0.268596022011262,holt_winters,CUSCO
2016-12-26,0.1537470461348761,0.2791306587663449,holt_winters,CUSCO
2017-01-02,0.07687352306743804,0.3261087574677782,holt_winters,CUSCO
2017-01-09,0.22893933715177375,0.3219455507195106,holt_winters,CUSCO
2017-01-16,0.3041316281686714,0.22743063235263863,holt_winters,CUSCO
2017-01-23,0.3041316281686714,0.2056775344399254,holt_winters,CUSCO
2017-01-30,0.15206581408433567,0.1513604090592475,holt_winters,CUSCO
2017-02-06,0.0,0.16115499252398102,holt_winters,CUSCO
2017-02-13,0.22809872112650353,0.0,holt_winters,CUSCO
2017-02-20,0.22809872112650353,0.0,holt_winters,CUSCO
2017-02-27,0.3801645352108392,0.0,holt_winters,CUSCO
2017-03-06,0.3041316281686714,0.0,holt_winters,CUSCO
2017-03-13,0.3801645352108392,0.34680301390872836,holt_winters,CUSCO
2017-03-20,0.22809872112650353,0.34161478171565024,holt_winters,CUSCO
2017-03-27,0.15206581408433567,0.3600878393942069,holt_winters,CUSCO
2017-04-03,0.07603290704216782,0.36567885875223827,holt_winters,CUSCO
2017-04-10,0.07603290704216782,0.09374355921269138,holt_winters,CUSCO
2017-04-17,0.0,0.107780962925735,holt_winters,CUSCO
2017-04-24,0.0,0.07498636823625576,holt_winters,CUSCO
2017-05-01,0.0,0.07860908795542107,holt_winters,CUSCO
2017-05-08,0.0,0.0,holt_winters,CUSCO
2017-05-15,0.22809872112650353,0.023899710947903222,holt_winters,CUSCO
2017-05-22,0.3801645352108392,0.02303313651002835,holt_winters,CUSCO
2017-05-29,0.45619744225300707,0.031076226898715427,holt_winters,CUSCO
2017-06-05,0.22809872112650353,0.413817844372677,holt_winters,CUSCO
2017-06-12,0.22809872112650353,0.413817844372677,holt_winters,CUSCO
2017-06-19,0.22809872112650353,0.413817844372677,holt_winters,CUSCO
2017-06-26,0.22809872112650353,0.413817844372677,holt_winters,CUSCO
2017-07-03,0.0760329070421678,0.22645485074413538,holt_winters,CUSCO
2017-07-10,0.0,0.21484290150263632,holt_winters,CUSCO
2017-07-17,0.3041316281686714,0.21542502775911856,holt_winters,CUSCO
2017-07-24,0.45619744225300707,0.25495181365240094,holt_winters,CUSCO
2017-07-31,0.6082632563373428,0.4561974422530071,holt_winters,CUSCO
2017-08-07,0.30413162816867134,0.4561974422530071,holt_winters,CUSCO
2017-08-14,0.2280987211265035,0.4561974422530071,holt_winters,CUSCO
2017-08-21,0.15206581408433564,0.4526514642600916,holt_winters,CUSCO
2017-08-28,0.15206581408433564,0.13242613316816834,holt_winters,CUSCO
2017-09-04,0.07603290704216778,0.1345018291328665,holt_winters,CUSCO
2017-09-11,0.07603290704216778,0.1775305333807706,holt_winters,CUSCO
2017-09-18,0.07603290704216778,0.16269184365420705,holt_winters,CUSCO
2017-09-25,0.07603290704216778,0.06480897263817018,holt_winters,CUSCO
2017-10-02,0.0,0.03767752349884714,holt_winters,CUSCO
2017-10-09,0.07603290704216778,0.038240573762810474,holt_winters,CUSCO
2017-10-16,0.15206581408433564,0.008397064897809094,holt_winters,CUSCO
2017-10-23,0.22809872112650356,0.2743591664212131,holt_winters,CUSCO
2017-10-30,0.30413162816867134,0.28401247319434614,holt_winters,CUSCO
2017-11-06,0.3041316281686713,0.27987031316582445,holt_winters,CUSCO
2017-11-13,0.3041316281686713,0.2146604729261177,holt_winters,CUSCO
2017-11-20,0.22809872112650356,0.2795531711914062,holt_winters,CUSCO
2017-11-27,0.45619744225300707,0.30145358179349535,holt_winters,CUSCO
2017-12-04,0.45619744225300707,0.28170510807927374,holt_winters,CUSCO
2017-12-11,0.45619744225300707,0.28659629264042485,holt_winters,CUSCO
2017-12-18,0.15206581408433564,0.458265357675172,holt_winters,CUSCO
2017-12-25,0.07603290704216778,0.458265357675172,holt_winters,CUSCO
2018-01-01,0.15056907582206944,0.458265357675172,holt_winters,CUSCO
2018-01-08,0.2258536137331042,0.458265357675172,holt_winters,CUSCO
2018-01-15,0.301138151644139,0.2424318411164845,holt_winters,CUSCO
2018-01-22,0.301138151644139,0.20275405111605352,holt_winters,CUSCO
2018-01-29,0.301138151644139,0.12120485146494718,holt_winters,CUSCO
2018-02-05,0.30113815164413893,0.0997528744136066,holt_winters,CUSCO
2018-02-12,0.22585361373310428,0.32188481867027385,holt_winters,CUSCO
2018-02-19,0.15056907582206944,0.32084508417330004,holt_winters,CUSCO
2018-02-26,0.30113815164413893,0.33134847311944415,holt_winters,CUSCO
2018-03-05,0.30113815164413893,0.3349505508853963,holt_winters,CUSCO
2018-03-12,0.602276303288278,0.3635641005513891,holt_winters,CUSCO
2018-03-19,0.5269917653772432,0.32694768256152185,holt_winters,CUSCO
2018-03-26,0.8863027711235038,0.3091896964636108,holt_winters,CUSCO
2018-04-02,0.5851646194793647,0.31551194468959753,holt_winters,CUSCO
2018-04-09,0.5851646194793647,0.5921804098410196,holt_winters,CUSCO
2018-04-16,0.37642268955517366,0.5921804098410196,holt_winters,CUSCO
2018-04-23,0.4517072274662084,0.5808926278226392,holt_winters,CUSCO
2018-04-30,0.37642268955517366,0.5597571621667652,holt_winters,CUSCO
2018-05-07,0.3011381516441389,0.37840172646303116,holt_winters,CUSCO
2018-05-14,0.37642268955517366,0.43486194394868105,holt_winters,CUSCO
2018-05-21,0.5269917653772432,0.4835298148464123,holt_winters,CUSCO
2018-05-28,0.4517072274662084,0.5087911829967138,holt_winters,CUSCO
2018-06-04,0.4517072274662084,0.3995005637676195,holt_winters,CUSCO
2018-06-11,0.602276303288278,0.4036799913555122,holt_winters,CUSCO
2018-06-18,0.7528453791103474,0.3677756127337457,holt_winters,CUSCO
2018-06-25,0.8281299170213822,0.3635084181759529,holt_winters,CUSCO
2018-07-02,0.602276303288278,0.6675419266742785,holt_winters,CUSCO
2018-07-09,0.5269917653772431,0.6675419266742785,holt_winters,CUSCO
2018-07-16,0.5269917653772431,0.6675419266742785,holt_winters,CUSCO
2018-07-23,0.6775608411993126,0.6675419266742785,holt_winters,CUSCO
2018-07-30,0.7528453791103474,0.7084275017428387,holt_winters,CUSCO
2018-08-06,0.8281299170213822,0.7084275017428387,holt_winters,CUSCO
2018-08-13,0.7528453791103474,0.6670277612765312,holt_winters,CUSCO
2018-08-20,0.602276303288278,0.6038909105078072,holt_winters,CUSCO
2018-08-27,0.7357336953014343,0.5739072950703838,holt_winters,CUSCO
2018-09-03,0.5851646194793647,0.552447103903269,holt_winters,CUSCO
2018-09-10,0.811018233212469,0.608405686235344,holt_winters,CUSCO
2018-09-17,0.5269917653772432,0.5853733557381817,holt_winters,CUSCO
2018-09-24,0.602276303288278,0.4849994775808019,holt_winters,CUSCO
2018-10-01,0.3764226895551737,0.4040827141139902,holt_winters,CUSCO
2018-10-08,0.37642268955517366,0.42380882349377585,holt_winters,CUSCO
2018-10-15,0.3764226895551737,0.42034692956835895,holt_winters,CUSCO
2018-10-22,0.45170722746620856,0.5186783991340829,holt_winters,CUSCO
2018-10-29,0.3764226895551737,0.5531474558897953,holt_winters,CUSCO
2018-11-05,0.30113815164413893,0.5516078028244804,holt_winters,CUSCO
2018-11-12,0.5851646194793648,0.47508282911741617,holt_winters,CUSCO
2018-11-19,0.5098800815683301,0.5176610589437021,holt_winters,CUSCO
2018-11-26,0.5851646194793648,0.5889318381033768,holt_winters,CUSCO
2018-12-03,0.45170722746620845,0.5584069963426597,holt_winters,CUSCO
2018-12-10,0.45170722746620845,0.5835548455990287,holt_winters,CUSCO
2018-12-17,0.45170722746620845,0.3910779858303657,holt_winters,CUSCO
2018-12-24,0.15056907582206944,0.3800141952191241,holt_winters,CUSCO
2018-12-31,0.2258536137331042,0.41091135298300197,holt_winters,CUSCO
2019-01-07,0.37348734414854273,0.4698670234953066,holt_winters,CUSCO
2019-01-14,0.4480380457079198,0.42662612953439927,holt_winters,CUSCO
2019-01-21,0.5964056124750161,0.3965427804128812,holt_winters,CUSCO
2019-01-28,0.298202806237508,0.31328005547610915,holt_winters,CUSCO
2019-02-04,0.29820280623750794,0.29695680022912807,holt_winters,CUSCO
2019-02-11,0.07455070155937688,0.31789750191826077,holt_winters,CUSCO
2019-02-18,0.07455070155937688,0.3063629193620312,holt_winters,CUSCO
2019-02-25,0.0,0.3338943829773022,holt_winters,CUSCO
2019-03-04,0.0,0.341272309297354,holt_winters,CUSCO
2019-03-11,0.0,0.1072488877561028,holt_winters,CUSCO
2019-03-18,0.0,0.0744420662560189,holt_winters,CUSCO
2019-03-25,0.07455070155937688,0.09857313472809867,holt_winters,CUSCO
2019-04-01,0.1491014031187539,0.06079534679262824,holt_winters,CUSCO
2019-04-08,0.29820280623750794,0.13398966331029896,holt_winters,CUSCO
2019-04-15,0.29820280623750794,0.10687303877572135,holt_winters,CUSCO
2019-04-22,0.44730420935626203,0.09068694711692023,holt_winters,CUSCO
2019-04-29,0.5218549109156391,0.07017153229600126,holt_winters,CUSCO
2019-05-06,0.596405612475016,0.46658812946366107,holt_winters,CUSCO
2019-05-13,0.5218549109156391,0.5609069834510547,holt_winters,CUSCO
2019-05-20,0.5218549109156391,0.6618189114572841,holt_winters,CUSCO
2019-05-27,0.5964056124750161,0.6841758343747026,holt_winters,CUSCO
2019-06-03,0.44730420935626203,0.5067672606469802,holt_winters,CUSCO
2019-06-10,0.22365210467813093,0.5146802388800493,holt_winters,CUSCO
2019-06-17,0.22365210467813093,0.49974143455184034,holt_winters,CUSCO
2019-06-24,0.37275350779688504,0.5050589867349424,holt_winters,CUSCO
2019-07-01,0.5218549109156391,0.27944408243328733,holt_winters,CUSCO
2019-07-08,0.5218549109156391,0.22826919152304578,holt_winters,CUSCO
2019-07-15,0.5964056124750161,0.3088723989826932,holt_winters,CUSCO
2019-07-22,0.7455070155937701,0.361020723134631,holt_winters,CUSCO
2019-07-29,0.596405612475016,0.8180340235741238,holt_winters,CUSCO
2019-08-05,0.37275350779688493,0.8004157588361303,holt_winters,CUSCO
2019-08-12,0.07455070155937688,0.7693096727906852,holt_winters,CUSCO
2019-08-19,0.29820280623750794,0.6693028171810178,holt_winters,CUSCO
2019-08-26,0.5218549109156391,0.26062224783340154,holt_winters,CUSCO
2019-09-02,0.596405612475016,0.2326615957069242,holt_winters,CUSCO
2019-09-09,0.37275350779688504,0.32166386704032757,holt_winters,CUSCO
2019-09-16,0.22365210467813107,0.266925868041505,holt_winters,CUSCO
2019-09-23,0.37275350779688504,0.20165772561169626,holt_winters,CUSCO
2019-09-30,0.37275350779688504,0.10377522673866285,holt_winters,CUSCO
2019-10-07,0.37275350779688504,0.12093633396290104,holt_winters,CUSCO
2019-10-14,0.37275350779688504,0.13715092939842682,holt_winters,CUSCO
2019-10-21,0.37275350779688504,0.4812093269150025,holt_winters,CUSCO
2019-10-28,0.44730420935626203,0.5033558642990879,holt_winters,CUSCO
2019-11-04,0.5218549109156391,0.4891273170425841,holt_winters,CUSCO
2019-11-11,0.5218549109156391,0.47632122774506724,holt_winters,CUSCO
2019-11-18,0.37275350779688493,0.4784228477600008,holt_winters,CUSCO
2019-11-25,0.22365210467813093,0.5636423488350211,holt_winters,CUSCO
2019-12-02,0.22365210467813093,0.5306571834550402,holt_winters,CUSCO
2019-12-09,0.37275350779688493,0.5558478524407129,holt_winters,CUSCO
2019-12-16,0.22365210467813093,0.27181049773550997,holt_winters,CUSCO
2019-12-23,0.29820280623750794,0.21424998254958383,holt_winters,CUSCO
2019-12-30,0.1491014031187539,0.24649850791069536,holt_winters,CUSCO
2020-01-06,0.22293243636929802,0.3315793656869825,holt_winters,CUSCO
2020-01-13,0.14766206650108812,0.2952774179570221,holt_winters,CUSCO
2020-01-20,0.2214930997516324,0.3039919126906783,holt_winters,CUSCO
2020-01-27,0.14766206650108812,0.1887568633720529,holt_winters,CUSCO
2020-02-03,0.14766206650108812,0.15403736032990314,holt_winters,CUSCO
2020-02-10,0.22149309975163223,0.11513657603631411,holt_winters,CUSCO
2020-02-17,0.5168172327538088,0.10084142835587714,holt_winters,CUSCO
2020-02-24,0.664479299254897,0.12142227004854393,holt_winters,CUSCO
2020-03-02,0.5168172327538088,0.12508415002146359,holt_winters,CUSCO
2020-03-09,0.4429861995032647,0.6737822634694761,holt_winters,CUSCO
2020-03-16,0.29532413300217636,0.6370416998339143,holt_winters,CUSCO
2020-03-23,0.36915516625272055,0.7081587604525086,holt_winters,CUSCO
2020-03-30,0.5168172327538088,0.6307042918523524,holt_winters,CUSCO
2020-04-06,0.5168172327538089,0.5623993417082291,holt_winters,CUSCO
2020-04-13,0.87758174316056,0.5146837599952285,holt_winters,CUSCO
2020-04-20,0.5822576101583835,0.5585093701088355,holt_winters,CUSCO
2020-04-27,0.5822576101583835,0.5372429424002387,holt_winters,CUSCO
2020-05-04,0.14766206650108812,0.552206993887224,holt_winters,CUSCO
2020-05-11,0.14766206650108812,0.618190011947914,holt_winters,CUSCO
2020-05-18,0.22149309975163223,0.7320238466787683,holt_winters,CUSCO
2020-05-25,0.22149309975163223,0.78703637230979,holt_winters,CUSCO
2020-06-01,0.14766206650108812,0.1269662053976104,holt_winters,CUSCO
2020-06-08,0.0,0.09775303100853414,holt_winters,CUSCO
2020-06-15,0.14766206650108812,0.08897415208062279,holt_winters,CUSCO
2020-06-22,0.14766206650108812,0.13722281220316182,holt_winters,CUSCO
2020-06-29,0.14766206650108812,0.10331562998964001,holt_winters,CUSCO
2020-07-06,0.07383103325054398,0.06214397098342423,holt_winters,CUSCO
2020-07-13,0.22149309975163223,0.11443494052233773,holt_winters,CUSCO
2020-07-20,0.36915516625272055,0.1972937157404643,holt_winters,CUSCO
2020-07-27,0.4429861995032648,0.4089259091299385,holt_winters,CUSCO
2020-08-03,0.36915516625272055,0.36908695843336653,holt_winters,CUSCO
2020-08-10,0.4429861995032646,0.24098971917224335,holt_winters,CUSCO
2020-08-17,0.2953241330021764,0.22783635488648277,holt_winters,CUSCO
2020-08-24,0.36915516625272055,0.31328358895478453,holt_winters,CUSCO
2020-08-31,0.14766206650108812,0.3161077298231059,holt_winters,CUSCO
2020-09-07,0.29532413300217636,0.3397096950907135,holt_winters,CUSCO
2020-09-14,0.36915516625272055,0.2626228348242024,holt_winters,CUSCO
2020-09-21,0.36915516625272055,0.37674284548897446,holt_winters,CUSCO
2020-09-28,0.22149309975163226,0.27820001778040715,holt_winters,CUSCO
2020-10-05,0.07383103325054398,0.2939063260537867,holt_winters,CUSCO
2020-10-12,0.07383103325054398,0.3086245213648991,holt_winters,CUSCO
2020-10-19,0.07383103325054398,0.16231482877559308,holt_winters,CUSCO
2020-10-26,0.0,0.18657542786073256,holt_winters,CUSCO
2020-11-02,0.07383103325054398,0.18216484167712374,holt_winters,CUSCO
2020-11-09,0.07383103325054398,0.18299541873295894,holt_winters,CUSCO
2020-11-16,0.22149309975163223,0.01993897188808692,holt_winters,CUSCO
2020-11-23,0.14766206650108812,0.05057986654557007,holt_winters,CUSCO
2020-11-30,0.14766206650108812,0.041125369220378696,holt_winters,CUSCO
2020-12-07,0.07383103325054398,0.04926567760289447,holt_winters,CUSCO
2020-12-14,0.22149309975163223,0.0,holt_winters,CUSCO
2020-12-21,0.36915516625272055,0.0,holt_winters,CUSCO
2020-12-28,0.36915516625272043,0.0,holt_winters,CUSCO
2021-01-04,0.4408684795452585,0.016718948094411996,holt_winters,CUSCO
2021-01-11,0.4394566662399211,0.48090929016302036,holt_winters,CUSCO
2021-01-18,0.5118758861851279,0.5245824293987227,holt_winters,CUSCO
2021-01-25,0.365625632989377,0.38354872844391374,holt_winters,CUSCO
2021-02-01,0.29250050639150155,0.35168728373024466,holt_winters,CUSCO
2021-02-08,0.21937537979362629,0.2995628606577689,holt_winters,CUSCO
2021-02-15,0.4387507595872524,0.33933853050823654,holt_winters,CUSCO
2021-02-22,0.5118758861851279,0.38961869697086476,holt_winters,CUSCO
2021-03-01,0.5850010127830032,0.36814743140762535,holt_winters,CUSCO
2021-03-08,0.29250050639150155,0.6628539626211469,holt_winters,CUSCO
2021-03-15,0.4387507595872524,0.5924053411158778,holt_winters,CUSCO
2021-03-22,0.365625632989377,0.6809406207463178,holt_winters,CUSCO
2021-03-29,0.4387507595872524,0.6143839268599192,holt_winters,CUSCO
2021-04-05,0.14625025319575075,0.4743480061157781,holt_winters,CUSCO
2021-04-12,0.365625632989377,0.48324367959263986,holt_winters,CUSCO
2021-04-19,0.5118758861851279,0.49051890840388357,holt_winters,CUSCO
2021-04-26,0.6581261393808787,0.46524361504683914,holt_winters,CUSCO
2021-05-03,0.8002211766466724,0.5122804767570066,holt_winters,CUSCO
2021-05-10,0.5808457968530462,0.5745859935670716,holt_winters,CUSCO
2021-05-17,0.5077206702551706,0.7048724699678233,holt_winters,CUSCO
2021-05-24,0.14625025319575077,0.7577565642584985,holt_winters,CUSCO
2021-05-31,0.36562563298937706,0.07847246610795487,holt_winters,CUSCO
2021-06-07,0.29250050639150166,0.03376637035060373,holt_winters,CUSCO
2021-06-14,0.43875075958725246,0.06402811873150768,holt_winters,CUSCO
2021-06-21,0.2193753797936262,0.11968547336227606,holt_winters,CUSCO
2021-06-28,0.2193753797936262,0.1963618590850686,holt_winters,CUSCO
2021-07-05,0.07312512659787536,0.1375625655037107,holt_winters,CUSCO
2021-07-12,0.29250050639150166,0.2258346931799838,holt_winters,CUSCO
2021-07-19,0.36562563298937706,0.3485707973046366,holt_winters,CUSCO
2021-07-26,0.5118758861851279,0.4029400032323782,holt_winters,CUSCO
2021-08-02,0.29250050639150166,0.3449238432842132,holt_winters,CUSCO
2021-08-09,0.29250050639150166,0.229282612430272,holt_winters,CUSCO
2021-08-16,0.07312512659787536,0.1885209077732961,holt_winters,CUSCO
2021-08-23,0.07312512659787536,0.173478649424141,holt_winters,CUSCO
2021-08-30,0.0,0.12174178716600495,holt_winters,CUSCO
2021-09-06,0.07312512659787536,0.15943423071630355,holt_winters,CUSCO
2021-09-13,0.2193753797936262,0.09770471887293723,holt_winters,CUSCO
2021-09-20,0.5118758861851279,0.24648571843546105,holt_winters,CUSCO
2021-09-27,0.5118758861851279,0.13383672276265338,holt_winters,CUSCO
2021-10-04,0.36562563298937706,0.12113564664387966,holt_winters,CUSCO
2021-10-11,0.43875075958725257,0.13638527620552318,holt_winters,CUSCO
2021-10-18,0.6581261393808789,0.47361440144923433,holt_winters,CUSCO
2021-10-25,0.7312512659787543,0.491889644780034,holt_winters,CUSCO
2021-11-01,0.43875075958725257,0.5153776147841067,holt_winters,CUSCO
2021-11-08,0.5118758861851279,0.5231063386758146,holt_winters,CUSCO
2021-11-15,0.5850010127830034,0.48038374453114435,holt_winters,CUSCO
2021-11-22,0.8043763925766297,0.50975441930201,holt_winters,CUSCO
2021-11-29,0.5850010127830033,0.49920188077346145,holt_winters,CUSCO
2021-12-06,0.43875075958725246,0.4933339963226626,holt_winters,CUSCO
2021-12-13,0.29250050639150166,0.37373347578316063,holt_winters,CUSCO
2021-12-20,0.14625025319575077,0.33853931552360755,holt_winters,CUSCO
2021-12-27,0.2193753797936262,0.32178367800352525,holt_winters,CUSCO
2022-01-03,0.14555771720742458,0.4376208722314725,holt_winters,CUSCO
2022-01-10,0.4352880796456215,0.17271503179960065,holt_winters,CUSCO
2022-01-17,0.4345955436572953,0.22814624945886255,holt_winters,CUSCO
2022-01-24,0.4345955436572953,0.11651065604697126,holt_winters,CUSCO
2022-01-31,0.28973036243819683,0.07675700802759138,holt_winters,CUSCO
2022-02-07,0.43459554365729525,0.2213829958568703,holt_winters,CUSCO
2022-02-14,0.43459554365729525,0.31065540132415037,holt_winters,CUSCO
2022-02-21,0.43459554365729525,0.4023710662157513,holt_winters,CUSCO
2022-02-28,0.3621629530477461,0.38020248329050843,holt_winters,CUSCO
2022-03-07,0.28973036243819683,0.3498521721345403,holt_winters,CUSCO
2022-03-14,0.3621629530477461,0.3270585938538913,holt_winters,CUSCO
2022-03-21,0.4345955436572953,0.40499123800208253,holt_winters,CUSCO
2022-03-28,0.8691910873145906,0.4128942246646719,holt_winters,CUSCO
2022-04-04,0.651893315485943,0.7785406974954394,holt_winters,CUSCO
2022-04-11,0.7967584967050415,0.8351756668051828,holt_winters,CUSCO
2022-04-18,0.7967584967050415,0.8449649968415986,holt_winters,CUSCO
2022-04-25,1.0140562685336891,0.8449649968415986,holt_winters,CUSCO
2022-05-02,0.7967584967050415,0.8663610065524285,holt_winters,CUSCO
2022-05-09,0.4345955436572953,0.8606299210862993,holt_winters,CUSCO
2022-05-16,0.36216295304774615,0.8726312562114382,holt_winters,CUSCO
2022-05-23,0.2897303624381969,0.8121501428894162,holt_winters,CUSCO
2022-05-30,0.36216295304774615,0.2925216539599064,holt_winters,CUSCO
2022-06-06,0.5070281342668447,0.2260950607746373,holt_winters,CUSCO
2022-06-13,0.7243259060954923,0.3105276341919202,holt_winters,CUSCO
2022-06-20,0.7967584967050415,0.30787677104565464,holt_winters,CUSCO
2022-06-27,0.7243259060954923,0.7736574713592517,holt_winters,CUSCO
2022-07-04,0.8691910873145906,0.6491896159989572,holt_winters,CUSCO
2022-07-11,0.7967584967050415,0.8552173266221981,holt_winters,CUSCO
2022-07-18,1.0140562685336891,0.8726312562114382,holt_winters,CUSCO
2022-07-25,0.8691910873145906,0.8811573646253672,holt_winters,CUSCO
2022-08-01,0.9416236779241398,0.8737590115664262,holt_winters,CUSCO
2022-08-08,0.8691910873145906,0.7786393179996045,holt_winters,CUSCO
2022-08-15,0.6518933154859431,0.6975138093884339,holt_winters,CUSCO
2022-08-22,0.4345955436572954,0.7908658851304156,holt_winters,CUSCO
2022-08-29,0.14486518121909844,0.6612883441041657,holt_winters,CUSCO
2022-09-05,0.4345955436572954,0.7143558461214805,holt_winters,CUSCO
2022-09-12,0.5794607248763938,0.6742282612913297,holt_winters,CUSCO
2022-09-19,0.6518933154859431,0.7129695248374255,holt_winters,CUSCO
2022-09-26,0.43459554365729536,0.5794544970079707,holt_winters,CUSCO
2022-10-03,0.7243259060954922,0.5139846102692458,holt_winters,CUSCO
2022-10-10,0.7967584967050413,0.5370917675356424,holt_winters,CUSCO
2022-10-17,1.014056268533689,0.8721675051428595,holt_winters,CUSCO
2022-10-24,0.8691910873145906,0.876146978725808,holt_winters,CUSCO
2022-10-31,0.9416236779241398,0.8245358547768942,holt_winters,CUSCO
2022-11-07,0.7243259060954922,0.9089843429117659,holt_winters,CUSCO
2022-11-14,0.7243259060954922,0.7606014337381783,holt_winters,CUSCO
2022-11-21,0.5794607248763938,0.8047250448014076,holt_winters,CUSCO
2022-11-28,0.7243259060954923,0.7146117626188577,holt_winters,CUSCO
2022-12-05,0.43459554365729525,0.6875401238061087,holt_winters,CUSCO
2010-12-27,0.16467031356521103,0.19369448085646065,arima,CUSCO
2011-01-03,0.0,0.14241202476474418,arima,CUSCO
2011-01-10,0.0,0.19473549260805526,arima,CUSCO
2011-01-17,0.08137166589770438,0.23647041523086784,arima,CUSCO
2011-01-24,0.08137166589770438,0.18283504835959993,arima,CUSCO
2011-01-31,0.1627433317954088,0.22110720396462824,arima,CUSCO
2011-02-07,0.08137166589770438,0.19032311032041335,arima,CUSCO
2011-02-14,0.1627433317954088,0.1305654663598661,arima,CUSCO
2011-02-21,0.1627433317954088,0.12213919967628131,arima,CUSCO
2011-02-28,0.1627433317954088,0.14988043286991223,arima,CUSCO
2011-03-07,0.08137166589770438,0.11893411937481257,arima,CUSCO
2011-03-14,0.0,0.1283796110778383,arima,CUSCO
2011-03-21,0.0,0.0,arima,CUSCO
2011-03-28,0.08137166589770438,0.022105500432459416,arima,CUSCO
2011-04-04,0.08137166589770438,0.07236810766120662,arima,CUSCO
2011-04-11,0.08137166589770438,0.09522238142332937,arima,CUSCO
2011-04-18,0.08137166589770438,0.046515651033566245,arima,CUSCO
2011-04-25,0.08137166589770438,0.03500488984514984,arima,CUSCO
2011-05-02,0.08137166589770438,0.0306341791356624,arima,CUSCO
2011-05-09,0.0,0.045130961626134836,arima,CUSCO
2011-05-16,0.1627433317954088,0.0,arima,CUSCO
2011-05-23,0.1627433317954088,0.0,arima,CUSCO
2011-05-30,0.1627433317954088,0.02883204261433711,arima,CUSCO
2011-06-06,0.0,0.0429411968884303,arima,CUSCO
2011-06-13,0.0,0.0,arima,CUSCO
2011-06-20,0.0,0.0,arima,CUSCO
2011-06-27,0.0,0.0343108873325286,arima,CUSCO
2011-07-04,0.08137166589770438,0.06940321438630939,arima,CUSCO
2011-07-11,0.08137166589770438,0.0913957676925808,arima,CUSCO
2011-07-18,0.08137166589770438,0.0967557903278913,arima,CUSCO
2011-07-25,0.0,0.05821510890293116,arima,CUSCO
2011-08-01,0.0,0.04102309087472653,arima,CUSCO
2011-08-08,0.0,0.0,arima,CUSCO
2011-08-15,0.0,0.03124876558552736,arima,CUSCO
2011-08-22,0.08137166589770438,0.042871105579379815,arima,CUSCO
2011-08-29,0.08137166589770438,0.05017745036347817,arima,CUSCO
2011-09-05,0.1627433317954088,0.08523854084408963,arima,CUSCO
2011-09-12,0.1627433317954088,0.04591911735423843,arima,CUSCO
2011-09-19,0.24411499769311326,0.033045920251508466,arima,CUSCO
2011-09-26,0.3254866635908176,0.026146964269265525,arima,CUSCO
2011-10-03,0.3254866635908177,0.3205552303693301,arima,CUSCO
2011-10-10,0.40685832948852213,0.27900612855894086,arima,CUSCO
2011-10-17,0.406858329488522,0.2270868203529847,arima,CUSCO
2011-10-24,0.3254866635908176,0.2112159184189398,arima,CUSCO
2011-10-31,0.2441149976931132,0.2810067954838099,arima,CUSCO
2011-11-07,0.24411499769311326,0.26414626736422536,arima,CUSCO
2011-11-14,0.40685832948852213,0.293649264918416,arima,CUSCO
2011-11-21,0.3254866635908176,0.3244703362271316,arima,CUSCO
2011-11-28,0.1627433317954088,0.34222308539202423,arima,CUSCO
2011-12-05,0.0813716658977044,0.2678637422057516,arima,CUSCO
2011-12-12,0.1627433317954088,0.28154027726246794,arima,CUSCO
2011-12-19,0.1627433317954088,0.27590455554056476,arima,CUSCO
2011-12-26,0.1627433317954088,0.2269562000866565,arima,CUSCO
2012-01-02,0.0813716658977044,0.2058672134322199,arima,CUSCO
2012-01-09,0.0813716658977044,0.20003955658869965,arima,CUSCO
2012-01-16,0.0,0.16738914551846562,arima,CUSCO
2012-01-23,0.0,0.02843486454377856,arima,CUSCO
2012-01-30,0.08043039915194185,0.03459471203257831,arima,CUSCO
2012-02-06,0.08043039915194185,0.0764431239653085,arima,CUSCO
2012-02-13,0.08043039915194185,0.07521933339416444,arima,CUSCO
2012-02-20,0.0,0.04540954224908788,arima,CUSCO
2012-02-27,0.0,0.03531630248222222,arima,CUSCO
2012-03-05,0.0,0.03147148801341362,arima,CUSCO
2012-03-12,0.0,0.0459438896840458,arima,CUSCO
2012-03-19,0.08043039915194185,0.008156110137314593,arima,CUSCO
2012-03-26,0.08043039915194185,0.010541492107504161,arima,CUSCO
2012-04-02,0.1608607983038837,0.011425503547879808,arima,CUSCO
2012-04-09,0.08043039915194185,0.007965664741482468,arima,CUSCO
2012-04-16,0.08043039915194185,0.06998309368926758,arima,CUSCO
2012-04-23,0.0,0.030429324817679244,arima,CUSCO
2012-04-30,0.0,0.05298542773781783,arima,CUSCO
2012-05-07,0.08043039915194185,0.06363594134656557,arima,CUSCO
2012-05-14,0.08043039915194185,0.12360392201491367,arima,CUSCO
2012-05-21,0.32172159660776745,0.14168611030508035,arima,CUSCO
2012-05-28,0.24129119745582558,0.10949753746004666,arima,CUSCO
2012-06-04,0.24129119745582558,0.07831904024861648,arima,CUSCO
2012-06-11,0.0,0.12604325234110472,arima,CUSCO
2012-06-18,0.0,0.11903571930052928,arima,CUSCO
2012-06-25,0.0,0.11431323055855183,arima,CUSCO
2012-07-02,0.08043039915194182,0.16418050395110328,arima,CUSCO
2012-07-09,0.08043039915194182,0.11739550407621528,arima,CUSCO
2012-07-16,0.08043039915194182,0.1315373661717741,arima,CUSCO
2012-07-23,0.0,0.09552132321139148,arima,CUSCO
2012-07-30,0.0,0.0666466726101854,arima,CUSCO
2012-08-06,0.0,0.0,arima,CUSCO
2012-08-13,0.0,0.029574904884103602,arima,CUSCO
2012-08-20,0.08043039915194182,0.04138541783526673,arima,CUSCO
2012-08-27,0.08043039915194182,0.04878768782061453,arima,CUSCO
2012-09-03,0.08043039915194182,0.08426014512802779,arima,CUSCO
2012-09-10,0.08043039915194182,0.048157080766276526,arima,CUSCO
2012-09-17,0.08043039915194182,0.03438107111732565,arima,CUSCO
2012-09-24,0.08043039915194182,0.026683150804445145,arima,CUSCO
2012-10-01,0.08043039915194182,0.0782876809895216,arima,CUSCO
2012-10-08,0.1608607983038837,0.07744541799692625,arima,CUSCO
2012-10-15,0.1608607983038837,0.07706099851712465,arima,CUSCO
2012-10-22,0.08043039915194182,0.0778648513014538,arima,CUSCO
2012-10-29,0.0,0.04697586375454119,arima,CUSCO
2012-11-05,0.0,0.031345992722990434,arima,CUSCO
2012-11-12,0.0,0.05759640190321122,arima,CUSCO
2012-11-19,0.0,0.0844373051623923,arima,CUSCO
2012-11-26,0.08043039915194182,0.016822648143481906,arima,CUSCO
2012-12-03,0.08043039915194182,0.02324582763942254,arima,CUSCO
2012-12-10,0.08043039915194182,0.026076446979539206,arima,CUSCO
2012-12-17,0.0,0.01933078303541087,arima,CUSCO
2012-12-24,0.0,0.0,arima,CUSCO
2012-12-31,0.0,0.0,arima,CUSCO
2013-01-07,0.0,0.01161276504862429,arima,CUSCO
2013-01-14,0.0,0.03138231268886892,arima,CUSCO
2013-01-21,0.0,0.0043386573094897725,arima,CUSCO
2013-01-28,0.0,0.006018824564698521,arima,CUSCO
2013-02-04,0.0,0.006795710413622448,arima,CUSCO
2013-02-11,0.0,0.005080987877172069,arima,CUSCO
2013-02-18,0.0,6.660670585871346e-05,arima,CUSCO
2013-02-25,0.0,9.235500931615864e-05,arima,CUSCO
2013-03-04,0.07951065959657878,0.00010419158408054447,arima,CUSCO
2013-03-11,0.07951065959657878,7.767634499247534e-05,arima,CUSCO
2013-03-18,0.07951065959657878,0.08409426848098635,arima,CUSCO
2013-03-25,0.0,0.045980447620365524,arima,CUSCO
2013-04-01,0.0,0.032403440667452585,arima,CUSCO
2013-04-08,0.0,0.023814410354957537,arima,CUSCO
2013-04-15,0.0,0.03468820287785868,arima,CUSCO
2013-04-22,0.07951065959657878,0.049496553511228794,arima,CUSCO
2013-04-29,0.07951065959657878,0.05723476127487787,arima,CUSCO
2013-05-06,0.07951065959657878,0.04336525055134548,arima,CUSCO
2013-05-13,0.0,0.04186987427424073,arima,CUSCO
2013-05-20,0.0,0.027066011565362005,arima,CUSCO
2013-05-27,0.0,0.020002913493685198,arima,CUSCO
2013-06-03,0.0,0.03449138956399572,arima,CUSCO
2013-06-10,0.0,0.0116533734035226,arima,CUSCO
2013-06-17,0.07951065959657878,0.015885938392446473,arima,CUSCO
2013-06-24,0.07951065959657878,0.01783409772219033,arima,CUSCO
2013-07-01,0.07951065959657878,0.012801818179752827,arima,CUSCO
2013-07-08,0.0,0.04267352478794936,arima,CUSCO
2013-07-15,0.0,0.0315885180535778,arima,CUSCO
2013-07-22,0.0,0.02690192779855123,arima,CUSCO
2013-07-29,0.15902131919315762,0.04182219759479033,arima,CUSCO
2013-08-05,0.15902131919315762,0.16954398074791358,arima,CUSCO
2013-08-12,0.15902131919315762,0.17518545610802172,arima,CUSCO
2013-08-19,0.0,0.10075538982510632,arima,CUSCO
2013-08-26,0.0,0.07559787455001431,arima,CUSCO
2013-09-02,0.0,0.0,arima,CUSCO
2013-09-09,0.0,0.060882071678531394,arima,CUSCO
2013-09-16,0.0,0.08040133699579062,arima,CUSCO
2013-09-23,0.0,0.09088293795489673,arima,CUSCO
2013-09-30,0.07951065959657878,0.0011254127594197533,arima,CUSCO
2013-10-07,0.07951065959657878,0.0014162821260135846,arima,CUSCO
2013-10-14,0.07951065959657878,0.0015158210127532315,arima,CUSCO
2013-10-21,0.0,0.001025810077435419,arima,CUSCO
2013-10-28,0.07951065959657878,0.0,arima,CUSCO
2013-11-04,0.07951065959657878,0.0,arima,CUSCO
2013-11-11,0.07951065959657878,0.02506120226195799,arima,CUSCO
2013-11-18,0.07951065959657878,0.037891812083264746,arima,CUSCO
2013-11-25,0.07951065959657878,0.07200125114610488,arima,CUSCO
2013-12-02,0.07951065959657878,0.07037512292005457,arima,CUSCO
2013-12-09,0.0,0.0700068896729692,arima,CUSCO
2013-12-16,0.0,0.07340404901753875,arima,CUSCO
2013-12-23,0.0,0.0011819612852841859,arima,CUSCO
2013-12-30,0.07951065959657878,0.03815157319250182,arima,CUSCO
2014-01-06,0.23673421734557767,0.04646393483790515,arima,CUSCO
2014-01-13,0.3153459962200771,0.047620660214667654,arima,CUSCO
2014-01-20,0.2358353366234983,0.26145380613953684,arima,CUSCO
2014-01-27,0.15722355774899885,0.16947820233107314,arima,CUSCO
2014-02-03,0.0786117788744994,0.11688932326912368,arima,CUSCO
2014-02-10,0.15722355774899885,0.12925162874470386,arima,CUSCO
2014-02-17,0.0786117788744994,0.20013004035063112,arima,CUSCO
2014-02-24,0.0786117788744994,0.2503586734740559,arima,CUSCO
2014-03-03,0.0,0.2158708767587991,arima,CUSCO
2014-03-10,0.0,0.18660422985468578,arima,CUSCO
2014-03-17,0.0,0.008673522487236823,arima,CUSCO
2014-03-24,0.0,0.04852581014818098,arima,CUSCO
2014-03-31,0.0,0.05624933638910751,arima,CUSCO
2014-04-07,0.15722355774899885,0.05283256015362831,arima,CUSCO
2014-04-14,0.2358353366234983,0.1495071219813859,arima,CUSCO
2014-04-21,0.2358353366234983,0.14628251924758637,arima,CUSCO
2014-04-28,0.0786117788744994,0.06712475284543497,arima,CUSCO
2014-05-05,0.0786117788744994,0.0555951541426662,arima,CUSCO
2014-05-12,0.15722355774899885,0.06978156629855722,arima,CUSCO
2014-05-19,0.15722355774899885,0.1425223927132345,arima,CUSCO
2014-05-26,0.0786117788744994,0.15695261279455816,arima,CUSCO
2014-06-02,0.0,0.16333795247718516,arima,CUSCO
2014-06-09,0.0786117788744994,0.0,arima,CUSCO
2014-06-16,0.0786117788744994,0.035307549991465244,arima,CUSCO
2014-06-23,0.0786117788744994,0.08036497711876711,arima,CUSCO
2014-06-30,0.0,0.08764124272766591,arima,CUSCO
2014-07-07,0.0786117788744994,0.0,arima,CUSCO
2014-07-14,0.0786117788744994,0.0,arima,CUSCO
2014-07-21,0.2358353366234983,0.0369956899045911,arima,CUSCO
2014-07-28,0.15722355774899885,0.04406166946873244,arima,CUSCO
2014-08-04,0.2358353366234983,0.14911362520851668,arima,CUSCO
2014-08-11,0.0786117788744994,0.07508212562491239,arima,CUSCO
2014-08-18,0.2358353366234983,0.10085767596509489,arima,CUSCO
2014-08-25,0.15722355774899885,0.11002980389271738,arima,CUSCO
2014-09-01,0.3144471154979977,0.24057646881503725,arima,CUSCO
2014-09-08,0.15722355774899885,0.16292208918181156,arima,CUSCO
2014-09-15,0.2358353366234983,0.19661777997879748,arima,CUSCO
2014-09-22,0.15722355774899885,0.15684716899839812,arima,CUSCO
2014-09-29,0.15722355774899885,0.23577994607687255,arima,CUSCO
2014-10-06,0.0786117788744994,0.19615902778230188,arima,CUSCO
2014-10-13,0.0786117788744994,0.23851833699804845,arima,CUSCO
2014-10-20,0.0786117788744994,0.19683582882353856,arima,CUSCO
2014-10-27,0.2358353366234983,0.12039176921663997,arima,CUSCO
2014-11-03,0.2358353366234983,0.12266647643829463,arima,CUSCO
2014-11-10,0.2358353366234983,0.12325653518043536,arima,CUSCO
2014-11-17,0.15722355774899885,0.10083409703723002,arima,CUSCO
2014-11-24,0.0786117788744994,0.15295650985669945,arima,CUSCO
2014-12-01,0.0786117788744994,0.15132556174091577,arima,CUSCO
2014-12-08,0.0,0.1917488787379838,arima,CUSCO
2014-12-15,0.15722355774899885,0.19584590428373924,arima,CUSCO
2014-12-22,0.3144471154979977,0.14648219387243783,arima,CUSCO
2014-12-29,0.3144471154979977,0.19811354065579737,arima,CUSCO
2015-01-05,0.15722355774899885,0.11474085602719489,arima,CUSCO
2015-01-12,0.0,0.11628394843751112,arima,CUSCO
2015-01-19,0.0,0.0,arima,CUSCO
2015-01-26,0.0,0.06400064803621533,arima,CUSCO
2015-02-02,0.0,0.155450091810879,arima,CUSCO
2015-02-09,0.0,0.16670822172386124,arima,CUSCO
2015-02-16,0.0,0.0026822554661848266,arima,CUSCO
2015-02-23,0.0,0.0029212612815488533,arima,CUSCO
2015-03-02,0.0,0.0030191456284334463,arima,CUSCO
2015-03-09,0.0,0.0016668211546026835,arima,CUSCO
2015-03-16,0.0,0.004285964719840616,arima,CUSCO
2015-03-23,0.0,0.005189395400035053,arima,CUSCO
2015-03-30,0.0,0.00467612406479373,arima,CUSCO
2015-04-06,0.0777329345115573,0.00496764311458575,arima,CUSCO
2015-04-13,0.0777329345115573,0.11048236428248931,arima,CUSCO
2015-04-20,0.0777329345115573,0.1669988362742881,arima,CUSCO
2015-04-27,0.0,0.13438623172737932,arima,CUSCO
2015-05-04,0.0,0.1528938696156686,arima,CUSCO
2015-05-11,0.0,0.0,arima,CUSCO
2015-05-18,0.0,0.03770460547698876,arima,CUSCO
2015-05-25,0.0,0.04114809336133601,arima,CUSCO
2015-06-01,0.0,0.043689146003432475,arima,CUSCO
2015-06-08,0.0,0.00010160457312207502,arima,CUSCO
2015-06-15,0.0,0.00010909504873962816,arima,CUSCO
2015-06-22,0.0,0.00011410829195108527,arima,CUSCO
2015-06-29,0.0,5.989105544809362e-05,arima,CUSCO
2015-07-06,0.0,1.1948858426107223e-08,arima,CUSCO
2015-07-13,0.0,1.2809803491425582e-08,arima,CUSCO
2015-07-20,0.0,1.3362414448451867e-08,arima,CUSCO
2015-07-27,0.0,6.967824276464513e-09,arima,CUSCO
2015-08-03,0.0,0.0,arima,CUSCO
2015-08-10,0.0,0.0016495142490375082,arima,CUSCO
2015-08-17,0.0,0.0,arima,CUSCO
2015-08-24,0.0,0.00022825619943537927,arima,CUSCO
2015-08-31,0.0,0.006772430416191192,arima,CUSCO
2015-09-07,0.0,0.005845712520544811,arima,CUSCO
2015-09-14,0.0,0.006369896333995431,arima,CUSCO
2015-09-21,0.0,0.006073306926308638,arima,CUSCO
2015-09-28,0.0,0.0,arima,CUSCO
2015-10-05,0.0,0.0,arima,CUSCO
2015-10-12,0.0,0.0,arima,CUSCO
2015-10-19,0.0,0.0,arima,CUSCO
2015-10-26,0.0,0.0,arima,CUSCO
2015-11-02,0.0,0.0036436097163760786,arima,CUSCO
2015-11-09,0.0,0.0014700293097686932,arima,CUSCO
2015-11-16,0.0,0.002717466439677259,arima,CUSCO
2015-11-23,0.0,0.003833690610632269,arima,CUSCO
2015-11-30,0.0,0.0017555188835991194,arima,CUSCO
2015-12-07,0.0,0.002937926412074398,arima,CUSCO
2015-12-14,0.0,0.0022647061491520115,arima,CUSCO
2015-12-21,0.0,8.26901605185152e-40,arima,CUSCO
2015-12-28,0.0,8.36381467448479e-40,arima,CUSCO
2016-01-04,0.1537470461348761,8.538476752868505e-40,arima,CUSCO
2016-01-11,0.3074940922697523,4.202449204437466e-40,arima,CUSCO
2016-01-18,0.3843676153371904,0.3588490466088785,arima,CUSCO
2016-01-25,0.3074940922697523,0.3588490466088785,arima,CUSCO
2016-02-01,0.1537470461348761,0.3588490466088785,arima,CUSCO
2016-02-08,0.1537470461348761,0.3588490466088785,arima,CUSCO
2016-02-15,0.07687352306743804,0.18534796259890823,arima,CUSCO
2016-02-22,0.07687352306743804,0.266885625169561,arima,CUSCO
2016-02-29,0.0,0.26757391884240483,arima,CUSCO
2016-03-07,0.07687352306743804,0.25194562369250595,arima,CUSCO
2016-03-14,0.2306205692023142,0.10189560352271382,arima,CUSCO
2016-03-21,0.3074940922697523,0.15107939037284518,arima,CUSCO
2016-03-28,0.3074940922697523,0.10908680232947841,arima,CUSCO
2016-04-04,0.1537470461348761,0.12435036901415278,arima,CUSCO
2016-04-11,0.1537470461348761,0.1490545299633736,arima,CUSCO
2016-04-18,0.2306205692023142,0.0984686077370735,arima,CUSCO
2016-04-25,0.3074940922697523,0.1335858816941023,arima,CUSCO
2016-05-02,0.2306205692023142,0.12321069420660268,arima,CUSCO
2016-05-09,0.1537470461348761,0.13372059213591697,arima,CUSCO
2016-05-16,0.1537470461348761,0.11090115745693833,arima,CUSCO
2016-05-23,0.3074940922697523,0.15366422950062542,arima,CUSCO
2016-05-30,0.46124113840462844,0.13097062185879557,arima,CUSCO
2016-06-06,0.3843676153371904,0.4068583294885221,arima,CUSCO
2016-06-13,0.3074940922697523,0.4068583294885221,arima,CUSCO
2016-06-20,0.1537470461348761,0.4068583294885221,arima,CUSCO
2016-06-27,0.23062056920231422,0.4068583294885221,arima,CUSCO
2016-07-04,0.23062056920231422,0.2225678983872421,arima,CUSCO
2016-07-11,0.1537470461348761,0.23020066934549713,arima,CUSCO
2016-07-18,0.07687352306743804,0.22728010461107026,arima,CUSCO
2016-07-25,0.1537470461348761,0.22709026507334687,arima,CUSCO
2016-08-01,0.2306205692023142,0.20655969722730635,arima,CUSCO
2016-08-08,0.5381146614720665,0.2735591696247232,arima,CUSCO
2016-08-15,0.3843676153371904,0.21334507092579444,arima,CUSCO
2016-08-22,0.3074940922697523,0.23177600819739452,arima,CUSCO
2016-08-29,0.07687352306743804,0.12908244591401483,arima,CUSCO
2016-09-05,0.2306205692023142,0.13981424227504113,arima,CUSCO
2016-09-12,0.3843676153371904,0.18108088244093412,arima,CUSCO
2016-09-19,0.3843676153371904,0.14992746909411336,arima,CUSCO
2016-09-26,0.2306205692023142,0.3068284062179311,arima,CUSCO
2016-10-03,0.07687352306743804,0.258264797301591,arima,CUSCO
2016-10-10,0.07687352306743804,0.3100693784609177,arima,CUSCO
2016-10-17,0.07687352306743804,0.28755809475064903,arima,CUSCO
2016-10-24,0.3074940922697523,0.11882964841269004,arima,CUSCO
2016-10-31,0.3843676153371904,0.11761700071371367,arima,CUSCO
2016-11-07,0.3843676153371904,0.10730809175100951,arima,CUSCO
2016-11-14,0.1537470461348761,0.11424648933696734,arima,CUSCO
2016-11-21,0.1537470461348761,0.11055584244151948,arima,CUSCO
2016-11-28,0.2306205692023142,0.1099381918812708,arima,CUSCO
2016-12-05,0.3074940922697523,0.24309657305101354,arima,CUSCO
2016-12-12,0.23062056920231422,0.2745639623194392,arima,CUSCO
2016-12-19,0.1537470461348761,0.18082756778004314,arima,CUSCO
2016-12-26,0.1537470461348761,0.13920826653442225,arima,CUSCO
2017-01-02,0.07687352306743804,0.18343274238669546,arima,CUSCO
2017-01-09,0.22893933715177375,0.2138351368952402,arima,CUSCO
2017-01-16,0.3041316281686714,0.23054602918632008,arima,CUSCO
2017-01-23,0.3041316281686714,0.28213663739597034,arima,CUSCO
2017-01-30,0.15206581408433567,0.18174550577544157,arima,CUSCO
2017-02-06,0.0,0.18090219483528872,arima,CUSCO
2017-02-13,0.22809872112650353,0.0,arima,CUSCO
2017-02-20,0.22809872112650353,0.08252881613633702,arima,CUSCO
2017-02-27,0.3801645352108392,0.182493423629428,arima,CUSCO
2017-03-06,0.3041316281686714,0.1816041956403205,arima,CUSCO
2017-03-13,0.3801645352108392,0.2963768038546243,arima,CUSCO
2017-03-20,0.22809872112650353,0.20969062389029636,arima,CUSCO
2017-03-27,0.15206581408433567,0.2517448665825042,arima,CUSCO
2017-04-03,0.07603290704216782,0.2590993405347165,arima,CUSCO
2017-04-10,0.07603290704216782,0.15776804241042014,arima,CUSCO
2017-04-17,0.0,0.2054133666614159,arima,CUSCO
2017-04-24,0.0,0.2538730418046184,arima,CUSCO
2017-05-01,0.0,0.1974978897106333,arima,CUSCO
2017-05-08,0.0,0.04623940403922142,arima,CUSCO
2017-05-15,0.22809872112650353,0.043781769608487675,arima,CUSCO
2017-05-22,0.3801645352108392,0.0430721381301721,arima,CUSCO
2017-05-29,0.45619744225300707,0.014536555749801975,arima,CUSCO
2017-06-05,0.22809872112650353,0.29144005718308064,arima,CUSCO
2017-06-12,0.22809872112650353,0.20899856915492257,arima,CUSCO
2017-06-19,0.22809872112650353,0.17664533398947074,arima,CUSCO
2017-06-26,0.22809872112650353,0.26518601892243043,arima,CUSCO
2017-07-03,0.0760329070421678,0.19686417762549027,arima,CUSCO
2017-07-10,0.0,0.21118109576020128,arima,CUSCO
2017-07-17,0.3041316281686714,0.21077988587310492,arima,CUSCO
2017-07-24,0.45619744225300707,0.2071387213291503,arima,CUSCO
2017-07-31,0.6082632563373428,0.4561974422530071,arima,CUSCO
2017-08-07,0.30413162816867134,0.2656323838155395,arima,CUSCO
2017-08-14,0.2280987211265035,0.20052815457374534,arima,CUSCO
2017-08-21,0.15206581408433564,0.200889907803625,arima,CUSCO
2017-08-28,0.15206581408433564,0.31095226531915304,arima,CUSCO
2017-09-04,0.07603290704216778,0.3507707864899554,arima,CUSCO
2017-09-11,0.07603290704216778,0.3932245423972478,arima,CUSCO
2017-09-18,0.07603290704216778,0.2860477716522324,arima,CUSCO
2017-09-25,0.07603290704216778,0.11936399905635423,arima,CUSCO
2017-10-02,0.0,0.11629520050181827,arima,CUSCO
2017-10-09,0.07603290704216778,0.11518683535449782,arima,CUSCO
2017-10-16,0.15206581408433564,0.09035774114214712,arima,CUSCO
2017-10-23,0.22809872112650356,0.2026967620775039,arima,CUSCO
2017-10-30,0.30413162816867134,0.1468349807806584,arima,CUSCO
2017-11-06,0.3041316281686713,0.10562164196323263,arima,CUSCO
2017-11-13,0.3041316281686713,0.08358815362346356,arima,CUSCO
2017-11-20,0.22809872112650356,0.2669740984960162,arima,CUSCO
2017-11-27,0.45619744225300707,0.2697292802785135,arima,CUSCO
2017-12-04,0.45619744225300707,0.2703489024058406,arima,CUSCO
2017-12-11,0.45619744225300707,0.2911132688134338,arima,CUSCO
2017-12-18,0.15206581408433564,0.3172033856198032,arima,CUSCO
2017-12-25,0.07603290704216778,0.32829057377004256,arima,CUSCO
2018-01-01,0.15056907582206944,0.330881052339011,arima,CUSCO
2018-01-08,0.2258536137331042,0.4079073584839365,arima,CUSCO
2018-01-15,0.301138151644139,0.25162360176554277,arima,CUSCO
2018-01-22,0.301138151644139,0.20049651389707565,arima,CUSCO
2018-01-29,0.301138151644139,0.16088299009185072,arima,CUSCO
2018-02-05,0.30113815164413893,0.15172251648033636,arima,CUSCO
2018-02-12,0.22585361373310428,0.3065236639618615,arima,CUSCO
2018-02-19,0.15056907582206944,0.30614571278727987,arima,CUSCO
2018-02-26,0.30113815164413893,0.3060204005859981,arima,CUSCO
2018-03-05,0.30113815164413893,0.30298460855111276,arima,CUSCO
2018-03-12,0.602276303288278,0.3352280854897237,arima,CUSCO
2018-03-19,0.5269917653772432,0.24355267720678253,arima,CUSCO
2018-03-26,0.8863027711235038,0.24885427197386237,arima,CUSCO
2018-04-02,0.5851646194793647,0.23326306132170202,arima,CUSCO
2018-04-09,0.5851646194793647,0.5921804098410196,arima,CUSCO
2018-04-16,0.37642268955517366,0.4483603335757902,arima,CUSCO
2018-04-23,0.4517072274662084,0.5921804098410196,arima,CUSCO
2018-04-30,0.37642268955517366,0.5676163034675865,arima,CUSCO
2018-05-07,0.3011381516441389,0.49132139531337343,arima,CUSCO
2018-05-14,0.37642268955517366,0.4365495622454709,arima,CUSCO
2018-05-21,0.5269917653772432,0.48683848626779774,arima,CUSCO
2018-05-28,0.4517072274662084,0.41579163467898844,arima,CUSCO
2018-06-04,0.4517072274662084,0.3977333736086454,arima,CUSCO
2018-06-11,0.602276303288278,0.32291989773221297,arima,CUSCO
2018-06-18,0.7528453791103474,0.36660210807620297,arima,CUSCO
2018-06-25,0.8281299170213822,0.3922913265088745,arima,CUSCO
2018-07-02,0.602276303288278,0.6675419266742785,arima,CUSCO
2018-07-09,0.5269917653772431,0.6604088036918514,arima,CUSCO
2018-07-16,0.5269917653772431,0.6287470360604748,arima,CUSCO
2018-07-23,0.6775608411993126,0.6675419266742785,arima,CUSCO
2018-07-30,0.7528453791103474,0.7084275017428387,arima,CUSCO
2018-08-06,0.8281299170213822,0.7084275017428387,arima,CUSCO
2018-08-13,0.7528453791103474,0.6229199100573097,arima,CUSCO
2018-08-20,0.602276303288278,0.6118691858087901,arima,CUSCO
2018-08-27,0.7357336953014343,0.562027648886005,arima,CUSCO
2018-09-03,0.5851646194793647,0.6024841363678479,arima,CUSCO
2018-09-10,0.811018233212469,0.6804287203872863,arima,CUSCO
2018-09-17,0.5269917653772432,0.6974761002161973,arima,CUSCO
2018-09-24,0.602276303288278,0.6092803347024041,arima,CUSCO
2018-10-01,0.3764226895551737,0.4861419488795798,arima,CUSCO
2018-10-08,0.37642268955517366,0.6453497787259648,arima,CUSCO
2018-10-15,0.3764226895551737,0.5832826151928723,arima,CUSCO
2018-10-22,0.45170722746620856,0.5023585210287527,arima,CUSCO
2018-10-29,0.3764226895551737,0.492911968729889,arima,CUSCO
2018-11-05,0.30113815164413893,0.49508833254999796,arima,CUSCO
2018-11-12,0.5851646194793648,0.42455146374363073,arima,CUSCO
2018-11-19,0.5098800815683301,0.6440852184775709,arima,CUSCO
2018-11-26,0.5851646194793648,0.6907988729059531,arima,CUSCO
2018-12-03,0.45170722746620845,0.5157670083002266,arima,CUSCO
2018-12-10,0.45170722746620845,0.4989799012840378,arima,CUSCO
2018-12-17,0.45170722746620845,0.41008844965953173,arima,CUSCO
2018-12-24,0.15056907582206944,0.4821463109580698,arima,CUSCO
2018-12-31,0.2258536137331042,0.47676889999275984,arima,CUSCO
2019-01-07,0.37348734414854273,0.5005651165416001,arima,CUSCO
2019-01-14,0.4480380457079198,0.5462263315301463,arima,CUSCO
2019-01-21,0.5964056124750161,0.4809600022809663,arima,CUSCO
2019-01-28,0.298202806237508,0.3974626382980128,arima,CUSCO
2019-02-04,0.29820280623750794,0.3201061175430981,arima,CUSCO
2019-02-11,0.07455070155937688,0.23720552316627322,arima,CUSCO
2019-02-18,0.07455070155937688,0.3794851516120496,arima,CUSCO
2019-02-25,0.0,0.37531926650212444,arima,CUSCO
2019-03-04,0.0,0.40827613547132596,arima,CUSCO
2019-03-11,0.0,0.0,arima,CUSCO
2019-03-18,0.0,0.0,arima,CUSCO
2019-03-25,0.07455070155937688,0.0,arima,CUSCO
2019-04-01,0.1491014031187539,0.0,arima,CUSCO
2019-04-08,0.29820280623750794,0.22329718351006297,arima,CUSCO
2019-04-15,0.29820280623750794,0.22181440884541384,arima,CUSCO
2019-04-22,0.44730420935626203,0.19896744846010972,arima,CUSCO
2019-04-29,0.5218549109156391,0.2152662957486183,arima,CUSCO
2019-05-06,0.596405612475016,0.6189398620677042,arima,CUSCO
2019-05-13,0.5218549109156391,0.5793321955197468,arima,CUSCO
2019-05-20,0.5218549109156391,0.5765494243261495,arima,CUSCO
2019-05-27,0.5964056124750161,0.5905995157442541,arima,CUSCO
2019-06-03,0.44730420935626203,0.6199800712056238,arima,CUSCO
2019-06-10,0.22365210467813093,0.6359578967533233,arima,CUSCO
2019-06-17,0.22365210467813093,0.6175801936258116,arima,CUSCO
2019-06-24,0.37275350779688504,0.6254958812511888,arima,CUSCO
2019-07-01,0.5218549109156391,0.5266704253086123,arima,CUSCO
2019-07-08,0.5218549109156391,0.5069671852752118,arima,CUSCO
2019-07-15,0.5964056124750161,0.47046585324443574,arima,CUSCO
2019-07-22,0.7455070155937701,0.5012198738307725,arima,CUSCO
2019-07-29,0.596405612475016,0.7944951430396454,arima,CUSCO
2019-08-05,0.37275350779688493,0.7800829945291443,arima,CUSCO
2019-08-12,0.07455070155937688,0.7739898949640303,arima,CUSCO
2019-08-19,0.29820280623750794,0.7826839670305665,arima,CUSCO
2019-08-26,0.5218549109156391,0.32949142342284854,arima,CUSCO
2019-09-02,0.596405612475016,0.513202335141596,arima,CUSCO
2019-09-09,0.37275350779688504,0.3822430738129386,arima,CUSCO
2019-09-16,0.22365210467813107,0.4039807905089583,arima,CUSCO
2019-09-23,0.37275350779688504,0.26816053911743365,arima,CUSCO
2019-09-30,0.37275350779688504,0.2669288745574418,arima,CUSCO
2019-10-07,0.37275350779688504,0.25251225326570836,arima,CUSCO
2019-10-14,0.37275350779688504,0.26163927278372634,arima,CUSCO
2019-10-21,0.37275350779688504,0.3955896076283792,arima,CUSCO
2019-10-28,0.44730420935626203,0.4167073378065168,arima,CUSCO
2019-11-04,0.5218549109156391,0.39552996453135353,arima,CUSCO
2019-11-11,0.5218549109156391,0.40128087009969476,arima,CUSCO
2019-11-18,0.37275350779688493,0.5149428501709854,arima,CUSCO
2019-11-25,0.22365210467813093,0.46311789297816214,arima,CUSCO
2019-12-02,0.22365210467813093,0.4977903054255116,arima,CUSCO
2019-12-09,0.37275350779688493,0.49385253224286707,arima,CUSCO
2019-12-16,0.22365210467813093,0.42983835380889845,arima,CUSCO
2019-12-23,0.29820280623750794,0.4583270271325369,arima,CUSCO
2019-12-30,0.1491014031187539,0.42046032317775833,arima,CUSCO
2020-01-06,0.22293243636929802,0.43386317312535216,arima,CUSCO
2020-01-13,0.14766206650108812,0.14714120612405424,arima,CUSCO
2020-01-20,0.2214930997516324,0.1574133585661677,arima,CUSCO
2020-01-27,0.14766206650108812,0.17673776557888768,arima,CUSCO
2020-02-03,0.14766206650108812,0.16078552499715953,arima,CUSCO
2020-02-10,0.22149309975163223,0.09975955283349526,arima,CUSCO
2020-02-17,0.5168172327538088,0.1516658562856343,arima,CUSCO
2020-02-24,0.664479299254897,0.1348119601215163,arima,CUSCO
2020-03-02,0.5168172327538088,0.1274196051493465,arima,CUSCO
2020-03-09,0.4429861995032647,0.44234833888693537,arima,CUSCO
2020-03-16,0.29532413300217636,0.3930560144100952,arima,CUSCO
2020-03-23,0.36915516625272055,0.44869651223802604,arima,CUSCO
2020-03-30,0.5168172327538088,0.43084742885913274,arima,CUSCO
2020-04-06,0.5168172327538089,0.6266888938583266,arima,CUSCO
2020-04-13,0.87758174316056,0.6873571712097002,arima,CUSCO
2020-04-20,0.5822576101583835,0.6084402638638469,arima,CUSCO
2020-04-27,0.5822576101583835,0.6370933032886823,arima,CUSCO
2020-05-04,0.14766206650108812,0.4370969296310392,arima,CUSCO
2020-05-11,0.14766206650108812,0.5584882658259993,arima,CUSCO
2020-05-18,0.22149309975163223,0.5595205393398037,arima,CUSCO
2020-05-25,0.22149309975163223,0.6285824809946206,arima,CUSCO
2020-06-01,0.14766206650108812,0.2275767446175043,arima,CUSCO
2020-06-08,0.0,0.1556545386433502,arima,CUSCO
2020-06-15,0.14766206650108812,0.20108019416857772,arima,CUSCO
2020-06-22,0.14766206650108812,0.19466488967198406,arima,CUSCO
2020-06-29,0.14766206650108812,0.20532601992300417,arima,CUSCO
2020-07-06,0.07383103325054398,0.13094236286208422,arima,CUSCO
2020-07-13,0.22149309975163223,0.16080603088018544,arima,CUSCO
2020-07-20,0.36915516625272055,0.16522105457400504,arima,CUSCO
2020-07-27,0.4429861995032648,0.4263616891972618,arima,CUSCO
2020-08-03,0.36915516625272055,0.40576795501147583,arima,CUSCO
2020-08-10,0.4429861995032646,0.40013619161673775,arima,CUSCO
2020-08-17,0.2953241330021764,0.410661946070698,arima,CUSCO
2020-08-24,0.36915516625272055,0.3013217670701984,arima,CUSCO
2020-08-31,0.14766206650108812,0.21402003746252793,arima,CUSCO
2020-09-07,0.29532413300217636,0.2693419807064843,arima,CUSCO
2020-09-14,0.36915516625272055,0.2613167060933205,arima,CUSCO
2020-09-21,0.36915516625272055,0.5135637773402337,arima,CUSCO
2020-09-28,0.22149309975163226,0.5237347601733269,arima,CUSCO
2020-10-05,0.07383103325054398,0.4675000570897781,arima,CUSCO
2020-10-12,0.07383103325054398,0.5020168778110385,arima,CUSCO
2020-10-19,0.07383103325054398,0.07799597258730143,arima,CUSCO
2020-10-26,0.0,0.06055096645279987,arima,CUSCO
2020-11-02,0.07383103325054398,0.07092881174632562,arima,CUSCO
2020-11-09,0.07383103325054398,0.06973064501001369,arima,CUSCO
2020-11-16,0.22149309975163223,0.12424002901251663,arima,CUSCO
2020-11-23,0.14766206650108812,0.08933839706842811,arima,CUSCO
2020-11-30,0.14766206650108812,0.09593455606775123,arima,CUSCO
2020-12-07,0.07383103325054398,0.10307153393157993,arima,CUSCO
2020-12-14,0.22149309975163223,0.08266458938575677,arima,CUSCO
2020-12-21,0.36915516625272055,0.08427681354854777,arima,CUSCO
2020-12-28,0.36915516625272043,0.08026024530824523,arima,CUSCO
2021-01-04,0.4408684795452585,0.08246988970445787,arima,CUSCO
2021-01-11,0.4394566662399211,0.4133510088940485,arima,CUSCO
2021-01-18,0.5118758861851279,0.5104676407326922,arima,CUSCO
2021-01-25,0.365625632989377,0.4519721527313001,arima,CUSCO
2021-02-01,0.29250050639150155,0.459025221789898,arima,CUSCO
2021-02-08,0.21937537979362629,0.27762444390344737,arima,CUSCO
2021-02-15,0.4387507595872524,0.2793303306608262,arima,CUSCO
2021-02-22,0.5118758861851279,0.2832480469722413,arima,CUSCO
2021-03-01,0.5850010127830032,0.27993912368570195,arima,CUSCO
2021-03-08,0.29250050639150155,0.47913220201392137,arima,CUSCO
2021-03-15,0.4387507595872524,0.47493416175005415,arima,CUSCO
2021-03-22,0.365625632989377,0.513721728090909,arima,CUSCO
2021-03-29,0.4387507595872524,0.48828328015409384,arima,CUSCO
2021-04-05,0.14625025319575075,0.3142246251433119,arima,CUSCO
2021-04-12,0.365625632989377,0.3582802021728368,arima,CUSCO
2021-04-19,0.5118758861851279,0.36884728387168386,arima,CUSCO
2021-04-26,0.6581261393808787,0.3456468429317185,arima,CUSCO
2021-05-03,0.8002211766466724,0.5927100787284743,arima,CUSCO
2021-05-10,0.5808457968530462,0.5417953092133498,arima,CUSCO
2021-05-17,0.5077206702551706,0.5996993805037425,arima,CUSCO
2021-05-24,0.14625025319575077,0.5759474801294195,arima,CUSCO
2021-05-31,0.36562563298937706,0.13041654607757275,arima,CUSCO
2021-06-07,0.29250050639150166,0.10508336386196235,arima,CUSCO
2021-06-14,0.43875075958725246,0.1285215758218733,arima,CUSCO
2021-06-21,0.2193753797936262,0.1203927896114608,arima,CUSCO
2021-06-28,0.2193753797936262,0.27970348586715904,arima,CUSCO
2021-07-05,0.07312512659787536,0.2342268663888259,arima,CUSCO
2021-07-12,0.29250050639150166,0.24643695414250077,arima,CUSCO
2021-07-19,0.36562563298937706,0.2527898791344586,arima,CUSCO
2021-07-26,0.5118758861851279,0.5127601308830463,arima,CUSCO
2021-08-02,0.29250050639150166,0.3961281645911821,arima,CUSCO
2021-08-09,0.29250050639150166,0.4321806884224463,arima,CUSCO
2021-08-16,0.07312512659787536,0.4434780111308184,arima,CUSCO
2021-08-23,0.07312512659787536,0.04824309748328688,arima,CUSCO
2021-08-30,0.0,0.0,arima,CUSCO
2021-09-06,0.07312512659787536,0.04006742703879239,arima,CUSCO
2021-09-13,0.2193753797936262,0.018312350611594187,arima,CUSCO
2021-09-20,0.5118758861851279,0.275688883168723,arima,CUSCO
2021-09-27,0.5118758861851279,0.35903924819924155,arima,CUSCO
2021-10-04,0.36562563298937706,0.2738865466708605,arima,CUSCO
2021-10-11,0.43875075958725257,0.3121985097497524,arima,CUSCO
2021-10-18,0.6581261393808789,0.5280238997124658,arima,CUSCO
2021-10-25,0.7312512659787543,0.614906492576119,arima,CUSCO
2021-11-01,0.43875075958725257,0.5107198196378409,arima,CUSCO
2021-11-08,0.5118758861851279,0.5622955622613732,arima,CUSCO
2021-11-15,0.5850010127830034,0.496833921946787,arima,CUSCO
2021-11-22,0.8043763925766297,0.6033979785842771,arima,CUSCO
2021-11-29,0.5850010127830033,0.526470490136381,arima,CUSCO
2021-12-06,0.43875075958725246,0.5465652965552654,arima,CUSCO
2021-12-13,0.29250050639150166,0.35060099200039163,arima,CUSCO
2021-12-20,0.14625025319575077,0.3621789145973289,arima,CUSCO
2021-12-27,0.2193753797936262,0.3837292803742751,arima,CUSCO
2022-01-03,0.14555771720742458,0.362982806351698,arima,CUSCO
2022-01-10,0.4352880796456215,0.22943757927013317,arima,CUSCO
2022-01-17,0.4345955436572953,0.1485480543829724,arima,CUSCO
2022-01-24,0.4345955436572953,0.18056187760999443,arima,CUSCO
2022-01-31,0.28973036243819683,0.18423606961118272,arima,CUSCO
2022-02-07,0.43459554365729525,0.22925090269692264,arima,CUSCO
2022-02-14,0.43459554365729525,0.26669092406067424,arima,CUSCO
2022-02-21,0.43459554365729525,0.2599491875216356,arima,CUSCO
2022-02-28,0.3621629530477461,0.25145725360831045,arima,CUSCO
2022-03-07,0.28973036243819683,0.43516018278519963,arima,CUSCO
2022-03-14,0.3621629530477461,0.4679640214157062,arima,CUSCO
2022-03-21,0.4345955436572953,0.4168378883345914,arima,CUSCO
2022-03-28,0.8691910873145906,0.4436702053276677,arima,CUSCO
2022-04-04,0.651893315485943,0.8449649968415986,arima,CUSCO
2022-04-11,0.7967584967050415,0.8449649968415986,arima,CUSCO
2022-04-18,0.7967584967050415,0.8449649968415986,arima,CUSCO
2022-04-25,1.0140562685336891,0.8449649968415986,arima,CUSCO
2022-05-02,0.7967584967050415,0.8726312562114382,arima,CUSCO
2022-05-09,0.4345955436572953,0.8726312562114382,arima,CUSCO
2022-05-16,0.36216295304774615,0.8726312562114382,arima,CUSCO
2022-05-23,0.2897303624381969,0.8726312562114382,arima,CUSCO
2022-05-30,0.36216295304774615,0.375548152387619,arima,CUSCO
2022-06-06,0.5070281342668447,0.3404440234633737,arima,CUSCO
2022-06-13,0.7243259060954923,0.337288100580907,arima,CUSCO
2022-06-20,0.7967584967050415,0.3523559202514467,arima,CUSCO
2022-06-27,0.7243259060954923,0.7540332497050726,arima,CUSCO
2022-07-04,0.8691910873145906,0.68475644457396,arima,CUSCO
2022-07-11,0.7967584967050415,0.7540775377328119,arima,CUSCO
2022-07-18,1.0140562685336891,0.7226593533061623,arima,CUSCO
2022-07-25,0.8691910873145906,0.8811573646253672,arima,CUSCO
2022-08-01,0.9416236779241398,0.8811573646253672,arima,CUSCO
2022-08-08,0.8691910873145906,0.8811573646253672,arima,CUSCO
2022-08-15,0.6518933154859431,0.8811573646253672,arima,CUSCO
2022-08-22,0.4345955436572954,0.6911816744009702,arima,CUSCO
2022-08-29,0.14486518121909844,0.5641395861964356,arima,CUSCO
2022-09-05,0.4345955436572954,0.6512263311606461,arima,CUSCO
2022-09-12,0.5794607248763938,0.6262799143920672,arima,CUSCO
2022-09-19,0.6518933154859431,0.7466866810071293,arima,CUSCO
2022-09-26,0.43459554365729536,0.6184232533658631,arima,CUSCO
2022-10-03,0.7243259060954922,0.6623995695518874,arima,CUSCO
2022-10-10,0.7967584967050413,0.6718331184838315,arima,CUSCO
2022-10-17,1.014056268533689,0.9089843429117659,arima,CUSCO
2022-10-24,0.8691910873145906,0.7862212070557129,arima,CUSCO
2022-10-31,0.9416236779241398,0.8495275633820074,arima,CUSCO
2022-11-07,0.7243259060954922,0.8456855158055816,arima,CUSCO
2022-11-14,0.7243259060954922,0.6898414592949242,arima,CUSCO
2022-11-21,0.5794607248763938,0.6546305069992002,arima,CUSCO
2022-11-28,0.7243259060954923,0.6970979018950889,arima,CUSCO
2022-12-05,0.43459554365729525,0.674655751970457,arima,CUSCO
