date,actual,predicted,model,region
2010-12-27,0.3205004935707601,0.16025024678538005,naive,AYACUCHO
2011-01-03,0.3205004935707601,0.16025024678538005,naive,AYACUCHO
2011-01-10,0.16025024678538005,0.16025024678538005,naive,AYACUCHO
2011-01-17,0.0,0.16025024678538005,naive,AYACUCHO
2011-01-24,0.0,0.0,naive,AYACUCHO
2011-01-31,0.0,0.0,naive,AYACUCHO
2011-02-07,0.0,0.0,naive,AYACUCHO
2011-02-14,0.0,0.0,naive,AYACUCHO
2011-02-21,0.0,0.0,naive,AYACUCHO
2011-02-28,0.0,0.0,naive,AYACUCHO
2011-03-07,0.0,0.0,naive,AYACUCHO
2011-03-14,0.0,0.0,naive,AYACUCHO
2011-03-21,0.0,0.0,naive,AYACUCHO
2011-03-28,0.0,0.0,naive,AYACUCHO
2011-04-04,0.0,0.0,naive,AYACUCHO
2011-04-11,0.0,0.0,naive,AYACUCHO
2011-04-18,0.0,0.0,naive,AYACUCHO
2011-04-25,0.15926889207780603,0.0,naive,AYACUCHO
2011-05-02,0.15926889207780603,0.0,naive,AYACUCHO
2011-05-09,0.31853778415561207,0.0,naive,AYACUCHO
2011-05-16,0.15926889207780603,0.31853778415561207,naive,AYACUCHO
2011-05-23,0.15926889207780603,0.31853778415561207,naive,AYACUCHO
2011-05-30,0.15926889207780603,0.31853778415561207,naive,AYACUCHO
2011-06-06,0.15926889207780603,0.31853778415561207,naive,AYACUCHO
2011-06-13,0.15926889207780603,0.15926889207780603,naive,AYACUCHO
2011-06-20,0.0,0.15926889207780603,naive,AYACUCHO
2011-06-27,0.15926889207780603,0.15926889207780603,naive,AYACUCHO
2011-07-04,0.31853778415561207,0.15926889207780603,naive,AYACUCHO
2011-07-11,0.31853778415561207,0.31853778415561207,naive,AYACUCHO
2011-07-18,0.15926889207780603,0.31853778415561207,naive,AYACUCHO
2011-07-25,0.0,0.31853778415561207,naive,AYACUCHO
2011-08-01,0.15926889207780603,0.31853778415561207,naive,AYACUCHO
2011-08-08,0.15926889207780603,0.15926889207780603,naive,AYACUCHO
2011-08-15,0.15926889207780603,0.15926889207780603,naive,AYACUCHO
2011-08-22,0.0,0.15926889207780603,naive,AYACUCHO
2011-08-29,0.15926889207780603,0.15926889207780603,naive,AYACUCHO
2011-09-05,0.31853778415561207,0.15926889207780603,naive,AYACUCHO
2011-09-12,0.31853778415561207,0.15926889207780603,naive,AYACUCHO
2011-09-19,0.15926889207780603,0.15926889207780603,naive,AYACUCHO
2011-09-26,0.0,0.15926889207780603,naive,AYACUCHO
2011-10-03,0.0,0.0,naive,AYACUCHO
2011-10-10,0.15926889207780603,0.0,naive,AYACUCHO
2011-10-17,0.15926889207780603,0.0,naive,AYACUCHO
2011-10-24,0.15926889207780603,0.0,naive,AYACUCHO
2011-10-31,0.15926889207780603,0.15926889207780603,naive,AYACUCHO
2011-11-07,0.31853778415561207,0.15926889207780603,naive,AYACUCHO
2011-11-14,0.31853778415561207,0.15926889207780603,naive,AYACUCHO
2011-11-21,0.15926889207780603,0.15926889207780603,naive,AYACUCHO
2011-11-28,0.0,0.15926889207780603,naive,AYACUCHO
2011-12-05,0.0,0.15926889207780603,naive,AYACUCHO
2011-12-12,0.15926889207780603,0.15926889207780603,naive,AYACUCHO
2011-12-19,0.15926889207780603,0.15926889207780603,naive,AYACUCHO
2011-12-26,0.15926889207780603,0.15926889207780603,naive,AYACUCHO
2012-01-02,0.0,0.15926889207780603,naive,AYACUCHO
2012-01-09,0.0,0.15926889207780603,naive,AYACUCHO
2012-01-16,0.1582994836270844,0.15926889207780603,naive,AYACUCHO
2012-01-23,0.1582994836270844,0.15829948362708443,naive,AYACUCHO
2012-01-30,0.1582994836270844,0.15829948362708443,naive,AYACUCHO
2012-02-06,0.0,0.15829948362708443,naive,AYACUCHO
2012-02-13,0.0,0.15829948362708443,naive,AYACUCHO
2012-02-20,0.0,0.0,naive,AYACUCHO
2012-02-27,0.0,0.0,naive,AYACUCHO
2012-03-05,0.0,0.0,naive,AYACUCHO
2012-03-12,0.0,0.0,naive,AYACUCHO
2012-03-19,0.0,0.0,naive,AYACUCHO
2012-03-26,0.0,0.0,naive,AYACUCHO
2012-04-02,0.1582994836270844,0.0,naive,AYACUCHO
2012-04-09,0.1582994836270844,0.0,naive,AYACUCHO
2012-04-16,0.1582994836270844,0.15829948362708443,naive,AYACUCHO
2012-04-23,0.1582994836270844,0.15829948362708443,naive,AYACUCHO
2012-04-30,0.1582994836270844,0.15829948362708443,naive,AYACUCHO
2012-05-07,0.1582994836270844,0.15829948362708443,naive,AYACUCHO
2012-05-14,0.0,0.15829948362708443,naive,AYACUCHO
2012-05-21,0.1582994836270844,0.15829948362708443,naive,AYACUCHO
2012-05-28,0.1582994836270844,0.15829948362708443,naive,AYACUCHO
2012-06-04,0.3165989672541688,0.15829948362708443,naive,AYACUCHO
2012-06-11,0.1582994836270844,0.3165989672541688,naive,AYACUCHO
2012-06-18,0.3165989672541688,0.3165989672541688,naive,AYACUCHO
2012-06-25,0.1582994836270844,0.3165989672541688,naive,AYACUCHO
2012-07-02,0.1582994836270844,0.3165989672541688,naive,AYACUCHO
2012-07-09,0.0,0.15829948362708443,naive,AYACUCHO
2012-07-16,0.0,0.15829948362708443,naive,AYACUCHO
2012-07-23,0.1582994836270844,0.15829948362708443,naive,AYACUCHO
2012-07-30,0.1582994836270844,0.15829948362708443,naive,AYACUCHO
2012-08-06,0.1582994836270844,0.15829948362708443,naive,AYACUCHO
2012-08-13,0.0,0.15829948362708443,naive,AYACUCHO
2012-08-20,0.1582994836270844,0.15829948362708443,naive,AYACUCHO
2012-08-27,0.1582994836270844,0.15829948362708443,naive,AYACUCHO
2012-09-03,0.1582994836270844,0.15829948362708443,naive,AYACUCHO
2012-09-10,0.0,0.15829948362708443,naive,AYACUCHO
2012-09-17,0.0,0.15829948362708443,naive,AYACUCHO
2012-09-24,0.0,0.15829948362708443,naive,AYACUCHO
2012-10-01,0.0,0.0,naive,AYACUCHO
2012-10-08,0.0,0.0,naive,AYACUCHO
2012-10-15,0.3127912868859125,0.0,naive,AYACUCHO
2012-10-22,0.3127912868859125,0.0,naive,AYACUCHO
2012-10-29,0.3127912868859125,0.3127912868859125,naive,AYACUCHO
2012-11-05,0.0,0.3127912868859125,naive,AYACUCHO
2012-11-12,0.1582994836270844,0.3127912868859125,naive,AYACUCHO
2012-11-19,0.1582994836270844,0.3127912868859125,naive,AYACUCHO
2012-11-26,0.1582994836270844,0.15829948362708443,naive,AYACUCHO
2012-12-03,0.0,0.15829948362708443,naive,AYACUCHO
2012-12-10,0.0,0.15829948362708443,naive,AYACUCHO
2012-12-17,0.0,0.15829948362708443,naive,AYACUCHO
2012-12-24,0.0,0.0,naive,AYACUCHO
2012-12-31,0.0,0.0,naive,AYACUCHO
2013-01-07,0.0,0.0,naive,AYACUCHO
2013-01-14,0.15734180461609387,0.0,naive,AYACUCHO
2013-01-21,0.15734180461609387,0.15734180461609387,naive,AYACUCHO
2013-01-28,0.31468360923218774,0.15734180461609387,naive,AYACUCHO
2013-02-04,0.15734180461609387,0.15734180461609387,naive,AYACUCHO
2013-02-11,0.31468360923218774,0.15734180461609387,naive,AYACUCHO
2013-02-18,0.15734180461609387,0.3146836092321877,naive,AYACUCHO
2013-02-25,0.15734180461609387,0.3146836092321877,naive,AYACUCHO
2013-03-04,0.0,0.3146836092321877,naive,AYACUCHO
2013-03-11,0.0,0.3146836092321877,naive,AYACUCHO
2013-03-18,0.0,0.0,naive,AYACUCHO
2013-03-25,0.0,0.0,naive,AYACUCHO
2013-04-01,0.0,0.0,naive,AYACUCHO
2013-04-08,0.0,0.0,naive,AYACUCHO
2013-04-15,0.0,0.0,naive,AYACUCHO
2013-04-22,0.0,0.0,naive,AYACUCHO
2013-04-29,0.0,0.0,naive,AYACUCHO
2013-05-06,0.0,0.0,naive,AYACUCHO
2013-05-13,0.0,0.0,naive,AYACUCHO
2013-05-20,0.0,0.0,naive,AYACUCHO
2013-05-27,0.0,0.0,naive,AYACUCHO
2013-06-03,0.0,0.0,naive,AYACUCHO
2013-06-10,0.15734180461609387,0.0,naive,AYACUCHO
2013-06-17,0.31468360923218774,0.0,naive,AYACUCHO
2013-06-24,0.31468360923218774,0.0,naive,AYACUCHO
2013-07-01,0.31468360923218774,0.0,naive,AYACUCHO
2013-07-08,0.15734180461609387,0.3146836092321877,naive,AYACUCHO
2013-07-15,0.31468360923218774,0.3146836092321877,naive,AYACUCHO
2013-07-22,0.15734180461609387,0.3146836092321877,naive,AYACUCHO
2013-07-29,0.15734180461609387,0.3146836092321877,naive,AYACUCHO
2013-08-05,0.3127912868859125,0.15734180461609387,naive,AYACUCHO
2013-08-12,0.4701330915020064,0.15734180461609387,naive,AYACUCHO
2013-08-19,0.4701330915020064,0.15734180461609387,naive,AYACUCHO
2013-08-26,0.31468360923218774,0.15734180461609387,naive,AYACUCHO
2013-09-02,0.15734180461609387,0.3146836092321877,naive,AYACUCHO
2013-09-09,0.15734180461609387,0.3146836092321877,naive,AYACUCHO
2013-09-16,0.0,0.3146836092321877,naive,AYACUCHO
2013-09-23,0.0,0.3146836092321877,naive,AYACUCHO
2013-09-30,0.0,0.0,naive,AYACUCHO
2013-10-07,0.0,0.0,naive,AYACUCHO
2013-10-14,0.0,0.0,naive,AYACUCHO
2013-10-21,0.0,0.0,naive,AYACUCHO
2013-10-28,0.0,0.0,naive,AYACUCHO
2013-11-04,0.0,0.0,naive,AYACUCHO
2013-11-11,0.0,0.0,naive,AYACUCHO
2013-11-18,0.0,0.0,naive,AYACUCHO
2013-11-25,0.0,0.0,naive,AYACUCHO
2013-12-02,0.0,0.0,naive,AYACUCHO
2013-12-09,0.0,0.0,naive,AYACUCHO
2013-12-16,0.0,0.0,naive,AYACUCHO
2013-12-23,0.0,0.0,naive,AYACUCHO
2013-12-30,0.0,0.0,naive,AYACUCHO
2014-01-06,0.0,0.0,naive,AYACUCHO
2014-01-13,0.15639564344295626,0.0,naive,AYACUCHO
2014-01-20,0.3127912868859125,0.15639564344295626,naive,AYACUCHO
2014-01-27,0.3127912868859125,0.15639564344295626,naive,AYACUCHO
2014-02-03,0.15639564344295626,0.15639564344295626,naive,AYACUCHO
2014-02-10,0.15639564344295626,0.15639564344295626,naive,AYACUCHO
2014-02-17,0.15639564344295626,0.15639564344295626,naive,AYACUCHO
2014-02-24,0.3127912868859125,0.15639564344295626,naive,AYACUCHO
2014-03-03,0.15639564344295626,0.15639564344295626,naive,AYACUCHO
2014-03-10,0.15639564344295626,0.15639564344295626,naive,AYACUCHO
2014-03-17,0.0,0.15639564344295626,naive,AYACUCHO
2014-03-24,0.0,0.15639564344295626,naive,AYACUCHO
2014-03-31,0.3127912868859125,0.15639564344295626,naive,AYACUCHO
2014-04-07,0.3127912868859125,0.15639564344295626,naive,AYACUCHO
2014-04-14,0.625582573771825,0.3127912868859125,naive,AYACUCHO
2014-04-21,0.3127912868859125,0.3127912868859125,naive,AYACUCHO
2014-04-28,0.3127912868859125,0.3127912868859125,naive,AYACUCHO
2014-05-05,0.0,0.3127912868859125,naive,AYACUCHO
2014-05-12,0.0,0.0,naive,AYACUCHO
2014-05-19,0.15639564344295626,0.0,naive,AYACUCHO
2014-05-26,0.3127912868859125,0.0,naive,AYACUCHO
2014-06-02,0.3127912868859125,0.0,naive,AYACUCHO
2014-06-09,0.46918693032886877,0.3127912868859125,naive,AYACUCHO
2014-06-16,0.46918693032886877,0.3127912868859125,naive,AYACUCHO
2014-06-23,0.46918693032886877,0.3127912868859125,naive,AYACUCHO
2014-06-30,0.15639564344295623,0.3127912868859125,naive,AYACUCHO
2014-07-07,0.15639564344295623,0.15639564344295623,naive,AYACUCHO
2014-07-14,0.15639564344295623,0.15639564344295623,naive,AYACUCHO
2014-07-21,0.4691869303288687,0.15639564344295623,naive,AYACUCHO
2014-07-28,0.46918693032886877,0.15639564344295623,naive,AYACUCHO
2014-08-04,0.46918693032886877,0.4691869303288687,naive,AYACUCHO
2014-08-11,0.15639564344295623,0.4691869303288687,naive,AYACUCHO
2014-08-18,0.0,0.4691869303288687,naive,AYACUCHO
2014-08-25,0.0,0.4691869303288687,naive,AYACUCHO
2014-09-01,0.0,0.0,naive,AYACUCHO
2014-09-08,0.0,0.0,naive,AYACUCHO
2014-09-15,0.15639564344295623,0.0,naive,AYACUCHO
2014-09-22,0.15639564344295623,0.0,naive,AYACUCHO
2014-09-29,0.15639564344295623,0.15639564344295623,naive,AYACUCHO
2014-10-06,0.0,0.15639564344295623,naive,AYACUCHO
2014-10-13,0.15639564344295623,0.15639564344295623,naive,AYACUCHO
2014-10-20,0.15639564344295623,0.15639564344295623,naive,AYACUCHO
2014-10-27,0.15639564344295623,0.15639564344295623,naive,AYACUCHO
2014-11-03,0.0,0.15639564344295623,naive,AYACUCHO
2014-11-10,0.0,0.15639564344295623,naive,AYACUCHO
2014-11-17,0.0,0.15639564344295623,naive,AYACUCHO
2014-11-24,0.0,0.0,naive,AYACUCHO
2014-12-01,0.0,0.0,naive,AYACUCHO
2014-12-08,0.0,0.0,naive,AYACUCHO
2014-12-15,0.15639564344295623,0.0,naive,AYACUCHO
2014-12-22,0.15639564344295623,0.15639564344295623,naive,AYACUCHO
2014-12-29,0.31279128688591246,0.15639564344295623,naive,AYACUCHO
2015-01-05,0.15639564344295623,0.15639564344295623,naive,AYACUCHO
2015-01-12,0.15639564344295623,0.15639564344295623,naive,AYACUCHO
2015-01-19,0.0,0.15639564344295623,naive,AYACUCHO
2015-01-26,0.0,0.15639564344295623,naive,AYACUCHO
2015-02-02,0.0,0.15639564344295623,naive,AYACUCHO
2015-02-09,0.15546079356516682,0.15639564344295623,naive,AYACUCHO
2015-02-16,0.15546079356516682,0.15546079356516684,naive,AYACUCHO
2015-02-23,0.15546079356516682,0.15546079356516684,naive,AYACUCHO
2015-03-02,0.0,0.15546079356516684,naive,AYACUCHO
2015-03-09,0.0,0.15546079356516684,naive,AYACUCHO
2015-03-16,0.0,0.0,naive,AYACUCHO
2015-03-23,0.15546079356516682,0.0,naive,AYACUCHO
2015-03-30,0.15546079356516682,0.0,naive,AYACUCHO
2015-04-06,0.15546079356516682,0.0,naive,AYACUCHO
2015-04-13,0.15546079356516682,0.15546079356516684,naive,AYACUCHO
2015-04-20,0.15546079356516682,0.15546079356516684,naive,AYACUCHO
2015-04-27,0.15546079356516682,0.15546079356516684,naive,AYACUCHO
2015-05-04,0.0,0.15546079356516684,naive,AYACUCHO
2015-05-11,0.0,0.0,naive,AYACUCHO
2015-05-18,0.15546079356516682,0.0,naive,AYACUCHO
2015-05-25,0.15546079356516682,0.0,naive,AYACUCHO
2015-06-01,0.15546079356516682,0.0,naive,AYACUCHO
2015-06-08,0.0,0.15546079356516684,naive,AYACUCHO
2015-06-15,0.0,0.15546079356516684,naive,AYACUCHO
2015-06-22,0.15546079356516682,0.15546079356516684,naive,AYACUCHO
2015-06-29,0.15546079356516682,0.15546079356516684,naive,AYACUCHO
2015-07-06,0.15546079356516682,0.15546079356516684,naive,AYACUCHO
2015-07-13,0.0,0.15546079356516684,naive,AYACUCHO
2015-07-20,0.0,0.15546079356516684,naive,AYACUCHO
2015-07-27,0.0,0.15546079356516684,naive,AYACUCHO
2015-08-03,0.0,0.0,naive,AYACUCHO
2015-08-10,0.0,0.0,naive,AYACUCHO
2015-08-17,0.0,0.0,naive,AYACUCHO
2015-08-24,0.0,0.0,naive,AYACUCHO
2015-08-31,0.15546079356516682,0.0,naive,AYACUCHO
2015-09-07,0.15546079356516682,0.0,naive,AYACUCHO
2015-09-14,0.15546079356516682,0.0,naive,AYACUCHO
2015-09-21,0.0,0.0,naive,AYACUCHO
2015-09-28,0.0,0.0,naive,AYACUCHO
2015-10-05,0.0,0.0,naive,AYACUCHO
2015-10-12,0.0,0.0,naive,AYACUCHO
2015-10-19,0.0,0.0,naive,AYACUCHO
2015-10-26,0.0,0.0,naive,AYACUCHO
2015-11-02,0.0,0.0,naive,AYACUCHO
2015-11-09,0.0,0.0,naive,AYACUCHO
2015-11-16,0.0,0.0,naive,AYACUCHO
2015-11-23,0.0,0.0,naive,AYACUCHO
2015-11-30,0.0,0.0,naive,AYACUCHO
2015-12-07,0.0,0.0,naive,AYACUCHO
2015-12-14,0.0,0.0,naive,AYACUCHO
2015-12-21,0.0,0.0,naive,AYACUCHO
2015-12-28,0.0,0.0,naive,AYACUCHO
2016-01-04,0.0,0.0,naive,AYACUCHO
2016-01-11,0.0,0.0,naive,AYACUCHO
2016-01-18,0.0,0.0,naive,AYACUCHO
2016-01-25,0.15453705334928153,0.0,naive,AYACUCHO
2016-02-01,0.15453705334928153,0.0,naive,AYACUCHO
2016-02-08,0.15453705334928153,0.0,naive,AYACUCHO
2016-02-15,0.0,0.15453705334928153,naive,AYACUCHO
2016-02-22,0.15453705334928153,0.15453705334928153,naive,AYACUCHO
2016-02-29,0.15453705334928153,0.15453705334928153,naive,AYACUCHO
2016-03-07,0.15453705334928153,0.15453705334928153,naive,AYACUCHO
2016-03-14,0.0,0.15453705334928153,naive,AYACUCHO
2016-03-21,0.0,0.15453705334928153,naive,AYACUCHO
2016-03-28,0.0,0.15453705334928153,naive,AYACUCHO
2016-04-04,0.0,0.15453705334928153,naive,AYACUCHO
2016-04-11,0.0,0.0,naive,AYACUCHO
2016-04-18,0.0,0.0,naive,AYACUCHO
2016-04-25,0.0,0.0,naive,AYACUCHO
2016-05-02,0.0,0.0,naive,AYACUCHO
2016-05-09,0.0,0.0,naive,AYACUCHO
2016-05-16,0.0,0.0,naive,AYACUCHO
2016-05-23,0.0,0.0,naive,AYACUCHO
2016-05-30,0.0,0.0,naive,AYACUCHO
2016-06-06,0.0,0.0,naive,AYACUCHO
2016-06-13,0.15453705334928153,0.0,naive,AYACUCHO
2016-06-20,0.15453705334928153,0.0,naive,AYACUCHO
2016-06-27,0.15453705334928153,0.0,naive,AYACUCHO
2016-07-04,0.0,0.15453705334928153,naive,AYACUCHO
2016-07-11,0.15453705334928153,0.15453705334928153,naive,AYACUCHO
2016-07-18,0.3090741066985631,0.15453705334928153,naive,AYACUCHO
2016-07-25,0.3090741066985631,0.15453705334928153,naive,AYACUCHO
2016-08-01,0.15453705334928153,0.30907410669856306,naive,AYACUCHO
2016-08-08,0.0,0.30907410669856306,naive,AYACUCHO
2016-08-15,0.0,0.30907410669856306,naive,AYACUCHO
2016-08-22,0.15453705334928153,0.30907410669856306,naive,AYACUCHO
2016-08-29,0.15453705334928153,0.15453705334928153,naive,AYACUCHO
2016-09-05,0.15453705334928153,0.15453705334928153,naive,AYACUCHO
2016-09-12,0.0,0.15453705334928153,naive,AYACUCHO
2016-09-19,0.0,0.15453705334928153,naive,AYACUCHO
2016-09-26,0.0,0.0,naive,AYACUCHO
2016-10-03,0.0,0.0,naive,AYACUCHO
2016-10-10,0.0,0.0,naive,AYACUCHO
2016-10-17,0.0,0.0,naive,AYACUCHO
2016-10-24,0.0,0.0,naive,AYACUCHO
2016-10-31,0.0,0.0,naive,AYACUCHO
2016-11-07,0.0,0.0,naive,AYACUCHO
2016-11-14,0.0,0.0,naive,AYACUCHO
2016-11-21,0.0,0.0,naive,AYACUCHO
2016-11-28,0.0,0.0,naive,AYACUCHO
2016-12-05,0.0,0.0,naive,AYACUCHO
2016-12-12,0.0,0.0,naive,AYACUCHO
2016-12-19,0.0,0.0,naive,AYACUCHO
2016-12-26,0.0,0.0,naive,AYACUCHO
2017-01-02,0.0,0.0,naive,AYACUCHO
2017-01-09,0.0,0.0,naive,AYACUCHO
2017-01-16,0.0,0.0,naive,AYACUCHO
2017-01-23,0.0,0.0,naive,AYACUCHO
2017-01-30,0.0,0.0,naive,AYACUCHO
2017-02-06,0.0,0.0,naive,AYACUCHO
2017-02-13,0.0,0.0,naive,AYACUCHO
2017-02-20,0.0,0.0,naive,AYACUCHO
2017-02-27,0.0,0.0,naive,AYACUCHO
2017-03-06,0.0,0.0,naive,AYACUCHO
2017-03-13,0.0,0.0,naive,AYACUCHO
2017-03-20,0.0,0.0,naive,AYACUCHO
2017-03-27,0.15362398992226625,0.0,naive,AYACUCHO
2017-04-03,0.15362398992226625,0.0,naive,AYACUCHO
2017-04-10,0.15362398992226625,0.15362398992226625,naive,AYACUCHO
2017-04-17,0.0,0.15362398992226625,naive,AYACUCHO
2017-04-24,0.0,0.15362398992226625,naive,AYACUCHO
2017-05-01,0.0,0.15362398992226625,naive,AYACUCHO
2017-05-08,0.0,0.0,naive,AYACUCHO
2017-05-15,0.0,0.0,naive,AYACUCHO
2017-05-22,0.0,0.0,naive,AYACUCHO
2017-05-29,0.0,0.0,naive,AYACUCHO
2017-06-05,0.0,0.0,naive,AYACUCHO
2017-06-12,0.15362398992226625,0.0,naive,AYACUCHO
2017-06-19,0.15362398992226625,0.0,naive,AYACUCHO
2017-06-26,0.15362398992226625,0.0,naive,AYACUCHO
2017-07-03,0.0,0.15362398992226625,naive,AYACUCHO
2017-07-10,0.0,0.15362398992226625,naive,AYACUCHO
2017-07-17,0.0,0.15362398992226625,naive,AYACUCHO
2017-07-24,0.0,0.15362398992226625,naive,AYACUCHO
2017-07-31,0.0,0.0,naive,AYACUCHO
2017-08-07,0.0,0.0,naive,AYACUCHO
2017-08-14,0.0,0.0,naive,AYACUCHO
2017-08-21,0.0,0.0,naive,AYACUCHO
2017-08-28,0.0,0.0,naive,AYACUCHO
2017-09-04,0.0,0.0,naive,AYACUCHO
2017-09-11,0.0,0.0,naive,AYACUCHO
2017-09-18,0.0,0.0,naive,AYACUCHO
2017-09-25,0.15362398992226625,0.0,naive,AYACUCHO
2017-10-02,0.15362398992226625,0.0,naive,AYACUCHO
2017-10-09,0.15362398992226625,0.0,naive,AYACUCHO
2017-10-16,0.0,0.0,naive,AYACUCHO
2017-10-23,0.0,0.0,naive,AYACUCHO
2017-10-30,0.15362398992226625,0.0,naive,AYACUCHO
2017-11-06,0.15362398992226625,0.0,naive,AYACUCHO
2017-11-13,0.15362398992226625,0.0,naive,AYACUCHO
2017-11-20,0.15362398992226625,0.15362398992226625,naive,AYACUCHO
2017-11-27,0.3072479798445325,0.15362398992226625,naive,AYACUCHO
2017-12-04,0.3072479798445325,0.15362398992226625,naive,AYACUCHO
2017-12-11,0.3072479798445325,0.15362398992226625,naive,AYACUCHO
2017-12-18,0.15362398992226625,0.3072479798445325,naive,AYACUCHO
2017-12-25,0.3072479798445325,0.3072479798445325,naive,AYACUCHO
2018-01-01,0.15362398992226625,0.3072479798445325,naive,AYACUCHO
2018-01-08,0.30632675246794344,0.3072479798445325,naive,AYACUCHO
2018-01-15,0.15270276254567716,0.3063267524679435,naive,AYACUCHO
2018-01-22,0.15270276254567716,0.3063267524679435,naive,AYACUCHO
2018-01-29,0.0,0.3063267524679435,naive,AYACUCHO
2018-02-05,0.0,0.3063267524679435,naive,AYACUCHO
2018-02-12,0.0,0.0,naive,AYACUCHO
2018-02-19,0.0,0.0,naive,AYACUCHO
2018-02-26,0.0,0.0,naive,AYACUCHO
2018-03-05,0.15270276254567716,0.0,naive,AYACUCHO
2018-03-12,0.15270276254567716,0.15270276254567716,naive,AYACUCHO
2018-03-19,0.15270276254567716,0.15270276254567716,naive,AYACUCHO
2018-03-26,0.0,0.15270276254567716,naive,AYACUCHO
2018-04-02,0.0,0.15270276254567716,naive,AYACUCHO
2018-04-09,0.0,0.0,naive,AYACUCHO
2018-04-16,0.0,0.0,naive,AYACUCHO
2018-04-23,0.0,0.0,naive,AYACUCHO
2018-04-30,0.0,0.0,naive,AYACUCHO
2018-05-07,0.0,0.0,naive,AYACUCHO
2018-05-14,0.0,0.0,naive,AYACUCHO
2018-05-21,0.0,0.0,naive,AYACUCHO
2018-05-28,0.3054055250913544,0.0,naive,AYACUCHO
2018-06-04,0.3054055250913544,0.3054055250913544,naive,AYACUCHO
2018-06-11,0.3054055250913544,0.3054055250913544,naive,AYACUCHO
2018-06-18,0.3054055250913544,0.3054055250913544,naive,AYACUCHO
2018-06-25,0.45810828763703154,0.3054055250913544,naive,AYACUCHO
2018-07-02,0.45810828763703154,0.4581082876370316,naive,AYACUCHO
2018-07-09,0.45810828763703154,0.4581082876370316,naive,AYACUCHO
2018-07-16,0.3054055250913544,0.4581082876370316,naive,AYACUCHO
2018-07-23,0.3054055250913544,0.4581082876370316,naive,AYACUCHO
2018-07-30,0.0,0.3054055250913544,naive,AYACUCHO
2018-08-06,0.0,0.3054055250913544,naive,AYACUCHO
2018-08-13,0.0,0.3054055250913544,naive,AYACUCHO
2018-08-20,0.0,0.3054055250913544,naive,AYACUCHO
2018-08-27,0.0,0.0,naive,AYACUCHO
2018-09-03,0.0,0.0,naive,AYACUCHO
2018-09-10,0.0,0.0,naive,AYACUCHO
2018-09-17,0.0,0.0,naive,AYACUCHO
2018-09-24,0.0,0.0,naive,AYACUCHO
2018-10-01,0.0,0.0,naive,AYACUCHO
2018-10-08,0.0,0.0,naive,AYACUCHO
2018-10-15,0.3054055250913544,0.0,naive,AYACUCHO
2018-10-22,0.3054055250913544,0.3054055250913544,naive,AYACUCHO
2018-10-29,0.3054055250913544,0.3054055250913544,naive,AYACUCHO
2018-11-05,0.0,0.3054055250913544,naive,AYACUCHO
2018-11-12,0.0,0.3054055250913544,naive,AYACUCHO
2018-11-19,0.0,0.0,naive,AYACUCHO
2018-11-26,0.0,0.0,naive,AYACUCHO
2018-12-03,0.0,0.0,naive,AYACUCHO
2018-12-10,0.0,0.0,naive,AYACUCHO
2018-12-17,0.0,0.0,naive,AYACUCHO
2018-12-24,0.0,0.0,naive,AYACUCHO
2018-12-31,0.0,0.0,naive,AYACUCHO
2019-01-07,0.0,0.0,naive,AYACUCHO
2019-01-14,0.0,0.0,naive,AYACUCHO
2019-01-21,0.0,0.0,naive,AYACUCHO
2019-01-28,0.0,0.0,naive,AYACUCHO
2019-02-04,0.0,0.0,naive,AYACUCHO
2019-02-11,0.0,0.0,naive,AYACUCHO
2019-02-18,0.0,0.0,naive,AYACUCHO
2019-02-25,0.0,0.0,naive,AYACUCHO
2019-03-04,0.0,0.0,naive,AYACUCHO
2019-03-11,0.0,0.0,naive,AYACUCHO
2019-03-18,0.0,0.0,naive,AYACUCHO
2019-03-25,0.0,0.0,naive,AYACUCHO
2019-04-01,0.0,0.0,naive,AYACUCHO
2019-04-08,0.0,0.0,naive,AYACUCHO
2019-04-15,0.0,0.0,naive,AYACUCHO
2019-04-22,0.0,0.0,naive,AYACUCHO
2019-04-29,0.0,0.0,naive,AYACUCHO
2019-05-06,0.0,0.0,naive,AYACUCHO
2019-05-13,0.0,0.0,naive,AYACUCHO
2019-05-20,0.0,0.0,naive,AYACUCHO
2019-05-27,0.0,0.0,naive,AYACUCHO
2019-06-03,0.15179228743387543,0.0,naive,AYACUCHO
2019-06-10,0.15179228743387543,0.0,naive,AYACUCHO
2019-06-17,0.15179228743387543,0.0,naive,AYACUCHO
2019-06-24,0.0,0.0,naive,AYACUCHO
2019-07-01,0.0,0.0,naive,AYACUCHO
2019-07-08,0.15179228743387543,0.0,naive,AYACUCHO
2019-07-15,0.15179228743387543,0.0,naive,AYACUCHO
2019-07-22,0.15179228743387543,0.0,naive,AYACUCHO
2019-07-29,0.0,0.1517922874338754,naive,AYACUCHO
2019-08-05,0.0,0.1517922874338754,naive,AYACUCHO
2019-08-12,0.0,0.1517922874338754,naive,AYACUCHO
2019-08-19,0.0,0.1517922874338754,naive,AYACUCHO
2019-08-26,0.0,0.0,naive,AYACUCHO
2019-09-02,0.0,0.0,naive,AYACUCHO
2019-09-09,0.3035845748677509,0.0,naive,AYACUCHO
2019-09-16,0.3035845748677509,0.0,naive,AYACUCHO
2019-09-23,0.3035845748677509,0.30358457486775087,naive,AYACUCHO
2019-09-30,0.0,0.30358457486775087,naive,AYACUCHO
2019-10-07,0.0,0.30358457486775087,naive,AYACUCHO
2019-10-14,0.15179228743387543,0.30358457486775087,naive,AYACUCHO
2019-10-21,0.15179228743387543,0.1517922874338754,naive,AYACUCHO
2019-10-28,0.15179228743387543,0.1517922874338754,naive,AYACUCHO
2019-11-04,0.0,0.1517922874338754,naive,AYACUCHO
2019-11-11,0.0,0.1517922874338754,naive,AYACUCHO
2019-11-18,0.0,0.0,naive,AYACUCHO
2019-11-25,0.15179228743387543,0.0,naive,AYACUCHO
2019-12-02,0.15179228743387543,0.0,naive,AYACUCHO
2019-12-09,0.15179228743387543,0.0,naive,AYACUCHO
2019-12-16,0.0,0.1517922874338754,naive,AYACUCHO
2019-12-23,0.0,0.1517922874338754,naive,AYACUCHO
2019-12-30,0.0,0.1517922874338754,naive,AYACUCHO
2020-01-06,0.15089260520609662,0.1517922874338754,naive,AYACUCHO
2020-01-13,0.15089260520609662,0.15089260520609662,naive,AYACUCHO
2020-01-20,0.15089260520609662,0.15089260520609662,naive,AYACUCHO
2020-01-27,0.0,0.15089260520609662,naive,AYACUCHO
2020-02-03,0.0,0.15089260520609662,naive,AYACUCHO
2020-02-10,0.15089260520609662,0.0,naive,AYACUCHO
2020-02-17,0.15089260520609662,0.0,naive,AYACUCHO
2020-02-24,0.15089260520609662,0.0,naive,AYACUCHO
2020-03-02,0.0,0.0,naive,AYACUCHO
2020-03-09,0.0,0.0,naive,AYACUCHO
2020-03-16,0.0,0.0,naive,AYACUCHO
2020-03-23,0.15089260520609662,0.0,naive,AYACUCHO
2020-03-30,0.15089260520609662,0.0,naive,AYACUCHO
2020-04-06,0.15089260520609662,0.15089260520609662,naive,AYACUCHO
2020-04-13,0.0,0.15089260520609662,naive,AYACUCHO
2020-04-20,0.0,0.15089260520609662,naive,AYACUCHO
2020-04-27,0.0,0.15089260520609662,naive,AYACUCHO
2020-05-04,0.0,0.0,naive,AYACUCHO
2020-05-11,0.0,0.0,naive,AYACUCHO
2020-05-18,0.0,0.0,naive,AYACUCHO
2020-05-25,0.0,0.0,naive,AYACUCHO
2020-06-01,0.0,0.0,naive,AYACUCHO
2020-06-08,0.0,0.0,naive,AYACUCHO
2020-06-15,0.0,0.0,naive,AYACUCHO
2020-06-22,0.0,0.0,naive,AYACUCHO
2020-06-29,0.0,0.0,naive,AYACUCHO
2020-07-06,0.0,0.0,naive,AYACUCHO
2020-07-13,0.0,0.0,naive,AYACUCHO
2020-07-20,0.0,0.0,naive,AYACUCHO
2020-07-27,0.0,0.0,naive,AYACUCHO
2020-08-03,0.0,0.0,naive,AYACUCHO
2020-08-10,0.0,0.0,naive,AYACUCHO
2020-08-17,0.0,0.0,naive,AYACUCHO
2020-08-24,0.0,0.0,naive,AYACUCHO
2020-08-31,0.0,0.0,naive,AYACUCHO
2020-09-07,0.0,0.0,naive,AYACUCHO
2020-09-14,0.0,0.0,naive,AYACUCHO
2020-09-21,0.0,0.0,naive,AYACUCHO
2020-09-28,0.0,0.0,naive,AYACUCHO
2020-10-05,0.0,0.0,naive,AYACUCHO
2020-10-12,0.0,0.0,naive,AYACUCHO
2020-10-19,0.0,0.0,naive,AYACUCHO
2020-10-26,0.0,0.0,naive,AYACUCHO
2020-11-02,0.0,0.0,naive,AYACUCHO
2020-11-09,0.0,0.0,naive,AYACUCHO
2020-11-16,0.0,0.0,naive,AYACUCHO
2020-11-23,0.0,0.0,naive,AYACUCHO
2020-11-30,0.0,0.0,naive,AYACUCHO
2020-12-07,0.0,0.0,naive,AYACUCHO
2020-12-14,0.0,0.0,naive,AYACUCHO
2020-12-21,0.0,0.0,naive,AYACUCHO
2020-12-28,0.0,0.0,naive,AYACUCHO
2021-01-04,0.0,0.0,naive,AYACUCHO
2021-01-11,0.0,0.0,naive,AYACUCHO
2021-01-18,0.0,0.0,naive,AYACUCHO
2021-01-25,0.0,0.0,naive,AYACUCHO
2021-02-01,0.0,0.0,naive,AYACUCHO
2021-02-08,0.0,0.0,naive,AYACUCHO
2021-02-15,0.0,0.0,naive,AYACUCHO
2021-02-22,0.0,0.0,naive,AYACUCHO
2021-03-01,0.0,0.0,naive,AYACUCHO
2021-03-08,0.1500035250828394,0.0,naive,AYACUCHO
2021-03-15,0.3000070501656788,0.0,naive,AYACUCHO
2021-03-22,0.3000070501656788,0.0,naive,AYACUCHO
2021-03-29,0.1500035250828394,0.0,naive,AYACUCHO
2021-04-05,0.0,0.1500035250828394,naive,AYACUCHO
2021-04-12,0.0,0.1500035250828394,naive,AYACUCHO
2021-04-19,0.0,0.1500035250828394,naive,AYACUCHO
2021-04-26,0.0,0.1500035250828394,naive,AYACUCHO
2021-05-03,0.0,0.0,naive,AYACUCHO
2021-05-10,0.0,0.0,naive,AYACUCHO
2021-05-17,0.0,0.0,naive,AYACUCHO
2021-05-24,0.1500035250828394,0.0,naive,AYACUCHO
2021-05-31,0.1500035250828394,0.1500035250828394,naive,AYACUCHO
2021-06-07,0.1500035250828394,0.1500035250828394,naive,AYACUCHO
2021-06-14,0.0,0.1500035250828394,naive,AYACUCHO
2021-06-21,0.0,0.1500035250828394,naive,AYACUCHO
2021-06-28,0.0,0.0,naive,AYACUCHO
2021-07-05,0.0,0.0,naive,AYACUCHO
2021-07-12,0.0,0.0,naive,AYACUCHO
2021-07-19,0.0,0.0,naive,AYACUCHO
2021-07-26,0.0,0.0,naive,AYACUCHO
2021-08-02,0.0,0.0,naive,AYACUCHO
2021-08-09,0.0,0.0,naive,AYACUCHO
2021-08-16,0.0,0.0,naive,AYACUCHO
2021-08-23,0.0,0.0,naive,AYACUCHO
2021-08-30,0.0,0.0,naive,AYACUCHO
2021-09-06,0.0,0.0,naive,AYACUCHO
2021-09-13,0.0,0.0,naive,AYACUCHO
2021-09-20,0.0,0.0,naive,AYACUCHO
2021-09-27,0.1500035250828394,0.0,naive,AYACUCHO
2021-10-04,0.1500035250828394,0.0,naive,AYACUCHO
2021-10-11,0.45001057524851823,0.0,naive,AYACUCHO
2021-10-18,0.3000070501656788,0.45001057524851823,naive,AYACUCHO
2021-10-25,0.3000070501656788,0.45001057524851823,naive,AYACUCHO
2021-11-01,0.0,0.45001057524851823,naive,AYACUCHO
2021-11-08,0.1500035250828394,0.45001057524851823,naive,AYACUCHO
2021-11-15,0.1500035250828394,0.1500035250828394,naive,AYACUCHO
2021-11-22,0.1500035250828394,0.1500035250828394,naive,AYACUCHO
2021-11-29,0.0,0.1500035250828394,naive,AYACUCHO
2021-12-06,0.0,0.1500035250828394,naive,AYACUCHO
2021-12-13,0.0,0.0,naive,AYACUCHO
2021-12-20,0.0,0.0,naive,AYACUCHO
2021-12-27,0.0,0.0,naive,AYACUCHO
2022-01-03,0.0,0.0,naive,AYACUCHO
2022-01-10,0.0,0.0,naive,AYACUCHO
2022-01-17,0.0,0.0,naive,AYACUCHO
2022-01-24,0.0,0.0,naive,AYACUCHO
2022-01-31,0.0,0.0,naive,AYACUCHO
2022-02-07,0.0,0.0,naive,AYACUCHO
2022-02-14,0.0,0.0,naive,AYACUCHO
2022-02-21,0.0,0.0,naive,AYACUCHO
2022-02-28,0.0,0.0,naive,AYACUCHO
2022-03-07,0.0,0.0,naive,AYACUCHO
2022-03-14,0.0,0.0,naive,AYACUCHO
2022-03-21,0.0,0.0,naive,AYACUCHO
2022-03-28,0.0,0.0,naive,AYACUCHO
2022-04-04,0.0,0.0,naive,AYACUCHO
2022-04-11,0.0,0.0,naive,AYACUCHO
2022-04-18,0.0,0.0,naive,AYACUCHO
2022-04-25,0.14912486075466122,0.0,naive,AYACUCHO
2022-05-02,0.14912486075466122,0.14912486075466125,naive,AYACUCHO
2022-05-09,0.14912486075466122,0.14912486075466125,naive,AYACUCHO
2022-05-16,0.14912486075466122,0.14912486075466125,naive,AYACUCHO
2022-05-23,0.14912486075466122,0.14912486075466125,naive,AYACUCHO
2022-05-30,0.14912486075466122,0.14912486075466125,naive,AYACUCHO
2022-06-06,0.0,0.14912486075466125,naive,AYACUCHO
2022-06-13,0.0,0.14912486075466125,naive,AYACUCHO
2022-06-20,0.0,0.14912486075466125,naive,AYACUCHO
2022-06-27,0.0,0.0,naive,AYACUCHO
2022-07-04,0.14912486075466122,0.0,naive,AYACUCHO
2022-07-11,0.14912486075466122,0.0,naive,AYACUCHO
2022-07-18,0.14912486075466122,0.0,naive,AYACUCHO
2022-07-25,0.0,0.14912486075466125,naive,AYACUCHO
2022-08-01,0.0,0.14912486075466125,naive,AYACUCHO
2022-08-08,0.14912486075466122,0.14912486075466125,naive,AYACUCHO
2022-08-15,0.14912486075466122,0.14912486075466125,naive,AYACUCHO
2022-08-22,0.14912486075466122,0.14912486075466125,naive,AYACUCHO
2022-08-29,0.0,0.14912486075466125,naive,AYACUCHO
2022-09-05,0.0,0.14912486075466125,naive,AYACUCHO
2022-09-12,0.0,0.14912486075466125,naive,AYACUCHO
2022-09-19,0.0,0.0,naive,AYACUCHO
2022-09-26,0.0,0.0,naive,AYACUCHO
2022-10-03,0.0,0.0,naive,AYACUCHO
2022-10-10,0.0,0.0,naive,AYACUCHO
2022-10-17,0.0,0.0,naive,AYACUCHO
2022-10-24,0.0,0.0,naive,AYACUCHO
2022-10-31,0.0,0.0,naive,AYACUCHO
2022-11-07,0.0,0.0,naive,AYACUCHO
2022-11-14,0.0,0.0,naive,AYACUCHO
2022-11-21,0.0,0.0,naive,AYACUCHO
2022-11-28,0.0,0.0,naive,AYACUCHO
2022-12-05,0.0,0.0,naive,AYACUCHO
2010-12-27,0.3205004935707601,0.0,seasonal_naive,AYACUCHO
2011-01-03,0.3205004935707601,0.0,seasonal_naive,AYACUCHO
2011-01-10,0.16025024678538005,0.0,seasonal_naive,AYACUCHO
2011-01-17,0.0,0.0,seasonal_naive,AYACUCHO
2011-01-24,0.0,0.0,seasonal_naive,AYACUCHO
2011-01-31,0.0,0.0,seasonal_naive,AYACUCHO
2011-02-07,0.0,0.0,seasonal_naive,AYACUCHO
2011-02-14,0.0,0.0,seasonal_naive,AYACUCHO
2011-02-21,0.0,0.0,seasonal_naive,AYACUCHO
2011-02-28,0.0,0.0,seasonal_naive,AYACUCHO
2011-03-07,0.0,0.0,seasonal_naive,AYACUCHO
2011-03-14,0.0,0.0,seasonal_naive,AYACUCHO
2011-03-21,0.0,0.0,seasonal_naive,AYACUCHO
2011-03-28,0.0,0.0,seasonal_naive,AYACUCHO
2011-04-04,0.0,0.16025024678538005,seasonal_naive,AYACUCHO
2011-04-11,0.0,0.16025024678538005,seasonal_naive,AYACUCHO
2011-04-18,0.0,0.16025024678538005,seasonal_naive,AYACUCHO
2011-04-25,0.15926889207780603,0.0,seasonal_naive,AYACUCHO
2011-05-02,0.15926889207780603,0.0,seasonal_naive,AYACUCHO
2011-05-09,0.31853778415561207,0.0,seasonal_naive,AYACUCHO
2011-05-16,0.15926889207780603,0.0,seasonal_naive,AYACUCHO
2011-05-23,0.15926889207780603,0.3127912868859125,seasonal_naive,AYACUCHO
2011-05-30,0.15926889207780603,0.3127912868859125,seasonal_naive,AYACUCHO
2011-06-06,0.15926889207780603,0.3127912868859125,seasonal_naive,AYACUCHO
2011-06-13,0.15926889207780603,0.0,seasonal_naive,AYACUCHO
2011-06-20,0.0,0.0,seasonal_naive,AYACUCHO
2011-06-27,0.15926889207780603,0.0,seasonal_naive,AYACUCHO
2011-07-04,0.31853778415561207,0.16025024678538005,seasonal_naive,AYACUCHO
2011-07-11,0.31853778415561207,0.16025024678538005,seasonal_naive,AYACUCHO
2011-07-18,0.15926889207780603,0.16025024678538005,seasonal_naive,AYACUCHO
2011-07-25,0.0,0.0,seasonal_naive,AYACUCHO
2011-08-01,0.15926889207780603,0.16025024678538005,seasonal_naive,AYACUCHO
2011-08-08,0.15926889207780603,0.16025024678538005,seasonal_naive,AYACUCHO
2011-08-15,0.15926889207780603,0.16025024678538005,seasonal_naive,AYACUCHO
2011-08-22,0.0,0.0,seasonal_naive,AYACUCHO
2011-08-29,0.15926889207780603,0.0,seasonal_naive,AYACUCHO
2011-09-05,0.31853778415561207,0.0,seasonal_naive,AYACUCHO
2011-09-12,0.31853778415561207,0.0,seasonal_naive,AYACUCHO
2011-09-19,0.15926889207780603,0.0,seasonal_naive,AYACUCHO
2011-09-26,0.0,0.0,seasonal_naive,AYACUCHO
2011-10-03,0.0,0.0,seasonal_naive,AYACUCHO
2011-10-10,0.15926889207780603,0.0,seasonal_naive,AYACUCHO
2011-10-17,0.15926889207780603,0.0,seasonal_naive,AYACUCHO
2011-10-24,0.15926889207780603,0.0,seasonal_naive,AYACUCHO
2011-10-31,0.15926889207780603,0.0,seasonal_naive,AYACUCHO
2011-11-07,0.31853778415561207,0.16025024678538005,seasonal_naive,AYACUCHO
2011-11-14,0.31853778415561207,0.16025024678538005,seasonal_naive,AYACUCHO
2011-11-21,0.15926889207780603,0.16025024678538005,seasonal_naive,AYACUCHO
2011-11-28,0.0,0.0,seasonal_naive,AYACUCHO
2011-12-05,0.0,0.0,seasonal_naive,AYACUCHO
2011-12-12,0.15926889207780603,0.0,seasonal_naive,AYACUCHO
2011-12-19,0.15926889207780603,0.16025024678538005,seasonal_naive,AYACUCHO
2011-12-26,0.15926889207780603,0.3205004935707601,seasonal_naive,AYACUCHO
2012-01-02,0.0,0.3205004935707601,seasonal_naive,AYACUCHO
2012-01-09,0.0,0.16025024678538005,seasonal_naive,AYACUCHO
2012-01-16,0.1582994836270844,0.0,seasonal_naive,AYACUCHO
2012-01-23,0.1582994836270844,0.0,seasonal_naive,AYACUCHO
2012-01-30,0.1582994836270844,0.0,seasonal_naive,AYACUCHO
2012-02-06,0.0,0.0,seasonal_naive,AYACUCHO
2012-02-13,0.0,0.0,seasonal_naive,AYACUCHO
2012-02-20,0.0,0.0,seasonal_naive,AYACUCHO
2012-02-27,0.0,0.0,seasonal_naive,AYACUCHO
2012-03-05,0.0,0.0,seasonal_naive,AYACUCHO
2012-03-12,0.0,0.0,seasonal_naive,AYACUCHO
2012-03-19,0.0,0.0,seasonal_naive,AYACUCHO
2012-03-26,0.0,0.0,seasonal_naive,AYACUCHO
2012-04-02,0.1582994836270844,0.0,seasonal_naive,AYACUCHO
2012-04-09,0.1582994836270844,0.0,seasonal_naive,AYACUCHO
2012-04-16,0.1582994836270844,0.0,seasonal_naive,AYACUCHO
2012-04-23,0.1582994836270844,0.15926889207780603,seasonal_naive,AYACUCHO
2012-04-30,0.1582994836270844,0.15926889207780603,seasonal_naive,AYACUCHO
2012-05-07,0.1582994836270844,0.31853778415561207,seasonal_naive,AYACUCHO
2012-05-14,0.0,0.15926889207780603,seasonal_naive,AYACUCHO
2012-05-21,0.1582994836270844,0.15926889207780603,seasonal_naive,AYACUCHO
2012-05-28,0.1582994836270844,0.15926889207780603,seasonal_naive,AYACUCHO
2012-06-04,0.3165989672541688,0.15926889207780603,seasonal_naive,AYACUCHO
2012-06-11,0.1582994836270844,0.15926889207780603,seasonal_naive,AYACUCHO
2012-06-18,0.3165989672541688,0.0,seasonal_naive,AYACUCHO
2012-06-25,0.1582994836270844,0.15926889207780603,seasonal_naive,AYACUCHO
2012-07-02,0.1582994836270844,0.31853778415561207,seasonal_naive,AYACUCHO
2012-07-09,0.0,0.31853778415561207,seasonal_naive,AYACUCHO
2012-07-16,0.0,0.15926889207780603,seasonal_naive,AYACUCHO
2012-07-23,0.1582994836270844,0.0,seasonal_naive,AYACUCHO
2012-07-30,0.1582994836270844,0.15926889207780603,seasonal_naive,AYACUCHO
2012-08-06,0.1582994836270844,0.15926889207780603,seasonal_naive,AYACUCHO
2012-08-13,0.0,0.15926889207780603,seasonal_naive,AYACUCHO
2012-08-20,0.1582994836270844,0.0,seasonal_naive,AYACUCHO
2012-08-27,0.1582994836270844,0.15926889207780603,seasonal_naive,AYACUCHO
2012-09-03,0.1582994836270844,0.31853778415561207,seasonal_naive,AYACUCHO
2012-09-10,0.0,0.31853778415561207,seasonal_naive,AYACUCHO
2012-09-17,0.0,0.15926889207780603,seasonal_naive,AYACUCHO
2012-09-24,0.0,0.0,seasonal_naive,AYACUCHO
2012-10-01,0.0,0.0,seasonal_naive,AYACUCHO
2012-10-08,0.0,0.15926889207780603,seasonal_naive,AYACUCHO
2012-10-15,0.3127912868859125,0.15926889207780603,seasonal_naive,AYACUCHO
2012-10-22,0.3127912868859125,0.15926889207780603,seasonal_naive,AYACUCHO
2012-10-29,0.3127912868859125,0.15926889207780603,seasonal_naive,AYACUCHO
2012-11-05,0.0,0.31853778415561207,seasonal_naive,AYACUCHO
2012-11-12,0.1582994836270844,0.31853778415561207,seasonal_naive,AYACUCHO
2012-11-19,0.1582994836270844,0.15926889207780603,seasonal_naive,AYACUCHO
2012-11-26,0.1582994836270844,0.0,seasonal_naive,AYACUCHO
2012-12-03,0.0,0.0,seasonal_naive,AYACUCHO
2012-12-10,0.0,0.15926889207780603,seasonal_naive,AYACUCHO
2012-12-17,0.0,0.15926889207780603,seasonal_naive,AYACUCHO
2012-12-24,0.0,0.15926889207780603,seasonal_naive,AYACUCHO
2012-12-31,0.0,0.0,seasonal_naive,AYACUCHO
2013-01-07,0.0,0.0,seasonal_naive,AYACUCHO
2013-01-14,0.15734180461609387,0.15829948362708443,seasonal_naive,AYACUCHO
2013-01-21,0.15734180461609387,0.15829948362708443,seasonal_naive,AYACUCHO
2013-01-28,0.31468360923218774,0.15829948362708443,seasonal_naive,AYACUCHO
2013-02-04,0.15734180461609387,0.0,seasonal_naive,AYACUCHO
2013-02-11,0.31468360923218774,0.0,seasonal_naive,AYACUCHO
2013-02-18,0.15734180461609387,0.0,seasonal_naive,AYACUCHO
2013-02-25,0.15734180461609387,0.0,seasonal_naive,AYACUCHO
2013-03-04,0.0,0.0,seasonal_naive,AYACUCHO
2013-03-11,0.0,0.0,seasonal_naive,AYACUCHO
2013-03-18,0.0,0.0,seasonal_naive,AYACUCHO
2013-03-25,0.0,0.0,seasonal_naive,AYACUCHO
2013-04-01,0.0,0.15829948362708443,seasonal_naive,AYACUCHO
2013-04-08,0.0,0.15829948362708443,seasonal_naive,AYACUCHO
2013-04-15,0.0,0.15829948362708443,seasonal_naive,AYACUCHO
2013-04-22,0.0,0.15829948362708443,seasonal_naive,AYACUCHO
2013-04-29,0.0,0.15829948362708443,seasonal_naive,AYACUCHO
2013-05-06,0.0,0.15829948362708443,seasonal_naive,AYACUCHO
2013-05-13,0.0,0.0,seasonal_naive,AYACUCHO
2013-05-20,0.0,0.15829948362708443,seasonal_naive,AYACUCHO
2013-05-27,0.0,0.15829948362708443,seasonal_naive,AYACUCHO
2013-06-03,0.0,0.3165989672541688,seasonal_naive,AYACUCHO
2013-06-10,0.15734180461609387,0.15829948362708443,seasonal_naive,AYACUCHO
2013-06-17,0.31468360923218774,0.3165989672541688,seasonal_naive,AYACUCHO
2013-06-24,0.31468360923218774,0.15829948362708443,seasonal_naive,AYACUCHO
2013-07-01,0.31468360923218774,0.15829948362708443,seasonal_naive,AYACUCHO
2013-07-08,0.15734180461609387,0.0,seasonal_naive,AYACUCHO
2013-07-15,0.31468360923218774,0.0,seasonal_naive,AYACUCHO
2013-07-22,0.15734180461609387,0.15829948362708443,seasonal_naive,AYACUCHO
2013-07-29,0.15734180461609387,0.15829948362708443,seasonal_naive,AYACUCHO
2013-08-05,0.3127912868859125,0.15829948362708443,seasonal_naive,AYACUCHO
2013-08-12,0.4701330915020064,0.0,seasonal_naive,AYACUCHO
2013-08-19,0.4701330915020064,0.15829948362708443,seasonal_naive,AYACUCHO
2013-08-26,0.31468360923218774,0.15829948362708443,seasonal_naive,AYACUCHO
2013-09-02,0.15734180461609387,0.15829948362708443,seasonal_naive,AYACUCHO
2013-09-09,0.15734180461609387,0.0,seasonal_naive,AYACUCHO
2013-09-16,0.0,0.0,seasonal_naive,AYACUCHO
2013-09-23,0.0,0.0,seasonal_naive,AYACUCHO
2013-09-30,0.0,0.0,seasonal_naive,AYACUCHO
2013-10-07,0.0,0.0,seasonal_naive,AYACUCHO
2013-10-14,0.0,0.3127912868859125,seasonal_naive,AYACUCHO
2013-10-21,0.0,0.3127912868859125,seasonal_naive,AYACUCHO
2013-10-28,0.0,0.3127912868859125,seasonal_naive,AYACUCHO
2013-11-04,0.0,0.0,seasonal_naive,AYACUCHO
2013-11-11,0.0,0.15829948362708443,seasonal_naive,AYACUCHO
2013-11-18,0.0,0.15829948362708443,seasonal_naive,AYACUCHO
2013-11-25,0.0,0.15829948362708443,seasonal_naive,AYACUCHO
2013-12-02,0.0,0.0,seasonal_naive,AYACUCHO
2013-12-09,0.0,0.0,seasonal_naive,AYACUCHO
2013-12-16,0.0,0.0,seasonal_naive,AYACUCHO
2013-12-23,0.0,0.0,seasonal_naive,AYACUCHO
2013-12-30,0.0,0.0,seasonal_naive,AYACUCHO
2014-01-06,0.0,0.0,seasonal_naive,AYACUCHO
2014-01-13,0.15639564344295626,0.15734180461609387,seasonal_naive,AYACUCHO
2014-01-20,0.3127912868859125,0.15734180461609387,seasonal_naive,AYACUCHO
2014-01-27,0.3127912868859125,0.3146836092321877,seasonal_naive,AYACUCHO
2014-02-03,0.15639564344295626,0.15734180461609387,seasonal_naive,AYACUCHO
2014-02-10,0.15639564344295626,0.3146836092321877,seasonal_naive,AYACUCHO
2014-02-17,0.15639564344295626,0.15734180461609387,seasonal_naive,AYACUCHO
2014-02-24,0.3127912868859125,0.15734180461609387,seasonal_naive,AYACUCHO
2014-03-03,0.15639564344295626,0.0,seasonal_naive,AYACUCHO
2014-03-10,0.15639564344295626,0.0,seasonal_naive,AYACUCHO
2014-03-17,0.0,0.0,seasonal_naive,AYACUCHO
2014-03-24,0.0,0.0,seasonal_naive,AYACUCHO
2014-03-31,0.3127912868859125,0.0,seasonal_naive,AYACUCHO
2014-04-07,0.3127912868859125,0.0,seasonal_naive,AYACUCHO
2014-04-14,0.625582573771825,0.0,seasonal_naive,AYACUCHO
2014-04-21,0.3127912868859125,0.0,seasonal_naive,AYACUCHO
2014-04-28,0.3127912868859125,0.0,seasonal_naive,AYACUCHO
2014-05-05,0.0,0.0,seasonal_naive,AYACUCHO
2014-05-12,0.0,0.0,seasonal_naive,AYACUCHO
2014-05-19,0.15639564344295626,0.0,seasonal_naive,AYACUCHO
2014-05-26,0.3127912868859125,0.0,seasonal_naive,AYACUCHO
2014-06-02,0.3127912868859125,0.0,seasonal_naive,AYACUCHO
2014-06-09,0.46918693032886877,0.15734180461609387,seasonal_naive,AYACUCHO
2014-06-16,0.46918693032886877,0.3146836092321877,seasonal_naive,AYACUCHO
2014-06-23,0.46918693032886877,0.3146836092321877,seasonal_naive,AYACUCHO
2014-06-30,0.15639564344295623,0.3146836092321877,seasonal_naive,AYACUCHO
2014-07-07,0.15639564344295623,0.15734180461609387,seasonal_naive,AYACUCHO
2014-07-14,0.15639564344295623,0.3146836092321877,seasonal_naive,AYACUCHO
2014-07-21,0.4691869303288687,0.15734180461609387,seasonal_naive,AYACUCHO
2014-07-28,0.46918693032886877,0.15734180461609387,seasonal_naive,AYACUCHO
2014-08-04,0.46918693032886877,0.3127912868859125,seasonal_naive,AYACUCHO
2014-08-11,0.15639564344295623,0.47013309150200633,seasonal_naive,AYACUCHO
2014-08-18,0.0,0.47013309150200633,seasonal_naive,AYACUCHO
2014-08-25,0.0,0.3146836092321877,seasonal_naive,AYACUCHO
2014-09-01,0.0,0.15734180461609387,seasonal_naive,AYACUCHO
2014-09-08,0.0,0.15734180461609387,seasonal_naive,AYACUCHO
2014-09-15,0.15639564344295623,0.0,seasonal_naive,AYACUCHO
2014-09-22,0.15639564344295623,0.0,seasonal_naive,AYACUCHO
2014-09-29,0.15639564344295623,0.0,seasonal_naive,AYACUCHO
2014-10-06,0.0,0.0,seasonal_naive,AYACUCHO
2014-10-13,0.15639564344295623,0.0,seasonal_naive,AYACUCHO
2014-10-20,0.15639564344295623,0.0,seasonal_naive,AYACUCHO
2014-10-27,0.15639564344295623,0.0,seasonal_naive,AYACUCHO
2014-11-03,0.0,0.0,seasonal_naive,AYACUCHO
2014-11-10,0.0,0.0,seasonal_naive,AYACUCHO
2014-11-17,0.0,0.0,seasonal_naive,AYACUCHO
2014-11-24,0.0,0.0,seasonal_naive,AYACUCHO
2014-12-01,0.0,0.0,seasonal_naive,AYACUCHO
2014-12-08,0.0,0.0,seasonal_naive,AYACUCHO
2014-12-15,0.15639564344295623,0.0,seasonal_naive,AYACUCHO
2014-12-22,0.15639564344295623,0.0,seasonal_naive,AYACUCHO
2014-12-29,0.31279128688591246,0.0,seasonal_naive,AYACUCHO
2015-01-05,0.15639564344295623,0.0,seasonal_naive,AYACUCHO
2015-01-12,0.15639564344295623,0.15639564344295626,seasonal_naive,AYACUCHO
2015-01-19,0.0,0.3127912868859125,seasonal_naive,AYACUCHO
2015-01-26,0.0,0.3127912868859125,seasonal_naive,AYACUCHO
2015-02-02,0.0,0.15639564344295626,seasonal_naive,AYACUCHO
2015-02-09,0.15546079356516682,0.15639564344295626,seasonal_naive,AYACUCHO
2015-02-16,0.15546079356516682,0.15639564344295626,seasonal_naive,AYACUCHO
2015-02-23,0.15546079356516682,0.3127912868859125,seasonal_naive,AYACUCHO
2015-03-02,0.0,0.15639564344295626,seasonal_naive,AYACUCHO
2015-03-09,0.0,0.15639564344295626,seasonal_naive,AYACUCHO
2015-03-16,0.0,0.0,seasonal_naive,AYACUCHO
2015-03-23,0.15546079356516682,0.0,seasonal_naive,AYACUCHO
2015-03-30,0.15546079356516682,0.3127912868859125,seasonal_naive,AYACUCHO
2015-04-06,0.15546079356516682,0.3127912868859125,seasonal_naive,AYACUCHO
2015-04-13,0.15546079356516682,0.625582573771825,seasonal_naive,AYACUCHO
2015-04-20,0.15546079356516682,0.3127912868859125,seasonal_naive,AYACUCHO
2015-04-27,0.15546079356516682,0.3127912868859125,seasonal_naive,AYACUCHO
2015-05-04,0.0,0.0,seasonal_naive,AYACUCHO
2015-05-11,0.0,0.0,seasonal_naive,AYACUCHO
2015-05-18,0.15546079356516682,0.15639564344295626,seasonal_naive,AYACUCHO
2015-05-25,0.15546079356516682,0.3127912868859125,seasonal_naive,AYACUCHO
2015-06-01,0.15546079356516682,0.3127912868859125,seasonal_naive,AYACUCHO
2015-06-08,0.0,0.4691869303288687,seasonal_naive,AYACUCHO
2015-06-15,0.0,0.4691869303288687,seasonal_naive,AYACUCHO
2015-06-22,0.15546079356516682,0.4691869303288687,seasonal_naive,AYACUCHO
2015-06-29,0.15546079356516682,0.15639564344295623,seasonal_naive,AYACUCHO
2015-07-06,0.15546079356516682,0.15639564344295623,seasonal_naive,AYACUCHO
2015-07-13,0.0,0.15639564344295623,seasonal_naive,AYACUCHO
2015-07-20,0.0,0.46918693032886866,seasonal_naive,AYACUCHO
2015-07-27,0.0,0.4691869303288687,seasonal_naive,AYACUCHO
2015-08-03,0.0,0.4691869303288687,seasonal_naive,AYACUCHO
2015-08-10,0.0,0.15639564344295623,seasonal_naive,AYACUCHO
2015-08-17,0.0,0.0,seasonal_naive,AYACUCHO
2015-08-24,0.0,0.0,seasonal_naive,AYACUCHO
2015-08-31,0.15546079356516682,0.0,seasonal_naive,AYACUCHO
2015-09-07,0.15546079356516682,0.0,seasonal_naive,AYACUCHO
2015-09-14,0.15546079356516682,0.15639564344295623,seasonal_naive,AYACUCHO
2015-09-21,0.0,0.15639564344295623,seasonal_naive,AYACUCHO
2015-09-28,0.0,0.15639564344295623,seasonal_naive,AYACUCHO
2015-10-05,0.0,0.0,seasonal_naive,AYACUCHO
2015-10-12,0.0,0.15639564344295623,seasonal_naive,AYACUCHO
2015-10-19,0.0,0.15639564344295623,seasonal_naive,AYACUCHO
2015-10-26,0.0,0.15639564344295623,seasonal_naive,AYACUCHO
2015-11-02,0.0,0.0,seasonal_naive,AYACUCHO
2015-11-09,0.0,0.0,seasonal_naive,AYACUCHO
2015-11-16,0.0,0.0,seasonal_naive,AYACUCHO
2015-11-23,0.0,0.0,seasonal_naive,AYACUCHO
2015-11-30,0.0,0.0,seasonal_naive,AYACUCHO
2015-12-07,0.0,0.0,seasonal_naive,AYACUCHO
2015-12-14,0.0,0.15639564344295623,seasonal_naive,AYACUCHO
2015-12-21,0.0,0.15639564344295623,seasonal_naive,AYACUCHO
2015-12-28,0.0,0.3127912868859125,seasonal_naive,AYACUCHO
2016-01-04,0.0,0.15639564344295623,seasonal_naive,AYACUCHO
2016-01-11,0.0,0.15639564344295623,seasonal_naive,AYACUCHO
2016-01-18,0.0,0.0,seasonal_naive,AYACUCHO
2016-01-25,0.15453705334928153,0.0,seasonal_naive,AYACUCHO
2016-02-01,0.15453705334928153,0.0,seasonal_naive,AYACUCHO
2016-02-08,0.15453705334928153,0.15546079356516684,seasonal_naive,AYACUCHO
2016-02-15,0.0,0.15546079356516684,seasonal_naive,AYACUCHO
2016-02-22,0.15453705334928153,0.15546079356516684,seasonal_naive,AYACUCHO
2016-02-29,0.15453705334928153,0.0,seasonal_naive,AYACUCHO
2016-03-07,0.15453705334928153,0.0,seasonal_naive,AYACUCHO
2016-03-14,0.0,0.0,seasonal_naive,AYACUCHO
2016-03-21,0.0,0.15546079356516684,seasonal_naive,AYACUCHO
2016-03-28,0.0,0.15546079356516684,seasonal_naive,AYACUCHO
2016-04-04,0.0,0.15546079356516684,seasonal_naive,AYACUCHO
2016-04-11,0.0,0.15546079356516684,seasonal_naive,AYACUCHO
2016-04-18,0.0,0.15546079356516684,seasonal_naive,AYACUCHO
2016-04-25,0.0,0.15546079356516684,seasonal_naive,AYACUCHO
2016-05-02,0.0,0.0,seasonal_naive,AYACUCHO
2016-05-09,0.0,0.0,seasonal_naive,AYACUCHO
2016-05-16,0.0,0.15546079356516684,seasonal_naive,AYACUCHO
2016-05-23,0.0,0.15546079356516684,seasonal_naive,AYACUCHO
2016-05-30,0.0,0.15546079356516684,seasonal_naive,AYACUCHO
2016-06-06,0.0,0.0,seasonal_naive,AYACUCHO
2016-06-13,0.15453705334928153,0.0,seasonal_naive,AYACUCHO
2016-06-20,0.15453705334928153,0.15546079356516684,seasonal_naive,AYACUCHO
2016-06-27,0.15453705334928153,0.15546079356516684,seasonal_naive,AYACUCHO
2016-07-04,0.0,0.15546079356516684,seasonal_naive,AYACUCHO
2016-07-11,0.15453705334928153,0.0,seasonal_naive,AYACUCHO
2016-07-18,0.3090741066985631,0.0,seasonal_naive,AYACUCHO
2016-07-25,0.3090741066985631,0.0,seasonal_naive,AYACUCHO
2016-08-01,0.15453705334928153,0.0,seasonal_naive,AYACUCHO
2016-08-08,0.0,0.0,seasonal_naive,AYACUCHO
2016-08-15,0.0,0.0,seasonal_naive,AYACUCHO
2016-08-22,0.15453705334928153,0.0,seasonal_naive,AYACUCHO
2016-08-29,0.15453705334928153,0.15546079356516684,seasonal_naive,AYACUCHO
2016-09-05,0.15453705334928153,0.15546079356516684,seasonal_naive,AYACUCHO
2016-09-12,0.0,0.15546079356516684,seasonal_naive,AYACUCHO
2016-09-19,0.0,0.0,seasonal_naive,AYACUCHO
2016-09-26,0.0,0.0,seasonal_naive,AYACUCHO
2016-10-03,0.0,0.0,seasonal_naive,AYACUCHO
2016-10-10,0.0,0.0,seasonal_naive,AYACUCHO
2016-10-17,0.0,0.0,seasonal_naive,AYACUCHO
2016-10-24,0.0,0.0,seasonal_naive,AYACUCHO
2016-10-31,0.0,0.0,seasonal_naive,AYACUCHO
2016-11-07,0.0,0.0,seasonal_naive,AYACUCHO
2016-11-14,0.0,0.0,seasonal_naive,AYACUCHO
2016-11-21,0.0,0.0,seasonal_naive,AYACUCHO
2016-11-28,0.0,0.0,seasonal_naive,AYACUCHO
2016-12-05,0.0,0.0,seasonal_naive,AYACUCHO
2016-12-12,0.0,0.0,seasonal_naive,AYACUCHO
2016-12-19,0.0,0.0,seasonal_naive,AYACUCHO
2016-12-26,0.0,0.0,seasonal_naive,AYACUCHO
2017-01-02,0.0,0.0,seasonal_naive,AYACUCHO
2017-01-09,0.0,0.0,seasonal_naive,AYACUCHO
2017-01-16,0.0,0.0,seasonal_naive,AYACUCHO
2017-01-23,0.0,0.15453705334928153,seasonal_naive,AYACUCHO
2017-01-30,0.0,0.15453705334928153,seasonal_naive,AYACUCHO
2017-02-06,0.0,0.15453705334928153,seasonal_naive,AYACUCHO
2017-02-13,0.0,0.0,seasonal_naive,AYACUCHO
2017-02-20,0.0,0.15453705334928153,seasonal_naive,AYACUCHO
2017-02-27,0.0,0.15453705334928153,seasonal_naive,AYACUCHO
2017-03-06,0.0,0.15453705334928153,seasonal_naive,AYACUCHO
2017-03-13,0.0,0.0,seasonal_naive,AYACUCHO
2017-03-20,0.0,0.0,seasonal_naive,AYACUCHO
2017-03-27,0.15362398992226625,0.0,seasonal_naive,AYACUCHO
2017-04-03,0.15362398992226625,0.0,seasonal_naive,AYACUCHO
2017-04-10,0.15362398992226625,0.0,seasonal_naive,AYACUCHO
2017-04-17,0.0,0.0,seasonal_naive,AYACUCHO
2017-04-24,0.0,0.0,seasonal_naive,AYACUCHO
2017-05-01,0.0,0.0,seasonal_naive,AYACUCHO
2017-05-08,0.0,0.0,seasonal_naive,AYACUCHO
2017-05-15,0.0,0.0,seasonal_naive,AYACUCHO
2017-05-22,0.0,0.0,seasonal_naive,AYACUCHO
2017-05-29,0.0,0.0,seasonal_naive,AYACUCHO
2017-06-05,0.0,0.0,seasonal_naive,AYACUCHO
2017-06-12,0.15362398992226625,0.15453705334928153,seasonal_naive,AYACUCHO
2017-06-19,0.15362398992226625,0.15453705334928153,seasonal_naive,AYACUCHO
2017-06-26,0.15362398992226625,0.15453705334928153,seasonal_naive,AYACUCHO
2017-07-03,0.0,0.0,seasonal_naive,AYACUCHO
2017-07-10,0.0,0.15453705334928153,seasonal_naive,AYACUCHO
2017-07-17,0.0,0.30907410669856306,seasonal_naive,AYACUCHO
2017-07-24,0.0,0.30907410669856306,seasonal_naive,AYACUCHO
2017-07-31,0.0,0.15453705334928153,seasonal_naive,AYACUCHO
2017-08-07,0.0,0.0,seasonal_naive,AYACUCHO
2017-08-14,0.0,0.0,seasonal_naive,AYACUCHO
2017-08-21,0.0,0.15453705334928153,seasonal_naive,AYACUCHO
2017-08-28,0.0,0.15453705334928153,seasonal_naive,AYACUCHO
2017-09-04,0.0,0.15453705334928153,seasonal_naive,AYACUCHO
2017-09-11,0.0,0.0,seasonal_naive,AYACUCHO
2017-09-18,0.0,0.0,seasonal_naive,AYACUCHO
2017-09-25,0.15362398992226625,0.0,seasonal_naive,AYACUCHO
2017-10-02,0.15362398992226625,0.0,seasonal_naive,AYACUCHO
2017-10-09,0.15362398992226625,0.0,seasonal_naive,AYACUCHO
2017-10-16,0.0,0.0,seasonal_naive,AYACUCHO
2017-10-23,0.0,0.0,seasonal_naive,AYACUCHO
2017-10-30,0.15362398992226625,0.0,seasonal_naive,AYACUCHO
2017-11-06,0.15362398992226625,0.0,seasonal_naive,AYACUCHO
2017-11-13,0.15362398992226625,0.0,seasonal_naive,AYACUCHO
2017-11-20,0.15362398992226625,0.0,seasonal_naive,AYACUCHO
2017-11-27,0.3072479798445325,0.0,seasonal_naive,AYACUCHO
2017-12-04,0.3072479798445325,0.0,seasonal_naive,AYACUCHO
2017-12-11,0.3072479798445325,0.0,seasonal_naive,AYACUCHO
2017-12-18,0.15362398992226625,0.0,seasonal_naive,AYACUCHO
2017-12-25,0.3072479798445325,0.0,seasonal_naive,AYACUCHO
2018-01-01,0.15362398992226625,0.0,seasonal_naive,AYACUCHO
2018-01-08,0.30632675246794344,0.0,seasonal_naive,AYACUCHO
2018-01-15,0.15270276254567716,0.0,seasonal_naive,AYACUCHO
2018-01-22,0.15270276254567716,0.0,seasonal_naive,AYACUCHO
2018-01-29,0.0,0.0,seasonal_naive,AYACUCHO
2018-02-05,0.0,0.0,seasonal_naive,AYACUCHO
2018-02-12,0.0,0.0,seasonal_naive,AYACUCHO
2018-02-19,0.0,0.0,seasonal_naive,AYACUCHO
2018-02-26,0.0,0.0,seasonal_naive,AYACUCHO
2018-03-05,0.15270276254567716,0.0,seasonal_naive,AYACUCHO
2018-03-12,0.15270276254567716,0.0,seasonal_naive,AYACUCHO
2018-03-19,0.15270276254567716,0.0,seasonal_naive,AYACUCHO
2018-03-26,0.0,0.15362398992226625,seasonal_naive,AYACUCHO
2018-04-02,0.0,0.15362398992226625,seasonal_naive,AYACUCHO
2018-04-09,0.0,0.15362398992226625,seasonal_naive,AYACUCHO
2018-04-16,0.0,0.0,seasonal_naive,AYACUCHO
2018-04-23,0.0,0.0,seasonal_naive,AYACUCHO
2018-04-30,0.0,0.0,seasonal_naive,AYACUCHO
2018-05-07,0.0,0.0,seasonal_naive,AYACUCHO
2018-05-14,0.0,0.0,seasonal_naive,AYACUCHO
2018-05-21,0.0,0.0,seasonal_naive,AYACUCHO
2018-05-28,0.3054055250913544,0.0,seasonal_naive,AYACUCHO
2018-06-04,0.3054055250913544,0.0,seasonal_naive,AYACUCHO
2018-06-11,0.3054055250913544,0.15362398992226625,seasonal_naive,AYACUCHO
2018-06-18,0.3054055250913544,0.15362398992226625,seasonal_naive,AYACUCHO
2018-06-25,0.45810828763703154,0.15362398992226625,seasonal_naive,AYACUCHO
2018-07-02,0.45810828763703154,0.0,seasonal_naive,AYACUCHO
2018-07-09,0.45810828763703154,0.0,seasonal_naive,AYACUCHO
2018-07-16,0.3054055250913544,0.0,seasonal_naive,AYACUCHO
2018-07-23,0.3054055250913544,0.0,seasonal_naive,AYACUCHO
2018-07-30,0.0,0.0,seasonal_naive,AYACUCHO
2018-08-06,0.0,0.0,seasonal_naive,AYACUCHO
2018-08-13,0.0,0.0,seasonal_naive,AYACUCHO
2018-08-20,0.0,0.0,seasonal_naive,AYACUCHO
2018-08-27,0.0,0.0,seasonal_naive,AYACUCHO
2018-09-03,0.0,0.0,seasonal_naive,AYACUCHO
2018-09-10,0.0,0.0,seasonal_naive,AYACUCHO
2018-09-17,0.0,0.0,seasonal_naive,AYACUCHO
2018-09-24,0.0,0.15362398992226625,seasonal_naive,AYACUCHO
2018-10-01,0.0,0.15362398992226625,seasonal_naive,AYACUCHO
2018-10-08,0.0,0.15362398992226625,seasonal_naive,AYACUCHO
2018-10-15,0.3054055250913544,0.0,seasonal_naive,AYACUCHO
2018-10-22,0.3054055250913544,0.0,seasonal_naive,AYACUCHO
2018-10-29,0.3054055250913544,0.15362398992226625,seasonal_naive,AYACUCHO
2018-11-05,0.0,0.15362398992226625,seasonal_naive,AYACUCHO
2018-11-12,0.0,0.15362398992226625,seasonal_naive,AYACUCHO
2018-11-19,0.0,0.15362398992226625,seasonal_naive,AYACUCHO
2018-11-26,0.0,0.3072479798445325,seasonal_naive,AYACUCHO
2018-12-03,0.0,0.3072479798445325,seasonal_naive,AYACUCHO
2018-12-10,0.0,0.3072479798445325,seasonal_naive,AYACUCHO
2018-12-17,0.0,0.15362398992226625,seasonal_naive,AYACUCHO
2018-12-24,0.0,0.3072479798445325,seasonal_naive,AYACUCHO
2018-12-31,0.0,0.15362398992226625,seasonal_naive,AYACUCHO
2019-01-07,0.0,0.3063267524679435,seasonal_naive,AYACUCHO
2019-01-14,0.0,0.15270276254567716,seasonal_naive,AYACUCHO
2019-01-21,0.0,0.15270276254567716,seasonal_naive,AYACUCHO
2019-01-28,0.0,0.0,seasonal_naive,AYACUCHO
2019-02-04,0.0,0.0,seasonal_naive,AYACUCHO
2019-02-11,0.0,0.0,seasonal_naive,AYACUCHO
2019-02-18,0.0,0.0,seasonal_naive,AYACUCHO
2019-02-25,0.0,0.0,seasonal_naive,AYACUCHO
2019-03-04,0.0,0.15270276254567716,seasonal_naive,AYACUCHO
2019-03-11,0.0,0.15270276254567716,seasonal_naive,AYACUCHO
2019-03-18,0.0,0.15270276254567716,seasonal_naive,AYACUCHO
2019-03-25,0.0,0.0,seasonal_naive,AYACUCHO
2019-04-01,0.0,0.0,seasonal_naive,AYACUCHO
2019-04-08,0.0,0.0,seasonal_naive,AYACUCHO
2019-04-15,0.0,0.0,seasonal_naive,AYACUCHO
2019-04-22,0.0,0.0,seasonal_naive,AYACUCHO
2019-04-29,0.0,0.0,seasonal_naive,AYACUCHO
2019-05-06,0.0,0.0,seasonal_naive,AYACUCHO
2019-05-13,0.0,0.0,seasonal_naive,AYACUCHO
2019-05-20,0.0,0.0,seasonal_naive,AYACUCHO
2019-05-27,0.0,0.3054055250913544,seasonal_naive,AYACUCHO
2019-06-03,0.15179228743387543,0.3054055250913544,seasonal_naive,AYACUCHO
2019-06-10,0.15179228743387543,0.3054055250913544,seasonal_naive,AYACUCHO
2019-06-17,0.15179228743387543,0.3054055250913544,seasonal_naive,AYACUCHO
2019-06-24,0.0,0.4581082876370316,seasonal_naive,AYACUCHO
2019-07-01,0.0,0.4581082876370316,seasonal_naive,AYACUCHO
2019-07-08,0.15179228743387543,0.4581082876370316,seasonal_naive,AYACUCHO
2019-07-15,0.15179228743387543,0.3054055250913544,seasonal_naive,AYACUCHO
2019-07-22,0.15179228743387543,0.3054055250913544,seasonal_naive,AYACUCHO
2019-07-29,0.0,0.0,seasonal_naive,AYACUCHO
2019-08-05,0.0,0.0,seasonal_naive,AYACUCHO
2019-08-12,0.0,0.0,seasonal_naive,AYACUCHO
2019-08-19,0.0,0.0,seasonal_naive,AYACUCHO
2019-08-26,0.0,0.0,seasonal_naive,AYACUCHO
2019-09-02,0.0,0.0,seasonal_naive,AYACUCHO
2019-09-09,0.3035845748677509,0.0,seasonal_naive,AYACUCHO
2019-09-16,0.3035845748677509,0.0,seasonal_naive,AYACUCHO
2019-09-23,0.3035845748677509,0.0,seasonal_naive,AYACUCHO
2019-09-30,0.0,0.0,seasonal_naive,AYACUCHO
2019-10-07,0.0,0.0,seasonal_naive,AYACUCHO
2019-10-14,0.15179228743387543,0.3054055250913544,seasonal_naive,AYACUCHO
2019-10-21,0.15179228743387543,0.3054055250913544,seasonal_naive,AYACUCHO
2019-10-28,0.15179228743387543,0.3054055250913544,seasonal_naive,AYACUCHO
2019-11-04,0.0,0.0,seasonal_naive,AYACUCHO
2019-11-11,0.0,0.0,seasonal_naive,AYACUCHO
2019-11-18,0.0,0.0,seasonal_naive,AYACUCHO
2019-11-25,0.15179228743387543,0.0,seasonal_naive,AYACUCHO
2019-12-02,0.15179228743387543,0.0,seasonal_naive,AYACUCHO
2019-12-09,0.15179228743387543,0.0,seasonal_naive,AYACUCHO
2019-12-16,0.0,0.0,seasonal_naive,AYACUCHO
2019-12-23,0.0,0.0,seasonal_naive,AYACUCHO
2019-12-30,0.0,0.0,seasonal_naive,AYACUCHO
2020-01-06,0.15089260520609662,0.0,seasonal_naive,AYACUCHO
2020-01-13,0.15089260520609662,0.0,seasonal_naive,AYACUCHO
2020-01-20,0.15089260520609662,0.0,seasonal_naive,AYACUCHO
2020-01-27,0.0,0.0,seasonal_naive,AYACUCHO
2020-02-03,0.0,0.0,seasonal_naive,AYACUCHO
2020-02-10,0.15089260520609662,0.0,seasonal_naive,AYACUCHO
2020-02-17,0.15089260520609662,0.0,seasonal_naive,AYACUCHO
2020-02-24,0.15089260520609662,0.0,seasonal_naive,AYACUCHO
2020-03-02,0.0,0.0,seasonal_naive,AYACUCHO
2020-03-09,0.0,0.0,seasonal_naive,AYACUCHO
2020-03-16,0.0,0.0,seasonal_naive,AYACUCHO
2020-03-23,0.15089260520609662,0.0,seasonal_naive,AYACUCHO
2020-03-30,0.15089260520609662,0.0,seasonal_naive,AYACUCHO
2020-04-06,0.15089260520609662,0.0,seasonal_naive,AYACUCHO
2020-04-13,0.0,0.0,seasonal_naive,AYACUCHO
2020-04-20,0.0,0.0,seasonal_naive,AYACUCHO
2020-04-27,0.0,0.0,seasonal_naive,AYACUCHO
2020-05-04,0.0,0.0,seasonal_naive,AYACUCHO
2020-05-11,0.0,0.0,seasonal_naive,AYACUCHO
2020-05-18,0.0,0.0,seasonal_naive,AYACUCHO
2020-05-25,0.0,0.0,seasonal_naive,AYACUCHO
2020-06-01,0.0,0.1517922874338754,seasonal_naive,AYACUCHO
2020-06-08,0.0,0.1517922874338754,seasonal_naive,AYACUCHO
2020-06-15,0.0,0.1517922874338754,seasonal_naive,AYACUCHO
2020-06-22,0.0,0.0,seasonal_naive,AYACUCHO
2020-06-29,0.0,0.0,seasonal_naive,AYACUCHO
2020-07-06,0.0,0.1517922874338754,seasonal_naive,AYACUCHO
2020-07-13,0.0,0.1517922874338754,seasonal_naive,AYACUCHO
2020-07-20,0.0,0.1517922874338754,seasonal_naive,AYACUCHO
2020-07-27,0.0,0.0,seasonal_naive,AYACUCHO
2020-08-03,0.0,0.0,seasonal_naive,AYACUCHO
2020-08-10,0.0,0.0,seasonal_naive,AYACUCHO
2020-08-17,0.0,0.0,seasonal_naive,AYACUCHO
2020-08-24,0.0,0.0,seasonal_naive,AYACUCHO
2020-08-31,0.0,0.0,seasonal_naive,AYACUCHO
2020-09-07,0.0,0.30358457486775087,seasonal_naive,AYACUCHO
2020-09-14,0.0,0.30358457486775087,seasonal_naive,AYACUCHO
2020-09-21,0.0,0.30358457486775087,seasonal_naive,AYACUCHO
2020-09-28,0.0,0.0,seasonal_naive,AYACUCHO
2020-10-05,0.0,0.0,seasonal_naive,AYACUCHO
2020-10-12,0.0,0.1517922874338754,seasonal_naive,AYACUCHO
2020-10-19,0.0,0.1517922874338754,seasonal_naive,AYACUCHO
2020-10-26,0.0,0.1517922874338754,seasonal_naive,AYACUCHO
2020-11-02,0.0,0.0,seasonal_naive,AYACUCHO
2020-11-09,0.0,0.0,seasonal_naive,AYACUCHO
2020-11-16,0.0,0.0,seasonal_naive,AYACUCHO
2020-11-23,0.0,0.1517922874338754,seasonal_naive,AYACUCHO
2020-11-30,0.0,0.1517922874338754,seasonal_naive,AYACUCHO
2020-12-07,0.0,0.1517922874338754,seasonal_naive,AYACUCHO
2020-12-14,0.0,0.0,seasonal_naive,AYACUCHO
2020-12-21,0.0,0.0,seasonal_naive,AYACUCHO
2020-12-28,0.0,0.0,seasonal_naive,AYACUCHO
2021-01-04,0.0,0.15089260520609662,seasonal_naive,AYACUCHO
2021-01-11,0.0,0.15089260520609662,seasonal_naive,AYACUCHO
2021-01-18,0.0,0.15089260520609662,seasonal_naive,AYACUCHO
2021-01-25,0.0,0.0,seasonal_naive,AYACUCHO
2021-02-01,0.0,0.0,seasonal_naive,AYACUCHO
2021-02-08,0.0,0.15089260520609662,seasonal_naive,AYACUCHO
2021-02-15,0.0,0.15089260520609662,seasonal_naive,AYACUCHO
2021-02-22,0.0,0.15089260520609662,seasonal_naive,AYACUCHO
2021-03-01,0.0,0.0,seasonal_naive,AYACUCHO
2021-03-08,0.1500035250828394,0.0,seasonal_naive,AYACUCHO
2021-03-15,0.3000070501656788,0.0,seasonal_naive,AYACUCHO
2021-03-22,0.3000070501656788,0.15089260520609662,seasonal_naive,AYACUCHO
2021-03-29,0.1500035250828394,0.15089260520609662,seasonal_naive,AYACUCHO
2021-04-05,0.0,0.15089260520609662,seasonal_naive,AYACUCHO
2021-04-12,0.0,0.0,seasonal_naive,AYACUCHO
2021-04-19,0.0,0.0,seasonal_naive,AYACUCHO
2021-04-26,0.0,0.0,seasonal_naive,AYACUCHO
2021-05-03,0.0,0.0,seasonal_naive,AYACUCHO
2021-05-10,0.0,0.0,seasonal_naive,AYACUCHO
2021-05-17,0.0,0.0,seasonal_naive,AYACUCHO
2021-05-24,0.1500035250828394,0.0,seasonal_naive,AYACUCHO
2021-05-31,0.1500035250828394,0.0,seasonal_naive,AYACUCHO
2021-06-07,0.1500035250828394,0.0,seasonal_naive,AYACUCHO
2021-06-14,0.0,0.0,seasonal_naive,AYACUCHO
2021-06-21,0.0,0.0,seasonal_naive,AYACUCHO
2021-06-28,0.0,0.0,seasonal_naive,AYACUCHO
2021-07-05,0.0,0.0,seasonal_naive,AYACUCHO
2021-07-12,0.0,0.0,seasonal_naive,AYACUCHO
2021-07-19,0.0,0.0,seasonal_naive,AYACUCHO
2021-07-26,0.0,0.0,seasonal_naive,AYACUCHO
2021-08-02,0.0,0.0,seasonal_naive,AYACUCHO
2021-08-09,0.0,0.0,seasonal_naive,AYACUCHO
2021-08-16,0.0,0.0,seasonal_naive,AYACUCHO
2021-08-23,0.0,0.0,seasonal_naive,AYACUCHO
2021-08-30,0.0,0.0,seasonal_naive,AYACUCHO
2021-09-06,0.0,0.0,seasonal_naive,AYACUCHO
2021-09-13,0.0,0.0,seasonal_naive,AYACUCHO
2021-09-20,0.0,0.0,seasonal_naive,AYACUCHO
2021-09-27,0.1500035250828394,0.0,seasonal_naive,AYACUCHO
2021-10-04,0.1500035250828394,0.0,seasonal_naive,AYACUCHO
2021-10-11,0.45001057524851823,0.0,seasonal_naive,AYACUCHO
2021-10-18,0.3000070501656788,0.0,seasonal_naive,AYACUCHO
2021-10-25,0.3000070501656788,0.0,seasonal_naive,AYACUCHO
2021-11-01,0.0,0.0,seasonal_naive,AYACUCHO
2021-11-08,0.1500035250828394,0.0,seasonal_naive,AYACUCHO
2021-11-15,0.1500035250828394,0.0,seasonal_naive,AYACUCHO
2021-11-22,0.1500035250828394,0.0,seasonal_naive,AYACUCHO
2021-11-29,0.0,0.0,seasonal_naive,AYACUCHO
2021-12-06,0.0,0.0,seasonal_naive,AYACUCHO
2021-12-13,0.0,0.0,seasonal_naive,AYACUCHO
2021-12-20,0.0,0.0,seasonal_naive,AYACUCHO
2021-12-27,0.0,0.0,seasonal_naive,AYACUCHO
2022-01-03,0.0,0.0,seasonal_naive,AYACUCHO
2022-01-10,0.0,0.0,seasonal_naive,AYACUCHO
2022-01-17,0.0,0.0,seasonal_naive,AYACUCHO
2022-01-24,0.0,0.0,seasonal_naive,AYACUCHO
2022-01-31,0.0,0.0,seasonal_naive,AYACUCHO
2022-02-07,0.0,0.0,seasonal_naive,AYACUCHO
2022-02-14,0.0,0.0,seasonal_naive,AYACUCHO
2022-02-21,0.0,0.0,seasonal_naive,AYACUCHO
2022-02-28,0.0,0.0,seasonal_naive,AYACUCHO
2022-03-07,0.0,0.1500035250828394,seasonal_naive,AYACUCHO
2022-03-14,0.0,0.3000070501656788,seasonal_naive,AYACUCHO
2022-03-21,0.0,0.3000070501656788,seasonal_naive,AYACUCHO
2022-03-28,0.0,0.1500035250828394,seasonal_naive,AYACUCHO
2022-04-04,0.0,0.0,seasonal_naive,AYACUCHO
2022-04-11,0.0,0.0,seasonal_naive,AYACUCHO
2022-04-18,0.0,0.0,seasonal_naive,AYACUCHO
2022-04-25,0.14912486075466122,0.0,seasonal_naive,AYACUCHO
2022-05-02,0.14912486075466122,0.0,seasonal_naive,AYACUCHO
2022-05-09,0.14912486075466122,0.0,seasonal_naive,AYACUCHO
2022-05-16,0.14912486075466122,0.0,seasonal_naive,AYACUCHO
2022-05-23,0.14912486075466122,0.1500035250828394,seasonal_naive,AYACUCHO
2022-05-30,0.14912486075466122,0.1500035250828394,seasonal_naive,AYACUCHO
2022-06-06,0.0,0.1500035250828394,seasonal_naive,AYACUCHO
2022-06-13,0.0,0.0,seasonal_naive,AYACUCHO
2022-06-20,0.0,0.0,seasonal_naive,AYACUCHO
2022-06-27,0.0,0.0,seasonal_naive,AYACUCHO
2022-07-04,0.14912486075466122,0.0,seasonal_naive,AYACUCHO
2022-07-11,0.14912486075466122,0.0,seasonal_naive,AYACUCHO
2022-07-18,0.14912486075466122,0.0,seasonal_naive,AYACUCHO
2022-07-25,0.0,0.0,seasonal_naive,AYACUCHO
2022-08-01,0.0,0.0,seasonal_naive,AYACUCHO
2022-08-08,0.14912486075466122,0.0,seasonal_naive,AYACUCHO
2022-08-15,0.14912486075466122,0.0,seasonal_naive,AYACUCHO
2022-08-22,0.14912486075466122,0.0,seasonal_naive,AYACUCHO
2022-08-29,0.0,0.0,seasonal_naive,AYACUCHO
2022-09-05,0.0,0.0,seasonal_naive,AYACUCHO
2022-09-12,0.0,0.0,seasonal_naive,AYACUCHO
2022-09-19,0.0,0.0,seasonal_naive,AYACUCHO
2022-09-26,0.0,0.1500035250828394,seasonal_naive,AYACUCHO
2022-10-03,0.0,0.1500035250828394,seasonal_naive,AYACUCHO
2022-10-10,0.0,0.45001057524851823,seasonal_naive,AYACUCHO
2022-10-17,0.0,0.3000070501656788,seasonal_naive,AYACUCHO
2022-10-24,0.0,0.3000070501656788,seasonal_naive,AYACUCHO
2022-10-31,0.0,0.0,seasonal_naive,AYACUCHO
2022-11-07,0.0,0.1500035250828394,seasonal_naive,AYACUCHO
2022-11-14,0.0,0.1500035250828394,seasonal_naive,AYACUCHO
2022-11-21,0.0,0.1500035250828394,seasonal_naive,AYACUCHO
2022-11-28,0.0,0.0,seasonal_naive,AYACUCHO
2022-12-05,0.0,0.0,seasonal_naive,AYACUCHO
2010-12-27,0.3205004935707601,0.19096400669465738,holt_winters,AYACUCHO
2011-01-03,0.3205004935707601,0.25893616457240737,holt_winters,AYACUCHO
2011-01-10,0.16025024678538005,0.25830114288135037,holt_winters,AYACUCHO
2011-01-17,0.0,0.26265882032858756,holt_winters,AYACUCHO
2011-01-24,0.0,0.0,holt_winters,AYACUCHO
2011-01-31,0.0,0.0,holt_winters,AYACUCHO
2011-02-07,0.0,0.0,holt_winters,AYACUCHO
2011-02-14,0.0,0.0,holt_winters,AYACUCHO
2011-02-21,0.0,0.0,holt_winters,AYACUCHO
2011-02-28,0.0,0.027023335048511437,holt_winters,AYACUCHO
2011-03-07,0.0,0.03043224221801704,holt_winters,AYACUCHO
2011-03-14,0.0,0.06060067495764483,holt_winters,AYACUCHO
2011-03-21,0.0,0.0,holt_winters,AYACUCHO
2011-03-28,0.0,0.0,holt_winters,AYACUCHO
2011-04-04,0.0,0.0,holt_winters,AYACUCHO
2011-04-11,0.0,0.0,holt_winters,AYACUCHO
2011-04-18,0.0,0.0,holt_winters,AYACUCHO
2011-04-25,0.15926889207780603,0.0,holt_winters,AYACUCHO
2011-05-02,0.15926889207780603,0.0,holt_winters,AYACUCHO
2011-05-09,0.31853778415561207,0.0,holt_winters,AYACUCHO
2011-05-16,0.15926889207780603,0.3572840289049904,holt_winters,AYACUCHO
2011-05-23,0.15926889207780603,0.5207003063287123,holt_winters,AYACUCHO
2011-05-30,0.15926889207780603,0.5436708052930174,holt_winters,AYACUCHO
2011-06-06,0.15926889207780603,0.5436708052930174,holt_winters,AYACUCHO
2011-06-13,0.15926889207780603,0.038418836054327596,holt_winters,AYACUCHO
2011-06-20,0.0,0.08746752164426373,holt_winters,AYACUCHO
2011-06-27,0.15926889207780603,0.15461918585988257,holt_winters,AYACUCHO
2011-07-04,0.31853778415561207,0.29101220890987395,holt_winters,AYACUCHO
2011-07-11,0.31853778415561207,0.2897531601017492,holt_winters,AYACUCHO
2011-07-18,0.15926889207780603,0.18844452164660735,holt_winters,AYACUCHO
2011-07-25,0.0,0.07783647550611865,holt_winters,AYACUCHO
2011-08-01,0.15926889207780603,0.042881477896034366,holt_winters,AYACUCHO
2011-08-08,0.15926889207780603,0.1814729683514634,holt_winters,AYACUCHO
2011-08-15,0.15926889207780603,0.14133910826153845,holt_winters,AYACUCHO
2011-08-22,0.0,0.10051122924929075,holt_winters,AYACUCHO
2011-08-29,0.15926889207780603,0.030596180393054073,holt_winters,AYACUCHO
2011-09-05,0.31853778415561207,0.17128567752652815,holt_winters,AYACUCHO
2011-09-12,0.31853778415561207,0.16522497666387187,holt_winters,AYACUCHO
2011-09-19,0.15926889207780603,0.19647826067950558,holt_winters,AYACUCHO
2011-09-26,0.0,0.1571309541571675,holt_winters,AYACUCHO
2011-10-03,0.0,0.0555152146663287,holt_winters,AYACUCHO
2011-10-10,0.15926889207780603,0.06343814111361529,holt_winters,AYACUCHO
2011-10-17,0.15926889207780603,0.07033994197456916,holt_winters,AYACUCHO
2011-10-24,0.15926889207780603,0.0757888028352378,holt_winters,AYACUCHO
2011-10-31,0.15926889207780603,0.11528720913920193,holt_winters,AYACUCHO
2011-11-07,0.31853778415561207,0.15827955690498566,holt_winters,AYACUCHO
2011-11-14,0.31853778415561207,0.16524377659530537,holt_winters,AYACUCHO
2011-11-21,0.15926889207780603,0.1992022255191852,holt_winters,AYACUCHO
2011-11-28,0.0,0.14105103684337914,holt_winters,AYACUCHO
2011-12-05,0.0,0.10207722489660075,holt_winters,AYACUCHO
2011-12-12,0.15926889207780603,0.03933502587548305,holt_winters,AYACUCHO
2011-12-19,0.15926889207780603,0.06684581510597802,holt_winters,AYACUCHO
2011-12-26,0.15926889207780603,0.24884140745969724,holt_winters,AYACUCHO
2012-01-02,0.0,0.3073042798222846,holt_winters,AYACUCHO
2012-01-09,0.0,0.2634826009599465,holt_winters,AYACUCHO
2012-01-16,0.1582994836270844,0.22326210785921488,holt_winters,AYACUCHO
2012-01-23,0.1582994836270844,0.042529641274046195,holt_winters,AYACUCHO
2012-01-30,0.1582994836270844,0.07294527487911444,holt_winters,AYACUCHO
2012-02-06,0.0,0.04749295582861017,holt_winters,AYACUCHO
2012-02-13,0.0,0.0496468353676954,holt_winters,AYACUCHO
2012-02-20,0.0,0.00031687237769593144,holt_winters,AYACUCHO
2012-02-27,0.0,0.05723702343883299,holt_winters,AYACUCHO
2012-03-05,0.0,0.053309068350485274,holt_winters,AYACUCHO
2012-03-12,0.0,0.07823754015850151,holt_winters,AYACUCHO
2012-03-19,0.0,0.0,holt_winters,AYACUCHO
2012-03-26,0.0,0.002796255777184772,holt_winters,AYACUCHO
2012-04-02,0.1582994836270844,0.037508782944401825,holt_winters,AYACUCHO
2012-04-09,0.1582994836270844,0.04455306596571356,holt_winters,AYACUCHO
2012-04-16,0.1582994836270844,0.12093484814375124,holt_winters,AYACUCHO
2012-04-23,0.1582994836270844,0.08057083597024468,holt_winters,AYACUCHO
2012-04-30,0.1582994836270844,0.07479834290647222,holt_winters,AYACUCHO
2012-05-07,0.1582994836270844,0.09806362990707064,holt_winters,AYACUCHO
2012-05-14,0.0,0.12577265114715033,holt_winters,AYACUCHO
2012-05-21,0.1582994836270844,0.22565034065498993,holt_winters,AYACUCHO
2012-05-28,0.1582994836270844,0.29707428188772594,holt_winters,AYACUCHO
2012-06-04,0.3165989672541688,0.26401762169346915,holt_winters,AYACUCHO
2012-06-11,0.1582994836270844,0.17112393658819125,holt_winters,AYACUCHO
2012-06-18,0.3165989672541688,0.16531128065508036,holt_winters,AYACUCHO
2012-06-25,0.1582994836270844,0.32304353929275914,holt_winters,AYACUCHO
2012-07-02,0.1582994836270844,0.49789354790510787,holt_winters,AYACUCHO
2012-07-09,0.0,0.18005928086274198,holt_winters,AYACUCHO
2012-07-16,0.0,0.09092479951810876,holt_winters,AYACUCHO
2012-07-23,0.1582994836270844,0.0,holt_winters,AYACUCHO
2012-07-30,0.1582994836270844,0.0,holt_winters,AYACUCHO
2012-08-06,0.1582994836270844,0.16007737301403493,holt_winters,AYACUCHO
2012-08-13,0.0,0.1297080696121826,holt_winters,AYACUCHO
2012-08-20,0.1582994836270844,0.06431971272359922,holt_winters,AYACUCHO
2012-08-27,0.1582994836270844,0.031779323774622704,holt_winters,AYACUCHO
2012-09-03,0.1582994836270844,0.2402311746294473,holt_winters,AYACUCHO
2012-09-10,0.0,0.2291635390271774,holt_winters,AYACUCHO
2012-09-17,0.0,0.18936624332395086,holt_winters,AYACUCHO
2012-09-24,0.0,0.11411737171705061,holt_winters,AYACUCHO
2012-10-01,0.0,0.0,holt_winters,AYACUCHO
2012-10-08,0.0,0.06006550862963971,holt_winters,AYACUCHO
2012-10-15,0.3127912868859125,0.06461491691103434,holt_winters,AYACUCHO
2012-10-22,0.3127912868859125,0.06829210161327219,holt_winters,AYACUCHO
2012-10-29,0.3127912868859125,0.26158600174480134,holt_winters,AYACUCHO
2012-11-05,0.0,0.3367757687095554,holt_winters,AYACUCHO
2012-11-12,0.1582994836270844,0.33873260221652396,holt_winters,AYACUCHO
2012-11-19,0.1582994836270844,0.37950844931483335,holt_winters,AYACUCHO
2012-11-26,0.1582994836270844,0.06700428377509304,holt_winters,AYACUCHO
2012-12-03,0.0,0.048226986123238426,holt_winters,AYACUCHO
2012-12-10,0.0,0.03239314887658877,holt_winters,AYACUCHO
2012-12-17,0.0,0.07169635197768714,holt_winters,AYACUCHO
2012-12-24,0.0,0.03534877307617682,holt_winters,AYACUCHO
2012-12-31,0.0,0.06498996717081652,holt_winters,AYACUCHO
2013-01-07,0.0,0.039486622773554844,holt_winters,AYACUCHO
2013-01-14,0.15734180461609387,0.013707528412882928,holt_winters,AYACUCHO
2013-01-21,0.15734180461609387,0.0911163332642219,holt_winters,AYACUCHO
2013-01-28,0.31468360923218774,0.09043343481565101,holt_winters,AYACUCHO
2013-02-04,0.15734180461609387,0.058212381838773725,holt_winters,AYACUCHO
2013-02-11,0.31468360923218774,0.05759707353549352,holt_winters,AYACUCHO
2013-02-18,0.15734180461609387,0.2936709511098028,holt_winters,AYACUCHO
2013-02-25,0.15734180461609387,0.3318456827481947,holt_winters,AYACUCHO
2013-03-04,0.0,0.33076037066443903,holt_winters,AYACUCHO
2013-03-11,0.0,0.3296755134375737,holt_winters,AYACUCHO
2013-03-18,0.0,0.0,holt_winters,AYACUCHO
2013-03-25,0.0,0.0,holt_winters,AYACUCHO
2013-04-01,0.0,0.0926887494785255,holt_winters,AYACUCHO
2013-04-08,0.0,0.09578858011336223,holt_winters,AYACUCHO
2013-04-15,0.0,0.0,holt_winters,AYACUCHO
2013-04-22,0.0,0.0,holt_winters,AYACUCHO
2013-04-29,0.0,0.0,holt_winters,AYACUCHO
2013-05-06,0.0,0.0,holt_winters,AYACUCHO
2013-05-13,0.0,0.0,holt_winters,AYACUCHO
2013-05-20,0.0,0.048143739250632644,holt_winters,AYACUCHO
2013-05-27,0.0,0.07771434957013272,holt_winters,AYACUCHO
2013-06-03,0.0,0.10385753753121939,holt_winters,AYACUCHO
2013-06-10,0.15734180461609387,0.0,holt_winters,AYACUCHO
2013-06-17,0.31468360923218774,0.0,holt_winters,AYACUCHO
2013-06-24,0.31468360923218774,0.0,holt_winters,AYACUCHO
2013-07-01,0.31468360923218774,0.037973361226250064,holt_winters,AYACUCHO
2013-07-08,0.15734180461609387,0.2756422977915984,holt_winters,AYACUCHO
2013-07-15,0.31468360923218774,0.21415752602437027,holt_winters,AYACUCHO
2013-07-22,0.15734180461609387,0.1447043537219023,holt_winters,AYACUCHO
2013-07-29,0.15734180461609387,0.18787082296360144,holt_winters,AYACUCHO
2013-08-05,0.3127912868859125,0.16953112612437995,holt_winters,AYACUCHO
2013-08-12,0.4701330915020064,0.11667092264972681,holt_winters,AYACUCHO
2013-08-19,0.4701330915020064,0.09175195562679293,holt_winters,AYACUCHO
2013-08-26,0.31468360923218774,0.09749827887412044,holt_winters,AYACUCHO
2013-09-02,0.15734180461609387,0.37474934695598966,holt_winters,AYACUCHO
2013-09-09,0.15734180461609387,0.33831643140243384,holt_winters,AYACUCHO
2013-09-16,0.0,0.30685761664156225,holt_winters,AYACUCHO
2013-09-23,0.0,0.23302851366830107,holt_winters,AYACUCHO
2013-09-30,0.0,0.0,holt_winters,AYACUCHO
2013-10-07,0.0,0.06489957978013358,holt_winters,AYACUCHO
2013-10-14,0.0,0.12965222592493378,holt_winters,AYACUCHO
2013-10-21,0.0,0.13367604541994185,holt_winters,AYACUCHO
2013-10-28,0.0,0.0,holt_winters,AYACUCHO
2013-11-04,0.0,0.0,holt_winters,AYACUCHO
2013-11-11,0.0,0.02225449203428583,holt_winters,AYACUCHO
2013-11-18,0.0,0.0,holt_winters,AYACUCHO
2013-11-25,0.0,0.0,holt_winters,AYACUCHO
2013-12-02,0.0,0.0,holt_winters,AYACUCHO
2013-12-09,0.0,0.0,holt_winters,AYACUCHO
2013-12-16,0.0,0.0,holt_winters,AYACUCHO
2013-12-23,0.0,0.03498631097554186,holt_winters,AYACUCHO
2013-12-30,0.0,0.026993878305046064,holt_winters,AYACUCHO
2014-01-06,0.0,0.0,holt_winters,AYACUCHO
2014-01-13,0.15639564344295626,0.018595032929186052,holt_winters,AYACUCHO
2014-01-20,0.3127912868859125,0.14496840475116743,holt_winters,AYACUCHO
2014-01-27,0.3127912868859125,0.16811833244895105,holt_winters,AYACUCHO
2014-02-03,0.15639564344295626,0.10079122741350899,holt_winters,AYACUCHO
2014-02-10,0.15639564344295626,0.12508340162298026,holt_winters,AYACUCHO
2014-02-17,0.15639564344295626,0.12221810619602078,holt_winters,AYACUCHO
2014-02-24,0.3127912868859125,0.1468638212168131,holt_winters,AYACUCHO
2014-03-03,0.15639564344295626,0.10665769245811171,holt_winters,AYACUCHO
2014-03-10,0.15639564344295626,0.101045430516522,holt_winters,AYACUCHO
2014-03-17,0.0,0.15325680713434875,holt_winters,AYACUCHO
2014-03-24,0.0,0.18774446283705948,holt_winters,AYACUCHO
2014-03-31,0.3127912868859125,0.2927112823743761,holt_winters,AYACUCHO
2014-04-07,0.3127912868859125,0.292139653620576,holt_winters,AYACUCHO
2014-04-14,0.625582573771825,0.3107381697978957,holt_winters,AYACUCHO
2014-04-21,0.3127912868859125,0.2802767479412859,holt_winters,AYACUCHO
2014-04-28,0.3127912868859125,0.28668260728663614,holt_winters,AYACUCHO
2014-05-05,0.0,0.32519022285573784,holt_winters,AYACUCHO
2014-05-12,0.0,0.0,holt_winters,AYACUCHO
2014-05-19,0.15639564344295626,0.05133432092952927,holt_winters,AYACUCHO
2014-05-26,0.3127912868859125,0.08196258322567633,holt_winters,AYACUCHO
2014-06-02,0.3127912868859125,0.1090497545956655,holt_winters,AYACUCHO
2014-06-09,0.46918693032886877,0.23681312098672325,holt_winters,AYACUCHO
2014-06-16,0.46918693032886877,0.22742192189843535,holt_winters,AYACUCHO
2014-06-23,0.46918693032886877,0.3019877069945391,holt_winters,AYACUCHO
2014-06-30,0.15639564344295623,0.4092236110008637,holt_winters,AYACUCHO
2014-07-07,0.15639564344295623,0.10908048897439766,holt_winters,AYACUCHO
2014-07-14,0.15639564344295623,0.08002692267247441,holt_winters,AYACUCHO
2014-07-21,0.4691869303288687,0.008645787704168453,holt_winters,AYACUCHO
2014-07-28,0.46918693032886877,0.08458956579747917,holt_winters,AYACUCHO
2014-08-04,0.46918693032886877,0.46957485640985513,holt_winters,AYACUCHO
2014-08-11,0.15639564344295623,0.46957485640985513,holt_winters,AYACUCHO
2014-08-18,0.0,0.4489444744201845,holt_winters,AYACUCHO
2014-08-25,0.0,0.4520067514939708,holt_winters,AYACUCHO
2014-09-01,0.0,0.0032447175642332476,holt_winters,AYACUCHO
2014-09-08,0.0,0.0,holt_winters,AYACUCHO
2014-09-15,0.15639564344295623,0.0,holt_winters,AYACUCHO
2014-09-22,0.15639564344295623,0.0,holt_winters,AYACUCHO
2014-09-29,0.15639564344295623,0.14844854919134684,holt_winters,AYACUCHO
2014-10-06,0.0,0.21873586347749538,holt_winters,AYACUCHO
2014-10-13,0.15639564344295623,0.286787653424501,holt_winters,AYACUCHO
2014-10-20,0.15639564344295623,0.286615790942878,holt_winters,AYACUCHO
2014-10-27,0.15639564344295623,0.15628488528386134,holt_winters,AYACUCHO
2014-11-03,0.0,0.15088870528317194,holt_winters,AYACUCHO
2014-11-10,0.0,0.21559873176038272,holt_winters,AYACUCHO
2014-11-17,0.0,0.18035239189479474,holt_winters,AYACUCHO
2014-11-24,0.0,0.0,holt_winters,AYACUCHO
2014-12-01,0.0,0.0,holt_winters,AYACUCHO
2014-12-08,0.0,0.0,holt_winters,AYACUCHO
2014-12-15,0.15639564344295623,0.0,holt_winters,AYACUCHO
2014-12-22,0.15639564344295623,0.1829118489295108,holt_winters,AYACUCHO
2014-12-29,0.31279128688591246,0.14661704069994938,holt_winters,AYACUCHO
2015-01-05,0.15639564344295623,0.11564877833448339,holt_winters,AYACUCHO
2015-01-12,0.15639564344295623,0.18054264376895493,holt_winters,AYACUCHO
2015-01-19,0.0,0.20310114864497483,holt_winters,AYACUCHO
2015-01-26,0.0,0.22856020701605123,holt_winters,AYACUCHO
2015-02-02,0.0,0.1294674379682039,holt_winters,AYACUCHO
2015-02-09,0.15546079356516682,0.15487277726905863,holt_winters,AYACUCHO
2015-02-16,0.15546079356516682,0.11019279184299036,holt_winters,AYACUCHO
2015-02-23,0.15546079356516682,0.13537047294807375,holt_winters,AYACUCHO
2015-03-02,0.0,0.07248265118304292,holt_winters,AYACUCHO
2015-03-09,0.0,0.070406292106433,holt_winters,AYACUCHO
2015-03-16,0.0,0.0,holt_winters,AYACUCHO
2015-03-23,0.15546079356516682,0.0,holt_winters,AYACUCHO
2015-03-30,0.15546079356516682,0.08280143878495684,holt_winters,AYACUCHO
2015-04-06,0.15546079356516682,0.08383707069156289,holt_winters,AYACUCHO
2015-04-13,0.15546079356516682,0.2206514318953544,holt_winters,AYACUCHO
2015-04-20,0.15546079356516682,0.17270557829756486,holt_winters,AYACUCHO
2015-04-27,0.15546079356516682,0.1752417157338498,holt_winters,AYACUCHO
2015-05-04,0.0,0.1438579914302655,holt_winters,AYACUCHO
2015-05-11,0.0,0.0,holt_winters,AYACUCHO
2015-05-18,0.15546079356516682,0.05245403589489823,holt_winters,AYACUCHO
2015-05-25,0.15546079356516682,0.08049699307928236,holt_winters,AYACUCHO
2015-06-01,0.15546079356516682,0.1094876568622911,holt_winters,AYACUCHO
2015-06-08,0.0,0.19960446045301955,holt_winters,AYACUCHO
2015-06-15,0.0,0.21803534102625813,holt_winters,AYACUCHO
2015-06-22,0.15546079356516682,0.21650855957277731,holt_winters,AYACUCHO
2015-06-29,0.15546079356516682,0.22055459977944383,holt_winters,AYACUCHO
2015-07-06,0.15546079356516682,0.07343557684642162,holt_winters,AYACUCHO
2015-07-13,0.0,0.07932253696870482,holt_winters,AYACUCHO
2015-07-20,0.0,0.07610318795193442,holt_winters,AYACUCHO
2015-07-27,0.0,0.14591226812922767,holt_winters,AYACUCHO
2015-08-03,0.0,0.03562090647742484,holt_winters,AYACUCHO
2015-08-10,0.0,0.0,holt_winters,AYACUCHO
2015-08-17,0.0,0.0,holt_winters,AYACUCHO
2015-08-24,0.0,0.0,holt_winters,AYACUCHO
2015-08-31,0.15546079356516682,0.0013586627265916706,holt_winters,AYACUCHO
2015-09-07,0.15546079356516682,0.0,holt_winters,AYACUCHO
2015-09-14,0.15546079356516682,0.0,holt_winters,AYACUCHO
2015-09-21,0.0,0.0,holt_winters,AYACUCHO
2015-09-28,0.0,0.009045456116109695,holt_winters,AYACUCHO
2015-10-05,0.0,0.009350168345198995,holt_winters,AYACUCHO
2015-10-12,0.0,0.09703294363321106,holt_winters,AYACUCHO
2015-10-19,0.0,0.0968316921552405,holt_winters,AYACUCHO
2015-10-26,0.0,0.0,holt_winters,AYACUCHO
2015-11-02,0.0,0.0,holt_winters,AYACUCHO
2015-11-09,0.0,0.0,holt_winters,AYACUCHO
2015-11-16,0.0,0.0,holt_winters,AYACUCHO
2015-11-23,0.0,0.0,holt_winters,AYACUCHO
2015-11-30,0.0,0.0,holt_winters,AYACUCHO
2015-12-07,0.0,0.0,holt_winters,AYACUCHO
2015-12-14,0.0,0.012743265875108939,holt_winters,AYACUCHO
2015-12-21,0.0,0.0016857102554784962,holt_winters,AYACUCHO
2015-12-28,0.0,0.013380224659551205,holt_winters,AYACUCHO
2016-01-04,0.0,0.0,holt_winters,AYACUCHO
2016-01-11,0.0,0.04338672846003572,holt_winters,AYACUCHO
2016-01-18,0.0,0.008329368015033324,holt_winters,AYACUCHO
2016-01-25,0.15453705334928153,0.03237086609727534,holt_winters,AYACUCHO
2016-02-01,0.15453705334928153,0.0,holt_winters,AYACUCHO
2016-02-08,0.15453705334928153,0.0027005245850764514,holt_winters,AYACUCHO
2016-02-15,0.0,0.1255186781256032,holt_winters,AYACUCHO
2016-02-22,0.15453705334928153,0.1509686636483617,holt_winters,AYACUCHO
2016-02-29,0.15453705334928153,0.05594567432240488,holt_winters,AYACUCHO
2016-03-07,0.15453705334928153,0.053443187429957704,holt_winters,AYACUCHO
2016-03-14,0.0,0.11269083468306332,holt_winters,AYACUCHO
2016-03-21,0.0,0.14470846755306863,holt_winters,AYACUCHO
2016-03-28,0.0,0.24413953080130782,holt_winters,AYACUCHO
2016-04-04,0.0,0.2434945663906319,holt_winters,AYACUCHO
2016-04-11,0.0,0.05553944987644269,holt_winters,AYACUCHO
2016-04-18,0.0,0.026908104190144833,holt_winters,AYACUCHO
2016-04-25,0.0,0.015486320676919081,holt_winters,AYACUCHO
2016-05-02,0.0,0.0,holt_winters,AYACUCHO
2016-05-09,0.0,0.0,holt_winters,AYACUCHO
2016-05-16,0.0,0.05419035658433563,holt_winters,AYACUCHO
2016-05-23,0.0,0.09038832567818883,holt_winters,AYACUCHO
2016-05-30,0.0,0.12614214668464008,holt_winters,AYACUCHO
2016-06-06,0.0,0.00411883630576794,holt_winters,AYACUCHO
2016-06-13,0.15453705334928153,0.025623889414148126,holt_winters,AYACUCHO
2016-06-20,0.15453705334928153,0.05958624314985406,holt_winters,AYACUCHO
2016-06-27,0.15453705334928153,0.03620016414140972,holt_winters,AYACUCHO
2016-07-04,0.0,0.07339308313082832,holt_winters,AYACUCHO
2016-07-11,0.15453705334928153,0.054824436338477764,holt_winters,AYACUCHO
2016-07-18,0.3090741066985631,0.08858176826640395,holt_winters,AYACUCHO
2016-07-25,0.3090741066985631,0.12951401681404898,holt_winters,AYACUCHO
2016-08-01,0.15453705334928153,0.34990527392579757,holt_winters,AYACUCHO
2016-08-08,0.0,0.2700187222442657,holt_winters,AYACUCHO
2016-08-15,0.0,0.22717403906711206,holt_winters,AYACUCHO
2016-08-22,0.15453705334928153,0.23103805402415045,holt_winters,AYACUCHO
2016-08-29,0.15453705334928153,0.144547490944301,holt_winters,AYACUCHO
2016-09-05,0.15453705334928153,0.11844961989753339,holt_winters,AYACUCHO
2016-09-12,0.0,0.09535488497738022,holt_winters,AYACUCHO
2016-09-19,0.0,0.037324081883919995,holt_winters,AYACUCHO
2016-09-26,0.0,0.0,holt_winters,AYACUCHO
2016-10-03,0.0,0.0,holt_winters,AYACUCHO
2016-10-10,0.0,0.07047402826045998,holt_winters,AYACUCHO
2016-10-17,0.0,0.065777061845552,holt_winters,AYACUCHO
2016-10-24,0.0,0.0,holt_winters,AYACUCHO
2016-10-31,0.0,0.0,holt_winters,AYACUCHO
2016-11-07,0.0,0.0,holt_winters,AYACUCHO
2016-11-14,0.0,0.0,holt_winters,AYACUCHO
2016-11-21,0.0,0.00043380535820781557,holt_winters,AYACUCHO
2016-11-28,0.0,0.0,holt_winters,AYACUCHO
2016-12-05,0.0,0.0,holt_winters,AYACUCHO
2016-12-12,0.0,0.019924924674073717,holt_winters,AYACUCHO
2016-12-19,0.0,0.004147551468524747,holt_winters,AYACUCHO
2016-12-26,0.0,0.009493559104475822,holt_winters,AYACUCHO
2017-01-02,0.0,0.0,holt_winters,AYACUCHO
2017-01-09,0.0,0.08892827080367742,holt_winters,AYACUCHO
2017-01-16,0.0,0.001121175705921078,holt_winters,AYACUCHO
2017-01-23,0.0,0.0653308861054247,holt_winters,AYACUCHO
2017-01-30,0.0,0.0,holt_winters,AYACUCHO
2017-02-06,0.0,0.04992672082848572,holt_winters,AYACUCHO
2017-02-13,0.0,0.0,holt_winters,AYACUCHO
2017-02-20,0.0,0.0,holt_winters,AYACUCHO
2017-02-27,0.0,0.0,holt_winters,AYACUCHO
2017-03-06,0.0,0.0,holt_winters,AYACUCHO
2017-03-13,0.0,0.0,holt_winters,AYACUCHO
2017-03-20,0.0,0.0,holt_winters,AYACUCHO
2017-03-27,0.15362398992226625,0.03942179493920703,holt_winters,AYACUCHO
2017-04-03,0.15362398992226625,0.03869480246213817,holt_winters,AYACUCHO
2017-04-10,0.15362398992226625,0.2158570768247622,holt_winters,AYACUCHO
2017-04-17,0.0,0.1608141514152865,holt_winters,AYACUCHO
2017-04-24,0.0,0.15753168777637933,holt_winters,AYACUCHO
2017-05-01,0.0,0.06261676959789694,holt_winters,AYACUCHO
2017-05-08,0.0,0.0,holt_winters,AYACUCHO
2017-05-15,0.0,0.08240219235223588,holt_winters,AYACUCHO
2017-05-22,0.0,0.11020551686182217,holt_winters,AYACUCHO
2017-05-29,0.0,0.13901376004554486,holt_winters,AYACUCHO
2017-06-05,0.0,0.028415810660717765,holt_winters,AYACUCHO
2017-06-12,0.15362398992226625,0.11841673261150479,holt_winters,AYACUCHO
2017-06-19,0.15362398992226625,0.1257427524945066,holt_winters,AYACUCHO
2017-06-26,0.15362398992226625,0.07592163929995192,holt_winters,AYACUCHO
2017-07-03,0.0,0.07634410069633611,holt_winters,AYACUCHO
2017-07-10,0.0,0.10036733806397745,holt_winters,AYACUCHO
2017-07-17,0.0,0.18491932637394823,holt_winters,AYACUCHO
2017-07-24,0.0,0.18193481650674007,holt_winters,AYACUCHO
2017-07-31,0.0,0.002113725018859165,holt_winters,AYACUCHO
2017-08-07,0.0,0.0,holt_winters,AYACUCHO
2017-08-14,0.0,0.0,holt_winters,AYACUCHO
2017-08-21,0.0,0.0,holt_winters,AYACUCHO
2017-08-28,0.0,0.00559476244598009,holt_winters,AYACUCHO
2017-09-04,0.0,0.0,holt_winters,AYACUCHO
2017-09-11,0.0,0.0,holt_winters,AYACUCHO
2017-09-18,0.0,0.0,holt_winters,AYACUCHO
2017-09-25,0.15362398992226625,0.0003621589083050315,holt_winters,AYACUCHO
2017-10-02,0.15362398992226625,0.0,holt_winters,AYACUCHO
2017-10-09,0.15362398992226625,0.038627508707040646,holt_winters,AYACUCHO
2017-10-16,0.0,0.03270952117364094,holt_winters,AYACUCHO
2017-10-23,0.0,0.002644103794626327,holt_winters,AYACUCHO
2017-10-30,0.15362398992226625,0.0,holt_winters,AYACUCHO
2017-11-06,0.15362398992226625,0.0,holt_winters,AYACUCHO
2017-11-13,0.15362398992226625,0.0,holt_winters,AYACUCHO
2017-11-20,0.15362398992226625,0.15225825147668418,holt_winters,AYACUCHO
2017-11-27,0.3072479798445325,0.12926036492771362,holt_winters,AYACUCHO
2017-12-04,0.3072479798445325,0.13741680674827692,holt_winters,AYACUCHO
2017-12-11,0.3072479798445325,0.17749585087351122,holt_winters,AYACUCHO
2017-12-18,0.15362398992226625,0.3062635643021334,holt_winters,AYACUCHO
2017-12-25,0.3072479798445325,0.3332786083645099,holt_winters,AYACUCHO
2018-01-01,0.15362398992226625,0.2946276489080195,holt_winters,AYACUCHO
2018-01-08,0.30632675246794344,0.36773726704638315,holt_winters,AYACUCHO
2018-01-15,0.15270276254567716,0.2968437590363043,holt_winters,AYACUCHO
2018-01-22,0.15270276254567716,0.37098592006642606,holt_winters,AYACUCHO
2018-01-29,0.0,0.3044517549036227,holt_winters,AYACUCHO
2018-02-05,0.0,0.37861366741588537,holt_winters,AYACUCHO
2018-02-12,0.0,0.0,holt_winters,AYACUCHO
2018-02-19,0.0,0.027203010358297593,holt_winters,AYACUCHO
2018-02-26,0.0,0.0,holt_winters,AYACUCHO
2018-03-05,0.15270276254567716,0.0,holt_winters,AYACUCHO
2018-03-12,0.15270276254567716,0.07211678881109775,holt_winters,AYACUCHO
2018-03-19,0.15270276254567716,0.10308932392726064,holt_winters,AYACUCHO
2018-03-26,0.0,0.19807447741116374,holt_winters,AYACUCHO
2018-04-02,0.0,0.1975895550557664,holt_winters,AYACUCHO
2018-04-09,0.0,0.0559949343684327,holt_winters,AYACUCHO
2018-04-16,0.0,0.0,holt_winters,AYACUCHO
2018-04-23,0.0,0.0,holt_winters,AYACUCHO
2018-04-30,0.0,0.0,holt_winters,AYACUCHO
2018-05-07,0.0,0.0003124810341035182,holt_winters,AYACUCHO
2018-05-14,0.0,0.059016558932807654,holt_winters,AYACUCHO
2018-05-21,0.0,0.08534028842555204,holt_winters,AYACUCHO
2018-05-28,0.3054055250913544,0.08454403805957766,holt_winters,AYACUCHO
2018-06-04,0.3054055250913544,0.2949289672620456,holt_winters,AYACUCHO
2018-06-11,0.3054055250913544,0.4012168313296325,holt_winters,AYACUCHO
2018-06-18,0.3054055250913544,0.4377543180586427,holt_winters,AYACUCHO
2018-06-25,0.45810828763703154,0.3670611696536184,holt_winters,AYACUCHO
2018-07-02,0.45810828763703154,0.35627413583359446,holt_winters,AYACUCHO
2018-07-09,0.45810828763703154,0.39019193639733474,holt_winters,AYACUCHO
2018-07-16,0.3054055250913544,0.4569150229292045,holt_winters,AYACUCHO
2018-07-23,0.3054055250913544,0.45600127243364846,holt_winters,AYACUCHO
2018-07-30,0.0,0.2645903744391722,holt_winters,AYACUCHO
2018-08-06,0.0,0.20002467483692662,holt_winters,AYACUCHO
2018-08-13,0.0,0.16731773779334908,holt_winters,AYACUCHO
2018-08-20,0.0,0.17632224205226998,holt_winters,AYACUCHO
2018-08-27,0.0,0.03716542330034484,holt_winters,AYACUCHO
2018-09-03,0.0,0.044301419058372295,holt_winters,AYACUCHO
2018-09-10,0.0,0.02007615194288703,holt_winters,AYACUCHO
2018-09-17,0.0,0.0,holt_winters,AYACUCHO
2018-09-24,0.0,0.03620755788187334,holt_winters,AYACUCHO
2018-10-01,0.0,0.005061458433537478,holt_winters,AYACUCHO
2018-10-08,0.0,0.03330752933830312,holt_winters,AYACUCHO
2018-10-15,0.3054055250913544,0.0029436311498758083,holt_winters,AYACUCHO
2018-10-22,0.3054055250913544,0.2951214413874185,holt_winters,AYACUCHO
2018-10-29,0.3054055250913544,0.29156545020923264,holt_winters,AYACUCHO
2018-11-05,0.0,0.2887733106261136,holt_winters,AYACUCHO
2018-11-12,0.0,0.28611279974593207,holt_winters,AYACUCHO
2018-11-19,0.0,0.0009872451375994085,holt_winters,AYACUCHO
2018-11-26,0.0,0.02470553601104477,holt_winters,AYACUCHO
2018-12-03,0.0,0.023239570549722435,holt_winters,AYACUCHO
2018-12-10,0.0,0.05205228878150644,holt_winters,AYACUCHO
2018-12-17,0.0,0.0,holt_winters,AYACUCHO
2018-12-24,0.0,0.01542413544464324,holt_winters,AYACUCHO
2018-12-31,0.0,0.0,holt_winters,AYACUCHO
2019-01-07,0.0,0.009273594314317554,holt_winters,AYACUCHO
2019-01-14,0.0,0.0,holt_winters,AYACUCHO
2019-01-21,0.0,0.0,holt_winters,AYACUCHO
2019-01-28,0.0,0.0,holt_winters,AYACUCHO
2019-02-04,0.0,0.0,holt_winters,AYACUCHO
2019-02-11,0.0,0.0,holt_winters,AYACUCHO
2019-02-18,0.0,0.02061836848656573,holt_winters,AYACUCHO
2019-02-25,0.0,0.0,holt_winters,AYACUCHO
2019-03-04,0.0,0.0,holt_winters,AYACUCHO
2019-03-11,0.0,0.0,holt_winters,AYACUCHO
2019-03-18,0.0,0.0,holt_winters,AYACUCHO
2019-03-25,0.0,0.03228648823471171,holt_winters,AYACUCHO
2019-04-01,0.0,0.02502916642820825,holt_winters,AYACUCHO
2019-04-08,0.0,0.0006688332917554054,holt_winters,AYACUCHO
2019-04-15,0.0,0.0,holt_winters,AYACUCHO
2019-04-22,0.0,0.0,holt_winters,AYACUCHO
2019-04-29,0.0,0.0,holt_winters,AYACUCHO
2019-05-06,0.0,0.0,holt_winters,AYACUCHO
2019-05-13,0.0,0.04878609162773395,holt_winters,AYACUCHO
2019-05-20,0.0,0.06718188517723737,holt_winters,AYACUCHO
2019-05-27,0.0,0.11868614254635766,holt_winters,AYACUCHO
2019-06-03,0.15179228743387543,0.0,holt_winters,AYACUCHO
2019-06-10,0.15179228743387543,0.03812007047113412,holt_winters,AYACUCHO
2019-06-17,0.15179228743387543,0.08072046847601867,holt_winters,AYACUCHO
2019-06-24,0.0,0.06288406973131722,holt_winters,AYACUCHO
2019-07-01,0.0,0.0,holt_winters,AYACUCHO
2019-07-08,0.15179228743387543,0.0,holt_winters,AYACUCHO
2019-07-15,0.15179228743387543,0.0,holt_winters,AYACUCHO
2019-07-22,0.15179228743387543,0.0,holt_winters,AYACUCHO
2019-07-29,0.0,0.0437074104925002,holt_winters,AYACUCHO
2019-08-05,0.0,0.0,holt_winters,AYACUCHO
2019-08-12,0.0,0.0,holt_winters,AYACUCHO
2019-08-19,0.0,0.017406650371200497,holt_winters,AYACUCHO
2019-08-26,0.0,0.040247512831366065,holt_winters,AYACUCHO
2019-09-02,0.0,0.032580085259453585,holt_winters,AYACUCHO
2019-09-09,0.3035845748677509,0.026943152686464737,holt_winters,AYACUCHO
2019-09-16,0.3035845748677509,0.0,holt_winters,AYACUCHO
2019-09-23,0.3035845748677509,0.34721422345044456,holt_winters,AYACUCHO
2019-09-30,0.0,0.31439521428541806,holt_winters,AYACUCHO
2019-10-07,0.0,0.3576157424166641,holt_winters,AYACUCHO
2019-10-14,0.15179228743387543,0.372371257193875,holt_winters,AYACUCHO
2019-10-21,0.15179228743387543,0.14966431967723906,holt_winters,AYACUCHO
2019-10-28,0.15179228743387543,0.15628599482395544,holt_winters,AYACUCHO
2019-11-04,0.0,0.10159570796960331,holt_winters,AYACUCHO
2019-11-11,0.0,0.10573374340431717,holt_winters,AYACUCHO
2019-11-18,0.0,0.0005214471486314793,holt_winters,AYACUCHO
2019-11-25,0.15179228743387543,0.02177608251259852,holt_winters,AYACUCHO
2019-12-02,0.15179228743387543,0.018610240149858022,holt_winters,AYACUCHO
2019-12-09,0.15179228743387543,0.04613075769855616,holt_winters,AYACUCHO
2019-12-16,0.0,0.11598151354413408,holt_winters,AYACUCHO
2019-12-23,0.0,0.17526359350167198,holt_winters,AYACUCHO
2019-12-30,0.0,0.1189485820750467,holt_winters,AYACUCHO
2020-01-06,0.15089260520609662,0.1484467510477935,holt_winters,AYACUCHO
2020-01-13,0.15089260520609662,0.11545023659691754,holt_winters,AYACUCHO
2020-01-20,0.15089260520609662,0.14295787672499213,holt_winters,AYACUCHO
2020-01-27,0.0,0.10704196987735663,holt_winters,AYACUCHO
2020-02-03,0.0,0.1363142225174832,holt_winters,AYACUCHO
2020-02-10,0.15089260520609662,0.0,holt_winters,AYACUCHO
2020-02-17,0.15089260520609662,0.00027782504681047156,holt_winters,AYACUCHO
2020-02-24,0.15089260520609662,0.0,holt_winters,AYACUCHO
2020-03-02,0.0,0.010643286434749256,holt_winters,AYACUCHO
2020-03-09,0.0,0.0,holt_winters,AYACUCHO
2020-03-16,0.0,0.0,holt_winters,AYACUCHO
2020-03-23,0.15089260520609662,0.0,holt_winters,AYACUCHO
2020-03-30,0.15089260520609662,0.0,holt_winters,AYACUCHO
2020-04-06,0.15089260520609662,0.14935495627689463,holt_winters,AYACUCHO
2020-04-13,0.0,0.11983295530166851,holt_winters,AYACUCHO
2020-04-20,0.0,0.12235641831088523,holt_winters,AYACUCHO
2020-04-27,0.0,0.09253809740072792,holt_winters,AYACUCHO
2020-05-04,0.0,0.0,holt_winters,AYACUCHO
2020-05-11,0.0,0.028550723068346565,holt_winters,AYACUCHO
2020-05-18,0.0,0.028970016461623827,holt_winters,AYACUCHO
2020-05-25,0.0,0.0857033420940021,holt_winters,AYACUCHO
2020-06-01,0.0,0.04157514482239419,holt_winters,AYACUCHO
2020-06-08,0.0,0.10075045038798044,holt_winters,AYACUCHO
2020-06-15,0.0,0.13102094685215906,holt_winters,AYACUCHO
2020-06-22,0.0,0.12239382860141154,holt_winters,AYACUCHO
2020-06-29,0.0,0.0,holt_winters,AYACUCHO
2020-07-06,0.0,0.0,holt_winters,AYACUCHO
2020-07-13,0.0,0.0,holt_winters,AYACUCHO
2020-07-20,0.0,0.0,holt_winters,AYACUCHO
2020-07-27,0.0,0.0,holt_winters,AYACUCHO
2020-08-03,0.0,0.0,holt_winters,AYACUCHO
2020-08-10,0.0,0.0,holt_winters,AYACUCHO
2020-08-17,0.0,0.0,holt_winters,AYACUCHO
2020-08-24,0.0,0.000717015522685878,holt_winters,AYACUCHO
2020-08-31,0.0,0.009101696999926816,holt_winters,AYACUCHO
2020-09-07,0.0,0.040775749069997896,holt_winters,AYACUCHO
2020-09-14,0.0,0.016443109023318088,holt_winters,AYACUCHO
2020-09-21,0.0,0.03626121486914464,holt_winters,AYACUCHO
2020-09-28,0.0,0.0,holt_winters,AYACUCHO
2020-10-05,0.0,0.0,holt_winters,AYACUCHO
2020-10-12,0.0,0.03226281414378838,holt_winters,AYACUCHO
2020-10-19,0.0,0.0038376686337199084,holt_winters,AYACUCHO
2020-10-26,0.0,0.031120253613252376,holt_winters,AYACUCHO
2020-11-02,0.0,0.0,holt_winters,AYACUCHO
2020-11-09,0.0,0.0,holt_winters,AYACUCHO
2020-11-16,0.0,0.0005528755480681241,holt_winters,AYACUCHO
2020-11-23,0.0,0.05497201511395082,holt_winters,AYACUCHO
2020-11-30,0.0,0.05467598981176964,holt_winters,AYACUCHO
2020-12-07,0.0,0.05440307280443102,holt_winters,AYACUCHO
2020-12-14,0.0,0.0,holt_winters,AYACUCHO
2020-12-21,0.0,0.0,holt_winters,AYACUCHO
2020-12-28,0.0,0.0,holt_winters,AYACUCHO
2021-01-04,0.0,0.0,holt_winters,AYACUCHO
2021-01-11,0.0,0.0,holt_winters,AYACUCHO
2021-01-18,0.0,0.0,holt_winters,AYACUCHO
2021-01-25,0.0,0.0,holt_winters,AYACUCHO
2021-02-01,0.0,0.0,holt_winters,AYACUCHO
2021-02-08,0.0,0.03543264638200764,holt_winters,AYACUCHO
2021-02-15,0.0,0.061088215314337294,holt_winters,AYACUCHO
2021-02-22,0.0,0.05753912613310726,holt_winters,AYACUCHO
2021-03-01,0.0,0.05510174669085857,holt_winters,AYACUCHO
2021-03-08,0.1500035250828394,0.00018576703884199482,holt_winters,AYACUCHO
2021-03-15,0.3000070501656788,0.0,holt_winters,AYACUCHO
2021-03-22,0.3000070501656788,0.02817075456933081,holt_winters,AYACUCHO
2021-03-29,0.1500035250828394,0.027875007190989832,holt_winters,AYACUCHO
2021-04-05,0.0,0.15138919533380588,holt_winters,AYACUCHO
2021-04-12,0.0,0.0825965568815749,holt_winters,AYACUCHO
2021-04-19,0.0,0.07833486509727432,holt_winters,AYACUCHO
2021-04-26,0.0,0.07492020199842547,holt_winters,AYACUCHO
2021-05-03,0.0,5.422341356200215e-06,holt_winters,AYACUCHO
2021-05-10,0.0,1.066489511350878e-05,holt_winters,AYACUCHO
2021-05-17,0.0,2.1607353370940634e-05,holt_winters,AYACUCHO
2021-05-24,0.1500035250828394,0.05478623206211361,holt_winters,AYACUCHO
2021-05-31,0.1500035250828394,0.19165348698917756,holt_winters,AYACUCHO
2021-06-07,0.1500035250828394,0.2508504049598313,holt_winters,AYACUCHO
2021-06-14,0.0,0.24208522829070497,holt_winters,AYACUCHO
2021-06-21,0.0,0.2276075573524435,holt_winters,AYACUCHO
2021-06-28,0.0,0.0,holt_winters,AYACUCHO
2021-07-05,0.0,0.012545459976428768,holt_winters,AYACUCHO
2021-07-12,0.0,0.007446891961292252,holt_winters,AYACUCHO
2021-07-19,0.0,0.0012269583177489122,holt_winters,AYACUCHO
2021-07-26,0.0,0.0,holt_winters,AYACUCHO
2021-08-02,0.0,0.0,holt_winters,AYACUCHO
2021-08-09,0.0,0.0,holt_winters,AYACUCHO
2021-08-16,0.0,0.0,holt_winters,AYACUCHO
2021-08-23,0.0,0.0,holt_winters,AYACUCHO
2021-08-30,0.0,0.010570734086546667,holt_winters,AYACUCHO
2021-09-06,0.0,0.044919386131297624,holt_winters,AYACUCHO
2021-09-13,0.0,0.05245986029140112,holt_winters,AYACUCHO
2021-09-20,0.0,0.03652780198221572,holt_winters,AYACUCHO
2021-09-27,0.1500035250828394,0.0,holt_winters,AYACUCHO
2021-10-04,0.1500035250828394,0.0,holt_winters,AYACUCHO
2021-10-11,0.45001057524851823,0.03443030599243643,holt_winters,AYACUCHO
2021-10-18,0.3000070501656788,0.44512504495882005,holt_winters,AYACUCHO
2021-10-25,0.3000070501656788,0.4533306373278089,holt_winters,AYACUCHO
2021-11-01,0.0,0.36394561883319887,holt_winters,AYACUCHO
2021-11-08,0.1500035250828394,0.36080043595297806,holt_winters,AYACUCHO
2021-11-15,0.1500035250828394,0.14392225370449838,holt_winters,AYACUCHO
2021-11-22,0.1500035250828394,0.2056483014767171,holt_winters,AYACUCHO
2021-11-29,0.0,0.20480405675091937,holt_winters,AYACUCHO
2021-12-06,0.0,0.2039692358009015,holt_winters,AYACUCHO
2021-12-13,0.0,0.0,holt_winters,AYACUCHO
2021-12-20,0.0,0.0,holt_winters,AYACUCHO
2021-12-27,0.0,0.0,holt_winters,AYACUCHO
2022-01-03,0.0,0.0,holt_winters,AYACUCHO
2022-01-10,0.0,0.0,holt_winters,AYACUCHO
2022-01-17,0.0,0.0,holt_winters,AYACUCHO
2022-01-24,0.0,0.0,holt_winters,AYACUCHO
2022-01-31,0.0,0.0,holt_winters,AYACUCHO
2022-02-07,0.0,0.03577071529101087,holt_winters,AYACUCHO
2022-02-14,0.0,0.035292957484274676,holt_winters,AYACUCHO
2022-02-21,0.0,0.03483638332440673,holt_winters,AYACUCHO
2022-02-28,0.0,0.03472930649596113,holt_winters,AYACUCHO
2022-03-07,0.0,0.036418100190748474,holt_winters,AYACUCHO
2022-03-14,0.0,0.05706407651132822,holt_winters,AYACUCHO
2022-03-21,0.0,0.08328728879763571,holt_winters,AYACUCHO
2022-03-28,0.0,0.05394620641762337,holt_winters,AYACUCHO
2022-04-04,0.0,0.0,holt_winters,AYACUCHO
2022-04-11,0.0,0.0,holt_winters,AYACUCHO
2022-04-18,0.0,0.0,holt_winters,AYACUCHO
2022-04-25,0.14912486075466122,0.0,holt_winters,AYACUCHO
2022-05-02,0.14912486075466122,0.14446619864493462,holt_winters,AYACUCHO
2022-05-09,0.14912486075466122,0.1436909575207068,holt_winters,AYACUCHO
2022-05-16,0.14912486075466122,0.14292763166492314,holt_winters,AYACUCHO
2022-05-23,0.14912486075466122,0.23886037686647338,holt_winters,AYACUCHO
2022-05-30,0.14912486075466122,0.19280512994712537,holt_winters,AYACUCHO
2022-06-06,0.0,0.2174165095994798,holt_winters,AYACUCHO
2022-06-13,0.0,0.17619445521889063,holt_winters,AYACUCHO
2022-06-20,0.0,0.1629728379904988,holt_winters,AYACUCHO
2022-06-27,0.0,0.0007836143832045012,holt_winters,AYACUCHO
2022-07-04,0.14912486075466122,0.027490719673868725,holt_winters,AYACUCHO
2022-07-11,0.14912486075466122,0.003264265840806444,holt_winters,AYACUCHO
2022-07-18,0.14912486075466122,0.0017045996304895462,holt_winters,AYACUCHO
2022-07-25,0.0,0.03786509854506503,holt_winters,AYACUCHO
2022-08-01,0.0,0.03709023365861069,holt_winters,AYACUCHO
2022-08-08,0.14912486075466122,0.036372593367938924,holt_winters,AYACUCHO
2022-08-15,0.14912486075466122,0.0357042096093505,holt_winters,AYACUCHO
2022-08-22,0.14912486075466122,0.14878273050247906,holt_winters,AYACUCHO
2022-08-29,0.0,0.1469688323380909,holt_winters,AYACUCHO
2022-09-05,0.0,0.20764886256693818,holt_winters,AYACUCHO
2022-09-12,0.0,0.20598932750812096,holt_winters,AYACUCHO
2022-09-19,0.0,0.0003002378884087119,holt_winters,AYACUCHO
2022-09-26,0.0,0.0,holt_winters,AYACUCHO
2022-10-03,0.0,0.0,holt_winters,AYACUCHO
2022-10-10,0.0,0.07908727313093025,holt_winters,AYACUCHO
2022-10-17,0.0,0.0,holt_winters,AYACUCHO
2022-10-24,0.0,0.0,holt_winters,AYACUCHO
2022-10-31,0.0,0.0,holt_winters,AYACUCHO
2022-11-07,0.0,0.0,holt_winters,AYACUCHO
2022-11-14,0.0,0.0008048624891000043,holt_winters,AYACUCHO
2022-11-21,0.0,0.05642289986163795,holt_winters,AYACUCHO
2022-11-28,0.0,0.028122228163285842,holt_winters,AYACUCHO
2022-12-05,0.0,0.028931511938216227,holt_winters,AYACUCHO
2010-12-27,0.3205004935707601,0.198049606980821,arima,AYACUCHO
2011-01-03,0.3205004935707601,0.28799684772250816,arima,AYACUCHO
2011-01-10,0.16025024678538005,0.21989876645272832,arima,AYACUCHO
2011-01-17,0.0,0.23619285989759412,arima,AYACUCHO
2011-01-24,0.0,0.0,arima,AYACUCHO
2011-01-31,0.0,0.0,arima,AYACUCHO
2011-02-07,0.0,0.0,arima,AYACUCHO
2011-02-14,0.0,0.0,arima,AYACUCHO
2011-02-21,0.0,0.0,arima,AYACUCHO
2011-02-28,0.0,0.0,arima,AYACUCHO
2011-03-07,0.0,0.0,arima,AYACUCHO
2011-03-14,0.0,0.0,arima,AYACUCHO
2011-03-21,0.0,0.01110444881092833,arima,AYACUCHO
2011-03-28,0.0,0.012637202589546892,arima,AYACUCHO
2011-04-04,0.0,0.00868846120301568,arima,AYACUCHO
2011-04-11,0.0,0.010716168372847576,arima,AYACUCHO
2011-04-18,0.0,0.0,arima,AYACUCHO
2011-04-25,0.15926889207780603,0.0,arima,AYACUCHO
2011-05-02,0.15926889207780603,0.0,arima,AYACUCHO
2011-05-09,0.31853778415561207,0.0,arima,AYACUCHO
2011-05-16,0.15926889207780603,0.2449963960706291,arima,AYACUCHO
2011-05-23,0.15926889207780603,0.3381091967741289,arima,AYACUCHO
2011-05-30,0.15926889207780603,0.3008930943679621,arima,AYACUCHO
2011-06-06,0.15926889207780603,0.2971574976921985,arima,AYACUCHO
2011-06-13,0.15926889207780603,0.2121690413552217,arima,AYACUCHO
2011-06-20,0.0,0.14375134391394986,arima,AYACUCHO
2011-06-27,0.15926889207780603,0.16968003096162523,arima,AYACUCHO
2011-07-04,0.31853778415561207,0.174357192126344,arima,AYACUCHO
2011-07-11,0.31853778415561207,0.48846450021667465,arima,AYACUCHO
2011-07-18,0.15926889207780603,0.43127960652149805,arima,AYACUCHO
2011-07-25,0.0,0.4123257353620689,arima,AYACUCHO
2011-08-01,0.15926889207780603,0.4406685344968079,arima,AYACUCHO
2011-08-08,0.15926889207780603,0.178864922779547,arima,AYACUCHO
2011-08-15,0.15926889207780603,0.26179027868164767,arima,AYACUCHO
2011-08-22,0.0,0.20560015230023437,arima,AYACUCHO
2011-08-29,0.15926889207780603,0.2133014815093104,arima,AYACUCHO
2011-09-05,0.31853778415561207,0.2367498510612166,arima,AYACUCHO
2011-09-12,0.31853778415561207,0.3285895346937911,arima,AYACUCHO
2011-09-19,0.15926889207780603,0.24533589117724824,arima,AYACUCHO
2011-09-26,0.0,0.27413512058380185,arima,AYACUCHO
2011-10-03,0.0,0.0,arima,AYACUCHO
2011-10-10,0.15926889207780603,0.0,arima,AYACUCHO
2011-10-17,0.15926889207780603,0.0,arima,AYACUCHO
2011-10-24,0.15926889207780603,0.0,arima,AYACUCHO
2011-10-31,0.15926889207780603,0.07013724776048764,arima,AYACUCHO
2011-11-07,0.31853778415561207,0.07868823737113112,arima,AYACUCHO
2011-11-14,0.31853778415561207,0.08306549666564171,arima,AYACUCHO
2011-11-21,0.15926889207780603,0.1310105587306904,arima,AYACUCHO
2011-11-28,0.0,0.08040654571960652,arima,AYACUCHO
2011-12-05,0.0,0.09856462287830693,arima,AYACUCHO
2011-12-12,0.15926889207780603,0.1824963367000874,arima,AYACUCHO
2011-12-19,0.15926889207780603,0.21768751514176168,arima,AYACUCHO
2011-12-26,0.15926889207780603,0.13647899433511174,arima,AYACUCHO
2012-01-02,0.0,0.04872672633282259,arima,AYACUCHO
2012-01-09,0.0,0.06000438629042839,arima,AYACUCHO
2012-01-16,0.1582994836270844,0.07673213498564128,arima,AYACUCHO
2012-01-23,0.1582994836270844,0.25775719015250376,arima,AYACUCHO
2012-01-30,0.1582994836270844,0.23018754419510612,arima,AYACUCHO
2012-02-06,0.0,0.12711644556420237,arima,AYACUCHO
2012-02-13,0.0,0.08889856183305601,arima,AYACUCHO
2012-02-20,0.0,0.012453074552777036,arima,AYACUCHO
2012-02-27,0.0,0.09639201985848662,arima,AYACUCHO
2012-03-05,0.0,0.08637137641169043,arima,AYACUCHO
2012-03-12,0.0,0.07230822197505427,arima,AYACUCHO
2012-03-19,0.0,0.0,arima,AYACUCHO
2012-03-26,0.0,0.0,arima,AYACUCHO
2012-04-02,0.1582994836270844,0.0,arima,AYACUCHO
2012-04-09,0.1582994836270844,0.0,arima,AYACUCHO
2012-04-16,0.1582994836270844,0.14030360363570443,arima,AYACUCHO
2012-04-23,0.1582994836270844,0.055520186858814984,arima,AYACUCHO
2012-04-30,0.1582994836270844,0.06535875758593353,arima,AYACUCHO
2012-05-07,0.1582994836270844,0.08216961431595814,arima,AYACUCHO
2012-05-14,0.0,0.15841979715316448,arima,AYACUCHO
2012-05-21,0.1582994836270844,0.15840689034010572,arima,AYACUCHO
2012-05-28,0.1582994836270844,0.15839482929992046,arima,AYACUCHO
2012-06-04,0.3165989672541688,0.1583329773092258,arima,AYACUCHO
2012-06-11,0.1582994836270844,0.20626145592466166,arima,AYACUCHO
2012-06-18,0.3165989672541688,0.19783620805524357,arima,AYACUCHO
2012-06-25,0.1582994836270844,0.1280182616852877,arima,AYACUCHO
2012-07-02,0.1582994836270844,0.19121539985910924,arima,AYACUCHO
2012-07-09,0.0,0.0868146541500593,arima,AYACUCHO
2012-07-16,0.0,0.17999566322496852,arima,AYACUCHO
2012-07-23,0.1582994836270844,0.17437261390386688,arima,AYACUCHO
2012-07-30,0.1582994836270844,0.2059436406979393,arima,AYACUCHO
2012-08-06,0.1582994836270844,0.13113980441588236,arima,AYACUCHO
2012-08-13,0.0,0.04777210823206039,arima,AYACUCHO
2012-08-20,0.1582994836270844,0.061854148999597035,arima,AYACUCHO
2012-08-27,0.1582994836270844,0.08458224560803537,arima,AYACUCHO
2012-09-03,0.1582994836270844,0.23075176986333545,arima,AYACUCHO
2012-09-10,0.0,0.12580665298134497,arima,AYACUCHO
2012-09-17,0.0,0.1312600708016849,arima,AYACUCHO
2012-09-24,0.0,0.1064622923594639,arima,AYACUCHO
2012-10-01,0.0,0.08350708326057409,arima,AYACUCHO
2012-10-08,0.0,0.07078547284299368,arima,AYACUCHO
2012-10-15,0.3127912868859125,0.060977063865057246,arima,AYACUCHO
2012-10-22,0.3127912868859125,0.017851973236856028,arima,AYACUCHO
2012-10-29,0.3127912868859125,0.2703968112668201,arima,AYACUCHO
2012-11-05,0.0,0.09231848427209398,arima,AYACUCHO
2012-11-12,0.1582994836270844,0.1245552945017423,arima,AYACUCHO
2012-11-19,0.1582994836270844,0.1626281868045197,arima,AYACUCHO
2012-11-26,0.1582994836270844,0.32641037146351815,arima,AYACUCHO
2012-12-03,0.0,0.1912179082056859,arima,AYACUCHO
2012-12-10,0.0,0.19216904538066368,arima,AYACUCHO
2012-12-17,0.0,0.11790947391010083,arima,AYACUCHO
2012-12-24,0.0,0.08177489560142058,arima,AYACUCHO
2012-12-31,0.0,0.06601278532783765,arima,AYACUCHO
2013-01-07,0.0,0.05847374589669871,arima,AYACUCHO
2013-01-14,0.15734180461609387,0.017002909998350347,arima,AYACUCHO
2013-01-21,0.15734180461609387,0.1451332142622217,arima,AYACUCHO
2013-01-28,0.31468360923218774,0.12648400449016342,arima,AYACUCHO
2013-02-04,0.15734180461609387,0.04562158983366849,arima,AYACUCHO
2013-02-11,0.31468360923218774,0.06895126488930872,arima,AYACUCHO
2013-02-18,0.15734180461609387,0.2306446265155864,arima,AYACUCHO
2013-02-25,0.15734180461609387,0.3177729211130711,arima,AYACUCHO
2013-03-04,0.0,0.22179407032716025,arima,AYACUCHO
2013-03-11,0.0,0.2762240218287988,arima,AYACUCHO
2013-03-18,0.0,0.004487188946492393,arima,AYACUCHO
2013-03-25,0.0,0.08581195857097453,arima,AYACUCHO
2013-04-01,0.0,0.06894189851680273,arima,AYACUCHO
2013-04-08,0.0,0.061028554795228764,arima,AYACUCHO
2013-04-15,0.0,0.0,arima,AYACUCHO
2013-04-22,0.0,0.0,arima,AYACUCHO
2013-04-29,0.0,0.0,arima,AYACUCHO
2013-05-06,0.0,0.0,arima,AYACUCHO
2013-05-13,0.0,0.0,arima,AYACUCHO
2013-05-20,0.0,0.0,arima,AYACUCHO
2013-05-27,0.0,0.0,arima,AYACUCHO
2013-06-03,0.0,0.0,arima,AYACUCHO
2013-06-10,0.15734180461609387,0.0,arima,AYACUCHO
2013-06-17,0.31468360923218774,0.0,arima,AYACUCHO
2013-06-24,0.31468360923218774,0.0,arima,AYACUCHO
2013-07-01,0.31468360923218774,0.0,arima,AYACUCHO
2013-07-08,0.15734180461609387,0.24222497405056925,arima,AYACUCHO
2013-07-15,0.31468360923218774,0.2555444505687159,arima,AYACUCHO
2013-07-22,0.15734180461609387,0.26072755504014855,arima,AYACUCHO
2013-07-29,0.15734180461609387,0.2971496169766042,arima,AYACUCHO
2013-08-05,0.3127912868859125,0.08557989393049803,arima,AYACUCHO
2013-08-12,0.4701330915020064,0.17953613479816743,arima,AYACUCHO
2013-08-19,0.4701330915020064,0.16808920536540234,arima,AYACUCHO
2013-08-26,0.31468360923218774,0.20131730249831337,arima,AYACUCHO
2013-09-02,0.15734180461609387,0.2580644637818489,arima,AYACUCHO
2013-09-09,0.15734180461609387,0.28537440361316313,arima,AYACUCHO
2013-09-16,0.0,0.3663801711684725,arima,AYACUCHO
2013-09-23,0.0,0.38011996410986665,arima,AYACUCHO
2013-09-30,0.0,0.007859814676122937,arima,AYACUCHO
2013-10-07,0.0,0.0857086380385115,arima,AYACUCHO
2013-10-14,0.0,0.07083088029679628,arima,AYACUCHO
2013-10-21,0.0,0.06062997304588975,arima,AYACUCHO
2013-10-28,0.0,0.0,arima,AYACUCHO
2013-11-04,0.0,0.0,arima,AYACUCHO
2013-11-11,0.0,0.0,arima,AYACUCHO
2013-11-18,0.0,0.0,arima,AYACUCHO
2013-11-25,0.0,0.0,arima,AYACUCHO
2013-12-02,0.0,0.0,arima,AYACUCHO
2013-12-09,0.0,0.0,arima,AYACUCHO
2013-12-16,0.0,0.0,arima,AYACUCHO
2013-12-23,0.0,0.0,arima,AYACUCHO
2013-12-30,0.0,0.0,arima,AYACUCHO
2014-01-06,0.0,0.0,arima,AYACUCHO
2014-01-13,0.15639564344295626,0.0,arima,AYACUCHO
2014-01-20,0.3127912868859125,0.14613654796927655,arima,AYACUCHO
2014-01-27,0.3127912868859125,0.1300416928318991,arima,AYACUCHO
2014-02-03,0.15639564344295626,0.052372995658221184,arima,AYACUCHO
2014-02-10,0.15639564344295626,0.07202304452712252,arima,AYACUCHO
2014-02-17,0.15639564344295626,0.1797601189532081,arima,AYACUCHO
2014-02-24,0.3127912868859125,0.2557420829290444,arima,AYACUCHO
2014-03-03,0.15639564344295626,0.2392294646884608,arima,AYACUCHO
2014-03-10,0.15639564344295626,0.22090394178841652,arima,AYACUCHO
2014-03-17,0.0,0.09638731250662565,arima,AYACUCHO
2014-03-24,0.0,0.18209221635703124,arima,AYACUCHO
2014-03-31,0.3127912868859125,0.17396801183915428,arima,AYACUCHO
2014-04-07,0.3127912868859125,0.1995555946840646,arima,AYACUCHO
2014-04-14,0.625582573771825,0.2681314620012335,arima,AYACUCHO
2014-04-21,0.3127912868859125,0.10891537100055391,arima,AYACUCHO
2014-04-28,0.3127912868859125,0.13596234232680707,arima,AYACUCHO
2014-05-05,0.0,0.16976092182220293,arima,AYACUCHO
2014-05-12,0.0,0.15351898834247435,arima,AYACUCHO
2014-05-19,0.15639564344295626,0.15346055634173814,arima,AYACUCHO
2014-05-26,0.3127912868859125,0.3225722287361337,arima,AYACUCHO
2014-06-02,0.3127912868859125,0.20447676234037396,arima,AYACUCHO
2014-06-09,0.46918693032886877,0.20237223977170674,arima,AYACUCHO
2014-06-16,0.46918693032886877,0.12822754207293383,arima,AYACUCHO
2014-06-23,0.46918693032886877,0.13908885723436012,arima,AYACUCHO
2014-06-30,0.15639564344295623,0.19902613805823335,arima,AYACUCHO
2014-07-07,0.15639564344295623,0.1757519697735247,arima,AYACUCHO
2014-07-14,0.15639564344295623,0.1893601939958768,arima,AYACUCHO
2014-07-21,0.4691869303288687,0.34087501587742575,arima,AYACUCHO
2014-07-28,0.46918693032886877,0.3203893655517555,arima,AYACUCHO
2014-08-04,0.46918693032886877,0.4502410386665245,arima,AYACUCHO
2014-08-11,0.15639564344295623,0.28113092288491764,arima,AYACUCHO
2014-08-18,0.0,0.2891491887953906,arima,AYACUCHO
2014-08-25,0.0,0.30568884785793693,arima,AYACUCHO
2014-09-01,0.0,0.14565287970442709,arima,AYACUCHO
2014-09-08,0.0,0.23658906630997165,arima,AYACUCHO
2014-09-15,0.15639564344295623,0.22823919922698285,arima,AYACUCHO
2014-09-22,0.15639564344295623,0.13854802036969283,arima,AYACUCHO
2014-09-29,0.15639564344295623,0.1492056865229182,arima,AYACUCHO
2014-10-06,0.0,0.06604311865837932,arima,AYACUCHO
2014-10-13,0.15639564344295623,0.06656764670661104,arima,AYACUCHO
2014-10-20,0.15639564344295623,0.07294411902579655,arima,AYACUCHO
2014-10-27,0.15639564344295623,0.24184964505139925,arima,AYACUCHO
2014-11-03,0.0,0.14927927921082326,arima,AYACUCHO
2014-11-10,0.0,0.1490516625287949,arima,AYACUCHO
2014-11-17,0.0,0.10951497740373785,arima,AYACUCHO
2014-11-24,0.0,0.07830574431437207,arima,AYACUCHO
2014-12-01,0.0,0.07539310092635605,arima,AYACUCHO
2014-12-08,0.0,0.07282040179759373,arima,AYACUCHO
2014-12-15,0.15639564344295623,0.03196607111283463,arima,AYACUCHO
2014-12-22,0.15639564344295623,0.14326835428951684,arima,AYACUCHO
2014-12-29,0.31279128688591246,0.13828436936994928,arima,AYACUCHO
2015-01-05,0.15639564344295623,0.057189581207277906,arima,AYACUCHO
2015-01-12,0.15639564344295623,0.06634846417163529,arima,AYACUCHO
2015-01-19,0.0,0.0868561003462992,arima,AYACUCHO
2015-01-26,0.0,0.16273721848312492,arima,AYACUCHO
2015-02-02,0.0,0.16174011905643443,arima,AYACUCHO
2015-02-09,0.15546079356516682,0.19746456034912338,arima,AYACUCHO
2015-02-16,0.15546079356516682,0.14719485648445818,arima,AYACUCHO
2015-02-23,0.15546079356516682,0.14417665090961831,arima,AYACUCHO
2015-03-02,0.0,0.061651508386844966,arima,AYACUCHO
2015-03-09,0.0,0.06769338452357562,arima,AYACUCHO
2015-03-16,0.0,0.0032639898950322854,arima,AYACUCHO
2015-03-23,0.15546079356516682,0.08284764957685921,arima,AYACUCHO
2015-03-30,0.15546079356516682,0.08094836927018778,arima,AYACUCHO
2015-04-06,0.15546079356516682,0.07748792169684712,arima,AYACUCHO
2015-04-13,0.15546079356516682,0.0703077239700669,arima,AYACUCHO
2015-04-20,0.15546079356516682,0.07213783261376665,arima,AYACUCHO
2015-04-27,0.15546079356516682,0.07372418013796182,arima,AYACUCHO
2015-05-04,0.0,0.11798437693005105,arima,AYACUCHO
2015-05-11,0.0,0.00927588314188318,arima,AYACUCHO
2015-05-18,0.15546079356516682,0.01224012194451608,arima,AYACUCHO
2015-05-25,0.15546079356516682,0.09401628344300936,arima,AYACUCHO
2015-06-01,0.15546079356516682,0.08308481949420496,arima,AYACUCHO
2015-06-08,0.0,0.07364011155366387,arima,AYACUCHO
2015-06-15,0.0,0.07925926307726508,arima,AYACUCHO
2015-06-22,0.15546079356516682,0.08141650275185965,arima,AYACUCHO
2015-06-29,0.15546079356516682,0.12220013096123815,arima,AYACUCHO
2015-07-06,0.15546079356516682,0.15090551980464542,arima,AYACUCHO
2015-07-13,0.0,0.06957503501697389,arima,AYACUCHO
2015-07-20,0.0,0.07446734947354897,arima,AYACUCHO
2015-07-27,0.0,0.07918720270399313,arima,AYACUCHO
2015-08-03,0.0,0.07645471332545424,arima,AYACUCHO
2015-08-10,0.0,0.07336320153662058,arima,AYACUCHO
2015-08-17,0.0,0.07079194343384983,arima,AYACUCHO
2015-08-24,0.0,0.03161424886028156,arima,AYACUCHO
2015-08-31,0.15546079356516682,1.2710589840101168e-07,arima,AYACUCHO
2015-09-07,0.15546079356516682,1.2206134635927456e-07,arima,AYACUCHO
2015-09-14,0.15546079356516682,1.1795239848557581e-07,arima,AYACUCHO
2015-09-21,0.0,5.425203155346583e-08,arima,AYACUCHO
2015-09-28,0.0,0.00827204628150899,arima,AYACUCHO
2015-10-05,0.0,0.012885827400978888,arima,AYACUCHO
2015-10-12,0.0,0.08958205087704231,arima,AYACUCHO
2015-10-19,0.0,0.08173877239232977,arima,AYACUCHO
2015-10-26,0.0,9.441738894877664e-05,arima,AYACUCHO
2015-11-02,0.0,9.069035054759094e-05,arima,AYACUCHO
2015-11-09,0.0,8.763705552300076e-05,arima,AYACUCHO
2015-11-16,0.0,3.986256806326104e-05,arima,AYACUCHO
2015-11-23,0.0,5.169524776548524e-12,arima,AYACUCHO
2015-11-30,0.0,4.9038196199799105e-12,arima,AYACUCHO
2015-12-07,0.0,4.7399939369766464e-12,arima,AYACUCHO
2015-12-14,0.0,2.178620445814918e-12,arima,AYACUCHO
2015-12-21,0.0,8.566011967677452e-23,arima,AYACUCHO
2015-12-28,0.0,7.988891862907651e-23,arima,AYACUCHO
2016-01-04,0.0,7.704389668797998e-23,arima,AYACUCHO
2016-01-11,0.0,3.512300141479915e-23,arima,AYACUCHO
2016-01-18,0.0,1.1635831587306024e-24,arima,AYACUCHO
2016-01-25,0.15453705334928153,1.0858275917729882e-24,arima,AYACUCHO
2016-02-01,0.15453705334928153,1.0458825103672901e-24,arima,AYACUCHO
2016-02-08,0.15453705334928153,4.762730090290867e-25,arima,AYACUCHO
2016-02-15,0.0,0.0752386209974263,arima,AYACUCHO
2016-02-22,0.15453705334928153,0.08037018998246259,arima,AYACUCHO
2016-02-29,0.15453705334928153,0.08298110467632795,arima,AYACUCHO
2016-03-07,0.15453705334928153,0.12136272494679204,arima,AYACUCHO
2016-03-14,0.0,0.07595053529175773,arima,AYACUCHO
2016-03-21,0.0,0.08241685753356,arima,AYACUCHO
2016-03-28,0.0,0.08528809405725789,arima,AYACUCHO
2016-04-04,0.0,0.12327594430450847,arima,AYACUCHO
2016-04-11,0.0,0.0,arima,AYACUCHO
2016-04-18,0.0,0.0,arima,AYACUCHO
2016-04-25,0.0,0.0,arima,AYACUCHO
2016-05-02,0.0,0.0,arima,AYACUCHO
2016-05-09,0.0,0.0,arima,AYACUCHO
2016-05-16,0.0,0.0,arima,AYACUCHO
2016-05-23,0.0,0.0,arima,AYACUCHO
2016-05-30,0.0,0.0,arima,AYACUCHO
2016-06-06,0.0,0.0,arima,AYACUCHO
2016-06-13,0.15453705334928153,0.0,arima,AYACUCHO
2016-06-20,0.15453705334928153,0.0,arima,AYACUCHO
2016-06-27,0.15453705334928153,0.0,arima,AYACUCHO
2016-07-04,0.0,0.07348973114996789,arima,AYACUCHO
2016-07-11,0.15453705334928153,0.08071753648252163,arima,AYACUCHO
2016-07-18,0.3090741066985631,0.08283499595891544,arima,AYACUCHO
2016-07-25,0.3090741066985631,0.12308608519343349,arima,AYACUCHO
2016-08-01,0.15453705334928153,0.21294611257006463,arima,AYACUCHO
2016-08-08,0.0,0.14413248065059925,arima,AYACUCHO
2016-08-15,0.0,0.1516888519666484,arima,AYACUCHO
2016-08-22,0.15453705334928153,0.19886550830025054,arima,AYACUCHO
2016-08-29,0.15453705334928153,0.23207663835064093,arima,AYACUCHO
2016-09-05,0.15453705334928153,0.2217184471095108,arima,AYACUCHO
2016-09-12,0.0,0.13257419261795134,arima,AYACUCHO
2016-09-19,0.0,0.1004087491280644,arima,AYACUCHO
2016-09-26,0.0,0.0033561336108628194,arima,AYACUCHO
2016-10-03,0.0,0.07956652609136579,arima,AYACUCHO
2016-10-10,0.0,0.07417940962093394,arima,AYACUCHO
2016-10-17,0.0,0.07093425331071625,arima,AYACUCHO
2016-10-24,0.0,6.15005490343262e-06,arima,AYACUCHO
2016-10-31,0.0,5.908579766250733e-06,arima,AYACUCHO
2016-11-07,0.0,5.792514953751577e-06,arima,AYACUCHO
2016-11-14,0.0,2.6378755032181567e-06,arima,AYACUCHO
2016-11-21,0.0,6.458030192631345e-11,arima,AYACUCHO
2016-11-28,0.0,6.211783899385621e-11,arima,AYACUCHO
2016-12-05,0.0,6.182555700870173e-11,arima,AYACUCHO
2016-12-12,0.0,2.920608976372466e-11,arima,AYACUCHO
2016-12-19,0.0,8.202802914205447e-17,arima,AYACUCHO
2016-12-26,0.0,7.878877786748389e-17,arima,AYACUCHO
2017-01-02,0.0,7.84191776192817e-17,arima,AYACUCHO
2017-01-09,0.0,3.707426167123697e-17,arima,AYACUCHO
2017-01-16,0.0,3.0262429867449814e-22,arima,AYACUCHO
2017-01-23,0.0,2.907966600018848e-22,arima,AYACUCHO
2017-01-30,0.0,2.93012188942068e-22,arima,AYACUCHO
2017-02-06,0.0,1.420782332819116e-22,arima,AYACUCHO
2017-02-13,0.0,2.3338615762584652e-27,arima,AYACUCHO
2017-02-20,0.0,2.24344477768752e-27,arima,AYACUCHO
2017-02-27,0.0,2.260635523646717e-27,arima,AYACUCHO
2017-03-06,0.0,1.0963886601507306e-27,arima,AYACUCHO
2017-03-13,0.0,2.3936287338393215e-32,arima,AYACUCHO
2017-03-20,0.0,2.3043605837980195e-32,arima,AYACUCHO
2017-03-27,0.15362398992226625,2.3206006001238796e-32,arima,AYACUCHO
2017-04-03,0.15362398992226625,1.11288409899483e-32,arima,AYACUCHO
2017-04-10,0.15362398992226625,0.1538548770706269,arima,AYACUCHO
2017-04-17,0.0,0.07363905784754511,arima,AYACUCHO
2017-04-24,0.0,0.07649116267348044,arima,AYACUCHO
2017-05-01,0.0,0.07585322697040021,arima,AYACUCHO
2017-05-08,0.0,0.07643276699314257,arima,AYACUCHO
2017-05-15,0.0,0.07338373982951561,arima,AYACUCHO
2017-05-22,0.0,0.07432775272399292,arima,AYACUCHO
2017-05-29,0.0,0.03422211270551727,arima,AYACUCHO
2017-06-05,0.0,7.779949627567606e-07,arima,AYACUCHO
2017-06-12,0.15362398992226625,7.642717519066884e-07,arima,AYACUCHO
2017-06-19,0.15362398992226625,7.644241881615259e-07,arima,AYACUCHO
2017-06-26,0.15362398992226625,3.6998216156907637e-07,arima,AYACUCHO
2017-07-03,0.0,0.07283091923119091,arima,AYACUCHO
2017-07-10,0.0,0.07613334367644989,arima,AYACUCHO
2017-07-17,0.0,0.07603582813862883,arima,AYACUCHO
2017-07-24,0.0,0.11647299604586073,arima,AYACUCHO
2017-07-31,0.0,0.002344538527997022,arima,AYACUCHO
2017-08-07,0.0,0.0022807227357463746,arima,AYACUCHO
2017-08-14,0.0,0.002299722903155135,arima,AYACUCHO
2017-08-21,0.0,0.0011070133429769509,arima,AYACUCHO
2017-08-28,0.0,2.957955421405739e-08,arima,AYACUCHO
2017-09-04,0.0,2.955195376254237e-08,arima,AYACUCHO
2017-09-11,0.0,2.982266049552463e-08,arima,AYACUCHO
2017-09-18,0.0,1.4942740850620294e-08,arima,AYACUCHO
2017-09-25,0.15362398992226625,1.1297818877548815e-13,arima,AYACUCHO
2017-10-02,0.15362398992226625,1.1254451024228368e-13,arima,AYACUCHO
2017-10-09,0.15362398992226625,1.1343860048150508e-13,arima,AYACUCHO
2017-10-16,0.0,5.409786033353058e-14,arima,AYACUCHO
2017-10-23,0.0,0.0028941358316544536,arima,AYACUCHO
2017-10-30,0.15362398992226625,0.0,arima,AYACUCHO
2017-11-06,0.15362398992226625,0.07599065175297473,arima,AYACUCHO
2017-11-13,0.15362398992226625,0.07605861246640883,arima,AYACUCHO
2017-11-20,0.15362398992226625,0.0747779741105713,arima,AYACUCHO
2017-11-27,0.3072479798445325,0.06893638536084036,arima,AYACUCHO
2017-12-04,0.3072479798445325,0.06750581711422993,arima,AYACUCHO
2017-12-11,0.3072479798445325,0.10621374331532603,arima,AYACUCHO
2017-12-18,0.15362398992226625,0.2272600816112483,arima,AYACUCHO
2017-12-25,0.3072479798445325,0.22318346864041697,arima,AYACUCHO
2018-01-01,0.15362398992226625,0.22205361089403552,arima,AYACUCHO
2018-01-08,0.30632675246794344,0.26158937156932616,arima,AYACUCHO
2018-01-15,0.15270276254567716,0.21826987784442795,arima,AYACUCHO
2018-01-22,0.15270276254567716,0.3011974469864537,arima,AYACUCHO
2018-01-29,0.0,0.22020338458947286,arima,AYACUCHO
2018-02-05,0.0,0.26488533456829366,arima,AYACUCHO
2018-02-12,0.0,0.007042689964827366,arima,AYACUCHO
2018-02-19,0.0,0.08311158242758343,arima,AYACUCHO
2018-02-26,0.0,0.08704235184628265,arima,AYACUCHO
2018-03-05,0.15270276254567716,0.08365699909600739,arima,AYACUCHO
2018-03-12,0.15270276254567716,0.14204487940663577,arima,AYACUCHO
2018-03-19,0.15270276254567716,0.14230916792618878,arima,AYACUCHO
2018-03-26,0.0,0.06333718067770577,arima,AYACUCHO
2018-04-02,0.0,0.06432919143953661,arima,AYACUCHO
2018-04-09,0.0,0.0,arima,AYACUCHO
2018-04-16,0.0,0.07445930855882536,arima,AYACUCHO
2018-04-23,0.0,0.07845254458427646,arima,AYACUCHO
2018-04-30,0.0,0.0793093749083512,arima,AYACUCHO
2018-05-07,0.0,0.00012167336004065166,arima,AYACUCHO
2018-05-14,0.0,0.00012822749229008144,arima,AYACUCHO
2018-05-21,0.0,0.00012918565524627315,arima,AYACUCHO
2018-05-28,0.3054055250913544,6.800785623491743e-05,arima,AYACUCHO
2018-06-04,0.3054055250913544,0.2765955868963764,arima,AYACUCHO
2018-06-11,0.3054055250913544,0.27478765507876096,arima,AYACUCHO
2018-06-18,0.3054055250913544,0.11139373628772335,arima,AYACUCHO
2018-06-25,0.45810828763703154,0.11597820616889183,arima,AYACUCHO
2018-07-02,0.45810828763703154,0.45087780394547367,arima,AYACUCHO
2018-07-09,0.45810828763703154,0.45045167845128253,arima,AYACUCHO
2018-07-16,0.3054055250913544,0.3728534861234682,arima,AYACUCHO
2018-07-23,0.3054055250913544,0.3785729414327145,arima,AYACUCHO
2018-07-30,0.0,0.30529551787805076,arima,AYACUCHO
2018-08-06,0.0,0.3804147580158804,arima,AYACUCHO
2018-08-13,0.0,0.3792076236869687,arima,AYACUCHO
2018-08-20,0.0,0.3793859538138035,arima,AYACUCHO
2018-08-27,0.0,0.003740360368976643,arima,AYACUCHO
2018-09-03,0.0,0.0036877023792964542,arima,AYACUCHO
2018-09-10,0.0,0.003732152192700022,arima,AYACUCHO
2018-09-17,0.0,0.001887036243456751,arima,AYACUCHO
2018-09-24,0.0,2.0246324154720562e-09,arima,AYACUCHO
2018-10-01,0.0,1.993402756992785e-09,arima,AYACUCHO
2018-10-08,0.0,2.017345694817405e-09,arima,AYACUCHO
2018-10-15,0.3054055250913544,1.019299479169739e-09,arima,AYACUCHO
2018-10-22,0.3054055250913544,0.29059219791394203,arima,AYACUCHO
2018-10-29,0.3054055250913544,0.29482171532626167,arima,AYACUCHO
2018-11-05,0.0,0.1354111330912129,arima,AYACUCHO
2018-11-12,0.0,0.1441498060965554,arima,AYACUCHO
2018-11-19,0.0,0.0,arima,AYACUCHO
2018-11-26,0.0,0.1436010145437617,arima,AYACUCHO
2018-12-03,0.0,0.14169653962291,arima,AYACUCHO
2018-12-10,0.0,0.14478755098748902,arima,AYACUCHO
2018-12-17,0.0,9.652077229554229e-06,arima,AYACUCHO
2018-12-24,0.0,9.63521738737285e-06,arima,AYACUCHO
2018-12-31,0.0,9.741995659609205e-06,arima,AYACUCHO
2019-01-07,0.0,4.923435914364178e-06,arima,AYACUCHO
2019-01-14,0.0,1.40995608789247e-10,arima,AYACUCHO
2019-01-21,0.0,1.4098553276901162e-10,arima,AYACUCHO
2019-01-28,0.0,1.4316258237560419e-10,arima,AYACUCHO
2019-02-04,0.0,7.303129461226877e-11,arima,AYACUCHO
2019-02-11,0.0,2.3152379528420735e-14,arima,AYACUCHO
2019-02-18,0.0,2.3440263387069092e-14,arima,AYACUCHO
2019-02-25,0.0,2.393685711601661e-14,arima,AYACUCHO
2019-03-04,0.0,1.24261832482277e-14,arima,AYACUCHO
2019-03-11,0.0,0.0,arima,AYACUCHO
2019-03-18,0.0,0.0,arima,AYACUCHO
2019-03-25,0.0,0.0,arima,AYACUCHO
2019-04-01,0.0,0.0,arima,AYACUCHO
2019-04-08,0.0,0.0,arima,AYACUCHO
2019-04-15,0.0,0.0,arima,AYACUCHO
2019-04-22,0.0,0.0,arima,AYACUCHO
2019-04-29,0.0,0.0,arima,AYACUCHO
2019-05-06,0.0,0.0,arima,AYACUCHO
2019-05-13,0.0,0.0,arima,AYACUCHO
2019-05-20,0.0,0.0,arima,AYACUCHO
2019-05-27,0.0,0.0,arima,AYACUCHO
2019-06-03,0.15179228743387543,0.0,arima,AYACUCHO
2019-06-10,0.15179228743387543,0.0,arima,AYACUCHO
2019-06-17,0.15179228743387543,0.0,arima,AYACUCHO
2019-06-24,0.0,0.0,arima,AYACUCHO
2019-07-01,0.0,0.004916719727919889,arima,AYACUCHO
2019-07-08,0.15179228743387543,0.0,arima,AYACUCHO
2019-07-15,0.15179228743387543,0.0012968614939959015,arima,AYACUCHO
2019-07-22,0.15179228743387543,0.002529304883299937,arima,AYACUCHO
2019-07-29,0.0,0.05952451809154405,arima,AYACUCHO
2019-08-05,0.0,0.07462450308959731,arima,AYACUCHO
2019-08-12,0.0,0.1042525281832076,arima,AYACUCHO
2019-08-19,0.0,0.07709845400355751,arima,AYACUCHO
2019-08-26,0.0,0.0,arima,AYACUCHO
2019-09-02,0.0,0.0,arima,AYACUCHO
2019-09-09,0.3035845748677509,0.0,arima,AYACUCHO
2019-09-16,0.3035845748677509,0.0,arima,AYACUCHO
2019-09-23,0.3035845748677509,0.372371257193875,arima,AYACUCHO
2019-09-30,0.0,0.25965751389768027,arima,AYACUCHO
2019-10-07,0.0,0.32438914566201654,arima,AYACUCHO
2019-10-14,0.15179228743387543,0.34958749226917496,arima,AYACUCHO
2019-10-21,0.15179228743387543,0.3053910543886945,arima,AYACUCHO
2019-10-28,0.15179228743387543,0.269690863860484,arima,AYACUCHO
2019-11-04,0.0,0.17671705872766433,arima,AYACUCHO
2019-11-11,0.0,0.11911601833227968,arima,AYACUCHO
2019-11-18,0.0,0.0088337107841703,arima,AYACUCHO
2019-11-25,0.15179228743387543,0.08023200568785166,arima,AYACUCHO
2019-12-02,0.15179228743387543,0.06937807408175171,arima,AYACUCHO
2019-12-09,0.15179228743387543,0.061164044568235196,arima,AYACUCHO
2019-12-16,0.0,0.07405152508226778,arima,AYACUCHO
2019-12-23,0.0,0.085106993677123,arima,AYACUCHO
2019-12-30,0.0,0.08939258355705072,arima,AYACUCHO
2020-01-06,0.15089260520609662,0.1265751400733622,arima,AYACUCHO
2020-01-13,0.15089260520609662,0.13423720288221436,arima,AYACUCHO
2020-01-20,0.15089260520609662,0.12215095303322934,arima,AYACUCHO
2020-01-27,0.0,0.04847637603130422,arima,AYACUCHO
2020-02-03,0.0,0.0675272620505511,arima,AYACUCHO
2020-02-10,0.15089260520609662,0.011921126764517299,arima,AYACUCHO
2020-02-17,0.15089260520609662,0.08425620781885526,arima,AYACUCHO
2020-02-24,0.15089260520609662,0.07263177072653043,arima,AYACUCHO
2020-03-02,0.0,0.06109949729175193,arima,AYACUCHO
2020-03-09,0.0,0.015265809034993076,arima,AYACUCHO
2020-03-16,0.0,0.02822241778833501,arima,AYACUCHO
2020-03-23,0.15089260520609662,0.09902876613128347,arima,AYACUCHO
2020-03-30,0.15089260520609662,0.07913475946425538,arima,AYACUCHO
2020-04-06,0.15089260520609662,0.1351521122517078,arima,AYACUCHO
2020-04-13,0.0,0.058289278298090406,arima,AYACUCHO
2020-04-20,0.0,0.06984246397503735,arima,AYACUCHO
2020-04-27,0.0,0.0837333175263194,arima,AYACUCHO
2020-05-04,0.0,0.07561995644507236,arima,AYACUCHO
2020-05-11,0.0,0.06509970539935217,arima,AYACUCHO
2020-05-18,0.0,0.059545364434177385,arima,AYACUCHO
2020-05-25,0.0,0.021422389684630463,arima,AYACUCHO
2020-06-01,0.0,3.703486499127127e-06,arima,AYACUCHO
2020-06-08,0.0,3.1916803129028592e-06,arima,AYACUCHO
2020-06-15,0.0,2.978472612508876e-06,arima,AYACUCHO
2020-06-22,0.0,1.1386522169292115e-06,arima,AYACUCHO
2020-06-29,0.0,2.3200388905193801e-10,arima,AYACUCHO
2020-07-06,0.0,1.990025584357697e-10,arima,AYACUCHO
2020-07-13,0.0,1.8562181428859476e-10,arima,AYACUCHO
2020-07-20,0.0,7.223037640499394e-11,arima,AYACUCHO
2020-07-27,0.0,1.5422393671175815e-14,arima,AYACUCHO
2020-08-03,0.0,1.3216027548279947e-14,arima,AYACUCHO
2020-08-10,0.0,1.2329692432768998e-14,arima,AYACUCHO
2020-08-17,0.0,4.7904936233400824e-15,arima,AYACUCHO
2020-08-24,0.0,1.2095052971278737e-18,arima,AYACUCHO
2020-08-31,0.0,1.0331860842713904e-18,arima,AYACUCHO
2020-09-07,0.0,9.628501916634153e-19,arima,AYACUCHO
2020-09-14,0.0,3.719998866973095e-19,arima,AYACUCHO
2020-09-21,0.0,6.23482394238761e-23,arima,AYACUCHO
2020-09-28,0.0,5.323886845884228e-23,arima,AYACUCHO
2020-10-05,0.0,4.953745911387797e-23,arima,AYACUCHO
2020-10-12,0.0,1.9080198092302355e-23,arima,AYACUCHO
2020-10-19,0.0,3.783026965656969e-27,arima,AYACUCHO
2020-10-26,0.0,3.2304745474984885e-27,arima,AYACUCHO
2020-11-02,0.0,3.0058976255806212e-27,arima,AYACUCHO
2020-11-09,0.0,1.1578478012843253e-27,arima,AYACUCHO
2020-11-16,0.0,2.321637960941774e-31,arima,AYACUCHO
2020-11-23,0.0,1.982536524528806e-31,arima,AYACUCHO
2020-11-30,0.0,1.8446931938071828e-31,arima,AYACUCHO
2020-12-07,0.0,7.105891428853437e-32,arima,AYACUCHO
2020-12-14,0.0,1.444618531377349e-35,arima,AYACUCHO
2020-12-21,0.0,1.2335860438397605e-35,arima,AYACUCHO
2020-12-28,0.0,1.1478152639524125e-35,arima,AYACUCHO
2021-01-04,0.0,4.421155246492655e-36,arima,AYACUCHO
2021-01-11,0.0,1.3489171251643313e-39,arima,AYACUCHO
2021-01-18,0.0,1.1483540484862354e-39,arima,AYACUCHO
2021-01-25,0.0,1.0666167011907796e-39,arima,AYACUCHO
2021-02-01,0.0,3.9727853873851025e-40,arima,AYACUCHO
2021-02-08,0.0,4.645601506367827e-49,arima,AYACUCHO
2021-02-15,0.0,4.1090532017745696e-49,arima,AYACUCHO
2021-02-22,0.0,3.8337127794317e-49,arima,AYACUCHO
2021-03-01,0.0,1.5143566883666651e-49,arima,AYACUCHO
2021-03-08,0.1500035250828394,1.5508552722167364e-53,arima,AYACUCHO
2021-03-15,0.3000070501656788,1.369496775495093e-53,arima,AYACUCHO
2021-03-22,0.3000070501656788,1.276524512060667e-53,arima,AYACUCHO
2021-03-29,0.1500035250828394,5.152853794971692e-54,arima,AYACUCHO
2021-04-05,0.0,0.09105132935578931,arima,AYACUCHO
2021-04-12,0.0,0.10751932673131594,arima,AYACUCHO
2021-04-19,0.0,0.1818841708640105,arima,AYACUCHO
2021-04-26,0.0,0.20410550193115548,arima,AYACUCHO
2021-05-03,0.0,0.0,arima,AYACUCHO
2021-05-10,0.0,0.0,arima,AYACUCHO
2021-05-17,0.0,0.0,arima,AYACUCHO
2021-05-24,0.1500035250828394,0.0,arima,AYACUCHO
2021-05-31,0.1500035250828394,0.1468011624534061,arima,AYACUCHO
2021-06-07,0.1500035250828394,0.13670383498950905,arima,AYACUCHO
2021-06-14,0.0,0.0592868314511653,arima,AYACUCHO
2021-06-21,0.0,0.06917622493902481,arima,AYACUCHO
2021-06-28,0.0,0.006755846636507341,arima,AYACUCHO
2021-07-05,0.0,0.08272195520258425,arima,AYACUCHO
2021-07-12,0.0,0.07760631723363931,arima,AYACUCHO
2021-07-19,0.0,0.07021774594151847,arima,AYACUCHO
2021-07-26,0.0,0.005839094374729949,arima,AYACUCHO
2021-08-02,0.0,0.0,arima,AYACUCHO
2021-08-09,0.0,0.0,arima,AYACUCHO
2021-08-16,0.0,0.0011074292297622748,arima,AYACUCHO
2021-08-23,0.0,0.0,arima,AYACUCHO
2021-08-30,0.0,0.0,arima,AYACUCHO
2021-09-06,0.0,0.0,arima,AYACUCHO
2021-09-13,0.0,0.0,arima,AYACUCHO
2021-09-20,0.0,0.006940445051185861,arima,AYACUCHO
2021-09-27,0.1500035250828394,0.015533939303446244,arima,AYACUCHO
2021-10-04,0.1500035250828394,0.00640444218096611,arima,AYACUCHO
2021-10-11,0.45001057524851823,0.008959321151475307,arima,AYACUCHO
2021-10-18,0.3000070501656788,0.4336072949283046,arima,AYACUCHO
2021-10-25,0.3000070501656788,0.4533306373278089,arima,AYACUCHO
2021-11-01,0.0,0.4533306373278089,arima,AYACUCHO
2021-11-08,0.1500035250828394,0.4533306373278089,arima,AYACUCHO
2021-11-15,0.1500035250828394,0.17082745536749397,arima,AYACUCHO
2021-11-22,0.1500035250828394,0.28056593040673444,arima,AYACUCHO
2021-11-29,0.0,0.19187985974499033,arima,AYACUCHO
2021-12-06,0.0,0.20953246650290008,arima,AYACUCHO
2021-12-13,0.0,0.040569954407089326,arima,AYACUCHO
2021-12-20,0.0,0.03302855100318126,arima,AYACUCHO
2021-12-27,0.0,0.02130058687003425,arima,AYACUCHO
2022-01-03,0.0,0.0327698405233494,arima,AYACUCHO
2022-01-10,0.0,0.0,arima,AYACUCHO
2022-01-17,0.0,0.0,arima,AYACUCHO
2022-01-24,0.0,0.0,arima,AYACUCHO
2022-01-31,0.0,0.0,arima,AYACUCHO
2022-02-07,0.0,0.0,arima,AYACUCHO
2022-02-14,0.0,0.0077078047900559915,arima,AYACUCHO
2022-02-21,0.0,0.0,arima,AYACUCHO
2022-02-28,0.0,0.0,arima,AYACUCHO
2022-03-07,0.0,0.03751754224319933,arima,AYACUCHO
2022-03-14,0.0,0.03512185584904156,arima,AYACUCHO
2022-03-21,0.0,0.020597402280471296,arima,AYACUCHO
2022-03-28,0.0,0.03204123421236187,arima,AYACUCHO
2022-04-04,0.0,0.0,arima,AYACUCHO
2022-04-11,0.0,0.0,arima,AYACUCHO
2022-04-18,0.0,0.0,arima,AYACUCHO
2022-04-25,0.14912486075466122,0.0,arima,AYACUCHO
2022-05-02,0.14912486075466122,0.15606859548003926,arima,AYACUCHO
2022-05-09,0.14912486075466122,0.25012022420096786,arima,AYACUCHO
2022-05-16,0.14912486075466122,0.17781385207607847,arima,AYACUCHO
2022-05-23,0.14912486075466122,0.18851902265166268,arima,AYACUCHO
2022-05-30,0.14912486075466122,0.14839938608088116,arima,AYACUCHO
2022-06-06,0.0,0.14849115744581728,arima,AYACUCHO
2022-06-13,0.0,0.14848726730578088,arima,AYACUCHO
2022-06-20,0.0,0.14884370242756964,arima,AYACUCHO
2022-06-27,0.0,0.005263696587418963,arima,AYACUCHO
2022-07-04,0.14912486075466122,0.0,arima,AYACUCHO
2022-07-11,0.14912486075466122,0.0,arima,AYACUCHO
2022-07-18,0.14912486075466122,0.0,arima,AYACUCHO
2022-07-25,0.0,0.05156396531399778,arima,AYACUCHO
2022-08-01,0.0,0.08174407279730178,arima,AYACUCHO
2022-08-08,0.14912486075466122,0.10308289022419878,arima,AYACUCHO
2022-08-15,0.14912486075466122,0.07292638135262317,arima,AYACUCHO
2022-08-22,0.14912486075466122,0.20907264711752638,arima,AYACUCHO
2022-08-29,0.0,0.15064696949331782,arima,AYACUCHO
2022-09-05,0.0,0.1664842214376907,arima,AYACUCHO
2022-09-12,0.0,0.18029098046107508,arima,AYACUCHO
2022-09-19,0.0,0.011424675475450646,arima,AYACUCHO
2022-09-26,0.0,0.0,arima,AYACUCHO
2022-10-03,0.0,0.0022956026713235583,arima,AYACUCHO
2022-10-10,0.0,0.004561318378261245,arima,AYACUCHO
2022-10-17,0.0,0.0,arima,AYACUCHO
2022-10-24,0.0,0.0,arima,AYACUCHO
2022-10-31,0.0,0.0,arima,AYACUCHO
2022-11-07,0.0,0.0,arima,AYACUCHO
2022-11-14,0.0,0.003082594050636938,arima,AYACUCHO
2022-11-21,0.0,0.011354149167863974,arima,AYACUCHO
2022-11-28,0.0,0.003970309752918286,arima,AYACUCHO
2022-12-05,0.0,0.005889366835230934,arima,AYACUCHO
