date,actual,predicted,model,region
2010-12-27,0.7653244445805024,0.9419377779452338,naive,LA LIBERTAD
2011-01-03,0.5868559639712553,0.9419377779452338,naive,LA LIBERTAD
2011-01-10,0.6410892069815427,0.9419377779452338,naive,LA LIBERTAD
2011-01-17,0.6953224499918301,0.9419377779452338,naive,LA LIBERTAD
2011-01-24,0.8112095249904686,0.6953224499918302,naive,LA LIBERTAD
2011-01-31,0.5794353749931919,0.6953224499918302,naive,LA LIBERTAD
2011-02-07,0.40560476249523436,0.6953224499918302,naive,LA LIBERTAD
2011-02-14,0.637378912492511,0.6953224499918302,naive,LA LIBERTAD
2011-02-21,0.5794353749931919,0.6373789124925109,naive,LA LIBERTAD
2011-02-28,0.5214918374938727,0.6373789124925109,naive,LA LIBERTAD
2011-03-07,0.34766122499591523,0.6373789124925109,naive,LA LIBERTAD
2011-03-14,0.5214918374938727,0.6373789124925109,naive,LA LIBERTAD
2011-03-21,0.579435374993192,0.5214918374938726,naive,LA LIBERTAD
2011-03-28,0.3476612249959153,0.5214918374938726,naive,LA LIBERTAD
2011-04-04,0.23177414999727694,0.5214918374938726,naive,LA LIBERTAD
2011-04-11,0.2897176874965961,0.5214918374938726,naive,LA LIBERTAD
2011-04-18,0.3476612249959153,0.2897176874965961,naive,LA LIBERTAD
2011-04-25,0.4056047624952345,0.2897176874965961,naive,LA LIBERTAD
2011-05-02,0.2897176874965961,0.2897176874965961,naive,LA LIBERTAD
2011-05-09,0.34766122499591523,0.2897176874965961,naive,LA LIBERTAD
2011-05-16,0.4056047624952345,0.34766122499591523,naive,LA LIBERTAD
2011-05-23,0.46354829999455366,0.34766122499591523,naive,LA LIBERTAD
2011-05-30,0.4056047624952344,0.34766122499591523,naive,LA LIBERTAD
2011-06-06,0.46354829999455355,0.34766122499591523,naive,LA LIBERTAD
2011-06-13,0.40560476249523436,0.4635482999945536,naive,LA LIBERTAD
2011-06-20,0.46354829999455366,0.4635482999945536,naive,LA LIBERTAD
2011-06-27,0.46354829999455366,0.4635482999945536,naive,LA LIBERTAD
2011-07-04,0.6953224499918303,0.4635482999945536,naive,LA LIBERTAD
2011-07-11,0.6953224499918301,0.6953224499918302,naive,LA LIBERTAD
2011-07-18,0.7532659874911495,0.6953224499918302,naive,LA LIBERTAD
2011-07-25,0.5214918374938727,0.6953224499918302,naive,LA LIBERTAD
2011-08-01,0.46354829999455355,0.6953224499918302,naive,LA LIBERTAD
2011-08-08,0.34766122499591523,0.4635482999945536,naive,LA LIBERTAD
2011-08-15,0.46354829999455366,0.4635482999945536,naive,LA LIBERTAD
2011-08-22,0.6953224499918303,0.4635482999945536,naive,LA LIBERTAD
2011-08-29,0.8112095249904686,0.4635482999945536,naive,LA LIBERTAD
2011-09-05,0.985040137488426,0.8112095249904685,naive,LA LIBERTAD
2011-09-12,0.8112095249904686,0.8112095249904685,naive,LA LIBERTAD
2011-09-19,0.7532659874911495,0.8112095249904685,naive,LA LIBERTAD
2011-09-26,0.5794353749931919,0.8112095249904685,naive,LA LIBERTAD
2011-10-03,0.6953224499918301,0.5794353749931918,naive,LA LIBERTAD
2011-10-10,0.8112095249904687,0.5794353749931918,naive,LA LIBERTAD
2011-10-17,0.9850401374884261,0.5794353749931918,naive,LA LIBERTAD
2011-10-24,1.274757824985022,0.5794353749931918,naive,LA LIBERTAD
2011-10-31,1.1588707499863837,1.2747578249850222,naive,LA LIBERTAD
2011-11-07,1.0429836749877452,1.2747578249850222,naive,LA LIBERTAD
2011-11-14,0.5214918374938727,1.2747578249850222,naive,LA LIBERTAD
2011-11-21,0.5214918374938727,1.2747578249850222,naive,LA LIBERTAD
2011-11-28,0.4056047624952345,0.5214918374938726,naive,LA LIBERTAD
2011-12-05,0.579435374993192,0.5214918374938726,naive,LA LIBERTAD
2011-12-12,0.5214918374938727,0.5214918374938726,naive,LA LIBERTAD
2011-12-19,0.6373789124925111,0.5214918374938726,naive,LA LIBERTAD
2011-12-26,1.2168142874857029,0.6373789124925111,naive,LA LIBERTAD
2012-01-02,1.556386043826275,0.6373789124925111,naive,LA LIBERTAD
2012-01-09,1.6668801397213517,0.6373789124925111,naive,LA LIBERTAD
2012-01-16,1.140894152974511,0.6373789124925111,naive,LA LIBERTAD
2012-01-23,0.9697600300283344,1.1408941529745107,naive,LA LIBERTAD
2012-01-30,0.9127153223796088,1.1408941529745107,naive,LA LIBERTAD
2012-02-06,0.7986259070821579,1.1408941529745107,naive,LA LIBERTAD
2012-02-13,0.6274917841359812,1.1408941529745107,naive,LA LIBERTAD
2012-02-20,0.5134023688385299,0.6274917841359811,naive,LA LIBERTAD
2012-02-27,0.5704470764872557,0.6274917841359811,naive,LA LIBERTAD
2012-03-05,0.6845364917847068,0.6274917841359811,naive,LA LIBERTAD
2012-03-12,0.6845364917847068,0.6274917841359811,naive,LA LIBERTAD
2012-03-19,0.7415811994334324,0.6845364917847068,naive,LA LIBERTAD
2012-03-26,0.6845364917847068,0.6845364917847068,naive,LA LIBERTAD
2012-04-02,1.02680473767706,0.6845364917847068,naive,LA LIBERTAD
2012-04-09,1.768385937110492,0.6845364917847068,naive,LA LIBERTAD
2012-04-16,2.110654183002845,1.7683859371104917,naive,LA LIBERTAD
2012-04-23,2.167698890651571,1.7683859371104917,naive,LA LIBERTAD
2012-04-30,1.5402071065155898,1.7683859371104917,naive,LA LIBERTAD
2012-05-07,1.0838494453257854,1.7683859371104917,naive,LA LIBERTAD
2012-05-14,0.7986259070821577,1.0838494453257854,naive,LA LIBERTAD
2012-05-21,0.5134023688385301,1.0838494453257854,naive,LA LIBERTAD
2012-05-28,0.7415811994334321,1.0838494453257854,naive,LA LIBERTAD
2012-06-04,0.8556706147308833,1.0838494453257854,naive,LA LIBERTAD
2012-06-11,1.02680473767706,0.8556706147308832,naive,LA LIBERTAD
2012-06-18,1.140894152974511,0.8556706147308832,naive,LA LIBERTAD
2012-06-25,1.02680473767706,0.8556706147308832,naive,LA LIBERTAD
2012-07-02,1.1979388606232366,0.8556706147308832,naive,LA LIBERTAD
2012-07-09,1.1979388606232364,1.1979388606232368,naive,LA LIBERTAD
2012-07-16,1.5402071065155898,1.1979388606232368,naive,LA LIBERTAD
2012-07-23,1.7113412294617663,1.1979388606232368,naive,LA LIBERTAD
2012-07-30,1.426117691218139,1.1979388606232368,naive,LA LIBERTAD
2012-08-06,1.4261176912181386,1.4261176912181392,naive,LA LIBERTAD
2012-08-13,1.02680473767706,1.4261176912181392,naive,LA LIBERTAD
2012-08-20,1.1979388606232366,1.4261176912181392,naive,LA LIBERTAD
2012-08-27,0.8556706147308833,1.4261176912181392,naive,LA LIBERTAD
2012-09-03,1.3690729835694129,0.8556706147308832,naive,LA LIBERTAD
2012-09-10,1.6542965218130405,0.8556706147308832,naive,LA LIBERTAD
2012-09-17,1.5972518141643153,0.8556706147308832,naive,LA LIBERTAD
2012-09-24,1.3120282759206876,0.8556706147308832,naive,LA LIBERTAD
2012-10-01,1.140894152974511,1.3120282759206874,naive,LA LIBERTAD
2012-10-08,1.5402071065155898,1.3120282759206874,naive,LA LIBERTAD
2012-10-15,1.3690729835694133,1.3120282759206874,naive,LA LIBERTAD
2012-10-22,1.4831623988668643,1.3120282759206874,naive,LA LIBERTAD
2012-10-29,1.0838494453257854,1.4831623988668645,naive,LA LIBERTAD
2012-11-05,1.1979388606232366,1.4831623988668645,naive,LA LIBERTAD
2012-11-12,1.0838494453257854,1.4831623988668645,naive,LA LIBERTAD
2012-11-19,1.3690729835694133,1.4831623988668645,naive,LA LIBERTAD
2012-11-26,1.4261176912181386,1.369072983569413,naive,LA LIBERTAD
2012-12-03,1.3690729835694133,1.369072983569413,naive,LA LIBERTAD
2012-12-10,1.254983568271962,1.369072983569413,naive,LA LIBERTAD
2012-12-17,0.9127153223796087,1.369072983569413,naive,LA LIBERTAD
2012-12-24,0.7415811994334321,0.9127153223796087,naive,LA LIBERTAD
2012-12-31,0.7986259070821577,0.9127153223796087,naive,LA LIBERTAD
2013-01-07,1.4147902886831503,0.9127153223796087,naive,LA LIBERTAD
2013-01-14,1.69217177901794,0.9127153223796087,naive,LA LIBERTAD
2013-01-21,1.7413744387578276,1.69217177901794,naive,LA LIBERTAD
2013-01-28,1.2919874868203234,1.69217177901794,naive,LA LIBERTAD
2013-02-04,1.2358141178281354,1.69217177901794,naive,LA LIBERTAD
2013-02-11,1.1234673798437596,1.69217177901794,naive,LA LIBERTAD
2013-02-18,1.3481608558125113,1.1234673798437598,naive,LA LIBERTAD
2013-02-25,1.6290277007734513,1.1234673798437598,naive,LA LIBERTAD
2013-03-04,1.9098945457343912,1.1234673798437598,naive,LA LIBERTAD
2013-03-11,1.8537211767422033,1.1234673798437598,naive,LA LIBERTAD
2013-03-18,1.797547807750015,1.8537211767422033,naive,LA LIBERTAD
2013-03-25,1.4605075937968872,1.8537211767422033,naive,LA LIBERTAD
2013-04-01,1.404334224804699,1.8537211767422033,naive,LA LIBERTAD
2013-04-08,1.404334224804699,1.8537211767422033,naive,LA LIBERTAD
2013-04-15,1.6290277007734513,1.4043342248046988,naive,LA LIBERTAD
2013-04-22,1.685201069765639,1.4043342248046988,naive,LA LIBERTAD
2013-04-29,1.3481608558125113,1.4043342248046988,naive,LA LIBERTAD
2013-05-06,1.0672940108515714,1.4043342248046988,naive,LA LIBERTAD
2013-05-13,0.9549472728671956,1.0672940108515712,naive,LA LIBERTAD
2013-05-20,0.7864271658906317,1.0672940108515712,naive,LA LIBERTAD
2013-05-27,0.6740804279062557,1.0672940108515712,naive,LA LIBERTAD
2013-06-03,0.5617336899218798,1.0672940108515712,naive,LA LIBERTAD
2013-06-10,0.7864271658906316,0.5617336899218799,naive,LA LIBERTAD
2013-06-17,1.0672940108515714,0.5617336899218799,naive,LA LIBERTAD
2013-06-24,1.0111206418593834,0.5617336899218799,naive,LA LIBERTAD
2013-07-01,1.1234673798437596,0.5617336899218799,naive,LA LIBERTAD
2013-07-08,1.0672940108515714,1.1234673798437598,naive,LA LIBERTAD
2013-07-15,1.1234673798437593,1.1234673798437598,naive,LA LIBERTAD
2013-07-22,1.0111206418593834,1.1234673798437598,naive,LA LIBERTAD
2013-07-29,1.1234673798437593,1.1234673798437598,naive,LA LIBERTAD
2013-08-05,1.3481608558125113,1.1234673798437593,naive,LA LIBERTAD
2013-08-12,1.1796407488359473,1.1234673798437593,naive,LA LIBERTAD
2013-08-19,1.1796407488359473,1.1234673798437593,naive,LA LIBERTAD
2013-08-26,1.123467379843759,1.1234673798437593,naive,LA LIBERTAD
2013-09-02,1.2358141178281352,1.1234673798437593,naive,LA LIBERTAD
2013-09-09,1.2919874868203234,1.1234673798437593,naive,LA LIBERTAD
2013-09-16,1.2919874868203234,1.1234673798437593,naive,LA LIBERTAD
2013-09-23,1.1234673798437596,1.1234673798437593,naive,LA LIBERTAD
2013-09-30,0.8426005348828195,1.1234673798437598,naive,LA LIBERTAD
2013-10-07,0.8987739038750076,1.1234673798437598,naive,LA LIBERTAD
2013-10-14,0.8426005348828195,1.1234673798437598,naive,LA LIBERTAD
2013-10-21,1.404334224804699,1.1234673798437598,naive,LA LIBERTAD
2013-10-28,1.516680962789075,1.4043342248046988,naive,LA LIBERTAD
2013-11-04,1.5728543317812633,1.4043342248046988,naive,LA LIBERTAD
2013-11-11,0.9549472728671954,1.4043342248046988,naive,LA LIBERTAD
2013-11-18,0.6740804279062554,1.4043342248046988,naive,LA LIBERTAD
2013-11-25,0.9549472728671954,0.6740804279062553,naive,LA LIBERTAD
2013-12-02,1.123467379843759,0.6740804279062553,naive,LA LIBERTAD
2013-12-09,1.3481608558125113,0.6740804279062553,naive,LA LIBERTAD
2013-12-16,1.2358141178281352,0.6740804279062553,naive,LA LIBERTAD
2013-12-23,1.2358141178281352,1.2358141178281352,naive,LA LIBERTAD
2013-12-30,1.1796407488359473,1.2358141178281352,naive,LA LIBERTAD
2014-01-06,1.506539518890189,1.2358141178281352,naive,LA LIBERTAD
2014-01-13,1.7219366712849622,1.2358141178281352,naive,LA LIBERTAD
2014-01-20,1.9364887033548281,1.7219366712849626,naive,LA LIBERTAD
2014-01-27,1.6045192113511433,1.7219366712849626,naive,LA LIBERTAD
2014-02-03,1.38320621668202,1.7219366712849626,naive,LA LIBERTAD
2014-02-10,1.3278779680147392,1.7219366712849626,naive,LA LIBERTAD
2014-02-17,1.438534465349301,1.327877968014739,naive,LA LIBERTAD
2014-02-24,1.3278779680147392,1.327877968014739,naive,LA LIBERTAD
2014-03-03,1.0512367246783352,1.327877968014739,naive,LA LIBERTAD
2014-03-10,0.7745954813419312,1.327877968014739,naive,LA LIBERTAD
2014-03-17,0.774595481341931,0.7745954813419311,naive,LA LIBERTAD
2014-03-24,0.6639389840073695,0.7745954813419311,naive,LA LIBERTAD
2014-03-31,0.7745954813419312,0.7745954813419311,naive,LA LIBERTAD
2014-04-07,0.6639389840073696,0.7745954813419311,naive,LA LIBERTAD
2014-04-14,0.9959084760110545,0.6639389840073695,naive,LA LIBERTAD
2014-04-21,0.9959084760110545,0.6639389840073695,naive,LA LIBERTAD
2014-04-28,1.1618932220128968,0.6639389840073695,naive,LA LIBERTAD
2014-05-05,0.9405802273437734,0.6639389840073695,naive,LA LIBERTAD
2014-05-12,1.1618932220128968,0.9405802273437736,naive,LA LIBERTAD
2014-05-19,1.1618932220128968,0.9405802273437736,naive,LA LIBERTAD
2014-05-26,1.38320621668202,0.9405802273437736,naive,LA LIBERTAD
2014-06-02,1.2172214706801776,0.9405802273437736,naive,LA LIBERTAD
2014-06-09,1.2172214706801776,1.2172214706801778,naive,LA LIBERTAD
2014-06-16,1.0512367246783352,1.2172214706801778,naive,LA LIBERTAD
2014-06-23,0.9405802273437734,1.2172214706801778,naive,LA LIBERTAD
2014-06-30,0.829923730009212,1.2172214706801778,naive,LA LIBERTAD
2014-07-07,1.0512367246783352,0.8299237300092119,naive,LA LIBERTAD
2014-07-14,1.2172214706801776,0.8299237300092119,naive,LA LIBERTAD
2014-07-21,1.106564973345616,0.8299237300092119,naive,LA LIBERTAD
2014-07-28,0.829923730009212,0.8299237300092119,naive,LA LIBERTAD
2014-08-04,1.0512367246783352,0.8299237300092119,naive,LA LIBERTAD
2014-08-11,1.3278779680147392,0.8299237300092119,naive,LA LIBERTAD
2014-08-18,1.2725497193474584,0.8299237300092119,naive,LA LIBERTAD
2014-08-25,0.7745954813419312,0.8299237300092119,naive,LA LIBERTAD
2014-09-01,0.6086107353400888,0.7745954813419311,naive,LA LIBERTAD
2014-09-08,0.7192672326746504,0.7745954813419311,naive,LA LIBERTAD
2014-09-15,1.0512367246783352,0.7745954813419311,naive,LA LIBERTAD
2014-09-22,1.1618932220128968,0.7745954813419311,naive,LA LIBERTAD
2014-09-29,0.8852519786764929,1.161893222012897,naive,LA LIBERTAD
2014-10-06,0.774595481341931,1.161893222012897,naive,LA LIBERTAD
2014-10-13,0.7192672326746502,1.161893222012897,naive,LA LIBERTAD
2014-10-20,0.8852519786764926,1.161893222012897,naive,LA LIBERTAD
2014-10-27,0.8299237300092122,0.8852519786764927,naive,LA LIBERTAD
2014-11-03,0.9405802273437737,0.8852519786764927,naive,LA LIBERTAD
2014-11-10,1.106564973345616,0.8852519786764927,naive,LA LIBERTAD
2014-11-17,1.2725497193474584,0.8852519786764927,naive,LA LIBERTAD
2014-11-24,1.438534465349301,1.2725497193474582,naive,LA LIBERTAD
2014-12-01,1.4938627140165817,1.2725497193474582,naive,LA LIBERTAD
2014-12-08,1.38320621668202,1.2725497193474582,naive,LA LIBERTAD
2014-12-15,1.1618932220128968,1.2725497193474582,naive,LA LIBERTAD
2014-12-22,0.9959084760110545,1.161893222012897,naive,LA LIBERTAD
2014-12-29,0.774595481341931,1.161893222012897,naive,LA LIBERTAD
2015-01-05,0.7696750745001929,1.161893222012897,naive,LA LIBERTAD
2015-01-12,0.5467219442171568,1.161893222012897,naive,LA LIBERTAD
2015-01-19,0.7631145320445417,0.5467219442171567,naive,LA LIBERTAD
2015-01-26,0.654098170323893,0.5467219442171567,naive,LA LIBERTAD
2015-02-02,0.7631145320445417,0.5467219442171567,naive,LA LIBERTAD
2015-02-09,0.8176227129048662,0.5467219442171567,naive,LA LIBERTAD
2015-02-16,0.9811472554858395,0.8176227129048661,naive,LA LIBERTAD
2015-02-23,0.9811472554858395,0.8176227129048661,naive,LA LIBERTAD
2015-03-02,0.7086063511842173,0.8176227129048661,naive,LA LIBERTAD
2015-03-09,0.32704908516194636,0.8176227129048661,naive,LA LIBERTAD
2015-03-16,0.32704908516194636,0.32704908516194636,naive,LA LIBERTAD
2015-03-23,0.272540904301622,0.32704908516194636,naive,LA LIBERTAD
2015-03-30,0.43606544688259524,0.32704908516194636,naive,LA LIBERTAD
2015-04-06,0.5450818086032441,0.32704908516194636,naive,LA LIBERTAD
2015-04-13,0.7631145320445417,0.5450818086032441,naive,LA LIBERTAD
2015-04-20,0.9811472554858395,0.5450818086032441,naive,LA LIBERTAD
2015-04-27,0.8721308937651906,0.5450818086032441,naive,LA LIBERTAD
2015-05-04,0.9811472554858395,0.5450818086032441,naive,LA LIBERTAD
2015-05-11,1.0901636172064884,0.9811472554858394,naive,LA LIBERTAD
2015-05-18,1.0356554363461639,0.9811472554858394,naive,LA LIBERTAD
2015-05-25,1.0356554363461639,0.9811472554858394,naive,LA LIBERTAD
2015-06-01,0.8176227129048662,0.9811472554858394,naive,LA LIBERTAD
2015-06-08,0.8721308937651906,0.8176227129048661,naive,LA LIBERTAD
2015-06-15,0.5450818086032441,0.8176227129048661,naive,LA LIBERTAD
2015-06-22,0.8176227129048662,0.8176227129048661,naive,LA LIBERTAD
2015-06-29,1.0901636172064884,0.8176227129048661,naive,LA LIBERTAD
2015-07-06,1.3627045215081104,1.0901636172064881,naive,LA LIBERTAD
2015-07-13,1.1991799789271371,1.0901636172064881,naive,LA LIBERTAD
2015-07-20,0.7631145320445417,1.0901636172064881,naive,LA LIBERTAD
2015-07-27,0.7086063511842173,1.0901636172064881,naive,LA LIBERTAD
2015-08-03,0.5995899894635685,0.7086063511842173,naive,LA LIBERTAD
2015-08-10,0.5995899894635685,0.7086063511842173,naive,LA LIBERTAD
2015-08-17,0.7086063511842173,0.7086063511842173,naive,LA LIBERTAD
2015-08-24,1.308196340647786,0.7086063511842173,naive,LA LIBERTAD
2015-08-31,1.5262290640890839,1.3081963406477861,naive,LA LIBERTAD
2015-09-07,1.5262290640890839,1.3081963406477861,naive,LA LIBERTAD
2015-09-14,1.2536881597874616,1.3081963406477861,naive,LA LIBERTAD
2015-09-21,1.6352454258097326,1.3081963406477861,naive,LA LIBERTAD
2015-09-28,1.5807372449494081,1.6352454258097326,naive,LA LIBERTAD
2015-10-05,1.199179978927137,1.6352454258097326,naive,LA LIBERTAD
2015-10-12,0.7631145320445417,1.6352454258097326,naive,LA LIBERTAD
2015-10-19,0.8176227129048662,1.6352454258097326,naive,LA LIBERTAD
2015-10-26,0.7631145320445417,0.8176227129048661,naive,LA LIBERTAD
2015-11-02,0.7086063511842173,0.8176227129048661,naive,LA LIBERTAD
2015-11-09,0.7631145320445417,0.8176227129048661,naive,LA LIBERTAD
2015-11-16,1.0356554363461639,0.8176227129048661,naive,LA LIBERTAD
2015-11-23,0.9811472554858395,1.0356554363461639,naive,LA LIBERTAD
2015-11-30,0.7086063511842173,1.0356554363461639,naive,LA LIBERTAD
2015-12-07,0.7631145320445417,1.0356554363461639,naive,LA LIBERTAD
2015-12-14,1.1991799789271371,1.0356554363461639,naive,LA LIBERTAD
2015-12-21,1.2536881597874616,1.1991799789271371,naive,LA LIBERTAD
2015-12-28,0.7631145320445417,1.1991799789271371,naive,LA LIBERTAD
2016-01-04,0.4328809949063855,1.1991799789271371,naive,LA LIBERTAD
2016-01-11,0.8593930858603516,1.1991799789271371,naive,LA LIBERTAD
2016-01-18,1.2353775609242554,0.8593930858603516,naive,LA LIBERTAD
2016-01-25,1.9336344431857915,0.8593930858603516,naive,LA LIBERTAD
2016-02-01,1.7187861717207034,0.8593930858603516,naive,LA LIBERTAD
2016-02-08,1.6113620359881595,0.8593930858603516,naive,LA LIBERTAD
2016-02-15,1.0205292894591675,1.6113620359881593,naive,LA LIBERTAD
2016-02-22,1.9336344431857915,1.6113620359881593,naive,LA LIBERTAD
2016-02-29,1.7187861717207034,1.6113620359881593,naive,LA LIBERTAD
2016-03-07,1.6650741038544314,1.6113620359881593,naive,LA LIBERTAD
2016-03-14,0.6445448143952636,1.6650741038544314,naive,LA LIBERTAD
2016-03-21,0.9131051537266236,1.6650741038544314,naive,LA LIBERTAD
2016-03-28,0.9668172215928957,1.6650741038544314,naive,LA LIBERTAD
2016-04-04,0.8593930858603515,1.6650741038544314,naive,LA LIBERTAD
2016-04-11,0.8593930858603516,0.8593930858603513,naive,LA LIBERTAD
2016-04-18,0.7519689501278076,0.8593930858603513,naive,LA LIBERTAD
2016-04-25,1.1279534251917116,0.8593930858603513,naive,LA LIBERTAD
2016-05-02,1.1279534251917114,0.8593930858603513,naive,LA LIBERTAD
2016-05-09,1.2890896287905276,1.1279534251917114,naive,LA LIBERTAD
2016-05-16,0.9131051537266236,1.1279534251917114,naive,LA LIBERTAD
2016-05-23,0.7519689501278076,1.1279534251917114,naive,LA LIBERTAD
2016-05-30,0.5908327465289916,1.1279534251917114,naive,LA LIBERTAD
2016-06-06,0.5908327465289916,0.5908327465289918,naive,LA LIBERTAD
2016-06-13,0.7519689501278076,0.5908327465289918,naive,LA LIBERTAD
2016-06-20,0.9131051537266236,0.5908327465289918,naive,LA LIBERTAD
2016-06-27,0.9668172215928955,0.5908327465289918,naive,LA LIBERTAD
2016-07-04,0.9668172215928955,0.9668172215928956,naive,LA LIBERTAD
2016-07-11,1.1279534251917116,0.9668172215928956,naive,LA LIBERTAD
2016-07-18,1.2353775609242554,0.9668172215928956,naive,LA LIBERTAD
2016-07-25,1.1279534251917116,0.9668172215928956,naive,LA LIBERTAD
2016-08-01,0.9668172215928955,1.1279534251917114,naive,LA LIBERTAD
2016-08-08,0.9668172215928955,1.1279534251917114,naive,LA LIBERTAD
2016-08-15,1.1279534251917118,1.1279534251917114,naive,LA LIBERTAD
2016-08-22,1.5039379002556155,1.1279534251917114,naive,LA LIBERTAD
2016-08-29,1.3965137645230714,1.5039379002556155,naive,LA LIBERTAD
2016-09-05,1.2353775609242554,1.5039379002556155,naive,LA LIBERTAD
2016-09-12,0.8593930858603516,1.5039379002556155,naive,LA LIBERTAD
2016-09-19,0.8593930858603516,1.5039379002556155,naive,LA LIBERTAD
2016-09-26,1.0205292894591675,0.8593930858603516,naive,LA LIBERTAD
2016-10-03,1.1279534251917116,0.8593930858603516,naive,LA LIBERTAD
2016-10-10,1.1816654930579835,0.8593930858603516,naive,LA LIBERTAD
2016-10-17,1.0205292894591675,0.8593930858603516,naive,LA LIBERTAD
2016-10-24,1.0205292894591675,1.0205292894591675,naive,LA LIBERTAD
2016-10-31,0.8593930858603516,1.0205292894591675,naive,LA LIBERTAD
2016-11-07,0.8056810179940795,1.0205292894591675,naive,LA LIBERTAD
2016-11-14,0.37598447506390364,1.0205292894591675,naive,LA LIBERTAD
2016-11-21,0.5908327465289916,0.37598447506390364,naive,LA LIBERTAD
2016-11-28,0.6982568822615356,0.37598447506390364,naive,LA LIBERTAD
2016-12-05,0.9131051537266236,0.37598447506390364,naive,LA LIBERTAD
2016-12-12,1.0205292894591675,0.37598447506390364,naive,LA LIBERTAD
2016-12-19,0.9668172215928955,1.0205292894591675,naive,LA LIBERTAD
2016-12-26,1.0742413573254395,1.0205292894591675,naive,LA LIBERTAD
2017-01-02,1.2790377596260625,1.0205292894591675,naive,LA LIBERTAD
2017-01-09,1.3288837239675402,1.0205292894591675,naive,LA LIBERTAD
2017-01-16,1.0587769432262624,1.32888372396754,naive,LA LIBERTAD
2017-01-23,0.8999604017423231,1.32888372396754,naive,LA LIBERTAD
2017-01-30,0.9528992489036362,1.32888372396754,naive,LA LIBERTAD
2017-02-06,1.1117157903875756,1.32888372396754,naive,LA LIBERTAD
2017-02-13,0.8470215545810099,1.1117157903875756,naive,LA LIBERTAD
2017-02-20,0.7411438602583836,1.1117157903875756,naive,LA LIBERTAD
2017-02-27,0.7940827074196969,1.1117157903875756,naive,LA LIBERTAD
2017-03-06,0.9528992489036362,1.1117157903875756,naive,LA LIBERTAD
2017-03-13,1.4822877205167675,0.9528992489036361,naive,LA LIBERTAD
2017-03-20,1.535226567678081,0.9528992489036361,naive,LA LIBERTAD
2017-03-27,1.6940431091620198,0.9528992489036361,naive,LA LIBERTAD
2017-04-03,1.0587769432262624,0.9528992489036361,naive,LA LIBERTAD
2017-04-10,1.1117157903875754,1.0587769432262624,naive,LA LIBERTAD
2017-04-17,0.7940827074196966,1.0587769432262624,naive,LA LIBERTAD
2017-04-24,0.8470215545810098,1.0587769432262624,naive,LA LIBERTAD
2017-05-01,0.6882050130970704,1.0587769432262624,naive,LA LIBERTAD
2017-05-08,0.5293884716131309,0.6882050130970703,naive,LA LIBERTAD
2017-05-15,0.582327318774444,0.6882050130970703,naive,LA LIBERTAD
2017-05-22,0.7940827074196966,0.6882050130970703,naive,LA LIBERTAD
2017-05-29,0.952899248903636,0.6882050130970703,naive,LA LIBERTAD
2017-06-05,0.952899248903636,0.9528992489036359,naive,LA LIBERTAD
2017-06-12,0.6882050130970704,0.9528992489036359,naive,LA LIBERTAD
2017-06-19,0.7940827074196966,0.9528992489036359,naive,LA LIBERTAD
2017-06-26,0.6882050130970704,0.9528992489036359,naive,LA LIBERTAD
2017-07-03,0.7411438602583834,0.6882050130970703,naive,LA LIBERTAD
2017-07-10,0.8470215545810097,0.6882050130970703,naive,LA LIBERTAD
2017-07-17,1.2705323318715147,0.6882050130970703,naive,LA LIBERTAD
2017-07-24,1.005838096064949,0.6882050130970703,naive,LA LIBERTAD
2017-07-31,1.005838096064949,1.0058380960649491,naive,LA LIBERTAD
2017-08-07,1.2705323318715147,1.0058380960649491,naive,LA LIBERTAD
2017-08-14,1.9057984978072724,1.0058380960649491,naive,LA LIBERTAD
2017-08-21,1.6940431091620198,1.0058380960649491,naive,LA LIBERTAD
2017-08-28,1.0587769432262621,1.6940431091620196,naive,LA LIBERTAD
2017-09-04,0.6352661659357571,1.6940431091620196,naive,LA LIBERTAD
2017-09-11,0.7411438602583834,1.6940431091620196,naive,LA LIBERTAD
2017-09-18,1.1646546375488884,1.6940431091620196,naive,LA LIBERTAD
2017-09-25,1.6411042620007066,1.1646546375488884,naive,LA LIBERTAD
2017-10-02,1.852859650645959,1.1646546375488884,naive,LA LIBERTAD
2017-10-09,1.6940431091620198,1.1646546375488884,naive,LA LIBERTAD
2017-10-16,1.9587373449685854,1.1646546375488884,naive,LA LIBERTAD
2017-10-23,1.6940431091620198,1.9587373449685854,naive,LA LIBERTAD
2017-10-30,1.6411042620007068,1.9587373449685854,naive,LA LIBERTAD
2017-11-06,1.4293488733554545,1.9587373449685854,naive,LA LIBERTAD
2017-11-13,1.6411042620007068,1.9587373449685854,naive,LA LIBERTAD
2017-11-20,1.746981956323333,1.6411042620007068,naive,LA LIBERTAD
2017-11-27,1.6411042620007066,1.6411042620007068,naive,LA LIBERTAD
2017-12-04,1.376410026194141,1.6411042620007068,naive,LA LIBERTAD
2017-12-11,1.2705323318715147,1.6411042620007068,naive,LA LIBERTAD
2017-12-18,0.9528992489036359,1.2705323318715145,naive,LA LIBERTAD
2017-12-25,1.3764100261941412,1.2705323318715145,naive,LA LIBERTAD
2018-01-01,1.4729711345162266,1.2705323318715145,naive,LA LIBERTAD
2018-01-08,1.8819894446947794,1.2705323318715145,naive,LA LIBERTAD
2018-01-15,2.1799541794392945,1.8819894446947796,naive,LA LIBERTAD
2018-01-22,1.8685321538051094,1.8819894446947796,naive,LA LIBERTAD
2018-01-29,1.349495444414801,1.8819894446947796,naive,LA LIBERTAD
2018-02-05,0.6747477222074002,1.8819894446947796,naive,LA LIBERTAD
2018-02-12,0.726651393146431,0.6747477222074003,naive,LA LIBERTAD
2018-02-19,0.8823624059635234,0.6747477222074003,naive,LA LIBERTAD
2018-02-26,0.6747477222074002,0.6747477222074003,naive,LA LIBERTAD
2018-03-05,0.726651393146431,0.6747477222074003,naive,LA LIBERTAD
2018-03-12,0.41522936751224604,0.7266513931464311,naive,LA LIBERTAD
2018-03-19,0.6228440512683694,0.7266513931464311,naive,LA LIBERTAD
2018-03-26,0.4671330384512769,0.7266513931464311,naive,LA LIBERTAD
2018-04-02,0.6228440512683694,0.7266513931464311,naive,LA LIBERTAD
2018-04-09,0.5190367093903078,0.6228440512683695,naive,LA LIBERTAD
2018-04-16,0.726651393146431,0.6228440512683695,naive,LA LIBERTAD
2018-04-23,0.6228440512683694,0.6228440512683695,naive,LA LIBERTAD
2018-04-30,0.46713303845127685,0.6228440512683695,naive,LA LIBERTAD
2018-05-07,0.46713303845127685,0.4671330384512768,naive,LA LIBERTAD
2018-05-14,0.6228440512683694,0.4671330384512768,naive,LA LIBERTAD
2018-05-21,0.8304587350244926,0.4671330384512768,naive,LA LIBERTAD
2018-05-28,1.2456881025367392,0.4671330384512768,naive,LA LIBERTAD
2018-06-04,1.660917470048986,1.2456881025367394,naive,LA LIBERTAD
2018-06-11,2.076146837561233,1.2456881025367394,naive,LA LIBERTAD
2018-06-18,1.660917470048986,1.2456881025367394,naive,LA LIBERTAD
2018-06-25,1.6090137991099551,1.2456881025367394,naive,LA LIBERTAD
2018-07-02,1.5571101281709243,1.6090137991099551,naive,LA LIBERTAD
2018-07-09,1.7647248119270476,1.6090137991099551,naive,LA LIBERTAD
2018-07-16,1.5052064572318935,1.6090137991099551,naive,LA LIBERTAD
2018-07-23,1.660917470048986,1.6090137991099551,naive,LA LIBERTAD
2018-07-30,1.5052064572318937,1.660917470048986,naive,LA LIBERTAD
2018-08-06,1.8166284828660786,1.660917470048986,naive,LA LIBERTAD
2018-08-13,1.5571101281709243,1.660917470048986,naive,LA LIBERTAD
2018-08-20,1.712821140988017,1.660917470048986,naive,LA LIBERTAD
2018-08-27,1.6090137991099551,1.7128211409880172,naive,LA LIBERTAD
2018-09-03,1.7647248119270476,1.7128211409880172,naive,LA LIBERTAD
2018-09-10,1.6090137991099551,1.7128211409880172,naive,LA LIBERTAD
2018-09-17,1.29759177347577,1.7128211409880172,naive,LA LIBERTAD
2018-09-24,0.7785550640854617,1.2975917734757698,naive,LA LIBERTAD
2018-10-01,1.2456881025367392,1.2975917734757698,naive,LA LIBERTAD
2018-10-08,1.2456881025367392,1.2975917734757698,naive,LA LIBERTAD
2018-10-15,1.5571101281709243,1.2975917734757698,naive,LA LIBERTAD
2018-10-22,1.0899770897196468,1.5571101281709243,naive,LA LIBERTAD
2018-10-29,1.038073418780616,1.5571101281709243,naive,LA LIBERTAD
2018-11-05,0.7785550640854618,1.5571101281709243,naive,LA LIBERTAD
2018-11-12,0.6747477222074001,1.5571101281709243,naive,LA LIBERTAD
2018-11-19,0.5709403803293384,0.6747477222074001,naive,LA LIBERTAD
2018-11-26,0.6228440512683693,0.6747477222074001,naive,LA LIBERTAD
2018-12-03,0.9342660769025543,0.6747477222074001,naive,LA LIBERTAD
2018-12-10,1.038073418780616,0.6747477222074001,naive,LA LIBERTAD
2018-12-17,0.9861697478415851,1.0380734187806158,naive,LA LIBERTAD
2018-12-24,0.8823624059635234,1.0380734187806158,naive,LA LIBERTAD
2018-12-31,1.0899770897196468,1.0380734187806158,naive,LA LIBERTAD
2019-01-07,1.493260522920986,1.0380734187806158,naive,LA LIBERTAD
2019-01-14,1.5352092486009274,1.4932605229209863,naive,LA LIBERTAD
2019-01-21,1.6290616452198996,1.4932605229209863,naive,LA LIBERTAD
2019-01-28,1.7308779980461437,1.4932605229209863,naive,LA LIBERTAD
2019-02-04,1.8326943508723872,1.4932605229209863,naive,LA LIBERTAD
2019-02-11,1.8326943508723872,1.8326943508723872,naive,LA LIBERTAD
2019-02-18,1.5781534688067778,1.8326943508723872,naive,LA LIBERTAD
2019-02-25,2.0363270565248746,1.8326943508723872,naive,LA LIBERTAD
2019-03-04,2.087235232937996,1.8326943508723872,naive,LA LIBERTAD
2019-03-11,2.087235232937996,2.0872352329379957,naive,LA LIBERTAD
2019-03-18,1.5781534688067775,2.0872352329379957,naive,LA LIBERTAD
2019-03-25,1.6799698216330217,2.0872352329379957,naive,LA LIBERTAD
2019-04-01,1.6799698216330212,2.0872352329379957,naive,LA LIBERTAD
2019-04-08,1.7308779980461433,1.6799698216330214,naive,LA LIBERTAD
2019-04-15,1.1708880575018026,1.6799698216330214,naive,LA LIBERTAD
2019-04-22,1.1199798810886807,1.6799698216330214,naive,LA LIBERTAD
2019-04-29,0.8654389990230712,1.6799698216330214,naive,LA LIBERTAD
2019-05-06,1.1199798810886805,0.8654389990230713,naive,LA LIBERTAD
2019-05-13,1.1199798810886807,0.8654389990230713,naive,LA LIBERTAD
2019-05-20,1.1708880575018024,0.8654389990230713,naive,LA LIBERTAD
2019-05-27,1.3745207631542902,0.8654389990230713,naive,LA LIBERTAD
2019-06-03,1.2727044103280463,1.37452076315429,naive,LA LIBERTAD
2019-06-10,1.323612586741168,1.37452076315429,naive,LA LIBERTAD
2019-06-17,1.1708880575018024,1.37452076315429,naive,LA LIBERTAD
2019-06-24,1.1708880575018026,1.37452076315429,naive,LA LIBERTAD
2019-07-01,1.0181635282624368,1.1708880575018026,naive,LA LIBERTAD
2019-07-08,0.9672553518493149,1.1708880575018026,naive,LA LIBERTAD
2019-07-15,1.0690717046755587,1.1708880575018026,naive,LA LIBERTAD
2019-07-22,1.5272452923936557,1.1708880575018026,naive,LA LIBERTAD
2019-07-29,2.239959762177362,1.5272452923936557,naive,LA LIBERTAD
2019-08-05,2.239959762177362,1.5272452923936557,naive,LA LIBERTAD
2019-08-12,2.1381434093511182,1.5272452923936557,naive,LA LIBERTAD
2019-08-19,1.883602527285509,1.5272452923936557,naive,LA LIBERTAD
2019-08-26,1.883602527285509,1.8836025272855093,naive,LA LIBERTAD
2019-09-02,2.036327056524875,1.8836025272855093,naive,LA LIBERTAD
2019-09-09,1.7308779980461433,1.8836025272855093,naive,LA LIBERTAD
2019-09-16,2.036327056524875,1.8836025272855093,naive,LA LIBERTAD
2019-09-23,2.036327056524875,2.036327056524875,naive,LA LIBERTAD
2019-09-30,2.036327056524875,2.036327056524875,naive,LA LIBERTAD
2019-10-07,2.0363270565248746,2.036327056524875,naive,LA LIBERTAD
2019-10-14,1.6799698216330212,2.036327056524875,naive,LA LIBERTAD
2019-10-21,1.4763371159805339,1.6799698216330214,naive,LA LIBERTAD
2019-10-28,1.8326943508723865,1.6799698216330214,naive,LA LIBERTAD
2019-11-04,1.781786174459265,1.6799698216330214,naive,LA LIBERTAD
2019-11-11,1.781786174459265,1.6799698216330214,naive,LA LIBERTAD
2019-11-18,1.1199798810886805,1.7817861744592651,naive,LA LIBERTAD
2019-11-25,1.4763371159805336,1.7817861744592651,naive,LA LIBERTAD
2019-12-02,1.4763371159805336,1.7817861744592651,naive,LA LIBERTAD
2019-12-09,1.6290616452198992,1.7817861744592651,naive,LA LIBERTAD
2019-12-16,1.4254289395674116,1.629061645219899,naive,LA LIBERTAD
2019-12-23,1.3745207631542897,1.629061645219899,naive,LA LIBERTAD
2019-12-30,1.323612586741168,1.629061645219899,naive,LA LIBERTAD
2020-01-06,1.9624268390144917,1.629061645219899,naive,LA LIBERTAD
2020-01-13,2.4571385774599226,1.962426839014491,naive,LA LIBERTAD
2020-01-20,2.447558560336064,1.962426839014491,naive,LA LIBERTAD
2020-01-27,2.1478575121316474,1.962426839014491,naive,LA LIBERTAD
2020-02-03,2.0979073374309114,1.962426839014491,naive,LA LIBERTAD
2020-02-10,1.8481564639272314,2.097907337430912,naive,LA LIBERTAD
2020-02-17,1.4485550663213436,2.097907337430912,naive,LA LIBERTAD
2020-02-24,1.1988041928176634,2.097907337430912,naive,LA LIBERTAD
2020-03-02,1.3486547169198715,2.097907337430912,naive,LA LIBERTAD
2020-03-09,1.3486547169198715,1.3486547169198713,naive,LA LIBERTAD
2020-03-16,1.3486547169198715,1.3486547169198713,naive,LA LIBERTAD
2020-03-23,1.3486547169198715,1.3486547169198713,naive,LA LIBERTAD
2020-03-30,1.0489536687154553,1.3486547169198713,naive,LA LIBERTAD
2020-04-06,0.8991031446132473,1.0489536687154555,naive,LA LIBERTAD
2020-04-13,0.6993024458103031,1.0489536687154555,naive,LA LIBERTAD
2020-04-20,1.0989038434161913,1.0489536687154555,naive,LA LIBERTAD
2020-04-27,1.4985052410220796,1.0489536687154555,naive,LA LIBERTAD
2020-05-04,1.8981066386279675,1.4985052410220794,naive,LA LIBERTAD
2020-05-11,2.047957162730176,1.4985052410220794,naive,LA LIBERTAD
2020-05-18,2.3976083856353276,1.4985052410220794,naive,LA LIBERTAD
2020-05-25,3.0469606567448957,1.4985052410220794,naive,LA LIBERTAD
2020-06-01,3.9460638013581444,3.0469606567448952,naive,LA LIBERTAD
2020-06-08,4.845166945971392,3.0469606567448952,naive,LA LIBERTAD
2020-06-15,5.712441151702585,3.0469606567448952,naive,LA LIBERTAD
2020-06-22,6.18011395982789,3.0469606567448952,naive,LA LIBERTAD
2020-06-29,6.030263435725682,6.18011395982789,naive,LA LIBERTAD
2020-07-06,6.030263435725682,6.18011395982789,naive,LA LIBERTAD
2020-07-13,6.030263435725682,6.18011395982789,naive,LA LIBERTAD
2020-07-20,6.348085719748779,6.18011395982789,naive,LA LIBERTAD
2020-07-27,5.980313261024946,6.348085719748778,naive,LA LIBERTAD
2020-08-03,5.362789928797433,6.348085719748778,naive,LA LIBERTAD
2020-08-10,4.795216771270657,6.348085719748778,naive,LA LIBERTAD
2020-08-17,4.24576484956256,6.348085719748778,naive,LA LIBERTAD
2020-08-24,3.796213277255936,4.24576484956256,naive,LA LIBERTAD
2020-08-31,3.49651222905152,4.24576484956256,naive,LA LIBERTAD
2020-09-07,2.797209783241216,4.24576484956256,naive,LA LIBERTAD
2020-09-14,3.096910831445632,4.24576484956256,naive,LA LIBERTAD
2020-09-21,2.8471599579419524,3.0969108314456317,naive,LA LIBERTAD
2020-09-28,3.0469606567448957,3.0969108314456317,naive,LA LIBERTAD
2020-10-05,2.4975087350367997,3.0969108314456317,naive,LA LIBERTAD
2020-10-12,2.0479571627301754,3.0969108314456317,naive,LA LIBERTAD
2020-10-19,1.7982062892264956,2.047957162730175,naive,LA LIBERTAD
2020-10-26,1.7482561145257594,2.047957162730175,naive,LA LIBERTAD
2020-11-02,1.8981066386279675,2.047957162730175,naive,LA LIBERTAD
2020-11-09,1.9480568133287033,2.047957162730175,naive,LA LIBERTAD
2020-11-16,1.8481564639272314,1.9480568133287037,naive,LA LIBERTAD
2020-11-23,1.998006988029439,1.9480568133287037,naive,LA LIBERTAD
2020-11-30,2.2977080362338556,1.9480568133287037,naive,LA LIBERTAD
2020-12-07,2.1978076868323835,1.9480568133287037,naive,LA LIBERTAD
2020-12-14,2.0979073374309114,2.1978076868323835,naive,LA LIBERTAD
2020-12-21,2.0979073374309114,2.1978076868323835,naive,LA LIBERTAD
2020-12-28,2.4475585603360632,2.1978076868323835,naive,LA LIBERTAD
2021-01-04,2.6298291764270227,2.1978076868323835,naive,LA LIBERTAD
2021-01-11,3.4485351605766135,2.6298291764270227,naive,LA LIBERTAD
2021-01-18,4.559561105472944,2.6298291764270227,naive,LA LIBERTAD
2021-01-25,4.804698799315575,2.6298291764270227,naive,LA LIBERTAD
2021-02-01,4.804698799315574,2.6298291764270227,naive,LA LIBERTAD
2021-02-08,3.67706540763947,4.804698799315575,naive,LA LIBERTAD
2021-02-15,4.559561105472943,4.804698799315575,naive,LA LIBERTAD
2021-02-22,4.363450950398837,4.804698799315575,naive,LA LIBERTAD
2021-03-01,5.39302926453789,4.804698799315575,naive,LA LIBERTAD
2021-03-08,4.8537263380841,5.39302926453789,naive,LA LIBERTAD
2021-03-15,3.9712306402506274,5.39302926453789,naive,LA LIBERTAD
2021-03-22,2.990679864880102,5.39302926453789,naive,LA LIBERTAD
2021-03-29,3.58685473630538,5.39302926453789,naive,LA LIBERTAD
2021-04-05,3.97907504645359,3.58685473630538,naive,LA LIBERTAD
2021-04-12,5.163580383101184,3.58685473630538,naive,LA LIBERTAD
2021-04-19,5.163580383101184,3.58685473630538,naive,LA LIBERTAD
2021-04-26,5.310662999406763,3.58685473630538,naive,LA LIBERTAD
2021-05-03,5.3106629994067625,5.310662999406763,naive,LA LIBERTAD
2021-05-10,4.371295356601801,5.310662999406763,naive,LA LIBERTAD
2021-05-17,5.253791054435273,5.310662999406763,naive,LA LIBERTAD
2021-05-24,5.196919109463785,5.310662999406763,naive,LA LIBERTAD
2021-05-31,6.128442346065785,5.196919109463785,naive,LA LIBERTAD
2021-06-07,5.442056803306417,5.196919109463785,naive,LA LIBERTAD
2021-06-14,4.06928571778768,5.196919109463785,naive,LA LIBERTAD
2021-06-21,2.549432015963365,5.196919109463785,naive,LA LIBERTAD
2021-06-28,1.764991395666945,2.549432015963365,naive,LA LIBERTAD
2021-07-05,1.1276333916761032,2.549432015963365,naive,LA LIBERTAD
2021-07-12,0.8334681590649455,2.549432015963365,naive,LA LIBERTAD
2021-07-19,0.5883304652223141,2.549432015963365,naive,LA LIBERTAD
2021-07-26,0.6373580039908405,0.588330465222314,naive,LA LIBERTAD
2021-08-02,0.539302926453788,0.588330465222314,naive,LA LIBERTAD
2021-08-09,0.3431927713796828,0.588330465222314,naive,LA LIBERTAD
2021-08-16,0.2941652326111565,0.588330465222314,naive,LA LIBERTAD
2021-08-23,0.19611015507410393,0.29416523261115646,naive,LA LIBERTAD
2021-08-30,0.2941652326111565,0.29416523261115646,naive,LA LIBERTAD
2021-09-06,0.3431927713796828,0.29416523261115646,naive,LA LIBERTAD
2021-09-13,0.49027538768526163,0.29416523261115646,naive,LA LIBERTAD
2021-09-20,0.7844406202964193,0.4902753876852616,naive,LA LIBERTAD
2021-09-27,0.8824956978334718,0.4902753876852616,naive,LA LIBERTAD
2021-10-04,0.7844406202964193,0.4902753876852616,naive,LA LIBERTAD
2021-10-11,0.4412478489167353,0.4902753876852616,naive,LA LIBERTAD
2021-10-18,0.2941652326111565,0.4412478489167353,naive,LA LIBERTAD
2021-10-25,0.2941652326111565,0.4412478489167353,naive,LA LIBERTAD
2021-11-01,0.2941652326111565,0.4412478489167353,naive,LA LIBERTAD
2021-11-08,0.49027538768526163,0.4412478489167353,naive,LA LIBERTAD
2021-11-15,0.6373580039908405,0.4902753876852616,naive,LA LIBERTAD
2021-11-22,0.9805507753705244,0.4902753876852616,naive,LA LIBERTAD
2021-11-29,1.2256884692131556,0.4902753876852616,naive,LA LIBERTAD
2021-12-06,1.2256884692131558,0.4902753876852616,naive,LA LIBERTAD
2021-12-13,1.0295783141390507,1.2256884692131558,naive,LA LIBERTAD
2021-12-20,0.539302926453788,1.2256884692131558,naive,LA LIBERTAD
2021-12-27,0.7354130815278929,1.2256884692131558,naive,LA LIBERTAD
2022-01-03,0.9235207080340722,1.2256884692131558,naive,LA LIBERTAD
2022-01-10,1.3567660283828828,0.9235207080340722,naive,LA LIBERTAD
2022-01-17,1.5885661746123045,0.9235207080340722,naive,LA LIBERTAD
2022-01-24,1.4441510678293676,0.9235207080340722,naive,LA LIBERTAD
2022-01-31,1.6848429124675957,0.9235207080340722,naive,LA LIBERTAD
2022-02-07,1.3960126989017219,1.6848429124675954,naive,LA LIBERTAD
2022-02-14,1.3960126989017219,1.6848429124675954,naive,LA LIBERTAD
2022-02-21,1.010905747480557,1.6848429124675954,naive,LA LIBERTAD
2022-02-28,0.8183522717699745,1.6848429124675954,naive,LA LIBERTAD
2022-03-07,1.0590441164082025,0.8183522717699745,naive,LA LIBERTAD
2022-03-14,1.010905747480557,0.8183522717699745,naive,LA LIBERTAD
2022-03-21,0.86649064069762,0.8183522717699745,naive,LA LIBERTAD
2022-03-28,0.86649064069762,0.8183522717699745,naive,LA LIBERTAD
2022-04-04,1.0590441164082025,0.86649064069762,naive,LA LIBERTAD
2022-04-11,1.2997359610464307,0.86649064069762,naive,LA LIBERTAD
2022-04-18,1.0590441164082025,0.86649064069762,naive,LA LIBERTAD
2022-04-25,0.9627673785529113,0.86649064069762,naive,LA LIBERTAD
2022-05-02,0.9146290096252657,0.9627673785529114,naive,LA LIBERTAD
2022-05-09,0.9627673785529113,0.9627673785529114,naive,LA LIBERTAD
2022-05-16,0.9146290096252657,0.9627673785529114,naive,LA LIBERTAD
2022-05-23,1.010905747480557,0.9627673785529114,naive,LA LIBERTAD
2022-05-30,1.0590441164082025,1.0109057474805567,naive,LA LIBERTAD
2022-06-06,1.2034592231911392,1.0109057474805567,naive,LA LIBERTAD
2022-06-13,1.010905747480557,1.0109057474805567,naive,LA LIBERTAD
2022-06-20,1.2997359610464307,1.0109057474805567,naive,LA LIBERTAD
2022-06-27,1.2034592231911394,1.2997359610464305,naive,LA LIBERTAD
2022-07-04,1.3960126989017219,1.2997359610464305,naive,LA LIBERTAD
2022-07-11,1.107182485335848,1.2997359610464305,naive,LA LIBERTAD
2022-07-18,1.5885661746123043,1.2997359610464305,naive,LA LIBERTAD
2022-07-25,1.7329812813952412,1.5885661746123043,naive,LA LIBERTAD
2022-08-01,1.6367045435399499,1.5885661746123043,naive,LA LIBERTAD
2022-08-08,1.2997359610464307,1.5885661746123043,naive,LA LIBERTAD
2022-08-15,1.0590441164082025,1.5885661746123043,naive,LA LIBERTAD
2022-08-22,0.9627673785529112,1.0590441164082027,naive,LA LIBERTAD
2022-08-29,0.8183522717699745,1.0590441164082027,naive,LA LIBERTAD
2022-09-05,0.5776604271317463,1.0590441164082027,naive,LA LIBERTAD
2022-09-12,0.5295220582041007,1.0590441164082027,naive,LA LIBERTAD
2022-09-19,0.5776604271317463,0.5295220582041007,naive,LA LIBERTAD
2022-09-26,0.6257987960593919,0.5295220582041007,naive,LA LIBERTAD
2022-10-03,0.5295220582041006,0.5295220582041007,naive,LA LIBERTAD
2022-10-10,0.3851069514211638,0.5295220582041007,naive,LA LIBERTAD
2022-10-17,0.6257987960593919,0.3851069514211638,naive,LA LIBERTAD
2022-10-24,0.8183522717699744,0.3851069514211638,naive,LA LIBERTAD
2022-10-31,0.7220755339146833,0.3851069514211638,naive,LA LIBERTAD
2022-11-07,0.5776604271317464,0.3851069514211638,naive,LA LIBERTAD
2022-11-14,0.6257987960593919,0.5776604271317463,naive,LA LIBERTAD
2022-11-21,1.2515975921187852,0.5776604271317463,naive,LA LIBERTAD
2022-11-28,1.5404278056846588,0.5776604271317463,naive,LA LIBERTAD
2022-12-05,1.4922894367570132,0.5776604271317463,naive,LA LIBERTAD
2010-12-27,0.7653244445805024,0.23931546205234547,seasonal_naive,LA LIBERTAD
2011-01-03,0.5868559639712553,0.29531330999939465,seasonal_naive,LA LIBERTAD
2011-01-10,0.6410892069815427,0.7064533334589251,seasonal_naive,LA LIBERTAD
2011-01-17,0.6953224499918301,1.1185511113099644,seasonal_naive,LA LIBERTAD
2011-01-24,0.8112095249904686,1.0596800001883873,seasonal_naive,LA LIBERTAD
2011-01-31,0.5794353749931919,0.8241955557020793,seasonal_naive,LA LIBERTAD
2011-02-07,0.40560476249523436,0.4709688889726167,seasonal_naive,LA LIBERTAD
2011-02-14,0.637378912492511,0.5298400000941936,seasonal_naive,LA LIBERTAD
2011-02-21,0.5794353749931919,0.5298400000941936,seasonal_naive,LA LIBERTAD
2011-02-28,0.5214918374938727,0.7064533334589249,seasonal_naive,LA LIBERTAD
2011-03-07,0.34766122499591523,0.6475822223373477,seasonal_naive,LA LIBERTAD
2011-03-14,0.5214918374938727,0.4709688889726167,seasonal_naive,LA LIBERTAD
2011-03-21,0.579435374993192,0.5887111112157708,seasonal_naive,LA LIBERTAD
2011-03-28,0.3476612249959153,0.5887111112157708,seasonal_naive,LA LIBERTAD
2011-04-04,0.23177414999727694,0.7653244445805023,seasonal_naive,LA LIBERTAD
2011-04-11,0.2897176874965961,0.5887111112157708,seasonal_naive,LA LIBERTAD
2011-04-18,0.3476612249959153,0.9419377779452336,seasonal_naive,LA LIBERTAD
2011-04-25,0.4056047624952345,0.8830666668236564,seasonal_naive,LA LIBERTAD
2011-05-02,0.2897176874965961,0.8830666668236564,seasonal_naive,LA LIBERTAD
2011-05-09,0.34766122499591523,0.4120977778510398,seasonal_naive,LA LIBERTAD
2011-05-16,0.4056047624952345,0.4709688889726168,seasonal_naive,LA LIBERTAD
2011-05-23,0.46354829999455366,0.2943555556078855,seasonal_naive,LA LIBERTAD
2011-05-30,0.4056047624952344,0.3532266667294627,seasonal_naive,LA LIBERTAD
2011-06-06,0.46354829999455355,0.2943555556078855,seasonal_naive,LA LIBERTAD
2011-06-13,0.40560476249523436,0.5887111112157708,seasonal_naive,LA LIBERTAD
2011-06-20,0.46354829999455366,0.8241955557020793,seasonal_naive,LA LIBERTAD
2011-06-27,0.46354829999455366,1.0008088890668105,seasonal_naive,LA LIBERTAD
2011-07-04,0.6953224499918303,1.0596800001883873,seasonal_naive,LA LIBERTAD
2011-07-11,0.6953224499918301,0.8830666668236564,seasonal_naive,LA LIBERTAD
2011-07-18,0.7532659874911495,0.7064533334589251,seasonal_naive,LA LIBERTAD
2011-07-25,0.5214918374938727,0.4709688889726169,seasonal_naive,LA LIBERTAD
2011-08-01,0.46354829999455355,0.7653244445805023,seasonal_naive,LA LIBERTAD
2011-08-08,0.34766122499591523,0.7064533334589254,seasonal_naive,LA LIBERTAD
2011-08-15,0.46354829999455366,0.6475822223373484,seasonal_naive,LA LIBERTAD
2011-08-22,0.6953224499918303,0.4709688889726169,seasonal_naive,LA LIBERTAD
2011-08-29,0.8112095249904686,0.647582222337348,seasonal_naive,LA LIBERTAD
2011-09-05,0.985040137488426,0.7653244445805023,seasonal_naive,LA LIBERTAD
2011-09-12,0.8112095249904686,0.588711111215771,seasonal_naive,LA LIBERTAD
2011-09-19,0.7532659874911495,0.4709688889726169,seasonal_naive,LA LIBERTAD
2011-09-26,0.5794353749931919,0.5298400000941941,seasonal_naive,LA LIBERTAD
2011-10-03,0.6953224499918301,0.4709688889726169,seasonal_naive,LA LIBERTAD
2011-10-10,0.8112095249904687,0.5298400000941941,seasonal_naive,LA LIBERTAD
2011-10-17,0.9850401374884261,0.4120977778510399,seasonal_naive,LA LIBERTAD
2011-10-24,1.274757824985022,0.7653244445805025,seasonal_naive,LA LIBERTAD
2011-10-31,1.1588707499863837,1.177422222431542,seasonal_naive,LA LIBERTAD
2011-11-07,1.0429836749877452,1.4129066669178503,seasonal_naive,LA LIBERTAD
2011-11-14,0.5214918374938727,1.2951644446746964,seasonal_naive,LA LIBERTAD
2011-11-21,0.5214918374938727,0.8830666668236564,seasonal_naive,LA LIBERTAD
2011-11-28,0.4056047624952345,0.7653244445805025,seasonal_naive,LA LIBERTAD
2011-12-05,0.579435374993192,0.8830666668236566,seasonal_naive,LA LIBERTAD
2011-12-12,0.5214918374938727,0.9419377779452336,seasonal_naive,LA LIBERTAD
2011-12-19,0.6373789124925111,0.9419377779452338,seasonal_naive,LA LIBERTAD
2011-12-26,1.2168142874857029,0.7653244445805025,seasonal_naive,LA LIBERTAD
2012-01-02,1.556386043826275,0.5868559639712552,seasonal_naive,LA LIBERTAD
2012-01-09,1.6668801397213517,0.6410892069815426,seasonal_naive,LA LIBERTAD
2012-01-16,1.140894152974511,0.6953224499918302,seasonal_naive,LA LIBERTAD
2012-01-23,0.9697600300283344,0.8112095249904685,seasonal_naive,LA LIBERTAD
2012-01-30,0.9127153223796088,0.5794353749931918,seasonal_naive,LA LIBERTAD
2012-02-06,0.7986259070821579,0.4056047624952344,seasonal_naive,LA LIBERTAD
2012-02-13,0.6274917841359812,0.6373789124925109,seasonal_naive,LA LIBERTAD
2012-02-20,0.5134023688385299,0.5794353749931918,seasonal_naive,LA LIBERTAD
2012-02-27,0.5704470764872557,0.5214918374938726,seasonal_naive,LA LIBERTAD
2012-03-05,0.6845364917847068,0.34766122499591523,seasonal_naive,LA LIBERTAD
2012-03-12,0.6845364917847068,0.5214918374938726,seasonal_naive,LA LIBERTAD
2012-03-19,0.7415811994334324,0.579435374993192,seasonal_naive,LA LIBERTAD
2012-03-26,0.6845364917847068,0.3476612249959153,seasonal_naive,LA LIBERTAD
2012-04-02,1.02680473767706,0.23177414999727694,seasonal_naive,LA LIBERTAD
2012-04-09,1.768385937110492,0.2897176874965961,seasonal_naive,LA LIBERTAD
2012-04-16,2.110654183002845,0.3476612249959153,seasonal_naive,LA LIBERTAD
2012-04-23,2.167698890651571,0.40560476249523447,seasonal_naive,LA LIBERTAD
2012-04-30,1.5402071065155898,0.2897176874965961,seasonal_naive,LA LIBERTAD
2012-05-07,1.0838494453257854,0.34766122499591523,seasonal_naive,LA LIBERTAD
2012-05-14,0.7986259070821577,0.40560476249523447,seasonal_naive,LA LIBERTAD
2012-05-21,0.5134023688385301,0.4635482999945536,seasonal_naive,LA LIBERTAD
2012-05-28,0.7415811994334321,0.40560476249523447,seasonal_naive,LA LIBERTAD
2012-06-04,0.8556706147308833,0.4635482999945536,seasonal_naive,LA LIBERTAD
2012-06-11,1.02680473767706,0.4056047624952344,seasonal_naive,LA LIBERTAD
2012-06-18,1.140894152974511,0.4635482999945536,seasonal_naive,LA LIBERTAD
2012-06-25,1.02680473767706,0.4635482999945536,seasonal_naive,LA LIBERTAD
2012-07-02,1.1979388606232366,0.6953224499918302,seasonal_naive,LA LIBERTAD
2012-07-09,1.1979388606232364,0.6953224499918302,seasonal_naive,LA LIBERTAD
2012-07-16,1.5402071065155898,0.7532659874911494,seasonal_naive,LA LIBERTAD
2012-07-23,1.7113412294617663,0.5214918374938726,seasonal_naive,LA LIBERTAD
2012-07-30,1.426117691218139,0.4635482999945536,seasonal_naive,LA LIBERTAD
2012-08-06,1.4261176912181386,0.34766122499591523,seasonal_naive,LA LIBERTAD
2012-08-13,1.02680473767706,0.4635482999945536,seasonal_naive,LA LIBERTAD
2012-08-20,1.1979388606232366,0.6953224499918302,seasonal_naive,LA LIBERTAD
2012-08-27,0.8556706147308833,0.8112095249904685,seasonal_naive,LA LIBERTAD
2012-09-03,1.3690729835694129,0.9850401374884259,seasonal_naive,LA LIBERTAD
2012-09-10,1.6542965218130405,0.8112095249904685,seasonal_naive,LA LIBERTAD
2012-09-17,1.5972518141643153,0.7532659874911494,seasonal_naive,LA LIBERTAD
2012-09-24,1.3120282759206876,0.5794353749931918,seasonal_naive,LA LIBERTAD
2012-10-01,1.140894152974511,0.6953224499918302,seasonal_naive,LA LIBERTAD
2012-10-08,1.5402071065155898,0.8112095249904687,seasonal_naive,LA LIBERTAD
2012-10-15,1.3690729835694133,0.9850401374884261,seasonal_naive,LA LIBERTAD
2012-10-22,1.4831623988668643,1.2747578249850222,seasonal_naive,LA LIBERTAD
2012-10-29,1.0838494453257854,1.158870749986384,seasonal_naive,LA LIBERTAD
2012-11-05,1.1979388606232366,1.0429836749877452,seasonal_naive,LA LIBERTAD
2012-11-12,1.0838494453257854,0.5214918374938726,seasonal_naive,LA LIBERTAD
2012-11-19,1.3690729835694133,0.5214918374938726,seasonal_naive,LA LIBERTAD
2012-11-26,1.4261176912181386,0.40560476249523447,seasonal_naive,LA LIBERTAD
2012-12-03,1.3690729835694133,0.579435374993192,seasonal_naive,LA LIBERTAD
2012-12-10,1.254983568271962,0.5214918374938726,seasonal_naive,LA LIBERTAD
2012-12-17,0.9127153223796087,0.6373789124925111,seasonal_naive,LA LIBERTAD
2012-12-24,0.7415811994334321,1.2168142874857026,seasonal_naive,LA LIBERTAD
2012-12-31,0.7986259070821577,1.5563860438262753,seasonal_naive,LA LIBERTAD
2013-01-07,1.4147902886831503,1.6668801397213517,seasonal_naive,LA LIBERTAD
2013-01-14,1.69217177901794,1.1408941529745107,seasonal_naive,LA LIBERTAD
2013-01-21,1.7413744387578276,0.9697600300283344,seasonal_naive,LA LIBERTAD
2013-01-28,1.2919874868203234,0.912715322379609,seasonal_naive,LA LIBERTAD
2013-02-04,1.2358141178281354,0.798625907082158,seasonal_naive,LA LIBERTAD
2013-02-11,1.1234673798437596,0.6274917841359811,seasonal_naive,LA LIBERTAD
2013-02-18,1.3481608558125113,0.5134023688385299,seasonal_naive,LA LIBERTAD
2013-02-25,1.6290277007734513,0.5704470764872558,seasonal_naive,LA LIBERTAD
2013-03-04,1.9098945457343912,0.6845364917847068,seasonal_naive,LA LIBERTAD
2013-03-11,1.8537211767422033,0.6845364917847068,seasonal_naive,LA LIBERTAD
2013-03-18,1.797547807750015,0.7415811994334323,seasonal_naive,LA LIBERTAD
2013-03-25,1.4605075937968872,0.6845364917847068,seasonal_naive,LA LIBERTAD
2013-04-01,1.404334224804699,1.0268047376770597,seasonal_naive,LA LIBERTAD
2013-04-08,1.404334224804699,1.7683859371104917,seasonal_naive,LA LIBERTAD
2013-04-15,1.6290277007734513,2.110654183002845,seasonal_naive,LA LIBERTAD
2013-04-22,1.685201069765639,2.1676988906515713,seasonal_naive,LA LIBERTAD
2013-04-29,1.3481608558125113,1.5402071065155898,seasonal_naive,LA LIBERTAD
2013-05-06,1.0672940108515714,1.0838494453257854,seasonal_naive,LA LIBERTAD
2013-05-13,0.9549472728671956,0.7986259070821577,seasonal_naive,LA LIBERTAD
2013-05-20,0.7864271658906317,0.5134023688385301,seasonal_naive,LA LIBERTAD
2013-05-27,0.6740804279062557,0.7415811994334323,seasonal_naive,LA LIBERTAD
2013-06-03,0.5617336899218798,0.8556706147308832,seasonal_naive,LA LIBERTAD
2013-06-10,0.7864271658906316,1.0268047376770597,seasonal_naive,LA LIBERTAD
2013-06-17,1.0672940108515714,1.1408941529745107,seasonal_naive,LA LIBERTAD
2013-06-24,1.0111206418593834,1.0268047376770597,seasonal_naive,LA LIBERTAD
2013-07-01,1.1234673798437596,1.1979388606232368,seasonal_naive,LA LIBERTAD
2013-07-08,1.0672940108515714,1.1979388606232364,seasonal_naive,LA LIBERTAD
2013-07-15,1.1234673798437593,1.5402071065155898,seasonal_naive,LA LIBERTAD
2013-07-22,1.0111206418593834,1.7113412294617665,seasonal_naive,LA LIBERTAD
2013-07-29,1.1234673798437593,1.4261176912181392,seasonal_naive,LA LIBERTAD
2013-08-05,1.3481608558125113,1.4261176912181384,seasonal_naive,LA LIBERTAD
2013-08-12,1.1796407488359473,1.0268047376770597,seasonal_naive,LA LIBERTAD
2013-08-19,1.1796407488359473,1.1979388606232368,seasonal_naive,LA LIBERTAD
2013-08-26,1.123467379843759,0.8556706147308832,seasonal_naive,LA LIBERTAD
2013-09-02,1.2358141178281352,1.369072983569413,seasonal_naive,LA LIBERTAD
2013-09-09,1.2919874868203234,1.6542965218130408,seasonal_naive,LA LIBERTAD
2013-09-16,1.2919874868203234,1.597251814164315,seasonal_naive,LA LIBERTAD
2013-09-23,1.1234673798437596,1.3120282759206874,seasonal_naive,LA LIBERTAD
2013-09-30,0.8426005348828195,1.1408941529745107,seasonal_naive,LA LIBERTAD
2013-10-07,0.8987739038750076,1.5402071065155898,seasonal_naive,LA LIBERTAD
2013-10-14,0.8426005348828195,1.369072983569413,seasonal_naive,LA LIBERTAD
2013-10-21,1.404334224804699,1.4831623988668645,seasonal_naive,LA LIBERTAD
2013-10-28,1.516680962789075,1.0838494453257854,seasonal_naive,LA LIBERTAD
2013-11-04,1.5728543317812633,1.1979388606232368,seasonal_naive,LA LIBERTAD
2013-11-11,0.9549472728671954,1.0838494453257854,seasonal_naive,LA LIBERTAD
2013-11-18,0.6740804279062554,1.369072983569413,seasonal_naive,LA LIBERTAD
2013-11-25,0.9549472728671954,1.4261176912181384,seasonal_naive,LA LIBERTAD
2013-12-02,1.123467379843759,1.369072983569413,seasonal_naive,LA LIBERTAD
2013-12-09,1.3481608558125113,1.2549835682719621,seasonal_naive,LA LIBERTAD
2013-12-16,1.2358141178281352,0.9127153223796087,seasonal_naive,LA LIBERTAD
2013-12-23,1.2358141178281352,0.7415811994334323,seasonal_naive,LA LIBERTAD
2013-12-30,1.1796407488359473,0.7986259070821577,seasonal_naive,LA LIBERTAD
2014-01-06,1.506539518890189,1.4147902886831503,seasonal_naive,LA LIBERTAD
2014-01-13,1.7219366712849622,1.69217177901794,seasonal_naive,LA LIBERTAD
2014-01-20,1.9364887033548281,1.7413744387578278,seasonal_naive,LA LIBERTAD
2014-01-27,1.6045192113511433,1.2919874868203234,seasonal_naive,LA LIBERTAD
2014-02-03,1.38320621668202,1.2358141178281352,seasonal_naive,LA LIBERTAD
2014-02-10,1.3278779680147392,1.1234673798437598,seasonal_naive,LA LIBERTAD
2014-02-17,1.438534465349301,1.348160855812511,seasonal_naive,LA LIBERTAD
2014-02-24,1.3278779680147392,1.6290277007734515,seasonal_naive,LA LIBERTAD
2014-03-03,1.0512367246783352,1.9098945457343914,seasonal_naive,LA LIBERTAD
2014-03-10,0.7745954813419312,1.8537211767422033,seasonal_naive,LA LIBERTAD
2014-03-17,0.774595481341931,1.797547807750015,seasonal_naive,LA LIBERTAD
2014-03-24,0.6639389840073695,1.4605075937968874,seasonal_naive,LA LIBERTAD
2014-03-31,0.7745954813419312,1.4043342248046988,seasonal_naive,LA LIBERTAD
2014-04-07,0.6639389840073696,1.4043342248046988,seasonal_naive,LA LIBERTAD
2014-04-14,0.9959084760110545,1.6290277007734515,seasonal_naive,LA LIBERTAD
2014-04-21,0.9959084760110545,1.6852010697656392,seasonal_naive,LA LIBERTAD
2014-04-28,1.1618932220128968,1.348160855812511,seasonal_naive,LA LIBERTAD
2014-05-05,0.9405802273437734,1.0672940108515712,seasonal_naive,LA LIBERTAD
2014-05-12,1.1618932220128968,0.9549472728671955,seasonal_naive,LA LIBERTAD
2014-05-19,1.1618932220128968,0.7864271658906317,seasonal_naive,LA LIBERTAD
2014-05-26,1.38320621668202,0.6740804279062556,seasonal_naive,LA LIBERTAD
2014-06-02,1.2172214706801776,0.5617336899218799,seasonal_naive,LA LIBERTAD
2014-06-09,1.2172214706801776,0.7864271658906314,seasonal_naive,LA LIBERTAD
2014-06-16,1.0512367246783352,1.0672940108515712,seasonal_naive,LA LIBERTAD
2014-06-23,0.9405802273437734,1.0111206418593834,seasonal_naive,LA LIBERTAD
2014-06-30,0.829923730009212,1.1234673798437598,seasonal_naive,LA LIBERTAD
2014-07-07,1.0512367246783352,1.0672940108515712,seasonal_naive,LA LIBERTAD
2014-07-14,1.2172214706801776,1.1234673798437593,seasonal_naive,LA LIBERTAD
2014-07-21,1.106564973345616,1.0111206418593834,seasonal_naive,LA LIBERTAD
2014-07-28,0.829923730009212,1.1234673798437593,seasonal_naive,LA LIBERTAD
2014-08-04,1.0512367246783352,1.348160855812511,seasonal_naive,LA LIBERTAD
2014-08-11,1.3278779680147392,1.1796407488359475,seasonal_naive,LA LIBERTAD
2014-08-18,1.2725497193474584,1.1796407488359475,seasonal_naive,LA LIBERTAD
2014-08-25,0.7745954813419312,1.1234673798437593,seasonal_naive,LA LIBERTAD
2014-09-01,0.6086107353400888,1.2358141178281352,seasonal_naive,LA LIBERTAD
2014-09-08,0.7192672326746504,1.2919874868203234,seasonal_naive,LA LIBERTAD
2014-09-15,1.0512367246783352,1.2919874868203234,seasonal_naive,LA LIBERTAD
2014-09-22,1.1618932220128968,1.1234673798437598,seasonal_naive,LA LIBERTAD
2014-09-29,0.8852519786764929,0.8426005348828196,seasonal_naive,LA LIBERTAD
2014-10-06,0.774595481341931,0.8987739038750076,seasonal_naive,LA LIBERTAD
2014-10-13,0.7192672326746502,0.8426005348828196,seasonal_naive,LA LIBERTAD
2014-10-20,0.8852519786764926,1.4043342248046988,seasonal_naive,LA LIBERTAD
2014-10-27,0.8299237300092122,1.5166809627890747,seasonal_naive,LA LIBERTAD
2014-11-03,0.9405802273437737,1.5728543317812633,seasonal_naive,LA LIBERTAD
2014-11-10,1.106564973345616,0.9549472728671955,seasonal_naive,LA LIBERTAD
2014-11-17,1.2725497193474584,0.6740804279062553,seasonal_naive,LA LIBERTAD
2014-11-24,1.438534465349301,0.9549472728671955,seasonal_naive,LA LIBERTAD
2014-12-01,1.4938627140165817,1.1234673798437593,seasonal_naive,LA LIBERTAD
2014-12-08,1.38320621668202,1.348160855812511,seasonal_naive,LA LIBERTAD
2014-12-15,1.1618932220128968,1.2358141178281352,seasonal_naive,LA LIBERTAD
2014-12-22,0.9959084760110545,1.2358141178281352,seasonal_naive,LA LIBERTAD
2014-12-29,0.774595481341931,1.1796407488359475,seasonal_naive,LA LIBERTAD
2015-01-05,0.7696750745001929,1.5065395188901891,seasonal_naive,LA LIBERTAD
2015-01-12,0.5467219442171568,1.7219366712849626,seasonal_naive,LA LIBERTAD
2015-01-19,0.7631145320445417,1.9364887033548288,seasonal_naive,LA LIBERTAD
2015-01-26,0.654098170323893,1.604519211351143,seasonal_naive,LA LIBERTAD
2015-02-02,0.7631145320445417,1.3832062166820198,seasonal_naive,LA LIBERTAD
2015-02-09,0.8176227129048662,1.327877968014739,seasonal_naive,LA LIBERTAD
2015-02-16,0.9811472554858395,1.438534465349301,seasonal_naive,LA LIBERTAD
2015-02-23,0.9811472554858395,1.327877968014739,seasonal_naive,LA LIBERTAD
2015-03-02,0.7086063511842173,1.051236724678335,seasonal_naive,LA LIBERTAD
2015-03-09,0.32704908516194636,0.7745954813419311,seasonal_naive,LA LIBERTAD
2015-03-16,0.32704908516194636,0.7745954813419311,seasonal_naive,LA LIBERTAD
2015-03-23,0.272540904301622,0.6639389840073695,seasonal_naive,LA LIBERTAD
2015-03-30,0.43606544688259524,0.7745954813419311,seasonal_naive,LA LIBERTAD
2015-04-06,0.5450818086032441,0.6639389840073695,seasonal_naive,LA LIBERTAD
2015-04-13,0.7631145320445417,0.9959084760110544,seasonal_naive,LA LIBERTAD
2015-04-20,0.9811472554858395,0.9959084760110544,seasonal_naive,LA LIBERTAD
2015-04-27,0.8721308937651906,1.161893222012897,seasonal_naive,LA LIBERTAD
2015-05-04,0.9811472554858395,0.9405802273437736,seasonal_naive,LA LIBERTAD
2015-05-11,1.0901636172064884,1.161893222012897,seasonal_naive,LA LIBERTAD
2015-05-18,1.0356554363461639,1.161893222012897,seasonal_naive,LA LIBERTAD
2015-05-25,1.0356554363461639,1.3832062166820198,seasonal_naive,LA LIBERTAD
2015-06-01,0.8176227129048662,1.2172214706801778,seasonal_naive,LA LIBERTAD
2015-06-08,0.8721308937651906,1.2172214706801778,seasonal_naive,LA LIBERTAD
2015-06-15,0.5450818086032441,1.051236724678335,seasonal_naive,LA LIBERTAD
2015-06-22,0.8176227129048662,0.9405802273437736,seasonal_naive,LA LIBERTAD
2015-06-29,1.0901636172064884,0.8299237300092119,seasonal_naive,LA LIBERTAD
2015-07-06,1.3627045215081104,1.051236724678335,seasonal_naive,LA LIBERTAD
2015-07-13,1.1991799789271371,1.2172214706801778,seasonal_naive,LA LIBERTAD
2015-07-20,0.7631145320445417,1.1065649733456162,seasonal_naive,LA LIBERTAD
2015-07-27,0.7086063511842173,0.8299237300092119,seasonal_naive,LA LIBERTAD
2015-08-03,0.5995899894635685,1.051236724678335,seasonal_naive,LA LIBERTAD
2015-08-10,0.5995899894635685,1.327877968014739,seasonal_naive,LA LIBERTAD
2015-08-17,0.7086063511842173,1.2725497193474582,seasonal_naive,LA LIBERTAD
2015-08-24,1.308196340647786,0.7745954813419311,seasonal_naive,LA LIBERTAD
2015-08-31,1.5262290640890839,0.6086107353400889,seasonal_naive,LA LIBERTAD
2015-09-07,1.5262290640890839,0.7192672326746505,seasonal_naive,LA LIBERTAD
2015-09-14,1.2536881597874616,1.051236724678335,seasonal_naive,LA LIBERTAD
2015-09-21,1.6352454258097326,1.161893222012897,seasonal_naive,LA LIBERTAD
2015-09-28,1.5807372449494081,0.8852519786764927,seasonal_naive,LA LIBERTAD
2015-10-05,1.199179978927137,0.7745954813419311,seasonal_naive,LA LIBERTAD
2015-10-12,0.7631145320445417,0.7192672326746503,seasonal_naive,LA LIBERTAD
2015-10-19,0.8176227129048662,0.8852519786764927,seasonal_naive,LA LIBERTAD
2015-10-26,0.7631145320445417,0.8299237300092122,seasonal_naive,LA LIBERTAD
2015-11-02,0.7086063511842173,0.9405802273437736,seasonal_naive,LA LIBERTAD
2015-11-09,0.7631145320445417,1.1065649733456162,seasonal_naive,LA LIBERTAD
2015-11-16,1.0356554363461639,1.2725497193474582,seasonal_naive,LA LIBERTAD
2015-11-23,0.9811472554858395,1.438534465349301,seasonal_naive,LA LIBERTAD
2015-11-30,0.7086063511842173,1.4938627140165814,seasonal_naive,LA LIBERTAD
2015-12-07,0.7631145320445417,1.3832062166820198,seasonal_naive,LA LIBERTAD
2015-12-14,1.1991799789271371,1.161893222012897,seasonal_naive,LA LIBERTAD
2015-12-21,1.2536881597874616,0.9959084760110544,seasonal_naive,LA LIBERTAD
2015-12-28,0.7631145320445417,0.7745954813419311,seasonal_naive,LA LIBERTAD
2016-01-04,0.4328809949063855,0.7696750745001928,seasonal_naive,LA LIBERTAD
2016-01-11,0.8593930858603516,0.5467219442171567,seasonal_naive,LA LIBERTAD
2016-01-18,1.2353775609242554,0.7631145320445418,seasonal_naive,LA LIBERTAD
2016-01-25,1.9336344431857915,0.6540981703238928,seasonal_naive,LA LIBERTAD
2016-02-01,1.7187861717207034,0.7631145320445418,seasonal_naive,LA LIBERTAD
2016-02-08,1.6113620359881595,0.8176227129048661,seasonal_naive,LA LIBERTAD
2016-02-15,1.0205292894591675,0.9811472554858394,seasonal_naive,LA LIBERTAD
2016-02-22,1.9336344431857915,0.9811472554858394,seasonal_naive,LA LIBERTAD
2016-02-29,1.7187861717207034,0.7086063511842173,seasonal_naive,LA LIBERTAD
2016-03-07,1.6650741038544314,0.32704908516194636,seasonal_naive,LA LIBERTAD
2016-03-14,0.6445448143952636,0.32704908516194636,seasonal_naive,LA LIBERTAD
2016-03-21,0.9131051537266236,0.272540904301622,seasonal_naive,LA LIBERTAD
2016-03-28,0.9668172215928957,0.4360654468825952,seasonal_naive,LA LIBERTAD
2016-04-04,0.8593930858603515,0.5450818086032441,seasonal_naive,LA LIBERTAD
2016-04-11,0.8593930858603516,0.7631145320445418,seasonal_naive,LA LIBERTAD
2016-04-18,0.7519689501278076,0.9811472554858394,seasonal_naive,LA LIBERTAD
2016-04-25,1.1279534251917116,0.8721308937651906,seasonal_naive,LA LIBERTAD
2016-05-02,1.1279534251917114,0.9811472554858394,seasonal_naive,LA LIBERTAD
2016-05-09,1.2890896287905276,1.0901636172064881,seasonal_naive,LA LIBERTAD
2016-05-16,0.9131051537266236,1.0356554363461639,seasonal_naive,LA LIBERTAD
2016-05-23,0.7519689501278076,1.0356554363461639,seasonal_naive,LA LIBERTAD
2016-05-30,0.5908327465289916,0.8176227129048661,seasonal_naive,LA LIBERTAD
2016-06-06,0.5908327465289916,0.8721308937651906,seasonal_naive,LA LIBERTAD
2016-06-13,0.7519689501278076,0.5450818086032441,seasonal_naive,LA LIBERTAD
2016-06-20,0.9131051537266236,0.8176227129048661,seasonal_naive,LA LIBERTAD
2016-06-27,0.9668172215928955,1.0901636172064881,seasonal_naive,LA LIBERTAD
2016-07-04,0.9668172215928955,1.3627045215081104,seasonal_naive,LA LIBERTAD
2016-07-11,1.1279534251917116,1.1991799789271371,seasonal_naive,LA LIBERTAD
2016-07-18,1.2353775609242554,0.7631145320445418,seasonal_naive,LA LIBERTAD
2016-07-25,1.1279534251917116,0.7086063511842173,seasonal_naive,LA LIBERTAD
2016-08-01,0.9668172215928955,0.5995899894635683,seasonal_naive,LA LIBERTAD
2016-08-08,0.9668172215928955,0.5995899894635683,seasonal_naive,LA LIBERTAD
2016-08-15,1.1279534251917118,0.7086063511842173,seasonal_naive,LA LIBERTAD
2016-08-22,1.5039379002556155,1.3081963406477861,seasonal_naive,LA LIBERTAD
2016-08-29,1.3965137645230714,1.5262290640890837,seasonal_naive,LA LIBERTAD
2016-09-05,1.2353775609242554,1.5262290640890837,seasonal_naive,LA LIBERTAD
2016-09-12,0.8593930858603516,1.2536881597874614,seasonal_naive,LA LIBERTAD
2016-09-19,0.8593930858603516,1.6352454258097326,seasonal_naive,LA LIBERTAD
2016-09-26,1.0205292894591675,1.5807372449494084,seasonal_naive,LA LIBERTAD
2016-10-03,1.1279534251917116,1.1991799789271367,seasonal_naive,LA LIBERTAD
2016-10-10,1.1816654930579835,0.7631145320445418,seasonal_naive,LA LIBERTAD
2016-10-17,1.0205292894591675,0.8176227129048661,seasonal_naive,LA LIBERTAD
2016-10-24,1.0205292894591675,0.7631145320445418,seasonal_naive,LA LIBERTAD
2016-10-31,0.8593930858603516,0.7086063511842173,seasonal_naive,LA LIBERTAD
2016-11-07,0.8056810179940795,0.7631145320445418,seasonal_naive,LA LIBERTAD
2016-11-14,0.37598447506390364,1.0356554363461639,seasonal_naive,LA LIBERTAD
2016-11-21,0.5908327465289916,0.9811472554858394,seasonal_naive,LA LIBERTAD
2016-11-28,0.6982568822615356,0.7086063511842173,seasonal_naive,LA LIBERTAD
2016-12-05,0.9131051537266236,0.7631145320445418,seasonal_naive,LA LIBERTAD
2016-12-12,1.0205292894591675,1.1991799789271371,seasonal_naive,LA LIBERTAD
2016-12-19,0.9668172215928955,1.2536881597874614,seasonal_naive,LA LIBERTAD
2016-12-26,1.0742413573254395,0.7631145320445418,seasonal_naive,LA LIBERTAD
2017-01-02,1.2790377596260625,0.4328809949063855,seasonal_naive,LA LIBERTAD
2017-01-09,1.3288837239675402,0.8593930858603516,seasonal_naive,LA LIBERTAD
2017-01-16,1.0587769432262624,1.2353775609242557,seasonal_naive,LA LIBERTAD
2017-01-23,0.8999604017423231,1.9336344431857917,seasonal_naive,LA LIBERTAD
2017-01-30,0.9528992489036362,1.7187861717207031,seasonal_naive,LA LIBERTAD
2017-02-06,1.1117157903875756,1.6113620359881593,seasonal_naive,LA LIBERTAD
2017-02-13,0.8470215545810099,1.0205292894591675,seasonal_naive,LA LIBERTAD
2017-02-20,0.7411438602583836,1.9336344431857917,seasonal_naive,LA LIBERTAD
2017-02-27,0.7940827074196969,1.7187861717207031,seasonal_naive,LA LIBERTAD
2017-03-06,0.9528992489036362,1.6650741038544314,seasonal_naive,LA LIBERTAD
2017-03-13,1.4822877205167675,0.6445448143952635,seasonal_naive,LA LIBERTAD
2017-03-20,1.535226567678081,0.9131051537266235,seasonal_naive,LA LIBERTAD
2017-03-27,1.6940431091620198,0.9668172215928956,seasonal_naive,LA LIBERTAD
2017-04-03,1.0587769432262624,0.8593930858603513,seasonal_naive,LA LIBERTAD
2017-04-10,1.1117157903875754,0.8593930858603516,seasonal_naive,LA LIBERTAD
2017-04-17,0.7940827074196966,0.7519689501278075,seasonal_naive,LA LIBERTAD
2017-04-24,0.8470215545810098,1.1279534251917114,seasonal_naive,LA LIBERTAD
2017-05-01,0.6882050130970704,1.1279534251917114,seasonal_naive,LA LIBERTAD
2017-05-08,0.5293884716131309,1.2890896287905278,seasonal_naive,LA LIBERTAD
2017-05-15,0.582327318774444,0.9131051537266235,seasonal_naive,LA LIBERTAD
2017-05-22,0.7940827074196966,0.7519689501278075,seasonal_naive,LA LIBERTAD
2017-05-29,0.952899248903636,0.5908327465289918,seasonal_naive,LA LIBERTAD
2017-06-05,0.952899248903636,0.5908327465289918,seasonal_naive,LA LIBERTAD
2017-06-12,0.6882050130970704,0.7519689501278075,seasonal_naive,LA LIBERTAD
2017-06-19,0.7940827074196966,0.9131051537266235,seasonal_naive,LA LIBERTAD
2017-06-26,0.6882050130970704,0.9668172215928956,seasonal_naive,LA LIBERTAD
2017-07-03,0.7411438602583834,0.9668172215928956,seasonal_naive,LA LIBERTAD
2017-07-10,0.8470215545810097,1.1279534251917114,seasonal_naive,LA LIBERTAD
2017-07-17,1.2705323318715147,1.2353775609242557,seasonal_naive,LA LIBERTAD
2017-07-24,1.005838096064949,1.1279534251917114,seasonal_naive,LA LIBERTAD
2017-07-31,1.005838096064949,0.9668172215928956,seasonal_naive,LA LIBERTAD
2017-08-07,1.2705323318715147,0.9668172215928956,seasonal_naive,LA LIBERTAD
2017-08-14,1.9057984978072724,1.1279534251917118,seasonal_naive,LA LIBERTAD
2017-08-21,1.6940431091620198,1.5039379002556155,seasonal_naive,LA LIBERTAD
2017-08-28,1.0587769432262621,1.3965137645230716,seasonal_naive,LA LIBERTAD
2017-09-04,0.6352661659357571,1.2353775609242557,seasonal_naive,LA LIBERTAD
2017-09-11,0.7411438602583834,0.8593930858603516,seasonal_naive,LA LIBERTAD
2017-09-18,1.1646546375488884,0.8593930858603516,seasonal_naive,LA LIBERTAD
2017-09-25,1.6411042620007066,1.0205292894591675,seasonal_naive,LA LIBERTAD
2017-10-02,1.852859650645959,1.1279534251917114,seasonal_naive,LA LIBERTAD
2017-10-09,1.6940431091620198,1.1816654930579835,seasonal_naive,LA LIBERTAD
2017-10-16,1.9587373449685854,1.0205292894591675,seasonal_naive,LA LIBERTAD
2017-10-23,1.6940431091620198,1.0205292894591675,seasonal_naive,LA LIBERTAD
2017-10-30,1.6411042620007068,0.8593930858603516,seasonal_naive,LA LIBERTAD
2017-11-06,1.4293488733554545,0.8056810179940797,seasonal_naive,LA LIBERTAD
2017-11-13,1.6411042620007068,0.37598447506390364,seasonal_naive,LA LIBERTAD
2017-11-20,1.746981956323333,0.5908327465289918,seasonal_naive,LA LIBERTAD
2017-11-27,1.6411042620007066,0.6982568822615356,seasonal_naive,LA LIBERTAD
2017-12-04,1.376410026194141,0.9131051537266235,seasonal_naive,LA LIBERTAD
2017-12-11,1.2705323318715147,1.0205292894591675,seasonal_naive,LA LIBERTAD
2017-12-18,0.9528992489036359,0.9668172215928956,seasonal_naive,LA LIBERTAD
2017-12-25,1.3764100261941412,1.0742413573254397,seasonal_naive,LA LIBERTAD
2018-01-01,1.4729711345162266,1.2790377596260623,seasonal_naive,LA LIBERTAD
2018-01-08,1.8819894446947794,1.32888372396754,seasonal_naive,LA LIBERTAD
2018-01-15,2.1799541794392945,1.0587769432262624,seasonal_naive,LA LIBERTAD
2018-01-22,1.8685321538051094,0.8999604017423231,seasonal_naive,LA LIBERTAD
2018-01-29,1.349495444414801,0.9528992489036361,seasonal_naive,LA LIBERTAD
2018-02-05,0.6747477222074002,1.1117157903875756,seasonal_naive,LA LIBERTAD
2018-02-12,0.726651393146431,0.84702155458101,seasonal_naive,LA LIBERTAD
2018-02-19,0.8823624059635234,0.7411438602583837,seasonal_naive,LA LIBERTAD
2018-02-26,0.6747477222074002,0.7940827074196968,seasonal_naive,LA LIBERTAD
2018-03-05,0.726651393146431,0.9528992489036361,seasonal_naive,LA LIBERTAD
2018-03-12,0.41522936751224604,1.4822877205167675,seasonal_naive,LA LIBERTAD
2018-03-19,0.6228440512683694,1.5352265676780812,seasonal_naive,LA LIBERTAD
2018-03-26,0.4671330384512769,1.6940431091620196,seasonal_naive,LA LIBERTAD
2018-04-02,0.6228440512683694,1.0587769432262624,seasonal_naive,LA LIBERTAD
2018-04-09,0.5190367093903078,1.1117157903875756,seasonal_naive,LA LIBERTAD
2018-04-16,0.726651393146431,0.7940827074196966,seasonal_naive,LA LIBERTAD
2018-04-23,0.6228440512683694,0.8470215545810098,seasonal_naive,LA LIBERTAD
2018-04-30,0.46713303845127685,0.6882050130970703,seasonal_naive,LA LIBERTAD
2018-05-07,0.46713303845127685,0.5293884716131307,seasonal_naive,LA LIBERTAD
2018-05-14,0.6228440512683694,0.582327318774444,seasonal_naive,LA LIBERTAD
2018-05-21,0.8304587350244926,0.7940827074196966,seasonal_naive,LA LIBERTAD
2018-05-28,1.2456881025367392,0.9528992489036359,seasonal_naive,LA LIBERTAD
2018-06-04,1.660917470048986,0.9528992489036359,seasonal_naive,LA LIBERTAD
2018-06-11,2.076146837561233,0.6882050130970703,seasonal_naive,LA LIBERTAD
2018-06-18,1.660917470048986,0.7940827074196966,seasonal_naive,LA LIBERTAD
2018-06-25,1.6090137991099551,0.6882050130970703,seasonal_naive,LA LIBERTAD
2018-07-02,1.5571101281709243,0.7411438602583835,seasonal_naive,LA LIBERTAD
2018-07-09,1.7647248119270476,0.8470215545810096,seasonal_naive,LA LIBERTAD
2018-07-16,1.5052064572318935,1.2705323318715145,seasonal_naive,LA LIBERTAD
2018-07-23,1.660917470048986,1.0058380960649491,seasonal_naive,LA LIBERTAD
2018-07-30,1.5052064572318937,1.0058380960649491,seasonal_naive,LA LIBERTAD
2018-08-06,1.8166284828660786,1.2705323318715145,seasonal_naive,LA LIBERTAD
2018-08-13,1.5571101281709243,1.9057984978072726,seasonal_naive,LA LIBERTAD
2018-08-20,1.712821140988017,1.6940431091620196,seasonal_naive,LA LIBERTAD
2018-08-27,1.6090137991099551,1.0587769432262624,seasonal_naive,LA LIBERTAD
2018-09-03,1.7647248119270476,0.6352661659357572,seasonal_naive,LA LIBERTAD
2018-09-10,1.6090137991099551,0.7411438602583835,seasonal_naive,LA LIBERTAD
2018-09-17,1.29759177347577,1.1646546375488884,seasonal_naive,LA LIBERTAD
2018-09-24,0.7785550640854617,1.6411042620007064,seasonal_naive,LA LIBERTAD
2018-10-01,1.2456881025367392,1.8528596506459585,seasonal_naive,LA LIBERTAD
2018-10-08,1.2456881025367392,1.6940431091620196,seasonal_naive,LA LIBERTAD
2018-10-15,1.5571101281709243,1.9587373449685854,seasonal_naive,LA LIBERTAD
2018-10-22,1.0899770897196468,1.6940431091620196,seasonal_naive,LA LIBERTAD
2018-10-29,1.038073418780616,1.6411042620007068,seasonal_naive,LA LIBERTAD
2018-11-05,0.7785550640854618,1.4293488733554542,seasonal_naive,LA LIBERTAD
2018-11-12,0.6747477222074001,1.6411042620007068,seasonal_naive,LA LIBERTAD
2018-11-19,0.5709403803293384,1.7469819563233333,seasonal_naive,LA LIBERTAD
2018-11-26,0.6228440512683693,1.6411042620007064,seasonal_naive,LA LIBERTAD
2018-12-03,0.9342660769025543,1.376410026194141,seasonal_naive,LA LIBERTAD
2018-12-10,1.038073418780616,1.2705323318715145,seasonal_naive,LA LIBERTAD
2018-12-17,0.9861697478415851,0.9528992489036359,seasonal_naive,LA LIBERTAD
2018-12-24,0.8823624059635234,1.376410026194141,seasonal_naive,LA LIBERTAD
2018-12-31,1.0899770897196468,1.4729711345162264,seasonal_naive,LA LIBERTAD
2019-01-07,1.493260522920986,1.8819894446947796,seasonal_naive,LA LIBERTAD
2019-01-14,1.5352092486009274,2.1799541794392945,seasonal_naive,LA LIBERTAD
2019-01-21,1.6290616452198996,1.8685321538051096,seasonal_naive,LA LIBERTAD
2019-01-28,1.7308779980461437,1.349495444414801,seasonal_naive,LA LIBERTAD
2019-02-04,1.8326943508723872,0.6747477222074003,seasonal_naive,LA LIBERTAD
2019-02-11,1.8326943508723872,0.7266513931464311,seasonal_naive,LA LIBERTAD
2019-02-18,1.5781534688067778,0.8823624059635236,seasonal_naive,LA LIBERTAD
2019-02-25,2.0363270565248746,0.6747477222074003,seasonal_naive,LA LIBERTAD
2019-03-04,2.087235232937996,0.7266513931464311,seasonal_naive,LA LIBERTAD
2019-03-11,2.087235232937996,0.41522936751224604,seasonal_naive,LA LIBERTAD
2019-03-18,1.5781534688067775,0.6228440512683695,seasonal_naive,LA LIBERTAD
2019-03-25,1.6799698216330217,0.46713303845127685,seasonal_naive,LA LIBERTAD
2019-04-01,1.6799698216330212,0.6228440512683695,seasonal_naive,LA LIBERTAD
2019-04-08,1.7308779980461433,0.5190367093903077,seasonal_naive,LA LIBERTAD
2019-04-15,1.1708880575018026,0.7266513931464311,seasonal_naive,LA LIBERTAD
2019-04-22,1.1199798810886807,0.6228440512683695,seasonal_naive,LA LIBERTAD
2019-04-29,0.8654389990230712,0.4671330384512768,seasonal_naive,LA LIBERTAD
2019-05-06,1.1199798810886805,0.4671330384512768,seasonal_naive,LA LIBERTAD
2019-05-13,1.1199798810886807,0.6228440512683695,seasonal_naive,LA LIBERTAD
2019-05-20,1.1708880575018024,0.8304587350244927,seasonal_naive,LA LIBERTAD
2019-05-27,1.3745207631542902,1.2456881025367394,seasonal_naive,LA LIBERTAD
2019-06-03,1.2727044103280463,1.660917470048986,seasonal_naive,LA LIBERTAD
2019-06-10,1.323612586741168,2.0761468375612324,seasonal_naive,LA LIBERTAD
2019-06-17,1.1708880575018024,1.660917470048986,seasonal_naive,LA LIBERTAD
2019-06-24,1.1708880575018026,1.6090137991099551,seasonal_naive,LA LIBERTAD
2019-07-01,1.0181635282624368,1.5571101281709243,seasonal_naive,LA LIBERTAD
2019-07-08,0.9672553518493149,1.7647248119270476,seasonal_naive,LA LIBERTAD
2019-07-15,1.0690717046755587,1.5052064572318935,seasonal_naive,LA LIBERTAD
2019-07-22,1.5272452923936557,1.660917470048986,seasonal_naive,LA LIBERTAD
2019-07-29,2.239959762177362,1.505206457231894,seasonal_naive,LA LIBERTAD
2019-08-05,2.239959762177362,1.8166284828660784,seasonal_naive,LA LIBERTAD
2019-08-12,2.1381434093511182,1.5571101281709243,seasonal_naive,LA LIBERTAD
2019-08-19,1.883602527285509,1.7128211409880172,seasonal_naive,LA LIBERTAD
2019-08-26,1.883602527285509,1.6090137991099551,seasonal_naive,LA LIBERTAD
2019-09-02,2.036327056524875,1.7647248119270476,seasonal_naive,LA LIBERTAD
2019-09-09,1.7308779980461433,1.6090137991099551,seasonal_naive,LA LIBERTAD
2019-09-16,2.036327056524875,1.2975917734757698,seasonal_naive,LA LIBERTAD
2019-09-23,2.036327056524875,0.7785550640854617,seasonal_naive,LA LIBERTAD
2019-09-30,2.036327056524875,1.2456881025367394,seasonal_naive,LA LIBERTAD
2019-10-07,2.0363270565248746,1.2456881025367394,seasonal_naive,LA LIBERTAD
2019-10-14,1.6799698216330212,1.5571101281709243,seasonal_naive,LA LIBERTAD
2019-10-21,1.4763371159805339,1.0899770897196466,seasonal_naive,LA LIBERTAD
2019-10-28,1.8326943508723865,1.0380734187806158,seasonal_naive,LA LIBERTAD
2019-11-04,1.781786174459265,0.7785550640854619,seasonal_naive,LA LIBERTAD
2019-11-11,1.781786174459265,0.6747477222074001,seasonal_naive,LA LIBERTAD
2019-11-18,1.1199798810886805,0.5709403803293385,seasonal_naive,LA LIBERTAD
2019-11-25,1.4763371159805336,0.6228440512683693,seasonal_naive,LA LIBERTAD
2019-12-02,1.4763371159805336,0.9342660769025544,seasonal_naive,LA LIBERTAD
2019-12-09,1.6290616452198992,1.0380734187806158,seasonal_naive,LA LIBERTAD
2019-12-16,1.4254289395674116,0.9861697478415852,seasonal_naive,LA LIBERTAD
2019-12-23,1.3745207631542897,0.8823624059635236,seasonal_naive,LA LIBERTAD
2019-12-30,1.323612586741168,1.0899770897196466,seasonal_naive,LA LIBERTAD
2020-01-06,1.9624268390144917,1.4932605229209863,seasonal_naive,LA LIBERTAD
2020-01-13,2.4571385774599226,1.5352092486009274,seasonal_naive,LA LIBERTAD
2020-01-20,2.447558560336064,1.6290616452198994,seasonal_naive,LA LIBERTAD
2020-01-27,2.1478575121316474,1.730877998046144,seasonal_naive,LA LIBERTAD
2020-02-03,2.0979073374309114,1.8326943508723872,seasonal_naive,LA LIBERTAD
2020-02-10,1.8481564639272314,1.8326943508723872,seasonal_naive,LA LIBERTAD
2020-02-17,1.4485550663213436,1.5781534688067778,seasonal_naive,LA LIBERTAD
2020-02-24,1.1988041928176634,2.036327056524874,seasonal_naive,LA LIBERTAD
2020-03-02,1.3486547169198715,2.0872352329379957,seasonal_naive,LA LIBERTAD
2020-03-09,1.3486547169198715,2.0872352329379957,seasonal_naive,LA LIBERTAD
2020-03-16,1.3486547169198715,1.5781534688067773,seasonal_naive,LA LIBERTAD
2020-03-23,1.3486547169198715,1.6799698216330219,seasonal_naive,LA LIBERTAD
2020-03-30,1.0489536687154553,1.6799698216330214,seasonal_naive,LA LIBERTAD
2020-04-06,0.8991031446132473,1.7308779980461435,seasonal_naive,LA LIBERTAD
2020-04-13,0.6993024458103031,1.1708880575018026,seasonal_naive,LA LIBERTAD
2020-04-20,1.0989038434161913,1.1199798810886805,seasonal_naive,LA LIBERTAD
2020-04-27,1.4985052410220796,0.8654389990230713,seasonal_naive,LA LIBERTAD
2020-05-04,1.8981066386279675,1.1199798810886805,seasonal_naive,LA LIBERTAD
2020-05-11,2.047957162730176,1.1199798810886805,seasonal_naive,LA LIBERTAD
2020-05-18,2.3976083856353276,1.1708880575018021,seasonal_naive,LA LIBERTAD
2020-05-25,3.0469606567448957,1.37452076315429,seasonal_naive,LA LIBERTAD
2020-06-01,3.9460638013581444,1.2727044103280463,seasonal_naive,LA LIBERTAD
2020-06-08,4.845166945971392,1.3236125867411679,seasonal_naive,LA LIBERTAD
2020-06-15,5.712441151702585,1.1708880575018021,seasonal_naive,LA LIBERTAD
2020-06-22,6.18011395982789,1.1708880575018026,seasonal_naive,LA LIBERTAD
2020-06-29,6.030263435725682,1.0181635282624368,seasonal_naive,LA LIBERTAD
2020-07-06,6.030263435725682,0.967255351849315,seasonal_naive,LA LIBERTAD
2020-07-13,6.030263435725682,1.069071704675559,seasonal_naive,LA LIBERTAD
2020-07-20,6.348085719748779,1.5272452923936557,seasonal_naive,LA LIBERTAD
2020-07-27,5.980313261024946,2.2399597621773615,seasonal_naive,LA LIBERTAD
2020-08-03,5.362789928797433,2.2399597621773615,seasonal_naive,LA LIBERTAD
2020-08-10,4.795216771270657,2.1381434093511182,seasonal_naive,LA LIBERTAD
2020-08-17,4.24576484956256,1.8836025272855093,seasonal_naive,LA LIBERTAD
2020-08-24,3.796213277255936,1.8836025272855093,seasonal_naive,LA LIBERTAD
2020-08-31,3.49651222905152,2.036327056524875,seasonal_naive,LA LIBERTAD
2020-09-07,2.797209783241216,1.7308779980461435,seasonal_naive,LA LIBERTAD
2020-09-14,3.096910831445632,2.036327056524875,seasonal_naive,LA LIBERTAD
2020-09-21,2.8471599579419524,2.036327056524875,seasonal_naive,LA LIBERTAD
2020-09-28,3.0469606567448957,2.036327056524875,seasonal_naive,LA LIBERTAD
2020-10-05,2.4975087350367997,2.036327056524874,seasonal_naive,LA LIBERTAD
2020-10-12,2.0479571627301754,1.6799698216330214,seasonal_naive,LA LIBERTAD
2020-10-19,1.7982062892264956,1.4763371159805336,seasonal_naive,LA LIBERTAD
2020-10-26,1.7482561145257594,1.8326943508723863,seasonal_naive,LA LIBERTAD
2020-11-02,1.8981066386279675,1.7817861744592651,seasonal_naive,LA LIBERTAD
2020-11-09,1.9480568133287033,1.7817861744592651,seasonal_naive,LA LIBERTAD
2020-11-16,1.8481564639272314,1.1199798810886805,seasonal_naive,LA LIBERTAD
2020-11-23,1.998006988029439,1.4763371159805336,seasonal_naive,LA LIBERTAD
2020-11-30,2.2977080362338556,1.4763371159805336,seasonal_naive,LA LIBERTAD
2020-12-07,2.1978076868323835,1.629061645219899,seasonal_naive,LA LIBERTAD
2020-12-14,2.0979073374309114,1.4254289395674116,seasonal_naive,LA LIBERTAD
2020-12-21,2.0979073374309114,1.37452076315429,seasonal_naive,LA LIBERTAD
2020-12-28,2.4475585603360632,1.3236125867411679,seasonal_naive,LA LIBERTAD
2021-01-04,2.6298291764270227,1.962426839014491,seasonal_naive,LA LIBERTAD
2021-01-11,3.4485351605766135,2.4571385774599226,seasonal_naive,LA LIBERTAD
2021-01-18,4.559561105472944,2.4475585603360646,seasonal_naive,LA LIBERTAD
2021-01-25,4.804698799315575,2.1478575121316474,seasonal_naive,LA LIBERTAD
2021-02-01,4.804698799315574,2.097907337430912,seasonal_naive,LA LIBERTAD
2021-02-08,3.67706540763947,1.8481564639272312,seasonal_naive,LA LIBERTAD
2021-02-15,4.559561105472943,1.4485550663213438,seasonal_naive,LA LIBERTAD
2021-02-22,4.363450950398837,1.1988041928176636,seasonal_naive,LA LIBERTAD
2021-03-01,5.39302926453789,1.3486547169198713,seasonal_naive,LA LIBERTAD
2021-03-08,4.8537263380841,1.3486547169198713,seasonal_naive,LA LIBERTAD
2021-03-15,3.9712306402506274,1.3486547169198713,seasonal_naive,LA LIBERTAD
2021-03-22,2.990679864880102,1.3486547169198713,seasonal_naive,LA LIBERTAD
2021-03-29,3.58685473630538,1.0489536687154555,seasonal_naive,LA LIBERTAD
2021-04-05,3.97907504645359,0.8991031446132471,seasonal_naive,LA LIBERTAD
2021-04-12,5.163580383101184,0.699302445810303,seasonal_naive,LA LIBERTAD
2021-04-19,5.163580383101184,1.0989038434161915,seasonal_naive,LA LIBERTAD
2021-04-26,5.310662999406763,1.4985052410220794,seasonal_naive,LA LIBERTAD
2021-05-03,5.3106629994067625,1.8981066386279672,seasonal_naive,LA LIBERTAD
2021-05-10,4.371295356601801,2.047957162730176,seasonal_naive,LA LIBERTAD
2021-05-17,5.253791054435273,2.3976083856353276,seasonal_naive,LA LIBERTAD
2021-05-24,5.196919109463785,3.0469606567448952,seasonal_naive,LA LIBERTAD
2021-05-31,6.128442346065785,3.946063801358144,seasonal_naive,LA LIBERTAD
2021-06-07,5.442056803306417,4.845166945971392,seasonal_naive,LA LIBERTAD
2021-06-14,4.06928571778768,5.712441151702585,seasonal_naive,LA LIBERTAD
2021-06-21,2.549432015963365,6.18011395982789,seasonal_naive,LA LIBERTAD
2021-06-28,1.764991395666945,6.030263435725681,seasonal_naive,LA LIBERTAD
2021-07-05,1.1276333916761032,6.030263435725681,seasonal_naive,LA LIBERTAD
2021-07-12,0.8334681590649455,6.030263435725681,seasonal_naive,LA LIBERTAD
2021-07-19,0.5883304652223141,6.348085719748778,seasonal_naive,LA LIBERTAD
2021-07-26,0.6373580039908405,5.980313261024947,seasonal_naive,LA LIBERTAD
2021-08-02,0.539302926453788,5.362789928797434,seasonal_naive,LA LIBERTAD
2021-08-09,0.3431927713796828,4.795216771270657,seasonal_naive,LA LIBERTAD
2021-08-16,0.2941652326111565,4.24576484956256,seasonal_naive,LA LIBERTAD
2021-08-23,0.19611015507410393,3.7962132772559354,seasonal_naive,LA LIBERTAD
2021-08-30,0.2941652326111565,3.49651222905152,seasonal_naive,LA LIBERTAD
2021-09-06,0.3431927713796828,2.7972097832412155,seasonal_naive,LA LIBERTAD
2021-09-13,0.49027538768526163,3.0969108314456317,seasonal_naive,LA LIBERTAD
2021-09-20,0.7844406202964193,2.847159957941953,seasonal_naive,LA LIBERTAD
2021-09-27,0.8824956978334718,3.0469606567448952,seasonal_naive,LA LIBERTAD
2021-10-04,0.7844406202964193,2.4975087350367997,seasonal_naive,LA LIBERTAD
2021-10-11,0.4412478489167353,2.047957162730175,seasonal_naive,LA LIBERTAD
2021-10-18,0.2941652326111565,1.7982062892264956,seasonal_naive,LA LIBERTAD
2021-10-25,0.2941652326111565,1.7482561145257591,seasonal_naive,LA LIBERTAD
2021-11-01,0.2941652326111565,1.8981066386279672,seasonal_naive,LA LIBERTAD
2021-11-08,0.49027538768526163,1.9480568133287037,seasonal_naive,LA LIBERTAD
2021-11-15,0.6373580039908405,1.8481564639272312,seasonal_naive,LA LIBERTAD
2021-11-22,0.9805507753705244,1.9980069880294389,seasonal_naive,LA LIBERTAD
2021-11-29,1.2256884692131556,2.2977080362338556,seasonal_naive,LA LIBERTAD
2021-12-06,1.2256884692131558,2.1978076868323835,seasonal_naive,LA LIBERTAD
2021-12-13,1.0295783141390507,2.097907337430912,seasonal_naive,LA LIBERTAD
2021-12-20,0.539302926453788,2.097907337430912,seasonal_naive,LA LIBERTAD
2021-12-27,0.7354130815278929,2.447558560336063,seasonal_naive,LA LIBERTAD
2022-01-03,0.9235207080340722,2.6298291764270227,seasonal_naive,LA LIBERTAD
2022-01-10,1.3567660283828828,3.448535160576613,seasonal_naive,LA LIBERTAD
2022-01-17,1.5885661746123045,4.559561105472944,seasonal_naive,LA LIBERTAD
2022-01-24,1.4441510678293676,4.804698799315575,seasonal_naive,LA LIBERTAD
2022-01-31,1.6848429124675957,4.804698799315575,seasonal_naive,LA LIBERTAD
2022-02-07,1.3960126989017219,3.6770654076394695,seasonal_naive,LA LIBERTAD
2022-02-14,1.3960126989017219,4.559561105472944,seasonal_naive,LA LIBERTAD
2022-02-21,1.010905747480557,4.363450950398837,seasonal_naive,LA LIBERTAD
2022-02-28,0.8183522717699745,5.39302926453789,seasonal_naive,LA LIBERTAD
2022-03-07,1.0590441164082025,4.8537263380841,seasonal_naive,LA LIBERTAD
2022-03-14,1.010905747480557,3.9712306402506288,seasonal_naive,LA LIBERTAD
2022-03-21,0.86649064069762,2.990679864880102,seasonal_naive,LA LIBERTAD
2022-03-28,0.86649064069762,3.58685473630538,seasonal_naive,LA LIBERTAD
2022-04-04,1.0590441164082025,3.9790750464535893,seasonal_naive,LA LIBERTAD
2022-04-11,1.2997359610464307,5.163580383101184,seasonal_naive,LA LIBERTAD
2022-04-18,1.0590441164082025,5.163580383101184,seasonal_naive,LA LIBERTAD
2022-04-25,0.9627673785529113,5.310662999406763,seasonal_naive,LA LIBERTAD
2022-05-02,0.9146290096252657,5.3106629994067625,seasonal_naive,LA LIBERTAD
2022-05-09,0.9627673785529113,4.3712953566018005,seasonal_naive,LA LIBERTAD
2022-05-16,0.9146290096252657,5.253791054435274,seasonal_naive,LA LIBERTAD
2022-05-23,1.010905747480557,5.196919109463785,seasonal_naive,LA LIBERTAD
2022-05-30,1.0590441164082025,6.128442346065785,seasonal_naive,LA LIBERTAD
2022-06-06,1.2034592231911392,5.442056803306418,seasonal_naive,LA LIBERTAD
2022-06-13,1.010905747480557,4.06928571778768,seasonal_naive,LA LIBERTAD
2022-06-20,1.2997359610464307,2.549432015963365,seasonal_naive,LA LIBERTAD
2022-06-27,1.2034592231911394,1.7649913956669447,seasonal_naive,LA LIBERTAD
2022-07-04,1.3960126989017219,1.1276333916761034,seasonal_naive,LA LIBERTAD
2022-07-11,1.107182485335848,0.8334681590649455,seasonal_naive,LA LIBERTAD
2022-07-18,1.5885661746123043,0.588330465222314,seasonal_naive,LA LIBERTAD
2022-07-25,1.7329812813952412,0.6373580039908404,seasonal_naive,LA LIBERTAD
2022-08-01,1.6367045435399499,0.5393029264537879,seasonal_naive,LA LIBERTAD
2022-08-08,1.2997359610464307,0.34319277137968285,seasonal_naive,LA LIBERTAD
2022-08-15,1.0590441164082025,0.29416523261115646,seasonal_naive,LA LIBERTAD
2022-08-22,0.9627673785529112,0.1961101550741039,seasonal_naive,LA LIBERTAD
2022-08-29,0.8183522717699745,0.29416523261115646,seasonal_naive,LA LIBERTAD
2022-09-05,0.5776604271317463,0.34319277137968285,seasonal_naive,LA LIBERTAD
2022-09-12,0.5295220582041007,0.4902753876852616,seasonal_naive,LA LIBERTAD
2022-09-19,0.5776604271317463,0.7844406202964194,seasonal_naive,LA LIBERTAD
2022-09-26,0.6257987960593919,0.8824956978334717,seasonal_naive,LA LIBERTAD
2022-10-03,0.5295220582041006,0.7844406202964194,seasonal_naive,LA LIBERTAD
2022-10-10,0.3851069514211638,0.4412478489167353,seasonal_naive,LA LIBERTAD
2022-10-17,0.6257987960593919,0.29416523261115646,seasonal_naive,LA LIBERTAD
2022-10-24,0.8183522717699744,0.29416523261115646,seasonal_naive,LA LIBERTAD
2022-10-31,0.7220755339146833,0.29416523261115646,seasonal_naive,LA LIBERTAD
2022-11-07,0.5776604271317464,0.4902753876852616,seasonal_naive,LA LIBERTAD
2022-11-14,0.6257987960593919,0.6373580039908404,seasonal_naive,LA LIBERTAD
2022-11-21,1.2515975921187852,0.9805507753705245,seasonal_naive,LA LIBERTAD
2022-11-28,1.5404278056846588,1.2256884692131558,seasonal_naive,LA LIBERTAD
2022-12-05,1.4922894367570132,1.2256884692131558,seasonal_naive,LA LIBERTAD
2010-12-27,0.7653244445805024,0.8422919213933548,holt_winters,LA LIBERTAD
2011-01-03,0.5868559639712553,0.7724659196356913,holt_winters,LA LIBERTAD
2011-01-10,0.6410892069815427,0.8941778266935223,holt_winters,LA LIBERTAD
2011-01-17,0.6953224499918301,1.0322327258552315,holt_winters,LA LIBERTAD
2011-01-24,0.8112095249904686,0.7367053562765833,holt_winters,LA LIBERTAD
2011-01-31,0.5794353749931919,0.6056681352868227,holt_winters,LA LIBERTAD
2011-02-07,0.40560476249523436,0.498280408871652,holt_winters,LA LIBERTAD
2011-02-14,0.637378912492511,0.5938280300672361,holt_winters,LA LIBERTAD
2011-02-21,0.5794353749931919,0.5957403830882106,holt_winters,LA LIBERTAD
2011-02-28,0.5214918374938727,0.675763639843393,holt_winters,LA LIBERTAD
2011-03-07,0.34766122499591523,0.5843962159597353,holt_winters,LA LIBERTAD
2011-03-14,0.5214918374938727,0.6114097474960043,holt_winters,LA LIBERTAD
2011-03-21,0.579435374993192,0.5237930916065334,holt_winters,LA LIBERTAD
2011-03-28,0.3476612249959153,0.5141706622254765,holt_winters,LA LIBERTAD
2011-04-04,0.23177414999727694,0.5325211241413015,holt_winters,LA LIBERTAD
2011-04-11,0.2897176874965961,0.47827401779202705,holt_winters,LA LIBERTAD
2011-04-18,0.3476612249959153,0.2962717174607929,holt_winters,LA LIBERTAD
2011-04-25,0.4056047624952345,0.20894556805889164,holt_winters,LA LIBERTAD
2011-05-02,0.2897176874965961,0.367867479703578,holt_winters,LA LIBERTAD
2011-05-09,0.34766122499591523,0.29594602642977075,holt_winters,LA LIBERTAD
2011-05-16,0.4056047624952345,0.40844635845077,holt_winters,LA LIBERTAD
2011-05-23,0.46354829999455366,0.21311672691161182,holt_winters,LA LIBERTAD
2011-05-30,0.4056047624952344,0.2446960789258334,holt_winters,LA LIBERTAD
2011-06-06,0.46354829999455355,0.2350047096727082,holt_winters,LA LIBERTAD
2011-06-13,0.40560476249523436,0.4723196427005794,holt_winters,LA LIBERTAD
2011-06-20,0.46354829999455366,0.645282794100106,holt_winters,LA LIBERTAD
2011-06-27,0.46354829999455366,0.648552151650208,holt_winters,LA LIBERTAD
2011-07-04,0.6953224499918303,0.6918060274095339,holt_winters,LA LIBERTAD
2011-07-11,0.6953224499918301,0.5817500007006109,holt_winters,LA LIBERTAD
2011-07-18,0.7532659874911495,0.5992130591551783,holt_winters,LA LIBERTAD
2011-07-25,0.5214918374938727,0.5814264508578477,holt_winters,LA LIBERTAD
2011-08-01,0.46354829999455355,0.5566559269283717,holt_winters,LA LIBERTAD
2011-08-08,0.34766122499591523,0.49025177838996387,holt_winters,LA LIBERTAD
2011-08-15,0.46354829999455366,0.4112357738213568,holt_winters,LA LIBERTAD
2011-08-22,0.6953224499918303,0.3988095267620933,holt_winters,LA LIBERTAD
2011-08-29,0.8112095249904686,0.5262344136489707,holt_winters,LA LIBERTAD
2011-09-05,0.985040137488426,0.9031065848134858,holt_winters,LA LIBERTAD
2011-09-12,0.8112095249904686,0.8092927708300173,holt_winters,LA LIBERTAD
2011-09-19,0.7532659874911495,0.6791233634621008,holt_winters,LA LIBERTAD
2011-09-26,0.5794353749931919,0.6997942548731593,holt_winters,LA LIBERTAD
2011-10-03,0.6953224499918301,0.6663263574325127,holt_winters,LA LIBERTAD
2011-10-10,0.8112095249904687,0.7779817875833239,holt_winters,LA LIBERTAD
2011-10-17,0.9850401374884261,0.8021676279541088,holt_winters,LA LIBERTAD
2011-10-24,1.274757824985022,0.9214458153462413,holt_winters,LA LIBERTAD
2011-10-31,1.1588707499863837,1.2568889569685027,holt_winters,LA LIBERTAD
2011-11-07,1.0429836749877452,1.2308175804175883,holt_winters,LA LIBERTAD
2011-11-14,0.5214918374938727,1.1170423614262295,holt_winters,LA LIBERTAD
2011-11-21,0.5214918374938727,1.0159107648813026,holt_winters,LA LIBERTAD
2011-11-28,0.4056047624952345,0.5510392771059474,holt_winters,LA LIBERTAD
2011-12-05,0.579435374993192,0.5388103140543512,holt_winters,LA LIBERTAD
2011-12-12,0.5214918374938727,0.6012826479141324,holt_winters,LA LIBERTAD
2011-12-19,0.6373789124925111,0.6021199648334883,holt_winters,LA LIBERTAD
2011-12-26,1.2168142874857029,0.4902747539361342,holt_winters,LA LIBERTAD
2012-01-02,1.556386043826275,0.41150318784718126,holt_winters,LA LIBERTAD
2012-01-09,1.6668801397213517,0.5263448815236611,holt_winters,LA LIBERTAD
2012-01-16,1.140894152974511,0.65592608980068,holt_winters,LA LIBERTAD
2012-01-23,0.9697600300283344,1.1252993787200403,holt_winters,LA LIBERTAD
2012-01-30,0.9127153223796088,0.9041749649365121,holt_winters,LA LIBERTAD
2012-02-06,0.7986259070821579,0.731552807121052,holt_winters,LA LIBERTAD
2012-02-13,0.6274917841359812,0.8966436491792313,holt_winters,LA LIBERTAD
2012-02-20,0.5134023688385299,0.5919566404505705,holt_winters,LA LIBERTAD
2012-02-27,0.5704470764872557,0.639040742493932,holt_winters,LA LIBERTAD
2012-03-05,0.6845364917847068,0.49895362650694514,holt_winters,LA LIBERTAD
2012-03-12,0.6845364917847068,0.5519896487038567,holt_winters,LA LIBERTAD
2012-03-19,0.7415811994334324,0.7528099045092798,holt_winters,LA LIBERTAD
2012-03-26,0.6845364917847068,0.7220345475824124,holt_winters,LA LIBERTAD
2012-04-02,1.02680473767706,0.7405215414103348,holt_winters,LA LIBERTAD
2012-04-09,1.768385937110492,0.7175815394661091,holt_winters,LA LIBERTAD
2012-04-16,2.110654183002845,1.5558930749395177,holt_winters,LA LIBERTAD
2012-04-23,2.167698890651571,1.5558930749395177,holt_winters,LA LIBERTAD
2012-04-30,1.5402071065155898,1.5558930749395177,holt_winters,LA LIBERTAD
2012-05-07,1.0838494453257854,1.5558930749395177,holt_winters,LA LIBERTAD
2012-05-14,0.7986259070821577,1.1981290060545335,holt_winters,LA LIBERTAD
2012-05-21,0.5134023688385301,0.9035879522653012,holt_winters,LA LIBERTAD
2012-05-28,0.7415811994334321,0.9333308534562097,holt_winters,LA LIBERTAD
2012-06-04,0.8556706147308833,0.9306237179754091,holt_winters,LA LIBERTAD
2012-06-11,1.02680473767706,0.8755541010356682,holt_winters,LA LIBERTAD
2012-06-18,1.140894152974511,1.0583844722290379,holt_winters,LA LIBERTAD
2012-06-25,1.02680473767706,1.0215724939787334,holt_winters,LA LIBERTAD
2012-07-02,1.1979388606232366,1.1043242342196327,holt_winters,LA LIBERTAD
2012-07-09,1.1979388606232364,1.2194781943147048,holt_winters,LA LIBERTAD
2012-07-16,1.5402071065155898,1.2394161756060025,holt_winters,LA LIBERTAD
2012-07-23,1.7113412294617663,1.1403221590907195,holt_winters,LA LIBERTAD
2012-07-30,1.426117691218139,1.0833714203023717,holt_winters,LA LIBERTAD
2012-08-06,1.4261176912181386,1.5301123030234747,holt_winters,LA LIBERTAD
2012-08-13,1.02680473767706,1.427330404138948,holt_winters,LA LIBERTAD
2012-08-20,1.1979388606232366,1.510466251091164,holt_winters,LA LIBERTAD
2012-08-27,0.8556706147308833,1.669735255254333,holt_winters,LA LIBERTAD
2012-09-03,1.3690729835694129,1.0085794966585464,holt_winters,LA LIBERTAD
2012-09-10,1.6542965218130405,0.8888429698220397,holt_winters,LA LIBERTAD
2012-09-17,1.5972518141643153,0.7731630802249387,holt_winters,LA LIBERTAD
2012-09-24,1.3120282759206876,0.7535148587838749,holt_winters,LA LIBERTAD
2012-10-01,1.140894152974511,1.4033985498748036,holt_winters,LA LIBERTAD
2012-10-08,1.5402071065155898,1.4994113457482432,holt_winters,LA LIBERTAD
2012-10-15,1.3690729835694133,1.5791434210810151,holt_winters,LA LIBERTAD
2012-10-22,1.4831623988668643,1.7347295595977452,holt_winters,LA LIBERTAD
2012-10-29,1.0838494453257854,1.5291894544093805,holt_winters,LA LIBERTAD
2012-11-05,1.1979388606232366,1.4247584841672056,holt_winters,LA LIBERTAD
2012-11-12,1.0838494453257854,1.1293853860833045,holt_winters,LA LIBERTAD
2012-11-19,1.3690729835694133,1.0636700373406591,holt_winters,LA LIBERTAD
2012-11-26,1.4261176912181386,1.2455211096216154,holt_winters,LA LIBERTAD
2012-12-03,1.3690729835694133,1.2332810845235476,holt_winters,LA LIBERTAD
2012-12-10,1.254983568271962,1.3042990026967183,holt_winters,LA LIBERTAD
2012-12-17,0.9127153223796087,1.3026553051554632,holt_winters,LA LIBERTAD
2012-12-24,0.7415811994334321,0.8878563278446934,holt_winters,LA LIBERTAD
2012-12-31,0.7986259070821577,0.8808080299388832,holt_winters,LA LIBERTAD
2013-01-07,1.4147902886831503,1.0751882799019121,holt_winters,LA LIBERTAD
2013-01-14,1.69217177901794,1.2098542443047942,holt_winters,LA LIBERTAD
2013-01-21,1.7413744387578276,1.6139575800710926,holt_winters,LA LIBERTAD
2013-01-28,1.2919874868203234,1.365001776767412,holt_winters,LA LIBERTAD
2013-02-04,1.2358141178281354,1.154701281763436,holt_winters,LA LIBERTAD
2013-02-11,1.1234673798437596,1.343942706143845,holt_winters,LA LIBERTAD
2013-02-18,1.3481608558125113,1.0184648040979418,holt_winters,LA LIBERTAD
2013-02-25,1.6290277007734513,1.0106928158734774,holt_winters,LA LIBERTAD
2013-03-04,1.9098945457343912,0.8563882289980438,holt_winters,LA LIBERTAD
2013-03-11,1.8537211767422033,0.9423857958059967,holt_winters,LA LIBERTAD
2013-03-18,1.797547807750015,1.876752258029002,holt_winters,LA LIBERTAD
2013-03-25,1.4605075937968872,1.876752258029002,holt_winters,LA LIBERTAD
2013-04-01,1.404334224804699,1.876752258029002,holt_winters,LA LIBERTAD
2013-04-08,1.404334224804699,1.876752258029002,holt_winters,LA LIBERTAD
2013-04-15,1.6290277007734513,1.5925758858909989,holt_winters,LA LIBERTAD
2013-04-22,1.685201069765639,1.454757085719327,holt_winters,LA LIBERTAD
2013-04-29,1.3481608558125113,1.5558159176067945,holt_winters,LA LIBERTAD
2013-05-06,1.0672940108515714,1.305155890980107,holt_winters,LA LIBERTAD
2013-05-13,0.9549472728671956,1.0603275037838396,holt_winters,LA LIBERTAD
2013-05-20,0.7864271658906317,0.8089140093047975,holt_winters,LA LIBERTAD
2013-05-27,0.6740804279062557,0.9552084529063567,holt_winters,LA LIBERTAD
2013-06-03,0.5617336899218798,1.0166562264514871,holt_winters,LA LIBERTAD
2013-06-10,0.7864271658906316,0.6505110452798002,holt_winters,LA LIBERTAD
2013-06-17,1.0672940108515714,0.7348732814857555,holt_winters,LA LIBERTAD
2013-06-24,1.0111206418593834,0.7191812725993363,holt_winters,LA LIBERTAD
2013-07-01,1.1234673798437596,0.8112053452321608,holt_winters,LA LIBERTAD
2013-07-08,1.0672940108515714,1.0916088484993858,holt_winters,LA LIBERTAD
2013-07-15,1.1234673798437593,1.1302742355021635,holt_winters,LA LIBERTAD
2013-07-22,1.0111206418593834,1.0533707210817762,holt_winters,LA LIBERTAD
2013-07-29,1.1234673798437593,1.0008413125563336,holt_winters,LA LIBERTAD
2013-08-05,1.3481608558125113,1.2402534615353056,holt_winters,LA LIBERTAD
2013-08-12,1.1796407488359473,1.1524732752522713,holt_winters,LA LIBERTAD
2013-08-19,1.1796407488359473,1.1866649978589319,holt_winters,LA LIBERTAD
2013-08-26,1.123467379843759,1.1547533605033018,holt_winters,LA LIBERTAD
2013-09-02,1.2358141178281352,1.3933703025011197,holt_winters,LA LIBERTAD
2013-09-09,1.2919874868203234,1.2760596133627442,holt_winters,LA LIBERTAD
2013-09-16,1.2919874868203234,1.157248512494545,holt_winters,LA LIBERTAD
2013-09-23,1.1234673798437596,1.0614604673673873,holt_winters,LA LIBERTAD
2013-09-30,0.8426005348828195,1.1282550859420288,holt_winters,LA LIBERTAD
2013-10-07,0.8987739038750076,1.278803594283863,holt_winters,LA LIBERTAD
2013-10-14,0.8426005348828195,1.2910577042355404,holt_winters,LA LIBERTAD
2013-10-21,1.404334224804699,1.5253201970202102,holt_winters,LA LIBERTAD
2013-10-28,1.516680962789075,1.4086340673395172,holt_winters,LA LIBERTAD
2013-11-04,1.5728543317812633,1.4272153846482536,holt_winters,LA LIBERTAD
2013-11-11,0.9549472728671954,1.1986901100682616,holt_winters,LA LIBERTAD
2013-11-18,0.6740804279062554,1.1411293901377961,holt_winters,LA LIBERTAD
2013-11-25,0.9549472728671954,0.581969726973945,holt_winters,LA LIBERTAD
2013-12-02,1.123467379843759,0.59537874531907,holt_winters,LA LIBERTAD
2013-12-09,1.3481608558125113,0.6103126811702635,holt_winters,LA LIBERTAD
2013-12-16,1.2358141178281352,0.5394522083576396,holt_winters,LA LIBERTAD
2013-12-23,1.2358141178281352,1.177011069292449,holt_winters,LA LIBERTAD
2013-12-30,1.1796407488359473,1.1998693640598002,holt_winters,LA LIBERTAD
2014-01-06,1.506539518890189,1.5356073997357274,holt_winters,LA LIBERTAD
2014-01-13,1.7219366712849622,1.6931330745141482,holt_winters,LA LIBERTAD
2014-01-20,1.9364887033548281,1.7022475876297274,holt_winters,LA LIBERTAD
2014-01-27,1.6045192113511433,1.4420532244791868,holt_winters,LA LIBERTAD
2014-02-03,1.38320621668202,1.2196531223504792,holt_winters,LA LIBERTAD
2014-02-10,1.3278779680147392,1.2863608349438276,holt_winters,LA LIBERTAD
2014-02-17,1.438534465349301,1.317053722655071,holt_winters,LA LIBERTAD
2014-02-24,1.3278779680147392,1.3859343468855014,holt_winters,LA LIBERTAD
2014-03-03,1.0512367246783352,1.3603378265229957,holt_winters,LA LIBERTAD
2014-03-10,0.7745954813419312,1.3899527431604772,holt_winters,LA LIBERTAD
2014-03-17,0.774595481341931,0.833623420809865,holt_winters,LA LIBERTAD
2014-03-24,0.6639389840073695,0.708751826493321,holt_winters,LA LIBERTAD
2014-03-31,0.7745954813419312,0.7894658791877183,holt_winters,LA LIBERTAD
2014-04-07,0.6639389840073696,0.9261168099212884,holt_winters,LA LIBERTAD
2014-04-14,0.9959084760110545,0.8649983292532111,holt_winters,LA LIBERTAD
2014-04-21,0.9959084760110545,0.8155812265144606,holt_winters,LA LIBERTAD
2014-04-28,1.1618932220128968,0.6945191021047998,holt_winters,LA LIBERTAD
2014-05-05,0.9405802273437734,0.5216116710690062,holt_winters,LA LIBERTAD
2014-05-12,1.1618932220128968,0.8816312739829382,holt_winters,LA LIBERTAD
2014-05-19,1.1618932220128968,0.7289986843483296,holt_winters,LA LIBERTAD
2014-05-26,1.38320621668202,0.7700823090533362,holt_winters,LA LIBERTAD
2014-06-02,1.2172214706801776,0.7993634434823707,holt_winters,LA LIBERTAD
2014-06-09,1.2172214706801776,1.4361702041119497,holt_winters,LA LIBERTAD
2014-06-16,1.0512367246783352,1.6571726272164091,holt_winters,LA LIBERTAD
2014-06-23,0.9405802273437734,1.6157410070935438,holt_winters,LA LIBERTAD
2014-06-30,0.829923730009212,1.7611707398742023,holt_winters,LA LIBERTAD
2014-07-07,1.0512367246783352,0.7793639685634584,holt_winters,LA LIBERTAD
2014-07-14,1.2172214706801776,0.7848420999220249,holt_winters,LA LIBERTAD
2014-07-21,1.106564973345616,0.6977859417982535,holt_winters,LA LIBERTAD
2014-07-28,0.829923730009212,0.7038931072182748,holt_winters,LA LIBERTAD
2014-08-04,1.0512367246783352,0.8219026871180928,holt_winters,LA LIBERTAD
2014-08-11,1.3278779680147392,0.7362086600966593,holt_winters,LA LIBERTAD
2014-08-18,1.2725497193474584,0.8201269695241811,holt_winters,LA LIBERTAD
2014-08-25,0.7745954813419312,0.8114545867718055,holt_winters,LA LIBERTAD
2014-09-01,0.6086107353400888,0.9877841365289803,holt_winters,LA LIBERTAD
2014-09-08,0.7192672326746504,0.943538584329231,holt_winters,LA LIBERTAD
2014-09-15,1.0512367246783352,0.8332993893279932,holt_winters,LA LIBERTAD
2014-09-22,1.1618932220128968,0.774516009437749,holt_winters,LA LIBERTAD
2014-09-29,0.8852519786764929,1.0595701126599084,holt_winters,LA LIBERTAD
2014-10-06,0.774595481341931,1.202498000748629,holt_winters,LA LIBERTAD
2014-10-13,0.7192672326746502,1.1967919656497878,holt_winters,LA LIBERTAD
2014-10-20,0.8852519786764926,1.5322771787458849,holt_winters,LA LIBERTAD
2014-10-27,0.8299237300092122,0.8977722605238907,holt_winters,LA LIBERTAD
2014-11-03,0.9405802273437737,0.9457805816544147,holt_winters,LA LIBERTAD
2014-11-10,1.106564973345616,0.6997632628460009,holt_winters,LA LIBERTAD
2014-11-17,1.2725497193474584,0.5925773619046304,holt_winters,LA LIBERTAD
2014-11-24,1.438534465349301,1.2905633014585352,holt_winters,LA LIBERTAD
2014-12-01,1.4938627140165817,1.3834022458384028,holt_winters,LA LIBERTAD
2014-12-08,1.38320621668202,1.4374797355320252,holt_winters,LA LIBERTAD
2014-12-15,1.1618932220128968,1.3161719771464413,holt_winters,LA LIBERTAD
2014-12-22,0.9959084760110545,1.222767070768377,holt_winters,LA LIBERTAD
2014-12-29,0.774595481341931,1.2214199157060937,holt_winters,LA LIBERTAD
2015-01-05,0.7696750745001929,1.562091463943318,holt_winters,LA LIBERTAD
2015-01-12,0.5467219442171568,1.6463341369723232,holt_winters,LA LIBERTAD
2015-01-19,0.7631145320445417,0.5777651828028387,holt_winters,LA LIBERTAD
2015-01-26,0.654098170323893,0.41084202358046795,holt_winters,LA LIBERTAD
2015-02-02,0.7631145320445417,0.28059207741301356,holt_winters,LA LIBERTAD
2015-02-09,0.8176227129048662,0.28971349273907204,holt_winters,LA LIBERTAD
2015-02-16,0.9811472554858395,0.8346678221131925,holt_winters,LA LIBERTAD
2015-02-23,0.9811472554858395,0.8898601563531829,holt_winters,LA LIBERTAD
2015-03-02,0.7086063511842173,0.8401621714580734,holt_winters,LA LIBERTAD
2015-03-09,0.32704908516194636,0.7771565300475523,holt_winters,LA LIBERTAD
2015-03-16,0.32704908516194636,0.3457297044390745,holt_winters,LA LIBERTAD
2015-03-23,0.272540904301622,0.24254296564668784,holt_winters,LA LIBERTAD
2015-03-30,0.43606544688259524,0.3014201540325293,holt_winters,LA LIBERTAD
2015-04-06,0.5450818086032441,0.3493358258529198,holt_winters,LA LIBERTAD
2015-04-13,0.7631145320445417,0.7212133448840246,holt_winters,LA LIBERTAD
2015-04-20,0.9811472554858395,0.7468816085223988,holt_winters,LA LIBERTAD
2015-04-27,0.8721308937651906,0.6312952856412681,holt_winters,LA LIBERTAD
2015-05-04,0.9811472554858395,0.4289221913423559,holt_winters,LA LIBERTAD
2015-05-11,1.0901636172064884,0.9531253294165025,holt_winters,LA LIBERTAD
2015-05-18,1.0356554363461639,0.8160741261948852,holt_winters,LA LIBERTAD
2015-05-25,1.0356554363461639,0.8769115429665035,holt_winters,LA LIBERTAD
2015-06-01,0.8176227129048662,0.8421231608906059,holt_winters,LA LIBERTAD
2015-06-08,0.8721308937651906,0.9006284632525312,holt_winters,LA LIBERTAD
2015-06-15,0.5450818086032441,1.0175825463356598,holt_winters,LA LIBERTAD
2015-06-22,0.8176227129048662,0.9981436175149756,holt_winters,LA LIBERTAD
2015-06-29,1.0901636172064884,1.1004327867052388,holt_winters,LA LIBERTAD
2015-07-06,1.3627045215081104,1.1322844137538604,holt_winters,LA LIBERTAD
2015-07-13,1.1991799789271371,1.23281152168629,holt_winters,LA LIBERTAD
2015-07-20,0.7631145320445417,1.1046902233680505,holt_winters,LA LIBERTAD
2015-07-27,0.7086063511842173,1.0932139634381857,holt_winters,LA LIBERTAD
2015-08-03,0.5995899894635685,0.7663114237810686,holt_winters,LA LIBERTAD
2015-08-10,0.5995899894635685,0.737971414776343,holt_winters,LA LIBERTAD
2015-08-17,0.7086063511842173,0.7696099654066688,holt_winters,LA LIBERTAD
2015-08-24,1.308196340647786,0.6787384714915865,holt_winters,LA LIBERTAD
2015-08-31,1.5262290640890839,1.4754374340835326,holt_winters,LA LIBERTAD
2015-09-07,1.5262290640890839,1.4901372955310803,holt_winters,LA LIBERTAD
2015-09-14,1.2536881597874616,1.5205438783575898,holt_winters,LA LIBERTAD
2015-09-21,1.6352454258097326,1.4241731611317303,holt_winters,LA LIBERTAD
2015-09-28,1.5807372449494081,1.4503221003663964,holt_winters,LA LIBERTAD
2015-10-05,1.199179978927137,1.5508750322844929,holt_winters,LA LIBERTAD
2015-10-12,0.7631145320445417,1.4720454071015383,holt_winters,LA LIBERTAD
2015-10-19,0.8176227129048662,1.862897071986704,holt_winters,LA LIBERTAD
2015-10-26,0.7631145320445417,0.7232976398187649,holt_winters,LA LIBERTAD
2015-11-02,0.7086063511842173,0.7957476073348462,holt_winters,LA LIBERTAD
2015-11-09,0.7631145320445417,0.6027993971991561,holt_winters,LA LIBERTAD
2015-11-16,1.0356554363461639,0.5621463125357964,holt_winters,LA LIBERTAD
2015-11-23,0.9811472554858395,1.1207137861753589,holt_winters,LA LIBERTAD
2015-11-30,0.7086063511842173,1.2387509407832762,holt_winters,LA LIBERTAD
2015-12-07,0.7631145320445417,1.2415243455268254,holt_winters,LA LIBERTAD
2015-12-14,1.1991799789271371,1.1398812961400702,holt_winters,LA LIBERTAD
2015-12-21,1.2536881597874616,1.2661669387565433,holt_winters,LA LIBERTAD
2015-12-28,0.7631145320445417,1.2496498911090983,holt_winters,LA LIBERTAD
2016-01-04,0.4328809949063855,1.5042999237019625,holt_winters,LA LIBERTAD
2016-01-11,0.8593930858603516,1.450012346831076,holt_winters,LA LIBERTAD
2016-01-18,1.2353775609242554,0.9268666267727819,holt_winters,LA LIBERTAD
2016-01-25,1.9336344431857915,0.7325914373521694,holt_winters,LA LIBERTAD
2016-02-01,1.7187861717207034,0.6546855883869043,holt_winters,LA LIBERTAD
2016-02-08,1.6113620359881595,0.6566589353854055,holt_winters,LA LIBERTAD
2016-02-15,1.0205292894591675,1.714275300168619,holt_winters,LA LIBERTAD
2016-02-22,1.9336344431857915,1.745245076458636,holt_winters,LA LIBERTAD
2016-02-29,1.7187861717207034,1.6199511375795201,holt_winters,LA LIBERTAD
2016-03-07,1.6650741038544314,1.4648775256087312,holt_winters,LA LIBERTAD
2016-03-14,0.6445448143952636,1.662398621236504,holt_winters,LA LIBERTAD
2016-03-21,0.9131051537266236,1.4742637696975422,holt_winters,LA LIBERTAD
2016-03-28,0.9668172215928957,1.628299857519088,holt_winters,LA LIBERTAD
2016-04-04,0.8593930858603515,1.8465348026436876,holt_winters,LA LIBERTAD
2016-04-11,0.8593930858603516,1.1170435133432437,holt_winters,LA LIBERTAD
2016-04-18,0.7519689501278076,1.184271436200651,holt_winters,LA LIBERTAD
2016-04-25,1.1279534251917116,0.9941322427728472,holt_winters,LA LIBERTAD
2016-05-02,1.1279534251917114,0.8529999303383766,holt_winters,LA LIBERTAD
2016-05-09,1.2890896287905276,1.1045158216517024,holt_winters,LA LIBERTAD
2016-05-16,0.9131051537266236,0.9961064293965567,holt_winters,LA LIBERTAD
2016-05-23,0.7519689501278076,1.0435259942176889,holt_winters,LA LIBERTAD
2016-05-30,0.5908327465289916,0.97688807485714,holt_winters,LA LIBERTAD
2016-06-06,0.5908327465289916,0.6948096734822795,holt_winters,LA LIBERTAD
2016-06-13,0.7519689501278076,0.6813099855355251,holt_winters,LA LIBERTAD
2016-06-20,0.9131051537266236,0.6859561492755175,holt_winters,LA LIBERTAD
2016-06-27,0.9668172215928955,0.8092925388892247,holt_winters,LA LIBERTAD
2016-07-04,0.9668172215928955,1.0724821320363582,holt_winters,LA LIBERTAD
2016-07-11,1.1279534251917116,1.1582489879391762,holt_winters,LA LIBERTAD
2016-07-18,1.2353775609242554,0.9878041975285239,holt_winters,LA LIBERTAD
2016-07-25,1.1279534251917116,0.8811229653535844,holt_winters,LA LIBERTAD
2016-08-01,0.9668172215928955,1.2079723996461986,holt_winters,LA LIBERTAD
2016-08-08,0.9668172215928955,1.1501830053387794,holt_winters,LA LIBERTAD
2016-08-15,1.1279534251917118,1.237869573032873,holt_winters,LA LIBERTAD
2016-08-22,1.5039379002556155,1.1795099458643081,holt_winters,LA LIBERTAD
2016-08-29,1.3965137645230714,1.6845893791044615,holt_winters,LA LIBERTAD
2016-09-05,1.2353775609242554,1.760569711122269,holt_winters,LA LIBERTAD
2016-09-12,0.8593930858603516,1.7756521627227988,holt_winters,LA LIBERTAD
2016-09-19,0.8593930858603516,1.734485034805819,holt_winters,LA LIBERTAD
2016-09-26,1.0205292894591675,0.6941097588696368,holt_winters,LA LIBERTAD
2016-10-03,1.1279534251917116,0.6964260261774731,holt_winters,LA LIBERTAD
2016-10-10,1.1816654930579835,0.6002510868264255,holt_winters,LA LIBERTAD
2016-10-17,1.0205292894591675,0.7856101275573901,holt_winters,LA LIBERTAD
2016-10-24,1.0205292894591675,0.9238884504952303,holt_winters,LA LIBERTAD
2016-10-31,0.8593930858603516,0.9739025862850379,holt_winters,LA LIBERTAD
2016-11-07,0.8056810179940795,0.8055116690055357,holt_winters,LA LIBERTAD
2016-11-14,0.37598447506390364,0.8951401152088039,holt_winters,LA LIBERTAD
2016-11-21,0.5908327465289916,0.4580393848699118,holt_winters,LA LIBERTAD
2016-11-28,0.6982568822615356,0.44482349501034735,holt_winters,LA LIBERTAD
2016-12-05,0.9131051537266236,0.4234231140043765,holt_winters,LA LIBERTAD
2016-12-12,1.0205292894591675,0.4024003198866953,holt_winters,LA LIBERTAD
2016-12-19,0.9668172215928955,0.9461361379913205,holt_winters,LA LIBERTAD
2016-12-26,1.0742413573254395,0.8738907934036875,holt_winters,LA LIBERTAD
2017-01-02,1.2790377596260625,0.9847245576601582,holt_winters,LA LIBERTAD
2017-01-09,1.3288837239675402,1.0309284315609868,holt_winters,LA LIBERTAD
2017-01-16,1.0587769432262624,1.5795993959853996,holt_winters,LA LIBERTAD
2017-01-23,0.8999604017423231,1.5101470137138162,holt_winters,LA LIBERTAD
2017-01-30,0.9528992489036362,1.4104657069559412,holt_winters,LA LIBERTAD
2017-02-06,1.1117157903875756,1.3162445782363488,holt_winters,LA LIBERTAD
2017-02-13,0.8470215545810099,1.1017147866686883,holt_winters,LA LIBERTAD
2017-02-20,0.7411438602583836,1.2761563269189566,holt_winters,LA LIBERTAD
2017-02-27,0.7940827074196969,1.1674787854471962,holt_winters,LA LIBERTAD
2017-03-06,0.9528992489036362,0.9642100328595897,holt_winters,LA LIBERTAD
2017-03-13,1.4822877205167675,0.7249142823440995,holt_winters,LA LIBERTAD
2017-03-20,1.535226567678081,0.6664857714876518,holt_winters,LA LIBERTAD
2017-03-27,1.6940431091620198,0.7807661006092239,holt_winters,LA LIBERTAD
2017-04-03,1.0587769432262624,0.8650053363533639,holt_winters,LA LIBERTAD
2017-04-10,1.1117157903875754,1.274243194595095,holt_winters,LA LIBERTAD
2017-04-17,0.7940827074196966,1.3701365915725594,holt_winters,LA LIBERTAD
2017-04-24,0.8470215545810098,1.3465037644922493,holt_winters,LA LIBERTAD
2017-05-01,0.6882050130970704,1.2062458483822986,holt_winters,LA LIBERTAD
2017-05-08,0.5293884716131309,0.7681961101645725,holt_winters,LA LIBERTAD
2017-05-15,0.582327318774444,0.5962839529372543,holt_winters,LA LIBERTAD
2017-05-22,0.7940827074196966,0.6122411451367298,holt_winters,LA LIBERTAD
2017-05-29,0.952899248903636,0.5132542705263086,holt_winters,LA LIBERTAD
2017-06-05,0.952899248903636,1.035101500872179,holt_winters,LA LIBERTAD
2017-06-12,0.6882050130970704,1.042548683167591,holt_winters,LA LIBERTAD
2017-06-19,0.7940827074196966,1.0861141970730648,holt_winters,LA LIBERTAD
2017-06-26,0.6882050130970704,1.1880824081026011,holt_winters,LA LIBERTAD
2017-07-03,0.7411438602583834,0.7825954222639482,holt_winters,LA LIBERTAD
2017-07-10,0.8470215545810097,0.8652368291138539,holt_winters,LA LIBERTAD
2017-07-17,1.2705323318715147,0.7798028154191048,holt_winters,LA LIBERTAD
2017-07-24,1.005838096064949,0.6779682695973026,holt_winters,LA LIBERTAD
2017-07-31,1.005838096064949,1.0405277089352896,holt_winters,LA LIBERTAD
2017-08-07,1.2705323318715147,1.0084417763960647,holt_winters,LA LIBERTAD
2017-08-14,1.9057984978072724,1.1072830324304195,holt_winters,LA LIBERTAD
2017-08-21,1.6940431091620198,1.129013785859387,holt_winters,LA LIBERTAD
2017-08-28,1.0587769432262621,1.6936766592976058,holt_winters,LA LIBERTAD
2017-09-04,0.6352661659357571,1.7553457325073136,holt_winters,LA LIBERTAD
2017-09-11,0.7411438602583834,1.6678590792555061,holt_winters,LA LIBERTAD
2017-09-18,1.1646546375488884,1.6688778157775954,holt_winters,LA LIBERTAD
2017-09-25,1.6411042620007066,1.0531390689450393,holt_winters,LA LIBERTAD
2017-10-02,1.852859650645959,1.0505758072561133,holt_winters,LA LIBERTAD
2017-10-09,1.6940431091620198,0.9091126383945711,holt_winters,LA LIBERTAD
2017-10-16,1.9587373449685854,1.0418600425751237,holt_winters,LA LIBERTAD
2017-10-23,1.6940431091620198,1.9336344431857917,holt_winters,LA LIBERTAD
2017-10-30,1.6411042620007068,1.9336344431857917,holt_winters,LA LIBERTAD
2017-11-06,1.4293488733554545,1.7804980828640833,holt_winters,LA LIBERTAD
2017-11-13,1.6411042620007068,1.7239751767724454,holt_winters,LA LIBERTAD
2017-11-20,1.746981956323333,1.8723482600656975,holt_winters,LA LIBERTAD
2017-11-27,1.6411042620007066,1.8944460155692626,holt_winters,LA LIBERTAD
2017-12-04,1.376410026194141,1.9336344431857917,holt_winters,LA LIBERTAD
2017-12-11,1.2705323318715147,1.9336344431857917,holt_winters,LA LIBERTAD
2017-12-18,0.9528992489036359,1.2277144612524018,holt_winters,LA LIBERTAD
2017-12-25,1.3764100261941412,1.0523809395088533,holt_winters,LA LIBERTAD
2018-01-01,1.4729711345162266,1.1507733931179631,holt_winters,LA LIBERTAD
2018-01-08,1.8819894446947794,1.271261186844919,holt_winters,LA LIBERTAD
2018-01-15,2.1799541794392945,1.9336344431857917,holt_winters,LA LIBERTAD
2018-01-22,1.8685321538051094,1.9336344431857917,holt_winters,LA LIBERTAD
2018-01-29,1.349495444414801,1.9178769391365043,holt_winters,LA LIBERTAD
2018-02-05,0.6747477222074002,1.9144747467779872,holt_winters,LA LIBERTAD
2018-02-12,0.726651393146431,0.571631407857623,holt_winters,LA LIBERTAD
2018-02-19,0.8823624059635234,0.6977149009083152,holt_winters,LA LIBERTAD
2018-02-26,0.6747477222074002,0.6266705857325237,holt_winters,LA LIBERTAD
2018-03-05,0.726651393146431,0.5176729934286539,holt_winters,LA LIBERTAD
2018-03-12,0.41522936751224604,0.6254598042419408,holt_winters,LA LIBERTAD
2018-03-19,0.6228440512683694,0.6351703195106941,holt_winters,LA LIBERTAD
2018-03-26,0.4671330384512769,0.7451189871486414,holt_winters,LA LIBERTAD
2018-04-02,0.6228440512683694,0.6581463903078095,holt_winters,LA LIBERTAD
2018-04-09,0.5190367093903078,0.7665093908575569,holt_winters,LA LIBERTAD
2018-04-16,0.726651393146431,0.7646493019984277,holt_winters,LA LIBERTAD
2018-04-23,0.6228440512683694,0.8279815713374556,holt_winters,LA LIBERTAD
2018-04-30,0.46713303845127685,0.7500559857968223,holt_winters,LA LIBERTAD
2018-05-07,0.46713303845127685,0.5198274715024731,holt_winters,LA LIBERTAD
2018-05-14,0.6228440512683694,0.4432162420356771,holt_winters,LA LIBERTAD
2018-05-21,0.8304587350244926,0.4646062166071723,holt_winters,LA LIBERTAD
2018-05-28,1.2456881025367392,0.38954676130150284,holt_winters,LA LIBERTAD
2018-06-04,1.660917470048986,1.2625590667722477,holt_winters,LA LIBERTAD
2018-06-11,2.076146837561233,1.1640762694263747,holt_winters,LA LIBERTAD
2018-06-18,1.660917470048986,1.2472987686250168,holt_winters,LA LIBERTAD
2018-06-25,1.6090137991099551,1.2792176036646752,holt_winters,LA LIBERTAD
2018-07-02,1.5571101281709243,1.786312676509945,holt_winters,LA LIBERTAD
2018-07-09,1.7647248119270476,1.877525333394444,holt_winters,LA LIBERTAD
2018-07-16,1.5052064572318935,1.8318109443413708,holt_winters,LA LIBERTAD
2018-07-23,1.660917470048986,1.6669812753411946,holt_winters,LA LIBERTAD
2018-07-30,1.5052064572318937,1.6350920609497068,holt_winters,LA LIBERTAD
2018-08-06,1.8166284828660786,1.760644023565808,holt_winters,LA LIBERTAD
2018-08-13,1.5571101281709243,1.9456106464164695,holt_winters,LA LIBERTAD
2018-08-20,1.712821140988017,1.9456106464164695,holt_winters,LA LIBERTAD
2018-08-27,1.6090137991099551,1.5022036484301204,holt_winters,LA LIBERTAD
2018-09-03,1.7647248119270476,1.3992620793197745,holt_winters,LA LIBERTAD
2018-09-10,1.6090137991099551,1.370367414060742,holt_winters,LA LIBERTAD
2018-09-17,1.29759177347577,1.5415837316609182,holt_winters,LA LIBERTAD
2018-09-24,0.7785550640854617,1.3715207169201955,holt_winters,LA LIBERTAD
2018-10-01,1.2456881025367392,1.3083148673031868,holt_winters,LA LIBERTAD
2018-10-08,1.2456881025367392,1.142201402547613,holt_winters,LA LIBERTAD
2018-10-15,1.5571101281709243,1.3018993819402018,holt_winters,LA LIBERTAD
2018-10-22,1.0899770897196468,1.4576462333255216,holt_winters,LA LIBERTAD
2018-10-29,1.038073418780616,1.4550938300794245,holt_winters,LA LIBERTAD
2018-11-05,0.7785550640854618,1.3417765575114573,holt_winters,LA LIBERTAD
2018-11-12,0.6747477222074001,1.2979740326351732,holt_winters,LA LIBERTAD
2018-11-19,0.5709403803293384,0.7765051842779207,holt_winters,LA LIBERTAD
2018-11-26,0.6228440512683693,0.7500744766320304,holt_winters,LA LIBERTAD
2018-12-03,0.9342660769025543,0.7695351585525501,holt_winters,LA LIBERTAD
2018-12-10,1.038073418780616,0.7870876341817146,holt_winters,LA LIBERTAD
2018-12-17,0.9861697478415851,0.9233442335399631,holt_winters,LA LIBERTAD
2018-12-24,0.8823624059635234,0.8724410669781291,holt_winters,LA LIBERTAD
2018-12-31,1.0899770897196468,0.8982149711690093,holt_winters,LA LIBERTAD
2019-01-07,1.493260522920986,1.0512736320534675,holt_winters,LA LIBERTAD
2019-01-14,1.5352092486009274,1.6784695355719288,holt_winters,LA LIBERTAD
2019-01-21,1.6290616452198996,1.65553138576943,holt_winters,LA LIBERTAD
2019-01-28,1.7308779980461437,1.5351168015394996,holt_winters,LA LIBERTAD
2019-02-04,1.8326943508723872,1.4059415751610485,holt_winters,LA LIBERTAD
2019-02-11,1.8326943508723872,1.6397206522485122,holt_winters,LA LIBERTAD
2019-02-18,1.5781534688067778,1.8695131538770786,holt_winters,LA LIBERTAD
2019-02-25,2.0363270565248746,1.6550936408816548,holt_winters,LA LIBERTAD
2019-03-04,2.087235232937996,1.5182716518069865,holt_winters,LA LIBERTAD
2019-03-11,2.087235232937996,1.7578666958566584,holt_winters,LA LIBERTAD
2019-03-18,1.5781534688067775,1.8683062123811367,holt_winters,LA LIBERTAD
2019-03-25,1.6799698216330217,1.9651977184185188,holt_winters,LA LIBERTAD
2019-04-01,1.6799698216330212,1.836254898169413,holt_winters,LA LIBERTAD
2019-04-08,1.7308779980461433,1.7362062125375872,holt_winters,LA LIBERTAD
2019-04-15,1.1708880575018026,1.7475137599528452,holt_winters,LA LIBERTAD
2019-04-22,1.1199798810886807,1.84988251004892,holt_winters,LA LIBERTAD
2019-04-29,0.8654389990230712,1.7139623837072029,holt_winters,LA LIBERTAD
2019-05-06,1.1199798810886805,0.8769346838108312,holt_winters,LA LIBERTAD
2019-05-13,1.1199798810886807,0.8591743628051371,holt_winters,LA LIBERTAD
2019-05-20,1.1708880575018024,0.9649574106702563,holt_winters,LA LIBERTAD
2019-05-27,1.3745207631542902,0.9754005261859318,holt_winters,LA LIBERTAD
2019-06-03,1.2727044103280463,1.4912489079238336,holt_winters,LA LIBERTAD
2019-06-10,1.323612586741168,1.4276458546646946,holt_winters,LA LIBERTAD
2019-06-17,1.1708880575018024,1.4991067254218415,holt_winters,LA LIBERTAD
2019-06-24,1.1708880575018026,1.52629464318641,holt_winters,LA LIBERTAD
2019-07-01,1.0181635282624368,1.2427105205761495,holt_winters,LA LIBERTAD
2019-07-08,0.9672553518493149,1.3471506134637803,holt_winters,LA LIBERTAD
2019-07-15,1.0690717046755587,1.2958412960440673,holt_winters,LA LIBERTAD
2019-07-22,1.5272452923936557,1.1702087782648443,holt_winters,LA LIBERTAD
2019-07-29,2.239959762177362,1.3962653466783657,holt_winters,LA LIBERTAD
2019-08-05,2.239959762177362,1.6007211182815602,holt_winters,LA LIBERTAD
2019-08-12,2.1381434093511182,1.7629050702945723,holt_winters,LA LIBERTAD
2019-08-19,1.883602527285509,1.889231555759892,holt_winters,LA LIBERTAD
2019-08-26,1.883602527285509,1.7007881023745042,holt_winters,LA LIBERTAD
2019-09-02,2.036327056524875,1.5569683930811498,holt_winters,LA LIBERTAD
2019-09-09,1.7308779980461433,1.4588388377664119,holt_winters,LA LIBERTAD
2019-09-16,2.036327056524875,1.5779511676972637,holt_winters,LA LIBERTAD
2019-09-23,2.036327056524875,2.0352604133429324,holt_winters,LA LIBERTAD
2019-09-30,2.036327056524875,2.1054559246532736,holt_winters,LA LIBERTAD
2019-10-07,2.0363270565248746,1.919202108960404,holt_winters,LA LIBERTAD
2019-10-14,1.6799698216330212,2.067570697547393,holt_winters,LA LIBERTAD
2019-10-21,1.4763371159805339,1.470787243682968,holt_winters,LA LIBERTAD
2019-10-28,1.8326943508723865,1.388684145816006,holt_winters,LA LIBERTAD
2019-11-04,1.781786174459265,1.299629154158065,holt_winters,LA LIBERTAD
2019-11-11,1.781786174459265,1.2667272950451451,holt_winters,LA LIBERTAD
2019-11-18,1.1199798810886805,1.8382839645187516,holt_winters,LA LIBERTAD
2019-11-25,1.4763371159805336,1.8378884111732616,holt_winters,LA LIBERTAD
2019-12-02,1.4763371159805336,1.9709841468684108,holt_winters,LA LIBERTAD
2019-12-09,1.6290616452198992,2.109966696665327,holt_winters,LA LIBERTAD
2019-12-16,1.4254289395674116,1.5065536189034954,holt_winters,LA LIBERTAD
2019-12-23,1.3745207631542897,1.455939483462191,holt_winters,LA LIBERTAD
2019-12-30,1.323612586741168,1.4946787477392145,holt_winters,LA LIBERTAD
2020-01-06,1.9624268390144917,1.7650560783900264,holt_winters,LA LIBERTAD
2020-01-13,2.4571385774599226,2.0914031795286454,holt_winters,LA LIBERTAD
2020-01-20,2.447558560336064,2.1138476511371556,holt_winters,LA LIBERTAD
2020-01-27,2.1478575121316474,2.009751255008897,holt_winters,LA LIBERTAD
2020-02-03,2.0979073374309114,1.8594646604482121,holt_winters,LA LIBERTAD
2020-02-10,1.8481564639272314,1.8214224141226514,holt_winters,LA LIBERTAD
2020-02-17,1.4485550663213436,2.035760387648014,holt_winters,LA LIBERTAD
2020-02-24,1.1988041928176634,1.9743660765208961,holt_winters,LA LIBERTAD
2020-03-02,1.3486547169198715,1.9112004332135064,holt_winters,LA LIBERTAD
2020-03-09,1.3486547169198715,1.1030793591560806,holt_winters,LA LIBERTAD
2020-03-16,1.3486547169198715,1.1068863243792455,holt_winters,LA LIBERTAD
2020-03-23,1.3486547169198715,1.14182480591951,holt_winters,LA LIBERTAD
2020-03-30,1.0489536687154553,1.0557374718742678,holt_winters,LA LIBERTAD
2020-04-06,0.8991031446132473,1.0388667194459686,holt_winters,LA LIBERTAD
2020-04-13,0.6993024458103031,0.9364922230332595,holt_winters,LA LIBERTAD
2020-04-20,1.0989038434161913,0.9525958505529011,holt_winters,LA LIBERTAD
2020-04-27,1.4985052410220796,0.8412954043816172,holt_winters,LA LIBERTAD
2020-05-04,1.8981066386279675,1.556630352835557,holt_winters,LA LIBERTAD
2020-05-11,2.047957162730176,1.5478822813254354,holt_winters,LA LIBERTAD
2020-05-18,2.3976083856353276,1.6639615890323909,holt_winters,LA LIBERTAD
2020-05-25,3.0469606567448957,1.7726683206248866,holt_winters,LA LIBERTAD
2020-06-01,3.9460638013581444,2.418087957262631,holt_winters,LA LIBERTAD
2020-06-08,4.845166945971392,2.418087957262631,holt_winters,LA LIBERTAD
2020-06-15,5.712441151702585,2.418087957262631,holt_winters,LA LIBERTAD
2020-06-22,6.18011395982789,2.418087957262631,holt_winters,LA LIBERTAD
2020-06-29,6.030263435725682,4.314696090649598,holt_winters,LA LIBERTAD
2020-07-06,6.030263435725682,4.314696090649598,holt_winters,LA LIBERTAD
2020-07-13,6.030263435725682,4.314696090649598,holt_winters,LA LIBERTAD
2020-07-20,6.348085719748779,4.314696090649598,holt_winters,LA LIBERTAD
2020-07-27,5.980313261024946,6.030263435725681,holt_winters,LA LIBERTAD
2020-08-03,5.362789928797433,6.030263435725681,holt_winters,LA LIBERTAD
2020-08-10,4.795216771270657,6.030263435725681,holt_winters,LA LIBERTAD
2020-08-17,4.24576484956256,6.030263435725681,holt_winters,LA LIBERTAD
2020-08-24,3.796213277255936,3.7866281312315326,holt_winters,LA LIBERTAD
2020-08-31,3.49651222905152,3.6096962905970393,holt_winters,LA LIBERTAD
2020-09-07,2.797209783241216,3.2554515583272936,holt_winters,LA LIBERTAD
2020-09-14,3.096910831445632,3.56480251081327,holt_winters,LA LIBERTAD
2020-09-21,2.8471599579419524,3.1037543397155147,holt_winters,LA LIBERTAD
2020-09-28,3.0469606567448957,3.3488464775471183,holt_winters,LA LIBERTAD
2020-10-05,2.4975087350367997,3.1893166189405546,holt_winters,LA LIBERTAD
2020-10-12,2.0479571627301754,3.275487872184323,holt_winters,LA LIBERTAD
2020-10-19,1.7982062892264956,1.7726103933149409,holt_winters,LA LIBERTAD
2020-10-26,1.7482561145257594,1.7308374682586698,holt_winters,LA LIBERTAD
2020-11-02,1.8981066386279675,1.583482650402714,holt_winters,LA LIBERTAD
2020-11-09,1.9480568133287033,1.5128254288974219,holt_winters,LA LIBERTAD
2020-11-16,1.8481564639272314,1.8306966718343811,holt_winters,LA LIBERTAD
2020-11-23,1.998006988029439,1.8884139334005083,holt_winters,LA LIBERTAD
2020-11-30,2.2977080362338556,2.034227230007206,holt_winters,LA LIBERTAD
2020-12-07,2.1978076868323835,2.261037502886378,holt_winters,LA LIBERTAD
2020-12-14,2.0979073374309114,1.968890875920268,holt_winters,LA LIBERTAD
2020-12-21,2.0979073374309114,1.967490838199644,holt_winters,LA LIBERTAD
2020-12-28,2.4475585603360632,2.0043774102597305,holt_winters,LA LIBERTAD
2021-01-04,2.6298291764270227,2.5923927729397027,holt_winters,LA LIBERTAD
2021-01-11,3.4485351605766135,2.7642391962304993,holt_winters,LA LIBERTAD
2021-01-18,4.559561105472944,2.783938262464131,holt_winters,LA LIBERTAD
2021-01-25,4.804698799315575,2.508374535944664,holt_winters,LA LIBERTAD
2021-02-01,4.804698799315574,2.2765605309122723,holt_winters,LA LIBERTAD
2021-02-08,3.67706540763947,4.520516651967794,holt_winters,LA LIBERTAD
2021-02-15,4.559561105472943,4.607930560472839,holt_winters,LA LIBERTAD
2021-02-22,4.363450950398837,4.419703621565139,holt_winters,LA LIBERTAD
2021-03-01,5.39302926453789,4.556121094618104,holt_winters,LA LIBERTAD
2021-03-08,4.8537263380841,5.429087628259747,holt_winters,LA LIBERTAD
2021-03-15,3.9712306402506274,5.467702567303838,holt_winters,LA LIBERTAD
2021-03-22,2.990679864880102,5.394808136282935,holt_winters,LA LIBERTAD
2021-03-29,3.58685473630538,4.866814090309066,holt_winters,LA LIBERTAD
2021-04-05,3.97907504645359,3.453971104033571,holt_winters,LA LIBERTAD
2021-04-12,5.163580383101184,3.0768369977473347,holt_winters,LA LIBERTAD
2021-04-19,5.163580383101184,3.364339381747837,holt_winters,LA LIBERTAD
2021-04-26,5.310662999406763,3.2323663749735134,holt_winters,LA LIBERTAD
2021-05-03,5.3106629994067625,5.537936499486217,holt_winters,LA LIBERTAD
2021-05-10,4.371295356601801,5.715978435563666,holt_winters,LA LIBERTAD
2021-05-17,5.253791054435273,6.030263435725681,holt_winters,LA LIBERTAD
2021-05-24,5.196919109463785,6.030263435725681,holt_winters,LA LIBERTAD
2021-05-31,6.128442346065785,5.687934835429773,holt_winters,LA LIBERTAD
2021-06-07,5.442056803306417,5.959660855510434,holt_winters,LA LIBERTAD
2021-06-14,4.06928571778768,5.961291223335862,holt_winters,LA LIBERTAD
2021-06-21,2.549432015963365,5.894554986700058,holt_winters,LA LIBERTAD
2021-06-28,1.764991395666945,2.472257885624224,holt_winters,LA LIBERTAD
2021-07-05,1.1276333916761032,2.601666890171118,holt_winters,LA LIBERTAD
2021-07-12,0.8334681590649455,2.7488482670415486,holt_winters,LA LIBERTAD
2021-07-19,0.5883304652223141,2.8430196484288293,holt_winters,LA LIBERTAD
2021-07-26,0.6373580039908405,0.5461790954428314,holt_winters,LA LIBERTAD
2021-08-02,0.539302926453788,0.5032571672860731,holt_winters,LA LIBERTAD
2021-08-09,0.3431927713796828,0.46606990666924564,holt_winters,LA LIBERTAD
2021-08-16,0.2941652326111565,0.40345775074836965,holt_winters,LA LIBERTAD
2021-08-23,0.19611015507410393,0.14046613100277738,holt_winters,LA LIBERTAD
2021-08-30,0.2941652326111565,0.07099480833243488,holt_winters,LA LIBERTAD
2021-09-06,0.3431927713796828,0.0,holt_winters,LA LIBERTAD
2021-09-13,0.49027538768526163,0.016591557079511432,holt_winters,LA LIBERTAD
2021-09-20,0.7844406202964193,0.46132836534457355,holt_winters,LA LIBERTAD
2021-09-27,0.8824956978334718,0.6022814589929888,holt_winters,LA LIBERTAD
2021-10-04,0.7844406202964193,0.5583252475017328,holt_winters,LA LIBERTAD
2021-10-11,0.4412478489167353,0.5325841546995855,holt_winters,LA LIBERTAD
2021-10-18,0.2941652326111565,0.2700321892398526,holt_winters,LA LIBERTAD
2021-10-25,0.2941652326111565,0.2701330871026586,holt_winters,LA LIBERTAD
2021-11-01,0.2941652326111565,0.2194512927814839,holt_winters,LA LIBERTAD
2021-11-08,0.49027538768526163,0.16650790875345906,holt_winters,LA LIBERTAD
2021-11-15,0.6373580039908405,0.3921619585168222,holt_winters,LA LIBERTAD
2021-11-22,0.9805507753705244,0.47460700282237417,holt_winters,LA LIBERTAD
2021-11-29,1.2256884692131556,0.56682271967937,holt_winters,LA LIBERTAD
2021-12-06,1.2256884692131558,0.6005761309208342,holt_winters,LA LIBERTAD
2021-12-13,1.0295783141390507,1.1150626797985845,holt_winters,LA LIBERTAD
2021-12-20,0.539302926453788,1.2451016341914398,holt_winters,LA LIBERTAD
2021-12-27,0.7354130815278929,1.4425820184364597,holt_winters,LA LIBERTAD
2022-01-03,0.9235207080340722,1.8221807552656526,holt_winters,LA LIBERTAD
2022-01-10,1.3567660283828828,1.1663169610711512,holt_winters,LA LIBERTAD
2022-01-17,1.5885661746123045,1.1962692373236141,holt_winters,LA LIBERTAD
2022-01-24,1.4441510678293676,1.115970802958591,holt_winters,LA LIBERTAD
2022-01-31,1.6848429124675957,1.0152412047399153,holt_winters,LA LIBERTAD
2022-02-07,1.3960126989017219,1.562790430520986,holt_winters,LA LIBERTAD
2022-02-14,1.3960126989017219,1.563710972199373,holt_winters,LA LIBERTAD
2022-02-21,1.010905747480557,1.5483094723160953,holt_winters,LA LIBERTAD
2022-02-28,0.8183522717699745,1.761645215567814,holt_winters,LA LIBERTAD
2022-03-07,1.0590441164082025,0.6486512418958619,holt_winters,LA LIBERTAD
2022-03-14,1.010905747480557,0.5599023984250675,holt_winters,LA LIBERTAD
2022-03-21,0.86649064069762,0.4713667148825377,holt_winters,LA LIBERTAD
2022-03-28,0.86649064069762,0.4079106230782245,holt_winters,LA LIBERTAD
2022-04-04,1.0590441164082025,0.843412404627025,holt_winters,LA LIBERTAD
2022-04-11,1.2997359610464307,0.822143671360954,holt_winters,LA LIBERTAD
2022-04-18,1.0590441164082025,0.9102729617642209,holt_winters,LA LIBERTAD
2022-04-25,0.9627673785529113,0.8885392256433333,holt_winters,LA LIBERTAD
2022-05-02,0.9146290096252657,1.1036936514649711,holt_winters,LA LIBERTAD
2022-05-09,0.9627673785529113,1.1043646021437379,holt_winters,LA LIBERTAD
2022-05-16,0.9146290096252657,1.3299542839955079,holt_winters,LA LIBERTAD
2022-05-23,1.010905747480557,1.5877212073814397,holt_winters,LA LIBERTAD
2022-05-30,1.0590441164082025,1.216019642264543,holt_winters,LA LIBERTAD
2022-06-06,1.2034592231911392,1.2194990023610042,holt_winters,LA LIBERTAD
2022-06-13,1.010905747480557,1.0830692520242904,holt_winters,LA LIBERTAD
2022-06-20,1.2997359610464307,0.9149535577969774,holt_winters,LA LIBERTAD
2022-06-27,1.2034592231911394,1.129453261667856,holt_winters,LA LIBERTAD
2022-07-04,1.3960126989017219,1.0427678622038727,holt_winters,LA LIBERTAD
2022-07-11,1.107182485335848,1.0284726878875983,holt_winters,LA LIBERTAD
2022-07-18,1.5885661746123043,1.0295106725122576,holt_winters,LA LIBERTAD
2022-07-25,1.7329812813952412,1.771034850858702,holt_winters,LA LIBERTAD
2022-08-01,1.6367045435399499,1.808593684735297,holt_winters,LA LIBERTAD
2022-08-08,1.2997359610464307,1.7384725745113605,holt_winters,LA LIBERTAD
2022-08-15,1.0590441164082025,1.6054173857183005,holt_winters,LA LIBERTAD
2022-08-22,0.9627673785529112,0.939757662032747,holt_winters,LA LIBERTAD
2022-08-29,0.8183522717699745,0.8878571998727347,holt_winters,LA LIBERTAD
2022-09-05,0.5776604271317463,0.7935856298616151,holt_winters,LA LIBERTAD
2022-09-12,0.5295220582041007,0.9268667322718902,holt_winters,LA LIBERTAD
2022-09-19,0.5776604271317463,0.4465555624595086,holt_winters,LA LIBERTAD
2022-09-26,0.6257987960593919,0.5385342393036956,holt_winters,LA LIBERTAD
2022-10-03,0.5295220582041006,0.4378066496851689,holt_winters,LA LIBERTAD
2022-10-10,0.3851069514211638,0.3500655015153836,holt_winters,LA LIBERTAD
2022-10-17,0.6257987960593919,0.22290142760074647,holt_winters,LA LIBERTAD
2022-10-24,0.8183522717699744,0.24521056889005055,holt_winters,LA LIBERTAD
2022-10-31,0.7220755339146833,0.20423413157854833,holt_winters,LA LIBERTAD
2022-11-07,0.5776604271317464,0.25287505564080354,holt_winters,LA LIBERTAD
2022-11-14,0.6257987960593919,0.4684917484033785,holt_winters,LA LIBERTAD
2022-11-21,1.2515975921187852,0.6298360348155934,holt_winters,LA LIBERTAD
2022-11-28,1.5404278056846588,0.7608123026674201,holt_winters,LA LIBERTAD
2022-12-05,1.4922894367570132,0.803292588934315,holt_winters,LA LIBERTAD
2010-12-27,0.7653244445805024,0.8067653400891159,arima,LA LIBERTAD
2011-01-03,0.5868559639712553,0.8246958204423962,arima,LA LIBERTAD
2011-01-10,0.6410892069815427,0.8719616299558257,arima,LA LIBERTAD
2011-01-17,0.6953224499918301,0.8289518429761122,arima,LA LIBERTAD
2011-01-24,0.8112095249904686,0.8128797954520459,arima,LA LIBERTAD
2011-01-31,0.5794353749931919,0.8097688106150911,arima,LA LIBERTAD
2011-02-07,0.40560476249523436,0.7575840419838114,arima,LA LIBERTAD
2011-02-14,0.637378912492511,0.7967136687824321,arima,LA LIBERTAD
2011-02-21,0.5794353749931919,0.7629926776602298,arima,LA LIBERTAD
2011-02-28,0.5214918374938727,0.8381343726909296,arima,LA LIBERTAD
2011-03-07,0.34766122499591523,0.7231827796517603,arima,LA LIBERTAD
2011-03-14,0.5214918374938727,0.7726184737494368,arima,LA LIBERTAD
2011-03-21,0.579435374993192,0.5651505009770812,arima,LA LIBERTAD
2011-03-28,0.3476612249959153,0.5532134108565145,arima,LA LIBERTAD
2011-04-04,0.23177414999727694,0.541700005492121,arima,LA LIBERTAD
2011-04-11,0.2897176874965961,0.5556793566071103,arima,LA LIBERTAD
2011-04-18,0.3476612249959153,0.37116848511983863,arima,LA LIBERTAD
2011-04-25,0.4056047624952345,0.4003804259040682,arima,LA LIBERTAD
2011-05-02,0.2897176874965961,0.34074802520998815,arima,LA LIBERTAD
2011-05-09,0.34766122499591523,0.37054868116772055,arima,LA LIBERTAD
2011-05-16,0.4056047624952345,0.33215051704272475,arima,LA LIBERTAD
2011-05-23,0.46354829999455366,0.34377743141129324,arima,LA LIBERTAD
2011-05-30,0.4056047624952344,0.3424518212522639,arima,LA LIBERTAD
2011-06-06,0.46354829999455355,0.3380448673430684,arima,LA LIBERTAD
2011-06-13,0.40560476249523436,0.47307383537585906,arima,LA LIBERTAD
2011-06-20,0.46354829999455366,0.5370934019283247,arima,LA LIBERTAD
2011-06-27,0.46354829999455366,0.4862507083952893,arima,LA LIBERTAD
2011-07-04,0.6953224499918303,0.4928927899209349,arima,LA LIBERTAD
2011-07-11,0.6953224499918301,0.7766672519944597,arima,LA LIBERTAD
2011-07-18,0.7532659874911495,0.7835765799014491,arima,LA LIBERTAD
2011-07-25,0.5214918374938727,0.7405603550473452,arima,LA LIBERTAD
2011-08-01,0.46354829999455355,0.7680588260771279,arima,LA LIBERTAD
2011-08-08,0.34766122499591523,0.37429009181181266,arima,LA LIBERTAD
2011-08-15,0.46354829999455366,0.39844961388755745,arima,LA LIBERTAD
2011-08-22,0.6953224499918303,0.4220407748362823,arima,LA LIBERTAD
2011-08-29,0.8112095249904686,0.393961207951828,arima,LA LIBERTAD
2011-09-05,0.985040137488426,0.7302823298897296,arima,LA LIBERTAD
2011-09-12,0.8112095249904686,0.6379254715040314,arima,LA LIBERTAD
2011-09-19,0.7532659874911495,0.6147441060082037,arima,LA LIBERTAD
2011-09-26,0.5794353749931919,0.6534162191457984,arima,LA LIBERTAD
2011-10-03,0.6953224499918301,0.6432628195821528,arima,LA LIBERTAD
2011-10-10,0.8112095249904687,0.6670798331881229,arima,LA LIBERTAD
2011-10-17,0.9850401374884261,0.7276354225123947,arima,LA LIBERTAD
2011-10-24,1.274757824985022,0.6921471695812407,arima,LA LIBERTAD
2011-10-31,1.1588707499863837,1.3539245636484636,arima,LA LIBERTAD
2011-11-07,1.0429836749877452,1.4272401901460792,arima,LA LIBERTAD
2011-11-14,0.5214918374938727,1.3388390820725142,arima,LA LIBERTAD
2011-11-21,0.5214918374938727,1.3693288379755093,arima,LA LIBERTAD
2011-11-28,0.4056047624952345,0.47022821939120163,arima,LA LIBERTAD
2011-12-05,0.579435374993192,0.5598712981092242,arima,LA LIBERTAD
2011-12-12,0.5214918374938727,0.5165742565310418,arima,LA LIBERTAD
2011-12-19,0.6373789124925111,0.5096222972154456,arima,LA LIBERTAD
2011-12-26,1.2168142874857029,0.6270602919408708,arima,LA LIBERTAD
2012-01-02,1.556386043826275,0.6535875594554179,arima,LA LIBERTAD
2012-01-09,1.6668801397213517,0.6386659254306548,arima,LA LIBERTAD
2012-01-16,1.140894152974511,0.6383815853297181,arima,LA LIBERTAD
2012-01-23,0.9697600300283344,1.0916644672154052,arima,LA LIBERTAD
2012-01-30,0.9127153223796088,1.1007136317382527,arima,LA LIBERTAD
2012-02-06,0.7986259070821579,1.114841881714177,arima,LA LIBERTAD
2012-02-13,0.6274917841359812,1.1014016551921215,arima,LA LIBERTAD
2012-02-20,0.5134023688385299,0.5585576646601229,arima,LA LIBERTAD
2012-02-27,0.5704470764872557,0.5301938638872536,arima,LA LIBERTAD
2012-03-05,0.6845364917847068,0.577393379277511,arima,LA LIBERTAD
2012-03-12,0.6845364917847068,0.5566723004004832,arima,LA LIBERTAD
2012-03-19,0.7415811994334324,0.6376968857400294,arima,LA LIBERTAD
2012-03-26,0.6845364917847068,0.6294545972441483,arima,LA LIBERTAD
2012-04-02,1.02680473767706,0.6540992322784955,arima,LA LIBERTAD
2012-04-09,1.768385937110492,0.6404693469622604,arima,LA LIBERTAD
2012-04-16,2.110654183002845,1.5558930749395177,arima,LA LIBERTAD
2012-04-23,2.167698890651571,1.5558930749395177,arima,LA LIBERTAD
2012-04-30,1.5402071065155898,1.5558930749395177,arima,LA LIBERTAD
2012-05-07,1.0838494453257854,1.5558930749395177,arima,LA LIBERTAD
2012-05-14,0.7986259070821577,0.8755529840107437,arima,LA LIBERTAD
2012-05-21,0.5134023688385301,0.7534596273640335,arima,LA LIBERTAD
2012-05-28,0.7415811994334321,0.912240805682734,arima,LA LIBERTAD
2012-06-04,0.8556706147308833,0.8552829930490569,arima,LA LIBERTAD
2012-06-11,1.02680473767706,0.9858604913736337,arima,LA LIBERTAD
2012-06-18,1.140894152974511,0.9901937990390728,arima,LA LIBERTAD
2012-06-25,1.02680473767706,0.9356866814061593,arima,LA LIBERTAD
2012-07-02,1.1979388606232366,0.9692009786193008,arima,LA LIBERTAD
2012-07-09,1.1979388606232364,1.1890581285447994,arima,LA LIBERTAD
2012-07-16,1.5402071065155898,1.2747816192968178,arima,LA LIBERTAD
2012-07-23,1.7113412294617663,1.2224939813994657,arima,LA LIBERTAD
2012-07-30,1.426117691218139,1.221417715611501,arima,LA LIBERTAD
2012-08-06,1.4261176912181386,1.2812129382334847,arima,LA LIBERTAD
2012-08-13,1.02680473767706,1.1437544953663306,arima,LA LIBERTAD
2012-08-20,1.1979388606232366,1.2888182697385813,arima,LA LIBERTAD
2012-08-27,0.8556706147308833,1.2491463428477108,arima,LA LIBERTAD
2012-09-03,1.3690729835694129,0.8891717905595722,arima,LA LIBERTAD
2012-09-10,1.6542965218130405,0.8206888784159871,arima,LA LIBERTAD
2012-09-17,1.5972518141643153,0.8526313328747419,arima,LA LIBERTAD
2012-09-24,1.3120282759206876,0.8585783872801986,arima,LA LIBERTAD
2012-10-01,1.140894152974511,1.1769041542428123,arima,LA LIBERTAD
2012-10-08,1.5402071065155898,1.3259309847273513,arima,LA LIBERTAD
2012-10-15,1.3690729835694133,1.279700902610069,arima,LA LIBERTAD
2012-10-22,1.4831623988668643,1.2481756609880241,arima,LA LIBERTAD
2012-10-29,1.0838494453257854,1.4035796887101881,arima,LA LIBERTAD
2012-11-05,1.1979388606232366,1.51939668845398,arima,LA LIBERTAD
2012-11-12,1.0838494453257854,1.4728494839766948,arima,LA LIBERTAD
2012-11-19,1.3690729835694133,1.4568445509087207,arima,LA LIBERTAD
2012-11-26,1.4261176912181386,1.369712682346428,arima,LA LIBERTAD
2012-12-03,1.3690729835694133,1.4038665847388416,arima,LA LIBERTAD
2012-12-10,1.254983568271962,1.3801493738735369,arima,LA LIBERTAD
2012-12-17,0.9127153223796087,1.3830192010960913,arima,LA LIBERTAD
2012-12-24,0.7415811994334321,0.8569290242380299,arima,LA LIBERTAD
2012-12-31,0.7986259070821577,0.7865024221011754,arima,LA LIBERTAD
2013-01-07,1.4147902886831503,0.8566649354389446,arima,LA LIBERTAD
2013-01-14,1.69217177901794,0.8356031749037165,arima,LA LIBERTAD
2013-01-21,1.7413744387578276,1.7347295595977452,arima,LA LIBERTAD
2013-01-28,1.2919874868203234,1.5808119670720582,arima,LA LIBERTAD
2013-02-04,1.2358141178281354,1.684571483687093,arima,LA LIBERTAD
2013-02-11,1.1234673798437596,1.688973760774163,arima,LA LIBERTAD
2013-02-18,1.3481608558125113,1.1291313407424544,arima,LA LIBERTAD
2013-02-25,1.6290277007734513,1.1329666270592016,arima,LA LIBERTAD
2013-03-04,1.9098945457343912,1.1282813096370128,arima,LA LIBERTAD
2013-03-11,1.8537211767422033,1.1300721570137422,arima,LA LIBERTAD
2013-03-18,1.797547807750015,1.8230344427899663,arima,LA LIBERTAD
2013-03-25,1.4605075937968872,1.7883517588653763,arima,LA LIBERTAD
2013-04-01,1.404334224804699,1.82272936007851,arima,LA LIBERTAD
2013-04-08,1.404334224804699,1.8113325492410497,arima,LA LIBERTAD
2013-04-15,1.6290277007734513,1.5365010882829702,arima,LA LIBERTAD
2013-04-22,1.685201069765639,1.5419643309145634,arima,LA LIBERTAD
2013-04-29,1.3481608558125113,1.4920201653338947,arima,LA LIBERTAD
2013-05-06,1.0672940108515714,1.523772041943689,arima,LA LIBERTAD
2013-05-13,0.9549472728671956,0.919292657906339,arima,LA LIBERTAD
2013-05-20,0.7864271658906317,0.9500241624186336,arima,LA LIBERTAD
2013-05-27,0.6740804279062557,0.9827588221899433,arima,LA LIBERTAD
2013-06-03,0.5617336899218798,0.9502098220960984,arima,LA LIBERTAD
2013-06-10,0.7864271658906316,0.6081559805219947,arima,LA LIBERTAD
2013-06-17,1.0672940108515714,0.6288749030256613,arima,LA LIBERTAD
2013-06-24,1.0111206418593834,0.6002295078951378,arima,LA LIBERTAD
2013-07-01,1.1234673798437596,0.6107909315747939,arima,LA LIBERTAD
2013-07-08,1.0672940108515714,1.0828142801289715,arima,LA LIBERTAD
2013-07-15,1.1234673798437593,1.226972908967832,arima,LA LIBERTAD
2013-07-22,1.0111206418593834,1.1509628834800494,arima,LA LIBERTAD
2013-07-29,1.1234673798437593,1.148372502452239,arima,LA LIBERTAD
2013-08-05,1.3481608558125113,1.2318824296380138,arima,LA LIBERTAD
2013-08-12,1.1796407488359473,1.2648956345360651,arima,LA LIBERTAD
2013-08-19,1.1796407488359473,1.2092022382249148,arima,LA LIBERTAD
2013-08-26,1.123467379843759,1.232393237561395,arima,LA LIBERTAD
2013-09-02,1.2358141178281352,1.25976404357514,arima,LA LIBERTAD
2013-09-09,1.2919874868203234,1.2009883381591742,arima,LA LIBERTAD
2013-09-16,1.2919874868203234,1.192170334748317,arima,LA LIBERTAD
2013-09-23,1.1234673798437596,1.2160700622235106,arima,LA LIBERTAD
2013-09-30,0.8426005348828195,0.979902559312466,arima,LA LIBERTAD
2013-10-07,0.8987739038750076,0.9228053528324076,arima,LA LIBERTAD
2013-10-14,0.8426005348828195,1.0019912077414004,arima,LA LIBERTAD
2013-10-21,1.404334224804699,0.9724405451790261,arima,LA LIBERTAD
2013-10-28,1.516680962789075,1.4655552812489243,arima,LA LIBERTAD
2013-11-04,1.5728543317812633,1.805531847465157,arima,LA LIBERTAD
2013-11-11,0.9549472728671954,1.5730245772879896,arima,LA LIBERTAD
2013-11-18,0.6740804279062554,1.601305678732047,arima,LA LIBERTAD
2013-11-25,0.9549472728671954,0.6453059016503546,arima,LA LIBERTAD
2013-12-02,1.123467379843759,0.6580010737791213,arima,LA LIBERTAD
2013-12-09,1.3481608558125113,0.6594966917337681,arima,LA LIBERTAD
2013-12-16,1.2358141178281352,0.6547159792106247,arima,LA LIBERTAD
2013-12-23,1.2358141178281352,1.287867805260067,arima,LA LIBERTAD
2013-12-30,1.1796407488359473,1.2816703185790126,arima,LA LIBERTAD
2014-01-06,1.506539518890189,1.2687369180833836,arima,LA LIBERTAD
2014-01-13,1.7219366712849622,1.2781112706892466,arima,LA LIBERTAD
2014-01-20,1.9364887033548281,1.876752258029002,arima,LA LIBERTAD
2014-01-27,1.6045192113511433,1.7592109841484094,arima,LA LIBERTAD
2014-02-03,1.38320621668202,1.7836082500890869,arima,LA LIBERTAD
2014-02-10,1.3278779680147392,1.8165338919719716,arima,LA LIBERTAD
2014-02-17,1.438534465349301,1.3220553716013357,arima,LA LIBERTAD
2014-02-24,1.3278779680147392,1.3939301161338093,arima,LA LIBERTAD
2014-03-03,1.0512367246783352,1.3540919581392785,arima,LA LIBERTAD
2014-03-10,0.7745954813419312,1.3540342729939594,arima,LA LIBERTAD
2014-03-17,0.774595481341931,0.7499839093931093,arima,LA LIBERTAD
2014-03-24,0.6639389840073695,0.7546050531249748,arima,LA LIBERTAD
2014-03-31,0.7745954813419312,0.7597707786556647,arima,LA LIBERTAD
2014-04-07,0.6639389840073696,0.7553834207956311,arima,LA LIBERTAD
2014-04-14,0.9959084760110545,0.7219572258818556,arima,LA LIBERTAD
2014-04-21,0.9959084760110545,0.6262203173225869,arima,LA LIBERTAD
2014-04-28,1.1618932220128968,0.6638833286278538,arima,LA LIBERTAD
2014-05-05,0.9405802273437734,0.6712985440897601,arima,LA LIBERTAD
2014-05-12,1.1618932220128968,0.9002272632205535,arima,LA LIBERTAD
2014-05-19,1.1618932220128968,0.8790444455901096,arima,LA LIBERTAD
2014-05-26,1.38320621668202,0.9034978424020728,arima,LA LIBERTAD
2014-06-02,1.2172214706801776,0.8954951537872093,arima,LA LIBERTAD
2014-06-09,1.2172214706801776,1.2838242023941269,arima,LA LIBERTAD
2014-06-16,1.0512367246783352,1.2381089496433555,arima,LA LIBERTAD
2014-06-23,0.9405802273437734,1.2447962640703572,arima,LA LIBERTAD
2014-06-30,0.829923730009212,1.2542952781902805,arima,LA LIBERTAD
2014-07-07,1.0512367246783352,0.7954954580665892,arima,LA LIBERTAD
2014-07-14,1.2172214706801776,0.7742671513085042,arima,LA LIBERTAD
2014-07-21,1.106564973345616,0.7964995424365737,arima,LA LIBERTAD
2014-07-28,0.829923730009212,0.7897408332741394,arima,LA LIBERTAD
2014-08-04,1.0512367246783352,0.6773874324782034,arima,LA LIBERTAD
2014-08-11,1.3278779680147392,0.728011416801772,arima,LA LIBERTAD
2014-08-18,1.2725497193474584,0.7520766552228428,arima,LA LIBERTAD
2014-08-25,0.7745954813419312,0.7218439726911947,arima,LA LIBERTAD
2014-09-01,0.6086107353400888,0.6463980654883636,arima,LA LIBERTAD
2014-09-08,0.7192672326746504,0.637750927591044,arima,LA LIBERTAD
2014-09-15,1.0512367246783352,0.6795942167260096,arima,LA LIBERTAD
2014-09-22,1.1618932220128968,0.6585002359718422,arima,LA LIBERTAD
2014-09-29,0.8852519786764929,1.1713829927111608,arima,LA LIBERTAD
2014-10-06,0.774595481341931,1.079302420099756,arima,LA LIBERTAD
2014-10-13,0.7192672326746502,1.1280403431214618,arima,LA LIBERTAD
2014-10-20,0.8852519786764926,1.1265839626917242,arima,LA LIBERTAD
2014-10-27,0.8299237300092122,0.833094073903581,arima,LA LIBERTAD
2014-11-03,0.9405802273437737,0.8737723153465591,arima,LA LIBERTAD
2014-11-10,1.106564973345616,0.8657835988544018,arima,LA LIBERTAD
2014-11-17,1.2725497193474584,0.8584165674577879,arima,LA LIBERTAD
2014-11-24,1.438534465349301,1.352443964500853,arima,LA LIBERTAD
2014-12-01,1.4938627140165817,1.3325617186534178,arima,LA LIBERTAD
2014-12-08,1.38320621668202,1.3205338647105762,arima,LA LIBERTAD
2014-12-15,1.1618932220128968,1.3330113872331815,arima,LA LIBERTAD
2014-12-22,0.9959084760110545,1.0356238008545673,arima,LA LIBERTAD
2014-12-29,0.774595481341931,1.0230280756957728,arima,LA LIBERTAD
2015-01-05,0.7696750745001929,1.062038987601257,arima,LA LIBERTAD
2015-01-12,0.5467219442171568,1.0436380629367479,arima,LA LIBERTAD
2015-01-19,0.7631145320445417,0.5553373215141879,arima,LA LIBERTAD
2015-01-26,0.654098170323893,0.46267642364119094,arima,LA LIBERTAD
2015-02-02,0.7631145320445417,0.5130934211693279,arima,LA LIBERTAD
2015-02-09,0.8176227129048662,0.5083809694404293,arima,LA LIBERTAD
2015-02-16,0.9811472554858395,0.9390807480696379,arima,LA LIBERTAD
2015-02-23,0.9811472554858395,1.0358759933443995,arima,LA LIBERTAD
2015-03-02,0.7086063511842173,0.9442705633677388,arima,LA LIBERTAD
2015-03-09,0.32704908516194636,0.9715270817688564,arima,LA LIBERTAD
2015-03-16,0.32704908516194636,0.20870042867098212,arima,LA LIBERTAD
2015-03-23,0.272540904301622,0.13290690502240324,arima,LA LIBERTAD
2015-03-30,0.43606544688259524,0.20418442617421995,arima,LA LIBERTAD
2015-04-06,0.5450818086032441,0.18209951127990215,arima,LA LIBERTAD
2015-04-13,0.7631145320445417,0.6545283296832949,arima,LA LIBERTAD
2015-04-20,0.9811472554858395,0.7393959490500808,arima,LA LIBERTAD
2015-04-27,0.8721308937651906,0.6605860169336226,arima,LA LIBERTAD
2015-05-04,0.9811472554858395,0.6818319045909502,arima,LA LIBERTAD
2015-05-11,1.0901636172064884,0.991592221609304,arima,LA LIBERTAD
2015-05-18,1.0356554363461639,1.0898727233043233,arima,LA LIBERTAD
2015-05-25,1.0356554363461639,1.0309893208883065,arima,LA LIBERTAD
2015-06-01,0.8176227129048662,1.037023246499587,arima,LA LIBERTAD
2015-06-08,0.8721308937651906,0.8705707528460427,arima,LA LIBERTAD
2015-06-15,0.5450818086032441,0.7623761343593127,arima,LA LIBERTAD
2015-06-22,0.8176227129048662,0.8083605178689413,arima,LA LIBERTAD
2015-06-29,1.0901636172064884,0.8121710641467901,arima,LA LIBERTAD
2015-07-06,1.3627045215081104,1.4614163521033725,arima,LA LIBERTAD
2015-07-13,1.1991799789271371,1.3912175917776617,arima,LA LIBERTAD
2015-07-20,0.7631145320445417,1.3203515087435487,arima,LA LIBERTAD
2015-07-27,0.7086063511842173,1.379819391095984,arima,LA LIBERTAD
2015-08-03,0.5995899894635685,0.5998198218998119,arima,LA LIBERTAD
2015-08-10,0.5995899894635685,0.6871036926969192,arima,LA LIBERTAD
2015-08-17,0.7086063511842173,0.6671956174034299,arima,LA LIBERTAD
2015-08-24,1.308196340647786,0.6539365045415415,arima,LA LIBERTAD
2015-08-31,1.5262290640890839,1.8050003875583132,arima,LA LIBERTAD
2015-09-07,1.5262290640890839,1.9207981503587714,arima,LA LIBERTAD
2015-09-14,1.2536881597874616,1.7540854638381647,arima,LA LIBERTAD
2015-09-21,1.6352454258097326,1.8431453064712864,arima,LA LIBERTAD
2015-09-28,1.5807372449494081,1.8112866663227418,arima,LA LIBERTAD
2015-10-05,1.199179978927137,1.803061039629939,arima,LA LIBERTAD
2015-10-12,0.7631145320445417,1.7551662741292402,arima,LA LIBERTAD
2015-10-19,0.8176227129048662,1.784519443541837,arima,LA LIBERTAD
2015-10-26,0.7631145320445417,0.8662773281948153,arima,LA LIBERTAD
2015-11-02,0.7086063511842173,0.9759402956888115,arima,LA LIBERTAD
2015-11-09,0.7631145320445417,0.9004340175486585,arima,LA LIBERTAD
2015-11-16,1.0356554363461639,0.9087433078923681,arima,LA LIBERTAD
2015-11-23,0.9811472554858395,1.2812360923805244,arima,LA LIBERTAD
2015-11-30,0.7086063511842173,1.2354396169793707,arima,LA LIBERTAD
2015-12-07,0.7631145320445417,1.1853361221107215,arima,LA LIBERTAD
2015-12-14,1.1991799789271371,1.226310325289048,arima,LA LIBERTAD
2015-12-21,1.2536881597874616,1.4493535465735201,arima,LA LIBERTAD
2015-12-28,0.7631145320445417,1.3950119468324105,arima,LA LIBERTAD
2016-01-04,0.4328809949063855,1.3431979977348862,arima,LA LIBERTAD
2016-01-11,0.8593930858603516,1.3891131660391114,arima,LA LIBERTAD
2016-01-18,1.2353775609242554,1.1987691257107702,arima,LA LIBERTAD
2016-01-25,1.9336344431857915,1.4720439860941892,arima,LA LIBERTAD
2016-02-01,1.7187861717207034,1.2012385596124848,arima,LA LIBERTAD
2016-02-08,1.6113620359881595,1.2528244107707103,arima,LA LIBERTAD
2016-02-15,1.0205292894591675,1.4183906605006023,arima,LA LIBERTAD
2016-02-22,1.9336344431857915,1.316205477554456,arima,LA LIBERTAD
2016-02-29,1.7187861717207034,1.430887313398654,arima,LA LIBERTAD
2016-03-07,1.6650741038544314,1.4000767266448246,arima,LA LIBERTAD
2016-03-14,0.6445448143952636,0.9401339390262946,arima,LA LIBERTAD
2016-03-21,0.9131051537266236,1.0539599267502915,arima,LA LIBERTAD
2016-03-28,0.9668172215928957,1.207660676175907,arima,LA LIBERTAD
2016-04-04,0.8593930858603515,1.0831408233313113,arima,LA LIBERTAD
2016-04-11,0.8593930858603516,0.6933072487711418,arima,LA LIBERTAD
2016-04-18,0.7519689501278076,0.6878431450005826,arima,LA LIBERTAD
2016-04-25,1.1279534251917116,0.7406812929347779,arima,LA LIBERTAD
2016-05-02,1.1279534251917114,0.7117282191390926,arima,LA LIBERTAD
2016-05-09,1.2890896287905276,1.3498282100825714,arima,LA LIBERTAD
2016-05-16,0.9131051537266236,1.2392138667191928,arima,LA LIBERTAD
2016-05-23,0.7519689501278076,1.2398445638385893,arima,LA LIBERTAD
2016-05-30,0.5908327465289916,1.270977062648134,arima,LA LIBERTAD
2016-06-06,0.5908327465289916,0.5796679098857969,arima,LA LIBERTAD
2016-06-13,0.7519689501278076,0.542273630765024,arima,LA LIBERTAD
2016-06-20,0.9131051537266236,0.5678553425087438,arima,LA LIBERTAD
2016-06-27,0.9668172215928955,0.563274065693248,arima,LA LIBERTAD
2016-07-04,0.9668172215928955,0.8850425076334723,arima,LA LIBERTAD
2016-07-11,1.1279534251917116,0.8910469491777766,arima,LA LIBERTAD
2016-07-18,1.2353775609242554,0.9118292249504061,arima,LA LIBERTAD
2016-07-25,1.1279534251917116,0.8974328285699138,arima,LA LIBERTAD
2016-08-01,0.9668172215928955,1.0611493334133435,arima,LA LIBERTAD
2016-08-08,0.9668172215928955,1.0378367602779934,arima,LA LIBERTAD
2016-08-15,1.1279534251917118,1.0722964040116554,arima,LA LIBERTAD
2016-08-22,1.5039379002556155,1.0589139612236727,arima,LA LIBERTAD
2016-08-29,1.3965137645230714,1.638897501794005,arima,LA LIBERTAD
2016-09-05,1.2353775609242554,1.6983159631164675,arima,LA LIBERTAD
2016-09-12,0.8593930858603516,1.6184248876110536,arima,LA LIBERTAD
2016-09-19,0.8593930858603516,1.647275035892208,arima,LA LIBERTAD
2016-09-26,1.0205292894591675,0.8307332316240452,arima,LA LIBERTAD
2016-10-03,1.1279534251917116,0.8779684279048592,arima,LA LIBERTAD
2016-10-10,1.1816654930579835,0.8586849892280517,arima,LA LIBERTAD
2016-10-17,1.0205292894591675,0.8551136595491906,arima,LA LIBERTAD
2016-10-24,1.0205292894591675,1.0335775049745117,arima,LA LIBERTAD
2016-10-31,0.8593930858603516,1.0038586058166397,arima,LA LIBERTAD
2016-11-07,0.8056810179940795,1.0175629208515966,arima,LA LIBERTAD
2016-11-14,0.37598447506390364,1.0189533757404425,arima,LA LIBERTAD
2016-11-21,0.5908327465289916,0.2643332517818127,arima,LA LIBERTAD
2016-11-28,0.6982568822615356,0.15059270210362413,arima,LA LIBERTAD
2016-12-05,0.9131051537266236,0.2536990029972927,arima,LA LIBERTAD
2016-12-12,1.0205292894591675,0.22792073728057255,arima,LA LIBERTAD
2016-12-19,0.9668172215928955,1.05017091861105,arima,LA LIBERTAD
2016-12-26,1.0742413573254395,1.3037055231490777,arima,LA LIBERTAD
2017-01-02,1.2790377596260625,1.1307837693720266,arima,LA LIBERTAD
2017-01-09,1.3288837239675402,1.1490438058717718,arima,LA LIBERTAD
2017-01-16,1.0587769432262624,1.5220214966749208,arima,LA LIBERTAD
2017-01-23,0.8999604017423231,1.2625484675928487,arima,LA LIBERTAD
2017-01-30,0.9528992489036362,1.3575363773499185,arima,LA LIBERTAD
2017-02-06,1.1117157903875756,1.3852812737679563,arima,LA LIBERTAD
2017-02-13,0.8470215545810099,0.9566025598791292,arima,LA LIBERTAD
2017-02-20,0.7411438602583836,0.9348984707096559,arima,LA LIBERTAD
2017-02-27,0.7940827074196969,1.002092026918695,arima,LA LIBERTAD
2017-03-06,0.9528992489036362,0.9674315438024514,arima,LA LIBERTAD
2017-03-13,1.4822877205167675,1.0271800587969877,arima,LA LIBERTAD
2017-03-20,1.535226567678081,1.0682670629157012,arima,LA LIBERTAD
2017-03-27,1.6940431091620198,1.0162107767197428,arima,LA LIBERTAD
2017-04-03,1.0587769432262624,1.0337477264955761,arima,LA LIBERTAD
2017-04-10,1.1117157903875754,1.0320864658465054,arima,LA LIBERTAD
2017-04-17,0.7940827074196966,0.8685328009945403,arima,LA LIBERTAD
2017-04-24,0.8470215545810098,0.980819766222842,arima,LA LIBERTAD
2017-05-01,0.6882050130970704,0.9634955604294888,arima,LA LIBERTAD
2017-05-08,0.5293884716131309,0.6942953649836634,arima,LA LIBERTAD
2017-05-15,0.582327318774444,0.694504544271155,arima,LA LIBERTAD
2017-05-22,0.7940827074196966,0.6922645805502718,arima,LA LIBERTAD
2017-05-29,0.952899248903636,0.6936735915725534,arima,LA LIBERTAD
2017-06-05,0.952899248903636,0.9633701230615821,arima,LA LIBERTAD
2017-06-12,0.6882050130970704,0.8686208353189071,arima,LA LIBERTAD
2017-06-19,0.7940827074196966,0.926804252520852,arima,LA LIBERTAD
2017-06-26,0.6882050130970704,0.9225398146153607,arima,LA LIBERTAD
2017-07-03,0.7411438602583834,0.731244713817929,arima,LA LIBERTAD
2017-07-10,0.8470215545810097,0.6603152673351804,arima,LA LIBERTAD
2017-07-17,1.2705323318715147,0.6913827262337733,arima,LA LIBERTAD
2017-07-24,1.005838096064949,0.6960239378141109,arima,LA LIBERTAD
2017-07-31,1.005838096064949,0.8854268911671959,arima,LA LIBERTAD
2017-08-07,1.2705323318715147,0.7016437769775896,arima,LA LIBERTAD
2017-08-14,1.9057984978072724,0.8660239161564842,arima,LA LIBERTAD
2017-08-21,1.6940431091620198,0.8204841126357978,arima,LA LIBERTAD
2017-08-28,1.0587769432262621,1.4440795486321947,arima,LA LIBERTAD
2017-09-04,0.6352661659357571,1.4269314011856782,arima,LA LIBERTAD
2017-09-11,0.7411438602583834,1.5351125058860422,arima,LA LIBERTAD
2017-09-18,1.1646546375488884,1.4701379660269236,arima,LA LIBERTAD
2017-09-25,1.6411042620007066,1.4156427742228632,arima,LA LIBERTAD
2017-10-02,1.852859650645959,1.2908267460720255,arima,LA LIBERTAD
2017-10-09,1.6940431091620198,1.0529858949149893,arima,LA LIBERTAD
2017-10-16,1.9587373449685854,0.9696962556235578,arima,LA LIBERTAD
2017-10-23,1.6940431091620198,1.9336344431857917,arima,LA LIBERTAD
2017-10-30,1.6411042620007068,1.9336344431857917,arima,LA LIBERTAD
2017-11-06,1.4293488733554545,1.9336344431857917,arima,LA LIBERTAD
2017-11-13,1.6411042620007068,1.9336344431857917,arima,LA LIBERTAD
2017-11-20,1.746981956323333,1.7021552976270402,arima,LA LIBERTAD
2017-11-27,1.6411042620007066,1.747158344391814,arima,LA LIBERTAD
2017-12-04,1.376410026194141,1.6964532507513663,arima,LA LIBERTAD
2017-12-11,1.2705323318715147,1.7111850967276254,arima,LA LIBERTAD
2017-12-18,0.9528992489036359,1.2819730090293762,arima,LA LIBERTAD
2017-12-25,1.3764100261941412,1.3119580622887526,arima,LA LIBERTAD
2018-01-01,1.4729711345162266,1.2888013539086685,arima,LA LIBERTAD
2018-01-08,1.8819894446947794,1.2920426076024536,arima,LA LIBERTAD
2018-01-15,2.1799541794392945,1.6605143873219266,arima,LA LIBERTAD
2018-01-22,1.8685321538051094,1.7042277134865698,arima,LA LIBERTAD
2018-01-29,1.349495444414801,1.7561523512288733,arima,LA LIBERTAD
2018-02-05,0.6747477222074002,1.706386968606731,arima,LA LIBERTAD
2018-02-12,0.726651393146431,0.6213789399629215,arima,LA LIBERTAD
2018-02-19,0.8823624059635234,0.6588334081620038,arima,LA LIBERTAD
2018-02-26,0.6747477222074002,0.6550907282336955,arima,LA LIBERTAD
2018-03-05,0.726651393146431,0.6435820008162372,arima,LA LIBERTAD
2018-03-12,0.41522936751224604,0.711756589266171,arima,LA LIBERTAD
2018-03-19,0.6228440512683694,0.8477282543014957,arima,LA LIBERTAD
2018-03-26,0.4671330384512769,0.7635487042563138,arima,LA LIBERTAD
2018-04-02,0.6228440512683694,0.7639878083214582,arima,LA LIBERTAD
2018-04-09,0.5190367093903078,0.5443563073986111,arima,LA LIBERTAD
2018-04-16,0.726651393146431,0.5594928954618945,arima,LA LIBERTAD
2018-04-23,0.6228440512683694,0.5782329635611676,arima,LA LIBERTAD
2018-04-30,0.46713303845127685,0.5600163959926734,arima,LA LIBERTAD
2018-05-07,0.46713303845127685,0.3236606970023457,arima,LA LIBERTAD
2018-05-14,0.6228440512683694,0.3572796608213091,arima,LA LIBERTAD
2018-05-21,0.8304587350244926,0.38809753566123323,arima,LA LIBERTAD
2018-05-28,1.2456881025367392,0.35385462572871096,arima,LA LIBERTAD
2018-06-04,1.660917470048986,1.4891788039612983,arima,LA LIBERTAD
2018-06-11,2.076146837561233,1.6463997936467156,arima,LA LIBERTAD
2018-06-18,1.660917470048986,1.4324218287594292,arima,LA LIBERTAD
2018-06-25,1.6090137991099551,1.516459664293428,arima,LA LIBERTAD
2018-07-02,1.5571101281709243,1.5138728185566697,arima,LA LIBERTAD
2018-07-09,1.7647248119270476,1.564193557213995,arima,LA LIBERTAD
2018-07-16,1.5052064572318935,1.566712732860343,arima,LA LIBERTAD
2018-07-23,1.660917470048986,1.5449595629338586,arima,LA LIBERTAD
2018-07-30,1.5052064572318937,1.6271659438901938,arima,LA LIBERTAD
2018-08-06,1.8166284828660786,1.828301865372051,arima,LA LIBERTAD
2018-08-13,1.5571101281709243,1.703563510163903,arima,LA LIBERTAD
2018-08-20,1.712821140988017,1.7132195288058019,arima,LA LIBERTAD
2018-08-27,1.6090137991099551,1.6780760091924747,arima,LA LIBERTAD
2018-09-03,1.7647248119270476,1.742223480141054,arima,LA LIBERTAD
2018-09-10,1.6090137991099551,1.7110194565612624,arima,LA LIBERTAD
2018-09-17,1.29759177347577,1.7084582487113282,arima,LA LIBERTAD
2018-09-24,0.7785550640854617,1.1377407900689294,arima,LA LIBERTAD
2018-10-01,1.2456881025367392,1.0913994702364684,arima,LA LIBERTAD
2018-10-08,1.2456881025367392,1.179532563542911,arima,LA LIBERTAD
2018-10-15,1.5571101281709243,1.136097899266511,arima,LA LIBERTAD
2018-10-22,1.0899770897196468,1.211024174116976,arima,LA LIBERTAD
2018-10-29,1.038073418780616,1.395554021425239,arima,LA LIBERTAD
2018-11-05,0.7785550640854618,1.3985118146510018,arima,LA LIBERTAD
2018-11-12,0.6747477222074001,1.3197151903531754,arima,LA LIBERTAD
2018-11-19,0.5709403803293384,0.7316233028307328,arima,LA LIBERTAD
2018-11-26,0.6228440512683693,0.7489888114212071,arima,LA LIBERTAD
2018-12-03,0.9342660769025543,0.710988676146405,arima,LA LIBERTAD
2018-12-10,1.038073418780616,0.7316678283629781,arima,LA LIBERTAD
2018-12-17,0.9861697478415851,1.083036669440561,arima,LA LIBERTAD
2018-12-24,0.8823624059635234,0.9017574890005822,arima,LA LIBERTAD
2018-12-31,1.0899770897196468,1.0127201396376013,arima,LA LIBERTAD
2019-01-07,1.493260522920986,1.0006279797761053,arima,LA LIBERTAD
2019-01-14,1.5352092486009274,1.535135200888306,arima,LA LIBERTAD
2019-01-21,1.6290616452198996,1.6507848524840765,arima,LA LIBERTAD
2019-01-28,1.7308779980461437,1.5519631105126392,arima,LA LIBERTAD
2019-02-04,1.8326943508723872,1.5777756972262207,arima,LA LIBERTAD
2019-02-11,1.8326943508723872,1.926894816307743,arima,LA LIBERTAD
2019-02-18,1.5781534688067778,1.8291079220263748,arima,LA LIBERTAD
2019-02-25,2.0363270565248746,1.8626421842883718,arima,LA LIBERTAD
2019-03-04,2.087235232937996,1.8752319525704237,arima,LA LIBERTAD
2019-03-11,2.087235232937996,2.052653166749782,arima,LA LIBERTAD
2019-03-18,1.5781534688067775,2.0081187454170344,arima,LA LIBERTAD
2019-03-25,1.6799698216330217,2.052653166749782,arima,LA LIBERTAD
2019-04-01,1.6799698216330212,2.052653166749782,arima,LA LIBERTAD
2019-04-08,1.7308779980461433,1.7363102979941027,arima,LA LIBERTAD
2019-04-15,1.1708880575018026,1.695285095467911,arima,LA LIBERTAD
2019-04-22,1.1199798810886807,1.7023662835794457,arima,LA LIBERTAD
2019-04-29,0.8654389990230712,1.7135600065227106,arima,LA LIBERTAD
2019-05-06,1.1199798810886805,0.9558832210371757,arima,LA LIBERTAD
2019-05-13,1.1199798810886807,0.8422259463248567,arima,LA LIBERTAD
2019-05-20,1.1708880575018024,0.8885844644030321,arima,LA LIBERTAD
2019-05-27,1.3745207631542902,0.8968379698226858,arima,LA LIBERTAD
2019-06-03,1.2727044103280463,1.3971218885983663,arima,LA LIBERTAD
2019-06-10,1.323612586741168,1.5430012477043382,arima,LA LIBERTAD
2019-06-17,1.1708880575018024,1.429905496664611,arima,LA LIBERTAD
2019-06-24,1.1708880575018026,1.4540065224076737,arima,LA LIBERTAD
2019-07-01,1.0181635282624368,1.1812309459995136,arima,LA LIBERTAD
2019-07-08,0.9672553518493149,1.1350413280270764,arima,LA LIBERTAD
2019-07-15,1.0690717046755587,1.1641028443883261,arima,LA LIBERTAD
2019-07-22,1.5272452923936557,1.161161069846671,arima,LA LIBERTAD
2019-07-29,2.239959762177362,1.6426826021258956,arima,LA LIBERTAD
2019-08-05,2.239959762177362,1.7320036200787658,arima,LA LIBERTAD
2019-08-12,2.1381434093511182,1.624749930735363,arima,LA LIBERTAD
2019-08-19,1.883602527285509,1.6673574015205945,arima,LA LIBERTAD
2019-08-26,1.883602527285509,2.0446927024639368,arima,LA LIBERTAD
2019-09-02,2.036327056524875,2.034342104239586,arima,LA LIBERTAD
2019-09-09,1.7308779980461433,1.9798173282884384,arima,LA LIBERTAD
2019-09-16,2.036327056524875,2.022485371684709,arima,LA LIBERTAD
2019-09-23,2.036327056524875,1.9229316276967414,arima,LA LIBERTAD
2019-09-30,2.036327056524875,2.1010546568045347,arima,LA LIBERTAD
2019-10-07,2.0363270565248746,2.0143136277860725,arima,LA LIBERTAD
2019-10-14,1.6799698216330212,2.0081186354697333,arima,LA LIBERTAD
2019-10-21,1.4763371159805339,1.7379595514324269,arima,LA LIBERTAD
2019-10-28,1.8326943508723865,1.584863266489723,arima,LA LIBERTAD
2019-11-04,1.781786174459265,1.674944811581223,arima,LA LIBERTAD
2019-11-11,1.781786174459265,1.6699840982219833,arima,LA LIBERTAD
2019-11-18,1.1199798810886805,1.4088574040615933,arima,LA LIBERTAD
2019-11-25,1.4763371159805336,1.5474612477072798,arima,LA LIBERTAD
2019-12-02,1.4763371159805336,1.6100994228110856,arima,LA LIBERTAD
2019-12-09,1.6290616452198992,1.4929731057333755,arima,LA LIBERTAD
2019-12-16,1.4254289395674116,1.5490751631428417,arima,LA LIBERTAD
2019-12-23,1.3745207631542897,1.6238123314578448,arima,LA LIBERTAD
2019-12-30,1.323612586741168,1.6023209876494753,arima,LA LIBERTAD
2020-01-06,1.9624268390144917,1.5832813560722676,arima,LA LIBERTAD
2020-01-13,2.4571385774599226,2.1552858250872715,arima,LA LIBERTAD
2020-01-20,2.447558560336064,2.1552858250872715,arima,LA LIBERTAD
2020-01-27,2.1478575121316474,2.1084675282331258,arima,LA LIBERTAD
2020-02-03,2.0979073374309114,2.1552858250872715,arima,LA LIBERTAD
2020-02-10,1.8481564639272314,2.2130270361656725,arima,LA LIBERTAD
2020-02-17,1.4485550663213436,2.1240487999598767,arima,LA LIBERTAD
2020-02-24,1.1988041928176634,2.137983303331588,arima,LA LIBERTAD
2020-03-02,1.3486547169198715,2.169827743937324,arima,LA LIBERTAD
2020-03-09,1.3486547169198715,1.3611896803000092,arima,LA LIBERTAD
2020-03-16,1.3486547169198715,1.3982890522325855,arima,LA LIBERTAD
2020-03-23,1.3486547169198715,1.362834171018228,arima,LA LIBERTAD
2020-03-30,1.0489536687154553,1.3725691235499458,arima,LA LIBERTAD
2020-04-06,0.8991031446132473,0.9992398444265393,arima,LA LIBERTAD
2020-04-13,0.6993024458103031,0.8913384797337085,arima,LA LIBERTAD
2020-04-20,1.0989038434161913,0.9985994874966897,arima,LA LIBERTAD
2020-04-27,1.4985052410220796,0.9655652426772616,arima,LA LIBERTAD
2020-05-04,1.8981066386279675,1.7103511836114005,arima,LA LIBERTAD
2020-05-11,2.047957162730176,1.6590391237854516,arima,LA LIBERTAD
2020-05-18,2.3976083856353276,1.5997771375186898,arima,LA LIBERTAD
2020-05-25,3.0469606567448957,1.6681848609825018,arima,LA LIBERTAD
2020-06-01,3.9460638013581444,2.418087957262631,arima,LA LIBERTAD
2020-06-08,4.845166945971392,2.418087957262631,arima,LA LIBERTAD
2020-06-15,5.712441151702585,2.418087957262631,arima,LA LIBERTAD
2020-06-22,6.18011395982789,2.418087957262631,arima,LA LIBERTAD
2020-06-29,6.030263435725682,4.314696090649598,arima,LA LIBERTAD
2020-07-06,6.030263435725682,4.314696090649598,arima,LA LIBERTAD
2020-07-13,6.030263435725682,4.314696090649598,arima,LA LIBERTAD
2020-07-20,6.348085719748779,4.314696090649598,arima,LA LIBERTAD
2020-07-27,5.980313261024946,6.030263435725681,arima,LA LIBERTAD
2020-08-03,5.362789928797433,6.030263435725681,arima,LA LIBERTAD
2020-08-10,4.795216771270657,6.030263435725681,arima,LA LIBERTAD
2020-08-17,4.24576484956256,6.030263435725681,arima,LA LIBERTAD
2020-08-24,3.796213277255936,4.149071395459896,arima,LA LIBERTAD
2020-08-31,3.49651222905152,4.091150581471977,arima,LA LIBERTAD
2020-09-07,2.797209783241216,4.176667075397028,arima,LA LIBERTAD
2020-09-14,3.096910831445632,4.137723503349207,arima,LA LIBERTAD
2020-09-21,2.8471599579419524,3.0558726778448717,arima,LA LIBERTAD
2020-09-28,3.0469606567448957,3.4194608026804394,arima,LA LIBERTAD
2020-10-05,2.4975087350367997,3.1598534952708164,arima,LA LIBERTAD
2020-10-12,2.0479571627301754,3.1971510406808976,arima,LA LIBERTAD
2020-10-19,1.7982062892264956,1.915465419376353,arima,LA LIBERTAD
2020-10-26,1.7482561145257594,1.7985147797955703,arima,LA LIBERTAD
2020-11-02,1.8981066386279675,1.939713385043047,arima,LA LIBERTAD
2020-11-09,1.9480568133287033,1.8808528493071317,arima,LA LIBERTAD
2020-11-16,1.8481564639272314,1.8915591958678908,arima,LA LIBERTAD
2020-11-23,1.998006988029439,1.9413321525672158,arima,LA LIBERTAD
2020-11-30,2.2977080362338556,1.927163424906949,arima,LA LIBERTAD
2020-12-07,2.1978076868323835,1.91706142712806,arima,LA LIBERTAD
2020-12-14,2.0979073374309114,2.186955459886592,arima,LA LIBERTAD
2020-12-21,2.0979073374309114,2.0216665279620205,arima,LA LIBERTAD
2020-12-28,2.4475585603360632,2.152549247486169,arima,LA LIBERTAD
2021-01-04,2.6298291764270227,2.119586806252987,arima,LA LIBERTAD
2021-01-11,3.4485351605766135,2.610211170042607,arima,LA LIBERTAD
2021-01-18,4.559561105472944,2.626724595198584,arima,LA LIBERTAD
2021-01-25,4.804698799315575,2.621428719914792,arima,LA LIBERTAD
2021-02-01,4.804698799315574,2.619411331317933,arima,LA LIBERTAD
2021-02-08,3.67706540763947,4.612260328067509,arima,LA LIBERTAD
2021-02-15,4.559561105472943,4.964242629777622,arima,LA LIBERTAD
2021-02-22,4.363450950398837,4.773570671261721,arima,LA LIBERTAD
2021-03-01,5.39302926453789,4.781006449407975,arima,LA LIBERTAD
2021-03-08,4.8537263380841,5.11269206880257,arima,LA LIBERTAD
2021-03-15,3.9712306402506274,5.158895872043907,arima,LA LIBERTAD
2021-03-22,2.990679864880102,5.239098257234141,arima,LA LIBERTAD
2021-03-29,3.58685473630538,5.1578985190752915,arima,LA LIBERTAD
2021-04-05,3.97907504645359,3.8759138041616223,arima,LA LIBERTAD
2021-04-12,5.163580383101184,4.443810928739391,arima,LA LIBERTAD
2021-04-19,5.163580383101184,3.859300386053163,arima,LA LIBERTAD
2021-04-26,5.310662999406763,4.050482860892935,arima,LA LIBERTAD
2021-05-03,5.3106629994067625,5.27657912895878,arima,LA LIBERTAD
2021-05-10,4.371295356601801,4.8948110618474585,arima,LA LIBERTAD
2021-05-17,5.253791054435273,5.207614886630111,arima,LA LIBERTAD
2021-05-24,5.196919109463785,5.137353557705436,arima,LA LIBERTAD
2021-05-31,6.128442346065785,5.566670392441037,arima,LA LIBERTAD
2021-06-07,5.442056803306417,5.286439871127117,arima,LA LIBERTAD
2021-06-14,4.06928571778768,5.338231541254377,arima,LA LIBERTAD
2021-06-21,2.549432015963365,5.42195834820975,arima,LA LIBERTAD
2021-06-28,1.764991395666945,2.1467218459905175,arima,LA LIBERTAD
2021-07-05,1.1276333916761032,2.186106183463113,arima,LA LIBERTAD
2021-07-12,0.8334681590649455,2.3211322513987764,arima,LA LIBERTAD
2021-07-19,0.5883304652223141,2.201194625143873,arima,LA LIBERTAD
2021-07-26,0.6373580039908405,0.644104212022766,arima,LA LIBERTAD
2021-08-02,0.539302926453788,0.6089921613444851,arima,LA LIBERTAD
2021-08-09,0.3431927713796828,0.6130048937392516,arima,LA LIBERTAD
2021-08-16,0.2941652326111565,0.6237424348134897,arima,LA LIBERTAD
2021-08-23,0.19611015507410393,0.2554635886071204,arima,LA LIBERTAD
2021-08-30,0.2941652326111565,0.31334808916644963,arima,LA LIBERTAD
2021-09-06,0.3431927713796828,0.28529318550708815,arima,LA LIBERTAD
2021-09-13,0.49027538768526163,0.2832580975431622,arima,LA LIBERTAD
2021-09-20,0.7844406202964193,0.5198487970538221,arima,LA LIBERTAD
2021-09-27,0.8824956978334718,0.5080607631447445,arima,LA LIBERTAD
2021-10-04,0.7844406202964193,0.5056605208658598,arima,LA LIBERTAD
2021-10-11,0.4412478489167353,0.5117866558834065,arima,LA LIBERTAD
2021-10-18,0.2941652326111565,0.35553345868585834,arima,LA LIBERTAD
2021-10-25,0.2941652326111565,0.3598346601875284,arima,LA LIBERTAD
2021-11-01,0.2941652326111565,0.38787145889706176,arima,LA LIBERTAD
2021-11-08,0.49027538768526163,0.36570430053002406,arima,LA LIBERTAD
2021-11-15,0.6373580039908405,0.5496338352417638,arima,LA LIBERTAD
2021-11-22,0.9805507753705244,0.6400424634973487,arima,LA LIBERTAD
2021-11-29,1.2256884692131556,0.5652063119030863,arima,LA LIBERTAD
2021-12-06,1.2256884692131558,0.5883694061454006,arima,LA LIBERTAD
2021-12-13,1.0295783141390507,1.1817750329836616,arima,LA LIBERTAD
2021-12-20,0.539302926453788,1.065364200042008,arima,LA LIBERTAD
2021-12-27,0.7354130815278929,1.15206078792232,arima,LA LIBERTAD
2022-01-03,0.9235207080340722,1.1269234389775074,arima,LA LIBERTAD
2022-01-10,1.3567660283828828,1.2227329743764899,arima,LA LIBERTAD
2022-01-17,1.5885661746123045,1.1186262377536162,arima,LA LIBERTAD
2022-01-24,1.4441510678293676,1.0814417327300943,arima,LA LIBERTAD
2022-01-31,1.6848429124675957,1.1445388180039515,arima,LA LIBERTAD
2022-02-07,1.3960126989017219,1.5199884427883967,arima,LA LIBERTAD
2022-02-14,1.3960126989017219,1.7484140646645265,arima,LA LIBERTAD
2022-02-21,1.010905747480557,1.6388325520770306,arima,LA LIBERTAD
2022-02-28,0.8183522717699745,1.641326773218855,arima,LA LIBERTAD
2022-03-07,1.0590441164082025,0.771108311018279,arima,LA LIBERTAD
2022-03-14,1.010905747480557,0.7556422985589764,arima,LA LIBERTAD
2022-03-21,0.86649064069762,0.7813756215814038,arima,LA LIBERTAD
2022-03-28,0.86649064069762,0.7681686933385732,arima,LA LIBERTAD
2022-04-04,1.0590441164082025,0.962868740414069,arima,LA LIBERTAD
2022-04-11,1.2997359610464307,1.1289740700235886,arima,LA LIBERTAD
2022-04-18,1.0590441164082025,0.9699997606196527,arima,LA LIBERTAD
2022-04-25,0.9627673785529113,1.0201531873144347,arima,LA LIBERTAD
2022-05-02,0.9146290096252657,0.92431510409444,arima,LA LIBERTAD
2022-05-09,0.9627673785529113,0.9059511929345219,arima,LA LIBERTAD
2022-05-16,0.9146290096252657,0.9313636764310302,arima,LA LIBERTAD
2022-05-23,1.010905747480557,0.9199332743102577,arima,LA LIBERTAD
2022-05-30,1.0590441164082025,0.9904059164203833,arima,LA LIBERTAD
2022-06-06,1.2034592231911392,1.0868939182852513,arima,LA LIBERTAD
2022-06-13,1.010905747480557,1.0267099165610758,arima,LA LIBERTAD
2022-06-20,1.2997359610464307,1.0368052290649454,arima,LA LIBERTAD
2022-06-27,1.2034592231911394,1.3868700213651275,arima,LA LIBERTAD
2022-07-04,1.3960126989017219,1.6045065692139637,arima,LA LIBERTAD
2022-07-11,1.107182485335848,1.4265861485394824,arima,LA LIBERTAD
2022-07-18,1.5885661746123043,1.4811085588243849,arima,LA LIBERTAD
2022-07-25,1.7329812813952412,1.6694513919815148,arima,LA LIBERTAD
2022-08-01,1.6367045435399499,1.8595863031074247,arima,LA LIBERTAD
2022-08-08,1.2997359610464307,1.7055879921050403,arima,LA LIBERTAD
2022-08-15,1.0590441164082025,1.7552713000826459,arima,LA LIBERTAD
2022-08-22,0.9627673785529112,1.0687532443592822,arima,LA LIBERTAD
2022-08-29,0.8183522717699745,1.0242374393630627,arima,LA LIBERTAD
2022-09-05,0.5776604271317463,1.0527875122321566,arima,LA LIBERTAD
2022-09-12,0.5295220582041007,1.0469002697527148,arima,LA LIBERTAD
2022-09-19,0.5776604271317463,0.47327642208331866,arima,LA LIBERTAD
2022-09-26,0.6257987960593919,0.5466427900364017,arima,LA LIBERTAD
2022-10-03,0.5295220582041006,0.5125893393645238,arima,LA LIBERTAD
2022-10-10,0.3851069514211638,0.5106670627438818,arima,LA LIBERTAD
2022-10-17,0.6257987960593919,0.3933193034489951,arima,LA LIBERTAD
2022-10-24,0.8183522717699744,0.38591446939684393,arima,LA LIBERTAD
2022-10-31,0.7220755339146833,0.38830918263813047,arima,LA LIBERTAD
2022-11-07,0.5776604271317464,0.38928181142048746,arima,LA LIBERTAD
2022-11-14,0.6257987960593919,0.49862958841401783,arima,LA LIBERTAD
2022-11-21,1.2515975921187852,0.5941163083359375,arima,LA LIBERTAD
2022-11-28,1.5404278056846588,0.5513897210874561,arima,LA LIBERTAD
2022-12-05,1.4922894367570132,0.5503167438318217,arima,LA LIBERTAD
