date,region,actual,arima,holt_winters,naive,seasonal_naive,arima_error,arima_abs_error,arima_pct_error,holt_winters_error,holt_winters_abs_error,holt_winters_pct_error,naive_error,naive_abs_error,naive_pct_error,seasonal_naive_error,seasonal_naive_abs_error,seasonal_naive_pct_error,best_model
2010-12-27,LA LIBERTAD,0.7653244445805024,0.8067653400891159,0.8422919213933548,0.9419377779452338,0.23931546205234547,0.041,0.041,5.4,0.077,0.077,10.1,0.177,0.177,23.1,-0.526,0.526,68.7,arima
2011-01-03,LA LIBERTAD,0.5868559639712553,0.8246958204423962,0.7724659196356913,0.9419377779452338,0.29531330999939465,0.238,0.238,40.6,0.186,0.186,31.7,0.355,0.355,60.5,-0.292,0.292,49.8,holt_winters
2011-01-10,LA LIBERTAD,0.6410892069815427,0.8719616299558257,0.8941778266935223,0.9419377779452338,0.7064533334589251,0.231,0.231,36.0,0.253,0.253,39.5,0.301,0.301,47.0,0.065,0.065,10.1,seasonal_naive
2011-01-17,LA LIBERTAD,0.6953224499918301,0.8289518429761122,1.0322327258552315,0.9419377779452338,1.1185511113099644,0.134,0.134,19.3,0.337,0.337,48.5,0.247,0.247,35.5,0.423,0.423,60.8,arima
2011-01-24,LA LIBERTAD,0.8112095249904686,0.8128797954520459,0.7367053562765833,0.6953224499918302,1.0596800001883873,0.002,0.002,0.2,-0.075,0.075,9.2,-0.116,0.116,14.3,0.248,0.248,30.6,arima
2011-01-31,LA LIBERTAD,0.5794353749931919,0.8097688106150911,0.6056681352868227,0.6953224499918302,0.8241955557020793,0.23,0.23,39.7,0.026,0.026,4.5,0.116,0.116,20.0,0.245,0.245,42.3,holt_winters
2011-02-07,LA LIBERTAD,0.40560476249523436,0.7575840419838114,0.498280408871652,0.6953224499918302,0.4709688889726167,0.352,0.352,86.8,0.093,0.093,22.9,0.29,0.29,71.5,0.065,0.065,16.0,seasonal_naive
2011-02-14,LA LIBERTAD,0.637378912492511,0.7967136687824321,0.5938280300672361,0.6953224499918302,0.5298400000941936,0.159,0.159,24.9,-0.044,0.044,6.9,0.058,0.058,9.1,-0.108,0.108,16.9,holt_winters
2011-02-21,LA LIBERTAD,0.5794353749931919,0.7629926776602298,0.5957403830882106,0.6373789124925109,0.5298400000941936,0.184,0.184,31.8,0.016,0.016,2.8,0.058,0.058,10.0,-0.05,0.05,8.6,holt_winters
2011-02-28,LA LIBERTAD,0.5214918374938727,0.8381343726909296,0.675763639843393,0.6373789124925109,0.7064533334589249,0.317,0.317,60.8,0.154,0.154,29.5,0.116,0.116,22.2,0.185,0.185,35.5,naive
2011-03-07,LA LIBERTAD,0.34766122499591523,0.7231827796517603,0.5843962159597353,0.6373789124925109,0.6475822223373477,0.376,0.376,108.2,0.237,0.237,68.2,0.29,0.29,83.4,0.3,0.3,86.3,holt_winters
2011-03-14,LA LIBERTAD,0.5214918374938727,0.7726184737494368,0.6114097474960043,0.6373789124925109,0.4709688889726167,0.251,0.251,48.1,0.09,0.09,17.3,0.116,0.116,22.2,-0.051,0.051,9.8,seasonal_naive
2011-03-21,LA LIBERTAD,0.579435374993192,0.5651505009770812,0.5237930916065334,0.5214918374938726,0.5887111112157708,-0.014,0.014,2.4,-0.056,0.056,9.7,-0.058,0.058,10.0,0.009,0.009,1.6,seasonal_naive
2011-03-28,LA LIBERTAD,0.3476612249959153,0.5532134108565145,0.5141706622254765,0.5214918374938726,0.5887111112157708,0.206,0.206,59.3,0.167,0.167,48.0,0.174,0.174,50.0,0.241,0.241,69.3,holt_winters
2011-04-04,LA LIBERTAD,0.23177414999727694,0.541700005492121,0.5325211241413015,0.5214918374938726,0.7653244445805023,0.31,0.31,133.8,0.301,0.301,129.9,0.29,0.29,125.1,0.534,0.534,230.4,naive
2011-04-11,LA LIBERTAD,0.2897176874965961,0.5556793566071103,0.47827401779202705,0.5214918374938726,0.5887111112157708,0.266,0.266,91.8,0.189,0.189,65.2,0.232,0.232,80.1,0.299,0.299,103.2,holt_winters
2011-04-18,LA LIBERTAD,0.3476612249959153,0.37116848511983863,0.2962717174607929,0.2897176874965961,0.9419377779452336,0.024,0.024,6.9,-0.051,0.051,14.7,-0.058,0.058,16.7,0.594,0.594,170.9,arima
2011-04-25,LA LIBERTAD,0.4056047624952345,0.4003804259040682,0.20894556805889164,0.2897176874965961,0.8830666668236564,-0.005,0.005,1.2,-0.197,0.197,48.6,-0.116,0.116,28.6,0.477,0.477,117.6,arima
2011-05-02,LA LIBERTAD,0.2897176874965961,0.34074802520998815,0.367867479703578,0.2897176874965961,0.8830666668236564,0.051,0.051,17.6,0.078,0.078,26.9,0.0,0.0,0.0,0.593,0.593,204.7,naive
2011-05-09,LA LIBERTAD,0.34766122499591523,0.37054868116772055,0.29594602642977075,0.2897176874965961,0.4120977778510398,0.023,0.023,6.6,-0.052,0.052,15.0,-0.058,0.058,16.7,0.064,0.064,18.4,arima
2011-05-16,LA LIBERTAD,0.4056047624952345,0.33215051704272475,0.40844635845077,0.34766122499591523,0.4709688889726168,-0.073,0.073,18.0,0.003,0.003,0.7,-0.058,0.058,14.3,0.065,0.065,16.0,holt_winters
2011-05-23,LA LIBERTAD,0.46354829999455366,0.34377743141129324,0.21311672691161182,0.34766122499591523,0.2943555556078855,-0.12,0.12,25.9,-0.25,0.25,53.9,-0.116,0.116,25.0,-0.169,0.169,36.5,naive
2011-05-30,LA LIBERTAD,0.4056047624952344,0.3424518212522639,0.2446960789258334,0.34766122499591523,0.3532266667294627,-0.063,0.063,15.5,-0.161,0.161,39.7,-0.058,0.058,14.3,-0.052,0.052,12.8,seasonal_naive
2011-06-06,LA LIBERTAD,0.46354829999455355,0.3380448673430684,0.2350047096727082,0.34766122499591523,0.2943555556078855,-0.126,0.126,27.2,-0.229,0.229,49.4,-0.116,0.116,25.0,-0.169,0.169,36.5,naive
2011-06-13,LA LIBERTAD,0.40560476249523436,0.47307383537585906,0.4723196427005794,0.4635482999945536,0.5887111112157708,0.067,0.067,16.5,0.067,0.067,16.5,0.058,0.058,14.3,0.183,0.183,45.1,naive
2011-06-20,LA LIBERTAD,0.46354829999455366,0.5370934019283247,0.645282794100106,0.4635482999945536,0.8241955557020793,0.074,0.074,16.0,0.182,0.182,39.3,-0.0,0.0,0.0,0.361,0.361,77.9,naive
2011-06-27,LA LIBERTAD,0.46354829999455366,0.4862507083952893,0.648552151650208,0.4635482999945536,1.0008088890668105,0.023,0.023,5.0,0.185,0.185,39.9,-0.0,0.0,0.0,0.537,0.537,115.8,naive
2011-07-04,LA LIBERTAD,0.6953224499918303,0.4928927899209349,0.6918060274095339,0.4635482999945536,1.0596800001883873,-0.202,0.202,29.1,-0.004,0.004,0.6,-0.232,0.232,33.4,0.364,0.364,52.3,holt_winters
2011-07-11,LA LIBERTAD,0.6953224499918301,0.7766672519944597,0.5817500007006109,0.6953224499918302,0.8830666668236564,0.081,0.081,11.6,-0.114,0.114,16.4,0.0,0.0,0.0,0.188,0.188,27.0,naive
2011-07-18,LA LIBERTAD,0.7532659874911495,0.7835765799014491,0.5992130591551783,0.6953224499918302,0.7064533334589251,0.03,0.03,4.0,-0.154,0.154,20.4,-0.058,0.058,7.7,-0.047,0.047,6.2,arima
2011-07-25,LA LIBERTAD,0.5214918374938727,0.7405603550473452,0.5814264508578477,0.6953224499918302,0.4709688889726169,0.219,0.219,42.0,0.06,0.06,11.5,0.174,0.174,33.4,-0.051,0.051,9.8,seasonal_naive
2011-08-01,LA LIBERTAD,0.46354829999455355,0.7680588260771279,0.5566559269283717,0.6953224499918302,0.7653244445805023,0.305,0.305,65.8,0.093,0.093,20.1,0.232,0.232,50.0,0.302,0.302,65.1,holt_winters
2011-08-08,LA LIBERTAD,0.34766122499591523,0.37429009181181266,0.49025177838996387,0.4635482999945536,0.7064533334589254,0.027,0.027,7.8,0.143,0.143,41.1,0.116,0.116,33.4,0.359,0.359,103.3,arima
2011-08-15,LA LIBERTAD,0.46354829999455366,0.39844961388755745,0.4112357738213568,0.4635482999945536,0.6475822223373484,-0.065,0.065,14.0,-0.052,0.052,11.2,-0.0,0.0,0.0,0.184,0.184,39.7,naive
2011-08-22,LA LIBERTAD,0.6953224499918303,0.4220407748362823,0.3988095267620933,0.4635482999945536,0.4709688889726169,-0.273,0.273,39.3,-0.297,0.297,42.7,-0.232,0.232,33.4,-0.224,0.224,32.2,seasonal_naive
2011-08-29,LA LIBERTAD,0.8112095249904686,0.393961207951828,0.5262344136489707,0.4635482999945536,0.647582222337348,-0.417,0.417,51.4,-0.285,0.285,35.1,-0.348,0.348,42.9,-0.164,0.164,20.2,seasonal_naive
2011-09-05,LA LIBERTAD,0.985040137488426,0.7302823298897296,0.9031065848134858,0.8112095249904685,0.7653244445805023,-0.255,0.255,25.9,-0.082,0.082,8.3,-0.174,0.174,17.7,-0.22,0.22,22.3,holt_winters
2011-09-12,LA LIBERTAD,0.8112095249904686,0.6379254715040314,0.8092927708300173,0.8112095249904685,0.588711111215771,-0.173,0.173,21.3,-0.002,0.002,0.2,-0.0,0.0,0.0,-0.222,0.222,27.4,naive
2011-09-19,LA LIBERTAD,0.7532659874911495,0.6147441060082037,0.6791233634621008,0.8112095249904685,0.4709688889726169,-0.139,0.139,18.5,-0.074,0.074,9.8,0.058,0.058,7.7,-0.282,0.282,37.4,naive
2011-09-26,LA LIBERTAD,0.5794353749931919,0.6534162191457984,0.6997942548731593,0.8112095249904685,0.5298400000941941,0.074,0.074,12.8,0.12,0.12,20.7,0.232,0.232,40.0,-0.05,0.05,8.6,seasonal_naive
2011-10-03,LA LIBERTAD,0.6953224499918301,0.6432628195821528,0.6663263574325127,0.5794353749931918,0.4709688889726169,-0.052,0.052,7.5,-0.029,0.029,4.2,-0.116,0.116,16.7,-0.224,0.224,32.2,holt_winters
2011-10-10,LA LIBERTAD,0.8112095249904687,0.6670798331881229,0.7779817875833239,0.5794353749931918,0.5298400000941941,-0.144,0.144,17.8,-0.033,0.033,4.1,-0.232,0.232,28.6,-0.281,0.281,34.6,holt_winters
2011-10-17,LA LIBERTAD,0.9850401374884261,0.7276354225123947,0.8021676279541088,0.5794353749931918,0.4120977778510399,-0.257,0.257,26.1,-0.183,0.183,18.6,-0.406,0.406,41.2,-0.573,0.573,58.2,holt_winters
2011-10-24,LA LIBERTAD,1.274757824985022,0.6921471695812407,0.9214458153462413,0.5794353749931918,0.7653244445805025,-0.583,0.583,45.7,-0.353,0.353,27.7,-0.695,0.695,54.5,-0.509,0.509,39.9,holt_winters
2011-10-31,LA LIBERTAD,1.1588707499863837,1.3539245636484636,1.2568889569685027,1.2747578249850222,1.177422222431542,0.195,0.195,16.8,0.098,0.098,8.5,0.116,0.116,10.0,0.019,0.019,1.6,seasonal_naive
2011-11-07,LA LIBERTAD,1.0429836749877452,1.4272401901460792,1.2308175804175883,1.2747578249850222,1.4129066669178503,0.384,0.384,36.8,0.188,0.188,18.0,0.232,0.232,22.2,0.37,0.37,35.5,holt_winters
2011-11-14,LA LIBERTAD,0.5214918374938727,1.3388390820725142,1.1170423614262295,1.2747578249850222,1.2951644446746964,0.817,0.817,156.7,0.596,0.596,114.3,0.753,0.753,144.4,0.774,0.774,148.4,holt_winters
2011-11-21,LA LIBERTAD,0.5214918374938727,1.3693288379755093,1.0159107648813026,1.2747578249850222,0.8830666668236564,0.848,0.848,162.6,0.494,0.494,94.7,0.753,0.753,144.4,0.362,0.362,69.4,seasonal_naive
2011-11-28,LA LIBERTAD,0.4056047624952345,0.47022821939120163,0.5510392771059474,0.5214918374938726,0.7653244445805025,0.065,0.065,16.0,0.145,0.145,35.7,0.116,0.116,28.6,0.36,0.36,88.8,arima
2011-12-05,LA LIBERTAD,0.579435374993192,0.5598712981092242,0.5388103140543512,0.5214918374938726,0.8830666668236566,-0.02,0.02,3.5,-0.041,0.041,7.1,-0.058,0.058,10.0,0.304,0.304,52.5,arima
2011-12-12,LA LIBERTAD,0.5214918374938727,0.5165742565310418,0.6012826479141324,0.5214918374938726,0.9419377779452336,-0.005,0.005,1.0,0.08,0.08,15.3,-0.0,0.0,0.0,0.42,0.42,80.5,naive
2011-12-19,LA LIBERTAD,0.6373789124925111,0.5096222972154456,0.6021199648334883,0.5214918374938726,0.9419377779452338,-0.128,0.128,20.1,-0.035,0.035,5.5,-0.116,0.116,18.2,0.305,0.305,47.9,holt_winters
2011-12-26,LA LIBERTAD,1.2168142874857029,0.6270602919408708,0.4902747539361342,0.6373789124925111,0.7653244445805025,-0.59,0.59,48.5,-0.727,0.727,59.7,-0.579,0.579,47.6,-0.451,0.451,37.1,seasonal_naive
2012-01-02,LA LIBERTAD,1.556386043826275,0.6535875594554179,0.41150318784718126,0.6373789124925111,0.5868559639712552,-0.903,0.903,58.0,-1.145,1.145,73.6,-0.919,0.919,59.0,-0.97,0.97,62.3,arima
2012-01-09,LA LIBERTAD,1.6668801397213517,0.6386659254306548,0.5263448815236611,0.6373789124925111,0.6410892069815426,-1.028,1.028,61.7,-1.141,1.141,68.5,-1.03,1.03,61.8,-1.026,1.026,61.6,seasonal_naive
2012-01-16,LA LIBERTAD,1.140894152974511,0.6383815853297181,0.65592608980068,0.6373789124925111,0.6953224499918302,-0.503,0.503,44.1,-0.485,0.485,42.5,-0.504,0.504,44.2,-0.446,0.446,39.1,seasonal_naive
2012-01-23,LA LIBERTAD,0.9697600300283344,1.0916644672154052,1.1252993787200403,1.1408941529745107,0.8112095249904685,0.122,0.122,12.6,0.156,0.156,16.1,0.171,0.171,17.6,-0.159,0.159,16.4,arima
2012-01-30,LA LIBERTAD,0.9127153223796088,1.1007136317382527,0.9041749649365121,1.1408941529745107,0.5794353749931918,0.188,0.188,20.6,-0.009,0.009,1.0,0.228,0.228,25.0,-0.333,0.333,36.5,holt_winters
2012-02-06,LA LIBERTAD,0.7986259070821579,1.114841881714177,0.731552807121052,1.1408941529745107,0.4056047624952344,0.316,0.316,39.6,-0.067,0.067,8.4,0.342,0.342,42.8,-0.393,0.393,49.2,holt_winters
2012-02-13,LA LIBERTAD,0.6274917841359812,1.1014016551921215,0.8966436491792313,1.1408941529745107,0.6373789124925109,0.474,0.474,75.5,0.269,0.269,42.9,0.513,0.513,81.8,0.01,0.01,1.6,seasonal_naive
2012-02-20,LA LIBERTAD,0.5134023688385299,0.5585576646601229,0.5919566404505705,0.6274917841359811,0.5794353749931918,0.045,0.045,8.8,0.079,0.079,15.4,0.114,0.114,22.2,0.066,0.066,12.9,arima
2012-02-27,LA LIBERTAD,0.5704470764872557,0.5301938638872536,0.639040742493932,0.6274917841359811,0.5214918374938726,-0.04,0.04,7.0,0.069,0.069,12.1,0.057,0.057,10.0,-0.049,0.049,8.6,arima
2012-03-05,LA LIBERTAD,0.6845364917847068,0.577393379277511,0.49895362650694514,0.6274917841359811,0.34766122499591523,-0.107,0.107,15.6,-0.186,0.186,27.2,-0.057,0.057,8.3,-0.337,0.337,49.2,naive
2012-03-12,LA LIBERTAD,0.6845364917847068,0.5566723004004832,0.5519896487038567,0.6274917841359811,0.5214918374938726,-0.128,0.128,18.7,-0.133,0.133,19.4,-0.057,0.057,8.3,-0.163,0.163,23.8,naive
2012-03-19,LA LIBERTAD,0.7415811994334324,0.6376968857400294,0.7528099045092798,0.6845364917847068,0.579435374993192,-0.104,0.104,14.0,0.011,0.011,1.5,-0.057,0.057,7.7,-0.162,0.162,21.8,holt_winters
2012-03-26,LA LIBERTAD,0.6845364917847068,0.6294545972441483,0.7220345475824124,0.6845364917847068,0.3476612249959153,-0.055,0.055,8.0,0.037,0.037,5.4,0.0,0.0,0.0,-0.337,0.337,49.2,naive
2012-04-02,LA LIBERTAD,1.02680473767706,0.6540992322784955,0.7405215414103348,0.6845364917847068,0.23177414999727694,-0.373,0.373,36.3,-0.286,0.286,27.9,-0.342,0.342,33.3,-0.795,0.795,77.4,holt_winters
2012-04-09,LA LIBERTAD,1.768385937110492,0.6404693469622604,0.7175815394661091,0.6845364917847068,0.2897176874965961,-1.128,1.128,63.8,-1.051,1.051,59.4,-1.084,1.084,61.3,-1.479,1.479,83.6,holt_winters
2012-04-16,LA LIBERTAD,2.110654183002845,1.5558930749395177,1.5558930749395177,1.7683859371104917,0.3476612249959153,-0.555,0.555,26.3,-0.555,0.555,26.3,-0.342,0.342,16.2,-1.763,1.763,83.5,naive
2012-04-23,LA LIBERTAD,2.167698890651571,1.5558930749395177,1.5558930749395177,1.7683859371104917,0.40560476249523447,-0.612,0.612,28.2,-0.612,0.612,28.2,-0.399,0.399,18.4,-1.762,1.762,81.3,naive
2012-04-30,LA LIBERTAD,1.5402071065155898,1.5558930749395177,1.5558930749395177,1.7683859371104917,0.2897176874965961,0.016,0.016,1.0,0.016,0.016,1.0,0.228,0.228,14.8,-1.25,1.25,81.2,arima
2012-05-07,LA LIBERTAD,1.0838494453257854,1.5558930749395177,1.5558930749395177,1.7683859371104917,0.34766122499591523,0.472,0.472,43.5,0.472,0.472,43.5,0.685,0.685,63.2,-0.736,0.736,67.9,arima
2012-05-14,LA LIBERTAD,0.7986259070821577,0.8755529840107437,1.1981290060545335,1.0838494453257854,0.40560476249523447,0.077,0.077,9.6,0.4,0.4,50.1,0.285,0.285,35.7,-0.393,0.393,49.2,arima
2012-05-21,LA LIBERTAD,0.5134023688385301,0.7534596273640335,0.9035879522653012,1.0838494453257854,0.4635482999945536,0.24,0.24,46.7,0.39,0.39,76.0,0.57,0.57,111.0,-0.05,0.05,9.7,seasonal_naive
2012-05-28,LA LIBERTAD,0.7415811994334321,0.912240805682734,0.9333308534562097,1.0838494453257854,0.40560476249523447,0.171,0.171,23.1,0.192,0.192,25.9,0.342,0.342,46.1,-0.336,0.336,45.3,arima
2012-06-04,LA LIBERTAD,0.8556706147308833,0.8552829930490569,0.9306237179754091,1.0838494453257854,0.4635482999945536,-0.0,0.0,0.0,0.075,0.075,8.8,0.228,0.228,26.6,-0.392,0.392,45.8,arima
2012-06-11,LA LIBERTAD,1.02680473767706,0.9858604913736337,0.8755541010356682,0.8556706147308832,0.4056047624952344,-0.041,0.041,4.0,-0.151,0.151,14.7,-0.171,0.171,16.7,-0.621,0.621,60.5,arima
2012-06-18,LA LIBERTAD,1.140894152974511,0.9901937990390728,1.0583844722290379,0.8556706147308832,0.4635482999945536,-0.151,0.151,13.2,-0.083,0.083,7.3,-0.285,0.285,25.0,-0.677,0.677,59.3,holt_winters
2012-06-25,LA LIBERTAD,1.02680473767706,0.9356866814061593,1.0215724939787334,0.8556706147308832,0.4635482999945536,-0.091,0.091,8.9,-0.005,0.005,0.5,-0.171,0.171,16.7,-0.563,0.563,54.8,holt_winters
2012-07-02,LA LIBERTAD,1.1979388606232366,0.9692009786193008,1.1043242342196327,0.8556706147308832,0.6953224499918302,-0.229,0.229,19.1,-0.094,0.094,7.8,-0.342,0.342,28.5,-0.503,0.503,42.0,holt_winters
2012-07-09,LA LIBERTAD,1.1979388606232364,1.1890581285447994,1.2194781943147048,1.1979388606232368,0.6953224499918302,-0.009,0.009,0.8,0.022,0.022,1.8,0.0,0.0,0.0,-0.503,0.503,42.0,naive
2012-07-16,LA LIBERTAD,1.5402071065155898,1.2747816192968178,1.2394161756060025,1.1979388606232368,0.7532659874911494,-0.265,0.265,17.2,-0.301,0.301,19.5,-0.342,0.342,22.2,-0.787,0.787,51.1,arima
2012-07-23,LA LIBERTAD,1.7113412294617663,1.2224939813994657,1.1403221590907195,1.1979388606232368,0.5214918374938726,-0.489,0.489,28.6,-0.571,0.571,33.4,-0.513,0.513,30.0,-1.19,1.19,69.5,arima
2012-07-30,LA LIBERTAD,1.426117691218139,1.221417715611501,1.0833714203023717,1.1979388606232368,0.4635482999945536,-0.205,0.205,14.4,-0.343,0.343,24.1,-0.228,0.228,16.0,-0.963,0.963,67.5,arima
2012-08-06,LA LIBERTAD,1.4261176912181386,1.2812129382334847,1.5301123030234747,1.4261176912181392,0.34766122499591523,-0.145,0.145,10.2,0.104,0.104,7.3,0.0,0.0,0.0,-1.078,1.078,75.6,naive
2012-08-13,LA LIBERTAD,1.02680473767706,1.1437544953663306,1.427330404138948,1.4261176912181392,0.4635482999945536,0.117,0.117,11.4,0.401,0.401,39.1,0.399,0.399,38.9,-0.563,0.563,54.8,arima
2012-08-20,LA LIBERTAD,1.1979388606232366,1.2888182697385813,1.510466251091164,1.4261176912181392,0.6953224499918302,0.091,0.091,7.6,0.313,0.313,26.1,0.228,0.228,19.0,-0.503,0.503,42.0,arima
2012-08-27,LA LIBERTAD,0.8556706147308833,1.2491463428477108,1.669735255254333,1.4261176912181392,0.8112095249904685,0.393,0.393,45.9,0.814,0.814,95.1,0.57,0.57,66.6,-0.044,0.044,5.1,seasonal_naive
2012-09-03,LA LIBERTAD,1.3690729835694129,0.8891717905595722,1.0085794966585464,0.8556706147308832,0.9850401374884259,-0.48,0.48,35.1,-0.36,0.36,26.3,-0.513,0.513,37.5,-0.384,0.384,28.0,holt_winters
2012-09-10,LA LIBERTAD,1.6542965218130405,0.8206888784159871,0.8888429698220397,0.8556706147308832,0.8112095249904685,-0.834,0.834,50.4,-0.765,0.765,46.2,-0.799,0.799,48.3,-0.843,0.843,51.0,holt_winters
2012-09-17,LA LIBERTAD,1.5972518141643153,0.8526313328747419,0.7731630802249387,0.8556706147308832,0.7532659874911494,-0.745,0.745,46.6,-0.824,0.824,51.6,-0.742,0.742,46.5,-0.844,0.844,52.8,naive
2012-09-24,LA LIBERTAD,1.3120282759206876,0.8585783872801986,0.7535148587838749,0.8556706147308832,0.5794353749931918,-0.453,0.453,34.5,-0.559,0.559,42.6,-0.456,0.456,34.8,-0.733,0.733,55.9,arima
2012-10-01,LA LIBERTAD,1.140894152974511,1.1769041542428123,1.4033985498748036,1.3120282759206874,0.6953224499918302,0.036,0.036,3.2,0.263,0.263,23.1,0.171,0.171,15.0,-0.446,0.446,39.1,arima
2012-10-08,LA LIBERTAD,1.5402071065155898,1.3259309847273513,1.4994113457482432,1.3120282759206874,0.8112095249904687,-0.214,0.214,13.9,-0.041,0.041,2.7,-0.228,0.228,14.8,-0.729,0.729,47.3,holt_winters
2012-10-15,LA LIBERTAD,1.3690729835694133,1.279700902610069,1.5791434210810151,1.3120282759206874,0.9850401374884261,-0.089,0.089,6.5,0.21,0.21,15.3,-0.057,0.057,4.2,-0.384,0.384,28.0,naive
2012-10-22,LA LIBERTAD,1.4831623988668643,1.2481756609880241,1.7347295595977452,1.3120282759206874,1.2747578249850222,-0.235,0.235,15.8,0.252,0.252,17.0,-0.171,0.171,11.5,-0.208,0.208,14.0,naive
2012-10-29,LA LIBERTAD,1.0838494453257854,1.4035796887101881,1.5291894544093805,1.4831623988668645,1.158870749986384,0.32,0.32,29.5,0.445,0.445,41.1,0.399,0.399,36.8,0.075,0.075,6.9,seasonal_naive
2012-11-05,LA LIBERTAD,1.1979388606232366,1.51939668845398,1.4247584841672056,1.4831623988668645,1.0429836749877452,0.321,0.321,26.8,0.227,0.227,18.9,0.285,0.285,23.8,-0.155,0.155,12.9,seasonal_naive
2012-11-12,LA LIBERTAD,1.0838494453257854,1.4728494839766948,1.1293853860833045,1.4831623988668645,0.5214918374938726,0.389,0.389,35.9,0.046,0.046,4.2,0.399,0.399,36.8,-0.562,0.562,51.9,holt_winters
2012-11-19,LA LIBERTAD,1.3690729835694133,1.4568445509087207,1.0636700373406591,1.4831623988668645,0.5214918374938726,0.088,0.088,6.4,-0.305,0.305,22.3,0.114,0.114,8.3,-0.848,0.848,61.9,arima
2012-11-26,LA LIBERTAD,1.4261176912181386,1.369712682346428,1.2455211096216154,1.369072983569413,0.40560476249523447,-0.056,0.056,3.9,-0.181,0.181,12.7,-0.057,0.057,4.0,-1.021,1.021,71.6,arima
2012-12-03,LA LIBERTAD,1.3690729835694133,1.4038665847388416,1.2332810845235476,1.369072983569413,0.579435374993192,0.035,0.035,2.6,-0.136,0.136,9.9,-0.0,0.0,0.0,-0.79,0.79,57.7,naive
2012-12-10,LA LIBERTAD,1.254983568271962,1.3801493738735369,1.3042990026967183,1.369072983569413,0.5214918374938726,0.125,0.125,10.0,0.049,0.049,3.9,0.114,0.114,9.1,-0.733,0.733,58.4,holt_winters
2012-12-17,LA LIBERTAD,0.9127153223796087,1.3830192010960913,1.3026553051554632,1.369072983569413,0.6373789124925111,0.47,0.47,51.5,0.39,0.39,42.7,0.456,0.456,50.0,-0.275,0.275,30.1,seasonal_naive
2012-12-24,LA LIBERTAD,0.7415811994334321,0.8569290242380299,0.8878563278446934,0.9127153223796087,1.2168142874857026,0.115,0.115,15.5,0.146,0.146,19.7,0.171,0.171,23.1,0.475,0.475,64.1,arima
2012-12-31,LA LIBERTAD,0.7986259070821577,0.7865024221011754,0.8808080299388832,0.9127153223796087,1.5563860438262753,-0.012,0.012,1.5,0.082,0.082,10.3,0.114,0.114,14.3,0.758,0.758,94.9,arima
2013-01-07,LA LIBERTAD,1.4147902886831503,0.8566649354389446,1.0751882799019121,0.9127153223796087,1.6668801397213517,-0.558,0.558,39.4,-0.34,0.34,24.0,-0.502,0.502,35.5,0.252,0.252,17.8,seasonal_naive
2013-01-14,LA LIBERTAD,1.69217177901794,0.8356031749037165,1.2098542443047942,0.9127153223796087,1.1408941529745107,-0.857,0.857,50.6,-0.482,0.482,28.5,-0.779,0.779,46.0,-0.551,0.551,32.6,holt_winters
2013-01-21,LA LIBERTAD,1.7413744387578276,1.7347295595977452,1.6139575800710926,1.69217177901794,0.9697600300283344,-0.007,0.007,0.4,-0.127,0.127,7.3,-0.049,0.049,2.8,-0.772,0.772,44.3,arima
2013-01-28,LA LIBERTAD,1.2919874868203234,1.5808119670720582,1.365001776767412,1.69217177901794,0.912715322379609,0.289,0.289,22.4,0.073,0.073,5.7,0.4,0.4,31.0,-0.379,0.379,29.3,holt_winters
2013-02-04,LA LIBERTAD,1.2358141178281354,1.684571483687093,1.154701281763436,1.69217177901794,0.798625907082158,0.449,0.449,36.3,-0.081,0.081,6.6,0.456,0.456,36.9,-0.437,0.437,35.4,holt_winters
2013-02-11,LA LIBERTAD,1.1234673798437596,1.688973760774163,1.343942706143845,1.69217177901794,0.6274917841359811,0.566,0.566,50.4,0.22,0.22,19.6,0.569,0.569,50.6,-0.496,0.496,44.1,holt_winters
2013-02-18,LA LIBERTAD,1.3481608558125113,1.1291313407424544,1.0184648040979418,1.1234673798437598,0.5134023688385299,-0.219,0.219,16.2,-0.33,0.33,24.5,-0.225,0.225,16.7,-0.835,0.835,61.9,arima
2013-02-25,LA LIBERTAD,1.6290277007734513,1.1329666270592016,1.0106928158734774,1.1234673798437598,0.5704470764872558,-0.496,0.496,30.4,-0.618,0.618,37.9,-0.506,0.506,31.1,-1.059,1.059,65.0,arima
2013-03-04,LA LIBERTAD,1.9098945457343912,1.1282813096370128,0.8563882289980438,1.1234673798437598,0.6845364917847068,-0.782,0.782,40.9,-1.054,1.054,55.2,-0.786,0.786,41.2,-1.225,1.225,64.1,arima
2013-03-11,LA LIBERTAD,1.8537211767422033,1.1300721570137422,0.9423857958059967,1.1234673798437598,0.6845364917847068,-0.724,0.724,39.1,-0.911,0.911,49.1,-0.73,0.73,39.4,-1.169,1.169,63.1,arima
2013-03-18,LA LIBERTAD,1.797547807750015,1.8230344427899663,1.876752258029002,1.8537211767422033,0.7415811994334323,0.025,0.025,1.4,0.079,0.079,4.4,0.056,0.056,3.1,-1.056,1.056,58.7,arima
2013-03-25,LA LIBERTAD,1.4605075937968872,1.7883517588653763,1.876752258029002,1.8537211767422033,0.6845364917847068,0.328,0.328,22.5,0.416,0.416,28.5,0.393,0.393,26.9,-0.776,0.776,53.1,arima
2013-04-01,LA LIBERTAD,1.404334224804699,1.82272936007851,1.876752258029002,1.8537211767422033,1.0268047376770597,0.418,0.418,29.8,0.472,0.472,33.6,0.449,0.449,32.0,-0.378,0.378,26.9,seasonal_naive
2013-04-08,LA LIBERTAD,1.404334224804699,1.8113325492410497,1.876752258029002,1.8537211767422033,1.7683859371104917,0.407,0.407,29.0,0.472,0.472,33.6,0.449,0.449,32.0,0.364,0.364,25.9,seasonal_naive
2013-04-15,LA LIBERTAD,1.6290277007734513,1.5365010882829702,1.5925758858909989,1.4043342248046988,2.110654183002845,-0.093,0.093,5.7,-0.036,0.036,2.2,-0.225,0.225,13.8,0.482,0.482,29.6,holt_winters
2013-04-22,LA LIBERTAD,1.685201069765639,1.5419643309145634,1.454757085719327,1.4043342248046988,2.1676988906515713,-0.143,0.143,8.5,-0.23,0.23,13.6,-0.281,0.281,16.7,0.482,0.482,28.6,arima
2013-04-29,LA LIBERTAD,1.3481608558125113,1.4920201653338947,1.5558159176067945,1.4043342248046988,1.5402071065155898,0.144,0.144,10.7,0.208,0.208,15.4,0.056,0.056,4.2,0.192,0.192,14.2,naive
2013-05-06,LA LIBERTAD,1.0672940108515714,1.523772041943689,1.305155890980107,1.4043342248046988,1.0838494453257854,0.456,0.456,42.7,0.238,0.238,22.3,0.337,0.337,31.6,0.017,0.017,1.6,seasonal_naive
2013-05-13,LA LIBERTAD,0.9549472728671956,0.919292657906339,1.0603275037838396,1.0672940108515712,0.7986259070821577,-0.036,0.036,3.8,0.105,0.105,11.0,0.112,0.112,11.7,-0.156,0.156,16.3,arima
2013-05-20,LA LIBERTAD,0.7864271658906317,0.9500241624186336,0.8089140093047975,1.0672940108515712,0.5134023688385301,0.164,0.164,20.9,0.022,0.022,2.8,0.281,0.281,35.7,-0.273,0.273,34.7,holt_winters
2013-05-27,LA LIBERTAD,0.6740804279062557,0.9827588221899433,0.9552084529063567,1.0672940108515712,0.7415811994334323,0.309,0.309,45.8,0.281,0.281,41.7,0.393,0.393,58.3,0.068,0.068,10.1,seasonal_naive
2013-06-03,LA LIBERTAD,0.5617336899218798,0.9502098220960984,1.0166562264514871,1.0672940108515712,0.8556706147308832,0.388,0.388,69.1,0.455,0.455,81.0,0.506,0.506,90.1,0.294,0.294,52.3,seasonal_naive
2013-06-10,LA LIBERTAD,0.7864271658906316,0.6081559805219947,0.6505110452798002,0.5617336899218799,1.0268047376770597,-0.178,0.178,22.6,-0.136,0.136,17.3,-0.225,0.225,28.6,0.24,0.24,30.5,holt_winters
2013-06-17,LA LIBERTAD,1.0672940108515714,0.6288749030256613,0.7348732814857555,0.5617336899218799,1.1408941529745107,-0.438,0.438,41.0,-0.332,0.332,31.1,-0.506,0.506,47.4,0.074,0.074,6.9,seasonal_naive
2013-06-24,LA LIBERTAD,1.0111206418593834,0.6002295078951378,0.7191812725993363,0.5617336899218799,1.0268047376770597,-0.411,0.411,40.6,-0.292,0.292,28.9,-0.449,0.449,44.4,0.016,0.016,1.6,seasonal_naive
2013-07-01,LA LIBERTAD,1.1234673798437596,0.6107909315747939,0.8112053452321608,0.5617336899218799,1.1979388606232368,-0.513,0.513,45.7,-0.312,0.312,27.8,-0.562,0.562,50.0,0.074,0.074,6.6,seasonal_naive
2013-07-08,LA LIBERTAD,1.0672940108515714,1.0828142801289715,1.0916088484993858,1.1234673798437598,1.1979388606232364,0.016,0.016,1.5,0.024,0.024,2.2,0.056,0.056,5.2,0.131,0.131,12.3,arima
2013-07-15,LA LIBERTAD,1.1234673798437593,1.226972908967832,1.1302742355021635,1.1234673798437598,1.5402071065155898,0.104,0.104,9.3,0.007,0.007,0.6,0.0,0.0,0.0,0.417,0.417,37.1,naive
2013-07-22,LA LIBERTAD,1.0111206418593834,1.1509628834800494,1.0533707210817762,1.1234673798437598,1.7113412294617665,0.14,0.14,13.8,0.042,0.042,4.2,0.112,0.112,11.1,0.7,0.7,69.2,holt_winters
2013-07-29,LA LIBERTAD,1.1234673798437593,1.148372502452239,1.0008413125563336,1.1234673798437598,1.4261176912181392,0.025,0.025,2.2,-0.123,0.123,10.9,0.0,0.0,0.0,0.303,0.303,27.0,naive
2013-08-05,LA LIBERTAD,1.3481608558125113,1.2318824296380138,1.2402534615353056,1.1234673798437593,1.4261176912181384,-0.116,0.116,8.6,-0.108,0.108,8.0,-0.225,0.225,16.7,0.078,0.078,5.8,seasonal_naive
2013-08-12,LA LIBERTAD,1.1796407488359473,1.2648956345360651,1.1524732752522713,1.1234673798437593,1.0268047376770597,0.085,0.085,7.2,-0.027,0.027,2.3,-0.056,0.056,4.7,-0.153,0.153,13.0,holt_winters
2013-08-19,LA LIBERTAD,1.1796407488359473,1.2092022382249148,1.1866649978589319,1.1234673798437593,1.1979388606232368,0.03,0.03,2.5,0.007,0.007,0.6,-0.056,0.056,4.7,0.018,0.018,1.5,holt_winters
2013-08-26,LA LIBERTAD,1.123467379843759,1.232393237561395,1.1547533605033018,1.1234673798437593,0.8556706147308832,0.109,0.109,9.7,0.031,0.031,2.8,0.0,0.0,0.0,-0.268,0.268,23.9,naive
2013-09-02,LA LIBERTAD,1.2358141178281352,1.25976404357514,1.3933703025011197,1.1234673798437593,1.369072983569413,0.024,0.024,1.9,0.158,0.158,12.8,-0.112,0.112,9.1,0.133,0.133,10.8,arima
2013-09-09,LA LIBERTAD,1.2919874868203234,1.2009883381591742,1.2760596133627442,1.1234673798437593,1.6542965218130408,-0.091,0.091,7.0,-0.016,0.016,1.2,-0.169,0.169,13.1,0.362,0.362,28.0,holt_winters
2013-09-16,LA LIBERTAD,1.2919874868203234,1.192170334748317,1.157248512494545,1.1234673798437593,1.597251814164315,-0.1,0.1,7.7,-0.135,0.135,10.4,-0.169,0.169,13.1,0.305,0.305,23.6,arima
2013-09-23,LA LIBERTAD,1.1234673798437596,1.2160700622235106,1.0614604673673873,1.1234673798437593,1.3120282759206874,0.093,0.093,8.3,-0.062,0.062,5.5,-0.0,0.0,0.0,0.189,0.189,16.8,naive
2013-09-30,LA LIBERTAD,0.8426005348828195,0.979902559312466,1.1282550859420288,1.1234673798437598,1.1408941529745107,0.137,0.137,16.3,0.286,0.286,33.9,0.281,0.281,33.3,0.298,0.298,35.4,arima
2013-10-07,LA LIBERTAD,0.8987739038750076,0.9228053528324076,1.278803594283863,1.1234673798437598,1.5402071065155898,0.024,0.024,2.7,0.38,0.38,42.3,0.225,0.225,25.0,0.641,0.641,71.3,arima
2013-10-14,LA LIBERTAD,0.8426005348828195,1.0019912077414004,1.2910577042355404,1.1234673798437598,1.369072983569413,0.159,0.159,18.9,0.448,0.448,53.2,0.281,0.281,33.3,0.526,0.526,62.4,arima
2013-10-21,LA LIBERTAD,1.404334224804699,0.9724405451790261,1.5253201970202102,1.1234673798437598,1.4831623988668645,-0.432,0.432,30.8,0.121,0.121,8.6,-0.281,0.281,20.0,0.079,0.079,5.6,seasonal_naive
2013-10-28,LA LIBERTAD,1.516680962789075,1.4655552812489243,1.4086340673395172,1.4043342248046988,1.0838494453257854,-0.051,0.051,3.4,-0.108,0.108,7.1,-0.112,0.112,7.4,-0.433,0.433,28.5,arima
2013-11-04,LA LIBERTAD,1.5728543317812633,1.805531847465157,1.4272153846482536,1.4043342248046988,1.1979388606232368,0.233,0.233,14.8,-0.146,0.146,9.3,-0.169,0.169,10.7,-0.375,0.375,23.8,holt_winters
2013-11-11,LA LIBERTAD,0.9549472728671954,1.5730245772879896,1.1986901100682616,1.4043342248046988,1.0838494453257854,0.618,0.618,64.7,0.244,0.244,25.6,0.449,0.449,47.0,0.129,0.129,13.5,seasonal_naive
2013-11-18,LA LIBERTAD,0.6740804279062554,1.601305678732047,1.1411293901377961,1.4043342248046988,1.369072983569413,0.927,0.927,137.5,0.467,0.467,69.3,0.73,0.73,108.3,0.695,0.695,103.1,holt_winters
2013-11-25,LA LIBERTAD,0.9549472728671954,0.6453059016503546,0.581969726973945,0.6740804279062553,1.4261176912181384,-0.31,0.31,32.5,-0.373,0.373,39.1,-0.281,0.281,29.4,0.471,0.471,49.3,naive
2013-12-02,LA LIBERTAD,1.123467379843759,0.6580010737791213,0.59537874531907,0.6740804279062553,1.369072983569413,-0.465,0.465,41.4,-0.528,0.528,47.0,-0.449,0.449,40.0,0.246,0.246,21.9,seasonal_naive
2013-12-09,LA LIBERTAD,1.3481608558125113,0.6594966917337681,0.6103126811702635,0.6740804279062553,1.2549835682719621,-0.689,0.689,51.1,-0.738,0.738,54.7,-0.674,0.674,50.0,-0.093,0.093,6.9,seasonal_naive
2013-12-16,LA LIBERTAD,1.2358141178281352,0.6547159792106247,0.5394522083576396,0.6740804279062553,0.9127153223796087,-0.581,0.581,47.0,-0.696,0.696,56.3,-0.562,0.562,45.5,-0.323,0.323,26.1,seasonal_naive
2013-12-23,LA LIBERTAD,1.2358141178281352,1.287867805260067,1.177011069292449,1.2358141178281352,0.7415811994334323,0.052,0.052,4.2,-0.059,0.059,4.8,0.0,0.0,0.0,-0.494,0.494,40.0,naive
2013-12-30,LA LIBERTAD,1.1796407488359473,1.2816703185790126,1.1998693640598002,1.2358141178281352,0.7986259070821577,0.102,0.102,8.6,0.02,0.02,1.7,0.056,0.056,4.7,-0.381,0.381,32.3,holt_winters
2014-01-06,LA LIBERTAD,1.506539518890189,1.2687369180833836,1.5356073997357274,1.2358141178281352,1.4147902886831503,-0.238,0.238,15.8,0.029,0.029,1.9,-0.271,0.271,18.0,-0.092,0.092,6.1,holt_winters
2014-01-13,LA LIBERTAD,1.7219366712849622,1.2781112706892466,1.6931330745141482,1.2358141178281352,1.69217177901794,-0.444,0.444,25.8,-0.029,0.029,1.7,-0.486,0.486,28.2,-0.03,0.03,1.7,holt_winters
2014-01-20,LA LIBERTAD,1.9364887033548281,1.876752258029002,1.7022475876297274,1.7219366712849626,1.7413744387578278,-0.06,0.06,3.1,-0.234,0.234,12.1,-0.215,0.215,11.1,-0.195,0.195,10.1,arima
2014-01-27,LA LIBERTAD,1.6045192113511433,1.7592109841484094,1.4420532244791868,1.7219366712849626,1.2919874868203234,0.155,0.155,9.7,-0.162,0.162,10.1,0.117,0.117,7.3,-0.313,0.313,19.5,naive
2014-02-03,LA LIBERTAD,1.38320621668202,1.7836082500890869,1.2196531223504792,1.7219366712849626,1.2358141178281352,0.4,0.4,28.9,-0.164,0.164,11.9,0.339,0.339,24.5,-0.147,0.147,10.6,seasonal_naive
2014-02-10,LA LIBERTAD,1.3278779680147392,1.8165338919719716,1.2863608349438276,1.7219366712849626,1.1234673798437598,0.489,0.489,36.8,-0.042,0.042,3.2,0.394,0.394,29.7,-0.204,0.204,15.4,holt_winters
2014-02-17,LA LIBERTAD,1.438534465349301,1.3220553716013357,1.317053722655071,1.327877968014739,1.348160855812511,-0.116,0.116,8.1,-0.121,0.121,8.4,-0.111,0.111,7.7,-0.09,0.09,6.3,seasonal_naive
2014-02-24,LA LIBERTAD,1.3278779680147392,1.3939301161338093,1.3859343468855014,1.327877968014739,1.6290277007734515,0.066,0.066,5.0,0.058,0.058,4.4,-0.0,0.0,0.0,0.301,0.301,22.7,naive
2014-03-03,LA LIBERTAD,1.0512367246783352,1.3540919581392785,1.3603378265229957,1.327877968014739,1.9098945457343914,0.303,0.303,28.8,0.309,0.309,29.4,0.277,0.277,26.3,0.859,0.859,81.7,naive
2014-03-10,LA LIBERTAD,0.7745954813419312,1.3540342729939594,1.3899527431604772,1.327877968014739,1.8537211767422033,0.579,0.579,74.7,0.615,0.615,79.4,0.553,0.553,71.4,1.079,1.079,139.3,naive
2014-03-17,LA LIBERTAD,0.774595481341931,0.7499839093931093,0.833623420809865,0.7745954813419311,1.797547807750015,-0.025,0.025,3.2,0.059,0.059,7.6,0.0,0.0,0.0,1.023,1.023,132.1,naive
2014-03-24,LA LIBERTAD,0.6639389840073695,0.7546050531249748,0.708751826493321,0.7745954813419311,1.4605075937968874,0.091,0.091,13.7,0.045,0.045,6.8,0.111,0.111,16.7,0.797,0.797,120.0,holt_winters
2014-03-31,LA LIBERTAD,0.7745954813419312,0.7597707786556647,0.7894658791877183,0.7745954813419311,1.4043342248046988,-0.015,0.015,1.9,0.015,0.015,1.9,-0.0,0.0,0.0,0.63,0.63,81.3,naive
2014-04-07,LA LIBERTAD,0.6639389840073696,0.7553834207956311,0.9261168099212884,0.7745954813419311,1.4043342248046988,0.091,0.091,13.7,0.262,0.262,39.5,0.111,0.111,16.7,0.74,0.74,111.5,arima
2014-04-14,LA LIBERTAD,0.9959084760110545,0.7219572258818556,0.8649983292532111,0.6639389840073695,1.6290277007734515,-0.274,0.274,27.5,-0.131,0.131,13.2,-0.332,0.332,33.3,0.633,0.633,63.6,holt_winters
2014-04-21,LA LIBERTAD,0.9959084760110545,0.6262203173225869,0.8155812265144606,0.6639389840073695,1.6852010697656392,-0.37,0.37,37.2,-0.18,0.18,18.1,-0.332,0.332,33.3,0.689,0.689,69.2,holt_winters
2014-04-28,LA LIBERTAD,1.1618932220128968,0.6638833286278538,0.6945191021047998,0.6639389840073695,1.348160855812511,-0.498,0.498,42.9,-0.467,0.467,40.2,-0.498,0.498,42.9,0.186,0.186,16.0,seasonal_naive
2014-05-05,LA LIBERTAD,0.9405802273437734,0.6712985440897601,0.5216116710690062,0.6639389840073695,1.0672940108515712,-0.269,0.269,28.6,-0.419,0.419,44.5,-0.277,0.277,29.4,0.127,0.127,13.5,seasonal_naive
2014-05-12,LA LIBERTAD,1.1618932220128968,0.9002272632205535,0.8816312739829382,0.9405802273437736,0.9549472728671955,-0.262,0.262,22.5,-0.28,0.28,24.1,-0.221,0.221,19.0,-0.207,0.207,17.8,seasonal_naive
2014-05-19,LA LIBERTAD,1.1618932220128968,0.8790444455901096,0.7289986843483296,0.9405802273437736,0.7864271658906317,-0.283,0.283,24.4,-0.433,0.433,37.3,-0.221,0.221,19.0,-0.375,0.375,32.3,naive
2014-05-26,LA LIBERTAD,1.38320621668202,0.9034978424020728,0.7700823090533362,0.9405802273437736,0.6740804279062556,-0.48,0.48,34.7,-0.613,0.613,44.3,-0.443,0.443,32.0,-0.709,0.709,51.3,naive
2014-06-02,LA LIBERTAD,1.2172214706801776,0.8954951537872093,0.7993634434823707,0.9405802273437736,0.5617336899218799,-0.322,0.322,26.5,-0.418,0.418,34.3,-0.277,0.277,22.8,-0.655,0.655,53.8,naive
2014-06-09,LA LIBERTAD,1.2172214706801776,1.2838242023941269,1.4361702041119497,1.2172214706801778,0.7864271658906314,0.067,0.067,5.5,0.219,0.219,18.0,0.0,0.0,0.0,-0.431,0.431,35.4,naive
2014-06-16,LA LIBERTAD,1.0512367246783352,1.2381089496433555,1.6571726272164091,1.2172214706801778,1.0672940108515712,0.187,0.187,17.8,0.606,0.606,57.6,0.166,0.166,15.8,0.016,0.016,1.5,seasonal_naive
2014-06-23,LA LIBERTAD,0.9405802273437734,1.2447962640703572,1.6157410070935438,1.2172214706801778,1.0111206418593834,0.304,0.304,32.3,0.675,0.675,71.8,0.277,0.277,29.4,0.071,0.071,7.5,seasonal_naive
2014-06-30,LA LIBERTAD,0.829923730009212,1.2542952781902805,1.7611707398742023,1.2172214706801778,1.1234673798437598,0.424,0.424,51.1,0.931,0.931,112.2,0.387,0.387,46.6,0.294,0.294,35.4,seasonal_naive
2014-07-07,LA LIBERTAD,1.0512367246783352,0.7954954580665892,0.7793639685634584,0.8299237300092119,1.0672940108515712,-0.256,0.256,24.4,-0.272,0.272,25.9,-0.221,0.221,21.0,0.016,0.016,1.5,seasonal_naive
2014-07-14,LA LIBERTAD,1.2172214706801776,0.7742671513085042,0.7848420999220249,0.8299237300092119,1.1234673798437593,-0.443,0.443,36.4,-0.432,0.432,35.5,-0.387,0.387,31.8,-0.094,0.094,7.7,seasonal_naive
2014-07-21,LA LIBERTAD,1.106564973345616,0.7964995424365737,0.6977859417982535,0.8299237300092119,1.0111206418593834,-0.31,0.31,28.0,-0.409,0.409,37.0,-0.277,0.277,25.0,-0.095,0.095,8.6,seasonal_naive
2014-07-28,LA LIBERTAD,0.829923730009212,0.7897408332741394,0.7038931072182748,0.8299237300092119,1.1234673798437593,-0.04,0.04,4.8,-0.126,0.126,15.2,-0.0,0.0,0.0,0.294,0.294,35.4,naive
2014-08-04,LA LIBERTAD,1.0512367246783352,0.6773874324782034,0.8219026871180928,0.8299237300092119,1.348160855812511,-0.374,0.374,35.6,-0.229,0.229,21.8,-0.221,0.221,21.0,0.297,0.297,28.3,naive
2014-08-11,LA LIBERTAD,1.3278779680147392,0.728011416801772,0.7362086600966593,0.8299237300092119,1.1796407488359475,-0.6,0.6,45.2,-0.592,0.592,44.6,-0.498,0.498,37.5,-0.148,0.148,11.1,seasonal_naive
2014-08-18,LA LIBERTAD,1.2725497193474584,0.7520766552228428,0.8201269695241811,0.8299237300092119,1.1796407488359475,-0.52,0.52,40.9,-0.452,0.452,35.5,-0.443,0.443,34.8,-0.093,0.093,7.3,seasonal_naive
2014-08-25,LA LIBERTAD,0.7745954813419312,0.7218439726911947,0.8114545867718055,0.8299237300092119,1.1234673798437593,-0.053,0.053,6.8,0.037,0.037,4.8,0.055,0.055,7.1,0.349,0.349,45.1,holt_winters
2014-09-01,LA LIBERTAD,0.6086107353400888,0.6463980654883636,0.9877841365289803,0.7745954813419311,1.2358141178281352,0.038,0.038,6.2,0.379,0.379,62.3,0.166,0.166,27.3,0.627,0.627,103.0,arima
2014-09-08,LA LIBERTAD,0.7192672326746504,0.637750927591044,0.943538584329231,0.7745954813419311,1.2919874868203234,-0.082,0.082,11.4,0.224,0.224,31.1,0.055,0.055,7.6,0.573,0.573,79.7,naive
2014-09-15,LA LIBERTAD,1.0512367246783352,0.6795942167260096,0.8332993893279932,0.7745954813419311,1.2919874868203234,-0.372,0.372,35.4,-0.218,0.218,20.7,-0.277,0.277,26.3,0.241,0.241,22.9,holt_winters
2014-09-22,LA LIBERTAD,1.1618932220128968,0.6585002359718422,0.774516009437749,0.7745954813419311,1.1234673798437598,-0.503,0.503,43.3,-0.387,0.387,33.3,-0.387,0.387,33.3,-0.038,0.038,3.3,seasonal_naive
2014-09-29,LA LIBERTAD,0.8852519786764929,1.1713829927111608,1.0595701126599084,1.161893222012897,0.8426005348828196,0.286,0.286,32.3,0.174,0.174,19.7,0.277,0.277,31.3,-0.043,0.043,4.9,seasonal_naive
2014-10-06,LA LIBERTAD,0.774595481341931,1.079302420099756,1.202498000748629,1.161893222012897,0.8987739038750076,0.305,0.305,39.4,0.428,0.428,55.3,0.387,0.387,50.0,0.124,0.124,16.0,seasonal_naive
2014-10-13,LA LIBERTAD,0.7192672326746502,1.1280403431214618,1.1967919656497878,1.161893222012897,0.8426005348828196,0.409,0.409,56.9,0.478,0.478,66.5,0.443,0.443,61.6,0.123,0.123,17.1,seasonal_naive
2014-10-20,LA LIBERTAD,0.8852519786764926,1.1265839626917242,1.5322771787458849,1.161893222012897,1.4043342248046988,0.241,0.241,27.2,0.647,0.647,73.1,0.277,0.277,31.3,0.519,0.519,58.6,arima
2014-10-27,LA LIBERTAD,0.8299237300092122,0.833094073903581,0.8977722605238907,0.8852519786764927,1.5166809627890747,0.003,0.003,0.4,0.068,0.068,8.2,0.055,0.055,6.6,0.687,0.687,82.8,arima
2014-11-03,LA LIBERTAD,0.9405802273437737,0.8737723153465591,0.9457805816544147,0.8852519786764927,1.5728543317812633,-0.067,0.067,7.1,0.005,0.005,0.5,-0.055,0.055,5.8,0.632,0.632,67.2,holt_winters
2014-11-10,LA LIBERTAD,1.106564973345616,0.8657835988544018,0.6997632628460009,0.8852519786764927,0.9549472728671955,-0.241,0.241,21.8,-0.407,0.407,36.8,-0.221,0.221,20.0,-0.152,0.152,13.7,seasonal_naive
2014-11-17,LA LIBERTAD,1.2725497193474584,0.8584165674577879,0.5925773619046304,0.8852519786764927,0.6740804279062553,-0.414,0.414,32.5,-0.68,0.68,53.4,-0.387,0.387,30.4,-0.598,0.598,47.0,naive
2014-11-24,LA LIBERTAD,1.438534465349301,1.352443964500853,1.2905633014585352,1.2725497193474582,0.9549472728671955,-0.086,0.086,6.0,-0.148,0.148,10.3,-0.166,0.166,11.5,-0.484,0.484,33.6,arima
2014-12-01,LA LIBERTAD,1.4938627140165817,1.3325617186534178,1.3834022458384028,1.2725497193474582,1.1234673798437593,-0.161,0.161,10.8,-0.11,0.11,7.4,-0.221,0.221,14.8,-0.37,0.37,24.8,holt_winters
2014-12-08,LA LIBERTAD,1.38320621668202,1.3205338647105762,1.4374797355320252,1.2725497193474582,1.348160855812511,-0.063,0.063,4.6,0.054,0.054,3.9,-0.111,0.111,8.0,-0.035,0.035,2.5,seasonal_naive
2014-12-15,LA LIBERTAD,1.1618932220128968,1.3330113872331815,1.3161719771464413,1.2725497193474582,1.2358141178281352,0.171,0.171,14.7,0.154,0.154,13.3,0.111,0.111,9.6,0.074,0.074,6.4,seasonal_naive
2014-12-22,LA LIBERTAD,0.9959084760110545,1.0356238008545673,1.222767070768377,1.161893222012897,1.2358141178281352,0.04,0.04,4.0,0.227,0.227,22.8,0.166,0.166,16.7,0.24,0.24,24.1,arima
2014-12-29,LA LIBERTAD,0.774595481341931,1.0230280756957728,1.2214199157060937,1.161893222012897,1.1796407488359475,0.248,0.248,32.0,0.447,0.447,57.7,0.387,0.387,50.0,0.405,0.405,52.3,arima
2015-01-05,LA LIBERTAD,0.7696750745001929,1.062038987601257,1.562091463943318,1.161893222012897,1.5065395188901891,0.292,0.292,37.9,0.792,0.792,102.9,0.392,0.392,50.9,0.737,0.737,95.8,arima
2015-01-12,LA LIBERTAD,0.5467219442171568,1.0436380629367479,1.6463341369723232,1.161893222012897,1.7219366712849626,0.497,0.497,90.9,1.1,1.1,201.2,0.615,0.615,112.5,1.175,1.175,214.9,arima
2015-01-19,LA LIBERTAD,0.7631145320445417,0.5553373215141879,0.5777651828028387,0.5467219442171567,1.9364887033548288,-0.208,0.208,27.3,-0.185,0.185,24.2,-0.216,0.216,28.3,1.173,1.173,153.7,holt_winters
2015-01-26,LA LIBERTAD,0.654098170323893,0.46267642364119094,0.41084202358046795,0.5467219442171567,1.604519211351143,-0.191,0.191,29.2,-0.243,0.243,37.2,-0.107,0.107,16.4,0.95,0.95,145.2,naive
2015-02-02,LA LIBERTAD,0.7631145320445417,0.5130934211693279,0.28059207741301356,0.5467219442171567,1.3832062166820198,-0.25,0.25,32.8,-0.483,0.483,63.3,-0.216,0.216,28.3,0.62,0.62,81.2,naive
2015-02-09,LA LIBERTAD,0.8176227129048662,0.5083809694404293,0.28971349273907204,0.5467219442171567,1.327877968014739,-0.309,0.309,37.8,-0.528,0.528,64.6,-0.271,0.271,33.1,0.51,0.51,62.4,naive
2015-02-16,LA LIBERTAD,0.9811472554858395,0.9390807480696379,0.8346678221131925,0.8176227129048661,1.438534465349301,-0.042,0.042,4.3,-0.146,0.146,14.9,-0.164,0.164,16.7,0.457,0.457,46.6,arima
2015-02-23,LA LIBERTAD,0.9811472554858395,1.0358759933443995,0.8898601563531829,0.8176227129048661,1.327877968014739,0.055,0.055,5.6,-0.091,0.091,9.3,-0.164,0.164,16.7,0.347,0.347,35.4,arima
2015-03-02,LA LIBERTAD,0.7086063511842173,0.9442705633677388,0.8401621714580734,0.8176227129048661,1.051236724678335,0.236,0.236,33.3,0.132,0.132,18.6,0.109,0.109,15.4,0.343,0.343,48.4,naive
2015-03-09,LA LIBERTAD,0.32704908516194636,0.9715270817688564,0.7771565300475523,0.8176227129048661,0.7745954813419311,0.644,0.644,196.9,0.45,0.45,137.6,0.491,0.491,150.1,0.448,0.448,137.0,seasonal_naive
2015-03-16,LA LIBERTAD,0.32704908516194636,0.20870042867098212,0.3457297044390745,0.32704908516194636,0.7745954813419311,-0.118,0.118,36.1,0.019,0.019,5.8,0.0,0.0,0.0,0.448,0.448,137.0,naive
2015-03-23,LA LIBERTAD,0.272540904301622,0.13290690502240324,0.24254296564668784,0.32704908516194636,0.6639389840073695,-0.14,0.14,51.4,-0.03,0.03,11.0,0.055,0.055,20.2,0.391,0.391,143.5,holt_winters
2015-03-30,LA LIBERTAD,0.43606544688259524,0.20418442617421995,0.3014201540325293,0.32704908516194636,0.7745954813419311,-0.232,0.232,53.2,-0.135,0.135,31.0,-0.109,0.109,25.0,0.339,0.339,77.7,naive
2015-04-06,LA LIBERTAD,0.5450818086032441,0.18209951127990215,0.3493358258529198,0.32704908516194636,0.6639389840073695,-0.363,0.363,66.6,-0.196,0.196,36.0,-0.218,0.218,40.0,0.119,0.119,21.8,seasonal_naive
2015-04-13,LA LIBERTAD,0.7631145320445417,0.6545283296832949,0.7212133448840246,0.5450818086032441,0.9959084760110544,-0.109,0.109,14.3,-0.042,0.042,5.5,-0.218,0.218,28.6,0.233,0.233,30.5,holt_winters
2015-04-20,LA LIBERTAD,0.9811472554858395,0.7393959490500808,0.7468816085223988,0.5450818086032441,0.9959084760110544,-0.242,0.242,24.7,-0.234,0.234,23.8,-0.436,0.436,44.4,0.015,0.015,1.5,seasonal_naive
2015-04-27,LA LIBERTAD,0.8721308937651906,0.6605860169336226,0.6312952856412681,0.5450818086032441,1.161893222012897,-0.212,0.212,24.3,-0.241,0.241,27.6,-0.327,0.327,37.5,0.29,0.29,33.3,arima
2015-05-04,LA LIBERTAD,0.9811472554858395,0.6818319045909502,0.4289221913423559,0.5450818086032441,0.9405802273437736,-0.299,0.299,30.5,-0.552,0.552,56.3,-0.436,0.436,44.4,-0.041,0.041,4.2,seasonal_naive
2015-05-11,LA LIBERTAD,1.0901636172064884,0.991592221609304,0.9531253294165025,0.9811472554858394,1.161893222012897,-0.099,0.099,9.1,-0.137,0.137,12.6,-0.109,0.109,10.0,0.072,0.072,6.6,seasonal_naive
2015-05-18,LA LIBERTAD,1.0356554363461639,1.0898727233043233,0.8160741261948852,0.9811472554858394,1.161893222012897,0.054,0.054,5.2,-0.22,0.22,21.2,-0.055,0.055,5.3,0.126,0.126,12.2,arima
2015-05-25,LA LIBERTAD,1.0356554363461639,1.0309893208883065,0.8769115429665035,0.9811472554858394,1.3832062166820198,-0.005,0.005,0.5,-0.159,0.159,15.4,-0.055,0.055,5.3,0.348,0.348,33.6,arima
2015-06-01,LA LIBERTAD,0.8176227129048662,1.037023246499587,0.8421231608906059,0.9811472554858394,1.2172214706801778,0.219,0.219,26.8,0.025,0.025,3.1,0.164,0.164,20.1,0.4,0.4,48.9,holt_winters
2015-06-08,LA LIBERTAD,0.8721308937651906,0.8705707528460427,0.9006284632525312,0.8176227129048661,1.2172214706801778,-0.002,0.002,0.2,0.028,0.028,3.2,-0.055,0.055,6.3,0.345,0.345,39.6,arima
2015-06-15,LA LIBERTAD,0.5450818086032441,0.7623761343593127,1.0175825463356598,0.8176227129048661,1.051236724678335,0.217,0.217,39.8,0.473,0.473,86.8,0.273,0.273,50.1,0.506,0.506,92.8,arima
2015-06-22,LA LIBERTAD,0.8176227129048662,0.8083605178689413,0.9981436175149756,0.8176227129048661,0.9405802273437736,-0.009,0.009,1.1,0.181,0.181,22.1,-0.0,0.0,0.0,0.123,0.123,15.0,naive
2015-06-29,LA LIBERTAD,1.0901636172064884,0.8121710641467901,1.1004327867052388,0.8176227129048661,0.8299237300092119,-0.278,0.278,25.5,0.01,0.01,0.9,-0.273,0.273,25.0,-0.26,0.26,23.8,holt_winters
2015-07-06,LA LIBERTAD,1.3627045215081104,1.4614163521033725,1.1322844137538604,1.0901636172064881,1.051236724678335,0.099,0.099,7.3,-0.23,0.23,16.9,-0.273,0.273,20.0,-0.311,0.311,22.8,arima
2015-07-13,LA LIBERTAD,1.1991799789271371,1.3912175917776617,1.23281152168629,1.0901636172064881,1.2172214706801778,0.192,0.192,16.0,0.034,0.034,2.8,-0.109,0.109,9.1,0.018,0.018,1.5,seasonal_naive
2015-07-20,LA LIBERTAD,0.7631145320445417,1.3203515087435487,1.1046902233680505,1.0901636172064881,1.1065649733456162,0.557,0.557,73.0,0.342,0.342,44.8,0.327,0.327,42.9,0.343,0.343,44.9,naive
2015-07-27,LA LIBERTAD,0.7086063511842173,1.379819391095984,1.0932139634381857,1.0901636172064881,0.8299237300092119,0.671,0.671,94.7,0.385,0.385,54.3,0.382,0.382,53.9,0.121,0.121,17.1,seasonal_naive
2015-08-03,LA LIBERTAD,0.5995899894635685,0.5998198218998119,0.7663114237810686,0.7086063511842173,1.051236724678335,0.0,0.0,0.0,0.167,0.167,27.9,0.109,0.109,18.2,0.452,0.452,75.4,arima
2015-08-10,LA LIBERTAD,0.5995899894635685,0.6871036926969192,0.737971414776343,0.7086063511842173,1.327877968014739,0.088,0.088,14.7,0.138,0.138,23.0,0.109,0.109,18.2,0.728,0.728,121.4,arima
2015-08-17,LA LIBERTAD,0.7086063511842173,0.6671956174034299,0.7696099654066688,0.7086063511842173,1.2725497193474582,-0.041,0.041,5.8,0.061,0.061,8.6,0.0,0.0,0.0,0.564,0.564,79.6,naive
2015-08-24,LA LIBERTAD,1.308196340647786,0.6539365045415415,0.6787384714915865,0.7086063511842173,0.7745954813419311,-0.654,0.654,50.0,-0.629,0.629,48.1,-0.6,0.6,45.9,-0.534,0.534,40.8,seasonal_naive
2015-08-31,LA LIBERTAD,1.5262290640890839,1.8050003875583132,1.4754374340835326,1.3081963406477861,0.6086107353400889,0.279,0.279,18.3,-0.051,0.051,3.3,-0.218,0.218,14.3,-0.918,0.918,60.1,holt_winters
2015-09-07,LA LIBERTAD,1.5262290640890839,1.9207981503587714,1.4901372955310803,1.3081963406477861,0.7192672326746505,0.395,0.395,25.9,-0.036,0.036,2.4,-0.218,0.218,14.3,-0.807,0.807,52.9,holt_winters
2015-09-14,LA LIBERTAD,1.2536881597874616,1.7540854638381647,1.5205438783575898,1.3081963406477861,1.051236724678335,0.5,0.5,39.9,0.267,0.267,21.3,0.055,0.055,4.4,-0.202,0.202,16.1,naive
2015-09-21,LA LIBERTAD,1.6352454258097326,1.8431453064712864,1.4241731611317303,1.3081963406477861,1.161893222012897,0.208,0.208,12.7,-0.211,0.211,12.9,-0.327,0.327,20.0,-0.473,0.473,28.9,arima
2015-09-28,LA LIBERTAD,1.5807372449494081,1.8112866663227418,1.4503221003663964,1.6352454258097326,0.8852519786764927,0.231,0.231,14.6,-0.13,0.13,8.2,0.055,0.055,3.5,-0.695,0.695,44.0,naive
2015-10-05,LA LIBERTAD,1.199179978927137,1.803061039629939,1.5508750322844929,1.6352454258097326,0.7745954813419311,0.604,0.604,50.4,0.352,0.352,29.4,0.436,0.436,36.4,-0.425,0.425,35.4,holt_winters
2015-10-12,LA LIBERTAD,0.7631145320445417,1.7551662741292402,1.4720454071015383,1.6352454258097326,0.7192672326746503,0.992,0.992,130.0,0.709,0.709,92.9,0.872,0.872,114.3,-0.044,0.044,5.8,seasonal_naive
2015-10-19,LA LIBERTAD,0.8176227129048662,1.784519443541837,1.862897071986704,1.6352454258097326,0.8852519786764927,0.967,0.967,118.3,1.045,1.045,127.8,0.818,0.818,100.0,0.068,0.068,8.3,seasonal_naive
2015-10-26,LA LIBERTAD,0.7631145320445417,0.8662773281948153,0.7232976398187649,0.8176227129048661,0.8299237300092122,0.103,0.103,13.5,-0.04,0.04,5.2,0.055,0.055,7.2,0.067,0.067,8.8,holt_winters
2015-11-02,LA LIBERTAD,0.7086063511842173,0.9759402956888115,0.7957476073348462,0.8176227129048661,0.9405802273437736,0.267,0.267,37.7,0.087,0.087,12.3,0.109,0.109,15.4,0.232,0.232,32.7,holt_winters
2015-11-09,LA LIBERTAD,0.7631145320445417,0.9004340175486585,0.6027993971991561,0.8176227129048661,1.1065649733456162,0.137,0.137,18.0,-0.16,0.16,21.0,0.055,0.055,7.2,0.343,0.343,44.9,naive
2015-11-16,LA LIBERTAD,1.0356554363461639,0.9087433078923681,0.5621463125357964,0.8176227129048661,1.2725497193474582,-0.127,0.127,12.3,-0.474,0.474,45.8,-0.218,0.218,21.0,0.237,0.237,22.9,arima
2015-11-23,LA LIBERTAD,0.9811472554858395,1.2812360923805244,1.1207137861753589,1.0356554363461639,1.438534465349301,0.3,0.3,30.6,0.14,0.14,14.3,0.055,0.055,5.6,0.457,0.457,46.6,naive
2015-11-30,LA LIBERTAD,0.7086063511842173,1.2354396169793707,1.2387509407832762,1.0356554363461639,1.4938627140165814,0.527,0.527,74.4,0.53,0.53,74.8,0.327,0.327,46.1,0.785,0.785,110.8,naive
2015-12-07,LA LIBERTAD,0.7631145320445417,1.1853361221107215,1.2415243455268254,1.0356554363461639,1.3832062166820198,0.422,0.422,55.3,0.478,0.478,62.6,0.273,0.273,35.8,0.62,0.62,81.2,naive
2015-12-14,LA LIBERTAD,1.1991799789271371,1.226310325289048,1.1398812961400702,1.0356554363461639,1.161893222012897,0.027,0.027,2.3,-0.059,0.059,4.9,-0.164,0.164,13.7,-0.037,0.037,3.1,arima
2015-12-21,LA LIBERTAD,1.2536881597874616,1.4493535465735201,1.2661669387565433,1.1991799789271371,0.9959084760110544,0.196,0.196,15.6,0.012,0.012,1.0,-0.055,0.055,4.4,-0.258,0.258,20.6,holt_winters
2015-12-28,LA LIBERTAD,0.7631145320445417,1.3950119468324105,1.2496498911090983,1.1991799789271371,0.7745954813419311,0.632,0.632,82.8,0.487,0.487,63.8,0.436,0.436,57.1,0.011,0.011,1.4,seasonal_naive
2016-01-04,LA LIBERTAD,0.4328809949063855,1.3431979977348862,1.5042999237019625,1.1991799789271371,0.7696750745001928,0.91,0.91,210.2,1.071,1.071,247.4,0.766,0.766,177.0,0.337,0.337,77.9,seasonal_naive
2016-01-11,LA LIBERTAD,0.8593930858603516,1.3891131660391114,1.450012346831076,1.1991799789271371,0.5467219442171567,0.53,0.53,61.7,0.591,0.591,68.8,0.34,0.34,39.6,-0.313,0.313,36.4,seasonal_naive
2016-01-18,LA LIBERTAD,1.2353775609242554,1.1987691257107702,0.9268666267727819,0.8593930858603516,0.7631145320445418,-0.037,0.037,3.0,-0.309,0.309,25.0,-0.376,0.376,30.4,-0.472,0.472,38.2,arima
2016-01-25,LA LIBERTAD,1.9336344431857915,1.4720439860941892,0.7325914373521694,0.8593930858603516,0.6540981703238928,-0.462,0.462,23.9,-1.201,1.201,62.1,-1.074,1.074,55.5,-1.28,1.28,66.2,arima
2016-02-01,LA LIBERTAD,1.7187861717207034,1.2012385596124848,0.6546855883869043,0.8593930858603516,0.7631145320445418,-0.518,0.518,30.1,-1.064,1.064,61.9,-0.859,0.859,50.0,-0.956,0.956,55.6,arima
2016-02-08,LA LIBERTAD,1.6113620359881595,1.2528244107707103,0.6566589353854055,0.8593930858603516,0.8176227129048661,-0.359,0.359,22.3,-0.955,0.955,59.3,-0.752,0.752,46.7,-0.794,0.794,49.3,arima
2016-02-15,LA LIBERTAD,1.0205292894591675,1.4183906605006023,1.714275300168619,1.6113620359881593,0.9811472554858394,0.398,0.398,39.0,0.694,0.694,68.0,0.591,0.591,57.9,-0.039,0.039,3.8,seasonal_naive
2016-02-22,LA LIBERTAD,1.9336344431857915,1.316205477554456,1.745245076458636,1.6113620359881593,0.9811472554858394,-0.617,0.617,31.9,-0.188,0.188,9.7,-0.322,0.322,16.7,-0.952,0.952,49.2,holt_winters
2016-02-29,LA LIBERTAD,1.7187861717207034,1.430887313398654,1.6199511375795201,1.6113620359881593,0.7086063511842173,-0.288,0.288,16.8,-0.099,0.099,5.8,-0.107,0.107,6.2,-1.01,1.01,58.8,holt_winters
2016-03-07,LA LIBERTAD,1.6650741038544314,1.4000767266448246,1.4648775256087312,1.6113620359881593,0.32704908516194636,-0.265,0.265,15.9,-0.2,0.2,12.0,-0.054,0.054,3.2,-1.338,1.338,80.4,naive
2016-03-14,LA LIBERTAD,0.6445448143952636,0.9401339390262946,1.662398621236504,1.6650741038544314,0.32704908516194636,0.296,0.296,45.9,1.018,1.018,157.9,1.021,1.021,158.4,-0.317,0.317,49.2,arima
2016-03-21,LA LIBERTAD,0.9131051537266236,1.0539599267502915,1.4742637696975422,1.6650741038544314,0.272540904301622,0.141,0.141,15.4,0.561,0.561,61.4,0.752,0.752,82.4,-0.641,0.641,70.2,arima
2016-03-28,LA LIBERTAD,0.9668172215928957,1.207660676175907,1.628299857519088,1.6650741038544314,0.4360654468825952,0.241,0.241,24.9,0.661,0.661,68.4,0.698,0.698,72.2,-0.531,0.531,54.9,arima
2016-04-04,LA LIBERTAD,0.8593930858603515,1.0831408233313113,1.8465348026436876,1.6650741038544314,0.5450818086032441,0.224,0.224,26.1,0.987,0.987,114.8,0.806,0.806,93.8,-0.314,0.314,36.5,arima
2016-04-11,LA LIBERTAD,0.8593930858603516,0.6933072487711418,1.1170435133432437,0.8593930858603513,0.7631145320445418,-0.166,0.166,19.3,0.258,0.258,30.0,-0.0,0.0,0.0,-0.096,0.096,11.2,naive
2016-04-18,LA LIBERTAD,0.7519689501278076,0.6878431450005826,1.184271436200651,0.8593930858603513,0.9811472554858394,-0.064,0.064,8.5,0.432,0.432,57.4,0.107,0.107,14.2,0.229,0.229,30.5,arima
2016-04-25,LA LIBERTAD,1.1279534251917116,0.7406812929347779,0.9941322427728472,0.8593930858603513,0.8721308937651906,-0.387,0.387,34.3,-0.134,0.134,11.9,-0.269,0.269,23.8,-0.256,0.256,22.7,holt_winters
2016-05-02,LA LIBERTAD,1.1279534251917114,0.7117282191390926,0.8529999303383766,0.8593930858603513,0.9811472554858394,-0.416,0.416,36.9,-0.275,0.275,24.4,-0.269,0.269,23.8,-0.147,0.147,13.0,seasonal_naive
2016-05-09,LA LIBERTAD,1.2890896287905276,1.3498282100825714,1.1045158216517024,1.1279534251917114,1.0901636172064881,0.061,0.061,4.7,-0.185,0.185,14.4,-0.161,0.161,12.5,-0.199,0.199,15.4,arima
2016-05-16,LA LIBERTAD,0.9131051537266236,1.2392138667191928,0.9961064293965567,1.1279534251917114,1.0356554363461639,0.326,0.326,35.7,0.083,0.083,9.1,0.215,0.215,23.5,0.123,0.123,13.5,holt_winters
2016-05-23,LA LIBERTAD,0.7519689501278076,1.2398445638385893,1.0435259942176889,1.1279534251917114,1.0356554363461639,0.488,0.488,64.9,0.292,0.292,38.8,0.376,0.376,50.0,0.284,0.284,37.8,seasonal_naive
2016-05-30,LA LIBERTAD,0.5908327465289916,1.270977062648134,0.97688807485714,1.1279534251917114,0.8176227129048661,0.68,0.68,115.1,0.386,0.386,65.3,0.537,0.537,90.9,0.227,0.227,38.4,seasonal_naive
2016-06-06,LA LIBERTAD,0.5908327465289916,0.5796679098857969,0.6948096734822795,0.5908327465289918,0.8721308937651906,-0.011,0.011,1.9,0.104,0.104,17.6,0.0,0.0,0.0,0.281,0.281,47.6,naive
2016-06-13,LA LIBERTAD,0.7519689501278076,0.542273630765024,0.6813099855355251,0.5908327465289918,0.5450818086032441,-0.21,0.21,27.9,-0.071,0.071,9.4,-0.161,0.161,21.4,-0.207,0.207,27.5,holt_winters
2016-06-20,LA LIBERTAD,0.9131051537266236,0.5678553425087438,0.6859561492755175,0.5908327465289918,0.8176227129048661,-0.345,0.345,37.8,-0.227,0.227,24.9,-0.322,0.322,35.3,-0.095,0.095,10.4,seasonal_naive
2016-06-27,LA LIBERTAD,0.9668172215928955,0.563274065693248,0.8092925388892247,0.5908327465289918,1.0901636172064881,-0.404,0.404,41.8,-0.158,0.158,16.3,-0.376,0.376,38.9,0.123,0.123,12.7,seasonal_naive
2016-07-04,LA LIBERTAD,0.9668172215928955,0.8850425076334723,1.0724821320363582,0.9668172215928956,1.3627045215081104,-0.082,0.082,8.5,0.106,0.106,11.0,0.0,0.0,0.0,0.396,0.396,41.0,naive
2016-07-11,LA LIBERTAD,1.1279534251917116,0.8910469491777766,1.1582489879391762,0.9668172215928956,1.1991799789271371,-0.237,0.237,21.0,0.03,0.03,2.7,-0.161,0.161,14.3,0.071,0.071,6.3,holt_winters
2016-07-18,LA LIBERTAD,1.2353775609242554,0.9118292249504061,0.9878041975285239,0.9668172215928956,0.7631145320445418,-0.324,0.324,26.2,-0.248,0.248,20.1,-0.269,0.269,21.8,-0.472,0.472,38.2,holt_winters
2016-07-25,LA LIBERTAD,1.1279534251917116,0.8974328285699138,0.8811229653535844,0.9668172215928956,0.7086063511842173,-0.231,0.231,20.5,-0.247,0.247,21.9,-0.161,0.161,14.3,-0.419,0.419,37.1,naive
2016-08-01,LA LIBERTAD,0.9668172215928955,1.0611493334133435,1.2079723996461986,1.1279534251917114,0.5995899894635683,0.094,0.094,9.7,0.241,0.241,24.9,0.161,0.161,16.7,-0.367,0.367,38.0,arima
2016-08-08,LA LIBERTAD,0.9668172215928955,1.0378367602779934,1.1501830053387794,1.1279534251917114,0.5995899894635683,0.071,0.071,7.3,0.183,0.183,18.9,0.161,0.161,16.7,-0.367,0.367,38.0,arima
2016-08-15,LA LIBERTAD,1.1279534251917118,1.0722964040116554,1.237869573032873,1.1279534251917114,0.7086063511842173,-0.056,0.056,5.0,0.11,0.11,9.8,-0.0,0.0,0.0,-0.419,0.419,37.1,naive
2016-08-22,LA LIBERTAD,1.5039379002556155,1.0589139612236727,1.1795099458643081,1.1279534251917114,1.3081963406477861,-0.445,0.445,29.6,-0.324,0.324,21.5,-0.376,0.376,25.0,-0.196,0.196,13.0,seasonal_naive
2016-08-29,LA LIBERTAD,1.3965137645230714,1.638897501794005,1.6845893791044615,1.5039379002556155,1.5262290640890837,0.242,0.242,17.3,0.288,0.288,20.6,0.107,0.107,7.7,0.13,0.13,9.3,naive
2016-09-05,LA LIBERTAD,1.2353775609242554,1.6983159631164675,1.760569711122269,1.5039379002556155,1.5262290640890837,0.463,0.463,37.5,0.525,0.525,42.5,0.269,0.269,21.8,0.291,0.291,23.6,naive
2016-09-12,LA LIBERTAD,0.8593930858603516,1.6184248876110536,1.7756521627227988,1.5039379002556155,1.2536881597874614,0.759,0.759,88.3,0.916,0.916,106.6,0.645,0.645,75.1,0.394,0.394,45.8,seasonal_naive
2016-09-19,LA LIBERTAD,0.8593930858603516,1.647275035892208,1.734485034805819,1.5039379002556155,1.6352454258097326,0.788,0.788,91.7,0.875,0.875,101.8,0.645,0.645,75.1,0.776,0.776,90.3,naive
2016-09-26,LA LIBERTAD,1.0205292894591675,0.8307332316240452,0.6941097588696368,0.8593930858603516,1.5807372449494084,-0.19,0.19,18.6,-0.326,0.326,31.9,-0.161,0.161,15.8,0.56,0.56,54.9,naive
2016-10-03,LA LIBERTAD,1.1279534251917116,0.8779684279048592,0.6964260261774731,0.8593930858603516,1.1991799789271367,-0.25,0.25,22.2,-0.432,0.432,38.3,-0.269,0.269,23.8,0.071,0.071,6.3,seasonal_naive
2016-10-10,LA LIBERTAD,1.1816654930579835,0.8586849892280517,0.6002510868264255,0.8593930858603516,0.7631145320445418,-0.323,0.323,27.3,-0.581,0.581,49.2,-0.322,0.322,27.2,-0.419,0.419,35.5,naive
2016-10-17,LA LIBERTAD,1.0205292894591675,0.8551136595491906,0.7856101275573901,0.8593930858603516,0.8176227129048661,-0.165,0.165,16.2,-0.235,0.235,23.0,-0.161,0.161,15.8,-0.203,0.203,19.9,naive
2016-10-24,LA LIBERTAD,1.0205292894591675,1.0335775049745117,0.9238884504952303,1.0205292894591675,0.7631145320445418,0.013,0.013,1.3,-0.097,0.097,9.5,0.0,0.0,0.0,-0.257,0.257,25.2,naive
2016-10-31,LA LIBERTAD,0.8593930858603516,1.0038586058166397,0.9739025862850379,1.0205292894591675,0.7086063511842173,0.144,0.144,16.8,0.115,0.115,13.4,0.161,0.161,18.7,-0.151,0.151,17.6,holt_winters
2016-11-07,LA LIBERTAD,0.8056810179940795,1.0175629208515966,0.8055116690055357,1.0205292894591675,0.7631145320445418,0.212,0.212,26.3,-0.0,0.0,0.0,0.215,0.215,26.7,-0.043,0.043,5.3,holt_winters
2016-11-14,LA LIBERTAD,0.37598447506390364,1.0189533757404425,0.8951401152088039,1.0205292894591675,1.0356554363461639,0.643,0.643,171.0,0.519,0.519,138.0,0.645,0.645,171.5,0.66,0.66,175.5,holt_winters
2016-11-21,LA LIBERTAD,0.5908327465289916,0.2643332517818127,0.4580393848699118,0.37598447506390364,0.9811472554858394,-0.326,0.326,55.2,-0.133,0.133,22.5,-0.215,0.215,36.4,0.39,0.39,66.0,holt_winters
2016-11-28,LA LIBERTAD,0.6982568822615356,0.15059270210362413,0.44482349501034735,0.37598447506390364,0.7086063511842173,-0.548,0.548,78.5,-0.253,0.253,36.2,-0.322,0.322,46.1,0.01,0.01,1.4,seasonal_naive
2016-12-05,LA LIBERTAD,0.9131051537266236,0.2536990029972927,0.4234231140043765,0.37598447506390364,0.7631145320445418,-0.659,0.659,72.2,-0.49,0.49,53.7,-0.537,0.537,58.8,-0.15,0.15,16.4,seasonal_naive
2016-12-12,LA LIBERTAD,1.0205292894591675,0.22792073728057255,0.4024003198866953,0.37598447506390364,1.1991799789271371,-0.793,0.793,77.7,-0.618,0.618,60.6,-0.645,0.645,63.2,0.179,0.179,17.5,seasonal_naive
2016-12-19,LA LIBERTAD,0.9668172215928955,1.05017091861105,0.9461361379913205,1.0205292894591675,1.2536881597874614,0.083,0.083,8.6,-0.021,0.021,2.2,0.054,0.054,5.6,0.287,0.287,29.7,holt_winters
2016-12-26,LA LIBERTAD,1.0742413573254395,1.3037055231490777,0.8738907934036875,1.0205292894591675,0.7631145320445418,0.229,0.229,21.3,-0.2,0.2,18.6,-0.054,0.054,5.0,-0.311,0.311,29.0,naive
2017-01-02,LA LIBERTAD,1.2790377596260625,1.1307837693720266,0.9847245576601582,1.0205292894591675,0.4328809949063855,-0.148,0.148,11.6,-0.294,0.294,23.0,-0.259,0.259,20.2,-0.846,0.846,66.1,arima
2017-01-09,LA LIBERTAD,1.3288837239675402,1.1490438058717718,1.0309284315609868,1.0205292894591675,0.8593930858603516,-0.18,0.18,13.5,-0.298,0.298,22.4,-0.308,0.308,23.2,-0.469,0.469,35.3,arima
2017-01-16,LA LIBERTAD,1.0587769432262624,1.5220214966749208,1.5795993959853996,1.32888372396754,1.2353775609242557,0.463,0.463,43.7,0.521,0.521,49.2,0.27,0.27,25.5,0.177,0.177,16.7,seasonal_naive
2017-01-23,LA LIBERTAD,0.8999604017423231,1.2625484675928487,1.5101470137138162,1.32888372396754,1.9336344431857917,0.363,0.363,40.3,0.61,0.61,67.8,0.429,0.429,47.7,1.034,1.034,114.9,arima
2017-01-30,LA LIBERTAD,0.9528992489036362,1.3575363773499185,1.4104657069559412,1.32888372396754,1.7187861717207031,0.405,0.405,42.5,0.458,0.458,48.1,0.376,0.376,39.5,0.766,0.766,80.4,naive
2017-02-06,LA LIBERTAD,1.1117157903875756,1.3852812737679563,1.3162445782363488,1.32888372396754,1.6113620359881593,0.274,0.274,24.6,0.205,0.205,18.4,0.217,0.217,19.5,0.5,0.5,45.0,holt_winters
2017-02-13,LA LIBERTAD,0.8470215545810099,0.9566025598791292,1.1017147866686883,1.1117157903875756,1.0205292894591675,0.11,0.11,13.0,0.255,0.255,30.1,0.265,0.265,31.3,0.174,0.174,20.5,arima
2017-02-20,LA LIBERTAD,0.7411438602583836,0.9348984707096559,1.2761563269189566,1.1117157903875756,1.9336344431857917,0.194,0.194,26.2,0.535,0.535,72.2,0.371,0.371,50.1,1.192,1.192,160.8,arima
2017-02-27,LA LIBERTAD,0.7940827074196969,1.002092026918695,1.1674787854471962,1.1117157903875756,1.7187861717207031,0.208,0.208,26.2,0.373,0.373,47.0,0.318,0.318,40.0,0.925,0.925,116.5,arima
2017-03-06,LA LIBERTAD,0.9528992489036362,0.9674315438024514,0.9642100328595897,1.1117157903875756,1.6650741038544314,0.015,0.015,1.6,0.011,0.011,1.2,0.159,0.159,16.7,0.712,0.712,74.7,holt_winters
2017-03-13,LA LIBERTAD,1.4822877205167675,1.0271800587969877,0.7249142823440995,0.9528992489036361,0.6445448143952635,-0.455,0.455,30.7,-0.757,0.757,51.1,-0.529,0.529,35.7,-0.838,0.838,56.5,arima
2017-03-20,LA LIBERTAD,1.535226567678081,1.0682670629157012,0.6664857714876518,0.9528992489036361,0.9131051537266235,-0.467,0.467,30.4,-0.869,0.869,56.6,-0.582,0.582,37.9,-0.622,0.622,40.5,arima
2017-03-27,LA LIBERTAD,1.6940431091620198,1.0162107767197428,0.7807661006092239,0.9528992489036361,0.9668172215928956,-0.678,0.678,40.0,-0.913,0.913,53.9,-0.741,0.741,43.7,-0.727,0.727,42.9,arima
2017-04-03,LA LIBERTAD,1.0587769432262624,1.0337477264955761,0.8650053363533639,0.9528992489036361,0.8593930858603513,-0.025,0.025,2.4,-0.194,0.194,18.3,-0.106,0.106,10.0,-0.199,0.199,18.8,arima
2017-04-10,LA LIBERTAD,1.1117157903875754,1.0320864658465054,1.274243194595095,1.0587769432262624,0.8593930858603516,-0.08,0.08,7.2,0.163,0.163,14.7,-0.053,0.053,4.8,-0.252,0.252,22.7,naive
2017-04-17,LA LIBERTAD,0.7940827074196966,0.8685328009945403,1.3701365915725594,1.0587769432262624,0.7519689501278075,0.074,0.074,9.3,0.576,0.576,72.5,0.265,0.265,33.4,-0.042,0.042,5.3,seasonal_naive
2017-04-24,LA LIBERTAD,0.8470215545810098,0.980819766222842,1.3465037644922493,1.0587769432262624,1.1279534251917114,0.134,0.134,15.8,0.499,0.499,58.9,0.212,0.212,25.0,0.281,0.281,33.2,arima
2017-05-01,LA LIBERTAD,0.6882050130970704,0.9634955604294888,1.2062458483822986,1.0587769432262624,1.1279534251917114,0.275,0.275,40.0,0.518,0.518,75.3,0.371,0.371,53.9,0.44,0.44,63.9,arima
2017-05-08,LA LIBERTAD,0.5293884716131309,0.6942953649836634,0.7681961101645725,0.6882050130970703,1.2890896287905278,0.165,0.165,31.2,0.239,0.239,45.1,0.159,0.159,30.0,0.76,0.76,143.6,naive
2017-05-15,LA LIBERTAD,0.582327318774444,0.694504544271155,0.5962839529372543,0.6882050130970703,0.9131051537266235,0.112,0.112,19.2,0.014,0.014,2.4,0.106,0.106,18.2,0.331,0.331,56.8,holt_winters
2017-05-22,LA LIBERTAD,0.7940827074196966,0.6922645805502718,0.6122411451367298,0.6882050130970703,0.7519689501278075,-0.102,0.102,12.8,-0.182,0.182,22.9,-0.106,0.106,13.3,-0.042,0.042,5.3,seasonal_naive
2017-05-29,LA LIBERTAD,0.952899248903636,0.6936735915725534,0.5132542705263086,0.6882050130970703,0.5908327465289918,-0.259,0.259,27.2,-0.44,0.44,46.2,-0.265,0.265,27.8,-0.362,0.362,38.0,arima
2017-06-05,LA LIBERTAD,0.952899248903636,0.9633701230615821,1.035101500872179,0.9528992489036359,0.5908327465289918,0.01,0.01,1.0,0.082,0.082,8.6,-0.0,0.0,0.0,-0.362,0.362,38.0,naive
2017-06-12,LA LIBERTAD,0.6882050130970704,0.8686208353189071,1.042548683167591,0.9528992489036359,0.7519689501278075,0.18,0.18,26.2,0.354,0.354,51.4,0.265,0.265,38.5,0.064,0.064,9.3,seasonal_naive
2017-06-19,LA LIBERTAD,0.7940827074196966,0.926804252520852,1.0861141970730648,0.9528992489036359,0.9131051537266235,0.133,0.133,16.7,0.292,0.292,36.8,0.159,0.159,20.0,0.119,0.119,15.0,seasonal_naive
2017-06-26,LA LIBERTAD,0.6882050130970704,0.9225398146153607,1.1880824081026011,0.9528992489036359,0.9668172215928956,0.234,0.234,34.0,0.5,0.5,72.7,0.265,0.265,38.5,0.279,0.279,40.5,arima
2017-07-03,LA LIBERTAD,0.7411438602583834,0.731244713817929,0.7825954222639482,0.6882050130970703,0.9668172215928956,-0.01,0.01,1.3,0.041,0.041,5.5,-0.053,0.053,7.2,0.226,0.226,30.5,arima
2017-07-10,LA LIBERTAD,0.8470215545810097,0.6603152673351804,0.8652368291138539,0.6882050130970703,1.1279534251917114,-0.187,0.187,22.1,0.018,0.018,2.1,-0.159,0.159,18.8,0.281,0.281,33.2,holt_winters
2017-07-17,LA LIBERTAD,1.2705323318715147,0.6913827262337733,0.7798028154191048,0.6882050130970703,1.2353775609242557,-0.579,0.579,45.6,-0.491,0.491,38.6,-0.582,0.582,45.8,-0.035,0.035,2.8,seasonal_naive
2017-07-24,LA LIBERTAD,1.005838096064949,0.6960239378141109,0.6779682695973026,0.6882050130970703,1.1279534251917114,-0.31,0.31,30.8,-0.328,0.328,32.6,-0.318,0.318,31.6,0.122,0.122,12.1,seasonal_naive
2017-07-31,LA LIBERTAD,1.005838096064949,0.8854268911671959,1.0405277089352896,1.0058380960649491,0.9668172215928956,-0.12,0.12,11.9,0.035,0.035,3.5,0.0,0.0,0.0,-0.039,0.039,3.9,naive
2017-08-07,LA LIBERTAD,1.2705323318715147,0.7016437769775896,1.0084417763960647,1.0058380960649491,0.9668172215928956,-0.569,0.569,44.8,-0.262,0.262,20.6,-0.265,0.265,20.9,-0.304,0.304,23.9,holt_winters
2017-08-14,LA LIBERTAD,1.9057984978072724,0.8660239161564842,1.1072830324304195,1.0058380960649491,1.1279534251917118,-1.04,1.04,54.6,-0.799,0.799,41.9,-0.9,0.9,47.2,-0.778,0.778,40.8,seasonal_naive
2017-08-21,LA LIBERTAD,1.6940431091620198,0.8204841126357978,1.129013785859387,1.0058380960649491,1.5039379002556155,-0.874,0.874,51.6,-0.565,0.565,33.4,-0.688,0.688,40.6,-0.19,0.19,11.2,seasonal_naive
2017-08-28,LA LIBERTAD,1.0587769432262621,1.4440795486321947,1.6936766592976058,1.6940431091620196,1.3965137645230716,0.385,0.385,36.4,0.635,0.635,60.0,0.635,0.635,60.0,0.338,0.338,31.9,seasonal_naive
2017-09-04,LA LIBERTAD,0.6352661659357571,1.4269314011856782,1.7553457325073136,1.6940431091620196,1.2353775609242557,0.792,0.792,124.7,1.12,1.12,176.3,1.059,1.059,166.7,0.6,0.6,94.4,seasonal_naive
2017-09-11,LA LIBERTAD,0.7411438602583834,1.5351125058860422,1.6678590792555061,1.6940431091620196,0.8593930858603516,0.794,0.794,107.1,0.927,0.927,125.1,0.953,0.953,128.6,0.118,0.118,15.9,seasonal_naive
2017-09-18,LA LIBERTAD,1.1646546375488884,1.4701379660269236,1.6688778157775954,1.6940431091620196,0.8593930858603516,0.305,0.305,26.2,0.504,0.504,43.3,0.529,0.529,45.4,-0.305,0.305,26.2,arima
2017-09-25,LA LIBERTAD,1.6411042620007066,1.4156427742228632,1.0531390689450393,1.1646546375488884,1.0205292894591675,-0.225,0.225,13.7,-0.588,0.588,35.8,-0.476,0.476,29.0,-0.621,0.621,37.8,arima
2017-10-02,LA LIBERTAD,1.852859650645959,1.2908267460720255,1.0505758072561133,1.1646546375488884,1.1279534251917114,-0.562,0.562,30.3,-0.802,0.802,43.3,-0.688,0.688,37.1,-0.725,0.725,39.1,arima
2017-10-09,LA LIBERTAD,1.6940431091620198,1.0529858949149893,0.9091126383945711,1.1646546375488884,1.1816654930579835,-0.641,0.641,37.8,-0.785,0.785,46.3,-0.529,0.529,31.2,-0.512,0.512,30.2,seasonal_naive
2017-10-16,LA LIBERTAD,1.9587373449685854,0.9696962556235578,1.0418600425751237,1.1646546375488884,1.0205292894591675,-0.989,0.989,50.5,-0.917,0.917,46.8,-0.794,0.794,40.5,-0.938,0.938,47.9,naive
2017-10-23,LA LIBERTAD,1.6940431091620198,1.9336344431857917,1.9336344431857917,1.9587373449685854,1.0205292894591675,0.24,0.24,14.2,0.24,0.24,14.2,0.265,0.265,15.6,-0.674,0.674,39.8,arima
2017-10-30,LA LIBERTAD,1.6411042620007068,1.9336344431857917,1.9336344431857917,1.9587373449685854,0.8593930858603516,0.293,0.293,17.9,0.293,0.293,17.9,0.318,0.318,19.4,-0.782,0.782,47.7,arima
2017-11-06,LA LIBERTAD,1.4293488733554545,1.9336344431857917,1.7804980828640833,1.9587373449685854,0.8056810179940797,0.504,0.504,35.3,0.351,0.351,24.6,0.529,0.529,37.0,-0.624,0.624,43.7,holt_winters
2017-11-13,LA LIBERTAD,1.6411042620007068,1.9336344431857917,1.7239751767724454,1.9587373449685854,0.37598447506390364,0.293,0.293,17.9,0.083,0.083,5.1,0.318,0.318,19.4,-1.265,1.265,77.1,holt_winters
2017-11-20,LA LIBERTAD,1.746981956323333,1.7021552976270402,1.8723482600656975,1.6411042620007068,0.5908327465289918,-0.045,0.045,2.6,0.125,0.125,7.2,-0.106,0.106,6.1,-1.156,1.156,66.2,arima
2017-11-27,LA LIBERTAD,1.6411042620007066,1.747158344391814,1.8944460155692626,1.6411042620007068,0.6982568822615356,0.106,0.106,6.5,0.253,0.253,15.4,0.0,0.0,0.0,-0.943,0.943,57.5,naive
2017-12-04,LA LIBERTAD,1.376410026194141,1.6964532507513663,1.9336344431857917,1.6411042620007068,0.9131051537266235,0.32,0.32,23.2,0.557,0.557,40.5,0.265,0.265,19.3,-0.463,0.463,33.6,naive
2017-12-11,LA LIBERTAD,1.2705323318715147,1.7111850967276254,1.9336344431857917,1.6411042620007068,1.0205292894591675,0.441,0.441,34.7,0.663,0.663,52.2,0.371,0.371,29.2,-0.25,0.25,19.7,seasonal_naive
2017-12-18,LA LIBERTAD,0.9528992489036359,1.2819730090293762,1.2277144612524018,1.2705323318715145,0.9668172215928956,0.329,0.329,34.5,0.275,0.275,28.9,0.318,0.318,33.4,0.014,0.014,1.5,seasonal_naive
2017-12-25,LA LIBERTAD,1.3764100261941412,1.3119580622887526,1.0523809395088533,1.2705323318715145,1.0742413573254397,-0.064,0.064,4.6,-0.324,0.324,23.5,-0.106,0.106,7.7,-0.302,0.302,21.9,arima
2018-01-01,LA LIBERTAD,1.4729711345162266,1.2888013539086685,1.1507733931179631,1.2705323318715145,1.2790377596260623,-0.184,0.184,12.5,-0.322,0.322,21.9,-0.202,0.202,13.7,-0.194,0.194,13.2,arima
2018-01-08,LA LIBERTAD,1.8819894446947794,1.2920426076024536,1.271261186844919,1.2705323318715145,1.32888372396754,-0.59,0.59,31.3,-0.611,0.611,32.5,-0.611,0.611,32.5,-0.553,0.553,29.4,seasonal_naive
2018-01-15,LA LIBERTAD,2.1799541794392945,1.6605143873219266,1.9336344431857917,1.8819894446947796,1.0587769432262624,-0.519,0.519,23.8,-0.246,0.246,11.3,-0.298,0.298,13.7,-1.121,1.121,51.4,holt_winters
2018-01-22,LA LIBERTAD,1.8685321538051094,1.7042277134865698,1.9336344431857917,1.8819894446947796,0.8999604017423231,-0.164,0.164,8.8,0.065,0.065,3.5,0.013,0.013,0.7,-0.969,0.969,51.9,naive
2018-01-29,LA LIBERTAD,1.349495444414801,1.7561523512288733,1.9178769391365043,1.8819894446947796,0.9528992489036361,0.407,0.407,30.2,0.568,0.568,42.1,0.532,0.532,39.4,-0.397,0.397,29.4,seasonal_naive
2018-02-05,LA LIBERTAD,0.6747477222074002,1.706386968606731,1.9144747467779872,1.8819894446947796,1.1117157903875756,1.032,1.032,152.9,1.24,1.24,183.8,1.207,1.207,178.9,0.437,0.437,64.8,seasonal_naive
2018-02-12,LA LIBERTAD,0.726651393146431,0.6213789399629215,0.571631407857623,0.6747477222074003,0.84702155458101,-0.105,0.105,14.4,-0.155,0.155,21.3,-0.052,0.052,7.2,0.12,0.12,16.5,naive
2018-02-19,LA LIBERTAD,0.8823624059635234,0.6588334081620038,0.6977149009083152,0.6747477222074003,0.7411438602583837,-0.224,0.224,25.4,-0.185,0.185,21.0,-0.208,0.208,23.6,-0.141,0.141,16.0,seasonal_naive
2018-02-26,LA LIBERTAD,0.6747477222074002,0.6550907282336955,0.6266705857325237,0.6747477222074003,0.7940827074196968,-0.02,0.02,3.0,-0.048,0.048,7.1,0.0,0.0,0.0,0.119,0.119,17.6,naive
2018-03-05,LA LIBERTAD,0.726651393146431,0.6435820008162372,0.5176729934286539,0.6747477222074003,0.9528992489036361,-0.083,0.083,11.4,-0.209,0.209,28.8,-0.052,0.052,7.2,0.226,0.226,31.1,naive
2018-03-12,LA LIBERTAD,0.41522936751224604,0.711756589266171,0.6254598042419408,0.7266513931464311,1.4822877205167675,0.297,0.297,71.5,0.21,0.21,50.6,0.311,0.311,74.9,1.067,1.067,257.0,holt_winters
2018-03-19,LA LIBERTAD,0.6228440512683694,0.8477282543014957,0.6351703195106941,0.7266513931464311,1.5352265676780812,0.225,0.225,36.1,0.012,0.012,1.9,0.104,0.104,16.7,0.912,0.912,146.4,holt_winters
2018-03-26,LA LIBERTAD,0.4671330384512769,0.7635487042563138,0.7451189871486414,0.7266513931464311,1.6940431091620196,0.296,0.296,63.4,0.278,0.278,59.5,0.26,0.26,55.7,1.227,1.227,262.7,naive
2018-04-02,LA LIBERTAD,0.6228440512683694,0.7639878083214582,0.6581463903078095,0.7266513931464311,1.0587769432262624,0.141,0.141,22.6,0.035,0.035,5.6,0.104,0.104,16.7,0.436,0.436,70.0,holt_winters
2018-04-09,LA LIBERTAD,0.5190367093903078,0.5443563073986111,0.7665093908575569,0.6228440512683695,1.1117157903875756,0.025,0.025,4.8,0.247,0.247,47.6,0.104,0.104,20.0,0.593,0.593,114.3,arima
2018-04-16,LA LIBERTAD,0.726651393146431,0.5594928954618945,0.7646493019984277,0.6228440512683695,0.7940827074196966,-0.167,0.167,23.0,0.038,0.038,5.2,-0.104,0.104,14.3,0.067,0.067,9.2,holt_winters
2018-04-23,LA LIBERTAD,0.6228440512683694,0.5782329635611676,0.8279815713374556,0.6228440512683695,0.8470215545810098,-0.045,0.045,7.2,0.205,0.205,32.9,0.0,0.0,0.0,0.224,0.224,36.0,naive
2018-04-30,LA LIBERTAD,0.46713303845127685,0.5600163959926734,0.7500559857968223,0.6228440512683695,0.6882050130970703,0.093,0.093,19.9,0.283,0.283,60.6,0.156,0.156,33.4,0.221,0.221,47.3,arima
2018-05-07,LA LIBERTAD,0.46713303845127685,0.3236606970023457,0.5198274715024731,0.4671330384512768,0.5293884716131307,-0.143,0.143,30.6,0.053,0.053,11.3,-0.0,0.0,0.0,0.062,0.062,13.3,naive
2018-05-14,LA LIBERTAD,0.6228440512683694,0.3572796608213091,0.4432162420356771,0.4671330384512768,0.582327318774444,-0.266,0.266,42.7,-0.18,0.18,28.9,-0.156,0.156,25.0,-0.041,0.041,6.6,seasonal_naive
2018-05-21,LA LIBERTAD,0.8304587350244926,0.38809753566123323,0.4646062166071723,0.4671330384512768,0.7940827074196966,-0.442,0.442,53.2,-0.366,0.366,44.1,-0.363,0.363,43.7,-0.036,0.036,4.3,seasonal_naive
2018-05-28,LA LIBERTAD,1.2456881025367392,0.35385462572871096,0.38954676130150284,0.4671330384512768,0.9528992489036359,-0.892,0.892,71.6,-0.856,0.856,68.7,-0.779,0.779,62.5,-0.293,0.293,23.5,seasonal_naive
2018-06-04,LA LIBERTAD,1.660917470048986,1.4891788039612983,1.2625590667722477,1.2456881025367394,0.9528992489036359,-0.172,0.172,10.4,-0.398,0.398,24.0,-0.415,0.415,25.0,-0.708,0.708,42.6,arima
2018-06-11,LA LIBERTAD,2.076146837561233,1.6463997936467156,1.1640762694263747,1.2456881025367394,0.6882050130970703,-0.43,0.43,20.7,-0.912,0.912,43.9,-0.83,0.83,40.0,-1.388,1.388,66.9,arima
2018-06-18,LA LIBERTAD,1.660917470048986,1.4324218287594292,1.2472987686250168,1.2456881025367394,0.7940827074196966,-0.228,0.228,13.7,-0.414,0.414,24.9,-0.415,0.415,25.0,-0.867,0.867,52.2,arima
2018-06-25,LA LIBERTAD,1.6090137991099551,1.516459664293428,1.2792176036646752,1.2456881025367394,0.6882050130970703,-0.093,0.093,5.8,-0.33,0.33,20.5,-0.363,0.363,22.6,-0.921,0.921,57.2,arima
2018-07-02,LA LIBERTAD,1.5571101281709243,1.5138728185566697,1.786312676509945,1.6090137991099551,0.7411438602583835,-0.043,0.043,2.8,0.229,0.229,14.7,0.052,0.052,3.3,-0.816,0.816,52.4,arima
2018-07-09,LA LIBERTAD,1.7647248119270476,1.564193557213995,1.877525333394444,1.6090137991099551,0.8470215545810096,-0.201,0.201,11.4,0.113,0.113,6.4,-0.156,0.156,8.8,-0.918,0.918,52.0,holt_winters
2018-07-16,LA LIBERTAD,1.5052064572318935,1.566712732860343,1.8318109443413708,1.6090137991099551,1.2705323318715145,0.062,0.062,4.1,0.327,0.327,21.7,0.104,0.104,6.9,-0.235,0.235,15.6,arima
2018-07-23,LA LIBERTAD,1.660917470048986,1.5449595629338586,1.6669812753411946,1.6090137991099551,1.0058380960649491,-0.116,0.116,7.0,0.006,0.006,0.4,-0.052,0.052,3.1,-0.655,0.655,39.4,holt_winters
2018-07-30,LA LIBERTAD,1.5052064572318937,1.6271659438901938,1.6350920609497068,1.660917470048986,1.0058380960649491,0.122,0.122,8.1,0.13,0.13,8.6,0.156,0.156,10.4,-0.499,0.499,33.2,arima
2018-08-06,LA LIBERTAD,1.8166284828660786,1.828301865372051,1.760644023565808,1.660917470048986,1.2705323318715145,0.012,0.012,0.7,-0.056,0.056,3.1,-0.156,0.156,8.6,-0.546,0.546,30.1,arima
2018-08-13,LA LIBERTAD,1.5571101281709243,1.703563510163903,1.9456106464164695,1.660917470048986,1.9057984978072726,0.146,0.146,9.4,0.389,0.389,25.0,0.104,0.104,6.7,0.349,0.349,22.4,naive
2018-08-20,LA LIBERTAD,1.712821140988017,1.7132195288058019,1.9456106464164695,1.660917470048986,1.6940431091620196,0.0,0.0,0.0,0.233,0.233,13.6,-0.052,0.052,3.0,-0.019,0.019,1.1,arima
2018-08-27,LA LIBERTAD,1.6090137991099551,1.6780760091924747,1.5022036484301204,1.7128211409880172,1.0587769432262624,0.069,0.069,4.3,-0.107,0.107,6.7,0.104,0.104,6.5,-0.55,0.55,34.2,arima
2018-09-03,LA LIBERTAD,1.7647248119270476,1.742223480141054,1.3992620793197745,1.7128211409880172,0.6352661659357572,-0.023,0.023,1.3,-0.365,0.365,20.7,-0.052,0.052,2.9,-1.129,1.129,64.0,arima
2018-09-10,LA LIBERTAD,1.6090137991099551,1.7110194565612624,1.370367414060742,1.7128211409880172,0.7411438602583835,0.102,0.102,6.3,-0.239,0.239,14.9,0.104,0.104,6.5,-0.868,0.868,53.9,arima
2018-09-17,LA LIBERTAD,1.29759177347577,1.7084582487113282,1.5415837316609182,1.7128211409880172,1.1646546375488884,0.411,0.411,31.7,0.244,0.244,18.8,0.415,0.415,32.0,-0.133,0.133,10.2,seasonal_naive
2018-09-24,LA LIBERTAD,0.7785550640854617,1.1377407900689294,1.3715207169201955,1.2975917734757698,1.6411042620007064,0.359,0.359,46.1,0.593,0.593,76.2,0.519,0.519,66.7,0.863,0.863,110.8,arima
2018-10-01,LA LIBERTAD,1.2456881025367392,1.0913994702364684,1.3083148673031868,1.2975917734757698,1.8528596506459585,-0.154,0.154,12.4,0.063,0.063,5.1,0.052,0.052,4.2,0.607,0.607,48.7,naive
2018-10-08,LA LIBERTAD,1.2456881025367392,1.179532563542911,1.142201402547613,1.2975917734757698,1.6940431091620196,-0.066,0.066,5.3,-0.103,0.103,8.3,0.052,0.052,4.2,0.448,0.448,36.0,naive
2018-10-15,LA LIBERTAD,1.5571101281709243,1.136097899266511,1.3018993819402018,1.2975917734757698,1.9587373449685854,-0.421,0.421,27.0,-0.255,0.255,16.4,-0.26,0.26,16.7,0.402,0.402,25.8,holt_winters
2018-10-22,LA LIBERTAD,1.0899770897196468,1.211024174116976,1.4576462333255216,1.5571101281709243,1.6940431091620196,0.121,0.121,11.1,0.368,0.368,33.8,0.467,0.467,42.8,0.604,0.604,55.4,arima
2018-10-29,LA LIBERTAD,1.038073418780616,1.395554021425239,1.4550938300794245,1.5571101281709243,1.6411042620007068,0.357,0.357,34.4,0.417,0.417,40.2,0.519,0.519,50.0,0.603,0.603,58.1,arima
2018-11-05,LA LIBERTAD,0.7785550640854618,1.3985118146510018,1.3417765575114573,1.5571101281709243,1.4293488733554542,0.62,0.62,79.6,0.563,0.563,72.3,0.779,0.779,100.1,0.651,0.651,83.6,holt_winters
2018-11-12,LA LIBERTAD,0.6747477222074001,1.3197151903531754,1.2979740326351732,1.5571101281709243,1.6411042620007068,0.645,0.645,95.6,0.623,0.623,92.3,0.882,0.882,130.7,0.966,0.966,143.2,holt_winters
2018-11-19,LA LIBERTAD,0.5709403803293384,0.7316233028307328,0.7765051842779207,0.6747477222074001,1.7469819563233333,0.161,0.161,28.2,0.206,0.206,36.1,0.104,0.104,18.2,1.176,1.176,206.0,naive
2018-11-26,LA LIBERTAD,0.6228440512683693,0.7489888114212071,0.7500744766320304,0.6747477222074001,1.6411042620007064,0.126,0.126,20.2,0.127,0.127,20.4,0.052,0.052,8.3,1.018,1.018,163.4,naive
2018-12-03,LA LIBERTAD,0.9342660769025543,0.710988676146405,0.7695351585525501,0.6747477222074001,1.376410026194141,-0.223,0.223,23.9,-0.165,0.165,17.7,-0.26,0.26,27.8,0.442,0.442,47.3,holt_winters
2018-12-10,LA LIBERTAD,1.038073418780616,0.7316678283629781,0.7870876341817146,0.6747477222074001,1.2705323318715145,-0.306,0.306,29.5,-0.251,0.251,24.2,-0.363,0.363,35.0,0.232,0.232,22.3,seasonal_naive
2018-12-17,LA LIBERTAD,0.9861697478415851,1.083036669440561,0.9233442335399631,1.0380734187806158,0.9528992489036359,0.097,0.097,9.8,-0.063,0.063,6.4,0.052,0.052,5.3,-0.033,0.033,3.3,seasonal_naive
2018-12-24,LA LIBERTAD,0.8823624059635234,0.9017574890005822,0.8724410669781291,1.0380734187806158,1.376410026194141,0.019,0.019,2.2,-0.01,0.01,1.1,0.156,0.156,17.7,0.494,0.494,56.0,holt_winters
2018-12-31,LA LIBERTAD,1.0899770897196468,1.0127201396376013,0.8982149711690093,1.0380734187806158,1.4729711345162264,-0.077,0.077,7.1,-0.192,0.192,17.6,-0.052,0.052,4.8,0.383,0.383,35.1,naive
2019-01-07,LA LIBERTAD,1.493260522920986,1.0006279797761053,1.0512736320534675,1.0380734187806158,1.8819894446947796,-0.493,0.493,33.0,-0.442,0.442,29.6,-0.455,0.455,30.5,0.389,0.389,26.1,seasonal_naive
2019-01-14,LA LIBERTAD,1.5352092486009274,1.535135200888306,1.6784695355719288,1.4932605229209863,2.1799541794392945,-0.0,0.0,0.0,0.143,0.143,9.3,-0.042,0.042,2.7,0.645,0.645,42.0,arima
2019-01-21,LA LIBERTAD,1.6290616452198996,1.6507848524840765,1.65553138576943,1.4932605229209863,1.8685321538051096,0.022,0.022,1.4,0.026,0.026,1.6,-0.136,0.136,8.3,0.239,0.239,14.7,arima
2019-01-28,LA LIBERTAD,1.7308779980461437,1.5519631105126392,1.5351168015394996,1.4932605229209863,1.349495444414801,-0.179,0.179,10.3,-0.196,0.196,11.3,-0.238,0.238,13.8,-0.381,0.381,22.0,arima
2019-02-04,LA LIBERTAD,1.8326943508723872,1.5777756972262207,1.4059415751610485,1.4932605229209863,0.6747477222074003,-0.255,0.255,13.9,-0.427,0.427,23.3,-0.339,0.339,18.5,-1.158,1.158,63.2,arima
2019-02-11,LA LIBERTAD,1.8326943508723872,1.926894816307743,1.6397206522485122,1.8326943508723872,0.7266513931464311,0.094,0.094,5.1,-0.193,0.193,10.5,0.0,0.0,0.0,-1.106,1.106,60.3,naive
2019-02-18,LA LIBERTAD,1.5781534688067778,1.8291079220263748,1.8695131538770786,1.8326943508723872,0.8823624059635236,0.251,0.251,15.9,0.291,0.291,18.4,0.255,0.255,16.2,-0.696,0.696,44.1,arima
2019-02-25,LA LIBERTAD,2.0363270565248746,1.8626421842883718,1.6550936408816548,1.8326943508723872,0.6747477222074003,-0.174,0.174,8.5,-0.381,0.381,18.7,-0.204,0.204,10.0,-1.362,1.362,66.9,arima
2019-03-04,LA LIBERTAD,2.087235232937996,1.8752319525704237,1.5182716518069865,1.8326943508723872,0.7266513931464311,-0.212,0.212,10.2,-0.569,0.569,27.3,-0.255,0.255,12.2,-1.361,1.361,65.2,arima
2019-03-11,LA LIBERTAD,2.087235232937996,2.052653166749782,1.7578666958566584,2.0872352329379957,0.41522936751224604,-0.035,0.035,1.7,-0.329,0.329,15.8,-0.0,0.0,0.0,-1.672,1.672,80.1,naive
2019-03-18,LA LIBERTAD,1.5781534688067775,2.0081187454170344,1.8683062123811367,2.0872352329379957,0.6228440512683695,0.43,0.43,27.2,0.29,0.29,18.4,0.509,0.509,32.3,-0.955,0.955,60.5,holt_winters
2019-03-25,LA LIBERTAD,1.6799698216330217,2.052653166749782,1.9651977184185188,2.0872352329379957,0.46713303845127685,0.373,0.373,22.2,0.285,0.285,17.0,0.407,0.407,24.2,-1.213,1.213,72.2,holt_winters
2019-04-01,LA LIBERTAD,1.6799698216330212,2.052653166749782,1.836254898169413,2.0872352329379957,0.6228440512683695,0.373,0.373,22.2,0.156,0.156,9.3,0.407,0.407,24.2,-1.057,1.057,62.9,holt_winters
2019-04-08,LA LIBERTAD,1.7308779980461433,1.7363102979941027,1.7362062125375872,1.6799698216330214,0.5190367093903077,0.005,0.005,0.3,0.005,0.005,0.3,-0.051,0.051,2.9,-1.212,1.212,70.0,arima
2019-04-15,LA LIBERTAD,1.1708880575018026,1.695285095467911,1.7475137599528452,1.6799698216330214,0.7266513931464311,0.524,0.524,44.8,0.577,0.577,49.3,0.509,0.509,43.5,-0.444,0.444,37.9,seasonal_naive
2019-04-22,LA LIBERTAD,1.1199798810886807,1.7023662835794457,1.84988251004892,1.6799698216330214,0.6228440512683695,0.582,0.582,52.0,0.73,0.73,65.2,0.56,0.56,50.0,-0.497,0.497,44.4,seasonal_naive
2019-04-29,LA LIBERTAD,0.8654389990230712,1.7135600065227106,1.7139623837072029,1.6799698216330214,0.4671330384512768,0.848,0.848,98.0,0.849,0.849,98.1,0.815,0.815,94.2,-0.398,0.398,46.0,seasonal_naive
2019-05-06,LA LIBERTAD,1.1199798810886805,0.9558832210371757,0.8769346838108312,0.8654389990230713,0.4671330384512768,-0.164,0.164,14.6,-0.243,0.243,21.7,-0.255,0.255,22.8,-0.653,0.653,58.3,arima
2019-05-13,LA LIBERTAD,1.1199798810886807,0.8422259463248567,0.8591743628051371,0.8654389990230713,0.6228440512683695,-0.278,0.278,24.8,-0.261,0.261,23.3,-0.255,0.255,22.8,-0.497,0.497,44.4,naive
2019-05-20,LA LIBERTAD,1.1708880575018024,0.8885844644030321,0.9649574106702563,0.8654389990230713,0.8304587350244927,-0.282,0.282,24.1,-0.206,0.206,17.6,-0.305,0.305,26.0,-0.34,0.34,29.0,holt_winters
2019-05-27,LA LIBERTAD,1.3745207631542902,0.8968379698226858,0.9754005261859318,0.8654389990230713,1.2456881025367394,-0.478,0.478,34.8,-0.399,0.399,29.0,-0.509,0.509,37.0,-0.129,0.129,9.4,seasonal_naive
2019-06-03,LA LIBERTAD,1.2727044103280463,1.3971218885983663,1.4912489079238336,1.37452076315429,1.660917470048986,0.124,0.124,9.7,0.219,0.219,17.2,0.102,0.102,8.0,0.388,0.388,30.5,naive
2019-06-10,LA LIBERTAD,1.323612586741168,1.5430012477043382,1.4276458546646946,1.37452076315429,2.0761468375612324,0.219,0.219,16.5,0.104,0.104,7.9,0.051,0.051,3.9,0.753,0.753,56.9,naive
2019-06-17,LA LIBERTAD,1.1708880575018024,1.429905496664611,1.4991067254218415,1.37452076315429,1.660917470048986,0.259,0.259,22.1,0.328,0.328,28.0,0.204,0.204,17.4,0.49,0.49,41.8,naive
2019-06-24,LA LIBERTAD,1.1708880575018026,1.4540065224076737,1.52629464318641,1.37452076315429,1.6090137991099551,0.283,0.283,24.2,0.355,0.355,30.3,0.204,0.204,17.4,0.438,0.438,37.4,naive
2019-07-01,LA LIBERTAD,1.0181635282624368,1.1812309459995136,1.2427105205761495,1.1708880575018026,1.5571101281709243,0.163,0.163,16.0,0.225,0.225,22.1,0.153,0.153,15.0,0.539,0.539,52.9,naive
2019-07-08,LA LIBERTAD,0.9672553518493149,1.1350413280270764,1.3471506134637803,1.1708880575018026,1.7647248119270476,0.168,0.168,17.4,0.38,0.38,39.3,0.204,0.204,21.1,0.797,0.797,82.4,arima
2019-07-15,LA LIBERTAD,1.0690717046755587,1.1641028443883261,1.2958412960440673,1.1708880575018026,1.5052064572318935,0.095,0.095,8.9,0.227,0.227,21.2,0.102,0.102,9.5,0.436,0.436,40.8,arima
2019-07-22,LA LIBERTAD,1.5272452923936557,1.161161069846671,1.1702087782648443,1.1708880575018026,1.660917470048986,-0.366,0.366,24.0,-0.357,0.357,23.4,-0.356,0.356,23.3,0.134,0.134,8.8,seasonal_naive
2019-07-29,LA LIBERTAD,2.239959762177362,1.6426826021258956,1.3962653466783657,1.5272452923936557,1.505206457231894,-0.597,0.597,26.7,-0.844,0.844,37.7,-0.713,0.713,31.8,-0.735,0.735,32.8,arima
2019-08-05,LA LIBERTAD,2.239959762177362,1.7320036200787658,1.6007211182815602,1.5272452923936557,1.8166284828660784,-0.508,0.508,22.7,-0.639,0.639,28.5,-0.713,0.713,31.8,-0.423,0.423,18.9,seasonal_naive
2019-08-12,LA LIBERTAD,2.1381434093511182,1.624749930735363,1.7629050702945723,1.5272452923936557,1.5571101281709243,-0.513,0.513,24.0,-0.375,0.375,17.5,-0.611,0.611,28.6,-0.581,0.581,27.2,holt_winters
2019-08-19,LA LIBERTAD,1.883602527285509,1.6673574015205945,1.889231555759892,1.5272452923936557,1.7128211409880172,-0.216,0.216,11.5,0.006,0.006,0.3,-0.356,0.356,18.9,-0.171,0.171,9.1,holt_winters
2019-08-26,LA LIBERTAD,1.883602527285509,2.0446927024639368,1.7007881023745042,1.8836025272855093,1.6090137991099551,0.161,0.161,8.5,-0.183,0.183,9.7,0.0,0.0,0.0,-0.275,0.275,14.6,naive
2019-09-02,LA LIBERTAD,2.036327056524875,2.034342104239586,1.5569683930811498,1.8836025272855093,1.7647248119270476,-0.002,0.002,0.1,-0.479,0.479,23.5,-0.153,0.153,7.5,-0.272,0.272,13.4,arima
2019-09-09,LA LIBERTAD,1.7308779980461433,1.9798173282884384,1.4588388377664119,1.8836025272855093,1.6090137991099551,0.249,0.249,14.4,-0.272,0.272,15.7,0.153,0.153,8.8,-0.122,0.122,7.0,seasonal_naive
2019-09-16,LA LIBERTAD,2.036327056524875,2.022485371684709,1.5779511676972637,1.8836025272855093,1.2975917734757698,-0.014,0.014,0.7,-0.458,0.458,22.5,-0.153,0.153,7.5,-0.739,0.739,36.3,arima
2019-09-23,LA LIBERTAD,2.036327056524875,1.9229316276967414,2.0352604133429324,2.036327056524875,0.7785550640854617,-0.113,0.113,5.5,-0.001,0.001,0.0,0.0,0.0,0.0,-1.258,1.258,61.8,naive
2019-09-30,LA LIBERTAD,2.036327056524875,2.1010546568045347,2.1054559246532736,2.036327056524875,1.2456881025367394,0.065,0.065,3.2,0.069,0.069,3.4,0.0,0.0,0.0,-0.791,0.791,38.8,naive
2019-10-07,LA LIBERTAD,2.0363270565248746,2.0143136277860725,1.919202108960404,2.036327056524875,1.2456881025367394,-0.022,0.022,1.1,-0.117,0.117,5.7,0.0,0.0,0.0,-0.791,0.791,38.8,naive
2019-10-14,LA LIBERTAD,1.6799698216330212,2.0081186354697333,2.067570697547393,2.036327056524875,1.5571101281709243,0.328,0.328,19.5,0.388,0.388,23.1,0.356,0.356,21.2,-0.123,0.123,7.3,seasonal_naive
2019-10-21,LA LIBERTAD,1.4763371159805339,1.7379595514324269,1.470787243682968,1.6799698216330214,1.0899770897196466,0.262,0.262,17.7,-0.006,0.006,0.4,0.204,0.204,13.8,-0.386,0.386,26.1,holt_winters
2019-10-28,LA LIBERTAD,1.8326943508723865,1.584863266489723,1.388684145816006,1.6799698216330214,1.0380734187806158,-0.248,0.248,13.5,-0.444,0.444,24.2,-0.153,0.153,8.3,-0.795,0.795,43.4,naive
2019-11-04,LA LIBERTAD,1.781786174459265,1.674944811581223,1.299629154158065,1.6799698216330214,0.7785550640854619,-0.107,0.107,6.0,-0.482,0.482,27.1,-0.102,0.102,5.7,-1.003,1.003,56.3,naive
2019-11-11,LA LIBERTAD,1.781786174459265,1.6699840982219833,1.2667272950451451,1.6799698216330214,0.6747477222074001,-0.112,0.112,6.3,-0.515,0.515,28.9,-0.102,0.102,5.7,-1.107,1.107,62.1,naive
2019-11-18,LA LIBERTAD,1.1199798810886805,1.4088574040615933,1.8382839645187516,1.7817861744592651,0.5709403803293385,0.289,0.289,25.8,0.718,0.718,64.1,0.662,0.662,59.1,-0.549,0.549,49.0,arima
2019-11-25,LA LIBERTAD,1.4763371159805336,1.5474612477072798,1.8378884111732616,1.7817861744592651,0.6228440512683693,0.071,0.071,4.8,0.362,0.362,24.5,0.305,0.305,20.7,-0.853,0.853,57.8,arima
2019-12-02,LA LIBERTAD,1.4763371159805336,1.6100994228110856,1.9709841468684108,1.7817861744592651,0.9342660769025544,0.134,0.134,9.1,0.495,0.495,33.5,0.305,0.305,20.7,-0.542,0.542,36.7,arima
2019-12-09,LA LIBERTAD,1.6290616452198992,1.4929731057333755,2.109966696665327,1.7817861744592651,1.0380734187806158,-0.136,0.136,8.3,0.481,0.481,29.5,0.153,0.153,9.4,-0.591,0.591,36.3,arima
2019-12-16,LA LIBERTAD,1.4254289395674116,1.5490751631428417,1.5065536189034954,1.629061645219899,0.9861697478415852,0.124,0.124,8.7,0.081,0.081,5.7,0.204,0.204,14.3,-0.439,0.439,30.8,holt_winters
2019-12-23,LA LIBERTAD,1.3745207631542897,1.6238123314578448,1.455939483462191,1.629061645219899,0.8823624059635236,0.249,0.249,18.1,0.081,0.081,5.9,0.255,0.255,18.6,-0.492,0.492,35.8,holt_winters
2019-12-30,LA LIBERTAD,1.323612586741168,1.6023209876494753,1.4946787477392145,1.629061645219899,1.0899770897196466,0.279,0.279,21.1,0.171,0.171,12.9,0.305,0.305,23.0,-0.234,0.234,17.7,holt_winters
2020-01-06,LA LIBERTAD,1.9624268390144917,1.5832813560722676,1.7650560783900264,1.629061645219899,1.4932605229209863,-0.379,0.379,19.3,-0.197,0.197,10.0,-0.333,0.333,17.0,-0.469,0.469,23.9,holt_winters
2020-01-13,LA LIBERTAD,2.4571385774599226,2.1552858250872715,2.0914031795286454,1.962426839014491,1.5352092486009274,-0.302,0.302,12.3,-0.366,0.366,14.9,-0.495,0.495,20.1,-0.922,0.922,37.5,arima
2020-01-20,LA LIBERTAD,2.447558560336064,2.1552858250872715,2.1138476511371556,1.962426839014491,1.6290616452198994,-0.292,0.292,11.9,-0.334,0.334,13.6,-0.485,0.485,19.8,-0.818,0.818,33.4,arima
2020-01-27,LA LIBERTAD,2.1478575121316474,2.1084675282331258,2.009751255008897,1.962426839014491,1.730877998046144,-0.039,0.039,1.8,-0.138,0.138,6.4,-0.185,0.185,8.6,-0.417,0.417,19.4,arima
2020-02-03,LA LIBERTAD,2.0979073374309114,2.1552858250872715,1.8594646604482121,1.962426839014491,1.8326943508723872,0.057,0.057,2.7,-0.238,0.238,11.3,-0.135,0.135,6.4,-0.265,0.265,12.6,arima
2020-02-10,LA LIBERTAD,1.8481564639272314,2.2130270361656725,1.8214224141226514,2.097907337430912,1.8326943508723872,0.365,0.365,19.7,-0.027,0.027,1.5,0.25,0.25,13.5,-0.015,0.015,0.8,seasonal_naive
2020-02-17,LA LIBERTAD,1.4485550663213436,2.1240487999598767,2.035760387648014,2.097907337430912,1.5781534688067778,0.675,0.675,46.6,0.587,0.587,40.5,0.649,0.649,44.8,0.13,0.13,9.0,seasonal_naive
2020-02-24,LA LIBERTAD,1.1988041928176634,2.137983303331588,1.9743660765208961,2.097907337430912,2.036327056524874,0.939,0.939,78.3,0.776,0.776,64.7,0.899,0.899,75.0,0.838,0.838,69.9,holt_winters
2020-03-02,LA LIBERTAD,1.3486547169198715,2.169827743937324,1.9112004332135064,2.097907337430912,2.0872352329379957,0.821,0.821,60.9,0.563,0.563,41.7,0.749,0.749,55.5,0.739,0.739,54.8,holt_winters
2020-03-09,LA LIBERTAD,1.3486547169198715,1.3611896803000092,1.1030793591560806,1.3486547169198713,2.0872352329379957,0.013,0.013,1.0,-0.246,0.246,18.2,-0.0,0.0,0.0,0.739,0.739,54.8,naive
2020-03-16,LA LIBERTAD,1.3486547169198715,1.3982890522325855,1.1068863243792455,1.3486547169198713,1.5781534688067773,0.05,0.05,3.7,-0.242,0.242,17.9,-0.0,0.0,0.0,0.229,0.229,17.0,naive
2020-03-23,LA LIBERTAD,1.3486547169198715,1.362834171018228,1.14182480591951,1.3486547169198713,1.6799698216330219,0.014,0.014,1.0,-0.207,0.207,15.3,-0.0,0.0,0.0,0.331,0.331,24.5,naive
2020-03-30,LA LIBERTAD,1.0489536687154553,1.3725691235499458,1.0557374718742678,1.3486547169198713,1.6799698216330214,0.324,0.324,30.9,0.007,0.007,0.7,0.3,0.3,28.6,0.631,0.631,60.2,holt_winters
2020-04-06,LA LIBERTAD,0.8991031446132473,0.9992398444265393,1.0388667194459686,1.0489536687154555,1.7308779980461435,0.1,0.1,11.1,0.14,0.14,15.6,0.15,0.15,16.7,0.832,0.832,92.5,arima
2020-04-13,LA LIBERTAD,0.6993024458103031,0.8913384797337085,0.9364922230332595,1.0489536687154555,1.1708880575018026,0.192,0.192,27.5,0.237,0.237,33.9,0.35,0.35,50.0,0.472,0.472,67.5,arima
2020-04-20,LA LIBERTAD,1.0989038434161913,0.9985994874966897,0.9525958505529011,1.0489536687154555,1.1199798810886805,-0.1,0.1,9.1,-0.146,0.146,13.3,-0.05,0.05,4.5,0.021,0.021,1.9,seasonal_naive
2020-04-27,LA LIBERTAD,1.4985052410220796,0.9655652426772616,0.8412954043816172,1.0489536687154555,0.8654389990230713,-0.533,0.533,35.6,-0.657,0.657,43.8,-0.45,0.45,30.0,-0.633,0.633,42.2,naive
2020-05-04,LA LIBERTAD,1.8981066386279675,1.7103511836114005,1.556630352835557,1.4985052410220794,1.1199798810886805,-0.188,0.188,9.9,-0.341,0.341,18.0,-0.4,0.4,21.1,-0.778,0.778,41.0,arima
2020-05-11,LA LIBERTAD,2.047957162730176,1.6590391237854516,1.5478822813254354,1.4985052410220794,1.1199798810886805,-0.389,0.389,19.0,-0.5,0.5,24.4,-0.549,0.549,26.8,-0.928,0.928,45.3,arima
2020-05-18,LA LIBERTAD,2.3976083856353276,1.5997771375186898,1.6639615890323909,1.4985052410220794,1.1708880575018021,-0.798,0.798,33.3,-0.734,0.734,30.6,-0.899,0.899,37.5,-1.227,1.227,51.2,holt_winters
2020-05-25,LA LIBERTAD,3.0469606567448957,1.6681848609825018,1.7726683206248866,1.4985052410220794,1.37452076315429,-1.379,1.379,45.3,-1.274,1.274,41.8,-1.548,1.548,50.8,-1.672,1.672,54.9,holt_winters
2020-06-01,LA LIBERTAD,3.9460638013581444,2.418087957262631,2.418087957262631,3.0469606567448952,1.2727044103280463,-1.528,1.528,38.7,-1.528,1.528,38.7,-0.899,0.899,22.8,-2.673,2.673,67.7,naive
2020-06-08,LA LIBERTAD,4.845166945971392,2.418087957262631,2.418087957262631,3.0469606567448952,1.3236125867411679,-2.427,2.427,50.1,-2.427,2.427,50.1,-1.798,1.798,37.1,-3.522,3.522,72.7,naive
2020-06-15,LA LIBERTAD,5.712441151702585,2.418087957262631,2.418087957262631,3.0469606567448952,1.1708880575018021,-3.294,3.294,57.7,-3.294,3.294,57.7,-2.665,2.665,46.7,-4.542,4.542,79.5,naive
2020-06-22,LA LIBERTAD,6.18011395982789,2.418087957262631,2.418087957262631,3.0469606567448952,1.1708880575018026,-3.762,3.762,60.9,-3.762,3.762,60.9,-3.133,3.133,50.7,-5.009,5.009,81.1,naive
2020-06-29,LA LIBERTAD,6.030263435725682,4.314696090649598,4.314696090649598,6.18011395982789,1.0181635282624368,-1.716,1.716,28.5,-1.716,1.716,28.5,0.15,0.15,2.5,-5.012,5.012,83.1,naive
2020-07-06,LA LIBERTAD,6.030263435725682,4.314696090649598,4.314696090649598,6.18011395982789,0.967255351849315,-1.716,1.716,28.5,-1.716,1.716,28.5,0.15,0.15,2.5,-5.063,5.063,84.0,naive
2020-07-13,LA LIBERTAD,6.030263435725682,4.314696090649598,4.314696090649598,6.18011395982789,1.069071704675559,-1.716,1.716,28.5,-1.716,1.716,28.5,0.15,0.15,2.5,-4.961,4.961,82.3,naive
2020-07-20,LA LIBERTAD,6.348085719748779,4.314696090649598,4.314696090649598,6.18011395982789,1.5272452923936557,-2.033,2.033,32.0,-2.033,2.033,32.0,-0.168,0.168,2.6,-4.821,4.821,75.9,naive
2020-07-27,LA LIBERTAD,5.980313261024946,6.030263435725681,6.030263435725681,6.348085719748778,2.2399597621773615,0.05,0.05,0.8,0.05,0.05,0.8,0.368,0.368,6.2,-3.74,3.74,62.5,arima
2020-08-03,LA LIBERTAD,5.362789928797433,6.030263435725681,6.030263435725681,6.348085719748778,2.2399597621773615,0.667,0.667,12.4,0.667,0.667,12.4,0.985,0.985,18.4,-3.123,3.123,58.2,arima
2020-08-10,LA LIBERTAD,4.795216771270657,6.030263435725681,6.030263435725681,6.348085719748778,2.1381434093511182,1.235,1.235,25.8,1.235,1.235,25.8,1.553,1.553,32.4,-2.657,2.657,55.4,arima
2020-08-17,LA LIBERTAD,4.24576484956256,6.030263435725681,6.030263435725681,6.348085719748778,1.8836025272855093,1.784,1.784,42.0,1.784,1.784,42.0,2.102,2.102,49.5,-2.362,2.362,55.6,arima
2020-08-24,LA LIBERTAD,3.796213277255936,4.149071395459896,3.7866281312315326,4.24576484956256,1.8836025272855093,0.353,0.353,9.3,-0.01,0.01,0.3,0.45,0.45,11.9,-1.913,1.913,50.4,holt_winters
2020-08-31,LA LIBERTAD,3.49651222905152,4.091150581471977,3.6096962905970393,4.24576484956256,2.036327056524875,0.595,0.595,17.0,0.113,0.113,3.2,0.749,0.749,21.4,-1.46,1.46,41.8,holt_winters
2020-09-07,LA LIBERTAD,2.797209783241216,4.176667075397028,3.2554515583272936,4.24576484956256,1.7308779980461435,1.379,1.379,49.3,0.458,0.458,16.4,1.449,1.449,51.8,-1.066,1.066,38.1,holt_winters
2020-09-14,LA LIBERTAD,3.096910831445632,4.137723503349207,3.56480251081327,4.24576484956256,2.036327056524875,1.041,1.041,33.6,0.468,0.468,15.1,1.149,1.149,37.1,-1.061,1.061,34.3,holt_winters
2020-09-21,LA LIBERTAD,2.8471599579419524,3.0558726778448717,3.1037543397155147,3.0969108314456317,2.036327056524875,0.209,0.209,7.3,0.257,0.257,9.0,0.25,0.25,8.8,-0.811,0.811,28.5,arima
2020-09-28,LA LIBERTAD,3.0469606567448957,3.4194608026804394,3.3488464775471183,3.0969108314456317,2.036327056524875,0.373,0.373,12.2,0.302,0.302,9.9,0.05,0.05,1.6,-1.011,1.011,33.2,naive
2020-10-05,LA LIBERTAD,2.4975087350367997,3.1598534952708164,3.1893166189405546,3.0969108314456317,2.036327056524874,0.662,0.662,26.5,0.692,0.692,27.7,0.599,0.599,24.0,-0.461,0.461,18.5,seasonal_naive
2020-10-12,LA LIBERTAD,2.0479571627301754,3.1971510406808976,3.275487872184323,3.0969108314456317,1.6799698216330214,1.149,1.149,56.1,1.228,1.228,60.0,1.049,1.049,51.2,-0.368,0.368,18.0,seasonal_naive
2020-10-19,LA LIBERTAD,1.7982062892264956,1.915465419376353,1.7726103933149409,2.047957162730175,1.4763371159805336,0.117,0.117,6.5,-0.026,0.026,1.4,0.25,0.25,13.9,-0.322,0.322,17.9,holt_winters
2020-10-26,LA LIBERTAD,1.7482561145257594,1.7985147797955703,1.7308374682586698,2.047957162730175,1.8326943508723863,0.05,0.05,2.9,-0.017,0.017,1.0,0.3,0.3,17.2,0.084,0.084,4.8,holt_winters
2020-11-02,LA LIBERTAD,1.8981066386279675,1.939713385043047,1.583482650402714,2.047957162730175,1.7817861744592651,0.042,0.042,2.2,-0.315,0.315,16.6,0.15,0.15,7.9,-0.116,0.116,6.1,arima
2020-11-09,LA LIBERTAD,1.9480568133287033,1.8808528493071317,1.5128254288974219,2.047957162730175,1.7817861744592651,-0.067,0.067,3.4,-0.435,0.435,22.3,0.1,0.1,5.1,-0.166,0.166,8.5,arima
2020-11-16,LA LIBERTAD,1.8481564639272314,1.8915591958678908,1.8306966718343811,1.9480568133287037,1.1199798810886805,0.043,0.043,2.3,-0.017,0.017,0.9,0.1,0.1,5.4,-0.728,0.728,39.4,holt_winters
2020-11-23,LA LIBERTAD,1.998006988029439,1.9413321525672158,1.8884139334005083,1.9480568133287037,1.4763371159805336,-0.057,0.057,2.9,-0.11,0.11,5.5,-0.05,0.05,2.5,-0.522,0.522,26.1,naive
2020-11-30,LA LIBERTAD,2.2977080362338556,1.927163424906949,2.034227230007206,1.9480568133287037,1.4763371159805336,-0.371,0.371,16.1,-0.263,0.263,11.4,-0.35,0.35,15.2,-0.821,0.821,35.7,holt_winters
2020-12-07,LA LIBERTAD,2.1978076868323835,1.91706142712806,2.261037502886378,1.9480568133287037,1.629061645219899,-0.281,0.281,12.8,0.063,0.063,2.9,-0.25,0.25,11.4,-0.569,0.569,25.9,holt_winters
2020-12-14,LA LIBERTAD,2.0979073374309114,2.186955459886592,1.968890875920268,2.1978076868323835,1.4254289395674116,0.089,0.089,4.2,-0.129,0.129,6.1,0.1,0.1,4.8,-0.672,0.672,32.0,arima
2020-12-21,LA LIBERTAD,2.0979073374309114,2.0216665279620205,1.967490838199644,2.1978076868323835,1.37452076315429,-0.076,0.076,3.6,-0.13,0.13,6.2,0.1,0.1,4.8,-0.723,0.723,34.5,arima
2020-12-28,LA LIBERTAD,2.4475585603360632,2.152549247486169,2.0043774102597305,2.1978076868323835,1.3236125867411679,-0.295,0.295,12.1,-0.443,0.443,18.1,-0.25,0.25,10.2,-1.124,1.124,45.9,naive
2021-01-04,LA LIBERTAD,2.6298291764270227,2.119586806252987,2.5923927729397027,2.1978076868323835,1.962426839014491,-0.51,0.51,19.4,-0.037,0.037,1.4,-0.432,0.432,16.4,-0.667,0.667,25.4,holt_winters
2021-01-11,LA LIBERTAD,3.4485351605766135,2.610211170042607,2.7642391962304993,2.6298291764270227,2.4571385774599226,-0.838,0.838,24.3,-0.684,0.684,19.8,-0.819,0.819,23.7,-0.991,0.991,28.7,holt_winters
2021-01-18,LA LIBERTAD,4.559561105472944,2.626724595198584,2.783938262464131,2.6298291764270227,2.4475585603360646,-1.933,1.933,42.4,-1.776,1.776,39.0,-1.93,1.93,42.3,-2.112,2.112,46.3,holt_winters
2021-01-25,LA LIBERTAD,4.804698799315575,2.621428719914792,2.508374535944664,2.6298291764270227,2.1478575121316474,-2.183,2.183,45.4,-2.296,2.296,47.8,-2.175,2.175,45.3,-2.657,2.657,55.3,naive
2021-02-01,LA LIBERTAD,4.804698799315574,2.619411331317933,2.2765605309122723,2.6298291764270227,2.097907337430912,-2.185,2.185,45.5,-2.528,2.528,52.6,-2.175,2.175,45.3,-2.707,2.707,56.3,naive
2021-02-08,LA LIBERTAD,3.67706540763947,4.612260328067509,4.520516651967794,4.804698799315575,1.8481564639272312,0.935,0.935,25.4,0.843,0.843,22.9,1.128,1.128,30.7,-1.829,1.829,49.7,holt_winters
2021-02-15,LA LIBERTAD,4.559561105472943,4.964242629777622,4.607930560472839,4.804698799315575,1.4485550663213438,0.405,0.405,8.9,0.048,0.048,1.1,0.245,0.245,5.4,-3.111,3.111,68.2,holt_winters
2021-02-22,LA LIBERTAD,4.363450950398837,4.773570671261721,4.419703621565139,4.804698799315575,1.1988041928176636,0.41,0.41,9.4,0.056,0.056,1.3,0.441,0.441,10.1,-3.165,3.165,72.5,holt_winters
2021-03-01,LA LIBERTAD,5.39302926453789,4.781006449407975,4.556121094618104,4.804698799315575,1.3486547169198713,-0.612,0.612,11.3,-0.837,0.837,15.5,-0.588,0.588,10.9,-4.044,4.044,75.0,naive
2021-03-08,LA LIBERTAD,4.8537263380841,5.11269206880257,5.429087628259747,5.39302926453789,1.3486547169198713,0.259,0.259,5.3,0.575,0.575,11.8,0.539,0.539,11.1,-3.505,3.505,72.2,arima
2021-03-15,LA LIBERTAD,3.9712306402506274,5.158895872043907,5.467702567303838,5.39302926453789,1.3486547169198713,1.188,1.188,29.9,1.496,1.496,37.7,1.422,1.422,35.8,-2.623,2.623,66.1,arima
2021-03-22,LA LIBERTAD,2.990679864880102,5.239098257234141,5.394808136282935,5.39302926453789,1.3486547169198713,2.248,2.248,75.2,2.404,2.404,80.4,2.402,2.402,80.3,-1.642,1.642,54.9,seasonal_naive
2021-03-29,LA LIBERTAD,3.58685473630538,5.1578985190752915,4.866814090309066,5.39302926453789,1.0489536687154555,1.571,1.571,43.8,1.28,1.28,35.7,1.806,1.806,50.4,-2.538,2.538,70.8,holt_winters
2021-04-05,LA LIBERTAD,3.97907504645359,3.8759138041616223,3.453971104033571,3.58685473630538,0.8991031446132471,-0.103,0.103,2.6,-0.525,0.525,13.2,-0.392,0.392,9.9,-3.08,3.08,77.4,arima
2021-04-12,LA LIBERTAD,5.163580383101184,4.443810928739391,3.0768369977473347,3.58685473630538,0.699302445810303,-0.72,0.72,13.9,-2.087,2.087,40.4,-1.577,1.577,30.5,-4.464,4.464,86.5,arima
2021-04-19,LA LIBERTAD,5.163580383101184,3.859300386053163,3.364339381747837,3.58685473630538,1.0989038434161915,-1.304,1.304,25.3,-1.799,1.799,34.8,-1.577,1.577,30.5,-4.065,4.065,78.7,arima
2021-04-26,LA LIBERTAD,5.310662999406763,4.050482860892935,3.2323663749735134,3.58685473630538,1.4985052410220794,-1.26,1.26,23.7,-2.078,2.078,39.1,-1.724,1.724,32.5,-3.812,3.812,71.8,arima
2021-05-03,LA LIBERTAD,5.3106629994067625,5.27657912895878,5.537936499486217,5.310662999406763,1.8981066386279672,-0.034,0.034,0.6,0.227,0.227,4.3,0.0,0.0,0.0,-3.413,3.413,64.3,naive
2021-05-10,LA LIBERTAD,4.371295356601801,4.8948110618474585,5.715978435563666,5.310662999406763,2.047957162730176,0.524,0.524,12.0,1.345,1.345,30.8,0.939,0.939,21.5,-2.323,2.323,53.1,arima
2021-05-17,LA LIBERTAD,5.253791054435273,5.207614886630111,6.030263435725681,5.310662999406763,2.3976083856353276,-0.046,0.046,0.9,0.776,0.776,14.8,0.057,0.057,1.1,-2.856,2.856,54.4,arima
2021-05-24,LA LIBERTAD,5.196919109463785,5.137353557705436,6.030263435725681,5.310662999406763,3.0469606567448952,-0.06,0.06,1.2,0.833,0.833,16.0,0.114,0.114,2.2,-2.15,2.15,41.4,arima
2021-05-31,LA LIBERTAD,6.128442346065785,5.566670392441037,5.687934835429773,5.196919109463785,3.946063801358144,-0.562,0.562,9.2,-0.441,0.441,7.2,-0.932,0.932,15.2,-2.182,2.182,35.6,holt_winters
2021-06-07,LA LIBERTAD,5.442056803306417,5.286439871127117,5.959660855510434,5.196919109463785,4.845166945971392,-0.156,0.156,2.9,0.518,0.518,9.5,-0.245,0.245,4.5,-0.597,0.597,11.0,arima
2021-06-14,LA LIBERTAD,4.06928571778768,5.338231541254377,5.961291223335862,5.196919109463785,5.712441151702585,1.269,1.269,31.2,1.892,1.892,46.5,1.128,1.128,27.7,1.643,1.643,40.4,naive
2021-06-21,LA LIBERTAD,2.549432015963365,5.42195834820975,5.894554986700058,5.196919109463785,6.18011395982789,2.873,2.873,112.7,3.345,3.345,131.2,2.647,2.647,103.8,3.631,3.631,142.4,naive
2021-06-28,LA LIBERTAD,1.764991395666945,2.1467218459905175,2.472257885624224,2.549432015963365,6.030263435725681,0.382,0.382,21.6,0.707,0.707,40.1,0.784,0.784,44.4,4.265,4.265,241.6,arima
2021-07-05,LA LIBERTAD,1.1276333916761032,2.186106183463113,2.601666890171118,2.549432015963365,6.030263435725681,1.058,1.058,93.8,1.474,1.474,130.7,1.422,1.422,126.1,4.903,4.903,434.8,arima
2021-07-12,LA LIBERTAD,0.8334681590649455,2.3211322513987764,2.7488482670415486,2.549432015963365,6.030263435725681,1.488,1.488,178.5,1.915,1.915,229.8,1.716,1.716,205.9,5.197,5.197,623.5,arima
2021-07-19,LA LIBERTAD,0.5883304652223141,2.201194625143873,2.8430196484288293,2.549432015963365,6.348085719748778,1.613,1.613,274.2,2.255,2.255,383.3,1.961,1.961,333.3,5.76,5.76,979.0,arima
2021-07-26,LA LIBERTAD,0.6373580039908405,0.644104212022766,0.5461790954428314,0.588330465222314,5.980313261024947,0.007,0.007,1.1,-0.091,0.091,14.3,-0.049,0.049,7.7,5.343,5.343,838.3,arima
2021-08-02,LA LIBERTAD,0.539302926453788,0.6089921613444851,0.5032571672860731,0.588330465222314,5.362789928797434,0.07,0.07,13.0,-0.036,0.036,6.7,0.049,0.049,9.1,4.823,4.823,894.3,holt_winters
2021-08-09,LA LIBERTAD,0.3431927713796828,0.6130048937392516,0.46606990666924564,0.588330465222314,4.795216771270657,0.27,0.27,78.7,0.123,0.123,35.8,0.245,0.245,71.4,4.452,4.452,1297.2,holt_winters
2021-08-16,LA LIBERTAD,0.2941652326111565,0.6237424348134897,0.40345775074836965,0.588330465222314,4.24576484956256,0.33,0.33,112.2,0.109,0.109,37.1,0.294,0.294,99.9,3.952,3.952,1343.5,holt_winters
2021-08-23,LA LIBERTAD,0.19611015507410393,0.2554635886071204,0.14046613100277738,0.29416523261115646,3.7962132772559354,0.059,0.059,30.1,-0.056,0.056,28.6,0.098,0.098,50.0,3.6,3.6,1835.7,holt_winters
2021-08-30,LA LIBERTAD,0.2941652326111565,0.31334808916644963,0.07099480833243488,0.29416523261115646,3.49651222905152,0.019,0.019,6.5,-0.223,0.223,75.8,-0.0,0.0,0.0,3.202,3.202,1088.5,naive
2021-09-06,LA LIBERTAD,0.3431927713796828,0.28529318550708815,0.0,0.29416523261115646,2.7972097832412155,-0.058,0.058,16.9,-0.343,0.343,99.9,-0.049,0.049,14.3,2.454,2.454,715.1,naive
2021-09-13,LA LIBERTAD,0.49027538768526163,0.2832580975431622,0.016591557079511432,0.29416523261115646,3.0969108314456317,-0.207,0.207,42.2,-0.474,0.474,96.7,-0.196,0.196,40.0,2.607,2.607,531.7,naive
2021-09-20,LA LIBERTAD,0.7844406202964193,0.5198487970538221,0.46132836534457355,0.4902753876852616,2.847159957941953,-0.265,0.265,33.8,-0.323,0.323,41.2,-0.294,0.294,37.5,2.063,2.063,263.0,arima
2021-09-27,LA LIBERTAD,0.8824956978334718,0.5080607631447445,0.6022814589929888,0.4902753876852616,3.0469606567448952,-0.374,0.374,42.4,-0.28,0.28,31.7,-0.392,0.392,44.4,2.164,2.164,245.2,holt_winters
2021-10-04,LA LIBERTAD,0.7844406202964193,0.5056605208658598,0.5583252475017328,0.4902753876852616,2.4975087350367997,-0.279,0.279,35.6,-0.226,0.226,28.8,-0.294,0.294,37.5,1.713,1.713,218.4,holt_winters
2021-10-11,LA LIBERTAD,0.4412478489167353,0.5117866558834065,0.5325841546995855,0.4902753876852616,2.047957162730175,0.071,0.071,16.1,0.091,0.091,20.6,0.049,0.049,11.1,1.607,1.607,364.2,naive
2021-10-18,LA LIBERTAD,0.2941652326111565,0.35553345868585834,0.2700321892398526,0.4412478489167353,1.7982062892264956,0.061,0.061,20.7,-0.024,0.024,8.2,0.147,0.147,50.0,1.504,1.504,511.3,holt_winters
2021-10-25,LA LIBERTAD,0.2941652326111565,0.3598346601875284,0.2701330871026586,0.4412478489167353,1.7482561145257591,0.066,0.066,22.4,-0.024,0.024,8.2,0.147,0.147,50.0,1.454,1.454,494.3,holt_winters
2021-11-01,LA LIBERTAD,0.2941652326111565,0.38787145889706176,0.2194512927814839,0.4412478489167353,1.8981066386279672,0.094,0.094,32.0,-0.075,0.075,25.5,0.147,0.147,50.0,1.604,1.604,545.3,holt_winters
2021-11-08,LA LIBERTAD,0.49027538768526163,0.36570430053002406,0.16650790875345906,0.4412478489167353,1.9480568133287037,-0.125,0.125,25.5,-0.324,0.324,66.1,-0.049,0.049,10.0,1.458,1.458,297.4,naive
2021-11-15,LA LIBERTAD,0.6373580039908405,0.5496338352417638,0.3921619585168222,0.4902753876852616,1.8481564639272312,-0.088,0.088,13.8,-0.245,0.245,38.4,-0.147,0.147,23.1,1.211,1.211,190.0,arima
2021-11-22,LA LIBERTAD,0.9805507753705244,0.6400424634973487,0.47460700282237417,0.4902753876852616,1.9980069880294389,-0.341,0.341,34.8,-0.506,0.506,51.6,-0.49,0.49,50.0,1.017,1.017,103.7,arima
2021-11-29,LA LIBERTAD,1.2256884692131556,0.5652063119030863,0.56682271967937,0.4902753876852616,2.2977080362338556,-0.66,0.66,53.8,-0.659,0.659,53.8,-0.735,0.735,60.0,1.072,1.072,87.5,holt_winters
2021-12-06,LA LIBERTAD,1.2256884692131558,0.5883694061454006,0.6005761309208342,0.4902753876852616,2.1978076868323835,-0.637,0.637,52.0,-0.625,0.625,51.0,-0.735,0.735,60.0,0.972,0.972,79.3,holt_winters
2021-12-13,LA LIBERTAD,1.0295783141390507,1.1817750329836616,1.1150626797985845,1.2256884692131558,2.097907337430912,0.152,0.152,14.8,0.085,0.085,8.3,0.196,0.196,19.0,1.068,1.068,103.7,holt_winters
2021-12-20,LA LIBERTAD,0.539302926453788,1.065364200042008,1.2451016341914398,1.2256884692131558,2.097907337430912,0.526,0.526,97.5,0.706,0.706,130.9,0.686,0.686,127.2,1.559,1.559,289.1,arima
2021-12-27,LA LIBERTAD,0.7354130815278929,1.15206078792232,1.4425820184364597,1.2256884692131558,2.447558560336063,0.417,0.417,56.7,0.707,0.707,96.1,0.49,0.49,66.6,1.712,1.712,232.8,arima
2022-01-03,LA LIBERTAD,0.9235207080340722,1.1269234389775074,1.8221807552656526,1.2256884692131558,2.6298291764270227,0.203,0.203,22.0,0.899,0.899,97.3,0.302,0.302,32.7,1.706,1.706,184.7,arima
2022-01-10,LA LIBERTAD,1.3567660283828828,1.2227329743764899,1.1663169610711512,0.9235207080340722,3.448535160576613,-0.134,0.134,9.9,-0.19,0.19,14.0,-0.433,0.433,31.9,2.092,2.092,154.2,arima
2022-01-17,LA LIBERTAD,1.5885661746123045,1.1186262377536162,1.1962692373236141,0.9235207080340722,4.559561105472944,-0.47,0.47,29.6,-0.392,0.392,24.7,-0.665,0.665,41.9,2.971,2.971,187.0,holt_winters
2022-01-24,LA LIBERTAD,1.4441510678293676,1.0814417327300943,1.115970802958591,0.9235207080340722,4.804698799315575,-0.363,0.363,25.1,-0.328,0.328,22.7,-0.521,0.521,36.1,3.361,3.361,232.7,holt_winters
2022-01-31,LA LIBERTAD,1.6848429124675957,1.1445388180039515,1.0152412047399153,0.9235207080340722,4.804698799315575,-0.54,0.54,32.1,-0.67,0.67,39.8,-0.761,0.761,45.2,3.12,3.12,185.2,arima
2022-02-07,LA LIBERTAD,1.3960126989017219,1.5199884427883967,1.562790430520986,1.6848429124675954,3.6770654076394695,0.124,0.124,8.9,0.167,0.167,12.0,0.289,0.289,20.7,2.281,2.281,163.4,arima
2022-02-14,LA LIBERTAD,1.3960126989017219,1.7484140646645265,1.563710972199373,1.6848429124675954,4.559561105472944,0.352,0.352,25.2,0.168,0.168,12.0,0.289,0.289,20.7,3.164,3.164,226.6,holt_winters
2022-02-21,LA LIBERTAD,1.010905747480557,1.6388325520770306,1.5483094723160953,1.6848429124675954,4.363450950398837,0.628,0.628,62.1,0.537,0.537,53.1,0.674,0.674,66.7,3.353,3.353,331.7,holt_winters
2022-02-28,LA LIBERTAD,0.8183522717699745,1.641326773218855,1.761645215567814,1.6848429124675954,5.39302926453789,0.823,0.823,100.6,0.943,0.943,115.2,0.866,0.866,105.8,4.575,4.575,559.1,arima
2022-03-07,LA LIBERTAD,1.0590441164082025,0.771108311018279,0.6486512418958619,0.8183522717699745,4.8537263380841,-0.288,0.288,27.2,-0.41,0.41,38.7,-0.241,0.241,22.8,3.795,3.795,358.3,naive
2022-03-14,LA LIBERTAD,1.010905747480557,0.7556422985589764,0.5599023984250675,0.8183522717699745,3.9712306402506288,-0.255,0.255,25.2,-0.451,0.451,44.6,-0.193,0.193,19.1,2.96,2.96,292.8,naive
2022-03-21,LA LIBERTAD,0.86649064069762,0.7813756215814038,0.4713667148825377,0.8183522717699745,2.990679864880102,-0.085,0.085,9.8,-0.395,0.395,45.6,-0.048,0.048,5.5,2.124,2.124,245.1,naive
2022-03-28,LA LIBERTAD,0.86649064069762,0.7681686933385732,0.4079106230782245,0.8183522717699745,3.58685473630538,-0.098,0.098,11.3,-0.459,0.459,53.0,-0.048,0.048,5.5,2.72,2.72,313.9,naive
2022-04-04,LA LIBERTAD,1.0590441164082025,0.962868740414069,0.843412404627025,0.86649064069762,3.9790750464535893,-0.096,0.096,9.1,-0.216,0.216,20.4,-0.193,0.193,18.2,2.92,2.92,275.7,arima
2022-04-11,LA LIBERTAD,1.2997359610464307,1.1289740700235886,0.822143671360954,0.86649064069762,5.163580383101184,-0.171,0.171,13.2,-0.478,0.478,36.8,-0.433,0.433,33.3,3.864,3.864,297.3,arima
2022-04-18,LA LIBERTAD,1.0590441164082025,0.9699997606196527,0.9102729617642209,0.86649064069762,5.163580383101184,-0.089,0.089,8.4,-0.149,0.149,14.1,-0.193,0.193,18.2,4.105,4.105,387.6,arima
2022-04-25,LA LIBERTAD,0.9627673785529113,1.0201531873144347,0.8885392256433333,0.86649064069762,5.310662999406763,0.057,0.057,5.9,-0.074,0.074,7.7,-0.096,0.096,10.0,4.348,4.348,451.6,arima
2022-05-02,LA LIBERTAD,0.9146290096252657,0.92431510409444,1.1036936514649711,0.9627673785529114,5.3106629994067625,0.01,0.01,1.1,0.189,0.189,20.7,0.048,0.048,5.2,4.396,4.396,480.6,arima
2022-05-09,LA LIBERTAD,0.9627673785529113,0.9059511929345219,1.1043646021437379,0.9627673785529114,4.3712953566018005,-0.057,0.057,5.9,0.142,0.142,14.7,0.0,0.0,0.0,3.409,3.409,354.1,naive
2022-05-16,LA LIBERTAD,0.9146290096252657,0.9313636764310302,1.3299542839955079,0.9627673785529114,5.253791054435274,0.017,0.017,1.9,0.415,0.415,45.4,0.048,0.048,5.2,4.339,4.339,474.4,arima
2022-05-23,LA LIBERTAD,1.010905747480557,0.9199332743102577,1.5877212073814397,0.9627673785529114,5.196919109463785,-0.091,0.091,9.0,0.577,0.577,57.1,-0.048,0.048,4.7,4.186,4.186,414.1,naive
2022-05-30,LA LIBERTAD,1.0590441164082025,0.9904059164203833,1.216019642264543,1.0109057474805567,6.128442346065785,-0.069,0.069,6.5,0.157,0.157,14.8,-0.048,0.048,4.5,5.069,5.069,478.6,naive
2022-06-06,LA LIBERTAD,1.2034592231911392,1.0868939182852513,1.2194990023610042,1.0109057474805567,5.442056803306418,-0.117,0.117,9.7,0.016,0.016,1.3,-0.193,0.193,16.0,4.239,4.239,352.2,holt_winters
2022-06-13,LA LIBERTAD,1.010905747480557,1.0267099165610758,1.0830692520242904,1.0109057474805567,4.06928571778768,0.016,0.016,1.6,0.072,0.072,7.1,-0.0,0.0,0.0,3.058,3.058,302.5,naive
2022-06-20,LA LIBERTAD,1.2997359610464307,1.0368052290649454,0.9149535577969774,1.0109057474805567,2.549432015963365,-0.263,0.263,20.2,-0.385,0.385,29.6,-0.289,0.289,22.2,1.25,1.25,96.2,arima
2022-06-27,LA LIBERTAD,1.2034592231911394,1.3868700213651275,1.129453261667856,1.2997359610464305,1.7649913956669447,0.183,0.183,15.2,-0.074,0.074,6.1,0.096,0.096,8.0,0.562,0.562,46.7,holt_winters
2022-07-04,LA LIBERTAD,1.3960126989017219,1.6045065692139637,1.0427678622038727,1.2997359610464305,1.1276333916761034,0.208,0.208,14.9,-0.353,0.353,25.3,-0.096,0.096,6.9,-0.268,0.268,19.2,naive
2022-07-11,LA LIBERTAD,1.107182485335848,1.4265861485394824,1.0284726878875983,1.2997359610464305,0.8334681590649455,0.319,0.319,28.8,-0.079,0.079,7.1,0.193,0.193,17.4,-0.274,0.274,24.7,holt_winters
2022-07-18,LA LIBERTAD,1.5885661746123043,1.4811085588243849,1.0295106725122576,1.2997359610464305,0.588330465222314,-0.107,0.107,6.7,-0.559,0.559,35.2,-0.289,0.289,18.2,-1.0,1.0,62.9,arima
2022-07-25,LA LIBERTAD,1.7329812813952412,1.6694513919815148,1.771034850858702,1.5885661746123043,0.6373580039908404,-0.064,0.064,3.7,0.038,0.038,2.2,-0.144,0.144,8.3,-1.096,1.096,63.2,holt_winters
2022-08-01,LA LIBERTAD,1.6367045435399499,1.8595863031074247,1.808593684735297,1.5885661746123043,0.5393029264537879,0.223,0.223,13.6,0.172,0.172,10.5,-0.048,0.048,2.9,-1.097,1.097,67.0,naive
2022-08-08,LA LIBERTAD,1.2997359610464307,1.7055879921050403,1.7384725745113605,1.5885661746123043,0.34319277137968285,0.406,0.406,31.2,0.439,0.439,33.8,0.289,0.289,22.2,-0.957,0.957,73.6,naive
2022-08-15,LA LIBERTAD,1.0590441164082025,1.7552713000826459,1.6054173857183005,1.5885661746123043,0.29416523261115646,0.696,0.696,65.7,0.546,0.546,51.6,0.53,0.53,50.0,-0.765,0.765,72.2,naive
2022-08-22,LA LIBERTAD,0.9627673785529112,1.0687532443592822,0.939757662032747,1.0590441164082027,0.1961101550741039,0.106,0.106,11.0,-0.023,0.023,2.4,0.096,0.096,10.0,-0.767,0.767,79.7,holt_winters
2022-08-29,LA LIBERTAD,0.8183522717699745,1.0242374393630627,0.8878571998727347,1.0590441164082027,0.29416523261115646,0.206,0.206,25.2,0.07,0.07,8.6,0.241,0.241,29.4,-0.524,0.524,64.0,holt_winters
2022-09-05,LA LIBERTAD,0.5776604271317463,1.0527875122321566,0.7935856298616151,1.0590441164082027,0.34319277137968285,0.475,0.475,82.2,0.216,0.216,37.4,0.481,0.481,83.3,-0.234,0.234,40.5,holt_winters
2022-09-12,LA LIBERTAD,0.5295220582041007,1.0469002697527148,0.9268667322718902,1.0590441164082027,0.4902753876852616,0.517,0.517,97.6,0.397,0.397,75.0,0.53,0.53,100.1,-0.039,0.039,7.4,seasonal_naive
2022-09-19,LA LIBERTAD,0.5776604271317463,0.47327642208331866,0.4465555624595086,0.5295220582041007,0.7844406202964194,-0.104,0.104,18.0,-0.131,0.131,22.7,-0.048,0.048,8.3,0.207,0.207,35.8,naive
2022-09-26,LA LIBERTAD,0.6257987960593919,0.5466427900364017,0.5385342393036956,0.5295220582041007,0.8824956978334717,-0.079,0.079,12.6,-0.087,0.087,13.9,-0.096,0.096,15.3,0.257,0.257,41.1,arima
2022-10-03,LA LIBERTAD,0.5295220582041006,0.5125893393645238,0.4378066496851689,0.5295220582041007,0.7844406202964194,-0.017,0.017,3.2,-0.092,0.092,17.4,0.0,0.0,0.0,0.255,0.255,48.2,naive
2022-10-10,LA LIBERTAD,0.3851069514211638,0.5106670627438818,0.3500655015153836,0.5295220582041007,0.4412478489167353,0.126,0.126,32.7,-0.035,0.035,9.1,0.144,0.144,37.4,0.056,0.056,14.5,holt_winters
2022-10-17,LA LIBERTAD,0.6257987960593919,0.3933193034489951,0.22290142760074647,0.3851069514211638,0.29416523261115646,-0.232,0.232,37.1,-0.403,0.403,64.4,-0.241,0.241,38.5,-0.332,0.332,53.1,arima
2022-10-24,LA LIBERTAD,0.8183522717699744,0.38591446939684393,0.24521056889005055,0.3851069514211638,0.29416523261115646,-0.432,0.432,52.8,-0.573,0.573,70.0,-0.433,0.433,52.9,-0.524,0.524,64.0,arima
2022-10-31,LA LIBERTAD,0.7220755339146833,0.38830918263813047,0.20423413157854833,0.3851069514211638,0.29416523261115646,-0.334,0.334,46.3,-0.518,0.518,71.7,-0.337,0.337,46.7,-0.428,0.428,59.3,arima
2022-11-07,LA LIBERTAD,0.5776604271317464,0.38928181142048746,0.25287505564080354,0.3851069514211638,0.4902753876852616,-0.188,0.188,32.5,-0.325,0.325,56.3,-0.193,0.193,33.4,-0.087,0.087,15.1,seasonal_naive
2022-11-14,LA LIBERTAD,0.6257987960593919,0.49862958841401783,0.4684917484033785,0.5776604271317463,0.6373580039908404,-0.127,0.127,20.3,-0.157,0.157,25.1,-0.048,0.048,7.7,0.012,0.012,1.9,seasonal_naive
2022-11-21,LA LIBERTAD,1.2515975921187852,0.5941163083359375,0.6298360348155934,0.5776604271317463,0.9805507753705245,-0.657,0.657,52.5,-0.622,0.622,49.7,-0.674,0.674,53.9,-0.271,0.271,21.7,seasonal_naive
2022-11-28,LA LIBERTAD,1.5404278056846588,0.5513897210874561,0.7608123026674201,0.5776604271317463,1.2256884692131558,-0.989,0.989,64.2,-0.78,0.78,50.6,-0.963,0.963,62.5,-0.315,0.315,20.4,seasonal_naive
2022-12-05,LA LIBERTAD,1.4922894367570132,0.5503167438318217,0.803292588934315,0.5776604271317463,1.2256884692131558,-0.942,0.942,63.1,-0.689,0.689,46.2,-0.915,0.915,61.3,-0.267,0.267,17.9,seasonal_naive
