date,actual,predicted,model,region
2010-12-27,3.998432614415151,3.1987460915321204,naive,MADRE DE DIOS
2011-01-03,1.5993730457660613,3.1987460915321204,naive,MADRE DE DIOS
2011-01-10,1.5993730457660613,3.1987460915321204,naive,MADRE DE DIOS
2011-01-17,0.0,3.1987460915321204,naive,MADRE DE DIOS
2011-01-24,0.0,0.0,naive,MADRE DE DIOS
2011-01-31,0.0,0.0,naive,MADRE DE DIOS
2011-02-07,0.0,0.0,naive,MADRE DE DIOS
2011-02-14,0.7679665780945232,0.0,naive,MADRE DE DIOS
2011-02-21,0.7679665780945232,0.7679665780945231,naive,MADRE DE DIOS
2011-02-28,0.7679665780945232,0.7679665780945231,naive,MADRE DE DIOS
2011-03-07,5.271693131349464,0.7679665780945231,naive,MADRE DE DIOS
2011-03-14,5.271693131349464,0.7679665780945231,naive,MADRE DE DIOS
2011-03-21,5.271693131349464,5.271693131349463,naive,MADRE DE DIOS
2011-03-28,0.0,5.271693131349463,naive,MADRE DE DIOS
2011-04-04,0.7679665780945232,5.271693131349463,naive,MADRE DE DIOS
2011-04-11,1.5359331561890446,5.271693131349463,naive,MADRE DE DIOS
2011-04-18,1.5359331561890446,1.5359331561890444,naive,MADRE DE DIOS
2011-04-25,0.7679665780945232,1.5359331561890444,naive,MADRE DE DIOS
2011-05-02,0.0,1.5359331561890444,naive,MADRE DE DIOS
2011-05-09,0.0,1.5359331561890444,naive,MADRE DE DIOS
2011-05-16,0.0,0.0,naive,MADRE DE DIOS
2011-05-23,0.0,0.0,naive,MADRE DE DIOS
2011-05-30,0.7679665780945232,0.0,naive,MADRE DE DIOS
2011-06-06,1.5359331561890446,0.0,naive,MADRE DE DIOS
2011-06-13,1.5359331561890446,1.5359331561890444,naive,MADRE DE DIOS
2011-06-20,0.7679665780945232,1.5359331561890444,naive,MADRE DE DIOS
2011-06-27,0.0,1.5359331561890444,naive,MADRE DE DIOS
2011-07-04,0.7679665780945232,1.5359331561890444,naive,MADRE DE DIOS
2011-07-11,0.7679665780945232,0.7679665780945231,naive,MADRE DE DIOS
2011-07-18,0.7679665780945232,0.7679665780945231,naive,MADRE DE DIOS
2011-07-25,3.0718663123780874,0.7679665780945231,naive,MADRE DE DIOS
2011-08-01,3.0718663123780874,0.7679665780945231,naive,MADRE DE DIOS
2011-08-08,3.0718663123780874,3.071866312378088,naive,MADRE DE DIOS
2011-08-15,0.0,3.071866312378088,naive,MADRE DE DIOS
2011-08-22,0.0,3.071866312378088,naive,MADRE DE DIOS
2011-08-29,1.5359331561890446,3.071866312378088,naive,MADRE DE DIOS
2011-09-05,1.5359331561890446,1.5359331561890444,naive,MADRE DE DIOS
2011-09-12,1.5359331561890446,1.5359331561890444,naive,MADRE DE DIOS
2011-09-19,0.0,1.5359331561890444,naive,MADRE DE DIOS
2011-09-26,1.5359331561890446,1.5359331561890444,naive,MADRE DE DIOS
2011-10-03,1.5359331561890446,1.5359331561890444,naive,MADRE DE DIOS
2011-10-10,6.143732624756172,1.5359331561890444,naive,MADRE DE DIOS
2011-10-17,5.37576604666165,1.5359331561890444,naive,MADRE DE DIOS
2011-10-24,5.37576604666165,1.5359331561890444,naive,MADRE DE DIOS
2011-10-31,0.7679665780945232,5.37576604666165,naive,MADRE DE DIOS
2011-11-07,0.0,5.37576604666165,naive,MADRE DE DIOS
2011-11-14,0.7679665780945232,5.37576604666165,naive,MADRE DE DIOS
2011-11-21,0.7679665780945232,5.37576604666165,naive,MADRE DE DIOS
2011-11-28,3.0718663123780865,0.7679665780945231,naive,MADRE DE DIOS
2011-12-05,3.0718663123780865,0.7679665780945231,naive,MADRE DE DIOS
2011-12-12,6.143732624756172,0.7679665780945231,naive,MADRE DE DIOS
2011-12-19,5.37576604666165,0.7679665780945231,naive,MADRE DE DIOS
2011-12-26,6.911699202850694,5.37576604666165,naive,MADRE DE DIOS
2012-01-02,4.578499892001648,5.37576604666165,naive,MADRE DE DIOS
2012-01-09,4.519900738870687,5.37576604666165,naive,MADRE DE DIOS
2012-01-16,2.2160010045871235,5.37576604666165,naive,MADRE DE DIOS
2012-01-23,4.432002009174245,2.2160010045871235,naive,MADRE DE DIOS
2012-01-30,2.954668006116164,2.2160010045871235,naive,MADRE DE DIOS
2012-02-06,5.909336012232327,2.2160010045871235,naive,MADRE DE DIOS
2012-02-13,3.6933350076452047,2.2160010045871235,naive,MADRE DE DIOS
2012-02-20,3.6933350076452047,3.6933350076452047,naive,MADRE DE DIOS
2012-02-27,1.4773340030580826,3.6933350076452047,naive,MADRE DE DIOS
2012-03-05,2.2160010045871235,3.6933350076452047,naive,MADRE DE DIOS
2012-03-12,2.954668006116164,3.6933350076452047,naive,MADRE DE DIOS
2012-03-19,5.909336012232327,2.954668006116164,naive,MADRE DE DIOS
2012-03-26,8.86400401834849,2.954668006116164,naive,MADRE DE DIOS
2012-04-02,8.864004018348489,2.954668006116164,naive,MADRE DE DIOS
2012-04-09,5.909336012232327,2.954668006116164,naive,MADRE DE DIOS
2012-04-16,1.4773340030580826,5.909336012232326,naive,MADRE DE DIOS
2012-04-23,1.4773340030580826,5.909336012232326,naive,MADRE DE DIOS
2012-04-30,2.954668006116164,5.909336012232326,naive,MADRE DE DIOS
2012-05-07,2.954668006116164,5.909336012232326,naive,MADRE DE DIOS
2012-05-14,4.432002009174245,2.954668006116164,naive,MADRE DE DIOS
2012-05-21,4.432002009174245,2.954668006116164,naive,MADRE DE DIOS
2012-05-28,5.170669010703286,2.954668006116164,naive,MADRE DE DIOS
2012-06-04,7.386670015290409,2.954668006116164,naive,MADRE DE DIOS
2012-06-11,5.909336012232327,7.3866700152904095,naive,MADRE DE DIOS
2012-06-18,7.386670015290409,7.3866700152904095,naive,MADRE DE DIOS
2012-06-25,4.432002009174245,7.3866700152904095,naive,MADRE DE DIOS
2012-07-02,4.432002009174245,7.3866700152904095,naive,MADRE DE DIOS
2012-07-09,2.2160010045871235,4.432002009174246,naive,MADRE DE DIOS
2012-07-16,2.954668006116164,4.432002009174246,naive,MADRE DE DIOS
2012-07-23,4.432002009174245,4.432002009174246,naive,MADRE DE DIOS
2012-07-30,5.909336012232327,4.432002009174246,naive,MADRE DE DIOS
2012-08-06,5.170669010703286,5.909336012232326,naive,MADRE DE DIOS
2012-08-13,2.954668006116164,5.909336012232326,naive,MADRE DE DIOS
2012-08-20,1.4773340030580826,5.909336012232326,naive,MADRE DE DIOS
2012-08-27,0.7386670015290419,5.909336012232326,naive,MADRE DE DIOS
2012-09-03,2.2160010045871235,0.738667001529042,naive,MADRE DE DIOS
2012-09-10,3.6933350076452047,0.738667001529042,naive,MADRE DE DIOS
2012-09-17,2.954668006116164,0.738667001529042,naive,MADRE DE DIOS
2012-09-24,1.4773340030580826,0.738667001529042,naive,MADRE DE DIOS
2012-10-01,2.2160010045871235,1.4773340030580826,naive,MADRE DE DIOS
2012-10-08,7.386670015290409,1.4773340030580826,naive,MADRE DE DIOS
2012-10-15,7.386670015290409,1.4773340030580826,naive,MADRE DE DIOS
2012-10-22,5.170669010703286,1.4773340030580826,naive,MADRE DE DIOS
2012-10-29,0.7386670015290419,5.170669010703286,naive,MADRE DE DIOS
2012-11-05,0.7386670015290419,5.170669010703286,naive,MADRE DE DIOS
2012-11-12,2.2160010045871235,5.170669010703286,naive,MADRE DE DIOS
2012-11-19,1.4773340030580826,5.170669010703286,naive,MADRE DE DIOS
2012-11-26,3.6933350076452047,1.4773340030580826,naive,MADRE DE DIOS
2012-12-03,2.954668006116164,1.4773340030580826,naive,MADRE DE DIOS
2012-12-10,4.432002009174245,1.4773340030580826,naive,MADRE DE DIOS
2012-12-17,2.2160010045871235,1.4773340030580826,naive,MADRE DE DIOS
2012-12-24,1.4773340030580826,2.2160010045871235,naive,MADRE DE DIOS
2012-12-31,0.7386670015290419,2.2160010045871235,naive,MADRE DE DIOS
2013-01-07,1.450187948705727,2.2160010045871235,naive,MADRE DE DIOS
2013-01-14,2.1617088958824118,2.2160010045871235,naive,MADRE DE DIOS
2013-01-21,2.134562841530055,2.1617088958824118,naive,MADRE DE DIOS
2013-01-28,1.4230418943533707,2.1617088958824118,naive,MADRE DE DIOS
2013-02-04,1.4230418943533711,2.1617088958824118,naive,MADRE DE DIOS
2013-02-11,2.1345628415300557,2.1617088958824118,naive,MADRE DE DIOS
2013-02-18,3.557604735883426,2.134562841530056,naive,MADRE DE DIOS
2013-02-25,2.846083788706741,2.134562841530056,naive,MADRE DE DIOS
2013-03-04,1.4230418943533714,2.134562841530056,naive,MADRE DE DIOS
2013-03-11,0.0,2.134562841530056,naive,MADRE DE DIOS
2013-03-18,2.8460837887067414,0.0,naive,MADRE DE DIOS
2013-03-25,3.557604735883426,0.0,naive,MADRE DE DIOS
2013-04-01,3.557604735883426,0.0,naive,MADRE DE DIOS
2013-04-08,0.7115209471766861,0.0,naive,MADRE DE DIOS
2013-04-15,1.4230418943533711,0.7115209471766861,naive,MADRE DE DIOS
2013-04-22,4.980646630236795,0.7115209471766861,naive,MADRE DE DIOS
2013-04-29,7.115209471766851,0.7115209471766861,naive,MADRE DE DIOS
2013-05-06,7.8267304189435345,0.7115209471766861,naive,MADRE DE DIOS
2013-05-13,4.2691256830601105,7.826730418943535,naive,MADRE DE DIOS
2013-05-20,2.1345628415300557,7.826730418943535,naive,MADRE DE DIOS
2013-05-27,2.1345628415300557,7.826730418943535,naive,MADRE DE DIOS
2013-06-03,2.1345628415300557,7.826730418943535,naive,MADRE DE DIOS
2013-06-10,4.980646630236795,2.134562841530056,naive,MADRE DE DIOS
2013-06-17,2.846083788706741,2.134562841530056,naive,MADRE DE DIOS
2013-06-24,2.846083788706741,2.134562841530056,naive,MADRE DE DIOS
2013-07-01,0.0,2.134562841530056,naive,MADRE DE DIOS
2013-07-08,1.4230418943533711,0.0,naive,MADRE DE DIOS
2013-07-15,2.846083788706741,0.0,naive,MADRE DE DIOS
2013-07-22,2.846083788706741,0.0,naive,MADRE DE DIOS
2013-07-29,2.1345628415300557,0.0,naive,MADRE DE DIOS
2013-08-05,2.134562841530056,2.134562841530056,naive,MADRE DE DIOS
2013-08-12,2.846083788706741,2.134562841530056,naive,MADRE DE DIOS
2013-08-19,2.846083788706741,2.134562841530056,naive,MADRE DE DIOS
2013-08-26,1.4230418943533714,2.134562841530056,naive,MADRE DE DIOS
2013-09-02,0.7115209471766865,1.4230418943533714,naive,MADRE DE DIOS
2013-09-09,0.0,1.4230418943533714,naive,MADRE DE DIOS
2013-09-16,0.0,1.4230418943533714,naive,MADRE DE DIOS
2013-09-23,0.0,1.4230418943533714,naive,MADRE DE DIOS
2013-09-30,0.7115209471766865,0.0,naive,MADRE DE DIOS
2013-10-07,1.4230418943533714,0.0,naive,MADRE DE DIOS
2013-10-14,1.4230418943533714,0.0,naive,MADRE DE DIOS
2013-10-21,0.7115209471766865,0.0,naive,MADRE DE DIOS
2013-10-28,0.0,0.7115209471766863,naive,MADRE DE DIOS
2013-11-04,0.0,0.7115209471766863,naive,MADRE DE DIOS
2013-11-11,0.0,0.7115209471766863,naive,MADRE DE DIOS
2013-11-18,0.0,0.7115209471766863,naive,MADRE DE DIOS
2013-11-25,0.7115209471766865,0.0,naive,MADRE DE DIOS
2013-12-02,0.7115209471766865,0.0,naive,MADRE DE DIOS
2013-12-09,0.7115209471766865,0.0,naive,MADRE DE DIOS
2013-12-16,0.0,0.0,naive,MADRE DE DIOS
2013-12-23,0.0,0.0,naive,MADRE DE DIOS
2013-12-30,0.0,0.0,naive,MADRE DE DIOS
2014-01-06,0.0,0.0,naive,MADRE DE DIOS
2014-01-13,0.0,0.0,naive,MADRE DE DIOS
2014-01-20,0.6862994049784175,0.0,naive,MADRE DE DIOS
2014-01-27,0.6862994049784175,0.0,naive,MADRE DE DIOS
2014-02-03,0.6862994049784175,0.0,naive,MADRE DE DIOS
2014-02-10,0.0,0.0,naive,MADRE DE DIOS
2014-02-17,0.0,0.0,naive,MADRE DE DIOS
2014-02-24,0.0,0.0,naive,MADRE DE DIOS
2014-03-03,0.0,0.0,naive,MADRE DE DIOS
2014-03-10,0.0,0.0,naive,MADRE DE DIOS
2014-03-17,1.3725988099568334,0.0,naive,MADRE DE DIOS
2014-03-24,2.745197619913666,0.0,naive,MADRE DE DIOS
2014-03-31,3.4314970248920815,0.0,naive,MADRE DE DIOS
2014-04-07,2.0588982149352493,0.0,naive,MADRE DE DIOS
2014-04-14,1.3725988099568334,2.0588982149352493,naive,MADRE DE DIOS
2014-04-21,0.6862994049784175,2.0588982149352493,naive,MADRE DE DIOS
2014-04-28,0.6862994049784175,2.0588982149352493,naive,MADRE DE DIOS
2014-05-05,0.0,2.0588982149352493,naive,MADRE DE DIOS
2014-05-12,0.0,0.0,naive,MADRE DE DIOS
2014-05-19,0.6862994049784175,0.0,naive,MADRE DE DIOS
2014-05-26,1.3725988099568334,0.0,naive,MADRE DE DIOS
2014-06-02,1.3725988099568334,0.0,naive,MADRE DE DIOS
2014-06-09,1.3725988099568334,1.3725988099568336,naive,MADRE DE DIOS
2014-06-16,2.745197619913665,1.3725988099568336,naive,MADRE DE DIOS
2014-06-23,3.4314970248920815,1.3725988099568336,naive,MADRE DE DIOS
2014-06-30,2.745197619913666,1.3725988099568336,naive,MADRE DE DIOS
2014-07-07,0.6862994049784175,2.745197619913666,naive,MADRE DE DIOS
2014-07-14,0.0,2.745197619913666,naive,MADRE DE DIOS
2014-07-21,0.0,2.745197619913666,naive,MADRE DE DIOS
2014-07-28,0.6862994049784175,2.745197619913666,naive,MADRE DE DIOS
2014-08-04,1.3725988099568334,0.6862994049784175,naive,MADRE DE DIOS
2014-08-11,2.058898214935248,0.6862994049784175,naive,MADRE DE DIOS
2014-08-18,1.3725988099568334,0.6862994049784175,naive,MADRE DE DIOS
2014-08-25,0.6862994049784175,0.6862994049784175,naive,MADRE DE DIOS
2014-09-01,0.6862994049784175,0.6862994049784175,naive,MADRE DE DIOS
2014-09-08,1.3725988099568334,0.6862994049784175,naive,MADRE DE DIOS
2014-09-15,1.3725988099568334,0.6862994049784175,naive,MADRE DE DIOS
2014-09-22,1.3725988099568334,0.6862994049784175,naive,MADRE DE DIOS
2014-09-29,0.6862994049784175,1.3725988099568336,naive,MADRE DE DIOS
2014-10-06,0.6862994049784175,1.3725988099568336,naive,MADRE DE DIOS
2014-10-13,0.6862994049784175,1.3725988099568336,naive,MADRE DE DIOS
2014-10-20,0.6862994049784175,1.3725988099568336,naive,MADRE DE DIOS
2014-10-27,0.6862994049784175,0.6862994049784175,naive,MADRE DE DIOS
2014-11-03,1.3725988099568334,0.6862994049784175,naive,MADRE DE DIOS
2014-11-10,1.3725988099568334,0.6862994049784175,naive,MADRE DE DIOS
2014-11-17,2.0588982149352493,0.6862994049784175,naive,MADRE DE DIOS
2014-11-24,1.3725988099568334,2.0588982149352493,naive,MADRE DE DIOS
2014-12-01,1.3725988099568334,2.0588982149352493,naive,MADRE DE DIOS
2014-12-08,1.3725988099568334,2.0588982149352493,naive,MADRE DE DIOS
2014-12-15,0.6862994049784175,2.0588982149352493,naive,MADRE DE DIOS
2014-12-22,0.6862994049784175,0.6862994049784175,naive,MADRE DE DIOS
2014-12-29,1.3725988099568334,0.6862994049784175,naive,MADRE DE DIOS
2015-01-05,1.3725988099568334,0.6862994049784175,naive,MADRE DE DIOS
2015-01-12,1.3725988099568334,0.6862994049784175,naive,MADRE DE DIOS
2015-01-19,0.0,1.3725988099568336,naive,MADRE DE DIOS
2015-01-26,0.0,1.3725988099568336,naive,MADRE DE DIOS
2015-02-02,0.6628047244720775,1.3725988099568336,naive,MADRE DE DIOS
2015-02-09,0.6628047244720775,1.3725988099568336,naive,MADRE DE DIOS
2015-02-16,1.9884141734162295,0.6628047244720774,naive,MADRE DE DIOS
2015-02-23,1.3256094489441534,0.6628047244720774,naive,MADRE DE DIOS
2015-03-02,1.9884141734162293,0.6628047244720774,naive,MADRE DE DIOS
2015-03-09,0.6628047244720775,0.6628047244720774,naive,MADRE DE DIOS
2015-03-16,1.3256094489441534,0.6628047244720774,naive,MADRE DE DIOS
2015-03-23,0.6628047244720775,0.6628047244720774,naive,MADRE DE DIOS
2015-03-30,5.934497855821539,0.6628047244720774,naive,MADRE DE DIOS
2015-04-06,8.585716753709844,0.6628047244720774,naive,MADRE DE DIOS
2015-04-13,8.585716753709844,8.585716753709844,naive,MADRE DE DIOS
2015-04-20,3.314023622360382,8.585716753709844,naive,MADRE DE DIOS
2015-04-27,0.6628047244720777,8.585716753709844,naive,MADRE DE DIOS
2015-05-04,2.6512188978883056,8.585716753709844,naive,MADRE DE DIOS
2015-05-11,2.6512188978883056,2.6512188978883056,naive,MADRE DE DIOS
2015-05-18,3.314023622360382,2.6512188978883056,naive,MADRE DE DIOS
2015-05-25,2.6512188978883056,2.6512188978883056,naive,MADRE DE DIOS
2015-06-01,2.6512188978883056,2.6512188978883056,naive,MADRE DE DIOS
2015-06-08,2.6512188978883056,2.6512188978883056,naive,MADRE DE DIOS
2015-06-15,1.9884141734162297,2.6512188978883056,naive,MADRE DE DIOS
2015-06-22,1.9884141734162297,2.6512188978883056,naive,MADRE DE DIOS
2015-06-29,0.6628047244720777,2.6512188978883056,naive,MADRE DE DIOS
2015-07-06,0.0,0.6628047244720776,naive,MADRE DE DIOS
2015-07-13,1.3256094489441537,0.6628047244720776,naive,MADRE DE DIOS
2015-07-20,1.3256094489441537,0.6628047244720776,naive,MADRE DE DIOS
2015-07-27,1.9884141734162297,0.6628047244720776,naive,MADRE DE DIOS
2015-08-03,0.6628047244720777,1.988414173416229,naive,MADRE DE DIOS
2015-08-10,1.3256094489441537,1.988414173416229,naive,MADRE DE DIOS
2015-08-17,0.6628047244720777,1.988414173416229,naive,MADRE DE DIOS
2015-08-24,0.6628047244720777,1.988414173416229,naive,MADRE DE DIOS
2015-08-31,0.0,0.6628047244720776,naive,MADRE DE DIOS
2015-09-07,0.6628047244720777,0.6628047244720776,naive,MADRE DE DIOS
2015-09-14,1.3256094489441537,0.6628047244720776,naive,MADRE DE DIOS
2015-09-21,1.988414173416228,0.6628047244720776,naive,MADRE DE DIOS
2015-09-28,1.325609448944154,1.9884141734162277,naive,MADRE DE DIOS
2015-10-05,1.9884141734162295,1.9884141734162277,naive,MADRE DE DIOS
2015-10-12,1.3256094489441537,1.9884141734162277,naive,MADRE DE DIOS
2015-10-19,1.3256094489441537,1.9884141734162277,naive,MADRE DE DIOS
2015-10-26,0.0,1.3256094489441534,naive,MADRE DE DIOS
2015-11-02,0.6628047244720777,1.3256094489441534,naive,MADRE DE DIOS
2015-11-09,1.3256094489441537,1.3256094489441534,naive,MADRE DE DIOS
2015-11-16,1.3256094489441537,1.3256094489441534,naive,MADRE DE DIOS
2015-11-23,0.6628047244720777,1.3256094489441534,naive,MADRE DE DIOS
2015-11-30,0.0,1.3256094489441534,naive,MADRE DE DIOS
2015-12-07,1.3256094489441537,1.3256094489441534,naive,MADRE DE DIOS
2015-12-14,1.3256094489441537,1.3256094489441534,naive,MADRE DE DIOS
2015-12-21,1.9884141734162297,1.3256094489441534,naive,MADRE DE DIOS
2015-12-28,0.6628047244720777,1.3256094489441534,naive,MADRE DE DIOS
2016-01-04,1.3036701491415514,1.3256094489441534,naive,MADRE DE DIOS
2016-01-11,3.2043271233473702,1.3256094489441534,naive,MADRE DE DIOS
2016-01-18,3.2043271233473702,3.2043271233473707,naive,MADRE DE DIOS
2016-01-25,2.5634616986778966,3.2043271233473707,naive,MADRE DE DIOS
2016-02-01,0.0,3.2043271233473707,naive,MADRE DE DIOS
2016-02-08,0.0,3.2043271233473707,naive,MADRE DE DIOS
2016-02-15,1.2817308493389492,0.0,naive,MADRE DE DIOS
2016-02-22,1.2817308493389492,0.0,naive,MADRE DE DIOS
2016-02-29,1.2817308493389492,0.0,naive,MADRE DE DIOS
2016-03-07,1.2817308493389492,0.0,naive,MADRE DE DIOS
2016-03-14,1.9225962740084228,1.2817308493389494,naive,MADRE DE DIOS
2016-03-21,1.9225962740084228,1.2817308493389494,naive,MADRE DE DIOS
2016-03-28,3.2043271233473702,1.2817308493389494,naive,MADRE DE DIOS
2016-04-04,5.1269233973557915,1.2817308493389494,naive,MADRE DE DIOS
2016-04-11,5.1269233973557915,5.1269233973557915,naive,MADRE DE DIOS
2016-04-18,2.5634616986778966,5.1269233973557915,naive,MADRE DE DIOS
2016-04-25,0.0,5.1269233973557915,naive,MADRE DE DIOS
2016-05-02,3.2043271233473702,5.1269233973557915,naive,MADRE DE DIOS
2016-05-09,4.486057972686318,3.2043271233473707,naive,MADRE DE DIOS
2016-05-16,5.1269233973557915,3.2043271233473707,naive,MADRE DE DIOS
2016-05-23,5.1269233973557915,3.2043271233473707,naive,MADRE DE DIOS
2016-05-30,6.408654246694739,3.2043271233473707,naive,MADRE DE DIOS
2016-06-06,8.33125052070316,6.408654246694737,naive,MADRE DE DIOS
2016-06-13,10.253846794711581,6.408654246694737,naive,MADRE DE DIOS
2016-06-20,11.535577644050528,6.408654246694737,naive,MADRE DE DIOS
2016-06-27,9.612981370042107,6.408654246694737,naive,MADRE DE DIOS
2016-07-04,6.408654246694738,9.612981370042105,naive,MADRE DE DIOS
2016-07-11,2.5634616986778966,9.612981370042105,naive,MADRE DE DIOS
2016-07-18,5.767788822025264,9.612981370042105,naive,MADRE DE DIOS
2016-07-25,4.486057972686318,9.612981370042105,naive,MADRE DE DIOS
2016-08-01,6.408654246694738,4.486057972686318,naive,MADRE DE DIOS
2016-08-08,2.5634616986778975,4.486057972686318,naive,MADRE DE DIOS
2016-08-15,1.9225962740084237,4.486057972686318,naive,MADRE DE DIOS
2016-08-22,0.0,4.486057972686318,naive,MADRE DE DIOS
2016-08-29,1.9225962740084237,0.0,naive,MADRE DE DIOS
2016-09-05,3.8451925480168447,0.0,naive,MADRE DE DIOS
2016-09-12,6.408654246694739,0.0,naive,MADRE DE DIOS
2016-09-19,7.049519671364213,0.0,naive,MADRE DE DIOS
2016-09-26,5.126923397355792,7.049519671364214,naive,MADRE DE DIOS
2016-10-03,3.204327123347371,7.049519671364214,naive,MADRE DE DIOS
2016-10-10,0.6408654246694766,7.049519671364214,naive,MADRE DE DIOS
2016-10-17,1.9225962740084241,7.049519671364214,naive,MADRE DE DIOS
2016-10-24,1.9225962740084241,1.9225962740084244,naive,MADRE DE DIOS
2016-10-31,1.9225962740084241,1.9225962740084244,naive,MADRE DE DIOS
2016-11-07,3.204327123347371,1.9225962740084244,naive,MADRE DE DIOS
2016-11-14,2.5634616986778975,1.9225962740084244,naive,MADRE DE DIOS
2016-11-21,2.5634616986778975,2.5634616986778975,naive,MADRE DE DIOS
2016-11-28,0.6408654246694766,2.5634616986778975,naive,MADRE DE DIOS
2016-12-05,2.5634616986778975,2.5634616986778975,naive,MADRE DE DIOS
2016-12-12,3.204327123347371,2.5634616986778975,naive,MADRE DE DIOS
2016-12-19,5.126923397355792,3.2043271233473707,naive,MADRE DE DIOS
2016-12-26,6.408654246694739,3.2043271233473707,naive,MADRE DE DIOS
2017-01-02,6.388120823712569,3.2043271233473707,naive,MADRE DE DIOS
2017-01-09,3.8246591250346746,3.2043271233473707,naive,MADRE DE DIOS
2017-01-16,3.7219920101238215,3.8246591250346746,naive,MADRE DE DIOS
2017-01-23,3.101660008436518,3.8246591250346746,naive,MADRE DE DIOS
2017-01-30,4.962656013498427,3.8246591250346746,naive,MADRE DE DIOS
2017-02-06,4.342324011811123,3.8246591250346746,naive,MADRE DE DIOS
2017-02-13,6.203320016873033,4.342324011811123,naive,MADRE DE DIOS
2017-02-20,6.203320016873033,4.342324011811123,naive,MADRE DE DIOS
2017-02-27,8.684648023622247,4.342324011811123,naive,MADRE DE DIOS
2017-03-06,11.786308032058761,4.342324011811123,naive,MADRE DE DIOS
2017-03-13,11.786308032058761,11.786308032058763,naive,MADRE DE DIOS
2017-03-20,8.064316021934943,11.786308032058763,naive,MADRE DE DIOS
2017-03-27,6.8236520185603355,11.786308032058763,naive,MADRE DE DIOS
2017-04-03,4.962656013498427,11.786308032058763,naive,MADRE DE DIOS
2017-04-10,3.72199201012382,4.962656013498428,naive,MADRE DE DIOS
2017-04-17,4.342324011811123,4.962656013498428,naive,MADRE DE DIOS
2017-04-24,4.342324011811123,4.962656013498428,naive,MADRE DE DIOS
2017-05-01,7.4439840202476395,4.962656013498428,naive,MADRE DE DIOS
2017-05-08,6.203320016873033,7.44398402024764,naive,MADRE DE DIOS
2017-05-15,6.823652018560337,7.44398402024764,naive,MADRE DE DIOS
2017-05-22,6.203320016873033,7.44398402024764,naive,MADRE DE DIOS
2017-05-29,8.064316021934943,7.44398402024764,naive,MADRE DE DIOS
2017-06-05,7.4439840202476395,8.064316021934944,naive,MADRE DE DIOS
2017-06-12,6.203320016873033,8.064316021934944,naive,MADRE DE DIOS
2017-06-19,3.7219920101238206,8.064316021934944,naive,MADRE DE DIOS
2017-06-26,3.7219920101238206,8.064316021934944,naive,MADRE DE DIOS
2017-07-03,2.4813280067492145,3.72199201012382,naive,MADRE DE DIOS
2017-07-10,1.2406640033746086,3.72199201012382,naive,MADRE DE DIOS
2017-07-17,1.8609960050619117,3.72199201012382,naive,MADRE DE DIOS
2017-07-24,4.342324011811123,3.72199201012382,naive,MADRE DE DIOS
2017-07-31,4.342324011811123,4.342324011811123,naive,MADRE DE DIOS
2017-08-07,3.72199201012382,4.342324011811123,naive,MADRE DE DIOS
2017-08-14,2.4813280067492145,4.342324011811123,naive,MADRE DE DIOS
2017-08-21,2.4813280067492145,4.342324011811123,naive,MADRE DE DIOS
2017-08-28,6.203320016873033,2.481328006749215,naive,MADRE DE DIOS
2017-09-04,4.962656013498427,2.481328006749215,naive,MADRE DE DIOS
2017-09-11,4.342324011811123,2.481328006749215,naive,MADRE DE DIOS
2017-09-18,0.6203320016873054,2.481328006749215,naive,MADRE DE DIOS
2017-09-25,0.6203320016873054,0.6203320016873053,naive,MADRE DE DIOS
2017-10-02,0.6203320016873054,0.6203320016873053,naive,MADRE DE DIOS
2017-10-09,1.8609960050619117,0.6203320016873053,naive,MADRE DE DIOS
2017-10-16,1.8609960050619117,0.6203320016873053,naive,MADRE DE DIOS
2017-10-23,1.2406640033746086,1.8609960050619123,naive,MADRE DE DIOS
2017-10-30,2.4813280067492145,1.8609960050619123,naive,MADRE DE DIOS
2017-11-06,4.342324011811123,1.8609960050619123,naive,MADRE DE DIOS
2017-11-13,8.064316021934943,1.8609960050619123,naive,MADRE DE DIOS
2017-11-20,9.304980025309549,8.064316021934944,naive,MADRE DE DIOS
2017-11-27,8.684648023622247,8.064316021934944,naive,MADRE DE DIOS
2017-12-04,5.58298801518573,8.064316021934944,naive,MADRE DE DIOS
2017-12-11,1.8609960050619117,8.064316021934944,naive,MADRE DE DIOS
2017-12-18,0.6203320016873054,1.8609960050619123,naive,MADRE DE DIOS
2017-12-25,0.6203320016873054,1.8609960050619123,naive,MADRE DE DIOS
2018-01-01,0.6203320016873054,1.8609960050619123,naive,MADRE DE DIOS
2018-01-08,0.6203320016873054,1.8609960050619123,naive,MADRE DE DIOS
2018-01-15,2.4087969263751243,0.6203320016873053,naive,MADRE DE DIOS
2018-01-22,4.817593852750247,0.6203320016873053,naive,MADRE DE DIOS
2018-01-29,5.419793084344026,0.6203320016873053,naive,MADRE DE DIOS
2018-02-05,6.624191547531588,0.6203320016873053,naive,MADRE DE DIOS
2018-02-12,4.817593852750246,6.62419154753159,naive,MADRE DE DIOS
2018-02-19,9.487087752505927,6.62419154753159,naive,MADRE DE DIOS
2018-02-26,5.873892362943245,6.62419154753159,naive,MADRE DE DIOS
2018-03-05,7.078290826130806,6.62419154753159,naive,MADRE DE DIOS
2018-03-12,3.0109961579689046,7.078290826130807,naive,MADRE DE DIOS
2018-03-19,3.6131953895626854,7.078290826130807,naive,MADRE DE DIOS
2018-03-26,1.8065976947813438,7.078290826130807,naive,MADRE DE DIOS
2018-04-02,2.4087969263751243,7.078290826130807,naive,MADRE DE DIOS
2018-04-09,1.8065976947813436,2.4087969263751243,naive,MADRE DE DIOS
2018-04-16,2.4087969263751243,2.4087969263751243,naive,MADRE DE DIOS
2018-04-23,1.2043984631875635,2.4087969263751243,naive,MADRE DE DIOS
2018-04-30,1.2043984631875635,2.4087969263751243,naive,MADRE DE DIOS
2018-05-07,1.2043984631875635,1.2043984631875637,naive,MADRE DE DIOS
2018-05-14,1.2043984631875635,1.2043984631875637,naive,MADRE DE DIOS
2018-05-21,3.6131953895626854,1.2043984631875637,naive,MADRE DE DIOS
2018-05-28,5.419793084344026,1.2043984631875637,naive,MADRE DE DIOS
2018-06-04,10.089286984099708,5.419793084344026,naive,MADRE DE DIOS
2018-06-11,7.680490057724586,5.419793084344026,naive,MADRE DE DIOS
2018-06-18,6.476091594537025,5.419793084344026,naive,MADRE DE DIOS
2018-06-25,4.817593852750247,5.419793084344026,naive,MADRE DE DIOS
2018-07-02,7.828590010719149,4.817593852750247,naive,MADRE DE DIOS
2018-07-09,11.895884678881051,4.817593852750247,naive,MADRE DE DIOS
2018-07-16,10.69148621569349,4.817593852750247,naive,MADRE DE DIOS
2018-07-23,10.08928698409971,4.817593852750247,naive,MADRE DE DIOS
2018-07-30,7.226390779125366,10.08928698409971,naive,MADRE DE DIOS
2018-08-06,6.021992315937808,10.08928698409971,naive,MADRE DE DIOS
2018-08-13,4.817593852750247,10.08928698409971,naive,MADRE DE DIOS
2018-08-20,2.408796926375125,10.08928698409971,naive,MADRE DE DIOS
2018-08-27,1.204398463187564,2.4087969263751248,naive,MADRE DE DIOS
2018-09-03,3.0109961579689055,2.4087969263751248,naive,MADRE DE DIOS
2018-09-10,4.215394621156467,2.4087969263751248,naive,MADRE DE DIOS
2018-09-17,7.828590010719149,2.4087969263751248,naive,MADRE DE DIOS
2018-09-24,6.624191547531588,7.82859001071915,naive,MADRE DE DIOS
2018-10-01,6.624191547531588,7.82859001071915,naive,MADRE DE DIOS
2018-10-08,3.613195389562686,7.82859001071915,naive,MADRE DE DIOS
2018-10-15,3.0109961579689055,7.82859001071915,naive,MADRE DE DIOS
2018-10-22,1.8065976947813445,3.010996157968906,naive,MADRE DE DIOS
2018-10-29,1.8065976947813447,3.010996157968906,naive,MADRE DE DIOS
2018-11-05,1.8065976947813445,3.010996157968906,naive,MADRE DE DIOS
2018-11-12,3.0109961579689055,3.010996157968906,naive,MADRE DE DIOS
2018-11-19,5.419793084344026,3.010996157968906,naive,MADRE DE DIOS
2018-11-26,5.419793084344026,3.010996157968906,naive,MADRE DE DIOS
2018-12-03,6.021992315937808,3.010996157968906,naive,MADRE DE DIOS
2018-12-10,5.419793084344028,3.010996157968906,naive,MADRE DE DIOS
2018-12-17,4.215394621156467,5.419793084344027,naive,MADRE DE DIOS
2018-12-24,5.419793084344026,5.419793084344027,naive,MADRE DE DIOS
2018-12-31,3.0109961579689046,5.419793084344027,naive,MADRE DE DIOS
2019-01-07,4.181182159033774,5.419793084344027,naive,MADRE DE DIOS
2019-01-14,1.755279001597306,4.181182159033774,naive,MADRE DE DIOS
2019-01-21,3.51055800319461,4.181182159033774,naive,MADRE DE DIOS
2019-01-28,2.3403720021297407,4.181182159033774,naive,MADRE DE DIOS
2019-02-04,3.51055800319461,4.181182159033774,naive,MADRE DE DIOS
2019-02-11,2.3403720021297407,3.5105580031946104,naive,MADRE DE DIOS
2019-02-18,2.3403720021297407,3.5105580031946104,naive,MADRE DE DIOS
2019-02-25,0.585093000532437,3.5105580031946104,naive,MADRE DE DIOS
2019-03-04,1.1701860010648715,3.5105580031946104,naive,MADRE DE DIOS
2019-03-11,1.755279001597306,1.1701860010648715,naive,MADRE DE DIOS
2019-03-18,3.51055800319461,1.1701860010648715,naive,MADRE DE DIOS
2019-03-25,6.436023005856783,1.1701860010648715,naive,MADRE DE DIOS
2019-04-01,8.191302007454086,1.1701860010648715,naive,MADRE DE DIOS
2019-04-08,7.6062090069216515,8.191302007454084,naive,MADRE DE DIOS
2019-04-15,4.095651003727045,8.191302007454084,naive,MADRE DE DIOS
2019-04-22,4.095651003727045,8.191302007454084,naive,MADRE DE DIOS
2019-04-29,6.436023005856782,8.191302007454084,naive,MADRE DE DIOS
2019-05-06,8.191302007454086,6.436023005856783,naive,MADRE DE DIOS
2019-05-13,8.77639500798652,6.436023005856783,naive,MADRE DE DIOS
2019-05-20,5.265837004791914,6.436023005856783,naive,MADRE DE DIOS
2019-05-27,2.9254650026621754,6.436023005856783,naive,MADRE DE DIOS
2019-06-03,3.51055800319461,2.9254650026621754,naive,MADRE DE DIOS
2019-06-10,6.436023005856782,2.9254650026621754,naive,MADRE DE DIOS
2019-06-17,8.191302007454086,2.9254650026621754,naive,MADRE DE DIOS
2019-06-24,7.606209006921652,2.9254650026621754,naive,MADRE DE DIOS
2019-07-01,6.436023005856782,7.606209006921654,naive,MADRE DE DIOS
2019-07-08,4.680744004259478,7.606209006921654,naive,MADRE DE DIOS
2019-07-15,2.925465002662175,7.606209006921654,naive,MADRE DE DIOS
2019-07-22,3.510558003194609,7.606209006921654,naive,MADRE DE DIOS
2019-07-29,8.77639500798652,3.5105580031946086,naive,MADRE DE DIOS
2019-08-05,7.6062090069216515,3.5105580031946086,naive,MADRE DE DIOS
2019-08-12,7.021116006389216,3.5105580031946086,naive,MADRE DE DIOS
2019-08-19,2.925465002662174,3.5105580031946086,naive,MADRE DE DIOS
2019-08-26,4.095651003727043,2.9254650026621736,naive,MADRE DE DIOS
2019-09-02,2.925465002662174,2.9254650026621736,naive,MADRE DE DIOS
2019-09-09,5.265837004791913,2.9254650026621736,naive,MADRE DE DIOS
2019-09-16,6.436023005856781,2.9254650026621736,naive,MADRE DE DIOS
2019-09-23,8.191302007454086,6.43602300585678,naive,MADRE DE DIOS
2019-09-30,6.436023005856781,6.43602300585678,naive,MADRE DE DIOS
2019-10-07,5.265837004791913,6.43602300585678,naive,MADRE DE DIOS
2019-10-14,5.265837004791912,6.43602300585678,naive,MADRE DE DIOS
2019-10-21,5.265837004791912,5.265837004791912,naive,MADRE DE DIOS
2019-10-28,4.095651003727043,5.265837004791912,naive,MADRE DE DIOS
2019-11-04,2.3403720021297394,5.265837004791912,naive,MADRE DE DIOS
2019-11-11,1.1701860010648704,5.265837004791912,naive,MADRE DE DIOS
2019-11-18,2.3403720021297394,1.1701860010648706,naive,MADRE DE DIOS
2019-11-25,3.5105580031946086,1.1701860010648706,naive,MADRE DE DIOS
2019-12-02,4.680744004259478,1.1701860010648706,naive,MADRE DE DIOS
2019-12-09,4.095651003727044,1.1701860010648706,naive,MADRE DE DIOS
2019-12-16,2.925465002662174,4.095651003727044,naive,MADRE DE DIOS
2019-12-23,2.3403720021297394,4.095651003727044,naive,MADRE DE DIOS
2019-12-30,1.755279001597305,4.095651003727044,naive,MADRE DE DIOS
2020-01-06,2.876981322169963,4.095651003727044,naive,MADRE DE DIOS
2020-01-13,1.7067953211050941,2.876981322169963,naive,MADRE DE DIOS
2020-01-20,4.551454189613582,2.876981322169963,naive,MADRE DE DIOS
2020-01-27,5.689317737016978,2.876981322169963,naive,MADRE DE DIOS
2020-02-03,7.965044831823769,2.876981322169963,naive,MADRE DE DIOS
2020-02-10,7.965044831823769,7.965044831823766,naive,MADRE DE DIOS
2020-02-17,5.689317737016978,7.965044831823766,naive,MADRE DE DIOS
2020-02-24,4.551454189613583,7.965044831823766,naive,MADRE DE DIOS
2020-03-02,2.275727094806792,7.965044831823766,naive,MADRE DE DIOS
2020-03-09,1.7067953211050944,2.275727094806792,naive,MADRE DE DIOS
2020-03-16,1.1378635474033967,2.275727094806792,naive,MADRE DE DIOS
2020-03-23,0.5689317737016989,2.275727094806792,naive,MADRE DE DIOS
2020-03-30,1.7067953211050944,2.275727094806792,naive,MADRE DE DIOS
2020-04-06,1.7067953211050944,1.7067953211050941,naive,MADRE DE DIOS
2020-04-13,1.7067953211050944,1.7067953211050941,naive,MADRE DE DIOS
2020-04-20,0.5689317737016989,1.7067953211050941,naive,MADRE DE DIOS
2020-04-27,0.0,1.7067953211050941,naive,MADRE DE DIOS
2020-05-04,0.0,0.0,naive,MADRE DE DIOS
2020-05-11,0.5689317737016989,0.0,naive,MADRE DE DIOS
2020-05-18,1.1378635474033967,0.0,naive,MADRE DE DIOS
2020-05-25,1.1378635474033967,0.0,naive,MADRE DE DIOS
2020-06-01,0.5689317737016989,1.1378635474033967,naive,MADRE DE DIOS
2020-06-08,0.0,1.1378635474033967,naive,MADRE DE DIOS
2020-06-15,0.0,1.1378635474033967,naive,MADRE DE DIOS
2020-06-22,0.0,1.1378635474033967,naive,MADRE DE DIOS
2020-06-29,0.0,0.0,naive,MADRE DE DIOS
2020-07-06,0.0,0.0,naive,MADRE DE DIOS
2020-07-13,0.0,0.0,naive,MADRE DE DIOS
2020-07-20,0.0,0.0,naive,MADRE DE DIOS
2020-07-27,0.0,0.0,naive,MADRE DE DIOS
2020-08-03,0.0,0.0,naive,MADRE DE DIOS
2020-08-10,0.0,0.0,naive,MADRE DE DIOS
2020-08-17,0.0,0.0,naive,MADRE DE DIOS
2020-08-24,0.0,0.0,naive,MADRE DE DIOS
2020-08-31,0.0,0.0,naive,MADRE DE DIOS
2020-09-07,0.0,0.0,naive,MADRE DE DIOS
2020-09-14,0.0,0.0,naive,MADRE DE DIOS
2020-09-21,0.0,0.0,naive,MADRE DE DIOS
2020-09-28,0.0,0.0,naive,MADRE DE DIOS
2020-10-05,0.0,0.0,naive,MADRE DE DIOS
2020-10-12,0.0,0.0,naive,MADRE DE DIOS
2020-10-19,0.0,0.0,naive,MADRE DE DIOS
2020-10-26,0.0,0.0,naive,MADRE DE DIOS
2020-11-02,0.0,0.0,naive,MADRE DE DIOS
2020-11-09,0.5689317737016989,0.0,naive,MADRE DE DIOS
2020-11-16,0.5689317737016989,0.5689317737016988,naive,MADRE DE DIOS
2020-11-23,0.5689317737016989,0.5689317737016988,naive,MADRE DE DIOS
2020-11-30,0.0,0.5689317737016988,naive,MADRE DE DIOS
2020-12-07,0.0,0.5689317737016988,naive,MADRE DE DIOS
2020-12-14,0.0,0.0,naive,MADRE DE DIOS
2020-12-21,0.5689317737016989,0.0,naive,MADRE DE DIOS
2020-12-28,0.5689317737016989,0.0,naive,MADRE DE DIOS
2021-01-04,0.5689317737016989,0.0,naive,MADRE DE DIOS
2021-01-11,0.0,0.5689317737016988,naive,MADRE DE DIOS
2021-01-18,0.0,0.5689317737016988,naive,MADRE DE DIOS
2021-01-25,0.0,0.5689317737016988,naive,MADRE DE DIOS
2021-02-01,0.0,0.5689317737016988,naive,MADRE DE DIOS
2021-02-08,0.5536393482557604,0.0,naive,MADRE DE DIOS
2021-02-15,0.5536393482557604,0.0,naive,MADRE DE DIOS
2021-02-22,1.6609180447672791,0.0,naive,MADRE DE DIOS
2021-03-01,1.6609180447672791,0.0,naive,MADRE DE DIOS
2021-03-08,3.321836089534557,1.660918044767279,naive,MADRE DE DIOS
2021-03-15,2.7681967412787976,1.660918044767279,naive,MADRE DE DIOS
2021-03-22,4.9827541343018344,1.660918044767279,naive,MADRE DE DIOS
2021-03-29,6.090032830813352,1.660918044767279,naive,MADRE DE DIOS
2021-04-05,7.197311527324871,6.090032830813352,naive,MADRE DE DIOS
2021-04-12,5.536393482557593,6.090032830813352,naive,MADRE DE DIOS
2021-04-19,3.3218360895345564,6.090032830813352,naive,MADRE DE DIOS
2021-04-26,2.7681967412787967,6.090032830813352,naive,MADRE DE DIOS
2021-05-03,2.7681967412787967,2.7681967412787967,naive,MADRE DE DIOS
2021-05-10,2.2145573930230373,2.7681967412787967,naive,MADRE DE DIOS
2021-05-17,1.6609180447672784,2.7681967412787967,naive,MADRE DE DIOS
2021-05-24,1.6609180447672784,2.7681967412787967,naive,MADRE DE DIOS
2021-05-31,2.7681967412787967,1.6609180447672784,naive,MADRE DE DIOS
2021-06-07,2.7681967412787967,1.6609180447672784,naive,MADRE DE DIOS
2021-06-14,2.7681967412787967,1.6609180447672784,naive,MADRE DE DIOS
2021-06-21,1.6609180447672784,1.6609180447672784,naive,MADRE DE DIOS
2021-06-28,1.6609180447672782,1.6609180447672784,naive,MADRE DE DIOS
2021-07-05,2.7681967412787967,1.6609180447672784,naive,MADRE DE DIOS
2021-07-12,4.429114786046075,1.6609180447672784,naive,MADRE DE DIOS
2021-07-19,4.429114786046075,1.6609180447672784,naive,MADRE DE DIOS
2021-07-26,3.3218360895345564,4.429114786046076,naive,MADRE DE DIOS
2021-08-02,2.214557393023038,4.429114786046076,naive,MADRE DE DIOS
2021-08-09,1.6609180447672784,4.429114786046076,naive,MADRE DE DIOS
2021-08-16,1.6609180447672784,4.429114786046076,naive,MADRE DE DIOS
2021-08-23,1.1072786965115193,1.6609180447672784,naive,MADRE DE DIOS
2021-08-30,1.1072786965115193,1.6609180447672784,naive,MADRE DE DIOS
2021-09-06,0.0,1.6609180447672784,naive,MADRE DE DIOS
2021-09-13,0.0,1.6609180447672784,naive,MADRE DE DIOS
2021-09-20,0.0,0.0,naive,MADRE DE DIOS
2021-09-27,0.5536393482557599,0.0,naive,MADRE DE DIOS
2021-10-04,1.1072786965115191,0.0,naive,MADRE DE DIOS
2021-10-11,1.1072786965115191,0.0,naive,MADRE DE DIOS
2021-10-18,1.6609180447672784,1.1072786965115191,naive,MADRE DE DIOS
2021-10-25,1.1072786965115191,1.1072786965115191,naive,MADRE DE DIOS
2021-11-01,1.6609180447672782,1.1072786965115191,naive,MADRE DE DIOS
2021-11-08,1.1072786965115191,1.1072786965115191,naive,MADRE DE DIOS
2021-11-15,1.1072786965115191,1.1072786965115191,naive,MADRE DE DIOS
2021-11-22,0.5536393482557599,1.1072786965115191,naive,MADRE DE DIOS
2021-11-29,0.0,1.1072786965115191,naive,MADRE DE DIOS
2021-12-06,1.1072786965115191,1.1072786965115191,naive,MADRE DE DIOS
2021-12-13,1.1072786965115191,1.1072786965115191,naive,MADRE DE DIOS
2021-12-20,1.1072786965115191,1.1072786965115191,naive,MADRE DE DIOS
2021-12-27,0.0,1.1072786965115191,naive,MADRE DE DIOS
2022-01-03,3.2348849998382563,1.1072786965115191,naive,MADRE DE DIOS
2022-01-10,6.469769999676513,3.234884999838256,naive,MADRE DE DIOS
2022-01-17,9.165507499541725,3.234884999838256,naive,MADRE DE DIOS
2022-01-24,5.93062249970347,3.234884999838256,naive,MADRE DE DIOS
2022-01-31,2.695737499865214,3.234884999838256,naive,MADRE DE DIOS
2022-02-07,0.0,2.695737499865214,naive,MADRE DE DIOS
2022-02-14,0.0,2.695737499865214,naive,MADRE DE DIOS
2022-02-21,0.0,2.695737499865214,naive,MADRE DE DIOS
2022-02-28,0.0,2.695737499865214,naive,MADRE DE DIOS
2022-03-07,2.1565899998921707,0.0,naive,MADRE DE DIOS
2022-03-14,2.6957374998652135,0.0,naive,MADRE DE DIOS
2022-03-21,3.774032499811298,0.0,naive,MADRE DE DIOS
2022-03-28,5.930622499703468,0.0,naive,MADRE DE DIOS
2022-04-04,9.704654999514766,5.930622499703468,naive,MADRE DE DIOS
2022-04-11,12.400392499379981,5.930622499703468,naive,MADRE DE DIOS
2022-04-18,10.24380249948781,5.930622499703468,naive,MADRE DE DIOS
2022-04-25,9.704654999514768,5.930622499703468,naive,MADRE DE DIOS
2022-05-02,9.165507499541725,9.70465499951477,naive,MADRE DE DIOS
2022-05-09,9.704654999514768,9.70465499951477,naive,MADRE DE DIOS
2022-05-16,8.626359999568683,9.70465499951477,naive,MADRE DE DIOS
2022-05-23,10.66316813107989,9.70465499951477,naive,MADRE DE DIOS
2022-05-30,10.663168131079887,10.663168131079889,naive,MADRE DE DIOS
2022-06-06,13.23912376256414,10.663168131079889,naive,MADRE DE DIOS
2022-06-13,11.741463131025974,10.663168131079889,naive,MADRE DE DIOS
2022-06-20,10.124020631106847,10.663168131079889,naive,MADRE DE DIOS
2022-06-27,6.469769999676512,10.124020631106848,naive,MADRE DE DIOS
2022-07-04,5.930622499703468,10.124020631106848,naive,MADRE DE DIOS
2022-07-11,8.087212499595639,10.124020631106848,naive,MADRE DE DIOS
2022-07-18,8.626359999568683,10.124020631106848,naive,MADRE DE DIOS
2022-07-25,9.165507499541725,8.626359999568685,naive,MADRE DE DIOS
2022-08-01,7.008917499649553,8.626359999568685,naive,MADRE DE DIOS
2022-08-08,7.008917499649553,8.626359999568685,naive,MADRE DE DIOS
2022-08-15,5.930622499703468,8.626359999568685,naive,MADRE DE DIOS
2022-08-22,5.391474999730426,5.930622499703468,naive,MADRE DE DIOS
2022-08-29,3.7740324998112986,5.930622499703468,naive,MADRE DE DIOS
2022-09-05,3.2348849998382554,5.930622499703468,naive,MADRE DE DIOS
2022-09-12,5.930622499703468,5.930622499703468,naive,MADRE DE DIOS
2022-09-19,5.930622499703468,5.930622499703468,naive,MADRE DE DIOS
2022-09-26,5.391474999730427,5.930622499703468,naive,MADRE DE DIOS
2022-10-03,3.234884999838256,5.930622499703468,naive,MADRE DE DIOS
2022-10-10,3.774032499811298,5.930622499703468,naive,MADRE DE DIOS
2022-10-17,2.1565899998921703,3.774032499811298,naive,MADRE DE DIOS
2022-10-24,1.6174424999191277,3.774032499811298,naive,MADRE DE DIOS
2022-10-31,0.5391474999730426,3.774032499811298,naive,MADRE DE DIOS
2022-11-07,0.5391474999730426,3.774032499811298,naive,MADRE DE DIOS
2022-11-14,0.0,0.5391474999730426,naive,MADRE DE DIOS
2022-11-21,1.0782949999460851,0.5391474999730426,naive,MADRE DE DIOS
2022-11-28,2.1565899998921703,0.5391474999730426,naive,MADRE DE DIOS
2022-12-05,3.774032499811298,0.5391474999730426,naive,MADRE DE DIOS
2010-12-27,3.998432614415151,0.8341396683460691,seasonal_naive,MADRE DE DIOS
2011-01-03,1.5993730457660613,0.8341396683460691,seasonal_naive,MADRE DE DIOS
2011-01-10,1.5993730457660613,1.5993730457660607,seasonal_naive,MADRE DE DIOS
2011-01-17,0.0,1.5993730457660607,seasonal_naive,MADRE DE DIOS
2011-01-24,0.0,1.5993730457660607,seasonal_naive,MADRE DE DIOS
2011-01-31,0.0,0.0,seasonal_naive,MADRE DE DIOS
2011-02-07,0.0,0.799686522883031,seasonal_naive,MADRE DE DIOS
2011-02-14,0.7679665780945232,2.3990595686490903,seasonal_naive,MADRE DE DIOS
2011-02-21,0.7679665780945232,3.1987460915321204,seasonal_naive,MADRE DE DIOS
2011-02-28,0.7679665780945232,2.3990595686490903,seasonal_naive,MADRE DE DIOS
2011-03-07,5.271693131349464,2.3990595686490908,seasonal_naive,MADRE DE DIOS
2011-03-14,5.271693131349464,1.599373045766061,seasonal_naive,MADRE DE DIOS
2011-03-21,5.271693131349464,1.599373045766061,seasonal_naive,MADRE DE DIOS
2011-03-28,0.0,0.0,seasonal_naive,MADRE DE DIOS
2011-04-04,0.7679665780945232,0.0,seasonal_naive,MADRE DE DIOS
2011-04-11,1.5359331561890446,0.0,seasonal_naive,MADRE DE DIOS
2011-04-18,1.5359331561890446,0.0,seasonal_naive,MADRE DE DIOS
2011-04-25,0.7679665780945232,2.3990595686490908,seasonal_naive,MADRE DE DIOS
2011-05-02,0.0,2.3990595686490908,seasonal_naive,MADRE DE DIOS
2011-05-09,0.0,2.3990595686490908,seasonal_naive,MADRE DE DIOS
2011-05-16,0.0,0.0,seasonal_naive,MADRE DE DIOS
2011-05-23,0.0,0.0,seasonal_naive,MADRE DE DIOS
2011-05-30,0.7679665780945232,0.0,seasonal_naive,MADRE DE DIOS
2011-06-06,1.5359331561890446,0.0,seasonal_naive,MADRE DE DIOS
2011-06-13,1.5359331561890446,0.7996865228830317,seasonal_naive,MADRE DE DIOS
2011-06-20,0.7679665780945232,0.7996865228830317,seasonal_naive,MADRE DE DIOS
2011-06-27,0.0,0.7996865228830317,seasonal_naive,MADRE DE DIOS
2011-07-04,0.7679665780945232,0.0,seasonal_naive,MADRE DE DIOS
2011-07-11,0.7679665780945232,0.7996865228830317,seasonal_naive,MADRE DE DIOS
2011-07-18,0.7679665780945232,2.3990595686490908,seasonal_naive,MADRE DE DIOS
2011-07-25,3.0718663123780874,3.998432614415151,seasonal_naive,MADRE DE DIOS
2011-08-01,3.0718663123780874,7.19717870594727,seasonal_naive,MADRE DE DIOS
2011-08-08,3.0718663123780874,5.597805660181211,seasonal_naive,MADRE DE DIOS
2011-08-15,0.0,7.19717870594727,seasonal_naive,MADRE DE DIOS
2011-08-22,0.0,3.1987460915321204,seasonal_naive,MADRE DE DIOS
2011-08-29,1.5359331561890446,3.998432614415151,seasonal_naive,MADRE DE DIOS
2011-09-05,1.5359331561890446,3.998432614415151,seasonal_naive,MADRE DE DIOS
2011-09-12,1.5359331561890446,7.19717870594727,seasonal_naive,MADRE DE DIOS
2011-09-19,0.0,7.9968652288303,seasonal_naive,MADRE DE DIOS
2011-09-26,1.5359331561890446,4.7981191372981815,seasonal_naive,MADRE DE DIOS
2011-10-03,1.5359331561890446,1.5993730457660615,seasonal_naive,MADRE DE DIOS
2011-10-10,6.143732624756172,5.271693131349463,seasonal_naive,MADRE DE DIOS
2011-10-17,5.37576604666165,10.543386262698927,seasonal_naive,MADRE DE DIOS
2011-10-24,5.37576604666165,10.543386262698927,seasonal_naive,MADRE DE DIOS
2011-10-31,0.7679665780945232,5.271693131349463,seasonal_naive,MADRE DE DIOS
2011-11-07,0.0,2.3990595686490908,seasonal_naive,MADRE DE DIOS
2011-11-14,0.7679665780945232,3.998432614415151,seasonal_naive,MADRE DE DIOS
2011-11-21,0.7679665780945232,4.7981191372981815,seasonal_naive,MADRE DE DIOS
2011-11-28,3.0718663123780865,2.3990595686490908,seasonal_naive,MADRE DE DIOS
2011-12-05,3.0718663123780865,1.5993730457660615,seasonal_naive,MADRE DE DIOS
2011-12-12,6.143732624756172,3.1987460915321204,seasonal_naive,MADRE DE DIOS
2011-12-19,5.37576604666165,3.1987460915321204,seasonal_naive,MADRE DE DIOS
2011-12-26,6.911699202850694,3.998432614415151,seasonal_naive,MADRE DE DIOS
2012-01-02,4.578499892001648,1.5993730457660615,seasonal_naive,MADRE DE DIOS
2012-01-09,4.519900738870687,1.5993730457660615,seasonal_naive,MADRE DE DIOS
2012-01-16,2.2160010045871235,0.0,seasonal_naive,MADRE DE DIOS
2012-01-23,4.432002009174245,0.0,seasonal_naive,MADRE DE DIOS
2012-01-30,2.954668006116164,0.0,seasonal_naive,MADRE DE DIOS
2012-02-06,5.909336012232327,0.0,seasonal_naive,MADRE DE DIOS
2012-02-13,3.6933350076452047,0.7679665780945231,seasonal_naive,MADRE DE DIOS
2012-02-20,3.6933350076452047,0.7679665780945231,seasonal_naive,MADRE DE DIOS
2012-02-27,1.4773340030580826,0.7679665780945231,seasonal_naive,MADRE DE DIOS
2012-03-05,2.2160010045871235,5.271693131349463,seasonal_naive,MADRE DE DIOS
2012-03-12,2.954668006116164,5.271693131349463,seasonal_naive,MADRE DE DIOS
2012-03-19,5.909336012232327,5.271693131349463,seasonal_naive,MADRE DE DIOS
2012-03-26,8.86400401834849,0.0,seasonal_naive,MADRE DE DIOS
2012-04-02,8.864004018348489,0.7679665780945231,seasonal_naive,MADRE DE DIOS
2012-04-09,5.909336012232327,1.5359331561890444,seasonal_naive,MADRE DE DIOS
2012-04-16,1.4773340030580826,1.5359331561890444,seasonal_naive,MADRE DE DIOS
2012-04-23,1.4773340030580826,0.7679665780945231,seasonal_naive,MADRE DE DIOS
2012-04-30,2.954668006116164,0.0,seasonal_naive,MADRE DE DIOS
2012-05-07,2.954668006116164,0.0,seasonal_naive,MADRE DE DIOS
2012-05-14,4.432002009174245,0.0,seasonal_naive,MADRE DE DIOS
2012-05-21,4.432002009174245,0.0,seasonal_naive,MADRE DE DIOS
2012-05-28,5.170669010703286,0.7679665780945231,seasonal_naive,MADRE DE DIOS
2012-06-04,7.386670015290409,1.5359331561890444,seasonal_naive,MADRE DE DIOS
2012-06-11,5.909336012232327,1.5359331561890444,seasonal_naive,MADRE DE DIOS
2012-06-18,7.386670015290409,0.7679665780945231,seasonal_naive,MADRE DE DIOS
2012-06-25,4.432002009174245,0.0,seasonal_naive,MADRE DE DIOS
2012-07-02,4.432002009174245,0.7679665780945231,seasonal_naive,MADRE DE DIOS
2012-07-09,2.2160010045871235,0.7679665780945231,seasonal_naive,MADRE DE DIOS
2012-07-16,2.954668006116164,0.7679665780945231,seasonal_naive,MADRE DE DIOS
2012-07-23,4.432002009174245,3.071866312378088,seasonal_naive,MADRE DE DIOS
2012-07-30,5.909336012232327,3.071866312378088,seasonal_naive,MADRE DE DIOS
2012-08-06,5.170669010703286,3.071866312378088,seasonal_naive,MADRE DE DIOS
2012-08-13,2.954668006116164,0.0,seasonal_naive,MADRE DE DIOS
2012-08-20,1.4773340030580826,0.0,seasonal_naive,MADRE DE DIOS
2012-08-27,0.7386670015290419,1.5359331561890444,seasonal_naive,MADRE DE DIOS
2012-09-03,2.2160010045871235,1.5359331561890444,seasonal_naive,MADRE DE DIOS
2012-09-10,3.6933350076452047,1.5359331561890444,seasonal_naive,MADRE DE DIOS
2012-09-17,2.954668006116164,0.0,seasonal_naive,MADRE DE DIOS
2012-09-24,1.4773340030580826,1.5359331561890444,seasonal_naive,MADRE DE DIOS
2012-10-01,2.2160010045871235,1.5359331561890444,seasonal_naive,MADRE DE DIOS
2012-10-08,7.386670015290409,6.143732624756172,seasonal_naive,MADRE DE DIOS
2012-10-15,7.386670015290409,5.37576604666165,seasonal_naive,MADRE DE DIOS
2012-10-22,5.170669010703286,5.37576604666165,seasonal_naive,MADRE DE DIOS
2012-10-29,0.7386670015290419,0.7679665780945231,seasonal_naive,MADRE DE DIOS
2012-11-05,0.7386670015290419,0.0,seasonal_naive,MADRE DE DIOS
2012-11-12,2.2160010045871235,0.7679665780945231,seasonal_naive,MADRE DE DIOS
2012-11-19,1.4773340030580826,0.7679665780945231,seasonal_naive,MADRE DE DIOS
2012-11-26,3.6933350076452047,3.071866312378086,seasonal_naive,MADRE DE DIOS
2012-12-03,2.954668006116164,3.071866312378086,seasonal_naive,MADRE DE DIOS
2012-12-10,4.432002009174245,6.143732624756172,seasonal_naive,MADRE DE DIOS
2012-12-17,2.2160010045871235,5.37576604666165,seasonal_naive,MADRE DE DIOS
2012-12-24,1.4773340030580826,6.911699202850694,seasonal_naive,MADRE DE DIOS
2012-12-31,0.7386670015290419,4.578499892001648,seasonal_naive,MADRE DE DIOS
2013-01-07,1.450187948705727,4.519900738870687,seasonal_naive,MADRE DE DIOS
2013-01-14,2.1617088958824118,2.2160010045871235,seasonal_naive,MADRE DE DIOS
2013-01-21,2.134562841530055,4.432002009174246,seasonal_naive,MADRE DE DIOS
2013-01-28,1.4230418943533707,2.954668006116164,seasonal_naive,MADRE DE DIOS
2013-02-04,1.4230418943533711,5.909336012232326,seasonal_naive,MADRE DE DIOS
2013-02-11,2.1345628415300557,3.6933350076452047,seasonal_naive,MADRE DE DIOS
2013-02-18,3.557604735883426,3.6933350076452047,seasonal_naive,MADRE DE DIOS
2013-02-25,2.846083788706741,1.4773340030580826,seasonal_naive,MADRE DE DIOS
2013-03-04,1.4230418943533714,2.2160010045871235,seasonal_naive,MADRE DE DIOS
2013-03-11,0.0,2.954668006116164,seasonal_naive,MADRE DE DIOS
2013-03-18,2.8460837887067414,5.909336012232326,seasonal_naive,MADRE DE DIOS
2013-03-25,3.557604735883426,8.864004018348492,seasonal_naive,MADRE DE DIOS
2013-04-01,3.557604735883426,8.864004018348489,seasonal_naive,MADRE DE DIOS
2013-04-08,0.7115209471766861,5.909336012232326,seasonal_naive,MADRE DE DIOS
2013-04-15,1.4230418943533711,1.4773340030580826,seasonal_naive,MADRE DE DIOS
2013-04-22,4.980646630236795,1.4773340030580826,seasonal_naive,MADRE DE DIOS
2013-04-29,7.115209471766851,2.954668006116164,seasonal_naive,MADRE DE DIOS
2013-05-06,7.8267304189435345,2.954668006116164,seasonal_naive,MADRE DE DIOS
2013-05-13,4.2691256830601105,4.432002009174246,seasonal_naive,MADRE DE DIOS
2013-05-20,2.1345628415300557,4.432002009174246,seasonal_naive,MADRE DE DIOS
2013-05-27,2.1345628415300557,5.170669010703286,seasonal_naive,MADRE DE DIOS
2013-06-03,2.1345628415300557,7.3866700152904095,seasonal_naive,MADRE DE DIOS
2013-06-10,4.980646630236795,5.909336012232326,seasonal_naive,MADRE DE DIOS
2013-06-17,2.846083788706741,7.3866700152904095,seasonal_naive,MADRE DE DIOS
2013-06-24,2.846083788706741,4.432002009174246,seasonal_naive,MADRE DE DIOS
2013-07-01,0.0,4.432002009174246,seasonal_naive,MADRE DE DIOS
2013-07-08,1.4230418943533711,2.2160010045871235,seasonal_naive,MADRE DE DIOS
2013-07-15,2.846083788706741,2.954668006116164,seasonal_naive,MADRE DE DIOS
2013-07-22,2.846083788706741,4.432002009174246,seasonal_naive,MADRE DE DIOS
2013-07-29,2.1345628415300557,5.909336012232326,seasonal_naive,MADRE DE DIOS
2013-08-05,2.134562841530056,5.170669010703286,seasonal_naive,MADRE DE DIOS
2013-08-12,2.846083788706741,2.954668006116164,seasonal_naive,MADRE DE DIOS
2013-08-19,2.846083788706741,1.4773340030580826,seasonal_naive,MADRE DE DIOS
2013-08-26,1.4230418943533714,0.738667001529042,seasonal_naive,MADRE DE DIOS
2013-09-02,0.7115209471766865,2.2160010045871235,seasonal_naive,MADRE DE DIOS
2013-09-09,0.0,3.6933350076452047,seasonal_naive,MADRE DE DIOS
2013-09-16,0.0,2.954668006116164,seasonal_naive,MADRE DE DIOS
2013-09-23,0.0,1.4773340030580826,seasonal_naive,MADRE DE DIOS
2013-09-30,0.7115209471766865,2.2160010045871235,seasonal_naive,MADRE DE DIOS
2013-10-07,1.4230418943533714,7.3866700152904095,seasonal_naive,MADRE DE DIOS
2013-10-14,1.4230418943533714,7.3866700152904095,seasonal_naive,MADRE DE DIOS
2013-10-21,0.7115209471766865,5.170669010703286,seasonal_naive,MADRE DE DIOS
2013-10-28,0.0,0.738667001529042,seasonal_naive,MADRE DE DIOS
2013-11-04,0.0,0.738667001529042,seasonal_naive,MADRE DE DIOS
2013-11-11,0.0,2.2160010045871235,seasonal_naive,MADRE DE DIOS
2013-11-18,0.0,1.4773340030580826,seasonal_naive,MADRE DE DIOS
2013-11-25,0.7115209471766865,3.6933350076452047,seasonal_naive,MADRE DE DIOS
2013-12-02,0.7115209471766865,2.954668006116164,seasonal_naive,MADRE DE DIOS
2013-12-09,0.7115209471766865,4.432002009174246,seasonal_naive,MADRE DE DIOS
2013-12-16,0.0,2.2160010045871235,seasonal_naive,MADRE DE DIOS
2013-12-23,0.0,1.4773340030580826,seasonal_naive,MADRE DE DIOS
2013-12-30,0.0,0.738667001529042,seasonal_naive,MADRE DE DIOS
2014-01-06,0.0,1.450187948705727,seasonal_naive,MADRE DE DIOS
2014-01-13,0.0,2.1617088958824118,seasonal_naive,MADRE DE DIOS
2014-01-20,0.6862994049784175,2.1345628415300544,seasonal_naive,MADRE DE DIOS
2014-01-27,0.6862994049784175,1.423041894353371,seasonal_naive,MADRE DE DIOS
2014-02-03,0.6862994049784175,1.423041894353371,seasonal_naive,MADRE DE DIOS
2014-02-10,0.0,2.134562841530056,seasonal_naive,MADRE DE DIOS
2014-02-17,0.0,3.5576047358834266,seasonal_naive,MADRE DE DIOS
2014-02-24,0.0,2.8460837887067405,seasonal_naive,MADRE DE DIOS
2014-03-03,0.0,1.4230418943533714,seasonal_naive,MADRE DE DIOS
2014-03-10,0.0,0.0,seasonal_naive,MADRE DE DIOS
2014-03-17,1.3725988099568334,2.8460837887067414,seasonal_naive,MADRE DE DIOS
2014-03-24,2.745197619913666,3.5576047358834266,seasonal_naive,MADRE DE DIOS
2014-03-31,3.4314970248920815,3.5576047358834266,seasonal_naive,MADRE DE DIOS
2014-04-07,2.0588982149352493,0.7115209471766861,seasonal_naive,MADRE DE DIOS
2014-04-14,1.3725988099568334,1.423041894353371,seasonal_naive,MADRE DE DIOS
2014-04-21,0.6862994049784175,4.980646630236795,seasonal_naive,MADRE DE DIOS
2014-04-28,0.6862994049784175,7.11520947176685,seasonal_naive,MADRE DE DIOS
2014-05-05,0.0,7.826730418943535,seasonal_naive,MADRE DE DIOS
2014-05-12,0.0,4.26912568306011,seasonal_naive,MADRE DE DIOS
2014-05-19,0.6862994049784175,2.134562841530056,seasonal_naive,MADRE DE DIOS
2014-05-26,1.3725988099568334,2.134562841530056,seasonal_naive,MADRE DE DIOS
2014-06-02,1.3725988099568334,2.134562841530056,seasonal_naive,MADRE DE DIOS
2014-06-09,1.3725988099568334,4.980646630236795,seasonal_naive,MADRE DE DIOS
2014-06-16,2.745197619913665,2.8460837887067405,seasonal_naive,MADRE DE DIOS
2014-06-23,3.4314970248920815,2.8460837887067405,seasonal_naive,MADRE DE DIOS
2014-06-30,2.745197619913666,0.0,seasonal_naive,MADRE DE DIOS
2014-07-07,0.6862994049784175,1.423041894353371,seasonal_naive,MADRE DE DIOS
2014-07-14,0.0,2.8460837887067405,seasonal_naive,MADRE DE DIOS
2014-07-21,0.0,2.8460837887067405,seasonal_naive,MADRE DE DIOS
2014-07-28,0.6862994049784175,2.134562841530056,seasonal_naive,MADRE DE DIOS
2014-08-04,1.3725988099568334,2.134562841530056,seasonal_naive,MADRE DE DIOS
2014-08-11,2.058898214935248,2.8460837887067405,seasonal_naive,MADRE DE DIOS
2014-08-18,1.3725988099568334,2.8460837887067405,seasonal_naive,MADRE DE DIOS
2014-08-25,0.6862994049784175,1.4230418943533714,seasonal_naive,MADRE DE DIOS
2014-09-01,0.6862994049784175,0.7115209471766863,seasonal_naive,MADRE DE DIOS
2014-09-08,1.3725988099568334,0.0,seasonal_naive,MADRE DE DIOS
2014-09-15,1.3725988099568334,0.0,seasonal_naive,MADRE DE DIOS
2014-09-22,1.3725988099568334,0.0,seasonal_naive,MADRE DE DIOS
2014-09-29,0.6862994049784175,0.7115209471766863,seasonal_naive,MADRE DE DIOS
2014-10-06,0.6862994049784175,1.4230418943533714,seasonal_naive,MADRE DE DIOS
2014-10-13,0.6862994049784175,1.4230418943533714,seasonal_naive,MADRE DE DIOS
2014-10-20,0.6862994049784175,0.7115209471766863,seasonal_naive,MADRE DE DIOS
2014-10-27,0.6862994049784175,0.0,seasonal_naive,MADRE DE DIOS
2014-11-03,1.3725988099568334,0.0,seasonal_naive,MADRE DE DIOS
2014-11-10,1.3725988099568334,0.0,seasonal_naive,MADRE DE DIOS
2014-11-17,2.0588982149352493,0.0,seasonal_naive,MADRE DE DIOS
2014-11-24,1.3725988099568334,0.7115209471766863,seasonal_naive,MADRE DE DIOS
2014-12-01,1.3725988099568334,0.7115209471766863,seasonal_naive,MADRE DE DIOS
2014-12-08,1.3725988099568334,0.7115209471766863,seasonal_naive,MADRE DE DIOS
2014-12-15,0.6862994049784175,0.0,seasonal_naive,MADRE DE DIOS
2014-12-22,0.6862994049784175,0.0,seasonal_naive,MADRE DE DIOS
2014-12-29,1.3725988099568334,0.0,seasonal_naive,MADRE DE DIOS
2015-01-05,1.3725988099568334,0.0,seasonal_naive,MADRE DE DIOS
2015-01-12,1.3725988099568334,0.0,seasonal_naive,MADRE DE DIOS
2015-01-19,0.0,0.6862994049784175,seasonal_naive,MADRE DE DIOS
2015-01-26,0.0,0.6862994049784175,seasonal_naive,MADRE DE DIOS
2015-02-02,0.6628047244720775,0.6862994049784175,seasonal_naive,MADRE DE DIOS
2015-02-09,0.6628047244720775,0.0,seasonal_naive,MADRE DE DIOS
2015-02-16,1.9884141734162295,0.0,seasonal_naive,MADRE DE DIOS
2015-02-23,1.3256094489441534,0.0,seasonal_naive,MADRE DE DIOS
2015-03-02,1.9884141734162293,0.0,seasonal_naive,MADRE DE DIOS
2015-03-09,0.6628047244720775,0.0,seasonal_naive,MADRE DE DIOS
2015-03-16,1.3256094489441534,1.3725988099568336,seasonal_naive,MADRE DE DIOS
2015-03-23,0.6628047244720775,2.745197619913666,seasonal_naive,MADRE DE DIOS
2015-03-30,5.934497855821539,3.4314970248920815,seasonal_naive,MADRE DE DIOS
2015-04-06,8.585716753709844,2.0588982149352493,seasonal_naive,MADRE DE DIOS
2015-04-13,8.585716753709844,1.3725988099568336,seasonal_naive,MADRE DE DIOS
2015-04-20,3.314023622360382,0.6862994049784175,seasonal_naive,MADRE DE DIOS
2015-04-27,0.6628047244720777,0.6862994049784175,seasonal_naive,MADRE DE DIOS
2015-05-04,2.6512188978883056,0.0,seasonal_naive,MADRE DE DIOS
2015-05-11,2.6512188978883056,0.0,seasonal_naive,MADRE DE DIOS
2015-05-18,3.314023622360382,0.6862994049784175,seasonal_naive,MADRE DE DIOS
2015-05-25,2.6512188978883056,1.3725988099568336,seasonal_naive,MADRE DE DIOS
2015-06-01,2.6512188978883056,1.3725988099568336,seasonal_naive,MADRE DE DIOS
2015-06-08,2.6512188978883056,1.3725988099568336,seasonal_naive,MADRE DE DIOS
2015-06-15,1.9884141734162297,2.745197619913665,seasonal_naive,MADRE DE DIOS
2015-06-22,1.9884141734162297,3.4314970248920815,seasonal_naive,MADRE DE DIOS
2015-06-29,0.6628047244720777,2.745197619913666,seasonal_naive,MADRE DE DIOS
2015-07-06,0.0,0.6862994049784175,seasonal_naive,MADRE DE DIOS
2015-07-13,1.3256094489441537,0.0,seasonal_naive,MADRE DE DIOS
2015-07-20,1.3256094489441537,0.0,seasonal_naive,MADRE DE DIOS
2015-07-27,1.9884141734162297,0.6862994049784175,seasonal_naive,MADRE DE DIOS
2015-08-03,0.6628047244720777,1.3725988099568336,seasonal_naive,MADRE DE DIOS
2015-08-10,1.3256094489441537,2.058898214935248,seasonal_naive,MADRE DE DIOS
2015-08-17,0.6628047244720777,1.3725988099568336,seasonal_naive,MADRE DE DIOS
2015-08-24,0.6628047244720777,0.6862994049784175,seasonal_naive,MADRE DE DIOS
2015-08-31,0.0,0.6862994049784175,seasonal_naive,MADRE DE DIOS
2015-09-07,0.6628047244720777,1.3725988099568336,seasonal_naive,MADRE DE DIOS
2015-09-14,1.3256094489441537,1.3725988099568336,seasonal_naive,MADRE DE DIOS
2015-09-21,1.988414173416228,1.3725988099568336,seasonal_naive,MADRE DE DIOS
2015-09-28,1.325609448944154,0.6862994049784175,seasonal_naive,MADRE DE DIOS
2015-10-05,1.9884141734162295,0.6862994049784175,seasonal_naive,MADRE DE DIOS
2015-10-12,1.3256094489441537,0.6862994049784175,seasonal_naive,MADRE DE DIOS
2015-10-19,1.3256094489441537,0.6862994049784175,seasonal_naive,MADRE DE DIOS
2015-10-26,0.0,0.6862994049784175,seasonal_naive,MADRE DE DIOS
2015-11-02,0.6628047244720777,1.3725988099568336,seasonal_naive,MADRE DE DIOS
2015-11-09,1.3256094489441537,1.3725988099568336,seasonal_naive,MADRE DE DIOS
2015-11-16,1.3256094489441537,2.0588982149352493,seasonal_naive,MADRE DE DIOS
2015-11-23,0.6628047244720777,1.3725988099568336,seasonal_naive,MADRE DE DIOS
2015-11-30,0.0,1.3725988099568336,seasonal_naive,MADRE DE DIOS
2015-12-07,1.3256094489441537,1.3725988099568336,seasonal_naive,MADRE DE DIOS
2015-12-14,1.3256094489441537,0.6862994049784175,seasonal_naive,MADRE DE DIOS
2015-12-21,1.9884141734162297,0.6862994049784175,seasonal_naive,MADRE DE DIOS
2015-12-28,0.6628047244720777,1.3725988099568336,seasonal_naive,MADRE DE DIOS
2016-01-04,1.3036701491415514,1.3725988099568336,seasonal_naive,MADRE DE DIOS
2016-01-11,3.2043271233473702,1.3725988099568336,seasonal_naive,MADRE DE DIOS
2016-01-18,3.2043271233473702,0.0,seasonal_naive,MADRE DE DIOS
2016-01-25,2.5634616986778966,0.0,seasonal_naive,MADRE DE DIOS
2016-02-01,0.0,0.6628047244720774,seasonal_naive,MADRE DE DIOS
2016-02-08,0.0,0.6628047244720774,seasonal_naive,MADRE DE DIOS
2016-02-15,1.2817308493389492,1.988414173416229,seasonal_naive,MADRE DE DIOS
2016-02-22,1.2817308493389492,1.3256094489441534,seasonal_naive,MADRE DE DIOS
2016-02-29,1.2817308493389492,1.988414173416229,seasonal_naive,MADRE DE DIOS
2016-03-07,1.2817308493389492,0.6628047244720774,seasonal_naive,MADRE DE DIOS
2016-03-14,1.9225962740084228,1.3256094489441534,seasonal_naive,MADRE DE DIOS
2016-03-21,1.9225962740084228,0.6628047244720774,seasonal_naive,MADRE DE DIOS
2016-03-28,3.2043271233473702,5.934497855821539,seasonal_naive,MADRE DE DIOS
2016-04-04,5.1269233973557915,8.585716753709844,seasonal_naive,MADRE DE DIOS
2016-04-11,5.1269233973557915,8.585716753709844,seasonal_naive,MADRE DE DIOS
2016-04-18,2.5634616986778966,3.3140236223603825,seasonal_naive,MADRE DE DIOS
2016-04-25,0.0,0.6628047244720776,seasonal_naive,MADRE DE DIOS
2016-05-02,3.2043271233473702,2.6512188978883056,seasonal_naive,MADRE DE DIOS
2016-05-09,4.486057972686318,2.6512188978883056,seasonal_naive,MADRE DE DIOS
2016-05-16,5.1269233973557915,3.3140236223603825,seasonal_naive,MADRE DE DIOS
2016-05-23,5.1269233973557915,2.6512188978883056,seasonal_naive,MADRE DE DIOS
2016-05-30,6.408654246694739,2.6512188978883056,seasonal_naive,MADRE DE DIOS
2016-06-06,8.33125052070316,2.6512188978883056,seasonal_naive,MADRE DE DIOS
2016-06-13,10.253846794711581,1.988414173416229,seasonal_naive,MADRE DE DIOS
2016-06-20,11.535577644050528,1.988414173416229,seasonal_naive,MADRE DE DIOS
2016-06-27,9.612981370042107,0.6628047244720776,seasonal_naive,MADRE DE DIOS
2016-07-04,6.408654246694738,0.0,seasonal_naive,MADRE DE DIOS
2016-07-11,2.5634616986778966,1.3256094489441534,seasonal_naive,MADRE DE DIOS
2016-07-18,5.767788822025264,1.3256094489441534,seasonal_naive,MADRE DE DIOS
2016-07-25,4.486057972686318,1.988414173416229,seasonal_naive,MADRE DE DIOS
2016-08-01,6.408654246694738,0.6628047244720776,seasonal_naive,MADRE DE DIOS
2016-08-08,2.5634616986778975,1.3256094489441534,seasonal_naive,MADRE DE DIOS
2016-08-15,1.9225962740084237,0.6628047244720776,seasonal_naive,MADRE DE DIOS
2016-08-22,0.0,0.6628047244720776,seasonal_naive,MADRE DE DIOS
2016-08-29,1.9225962740084237,0.0,seasonal_naive,MADRE DE DIOS
2016-09-05,3.8451925480168447,0.6628047244720776,seasonal_naive,MADRE DE DIOS
2016-09-12,6.408654246694739,1.3256094489441534,seasonal_naive,MADRE DE DIOS
2016-09-19,7.049519671364213,1.9884141734162277,seasonal_naive,MADRE DE DIOS
2016-09-26,5.126923397355792,1.325609448944154,seasonal_naive,MADRE DE DIOS
2016-10-03,3.204327123347371,1.988414173416229,seasonal_naive,MADRE DE DIOS
2016-10-10,0.6408654246694766,1.3256094489441534,seasonal_naive,MADRE DE DIOS
2016-10-17,1.9225962740084241,1.3256094489441534,seasonal_naive,MADRE DE DIOS
2016-10-24,1.9225962740084241,0.0,seasonal_naive,MADRE DE DIOS
2016-10-31,1.9225962740084241,0.6628047244720776,seasonal_naive,MADRE DE DIOS
2016-11-07,3.204327123347371,1.3256094489441534,seasonal_naive,MADRE DE DIOS
2016-11-14,2.5634616986778975,1.3256094489441534,seasonal_naive,MADRE DE DIOS
2016-11-21,2.5634616986778975,0.6628047244720776,seasonal_naive,MADRE DE DIOS
2016-11-28,0.6408654246694766,0.0,seasonal_naive,MADRE DE DIOS
2016-12-05,2.5634616986778975,1.3256094489441534,seasonal_naive,MADRE DE DIOS
2016-12-12,3.204327123347371,1.3256094489441534,seasonal_naive,MADRE DE DIOS
2016-12-19,5.126923397355792,1.988414173416229,seasonal_naive,MADRE DE DIOS
2016-12-26,6.408654246694739,0.6628047244720776,seasonal_naive,MADRE DE DIOS
2017-01-02,6.388120823712569,1.3036701491415514,seasonal_naive,MADRE DE DIOS
2017-01-09,3.8246591250346746,3.2043271233473707,seasonal_naive,MADRE DE DIOS
2017-01-16,3.7219920101238215,3.2043271233473707,seasonal_naive,MADRE DE DIOS
2017-01-23,3.101660008436518,2.563461698677897,seasonal_naive,MADRE DE DIOS
2017-01-30,4.962656013498427,0.0,seasonal_naive,MADRE DE DIOS
2017-02-06,4.342324011811123,0.0,seasonal_naive,MADRE DE DIOS
2017-02-13,6.203320016873033,1.2817308493389494,seasonal_naive,MADRE DE DIOS
2017-02-20,6.203320016873033,1.2817308493389494,seasonal_naive,MADRE DE DIOS
2017-02-27,8.684648023622247,1.2817308493389494,seasonal_naive,MADRE DE DIOS
2017-03-06,11.786308032058761,1.2817308493389494,seasonal_naive,MADRE DE DIOS
2017-03-13,11.786308032058761,1.922596274008423,seasonal_naive,MADRE DE DIOS
2017-03-20,8.064316021934943,1.922596274008423,seasonal_naive,MADRE DE DIOS
2017-03-27,6.8236520185603355,3.2043271233473707,seasonal_naive,MADRE DE DIOS
2017-04-03,4.962656013498427,5.1269233973557915,seasonal_naive,MADRE DE DIOS
2017-04-10,3.72199201012382,5.1269233973557915,seasonal_naive,MADRE DE DIOS
2017-04-17,4.342324011811123,2.563461698677897,seasonal_naive,MADRE DE DIOS
2017-04-24,4.342324011811123,0.0,seasonal_naive,MADRE DE DIOS
2017-05-01,7.4439840202476395,3.2043271233473707,seasonal_naive,MADRE DE DIOS
2017-05-08,6.203320016873033,4.486057972686318,seasonal_naive,MADRE DE DIOS
2017-05-15,6.823652018560337,5.1269233973557915,seasonal_naive,MADRE DE DIOS
2017-05-22,6.203320016873033,5.1269233973557915,seasonal_naive,MADRE DE DIOS
2017-05-29,8.064316021934943,6.408654246694737,seasonal_naive,MADRE DE DIOS
2017-06-05,7.4439840202476395,8.331250520703158,seasonal_naive,MADRE DE DIOS
2017-06-12,6.203320016873033,10.253846794711581,seasonal_naive,MADRE DE DIOS
2017-06-19,3.7219920101238206,11.535577644050528,seasonal_naive,MADRE DE DIOS
2017-06-26,3.7219920101238206,9.612981370042105,seasonal_naive,MADRE DE DIOS
2017-07-03,2.4813280067492145,6.408654246694737,seasonal_naive,MADRE DE DIOS
2017-07-10,1.2406640033746086,2.563461698677897,seasonal_naive,MADRE DE DIOS
2017-07-17,1.8609960050619117,5.767788822025263,seasonal_naive,MADRE DE DIOS
2017-07-24,4.342324011811123,4.486057972686318,seasonal_naive,MADRE DE DIOS
2017-07-31,4.342324011811123,6.408654246694737,seasonal_naive,MADRE DE DIOS
2017-08-07,3.72199201012382,2.5634616986778975,seasonal_naive,MADRE DE DIOS
2017-08-14,2.4813280067492145,1.9225962740084235,seasonal_naive,MADRE DE DIOS
2017-08-21,2.4813280067492145,0.0,seasonal_naive,MADRE DE DIOS
2017-08-28,6.203320016873033,1.9225962740084235,seasonal_naive,MADRE DE DIOS
2017-09-04,4.962656013498427,3.845192548016846,seasonal_naive,MADRE DE DIOS
2017-09-11,4.342324011811123,6.408654246694737,seasonal_naive,MADRE DE DIOS
2017-09-18,0.6203320016873054,7.049519671364214,seasonal_naive,MADRE DE DIOS
2017-09-25,0.6203320016873054,5.1269233973557915,seasonal_naive,MADRE DE DIOS
2017-10-02,0.6203320016873054,3.2043271233473707,seasonal_naive,MADRE DE DIOS
2017-10-09,1.8609960050619117,0.6408654246694767,seasonal_naive,MADRE DE DIOS
2017-10-16,1.8609960050619117,1.9225962740084244,seasonal_naive,MADRE DE DIOS
2017-10-23,1.2406640033746086,1.9225962740084244,seasonal_naive,MADRE DE DIOS
2017-10-30,2.4813280067492145,1.9225962740084244,seasonal_naive,MADRE DE DIOS
2017-11-06,4.342324011811123,3.2043271233473707,seasonal_naive,MADRE DE DIOS
2017-11-13,8.064316021934943,2.5634616986778975,seasonal_naive,MADRE DE DIOS
2017-11-20,9.304980025309549,2.5634616986778975,seasonal_naive,MADRE DE DIOS
2017-11-27,8.684648023622247,0.6408654246694767,seasonal_naive,MADRE DE DIOS
2017-12-04,5.58298801518573,2.5634616986778975,seasonal_naive,MADRE DE DIOS
2017-12-11,1.8609960050619117,3.2043271233473707,seasonal_naive,MADRE DE DIOS
2017-12-18,0.6203320016873054,5.1269233973557915,seasonal_naive,MADRE DE DIOS
2017-12-25,0.6203320016873054,6.408654246694737,seasonal_naive,MADRE DE DIOS
2018-01-01,0.6203320016873054,6.388120823712568,seasonal_naive,MADRE DE DIOS
2018-01-08,0.6203320016873054,3.8246591250346746,seasonal_naive,MADRE DE DIOS
2018-01-15,2.4087969263751243,3.721992010123822,seasonal_naive,MADRE DE DIOS
2018-01-22,4.817593852750247,3.101660008436518,seasonal_naive,MADRE DE DIOS
2018-01-29,5.419793084344026,4.962656013498428,seasonal_naive,MADRE DE DIOS
2018-02-05,6.624191547531588,4.342324011811123,seasonal_naive,MADRE DE DIOS
2018-02-12,4.817593852750246,6.2033200168730325,seasonal_naive,MADRE DE DIOS
2018-02-19,9.487087752505927,6.2033200168730325,seasonal_naive,MADRE DE DIOS
2018-02-26,5.873892362943245,8.684648023622248,seasonal_naive,MADRE DE DIOS
2018-03-05,7.078290826130806,11.786308032058763,seasonal_naive,MADRE DE DIOS
2018-03-12,3.0109961579689046,11.786308032058763,seasonal_naive,MADRE DE DIOS
2018-03-19,3.6131953895626854,8.064316021934944,seasonal_naive,MADRE DE DIOS
2018-03-26,1.8065976947813438,6.823652018560334,seasonal_naive,MADRE DE DIOS
2018-04-02,2.4087969263751243,4.962656013498428,seasonal_naive,MADRE DE DIOS
2018-04-09,1.8065976947813436,3.72199201012382,seasonal_naive,MADRE DE DIOS
2018-04-16,2.4087969263751243,4.342324011811123,seasonal_naive,MADRE DE DIOS
2018-04-23,1.2043984631875635,4.342324011811123,seasonal_naive,MADRE DE DIOS
2018-04-30,1.2043984631875635,7.44398402024764,seasonal_naive,MADRE DE DIOS
2018-05-07,1.2043984631875635,6.2033200168730325,seasonal_naive,MADRE DE DIOS
2018-05-14,1.2043984631875635,6.823652018560337,seasonal_naive,MADRE DE DIOS
2018-05-21,3.6131953895626854,6.2033200168730325,seasonal_naive,MADRE DE DIOS
2018-05-28,5.419793084344026,8.064316021934944,seasonal_naive,MADRE DE DIOS
2018-06-04,10.089286984099708,7.44398402024764,seasonal_naive,MADRE DE DIOS
2018-06-11,7.680490057724586,6.2033200168730325,seasonal_naive,MADRE DE DIOS
2018-06-18,6.476091594537025,3.72199201012382,seasonal_naive,MADRE DE DIOS
2018-06-25,4.817593852750247,3.72199201012382,seasonal_naive,MADRE DE DIOS
2018-07-02,7.828590010719149,2.481328006749215,seasonal_naive,MADRE DE DIOS
2018-07-09,11.895884678881051,1.2406640033746088,seasonal_naive,MADRE DE DIOS
2018-07-16,10.69148621569349,1.8609960050619123,seasonal_naive,MADRE DE DIOS
2018-07-23,10.08928698409971,4.342324011811123,seasonal_naive,MADRE DE DIOS
2018-07-30,7.226390779125366,4.342324011811123,seasonal_naive,MADRE DE DIOS
2018-08-06,6.021992315937808,3.72199201012382,seasonal_naive,MADRE DE DIOS
2018-08-13,4.817593852750247,2.481328006749215,seasonal_naive,MADRE DE DIOS
2018-08-20,2.408796926375125,2.481328006749215,seasonal_naive,MADRE DE DIOS
2018-08-27,1.204398463187564,6.2033200168730325,seasonal_naive,MADRE DE DIOS
2018-09-03,3.0109961579689055,4.962656013498428,seasonal_naive,MADRE DE DIOS
2018-09-10,4.215394621156467,4.342324011811123,seasonal_naive,MADRE DE DIOS
2018-09-17,7.828590010719149,0.6203320016873053,seasonal_naive,MADRE DE DIOS
2018-09-24,6.624191547531588,0.6203320016873053,seasonal_naive,MADRE DE DIOS
2018-10-01,6.624191547531588,0.6203320016873053,seasonal_naive,MADRE DE DIOS
2018-10-08,3.613195389562686,1.8609960050619123,seasonal_naive,MADRE DE DIOS
2018-10-15,3.0109961579689055,1.8609960050619123,seasonal_naive,MADRE DE DIOS
2018-10-22,1.8065976947813445,1.2406640033746088,seasonal_naive,MADRE DE DIOS
2018-10-29,1.8065976947813447,2.481328006749215,seasonal_naive,MADRE DE DIOS
2018-11-05,1.8065976947813445,4.342324011811123,seasonal_naive,MADRE DE DIOS
2018-11-12,3.0109961579689055,8.064316021934944,seasonal_naive,MADRE DE DIOS
2018-11-19,5.419793084344026,9.304980025309547,seasonal_naive,MADRE DE DIOS
2018-11-26,5.419793084344026,8.684648023622248,seasonal_naive,MADRE DE DIOS
2018-12-03,6.021992315937808,5.582988015185729,seasonal_naive,MADRE DE DIOS
2018-12-10,5.419793084344028,1.8609960050619123,seasonal_naive,MADRE DE DIOS
2018-12-17,4.215394621156467,0.6203320016873053,seasonal_naive,MADRE DE DIOS
2018-12-24,5.419793084344026,0.6203320016873053,seasonal_naive,MADRE DE DIOS
2018-12-31,3.0109961579689046,0.6203320016873053,seasonal_naive,MADRE DE DIOS
2019-01-07,4.181182159033774,0.6203320016873053,seasonal_naive,MADRE DE DIOS
2019-01-14,1.755279001597306,2.4087969263751243,seasonal_naive,MADRE DE DIOS
2019-01-21,3.51055800319461,4.817593852750247,seasonal_naive,MADRE DE DIOS
2019-01-28,2.3403720021297407,5.419793084344026,seasonal_naive,MADRE DE DIOS
2019-02-04,3.51055800319461,6.62419154753159,seasonal_naive,MADRE DE DIOS
2019-02-11,2.3403720021297407,4.817593852750247,seasonal_naive,MADRE DE DIOS
2019-02-18,2.3403720021297407,9.487087752505929,seasonal_naive,MADRE DE DIOS
2019-02-25,0.585093000532437,5.873892362943244,seasonal_naive,MADRE DE DIOS
2019-03-04,1.1701860010648715,7.078290826130807,seasonal_naive,MADRE DE DIOS
2019-03-11,1.755279001597306,3.010996157968904,seasonal_naive,MADRE DE DIOS
2019-03-18,3.51055800319461,3.6131953895626854,seasonal_naive,MADRE DE DIOS
2019-03-25,6.436023005856783,1.8065976947813436,seasonal_naive,MADRE DE DIOS
2019-04-01,8.191302007454086,2.4087969263751243,seasonal_naive,MADRE DE DIOS
2019-04-08,7.6062090069216515,1.8065976947813436,seasonal_naive,MADRE DE DIOS
2019-04-15,4.095651003727045,2.4087969263751243,seasonal_naive,MADRE DE DIOS
2019-04-22,4.095651003727045,1.2043984631875637,seasonal_naive,MADRE DE DIOS
2019-04-29,6.436023005856782,1.2043984631875637,seasonal_naive,MADRE DE DIOS
2019-05-06,8.191302007454086,1.2043984631875637,seasonal_naive,MADRE DE DIOS
2019-05-13,8.77639500798652,1.2043984631875637,seasonal_naive,MADRE DE DIOS
2019-05-20,5.265837004791914,3.6131953895626854,seasonal_naive,MADRE DE DIOS
2019-05-27,2.9254650026621754,5.419793084344026,seasonal_naive,MADRE DE DIOS
2019-06-03,3.51055800319461,10.089286984099706,seasonal_naive,MADRE DE DIOS
2019-06-10,6.436023005856782,7.680490057724587,seasonal_naive,MADRE DE DIOS
2019-06-17,8.191302007454086,6.476091594537025,seasonal_naive,MADRE DE DIOS
2019-06-24,7.606209006921652,4.817593852750247,seasonal_naive,MADRE DE DIOS
2019-07-01,6.436023005856782,7.82859001071915,seasonal_naive,MADRE DE DIOS
2019-07-08,4.680744004259478,11.895884678881051,seasonal_naive,MADRE DE DIOS
2019-07-15,2.925465002662175,10.691486215693487,seasonal_naive,MADRE DE DIOS
2019-07-22,3.510558003194609,10.08928698409971,seasonal_naive,MADRE DE DIOS
2019-07-29,8.77639500798652,7.226390779125367,seasonal_naive,MADRE DE DIOS
2019-08-05,7.6062090069216515,6.0219923159378075,seasonal_naive,MADRE DE DIOS
2019-08-12,7.021116006389216,4.817593852750247,seasonal_naive,MADRE DE DIOS
2019-08-19,2.925465002662174,2.4087969263751248,seasonal_naive,MADRE DE DIOS
2019-08-26,4.095651003727043,1.2043984631875642,seasonal_naive,MADRE DE DIOS
2019-09-02,2.925465002662174,3.010996157968906,seasonal_naive,MADRE DE DIOS
2019-09-09,5.265837004791913,4.215394621156467,seasonal_naive,MADRE DE DIOS
2019-09-16,6.436023005856781,7.82859001071915,seasonal_naive,MADRE DE DIOS
2019-09-23,8.191302007454086,6.62419154753159,seasonal_naive,MADRE DE DIOS
2019-09-30,6.436023005856781,6.62419154753159,seasonal_naive,MADRE DE DIOS
2019-10-07,5.265837004791913,3.6131953895626854,seasonal_naive,MADRE DE DIOS
2019-10-14,5.265837004791912,3.010996157968906,seasonal_naive,MADRE DE DIOS
2019-10-21,5.265837004791912,1.806597694781344,seasonal_naive,MADRE DE DIOS
2019-10-28,4.095651003727043,1.806597694781344,seasonal_naive,MADRE DE DIOS
2019-11-04,2.3403720021297394,1.806597694781344,seasonal_naive,MADRE DE DIOS
2019-11-11,1.1701860010648704,3.010996157968906,seasonal_naive,MADRE DE DIOS
2019-11-18,2.3403720021297394,5.419793084344026,seasonal_naive,MADRE DE DIOS
2019-11-25,3.5105580031946086,5.419793084344026,seasonal_naive,MADRE DE DIOS
2019-12-02,4.680744004259478,6.0219923159378075,seasonal_naive,MADRE DE DIOS
2019-12-09,4.095651003727044,5.419793084344027,seasonal_naive,MADRE DE DIOS
2019-12-16,2.925465002662174,4.215394621156467,seasonal_naive,MADRE DE DIOS
2019-12-23,2.3403720021297394,5.419793084344026,seasonal_naive,MADRE DE DIOS
2019-12-30,1.755279001597305,3.010996157968904,seasonal_naive,MADRE DE DIOS
2020-01-06,2.876981322169963,4.181182159033774,seasonal_naive,MADRE DE DIOS
2020-01-13,1.7067953211050941,1.755279001597306,seasonal_naive,MADRE DE DIOS
2020-01-20,4.551454189613582,3.5105580031946104,seasonal_naive,MADRE DE DIOS
2020-01-27,5.689317737016978,2.340372002129741,seasonal_naive,MADRE DE DIOS
2020-02-03,7.965044831823769,3.5105580031946104,seasonal_naive,MADRE DE DIOS
2020-02-10,7.965044831823769,2.340372002129741,seasonal_naive,MADRE DE DIOS
2020-02-17,5.689317737016978,2.340372002129741,seasonal_naive,MADRE DE DIOS
2020-02-24,4.551454189613583,0.5850930005324371,seasonal_naive,MADRE DE DIOS
2020-03-02,2.275727094806792,1.1701860010648715,seasonal_naive,MADRE DE DIOS
2020-03-09,1.7067953211050944,1.755279001597306,seasonal_naive,MADRE DE DIOS
2020-03-16,1.1378635474033967,3.5105580031946104,seasonal_naive,MADRE DE DIOS
2020-03-23,0.5689317737016989,6.436023005856783,seasonal_naive,MADRE DE DIOS
2020-03-30,1.7067953211050944,8.191302007454084,seasonal_naive,MADRE DE DIOS
2020-04-06,1.7067953211050944,7.606209006921654,seasonal_naive,MADRE DE DIOS
2020-04-13,1.7067953211050944,4.095651003727045,seasonal_naive,MADRE DE DIOS
2020-04-20,0.5689317737016989,4.095651003727045,seasonal_naive,MADRE DE DIOS
2020-04-27,0.0,6.436023005856783,seasonal_naive,MADRE DE DIOS
2020-05-04,0.0,8.191302007454084,seasonal_naive,MADRE DE DIOS
2020-05-11,0.5689317737016989,8.77639500798652,seasonal_naive,MADRE DE DIOS
2020-05-18,1.1378635474033967,5.265837004791914,seasonal_naive,MADRE DE DIOS
2020-05-25,1.1378635474033967,2.9254650026621754,seasonal_naive,MADRE DE DIOS
2020-06-01,0.5689317737016989,3.5105580031946104,seasonal_naive,MADRE DE DIOS
2020-06-08,0.0,6.436023005856783,seasonal_naive,MADRE DE DIOS
2020-06-15,0.0,8.191302007454084,seasonal_naive,MADRE DE DIOS
2020-06-22,0.0,7.606209006921654,seasonal_naive,MADRE DE DIOS
2020-06-29,0.0,6.436023005856783,seasonal_naive,MADRE DE DIOS
2020-07-06,0.0,4.680744004259478,seasonal_naive,MADRE DE DIOS
2020-07-13,0.0,2.9254650026621745,seasonal_naive,MADRE DE DIOS
2020-07-20,0.0,3.5105580031946086,seasonal_naive,MADRE DE DIOS
2020-07-27,0.0,8.77639500798652,seasonal_naive,MADRE DE DIOS
2020-08-03,0.0,7.606209006921654,seasonal_naive,MADRE DE DIOS
2020-08-10,0.0,7.0211160063892155,seasonal_naive,MADRE DE DIOS
2020-08-17,0.0,2.9254650026621736,seasonal_naive,MADRE DE DIOS
2020-08-24,0.0,4.095651003727043,seasonal_naive,MADRE DE DIOS
2020-08-31,0.0,2.9254650026621736,seasonal_naive,MADRE DE DIOS
2020-09-07,0.0,5.265837004791912,seasonal_naive,MADRE DE DIOS
2020-09-14,0.0,6.43602300585678,seasonal_naive,MADRE DE DIOS
2020-09-21,0.0,8.191302007454084,seasonal_naive,MADRE DE DIOS
2020-09-28,0.0,6.43602300585678,seasonal_naive,MADRE DE DIOS
2020-10-05,0.0,5.265837004791912,seasonal_naive,MADRE DE DIOS
2020-10-12,0.0,5.265837004791912,seasonal_naive,MADRE DE DIOS
2020-10-19,0.0,5.265837004791912,seasonal_naive,MADRE DE DIOS
2020-10-26,0.0,4.095651003727043,seasonal_naive,MADRE DE DIOS
2020-11-02,0.0,2.3403720021297394,seasonal_naive,MADRE DE DIOS
2020-11-09,0.5689317737016989,1.1701860010648706,seasonal_naive,MADRE DE DIOS
2020-11-16,0.5689317737016989,2.3403720021297394,seasonal_naive,MADRE DE DIOS
2020-11-23,0.5689317737016989,3.5105580031946086,seasonal_naive,MADRE DE DIOS
2020-11-30,0.0,4.680744004259478,seasonal_naive,MADRE DE DIOS
2020-12-07,0.0,4.095651003727044,seasonal_naive,MADRE DE DIOS
2020-12-14,0.0,2.9254650026621736,seasonal_naive,MADRE DE DIOS
2020-12-21,0.5689317737016989,2.3403720021297394,seasonal_naive,MADRE DE DIOS
2020-12-28,0.5689317737016989,1.7552790015973057,seasonal_naive,MADRE DE DIOS
2021-01-04,0.5689317737016989,2.876981322169963,seasonal_naive,MADRE DE DIOS
2021-01-11,0.0,1.7067953211050941,seasonal_naive,MADRE DE DIOS
2021-01-18,0.0,4.551454189613582,seasonal_naive,MADRE DE DIOS
2021-01-25,0.0,5.689317737016978,seasonal_naive,MADRE DE DIOS
2021-02-01,0.0,7.965044831823766,seasonal_naive,MADRE DE DIOS
2021-02-08,0.5536393482557604,7.965044831823766,seasonal_naive,MADRE DE DIOS
2021-02-15,0.5536393482557604,5.689317737016978,seasonal_naive,MADRE DE DIOS
2021-02-22,1.6609180447672791,4.551454189613584,seasonal_naive,MADRE DE DIOS
2021-03-01,1.6609180447672791,2.275727094806792,seasonal_naive,MADRE DE DIOS
2021-03-08,3.321836089534557,1.7067953211050941,seasonal_naive,MADRE DE DIOS
2021-03-15,2.7681967412787976,1.1378635474033967,seasonal_naive,MADRE DE DIOS
2021-03-22,4.9827541343018344,0.5689317737016988,seasonal_naive,MADRE DE DIOS
2021-03-29,6.090032830813352,1.7067953211050941,seasonal_naive,MADRE DE DIOS
2021-04-05,7.197311527324871,1.7067953211050941,seasonal_naive,MADRE DE DIOS
2021-04-12,5.536393482557593,1.7067953211050941,seasonal_naive,MADRE DE DIOS
2021-04-19,3.3218360895345564,0.5689317737016988,seasonal_naive,MADRE DE DIOS
2021-04-26,2.7681967412787967,0.0,seasonal_naive,MADRE DE DIOS
2021-05-03,2.7681967412787967,0.0,seasonal_naive,MADRE DE DIOS
2021-05-10,2.2145573930230373,0.5689317737016988,seasonal_naive,MADRE DE DIOS
2021-05-17,1.6609180447672784,1.1378635474033967,seasonal_naive,MADRE DE DIOS
2021-05-24,1.6609180447672784,1.1378635474033967,seasonal_naive,MADRE DE DIOS
2021-05-31,2.7681967412787967,0.5689317737016988,seasonal_naive,MADRE DE DIOS
2021-06-07,2.7681967412787967,0.0,seasonal_naive,MADRE DE DIOS
2021-06-14,2.7681967412787967,0.0,seasonal_naive,MADRE DE DIOS
2021-06-21,1.6609180447672784,0.0,seasonal_naive,MADRE DE DIOS
2021-06-28,1.6609180447672782,0.0,seasonal_naive,MADRE DE DIOS
2021-07-05,2.7681967412787967,0.0,seasonal_naive,MADRE DE DIOS
2021-07-12,4.429114786046075,0.0,seasonal_naive,MADRE DE DIOS
2021-07-19,4.429114786046075,0.0,seasonal_naive,MADRE DE DIOS
2021-07-26,3.3218360895345564,0.0,seasonal_naive,MADRE DE DIOS
2021-08-02,2.214557393023038,0.0,seasonal_naive,MADRE DE DIOS
2021-08-09,1.6609180447672784,0.0,seasonal_naive,MADRE DE DIOS
2021-08-16,1.6609180447672784,0.0,seasonal_naive,MADRE DE DIOS
2021-08-23,1.1072786965115193,0.0,seasonal_naive,MADRE DE DIOS
2021-08-30,1.1072786965115193,0.0,seasonal_naive,MADRE DE DIOS
2021-09-06,0.0,0.0,seasonal_naive,MADRE DE DIOS
2021-09-13,0.0,0.0,seasonal_naive,MADRE DE DIOS
2021-09-20,0.0,0.0,seasonal_naive,MADRE DE DIOS
2021-09-27,0.5536393482557599,0.0,seasonal_naive,MADRE DE DIOS
2021-10-04,1.1072786965115191,0.0,seasonal_naive,MADRE DE DIOS
2021-10-11,1.1072786965115191,0.0,seasonal_naive,MADRE DE DIOS
2021-10-18,1.6609180447672784,0.0,seasonal_naive,MADRE DE DIOS
2021-10-25,1.1072786965115191,0.0,seasonal_naive,MADRE DE DIOS
2021-11-01,1.6609180447672782,0.0,seasonal_naive,MADRE DE DIOS
2021-11-08,1.1072786965115191,0.5689317737016988,seasonal_naive,MADRE DE DIOS
2021-11-15,1.1072786965115191,0.5689317737016988,seasonal_naive,MADRE DE DIOS
2021-11-22,0.5536393482557599,0.5689317737016988,seasonal_naive,MADRE DE DIOS
2021-11-29,0.0,0.0,seasonal_naive,MADRE DE DIOS
2021-12-06,1.1072786965115191,0.0,seasonal_naive,MADRE DE DIOS
2021-12-13,1.1072786965115191,0.0,seasonal_naive,MADRE DE DIOS
2021-12-20,1.1072786965115191,0.5689317737016988,seasonal_naive,MADRE DE DIOS
2021-12-27,0.0,0.5689317737016988,seasonal_naive,MADRE DE DIOS
2022-01-03,3.2348849998382563,0.5689317737016988,seasonal_naive,MADRE DE DIOS
2022-01-10,6.469769999676513,0.0,seasonal_naive,MADRE DE DIOS
2022-01-17,9.165507499541725,0.0,seasonal_naive,MADRE DE DIOS
2022-01-24,5.93062249970347,0.0,seasonal_naive,MADRE DE DIOS
2022-01-31,2.695737499865214,0.0,seasonal_naive,MADRE DE DIOS
2022-02-07,0.0,0.5536393482557604,seasonal_naive,MADRE DE DIOS
2022-02-14,0.0,0.5536393482557604,seasonal_naive,MADRE DE DIOS
2022-02-21,0.0,1.660918044767279,seasonal_naive,MADRE DE DIOS
2022-02-28,0.0,1.660918044767279,seasonal_naive,MADRE DE DIOS
2022-03-07,2.1565899998921707,3.321836089534557,seasonal_naive,MADRE DE DIOS
2022-03-14,2.6957374998652135,2.7681967412787976,seasonal_naive,MADRE DE DIOS
2022-03-21,3.774032499811298,4.982754134301834,seasonal_naive,MADRE DE DIOS
2022-03-28,5.930622499703468,6.090032830813352,seasonal_naive,MADRE DE DIOS
2022-04-04,9.704654999514766,7.197311527324871,seasonal_naive,MADRE DE DIOS
2022-04-11,12.400392499379981,5.536393482557593,seasonal_naive,MADRE DE DIOS
2022-04-18,10.24380249948781,3.321836089534557,seasonal_naive,MADRE DE DIOS
2022-04-25,9.704654999514768,2.7681967412787967,seasonal_naive,MADRE DE DIOS
2022-05-02,9.165507499541725,2.7681967412787967,seasonal_naive,MADRE DE DIOS
2022-05-09,9.704654999514768,2.214557393023038,seasonal_naive,MADRE DE DIOS
2022-05-16,8.626359999568683,1.6609180447672784,seasonal_naive,MADRE DE DIOS
2022-05-23,10.66316813107989,1.6609180447672784,seasonal_naive,MADRE DE DIOS
2022-05-30,10.663168131079887,2.7681967412787967,seasonal_naive,MADRE DE DIOS
2022-06-06,13.23912376256414,2.7681967412787967,seasonal_naive,MADRE DE DIOS
2022-06-13,11.741463131025974,2.7681967412787967,seasonal_naive,MADRE DE DIOS
2022-06-20,10.124020631106847,1.6609180447672784,seasonal_naive,MADRE DE DIOS
2022-06-27,6.469769999676512,1.660918044767278,seasonal_naive,MADRE DE DIOS
2022-07-04,5.930622499703468,2.7681967412787967,seasonal_naive,MADRE DE DIOS
2022-07-11,8.087212499595639,4.429114786046076,seasonal_naive,MADRE DE DIOS
2022-07-18,8.626359999568683,4.429114786046076,seasonal_naive,MADRE DE DIOS
2022-07-25,9.165507499541725,3.321836089534557,seasonal_naive,MADRE DE DIOS
2022-08-01,7.008917499649553,2.214557393023038,seasonal_naive,MADRE DE DIOS
2022-08-08,7.008917499649553,1.6609180447672784,seasonal_naive,MADRE DE DIOS
2022-08-15,5.930622499703468,1.6609180447672784,seasonal_naive,MADRE DE DIOS
2022-08-22,5.391474999730426,1.1072786965115191,seasonal_naive,MADRE DE DIOS
2022-08-29,3.7740324998112986,1.1072786965115191,seasonal_naive,MADRE DE DIOS
2022-09-05,3.2348849998382554,0.0,seasonal_naive,MADRE DE DIOS
2022-09-12,5.930622499703468,0.0,seasonal_naive,MADRE DE DIOS
2022-09-19,5.930622499703468,0.0,seasonal_naive,MADRE DE DIOS
2022-09-26,5.391474999730427,0.5536393482557598,seasonal_naive,MADRE DE DIOS
2022-10-03,3.234884999838256,1.1072786965115191,seasonal_naive,MADRE DE DIOS
2022-10-10,3.774032499811298,1.1072786965115191,seasonal_naive,MADRE DE DIOS
2022-10-17,2.1565899998921703,1.6609180447672784,seasonal_naive,MADRE DE DIOS
2022-10-24,1.6174424999191277,1.1072786965115191,seasonal_naive,MADRE DE DIOS
2022-10-31,0.5391474999730426,1.660918044767278,seasonal_naive,MADRE DE DIOS
2022-11-07,0.5391474999730426,1.1072786965115191,seasonal_naive,MADRE DE DIOS
2022-11-14,0.0,1.1072786965115191,seasonal_naive,MADRE DE DIOS
2022-11-21,1.0782949999460851,0.5536393482557598,seasonal_naive,MADRE DE DIOS
2022-11-28,2.1565899998921703,0.0,seasonal_naive,MADRE DE DIOS
2022-12-05,3.774032499811298,1.1072786965115191,seasonal_naive,MADRE DE DIOS
2010-12-27,3.998432614415151,3.9420674939816367,holt_winters,MADRE DE DIOS
2011-01-03,1.5993730457660613,4.501728301698214,holt_winters,MADRE DE DIOS
2011-01-10,1.5993730457660613,4.24698095789668,holt_winters,MADRE DE DIOS
2011-01-17,0.0,3.646219389780577,holt_winters,MADRE DE DIOS
2011-01-24,0.0,0.0,holt_winters,MADRE DE DIOS
2011-01-31,0.0,0.0,holt_winters,MADRE DE DIOS
2011-02-07,0.0,0.3020621761926007,holt_winters,MADRE DE DIOS
2011-02-14,0.7679665780945232,0.31106319500919755,holt_winters,MADRE DE DIOS
2011-02-21,0.7679665780945232,0.4737210140779876,holt_winters,MADRE DE DIOS
2011-02-28,0.7679665780945232,0.19655370877952208,holt_winters,MADRE DE DIOS
2011-03-07,5.271693131349464,0.0,holt_winters,MADRE DE DIOS
2011-03-14,5.271693131349464,0.0,holt_winters,MADRE DE DIOS
2011-03-21,5.271693131349464,4.668130258057444,holt_winters,MADRE DE DIOS
2011-03-28,0.0,4.6274836480868675,holt_winters,MADRE DE DIOS
2011-04-04,0.7679665780945232,5.642937942152686,holt_winters,MADRE DE DIOS
2011-04-11,1.5359331561890446,6.217169038521378,holt_winters,MADRE DE DIOS
2011-04-18,1.5359331561890446,1.802783855530024,holt_winters,MADRE DE DIOS
2011-04-25,0.7679665780945232,3.148340309404226,holt_winters,MADRE DE DIOS
2011-05-02,0.0,2.8876837270048332,holt_winters,MADRE DE DIOS
2011-05-09,0.0,1.6838826572747987,holt_winters,MADRE DE DIOS
2011-05-16,0.0,0.0,holt_winters,MADRE DE DIOS
2011-05-23,0.0,0.0,holt_winters,MADRE DE DIOS
2011-05-30,0.7679665780945232,0.0,holt_winters,MADRE DE DIOS
2011-06-06,1.5359331561890446,0.0,holt_winters,MADRE DE DIOS
2011-06-13,1.5359331561890446,2.087129049417407,holt_winters,MADRE DE DIOS
2011-06-20,0.7679665780945232,1.819977840344753,holt_winters,MADRE DE DIOS
2011-06-27,0.0,2.471693311496455,holt_winters,MADRE DE DIOS
2011-07-04,0.7679665780945232,1.9279007655784302,holt_winters,MADRE DE DIOS
2011-07-11,0.7679665780945232,1.3922663976531013,holt_winters,MADRE DE DIOS
2011-07-18,0.7679665780945232,2.036358237187245,holt_winters,MADRE DE DIOS
2011-07-25,3.0718663123780874,2.6199119174998122,holt_winters,MADRE DE DIOS
2011-08-01,3.0718663123780874,2.3515793302603054,holt_winters,MADRE DE DIOS
2011-08-08,3.0718663123780874,1.6360137826979644,holt_winters,MADRE DE DIOS
2011-08-15,0.0,2.5104774379575625,holt_winters,MADRE DE DIOS
2011-08-22,0.0,2.0315968549615135,holt_winters,MADRE DE DIOS
2011-08-29,1.5359331561890446,2.41355972851098,holt_winters,MADRE DE DIOS
2011-09-05,1.5359331561890446,0.38052191184127304,holt_winters,MADRE DE DIOS
2011-09-12,1.5359331561890446,1.181627795840578,holt_winters,MADRE DE DIOS
2011-09-19,0.0,1.1958391968717708,holt_winters,MADRE DE DIOS
2011-09-26,1.5359331561890446,1.1197541540856508,holt_winters,MADRE DE DIOS
2011-10-03,1.5359331561890446,1.0341821955257684,holt_winters,MADRE DE DIOS
2011-10-10,6.143732624756172,1.9700053170487815,holt_winters,MADRE DE DIOS
2011-10-17,5.37576604666165,2.067296955934526,holt_winters,MADRE DE DIOS
2011-10-24,5.37576604666165,2.082542794916735,holt_winters,MADRE DE DIOS
2011-10-31,0.7679665780945232,4.689501433026527,holt_winters,MADRE DE DIOS
2011-11-07,0.0,3.349004557014199,holt_winters,MADRE DE DIOS
2011-11-14,0.7679665780945232,3.7598051966618034,holt_winters,MADRE DE DIOS
2011-11-21,0.7679665780945232,4.767600262230637,holt_winters,MADRE DE DIOS
2011-11-28,3.0718663123780865,1.2122951308075134,holt_winters,MADRE DE DIOS
2011-12-05,3.0718663123780865,0.8153348437232919,holt_winters,MADRE DE DIOS
2011-12-12,6.143732624756172,0.6048810928970998,holt_winters,MADRE DE DIOS
2011-12-19,5.37576604666165,0.3436768035317925,holt_winters,MADRE DE DIOS
2011-12-26,6.911699202850694,6.306081635202356,holt_winters,MADRE DE DIOS
2012-01-02,4.578499892001648,5.371003681930628,holt_winters,MADRE DE DIOS
2012-01-09,4.519900738870687,5.666287586705303,holt_winters,MADRE DE DIOS
2012-01-16,2.2160010045871235,4.06989597223245,holt_winters,MADRE DE DIOS
2012-01-23,4.432002009174245,2.2653012634924092,holt_winters,MADRE DE DIOS
2012-01-30,2.954668006116164,2.0258483391853637,holt_winters,MADRE DE DIOS
2012-02-06,5.909336012232327,3.2705904339628002,holt_winters,MADRE DE DIOS
2012-02-13,3.6933350076452047,4.060069276592038,holt_winters,MADRE DE DIOS
2012-02-20,3.6933350076452047,3.5864668201322374,holt_winters,MADRE DE DIOS
2012-02-27,1.4773340030580826,2.5479547737921306,holt_winters,MADRE DE DIOS
2012-03-05,2.2160010045871235,2.5955011474757175,holt_winters,MADRE DE DIOS
2012-03-12,2.954668006116164,2.2403656115282904,holt_winters,MADRE DE DIOS
2012-03-19,5.909336012232327,3.2540396066618893,holt_winters,MADRE DE DIOS
2012-03-26,8.86400401834849,1.714969238481733,holt_winters,MADRE DE DIOS
2012-04-02,8.864004018348489,2.239935770913607,holt_winters,MADRE DE DIOS
2012-04-09,5.909336012232327,2.777467537504169,holt_winters,MADRE DE DIOS
2012-04-16,1.4773340030580826,5.835799669341869,holt_winters,MADRE DE DIOS
2012-04-23,1.4773340030580826,8.619169078428936,holt_winters,MADRE DE DIOS
2012-04-30,2.954668006116164,8.420185795902002,holt_winters,MADRE DE DIOS
2012-05-07,2.954668006116164,5.916793535441764,holt_winters,MADRE DE DIOS
2012-05-14,4.432002009174245,2.1692272515558884,holt_winters,MADRE DE DIOS
2012-05-21,4.432002009174245,1.5445067467103994,holt_winters,MADRE DE DIOS
2012-05-28,5.170669010703286,1.666459199970689,holt_winters,MADRE DE DIOS
2012-06-04,7.386670015290409,2.149782028078616,holt_winters,MADRE DE DIOS
2012-06-11,5.909336012232327,9.208637977144269,holt_winters,MADRE DE DIOS
2012-06-18,7.386670015290409,6.7161584747813245,holt_winters,MADRE DE DIOS
2012-06-25,4.432002009174245,7.190467422871727,holt_winters,MADRE DE DIOS
2012-07-02,4.432002009174245,6.507152098833326,holt_winters,MADRE DE DIOS
2012-07-09,2.2160010045871235,5.275787509323359,holt_winters,MADRE DE DIOS
2012-07-16,2.954668006116164,6.431874839156741,holt_winters,MADRE DE DIOS
2012-07-23,4.432002009174245,9.71085471105097,holt_winters,MADRE DE DIOS
2012-07-30,5.909336012232327,9.817543497886675,holt_winters,MADRE DE DIOS
2012-08-06,5.170669010703286,3.063608428739884,holt_winters,MADRE DE DIOS
2012-08-13,2.954668006116164,3.04138742465648,holt_winters,MADRE DE DIOS
2012-08-20,1.4773340030580826,2.4664191846756682,holt_winters,MADRE DE DIOS
2012-08-27,0.7386670015290419,3.68507238076128,holt_winters,MADRE DE DIOS
2012-09-03,2.2160010045871235,0.4058511838714528,holt_winters,MADRE DE DIOS
2012-09-10,3.6933350076452047,0.954993609760743,holt_winters,MADRE DE DIOS
2012-09-17,2.954668006116164,0.4773601746534522,holt_winters,MADRE DE DIOS
2012-09-24,1.4773340030580826,0.9619495600112451,holt_winters,MADRE DE DIOS
2012-10-01,2.2160010045871235,0.897451831598548,holt_winters,MADRE DE DIOS
2012-10-08,7.386670015290409,2.2363581630431875,holt_winters,MADRE DE DIOS
2012-10-15,7.386670015290409,2.2198402965575332,holt_winters,MADRE DE DIOS
2012-10-22,5.170669010703286,2.2188896723727782,holt_winters,MADRE DE DIOS
2012-10-29,0.7386670015290419,3.0794908280306448,holt_winters,MADRE DE DIOS
2012-11-05,0.7386670015290419,1.9811632573002353,holt_winters,MADRE DE DIOS
2012-11-12,2.2160010045871235,2.6960748129719203,holt_winters,MADRE DE DIOS
2012-11-19,1.4773340030580826,3.676967449278253,holt_winters,MADRE DE DIOS
2012-11-26,3.6933350076452047,2.5081891098941576,holt_winters,MADRE DE DIOS
2012-12-03,2.954668006116164,2.1025532450504154,holt_winters,MADRE DE DIOS
2012-12-10,4.432002009174245,2.369722032187694,holt_winters,MADRE DE DIOS
2012-12-17,2.2160010045871235,1.577096943720846,holt_winters,MADRE DE DIOS
2012-12-24,1.4773340030580826,2.917484258838776,holt_winters,MADRE DE DIOS
2012-12-31,0.7386670015290419,1.8601989419159732,holt_winters,MADRE DE DIOS
2013-01-07,1.450187948705727,2.031636988260658,holt_winters,MADRE DE DIOS
2013-01-14,2.1617088958824118,1.2494608926500215,holt_winters,MADRE DE DIOS
2013-01-21,2.134562841530055,2.0869086899442855,holt_winters,MADRE DE DIOS
2013-01-28,1.4230418943533707,1.564145480293488,holt_winters,MADRE DE DIOS
2013-02-04,1.4230418943533711,3.165936856555712,holt_winters,MADRE DE DIOS
2013-02-11,2.1345628415300557,4.071737453539873,holt_winters,MADRE DE DIOS
2013-02-18,3.557604735883426,2.2986454947319825,holt_winters,MADRE DE DIOS
2013-02-25,2.846083788706741,1.232919632852826,holt_winters,MADRE DE DIOS
2013-03-04,1.4230418943533714,1.630879365096733,holt_winters,MADRE DE DIOS
2013-03-11,0.0,1.672057126161969,holt_winters,MADRE DE DIOS
2013-03-18,2.8460837887067414,0.15433282555243724,holt_winters,MADRE DE DIOS
2013-03-25,3.557604735883426,0.0,holt_winters,MADRE DE DIOS
2013-04-01,3.557604735883426,0.0,holt_winters,MADRE DE DIOS
2013-04-08,0.7115209471766861,0.0,holt_winters,MADRE DE DIOS
2013-04-15,1.4230418943533711,0.3326279218667952,holt_winters,MADRE DE DIOS
2013-04-22,4.980646630236795,0.7485385715925927,holt_winters,MADRE DE DIOS
2013-04-29,7.115209471766851,0.9122950211993845,holt_winters,MADRE DE DIOS
2013-05-06,7.8267304189435345,0.4943004562591621,holt_winters,MADRE DE DIOS
2013-05-13,4.2691256830601105,7.049080858705786,holt_winters,MADRE DE DIOS
2013-05-20,2.1345628415300557,5.960987750836167,holt_winters,MADRE DE DIOS
2013-05-27,2.1345628415300557,8.029505506085455,holt_winters,MADRE DE DIOS
2013-06-03,2.1345628415300557,9.946042068009682,holt_winters,MADRE DE DIOS
2013-06-10,4.980646630236795,2.6584195536072373,holt_winters,MADRE DE DIOS
2013-06-17,2.846083788706741,1.8767558244457403,holt_winters,MADRE DE DIOS
2013-06-24,2.846083788706741,1.8121264027777095,holt_winters,MADRE DE DIOS
2013-07-01,0.0,1.595960539210111,holt_winters,MADRE DE DIOS
2013-07-08,1.4230418943533711,0.05154386899584336,holt_winters,MADRE DE DIOS
2013-07-15,2.846083788706741,0.3549862741384176,holt_winters,MADRE DE DIOS
2013-07-22,2.846083788706741,0.9958365560880744,holt_winters,MADRE DE DIOS
2013-07-29,2.1345628415300557,1.358342129021481,holt_winters,MADRE DE DIOS
2013-08-05,2.134562841530056,1.1583454552051617,holt_winters,MADRE DE DIOS
2013-08-12,2.846083788706741,0.7036596134555433,holt_winters,MADRE DE DIOS
2013-08-19,2.846083788706741,0.32423253353018094,holt_winters,MADRE DE DIOS
2013-08-26,1.4230418943533714,0.7220725813575586,holt_winters,MADRE DE DIOS
2013-09-02,0.7115209471766865,1.505159269582487,holt_winters,MADRE DE DIOS
2013-09-09,0.0,2.6392397724280556,holt_winters,MADRE DE DIOS
2013-09-16,0.0,1.6534679895288527,holt_winters,MADRE DE DIOS
2013-09-23,0.0,2.0826829472854174,holt_winters,MADRE DE DIOS
2013-09-30,0.7115209471766865,0.0,holt_winters,MADRE DE DIOS
2013-10-07,1.4230418943533714,0.8588282704321197,holt_winters,MADRE DE DIOS
2013-10-14,1.4230418943533714,0.7411881192676739,holt_winters,MADRE DE DIOS
2013-10-21,0.7115209471766865,0.5976169995592266,holt_winters,MADRE DE DIOS
2013-10-28,0.0,0.0,holt_winters,MADRE DE DIOS
2013-11-04,0.0,0.0,holt_winters,MADRE DE DIOS
2013-11-11,0.0,0.0,holt_winters,MADRE DE DIOS
2013-11-18,0.0,0.0,holt_winters,MADRE DE DIOS
2013-11-25,0.7115209471766865,0.43373235924376774,holt_winters,MADRE DE DIOS
2013-12-02,0.7115209471766865,0.4086308068131778,holt_winters,MADRE DE DIOS
2013-12-09,0.7115209471766865,0.7281444065053517,holt_winters,MADRE DE DIOS
2013-12-16,0.0,0.3023435501569797,holt_winters,MADRE DE DIOS
2013-12-23,0.0,0.0766642884733509,holt_winters,MADRE DE DIOS
2013-12-30,0.0,0.0,holt_winters,MADRE DE DIOS
2014-01-06,0.0,0.0,holt_winters,MADRE DE DIOS
2014-01-13,0.0,0.0,holt_winters,MADRE DE DIOS
2014-01-20,0.6862994049784175,0.10208804526033984,holt_winters,MADRE DE DIOS
2014-01-27,0.6862994049784175,0.0,holt_winters,MADRE DE DIOS
2014-02-03,0.6862994049784175,0.15686296105841374,holt_winters,MADRE DE DIOS
2014-02-10,0.0,0.4789593427245817,holt_winters,MADRE DE DIOS
2014-02-17,0.0,0.27513362725223234,holt_winters,MADRE DE DIOS
2014-02-24,0.0,0.0,holt_winters,MADRE DE DIOS
2014-03-03,0.0,0.06443354976935373,holt_winters,MADRE DE DIOS
2014-03-10,0.0,0.0,holt_winters,MADRE DE DIOS
2014-03-17,1.3725988099568334,0.5624081148698332,holt_winters,MADRE DE DIOS
2014-03-24,2.745197619913666,0.15804124758836577,holt_winters,MADRE DE DIOS
2014-03-31,3.4314970248920815,0.20299031834394754,holt_winters,MADRE DE DIOS
2014-04-07,2.0588982149352493,0.0,holt_winters,MADRE DE DIOS
2014-04-14,1.3725988099568334,1.5983858652941638,holt_winters,MADRE DE DIOS
2014-04-21,0.6862994049784175,2.863816858822047,holt_winters,MADRE DE DIOS
2014-04-28,0.6862994049784175,3.1637428024352854,holt_winters,MADRE DE DIOS
2014-05-05,0.0,2.3842791115522948,holt_winters,MADRE DE DIOS
2014-05-12,0.0,0.0,holt_winters,MADRE DE DIOS
2014-05-19,0.6862994049784175,0.0,holt_winters,MADRE DE DIOS
2014-05-26,1.3725988099568334,0.0,holt_winters,MADRE DE DIOS
2014-06-02,1.3725988099568334,0.0,holt_winters,MADRE DE DIOS
2014-06-09,1.3725988099568334,2.091552453406546,holt_winters,MADRE DE DIOS
2014-06-16,2.745197619913665,1.3454509091912814,holt_winters,MADRE DE DIOS
2014-06-23,3.4314970248920815,1.216325046523779,holt_winters,MADRE DE DIOS
2014-06-30,2.745197619913666,0.6176429287406788,holt_winters,MADRE DE DIOS
2014-07-07,0.6862994049784175,3.7091148610525293,holt_winters,MADRE DE DIOS
2014-07-14,0.0,5.683294171041903,holt_winters,MADRE DE DIOS
2014-07-21,0.0,8.333725459995172,holt_winters,MADRE DE DIOS
2014-07-28,0.6862994049784175,8.86400401834849,holt_winters,MADRE DE DIOS
2014-08-04,1.3725988099568334,0.563404624885834,holt_winters,MADRE DE DIOS
2014-08-11,2.058898214935248,0.2376524205938781,holt_winters,MADRE DE DIOS
2014-08-18,1.3725988099568334,0.0,holt_winters,MADRE DE DIOS
2014-08-25,0.6862994049784175,0.0,holt_winters,MADRE DE DIOS
2014-09-01,0.6862994049784175,0.8078836535234657,holt_winters,MADRE DE DIOS
2014-09-08,1.3725988099568334,1.0861725511788909,holt_winters,MADRE DE DIOS
2014-09-15,1.3725988099568334,0.6452326550755123,holt_winters,MADRE DE DIOS
2014-09-22,1.3725988099568334,0.607181766013208,holt_winters,MADRE DE DIOS
2014-09-29,0.6862994049784175,1.3651603886713355,holt_winters,MADRE DE DIOS
2014-10-06,0.6862994049784175,4.159404894032294,holt_winters,MADRE DE DIOS
2014-10-13,0.6862994049784175,4.723559393413008,holt_winters,MADRE DE DIOS
2014-10-20,0.6862994049784175,3.7709633441948647,holt_winters,MADRE DE DIOS
2014-10-27,0.6862994049784175,0.0,holt_winters,MADRE DE DIOS
2014-11-03,1.3725988099568334,0.0,holt_winters,MADRE DE DIOS
2014-11-10,1.3725988099568334,0.0,holt_winters,MADRE DE DIOS
2014-11-17,2.0588982149352493,0.0,holt_winters,MADRE DE DIOS
2014-11-24,1.3725988099568334,3.417158002611787,holt_winters,MADRE DE DIOS
2014-12-01,1.3725988099568334,2.981299342770727,holt_winters,MADRE DE DIOS
2014-12-08,1.3725988099568334,4.1527016766417555,holt_winters,MADRE DE DIOS
2014-12-15,0.6862994049784175,3.024279817603724,holt_winters,MADRE DE DIOS
2014-12-22,0.6862994049784175,0.7493393689840826,holt_winters,MADRE DE DIOS
2014-12-29,1.3725988099568334,0.29260767217415534,holt_winters,MADRE DE DIOS
2015-01-05,1.3725988099568334,0.4458744049592687,holt_winters,MADRE DE DIOS
2015-01-12,1.3725988099568334,0.10733329267724068,holt_winters,MADRE DE DIOS
2015-01-19,0.0,2.066395316705195,holt_winters,MADRE DE DIOS
2015-01-26,0.0,1.2959674669195214,holt_winters,MADRE DE DIOS
2015-02-02,0.6628047244720775,1.9245037543176111,holt_winters,MADRE DE DIOS
2015-02-09,0.6628047244720775,2.299282719404531,holt_winters,MADRE DE DIOS
2015-02-16,1.9884141734162295,0.8213790624061412,holt_winters,MADRE DE DIOS
2015-02-23,1.3256094489441534,0.5633464443519034,holt_winters,MADRE DE DIOS
2015-03-02,1.9884141734162293,1.014661601231916,holt_winters,MADRE DE DIOS
2015-03-09,0.6628047244720775,0.7215100849103449,holt_winters,MADRE DE DIOS
2015-03-16,1.3256094489441534,2.311184620744538,holt_winters,MADRE DE DIOS
2015-03-23,0.6628047244720775,1.3421091172317796,holt_winters,MADRE DE DIOS
2015-03-30,5.934497855821539,1.747095938500919,holt_winters,MADRE DE DIOS
2015-04-06,8.585716753709844,1.1179438659474252,holt_winters,MADRE DE DIOS
2015-04-13,8.585716753709844,6.566515245594091,holt_winters,MADRE DE DIOS
2015-04-20,3.314023622360382,8.533592086200926,holt_winters,MADRE DE DIOS
2015-04-27,0.6628047244720777,8.504495329198887,holt_winters,MADRE DE DIOS
2015-05-04,2.6512188978883056,7.403149800239225,holt_winters,MADRE DE DIOS
2015-05-11,2.6512188978883056,2.4763764503729426,holt_winters,MADRE DE DIOS
2015-05-18,3.314023622360382,2.4019241807106293,holt_winters,MADRE DE DIOS
2015-05-25,2.6512188978883056,3.102553650144648,holt_winters,MADRE DE DIOS
2015-06-01,2.6512188978883056,3.6011287661974496,holt_winters,MADRE DE DIOS
2015-06-08,2.6512188978883056,3.1054886631230287,holt_winters,MADRE DE DIOS
2015-06-15,1.9884141734162297,2.82078821136488,holt_winters,MADRE DE DIOS
2015-06-22,1.9884141734162297,2.119560679900384,holt_winters,MADRE DE DIOS
2015-06-29,0.6628047244720777,1.2273196683027225,holt_winters,MADRE DE DIOS
2015-07-06,0.0,0.503272255509559,holt_winters,MADRE DE DIOS
2015-07-13,1.3256094489441537,0.6624024196155454,holt_winters,MADRE DE DIOS
2015-07-20,1.3256094489441537,1.1650176079444425,holt_winters,MADRE DE DIOS
2015-07-27,1.9884141734162297,1.5851555181161645,holt_winters,MADRE DE DIOS
2015-08-03,0.6628047244720777,2.1841913416071757,holt_winters,MADRE DE DIOS
2015-08-10,1.3256094489441537,1.472348596933862,holt_winters,MADRE DE DIOS
2015-08-17,0.6628047244720777,0.8465635894454993,holt_winters,MADRE DE DIOS
2015-08-24,0.6628047244720777,0.8091544652273097,holt_winters,MADRE DE DIOS
2015-08-31,0.0,0.7886936170768875,holt_winters,MADRE DE DIOS
2015-09-07,0.6628047244720777,1.0375455727566907,holt_winters,MADRE DE DIOS
2015-09-14,1.3256094489441537,0.6601601269880997,holt_winters,MADRE DE DIOS
2015-09-21,1.988414173416228,0.6654751015446068,holt_winters,MADRE DE DIOS
2015-09-28,1.325609448944154,2.363226381366244,holt_winters,MADRE DE DIOS
2015-10-05,1.9884141734162295,5.158407854949468,holt_winters,MADRE DE DIOS
2015-10-12,1.3256094489441537,5.5930377429511635,holt_winters,MADRE DE DIOS
2015-10-19,1.3256094489441537,4.646080483579123,holt_winters,MADRE DE DIOS
2015-10-26,0.0,0.07485766626726198,holt_winters,MADRE DE DIOS
2015-11-02,0.6628047244720777,0.0,holt_winters,MADRE DE DIOS
2015-11-09,1.3256094489441537,0.39555684870215496,holt_winters,MADRE DE DIOS
2015-11-16,1.3256094489441537,0.4984980179301373,holt_winters,MADRE DE DIOS
2015-11-23,0.6628047244720777,2.5992889584621977,holt_winters,MADRE DE DIOS
2015-11-30,0.0,2.317851891186563,holt_winters,MADRE DE DIOS
2015-12-07,1.3256094489441537,3.3792710843904548,holt_winters,MADRE DE DIOS
2015-12-14,1.3256094489441537,2.249764037260686,holt_winters,MADRE DE DIOS
2015-12-21,1.9884141734162297,1.2882224934740116,holt_winters,MADRE DE DIOS
2015-12-28,0.6628047244720777,0.9995270273575378,holt_winters,MADRE DE DIOS
2016-01-04,1.3036701491415514,1.255318615421698,holt_winters,MADRE DE DIOS
2016-01-11,3.2043271233473702,0.8357959253153788,holt_winters,MADRE DE DIOS
2016-01-18,3.2043271233473702,3.3786304607865913,holt_winters,MADRE DE DIOS
2016-01-25,2.5634616986778966,2.762334710284678,holt_winters,MADRE DE DIOS
2016-02-01,0.0,3.5200890636215973,holt_winters,MADRE DE DIOS
2016-02-08,0.0,3.339617318038677,holt_winters,MADRE DE DIOS
2016-02-15,1.2817308493389492,0.27805514501237144,holt_winters,MADRE DE DIOS
2016-02-22,1.2817308493389492,0.006836568995346907,holt_winters,MADRE DE DIOS
2016-02-29,1.2817308493389492,0.2834119977708291,holt_winters,MADRE DE DIOS
2016-03-07,1.2817308493389492,0.0,holt_winters,MADRE DE DIOS
2016-03-14,1.9225962740084228,3.9008486297898353,holt_winters,MADRE DE DIOS
2016-03-21,1.9225962740084228,3.2477539871270693,holt_winters,MADRE DE DIOS
2016-03-28,3.2043271233473702,6.054523280511315,holt_winters,MADRE DE DIOS
2016-04-04,5.1269233973557915,5.0906006608704555,holt_winters,MADRE DE DIOS
2016-04-11,5.1269233973557915,3.7589507473663692,holt_winters,MADRE DE DIOS
2016-04-18,2.5634616986778966,3.353260301272825,holt_winters,MADRE DE DIOS
2016-04-25,0.0,2.8339198825881824,holt_winters,MADRE DE DIOS
2016-05-02,3.2043271233473702,3.181883260483212,holt_winters,MADRE DE DIOS
2016-05-09,4.486057972686318,2.6784815960127752,holt_winters,MADRE DE DIOS
2016-05-16,5.1269233973557915,2.7140548439208065,holt_winters,MADRE DE DIOS
2016-05-23,5.1269233973557915,3.323367337040957,holt_winters,MADRE DE DIOS
2016-05-30,6.408654246694739,3.8395618000857024,holt_winters,MADRE DE DIOS
2016-06-06,8.33125052070316,7.2805967975151535,holt_winters,MADRE DE DIOS
2016-06-13,10.253846794711581,6.611593296515915,holt_winters,MADRE DE DIOS
2016-06-20,11.535577644050528,5.356124575013825,holt_winters,MADRE DE DIOS
2016-06-27,9.612981370042107,3.621340454696421,holt_winters,MADRE DE DIOS
2016-07-04,6.408654246694738,7.243258637379153,holt_winters,MADRE DE DIOS
2016-07-11,2.5634616986778966,8.93152002115447,holt_winters,MADRE DE DIOS
2016-07-18,5.767788822025264,9.171084732542893,holt_winters,MADRE DE DIOS
2016-07-25,4.486057972686318,9.171084732542893,holt_winters,MADRE DE DIOS
2016-08-01,6.408654246694738,4.120106699902514,holt_winters,MADRE DE DIOS
2016-08-08,2.5634616986778975,3.265854824211557,holt_winters,MADRE DE DIOS
2016-08-15,1.9225962740084237,2.529329665704782,holt_winters,MADRE DE DIOS
2016-08-22,0.0,2.4294913140235113,holt_winters,MADRE DE DIOS
2016-08-29,1.9225962740084237,0.0,holt_winters,MADRE DE DIOS
2016-09-05,3.8451925480168447,0.1556056303791126,holt_winters,MADRE DE DIOS
2016-09-12,6.408654246694739,0.004374212057303083,holt_winters,MADRE DE DIOS
2016-09-19,7.049519671364213,0.17109661904538395,holt_winters,MADRE DE DIOS
2016-09-26,5.126923397355792,7.370005440843357,holt_winters,MADRE DE DIOS
2016-10-03,3.204327123347371,9.171084732542893,holt_winters,MADRE DE DIOS
2016-10-10,0.6408654246694766,9.171084732542893,holt_winters,MADRE DE DIOS
2016-10-17,1.9225962740084241,9.171084732542893,holt_winters,MADRE DE DIOS
2016-10-24,1.9225962740084241,0.47401909914797047,holt_winters,MADRE DE DIOS
2016-10-31,1.9225962740084241,0.5485054052544052,holt_winters,MADRE DE DIOS
2016-11-07,3.204327123347371,1.0865590108366465,holt_winters,MADRE DE DIOS
2016-11-14,2.5634616986778975,1.073238191276698,holt_winters,MADRE DE DIOS
2016-11-21,2.5634616986778975,3.1379888223076735,holt_winters,MADRE DE DIOS
2016-11-28,0.6408654246694766,2.61296032751175,holt_winters,MADRE DE DIOS
2016-12-05,2.5634616986778975,4.101221173408399,holt_winters,MADRE DE DIOS
2016-12-12,3.204327123347371,2.767275607989079,holt_winters,MADRE DE DIOS
2016-12-19,5.126923397355792,3.1026907875322696,holt_winters,MADRE DE DIOS
2016-12-26,6.408654246694739,2.526112795299203,holt_winters,MADRE DE DIOS
2017-01-02,6.388120823712569,3.146398142824749,holt_winters,MADRE DE DIOS
2017-01-09,3.8246591250346746,3.5244129973040756,holt_winters,MADRE DE DIOS
2017-01-16,3.7219920101238215,3.4385248265991173,holt_winters,MADRE DE DIOS
2017-01-23,3.101660008436518,2.8409685406809877,holt_winters,MADRE DE DIOS
2017-01-30,4.962656013498427,2.6993967975770636,holt_winters,MADRE DE DIOS
2017-02-06,4.342324011811123,2.2575067116773977,holt_winters,MADRE DE DIOS
2017-02-13,6.203320016873033,7.324339609603111,holt_winters,MADRE DE DIOS
2017-02-20,6.203320016873033,5.729864929287934,holt_winters,MADRE DE DIOS
2017-02-27,8.684648023622247,5.791412412084031,holt_winters,MADRE DE DIOS
2017-03-06,11.786308032058761,4.269065136881667,holt_winters,MADRE DE DIOS
2017-03-13,11.786308032058761,9.875736194156607,holt_winters,MADRE DE DIOS
2017-03-20,8.064316021934943,9.875736194156607,holt_winters,MADRE DE DIOS
2017-03-27,6.8236520185603355,9.875736194156607,holt_winters,MADRE DE DIOS
2017-04-03,4.962656013498427,9.875736194156607,holt_winters,MADRE DE DIOS
2017-04-10,3.72199201012382,5.122013650101806,holt_winters,MADRE DE DIOS
2017-04-17,4.342324011811123,3.9440287501700126,holt_winters,MADRE DE DIOS
2017-04-24,4.342324011811123,2.532397537125034,holt_winters,MADRE DE DIOS
2017-05-01,7.4439840202476395,3.867142536616168,holt_winters,MADRE DE DIOS
2017-05-08,6.203320016873033,6.908305912007464,holt_winters,MADRE DE DIOS
2017-05-15,6.823652018560337,7.362837022107726,holt_winters,MADRE DE DIOS
2017-05-22,6.203320016873033,7.881324968935353,holt_winters,MADRE DE DIOS
2017-05-29,8.064316021934943,8.805633424188505,holt_winters,MADRE DE DIOS
2017-06-05,7.4439840202476395,10.247732152356871,holt_winters,MADRE DE DIOS
2017-06-12,6.203320016873033,10.683899786442991,holt_winters,MADRE DE DIOS
2017-06-19,3.7219920101238206,10.306703125161258,holt_winters,MADRE DE DIOS
2017-06-26,3.7219920101238206,6.17511745032023,holt_winters,MADRE DE DIOS
2017-07-03,2.4813280067492145,2.8881243703181534,holt_winters,MADRE DE DIOS
2017-07-10,1.2406640033746086,3.038098386591411,holt_winters,MADRE DE DIOS
2017-07-17,1.8609960050619117,3.838715476773964,holt_winters,MADRE DE DIOS
2017-07-24,4.342324011811123,4.40833557314333,holt_winters,MADRE DE DIOS
2017-07-31,4.342324011811123,4.405231468143675,holt_winters,MADRE DE DIOS
2017-08-07,3.72199201012382,4.027706264748006,holt_winters,MADRE DE DIOS
2017-08-14,2.4813280067492145,2.9266396470912124,holt_winters,MADRE DE DIOS
2017-08-21,2.4813280067492145,1.5231419315276464,holt_winters,MADRE DE DIOS
2017-08-28,6.203320016873033,2.663623778136502,holt_winters,MADRE DE DIOS
2017-09-04,4.962656013498427,3.665411858721571,holt_winters,MADRE DE DIOS
2017-09-11,4.342324011811123,4.260890531301453,holt_winters,MADRE DE DIOS
2017-09-18,0.6203320016873054,4.1330149249845665,holt_winters,MADRE DE DIOS
2017-09-25,0.6203320016873054,0.5042366088130872,holt_winters,MADRE DE DIOS
2017-10-02,0.6203320016873054,0.8541955751296242,holt_winters,MADRE DE DIOS
2017-10-09,1.8609960050619117,0.4316467784347942,holt_winters,MADRE DE DIOS
2017-10-16,1.8609960050619117,0.38869637177614896,holt_winters,MADRE DE DIOS
2017-10-23,1.2406640033746086,1.026492561220509,holt_winters,MADRE DE DIOS
2017-10-30,2.4813280067492145,1.3783411687229612,holt_winters,MADRE DE DIOS
2017-11-06,4.342324011811123,2.0691881824169327,holt_winters,MADRE DE DIOS
2017-11-13,8.064316021934943,1.9470458954017946,holt_winters,MADRE DE DIOS
2017-11-20,9.304980025309549,7.8874871432841545,holt_winters,MADRE DE DIOS
2017-11-27,8.684648023622247,5.7440938343537065,holt_winters,MADRE DE DIOS
2017-12-04,5.58298801518573,9.057668037415251,holt_winters,MADRE DE DIOS
2017-12-11,1.8609960050619117,6.9304343705180145,holt_winters,MADRE DE DIOS
2017-12-18,0.6203320016873054,2.3422394397409274,holt_winters,MADRE DE DIOS
2017-12-25,0.6203320016873054,2.075434063690931,holt_winters,MADRE DE DIOS
2018-01-01,0.6203320016873054,2.5090824557770524,holt_winters,MADRE DE DIOS
2018-01-08,0.6203320016873054,2.819626872204134,holt_winters,MADRE DE DIOS
2018-01-15,2.4087969263751243,0.48096334471594376,holt_winters,MADRE DE DIOS
2018-01-22,4.817593852750247,0.33260690705876217,holt_winters,MADRE DE DIOS
2018-01-29,5.419793084344026,0.24159483568214812,holt_winters,MADRE DE DIOS
2018-02-05,6.624191547531588,0.1595514335348387,holt_winters,MADRE DE DIOS
2018-02-12,4.817593852750246,10.581397820002504,holt_winters,MADRE DE DIOS
2018-02-19,9.487087752505927,10.017625862899825,holt_winters,MADRE DE DIOS
2018-02-26,5.873892362943245,10.499151447292354,holt_winters,MADRE DE DIOS
2018-03-05,7.078290826130806,8.232432221829617,holt_winters,MADRE DE DIOS
2018-03-12,3.0109961579689046,10.534273589356973,holt_winters,MADRE DE DIOS
2018-03-19,3.6131953895626854,10.395930468576335,holt_winters,MADRE DE DIOS
2018-03-26,1.8065976947813438,10.779356442940582,holt_winters,MADRE DE DIOS
2018-04-02,2.4087969263751243,10.779356442940582,holt_winters,MADRE DE DIOS
2018-04-09,1.8065976947813436,2.0373736481428506,holt_winters,MADRE DE DIOS
2018-04-16,2.4087969263751243,1.4813085871538436,holt_winters,MADRE DE DIOS
2018-04-23,1.2043984631875635,0.5989608554694659,holt_winters,MADRE DE DIOS
2018-04-30,1.2043984631875635,1.3977973109856228,holt_winters,MADRE DE DIOS
2018-05-07,1.2043984631875635,1.3195804546405268,holt_winters,MADRE DE DIOS
2018-05-14,1.2043984631875635,1.6121913748959296,holt_winters,MADRE DE DIOS
2018-05-21,3.6131953895626854,1.7600758135142969,holt_winters,MADRE DE DIOS
2018-05-28,5.419793084344026,2.090248197056669,holt_winters,MADRE DE DIOS
2018-06-04,10.089286984099708,5.6160235724365375,holt_winters,MADRE DE DIOS
2018-06-11,7.680490057724586,5.581096793506152,holt_winters,MADRE DE DIOS
2018-06-18,6.476091594537025,5.5218068288232525,holt_winters,MADRE DE DIOS
2018-06-25,4.817593852750247,3.2081754987327216,holt_winters,MADRE DE DIOS
2018-07-02,7.828590010719149,2.5458292835125964,holt_winters,MADRE DE DIOS
2018-07-09,11.895884678881051,2.251659535637135,holt_winters,MADRE DE DIOS
2018-07-16,10.69148621569349,2.854253549802356,holt_winters,MADRE DE DIOS
2018-07-23,10.08928698409971,3.6644599216670883,holt_winters,MADRE DE DIOS
2018-07-30,7.226390779125366,10.164917066511318,holt_winters,MADRE DE DIOS
2018-08-06,6.021992315937808,10.052734480090429,holt_winters,MADRE DE DIOS
2018-08-13,4.817593852750247,7.895628228365263,holt_winters,MADRE DE DIOS
2018-08-20,2.408796926375125,5.117127122546886,holt_winters,MADRE DE DIOS
2018-08-27,1.204398463187564,3.691410432121266,holt_winters,MADRE DE DIOS
2018-09-03,3.0109961579689055,4.44468451898769,holt_winters,MADRE DE DIOS
2018-09-10,4.215394621156467,5.307904415256217,holt_winters,MADRE DE DIOS
2018-09-17,7.828590010719149,4.3776263964788935,holt_winters,MADRE DE DIOS
2018-09-24,6.624191547531588,5.85838094610012,holt_winters,MADRE DE DIOS
2018-10-01,6.624191547531588,6.176951261265222,holt_winters,MADRE DE DIOS
2018-10-08,3.613195389562686,5.337798423318639,holt_winters,MADRE DE DIOS
2018-10-15,3.0109961579689055,5.632872686023719,holt_winters,MADRE DE DIOS
2018-10-22,1.8065976947813445,2.0850017344073426,holt_winters,MADRE DE DIOS
2018-10-29,1.8065976947813447,2.981525334065952,holt_winters,MADRE DE DIOS
2018-11-05,1.8065976947813445,3.973577367542908,holt_winters,MADRE DE DIOS
2018-11-12,3.0109961579689055,4.610370785850573,holt_winters,MADRE DE DIOS
2018-11-19,5.419793084344026,2.5235401355884455,holt_winters,MADRE DE DIOS
2018-11-26,5.419793084344026,1.6969684601982014,holt_winters,MADRE DE DIOS
2018-12-03,6.021992315937808,2.455477380487893,holt_winters,MADRE DE DIOS
2018-12-10,5.419793084344028,1.5372369575029712,holt_winters,MADRE DE DIOS
2018-12-17,4.215394621156467,5.456145388229482,holt_winters,MADRE DE DIOS
2018-12-24,5.419793084344026,5.354495597476919,holt_winters,MADRE DE DIOS
2018-12-31,3.0109961579689046,5.745797058414667,holt_winters,MADRE DE DIOS
2019-01-07,4.181182159033774,5.953026911464067,holt_winters,MADRE DE DIOS
2019-01-14,1.755279001597306,3.9188760450635556,holt_winters,MADRE DE DIOS
2019-01-21,3.51055800319461,4.238619270347923,holt_winters,MADRE DE DIOS
2019-01-28,2.3403720021297407,4.006372168385881,holt_winters,MADRE DE DIOS
2019-02-04,3.51055800319461,3.6060838382120775,holt_winters,MADRE DE DIOS
2019-02-11,2.3403720021297407,5.350298588182828,holt_winters,MADRE DE DIOS
2019-02-18,2.3403720021297407,5.581857069563162,holt_winters,MADRE DE DIOS
2019-02-25,0.585093000532437,5.564571466154587,holt_winters,MADRE DE DIOS
2019-03-04,1.1701860010648715,5.224504473108234,holt_winters,MADRE DE DIOS
2019-03-11,1.755279001597306,1.0422590495271011,holt_winters,MADRE DE DIOS
2019-03-18,3.51055800319461,1.0170705941314258,holt_winters,MADRE DE DIOS
2019-03-25,6.436023005856783,1.634278476387049,holt_winters,MADRE DE DIOS
2019-04-01,8.191302007454086,1.7800470959780688,holt_winters,MADRE DE DIOS
2019-04-08,7.6062090069216515,7.165942265053889,holt_winters,MADRE DE DIOS
2019-04-15,4.095651003727045,5.207022574397449,holt_winters,MADRE DE DIOS
2019-04-22,4.095651003727045,2.638061493219665,holt_winters,MADRE DE DIOS
2019-04-29,6.436023005856782,4.5858636357483675,holt_winters,MADRE DE DIOS
2019-05-06,8.191302007454086,6.693582274052803,holt_winters,MADRE DE DIOS
2019-05-13,8.77639500798652,7.75508565600812,holt_winters,MADRE DE DIOS
2019-05-20,5.265837004791914,8.946689897408747,holt_winters,MADRE DE DIOS
2019-05-27,2.9254650026621754,10.19853945705553,holt_winters,MADRE DE DIOS
2019-06-03,3.51055800319461,3.8184987073829246,holt_winters,MADRE DE DIOS
2019-06-10,6.436023005856782,3.698403875083333,holt_winters,MADRE DE DIOS
2019-06-17,8.191302007454086,3.313198597207501,holt_winters,MADRE DE DIOS
2019-06-24,7.606209006921652,2.3410493884224577,holt_winters,MADRE DE DIOS
2019-07-01,6.436023005856782,6.056894626659491,holt_winters,MADRE DE DIOS
2019-07-08,4.680744004259478,5.359202401726698,holt_winters,MADRE DE DIOS
2019-07-15,2.925465002662175,6.375147178721887,holt_winters,MADRE DE DIOS
2019-07-22,3.510558003194609,8.17128932505685,holt_winters,MADRE DE DIOS
2019-07-29,8.77639500798652,2.894569102362059,holt_winters,MADRE DE DIOS
2019-08-05,7.6062090069216515,2.5061516288673213,holt_winters,MADRE DE DIOS
2019-08-12,7.021116006389216,1.6703189166105172,holt_winters,MADRE DE DIOS
2019-08-19,2.925465002662174,0.7853398181038753,holt_winters,MADRE DE DIOS
2019-08-26,4.095651003727043,3.914765933586154,holt_winters,MADRE DE DIOS
2019-09-02,2.925465002662174,6.006639276354971,holt_winters,MADRE DE DIOS
2019-09-09,5.265837004791913,7.412934319164858,holt_winters,MADRE DE DIOS
2019-09-16,6.436023005856781,6.865290500746493,holt_winters,MADRE DE DIOS
2019-09-23,8.191302007454086,5.169749259741905,holt_winters,MADRE DE DIOS
2019-09-30,6.436023005856781,4.869033169162471,holt_winters,MADRE DE DIOS
2019-10-07,5.265837004791913,3.5916664461304366,holt_winters,MADRE DE DIOS
2019-10-14,5.265837004791912,3.9272340218232467,holt_winters,MADRE DE DIOS
2019-10-21,5.265837004791912,3.3533888889247647,holt_winters,MADRE DE DIOS
2019-10-28,4.095651003727043,4.682931783871101,holt_winters,MADRE DE DIOS
2019-11-04,2.3403720021297394,6.163688346883076,holt_winters,MADRE DE DIOS
2019-11-11,1.1701860010648704,7.7412491104775025,holt_winters,MADRE DE DIOS
2019-11-18,2.3403720021297394,1.376656264876535,holt_winters,MADRE DE DIOS
2019-11-25,3.5105580031946086,0.8154172830032533,holt_winters,MADRE DE DIOS
2019-12-02,4.680744004259478,1.3651172611444542,holt_winters,MADRE DE DIOS
2019-12-09,4.095651003727044,0.8982828109320713,holt_winters,MADRE DE DIOS
2019-12-16,2.925465002662174,3.865026604512173,holt_winters,MADRE DE DIOS
2019-12-23,2.3403720021297394,3.998388964995357,holt_winters,MADRE DE DIOS
2019-12-30,1.755279001597305,3.836548603294161,holt_winters,MADRE DE DIOS
2020-01-06,2.876981322169963,4.254282551573583,holt_winters,MADRE DE DIOS
2020-01-13,1.7067953211050941,2.9286041965198497,holt_winters,MADRE DE DIOS
2020-01-20,4.551454189613582,3.3485913066101682,holt_winters,MADRE DE DIOS
2020-01-27,5.689317737016978,2.7326784409606857,holt_winters,MADRE DE DIOS
2020-02-03,7.965044831823769,2.901205496148652,holt_winters,MADRE DE DIOS
2020-02-10,7.965044831823769,9.164908882408774,holt_winters,MADRE DE DIOS
2020-02-17,5.689317737016978,9.889583756590174,holt_winters,MADRE DE DIOS
2020-02-24,4.551454189613583,8.616158911821497,holt_winters,MADRE DE DIOS
2020-03-02,2.275727094806792,8.93125863883156,holt_winters,MADRE DE DIOS
2020-03-09,1.7067953211050944,2.1653482657559016,holt_winters,MADRE DE DIOS
2020-03-16,1.1378635474033967,2.0435866108851295,holt_winters,MADRE DE DIOS
2020-03-23,0.5689317737016989,3.1329088894770276,holt_winters,MADRE DE DIOS
2020-03-30,1.7067953211050944,3.794772883458064,holt_winters,MADRE DE DIOS
2020-04-06,1.7067953211050944,1.3758608628273756,holt_winters,MADRE DE DIOS
2020-04-13,1.7067953211050944,0.8790120347245194,holt_winters,MADRE DE DIOS
2020-04-20,0.5689317737016989,0.17130307386357832,holt_winters,MADRE DE DIOS
2020-04-27,0.0,1.2634584718763917,holt_winters,MADRE DE DIOS
2020-05-04,0.0,0.09461633709639482,holt_winters,MADRE DE DIOS
2020-05-11,0.5689317737016989,0.22337029561294025,holt_winters,MADRE DE DIOS
2020-05-18,1.1378635474033967,0.2626006921815397,holt_winters,MADRE DE DIOS
2020-05-25,1.1378635474033967,0.3620162075954304,holt_winters,MADRE DE DIOS
2020-06-01,0.5689317737016989,1.6390568282994606,holt_winters,MADRE DE DIOS
2020-06-08,0.0,1.743672371610121,holt_winters,MADRE DE DIOS
2020-06-15,0.0,1.6552051061267146,holt_winters,MADRE DE DIOS
2020-06-22,0.0,1.1739702331754875,holt_winters,MADRE DE DIOS
2020-06-29,0.0,0.0,holt_winters,MADRE DE DIOS
2020-07-06,0.0,0.0,holt_winters,MADRE DE DIOS
2020-07-13,0.0,0.0,holt_winters,MADRE DE DIOS
2020-07-20,0.0,0.0,holt_winters,MADRE DE DIOS
2020-07-27,0.0,0.22217789471266536,holt_winters,MADRE DE DIOS
2020-08-03,0.0,0.00048752355109579494,holt_winters,MADRE DE DIOS
2020-08-10,0.0,0.0,holt_winters,MADRE DE DIOS
2020-08-17,0.0,0.0,holt_winters,MADRE DE DIOS
2020-08-24,0.0,0.5056957989234665,holt_winters,MADRE DE DIOS
2020-08-31,0.0,0.8264389514795063,holt_winters,MADRE DE DIOS
2020-09-07,0.0,1.3336159759920028,holt_winters,MADRE DE DIOS
2020-09-14,0.0,1.2050033946269187,holt_winters,MADRE DE DIOS
2020-09-21,0.0,0.0,holt_winters,MADRE DE DIOS
2020-09-28,0.0,0.0,holt_winters,MADRE DE DIOS
2020-10-05,0.0,0.0,holt_winters,MADRE DE DIOS
2020-10-12,0.0,0.0,holt_winters,MADRE DE DIOS
2020-10-19,0.0,0.0,holt_winters,MADRE DE DIOS
2020-10-26,0.0,0.0,holt_winters,MADRE DE DIOS
2020-11-02,0.0,0.09966217313877594,holt_winters,MADRE DE DIOS
2020-11-09,0.5689317737016989,0.14633297538622003,holt_winters,MADRE DE DIOS
2020-11-16,0.5689317737016989,1.0390603618116478,holt_winters,MADRE DE DIOS
2020-11-23,0.5689317737016989,0.6337729807762456,holt_winters,MADRE DE DIOS
2020-11-30,0.0,1.2038774646085648,holt_winters,MADRE DE DIOS
2020-12-07,0.0,0.8339866769545441,holt_winters,MADRE DE DIOS
2020-12-14,0.0,0.0,holt_winters,MADRE DE DIOS
2020-12-21,0.5689317737016989,0.0,holt_winters,MADRE DE DIOS
2020-12-28,0.5689317737016989,0.0,holt_winters,MADRE DE DIOS
2021-01-04,0.5689317737016989,0.0,holt_winters,MADRE DE DIOS
2021-01-11,0.0,0.4606769134308214,holt_winters,MADRE DE DIOS
2021-01-18,0.0,1.0981926356554785,holt_winters,MADRE DE DIOS
2021-01-25,0.0,0.8540289935469074,holt_winters,MADRE DE DIOS
2021-02-01,0.0,1.2138251882279385,holt_winters,MADRE DE DIOS
2021-02-08,0.5536393482557604,0.0,holt_winters,MADRE DE DIOS
2021-02-15,0.5536393482557604,0.0,holt_winters,MADRE DE DIOS
2021-02-22,1.6609180447672791,0.0,holt_winters,MADRE DE DIOS
2021-03-01,1.6609180447672791,0.0,holt_winters,MADRE DE DIOS
2021-03-08,3.321836089534557,1.2718266884636629,holt_winters,MADRE DE DIOS
2021-03-15,2.7681967412787976,1.238930476057822,holt_winters,MADRE DE DIOS
2021-03-22,4.9827541343018344,1.156186312542797,holt_winters,MADRE DE DIOS
2021-03-29,6.090032830813352,1.6234542027264567,holt_winters,MADRE DE DIOS
2021-04-05,7.197311527324871,5.251004558063376,holt_winters,MADRE DE DIOS
2021-04-12,5.536393482557593,4.484745279135295,holt_winters,MADRE DE DIOS
2021-04-19,3.3218360895345564,2.5475679170584073,holt_winters,MADRE DE DIOS
2021-04-26,2.7681967412787967,4.164869650052453,holt_winters,MADRE DE DIOS
2021-05-03,2.7681967412787967,2.8207960493565167,holt_winters,MADRE DE DIOS
2021-05-10,2.2145573930230373,3.40435866981056,holt_winters,MADRE DE DIOS
2021-05-17,1.6609180447672784,3.892687701401858,holt_winters,MADRE DE DIOS
2021-05-24,1.6609180447672784,4.1825799362943865,holt_winters,MADRE DE DIOS
2021-05-31,2.7681967412787967,1.8819411213669444,holt_winters,MADRE DE DIOS
2021-06-07,2.7681967412787967,1.81432940289689,holt_winters,MADRE DE DIOS
2021-06-14,2.7681967412787967,1.700624054031246,holt_winters,MADRE DE DIOS
2021-06-21,1.6609180447672784,1.4733197202126536,holt_winters,MADRE DE DIOS
2021-06-28,1.6609180447672782,1.6411702887990507,holt_winters,MADRE DE DIOS
2021-07-05,2.7681967412787967,1.2088390009216123,holt_winters,MADRE DE DIOS
2021-07-12,4.429114786046075,1.4679214201326798,holt_winters,MADRE DE DIOS
2021-07-19,4.429114786046075,1.788280861090258,holt_winters,MADRE DE DIOS
2021-07-26,3.3218360895345564,5.09281253978117,holt_winters,MADRE DE DIOS
2021-08-02,2.214557393023038,4.010195487603224,holt_winters,MADRE DE DIOS
2021-08-09,1.6609180447672784,3.413498828073708,holt_winters,MADRE DE DIOS
2021-08-16,1.6609180447672784,1.8298817862870789,holt_winters,MADRE DE DIOS
2021-08-23,1.1072786965115193,2.0650264190459895,holt_winters,MADRE DE DIOS
2021-08-30,1.1072786965115193,2.3998922162715512,holt_winters,MADRE DE DIOS
2021-09-06,0.0,3.1023636766542495,holt_winters,MADRE DE DIOS
2021-09-13,0.0,2.7159784109390395,holt_winters,MADRE DE DIOS
2021-09-20,0.0,0.019973041764960522,holt_winters,MADRE DE DIOS
2021-09-27,0.5536393482557599,0.0,holt_winters,MADRE DE DIOS
2021-10-04,1.1072786965115191,0.0,holt_winters,MADRE DE DIOS
2021-10-11,1.1072786965115191,0.0,holt_winters,MADRE DE DIOS
2021-10-18,1.6609180447672784,0.8195797912104421,holt_winters,MADRE DE DIOS
2021-10-25,1.1072786965115191,0.9031911299949726,holt_winters,MADRE DE DIOS
2021-11-01,1.6609180447672782,1.0460792368492924,holt_winters,MADRE DE DIOS
2021-11-08,1.1072786965115191,1.369436809861829,holt_winters,MADRE DE DIOS
2021-11-15,1.1072786965115191,1.7418487838962444,holt_winters,MADRE DE DIOS
2021-11-22,0.5536393482557599,1.4111473861257005,holt_winters,MADRE DE DIOS
2021-11-29,0.0,1.4952546130064395,holt_winters,MADRE DE DIOS
2021-12-06,1.1072786965115191,1.0679750304851052,holt_winters,MADRE DE DIOS
2021-12-13,1.1072786965115191,0.6312448433056157,holt_winters,MADRE DE DIOS
2021-12-20,1.1072786965115191,0.8926923265640236,holt_winters,MADRE DE DIOS
2021-12-27,0.0,0.6746944987503247,holt_winters,MADRE DE DIOS
2022-01-03,3.2348849998382563,0.7509293715082208,holt_winters,MADRE DE DIOS
2022-01-10,6.469769999676513,2.5561192415386955,holt_winters,MADRE DE DIOS
2022-01-17,9.165507499541725,3.9247140142541728,holt_winters,MADRE DE DIOS
2022-01-24,5.93062249970347,4.314046891399582,holt_winters,MADRE DE DIOS
2022-01-31,2.695737499865214,5.0832161399863365,holt_winters,MADRE DE DIOS
2022-02-07,0.0,2.5953411717751043,holt_winters,MADRE DE DIOS
2022-02-14,0.0,2.7765955924405294,holt_winters,MADRE DE DIOS
2022-02-21,0.0,2.378820225071698,holt_winters,MADRE DE DIOS
2022-02-28,0.0,2.517495878218713,holt_winters,MADRE DE DIOS
2022-03-07,2.1565899998921707,0.0,holt_winters,MADRE DE DIOS
2022-03-14,2.6957374998652135,0.008153918430004806,holt_winters,MADRE DE DIOS
2022-03-21,3.774032499811298,0.061544709737095374,holt_winters,MADRE DE DIOS
2022-03-28,5.930622499703468,0.31060941004966786,holt_winters,MADRE DE DIOS
2022-04-04,9.704654999514766,5.758195325508324,holt_winters,MADRE DE DIOS
2022-04-11,12.400392499379981,4.949664333155567,holt_winters,MADRE DE DIOS
2022-04-18,10.24380249948781,3.358836206911036,holt_winters,MADRE DE DIOS
2022-04-25,9.704654999514768,3.467033448877431,holt_winters,MADRE DE DIOS
2022-05-02,9.165507499541725,10.224885742355797,holt_winters,MADRE DE DIOS
2022-05-09,9.704654999514768,10.427352823132148,holt_winters,MADRE DE DIOS
2022-05-16,8.626359999568683,10.427352823132148,holt_winters,MADRE DE DIOS
2022-05-23,10.66316813107989,10.427352823132148,holt_winters,MADRE DE DIOS
2022-05-30,10.663168131079887,10.674778545771465,holt_winters,MADRE DE DIOS
2022-06-06,13.23912376256414,10.674778545771465,holt_winters,MADRE DE DIOS
2022-06-13,11.741463131025974,10.674778545771465,holt_winters,MADRE DE DIOS
2022-06-20,10.124020631106847,10.30326369380638,holt_winters,MADRE DE DIOS
2022-06-27,6.469769999676512,10.861467203741583,holt_winters,MADRE DE DIOS
2022-07-04,5.930622499703468,10.782158089026435,holt_winters,MADRE DE DIOS
2022-07-11,8.087212499595639,11.005522067242385,holt_winters,MADRE DE DIOS
2022-07-18,8.626359999568683,11.804775965646558,holt_winters,MADRE DE DIOS
2022-07-25,9.165507499541725,9.217530901774163,holt_winters,MADRE DE DIOS
2022-08-01,7.008917499649553,7.78537686650742,holt_winters,MADRE DE DIOS
2022-08-08,7.008917499649553,6.4954519215705995,holt_winters,MADRE DE DIOS
2022-08-15,5.930622499703468,4.797781783226066,holt_winters,MADRE DE DIOS
2022-08-22,5.391474999730426,5.213258676368725,holt_winters,MADRE DE DIOS
2022-08-29,3.7740324998112986,5.795258597967369,holt_winters,MADRE DE DIOS
2022-09-05,3.2348849998382554,5.944308847114136,holt_winters,MADRE DE DIOS
2022-09-12,5.930622499703468,5.521356857412075,holt_winters,MADRE DE DIOS
2022-09-19,5.930622499703468,6.03881336747713,holt_winters,MADRE DE DIOS
2022-09-26,5.391474999730427,5.9889754192517115,holt_winters,MADRE DE DIOS
2022-10-03,3.234884999838256,5.9718667650518045,holt_winters,MADRE DE DIOS
2022-10-10,3.774032499811298,5.552619783356249,holt_winters,MADRE DE DIOS
2022-10-17,2.1565899998921703,3.6444417429819413,holt_winters,MADRE DE DIOS
2022-10-24,1.6174424999191277,3.395643502863625,holt_winters,MADRE DE DIOS
2022-10-31,0.5391474999730426,3.4143866265988736,holt_winters,MADRE DE DIOS
2022-11-07,0.5391474999730426,3.8786734961282425,holt_winters,MADRE DE DIOS
2022-11-14,0.0,0.9284188453860114,holt_winters,MADRE DE DIOS
2022-11-21,1.0782949999460851,1.0325630644318045,holt_winters,MADRE DE DIOS
2022-11-28,2.1565899998921703,0.7694785510562674,holt_winters,MADRE DE DIOS
2022-12-05,3.774032499811298,0.7430166692952778,holt_winters,MADRE DE DIOS
2010-12-27,3.998432614415151,3.689842110622614,arima,MADRE DE DIOS
2011-01-03,1.5993730457660613,3.7635192028398876,arima,MADRE DE DIOS
2011-01-10,1.5993730457660613,3.7492141395739065,arima,MADRE DE DIOS
2011-01-17,0.0,3.6540377952158547,arima,MADRE DE DIOS
2011-01-24,0.0,0.1394399083391333,arima,MADRE DE DIOS
2011-01-31,0.0,0.5447506592778932,arima,MADRE DE DIOS
2011-02-07,0.0,0.9609800365391044,arima,MADRE DE DIOS
2011-02-14,0.7679665780945232,1.270817720395017,arima,MADRE DE DIOS
2011-02-21,0.7679665780945232,1.244376803099557,arima,MADRE DE DIOS
2011-02-28,0.7679665780945232,1.4718479789742918,arima,MADRE DE DIOS
2011-03-07,5.271693131349464,1.566255669171687,arima,MADRE DE DIOS
2011-03-14,5.271693131349464,1.6018823250835021,arima,MADRE DE DIOS
2011-03-21,5.271693131349464,3.750952055121478,arima,MADRE DE DIOS
2011-03-28,0.0,2.726928339848212,arima,MADRE DE DIOS
2011-04-04,0.7679665780945232,2.185475134563639,arima,MADRE DE DIOS
2011-04-11,1.5359331561890446,1.914371137686854,arima,MADRE DE DIOS
2011-04-18,1.5359331561890446,1.7481740651614026,arima,MADRE DE DIOS
2011-04-25,0.7679665780945232,1.7500890434516956,arima,MADRE DE DIOS
2011-05-02,0.0,1.7105796169137824,arima,MADRE DE DIOS
2011-05-09,0.0,1.6771029373208965,arima,MADRE DE DIOS
2011-05-16,0.0,0.376381089049216,arima,MADRE DE DIOS
2011-05-23,0.0,0.8113797684440287,arima,MADRE DE DIOS
2011-05-30,0.7679665780945232,1.15617922595928,arima,MADRE DE DIOS
2011-06-06,1.5359331561890446,1.3749309281168869,arima,MADRE DE DIOS
2011-06-13,1.5359331561890446,1.7404589988407584,arima,MADRE DE DIOS
2011-06-20,0.7679665780945232,1.73353112882958,arima,MADRE DE DIOS
2011-06-27,0.0,1.6871167910720177,arima,MADRE DE DIOS
2011-07-04,0.7679665780945232,1.6489770502778631,arima,MADRE DE DIOS
2011-07-11,0.7679665780945232,1.2369790081368595,arima,MADRE DE DIOS
2011-07-18,0.7679665780945232,1.4553594420910492,arima,MADRE DE DIOS
2011-07-25,3.0718663123780874,1.542821211839967,arima,MADRE DE DIOS
2011-08-01,3.0718663123780874,1.574136563326984,arima,MADRE DE DIOS
2011-08-08,3.0718663123780874,2.508428577906726,arima,MADRE DE DIOS
2011-08-15,0.0,2.0870747743958016,arima,MADRE DE DIOS
2011-08-22,0.0,1.8444343033768504,arima,MADRE DE DIOS
2011-08-29,1.5359331561890446,1.715947282684401,arima,MADRE DE DIOS
2011-09-05,1.5359331561890446,2.083026479038511,arima,MADRE DE DIOS
2011-09-12,1.5359331561890446,2.030612180600081,arima,MADRE DE DIOS
2011-09-19,0.0,1.8741893897242545,arima,MADRE DE DIOS
2011-09-26,1.5359331561890446,1.7569755178946425,arima,MADRE DE DIOS
2011-10-03,1.5359331561890446,2.030128293557464,arima,MADRE DE DIOS
2011-10-10,6.143732624756172,1.9705440658284048,arima,MADRE DE DIOS
2011-10-17,5.37576604666165,1.828722441625525,arima,MADRE DE DIOS
2011-10-24,5.37576604666165,1.7250744778161766,arima,MADRE DE DIOS
2011-10-31,0.7679665780945232,3.74211105668709,arima,MADRE DE DIOS
2011-11-07,0.0,2.708430721605524,arima,MADRE DE DIOS
2011-11-14,0.7679665780945232,2.1802902065426784,arima,MADRE DE DIOS
2011-11-21,0.7679665780945232,1.919400615873641,arima,MADRE DE DIOS
2011-11-28,3.0718663123780865,1.3317340411292116,arima,MADRE DE DIOS
2011-12-05,3.0718663123780865,1.5458245409278657,arima,MADRE DE DIOS
2011-12-12,6.143732624756172,1.6329333525418477,arima,MADRE DE DIOS
2011-12-19,5.37576604666165,1.5393137126049514,arima,MADRE DE DIOS
2011-12-26,6.911699202850694,3.70936783892759,arima,MADRE DE DIOS
2012-01-02,4.578499892001648,2.4426198598860323,arima,MADRE DE DIOS
2012-01-09,4.519900738870687,1.9170211358322313,arima,MADRE DE DIOS
2012-01-16,2.2160010045871235,1.845894421122432,arima,MADRE DE DIOS
2012-01-23,4.432002009174245,2.106316035212042,arima,MADRE DE DIOS
2012-01-30,2.954668006116164,2.163015467549674,arima,MADRE DE DIOS
2012-02-06,5.909336012232327,2.6141212942408742,arima,MADRE DE DIOS
2012-02-13,3.6933350076452047,2.976915160510824,arima,MADRE DE DIOS
2012-02-20,3.6933350076452047,3.766121551207524,arima,MADRE DE DIOS
2012-02-27,1.4773340030580826,3.289916660542307,arima,MADRE DE DIOS
2012-03-05,2.2160010045871235,3.401230996133081,arima,MADRE DE DIOS
2012-03-12,2.954668006116164,3.481895834337787,arima,MADRE DE DIOS
2012-03-19,5.909336012232327,3.746038045622935,arima,MADRE DE DIOS
2012-03-26,8.86400401834849,3.943964025624446,arima,MADRE DE DIOS
2012-04-02,8.864004018348489,3.774349617875461,arima,MADRE DE DIOS
2012-04-09,5.909336012232327,3.4471498228677033,arima,MADRE DE DIOS
2012-04-16,1.4773340030580826,4.348630964888984,arima,MADRE DE DIOS
2012-04-23,1.4773340030580826,3.632001933766598,arima,MADRE DE DIOS
2012-04-30,2.954668006116164,3.696622026286053,arima,MADRE DE DIOS
2012-05-07,2.954668006116164,4.093146340184671,arima,MADRE DE DIOS
2012-05-14,4.432002009174245,3.9189125308172548,arima,MADRE DE DIOS
2012-05-21,4.432002009174245,3.884120646614936,arima,MADRE DE DIOS
2012-05-28,5.170669010703286,3.8151684302436673,arima,MADRE DE DIOS
2012-06-04,7.386670015290409,3.4926021380343366,arima,MADRE DE DIOS
2012-06-11,5.909336012232327,6.094990045242749,arima,MADRE DE DIOS
2012-06-18,7.386670015290409,5.12805134271079,arima,MADRE DE DIOS
2012-06-25,4.432002009174245,4.204652320428968,arima,MADRE DE DIOS
2012-07-02,4.432002009174245,3.9977582010420507,arima,MADRE DE DIOS
2012-07-09,2.2160010045871235,4.031130109379574,arima,MADRE DE DIOS
2012-07-16,2.954668006116164,4.413387181581054,arima,MADRE DE DIOS
2012-07-23,4.432002009174245,4.67478238104052,arima,MADRE DE DIOS
2012-07-30,5.909336012232327,4.94004942396184,arima,MADRE DE DIOS
2012-08-06,5.170669010703286,5.974763163328891,arima,MADRE DE DIOS
2012-08-13,2.954668006116164,5.3514354270300935,arima,MADRE DE DIOS
2012-08-20,1.4773340030580826,4.612226254653765,arima,MADRE DE DIOS
2012-08-27,0.7386670015290419,4.219150127469285,arima,MADRE DE DIOS
2012-09-03,2.2160010045871235,1.3334037233075162,arima,MADRE DE DIOS
2012-09-10,3.6933350076452047,2.24775630432111,arima,MADRE DE DIOS
2012-09-17,2.954668006116164,3.358349683394472,arima,MADRE DE DIOS
2012-09-24,1.4773340030580826,3.7647337188956316,arima,MADRE DE DIOS
2012-10-01,2.2160010045871235,1.4570156452224774,arima,MADRE DE DIOS
2012-10-08,7.386670015290409,1.6316665428853274,arima,MADRE DE DIOS
2012-10-15,7.386670015290409,2.133374113412682,arima,MADRE DE DIOS
2012-10-22,5.170669010703286,2.465136635810982,arima,MADRE DE DIOS
2012-10-29,0.7386670015290419,3.4163059631529613,arima,MADRE DE DIOS
2012-11-05,0.7386670015290419,2.67563696558554,arima,MADRE DE DIOS
2012-11-12,2.2160010045871235,2.6459280440462813,arima,MADRE DE DIOS
2012-11-19,1.4773340030580826,3.014160334566556,arima,MADRE DE DIOS
2012-11-26,3.6933350076452047,2.332776936584528,arima,MADRE DE DIOS
2012-12-03,2.954668006116164,2.418253359637824,arima,MADRE DE DIOS
2012-12-10,4.432002009174245,2.661793945515647,arima,MADRE DE DIOS
2012-12-17,2.2160010045871235,2.51394059232442,arima,MADRE DE DIOS
2012-12-24,1.4773340030580826,2.125828758839037,arima,MADRE DE DIOS
2012-12-31,0.7386670015290419,1.881324119310713,arima,MADRE DE DIOS
2013-01-07,1.450187948705727,2.207507985761587,arima,MADRE DE DIOS
2013-01-14,2.1617088958824118,2.457193703960426,arima,MADRE DE DIOS
2013-01-21,2.134562841530055,2.778132271014704,arima,MADRE DE DIOS
2013-01-28,1.4230418943533707,2.709360547691548,arima,MADRE DE DIOS
2013-02-04,1.4230418943533711,2.3694065432022087,arima,MADRE DE DIOS
2013-02-11,2.1345628415300557,2.032827487243265,arima,MADRE DE DIOS
2013-02-18,3.557604735883426,2.242161507482837,arima,MADRE DE DIOS
2013-02-25,2.846083788706741,2.251328140153963,arima,MADRE DE DIOS
2013-03-04,1.4230418943533714,2.0143344675104653,arima,MADRE DE DIOS
2013-03-11,0.0,1.8620060677485881,arima,MADRE DE DIOS
2013-03-18,2.8460837887067414,0.22157725138051312,arima,MADRE DE DIOS
2013-03-25,3.557604735883426,0.6598263494491226,arima,MADRE DE DIOS
2013-04-01,3.557604735883426,1.5389201129258905,arima,MADRE DE DIOS
2013-04-08,0.7115209471766861,1.9554630055700932,arima,MADRE DE DIOS
2013-04-15,1.4230418943533711,0.6450876185102894,arima,MADRE DE DIOS
2013-04-22,4.980646630236795,0.7266817815490003,arima,MADRE DE DIOS
2013-04-29,7.115209471766851,1.38904614648271,arima,MADRE DE DIOS
2013-05-06,7.8267304189435345,1.8557090413726876,arima,MADRE DE DIOS
2013-05-13,4.2691256830601105,4.4746855303947655,arima,MADRE DE DIOS
2013-05-20,2.1345628415300557,2.892801050844463,arima,MADRE DE DIOS
2013-05-27,2.1345628415300557,2.3150473698937293,arima,MADRE DE DIOS
2013-06-03,2.1345628415300557,2.598589060470951,arima,MADRE DE DIOS
2013-06-10,4.980646630236795,3.0092184961906048,arima,MADRE DE DIOS
2013-06-17,2.846083788706741,3.522561531507346,arima,MADRE DE DIOS
2013-06-24,2.846083788706741,3.7146946522693662,arima,MADRE DE DIOS
2013-07-01,0.0,3.426224884499473,arima,MADRE DE DIOS
2013-07-08,1.4230418943533711,0.4533724304008273,arima,MADRE DE DIOS
2013-07-15,2.846083788706741,0.8620327477108847,arima,MADRE DE DIOS
2013-07-22,2.846083788706741,2.202832280050668,arima,MADRE DE DIOS
2013-07-29,2.1345628415300557,2.5056663556321586,arima,MADRE DE DIOS
2013-08-05,2.134562841530056,1.7223487418328398,arima,MADRE DE DIOS
2013-08-12,2.846083788706741,1.589238723668113,arima,MADRE DE DIOS
2013-08-19,2.846083788706741,1.7276633764732159,arima,MADRE DE DIOS
2013-08-26,1.4230418943533714,1.9311363343310353,arima,MADRE DE DIOS
2013-09-02,0.7115209471766865,1.469951593474471,arima,MADRE DE DIOS
2013-09-09,0.0,1.576188483067289,arima,MADRE DE DIOS
2013-09-16,0.0,2.0177673359748507,arima,MADRE DE DIOS
2013-09-23,0.0,2.22453976277465,arima,MADRE DE DIOS
2013-09-30,0.7115209471766865,0.5577327336120783,arima,MADRE DE DIOS
2013-10-07,1.4230418943533714,0.9157247620309916,arima,MADRE DE DIOS
2013-10-14,1.4230418943533714,1.0357309732649123,arima,MADRE DE DIOS
2013-10-21,0.7115209471766865,0.7954419580048926,arima,MADRE DE DIOS
2013-10-28,0.0,0.3948725558211633,arima,MADRE DE DIOS
2013-11-04,0.0,0.3365115576650953,arima,MADRE DE DIOS
2013-11-11,0.0,0.5261235996396598,arima,MADRE DE DIOS
2013-11-18,0.0,0.7348227183937799,arima,MADRE DE DIOS
2013-11-25,0.7115209471766865,0.1233449214918341,arima,MADRE DE DIOS
2013-12-02,0.7115209471766865,0.15064396684779074,arima,MADRE DE DIOS
2013-12-09,0.7115209471766865,0.14295247519942994,arima,MADRE DE DIOS
2013-12-16,0.0,0.08536644881435611,arima,MADRE DE DIOS
2013-12-23,0.0,0.0,arima,MADRE DE DIOS
2013-12-30,0.0,0.026402610159580252,arima,MADRE DE DIOS
2014-01-06,0.0,0.26912504278761035,arima,MADRE DE DIOS
2014-01-13,0.0,0.37671971104530905,arima,MADRE DE DIOS
2014-01-20,0.6862994049784175,0.08711590031948852,arima,MADRE DE DIOS
2014-01-27,0.6862994049784175,0.1225453844390072,arima,MADRE DE DIOS
2014-02-03,0.6862994049784175,0.1297312615756889,arima,MADRE DE DIOS
2014-02-10,0.0,0.09620592890901929,arima,MADRE DE DIOS
2014-02-17,0.0,0.0,arima,MADRE DE DIOS
2014-02-24,0.0,0.0015458466508128344,arima,MADRE DE DIOS
2014-03-03,0.0,0.21802364135780095,arima,MADRE DE DIOS
2014-03-10,0.0,0.32573963338773054,arima,MADRE DE DIOS
2014-03-17,1.3725988099568334,0.08236624723725328,arima,MADRE DE DIOS
2014-03-24,2.745197619913666,0.11555381638900591,arima,MADRE DE DIOS
2014-03-31,3.4314970248920815,0.12248322215448561,arima,MADRE DE DIOS
2014-04-07,2.0588982149352493,0.09226073617860127,arima,MADRE DE DIOS
2014-04-14,1.3725988099568334,1.0547536451026311,arima,MADRE DE DIOS
2014-04-21,0.6862994049784175,0.7369602565291518,arima,MADRE DE DIOS
2014-04-28,0.6862994049784175,0.945388552766512,arima,MADRE DE DIOS
2014-05-05,0.0,1.3757703861019022,arima,MADRE DE DIOS
2014-05-12,0.0,0.3895504512649819,arima,MADRE DE DIOS
2014-05-19,0.6862994049784175,0.6533417520665583,arima,MADRE DE DIOS
2014-05-26,1.3725988099568334,1.0685167761025824,arima,MADRE DE DIOS
2014-06-02,1.3725988099568334,1.0073901044255829,arima,MADRE DE DIOS
2014-06-09,1.3725988099568334,0.9887789248233634,arima,MADRE DE DIOS
2014-06-16,2.745197619913665,0.6508615459985441,arima,MADRE DE DIOS
2014-06-23,3.4314970248920815,0.542816128122501,arima,MADRE DE DIOS
2014-06-30,2.745197619913666,0.6079499384495446,arima,MADRE DE DIOS
2014-07-07,0.6862994049784175,1.8308229063306491,arima,MADRE DE DIOS
2014-07-14,0.0,1.3914169915786099,arima,MADRE DE DIOS
2014-07-21,0.0,1.382163360848799,arima,MADRE DE DIOS
2014-07-28,0.6862994049784175,1.6278957934622555,arima,MADRE DE DIOS
2014-08-04,1.3725988099568334,1.3925253844025618,arima,MADRE DE DIOS
2014-08-11,2.058898214935248,1.6872563963740443,arima,MADRE DE DIOS
2014-08-18,1.3725988099568334,1.3265266786610428,arima,MADRE DE DIOS
2014-08-25,0.6862994049784175,0.9212647147655486,arima,MADRE DE DIOS
2014-09-01,0.6862994049784175,0.4895335597993464,arima,MADRE DE DIOS
2014-09-08,1.3725988099568334,0.5707556276694101,arima,MADRE DE DIOS
2014-09-15,1.3725988099568334,0.8173379686096991,arima,MADRE DE DIOS
2014-09-22,1.3725988099568334,1.0195384032253068,arima,MADRE DE DIOS
2014-09-29,0.6862994049784175,1.1416744810773585,arima,MADRE DE DIOS
2014-10-06,0.6862994049784175,1.0380246334076975,arima,MADRE DE DIOS
2014-10-13,0.6862994049784175,1.0110500160605724,arima,MADRE DE DIOS
2014-10-20,0.6862994049784175,1.0753130560497666,arima,MADRE DE DIOS
2014-10-27,0.6862994049784175,0.836569483762361,arima,MADRE DE DIOS
2014-11-03,1.3725988099568334,0.910680261512977,arima,MADRE DE DIOS
2014-11-10,1.3725988099568334,0.9292536767276789,arima,MADRE DE DIOS
2014-11-17,2.0588982149352493,0.8766905466412798,arima,MADRE DE DIOS
2014-11-24,1.3725988099568334,1.5291420664766004,arima,MADRE DE DIOS
2014-12-01,1.3725988099568334,1.2538264604530562,arima,MADRE DE DIOS
2014-12-08,1.3725988099568334,1.001387086802389,arima,MADRE DE DIOS
2014-12-15,0.6862994049784175,1.039403391829703,arima,MADRE DE DIOS
2014-12-22,0.6862994049784175,0.7930614716533921,arima,MADRE DE DIOS
2014-12-29,1.3725988099568334,0.911392953243471,arima,MADRE DE DIOS
2015-01-05,1.3725988099568334,1.1900221461905454,arima,MADRE DE DIOS
2015-01-12,1.3725988099568334,1.2751286453641475,arima,MADRE DE DIOS
2015-01-19,0.0,1.1609791595170744,arima,MADRE DE DIOS
2015-01-26,0.0,1.067381184592266,arima,MADRE DE DIOS
2015-02-02,0.6628047244720775,1.0442472781690255,arima,MADRE DE DIOS
2015-02-09,0.6628047244720775,1.1072447707633892,arima,MADRE DE DIOS
2015-02-16,1.9884141734162295,0.8935586077213074,arima,MADRE DE DIOS
2015-02-23,1.3256094489441534,0.6887700854773644,arima,MADRE DE DIOS
2015-03-02,1.9884141734162293,0.5834049814853894,arima,MADRE DE DIOS
2015-03-09,0.6628047244720775,0.48885377390465706,arima,MADRE DE DIOS
2015-03-16,1.3256094489441534,0.6213762792248978,arima,MADRE DE DIOS
2015-03-23,0.6628047244720775,0.5527068466141616,arima,MADRE DE DIOS
2015-03-30,5.934497855821539,0.877040871752899,arima,MADRE DE DIOS
2015-04-06,8.585716753709844,1.0693518295185651,arima,MADRE DE DIOS
2015-04-13,8.585716753709844,8.199014951951924,arima,MADRE DE DIOS
2015-04-20,3.314023622360382,3.5378730013935744,arima,MADRE DE DIOS
2015-04-27,0.6628047244720777,2.632173211737421,arima,MADRE DE DIOS
2015-05-04,2.6512188978883056,2.8569924794615935,arima,MADRE DE DIOS
2015-05-11,2.6512188978883056,4.553616504464024,arima,MADRE DE DIOS
2015-05-18,3.314023622360382,7.313367864820728,arima,MADRE DE DIOS
2015-05-25,2.6512188978883056,4.755261217942213,arima,MADRE DE DIOS
2015-06-01,2.6512188978883056,3.3861854076621096,arima,MADRE DE DIOS
2015-06-08,2.6512188978883056,2.3927549006094377,arima,MADRE DE DIOS
2015-06-15,1.9884141734162297,2.614626750846471,arima,MADRE DE DIOS
2015-06-22,1.9884141734162297,2.6739264496441533,arima,MADRE DE DIOS
2015-06-29,0.6628047244720777,2.780866786674602,arima,MADRE DE DIOS
2015-07-06,0.0,1.1036318352456327,arima,MADRE DE DIOS
2015-07-13,1.3256094489441537,1.4806729547688167,arima,MADRE DE DIOS
2015-07-20,1.3256094489441537,2.2141756025721038,arima,MADRE DE DIOS
2015-07-27,1.9884141734162297,2.2815515668700823,arima,MADRE DE DIOS
2015-08-03,0.6628047244720777,1.5988659228385056,arima,MADRE DE DIOS
2015-08-10,1.3256094489441537,1.372915188265194,arima,MADRE DE DIOS
2015-08-17,0.6628047244720777,1.1225816754448603,arima,MADRE DE DIOS
2015-08-24,0.6628047244720777,1.1298070669779428,arima,MADRE DE DIOS
2015-08-31,0.0,0.7226691440782789,arima,MADRE DE DIOS
2015-09-07,0.6628047244720777,0.9613178514797989,arima,MADRE DE DIOS
2015-09-14,1.3256094489441537,1.072831148259287,arima,MADRE DE DIOS
2015-09-21,1.988414173416228,1.0728572667973229,arima,MADRE DE DIOS
2015-09-28,1.325609448944154,1.5353860449917178,arima,MADRE DE DIOS
2015-10-05,1.9884141734162295,1.038828930448596,arima,MADRE DE DIOS
2015-10-12,1.3256094489441537,0.7049980086961227,arima,MADRE DE DIOS
2015-10-19,1.3256094489441537,0.6884384871042848,arima,MADRE DE DIOS
2015-10-26,0.0,1.0769002909893302,arima,MADRE DE DIOS
2015-11-02,0.6628047244720777,1.1418546884179874,arima,MADRE DE DIOS
2015-11-09,1.3256094489441537,1.1896239263603494,arima,MADRE DE DIOS
2015-11-16,1.3256094489441537,1.2958095945092576,arima,MADRE DE DIOS
2015-11-23,0.6628047244720777,1.2903357336073853,arima,MADRE DE DIOS
2015-11-30,0.0,1.0256467096709905,arima,MADRE DE DIOS
2015-12-07,1.3256094489441537,0.9049741393939461,arima,MADRE DE DIOS
2015-12-14,1.3256094489441537,0.868449036554434,arima,MADRE DE DIOS
2015-12-21,1.9884141734162297,1.6725796548868668,arima,MADRE DE DIOS
2015-12-28,0.6628047244720777,1.134310212165405,arima,MADRE DE DIOS
2016-01-04,1.3036701491415514,0.8920991252123873,arima,MADRE DE DIOS
2016-01-11,3.2043271233473702,0.7216388074445872,arima,MADRE DE DIOS
2016-01-18,3.2043271233473702,2.783136697689799,arima,MADRE DE DIOS
2016-01-25,2.5634616986778966,2.0658680730420045,arima,MADRE DE DIOS
2016-02-01,0.0,1.2725867804044917,arima,MADRE DE DIOS
2016-02-08,0.0,1.078175912531949,arima,MADRE DE DIOS
2016-02-15,1.2817308493389492,0.2781647581293153,arima,MADRE DE DIOS
2016-02-22,1.2817308493389492,1.3465046149118267,arima,MADRE DE DIOS
2016-02-29,1.2817308493389492,1.9647051799985071,arima,MADRE DE DIOS
2016-03-07,1.2817308493389492,1.8174902026271376,arima,MADRE DE DIOS
2016-03-14,1.9225962740084228,1.0719481415093388,arima,MADRE DE DIOS
2016-03-21,1.9225962740084228,0.9847183023342485,arima,MADRE DE DIOS
2016-03-28,3.2043271233473702,0.964683058561902,arima,MADRE DE DIOS
2016-04-04,5.1269233973557915,1.0317487419847926,arima,MADRE DE DIOS
2016-04-11,5.1269233973557915,3.442721923144858,arima,MADRE DE DIOS
2016-04-18,2.5634616986778966,2.2353324629905638,arima,MADRE DE DIOS
2016-04-25,0.0,1.5114498236676384,arima,MADRE DE DIOS
2016-05-02,3.2043271233473702,1.5759495534478765,arima,MADRE DE DIOS
2016-05-09,4.486057972686318,3.4967455404296075,arima,MADRE DE DIOS
2016-05-16,5.1269233973557915,5.41136475980053,arima,MADRE DE DIOS
2016-05-23,5.1269233973557915,3.4048527948064944,arima,MADRE DE DIOS
2016-05-30,6.408654246694739,2.5284929113810146,arima,MADRE DE DIOS
2016-06-06,8.33125052070316,4.211570261144519,arima,MADRE DE DIOS
2016-06-13,10.253846794711581,3.356252474797036,arima,MADRE DE DIOS
2016-06-20,11.535577644050528,2.895964865743654,arima,MADRE DE DIOS
2016-06-27,9.612981370042107,3.252013564329915,arima,MADRE DE DIOS
2016-07-04,6.408654246694738,7.2292603517707015,arima,MADRE DE DIOS
2016-07-11,2.5634616986778966,6.255445700381804,arima,MADRE DE DIOS
2016-07-18,5.767788822025264,6.517861657114748,arima,MADRE DE DIOS
2016-07-25,4.486057972686318,7.479215983328087,arima,MADRE DE DIOS
2016-08-01,6.408654246694738,6.899241065015305,arima,MADRE DE DIOS
2016-08-08,2.5634616986778975,6.531634691766736,arima,MADRE DE DIOS
2016-08-15,1.9225962740084237,6.673845947055038,arima,MADRE DE DIOS
2016-08-22,0.0,5.832181858700651,arima,MADRE DE DIOS
2016-08-29,1.9225962740084237,0.8007594966035558,arima,MADRE DE DIOS
2016-09-05,3.8451925480168447,1.5701538715586474,arima,MADRE DE DIOS
2016-09-12,6.408654246694739,3.4082374408883034,arima,MADRE DE DIOS
2016-09-19,7.049519671364213,3.101446725587919,arima,MADRE DE DIOS
2016-09-26,5.126923397355792,4.29625472209805,arima,MADRE DE DIOS
2016-10-03,3.204327123347371,2.7386627247738375,arima,MADRE DE DIOS
2016-10-10,0.6408654246694766,2.224461988209596,arima,MADRE DE DIOS
2016-10-17,1.9225962740084241,2.6382661648978316,arima,MADRE DE DIOS
2016-10-24,1.9225962740084241,2.741950511718547,arima,MADRE DE DIOS
2016-10-31,1.9225962740084241,4.689822232323303,arima,MADRE DE DIOS
2016-11-07,3.204327123347371,4.134798622669343,arima,MADRE DE DIOS
2016-11-14,2.5634616986778975,3.3419323087820247,arima,MADRE DE DIOS
2016-11-21,2.5634616986778975,2.5209911381862793,arima,MADRE DE DIOS
2016-11-28,0.6408654246694766,2.122573177562761,arima,MADRE DE DIOS
2016-12-05,2.5634616986778975,2.1545295315542625,arima,MADRE DE DIOS
2016-12-12,3.204327123347371,2.2168692214295556,arima,MADRE DE DIOS
2016-12-19,5.126923397355792,3.9412324198042743,arima,MADRE DE DIOS
2016-12-26,6.408654246694739,2.921033913424285,arima,MADRE DE DIOS
2017-01-02,6.388120823712569,2.3136023597051985,arima,MADRE DE DIOS
2017-01-09,3.8246591250346746,1.9826520893171335,arima,MADRE DE DIOS
2017-01-16,3.7219920101238215,2.916719806156365,arima,MADRE DE DIOS
2017-01-23,3.101660008436518,2.7353604343956253,arima,MADRE DE DIOS
2017-01-30,4.962656013498427,3.3278037486231256,arima,MADRE DE DIOS
2017-02-06,4.342324011811123,3.9800861549534634,arima,MADRE DE DIOS
2017-02-13,6.203320016873033,4.590196719341597,arima,MADRE DE DIOS
2017-02-20,6.203320016873033,4.076290044102996,arima,MADRE DE DIOS
2017-02-27,8.684648023622247,4.029938033935716,arima,MADRE DE DIOS
2017-03-06,11.786308032058761,3.9843762305504384,arima,MADRE DE DIOS
2017-03-13,11.786308032058761,9.107760575391346,arima,MADRE DE DIOS
2017-03-20,8.064316021934943,7.039625675715415,arima,MADRE DE DIOS
2017-03-27,6.8236520185603355,5.82344174041369,arima,MADRE DE DIOS
2017-04-03,4.962656013498427,6.094692621890603,arima,MADRE DE DIOS
2017-04-10,3.72199201012382,6.151673669993535,arima,MADRE DE DIOS
2017-04-17,4.342324011811123,7.273077295425951,arima,MADRE DE DIOS
2017-04-24,4.342324011811123,8.442242018922926,arima,MADRE DE DIOS
2017-05-01,7.4439840202476395,8.109228135529442,arima,MADRE DE DIOS
2017-05-08,6.203320016873033,7.297884631659759,arima,MADRE DE DIOS
2017-05-15,6.823652018560337,6.866748254574618,arima,MADRE DE DIOS
2017-05-22,6.203320016873033,5.554703378650029,arima,MADRE DE DIOS
2017-05-29,8.064316021934943,5.186610652111191,arima,MADRE DE DIOS
2017-06-05,7.4439840202476395,7.227735272455764,arima,MADRE DE DIOS
2017-06-12,6.203320016873033,6.975366785004815,arima,MADRE DE DIOS
2017-06-19,3.7219920101238206,6.333921595807383,arima,MADRE DE DIOS
2017-06-26,3.7219920101238206,6.376059190343798,arima,MADRE DE DIOS
2017-07-03,2.4813280067492145,4.5400775846450685,arima,MADRE DE DIOS
2017-07-10,1.2406640033746086,5.840970337606059,arima,MADRE DE DIOS
2017-07-17,1.8609960050619117,6.340845519716436,arima,MADRE DE DIOS
2017-07-24,4.342324011811123,5.99853633312551,arima,MADRE DE DIOS
2017-07-31,4.342324011811123,5.387203361121912,arima,MADRE DE DIOS
2017-08-07,3.72199201012382,4.920711569749724,arima,MADRE DE DIOS
2017-08-14,2.4813280067492145,3.559325189315336,arima,MADRE DE DIOS
2017-08-21,2.4813280067492145,2.881773954825538,arima,MADRE DE DIOS
2017-08-28,6.203320016873033,2.627051311434867,arima,MADRE DE DIOS
2017-09-04,4.962656013498427,3.0865352547550833,arima,MADRE DE DIOS
2017-09-11,4.342324011811123,3.2704272635153497,arima,MADRE DE DIOS
2017-09-18,0.6203320016873054,3.235990226870853,arima,MADRE DE DIOS
2017-09-25,0.6203320016873054,0.9568915425523707,arima,MADRE DE DIOS
2017-10-02,0.6203320016873054,1.4505526109240505,arima,MADRE DE DIOS
2017-10-09,1.8609960050619117,3.0767125685257035,arima,MADRE DE DIOS
2017-10-16,1.8609960050619117,3.5256777807166086,arima,MADRE DE DIOS
2017-10-23,1.2406640033746086,1.8875694038336341,arima,MADRE DE DIOS
2017-10-30,2.4813280067492145,1.285681908915779,arima,MADRE DE DIOS
2017-11-06,4.342324011811123,1.1642989050060355,arima,MADRE DE DIOS
2017-11-13,8.064316021934943,1.1699154164512118,arima,MADRE DE DIOS
2017-11-20,9.304980025309549,5.6843129116467574,arima,MADRE DE DIOS
2017-11-27,8.684648023622247,4.101671071214739,arima,MADRE DE DIOS
2017-12-04,5.58298801518573,3.062829928549448,arima,MADRE DE DIOS
2017-12-11,1.8609960050619117,3.6449141623623618,arima,MADRE DE DIOS
2017-12-18,0.6203320016873054,2.2929760117577795,arima,MADRE DE DIOS
2017-12-25,0.6203320016873054,3.2976192206657924,arima,MADRE DE DIOS
2018-01-01,0.6203320016873054,5.291549332237661,arima,MADRE DE DIOS
2018-01-08,0.6203320016873054,5.235215480304198,arima,MADRE DE DIOS
2018-01-15,2.4087969263751243,0.7321159472351906,arima,MADRE DE DIOS
2018-01-22,4.817593852750247,0.7453614007918541,arima,MADRE DE DIOS
2018-01-29,5.419793084344026,0.7372838328462941,arima,MADRE DE DIOS
2018-02-05,6.624191547531588,0.6878069403592506,arima,MADRE DE DIOS
2018-02-12,4.817593852750246,4.083967455693974,arima,MADRE DE DIOS
2018-02-19,9.487087752505927,2.856552286887504,arima,MADRE DE DIOS
2018-02-26,5.873892362943245,2.2137486472216246,arima,MADRE DE DIOS
2018-03-05,7.078290826130806,2.3004138099797746,arima,MADRE DE DIOS
2018-03-12,3.0109961579689046,5.066183129849873,arima,MADRE DE DIOS
2018-03-19,3.6131953895626854,4.7339784670098926,arima,MADRE DE DIOS
2018-03-26,1.8065976947813438,4.369418433778298,arima,MADRE DE DIOS
2018-04-02,2.4087969263751243,4.619616273486041,arima,MADRE DE DIOS
2018-04-09,1.8065976947813436,2.8892324816027637,arima,MADRE DE DIOS
2018-04-16,2.4087969263751243,3.897113841964609,arima,MADRE DE DIOS
2018-04-23,1.2043984631875635,4.276594601027432,arima,MADRE DE DIOS
2018-04-30,1.2043984631875635,4.2740046698627525,arima,MADRE DE DIOS
2018-05-07,1.2043984631875635,1.4907187606376802,arima,MADRE DE DIOS
2018-05-14,1.2043984631875635,2.052937108753847,arima,MADRE DE DIOS
2018-05-21,3.6131953895626854,2.4425970124682115,arima,MADRE DE DIOS
2018-05-28,5.419793084344026,2.560242999764563,arima,MADRE DE DIOS
2018-06-04,10.089286984099708,5.1237564444736945,arima,MADRE DE DIOS
2018-06-11,7.680490057724586,3.776938496576088,arima,MADRE DE DIOS
2018-06-18,6.476091594537025,2.714364854834534,arima,MADRE DE DIOS
2018-06-25,4.817593852750247,2.2245761769561496,arima,MADRE DE DIOS
2018-07-02,7.828590010719149,3.682946439829287,arima,MADRE DE DIOS
2018-07-09,11.895884678881051,3.221919667026219,arima,MADRE DE DIOS
2018-07-16,10.69148621569349,3.229071198031214,arima,MADRE DE DIOS
2018-07-23,10.08928698409971,3.5039552743440057,arima,MADRE DE DIOS
2018-07-30,7.226390779125366,7.439151519305085,arima,MADRE DE DIOS
2018-08-06,6.021992315937808,6.266451016646622,arima,MADRE DE DIOS
2018-08-13,4.817593852750247,5.70380769595409,arima,MADRE DE DIOS
2018-08-20,2.408796926375125,5.897733351504963,arima,MADRE DE DIOS
2018-08-27,1.204398463187564,2.95221227053559,arima,MADRE DE DIOS
2018-09-03,3.0109961579689055,3.6187430074754126,arima,MADRE DE DIOS
2018-09-10,4.215394621156467,4.937639235301804,arima,MADRE DE DIOS
2018-09-17,7.828590010719149,5.763231330282588,arima,MADRE DE DIOS
2018-09-24,6.624191547531588,7.844840047635342,arima,MADRE DE DIOS
2018-10-01,6.624191547531588,7.227297983770098,arima,MADRE DE DIOS
2018-10-08,3.613195389562686,5.8021345179819335,arima,MADRE DE DIOS
2018-10-15,3.0109961579689055,4.9548450128105905,arima,MADRE DE DIOS
2018-10-22,1.8065976947813445,2.9888798499533435,arima,MADRE DE DIOS
2018-10-29,1.8065976947813447,3.552436747756455,arima,MADRE DE DIOS
2018-11-05,1.8065976947813445,4.177316297119913,arima,MADRE DE DIOS
2018-11-12,3.0109961579689055,4.66290021253963,arima,MADRE DE DIOS
2018-11-19,5.419793084344026,3.754210852988395,arima,MADRE DE DIOS
2018-11-26,5.419793084344026,4.359110288627793,arima,MADRE DE DIOS
2018-12-03,6.021992315937808,4.298039226074321,arima,MADRE DE DIOS
2018-12-10,5.419793084344028,4.022898093836617,arima,MADRE DE DIOS
2018-12-17,4.215394621156467,4.635102681336745,arima,MADRE DE DIOS
2018-12-24,5.419793084344026,4.018642780943897,arima,MADRE DE DIOS
2018-12-31,3.0109961579689046,3.7377214268329437,arima,MADRE DE DIOS
2019-01-07,4.181182159033774,3.710821559441899,arima,MADRE DE DIOS
2019-01-14,1.755279001597306,3.8861573481690392,arima,MADRE DE DIOS
2019-01-21,3.51055800319461,4.304336376091693,arima,MADRE DE DIOS
2019-01-28,2.3403720021297407,4.26128580755542,arima,MADRE DE DIOS
2019-02-04,3.51055800319461,4.314286445708567,arima,MADRE DE DIOS
2019-02-11,2.3403720021297407,3.5444767361565335,arima,MADRE DE DIOS
2019-02-18,2.3403720021297407,4.011959236539921,arima,MADRE DE DIOS
2019-02-25,0.585093000532437,3.9380203059383225,arima,MADRE DE DIOS
2019-03-04,1.1701860010648715,3.8911458767874274,arima,MADRE DE DIOS
2019-03-11,1.755279001597306,1.168928373011307,arima,MADRE DE DIOS
2019-03-18,3.51055800319461,1.9592116284066123,arima,MADRE DE DIOS
2019-03-25,6.436023005856783,1.7289912600778954,arima,MADRE DE DIOS
2019-04-01,8.191302007454086,1.7102578554054308,arima,MADRE DE DIOS
2019-04-08,7.6062090069216515,6.172335677427928,arima,MADRE DE DIOS
2019-04-15,4.095651003727045,4.551250179022524,arima,MADRE DE DIOS
2019-04-22,4.095651003727045,3.7748637015693722,arima,MADRE DE DIOS
2019-04-29,6.436023005856782,4.075275589710561,arima,MADRE DE DIOS
2019-05-06,8.191302007454086,8.034135606487135,arima,MADRE DE DIOS
2019-05-13,8.77639500798652,8.377742453860295,arima,MADRE DE DIOS
2019-05-20,5.265837004791914,7.097638854784332,arima,MADRE DE DIOS
2019-05-27,2.9254650026621754,6.30358231622057,arima,MADRE DE DIOS
2019-06-03,3.51055800319461,2.8111855494241182,arima,MADRE DE DIOS
2019-06-10,6.436023005856782,3.5366474790955387,arima,MADRE DE DIOS
2019-06-17,8.191302007454086,4.7218278072085145,arima,MADRE DE DIOS
2019-06-24,7.606209006921652,5.089985765667178,arima,MADRE DE DIOS
2019-07-01,6.436023005856782,5.9969450574073075,arima,MADRE DE DIOS
2019-07-08,4.680744004259478,5.190377657478182,arima,MADRE DE DIOS
2019-07-15,2.925465002662175,5.225889931690513,arima,MADRE DE DIOS
2019-07-22,3.510558003194609,5.78586149496411,arima,MADRE DE DIOS
2019-07-29,8.77639500798652,4.068446829006068,arima,MADRE DE DIOS
2019-08-05,7.6062090069216515,5.0333482627827815,arima,MADRE DE DIOS
2019-08-12,7.021116006389216,4.889653928303895,arima,MADRE DE DIOS
2019-08-19,2.925465002662174,4.604823605443057,arima,MADRE DE DIOS
2019-08-26,4.095651003727043,3.02200540563537,arima,MADRE DE DIOS
2019-09-02,2.925465002662174,3.1216550890618686,arima,MADRE DE DIOS
2019-09-09,5.265837004791913,4.579132747999257,arima,MADRE DE DIOS
2019-09-16,6.436023005856781,4.841688688140932,arima,MADRE DE DIOS
2019-09-23,8.191302007454086,7.097132080910594,arima,MADRE DE DIOS
2019-09-30,6.436023005856781,5.789928021179592,arima,MADRE DE DIOS
2019-10-07,5.265837004791913,5.126920168939131,arima,MADRE DE DIOS
2019-10-14,5.265837004791912,4.783060040695747,arima,MADRE DE DIOS
2019-10-21,5.265837004791912,5.637565874810083,arima,MADRE DE DIOS
2019-10-28,4.095651003727043,6.207929891739388,arima,MADRE DE DIOS
2019-11-04,2.3403720021297394,6.325736957973672,arima,MADRE DE DIOS
2019-11-11,1.1701860010648704,6.182601031316533,arima,MADRE DE DIOS
2019-11-18,2.3403720021297394,1.4355540617958367,arima,MADRE DE DIOS
2019-11-25,3.5105580031946086,1.9398640864730092,arima,MADRE DE DIOS
2019-12-02,4.680744004259478,2.6296043252627226,arima,MADRE DE DIOS
2019-12-09,4.095651003727044,2.573921280363636,arima,MADRE DE DIOS
2019-12-16,2.925465002662174,3.382454575010107,arima,MADRE DE DIOS
2019-12-23,2.3403720021297394,2.867681682361814,arima,MADRE DE DIOS
2019-12-30,1.755279001597305,2.956263314137408,arima,MADRE DE DIOS
2020-01-06,2.876981322169963,3.2255088777616407,arima,MADRE DE DIOS
2020-01-13,1.7067953211050941,3.153878112655585,arima,MADRE DE DIOS
2020-01-20,4.551454189613582,3.590120819374624,arima,MADRE DE DIOS
2020-01-27,5.689317737016978,3.020684450477786,arima,MADRE DE DIOS
2020-02-03,7.965044831823769,2.844713969779582,arima,MADRE DE DIOS
2020-02-10,7.965044831823769,5.674966941195112,arima,MADRE DE DIOS
2020-02-17,5.689317737016978,4.92691981854973,arima,MADRE DE DIOS
2020-02-24,4.551454189613583,4.097116623030258,arima,MADRE DE DIOS
2020-03-02,2.275727094806792,4.6281277519583295,arima,MADRE DE DIOS
2020-03-09,1.7067953211050944,2.796208661201103,arima,MADRE DE DIOS
2020-03-16,1.1378635474033967,3.2298838863761725,arima,MADRE DE DIOS
2020-03-23,0.5689317737016989,4.426905224486513,arima,MADRE DE DIOS
2020-03-30,1.7067953211050944,4.442269513640492,arima,MADRE DE DIOS
2020-04-06,1.7067953211050944,1.9859079523250767,arima,MADRE DE DIOS
2020-04-13,1.7067953211050944,2.4923098046645475,arima,MADRE DE DIOS
2020-04-20,0.5689317737016989,1.8983590226131954,arima,MADRE DE DIOS
2020-04-27,0.0,1.6957963001993184,arima,MADRE DE DIOS
2020-05-04,0.0,0.0,arima,MADRE DE DIOS
2020-05-11,0.5689317737016989,0.21799039393078823,arima,MADRE DE DIOS
2020-05-18,1.1378635474033967,0.511090671410865,arima,MADRE DE DIOS
2020-05-25,1.1378635474033967,0.5816750569095039,arima,MADRE DE DIOS
2020-06-01,0.5689317737016989,0.8117945983657096,arima,MADRE DE DIOS
2020-06-08,0.0,0.5484218158154883,arima,MADRE DE DIOS
2020-06-15,0.0,0.4978606189886438,arima,MADRE DE DIOS
2020-06-22,0.0,0.5863572538504385,arima,MADRE DE DIOS
2020-06-29,0.0,0.2347663776336746,arima,MADRE DE DIOS
2020-07-06,0.0,0.27451637791418443,arima,MADRE DE DIOS
2020-07-13,0.0,0.29167759424123424,arima,MADRE DE DIOS
2020-07-20,0.0,0.1845121265751025,arima,MADRE DE DIOS
2020-07-27,0.0,0.0003001610574960907,arima,MADRE DE DIOS
2020-08-03,0.0,0.00035217941534540086,arima,MADRE DE DIOS
2020-08-10,0.0,0.0003710111687672023,arima,MADRE DE DIOS
2020-08-17,0.0,0.00025135128542172686,arima,MADRE DE DIOS
2020-08-24,0.0,5.735072331158203e-07,arima,MADRE DE DIOS
2020-08-31,0.0,6.811790021183992e-07,arima,MADRE DE DIOS
2020-09-07,0.0,7.196629027879961e-07,arima,MADRE DE DIOS
2020-09-14,0.0,4.946297204658672e-07,arima,MADRE DE DIOS
2020-09-21,0.0,2.6243328684112453e-09,arima,MADRE DE DIOS
2020-09-28,0.0,3.14583057592823e-09,arima,MADRE DE DIOS
2020-10-05,0.0,3.327678770855209e-09,arima,MADRE DE DIOS
2020-10-12,0.0,2.303624371160553e-09,arima,MADRE DE DIOS
2020-10-19,0.0,9.778689726165798e-12,arima,MADRE DE DIOS
2020-10-26,0.0,1.1902045681070248e-11,arima,MADRE DE DIOS
2020-11-02,0.0,1.2687308863609902e-11,arima,MADRE DE DIOS
2020-11-09,0.5689317737016989,8.881975668548392e-12,arima,MADRE DE DIOS
2020-11-16,0.5689317737016989,0.5569559759808724,arima,MADRE DE DIOS
2020-11-23,0.5689317737016989,0.588922670464433,arima,MADRE DE DIOS
2020-11-30,0.0,0.32130925349622713,arima,MADRE DE DIOS
2020-12-07,0.0,0.272645634709606,arima,MADRE DE DIOS
2020-12-14,0.0,0.0,arima,MADRE DE DIOS
2020-12-21,0.5689317737016989,0.16107332581363643,arima,MADRE DE DIOS
2020-12-28,0.5689317737016989,0.21686430287681882,arima,MADRE DE DIOS
2021-01-04,0.5689317737016989,0.2568943620696365,arima,MADRE DE DIOS
2021-01-11,0.0,0.31805934047306345,arima,MADRE DE DIOS
2021-01-18,0.0,0.24559940639210373,arima,MADRE DE DIOS
2021-01-25,0.0,0.21171053435317466,arima,MADRE DE DIOS
2021-02-01,0.0,0.287840026752917,arima,MADRE DE DIOS
2021-02-08,0.5536393482557604,0.056359190509085104,arima,MADRE DE DIOS
2021-02-15,0.5536393482557604,0.07377826156977549,arima,MADRE DE DIOS
2021-02-22,1.6609180447672791,0.08393524286473569,arima,MADRE DE DIOS
2021-03-01,1.6609180447672791,0.06271962311657131,arima,MADRE DE DIOS
2021-03-08,3.321836089534557,1.6301694336543973,arima,MADRE DE DIOS
2021-03-15,2.7681967412787976,1.0660639919494326,arima,MADRE DE DIOS
2021-03-22,4.9827541343018344,0.9181953016221032,arima,MADRE DE DIOS
2021-03-29,6.090032830813352,0.8469452118152585,arima,MADRE DE DIOS
2021-04-05,7.197311527324871,6.7207027563048225,arima,MADRE DE DIOS
2021-04-12,5.536393482557593,5.450173120727753,arima,MADRE DE DIOS
2021-04-19,3.3218360895345564,4.766285648793382,arima,MADRE DE DIOS
2021-04-26,2.7681967412787967,4.27153103316957,arima,MADRE DE DIOS
2021-05-03,2.7681967412787967,2.802506732984293,arima,MADRE DE DIOS
2021-05-10,2.2145573930230373,3.563976772391726,arima,MADRE DE DIOS
2021-05-17,1.6609180447672784,4.119476951300644,arima,MADRE DE DIOS
2021-05-24,1.6609180447672784,4.397620768748745,arima,MADRE DE DIOS
2021-05-31,2.7681967412787967,1.780526683637714,arima,MADRE DE DIOS
2021-06-07,2.7681967412787967,2.0771695123482417,arima,MADRE DE DIOS
2021-06-14,2.7681967412787967,2.1745989691717686,arima,MADRE DE DIOS
2021-06-21,1.6609180447672784,2.1803379959182787,arima,MADRE DE DIOS
2021-06-28,1.6609180447672782,1.5411537375047333,arima,MADRE DE DIOS
2021-07-05,2.7681967412787967,1.372708369307166,arima,MADRE DE DIOS
2021-07-12,4.429114786046075,1.753580635387796,arima,MADRE DE DIOS
2021-07-19,4.429114786046075,1.879796599563122,arima,MADRE DE DIOS
2021-07-26,3.3218360895345564,3.9360946523140337,arima,MADRE DE DIOS
2021-08-02,2.214557393023038,3.027272424306201,arima,MADRE DE DIOS
2021-08-09,1.6609180447672784,2.761674229564153,arima,MADRE DE DIOS
2021-08-16,1.6609180447672784,2.758252524576405,arima,MADRE DE DIOS
2021-08-23,1.1072786965115193,1.9947089704818328,arima,MADRE DE DIOS
2021-08-30,1.1072786965115193,2.370782916908371,arima,MADRE DE DIOS
2021-09-06,0.0,2.527701468869839,arima,MADRE DE DIOS
2021-09-13,0.0,2.4296817300079674,arima,MADRE DE DIOS
2021-09-20,0.0,0.0,arima,MADRE DE DIOS
2021-09-27,0.5536393482557599,0.23449138942900263,arima,MADRE DE DIOS
2021-10-04,1.1072786965115191,0.28590988644732945,arima,MADRE DE DIOS
2021-10-11,1.1072786965115191,0.4447145649338408,arima,MADRE DE DIOS
2021-10-18,1.6609180447672784,0.7988426595525271,arima,MADRE DE DIOS
2021-10-25,1.1072786965115191,0.5136991586639017,arima,MADRE DE DIOS
2021-11-01,1.6609180447672782,0.4334950497773593,arima,MADRE DE DIOS
2021-11-08,1.1072786965115191,0.48984992529884713,arima,MADRE DE DIOS
2021-11-15,1.1072786965115191,1.3816092848585977,arima,MADRE DE DIOS
2021-11-22,0.5536393482557599,1.076932681902289,arima,MADRE DE DIOS
2021-11-29,0.0,1.3276901795964555,arima,MADRE DE DIOS
2021-12-06,1.1072786965115191,1.178899790936625,arima,MADRE DE DIOS
2021-12-13,1.1072786965115191,1.4984511275542385,arima,MADRE DE DIOS
2021-12-20,1.1072786965115191,2.595646910694016,arima,MADRE DE DIOS
2021-12-27,0.0,1.7607913326570026,arima,MADRE DE DIOS
2022-01-03,3.2348849998382563,1.579630092165174,arima,MADRE DE DIOS
2022-01-10,6.469769999676513,3.3410632463529106,arima,MADRE DE DIOS
2022-01-17,9.165507499541725,6.858201478421017,arima,MADRE DE DIOS
2022-01-24,5.93062249970347,3.209687864720787,arima,MADRE DE DIOS
2022-01-31,2.695737499865214,3.401826913819921,arima,MADRE DE DIOS
2022-02-07,0.0,1.8212882222909266,arima,MADRE DE DIOS
2022-02-14,0.0,2.0067037356198583,arima,MADRE DE DIOS
2022-02-21,0.0,2.9104753625158177,arima,MADRE DE DIOS
2022-02-28,0.0,3.607292108574013,arima,MADRE DE DIOS
2022-03-07,2.1565899998921707,0.0,arima,MADRE DE DIOS
2022-03-14,2.6957374998652135,0.0,arima,MADRE DE DIOS
2022-03-21,3.774032499811298,0.0,arima,MADRE DE DIOS
2022-03-28,5.930622499703468,0.0,arima,MADRE DE DIOS
2022-04-04,9.704654999514766,5.50204978803175,arima,MADRE DE DIOS
2022-04-11,12.400392499379981,5.0050759771930595,arima,MADRE DE DIOS
2022-04-18,10.24380249948781,3.957371419350146,arima,MADRE DE DIOS
2022-04-25,9.704654999514768,3.781877155441812,arima,MADRE DE DIOS
2022-05-02,9.165507499541725,8.294019750536377,arima,MADRE DE DIOS
2022-05-09,9.704654999514768,8.638497520357973,arima,MADRE DE DIOS
2022-05-16,8.626359999568683,8.723544961669136,arima,MADRE DE DIOS
2022-05-23,10.66316813107989,9.39413053380988,arima,MADRE DE DIOS
2022-05-30,10.663168131079887,10.552524582744823,arima,MADRE DE DIOS
2022-06-06,13.23912376256414,10.674778545771465,arima,MADRE DE DIOS
2022-06-13,11.741463131025974,10.582962699054965,arima,MADRE DE DIOS
2022-06-20,10.124020631106847,10.572416774897729,arima,MADRE DE DIOS
2022-06-27,6.469769999676512,8.871690252906923,arima,MADRE DE DIOS
2022-07-04,5.930622499703468,8.902537433395219,arima,MADRE DE DIOS
2022-07-11,8.087212499595639,9.334958838984894,arima,MADRE DE DIOS
2022-07-18,8.626359999568683,9.989956768952398,arima,MADRE DE DIOS
2022-07-25,9.165507499541725,9.658462261505003,arima,MADRE DE DIOS
2022-08-01,7.008917499649553,8.79603470375277,arima,MADRE DE DIOS
2022-08-08,7.008917499649553,8.505974629035139,arima,MADRE DE DIOS
2022-08-15,5.930622499703468,7.916965085238468,arima,MADRE DE DIOS
2022-08-22,5.391474999730426,6.4779215163539074,arima,MADRE DE DIOS
2022-08-29,3.7740324998112986,6.460646164962154,arima,MADRE DE DIOS
2022-09-05,3.2348849998382554,7.039784039679914,arima,MADRE DE DIOS
2022-09-12,5.930622499703468,6.931390259106344,arima,MADRE DE DIOS
2022-09-19,5.930622499703468,7.164532348651191,arima,MADRE DE DIOS
2022-09-26,5.391474999730427,8.722440380826779,arima,MADRE DE DIOS
2022-10-03,3.234884999838256,7.528656290823976,arima,MADRE DE DIOS
2022-10-10,3.774032499811298,6.854964204821081,arima,MADRE DE DIOS
2022-10-17,2.1565899998921703,3.622857888317265,arima,MADRE DE DIOS
2022-10-24,1.6174424999191277,4.584886381544246,arima,MADRE DE DIOS
2022-10-31,0.5391474999730426,4.597084552719077,arima,MADRE DE DIOS
2022-11-07,0.5391474999730426,4.848616443968617,arima,MADRE DE DIOS
2022-11-14,0.0,0.5400802958456152,arima,MADRE DE DIOS
2022-11-21,1.0782949999460851,0.9341349396893592,arima,MADRE DE DIOS
2022-11-28,2.1565899998921703,1.0469278478657449,arima,MADRE DE DIOS
2022-12-05,3.774032499811298,1.1540202612580415,arima,MADRE DE DIOS
