date,region,actual,arima,holt_winters,naive,seasonal_naive,arima_error,arima_abs_error,arima_pct_error,holt_winters_error,holt_winters_abs_error,holt_winters_pct_error,naive_error,naive_abs_error,naive_pct_error,seasonal_naive_error,seasonal_naive_abs_error,seasonal_naive_pct_error,best_model
2010-12-27,HUANCAVELICA,1.633479802022248,2.512723324679158,2.541681436682741,2.8002510891809957,0.9147289658074313,0.879,0.879,53.8,0.908,0.908,55.6,1.167,1.167,71.4,-0.719,0.719,44.0,seasonal_naive
2011-01-03,HUANCAVELICA,1.6383461320901114,2.522149476266059,3.0138824525465093,2.8002510891809957,0.9194009817873232,0.884,0.884,54.0,1.376,1.376,84.0,1.162,1.162,70.9,-0.719,0.719,43.9,seasonal_naive
2011-01-10,HUANCAVELICA,1.6529451222937006,2.310893397939035,2.8656066740783572,2.8002510891809957,0.4667085148634994,0.658,0.658,39.8,1.213,1.213,73.4,1.147,1.147,69.4,-1.186,1.186,71.8,arima
2011-01-17,HUANCAVELICA,1.9057646999969033,2.4529036053521707,3.1847000284032165,2.8002510891809957,1.400125544590498,0.547,0.547,28.7,1.279,1.279,67.1,0.894,0.894,46.9,-0.506,0.506,26.6,seasonal_naive
2011-01-24,HUANCAVELICA,2.3822058749961292,1.8681044041891917,1.6152080091800762,1.905764699996904,1.6334798020222476,-0.514,0.514,21.6,-0.767,0.767,32.2,-0.476,0.476,20.0,-0.749,0.749,31.4,naive
2011-01-31,HUANCAVELICA,2.3822058749961292,1.8557241088546048,1.225229920037271,1.905764699996904,1.400125544590498,-0.526,0.526,22.1,-1.157,1.157,48.6,-0.476,0.476,20.0,-0.982,0.982,41.2,naive
2011-02-07,HUANCAVELICA,2.143985287496516,1.7336951024671743,0.8040525586859852,1.905764699996904,0.9334170297269988,-0.41,0.41,19.1,-1.34,1.34,62.5,-0.238,0.238,11.1,-1.211,1.211,56.5,naive
2011-02-14,HUANCAVELICA,2.143985287496516,1.7611821506563596,0.9200182880782128,1.905764699996904,1.1667712871587486,-0.383,0.383,17.9,-1.224,1.224,57.1,-0.238,0.238,11.1,-0.977,0.977,45.6,naive
2011-02-21,HUANCAVELICA,2.143985287496516,2.162988883004554,2.16015297134386,2.1439852874965166,1.400125544590498,0.019,0.019,0.9,0.016,0.016,0.7,0.0,0.0,0.0,-0.744,0.744,34.7,naive
2011-02-28,HUANCAVELICA,1.4293235249976775,2.2754302772695616,2.259122104647534,2.1439852874965166,1.400125544590498,0.846,0.846,59.2,0.83,0.83,58.1,0.715,0.715,50.0,-0.029,0.029,2.0,seasonal_naive
2011-03-07,HUANCAVELICA,1.1911029374980646,2.2648730626264677,2.283786584973649,2.1439852874965166,1.866834059453998,1.074,1.074,90.2,1.093,1.093,91.8,0.953,0.953,80.0,0.676,0.676,56.8,seasonal_naive
2011-03-14,HUANCAVELICA,1.1911029374980646,2.252226132469721,2.4706668349692706,2.1439852874965166,2.1001883168857476,1.061,1.061,89.1,1.28,1.28,107.5,0.953,0.953,80.0,0.909,0.909,76.3,seasonal_naive
2011-03-21,HUANCAVELICA,1.9057646999969033,1.4867400959520731,0.8652313256815807,1.1911029374980648,1.633479802022248,-0.419,0.419,22.0,-1.041,1.041,54.6,-0.715,0.715,37.5,-0.272,0.272,14.3,seasonal_naive
2011-03-28,HUANCAVELICA,2.143985287496516,1.5815392676801023,0.8724129971521417,1.1911029374980648,0.9334170297269988,-0.562,0.562,26.2,-1.272,1.272,59.3,-0.953,0.953,44.4,-1.211,1.211,56.5,arima
2011-04-04,HUANCAVELICA,1.6675441124972903,1.5609294629545847,0.7631617719247523,1.1911029374980648,0.700062772295249,-0.107,0.107,6.4,-0.904,0.904,54.2,-0.476,0.476,28.5,-0.967,0.967,58.0,arima
2011-04-11,HUANCAVELICA,1.4293235249976775,1.408797838123287,1.1323229750041741,1.1911029374980648,1.400125544590498,-0.021,0.021,1.5,-0.297,0.297,20.8,-0.238,0.238,16.7,-0.029,0.029,2.0,arima
2011-04-18,HUANCAVELICA,1.1911029374980642,1.37487060771344,1.4274913697313965,1.4293235249976775,1.1667712871587486,0.184,0.184,15.4,0.236,0.236,19.8,0.238,0.238,20.0,-0.024,0.024,2.0,seasonal_naive
2011-04-25,HUANCAVELICA,1.4293235249976772,1.5855286713683747,1.3752686624136783,1.4293235249976775,0.9334170297269988,0.156,0.156,10.9,-0.054,0.054,3.8,0.0,0.0,0.0,-0.496,0.496,34.7,naive
2011-05-02,HUANCAVELICA,0.9528823499984515,1.6879601076315933,0.9800613706826251,1.4293235249976775,0.2333542574317497,0.735,0.735,77.1,0.027,0.027,2.8,0.476,0.476,50.0,-0.72,0.72,75.6,holt_winters
2011-05-09,HUANCAVELICA,0.9528823499984515,1.700699517161563,1.1714086254694593,1.4293235249976775,0.4667085148634994,0.748,0.748,78.5,0.219,0.219,23.0,0.476,0.476,50.0,-0.486,0.486,51.0,holt_winters
2011-05-16,HUANCAVELICA,1.1911029374980646,0.8619928855783463,0.9936705691922836,0.9528823499984516,0.4667085148634994,-0.329,0.329,27.6,-0.197,0.197,16.5,-0.238,0.238,20.0,-0.724,0.724,60.8,holt_winters
2011-05-23,HUANCAVELICA,1.1911029374980646,1.0799772234974085,1.011394639744927,0.9528823499984516,0.700062772295249,-0.111,0.111,9.3,-0.18,0.18,15.1,-0.238,0.238,20.0,-0.491,0.491,41.2,arima
2011-05-30,HUANCAVELICA,0.9528823499984517,1.0577142044571008,0.9851254552360673,0.9528823499984516,1.1667712871587481,0.105,0.105,11.0,0.032,0.032,3.4,-0.0,0.0,0.0,0.214,0.214,22.5,naive
2011-06-06,HUANCAVELICA,0.9528823499984517,1.1016587092461538,0.8376340863168732,0.9528823499984516,1.1667712871587481,0.149,0.149,15.6,-0.115,0.115,12.1,-0.0,0.0,0.0,0.214,0.214,22.5,naive
2011-06-13,HUANCAVELICA,1.1911029374980646,0.9678719794696871,1.1906756111183405,0.9528823499984516,1.6334798020222476,-0.223,0.223,18.7,-0.0,0.0,0.0,-0.238,0.238,20.0,0.442,0.442,37.1,holt_winters
2011-06-20,HUANCAVELICA,1.1911029374980646,1.0774589039347071,1.0913566112559643,0.9528823499984516,1.4001255445904985,-0.114,0.114,9.6,-0.1,0.1,8.4,-0.238,0.238,20.0,0.209,0.209,17.5,holt_winters
2011-06-27,HUANCAVELICA,0.9528823499984515,1.0650919502808036,1.419695277380951,0.9528823499984516,1.866834059453998,0.112,0.112,11.8,0.467,0.467,49.0,0.0,0.0,0.0,0.914,0.914,95.9,naive
2011-07-04,HUANCAVELICA,0.9528823499984515,1.055132859544797,1.1251704554071194,0.9528823499984516,1.400125544590498,0.102,0.102,10.7,0.172,0.172,18.1,0.0,0.0,0.0,0.447,0.447,46.9,naive
2011-07-11,HUANCAVELICA,1.1911029374980644,0.970190574701215,0.8485034906653808,0.9528823499984516,1.1667712871587481,-0.221,0.221,18.6,-0.343,0.343,28.8,-0.238,0.238,20.0,-0.024,0.024,2.0,seasonal_naive
2011-07-18,HUANCAVELICA,1.1911029374980642,1.0795981363592624,0.7699866884570219,0.9528823499984516,1.1667712871587481,-0.112,0.112,9.4,-0.421,0.421,35.3,-0.238,0.238,20.0,-0.024,0.024,2.0,seasonal_naive
2011-07-25,HUANCAVELICA,1.905764699996903,1.0666023819891053,0.9346185863556928,0.9528823499984516,1.400125544590498,-0.839,0.839,44.0,-0.971,0.971,51.0,-0.953,0.953,50.0,-0.506,0.506,26.6,seasonal_naive
2011-08-01,HUANCAVELICA,1.6675441124972903,1.05455678302428,1.2888140268170152,0.9528823499984516,1.400125544590498,-0.613,0.613,36.8,-0.379,0.379,22.7,-0.715,0.715,42.9,-0.267,0.267,16.0,seasonal_naive
2011-08-08,HUANCAVELICA,1.4293235249976775,1.6523019941072805,1.5695308467141578,1.6675441124972905,1.8668340594539967,0.223,0.223,15.6,0.14,0.14,9.8,0.238,0.238,16.7,0.438,0.438,30.6,holt_winters
2011-08-15,HUANCAVELICA,2.1439852874965157,1.3334481369343805,1.9475988305962804,1.6675441124972905,1.6334798020222476,-0.811,0.811,37.8,-0.196,0.196,9.1,-0.476,0.476,22.2,-0.511,0.511,23.8,holt_winters
2011-08-22,HUANCAVELICA,2.1439852874965157,1.4688104478441333,1.9015422812356126,1.6675441124972905,1.6334798020222476,-0.675,0.675,31.5,-0.242,0.242,11.3,-0.476,0.476,22.2,-0.511,0.511,23.8,holt_winters
2011-08-29,HUANCAVELICA,2.620426462495742,1.4748949462017835,2.1534403310737673,1.6675441124972905,0.9334170297269988,-1.146,1.146,43.7,-0.467,0.467,17.8,-0.953,0.953,36.4,-1.687,1.687,64.4,holt_winters
2011-09-05,HUANCAVELICA,1.4293235249976775,2.184147602214031,2.1482224791198994,2.620426462495742,0.9334170297269988,0.755,0.755,52.8,0.719,0.719,50.3,1.191,1.191,83.3,-0.496,0.496,34.7,seasonal_naive
2011-09-12,HUANCAVELICA,1.6675441124972903,2.2085500197655237,1.7218144296448346,2.620426462495742,0.700062772295249,0.541,0.541,32.4,0.054,0.054,3.2,0.953,0.953,57.1,-0.967,0.967,58.0,holt_winters
2011-09-19,HUANCAVELICA,0.9528823499984515,2.0167048553842983,1.8696665457837334,2.620426462495742,1.1667712871587486,1.064,1.064,111.7,0.917,0.917,96.2,1.668,1.668,175.0,0.214,0.214,22.5,seasonal_naive
2011-09-26,HUANCAVELICA,0.9528823499984515,2.2214540337171855,1.8454038869312366,2.620426462495742,1.400125544590498,1.269,1.269,133.2,0.893,0.893,93.7,1.668,1.668,175.0,0.447,0.447,46.9,seasonal_naive
2011-10-03,HUANCAVELICA,1.4293235249976772,0.870088940977642,1.1533714376020425,0.9528823499984516,1.866834059453998,-0.559,0.559,39.1,-0.276,0.276,19.3,-0.476,0.476,33.3,0.438,0.438,30.6,holt_winters
2011-10-10,HUANCAVELICA,1.66754411249729,1.1677131805226426,1.0883816777221984,0.9528823499984516,2.100188316885747,-0.5,0.5,30.0,-0.579,0.579,34.7,-0.715,0.715,42.9,0.433,0.433,26.0,seasonal_naive
2011-10-17,HUANCAVELICA,2.620426462495742,1.1420953281725024,1.0728570555303563,0.9528823499984516,2.100188316885747,-1.478,1.478,56.4,-1.548,1.548,59.1,-1.668,1.668,63.7,-0.52,0.52,19.8,seasonal_naive
2011-10-24,HUANCAVELICA,2.858647049995355,1.181041647858034,1.1654868468759907,0.9528823499984516,2.1001883168857476,-1.678,1.678,58.7,-1.693,1.693,59.2,-1.906,1.906,66.7,-0.758,0.758,26.5,seasonal_naive
2011-10-31,HUANCAVELICA,3.3350882249945806,2.672011997605848,2.1063529959080496,2.8586470499953545,1.1667712871587486,-0.663,0.663,19.9,-1.229,1.229,36.9,-0.476,0.476,14.3,-2.168,2.168,65.0,naive
2011-11-07,HUANCAVELICA,3.3350882249945806,2.195572082375116,2.069406864753227,2.8586470499953545,1.4001255445904985,-1.14,1.14,34.2,-1.266,1.266,38.0,-0.476,0.476,14.3,-1.935,1.935,58.0,naive
2011-11-14,HUANCAVELICA,2.620426462495742,2.1289745335577055,2.217142924964656,2.8586470499953545,2.1001883168857476,-0.491,0.491,18.7,-0.403,0.403,15.4,0.238,0.238,9.1,-0.52,0.52,19.8,naive
2011-11-21,HUANCAVELICA,2.143985287496516,2.210718324357581,2.242884847162875,2.8586470499953545,2.3335425743174976,0.067,0.067,3.1,0.099,0.099,4.6,0.715,0.715,33.3,0.19,0.19,8.9,arima
2011-11-28,HUANCAVELICA,0.7146617624988386,2.178310036794234,1.434333717851274,2.1439852874965166,1.8668340594539967,1.464,1.464,204.9,0.72,0.72,100.7,1.429,1.429,200.0,1.152,1.152,161.2,holt_winters
2011-12-05,HUANCAVELICA,0.4764411749992257,2.45767533362465,1.7767358127580675,2.1439852874965166,2.3335425743174967,1.981,1.981,415.8,1.3,1.3,272.9,1.668,1.668,350.1,1.857,1.857,389.8,holt_winters
2011-12-12,HUANCAVELICA,1.4293235249976772,2.673666082419751,1.8021938296229028,2.1439852874965166,2.3335425743174967,1.244,1.244,87.0,0.373,0.373,26.1,0.715,0.715,50.0,0.904,0.904,63.2,holt_winters
2011-12-19,HUANCAVELICA,1.66754411249729,2.6404717326228715,2.4138682030921577,2.1439852874965166,2.8002510891809957,0.973,0.973,58.3,0.746,0.746,44.7,0.476,0.476,28.5,1.133,1.133,67.9,naive
2011-12-26,HUANCAVELICA,1.4293235249976772,1.831836253419847,1.2643213408568714,1.66754411249729,1.633479802022248,0.403,0.403,28.2,-0.165,0.165,11.5,0.238,0.238,16.7,0.204,0.204,14.3,holt_winters
2012-01-02,HUANCAVELICA,1.211399769250557,1.2542175974140894,1.4855495145458142,1.66754411249729,1.6383461320901112,0.043,0.043,3.5,0.274,0.274,22.6,0.456,0.456,37.6,0.427,0.427,35.2,arima
2012-01-09,HUANCAVELICA,1.7030635680641522,1.169397460199511,1.4639950299801368,1.66754411249729,1.6529451222937008,-0.534,0.534,31.4,-0.239,0.239,14.0,-0.036,0.036,2.1,-0.05,0.05,2.9,naive
2012-01-16,HUANCAVELICA,1.9463583635018882,1.1234219540365946,2.078200096426535,1.66754411249729,1.905764699996904,-0.823,0.823,42.3,0.132,0.132,6.8,-0.279,0.279,14.3,-0.041,0.041,2.1,seasonal_naive
2012-01-23,HUANCAVELICA,1.459768772626416,2.0447673004976017,1.8246214731254904,1.9463583635018882,2.3822058749961292,0.585,0.585,40.1,0.365,0.365,25.0,0.487,0.487,33.4,0.922,0.922,63.2,holt_winters
2012-01-30,HUANCAVELICA,1.459768772626416,1.7737731224348092,1.5682033578740797,1.9463583635018882,2.3822058749961292,0.314,0.314,21.5,0.108,0.108,7.4,0.487,0.487,33.4,0.922,0.922,63.2,holt_winters
2012-02-06,HUANCAVELICA,1.946358363501888,1.6754962289864617,1.142913593596976,1.9463583635018882,2.1439852874965166,-0.271,0.271,13.9,-0.803,0.803,41.3,0.0,0.0,0.0,0.198,0.198,10.2,naive
2012-02-13,HUANCAVELICA,1.7030635680641522,1.6463464587170638,1.3926709357699618,1.9463583635018882,2.1439852874965166,-0.057,0.057,3.3,-0.31,0.31,18.2,0.243,0.243,14.3,0.441,0.441,25.9,arima
2012-02-20,HUANCAVELICA,1.459768772626416,1.702313930475749,1.7143398453286678,1.703063568064152,2.1439852874965166,0.243,0.243,16.6,0.255,0.255,17.5,0.243,0.243,16.6,0.684,0.684,46.9,arima
2012-02-27,HUANCAVELICA,1.459768772626416,1.507070321297559,1.56304276252441,1.703063568064152,1.4293235249976775,0.047,0.047,3.2,0.103,0.103,7.1,0.243,0.243,16.6,-0.03,0.03,2.1,seasonal_naive
2012-03-05,HUANCAVELICA,1.7030635680641517,1.610509277046014,1.4598703346005846,1.703063568064152,1.1911029374980648,-0.093,0.093,5.5,-0.243,0.243,14.3,0.0,0.0,0.0,-0.512,0.512,30.1,naive
2012-03-12,HUANCAVELICA,2.189653158939624,1.6126307928743326,1.585450109103844,1.703063568064152,1.1911029374980648,-0.577,0.577,26.4,-0.604,0.604,27.6,-0.487,0.487,22.2,-0.999,0.999,45.6,naive
2012-03-19,HUANCAVELICA,2.189653158939624,2.1553453545204606,2.1882936070642085,2.189653158939624,1.905764699996904,-0.034,0.034,1.6,-0.001,0.001,0.0,0.0,0.0,0.0,-0.284,0.284,13.0,naive
2012-03-26,HUANCAVELICA,2.43294795437736,2.0139595546007913,2.308899354803345,2.189653158939624,2.1439852874965166,-0.419,0.419,17.2,-0.124,0.124,5.1,-0.243,0.243,10.0,-0.289,0.289,11.9,holt_winters
2012-04-02,HUANCAVELICA,1.9463583635018882,1.813151476367449,1.9397407966407716,2.189653158939624,1.6675441124972905,-0.133,0.133,6.8,-0.007,0.007,0.4,0.243,0.243,12.5,-0.279,0.279,14.3,holt_winters
2012-04-09,HUANCAVELICA,2.4329479543773602,1.835924878930129,2.330272550144397,2.189653158939624,1.4293235249976775,-0.597,0.597,24.5,-0.103,0.103,4.2,-0.243,0.243,10.0,-1.004,1.004,41.3,holt_winters
2012-04-16,HUANCAVELICA,2.919537545252832,2.3175561096378603,2.5133535231074626,2.4329479543773602,1.1911029374980644,-0.602,0.602,20.6,-0.406,0.406,13.9,-0.487,0.487,16.7,-1.728,1.728,59.2,holt_winters
2012-04-23,HUANCAVELICA,3.64942193156604,2.5277176773583587,2.5136849803192503,2.4329479543773602,1.4293235249976775,-1.122,1.122,30.7,-1.136,1.136,31.1,-1.216,1.216,33.3,-2.22,2.22,60.8,arima
2012-04-30,HUANCAVELICA,2.676242749815096,2.3028052476409226,1.9217405159427696,2.4329479543773602,0.9528823499984516,-0.373,0.373,13.9,-0.755,0.755,28.2,-0.243,0.243,9.1,-1.723,1.723,64.4,naive
2012-05-07,HUANCAVELICA,1.7030635680641517,2.351606226018836,1.9566480117338325,2.4329479543773602,0.9528823499984516,0.649,0.649,38.1,0.254,0.254,14.9,0.73,0.73,42.9,-0.75,0.75,44.0,holt_winters
2012-05-14,HUANCAVELICA,1.459768772626416,1.5647956148311084,1.8415476962364523,1.703063568064152,1.1911029374980648,0.105,0.105,7.2,0.382,0.382,26.2,0.243,0.243,16.6,-0.269,0.269,18.4,arima
2012-05-21,HUANCAVELICA,1.7030635680641522,1.8718253080247602,1.8000091983003146,1.703063568064152,1.1911029374980648,0.169,0.169,9.9,0.097,0.097,5.7,-0.0,0.0,0.0,-0.512,0.512,30.1,naive
2012-05-28,HUANCAVELICA,1.459768772626416,2.2745006274313844,1.5965722429386986,1.703063568064152,0.9528823499984516,0.815,0.815,55.8,0.137,0.137,9.4,0.243,0.243,16.6,-0.507,0.507,34.7,holt_winters
2012-06-04,HUANCAVELICA,1.459768772626416,2.3250453434613165,1.5694764364027214,1.703063568064152,0.9528823499984516,0.865,0.865,59.3,0.11,0.11,7.5,0.243,0.243,16.6,-0.507,0.507,34.7,holt_winters
2012-06-11,HUANCAVELICA,1.9463583635018882,1.374187500542285,1.730013482777418,1.4597687726264157,1.1911029374980648,-0.572,0.572,29.4,-0.216,0.216,11.1,-0.487,0.487,25.0,-0.755,0.755,38.8,holt_winters
2012-06-18,HUANCAVELICA,2.676242749815096,1.4732187977360316,1.6286811001272232,1.4597687726264157,1.1911029374980648,-1.203,1.203,45.0,-1.048,1.048,39.2,-1.216,1.216,45.4,-1.485,1.485,55.5,holt_winters
2012-06-25,HUANCAVELICA,3.1628323406905685,1.4744632855763524,1.8111573553345086,1.4597687726264157,0.9528823499984516,-1.688,1.688,53.4,-1.352,1.352,42.7,-1.703,1.703,53.8,-2.21,2.21,69.9,holt_winters
2012-07-02,HUANCAVELICA,2.676242749815096,1.5080502377476437,1.5427786036582627,1.4597687726264157,0.9528823499984516,-1.168,1.168,43.6,-1.133,1.133,42.3,-1.216,1.216,45.4,-1.723,1.723,64.4,holt_winters
2012-07-09,HUANCAVELICA,2.189653158939624,2.3426995646099904,2.4673897077174947,2.676242749815096,1.1911029374980644,0.153,0.153,7.0,0.278,0.278,12.7,0.487,0.487,22.2,-0.999,0.999,45.6,arima
2012-07-16,HUANCAVELICA,1.459768772626416,2.195439880906032,2.5357680674362184,2.676242749815096,1.1911029374980644,0.736,0.736,50.4,1.076,1.076,73.7,1.216,1.216,83.3,-0.269,0.269,18.4,seasonal_naive
2012-07-23,HUANCAVELICA,1.9463583635018882,2.385557458029405,2.9978077833296854,2.676242749815096,1.9057646999969027,0.439,0.439,22.6,1.051,1.051,54.0,0.73,0.73,37.5,-0.041,0.041,2.1,seasonal_naive
2012-07-30,HUANCAVELICA,2.43294795437736,2.5256719338789995,3.557311883336758,2.676242749815096,1.6675441124972905,0.093,0.093,3.8,1.124,1.124,46.2,0.243,0.243,10.0,-0.765,0.765,31.4,arima
2012-08-06,HUANCAVELICA,2.189653158939624,2.825510393367928,2.243658090309863,2.43294795437736,1.4293235249976775,0.636,0.636,29.0,0.054,0.054,2.5,0.243,0.243,11.1,-0.76,0.76,34.7,holt_winters
2012-08-13,HUANCAVELICA,1.946358363501888,2.4927231340064404,2.6255483824600336,2.43294795437736,2.1439852874965157,0.546,0.546,28.1,0.679,0.679,34.9,0.487,0.487,25.0,0.198,0.198,10.2,seasonal_naive
2012-08-20,HUANCAVELICA,1.7030635680641517,2.23541077124149,2.4681722771130437,2.43294795437736,2.1439852874965157,0.532,0.532,31.2,0.765,0.765,44.9,0.73,0.73,42.9,0.441,0.441,25.9,seasonal_naive
2012-08-27,HUANCAVELICA,1.459768772626416,2.0890333277570976,3.113306390123144,2.43294795437736,2.620426462495742,0.629,0.629,43.1,1.654,1.654,113.3,0.973,0.973,66.7,1.161,1.161,79.5,arima
2012-09-03,HUANCAVELICA,0.973179181750944,1.5724982231553226,0.9145318554798303,1.4597687726264157,1.4293235249976775,0.599,0.599,61.6,-0.059,0.059,6.1,0.487,0.487,50.0,0.456,0.456,46.9,holt_winters
2012-09-10,HUANCAVELICA,0.973179181750944,1.6771770784553546,0.7079322138937452,1.4597687726264157,1.6675441124972905,0.704,0.704,72.3,-0.265,0.265,27.2,0.487,0.487,50.0,0.694,0.694,71.3,holt_winters
2012-09-17,HUANCAVELICA,1.459768772626416,1.7716784658183058,0.8154289018026353,1.4597687726264157,0.9528823499984516,0.312,0.312,21.4,-0.644,0.644,44.1,-0.0,0.0,0.0,-0.507,0.507,34.7,naive
2012-09-24,HUANCAVELICA,1.459768772626416,1.7106845569593743,0.9961052364610539,1.4597687726264157,0.9528823499984516,0.251,0.251,17.2,-0.464,0.464,31.8,-0.0,0.0,0.0,-0.507,0.507,34.7,naive
2012-10-01,HUANCAVELICA,0.9731791817509438,1.5728200373664962,1.7712600054931924,1.4597687726264157,1.4293235249976775,0.6,0.6,61.7,0.798,0.798,82.0,0.487,0.487,50.0,0.456,0.456,46.9,seasonal_naive
2012-10-08,HUANCAVELICA,0.4865895908754719,1.6603424010204049,1.6959435685077207,1.4597687726264157,1.66754411249729,1.174,1.174,241.3,1.209,1.209,248.5,0.973,0.973,200.0,1.181,1.181,242.7,naive
2012-10-15,HUANCAVELICA,0.4865895908754719,1.7104844305410705,1.9011020429660483,1.4597687726264157,2.620426462495742,1.224,1.224,251.5,1.415,1.415,290.8,0.973,0.973,200.0,2.134,2.134,438.6,naive
2012-10-22,HUANCAVELICA,0.973179181750944,1.7357057047298854,2.1184887210885086,1.4597687726264157,2.8586470499953545,0.763,0.763,78.4,1.145,1.145,117.7,0.487,0.487,50.0,1.885,1.885,193.7,naive
2012-10-29,HUANCAVELICA,0.9731791817509441,1.1633953909604324,0.7710816305488291,0.9731791817509439,3.3350882249945792,0.19,0.19,19.5,-0.202,0.202,20.8,-0.0,0.0,0.0,2.362,2.362,242.7,naive
2012-11-05,HUANCAVELICA,1.21647397718868,1.114115712108974,0.8118348329267162,0.9731791817509439,3.3350882249945792,-0.102,0.102,8.4,-0.405,0.405,33.3,-0.243,0.243,20.0,2.119,2.119,174.2,arima
2012-11-12,HUANCAVELICA,1.7030635680641517,0.8826083934841498,0.6999286464794712,0.9731791817509439,2.620426462495742,-0.82,0.82,48.1,-1.003,1.003,58.9,-0.73,0.73,42.9,0.917,0.917,53.8,naive
2012-11-19,HUANCAVELICA,1.946358363501888,0.8322249787408278,0.6603307111454018,0.9731791817509439,2.1439852874965166,-1.114,1.114,57.2,-1.286,1.286,66.1,-0.973,0.973,50.0,0.198,0.198,10.2,seasonal_naive
2012-11-26,HUANCAVELICA,2.189653158939624,1.7742575699848686,1.115976937903675,1.9463583635018882,0.7146617624988385,-0.415,0.415,19.0,-1.074,1.074,49.0,-0.243,0.243,11.1,-1.475,1.475,67.4,naive
2012-12-03,HUANCAVELICA,1.459768772626416,1.5706232400445637,1.3603226299509457,1.9463583635018882,0.4764411749992258,0.111,0.111,7.6,-0.099,0.099,6.8,0.487,0.487,33.4,-0.983,0.983,67.3,holt_winters
2012-12-10,HUANCAVELICA,1.21647397718868,1.5096729547759442,1.452239363969543,1.9463583635018882,1.4293235249976775,0.293,0.293,24.1,0.236,0.236,19.4,0.73,0.73,60.0,0.213,0.213,17.5,seasonal_naive
2012-12-17,HUANCAVELICA,0.973179181750944,1.583911126248824,1.9748296343145588,1.9463583635018882,1.66754411249729,0.611,0.611,62.8,1.002,1.002,103.0,0.973,0.973,100.0,0.694,0.694,71.3,arima
2012-12-24,HUANCAVELICA,0.9731791817509441,1.1173012422580526,0.6125570027799279,0.9731791817509439,1.4293235249976775,0.144,0.144,14.8,-0.361,0.361,37.1,-0.0,0.0,0.0,0.456,0.456,46.9,naive
2012-12-31,HUANCAVELICA,0.973179181750944,1.2664614839113701,0.7766924838097586,0.9731791817509439,1.2113997692505571,0.293,0.293,30.1,-0.196,0.196,20.1,-0.0,0.0,0.0,0.238,0.238,24.5,naive
2013-01-07,HUANCAVELICA,2.22671438268197,1.3625514265326548,0.8517571239143684,0.9731791817509439,1.703063568064152,-0.864,0.864,38.8,-1.375,1.375,61.8,-1.254,1.254,56.3,-0.524,0.524,23.5,seasonal_naive
2013-01-14,HUANCAVELICA,2.480598099188948,1.4151092065493627,1.2193950854471973,0.9731791817509439,1.9463583635018882,-1.065,1.065,42.9,-1.261,1.261,50.8,-1.507,1.507,60.8,-0.534,0.534,21.5,seasonal_naive
2013-01-21,HUANCAVELICA,3.7288388395853524,2.13895156505666,2.409562597384192,2.4805980991889474,1.4597687726264157,-1.59,1.59,42.6,-1.319,1.319,35.4,-1.248,1.248,33.5,-2.269,2.269,60.9,naive
2013-01-28,HUANCAVELICA,2.7344818156959256,1.8676895090120027,2.052564366908937,2.4805980991889474,1.4597687726264157,-0.867,0.867,31.7,-0.682,0.682,24.9,-0.254,0.254,9.3,-1.275,1.275,46.6,naive
2013-02-04,HUANCAVELICA,3.7288388395853524,1.717469222541693,1.831244387714234,2.4805980991889474,1.9463583635018882,-2.011,2.011,53.9,-1.898,1.898,50.9,-1.248,1.248,33.5,-1.782,1.782,47.8,naive
2013-02-11,HUANCAVELICA,2.7344818156959256,1.6431512742277699,1.913203126941621,2.4805980991889474,1.703063568064152,-1.091,1.091,39.9,-0.821,0.821,30.0,-0.254,0.254,9.3,-1.031,1.031,37.7,naive
2013-02-18,HUANCAVELICA,2.2373033037512116,3.124951516591718,2.6244012993601227,2.734481815695926,1.4597687726264157,0.888,0.888,39.7,0.387,0.387,17.3,0.497,0.497,22.2,-0.778,0.778,34.8,holt_winters
2013-02-25,HUANCAVELICA,1.2429462798617839,2.7673444733677712,2.2750970148017453,2.734481815695926,1.4597687726264157,1.524,1.524,122.6,1.032,1.032,83.0,1.492,1.492,120.0,0.217,0.217,17.5,seasonal_naive
2013-03-04,HUANCAVELICA,0.7457677679170701,3.1419854033834316,2.3443406620254357,2.734481815695926,1.703063568064152,2.396,2.396,321.3,1.599,1.599,214.4,1.989,1.989,266.7,0.957,0.957,128.3,seasonal_naive
2013-03-11,HUANCAVELICA,0.9943570238894269,2.9656021885235564,2.6786000435488933,2.734481815695926,2.189653158939624,1.971,1.971,198.2,1.684,1.684,169.4,1.74,1.74,175.0,1.195,1.195,120.2,seasonal_naive
2013-03-18,HUANCAVELICA,0.9943570238894269,1.246023682053973,1.0547226440470592,0.994357023889427,2.189653158939624,0.252,0.252,25.3,0.06,0.06,6.0,0.0,0.0,0.0,1.195,1.195,120.2,naive
2013-03-25,HUANCAVELICA,1.7401247918064975,1.4169702737865304,1.088452505820794,0.994357023889427,2.43294795437736,-0.323,0.323,18.6,-0.652,0.652,37.5,-0.746,0.746,42.9,0.693,0.693,39.8,arima
2013-04-01,HUANCAVELICA,1.9887140477788545,1.515795852798778,0.809040817963478,0.994357023889427,1.9463583635018882,-0.473,0.473,23.8,-1.18,1.18,59.3,-0.994,0.994,50.0,-0.042,0.042,2.1,seasonal_naive
2013-04-08,HUANCAVELICA,2.237303303751212,1.5684089668666048,1.1255453952500782,0.994357023889427,2.4329479543773602,-0.669,0.669,29.9,-1.112,1.112,49.7,-1.243,1.243,55.6,0.196,0.196,8.8,seasonal_naive
2013-04-15,HUANCAVELICA,2.734481815695925,2.0672131057647087,2.284657074993756,2.2373033037512116,2.919537545252832,-0.667,0.667,24.4,-0.45,0.45,16.5,-0.497,0.497,18.2,0.185,0.185,6.8,seasonal_naive
2013-04-22,HUANCAVELICA,2.734481815695925,1.9049726323147143,2.5591387230101694,2.2373033037512116,3.6494219315660397,-0.83,0.83,30.4,-0.175,0.175,6.4,-0.497,0.497,18.2,0.915,0.915,33.5,holt_winters
2013-04-29,HUANCAVELICA,2.485892559723568,1.805601950946294,1.818953404431371,2.2373033037512116,2.676242749815096,-0.68,0.68,27.4,-0.667,0.667,26.8,-0.249,0.249,10.0,0.19,0.19,7.6,seasonal_naive
2013-05-06,HUANCAVELICA,1.4915355358341407,1.751804802889326,1.7683340551955053,2.2373033037512116,1.703063568064152,0.26,0.26,17.4,0.277,0.277,18.6,0.746,0.746,50.0,0.212,0.212,14.2,seasonal_naive
2013-05-13,HUANCAVELICA,1.7401247918064975,1.451278324616935,1.6021051539964692,1.4915355358341404,1.4597687726264157,-0.289,0.289,16.6,-0.138,0.138,7.9,-0.249,0.249,14.3,-0.28,0.28,16.1,holt_winters
2013-05-20,HUANCAVELICA,2.485892559723568,1.541220590373396,1.7466412834375125,1.4915355358341404,1.703063568064152,-0.945,0.945,38.0,-0.739,0.739,29.7,-0.994,0.994,40.0,-0.783,0.783,31.5,holt_winters
2013-05-27,HUANCAVELICA,3.2316603276406384,1.619777112414594,1.4241128298506056,1.4915355358341404,1.4597687726264157,-1.612,1.612,49.9,-1.808,1.808,55.9,-1.74,1.74,53.8,-1.772,1.772,54.8,arima
2013-06-03,HUANCAVELICA,2.734481815695925,1.6686836593118812,1.4184765111310749,1.4915355358341404,1.4597687726264157,-1.066,1.066,39.0,-1.316,1.316,48.1,-1.243,1.243,45.5,-1.275,1.275,46.6,arima
2013-06-10,HUANCAVELICA,2.2373033037512116,2.3401893241867935,3.190170395344162,2.734481815695925,1.9463583635018882,0.103,0.103,4.6,0.953,0.953,42.6,0.497,0.497,22.2,-0.291,0.291,13.0,arima
2013-06-17,HUANCAVELICA,2.734481815695925,2.1167704165038894,3.3462172567613155,2.734481815695925,2.676242749815096,-0.618,0.618,22.6,0.612,0.612,22.4,0.0,0.0,0.0,-0.058,0.058,2.1,naive
2013-06-24,HUANCAVELICA,3.2316603276406393,2.002315962298416,3.463965044688886,2.734481815695925,3.162832340690569,-1.229,1.229,38.0,0.232,0.232,7.2,-0.497,0.497,15.4,-0.069,0.069,2.1,seasonal_naive
2013-07-01,HUANCAVELICA,3.2316603276406393,1.9465013932045019,3.154769137425255,2.734481815695925,2.676242749815096,-1.285,1.285,39.8,-0.077,0.077,2.4,-0.497,0.497,15.4,-0.555,0.555,17.2,holt_winters
2013-07-08,HUANCAVELICA,1.7401247918064975,2.7958180166370488,3.2230549750780124,3.2316603276406397,2.189653158939624,1.056,1.056,60.7,1.483,1.483,85.2,1.492,1.492,85.7,0.45,0.45,25.9,seasonal_naive
2013-07-15,HUANCAVELICA,1.2429462798617839,2.476289001569783,3.0410449444257086,3.2316603276406397,1.4597687726264157,1.233,1.233,99.2,1.798,1.798,144.7,1.989,1.989,160.0,0.217,0.217,17.5,seasonal_naive
2013-07-22,HUANCAVELICA,1.2429462798617839,2.2922853568802055,3.463965044688886,3.2316603276406397,1.9463583635018882,1.049,1.049,84.4,2.221,2.221,178.7,1.989,1.989,160.0,0.703,0.703,56.6,seasonal_naive
2013-07-29,HUANCAVELICA,1.2429462798617839,2.1935763312468133,3.463965044688886,3.2316603276406397,2.43294795437736,0.951,0.951,76.5,2.221,2.221,178.7,1.989,1.989,160.0,1.19,1.19,95.7,arima
2013-08-05,HUANCAVELICA,1.4915355358341407,1.459905851627917,1.1947205798424378,1.2429462798617839,2.189653158939624,-0.032,0.032,2.1,-0.297,0.297,19.9,-0.249,0.249,16.7,0.698,0.698,46.8,arima
2013-08-12,HUANCAVELICA,1.7401247918064975,1.6749886832101661,1.4370137701800427,1.2429462798617839,1.9463583635018882,-0.065,0.065,3.7,-0.303,0.303,17.4,-0.497,0.497,28.6,0.206,0.206,11.8,arima
2013-08-19,HUANCAVELICA,2.485892559723568,1.8418476462979814,1.3032174014420561,1.2429462798617839,1.703063568064152,-0.644,0.644,25.9,-1.183,1.183,47.6,-1.243,1.243,50.0,-0.783,0.783,31.5,arima
2013-08-26,HUANCAVELICA,2.734481815695925,1.9433478023990909,1.2417360418966048,1.2429462798617839,1.4597687726264157,-0.791,0.791,28.9,-1.493,1.493,54.6,-1.492,1.492,54.6,-1.275,1.275,46.6,arima
2013-09-02,HUANCAVELICA,1.7401247918064975,2.5805202801010814,1.8314347398400526,2.734481815695925,0.9731791817509439,0.84,0.84,48.3,0.091,0.091,5.2,0.994,0.994,57.1,-0.767,0.767,44.1,holt_winters
2013-09-09,HUANCAVELICA,3.2316603276406384,2.3715602171502885,1.4235188623849897,2.734481815695925,0.9731791817509439,-0.86,0.86,26.6,-1.808,1.808,55.9,-0.497,0.497,15.4,-2.258,2.258,69.9,naive
2013-09-16,HUANCAVELICA,2.485892559723568,2.1881058520647274,2.147239945219149,2.734481815695925,1.4597687726264157,-0.298,0.298,12.0,-0.339,0.339,13.6,0.249,0.249,10.0,-1.026,1.026,41.3,naive
2013-09-23,HUANCAVELICA,2.485892559723568,2.059605496559226,2.3161485064159217,2.734481815695925,1.4597687726264157,-0.426,0.426,17.1,-0.17,0.17,6.8,0.249,0.249,10.0,-1.026,1.026,41.3,holt_winters
2013-09-30,HUANCAVELICA,0.2485892559723563,2.3182688828464593,2.7040480958278614,2.4858925597235677,0.9731791817509439,2.07,2.07,832.7,2.455,2.455,987.6,2.237,2.237,899.9,0.725,0.725,291.6,seasonal_naive
2013-10-07,HUANCAVELICA,0.2485892559723563,2.190143045240668,2.309037183366624,2.4858925597235677,0.4865895908754718,1.942,1.942,781.2,2.06,2.06,828.7,2.237,2.237,899.9,0.238,0.238,95.7,seasonal_naive
2013-10-14,HUANCAVELICA,1.2429462798617839,2.112733704322322,2.5339699179534296,2.4858925597235677,0.4865895908754718,0.87,0.87,70.0,1.291,1.291,103.9,1.243,1.243,100.0,-0.756,0.756,60.8,seasonal_naive
2013-10-21,HUANCAVELICA,1.9887140477788545,2.0691068669780006,3.1272862968568793,2.4858925597235677,0.9731791817509439,0.08,0.08,4.0,1.139,1.139,57.3,0.497,0.497,25.0,-1.016,1.016,51.1,arima
2013-10-28,HUANCAVELICA,2.237303303751211,2.268863013220604,1.6712982126137392,1.9887140477788545,0.9731791817509441,0.032,0.032,1.4,-0.566,0.566,25.3,-0.249,0.249,11.1,-1.264,1.264,56.5,arima
2013-11-04,HUANCAVELICA,1.7401247918064975,2.3028515525410826,1.9147899283210261,1.9887140477788545,1.21647397718868,0.563,0.563,32.4,0.175,0.175,10.1,0.249,0.249,14.3,-0.524,0.524,30.1,holt_winters
2013-11-11,HUANCAVELICA,1.2429462798617839,2.1975309610322156,1.7941050992682572,1.9887140477788545,1.703063568064152,0.955,0.955,76.8,0.551,0.551,44.3,0.746,0.746,60.0,0.46,0.46,37.0,seasonal_naive
2013-11-18,HUANCAVELICA,1.9887140477788545,2.053394201241651,1.7989605213370905,1.9887140477788545,1.9463583635018882,0.065,0.065,3.3,-0.19,0.19,9.6,0.0,0.0,0.0,-0.042,0.042,2.1,naive
2013-11-25,HUANCAVELICA,1.7401247918064975,2.027177468624502,1.2600770024092758,1.9887140477788545,2.189653158939624,0.287,0.287,16.5,-0.48,0.48,27.6,0.249,0.249,14.3,0.45,0.45,25.9,naive
2013-12-02,HUANCAVELICA,1.9887140477788543,1.9815494828123552,1.4042386771401523,1.9887140477788545,1.4597687726264157,-0.007,0.007,0.4,-0.584,0.584,29.4,0.0,0.0,0.0,-0.529,0.529,26.6,naive
2013-12-09,HUANCAVELICA,0.9943570238894269,1.9088421889495568,1.4556333748353807,1.9887140477788545,1.21647397718868,0.914,0.914,91.9,0.461,0.461,46.4,0.994,0.994,100.0,0.222,0.222,22.3,seasonal_naive
2013-12-16,HUANCAVELICA,1.4915355358341407,1.8430081668141716,1.6777664289261982,1.9887140477788545,0.9731791817509439,0.351,0.351,23.5,0.186,0.186,12.5,0.497,0.497,33.3,-0.518,0.518,34.7,holt_winters
2013-12-23,HUANCAVELICA,1.7401247918064975,1.679403734540216,1.0933562864186661,1.4915355358341404,0.9731791817509441,-0.061,0.061,3.5,-0.647,0.647,37.2,-0.249,0.249,14.3,-0.767,0.767,44.1,arima
2013-12-30,HUANCAVELICA,3.2316603276406384,1.7329454613530748,1.1487751814011293,1.4915355358341404,0.9731791817509439,-1.499,1.499,46.4,-2.083,2.083,64.5,-1.74,1.74,53.8,-2.258,2.258,69.9,arima
2014-01-06,HUANCAVELICA,4.264731994052628,1.742022234100761,1.5571682014199344,1.4915355358341404,2.2267143826819695,-2.523,2.523,59.2,-2.708,2.708,63.5,-2.773,2.773,65.0,-2.038,2.038,47.8,seasonal_naive
2014-01-13,HUANCAVELICA,3.773084145325423,1.7399856099212991,1.9783525350656834,1.4915355358341404,2.4805980991889474,-2.033,2.033,53.9,-1.795,1.795,47.6,-2.282,2.282,60.5,-1.292,1.292,34.2,seasonal_naive
2014-01-20,HUANCAVELICA,2.5411991918986563,2.974089259955029,3.728838839585352,3.7730841453254236,3.728838839585352,0.433,0.433,17.0,1.188,1.188,46.7,1.232,1.232,48.5,1.188,1.188,46.7,arima
2014-01-27,HUANCAVELICA,1.270599595949328,2.4855626693218773,3.639181208407823,3.7730841453254236,2.734481815695926,1.215,1.215,95.6,2.369,2.369,186.4,2.502,2.502,196.9,1.464,1.464,115.2,arima
2014-02-03,HUANCAVELICA,1.2705995959493277,2.228541994538704,3.709418628463535,3.7730841453254236,3.728838839585352,0.958,0.958,75.4,2.439,2.439,192.0,2.502,2.502,196.9,2.458,2.458,193.5,arima
2014-02-10,HUANCAVELICA,1.5247195151391935,2.0987637939459605,3.5801358219898587,3.7730841453254236,2.734481815695926,0.574,0.574,37.6,2.055,2.055,134.8,2.248,2.248,147.4,1.21,1.21,79.4,arima
2014-02-17,HUANCAVELICA,1.270599595949328,1.6899870055153339,1.4318865599561161,1.5247195151391932,2.2373033037512116,0.419,0.419,33.0,0.161,0.161,12.7,0.254,0.254,20.0,0.967,0.967,76.1,holt_winters
2014-02-24,HUANCAVELICA,1.0164796767594622,1.7790496094279136,1.0403201530424293,1.5247195151391932,1.2429462798617839,0.763,0.763,75.1,0.024,0.024,2.4,0.508,0.508,50.0,0.226,0.226,22.2,holt_winters
2014-03-03,HUANCAVELICA,0.5082398383797307,1.8217184987755526,0.9897099774985183,1.5247195151391932,0.74576776791707,1.313,1.313,258.3,0.481,0.481,94.6,1.016,1.016,199.9,0.238,0.238,46.8,seasonal_naive
2014-03-10,HUANCAVELICA,1.270599595949328,1.8405136250758272,1.2174484890062724,1.5247195151391932,0.994357023889427,0.57,0.57,44.9,-0.053,0.053,4.2,0.254,0.254,20.0,-0.276,0.276,21.7,holt_winters
2014-03-17,HUANCAVELICA,2.5411991918986563,1.6014036398468368,1.3137841170131752,1.270599595949328,0.994357023889427,-0.94,0.94,37.0,-1.227,1.227,48.3,-1.271,1.271,50.0,-1.547,1.547,60.9,arima
2014-03-24,HUANCAVELICA,2.2870792727087905,1.7052656301644489,1.41771813319858,1.270599595949328,1.7401247918064975,-0.582,0.582,25.4,-0.869,0.869,38.0,-1.016,1.016,44.4,-0.547,0.547,23.9,seasonal_naive
2014-03-31,HUANCAVELICA,1.7788394343290592,1.727655026491128,1.2101384597953926,1.270599595949328,1.9887140477788545,-0.051,0.051,2.9,-0.569,0.569,32.0,-0.508,0.508,28.6,0.21,0.21,11.8,arima
2014-04-07,HUANCAVELICA,1.270599595949328,1.7276316075306761,1.3998927838915693,1.270599595949328,2.2373033037512116,0.457,0.457,36.0,0.129,0.129,10.2,0.0,0.0,0.0,0.967,0.967,76.1,naive
2014-04-14,HUANCAVELICA,2.2870792727087905,1.3249453898729624,1.330697788070228,1.270599595949328,2.734481815695925,-0.962,0.962,42.1,-0.956,0.956,41.8,-1.016,1.016,44.4,0.447,0.447,19.5,seasonal_naive
2014-04-21,HUANCAVELICA,2.795319111088522,1.4575276494187999,1.4211778192868407,1.270599595949328,2.734481815695925,-1.338,1.338,47.9,-1.374,1.374,49.2,-1.525,1.525,54.6,-0.061,0.061,2.2,seasonal_naive
2014-04-28,HUANCAVELICA,2.795319111088522,1.5905943908273463,1.0080220086235254,1.270599595949328,2.4858925597235677,-1.205,1.205,43.1,-1.787,1.787,63.9,-1.525,1.525,54.6,-0.309,0.309,11.1,seasonal_naive
2014-05-05,HUANCAVELICA,2.795319111088522,1.6855648083988672,0.8427869981709475,1.270599595949328,1.4915355358341404,-1.11,1.11,39.7,-1.953,1.953,69.9,-1.525,1.525,54.6,-1.304,1.304,46.6,arima
2014-05-12,HUANCAVELICA,3.049439030278388,2.3697249392323547,2.8559044941468006,2.795319111088522,1.7401247918064975,-0.68,0.68,22.3,-0.194,0.194,6.4,-0.254,0.254,8.3,-1.309,1.309,42.9,holt_winters
2014-05-19,HUANCAVELICA,3.3035589494682536,2.0590057452964206,3.329669919323922,2.795319111088522,2.4858925597235677,-1.245,1.245,37.7,0.026,0.026,0.8,-0.508,0.508,15.4,-0.818,0.818,24.8,holt_winters
2014-05-26,HUANCAVELICA,2.795319111088522,1.8829592982784837,3.468814126549603,2.795319111088522,3.231660327640638,-0.912,0.912,32.6,0.673,0.673,24.1,0.0,0.0,0.0,0.436,0.436,15.6,naive
2014-06-02,HUANCAVELICA,2.0329593535189248,1.8079309396289185,3.077599746296573,2.795319111088522,2.734481815695925,-0.225,0.225,11.1,1.045,1.045,51.4,0.762,0.762,37.5,0.702,0.702,34.5,arima
2014-06-09,HUANCAVELICA,1.5247195151391941,1.876457517822891,2.3588810303236167,2.032959353518925,2.2373033037512116,0.352,0.352,23.1,0.834,0.834,54.7,0.508,0.508,33.3,0.713,0.713,46.8,arima
2014-06-16,HUANCAVELICA,1.5247195151391941,1.8702607434712402,2.3403245632965786,2.032959353518925,2.734481815695925,0.346,0.346,22.7,0.816,0.816,53.5,0.508,0.508,33.3,1.21,1.21,79.4,arima
2014-06-23,HUANCAVELICA,1.270599595949328,1.892348905901748,2.769967006039925,2.032959353518925,3.2316603276406397,0.622,0.622,49.0,1.499,1.499,118.0,0.762,0.762,60.0,1.961,1.961,154.3,arima
2014-06-30,HUANCAVELICA,1.7788394343290594,1.911008049217128,2.496345725543514,2.032959353518925,3.2316603276406397,0.132,0.132,7.4,0.718,0.718,40.4,0.254,0.254,14.3,1.453,1.453,81.7,arima
2014-07-07,HUANCAVELICA,1.270599595949328,1.9390546278653709,1.3862878774967702,1.7788394343290594,1.7401247918064975,0.668,0.668,52.6,0.116,0.116,9.1,0.508,0.508,40.0,0.47,0.47,37.0,holt_winters
2014-07-14,HUANCAVELICA,1.5247195151391935,1.9934546433382363,1.0840559497227789,1.7788394343290594,1.2429462798617839,0.469,0.469,30.8,-0.441,0.441,28.9,0.254,0.254,16.7,-0.282,0.282,18.5,naive
2014-07-21,HUANCAVELICA,1.0164796767594622,1.9847583733768945,1.3749621824515859,1.7788394343290594,1.2429462798617839,0.968,0.968,95.2,0.358,0.358,35.2,0.762,0.762,75.0,0.226,0.226,22.2,seasonal_naive
2014-07-28,HUANCAVELICA,1.5247195151391941,1.9528197960037006,1.5534274534808357,1.7788394343290594,1.2429462798617839,0.428,0.428,28.1,0.029,0.029,1.9,0.254,0.254,16.7,-0.282,0.282,18.5,holt_winters
2014-08-04,HUANCAVELICA,2.2870792727087905,1.7492723086816016,1.5673727596879177,1.5247195151391941,1.4915355358341404,-0.538,0.538,23.5,-0.72,0.72,31.5,-0.762,0.762,33.3,-0.796,0.796,34.8,arima
2014-08-11,HUANCAVELICA,2.795319111088522,1.8622957284069637,1.8681034616172179,1.5247195151391941,1.7401247918064975,-0.933,0.933,33.4,-0.927,0.927,33.2,-1.271,1.271,45.5,-1.055,1.055,37.7,holt_winters
2014-08-18,HUANCAVELICA,2.5411991918986563,1.8918268617453395,1.8871575441772719,1.5247195151391941,2.4858925597235677,-0.649,0.649,25.5,-0.654,0.654,25.7,-1.016,1.016,40.0,-0.055,0.055,2.2,seasonal_naive
2014-08-25,HUANCAVELICA,2.0329593535189248,1.8787705004151518,1.756163716417103,1.5247195151391941,2.734481815695925,-0.154,0.154,7.6,-0.277,0.277,13.6,-0.508,0.508,25.0,0.702,0.702,34.5,arima
2014-09-01,HUANCAVELICA,1.5247195151391937,1.8604683377159899,1.4306043713529761,2.032959353518925,1.7401247918064975,0.336,0.336,22.0,-0.094,0.094,6.2,0.508,0.508,33.3,0.215,0.215,14.1,holt_winters
2014-09-08,HUANCAVELICA,1.270599595949328,1.7928761395969315,1.3989777186144048,2.032959353518925,3.231660327640638,0.522,0.522,41.1,0.128,0.128,10.1,0.762,0.762,60.0,1.961,1.961,154.3,holt_winters
2014-09-15,HUANCAVELICA,2.032959353518925,1.785969253578764,1.8004356147000813,2.032959353518925,2.4858925597235677,-0.247,0.247,12.1,-0.233,0.233,11.5,0.0,0.0,0.0,0.453,0.453,22.3,naive
2014-09-22,HUANCAVELICA,1.524719515139194,1.806045188697432,1.802196649626076,2.032959353518925,2.4858925597235677,0.281,0.281,18.4,0.277,0.277,18.2,0.508,0.508,33.3,0.961,0.961,63.0,holt_winters
2014-09-29,HUANCAVELICA,2.0329593535189256,1.5803359884386956,1.0384936700321923,1.5247195151391937,0.24858925597235634,-0.453,0.453,22.3,-0.994,0.994,48.9,-0.508,0.508,25.0,-1.784,1.784,87.8,arima
2014-10-06,HUANCAVELICA,2.0329593535189248,1.6752147551649426,0.9050475041559638,1.5247195151391937,0.24858925597235634,-0.358,0.358,17.6,-1.128,1.128,55.5,-0.508,0.508,25.0,-1.784,1.784,87.8,arima
2014-10-13,HUANCAVELICA,2.2870792727087905,1.7594222572842155,1.3893773980401294,1.5247195151391937,1.2429462798617839,-0.528,0.528,23.1,-0.898,0.898,39.3,-0.762,0.762,33.3,-1.044,1.044,45.6,arima
2014-10-20,HUANCAVELICA,2.2870792727087905,1.813784466640017,1.925662700895972,1.5247195151391937,1.9887140477788545,-0.473,0.473,20.7,-0.361,0.361,15.8,-0.762,0.762,33.3,-0.298,0.298,13.0,seasonal_naive
2014-10-27,HUANCAVELICA,1.2705995959493277,2.1249865246753705,2.15216641448728,2.2870792727087905,2.237303303751211,0.854,0.854,67.2,0.882,0.882,69.4,1.016,1.016,80.0,0.967,0.967,76.1,arima
2014-11-03,HUANCAVELICA,1.5247195151391941,1.984791006503615,2.3214548320152897,2.2870792727087905,1.7401247918064975,0.46,0.46,30.2,0.797,0.797,52.3,0.762,0.762,50.0,0.215,0.215,14.1,seasonal_naive
2014-11-10,HUANCAVELICA,1.5247195151391941,1.896193496840211,2.1332442241133744,2.2870792727087905,1.2429462798617839,0.371,0.371,24.3,0.609,0.609,39.9,0.762,0.762,50.0,-0.282,0.282,18.5,seasonal_naive
2014-11-17,HUANCAVELICA,2.795319111088522,1.8547467376881577,2.4184302141195304,2.2870792727087905,1.9887140477788545,-0.941,0.941,33.7,-0.377,0.377,13.5,-0.508,0.508,18.2,-0.807,0.807,28.9,holt_winters
2014-11-24,HUANCAVELICA,2.5411991918986563,2.757349958206404,2.131004528868326,2.795319111088522,1.7401247918064975,0.216,0.216,8.5,-0.41,0.41,16.1,0.254,0.254,10.0,-0.801,0.801,31.5,arima
2014-12-01,HUANCAVELICA,2.5411991918986563,2.4467135900648214,2.1287248239069507,2.795319111088522,1.9887140477788545,-0.094,0.094,3.7,-0.412,0.412,16.2,0.254,0.254,10.0,-0.552,0.552,21.7,arima
2014-12-08,HUANCAVELICA,1.016479676759462,2.149836739778759,1.9924216498238456,2.795319111088522,0.994357023889427,1.133,1.133,111.5,0.976,0.976,96.0,1.779,1.779,175.0,-0.022,0.022,2.2,seasonal_naive
2014-12-15,HUANCAVELICA,2.2870792727087905,1.9578592019340557,2.3762301890490605,2.795319111088522,1.4915355358341404,-0.329,0.329,14.4,0.089,0.089,3.9,0.508,0.508,22.2,-0.796,0.796,34.8,holt_winters
2014-12-22,HUANCAVELICA,2.5411991918986563,2.476884872390166,1.9974285731829666,2.2870792727087905,1.7401247918064975,-0.064,0.064,2.5,-0.544,0.544,21.4,-0.254,0.254,10.0,-0.801,0.801,31.5,arima
2014-12-29,HUANCAVELICA,2.795319111088522,2.2670817387691033,2.2077507379367782,2.2870792727087905,3.231660327640638,-0.528,0.528,18.9,-0.588,0.588,21.0,-0.508,0.508,18.2,0.436,0.436,15.6,seasonal_naive
2015-01-05,HUANCAVELICA,1.7904027984568582,2.065519093973491,2.647059872750707,2.2870792727087905,4.264731994052628,0.275,0.275,15.4,0.857,0.857,47.9,0.497,0.497,27.8,2.474,2.474,138.2,arima
2015-01-12,HUANCAVELICA,1.0280430408872612,1.9494571211907186,3.1464742378408443,2.2870792727087905,3.7730841453254236,0.921,0.921,89.6,2.118,2.118,206.0,1.259,1.259,122.5,2.745,2.745,267.0,arima
2015-01-19,HUANCAVELICA,0.5198032025075298,1.116909020460124,1.0209348741484061,1.0280430408872614,2.541199191898656,0.597,0.597,114.9,0.501,0.501,96.4,0.508,0.508,97.7,2.021,2.021,388.8,holt_winters
2015-01-26,HUANCAVELICA,0.7797048037612951,1.3705434904828877,0.7324224888967155,1.0280430408872614,1.270599595949328,0.591,0.591,75.8,-0.047,0.047,6.0,0.248,0.248,31.8,0.491,0.491,63.0,holt_winters
2015-02-02,HUANCAVELICA,1.5594096075225912,1.6299471842546613,0.7782132274566562,1.0280430408872614,1.270599595949328,0.071,0.071,4.6,-0.781,0.781,50.1,-0.531,0.531,34.1,-0.289,0.289,18.5,arima
2015-02-09,HUANCAVELICA,2.0792128100301217,1.80875019197032,0.7433537673263793,1.0280430408872614,1.5247195151391932,-0.27,0.27,13.0,-1.336,1.336,64.3,-1.051,1.051,50.5,-0.554,0.554,26.6,arima
2015-02-16,HUANCAVELICA,2.858917613791418,2.1940949484907937,1.822671940370658,2.0792128100301217,1.270599595949328,-0.665,0.665,23.3,-1.036,1.036,36.2,-0.78,0.78,27.3,-1.588,1.588,55.5,arima
2015-02-23,HUANCAVELICA,3.3787208162989484,2.1077048457475853,1.434081328483387,2.0792128100301217,1.0164796767594622,-1.271,1.271,37.6,-1.945,1.945,57.6,-1.3,1.3,38.5,-2.362,2.362,69.9,arima
2015-03-02,HUANCAVELICA,3.8985240188064787,1.9718381278622892,1.2604847837076845,2.0792128100301217,0.5082398383797306,-1.927,1.927,49.4,-2.638,2.638,67.7,-1.819,1.819,46.7,-3.39,3.39,87.0,naive
2015-03-09,HUANCAVELICA,3.8985240188064787,1.863979185704752,1.6461152834768757,2.0792128100301217,1.270599595949328,-2.035,2.035,52.2,-2.252,2.252,57.8,-1.819,1.819,46.7,-2.628,2.628,67.4,naive
2015-03-16,HUANCAVELICA,4.4183272213140095,3.018229722867237,3.824514493452659,3.8985240188064783,2.541199191898656,-1.4,1.4,31.7,-0.594,0.594,13.4,-0.52,0.52,11.8,-1.877,1.877,42.5,naive
2015-03-23,HUANCAVELICA,4.158425620060245,2.3815074674295125,3.824514493452659,3.8985240188064783,2.2870792727087905,-1.777,1.777,42.7,-0.334,0.334,8.0,-0.26,0.26,6.3,-1.871,1.871,45.0,naive
2015-03-30,HUANCAVELICA,3.1188192150451832,2.0585604594274463,3.824514493452659,3.8985240188064783,1.7788394343290594,-1.06,1.06,34.0,0.706,0.706,22.6,0.78,0.78,25.0,-1.34,1.34,43.0,holt_winters
2015-04-06,HUANCAVELICA,2.3391144112838873,1.9269426049481275,3.824514493452659,3.8985240188064783,1.270599595949328,-0.412,0.412,17.6,1.485,1.485,63.5,1.559,1.559,66.6,-1.069,1.069,45.7,arima
2015-04-13,HUANCAVELICA,2.599016012537653,2.0384778636036263,2.8187435031246384,2.3391144112838878,2.2870792727087905,-0.561,0.561,21.6,0.22,0.22,8.5,-0.26,0.26,10.0,-0.312,0.312,12.0,holt_winters
2015-04-20,HUANCAVELICA,2.3391144112838873,1.9446768486961328,3.0412714804061878,2.3391144112838878,2.795319111088522,-0.394,0.394,16.8,0.702,0.702,30.0,0.0,0.0,0.0,0.456,0.456,19.5,naive
2015-04-27,HUANCAVELICA,1.8193112087763563,1.9319949096095712,2.3142944410660307,2.3391144112838878,2.795319111088522,0.113,0.113,6.2,0.495,0.495,27.2,0.52,0.52,28.6,0.976,0.976,53.6,arima
2015-05-04,HUANCAVELICA,1.5594096075225912,1.9436459547332299,2.0052629147120395,2.3391144112838878,2.795319111088522,0.384,0.384,24.6,0.446,0.446,28.6,0.78,0.78,50.0,1.236,1.236,79.3,arima
2015-05-11,HUANCAVELICA,2.0792128100301217,1.6314290373010882,1.678887229139614,1.5594096075225914,3.0494390302783874,-0.448,0.448,21.5,-0.4,0.4,19.2,-0.52,0.52,25.0,0.97,0.97,46.7,holt_winters
2015-05-18,HUANCAVELICA,2.0792128100301217,1.764657926880318,1.9065089190710625,1.5594096075225914,3.303558949468254,-0.315,0.315,15.1,-0.173,0.173,8.3,-0.52,0.52,25.0,1.224,1.224,58.9,holt_winters
2015-05-25,HUANCAVELICA,1.2995080062688258,1.8675660157269727,1.9025299725646434,1.5594096075225914,2.795319111088522,0.568,0.568,43.7,0.603,0.603,46.4,0.26,0.26,20.0,1.496,1.496,115.1,naive
2015-06-01,HUANCAVELICA,1.8193112087763563,1.9244103743725183,1.6604083435548556,1.5594096075225914,2.032959353518925,0.105,0.105,5.8,-0.159,0.159,8.7,-0.26,0.26,14.3,0.214,0.214,11.8,arima
2015-06-08,HUANCAVELICA,2.3391144112838873,2.0066870231389804,1.7944057826315327,1.819311208776356,1.5247195151391941,-0.332,0.332,14.2,-0.545,0.545,23.3,-0.52,0.52,22.2,-0.814,0.814,34.8,arima
2015-06-15,HUANCAVELICA,2.5990160125376525,2.020812925125057,1.9703853211966895,1.819311208776356,1.5247195151391941,-0.578,0.578,22.2,-0.629,0.629,24.2,-0.78,0.78,30.0,-1.074,1.074,41.3,arima
2015-06-22,HUANCAVELICA,1.8193112087763563,1.984467485446181,2.1114339965993922,1.819311208776356,1.270599595949328,0.165,0.165,9.1,0.292,0.292,16.1,-0.0,0.0,0.0,-0.549,0.549,30.2,naive
2015-06-29,HUANCAVELICA,1.5594096075225912,1.949754077068,2.0618872248010724,1.819311208776356,1.7788394343290594,0.39,0.39,25.0,0.502,0.502,32.2,0.26,0.26,16.7,0.219,0.219,14.0,seasonal_naive
2015-07-06,HUANCAVELICA,2.3391144112838873,1.623597531868787,1.1697817446979593,1.5594096075225914,1.270599595949328,-0.716,0.716,30.6,-1.169,1.169,50.0,-0.78,0.78,33.3,-1.069,1.069,45.7,arima
2015-07-13,HUANCAVELICA,3.1188192150451832,1.7490548114619195,1.0159433678814547,1.5594096075225914,1.5247195151391932,-1.37,1.37,43.9,-2.103,2.103,67.4,-1.559,1.559,50.0,-1.594,1.594,51.1,arima
2015-07-20,HUANCAVELICA,3.1188192150451832,1.845428366362285,1.1528092514180606,1.5594096075225914,1.0164796767594622,-1.273,1.273,40.8,-1.966,1.966,63.0,-1.559,1.559,50.0,-2.102,2.102,67.4,arima
2015-07-27,HUANCAVELICA,3.378720816298948,1.8972680031294047,1.2776633762047545,1.5594096075225914,1.5247195151391941,-1.481,1.481,43.8,-2.101,2.101,62.2,-1.819,1.819,53.8,-1.854,1.854,54.9,arima
2015-08-03,HUANCAVELICA,2.339114411283887,2.857164294881091,3.5883848362988795,3.378720816298948,2.2870792727087905,0.518,0.518,22.1,1.249,1.249,53.4,1.04,1.04,44.5,-0.052,0.052,2.2,seasonal_naive
2015-08-10,HUANCAVELICA,2.858917613791417,2.394959223726095,3.948418228242449,3.378720816298948,2.795319111088522,-0.464,0.464,16.2,1.09,1.09,38.1,0.52,0.52,18.2,-0.064,0.064,2.2,seasonal_naive
2015-08-17,HUANCAVELICA,2.339114411283887,2.137613214130424,4.005083675320529,3.378720816298948,2.541199191898656,-0.202,0.202,8.6,1.666,1.666,71.2,1.04,1.04,44.5,0.202,0.202,8.6,arima
2015-08-24,HUANCAVELICA,2.599016012537652,2.027597542198681,3.7485661410060676,3.378720816298948,2.032959353518925,-0.571,0.571,22.0,1.15,1.15,44.2,0.78,0.78,30.0,-0.566,0.566,21.8,seasonal_naive
2015-08-31,HUANCAVELICA,1.5594096075225912,2.4451125902570885,1.725416499415212,2.5990160125376525,1.5247195151391937,0.886,0.886,56.8,0.166,0.166,10.6,1.04,1.04,66.7,-0.035,0.035,2.2,seasonal_naive
2015-09-07,HUANCAVELICA,1.2995080062688258,2.252648740817822,1.8569395719061252,2.5990160125376525,1.270599595949328,0.953,0.953,73.3,0.557,0.557,42.9,1.3,1.3,100.0,-0.029,0.029,2.2,seasonal_naive
2015-09-14,HUANCAVELICA,1.0396064050150604,2.1285177268743145,1.9725759030908745,2.5990160125376525,2.032959353518925,1.089,1.089,104.8,0.933,0.933,89.7,1.559,1.559,150.0,0.993,0.993,95.5,holt_winters
2015-09-21,HUANCAVELICA,1.0396064050150604,2.0692126930353365,1.9011543064943495,2.5990160125376525,1.5247195151391937,1.03,1.03,99.1,0.862,0.862,82.9,1.559,1.559,150.0,0.485,0.485,46.7,seasonal_naive
2015-09-28,HUANCAVELICA,0.5198032025075298,1.3335969103066527,0.6525010867931682,1.0396064050150602,2.0329593535189256,0.814,0.814,156.6,0.133,0.133,25.6,0.52,0.52,100.0,1.513,1.513,291.1,holt_winters
2015-10-05,HUANCAVELICA,0.25990160125376444,1.6252172998739973,0.6410377112128403,1.0396064050150602,2.032959353518925,1.365,1.365,525.2,0.381,0.381,146.6,0.78,0.78,300.1,1.773,1.773,682.2,holt_winters
2015-10-12,HUANCAVELICA,0.25990160125376444,1.8123940216049164,1.0179006376896553,1.0396064050150602,2.2870792727087905,1.552,1.552,597.1,0.758,0.758,291.6,0.78,0.78,300.1,2.027,2.027,779.9,holt_winters
2015-10-19,HUANCAVELICA,0.5198032025075298,1.899224934424255,1.313818773258526,1.0396064050150602,2.2870792727087905,1.379,1.379,265.3,0.794,0.794,152.8,0.52,0.52,100.0,1.767,1.767,339.9,naive
2015-10-26,HUANCAVELICA,0.779704803761296,0.9497820271440085,0.46178204410291396,0.5198032025075299,1.270599595949328,0.17,0.17,21.8,-0.318,0.318,40.8,-0.26,0.26,33.3,0.491,0.491,63.0,arima
2015-11-02,HUANCAVELICA,1.299508006268826,1.336518933339796,0.4815398501684078,0.5198032025075299,1.5247195151391941,0.037,0.037,2.8,-0.818,0.818,62.9,-0.78,0.78,60.0,0.225,0.225,17.3,arima
2015-11-09,HUANCAVELICA,1.0396064050150606,1.5913592888916441,0.48304252670552383,0.5198032025075299,1.5247195151391941,0.552,0.552,53.1,-0.557,0.557,53.6,-0.52,0.52,50.0,0.485,0.485,46.7,seasonal_naive
2015-11-16,HUANCAVELICA,1.5594096075225912,1.72350189355031,0.6925863099384617,0.5198032025075299,2.795319111088522,0.164,0.164,10.5,-0.867,0.867,55.6,-1.04,1.04,66.7,1.236,1.236,79.3,arima
2015-11-23,HUANCAVELICA,1.0396064050150604,1.777531935514086,1.1587981167659978,1.5594096075225914,2.541199191898656,0.738,0.738,71.0,0.119,0.119,11.4,0.52,0.52,50.0,1.502,1.502,144.5,holt_winters
2015-11-30,HUANCAVELICA,1.5594096075225912,1.8347114635331367,1.0911052111623971,1.5594096075225914,2.541199191898656,0.275,0.275,17.6,-0.468,0.468,30.0,0.0,0.0,0.0,0.982,0.982,63.0,naive
2015-12-07,HUANCAVELICA,2.5990160125376525,1.832168593812173,0.8688379089877232,1.5594096075225914,1.0164796767594617,-0.767,0.767,29.5,-1.73,1.73,66.6,-1.04,1.04,40.0,-1.583,1.583,60.9,arima
2015-12-14,HUANCAVELICA,2.5990160125376525,1.8162387916767937,1.2067111028275277,1.5594096075225914,2.2870792727087905,-0.783,0.783,30.1,-1.392,1.392,53.6,-1.04,1.04,40.0,-0.312,0.312,12.0,seasonal_naive
2015-12-21,HUANCAVELICA,2.5990160125376525,2.306077394884878,2.659575401582851,2.5990160125376525,2.541199191898656,-0.293,0.293,11.3,0.061,0.061,2.3,0.0,0.0,0.0,-0.058,0.058,2.2,naive
2015-12-28,HUANCAVELICA,0.7797048037612951,2.0610071126532223,2.9779543710423337,2.5990160125376525,2.795319111088522,1.281,1.281,164.3,2.198,2.198,281.9,1.819,1.819,233.3,2.016,2.016,258.6,arima
2016-01-04,HUANCAVELICA,1.0517096082563742,1.9125150931743065,3.49679924580974,2.5990160125376525,1.7904027984568587,0.861,0.861,81.9,2.445,2.445,232.5,1.547,1.547,147.1,0.739,0.739,70.3,seasonal_naive
2016-01-11,HUANCAVELICA,1.063812811497688,1.8353883659540995,3.353889886791033,2.5990160125376525,1.0280430408872614,0.772,0.772,72.6,2.29,2.29,215.3,1.535,1.535,144.3,-0.036,0.036,3.4,seasonal_naive
2016-01-18,HUANCAVELICA,1.063812811497688,1.2807645640502203,0.8399746970603172,1.0638128114976881,0.5198032025075299,0.217,0.217,20.4,-0.224,0.224,21.1,0.0,0.0,0.0,-0.544,0.544,51.1,naive
2016-01-25,HUANCAVELICA,1.5957192172465324,1.4903846683561,0.6782830429432727,1.0638128114976881,0.7797048037612953,-0.105,0.105,6.6,-0.917,0.917,57.5,-0.532,0.532,33.3,-0.816,0.816,51.1,arima
2016-02-01,HUANCAVELICA,1.8616724201209547,1.6332342581689239,0.9547605944298059,1.0638128114976881,1.5594096075225914,-0.228,0.228,12.2,-0.907,0.907,48.7,-0.798,0.798,42.9,-0.302,0.302,16.2,arima
2016-02-08,HUANCAVELICA,2.1276256229953767,1.7128881376096379,0.9618671964793155,1.0638128114976881,2.0792128100301217,-0.415,0.415,19.5,-1.166,1.166,54.8,-1.064,1.064,50.0,-0.048,0.048,2.3,seasonal_naive
2016-02-15,HUANCAVELICA,1.8616724201209547,2.0640197688014124,2.030226447846212,2.1276256229953767,2.858917613791418,0.202,0.202,10.9,0.169,0.169,9.1,0.266,0.266,14.3,0.997,0.997,53.6,holt_winters
2016-02-22,HUANCAVELICA,1.3297660143721104,1.9475147424971553,1.7277714556917343,2.1276256229953767,3.378720816298948,0.618,0.618,46.5,0.398,0.398,29.9,0.798,0.798,60.0,2.049,2.049,154.1,holt_winters
2016-02-29,HUANCAVELICA,4.255251245990755,1.8607094469955214,1.5350339028932214,2.1276256229953767,3.8985240188064783,-2.395,2.395,56.3,-2.72,2.72,63.9,-2.128,2.128,50.0,-0.357,0.357,8.4,seasonal_naive
2016-03-07,HUANCAVELICA,3.989298043116333,1.8102840570501333,1.9529102200350472,2.1276256229953767,3.8985240188064783,-2.179,2.179,54.6,-2.036,2.036,51.0,-1.862,1.862,46.7,-0.091,0.091,2.3,seasonal_naive
2016-03-14,HUANCAVELICA,5.0531108546140215,3.054732527852291,4.198124126691757,3.9892980431163334,4.4183272213140095,-1.998,1.998,39.5,-0.855,0.855,16.9,-1.064,1.064,21.1,-0.635,0.635,12.6,seasonal_naive
2016-03-21,HUANCAVELICA,3.4573916373674884,2.4193872039429993,4.198124126691757,3.9892980431163334,4.158425620060245,-1.038,1.038,30.0,0.741,0.741,21.4,0.532,0.532,15.4,0.701,0.701,20.3,naive
2016-03-28,HUANCAVELICA,3.7233448402419107,2.078396598926306,4.198124126691757,3.9892980431163334,3.1188192150451837,-1.645,1.645,44.2,0.475,0.475,12.8,0.266,0.266,7.1,-0.605,0.605,16.2,naive
2016-04-04,HUANCAVELICA,2.925485231618644,1.9115677139909142,4.173279692361886,3.9892980431163334,2.3391144112838878,-1.014,1.014,34.7,1.248,1.248,42.7,1.064,1.064,36.4,-0.586,0.586,20.0,seasonal_naive
2016-04-11,HUANCAVELICA,2.3935788258697994,2.4084603451648205,3.694261646177436,2.925485231618644,2.599016012537653,0.015,0.015,0.6,1.301,1.301,54.4,0.532,0.532,22.2,0.205,0.205,8.6,arima
2016-04-18,HUANCAVELICA,2.127625622995377,2.122196425388108,3.9892383701449097,2.925485231618644,2.3391144112838878,-0.005,0.005,0.2,1.862,1.862,87.5,0.798,0.798,37.5,0.211,0.211,9.9,arima
2016-04-25,HUANCAVELICA,2.6595320287442212,1.9716617135683068,3.3137011082000205,2.925485231618644,1.819311208776356,-0.688,0.688,25.9,0.654,0.654,24.6,0.266,0.266,10.0,-0.84,0.84,31.6,naive
2016-05-02,HUANCAVELICA,1.8616724201209547,1.894641185690856,2.694739447518822,2.925485231618644,1.5594096075225914,0.033,0.033,1.8,0.833,0.833,44.7,1.064,1.064,57.2,-0.302,0.302,16.2,arima
2016-05-09,HUANCAVELICA,1.3297660143721104,1.7145183114667666,2.0459779927379547,1.8616724201209545,2.0792128100301217,0.385,0.385,29.0,0.716,0.716,53.8,0.532,0.532,40.0,0.749,0.749,56.3,arima
2016-05-16,HUANCAVELICA,2.1276256229953767,1.718981115457436,2.285041618945546,1.8616724201209545,2.0792128100301217,-0.409,0.409,19.2,0.157,0.157,7.4,-0.266,0.266,12.5,-0.048,0.048,2.3,seasonal_naive
2016-05-23,HUANCAVELICA,2.6595320287442212,1.7508441816534468,2.0020713177951905,1.8616724201209545,1.2995080062688258,-0.909,0.909,34.2,-0.657,0.657,24.7,-0.798,0.798,30.0,-1.36,1.36,51.1,holt_winters
2016-05-30,HUANCAVELICA,5.319064057488443,1.7780091566758554,1.9064530100596486,1.8616724201209545,1.819311208776356,-3.541,3.541,66.6,-3.413,3.413,64.2,-3.457,3.457,65.0,-3.5,3.5,65.8,holt_winters
2016-06-06,HUANCAVELICA,5.319064057488443,4.327706037229798,4.327706037229798,5.319064057488443,2.3391144112838878,-0.991,0.991,18.6,-0.991,0.991,18.6,0.0,0.0,0.0,-2.98,2.98,56.0,naive
2016-06-13,HUANCAVELICA,4.521204448865177,3.2989106471221286,4.327706037229798,5.319064057488443,2.5990160125376525,-1.222,1.222,27.0,-0.193,0.193,4.3,0.798,0.798,17.7,-1.922,1.922,42.5,holt_winters
2016-06-20,HUANCAVELICA,2.1276256229953767,2.5889220961465997,4.327706037229798,5.319064057488443,1.819311208776356,0.461,0.461,21.7,2.2,2.2,103.4,3.191,3.191,150.0,-0.308,0.308,14.5,seasonal_naive
2016-06-27,HUANCAVELICA,1.0638128114976884,2.216689794281091,4.327706037229798,5.319064057488443,1.5594096075225914,1.153,1.153,108.4,3.264,3.264,306.8,4.255,4.255,400.0,0.496,0.496,46.6,seasonal_naive
2016-07-04,HUANCAVELICA,1.3297660143721106,1.0943146764813054,0.8202252278133428,1.0638128114976886,2.3391144112838878,-0.235,0.235,17.7,-0.51,0.51,38.4,-0.266,0.266,20.0,1.009,1.009,75.9,arima
2016-07-11,HUANCAVELICA,2.127625622995377,1.337053476612279,0.7477752962395883,1.0638128114976886,3.1188192150451837,-0.791,0.791,37.2,-1.38,1.38,64.9,-1.064,1.064,50.0,0.991,0.991,46.6,arima
2016-07-18,HUANCAVELICA,2.127625622995377,1.568470378951031,0.8165153395841966,1.0638128114976886,3.1188192150451837,-0.559,0.559,26.3,-1.311,1.311,61.6,-1.064,1.064,50.0,0.991,0.991,46.6,arima
2016-07-25,HUANCAVELICA,3.1914384344930666,1.7238939808872202,0.9362690070197628,1.0638128114976886,3.378720816298948,-1.468,1.468,46.0,-2.255,2.255,70.7,-2.128,2.128,66.7,0.187,0.187,5.9,seasonal_naive
2016-08-01,HUANCAVELICA,3.989298043116333,2.950615510393449,3.21608214861193,3.191438434493067,2.339114411283887,-1.039,1.039,26.0,-0.773,0.773,19.4,-0.798,0.798,20.0,-1.65,1.65,41.4,holt_winters
2016-08-08,HUANCAVELICA,5.0531108546140215,2.4996488063508697,3.625462114341091,3.191438434493067,2.858917613791417,-2.553,2.553,50.5,-1.428,1.428,28.3,-1.862,1.862,36.8,-2.194,2.194,43.4,holt_winters
2016-08-15,HUANCAVELICA,4.521204448865176,2.1849423964611008,3.4989546239079514,3.191438434493067,2.339114411283887,-2.336,2.336,51.7,-1.022,1.022,22.6,-1.33,1.33,29.4,-2.182,2.182,48.3,holt_winters
2016-08-22,HUANCAVELICA,3.1914384344930657,2.0124840403546824,3.4738813367107886,3.191438434493067,2.5990160125376525,-1.179,1.179,36.9,0.282,0.282,8.8,0.0,0.0,0.0,-0.592,0.592,18.5,naive
2016-08-29,HUANCAVELICA,1.5957192172465327,2.5009620316368437,2.2189090787217594,3.1914384344930653,1.5594096075225914,0.905,0.905,56.7,0.623,0.623,39.0,1.596,1.596,100.0,-0.036,0.036,2.3,seasonal_naive
2016-09-05,HUANCAVELICA,1.0638128114976884,2.177864389586528,2.4037687142315503,3.1914384344930653,1.2995080062688258,1.114,1.114,104.7,1.34,1.34,126.0,2.128,2.128,200.0,0.236,0.236,22.2,seasonal_naive
2016-09-12,HUANCAVELICA,1.3297660143721106,2.040331454081832,2.306233557465214,3.1914384344930653,1.0396064050150602,0.711,0.711,53.5,0.976,0.976,73.4,1.862,1.862,140.0,-0.29,0.29,21.8,seasonal_naive
2016-09-19,HUANCAVELICA,1.3297660143721106,1.9902259477749982,2.1715135050461245,3.1914384344930653,1.0396064050150602,0.66,0.66,49.6,0.842,0.842,63.3,1.862,1.862,140.0,-0.29,0.29,21.8,seasonal_naive
2016-09-26,HUANCAVELICA,1.8616724201209551,1.5087789914804133,0.659540042763358,1.3297660143721104,0.5198032025075299,-0.353,0.353,19.0,-1.202,1.202,64.6,-0.532,0.532,28.6,-1.342,1.342,72.1,arima
2016-10-03,HUANCAVELICA,1.8616724201209551,1.6864502920086921,0.5456396646155945,1.3297660143721104,0.25990160125376444,-0.175,0.175,9.4,-1.316,1.316,70.7,-0.532,0.532,28.6,-1.602,1.602,86.1,arima
2016-10-10,HUANCAVELICA,2.1276256229953776,1.8071987468189454,0.8849247117229271,1.3297660143721104,0.25990160125376444,-0.32,0.32,15.0,-1.243,1.243,58.4,-0.798,0.798,37.5,-1.868,1.868,87.8,arima
2016-10-17,HUANCAVELICA,3.1914384344930657,1.871992584515925,1.2302099732824314,1.3297660143721104,0.5198032025075299,-1.319,1.319,41.3,-1.961,1.961,61.4,-1.862,1.862,58.3,-2.672,2.672,83.7,arima
2016-10-24,HUANCAVELICA,3.7233448402419107,3.0126632195932324,3.036347045013726,3.1914384344930653,0.7797048037612961,-0.711,0.711,19.1,-0.687,0.687,18.5,-0.532,0.532,14.3,-2.944,2.944,79.1,naive
2016-10-31,HUANCAVELICA,4.255251245990755,2.5719736183417465,3.460404837940888,3.1914384344930653,1.2995080062688258,-1.683,1.683,39.6,-0.795,0.795,18.7,-1.064,1.064,25.0,-2.956,2.956,69.5,holt_winters
2016-11-07,HUANCAVELICA,3.1914384344930657,2.2444924456785817,3.323824644972057,3.1914384344930653,1.0396064050150606,-0.947,0.947,29.7,0.132,0.132,4.1,-0.0,0.0,0.0,-2.152,2.152,67.4,naive
2016-11-14,HUANCAVELICA,3.457391637367488,2.059778380947716,4.260235177328113,3.1914384344930653,1.5594096075225914,-1.398,1.398,40.4,0.803,0.803,23.2,-0.266,0.266,7.7,-1.898,1.898,54.9,naive
2016-11-21,HUANCAVELICA,4.255251245990754,3.0238870360212315,3.1251859554231496,3.457391637367488,1.0396064050150602,-1.231,1.231,28.9,-1.13,1.13,26.6,-0.798,0.798,18.8,-3.216,3.216,75.6,naive
2016-11-28,HUANCAVELICA,4.787157651739599,2.6072010693998067,2.952262965189118,3.457391637367488,1.5594096075225914,-2.18,2.18,45.5,-1.835,1.835,38.3,-1.33,1.33,27.8,-3.228,3.228,67.4,naive
2016-12-05,HUANCAVELICA,3.989298043116333,2.345072666389593,2.7005862444732687,3.457391637367488,2.5990160125376525,-1.644,1.644,41.2,-1.289,1.289,32.3,-0.532,0.532,13.3,-1.39,1.39,34.8,naive
2016-12-12,HUANCAVELICA,2.925485231618644,2.205749100813655,3.181109379750491,3.457391637367488,2.5990160125376525,-0.72,0.72,24.6,0.256,0.256,8.8,0.532,0.532,18.2,-0.326,0.326,11.1,holt_winters
2016-12-19,HUANCAVELICA,2.127625622995377,2.460214174263408,3.0884438866344546,2.925485231618644,2.5990160125376525,0.333,0.333,15.7,0.961,0.961,45.2,0.798,0.798,37.5,0.471,0.471,22.1,arima
2016-12-26,HUANCAVELICA,2.6595320287442217,2.2667358573645155,2.8294359942308183,2.925485231618644,0.7797048037612953,-0.393,0.393,14.8,0.17,0.17,6.4,0.266,0.266,10.0,-1.88,1.88,70.7,holt_winters
2017-01-02,HUANCAVELICA,2.4062576095821426,2.195392256645849,3.4198786603131683,2.925485231618644,1.0517096082563744,-0.211,0.211,8.8,1.014,1.014,42.1,0.519,0.519,21.6,-1.355,1.355,56.3,arima
2017-01-09,HUANCAVELICA,2.4189363932944854,2.175602239497544,3.183744763907617,2.925485231618644,1.0638128114976881,-0.243,0.243,10.0,0.765,0.765,31.6,0.507,0.507,21.0,-1.355,1.355,56.0,arima
2017-01-16,HUANCAVELICA,2.178340757844749,2.3523159520516432,2.1842939538188535,2.418936393294486,1.0638128114976881,0.174,0.174,8.0,0.006,0.006,0.3,0.241,0.241,11.1,-1.115,1.115,51.2,holt_winters
2017-01-23,HUANCAVELICA,2.178340757844749,2.2887870129710177,1.9971611040222346,2.418936393294486,1.5957192172465322,0.11,0.11,5.0,-0.181,0.181,8.3,0.241,0.241,11.1,-0.583,0.583,26.8,arima
2017-01-30,HUANCAVELICA,2.7229259473059364,2.2467549173089356,2.565804542728818,2.418936393294486,1.8616724201209545,-0.476,0.476,17.5,-0.157,0.157,5.8,-0.304,0.304,11.2,-0.861,0.861,31.6,holt_winters
2017-02-06,HUANCAVELICA,2.178340757844749,2.223485159353785,2.600974009045799,2.418936393294486,2.1276256229953767,0.045,0.045,2.1,0.423,0.423,19.4,0.241,0.241,11.1,-0.051,0.051,2.3,arima
2017-02-13,HUANCAVELICA,2.178340757844749,2.2838177699738584,2.090728056740095,2.1783407578447487,1.8616724201209545,0.105,0.105,4.8,-0.088,0.088,4.0,-0.0,0.0,0.0,-0.317,0.317,14.6,naive
2017-02-20,HUANCAVELICA,1.3614629736529682,2.066807381539137,1.7332159748324956,2.1783407578447487,1.3297660143721104,0.705,0.705,51.8,0.372,0.372,27.3,0.817,0.817,60.0,-0.032,0.032,2.4,seasonal_naive
2017-02-27,HUANCAVELICA,1.6337555683835616,2.1638125580363803,1.984198280921119,2.1783407578447487,4.255251245990755,0.53,0.53,32.4,0.35,0.35,21.4,0.545,0.545,33.4,2.621,2.621,160.4,holt_winters
2017-03-06,HUANCAVELICA,1.0891703789223743,2.1908682898389378,2.380972707278344,2.1783407578447487,3.9892980431163334,1.102,1.102,101.2,1.292,1.292,118.6,1.089,1.089,100.0,2.9,2.9,266.3,naive
2017-03-13,HUANCAVELICA,1.0891703789223743,1.1281831483531408,1.5189013521948636,1.0891703789223746,5.0531108546140215,0.039,0.039,3.6,0.43,0.43,39.5,0.0,0.0,0.0,3.964,3.964,363.9,naive
2017-03-20,HUANCAVELICA,0.5445851894611868,0.9216729034388387,1.477148739000648,1.0891703789223746,3.457391637367488,0.377,0.377,69.2,0.933,0.933,171.3,0.545,0.545,100.1,2.913,2.913,534.9,arima
2017-03-27,HUANCAVELICA,0.8168777841917811,1.0436919086953376,1.2706549605530468,1.0891703789223746,3.7233448402419107,0.227,0.227,27.8,0.454,0.454,55.6,0.272,0.272,33.3,2.906,2.906,355.7,arima
2017-04-03,HUANCAVELICA,1.0891703789223743,1.0450682141116143,1.1004814469426565,1.0891703789223746,2.925485231618644,-0.044,0.044,4.0,0.011,0.011,1.0,0.0,0.0,0.0,1.836,1.836,168.6,naive
2017-04-10,HUANCAVELICA,1.0891703789223743,1.3031516856438574,1.3356342902300442,1.0891703789223746,2.3935788258697994,0.214,0.214,19.6,0.246,0.246,22.6,0.0,0.0,0.0,1.304,1.304,119.7,naive
2017-04-17,HUANCAVELICA,0.8168777841917806,1.30187654382777,1.4351351565400123,1.0891703789223746,2.127625622995377,0.485,0.485,59.4,0.618,0.618,75.7,0.272,0.272,33.3,1.311,1.311,160.5,naive
2017-04-24,HUANCAVELICA,0.27229259473059314,1.2097389648379258,1.3059933743059422,1.0891703789223746,2.659532028744221,0.937,0.937,344.1,1.034,1.034,379.7,0.817,0.817,300.0,2.387,2.387,876.6,naive
2017-05-01,HUANCAVELICA,0.5445851894611868,1.272192076126284,0.9074917513186169,1.0891703789223746,1.8616724201209545,0.728,0.728,133.7,0.363,0.363,66.7,0.545,0.545,100.1,1.317,1.317,241.8,holt_winters
2017-05-08,HUANCAVELICA,1.0891703789223743,0.5541241668247581,0.6031535491907896,0.5445851894611868,1.3297660143721104,-0.535,0.535,49.1,-0.486,0.486,44.6,-0.545,0.545,50.0,0.241,0.241,22.1,seasonal_naive
2017-05-15,HUANCAVELICA,1.6337555683835623,0.7319420948711799,0.8403389118870206,0.5445851894611868,2.1276256229953767,-0.902,0.902,55.2,-0.793,0.793,48.5,-1.089,1.089,66.7,0.494,0.494,30.2,seasonal_naive
2017-05-22,HUANCAVELICA,1.3614629736529682,0.6058686494319805,0.7823311914625397,0.5445851894611868,2.659532028744221,-0.756,0.756,55.5,-0.579,0.579,42.5,-0.817,0.817,60.0,1.298,1.298,95.3,holt_winters
2017-05-29,HUANCAVELICA,1.0891703789223743,0.6157203116455203,0.9319083574249363,0.5445851894611868,5.319064057488443,-0.473,0.473,43.4,-0.157,0.157,14.4,-0.545,0.545,50.0,4.23,4.23,388.4,holt_winters
2017-06-05,HUANCAVELICA,0.8168777841917811,1.0791059676257277,1.0164997444763655,1.0891703789223746,5.319064057488443,0.262,0.262,32.1,0.2,0.2,24.5,0.272,0.272,33.3,4.502,4.502,551.1,holt_winters
2017-06-12,HUANCAVELICA,0.8168777841917811,1.139468604500324,1.1133015878603798,1.0891703789223746,4.521204448865177,0.323,0.323,39.5,0.296,0.296,36.2,0.272,0.272,33.3,3.704,3.704,453.4,naive
2017-06-19,HUANCAVELICA,0.8168777841917811,1.103993330857218,0.8291625572107588,1.0891703789223746,2.1276256229953767,0.287,0.287,35.1,0.012,0.012,1.5,0.272,0.272,33.3,1.311,1.311,160.5,holt_winters
2017-06-26,HUANCAVELICA,1.3614629736529682,1.1019582358433868,0.6637949804399939,1.0891703789223746,1.0638128114976886,-0.26,0.26,19.1,-0.698,0.698,51.3,-0.272,0.272,20.0,-0.298,0.298,21.9,arima
2017-07-03,HUANCAVELICA,2.178340757844749,1.507309341005179,1.2165444652626705,1.361462973652968,1.3297660143721104,-0.671,0.671,30.8,-0.962,0.962,44.2,-0.817,0.817,37.5,-0.849,0.849,39.0,arima
2017-07-10,HUANCAVELICA,2.4506333525753425,1.5822890353403065,1.3352485476633835,1.361462973652968,2.127625622995377,-0.868,0.868,35.4,-1.115,1.115,45.5,-1.089,1.089,44.4,-0.323,0.323,13.2,seasonal_naive
2017-07-17,HUANCAVELICA,2.178340757844749,1.4695379031601874,1.3555347828917639,1.361462973652968,2.127625622995377,-0.709,0.709,32.5,-0.823,0.823,37.8,-0.817,0.817,37.5,-0.051,0.051,2.3,seasonal_naive
2017-07-24,HUANCAVELICA,2.4506333525753425,1.5132480515290156,1.7646938563831354,1.361462973652968,3.191438434493067,-0.937,0.937,38.2,-0.686,0.686,28.0,-1.089,1.089,44.4,0.741,0.741,30.2,holt_winters
2017-07-31,HUANCAVELICA,1.9060481631141553,2.577686154761231,2.685096491127531,2.450633352575343,3.9892980431163334,0.672,0.672,35.3,0.779,0.779,40.9,0.545,0.545,28.6,2.083,2.083,109.3,naive
2017-08-07,HUANCAVELICA,1.6337555683835614,2.850541715878205,3.1189027164042065,2.450633352575343,5.0531108546140215,1.217,1.217,74.5,1.485,1.485,90.9,0.817,0.817,50.0,3.419,3.419,209.3,naive
2017-08-14,HUANCAVELICA,0.8168777841917806,2.6099921393802017,3.0323833814433314,2.450633352575343,4.521204448865176,1.793,1.793,219.5,2.216,2.216,271.3,1.634,1.634,200.0,3.704,3.704,453.4,naive
2017-08-21,HUANCAVELICA,1.3614629736529682,2.6570569659315466,2.7623309829445857,2.450633352575343,3.1914384344930653,1.296,1.296,95.2,1.401,1.401,102.9,1.089,1.089,80.0,1.83,1.83,134.4,naive
2017-08-28,HUANCAVELICA,1.0891703789223743,1.4535648095187241,0.7035804804494437,1.361462973652968,1.5957192172465327,0.364,0.364,33.4,-0.386,0.386,35.4,0.272,0.272,25.0,0.507,0.507,46.5,naive
2017-09-04,HUANCAVELICA,2.178340757844749,1.6993205117865324,0.6985157666173742,1.361462973652968,1.0638128114976886,-0.479,0.479,22.0,-1.48,1.48,67.9,-0.817,0.817,37.5,-1.115,1.115,51.2,arima
2017-09-11,HUANCAVELICA,2.178340757844749,1.4868502030967723,0.8075825212943561,1.361462973652968,1.3297660143721104,-0.691,0.691,31.7,-1.371,1.371,62.9,-0.817,0.817,37.5,-0.849,0.849,39.0,arima
2017-09-18,HUANCAVELICA,2.178340757844749,1.529651374482314,0.7406239463879167,1.361462973652968,1.3297660143721104,-0.649,0.649,29.8,-1.438,1.438,66.0,-0.817,0.817,37.5,-0.849,0.849,39.0,arima
2017-09-25,HUANCAVELICA,0.8168777841917806,1.8285142136538326,1.509776922525739,2.1783407578447487,1.8616724201209558,1.012,1.012,123.9,0.693,0.693,84.8,1.361,1.361,166.6,1.045,1.045,127.9,holt_winters
2017-10-02,HUANCAVELICA,0.5445851894611868,1.658564031299591,1.3172669534801793,2.1783407578447487,1.8616724201209558,1.114,1.114,204.6,0.773,0.773,141.9,1.634,1.634,300.0,1.317,1.317,241.8,holt_winters
2017-10-09,HUANCAVELICA,0.8168777841917811,1.9123735046937869,1.724731638880864,2.1783407578447487,2.127625622995377,1.095,1.095,134.0,0.908,0.908,111.2,1.361,1.361,166.6,1.311,1.311,160.5,holt_winters
2017-10-16,HUANCAVELICA,0.8168777841917811,1.803456070921063,2.3896645517925155,2.1783407578447487,3.1914384344930653,0.987,0.987,120.8,1.573,1.573,192.6,1.361,1.361,166.6,2.375,2.375,290.7,arima
2017-10-23,HUANCAVELICA,1.0891703789223743,0.775477945918688,0.8146105999204096,0.8168777841917811,3.7233448402419107,-0.314,0.314,28.8,-0.275,0.275,25.2,-0.272,0.272,25.0,2.634,2.634,241.8,naive
2017-10-30,HUANCAVELICA,1.0891703789223743,0.6258884331126247,0.9509844506782259,0.8168777841917811,4.255251245990755,-0.463,0.463,42.5,-0.138,0.138,12.7,-0.272,0.272,25.0,3.166,3.166,290.7,holt_winters
2017-11-06,HUANCAVELICA,1.0891703789223743,0.749403347289554,0.8040657596712548,0.8168777841917811,3.1914384344930653,-0.34,0.34,31.2,-0.285,0.285,26.2,-0.272,0.272,25.0,2.102,2.102,193.0,naive
2017-11-13,HUANCAVELICA,1.3614629736529682,0.7218454642902579,1.2195223860369007,0.8168777841917811,3.457391637367488,-0.64,0.64,47.0,-0.142,0.142,10.4,-0.545,0.545,40.0,2.096,2.096,154.0,holt_winters
2017-11-20,HUANCAVELICA,1.6337555683835616,1.3403963624007988,1.2354998893898927,1.361462973652968,4.255251245990755,-0.293,0.293,17.9,-0.398,0.398,24.4,-0.272,0.272,16.6,2.621,2.621,160.4,naive
2017-11-27,HUANCAVELICA,1.633755568383562,1.6559334749373034,1.3389856794051935,1.361462973652968,4.787157651739598,0.022,0.022,1.3,-0.295,0.295,18.1,-0.272,0.272,16.6,3.153,3.153,193.0,arima
2017-12-04,HUANCAVELICA,1.3614629736529682,1.431455332487047,0.9857260430763666,1.361462973652968,3.9892980431163334,0.07,0.07,5.1,-0.376,0.376,27.6,-0.0,0.0,0.0,2.628,2.628,193.0,naive
2017-12-11,HUANCAVELICA,2.1783407578447487,1.4577843405378643,1.1526354272203951,1.361462973652968,2.925485231618644,-0.721,0.721,33.1,-1.026,1.026,47.1,-0.817,0.817,37.5,0.747,0.747,34.3,arima
2017-12-18,HUANCAVELICA,2.178340757844749,2.726399612214089,2.140095889770936,2.1783407578447487,2.127625622995377,0.548,0.548,25.2,-0.038,0.038,1.7,-0.0,0.0,0.0,-0.051,0.051,2.3,naive
2017-12-25,HUANCAVELICA,2.7229259473059364,2.9748162029295804,2.003045762055809,2.1783407578447487,2.6595320287442217,0.252,0.252,9.3,-0.72,0.72,26.4,-0.545,0.545,20.0,-0.063,0.063,2.3,seasonal_naive
2018-01-01,HUANCAVELICA,2.1857067300065136,2.5368588114083934,2.208709212296756,2.1783407578447487,2.4062576095821426,0.351,0.351,16.1,0.023,0.023,1.1,-0.007,0.007,0.3,0.221,0.221,10.1,naive
2018-01-08,HUANCAVELICA,3.5619016479830115,2.748546697729968,1.9363632801322752,2.1783407578447487,2.418936393294486,-0.813,0.813,22.8,-1.626,1.626,45.6,-1.384,1.384,38.9,-1.143,1.143,32.1,arima
2018-01-15,HUANCAVELICA,2.472731269060636,3.5557395417259805,2.8537839928978226,3.561901647983013,2.1783407578447487,1.083,1.083,43.8,0.381,0.381,15.4,1.089,1.089,44.0,-0.294,0.294,11.9,seasonal_naive
2018-01-22,HUANCAVELICA,2.7474791878451517,3.734456236618855,2.76541481171878,3.561901647983013,2.1783407578447487,0.987,0.987,35.9,0.018,0.018,0.7,0.814,0.814,29.6,-0.569,0.569,20.7,holt_winters
2018-01-29,HUANCAVELICA,1.648487512707091,3.6036091180070713,3.5935945695212066,3.561901647983013,2.7229259473059364,1.955,1.955,118.6,1.945,1.945,118.0,1.913,1.913,116.0,1.074,1.074,65.2,seasonal_naive
2018-02-05,HUANCAVELICA,2.4727312690606364,3.6211417133030555,3.680619908431976,3.561901647983013,2.1783407578447487,1.148,1.148,46.4,1.208,1.208,48.9,1.089,1.089,44.0,-0.294,0.294,11.9,seasonal_naive
2018-02-12,HUANCAVELICA,1.923235431491606,2.246142024001239,2.4890359510607287,2.4727312690606364,2.1783407578447487,0.323,0.323,16.8,0.566,0.566,29.4,0.549,0.549,28.5,0.255,0.255,13.3,seasonal_naive
2018-02-19,HUANCAVELICA,1.6484875127070906,2.666786954399262,1.9945447823491644,2.4727312690606364,1.361462973652968,1.018,1.018,61.8,0.346,0.346,21.0,0.824,0.824,50.0,-0.287,0.287,17.4,seasonal_naive
2018-02-26,HUANCAVELICA,1.3737395939225756,2.445924641970828,2.3558962157764403,2.4727312690606364,1.6337555683835618,1.072,1.072,78.0,0.982,0.982,71.5,1.099,1.099,80.0,0.26,0.26,18.9,seasonal_naive
2018-03-05,HUANCAVELICA,1.648487512707091,2.4217332110218392,2.575502895079404,2.4727312690606364,1.0891703789223746,0.773,0.773,46.9,0.927,0.927,56.2,0.824,0.824,50.0,-0.559,0.559,33.9,seasonal_naive
2018-03-12,HUANCAVELICA,2.1979833502761212,1.9539209833447773,2.198243050102287,1.6484875127070908,1.0891703789223746,-0.244,0.244,11.1,0.0,0.0,0.0,-0.549,0.549,25.0,-1.109,1.109,50.5,holt_winters
2018-03-19,HUANCAVELICA,3.5717229441986973,1.910946471159506,1.8048414352512512,1.6484875127070908,0.5445851894611868,-1.661,1.661,46.5,-1.767,1.767,49.5,-1.923,1.923,53.8,-3.027,3.027,84.7,arima
2018-03-26,HUANCAVELICA,4.121218781767728,1.8053624647231477,1.6539238128743983,1.6484875127070908,0.8168777841917811,-2.316,2.316,56.2,-2.467,2.467,59.9,-2.473,2.473,60.0,-3.304,3.304,80.2,arima
2018-04-02,HUANCAVELICA,3.296975025414182,1.9023885279874673,1.3885875835197408,1.6484875127070908,1.0891703789223746,-1.395,1.395,42.3,-1.908,1.908,57.9,-1.648,1.648,50.0,-2.208,2.208,67.0,arima
2018-04-09,HUANCAVELICA,1.648487512707091,2.6867541715399135,3.6216635495860636,3.2969750254141825,1.0891703789223746,1.038,1.038,63.0,1.973,1.973,119.7,1.648,1.648,100.0,-0.559,0.559,33.9,seasonal_naive
2018-04-16,HUANCAVELICA,1.3737395939225756,2.513106576381136,3.490312587507372,3.2969750254141825,0.8168777841917805,1.139,1.139,82.9,2.117,2.117,154.1,1.923,1.923,140.0,-0.557,0.557,40.5,seasonal_naive
2018-04-23,HUANCAVELICA,2.1979833502761212,2.777270624939737,3.119987907712341,3.2969750254141825,0.27229259473059314,0.579,0.579,26.3,0.922,0.922,41.9,1.099,1.099,50.0,-1.926,1.926,87.6,arima
2018-04-30,HUANCAVELICA,3.0222271066296664,3.026951845677215,2.7438906708550364,3.2969750254141825,0.5445851894611868,0.005,0.005,0.2,-0.278,0.278,9.2,0.275,0.275,9.1,-2.478,2.478,82.0,arima
2018-05-07,HUANCAVELICA,2.7474791878451517,3.229143316014005,3.3823273552786297,3.022227106629666,1.0891703789223746,0.482,0.482,17.5,0.635,0.635,23.1,0.275,0.275,10.0,-1.658,1.658,60.3,naive
2018-05-14,HUANCAVELICA,3.0222271066296673,2.7261885382574933,4.1082422411207915,3.022227106629666,1.6337555683835623,-0.296,0.296,9.8,1.086,1.086,35.9,-0.0,0.0,0.0,-1.388,1.388,45.9,naive
2018-05-21,HUANCAVELICA,3.0222271066296673,2.3709799568340855,3.8829314904198293,3.022227106629666,1.361462973652968,-0.651,0.651,21.5,0.861,0.861,28.5,-0.0,0.0,0.0,-1.661,1.661,55.0,naive
2018-05-28,HUANCAVELICA,4.121218781767728,2.2950502781368223,4.120841429992355,3.022227106629666,1.0891703789223746,-1.826,1.826,44.3,-0.0,0.0,0.0,-1.099,1.099,26.7,-3.032,3.032,73.6,holt_winters
2018-06-04,HUANCAVELICA,4.670714619336757,4.021439625080624,3.9179982493287158,4.121218781767728,0.8168777841917811,-0.649,0.649,13.9,-0.753,0.753,16.1,-0.549,0.549,11.8,-3.854,3.854,82.5,naive
2018-06-11,HUANCAVELICA,4.945462538121273,4.023056642698623,3.992132267533683,4.121218781767728,0.8168777841917811,-0.922,0.922,18.6,-0.953,0.953,19.3,-0.824,0.824,16.7,-4.129,4.129,83.5,naive
2018-06-18,HUANCAVELICA,4.395966700552243,3.53861123618248,3.252625652693343,4.121218781767728,0.8168777841917811,-0.857,0.857,19.5,-1.143,1.143,26.0,-0.275,0.275,6.3,-3.579,3.579,81.4,naive
2018-06-25,HUANCAVELICA,4.121218781767729,3.566842256016849,3.2050123890283837,4.121218781767728,1.361462973652968,-0.554,0.554,13.4,-0.916,0.916,22.2,-0.0,0.0,0.0,-2.76,2.76,67.0,naive
2018-07-02,HUANCAVELICA,4.3959667005522425,4.012514653398714,4.747717895348032,4.121218781767729,2.1783407578447487,-0.383,0.383,8.7,0.352,0.352,8.0,-0.275,0.275,6.3,-2.218,2.218,50.5,naive
2018-07-09,HUANCAVELICA,4.121218781767728,4.217586952660688,5.0531108546140215,4.121218781767729,2.450633352575343,0.096,0.096,2.3,0.932,0.932,22.6,0.0,0.0,0.0,-1.671,1.671,40.5,naive
2018-07-16,HUANCAVELICA,3.296975025414182,4.336222702313654,5.0531108546140215,4.121218781767729,2.1783407578447487,1.039,1.039,31.5,1.756,1.756,53.3,0.824,0.824,25.0,-1.119,1.119,33.9,naive
2018-07-23,HUANCAVELICA,1.923235431491606,4.387654216050392,5.0531108546140215,4.121218781767729,2.450633352575343,2.464,2.464,128.1,3.13,3.13,162.7,2.198,2.198,114.3,0.527,0.527,27.4,seasonal_naive
2018-07-30,HUANCAVELICA,1.648487512707091,1.7234716295037584,1.9265156654234152,1.9232354314916065,1.9060481631141553,0.075,0.075,4.5,0.278,0.278,16.9,0.275,0.275,16.7,0.258,0.258,15.7,arima
2018-08-06,HUANCAVELICA,1.3737395939225756,1.5779791485464503,2.144638932840358,1.9232354314916065,1.6337555683835614,0.204,0.204,14.8,0.771,0.771,56.1,0.549,0.549,40.0,0.26,0.26,18.9,arima
2018-08-13,HUANCAVELICA,1.648487512707091,1.773233922384724,1.828455351244484,1.9232354314916065,0.8168777841917805,0.125,0.125,7.6,0.18,0.18,10.9,0.275,0.275,16.7,-0.832,0.832,50.5,arima
2018-08-20,HUANCAVELICA,1.9232354314916063,1.6937715529226551,1.7739824436262128,1.9232354314916065,1.361462973652968,-0.229,0.229,11.9,-0.149,0.149,7.7,0.0,0.0,0.0,-0.562,0.562,29.2,naive
2018-08-27,HUANCAVELICA,2.1979833502761212,2.084698967517219,1.2062736019221245,1.9232354314916065,1.0891703789223746,-0.113,0.113,5.1,-0.992,0.992,45.1,-0.275,0.275,12.5,-1.109,1.109,50.5,arima
2018-09-03,HUANCAVELICA,2.4727312690606364,1.952505550607054,1.403596061901165,1.9232354314916065,2.1783407578447487,-0.52,0.52,21.0,-1.069,1.069,43.2,-0.549,0.549,22.2,-0.294,0.294,11.9,seasonal_naive
2018-09-10,HUANCAVELICA,1.923235431491606,1.8263399579956792,1.4581918176353996,1.9232354314916065,2.1783407578447487,-0.097,0.097,5.0,-0.465,0.465,24.2,0.0,0.0,0.0,0.255,0.255,13.3,naive
2018-09-17,HUANCAVELICA,1.3737395939225754,1.7548699039322355,1.3764273065226522,1.9232354314916065,2.1783407578447487,0.381,0.381,27.7,0.003,0.003,0.2,0.549,0.549,40.0,0.805,0.805,58.6,holt_winters
2018-09-24,HUANCAVELICA,0.5494958375690299,1.1744155247096457,1.1169659861028989,1.3737395939225752,0.8168777841917805,0.625,0.625,113.7,0.567,0.567,103.2,0.824,0.824,150.0,0.267,0.267,48.6,seasonal_naive
2018-10-01,HUANCAVELICA,0.8242437563535451,1.1494460029058544,0.9088433302791437,1.3737395939225752,0.5445851894611868,0.325,0.325,39.4,0.085,0.085,10.3,0.549,0.549,66.6,-0.28,0.28,34.0,holt_winters
2018-10-08,HUANCAVELICA,0.8242437563535451,1.246250052069541,1.2332216277454116,1.3737395939225752,0.8168777841917811,0.422,0.422,51.2,0.409,0.409,49.6,0.549,0.549,66.6,-0.007,0.007,0.8,seasonal_naive
2018-10-15,HUANCAVELICA,1.923235431491606,1.1877201686197498,1.5495929646176076,1.3737395939225752,0.8168777841917811,-0.736,0.736,38.3,-0.374,0.374,19.4,-0.549,0.549,28.5,-1.106,1.106,57.5,holt_winters
2018-10-22,HUANCAVELICA,2.1979833502761212,1.8210147909838748,1.950690761866758,1.9232354314916065,1.0891703789223746,-0.377,0.377,17.2,-0.247,0.247,11.2,-0.275,0.275,12.5,-1.109,1.109,50.5,holt_winters
2018-10-29,HUANCAVELICA,2.7474791878451517,2.154380814397825,2.2038536344932997,1.9232354314916065,1.0891703789223746,-0.593,0.593,21.6,-0.544,0.544,19.8,-0.824,0.824,30.0,-1.658,1.658,60.3,holt_winters
2018-11-05,HUANCAVELICA,2.472731269060637,1.9544752762750521,1.9217507323595893,1.9232354314916065,1.0891703789223746,-0.518,0.518,20.9,-0.551,0.551,22.3,-0.549,0.549,22.2,-1.384,1.384,56.0,arima
2018-11-12,HUANCAVELICA,2.4727312690606364,1.9584897221310107,2.6936828605999823,1.9232354314916065,1.361462973652968,-0.514,0.514,20.8,0.221,0.221,8.9,-0.549,0.549,22.2,-1.111,1.111,44.9,holt_winters
2018-11-19,HUANCAVELICA,1.9232354314916063,2.5635980615181344,2.451583194436574,2.4727312690606364,1.6337555683835618,0.64,0.64,33.3,0.528,0.528,27.5,0.549,0.549,28.5,-0.289,0.289,15.0,seasonal_naive
2018-11-26,HUANCAVELICA,2.1979833502761212,2.62379484262785,2.73122192521621,2.4727312690606364,1.6337555683835618,0.426,0.426,19.4,0.533,0.533,24.2,0.275,0.275,12.5,-0.564,0.564,25.7,naive
2018-12-03,HUANCAVELICA,2.1979833502761212,2.543427450004454,2.1151455712755567,2.4727312690606364,1.361462973652968,0.345,0.345,15.7,-0.083,0.083,3.8,0.275,0.275,12.5,-0.837,0.837,38.1,holt_winters
2018-12-10,HUANCAVELICA,3.0222271066296673,2.576077286260539,2.6212820443470837,2.4727312690606364,2.1783407578447487,-0.446,0.446,14.8,-0.401,0.401,13.3,-0.549,0.549,18.2,-0.844,0.844,27.9,holt_winters
2018-12-17,HUANCAVELICA,3.0222271066296673,2.991048780050991,2.8771868329033707,3.0222271066296678,2.1783407578447487,-0.031,0.031,1.0,-0.145,0.145,4.8,0.0,0.0,0.0,-0.844,0.844,27.9,naive
2018-12-24,HUANCAVELICA,2.4727312690606364,3.035207161030378,2.870476727994295,3.0222271066296678,2.7229259473059364,0.562,0.562,22.7,0.398,0.398,16.1,0.549,0.549,22.2,0.25,0.25,10.1,seasonal_naive
2018-12-31,HUANCAVELICA,2.7474791878451525,3.016948016421056,2.6654477173815465,3.0222271066296678,2.185706730006513,0.269,0.269,9.8,-0.082,0.082,3.0,0.275,0.275,10.0,-0.562,0.562,20.5,holt_winters
2019-01-07,HUANCAVELICA,2.202981827754126,3.011526678897966,2.5746380712011674,3.0222271066296678,3.561901647983013,0.809,0.809,36.7,0.372,0.372,16.9,0.819,0.819,37.2,1.359,1.359,61.7,holt_winters
2019-01-14,HUANCAVELICA,2.4852274627556477,2.3807120569596867,1.7223464397475095,2.2029818277541255,2.4727312690606356,-0.105,0.105,4.2,-0.763,0.763,30.7,-0.282,0.282,11.3,-0.012,0.012,0.5,seasonal_naive
2019-01-21,HUANCAVELICA,1.6634829451411042,2.1047443682192335,1.846327995003378,2.2029818277541255,2.7474791878451517,0.441,0.441,26.5,0.183,0.183,11.0,0.539,0.539,32.4,1.084,1.084,65.2,holt_winters
2019-01-28,HUANCAVELICA,1.9407301026646213,2.2289228136956236,2.102999806990395,2.2029818277541255,1.6484875127070908,0.288,0.288,14.8,0.162,0.162,8.3,0.262,0.262,13.5,-0.292,0.292,15.0,holt_winters
2019-02-04,HUANCAVELICA,1.3862357876175866,2.254160876371342,2.510669664674604,2.2029818277541255,2.4727312690606364,0.868,0.868,62.6,1.124,1.124,81.1,0.817,0.817,58.9,1.086,1.086,78.3,naive
2019-02-11,HUANCAVELICA,2.2179772601881393,1.4489010810535632,1.368719658546723,1.3862357876175864,1.9232354314916065,-0.769,0.769,34.7,-0.849,0.849,38.3,-0.832,0.832,37.5,-0.295,0.295,13.3,seasonal_naive
2019-02-18,HUANCAVELICA,1.940730102664622,1.2598926751676642,1.0935750578476342,1.3862357876175864,1.6484875127070904,-0.681,0.681,35.1,-0.847,0.847,43.6,-0.554,0.554,28.5,-0.292,0.292,15.0,seasonal_naive
2019-02-25,HUANCAVELICA,2.4952244177116567,1.3704034169136108,1.3669466736430618,1.3862357876175864,1.3737395939225756,-1.125,1.125,45.1,-1.128,1.128,45.2,-1.109,1.109,44.4,-1.121,1.121,44.9,naive
2019-03-04,HUANCAVELICA,3.0497187327586914,1.3677649967863394,1.4714531243197317,1.3862357876175864,1.6484875127070908,-1.682,1.682,55.2,-1.578,1.578,51.7,-1.663,1.663,54.5,-1.401,1.401,45.9,seasonal_naive
2019-03-11,HUANCAVELICA,2.772471575235174,3.3031219500733924,3.5667511359753945,3.0497187327586914,2.1979833502761212,0.531,0.531,19.2,0.794,0.794,28.6,0.277,0.277,10.0,-0.574,0.574,20.7,naive
2019-03-18,HUANCAVELICA,2.2179772601881393,3.0731528038086617,3.2143042841953466,3.0497187327586914,3.571722944198698,0.855,0.855,38.5,0.996,0.996,44.9,0.832,0.832,37.5,1.354,1.354,61.0,naive
2019-03-25,HUANCAVELICA,1.1089886300940692,2.830556432848593,3.1456963099515054,3.0497187327586914,4.121218781767728,1.722,1.722,155.3,2.037,2.037,183.7,1.941,1.941,175.0,3.012,3.012,271.6,arima
2019-04-01,HUANCAVELICA,1.1089886300940692,2.6964720626869645,2.638901092382685,3.0497187327586914,3.2969750254141825,1.587,1.587,143.1,1.53,1.53,138.0,1.941,1.941,175.0,2.188,2.188,197.3,holt_winters
2019-04-08,HUANCAVELICA,1.1089886300940694,1.1677423284499557,0.8391875786546126,1.1089886300940694,1.6484875127070908,0.059,0.059,5.3,-0.27,0.27,24.3,0.0,0.0,0.0,0.539,0.539,48.6,naive
2019-04-15,HUANCAVELICA,1.6634829451411042,1.6102131617451931,0.7530122201659084,1.1089886300940694,1.3737395939225756,-0.053,0.053,3.2,-0.91,0.91,54.7,-0.554,0.554,33.3,-0.29,0.29,17.4,arima
2019-04-22,HUANCAVELICA,2.4952244177116563,1.6709874714140844,0.7357977476113122,1.1089886300940694,2.1979833502761212,-0.824,0.824,33.0,-1.759,1.759,70.5,-1.386,1.386,55.5,-0.297,0.297,11.9,seasonal_naive
2019-04-29,HUANCAVELICA,2.772471575235174,1.6937200312932896,0.7711496871137911,1.1089886300940694,3.022227106629666,-1.079,1.079,38.9,-2.001,2.001,72.2,-1.663,1.663,60.0,0.25,0.25,9.0,seasonal_naive
2019-05-06,HUANCAVELICA,2.2179772601881393,2.5242801729857414,2.961334560935025,2.772471575235174,2.7474791878451517,0.306,0.306,13.8,0.743,0.743,33.5,0.554,0.554,25.0,0.53,0.53,23.9,arima
2019-05-13,HUANCAVELICA,1.3862357876175866,2.1211253587967844,3.652108108998047,2.772471575235174,3.0222271066296678,0.735,0.735,53.0,2.266,2.266,163.5,1.386,1.386,100.0,1.636,1.636,118.0,arima
2019-05-20,HUANCAVELICA,1.6634829451411042,1.947810845161162,3.419922014981436,2.772471575235174,3.0222271066296678,0.284,0.284,17.1,1.756,1.756,105.6,1.109,1.109,66.7,1.359,1.359,81.7,arima
2019-05-27,HUANCAVELICA,2.495224417711657,1.9778506690549849,4.117658671809736,2.772471575235174,4.121218781767728,-0.517,0.517,20.7,1.622,1.622,65.0,0.277,0.277,11.1,1.626,1.626,65.2,naive
2019-06-03,HUANCAVELICA,2.495224417711657,3.1105841638389196,2.614443608163318,2.4952244177116567,4.670714619336757,0.615,0.615,24.6,0.119,0.119,4.8,-0.0,0.0,0.0,2.175,2.175,87.2,naive
2019-06-10,HUANCAVELICA,1.940730102664622,3.0865208941039857,2.5727200005540767,2.4952244177116567,4.945462538121274,1.146,1.146,59.0,0.632,0.632,32.6,0.554,0.554,28.5,3.005,3.005,154.8,naive
2019-06-17,HUANCAVELICA,0.8317414725705524,2.668668482238416,1.8922862517227244,2.4952244177116567,4.395966700552244,1.837,1.837,220.9,1.061,1.061,127.6,1.663,1.663,199.9,3.564,3.564,428.5,holt_winters
2019-06-24,HUANCAVELICA,1.3862357876175866,2.366513072124273,1.813922135423791,2.4952244177116567,4.121218781767729,0.98,0.98,70.7,0.428,0.428,30.9,1.109,1.109,80.0,2.735,2.735,197.3,holt_winters
2019-07-01,HUANCAVELICA,1.9407301026646213,1.5232459692220175,1.8729137033815948,1.3862357876175864,4.3959667005522425,-0.417,0.417,21.5,-0.068,0.068,3.5,-0.554,0.554,28.5,2.455,2.455,126.5,holt_winters
2019-07-08,HUANCAVELICA,3.0497187327586914,2.192285492607336,2.2272669050956613,1.3862357876175864,4.121218781767728,-0.857,0.857,28.1,-0.822,0.822,27.0,-1.663,1.663,54.5,1.072,1.072,35.2,holt_winters
2019-07-15,HUANCAVELICA,3.326965890282209,1.9164401268775135,1.9006126621576849,1.3862357876175864,3.2969750254141825,-1.411,1.411,42.4,-1.426,1.426,42.9,-1.941,1.941,58.3,-0.03,0.03,0.9,seasonal_naive
2019-07-22,HUANCAVELICA,3.0497187327586914,1.8694523575467774,2.0380420518074884,1.3862357876175864,1.9232354314916065,-1.18,1.18,38.7,-1.012,1.012,33.2,-1.663,1.663,54.5,-1.126,1.126,36.9,holt_winters
2019-07-29,HUANCAVELICA,2.4952244177116563,2.5023464139269422,2.695680440791702,3.0497187327586914,1.6484875127070908,0.007,0.007,0.3,0.2,0.2,8.0,0.554,0.554,22.2,-0.847,0.847,33.9,arima
2019-08-05,HUANCAVELICA,2.217977260188139,2.3318329828717856,2.875832668935214,3.0497187327586914,1.3737395939225756,0.114,0.114,5.1,0.658,0.658,29.7,0.832,0.832,37.5,-0.844,0.844,38.1,arima
2019-08-12,HUANCAVELICA,2.217977260188139,2.378411776805685,2.4402012386055154,3.0497187327586914,1.6484875127070908,0.16,0.16,7.2,0.222,0.222,10.0,0.832,0.832,37.5,-0.569,0.569,25.7,arima
2019-08-19,HUANCAVELICA,1.9407301026646213,2.5970476836540106,2.4284668322244194,3.0497187327586914,1.9232354314916065,0.656,0.656,33.8,0.488,0.488,25.1,1.109,1.109,57.1,-0.017,0.017,0.9,seasonal_naive
2019-08-26,HUANCAVELICA,2.772471575235174,2.0365887820368043,1.3796551565970958,1.940730102664621,2.1979833502761212,-0.736,0.736,26.5,-1.393,1.393,50.2,-0.832,0.832,30.0,-0.574,0.574,20.7,seasonal_naive
2019-09-02,HUANCAVELICA,2.4952244177116563,2.024110492902669,1.3874553521519903,1.940730102664621,2.4727312690606364,-0.471,0.471,18.9,-1.108,1.108,44.4,-0.554,0.554,22.2,-0.022,0.022,0.9,seasonal_naive
2019-09-09,HUANCAVELICA,2.217977260188139,2.1553388840612517,1.4284163661526534,1.940730102664621,1.9232354314916065,-0.063,0.063,2.8,-0.79,0.79,35.6,-0.277,0.277,12.5,-0.295,0.295,13.3,arima
2019-09-16,HUANCAVELICA,1.1089886300940688,2.1217505787815782,1.2340635944865999,1.940730102664621,1.3737395939225752,1.013,1.013,91.3,0.125,0.125,11.3,0.832,0.832,75.0,0.265,0.265,23.9,holt_winters
2019-09-23,HUANCAVELICA,1.3862357876175861,1.0950864431401732,0.6121508205097856,1.108988630094069,0.54949583756903,-0.291,0.291,21.0,-0.774,0.774,55.8,-0.277,0.277,20.0,-0.837,0.837,60.4,naive
2019-09-30,HUANCAVELICA,1.1089886300940686,1.1071839505427858,0.5835901627181532,1.108988630094069,0.824243756353545,-0.002,0.002,0.2,-0.525,0.525,47.3,0.0,0.0,0.0,-0.285,0.285,25.7,naive
2019-10-07,HUANCAVELICA,0.8317414725705512,1.550438060801551,0.7202785315118154,1.108988630094069,0.824243756353545,0.719,0.719,86.4,-0.111,0.111,13.3,0.277,0.277,33.3,-0.007,0.007,0.8,seasonal_naive
2019-10-14,HUANCAVELICA,0.8317414725705513,1.6007776566177512,1.1101664083754161,1.108988630094069,1.9232354314916065,0.769,0.769,92.5,0.278,0.278,33.4,0.277,0.277,33.3,1.091,1.091,131.2,naive
2019-10-21,HUANCAVELICA,0.8317414725705513,0.9961307714225218,1.0821636892256463,0.8317414725705514,2.1979833502761212,0.164,0.164,19.7,0.25,0.25,30.1,0.0,0.0,0.0,1.366,1.366,164.2,naive
2019-10-28,HUANCAVELICA,0.8317414725705512,1.1196595988540183,1.3438325244143892,0.8317414725705514,2.7474791878451517,0.288,0.288,34.6,0.512,0.512,61.6,0.0,0.0,0.0,1.916,1.916,230.4,naive
2019-11-04,HUANCAVELICA,1.940730102664621,0.9473016051245051,1.1422205182939629,0.8317414725705514,2.4727312690606364,-0.993,0.993,51.2,-0.799,0.799,41.2,-1.109,1.109,57.1,0.532,0.532,27.4,seasonal_naive
2019-11-11,HUANCAVELICA,2.772471575235173,1.0274422462402204,1.5128377697218998,0.8317414725705514,2.4727312690606364,-1.745,1.745,62.9,-1.26,1.26,45.4,-1.941,1.941,70.0,-0.3,0.3,10.8,seasonal_naive
2019-11-18,HUANCAVELICA,3.3269658902822083,3.5602721474476375,2.6470438399674596,2.772471575235173,1.9232354314916065,0.233,0.233,7.0,-0.68,0.68,20.4,-0.554,0.554,16.7,-1.404,1.404,42.2,arima
2019-11-25,HUANCAVELICA,1.6634829451411035,2.7053168399056076,3.029728683488269,2.772471575235173,2.1979833502761212,1.042,1.042,62.6,1.366,1.366,82.1,1.109,1.109,66.7,0.535,0.535,32.2,seasonal_naive
2019-12-02,HUANCAVELICA,0.8317414725705512,3.0235454019867296,2.710140282910426,2.772471575235173,2.1979833502761212,2.192,2.192,263.5,1.878,1.878,225.8,1.941,1.941,233.4,1.366,1.366,164.2,seasonal_naive
2019-12-09,HUANCAVELICA,0.8317414725705512,3.127676178477171,3.3770501478865107,2.772471575235173,3.0222271066296678,2.296,2.296,276.0,2.545,2.545,306.0,1.941,1.941,233.4,2.19,2.19,263.3,naive
2019-12-16,HUANCAVELICA,1.3862357876175861,0.7244497889066182,0.7348714261076577,0.8317414725705512,3.0222271066296678,-0.662,0.662,47.8,-0.651,0.651,47.0,-0.554,0.554,40.0,1.636,1.636,118.0,naive
2019-12-23,HUANCAVELICA,1.3862357876175861,1.0146966498825551,0.5962783414374822,0.8317414725705512,2.4727312690606364,-0.372,0.372,26.8,-0.79,0.79,57.0,-0.554,0.554,40.0,1.086,1.086,78.3,arima
2019-12-30,HUANCAVELICA,1.3862357876175864,0.8378375989253266,0.5109789105378717,0.8317414725705512,2.747479187845152,-0.548,0.548,39.5,-0.875,0.875,63.1,-0.554,0.554,40.0,1.361,1.361,98.2,arima
2020-01-06,HUANCAVELICA,1.95091373276691,0.8471636566499849,0.48943748814822924,0.8317414725705512,2.2029818277541255,-1.104,1.104,56.6,-1.461,1.461,74.9,-1.119,1.119,57.4,0.252,0.252,12.9,seasonal_naive
2020-01-13,HUANCAVELICA,2.790292927914179,2.7599514963166945,1.7730945889240033,1.9509137327669102,2.4852274627556477,-0.03,0.03,1.1,-1.017,1.017,36.4,-0.839,0.839,30.1,-0.305,0.305,10.9,arima
2020-01-20,HUANCAVELICA,2.518137585441806,2.899162575192661,1.7483510663553554,1.9509137327669102,1.6634829451411042,0.381,0.381,15.1,-0.77,0.77,30.6,-0.567,0.567,22.5,-0.855,0.855,34.0,arima
2020-01-27,HUANCAVELICA,1.3989653252454477,2.4246720514509463,1.8503041871461061,1.9509137327669102,1.940730102664621,1.026,1.026,73.3,0.451,0.451,32.2,0.552,0.552,39.5,0.542,0.542,38.7,holt_winters
2020-02-03,HUANCAVELICA,0.5595861300981783,2.7216725395000516,1.8669553143716144,1.9509137327669102,1.3862357876175864,2.162,2.162,386.4,1.307,1.307,233.6,1.391,1.391,248.6,0.827,0.827,147.8,seasonal_naive
2020-02-10,HUANCAVELICA,0.8393791951472681,0.36872798511242366,0.5790513163656694,0.5595861300981784,2.2179772601881393,-0.471,0.471,56.1,-0.26,0.26,31.0,-0.28,0.28,33.4,1.379,1.379,164.3,holt_winters
2020-02-17,HUANCAVELICA,0.8393791951472681,0.2559032642961405,0.4181629092057328,0.5595861300981784,1.940730102664622,-0.583,0.583,69.5,-0.421,0.421,50.2,-0.28,0.28,33.4,1.101,1.101,131.2,naive
2020-02-24,HUANCAVELICA,0.8393791951472681,0.4106369569647299,0.776023665015867,0.5595861300981784,2.4952244177116567,-0.429,0.429,51.1,-0.063,0.063,7.5,-0.28,0.28,33.4,1.656,1.656,197.3,holt_winters
2020-03-02,HUANCAVELICA,0.5595861300981783,0.34067893103305946,0.7758662963305891,0.5595861300981784,3.0497187327586914,-0.219,0.219,39.1,0.216,0.216,38.6,0.0,0.0,0.0,2.49,2.49,445.0,naive
2020-03-09,HUANCAVELICA,0.8393791951472679,0.5035030197470693,0.6896679706571394,0.5595861300981784,2.772471575235174,-0.336,0.336,40.0,-0.15,0.15,17.9,-0.28,0.28,33.4,1.933,1.933,230.3,holt_winters
2020-03-16,HUANCAVELICA,1.3989653252454473,0.6524509057399135,0.5662940044067899,0.5595861300981784,2.2179772601881393,-0.747,0.747,53.4,-0.833,0.833,59.5,-0.839,0.839,60.0,0.819,0.819,58.5,arima
2020-03-23,HUANCAVELICA,1.678758390294537,0.5667339185525151,0.49246915771695204,0.5595861300981784,1.1089886300940694,-1.112,1.112,66.2,-1.186,1.186,70.6,-1.119,1.119,66.7,-0.57,0.57,34.0,seasonal_naive
2020-03-30,HUANCAVELICA,1.678758390294537,0.5675157942170752,0.3874274521094302,0.5595861300981784,1.1089886300940694,-1.111,1.111,66.2,-1.291,1.291,76.9,-1.119,1.119,66.7,-0.57,0.57,34.0,seasonal_naive
2020-04-06,HUANCAVELICA,1.1191722601963578,1.3980323167092332,1.2870552452908877,1.6787583902945369,1.1089886300940694,0.279,0.279,24.9,0.168,0.168,15.0,0.56,0.56,50.0,-0.01,0.01,0.9,seasonal_naive
2020-04-13,HUANCAVELICA,0.27979306504908863,1.2629958768752019,1.2616481501162982,1.6787583902945369,1.6634829451411042,0.983,0.983,351.3,0.982,0.982,351.0,1.399,1.399,500.0,1.384,1.384,494.7,holt_winters
2020-04-20,HUANCAVELICA,0.27979306504908863,1.2401651616919533,1.3985851899305266,1.6787583902945369,2.4952244177116563,0.96,0.96,343.1,1.119,1.119,399.9,1.399,1.399,500.0,2.215,2.215,791.7,arima
2020-04-27,HUANCAVELICA,0.27979306504908863,1.3432448379015063,1.5117011439980215,1.6787583902945369,2.772471575235174,1.063,1.063,379.9,1.232,1.232,440.3,1.399,1.399,500.0,2.493,2.493,891.0,arima
2020-05-04,HUANCAVELICA,0.5595861300981783,0.6134820397288714,0.24085097924291085,0.27979306504908863,2.2179772601881393,0.054,0.054,9.6,-0.319,0.319,57.0,-0.28,0.28,50.0,1.658,1.658,296.3,arima
2020-05-11,HUANCAVELICA,0.5595861300981783,0.658452414952825,0.3403842043736191,0.27979306504908863,1.3862357876175864,0.099,0.099,17.7,-0.219,0.219,39.1,-0.28,0.28,50.0,0.827,0.827,147.8,arima
2020-05-18,HUANCAVELICA,0.839379195147269,0.6855783141250515,0.3239113832705535,0.27979306504908863,1.6634829451411042,-0.154,0.154,18.3,-0.515,0.515,61.4,-0.56,0.56,66.7,0.824,0.824,98.2,arima
2020-05-25,HUANCAVELICA,0.5595861300981783,0.5215670498652609,0.683250171614638,0.27979306504908863,2.4952244177116567,-0.038,0.038,6.8,0.124,0.124,22.2,-0.28,0.28,50.0,1.936,1.936,346.0,arima
2020-06-01,HUANCAVELICA,0.5595861300981783,0.5451487329422178,0.5510979183120324,0.5595861300981784,2.4952244177116567,-0.014,0.014,2.5,-0.008,0.008,1.4,0.0,0.0,0.0,1.936,1.936,346.0,naive
2020-06-08,HUANCAVELICA,0.8393791951472679,0.417191842453142,0.4983517207772516,0.5595861300981784,1.940730102664622,-0.422,0.422,50.3,-0.341,0.341,40.6,-0.28,0.28,33.4,1.101,1.101,131.2,naive
2020-06-15,HUANCAVELICA,0.8393791951472679,0.5085574381912177,0.13920161153212515,0.5595861300981784,0.8317414725705523,-0.331,0.331,39.4,-0.7,0.7,83.4,-0.28,0.28,33.4,-0.008,0.008,1.0,seasonal_naive
2020-06-22,HUANCAVELICA,0.5595861300981783,0.5201772835570977,0.13346697380743514,0.5595861300981784,1.3862357876175864,-0.039,0.039,7.0,-0.426,0.426,76.1,0.0,0.0,0.0,0.827,0.827,147.8,naive
2020-06-29,HUANCAVELICA,0.0,0.4231015881175739,0.8519583847818244,0.5595861300981784,1.940730102664621,0.423,0.423,,0.852,0.852,,0.56,0.56,,1.941,1.941,,arima
2020-07-06,HUANCAVELICA,0.0,0.3916538738623043,1.2080613360032526,0.5595861300981784,3.0497187327586914,0.392,0.392,,1.208,1.208,,0.56,0.56,,3.05,3.05,,arima
2020-07-13,HUANCAVELICA,0.0,0.4869429068993217,1.1351041943008289,0.5595861300981784,3.3269658902822083,0.487,0.487,,1.135,1.135,,0.56,0.56,,3.327,3.327,,arima
2020-07-20,HUANCAVELICA,0.0,0.5611810058303983,1.1379969623350426,0.5595861300981784,3.0497187327586914,0.561,0.561,,1.138,1.138,,0.56,0.56,,3.05,3.05,,naive
2020-07-27,HUANCAVELICA,2.2383445203927166,0.006513040206465447,0.0,0.0,2.4952244177116563,-2.232,2.232,99.7,-2.238,2.238,100.0,-2.238,2.238,100.0,0.257,0.257,11.5,seasonal_naive
2020-08-03,HUANCAVELICA,2.2383445203927166,0.007426106689562262,0.0,0.0,2.2179772601881385,-2.231,2.231,99.7,-2.238,2.238,100.0,-2.238,2.238,100.0,-0.02,0.02,0.9,seasonal_naive
2020-08-10,HUANCAVELICA,2.2383445203927166,0.00795153930794198,0.0,0.0,2.2179772601881385,-2.23,2.23,99.6,-2.238,2.238,100.0,-2.238,2.238,100.0,-0.02,0.02,0.9,seasonal_naive
2020-08-17,HUANCAVELICA,0.2797930650490888,0.00515195649958009,0.0,0.0,1.940730102664621,-0.275,0.275,98.3,-0.28,0.28,100.1,-0.28,0.28,100.1,1.661,1.661,593.7,arima
2020-08-24,HUANCAVELICA,2.797930650490896,0.0,0.20037025188091648,0.27979306504908885,2.772471575235174,-2.798,2.798,100.0,-2.598,2.598,92.9,-2.518,2.518,90.0,-0.025,0.025,0.9,seasonal_naive
2020-08-31,HUANCAVELICA,3.357516780589075,0.0,0.2437498989837335,0.27979306504908885,2.4952244177116563,-3.358,3.358,100.0,-3.114,3.114,92.7,-3.078,3.078,91.7,-0.862,0.862,25.7,seasonal_naive
2020-09-07,HUANCAVELICA,5.316068235932703,0.20342793434603743,0.19933489977237207,0.27979306504908885,2.2179772601881385,-5.113,5.113,96.2,-5.117,5.117,96.3,-5.036,5.036,94.7,-3.098,3.098,58.3,seasonal_naive
2020-09-14,HUANCAVELICA,3.6373098456381645,0.600970350726389,0.06972448949214348,0.27979306504908885,1.108988630094069,-3.036,3.036,83.5,-3.568,3.568,98.1,-3.358,3.358,92.3,-2.528,2.528,69.5,seasonal_naive
2020-09-21,HUANCAVELICA,3.9171029106872552,3.3632600963066013,2.915992257003746,3.637309845638164,1.386235787617586,-0.554,0.554,14.1,-1.001,1.001,25.6,-0.28,0.28,7.1,-2.531,2.531,64.6,naive
2020-09-28,HUANCAVELICA,3.0777237155399857,2.6232444792061194,2.677087398933733,3.637309845638164,1.1089886300940686,-0.454,0.454,14.8,-0.401,0.401,13.0,0.56,0.56,18.2,-1.969,1.969,64.0,holt_winters
2020-10-05,HUANCAVELICA,2.2383445203927166,3.141316394155976,2.7533879354720123,3.637309845638164,0.8317414725705512,0.903,0.903,40.3,0.515,0.515,23.0,1.399,1.399,62.5,-1.407,1.407,62.9,holt_winters
2020-10-12,HUANCAVELICA,1.3989653252454477,3.250297297023871,3.531330845105706,3.637309845638164,0.8317414725705514,1.851,1.851,132.3,2.132,2.132,152.4,2.238,2.238,160.0,-0.567,0.567,40.5,seasonal_naive
2020-10-19,HUANCAVELICA,0.8393791951472682,1.5586836758377411,1.6211454344728127,1.398965325245448,0.8317414725705514,0.719,0.719,85.7,0.782,0.782,93.2,0.56,0.56,66.7,-0.008,0.008,1.0,seasonal_naive
2020-10-26,HUANCAVELICA,1.1191722601963578,1.8080002365935997,1.8831343484237335,1.398965325245448,0.8317414725705512,0.689,0.689,61.6,0.764,0.764,68.3,0.28,0.28,25.0,-0.287,0.287,25.6,naive
2020-11-02,HUANCAVELICA,1.3989653252454477,2.2340839584762304,1.888705753156266,1.398965325245448,1.940730102664621,0.835,0.835,59.7,0.49,0.49,35.0,0.0,0.0,0.0,0.542,0.542,38.7,naive
2020-11-09,HUANCAVELICA,1.1191722601963578,2.158226845669927,2.2713629544289526,1.398965325245448,2.772471575235173,1.039,1.039,92.8,1.152,1.152,102.9,0.28,0.28,25.0,1.653,1.653,147.7,naive
2020-11-16,HUANCAVELICA,1.9585514553436267,0.9680627152045433,1.2577066579029008,1.1191722601963576,3.3269658902822083,-0.99,0.99,50.5,-0.701,0.701,35.8,-0.839,0.839,42.8,1.368,1.368,69.8,holt_winters
2020-11-23,HUANCAVELICA,2.2383445203927166,0.8490813666269372,1.1565890420354297,1.1191722601963576,1.6634829451411033,-1.389,1.389,62.1,-1.082,1.082,48.3,-1.119,1.119,50.0,-0.575,0.575,25.7,seasonal_naive
2020-11-30,HUANCAVELICA,3.6373098456381654,0.9497562541354594,0.9853530724990776,1.1191722601963576,0.8317414725705512,-2.688,2.688,73.9,-2.652,2.652,72.9,-2.518,2.518,69.2,-2.806,2.806,77.1,naive
2020-12-07,HUANCAVELICA,3.357516780589075,1.01163040922135,1.0628130126327933,1.1191722601963576,0.8317414725705512,-2.346,2.346,69.9,-2.295,2.295,68.4,-2.238,2.238,66.7,-2.526,2.526,75.2,naive
2020-12-14,HUANCAVELICA,3.0777237155399857,3.2939624538704413,3.3805614217438764,3.3575167805890747,1.386235787617586,0.216,0.216,7.0,0.303,0.303,9.8,0.28,0.28,9.1,-1.691,1.691,54.9,arima
2020-12-21,HUANCAVELICA,1.1191722601963578,2.6391768221879204,3.025041263622829,3.3575167805890747,1.386235787617586,1.52,1.52,135.8,1.906,1.906,170.3,2.238,2.238,200.0,0.267,0.267,23.9,seasonal_naive
2020-12-28,HUANCAVELICA,1.3989653252454477,2.7458521067740174,3.0880744592492615,3.3575167805890747,1.3862357876175864,1.347,1.347,96.3,1.689,1.689,120.7,1.959,1.959,140.0,-0.013,0.013,0.9,seasonal_naive
2021-01-04,HUANCAVELICA,4.225411282465267,2.7341399895951093,3.509297332607784,3.3575167805890747,1.9509137327669102,-1.491,1.491,35.3,-0.716,0.716,16.9,-0.868,0.868,20.5,-2.274,2.274,53.8,holt_winters
2021-01-11,HUANCAVELICA,6.484494207751747,5.160923380954688,4.219132976477665,4.225411282465267,2.7902929279141784,-1.324,1.324,20.4,-2.265,2.265,34.9,-2.259,2.259,34.8,-3.694,3.694,57.0,arima
2021-01-18,HUANCAVELICA,8.471560969824298,5.160923380954688,3.9345961003089878,4.225411282465267,2.5181375854418055,-3.311,3.311,39.1,-4.537,4.537,53.6,-4.246,4.246,50.1,-5.953,5.953,70.3,arima
2021-01-25,HUANCAVELICA,9.928669456634069,4.0743360749152275,3.404755418974701,4.225411282465267,1.398965325245448,-5.854,5.854,59.0,-6.524,6.524,65.7,-5.703,5.703,57.4,-8.53,8.53,85.9,naive
2021-02-01,HUANCAVELICA,11.622981650598929,3.281714059972482,2.913866976031299,4.225411282465267,0.5595861300981784,-8.341,8.341,71.8,-8.709,8.709,74.9,-7.398,7.398,63.6,-11.063,11.063,95.2,naive
2021-02-08,HUANCAVELICA,13.080090137408698,7.299191580201544,7.299191580201544,11.62298165059893,0.839379195147268,-5.781,5.781,44.2,-5.781,5.781,44.2,-1.457,1.457,11.1,-12.241,12.241,93.6,naive
2021-02-15,HUANCAVELICA,11.340596284938117,7.299191580201544,7.299191580201544,11.62298165059893,0.839379195147268,-4.041,4.041,35.6,-4.041,4.041,35.6,0.282,0.282,2.5,-10.501,10.501,92.6,naive
2021-02-22,HUANCAVELICA,11.905367016259738,7.299191580201544,7.299191580201544,11.62298165059893,0.839379195147268,-4.606,4.606,38.7,-4.606,4.606,38.7,-0.282,0.282,2.4,-11.066,11.066,92.9,naive
2021-03-01,HUANCAVELICA,9.883487798128348,7.299191580201544,7.299191580201544,11.62298165059893,0.5595861300981784,-2.584,2.584,26.1,-2.584,2.584,26.1,1.739,1.739,17.6,-9.324,9.324,94.3,naive
2021-03-08,HUANCAVELICA,11.013029260771589,10.414095778778295,10.605634324493925,9.88348779812835,0.839379195147268,-0.599,0.599,5.4,-0.407,0.407,3.7,-1.13,1.13,10.3,-10.174,10.174,92.4,holt_winters
2021-03-15,HUANCAVELICA,10.730643895110779,10.045010592165488,10.528786489698547,9.88348779812835,1.398965325245447,-0.686,0.686,6.4,-0.202,0.202,1.9,-0.847,0.847,7.9,-9.332,9.332,87.0,holt_winters
2021-03-22,HUANCAVELICA,11.860185357754018,10.970158541771248,10.77348449370211,9.88348779812835,1.6787583902945369,-0.89,0.89,7.5,-1.087,1.087,9.2,-1.977,1.977,16.7,-10.181,10.181,85.8,arima
2021-03-29,HUANCAVELICA,12.470137747581356,10.651279097638822,10.404499398658633,9.88348779812835,1.6787583902945369,-1.819,1.819,14.6,-2.066,2.066,16.6,-2.587,2.587,20.7,-10.791,10.791,86.5,arima
2021-04-05,HUANCAVELICA,12.797704771747888,11.878709837741365,10.188793889317381,12.470137747581358,1.1191722601963576,-0.919,0.919,7.2,-2.609,2.609,20.4,-0.328,0.328,2.6,-11.679,11.679,91.3,naive
2021-04-12,HUANCAVELICA,13.69004252723604,11.878709837741365,8.886616161179473,12.470137747581358,0.27979306504908863,-1.811,1.811,13.2,-4.803,4.803,35.1,-1.22,1.22,8.9,-13.41,13.41,98.0,naive
2021-04-19,HUANCAVELICA,13.69004252723604,11.878709837741365,9.609258238193776,12.470137747581358,0.27979306504908863,-1.811,1.811,13.2,-4.081,4.081,29.8,-1.22,1.22,8.9,-13.41,13.41,98.0,naive
2021-04-26,HUANCAVELICA,13.69004252723604,11.878709837741365,10.119881609353868,12.470137747581358,0.27979306504908863,-1.811,1.811,13.2,-3.57,3.57,26.1,-1.22,1.22,8.9,-13.41,13.41,98.0,naive
2021-05-03,HUANCAVELICA,13.69004252723604,13.288671027070949,13.330170617237924,13.690042527236042,0.5595861300981784,-0.401,0.401,2.9,-0.36,0.36,2.6,0.0,0.0,0.0,-13.13,13.13,95.9,naive
2021-05-10,HUANCAVELICA,13.69004252723604,13.305325258858275,13.330170617237924,13.690042527236042,0.5595861300981784,-0.385,0.385,2.8,-0.36,0.36,2.6,0.0,0.0,0.0,-13.13,13.13,95.9,naive
2021-05-17,HUANCAVELICA,10.538621846461409,13.277822594888187,13.330170617237924,13.690042527236042,0.8393791951472689,2.739,2.739,26.0,2.792,2.792,26.5,3.151,3.151,29.9,-9.699,9.699,92.0,arima
2021-05-24,HUANCAVELICA,7.66958653134759,13.330170617237924,13.330170617237924,13.690042527236042,0.5595861300981784,5.661,5.661,73.8,5.661,5.661,73.8,6.02,6.02,78.5,-7.11,7.11,92.7,arima
2021-05-31,HUANCAVELICA,4.235780484912149,7.289163991619766,7.534484560320177,7.669586531347591,0.5595861300981784,3.053,3.053,72.1,3.299,3.299,77.9,3.434,3.434,81.1,-3.676,3.676,86.8,arima
2021-06-07,HUANCAVELICA,4.5181658505729585,8.122676844650988,7.669235357579948,7.669586531347591,0.839379195147268,3.605,3.605,79.8,3.151,3.151,69.7,3.151,3.151,69.7,-3.679,3.679,81.4,holt_winters
2021-06-14,HUANCAVELICA,3.3886243879297187,9.287672092039081,6.091094376302176,7.669586531347591,0.839379195147268,5.899,5.899,174.1,2.702,2.702,79.7,4.281,4.281,126.3,-2.549,2.549,75.2,seasonal_naive
2021-06-21,HUANCAVELICA,3.6710097535905284,9.471885841654133,6.085143857366388,7.669586531347591,0.5595861300981784,5.801,5.801,158.0,2.414,2.414,65.8,3.999,3.999,108.9,-3.111,3.111,84.7,holt_winters
2021-06-28,HUANCAVELICA,3.1062390222689085,3.3519058689138372,3.8062626881553294,3.6710097535905284,0.0,0.246,0.246,7.9,0.7,0.7,22.5,0.565,0.565,18.2,-3.106,3.106,100.0,arima
2021-07-05,HUANCAVELICA,3.953395119251338,3.859302271725902,4.306952685553817,3.6710097535905284,0.0,-0.094,0.094,2.4,0.354,0.354,9.0,-0.282,0.282,7.1,-3.953,3.953,100.0,arima
2021-07-12,HUANCAVELICA,3.1062390222689085,3.6608552666025345,3.987137569568211,3.6710097535905284,0.0,0.555,0.555,17.9,0.881,0.881,28.4,0.565,0.565,18.2,-3.106,3.106,100.0,arima
2021-07-19,HUANCAVELICA,2.541468290947288,3.8674786367978182,3.8188288773118897,3.6710097535905284,0.0,1.326,1.326,52.2,1.277,1.277,50.2,1.13,1.13,44.5,-2.541,2.541,100.0,naive
2021-07-26,HUANCAVELICA,2.541468290947288,2.2199934783847524,3.2712093632563244,2.541468290947288,2.238344520392717,-0.321,0.321,12.6,0.73,0.73,28.7,0.0,0.0,0.0,-0.303,0.303,11.9,naive
2021-08-02,HUANCAVELICA,2.541468290947288,2.29771650607763,3.2118788695657514,2.541468290947288,2.238344520392717,-0.244,0.244,9.6,0.67,0.67,26.4,0.0,0.0,0.0,-0.303,0.303,11.9,naive
2021-08-09,HUANCAVELICA,2.541468290947288,2.310403045856682,2.944177638070194,2.541468290947288,2.238344520392717,-0.231,0.231,9.1,0.403,0.403,15.9,0.0,0.0,0.0,-0.303,0.303,11.9,naive
2021-08-16,HUANCAVELICA,1.4119268283040485,2.279398574266333,2.288238989908083,2.541468290947288,0.27979306504908885,0.867,0.867,61.4,0.876,0.876,62.0,1.13,1.13,80.0,-1.132,1.132,80.2,arima
2021-08-23,HUANCAVELICA,1.9766975596256682,1.3027628196674454,2.344944320957684,1.4119268283040483,2.797930650490896,-0.674,0.674,34.1,0.368,0.368,18.6,-0.565,0.565,28.6,0.821,0.821,41.5,holt_winters
2021-08-30,HUANCAVELICA,1.411926828304048,1.0791312795327395,2.5332397024893667,1.4119268283040483,3.3575167805890747,-0.333,0.333,23.6,1.121,1.121,79.4,0.0,0.0,0.0,1.946,1.946,137.8,naive
2021-09-06,HUANCAVELICA,1.6943121939648584,1.3073953748539693,2.6674476718092763,1.4119268283040483,5.316068235932704,-0.387,0.387,22.8,0.973,0.973,57.4,-0.282,0.282,16.6,3.622,3.622,213.8,naive
2021-09-13,HUANCAVELICA,1.6943121939648584,1.1562002523648256,2.0127629639160456,1.4119268283040483,3.637309845638164,-0.538,0.538,31.8,0.318,0.318,18.8,-0.282,0.282,16.6,1.943,1.943,114.7,naive
2021-09-20,HUANCAVELICA,1.9766975596256684,2.2236416715767184,1.211275737098323,1.6943121939648584,3.9171029106872552,0.247,0.247,12.5,-0.765,0.765,38.7,-0.282,0.282,14.3,1.94,1.94,98.1,arima
2021-09-27,HUANCAVELICA,1.6943121939648584,2.1394783596148836,1.045949266757224,1.6943121939648584,3.0777237155399852,0.445,0.445,26.3,-0.648,0.648,38.2,0.0,0.0,0.0,1.383,1.383,81.6,naive
2021-10-04,HUANCAVELICA,0.8471560969824299,2.0677131738806436,0.9733549741936347,1.6943121939648584,2.238344520392717,1.221,1.221,144.1,0.126,0.126,14.9,0.847,0.847,100.0,1.391,1.391,164.2,holt_winters
2021-10-11,HUANCAVELICA,0.5647707313216186,2.15601140359437,1.1457689132804867,1.6943121939648584,1.398965325245448,1.591,1.591,281.7,0.581,0.581,102.9,1.13,1.13,200.1,0.834,0.834,147.7,holt_winters
2021-10-18,HUANCAVELICA,1.4119268283040485,0.37453381003575803,0.5498142416489904,0.5647707313216186,0.8393791951472682,-1.037,1.037,73.4,-0.862,0.862,61.1,-0.847,0.847,60.0,-0.573,0.573,40.6,seasonal_naive
2021-10-25,HUANCAVELICA,1.6943121939648584,0.4702621251479508,0.7158633604344067,0.5647707313216186,1.1191722601963576,-1.224,1.224,72.2,-0.978,0.978,57.7,-1.13,1.13,66.7,-0.575,0.575,33.9,seasonal_naive
2021-11-01,HUANCAVELICA,3.388624387929718,0.43086810777046836,0.8545797380049205,0.5647707313216186,1.398965325245448,-2.958,2.958,87.3,-2.534,2.534,74.8,-2.824,2.824,83.3,-1.99,1.99,58.7,seasonal_naive
2021-11-08,HUANCAVELICA,3.6710097535905284,0.4409008001342562,1.0070083458219106,0.5647707313216186,1.1191722601963576,-3.23,3.23,88.0,-2.664,2.664,72.6,-3.106,3.106,84.6,-2.552,2.552,69.5,seasonal_naive
2021-11-15,HUANCAVELICA,4.800551216233768,3.760611036202322,4.148634821035146,3.6710097535905284,1.9585514553436267,-1.04,1.04,21.7,-0.652,0.652,13.6,-1.13,1.13,23.5,-2.842,2.842,59.2,holt_winters
2021-11-22,HUANCAVELICA,4.800551216233768,2.864957965801798,4.014829099881183,3.6710097535905284,2.238344520392717,-1.936,1.936,40.3,-0.786,0.786,16.4,-1.13,1.13,23.5,-2.562,2.562,53.4,holt_winters
2021-11-29,HUANCAVELICA,4.235780484912149,2.832001453234035,3.8133832519253668,3.6710097535905284,3.637309845638166,-1.404,1.404,33.1,-0.422,0.422,10.0,-0.565,0.565,13.3,-0.598,0.598,14.1,holt_winters
2021-12-06,HUANCAVELICA,3.1062390222689085,2.7478038616414535,4.094710532212453,3.6710097535905284,3.3575167805890747,-0.358,0.358,11.5,0.988,0.988,31.8,0.565,0.565,18.2,0.251,0.251,8.1,seasonal_naive
2021-12-13,HUANCAVELICA,1.6943121939648584,3.0541116117273104,3.301143890515214,3.106239022268909,3.0777237155399852,1.36,1.36,80.3,1.607,1.607,94.8,1.412,1.412,83.3,1.383,1.383,81.6,arima
2021-12-20,HUANCAVELICA,1.6943121939648584,3.161160970744043,2.917497603071932,3.106239022268909,1.1191722601963576,1.467,1.467,86.6,1.223,1.223,72.2,1.412,1.412,83.3,-0.575,0.575,33.9,seasonal_naive
2021-12-27,HUANCAVELICA,1.9766975596256682,3.6024191390981253,2.908774624047246,3.106239022268909,1.398965325245448,1.626,1.626,82.3,0.932,0.932,47.1,1.13,1.13,57.2,-0.578,0.578,29.2,seasonal_naive
2022-01-03,HUANCAVELICA,1.9793383451142263,3.5983537816949367,3.9793438019240046,3.106239022268909,4.225411282465267,1.619,1.619,81.8,2.0,2.0,101.0,1.127,1.127,56.9,2.246,2.246,113.5,naive
2022-01-10,HUANCAVELICA,2.5573130038786362,1.8964873558999877,2.306338922286838,1.9793383451142263,6.484494207751748,-0.661,0.661,25.8,-0.251,0.251,9.8,-0.578,0.578,22.6,3.927,3.927,153.6,holt_winters
2022-01-17,HUANCAVELICA,3.9903661160911503,1.7879657552944463,2.2973319603623397,1.9793383451142263,8.4715609698243,-2.202,2.202,55.2,-1.693,1.693,42.4,-2.011,2.011,50.4,4.481,4.481,112.3,holt_winters
2022-01-24,HUANCAVELICA,5.985549174136725,1.9033229733007029,2.096558968648048,1.9793383451142263,9.92866945663407,-4.082,4.082,68.2,-3.889,3.889,65.0,-4.006,4.006,66.9,3.943,3.943,65.9,holt_winters
2022-01-31,HUANCAVELICA,7.410679929883564,1.8345151182431647,1.876092549236755,1.9793383451142263,11.62298165059893,-5.576,5.576,75.2,-5.535,5.535,74.7,-5.431,5.431,73.3,4.212,4.212,56.8,seasonal_naive
2022-02-07,HUANCAVELICA,8.265758383331669,7.649419607842924,8.222821733813113,7.410679929883564,13.080090137408698,-0.616,0.616,7.5,-0.043,0.043,0.5,-0.855,0.855,10.3,4.814,4.814,58.2,holt_winters
2022-02-14,HUANCAVELICA,9.690889139078509,7.939754319642493,7.299721110678295,7.410679929883564,11.340596284938119,-1.751,1.751,18.1,-2.391,2.391,24.7,-2.28,2.28,23.5,1.65,1.65,17.0,seasonal_naive
2022-02-21,HUANCAVELICA,9.690889139078507,7.626199563891607,7.782985689618714,7.410679929883564,11.90536701625974,-2.065,2.065,21.3,-1.908,1.908,19.7,-2.28,2.28,23.5,2.214,2.214,22.8,holt_winters
2022-02-28,HUANCAVELICA,7.125653778734197,7.803846683629567,7.331138252675782,7.410679929883564,9.88348779812835,0.678,0.678,9.5,0.205,0.205,2.9,0.285,0.285,4.0,2.758,2.758,38.7,holt_winters
2022-03-07,HUANCAVELICA,4.845444569539253,6.3494072144017615,7.897238978458887,7.125653778734199,11.013029260771587,1.504,1.504,31.0,3.052,3.052,63.0,2.28,2.28,47.1,6.168,6.168,127.3,arima
2022-03-14,HUANCAVELICA,2.8502615114936773,5.882968952975573,8.068771948002842,7.125653778734199,10.730643895110779,3.033,3.033,106.4,5.219,5.219,183.1,4.275,4.275,150.0,7.88,7.88,276.5,arima
2022-03-21,HUANCAVELICA,2.2802092091949415,6.494936856944811,8.093922276589328,7.125653778734199,11.860185357754018,4.215,4.215,184.9,5.814,5.814,255.0,4.845,4.845,212.5,9.58,9.58,420.1,arima
2022-03-28,HUANCAVELICA,0.8550784534481021,6.132962617309636,8.038934614827747,7.125653778734199,12.470137747581358,5.278,5.278,617.3,7.184,7.184,840.2,6.271,6.271,733.4,11.615,11.615,1358.4,arima
2022-04-04,HUANCAVELICA,0.2850261511493662,0.690030021793556,0.5601155915595195,0.8550784534481022,12.797704771747892,0.405,0.405,142.1,0.275,0.275,96.5,0.57,0.57,200.0,12.513,12.513,4390.1,holt_winters
2022-04-11,HUANCAVELICA,0.8550784534481021,0.4708414238419,0.43670003863087675,0.8550784534481022,13.690042527236042,-0.384,0.384,44.9,-0.418,0.418,48.9,0.0,0.0,0.0,12.835,12.835,1501.0,naive
2022-04-18,HUANCAVELICA,1.425130755746838,0.68884478963401,0.510382437286061,0.8550784534481022,13.690042527236042,-0.736,0.736,51.6,-0.915,0.915,64.2,-0.57,0.57,40.0,12.265,12.265,860.6,naive
2022-04-25,HUANCAVELICA,1.9951830580455738,0.564062294873722,0.6789701834485546,0.8550784534481022,13.690042527236042,-1.431,1.431,71.7,-1.316,1.316,66.0,-1.14,1.14,57.1,11.695,11.695,586.2,naive
2022-05-02,HUANCAVELICA,2.56523536034431,1.5245798944562559,1.974194399615735,1.995183058045574,13.690042527236042,-1.041,1.041,40.6,-0.591,0.591,23.0,-0.57,0.57,22.2,11.125,11.125,433.7,naive
2022-05-09,HUANCAVELICA,2.56523536034431,1.8166130193416494,1.9311788831461882,1.995183058045574,13.690042527236042,-0.749,0.749,29.2,-0.634,0.634,24.7,-0.57,0.57,22.2,11.125,11.125,433.7,naive
2022-05-16,HUANCAVELICA,1.710156906896206,1.7079813957705632,1.850050999053689,1.995183058045574,10.538621846461407,-0.002,0.002,0.1,0.14,0.14,8.2,0.285,0.285,16.7,8.828,8.828,516.2,arima
2022-05-23,HUANCAVELICA,0.8550784534481021,1.7079701445058721,1.785372651295034,1.995183058045574,7.669586531347591,0.853,0.853,99.8,0.93,0.93,108.8,1.14,1.14,133.3,6.815,6.815,797.0,arima
2022-05-30,HUANCAVELICA,1.14010460459747,0.8767784769081675,0.6840106805526209,0.8550784534481022,4.23578048491215,-0.263,0.263,23.1,-0.456,0.456,40.0,-0.285,0.285,25.0,3.096,3.096,271.6,arima
2022-06-06,HUANCAVELICA,1.425130755746838,0.8281804852321957,0.6719140716222871,0.8550784534481022,4.5181658505729585,-0.597,0.597,41.9,-0.753,0.753,52.8,-0.57,0.57,40.0,3.093,3.093,217.0,naive
2022-06-13,HUANCAVELICA,2.280209209194942,0.8619228157263321,0.39680886528272724,0.8550784534481022,3.3886243879297187,-1.418,1.418,62.2,-1.883,1.883,82.6,-1.425,1.425,62.5,1.108,1.108,48.6,seasonal_naive
2022-06-20,HUANCAVELICA,2.56523536034431,0.8480013388076237,0.48176187113890145,0.8550784534481022,3.6710097535905284,-1.717,1.717,66.9,-2.083,2.083,81.2,-1.71,1.71,66.7,1.106,1.106,43.1,seasonal_naive
2022-06-27,HUANCAVELICA,3.1352876626430457,2.7668206084190197,2.2916636740197363,2.5652353603443094,3.106239022268909,-0.368,0.368,11.7,-0.844,0.844,26.9,-0.57,0.57,18.2,-0.029,0.029,0.9,seasonal_naive
2022-07-04,HUANCAVELICA,2.280209209194942,2.628356525505597,2.6933180490098976,2.5652353603443094,3.953395119251338,0.348,0.348,15.3,0.413,0.413,18.1,0.285,0.285,12.5,1.673,1.673,73.4,naive
2022-07-11,HUANCAVELICA,2.280209209194942,2.6850300538635317,2.4457530076832477,2.5652353603443094,3.106239022268909,0.405,0.405,17.8,0.166,0.166,7.3,0.285,0.285,12.5,0.826,0.826,36.2,holt_winters
2022-07-18,HUANCAVELICA,3.705339964941782,2.6768799394285265,2.1238921420082137,2.5652353603443094,2.541468290947288,-1.028,1.028,27.7,-1.581,1.581,42.7,-1.14,1.14,30.8,-1.164,1.164,31.4,arima
2022-07-25,HUANCAVELICA,4.560418418389886,4.739548633898701,4.9099249611385725,3.705339964941782,2.541468290947288,0.179,0.179,3.9,0.35,0.35,7.7,-0.855,0.855,18.7,-2.019,2.019,44.3,arima
2022-08-01,HUANCAVELICA,4.560418418389886,5.137047106231316,4.599898778790417,3.705339964941782,2.541468290947288,0.577,0.577,12.7,0.039,0.039,0.9,-0.855,0.855,18.7,-2.019,2.019,44.3,holt_winters
2022-08-08,HUANCAVELICA,3.9903661160911494,4.484746052131738,4.328541941767557,3.705339964941782,2.541468290947288,0.494,0.494,12.4,0.338,0.338,8.5,-0.285,0.285,7.1,-1.449,1.449,36.3,naive
2022-08-15,HUANCAVELICA,4.275392267240517,4.901549529071899,3.3326907388994425,3.705339964941782,1.4119268283040483,0.626,0.626,14.6,-0.943,0.943,22.1,-0.57,0.57,13.3,-2.863,2.863,67.0,naive
2022-08-22,HUANCAVELICA,3.9903661160911494,4.322545648204004,6.916196618026062,4.275392267240517,1.9766975596256682,0.332,0.332,8.3,2.926,2.926,73.3,0.285,0.285,7.1,-2.014,2.014,50.5,naive
2022-08-29,HUANCAVELICA,3.7053399649417815,4.1210222363471125,7.261042985191251,4.275392267240517,1.4119268283040483,0.416,0.416,11.2,3.556,3.556,96.0,0.57,0.57,15.4,-2.293,2.293,61.9,arima
2022-09-05,HUANCAVELICA,3.1352876626430457,4.264753678516697,7.4493951174533475,4.275392267240517,1.6943121939648584,1.129,1.129,36.0,4.314,4.314,137.6,1.14,1.14,36.4,-1.441,1.441,46.0,arima
2022-09-12,HUANCAVELICA,2.56523536034431,4.217820257875417,5.870957440784337,4.275392267240517,1.6943121939648584,1.653,1.653,64.4,3.306,3.306,128.9,1.71,1.71,66.7,-0.871,0.871,34.0,seasonal_naive
2022-09-19,HUANCAVELICA,2.280209209194942,2.2933945229679376,2.432612363681603,2.5652353603443094,1.9766975596256682,0.013,0.013,0.6,0.152,0.152,6.7,0.285,0.285,12.5,-0.304,0.304,13.3,arima
2022-09-26,HUANCAVELICA,1.425130755746838,2.3501303070736017,2.1234559015319463,2.5652353603443094,1.6943121939648584,0.925,0.925,64.9,0.698,0.698,49.0,1.14,1.14,80.0,0.269,0.269,18.9,seasonal_naive
2022-10-03,HUANCAVELICA,2.280209209194942,2.393566681646618,1.7493390445697,2.5652353603443094,0.8471560969824299,0.113,0.113,5.0,-0.531,0.531,23.3,0.285,0.285,12.5,-1.433,1.433,62.8,arima
2022-10-10,HUANCAVELICA,2.280209209194942,2.340235743716274,1.7291167580228235,2.5652353603443094,0.5647707313216186,0.06,0.06,2.6,-0.551,0.551,24.2,0.285,0.285,12.5,-1.715,1.715,75.2,arima
2022-10-17,HUANCAVELICA,2.850261511493678,2.9952316489376334,2.484591833727882,2.280209209194942,1.4119268283040483,0.145,0.145,5.1,-0.366,0.366,12.8,-0.57,0.57,20.0,-1.438,1.438,50.5,arima
2022-10-24,HUANCAVELICA,1.9951830580455743,2.426265347379089,2.8138566887475402,2.280209209194942,1.6943121939648584,0.431,0.431,21.6,0.819,0.819,41.0,0.285,0.285,14.3,-0.301,0.301,15.1,naive
2022-10-31,HUANCAVELICA,1.9951830580455743,2.5939714821262476,3.6943476481996953,2.280209209194942,3.3886243879297187,0.599,0.599,30.0,1.699,1.699,85.2,0.285,0.285,14.3,1.393,1.393,69.8,naive
2022-11-07,HUANCAVELICA,2.5652353603443103,2.6647343921812734,4.015103977512499,2.280209209194942,3.6710097535905284,0.099,0.099,3.9,1.45,1.45,56.5,-0.285,0.285,11.1,1.106,1.106,43.1,arima
2022-11-14,HUANCAVELICA,3.705339964941782,2.6467173610499044,3.054748174467494,2.5652353603443103,4.800551216233769,-1.059,1.059,28.6,-0.651,0.651,17.6,-1.14,1.14,30.8,1.095,1.095,29.6,holt_winters
2022-11-21,HUANCAVELICA,2.850261511493678,2.8211629097691078,2.752682268712841,2.5652353603443103,4.800551216233769,-0.029,0.029,1.0,-0.098,0.098,3.4,-0.285,0.285,10.0,1.95,1.95,68.4,arima
2022-11-28,HUANCAVELICA,2.56523536034431,2.6493506315524096,2.539369011196281,2.5652353603443103,4.23578048491215,0.084,0.084,3.3,-0.026,0.026,1.0,0.0,0.0,0.0,1.671,1.671,65.1,naive
2022-12-05,HUANCAVELICA,3.4203138137924136,2.716612297315805,2.660620701082133,2.5652353603443103,3.106239022268909,-0.704,0.704,20.6,-0.76,0.76,22.2,-0.855,0.855,25.0,-0.314,0.314,9.2,seasonal_naive
