date,actual,predicted,model,region
2010-12-27,1.633479802022248,2.8002510891809957,naive,HUANCAVELICA
2011-01-03,1.6383461320901114,2.8002510891809957,naive,HUANCAVELICA
2011-01-10,1.6529451222937006,2.8002510891809957,naive,HUANCAVELICA
2011-01-17,1.9057646999969033,2.8002510891809957,naive,HUANCAVELICA
2011-01-24,2.3822058749961292,1.905764699996904,naive,HUANCAVELICA
2011-01-31,2.3822058749961292,1.905764699996904,naive,HUANCAVELICA
2011-02-07,2.143985287496516,1.905764699996904,naive,HUANCAVELICA
2011-02-14,2.143985287496516,1.905764699996904,naive,HUANCAVELICA
2011-02-21,2.143985287496516,2.1439852874965166,naive,HUANCAVELICA
2011-02-28,1.4293235249976775,2.1439852874965166,naive,HUANCAVELICA
2011-03-07,1.1911029374980646,2.1439852874965166,naive,HUANCAVELICA
2011-03-14,1.1911029374980646,2.1439852874965166,naive,HUANCAVELICA
2011-03-21,1.9057646999969033,1.1911029374980648,naive,HUANCAVELICA
2011-03-28,2.143985287496516,1.1911029374980648,naive,HUANCAVELICA
2011-04-04,1.6675441124972903,1.1911029374980648,naive,HUANCAVELICA
2011-04-11,1.4293235249976775,1.1911029374980648,naive,HUANCAVELICA
2011-04-18,1.1911029374980642,1.4293235249976775,naive,HUANCAVELICA
2011-04-25,1.4293235249976772,1.4293235249976775,naive,HUANCAVELICA
2011-05-02,0.9528823499984515,1.4293235249976775,naive,HUANCAVELICA
2011-05-09,0.9528823499984515,1.4293235249976775,naive,HUANCAVELICA
2011-05-16,1.1911029374980646,0.9528823499984516,naive,HUANCAVELICA
2011-05-23,1.1911029374980646,0.9528823499984516,naive,HUANCAVELICA
2011-05-30,0.9528823499984517,0.9528823499984516,naive,HUANCAVELICA
2011-06-06,0.9528823499984517,0.9528823499984516,naive,HUANCAVELICA
2011-06-13,1.1911029374980646,0.9528823499984516,naive,HUANCAVELICA
2011-06-20,1.1911029374980646,0.9528823499984516,naive,HUANCAVELICA
2011-06-27,0.9528823499984515,0.9528823499984516,naive,HUANCAVELICA
2011-07-04,0.9528823499984515,0.9528823499984516,naive,HUANCAVELICA
2011-07-11,1.1911029374980644,0.9528823499984516,naive,HUANCAVELICA
2011-07-18,1.1911029374980642,0.9528823499984516,naive,HUANCAVELICA
2011-07-25,1.905764699996903,0.9528823499984516,naive,HUANCAVELICA
2011-08-01,1.6675441124972903,0.9528823499984516,naive,HUANCAVELICA
2011-08-08,1.4293235249976775,1.6675441124972905,naive,HUANCAVELICA
2011-08-15,2.1439852874965157,1.6675441124972905,naive,HUANCAVELICA
2011-08-22,2.1439852874965157,1.6675441124972905,naive,HUANCAVELICA
2011-08-29,2.620426462495742,1.6675441124972905,naive,HUANCAVELICA
2011-09-05,1.4293235249976775,2.620426462495742,naive,HUANCAVELICA
2011-09-12,1.6675441124972903,2.620426462495742,naive,HUANCAVELICA
2011-09-19,0.9528823499984515,2.620426462495742,naive,HUANCAVELICA
2011-09-26,0.9528823499984515,2.620426462495742,naive,HUANCAVELICA
2011-10-03,1.4293235249976772,0.9528823499984516,naive,HUANCAVELICA
2011-10-10,1.66754411249729,0.9528823499984516,naive,HUANCAVELICA
2011-10-17,2.620426462495742,0.9528823499984516,naive,HUANCAVELICA
2011-10-24,2.858647049995355,0.9528823499984516,naive,HUANCAVELICA
2011-10-31,3.3350882249945806,2.8586470499953545,naive,HUANCAVELICA
2011-11-07,3.3350882249945806,2.8586470499953545,naive,HUANCAVELICA
2011-11-14,2.620426462495742,2.8586470499953545,naive,HUANCAVELICA
2011-11-21,2.143985287496516,2.8586470499953545,naive,HUANCAVELICA
2011-11-28,0.7146617624988386,2.1439852874965166,naive,HUANCAVELICA
2011-12-05,0.4764411749992257,2.1439852874965166,naive,HUANCAVELICA
2011-12-12,1.4293235249976772,2.1439852874965166,naive,HUANCAVELICA
2011-12-19,1.66754411249729,2.1439852874965166,naive,HUANCAVELICA
2011-12-26,1.4293235249976772,1.66754411249729,naive,HUANCAVELICA
2012-01-02,1.211399769250557,1.66754411249729,naive,HUANCAVELICA
2012-01-09,1.7030635680641522,1.66754411249729,naive,HUANCAVELICA
2012-01-16,1.9463583635018882,1.66754411249729,naive,HUANCAVELICA
2012-01-23,1.459768772626416,1.9463583635018882,naive,HUANCAVELICA
2012-01-30,1.459768772626416,1.9463583635018882,naive,HUANCAVELICA
2012-02-06,1.946358363501888,1.9463583635018882,naive,HUANCAVELICA
2012-02-13,1.7030635680641522,1.9463583635018882,naive,HUANCAVELICA
2012-02-20,1.459768772626416,1.703063568064152,naive,HUANCAVELICA
2012-02-27,1.459768772626416,1.703063568064152,naive,HUANCAVELICA
2012-03-05,1.7030635680641517,1.703063568064152,naive,HUANCAVELICA
2012-03-12,2.189653158939624,1.703063568064152,naive,HUANCAVELICA
2012-03-19,2.189653158939624,2.189653158939624,naive,HUANCAVELICA
2012-03-26,2.43294795437736,2.189653158939624,naive,HUANCAVELICA
2012-04-02,1.9463583635018882,2.189653158939624,naive,HUANCAVELICA
2012-04-09,2.4329479543773602,2.189653158939624,naive,HUANCAVELICA
2012-04-16,2.919537545252832,2.4329479543773602,naive,HUANCAVELICA
2012-04-23,3.64942193156604,2.4329479543773602,naive,HUANCAVELICA
2012-04-30,2.676242749815096,2.4329479543773602,naive,HUANCAVELICA
2012-05-07,1.7030635680641517,2.4329479543773602,naive,HUANCAVELICA
2012-05-14,1.459768772626416,1.703063568064152,naive,HUANCAVELICA
2012-05-21,1.7030635680641522,1.703063568064152,naive,HUANCAVELICA
2012-05-28,1.459768772626416,1.703063568064152,naive,HUANCAVELICA
2012-06-04,1.459768772626416,1.703063568064152,naive,HUANCAVELICA
2012-06-11,1.9463583635018882,1.4597687726264157,naive,HUANCAVELICA
2012-06-18,2.676242749815096,1.4597687726264157,naive,HUANCAVELICA
2012-06-25,3.1628323406905685,1.4597687726264157,naive,HUANCAVELICA
2012-07-02,2.676242749815096,1.4597687726264157,naive,HUANCAVELICA
2012-07-09,2.189653158939624,2.676242749815096,naive,HUANCAVELICA
2012-07-16,1.459768772626416,2.676242749815096,naive,HUANCAVELICA
2012-07-23,1.9463583635018882,2.676242749815096,naive,HUANCAVELICA
2012-07-30,2.43294795437736,2.676242749815096,naive,HUANCAVELICA
2012-08-06,2.189653158939624,2.43294795437736,naive,HUANCAVELICA
2012-08-13,1.946358363501888,2.43294795437736,naive,HUANCAVELICA
2012-08-20,1.7030635680641517,2.43294795437736,naive,HUANCAVELICA
2012-08-27,1.459768772626416,2.43294795437736,naive,HUANCAVELICA
2012-09-03,0.973179181750944,1.4597687726264157,naive,HUANCAVELICA
2012-09-10,0.973179181750944,1.4597687726264157,naive,HUANCAVELICA
2012-09-17,1.459768772626416,1.4597687726264157,naive,HUANCAVELICA
2012-09-24,1.459768772626416,1.4597687726264157,naive,HUANCAVELICA
2012-10-01,0.9731791817509438,1.4597687726264157,naive,HUANCAVELICA
2012-10-08,0.4865895908754719,1.4597687726264157,naive,HUANCAVELICA
2012-10-15,0.4865895908754719,1.4597687726264157,naive,HUANCAVELICA
2012-10-22,0.973179181750944,1.4597687726264157,naive,HUANCAVELICA
2012-10-29,0.9731791817509441,0.9731791817509439,naive,HUANCAVELICA
2012-11-05,1.21647397718868,0.9731791817509439,naive,HUANCAVELICA
2012-11-12,1.7030635680641517,0.9731791817509439,naive,HUANCAVELICA
2012-11-19,1.946358363501888,0.9731791817509439,naive,HUANCAVELICA
2012-11-26,2.189653158939624,1.9463583635018882,naive,HUANCAVELICA
2012-12-03,1.459768772626416,1.9463583635018882,naive,HUANCAVELICA
2012-12-10,1.21647397718868,1.9463583635018882,naive,HUANCAVELICA
2012-12-17,0.973179181750944,1.9463583635018882,naive,HUANCAVELICA
2012-12-24,0.9731791817509441,0.9731791817509439,naive,HUANCAVELICA
2012-12-31,0.973179181750944,0.9731791817509439,naive,HUANCAVELICA
2013-01-07,2.22671438268197,0.9731791817509439,naive,HUANCAVELICA
2013-01-14,2.480598099188948,0.9731791817509439,naive,HUANCAVELICA
2013-01-21,3.7288388395853524,2.4805980991889474,naive,HUANCAVELICA
2013-01-28,2.7344818156959256,2.4805980991889474,naive,HUANCAVELICA
2013-02-04,3.7288388395853524,2.4805980991889474,naive,HUANCAVELICA
2013-02-11,2.7344818156959256,2.4805980991889474,naive,HUANCAVELICA
2013-02-18,2.2373033037512116,2.734481815695926,naive,HUANCAVELICA
2013-02-25,1.2429462798617839,2.734481815695926,naive,HUANCAVELICA
2013-03-04,0.7457677679170701,2.734481815695926,naive,HUANCAVELICA
2013-03-11,0.9943570238894269,2.734481815695926,naive,HUANCAVELICA
2013-03-18,0.9943570238894269,0.994357023889427,naive,HUANCAVELICA
2013-03-25,1.7401247918064975,0.994357023889427,naive,HUANCAVELICA
2013-04-01,1.9887140477788545,0.994357023889427,naive,HUANCAVELICA
2013-04-08,2.237303303751212,0.994357023889427,naive,HUANCAVELICA
2013-04-15,2.734481815695925,2.2373033037512116,naive,HUANCAVELICA
2013-04-22,2.734481815695925,2.2373033037512116,naive,HUANCAVELICA
2013-04-29,2.485892559723568,2.2373033037512116,naive,HUANCAVELICA
2013-05-06,1.4915355358341407,2.2373033037512116,naive,HUANCAVELICA
2013-05-13,1.7401247918064975,1.4915355358341404,naive,HUANCAVELICA
2013-05-20,2.485892559723568,1.4915355358341404,naive,HUANCAVELICA
2013-05-27,3.2316603276406384,1.4915355358341404,naive,HUANCAVELICA
2013-06-03,2.734481815695925,1.4915355358341404,naive,HUANCAVELICA
2013-06-10,2.2373033037512116,2.734481815695925,naive,HUANCAVELICA
2013-06-17,2.734481815695925,2.734481815695925,naive,HUANCAVELICA
2013-06-24,3.2316603276406393,2.734481815695925,naive,HUANCAVELICA
2013-07-01,3.2316603276406393,2.734481815695925,naive,HUANCAVELICA
2013-07-08,1.7401247918064975,3.2316603276406397,naive,HUANCAVELICA
2013-07-15,1.2429462798617839,3.2316603276406397,naive,HUANCAVELICA
2013-07-22,1.2429462798617839,3.2316603276406397,naive,HUANCAVELICA
2013-07-29,1.2429462798617839,3.2316603276406397,naive,HUANCAVELICA
2013-08-05,1.4915355358341407,1.2429462798617839,naive,HUANCAVELICA
2013-08-12,1.7401247918064975,1.2429462798617839,naive,HUANCAVELICA
2013-08-19,2.485892559723568,1.2429462798617839,naive,HUANCAVELICA
2013-08-26,2.734481815695925,1.2429462798617839,naive,HUANCAVELICA
2013-09-02,1.7401247918064975,2.734481815695925,naive,HUANCAVELICA
2013-09-09,3.2316603276406384,2.734481815695925,naive,HUANCAVELICA
2013-09-16,2.485892559723568,2.734481815695925,naive,HUANCAVELICA
2013-09-23,2.485892559723568,2.734481815695925,naive,HUANCAVELICA
2013-09-30,0.2485892559723563,2.4858925597235677,naive,HUANCAVELICA
2013-10-07,0.2485892559723563,2.4858925597235677,naive,HUANCAVELICA
2013-10-14,1.2429462798617839,2.4858925597235677,naive,HUANCAVELICA
2013-10-21,1.9887140477788545,2.4858925597235677,naive,HUANCAVELICA
2013-10-28,2.237303303751211,1.9887140477788545,naive,HUANCAVELICA
2013-11-04,1.7401247918064975,1.9887140477788545,naive,HUANCAVELICA
2013-11-11,1.2429462798617839,1.9887140477788545,naive,HUANCAVELICA
2013-11-18,1.9887140477788545,1.9887140477788545,naive,HUANCAVELICA
2013-11-25,1.7401247918064975,1.9887140477788545,naive,HUANCAVELICA
2013-12-02,1.9887140477788543,1.9887140477788545,naive,HUANCAVELICA
2013-12-09,0.9943570238894269,1.9887140477788545,naive,HUANCAVELICA
2013-12-16,1.4915355358341407,1.9887140477788545,naive,HUANCAVELICA
2013-12-23,1.7401247918064975,1.4915355358341404,naive,HUANCAVELICA
2013-12-30,3.2316603276406384,1.4915355358341404,naive,HUANCAVELICA
2014-01-06,4.264731994052628,1.4915355358341404,naive,HUANCAVELICA
2014-01-13,3.773084145325423,1.4915355358341404,naive,HUANCAVELICA
2014-01-20,2.5411991918986563,3.7730841453254236,naive,HUANCAVELICA
2014-01-27,1.270599595949328,3.7730841453254236,naive,HUANCAVELICA
2014-02-03,1.2705995959493277,3.7730841453254236,naive,HUANCAVELICA
2014-02-10,1.5247195151391935,3.7730841453254236,naive,HUANCAVELICA
2014-02-17,1.270599595949328,1.5247195151391932,naive,HUANCAVELICA
2014-02-24,1.0164796767594622,1.5247195151391932,naive,HUANCAVELICA
2014-03-03,0.5082398383797307,1.5247195151391932,naive,HUANCAVELICA
2014-03-10,1.270599595949328,1.5247195151391932,naive,HUANCAVELICA
2014-03-17,2.5411991918986563,1.270599595949328,naive,HUANCAVELICA
2014-03-24,2.2870792727087905,1.270599595949328,naive,HUANCAVELICA
2014-03-31,1.7788394343290592,1.270599595949328,naive,HUANCAVELICA
2014-04-07,1.270599595949328,1.270599595949328,naive,HUANCAVELICA
2014-04-14,2.2870792727087905,1.270599595949328,naive,HUANCAVELICA
2014-04-21,2.795319111088522,1.270599595949328,naive,HUANCAVELICA
2014-04-28,2.795319111088522,1.270599595949328,naive,HUANCAVELICA
2014-05-05,2.795319111088522,1.270599595949328,naive,HUANCAVELICA
2014-05-12,3.049439030278388,2.795319111088522,naive,HUANCAVELICA
2014-05-19,3.3035589494682536,2.795319111088522,naive,HUANCAVELICA
2014-05-26,2.795319111088522,2.795319111088522,naive,HUANCAVELICA
2014-06-02,2.0329593535189248,2.795319111088522,naive,HUANCAVELICA
2014-06-09,1.5247195151391941,2.032959353518925,naive,HUANCAVELICA
2014-06-16,1.5247195151391941,2.032959353518925,naive,HUANCAVELICA
2014-06-23,1.270599595949328,2.032959353518925,naive,HUANCAVELICA
2014-06-30,1.7788394343290594,2.032959353518925,naive,HUANCAVELICA
2014-07-07,1.270599595949328,1.7788394343290594,naive,HUANCAVELICA
2014-07-14,1.5247195151391935,1.7788394343290594,naive,HUANCAVELICA
2014-07-21,1.0164796767594622,1.7788394343290594,naive,HUANCAVELICA
2014-07-28,1.5247195151391941,1.7788394343290594,naive,HUANCAVELICA
2014-08-04,2.2870792727087905,1.5247195151391941,naive,HUANCAVELICA
2014-08-11,2.795319111088522,1.5247195151391941,naive,HUANCAVELICA
2014-08-18,2.5411991918986563,1.5247195151391941,naive,HUANCAVELICA
2014-08-25,2.0329593535189248,1.5247195151391941,naive,HUANCAVELICA
2014-09-01,1.5247195151391937,2.032959353518925,naive,HUANCAVELICA
2014-09-08,1.270599595949328,2.032959353518925,naive,HUANCAVELICA
2014-09-15,2.032959353518925,2.032959353518925,naive,HUANCAVELICA
2014-09-22,1.524719515139194,2.032959353518925,naive,HUANCAVELICA
2014-09-29,2.0329593535189256,1.5247195151391937,naive,HUANCAVELICA
2014-10-06,2.0329593535189248,1.5247195151391937,naive,HUANCAVELICA
2014-10-13,2.2870792727087905,1.5247195151391937,naive,HUANCAVELICA
2014-10-20,2.2870792727087905,1.5247195151391937,naive,HUANCAVELICA
2014-10-27,1.2705995959493277,2.2870792727087905,naive,HUANCAVELICA
2014-11-03,1.5247195151391941,2.2870792727087905,naive,HUANCAVELICA
2014-11-10,1.5247195151391941,2.2870792727087905,naive,HUANCAVELICA
2014-11-17,2.795319111088522,2.2870792727087905,naive,HUANCAVELICA
2014-11-24,2.5411991918986563,2.795319111088522,naive,HUANCAVELICA
2014-12-01,2.5411991918986563,2.795319111088522,naive,HUANCAVELICA
2014-12-08,1.016479676759462,2.795319111088522,naive,HUANCAVELICA
2014-12-15,2.2870792727087905,2.795319111088522,naive,HUANCAVELICA
2014-12-22,2.5411991918986563,2.2870792727087905,naive,HUANCAVELICA
2014-12-29,2.795319111088522,2.2870792727087905,naive,HUANCAVELICA
2015-01-05,1.7904027984568582,2.2870792727087905,naive,HUANCAVELICA
2015-01-12,1.0280430408872612,2.2870792727087905,naive,HUANCAVELICA
2015-01-19,0.5198032025075298,1.0280430408872614,naive,HUANCAVELICA
2015-01-26,0.7797048037612951,1.0280430408872614,naive,HUANCAVELICA
2015-02-02,1.5594096075225912,1.0280430408872614,naive,HUANCAVELICA
2015-02-09,2.0792128100301217,1.0280430408872614,naive,HUANCAVELICA
2015-02-16,2.858917613791418,2.0792128100301217,naive,HUANCAVELICA
2015-02-23,3.3787208162989484,2.0792128100301217,naive,HUANCAVELICA
2015-03-02,3.8985240188064787,2.0792128100301217,naive,HUANCAVELICA
2015-03-09,3.8985240188064787,2.0792128100301217,naive,HUANCAVELICA
2015-03-16,4.4183272213140095,3.8985240188064783,naive,HUANCAVELICA
2015-03-23,4.158425620060245,3.8985240188064783,naive,HUANCAVELICA
2015-03-30,3.1188192150451832,3.8985240188064783,naive,HUANCAVELICA
2015-04-06,2.3391144112838873,3.8985240188064783,naive,HUANCAVELICA
2015-04-13,2.599016012537653,2.3391144112838878,naive,HUANCAVELICA
2015-04-20,2.3391144112838873,2.3391144112838878,naive,HUANCAVELICA
2015-04-27,1.8193112087763563,2.3391144112838878,naive,HUANCAVELICA
2015-05-04,1.5594096075225912,2.3391144112838878,naive,HUANCAVELICA
2015-05-11,2.0792128100301217,1.5594096075225914,naive,HUANCAVELICA
2015-05-18,2.0792128100301217,1.5594096075225914,naive,HUANCAVELICA
2015-05-25,1.2995080062688258,1.5594096075225914,naive,HUANCAVELICA
2015-06-01,1.8193112087763563,1.5594096075225914,naive,HUANCAVELICA
2015-06-08,2.3391144112838873,1.819311208776356,naive,HUANCAVELICA
2015-06-15,2.5990160125376525,1.819311208776356,naive,HUANCAVELICA
2015-06-22,1.8193112087763563,1.819311208776356,naive,HUANCAVELICA
2015-06-29,1.5594096075225912,1.819311208776356,naive,HUANCAVELICA
2015-07-06,2.3391144112838873,1.5594096075225914,naive,HUANCAVELICA
2015-07-13,3.1188192150451832,1.5594096075225914,naive,HUANCAVELICA
2015-07-20,3.1188192150451832,1.5594096075225914,naive,HUANCAVELICA
2015-07-27,3.378720816298948,1.5594096075225914,naive,HUANCAVELICA
2015-08-03,2.339114411283887,3.378720816298948,naive,HUANCAVELICA
2015-08-10,2.858917613791417,3.378720816298948,naive,HUANCAVELICA
2015-08-17,2.339114411283887,3.378720816298948,naive,HUANCAVELICA
2015-08-24,2.599016012537652,3.378720816298948,naive,HUANCAVELICA
2015-08-31,1.5594096075225912,2.5990160125376525,naive,HUANCAVELICA
2015-09-07,1.2995080062688258,2.5990160125376525,naive,HUANCAVELICA
2015-09-14,1.0396064050150604,2.5990160125376525,naive,HUANCAVELICA
2015-09-21,1.0396064050150604,2.5990160125376525,naive,HUANCAVELICA
2015-09-28,0.5198032025075298,1.0396064050150602,naive,HUANCAVELICA
2015-10-05,0.25990160125376444,1.0396064050150602,naive,HUANCAVELICA
2015-10-12,0.25990160125376444,1.0396064050150602,naive,HUANCAVELICA
2015-10-19,0.5198032025075298,1.0396064050150602,naive,HUANCAVELICA
2015-10-26,0.779704803761296,0.5198032025075299,naive,HUANCAVELICA
2015-11-02,1.299508006268826,0.5198032025075299,naive,HUANCAVELICA
2015-11-09,1.0396064050150606,0.5198032025075299,naive,HUANCAVELICA
2015-11-16,1.5594096075225912,0.5198032025075299,naive,HUANCAVELICA
2015-11-23,1.0396064050150604,1.5594096075225914,naive,HUANCAVELICA
2015-11-30,1.5594096075225912,1.5594096075225914,naive,HUANCAVELICA
2015-12-07,2.5990160125376525,1.5594096075225914,naive,HUANCAVELICA
2015-12-14,2.5990160125376525,1.5594096075225914,naive,HUANCAVELICA
2015-12-21,2.5990160125376525,2.5990160125376525,naive,HUANCAVELICA
2015-12-28,0.7797048037612951,2.5990160125376525,naive,HUANCAVELICA
2016-01-04,1.0517096082563742,2.5990160125376525,naive,HUANCAVELICA
2016-01-11,1.063812811497688,2.5990160125376525,naive,HUANCAVELICA
2016-01-18,1.063812811497688,1.0638128114976881,naive,HUANCAVELICA
2016-01-25,1.5957192172465324,1.0638128114976881,naive,HUANCAVELICA
2016-02-01,1.8616724201209547,1.0638128114976881,naive,HUANCAVELICA
2016-02-08,2.1276256229953767,1.0638128114976881,naive,HUANCAVELICA
2016-02-15,1.8616724201209547,2.1276256229953767,naive,HUANCAVELICA
2016-02-22,1.3297660143721104,2.1276256229953767,naive,HUANCAVELICA
2016-02-29,4.255251245990755,2.1276256229953767,naive,HUANCAVELICA
2016-03-07,3.989298043116333,2.1276256229953767,naive,HUANCAVELICA
2016-03-14,5.0531108546140215,3.9892980431163334,naive,HUANCAVELICA
2016-03-21,3.4573916373674884,3.9892980431163334,naive,HUANCAVELICA
2016-03-28,3.7233448402419107,3.9892980431163334,naive,HUANCAVELICA
2016-04-04,2.925485231618644,3.9892980431163334,naive,HUANCAVELICA
2016-04-11,2.3935788258697994,2.925485231618644,naive,HUANCAVELICA
2016-04-18,2.127625622995377,2.925485231618644,naive,HUANCAVELICA
2016-04-25,2.6595320287442212,2.925485231618644,naive,HUANCAVELICA
2016-05-02,1.8616724201209547,2.925485231618644,naive,HUANCAVELICA
2016-05-09,1.3297660143721104,1.8616724201209545,naive,HUANCAVELICA
2016-05-16,2.1276256229953767,1.8616724201209545,naive,HUANCAVELICA
2016-05-23,2.6595320287442212,1.8616724201209545,naive,HUANCAVELICA
2016-05-30,5.319064057488443,1.8616724201209545,naive,HUANCAVELICA
2016-06-06,5.319064057488443,5.319064057488443,naive,HUANCAVELICA
2016-06-13,4.521204448865177,5.319064057488443,naive,HUANCAVELICA
2016-06-20,2.1276256229953767,5.319064057488443,naive,HUANCAVELICA
2016-06-27,1.0638128114976884,5.319064057488443,naive,HUANCAVELICA
2016-07-04,1.3297660143721106,1.0638128114976886,naive,HUANCAVELICA
2016-07-11,2.127625622995377,1.0638128114976886,naive,HUANCAVELICA
2016-07-18,2.127625622995377,1.0638128114976886,naive,HUANCAVELICA
2016-07-25,3.1914384344930666,1.0638128114976886,naive,HUANCAVELICA
2016-08-01,3.989298043116333,3.191438434493067,naive,HUANCAVELICA
2016-08-08,5.0531108546140215,3.191438434493067,naive,HUANCAVELICA
2016-08-15,4.521204448865176,3.191438434493067,naive,HUANCAVELICA
2016-08-22,3.1914384344930657,3.191438434493067,naive,HUANCAVELICA
2016-08-29,1.5957192172465327,3.1914384344930653,naive,HUANCAVELICA
2016-09-05,1.0638128114976884,3.1914384344930653,naive,HUANCAVELICA
2016-09-12,1.3297660143721106,3.1914384344930653,naive,HUANCAVELICA
2016-09-19,1.3297660143721106,3.1914384344930653,naive,HUANCAVELICA
2016-09-26,1.8616724201209551,1.3297660143721104,naive,HUANCAVELICA
2016-10-03,1.8616724201209551,1.3297660143721104,naive,HUANCAVELICA
2016-10-10,2.1276256229953776,1.3297660143721104,naive,HUANCAVELICA
2016-10-17,3.1914384344930657,1.3297660143721104,naive,HUANCAVELICA
2016-10-24,3.7233448402419107,3.1914384344930653,naive,HUANCAVELICA
2016-10-31,4.255251245990755,3.1914384344930653,naive,HUANCAVELICA
2016-11-07,3.1914384344930657,3.1914384344930653,naive,HUANCAVELICA
2016-11-14,3.457391637367488,3.1914384344930653,naive,HUANCAVELICA
2016-11-21,4.255251245990754,3.457391637367488,naive,HUANCAVELICA
2016-11-28,4.787157651739599,3.457391637367488,naive,HUANCAVELICA
2016-12-05,3.989298043116333,3.457391637367488,naive,HUANCAVELICA
2016-12-12,2.925485231618644,3.457391637367488,naive,HUANCAVELICA
2016-12-19,2.127625622995377,2.925485231618644,naive,HUANCAVELICA
2016-12-26,2.6595320287442217,2.925485231618644,naive,HUANCAVELICA
2017-01-02,2.4062576095821426,2.925485231618644,naive,HUANCAVELICA
2017-01-09,2.4189363932944854,2.925485231618644,naive,HUANCAVELICA
2017-01-16,2.178340757844749,2.418936393294486,naive,HUANCAVELICA
2017-01-23,2.178340757844749,2.418936393294486,naive,HUANCAVELICA
2017-01-30,2.7229259473059364,2.418936393294486,naive,HUANCAVELICA
2017-02-06,2.178340757844749,2.418936393294486,naive,HUANCAVELICA
2017-02-13,2.178340757844749,2.1783407578447487,naive,HUANCAVELICA
2017-02-20,1.3614629736529682,2.1783407578447487,naive,HUANCAVELICA
2017-02-27,1.6337555683835616,2.1783407578447487,naive,HUANCAVELICA
2017-03-06,1.0891703789223743,2.1783407578447487,naive,HUANCAVELICA
2017-03-13,1.0891703789223743,1.0891703789223746,naive,HUANCAVELICA
2017-03-20,0.5445851894611868,1.0891703789223746,naive,HUANCAVELICA
2017-03-27,0.8168777841917811,1.0891703789223746,naive,HUANCAVELICA
2017-04-03,1.0891703789223743,1.0891703789223746,naive,HUANCAVELICA
2017-04-10,1.0891703789223743,1.0891703789223746,naive,HUANCAVELICA
2017-04-17,0.8168777841917806,1.0891703789223746,naive,HUANCAVELICA
2017-04-24,0.27229259473059314,1.0891703789223746,naive,HUANCAVELICA
2017-05-01,0.5445851894611868,1.0891703789223746,naive,HUANCAVELICA
2017-05-08,1.0891703789223743,0.5445851894611868,naive,HUANCAVELICA
2017-05-15,1.6337555683835623,0.5445851894611868,naive,HUANCAVELICA
2017-05-22,1.3614629736529682,0.5445851894611868,naive,HUANCAVELICA
2017-05-29,1.0891703789223743,0.5445851894611868,naive,HUANCAVELICA
2017-06-05,0.8168777841917811,1.0891703789223746,naive,HUANCAVELICA
2017-06-12,0.8168777841917811,1.0891703789223746,naive,HUANCAVELICA
2017-06-19,0.8168777841917811,1.0891703789223746,naive,HUANCAVELICA
2017-06-26,1.3614629736529682,1.0891703789223746,naive,HUANCAVELICA
2017-07-03,2.178340757844749,1.361462973652968,naive,HUANCAVELICA
2017-07-10,2.4506333525753425,1.361462973652968,naive,HUANCAVELICA
2017-07-17,2.178340757844749,1.361462973652968,naive,HUANCAVELICA
2017-07-24,2.4506333525753425,1.361462973652968,naive,HUANCAVELICA
2017-07-31,1.9060481631141553,2.450633352575343,naive,HUANCAVELICA
2017-08-07,1.6337555683835614,2.450633352575343,naive,HUANCAVELICA
2017-08-14,0.8168777841917806,2.450633352575343,naive,HUANCAVELICA
2017-08-21,1.3614629736529682,2.450633352575343,naive,HUANCAVELICA
2017-08-28,1.0891703789223743,1.361462973652968,naive,HUANCAVELICA
2017-09-04,2.178340757844749,1.361462973652968,naive,HUANCAVELICA
2017-09-11,2.178340757844749,1.361462973652968,naive,HUANCAVELICA
2017-09-18,2.178340757844749,1.361462973652968,naive,HUANCAVELICA
2017-09-25,0.8168777841917806,2.1783407578447487,naive,HUANCAVELICA
2017-10-02,0.5445851894611868,2.1783407578447487,naive,HUANCAVELICA
2017-10-09,0.8168777841917811,2.1783407578447487,naive,HUANCAVELICA
2017-10-16,0.8168777841917811,2.1783407578447487,naive,HUANCAVELICA
2017-10-23,1.0891703789223743,0.8168777841917811,naive,HUANCAVELICA
2017-10-30,1.0891703789223743,0.8168777841917811,naive,HUANCAVELICA
2017-11-06,1.0891703789223743,0.8168777841917811,naive,HUANCAVELICA
2017-11-13,1.3614629736529682,0.8168777841917811,naive,HUANCAVELICA
2017-11-20,1.6337555683835616,1.361462973652968,naive,HUANCAVELICA
2017-11-27,1.633755568383562,1.361462973652968,naive,HUANCAVELICA
2017-12-04,1.3614629736529682,1.361462973652968,naive,HUANCAVELICA
2017-12-11,2.1783407578447487,1.361462973652968,naive,HUANCAVELICA
2017-12-18,2.178340757844749,2.1783407578447487,naive,HUANCAVELICA
2017-12-25,2.7229259473059364,2.1783407578447487,naive,HUANCAVELICA
2018-01-01,2.1857067300065136,2.1783407578447487,naive,HUANCAVELICA
2018-01-08,3.5619016479830115,2.1783407578447487,naive,HUANCAVELICA
2018-01-15,2.472731269060636,3.561901647983013,naive,HUANCAVELICA
2018-01-22,2.7474791878451517,3.561901647983013,naive,HUANCAVELICA
2018-01-29,1.648487512707091,3.561901647983013,naive,HUANCAVELICA
2018-02-05,2.4727312690606364,3.561901647983013,naive,HUANCAVELICA
2018-02-12,1.923235431491606,2.4727312690606364,naive,HUANCAVELICA
2018-02-19,1.6484875127070906,2.4727312690606364,naive,HUANCAVELICA
2018-02-26,1.3737395939225756,2.4727312690606364,naive,HUANCAVELICA
2018-03-05,1.648487512707091,2.4727312690606364,naive,HUANCAVELICA
2018-03-12,2.1979833502761212,1.6484875127070908,naive,HUANCAVELICA
2018-03-19,3.5717229441986973,1.6484875127070908,naive,HUANCAVELICA
2018-03-26,4.121218781767728,1.6484875127070908,naive,HUANCAVELICA
2018-04-02,3.296975025414182,1.6484875127070908,naive,HUANCAVELICA
2018-04-09,1.648487512707091,3.2969750254141825,naive,HUANCAVELICA
2018-04-16,1.3737395939225756,3.2969750254141825,naive,HUANCAVELICA
2018-04-23,2.1979833502761212,3.2969750254141825,naive,HUANCAVELICA
2018-04-30,3.0222271066296664,3.2969750254141825,naive,HUANCAVELICA
2018-05-07,2.7474791878451517,3.022227106629666,naive,HUANCAVELICA
2018-05-14,3.0222271066296673,3.022227106629666,naive,HUANCAVELICA
2018-05-21,3.0222271066296673,3.022227106629666,naive,HUANCAVELICA
2018-05-28,4.121218781767728,3.022227106629666,naive,HUANCAVELICA
2018-06-04,4.670714619336757,4.121218781767728,naive,HUANCAVELICA
2018-06-11,4.945462538121273,4.121218781767728,naive,HUANCAVELICA
2018-06-18,4.395966700552243,4.121218781767728,naive,HUANCAVELICA
2018-06-25,4.121218781767729,4.121218781767728,naive,HUANCAVELICA
2018-07-02,4.3959667005522425,4.121218781767729,naive,HUANCAVELICA
2018-07-09,4.121218781767728,4.121218781767729,naive,HUANCAVELICA
2018-07-16,3.296975025414182,4.121218781767729,naive,HUANCAVELICA
2018-07-23,1.923235431491606,4.121218781767729,naive,HUANCAVELICA
2018-07-30,1.648487512707091,1.9232354314916065,naive,HUANCAVELICA
2018-08-06,1.3737395939225756,1.9232354314916065,naive,HUANCAVELICA
2018-08-13,1.648487512707091,1.9232354314916065,naive,HUANCAVELICA
2018-08-20,1.9232354314916063,1.9232354314916065,naive,HUANCAVELICA
2018-08-27,2.1979833502761212,1.9232354314916065,naive,HUANCAVELICA
2018-09-03,2.4727312690606364,1.9232354314916065,naive,HUANCAVELICA
2018-09-10,1.923235431491606,1.9232354314916065,naive,HUANCAVELICA
2018-09-17,1.3737395939225754,1.9232354314916065,naive,HUANCAVELICA
2018-09-24,0.5494958375690299,1.3737395939225752,naive,HUANCAVELICA
2018-10-01,0.8242437563535451,1.3737395939225752,naive,HUANCAVELICA
2018-10-08,0.8242437563535451,1.3737395939225752,naive,HUANCAVELICA
2018-10-15,1.923235431491606,1.3737395939225752,naive,HUANCAVELICA
2018-10-22,2.1979833502761212,1.9232354314916065,naive,HUANCAVELICA
2018-10-29,2.7474791878451517,1.9232354314916065,naive,HUANCAVELICA
2018-11-05,2.472731269060637,1.9232354314916065,naive,HUANCAVELICA
2018-11-12,2.4727312690606364,1.9232354314916065,naive,HUANCAVELICA
2018-11-19,1.9232354314916063,2.4727312690606364,naive,HUANCAVELICA
2018-11-26,2.1979833502761212,2.4727312690606364,naive,HUANCAVELICA
2018-12-03,2.1979833502761212,2.4727312690606364,naive,HUANCAVELICA
2018-12-10,3.0222271066296673,2.4727312690606364,naive,HUANCAVELICA
2018-12-17,3.0222271066296673,3.0222271066296678,naive,HUANCAVELICA
2018-12-24,2.4727312690606364,3.0222271066296678,naive,HUANCAVELICA
2018-12-31,2.7474791878451525,3.0222271066296678,naive,HUANCAVELICA
2019-01-07,2.202981827754126,3.0222271066296678,naive,HUANCAVELICA
2019-01-14,2.4852274627556477,2.2029818277541255,naive,HUANCAVELICA
2019-01-21,1.6634829451411042,2.2029818277541255,naive,HUANCAVELICA
2019-01-28,1.9407301026646213,2.2029818277541255,naive,HUANCAVELICA
2019-02-04,1.3862357876175866,2.2029818277541255,naive,HUANCAVELICA
2019-02-11,2.2179772601881393,1.3862357876175864,naive,HUANCAVELICA
2019-02-18,1.940730102664622,1.3862357876175864,naive,HUANCAVELICA
2019-02-25,2.4952244177116567,1.3862357876175864,naive,HUANCAVELICA
2019-03-04,3.0497187327586914,1.3862357876175864,naive,HUANCAVELICA
2019-03-11,2.772471575235174,3.0497187327586914,naive,HUANCAVELICA
2019-03-18,2.2179772601881393,3.0497187327586914,naive,HUANCAVELICA
2019-03-25,1.1089886300940692,3.0497187327586914,naive,HUANCAVELICA
2019-04-01,1.1089886300940692,3.0497187327586914,naive,HUANCAVELICA
2019-04-08,1.1089886300940694,1.1089886300940694,naive,HUANCAVELICA
2019-04-15,1.6634829451411042,1.1089886300940694,naive,HUANCAVELICA
2019-04-22,2.4952244177116563,1.1089886300940694,naive,HUANCAVELICA
2019-04-29,2.772471575235174,1.1089886300940694,naive,HUANCAVELICA
2019-05-06,2.2179772601881393,2.772471575235174,naive,HUANCAVELICA
2019-05-13,1.3862357876175866,2.772471575235174,naive,HUANCAVELICA
2019-05-20,1.6634829451411042,2.772471575235174,naive,HUANCAVELICA
2019-05-27,2.495224417711657,2.772471575235174,naive,HUANCAVELICA
2019-06-03,2.495224417711657,2.4952244177116567,naive,HUANCAVELICA
2019-06-10,1.940730102664622,2.4952244177116567,naive,HUANCAVELICA
2019-06-17,0.8317414725705524,2.4952244177116567,naive,HUANCAVELICA
2019-06-24,1.3862357876175866,2.4952244177116567,naive,HUANCAVELICA
2019-07-01,1.9407301026646213,1.3862357876175864,naive,HUANCAVELICA
2019-07-08,3.0497187327586914,1.3862357876175864,naive,HUANCAVELICA
2019-07-15,3.326965890282209,1.3862357876175864,naive,HUANCAVELICA
2019-07-22,3.0497187327586914,1.3862357876175864,naive,HUANCAVELICA
2019-07-29,2.4952244177116563,3.0497187327586914,naive,HUANCAVELICA
2019-08-05,2.217977260188139,3.0497187327586914,naive,HUANCAVELICA
2019-08-12,2.217977260188139,3.0497187327586914,naive,HUANCAVELICA
2019-08-19,1.9407301026646213,3.0497187327586914,naive,HUANCAVELICA
2019-08-26,2.772471575235174,1.940730102664621,naive,HUANCAVELICA
2019-09-02,2.4952244177116563,1.940730102664621,naive,HUANCAVELICA
2019-09-09,2.217977260188139,1.940730102664621,naive,HUANCAVELICA
2019-09-16,1.1089886300940688,1.940730102664621,naive,HUANCAVELICA
2019-09-23,1.3862357876175861,1.108988630094069,naive,HUANCAVELICA
2019-09-30,1.1089886300940686,1.108988630094069,naive,HUANCAVELICA
2019-10-07,0.8317414725705512,1.108988630094069,naive,HUANCAVELICA
2019-10-14,0.8317414725705513,1.108988630094069,naive,HUANCAVELICA
2019-10-21,0.8317414725705513,0.8317414725705514,naive,HUANCAVELICA
2019-10-28,0.8317414725705512,0.8317414725705514,naive,HUANCAVELICA
2019-11-04,1.940730102664621,0.8317414725705514,naive,HUANCAVELICA
2019-11-11,2.772471575235173,0.8317414725705514,naive,HUANCAVELICA
2019-11-18,3.3269658902822083,2.772471575235173,naive,HUANCAVELICA
2019-11-25,1.6634829451411035,2.772471575235173,naive,HUANCAVELICA
2019-12-02,0.8317414725705512,2.772471575235173,naive,HUANCAVELICA
2019-12-09,0.8317414725705512,2.772471575235173,naive,HUANCAVELICA
2019-12-16,1.3862357876175861,0.8317414725705512,naive,HUANCAVELICA
2019-12-23,1.3862357876175861,0.8317414725705512,naive,HUANCAVELICA
2019-12-30,1.3862357876175864,0.8317414725705512,naive,HUANCAVELICA
2020-01-06,1.95091373276691,0.8317414725705512,naive,HUANCAVELICA
2020-01-13,2.790292927914179,1.9509137327669102,naive,HUANCAVELICA
2020-01-20,2.518137585441806,1.9509137327669102,naive,HUANCAVELICA
2020-01-27,1.3989653252454477,1.9509137327669102,naive,HUANCAVELICA
2020-02-03,0.5595861300981783,1.9509137327669102,naive,HUANCAVELICA
2020-02-10,0.8393791951472681,0.5595861300981784,naive,HUANCAVELICA
2020-02-17,0.8393791951472681,0.5595861300981784,naive,HUANCAVELICA
2020-02-24,0.8393791951472681,0.5595861300981784,naive,HUANCAVELICA
2020-03-02,0.5595861300981783,0.5595861300981784,naive,HUANCAVELICA
2020-03-09,0.8393791951472679,0.5595861300981784,naive,HUANCAVELICA
2020-03-16,1.3989653252454473,0.5595861300981784,naive,HUANCAVELICA
2020-03-23,1.678758390294537,0.5595861300981784,naive,HUANCAVELICA
2020-03-30,1.678758390294537,0.5595861300981784,naive,HUANCAVELICA
2020-04-06,1.1191722601963578,1.6787583902945369,naive,HUANCAVELICA
2020-04-13,0.27979306504908863,1.6787583902945369,naive,HUANCAVELICA
2020-04-20,0.27979306504908863,1.6787583902945369,naive,HUANCAVELICA
2020-04-27,0.27979306504908863,1.6787583902945369,naive,HUANCAVELICA
2020-05-04,0.5595861300981783,0.27979306504908863,naive,HUANCAVELICA
2020-05-11,0.5595861300981783,0.27979306504908863,naive,HUANCAVELICA
2020-05-18,0.839379195147269,0.27979306504908863,naive,HUANCAVELICA
2020-05-25,0.5595861300981783,0.27979306504908863,naive,HUANCAVELICA
2020-06-01,0.5595861300981783,0.5595861300981784,naive,HUANCAVELICA
2020-06-08,0.8393791951472679,0.5595861300981784,naive,HUANCAVELICA
2020-06-15,0.8393791951472679,0.5595861300981784,naive,HUANCAVELICA
2020-06-22,0.5595861300981783,0.5595861300981784,naive,HUANCAVELICA
2020-06-29,0.0,0.5595861300981784,naive,HUANCAVELICA
2020-07-06,0.0,0.5595861300981784,naive,HUANCAVELICA
2020-07-13,0.0,0.5595861300981784,naive,HUANCAVELICA
2020-07-20,0.0,0.5595861300981784,naive,HUANCAVELICA
2020-07-27,2.2383445203927166,0.0,naive,HUANCAVELICA
2020-08-03,2.2383445203927166,0.0,naive,HUANCAVELICA
2020-08-10,2.2383445203927166,0.0,naive,HUANCAVELICA
2020-08-17,0.2797930650490888,0.0,naive,HUANCAVELICA
2020-08-24,2.797930650490896,0.27979306504908885,naive,HUANCAVELICA
2020-08-31,3.357516780589075,0.27979306504908885,naive,HUANCAVELICA
2020-09-07,5.316068235932703,0.27979306504908885,naive,HUANCAVELICA
2020-09-14,3.6373098456381645,0.27979306504908885,naive,HUANCAVELICA
2020-09-21,3.9171029106872552,3.637309845638164,naive,HUANCAVELICA
2020-09-28,3.0777237155399857,3.637309845638164,naive,HUANCAVELICA
2020-10-05,2.2383445203927166,3.637309845638164,naive,HUANCAVELICA
2020-10-12,1.3989653252454477,3.637309845638164,naive,HUANCAVELICA
2020-10-19,0.8393791951472682,1.398965325245448,naive,HUANCAVELICA
2020-10-26,1.1191722601963578,1.398965325245448,naive,HUANCAVELICA
2020-11-02,1.3989653252454477,1.398965325245448,naive,HUANCAVELICA
2020-11-09,1.1191722601963578,1.398965325245448,naive,HUANCAVELICA
2020-11-16,1.9585514553436267,1.1191722601963576,naive,HUANCAVELICA
2020-11-23,2.2383445203927166,1.1191722601963576,naive,HUANCAVELICA
2020-11-30,3.6373098456381654,1.1191722601963576,naive,HUANCAVELICA
2020-12-07,3.357516780589075,1.1191722601963576,naive,HUANCAVELICA
2020-12-14,3.0777237155399857,3.3575167805890747,naive,HUANCAVELICA
2020-12-21,1.1191722601963578,3.3575167805890747,naive,HUANCAVELICA
2020-12-28,1.3989653252454477,3.3575167805890747,naive,HUANCAVELICA
2021-01-04,4.225411282465267,3.3575167805890747,naive,HUANCAVELICA
2021-01-11,6.484494207751747,4.225411282465267,naive,HUANCAVELICA
2021-01-18,8.471560969824298,4.225411282465267,naive,HUANCAVELICA
2021-01-25,9.928669456634069,4.225411282465267,naive,HUANCAVELICA
2021-02-01,11.622981650598929,4.225411282465267,naive,HUANCAVELICA
2021-02-08,13.080090137408698,11.62298165059893,naive,HUANCAVELICA
2021-02-15,11.340596284938117,11.62298165059893,naive,HUANCAVELICA
2021-02-22,11.905367016259738,11.62298165059893,naive,HUANCAVELICA
2021-03-01,9.883487798128348,11.62298165059893,naive,HUANCAVELICA
2021-03-08,11.013029260771589,9.88348779812835,naive,HUANCAVELICA
2021-03-15,10.730643895110779,9.88348779812835,naive,HUANCAVELICA
2021-03-22,11.860185357754018,9.88348779812835,naive,HUANCAVELICA
2021-03-29,12.470137747581356,9.88348779812835,naive,HUANCAVELICA
2021-04-05,12.797704771747888,12.470137747581358,naive,HUANCAVELICA
2021-04-12,13.69004252723604,12.470137747581358,naive,HUANCAVELICA
2021-04-19,13.69004252723604,12.470137747581358,naive,HUANCAVELICA
2021-04-26,13.69004252723604,12.470137747581358,naive,HUANCAVELICA
2021-05-03,13.69004252723604,13.690042527236042,naive,HUANCAVELICA
2021-05-10,13.69004252723604,13.690042527236042,naive,HUANCAVELICA
2021-05-17,10.538621846461409,13.690042527236042,naive,HUANCAVELICA
2021-05-24,7.66958653134759,13.690042527236042,naive,HUANCAVELICA
2021-05-31,4.235780484912149,7.669586531347591,naive,HUANCAVELICA
2021-06-07,4.5181658505729585,7.669586531347591,naive,HUANCAVELICA
2021-06-14,3.3886243879297187,7.669586531347591,naive,HUANCAVELICA
2021-06-21,3.6710097535905284,7.669586531347591,naive,HUANCAVELICA
2021-06-28,3.1062390222689085,3.6710097535905284,naive,HUANCAVELICA
2021-07-05,3.953395119251338,3.6710097535905284,naive,HUANCAVELICA
2021-07-12,3.1062390222689085,3.6710097535905284,naive,HUANCAVELICA
2021-07-19,2.541468290947288,3.6710097535905284,naive,HUANCAVELICA
2021-07-26,2.541468290947288,2.541468290947288,naive,HUANCAVELICA
2021-08-02,2.541468290947288,2.541468290947288,naive,HUANCAVELICA
2021-08-09,2.541468290947288,2.541468290947288,naive,HUANCAVELICA
2021-08-16,1.4119268283040485,2.541468290947288,naive,HUANCAVELICA
2021-08-23,1.9766975596256682,1.4119268283040483,naive,HUANCAVELICA
2021-08-30,1.411926828304048,1.4119268283040483,naive,HUANCAVELICA
2021-09-06,1.6943121939648584,1.4119268283040483,naive,HUANCAVELICA
2021-09-13,1.6943121939648584,1.4119268283040483,naive,HUANCAVELICA
2021-09-20,1.9766975596256684,1.6943121939648584,naive,HUANCAVELICA
2021-09-27,1.6943121939648584,1.6943121939648584,naive,HUANCAVELICA
2021-10-04,0.8471560969824299,1.6943121939648584,naive,HUANCAVELICA
2021-10-11,0.5647707313216186,1.6943121939648584,naive,HUANCAVELICA
2021-10-18,1.4119268283040485,0.5647707313216186,naive,HUANCAVELICA
2021-10-25,1.6943121939648584,0.5647707313216186,naive,HUANCAVELICA
2021-11-01,3.388624387929718,0.5647707313216186,naive,HUANCAVELICA
2021-11-08,3.6710097535905284,0.5647707313216186,naive,HUANCAVELICA
2021-11-15,4.800551216233768,3.6710097535905284,naive,HUANCAVELICA
2021-11-22,4.800551216233768,3.6710097535905284,naive,HUANCAVELICA
2021-11-29,4.235780484912149,3.6710097535905284,naive,HUANCAVELICA
2021-12-06,3.1062390222689085,3.6710097535905284,naive,HUANCAVELICA
2021-12-13,1.6943121939648584,3.106239022268909,naive,HUANCAVELICA
2021-12-20,1.6943121939648584,3.106239022268909,naive,HUANCAVELICA
2021-12-27,1.9766975596256682,3.106239022268909,naive,HUANCAVELICA
2022-01-03,1.9793383451142263,3.106239022268909,naive,HUANCAVELICA
2022-01-10,2.5573130038786362,1.9793383451142263,naive,HUANCAVELICA
2022-01-17,3.9903661160911503,1.9793383451142263,naive,HUANCAVELICA
2022-01-24,5.985549174136725,1.9793383451142263,naive,HUANCAVELICA
2022-01-31,7.410679929883564,1.9793383451142263,naive,HUANCAVELICA
2022-02-07,8.265758383331669,7.410679929883564,naive,HUANCAVELICA
2022-02-14,9.690889139078509,7.410679929883564,naive,HUANCAVELICA
2022-02-21,9.690889139078507,7.410679929883564,naive,HUANCAVELICA
2022-02-28,7.125653778734197,7.410679929883564,naive,HUANCAVELICA
2022-03-07,4.845444569539253,7.125653778734199,naive,HUANCAVELICA
2022-03-14,2.8502615114936773,7.125653778734199,naive,HUANCAVELICA
2022-03-21,2.2802092091949415,7.125653778734199,naive,HUANCAVELICA
2022-03-28,0.8550784534481021,7.125653778734199,naive,HUANCAVELICA
2022-04-04,0.2850261511493662,0.8550784534481022,naive,HUANCAVELICA
2022-04-11,0.8550784534481021,0.8550784534481022,naive,HUANCAVELICA
2022-04-18,1.425130755746838,0.8550784534481022,naive,HUANCAVELICA
2022-04-25,1.9951830580455738,0.8550784534481022,naive,HUANCAVELICA
2022-05-02,2.56523536034431,1.995183058045574,naive,HUANCAVELICA
2022-05-09,2.56523536034431,1.995183058045574,naive,HUANCAVELICA
2022-05-16,1.710156906896206,1.995183058045574,naive,HUANCAVELICA
2022-05-23,0.8550784534481021,1.995183058045574,naive,HUANCAVELICA
2022-05-30,1.14010460459747,0.8550784534481022,naive,HUANCAVELICA
2022-06-06,1.425130755746838,0.8550784534481022,naive,HUANCAVELICA
2022-06-13,2.280209209194942,0.8550784534481022,naive,HUANCAVELICA
2022-06-20,2.56523536034431,0.8550784534481022,naive,HUANCAVELICA
2022-06-27,3.1352876626430457,2.5652353603443094,naive,HUANCAVELICA
2022-07-04,2.280209209194942,2.5652353603443094,naive,HUANCAVELICA
2022-07-11,2.280209209194942,2.5652353603443094,naive,HUANCAVELICA
2022-07-18,3.705339964941782,2.5652353603443094,naive,HUANCAVELICA
2022-07-25,4.560418418389886,3.705339964941782,naive,HUANCAVELICA
2022-08-01,4.560418418389886,3.705339964941782,naive,HUANCAVELICA
2022-08-08,3.9903661160911494,3.705339964941782,naive,HUANCAVELICA
2022-08-15,4.275392267240517,3.705339964941782,naive,HUANCAVELICA
2022-08-22,3.9903661160911494,4.275392267240517,naive,HUANCAVELICA
2022-08-29,3.7053399649417815,4.275392267240517,naive,HUANCAVELICA
2022-09-05,3.1352876626430457,4.275392267240517,naive,HUANCAVELICA
2022-09-12,2.56523536034431,4.275392267240517,naive,HUANCAVELICA
2022-09-19,2.280209209194942,2.5652353603443094,naive,HUANCAVELICA
2022-09-26,1.425130755746838,2.5652353603443094,naive,HUANCAVELICA
2022-10-03,2.280209209194942,2.5652353603443094,naive,HUANCAVELICA
2022-10-10,2.280209209194942,2.5652353603443094,naive,HUANCAVELICA
2022-10-17,2.850261511493678,2.280209209194942,naive,HUANCAVELICA
2022-10-24,1.9951830580455743,2.280209209194942,naive,HUANCAVELICA
2022-10-31,1.9951830580455743,2.280209209194942,naive,HUANCAVELICA
2022-11-07,2.5652353603443103,2.280209209194942,naive,HUANCAVELICA
2022-11-14,3.705339964941782,2.5652353603443103,naive,HUANCAVELICA
2022-11-21,2.850261511493678,2.5652353603443103,naive,HUANCAVELICA
2022-11-28,2.56523536034431,2.5652353603443103,naive,HUANCAVELICA
2022-12-05,3.4203138137924136,2.5652353603443103,naive,HUANCAVELICA
2010-12-27,1.633479802022248,0.9147289658074313,seasonal_naive,HUANCAVELICA
2011-01-03,1.6383461320901114,0.9194009817873232,seasonal_naive,HUANCAVELICA
2011-01-10,1.6529451222937006,0.4667085148634994,seasonal_naive,HUANCAVELICA
2011-01-17,1.9057646999969033,1.400125544590498,seasonal_naive,HUANCAVELICA
2011-01-24,2.3822058749961292,1.6334798020222476,seasonal_naive,HUANCAVELICA
2011-01-31,2.3822058749961292,1.400125544590498,seasonal_naive,HUANCAVELICA
2011-02-07,2.143985287496516,0.9334170297269988,seasonal_naive,HUANCAVELICA
2011-02-14,2.143985287496516,1.1667712871587486,seasonal_naive,HUANCAVELICA
2011-02-21,2.143985287496516,1.400125544590498,seasonal_naive,HUANCAVELICA
2011-02-28,1.4293235249976775,1.400125544590498,seasonal_naive,HUANCAVELICA
2011-03-07,1.1911029374980646,1.866834059453998,seasonal_naive,HUANCAVELICA
2011-03-14,1.1911029374980646,2.1001883168857476,seasonal_naive,HUANCAVELICA
2011-03-21,1.9057646999969033,1.633479802022248,seasonal_naive,HUANCAVELICA
2011-03-28,2.143985287496516,0.9334170297269988,seasonal_naive,HUANCAVELICA
2011-04-04,1.6675441124972903,0.700062772295249,seasonal_naive,HUANCAVELICA
2011-04-11,1.4293235249976775,1.400125544590498,seasonal_naive,HUANCAVELICA
2011-04-18,1.1911029374980642,1.1667712871587486,seasonal_naive,HUANCAVELICA
2011-04-25,1.4293235249976772,0.9334170297269988,seasonal_naive,HUANCAVELICA
2011-05-02,0.9528823499984515,0.2333542574317497,seasonal_naive,HUANCAVELICA
2011-05-09,0.9528823499984515,0.4667085148634994,seasonal_naive,HUANCAVELICA
2011-05-16,1.1911029374980646,0.4667085148634994,seasonal_naive,HUANCAVELICA
2011-05-23,1.1911029374980646,0.700062772295249,seasonal_naive,HUANCAVELICA
2011-05-30,0.9528823499984517,1.1667712871587481,seasonal_naive,HUANCAVELICA
2011-06-06,0.9528823499984517,1.1667712871587481,seasonal_naive,HUANCAVELICA
2011-06-13,1.1911029374980646,1.6334798020222476,seasonal_naive,HUANCAVELICA
2011-06-20,1.1911029374980646,1.4001255445904985,seasonal_naive,HUANCAVELICA
2011-06-27,0.9528823499984515,1.866834059453998,seasonal_naive,HUANCAVELICA
2011-07-04,0.9528823499984515,1.400125544590498,seasonal_naive,HUANCAVELICA
2011-07-11,1.1911029374980644,1.1667712871587481,seasonal_naive,HUANCAVELICA
2011-07-18,1.1911029374980642,1.1667712871587481,seasonal_naive,HUANCAVELICA
2011-07-25,1.905764699996903,1.400125544590498,seasonal_naive,HUANCAVELICA
2011-08-01,1.6675441124972903,1.400125544590498,seasonal_naive,HUANCAVELICA
2011-08-08,1.4293235249976775,1.8668340594539967,seasonal_naive,HUANCAVELICA
2011-08-15,2.1439852874965157,1.6334798020222476,seasonal_naive,HUANCAVELICA
2011-08-22,2.1439852874965157,1.6334798020222476,seasonal_naive,HUANCAVELICA
2011-08-29,2.620426462495742,0.9334170297269988,seasonal_naive,HUANCAVELICA
2011-09-05,1.4293235249976775,0.9334170297269988,seasonal_naive,HUANCAVELICA
2011-09-12,1.6675441124972903,0.700062772295249,seasonal_naive,HUANCAVELICA
2011-09-19,0.9528823499984515,1.1667712871587486,seasonal_naive,HUANCAVELICA
2011-09-26,0.9528823499984515,1.400125544590498,seasonal_naive,HUANCAVELICA
2011-10-03,1.4293235249976772,1.866834059453998,seasonal_naive,HUANCAVELICA
2011-10-10,1.66754411249729,2.100188316885747,seasonal_naive,HUANCAVELICA
2011-10-17,2.620426462495742,2.100188316885747,seasonal_naive,HUANCAVELICA
2011-10-24,2.858647049995355,2.1001883168857476,seasonal_naive,HUANCAVELICA
2011-10-31,3.3350882249945806,1.1667712871587486,seasonal_naive,HUANCAVELICA
2011-11-07,3.3350882249945806,1.4001255445904985,seasonal_naive,HUANCAVELICA
2011-11-14,2.620426462495742,2.1001883168857476,seasonal_naive,HUANCAVELICA
2011-11-21,2.143985287496516,2.3335425743174976,seasonal_naive,HUANCAVELICA
2011-11-28,0.7146617624988386,1.8668340594539967,seasonal_naive,HUANCAVELICA
2011-12-05,0.4764411749992257,2.3335425743174967,seasonal_naive,HUANCAVELICA
2011-12-12,1.4293235249976772,2.3335425743174967,seasonal_naive,HUANCAVELICA
2011-12-19,1.66754411249729,2.8002510891809957,seasonal_naive,HUANCAVELICA
2011-12-26,1.4293235249976772,1.633479802022248,seasonal_naive,HUANCAVELICA
2012-01-02,1.211399769250557,1.6383461320901112,seasonal_naive,HUANCAVELICA
2012-01-09,1.7030635680641522,1.6529451222937008,seasonal_naive,HUANCAVELICA
2012-01-16,1.9463583635018882,1.905764699996904,seasonal_naive,HUANCAVELICA
2012-01-23,1.459768772626416,2.3822058749961292,seasonal_naive,HUANCAVELICA
2012-01-30,1.459768772626416,2.3822058749961292,seasonal_naive,HUANCAVELICA
2012-02-06,1.946358363501888,2.1439852874965166,seasonal_naive,HUANCAVELICA
2012-02-13,1.7030635680641522,2.1439852874965166,seasonal_naive,HUANCAVELICA
2012-02-20,1.459768772626416,2.1439852874965166,seasonal_naive,HUANCAVELICA
2012-02-27,1.459768772626416,1.4293235249976775,seasonal_naive,HUANCAVELICA
2012-03-05,1.7030635680641517,1.1911029374980648,seasonal_naive,HUANCAVELICA
2012-03-12,2.189653158939624,1.1911029374980648,seasonal_naive,HUANCAVELICA
2012-03-19,2.189653158939624,1.905764699996904,seasonal_naive,HUANCAVELICA
2012-03-26,2.43294795437736,2.1439852874965166,seasonal_naive,HUANCAVELICA
2012-04-02,1.9463583635018882,1.6675441124972905,seasonal_naive,HUANCAVELICA
2012-04-09,2.4329479543773602,1.4293235249976775,seasonal_naive,HUANCAVELICA
2012-04-16,2.919537545252832,1.1911029374980644,seasonal_naive,HUANCAVELICA
2012-04-23,3.64942193156604,1.4293235249976775,seasonal_naive,HUANCAVELICA
2012-04-30,2.676242749815096,0.9528823499984516,seasonal_naive,HUANCAVELICA
2012-05-07,1.7030635680641517,0.9528823499984516,seasonal_naive,HUANCAVELICA
2012-05-14,1.459768772626416,1.1911029374980648,seasonal_naive,HUANCAVELICA
2012-05-21,1.7030635680641522,1.1911029374980648,seasonal_naive,HUANCAVELICA
2012-05-28,1.459768772626416,0.9528823499984516,seasonal_naive,HUANCAVELICA
2012-06-04,1.459768772626416,0.9528823499984516,seasonal_naive,HUANCAVELICA
2012-06-11,1.9463583635018882,1.1911029374980648,seasonal_naive,HUANCAVELICA
2012-06-18,2.676242749815096,1.1911029374980648,seasonal_naive,HUANCAVELICA
2012-06-25,3.1628323406905685,0.9528823499984516,seasonal_naive,HUANCAVELICA
2012-07-02,2.676242749815096,0.9528823499984516,seasonal_naive,HUANCAVELICA
2012-07-09,2.189653158939624,1.1911029374980644,seasonal_naive,HUANCAVELICA
2012-07-16,1.459768772626416,1.1911029374980644,seasonal_naive,HUANCAVELICA
2012-07-23,1.9463583635018882,1.9057646999969027,seasonal_naive,HUANCAVELICA
2012-07-30,2.43294795437736,1.6675441124972905,seasonal_naive,HUANCAVELICA
2012-08-06,2.189653158939624,1.4293235249976775,seasonal_naive,HUANCAVELICA
2012-08-13,1.946358363501888,2.1439852874965157,seasonal_naive,HUANCAVELICA
2012-08-20,1.7030635680641517,2.1439852874965157,seasonal_naive,HUANCAVELICA
2012-08-27,1.459768772626416,2.620426462495742,seasonal_naive,HUANCAVELICA
2012-09-03,0.973179181750944,1.4293235249976775,seasonal_naive,HUANCAVELICA
2012-09-10,0.973179181750944,1.6675441124972905,seasonal_naive,HUANCAVELICA
2012-09-17,1.459768772626416,0.9528823499984516,seasonal_naive,HUANCAVELICA
2012-09-24,1.459768772626416,0.9528823499984516,seasonal_naive,HUANCAVELICA
2012-10-01,0.9731791817509438,1.4293235249976775,seasonal_naive,HUANCAVELICA
2012-10-08,0.4865895908754719,1.66754411249729,seasonal_naive,HUANCAVELICA
2012-10-15,0.4865895908754719,2.620426462495742,seasonal_naive,HUANCAVELICA
2012-10-22,0.973179181750944,2.8586470499953545,seasonal_naive,HUANCAVELICA
2012-10-29,0.9731791817509441,3.3350882249945792,seasonal_naive,HUANCAVELICA
2012-11-05,1.21647397718868,3.3350882249945792,seasonal_naive,HUANCAVELICA
2012-11-12,1.7030635680641517,2.620426462495742,seasonal_naive,HUANCAVELICA
2012-11-19,1.946358363501888,2.1439852874965166,seasonal_naive,HUANCAVELICA
2012-11-26,2.189653158939624,0.7146617624988385,seasonal_naive,HUANCAVELICA
2012-12-03,1.459768772626416,0.4764411749992258,seasonal_naive,HUANCAVELICA
2012-12-10,1.21647397718868,1.4293235249976775,seasonal_naive,HUANCAVELICA
2012-12-17,0.973179181750944,1.66754411249729,seasonal_naive,HUANCAVELICA
2012-12-24,0.9731791817509441,1.4293235249976775,seasonal_naive,HUANCAVELICA
2012-12-31,0.973179181750944,1.2113997692505571,seasonal_naive,HUANCAVELICA
2013-01-07,2.22671438268197,1.703063568064152,seasonal_naive,HUANCAVELICA
2013-01-14,2.480598099188948,1.9463583635018882,seasonal_naive,HUANCAVELICA
2013-01-21,3.7288388395853524,1.4597687726264157,seasonal_naive,HUANCAVELICA
2013-01-28,2.7344818156959256,1.4597687726264157,seasonal_naive,HUANCAVELICA
2013-02-04,3.7288388395853524,1.9463583635018882,seasonal_naive,HUANCAVELICA
2013-02-11,2.7344818156959256,1.703063568064152,seasonal_naive,HUANCAVELICA
2013-02-18,2.2373033037512116,1.4597687726264157,seasonal_naive,HUANCAVELICA
2013-02-25,1.2429462798617839,1.4597687726264157,seasonal_naive,HUANCAVELICA
2013-03-04,0.7457677679170701,1.703063568064152,seasonal_naive,HUANCAVELICA
2013-03-11,0.9943570238894269,2.189653158939624,seasonal_naive,HUANCAVELICA
2013-03-18,0.9943570238894269,2.189653158939624,seasonal_naive,HUANCAVELICA
2013-03-25,1.7401247918064975,2.43294795437736,seasonal_naive,HUANCAVELICA
2013-04-01,1.9887140477788545,1.9463583635018882,seasonal_naive,HUANCAVELICA
2013-04-08,2.237303303751212,2.4329479543773602,seasonal_naive,HUANCAVELICA
2013-04-15,2.734481815695925,2.919537545252832,seasonal_naive,HUANCAVELICA
2013-04-22,2.734481815695925,3.6494219315660397,seasonal_naive,HUANCAVELICA
2013-04-29,2.485892559723568,2.676242749815096,seasonal_naive,HUANCAVELICA
2013-05-06,1.4915355358341407,1.703063568064152,seasonal_naive,HUANCAVELICA
2013-05-13,1.7401247918064975,1.4597687726264157,seasonal_naive,HUANCAVELICA
2013-05-20,2.485892559723568,1.703063568064152,seasonal_naive,HUANCAVELICA
2013-05-27,3.2316603276406384,1.4597687726264157,seasonal_naive,HUANCAVELICA
2013-06-03,2.734481815695925,1.4597687726264157,seasonal_naive,HUANCAVELICA
2013-06-10,2.2373033037512116,1.9463583635018882,seasonal_naive,HUANCAVELICA
2013-06-17,2.734481815695925,2.676242749815096,seasonal_naive,HUANCAVELICA
2013-06-24,3.2316603276406393,3.162832340690569,seasonal_naive,HUANCAVELICA
2013-07-01,3.2316603276406393,2.676242749815096,seasonal_naive,HUANCAVELICA
2013-07-08,1.7401247918064975,2.189653158939624,seasonal_naive,HUANCAVELICA
2013-07-15,1.2429462798617839,1.4597687726264157,seasonal_naive,HUANCAVELICA
2013-07-22,1.2429462798617839,1.9463583635018882,seasonal_naive,HUANCAVELICA
2013-07-29,1.2429462798617839,2.43294795437736,seasonal_naive,HUANCAVELICA
2013-08-05,1.4915355358341407,2.189653158939624,seasonal_naive,HUANCAVELICA
2013-08-12,1.7401247918064975,1.9463583635018882,seasonal_naive,HUANCAVELICA
2013-08-19,2.485892559723568,1.703063568064152,seasonal_naive,HUANCAVELICA
2013-08-26,2.734481815695925,1.4597687726264157,seasonal_naive,HUANCAVELICA
2013-09-02,1.7401247918064975,0.9731791817509439,seasonal_naive,HUANCAVELICA
2013-09-09,3.2316603276406384,0.9731791817509439,seasonal_naive,HUANCAVELICA
2013-09-16,2.485892559723568,1.4597687726264157,seasonal_naive,HUANCAVELICA
2013-09-23,2.485892559723568,1.4597687726264157,seasonal_naive,HUANCAVELICA
2013-09-30,0.2485892559723563,0.9731791817509439,seasonal_naive,HUANCAVELICA
2013-10-07,0.2485892559723563,0.4865895908754718,seasonal_naive,HUANCAVELICA
2013-10-14,1.2429462798617839,0.4865895908754718,seasonal_naive,HUANCAVELICA
2013-10-21,1.9887140477788545,0.9731791817509439,seasonal_naive,HUANCAVELICA
2013-10-28,2.237303303751211,0.9731791817509441,seasonal_naive,HUANCAVELICA
2013-11-04,1.7401247918064975,1.21647397718868,seasonal_naive,HUANCAVELICA
2013-11-11,1.2429462798617839,1.703063568064152,seasonal_naive,HUANCAVELICA
2013-11-18,1.9887140477788545,1.9463583635018882,seasonal_naive,HUANCAVELICA
2013-11-25,1.7401247918064975,2.189653158939624,seasonal_naive,HUANCAVELICA
2013-12-02,1.9887140477788543,1.4597687726264157,seasonal_naive,HUANCAVELICA
2013-12-09,0.9943570238894269,1.21647397718868,seasonal_naive,HUANCAVELICA
2013-12-16,1.4915355358341407,0.9731791817509439,seasonal_naive,HUANCAVELICA
2013-12-23,1.7401247918064975,0.9731791817509441,seasonal_naive,HUANCAVELICA
2013-12-30,3.2316603276406384,0.9731791817509439,seasonal_naive,HUANCAVELICA
2014-01-06,4.264731994052628,2.2267143826819695,seasonal_naive,HUANCAVELICA
2014-01-13,3.773084145325423,2.4805980991889474,seasonal_naive,HUANCAVELICA
2014-01-20,2.5411991918986563,3.728838839585352,seasonal_naive,HUANCAVELICA
2014-01-27,1.270599595949328,2.734481815695926,seasonal_naive,HUANCAVELICA
2014-02-03,1.2705995959493277,3.728838839585352,seasonal_naive,HUANCAVELICA
2014-02-10,1.5247195151391935,2.734481815695926,seasonal_naive,HUANCAVELICA
2014-02-17,1.270599595949328,2.2373033037512116,seasonal_naive,HUANCAVELICA
2014-02-24,1.0164796767594622,1.2429462798617839,seasonal_naive,HUANCAVELICA
2014-03-03,0.5082398383797307,0.74576776791707,seasonal_naive,HUANCAVELICA
2014-03-10,1.270599595949328,0.994357023889427,seasonal_naive,HUANCAVELICA
2014-03-17,2.5411991918986563,0.994357023889427,seasonal_naive,HUANCAVELICA
2014-03-24,2.2870792727087905,1.7401247918064975,seasonal_naive,HUANCAVELICA
2014-03-31,1.7788394343290592,1.9887140477788545,seasonal_naive,HUANCAVELICA
2014-04-07,1.270599595949328,2.2373033037512116,seasonal_naive,HUANCAVELICA
2014-04-14,2.2870792727087905,2.734481815695925,seasonal_naive,HUANCAVELICA
2014-04-21,2.795319111088522,2.734481815695925,seasonal_naive,HUANCAVELICA
2014-04-28,2.795319111088522,2.4858925597235677,seasonal_naive,HUANCAVELICA
2014-05-05,2.795319111088522,1.4915355358341404,seasonal_naive,HUANCAVELICA
2014-05-12,3.049439030278388,1.7401247918064975,seasonal_naive,HUANCAVELICA
2014-05-19,3.3035589494682536,2.4858925597235677,seasonal_naive,HUANCAVELICA
2014-05-26,2.795319111088522,3.231660327640638,seasonal_naive,HUANCAVELICA
2014-06-02,2.0329593535189248,2.734481815695925,seasonal_naive,HUANCAVELICA
2014-06-09,1.5247195151391941,2.2373033037512116,seasonal_naive,HUANCAVELICA
2014-06-16,1.5247195151391941,2.734481815695925,seasonal_naive,HUANCAVELICA
2014-06-23,1.270599595949328,3.2316603276406397,seasonal_naive,HUANCAVELICA
2014-06-30,1.7788394343290594,3.2316603276406397,seasonal_naive,HUANCAVELICA
2014-07-07,1.270599595949328,1.7401247918064975,seasonal_naive,HUANCAVELICA
2014-07-14,1.5247195151391935,1.2429462798617839,seasonal_naive,HUANCAVELICA
2014-07-21,1.0164796767594622,1.2429462798617839,seasonal_naive,HUANCAVELICA
2014-07-28,1.5247195151391941,1.2429462798617839,seasonal_naive,HUANCAVELICA
2014-08-04,2.2870792727087905,1.4915355358341404,seasonal_naive,HUANCAVELICA
2014-08-11,2.795319111088522,1.7401247918064975,seasonal_naive,HUANCAVELICA
2014-08-18,2.5411991918986563,2.4858925597235677,seasonal_naive,HUANCAVELICA
2014-08-25,2.0329593535189248,2.734481815695925,seasonal_naive,HUANCAVELICA
2014-09-01,1.5247195151391937,1.7401247918064975,seasonal_naive,HUANCAVELICA
2014-09-08,1.270599595949328,3.231660327640638,seasonal_naive,HUANCAVELICA
2014-09-15,2.032959353518925,2.4858925597235677,seasonal_naive,HUANCAVELICA
2014-09-22,1.524719515139194,2.4858925597235677,seasonal_naive,HUANCAVELICA
2014-09-29,2.0329593535189256,0.24858925597235634,seasonal_naive,HUANCAVELICA
2014-10-06,2.0329593535189248,0.24858925597235634,seasonal_naive,HUANCAVELICA
2014-10-13,2.2870792727087905,1.2429462798617839,seasonal_naive,HUANCAVELICA
2014-10-20,2.2870792727087905,1.9887140477788545,seasonal_naive,HUANCAVELICA
2014-10-27,1.2705995959493277,2.237303303751211,seasonal_naive,HUANCAVELICA
2014-11-03,1.5247195151391941,1.7401247918064975,seasonal_naive,HUANCAVELICA
2014-11-10,1.5247195151391941,1.2429462798617839,seasonal_naive,HUANCAVELICA
2014-11-17,2.795319111088522,1.9887140477788545,seasonal_naive,HUANCAVELICA
2014-11-24,2.5411991918986563,1.7401247918064975,seasonal_naive,HUANCAVELICA
2014-12-01,2.5411991918986563,1.9887140477788545,seasonal_naive,HUANCAVELICA
2014-12-08,1.016479676759462,0.994357023889427,seasonal_naive,HUANCAVELICA
2014-12-15,2.2870792727087905,1.4915355358341404,seasonal_naive,HUANCAVELICA
2014-12-22,2.5411991918986563,1.7401247918064975,seasonal_naive,HUANCAVELICA
2014-12-29,2.795319111088522,3.231660327640638,seasonal_naive,HUANCAVELICA
2015-01-05,1.7904027984568582,4.264731994052628,seasonal_naive,HUANCAVELICA
2015-01-12,1.0280430408872612,3.7730841453254236,seasonal_naive,HUANCAVELICA
2015-01-19,0.5198032025075298,2.541199191898656,seasonal_naive,HUANCAVELICA
2015-01-26,0.7797048037612951,1.270599595949328,seasonal_naive,HUANCAVELICA
2015-02-02,1.5594096075225912,1.270599595949328,seasonal_naive,HUANCAVELICA
2015-02-09,2.0792128100301217,1.5247195151391932,seasonal_naive,HUANCAVELICA
2015-02-16,2.858917613791418,1.270599595949328,seasonal_naive,HUANCAVELICA
2015-02-23,3.3787208162989484,1.0164796767594622,seasonal_naive,HUANCAVELICA
2015-03-02,3.8985240188064787,0.5082398383797306,seasonal_naive,HUANCAVELICA
2015-03-09,3.8985240188064787,1.270599595949328,seasonal_naive,HUANCAVELICA
2015-03-16,4.4183272213140095,2.541199191898656,seasonal_naive,HUANCAVELICA
2015-03-23,4.158425620060245,2.2870792727087905,seasonal_naive,HUANCAVELICA
2015-03-30,3.1188192150451832,1.7788394343290594,seasonal_naive,HUANCAVELICA
2015-04-06,2.3391144112838873,1.270599595949328,seasonal_naive,HUANCAVELICA
2015-04-13,2.599016012537653,2.2870792727087905,seasonal_naive,HUANCAVELICA
2015-04-20,2.3391144112838873,2.795319111088522,seasonal_naive,HUANCAVELICA
2015-04-27,1.8193112087763563,2.795319111088522,seasonal_naive,HUANCAVELICA
2015-05-04,1.5594096075225912,2.795319111088522,seasonal_naive,HUANCAVELICA
2015-05-11,2.0792128100301217,3.0494390302783874,seasonal_naive,HUANCAVELICA
2015-05-18,2.0792128100301217,3.303558949468254,seasonal_naive,HUANCAVELICA
2015-05-25,1.2995080062688258,2.795319111088522,seasonal_naive,HUANCAVELICA
2015-06-01,1.8193112087763563,2.032959353518925,seasonal_naive,HUANCAVELICA
2015-06-08,2.3391144112838873,1.5247195151391941,seasonal_naive,HUANCAVELICA
2015-06-15,2.5990160125376525,1.5247195151391941,seasonal_naive,HUANCAVELICA
2015-06-22,1.8193112087763563,1.270599595949328,seasonal_naive,HUANCAVELICA
2015-06-29,1.5594096075225912,1.7788394343290594,seasonal_naive,HUANCAVELICA
2015-07-06,2.3391144112838873,1.270599595949328,seasonal_naive,HUANCAVELICA
2015-07-13,3.1188192150451832,1.5247195151391932,seasonal_naive,HUANCAVELICA
2015-07-20,3.1188192150451832,1.0164796767594622,seasonal_naive,HUANCAVELICA
2015-07-27,3.378720816298948,1.5247195151391941,seasonal_naive,HUANCAVELICA
2015-08-03,2.339114411283887,2.2870792727087905,seasonal_naive,HUANCAVELICA
2015-08-10,2.858917613791417,2.795319111088522,seasonal_naive,HUANCAVELICA
2015-08-17,2.339114411283887,2.541199191898656,seasonal_naive,HUANCAVELICA
2015-08-24,2.599016012537652,2.032959353518925,seasonal_naive,HUANCAVELICA
2015-08-31,1.5594096075225912,1.5247195151391937,seasonal_naive,HUANCAVELICA
2015-09-07,1.2995080062688258,1.270599595949328,seasonal_naive,HUANCAVELICA
2015-09-14,1.0396064050150604,2.032959353518925,seasonal_naive,HUANCAVELICA
2015-09-21,1.0396064050150604,1.5247195151391937,seasonal_naive,HUANCAVELICA
2015-09-28,0.5198032025075298,2.0329593535189256,seasonal_naive,HUANCAVELICA
2015-10-05,0.25990160125376444,2.032959353518925,seasonal_naive,HUANCAVELICA
2015-10-12,0.25990160125376444,2.2870792727087905,seasonal_naive,HUANCAVELICA
2015-10-19,0.5198032025075298,2.2870792727087905,seasonal_naive,HUANCAVELICA
2015-10-26,0.779704803761296,1.270599595949328,seasonal_naive,HUANCAVELICA
2015-11-02,1.299508006268826,1.5247195151391941,seasonal_naive,HUANCAVELICA
2015-11-09,1.0396064050150606,1.5247195151391941,seasonal_naive,HUANCAVELICA
2015-11-16,1.5594096075225912,2.795319111088522,seasonal_naive,HUANCAVELICA
2015-11-23,1.0396064050150604,2.541199191898656,seasonal_naive,HUANCAVELICA
2015-11-30,1.5594096075225912,2.541199191898656,seasonal_naive,HUANCAVELICA
2015-12-07,2.5990160125376525,1.0164796767594617,seasonal_naive,HUANCAVELICA
2015-12-14,2.5990160125376525,2.2870792727087905,seasonal_naive,HUANCAVELICA
2015-12-21,2.5990160125376525,2.541199191898656,seasonal_naive,HUANCAVELICA
2015-12-28,0.7797048037612951,2.795319111088522,seasonal_naive,HUANCAVELICA
2016-01-04,1.0517096082563742,1.7904027984568587,seasonal_naive,HUANCAVELICA
2016-01-11,1.063812811497688,1.0280430408872614,seasonal_naive,HUANCAVELICA
2016-01-18,1.063812811497688,0.5198032025075299,seasonal_naive,HUANCAVELICA
2016-01-25,1.5957192172465324,0.7797048037612953,seasonal_naive,HUANCAVELICA
2016-02-01,1.8616724201209547,1.5594096075225914,seasonal_naive,HUANCAVELICA
2016-02-08,2.1276256229953767,2.0792128100301217,seasonal_naive,HUANCAVELICA
2016-02-15,1.8616724201209547,2.858917613791418,seasonal_naive,HUANCAVELICA
2016-02-22,1.3297660143721104,3.378720816298948,seasonal_naive,HUANCAVELICA
2016-02-29,4.255251245990755,3.8985240188064783,seasonal_naive,HUANCAVELICA
2016-03-07,3.989298043116333,3.8985240188064783,seasonal_naive,HUANCAVELICA
2016-03-14,5.0531108546140215,4.4183272213140095,seasonal_naive,HUANCAVELICA
2016-03-21,3.4573916373674884,4.158425620060245,seasonal_naive,HUANCAVELICA
2016-03-28,3.7233448402419107,3.1188192150451837,seasonal_naive,HUANCAVELICA
2016-04-04,2.925485231618644,2.3391144112838878,seasonal_naive,HUANCAVELICA
2016-04-11,2.3935788258697994,2.599016012537653,seasonal_naive,HUANCAVELICA
2016-04-18,2.127625622995377,2.3391144112838878,seasonal_naive,HUANCAVELICA
2016-04-25,2.6595320287442212,1.819311208776356,seasonal_naive,HUANCAVELICA
2016-05-02,1.8616724201209547,1.5594096075225914,seasonal_naive,HUANCAVELICA
2016-05-09,1.3297660143721104,2.0792128100301217,seasonal_naive,HUANCAVELICA
2016-05-16,2.1276256229953767,2.0792128100301217,seasonal_naive,HUANCAVELICA
2016-05-23,2.6595320287442212,1.2995080062688258,seasonal_naive,HUANCAVELICA
2016-05-30,5.319064057488443,1.819311208776356,seasonal_naive,HUANCAVELICA
2016-06-06,5.319064057488443,2.3391144112838878,seasonal_naive,HUANCAVELICA
2016-06-13,4.521204448865177,2.5990160125376525,seasonal_naive,HUANCAVELICA
2016-06-20,2.1276256229953767,1.819311208776356,seasonal_naive,HUANCAVELICA
2016-06-27,1.0638128114976884,1.5594096075225914,seasonal_naive,HUANCAVELICA
2016-07-04,1.3297660143721106,2.3391144112838878,seasonal_naive,HUANCAVELICA
2016-07-11,2.127625622995377,3.1188192150451837,seasonal_naive,HUANCAVELICA
2016-07-18,2.127625622995377,3.1188192150451837,seasonal_naive,HUANCAVELICA
2016-07-25,3.1914384344930666,3.378720816298948,seasonal_naive,HUANCAVELICA
2016-08-01,3.989298043116333,2.339114411283887,seasonal_naive,HUANCAVELICA
2016-08-08,5.0531108546140215,2.858917613791417,seasonal_naive,HUANCAVELICA
2016-08-15,4.521204448865176,2.339114411283887,seasonal_naive,HUANCAVELICA
2016-08-22,3.1914384344930657,2.5990160125376525,seasonal_naive,HUANCAVELICA
2016-08-29,1.5957192172465327,1.5594096075225914,seasonal_naive,HUANCAVELICA
2016-09-05,1.0638128114976884,1.2995080062688258,seasonal_naive,HUANCAVELICA
2016-09-12,1.3297660143721106,1.0396064050150602,seasonal_naive,HUANCAVELICA
2016-09-19,1.3297660143721106,1.0396064050150602,seasonal_naive,HUANCAVELICA
2016-09-26,1.8616724201209551,0.5198032025075299,seasonal_naive,HUANCAVELICA
2016-10-03,1.8616724201209551,0.25990160125376444,seasonal_naive,HUANCAVELICA
2016-10-10,2.1276256229953776,0.25990160125376444,seasonal_naive,HUANCAVELICA
2016-10-17,3.1914384344930657,0.5198032025075299,seasonal_naive,HUANCAVELICA
2016-10-24,3.7233448402419107,0.7797048037612961,seasonal_naive,HUANCAVELICA
2016-10-31,4.255251245990755,1.2995080062688258,seasonal_naive,HUANCAVELICA
2016-11-07,3.1914384344930657,1.0396064050150606,seasonal_naive,HUANCAVELICA
2016-11-14,3.457391637367488,1.5594096075225914,seasonal_naive,HUANCAVELICA
2016-11-21,4.255251245990754,1.0396064050150602,seasonal_naive,HUANCAVELICA
2016-11-28,4.787157651739599,1.5594096075225914,seasonal_naive,HUANCAVELICA
2016-12-05,3.989298043116333,2.5990160125376525,seasonal_naive,HUANCAVELICA
2016-12-12,2.925485231618644,2.5990160125376525,seasonal_naive,HUANCAVELICA
2016-12-19,2.127625622995377,2.5990160125376525,seasonal_naive,HUANCAVELICA
2016-12-26,2.6595320287442217,0.7797048037612953,seasonal_naive,HUANCAVELICA
2017-01-02,2.4062576095821426,1.0517096082563744,seasonal_naive,HUANCAVELICA
2017-01-09,2.4189363932944854,1.0638128114976881,seasonal_naive,HUANCAVELICA
2017-01-16,2.178340757844749,1.0638128114976881,seasonal_naive,HUANCAVELICA
2017-01-23,2.178340757844749,1.5957192172465322,seasonal_naive,HUANCAVELICA
2017-01-30,2.7229259473059364,1.8616724201209545,seasonal_naive,HUANCAVELICA
2017-02-06,2.178340757844749,2.1276256229953767,seasonal_naive,HUANCAVELICA
2017-02-13,2.178340757844749,1.8616724201209545,seasonal_naive,HUANCAVELICA
2017-02-20,1.3614629736529682,1.3297660143721104,seasonal_naive,HUANCAVELICA
2017-02-27,1.6337555683835616,4.255251245990755,seasonal_naive,HUANCAVELICA
2017-03-06,1.0891703789223743,3.9892980431163334,seasonal_naive,HUANCAVELICA
2017-03-13,1.0891703789223743,5.0531108546140215,seasonal_naive,HUANCAVELICA
2017-03-20,0.5445851894611868,3.457391637367488,seasonal_naive,HUANCAVELICA
2017-03-27,0.8168777841917811,3.7233448402419107,seasonal_naive,HUANCAVELICA
2017-04-03,1.0891703789223743,2.925485231618644,seasonal_naive,HUANCAVELICA
2017-04-10,1.0891703789223743,2.3935788258697994,seasonal_naive,HUANCAVELICA
2017-04-17,0.8168777841917806,2.127625622995377,seasonal_naive,HUANCAVELICA
2017-04-24,0.27229259473059314,2.659532028744221,seasonal_naive,HUANCAVELICA
2017-05-01,0.5445851894611868,1.8616724201209545,seasonal_naive,HUANCAVELICA
2017-05-08,1.0891703789223743,1.3297660143721104,seasonal_naive,HUANCAVELICA
2017-05-15,1.6337555683835623,2.1276256229953767,seasonal_naive,HUANCAVELICA
2017-05-22,1.3614629736529682,2.659532028744221,seasonal_naive,HUANCAVELICA
2017-05-29,1.0891703789223743,5.319064057488443,seasonal_naive,HUANCAVELICA
2017-06-05,0.8168777841917811,5.319064057488443,seasonal_naive,HUANCAVELICA
2017-06-12,0.8168777841917811,4.521204448865177,seasonal_naive,HUANCAVELICA
2017-06-19,0.8168777841917811,2.1276256229953767,seasonal_naive,HUANCAVELICA
2017-06-26,1.3614629736529682,1.0638128114976886,seasonal_naive,HUANCAVELICA
2017-07-03,2.178340757844749,1.3297660143721104,seasonal_naive,HUANCAVELICA
2017-07-10,2.4506333525753425,2.127625622995377,seasonal_naive,HUANCAVELICA
2017-07-17,2.178340757844749,2.127625622995377,seasonal_naive,HUANCAVELICA
2017-07-24,2.4506333525753425,3.191438434493067,seasonal_naive,HUANCAVELICA
2017-07-31,1.9060481631141553,3.9892980431163334,seasonal_naive,HUANCAVELICA
2017-08-07,1.6337555683835614,5.0531108546140215,seasonal_naive,HUANCAVELICA
2017-08-14,0.8168777841917806,4.521204448865176,seasonal_naive,HUANCAVELICA
2017-08-21,1.3614629736529682,3.1914384344930653,seasonal_naive,HUANCAVELICA
2017-08-28,1.0891703789223743,1.5957192172465327,seasonal_naive,HUANCAVELICA
2017-09-04,2.178340757844749,1.0638128114976886,seasonal_naive,HUANCAVELICA
2017-09-11,2.178340757844749,1.3297660143721104,seasonal_naive,HUANCAVELICA
2017-09-18,2.178340757844749,1.3297660143721104,seasonal_naive,HUANCAVELICA
2017-09-25,0.8168777841917806,1.8616724201209558,seasonal_naive,HUANCAVELICA
2017-10-02,0.5445851894611868,1.8616724201209558,seasonal_naive,HUANCAVELICA
2017-10-09,0.8168777841917811,2.127625622995377,seasonal_naive,HUANCAVELICA
2017-10-16,0.8168777841917811,3.1914384344930653,seasonal_naive,HUANCAVELICA
2017-10-23,1.0891703789223743,3.7233448402419107,seasonal_naive,HUANCAVELICA
2017-10-30,1.0891703789223743,4.255251245990755,seasonal_naive,HUANCAVELICA
2017-11-06,1.0891703789223743,3.1914384344930653,seasonal_naive,HUANCAVELICA
2017-11-13,1.3614629736529682,3.457391637367488,seasonal_naive,HUANCAVELICA
2017-11-20,1.6337555683835616,4.255251245990755,seasonal_naive,HUANCAVELICA
2017-11-27,1.633755568383562,4.787157651739598,seasonal_naive,HUANCAVELICA
2017-12-04,1.3614629736529682,3.9892980431163334,seasonal_naive,HUANCAVELICA
2017-12-11,2.1783407578447487,2.925485231618644,seasonal_naive,HUANCAVELICA
2017-12-18,2.178340757844749,2.127625622995377,seasonal_naive,HUANCAVELICA
2017-12-25,2.7229259473059364,2.6595320287442217,seasonal_naive,HUANCAVELICA
2018-01-01,2.1857067300065136,2.4062576095821426,seasonal_naive,HUANCAVELICA
2018-01-08,3.5619016479830115,2.418936393294486,seasonal_naive,HUANCAVELICA
2018-01-15,2.472731269060636,2.1783407578447487,seasonal_naive,HUANCAVELICA
2018-01-22,2.7474791878451517,2.1783407578447487,seasonal_naive,HUANCAVELICA
2018-01-29,1.648487512707091,2.7229259473059364,seasonal_naive,HUANCAVELICA
2018-02-05,2.4727312690606364,2.1783407578447487,seasonal_naive,HUANCAVELICA
2018-02-12,1.923235431491606,2.1783407578447487,seasonal_naive,HUANCAVELICA
2018-02-19,1.6484875127070906,1.361462973652968,seasonal_naive,HUANCAVELICA
2018-02-26,1.3737395939225756,1.6337555683835618,seasonal_naive,HUANCAVELICA
2018-03-05,1.648487512707091,1.0891703789223746,seasonal_naive,HUANCAVELICA
2018-03-12,2.1979833502761212,1.0891703789223746,seasonal_naive,HUANCAVELICA
2018-03-19,3.5717229441986973,0.5445851894611868,seasonal_naive,HUANCAVELICA
2018-03-26,4.121218781767728,0.8168777841917811,seasonal_naive,HUANCAVELICA
2018-04-02,3.296975025414182,1.0891703789223746,seasonal_naive,HUANCAVELICA
2018-04-09,1.648487512707091,1.0891703789223746,seasonal_naive,HUANCAVELICA
2018-04-16,1.3737395939225756,0.8168777841917805,seasonal_naive,HUANCAVELICA
2018-04-23,2.1979833502761212,0.27229259473059314,seasonal_naive,HUANCAVELICA
2018-04-30,3.0222271066296664,0.5445851894611868,seasonal_naive,HUANCAVELICA
2018-05-07,2.7474791878451517,1.0891703789223746,seasonal_naive,HUANCAVELICA
2018-05-14,3.0222271066296673,1.6337555683835623,seasonal_naive,HUANCAVELICA
2018-05-21,3.0222271066296673,1.361462973652968,seasonal_naive,HUANCAVELICA
2018-05-28,4.121218781767728,1.0891703789223746,seasonal_naive,HUANCAVELICA
2018-06-04,4.670714619336757,0.8168777841917811,seasonal_naive,HUANCAVELICA
2018-06-11,4.945462538121273,0.8168777841917811,seasonal_naive,HUANCAVELICA
2018-06-18,4.395966700552243,0.8168777841917811,seasonal_naive,HUANCAVELICA
2018-06-25,4.121218781767729,1.361462973652968,seasonal_naive,HUANCAVELICA
2018-07-02,4.3959667005522425,2.1783407578447487,seasonal_naive,HUANCAVELICA
2018-07-09,4.121218781767728,2.450633352575343,seasonal_naive,HUANCAVELICA
2018-07-16,3.296975025414182,2.1783407578447487,seasonal_naive,HUANCAVELICA
2018-07-23,1.923235431491606,2.450633352575343,seasonal_naive,HUANCAVELICA
2018-07-30,1.648487512707091,1.9060481631141553,seasonal_naive,HUANCAVELICA
2018-08-06,1.3737395939225756,1.6337555683835614,seasonal_naive,HUANCAVELICA
2018-08-13,1.648487512707091,0.8168777841917805,seasonal_naive,HUANCAVELICA
2018-08-20,1.9232354314916063,1.361462973652968,seasonal_naive,HUANCAVELICA
2018-08-27,2.1979833502761212,1.0891703789223746,seasonal_naive,HUANCAVELICA
2018-09-03,2.4727312690606364,2.1783407578447487,seasonal_naive,HUANCAVELICA
2018-09-10,1.923235431491606,2.1783407578447487,seasonal_naive,HUANCAVELICA
2018-09-17,1.3737395939225754,2.1783407578447487,seasonal_naive,HUANCAVELICA
2018-09-24,0.5494958375690299,0.8168777841917805,seasonal_naive,HUANCAVELICA
2018-10-01,0.8242437563535451,0.5445851894611868,seasonal_naive,HUANCAVELICA
2018-10-08,0.8242437563535451,0.8168777841917811,seasonal_naive,HUANCAVELICA
2018-10-15,1.923235431491606,0.8168777841917811,seasonal_naive,HUANCAVELICA
2018-10-22,2.1979833502761212,1.0891703789223746,seasonal_naive,HUANCAVELICA
2018-10-29,2.7474791878451517,1.0891703789223746,seasonal_naive,HUANCAVELICA
2018-11-05,2.472731269060637,1.0891703789223746,seasonal_naive,HUANCAVELICA
2018-11-12,2.4727312690606364,1.361462973652968,seasonal_naive,HUANCAVELICA
2018-11-19,1.9232354314916063,1.6337555683835618,seasonal_naive,HUANCAVELICA
2018-11-26,2.1979833502761212,1.6337555683835618,seasonal_naive,HUANCAVELICA
2018-12-03,2.1979833502761212,1.361462973652968,seasonal_naive,HUANCAVELICA
2018-12-10,3.0222271066296673,2.1783407578447487,seasonal_naive,HUANCAVELICA
2018-12-17,3.0222271066296673,2.1783407578447487,seasonal_naive,HUANCAVELICA
2018-12-24,2.4727312690606364,2.7229259473059364,seasonal_naive,HUANCAVELICA
2018-12-31,2.7474791878451525,2.185706730006513,seasonal_naive,HUANCAVELICA
2019-01-07,2.202981827754126,3.561901647983013,seasonal_naive,HUANCAVELICA
2019-01-14,2.4852274627556477,2.4727312690606356,seasonal_naive,HUANCAVELICA
2019-01-21,1.6634829451411042,2.7474791878451517,seasonal_naive,HUANCAVELICA
2019-01-28,1.9407301026646213,1.6484875127070908,seasonal_naive,HUANCAVELICA
2019-02-04,1.3862357876175866,2.4727312690606364,seasonal_naive,HUANCAVELICA
2019-02-11,2.2179772601881393,1.9232354314916065,seasonal_naive,HUANCAVELICA
2019-02-18,1.940730102664622,1.6484875127070904,seasonal_naive,HUANCAVELICA
2019-02-25,2.4952244177116567,1.3737395939225756,seasonal_naive,HUANCAVELICA
2019-03-04,3.0497187327586914,1.6484875127070908,seasonal_naive,HUANCAVELICA
2019-03-11,2.772471575235174,2.1979833502761212,seasonal_naive,HUANCAVELICA
2019-03-18,2.2179772601881393,3.571722944198698,seasonal_naive,HUANCAVELICA
2019-03-25,1.1089886300940692,4.121218781767728,seasonal_naive,HUANCAVELICA
2019-04-01,1.1089886300940692,3.2969750254141825,seasonal_naive,HUANCAVELICA
2019-04-08,1.1089886300940694,1.6484875127070908,seasonal_naive,HUANCAVELICA
2019-04-15,1.6634829451411042,1.3737395939225756,seasonal_naive,HUANCAVELICA
2019-04-22,2.4952244177116563,2.1979833502761212,seasonal_naive,HUANCAVELICA
2019-04-29,2.772471575235174,3.022227106629666,seasonal_naive,HUANCAVELICA
2019-05-06,2.2179772601881393,2.7474791878451517,seasonal_naive,HUANCAVELICA
2019-05-13,1.3862357876175866,3.0222271066296678,seasonal_naive,HUANCAVELICA
2019-05-20,1.6634829451411042,3.0222271066296678,seasonal_naive,HUANCAVELICA
2019-05-27,2.495224417711657,4.121218781767728,seasonal_naive,HUANCAVELICA
2019-06-03,2.495224417711657,4.670714619336757,seasonal_naive,HUANCAVELICA
2019-06-10,1.940730102664622,4.945462538121274,seasonal_naive,HUANCAVELICA
2019-06-17,0.8317414725705524,4.395966700552244,seasonal_naive,HUANCAVELICA
2019-06-24,1.3862357876175866,4.121218781767729,seasonal_naive,HUANCAVELICA
2019-07-01,1.9407301026646213,4.3959667005522425,seasonal_naive,HUANCAVELICA
2019-07-08,3.0497187327586914,4.121218781767728,seasonal_naive,HUANCAVELICA
2019-07-15,3.326965890282209,3.2969750254141825,seasonal_naive,HUANCAVELICA
2019-07-22,3.0497187327586914,1.9232354314916065,seasonal_naive,HUANCAVELICA
2019-07-29,2.4952244177116563,1.6484875127070908,seasonal_naive,HUANCAVELICA
2019-08-05,2.217977260188139,1.3737395939225756,seasonal_naive,HUANCAVELICA
2019-08-12,2.217977260188139,1.6484875127070908,seasonal_naive,HUANCAVELICA
2019-08-19,1.9407301026646213,1.9232354314916065,seasonal_naive,HUANCAVELICA
2019-08-26,2.772471575235174,2.1979833502761212,seasonal_naive,HUANCAVELICA
2019-09-02,2.4952244177116563,2.4727312690606364,seasonal_naive,HUANCAVELICA
2019-09-09,2.217977260188139,1.9232354314916065,seasonal_naive,HUANCAVELICA
2019-09-16,1.1089886300940688,1.3737395939225752,seasonal_naive,HUANCAVELICA
2019-09-23,1.3862357876175861,0.54949583756903,seasonal_naive,HUANCAVELICA
2019-09-30,1.1089886300940686,0.824243756353545,seasonal_naive,HUANCAVELICA
2019-10-07,0.8317414725705512,0.824243756353545,seasonal_naive,HUANCAVELICA
2019-10-14,0.8317414725705513,1.9232354314916065,seasonal_naive,HUANCAVELICA
2019-10-21,0.8317414725705513,2.1979833502761212,seasonal_naive,HUANCAVELICA
2019-10-28,0.8317414725705512,2.7474791878451517,seasonal_naive,HUANCAVELICA
2019-11-04,1.940730102664621,2.4727312690606364,seasonal_naive,HUANCAVELICA
2019-11-11,2.772471575235173,2.4727312690606364,seasonal_naive,HUANCAVELICA
2019-11-18,3.3269658902822083,1.9232354314916065,seasonal_naive,HUANCAVELICA
2019-11-25,1.6634829451411035,2.1979833502761212,seasonal_naive,HUANCAVELICA
2019-12-02,0.8317414725705512,2.1979833502761212,seasonal_naive,HUANCAVELICA
2019-12-09,0.8317414725705512,3.0222271066296678,seasonal_naive,HUANCAVELICA
2019-12-16,1.3862357876175861,3.0222271066296678,seasonal_naive,HUANCAVELICA
2019-12-23,1.3862357876175861,2.4727312690606364,seasonal_naive,HUANCAVELICA
2019-12-30,1.3862357876175864,2.747479187845152,seasonal_naive,HUANCAVELICA
2020-01-06,1.95091373276691,2.2029818277541255,seasonal_naive,HUANCAVELICA
2020-01-13,2.790292927914179,2.4852274627556477,seasonal_naive,HUANCAVELICA
2020-01-20,2.518137585441806,1.6634829451411042,seasonal_naive,HUANCAVELICA
2020-01-27,1.3989653252454477,1.940730102664621,seasonal_naive,HUANCAVELICA
2020-02-03,0.5595861300981783,1.3862357876175864,seasonal_naive,HUANCAVELICA
2020-02-10,0.8393791951472681,2.2179772601881393,seasonal_naive,HUANCAVELICA
2020-02-17,0.8393791951472681,1.940730102664622,seasonal_naive,HUANCAVELICA
2020-02-24,0.8393791951472681,2.4952244177116567,seasonal_naive,HUANCAVELICA
2020-03-02,0.5595861300981783,3.0497187327586914,seasonal_naive,HUANCAVELICA
2020-03-09,0.8393791951472679,2.772471575235174,seasonal_naive,HUANCAVELICA
2020-03-16,1.3989653252454473,2.2179772601881393,seasonal_naive,HUANCAVELICA
2020-03-23,1.678758390294537,1.1089886300940694,seasonal_naive,HUANCAVELICA
2020-03-30,1.678758390294537,1.1089886300940694,seasonal_naive,HUANCAVELICA
2020-04-06,1.1191722601963578,1.1089886300940694,seasonal_naive,HUANCAVELICA
2020-04-13,0.27979306504908863,1.6634829451411042,seasonal_naive,HUANCAVELICA
2020-04-20,0.27979306504908863,2.4952244177116563,seasonal_naive,HUANCAVELICA
2020-04-27,0.27979306504908863,2.772471575235174,seasonal_naive,HUANCAVELICA
2020-05-04,0.5595861300981783,2.2179772601881393,seasonal_naive,HUANCAVELICA
2020-05-11,0.5595861300981783,1.3862357876175864,seasonal_naive,HUANCAVELICA
2020-05-18,0.839379195147269,1.6634829451411042,seasonal_naive,HUANCAVELICA
2020-05-25,0.5595861300981783,2.4952244177116567,seasonal_naive,HUANCAVELICA
2020-06-01,0.5595861300981783,2.4952244177116567,seasonal_naive,HUANCAVELICA
2020-06-08,0.8393791951472679,1.940730102664622,seasonal_naive,HUANCAVELICA
2020-06-15,0.8393791951472679,0.8317414725705523,seasonal_naive,HUANCAVELICA
2020-06-22,0.5595861300981783,1.3862357876175864,seasonal_naive,HUANCAVELICA
2020-06-29,0.0,1.940730102664621,seasonal_naive,HUANCAVELICA
2020-07-06,0.0,3.0497187327586914,seasonal_naive,HUANCAVELICA
2020-07-13,0.0,3.3269658902822083,seasonal_naive,HUANCAVELICA
2020-07-20,0.0,3.0497187327586914,seasonal_naive,HUANCAVELICA
2020-07-27,2.2383445203927166,2.4952244177116563,seasonal_naive,HUANCAVELICA
2020-08-03,2.2383445203927166,2.2179772601881385,seasonal_naive,HUANCAVELICA
2020-08-10,2.2383445203927166,2.2179772601881385,seasonal_naive,HUANCAVELICA
2020-08-17,0.2797930650490888,1.940730102664621,seasonal_naive,HUANCAVELICA
2020-08-24,2.797930650490896,2.772471575235174,seasonal_naive,HUANCAVELICA
2020-08-31,3.357516780589075,2.4952244177116563,seasonal_naive,HUANCAVELICA
2020-09-07,5.316068235932703,2.2179772601881385,seasonal_naive,HUANCAVELICA
2020-09-14,3.6373098456381645,1.108988630094069,seasonal_naive,HUANCAVELICA
2020-09-21,3.9171029106872552,1.386235787617586,seasonal_naive,HUANCAVELICA
2020-09-28,3.0777237155399857,1.1089886300940686,seasonal_naive,HUANCAVELICA
2020-10-05,2.2383445203927166,0.8317414725705512,seasonal_naive,HUANCAVELICA
2020-10-12,1.3989653252454477,0.8317414725705514,seasonal_naive,HUANCAVELICA
2020-10-19,0.8393791951472682,0.8317414725705514,seasonal_naive,HUANCAVELICA
2020-10-26,1.1191722601963578,0.8317414725705512,seasonal_naive,HUANCAVELICA
2020-11-02,1.3989653252454477,1.940730102664621,seasonal_naive,HUANCAVELICA
2020-11-09,1.1191722601963578,2.772471575235173,seasonal_naive,HUANCAVELICA
2020-11-16,1.9585514553436267,3.3269658902822083,seasonal_naive,HUANCAVELICA
2020-11-23,2.2383445203927166,1.6634829451411033,seasonal_naive,HUANCAVELICA
2020-11-30,3.6373098456381654,0.8317414725705512,seasonal_naive,HUANCAVELICA
2020-12-07,3.357516780589075,0.8317414725705512,seasonal_naive,HUANCAVELICA
2020-12-14,3.0777237155399857,1.386235787617586,seasonal_naive,HUANCAVELICA
2020-12-21,1.1191722601963578,1.386235787617586,seasonal_naive,HUANCAVELICA
2020-12-28,1.3989653252454477,1.3862357876175864,seasonal_naive,HUANCAVELICA
2021-01-04,4.225411282465267,1.9509137327669102,seasonal_naive,HUANCAVELICA
2021-01-11,6.484494207751747,2.7902929279141784,seasonal_naive,HUANCAVELICA
2021-01-18,8.471560969824298,2.5181375854418055,seasonal_naive,HUANCAVELICA
2021-01-25,9.928669456634069,1.398965325245448,seasonal_naive,HUANCAVELICA
2021-02-01,11.622981650598929,0.5595861300981784,seasonal_naive,HUANCAVELICA
2021-02-08,13.080090137408698,0.839379195147268,seasonal_naive,HUANCAVELICA
2021-02-15,11.340596284938117,0.839379195147268,seasonal_naive,HUANCAVELICA
2021-02-22,11.905367016259738,0.839379195147268,seasonal_naive,HUANCAVELICA
2021-03-01,9.883487798128348,0.5595861300981784,seasonal_naive,HUANCAVELICA
2021-03-08,11.013029260771589,0.839379195147268,seasonal_naive,HUANCAVELICA
2021-03-15,10.730643895110779,1.398965325245447,seasonal_naive,HUANCAVELICA
2021-03-22,11.860185357754018,1.6787583902945369,seasonal_naive,HUANCAVELICA
2021-03-29,12.470137747581356,1.6787583902945369,seasonal_naive,HUANCAVELICA
2021-04-05,12.797704771747888,1.1191722601963576,seasonal_naive,HUANCAVELICA
2021-04-12,13.69004252723604,0.27979306504908863,seasonal_naive,HUANCAVELICA
2021-04-19,13.69004252723604,0.27979306504908863,seasonal_naive,HUANCAVELICA
2021-04-26,13.69004252723604,0.27979306504908863,seasonal_naive,HUANCAVELICA
2021-05-03,13.69004252723604,0.5595861300981784,seasonal_naive,HUANCAVELICA
2021-05-10,13.69004252723604,0.5595861300981784,seasonal_naive,HUANCAVELICA
2021-05-17,10.538621846461409,0.8393791951472689,seasonal_naive,HUANCAVELICA
2021-05-24,7.66958653134759,0.5595861300981784,seasonal_naive,HUANCAVELICA
2021-05-31,4.235780484912149,0.5595861300981784,seasonal_naive,HUANCAVELICA
2021-06-07,4.5181658505729585,0.839379195147268,seasonal_naive,HUANCAVELICA
2021-06-14,3.3886243879297187,0.839379195147268,seasonal_naive,HUANCAVELICA
2021-06-21,3.6710097535905284,0.5595861300981784,seasonal_naive,HUANCAVELICA
2021-06-28,3.1062390222689085,0.0,seasonal_naive,HUANCAVELICA
2021-07-05,3.953395119251338,0.0,seasonal_naive,HUANCAVELICA
2021-07-12,3.1062390222689085,0.0,seasonal_naive,HUANCAVELICA
2021-07-19,2.541468290947288,0.0,seasonal_naive,HUANCAVELICA
2021-07-26,2.541468290947288,2.238344520392717,seasonal_naive,HUANCAVELICA
2021-08-02,2.541468290947288,2.238344520392717,seasonal_naive,HUANCAVELICA
2021-08-09,2.541468290947288,2.238344520392717,seasonal_naive,HUANCAVELICA
2021-08-16,1.4119268283040485,0.27979306504908885,seasonal_naive,HUANCAVELICA
2021-08-23,1.9766975596256682,2.797930650490896,seasonal_naive,HUANCAVELICA
2021-08-30,1.411926828304048,3.3575167805890747,seasonal_naive,HUANCAVELICA
2021-09-06,1.6943121939648584,5.316068235932704,seasonal_naive,HUANCAVELICA
2021-09-13,1.6943121939648584,3.637309845638164,seasonal_naive,HUANCAVELICA
2021-09-20,1.9766975596256684,3.9171029106872552,seasonal_naive,HUANCAVELICA
2021-09-27,1.6943121939648584,3.0777237155399852,seasonal_naive,HUANCAVELICA
2021-10-04,0.8471560969824299,2.238344520392717,seasonal_naive,HUANCAVELICA
2021-10-11,0.5647707313216186,1.398965325245448,seasonal_naive,HUANCAVELICA
2021-10-18,1.4119268283040485,0.8393791951472682,seasonal_naive,HUANCAVELICA
2021-10-25,1.6943121939648584,1.1191722601963576,seasonal_naive,HUANCAVELICA
2021-11-01,3.388624387929718,1.398965325245448,seasonal_naive,HUANCAVELICA
2021-11-08,3.6710097535905284,1.1191722601963576,seasonal_naive,HUANCAVELICA
2021-11-15,4.800551216233768,1.9585514553436267,seasonal_naive,HUANCAVELICA
2021-11-22,4.800551216233768,2.238344520392717,seasonal_naive,HUANCAVELICA
2021-11-29,4.235780484912149,3.637309845638166,seasonal_naive,HUANCAVELICA
2021-12-06,3.1062390222689085,3.3575167805890747,seasonal_naive,HUANCAVELICA
2021-12-13,1.6943121939648584,3.0777237155399852,seasonal_naive,HUANCAVELICA
2021-12-20,1.6943121939648584,1.1191722601963576,seasonal_naive,HUANCAVELICA
2021-12-27,1.9766975596256682,1.398965325245448,seasonal_naive,HUANCAVELICA
2022-01-03,1.9793383451142263,4.225411282465267,seasonal_naive,HUANCAVELICA
2022-01-10,2.5573130038786362,6.484494207751748,seasonal_naive,HUANCAVELICA
2022-01-17,3.9903661160911503,8.4715609698243,seasonal_naive,HUANCAVELICA
2022-01-24,5.985549174136725,9.92866945663407,seasonal_naive,HUANCAVELICA
2022-01-31,7.410679929883564,11.62298165059893,seasonal_naive,HUANCAVELICA
2022-02-07,8.265758383331669,13.080090137408698,seasonal_naive,HUANCAVELICA
2022-02-14,9.690889139078509,11.340596284938119,seasonal_naive,HUANCAVELICA
2022-02-21,9.690889139078507,11.90536701625974,seasonal_naive,HUANCAVELICA
2022-02-28,7.125653778734197,9.88348779812835,seasonal_naive,HUANCAVELICA
2022-03-07,4.845444569539253,11.013029260771587,seasonal_naive,HUANCAVELICA
2022-03-14,2.8502615114936773,10.730643895110779,seasonal_naive,HUANCAVELICA
2022-03-21,2.2802092091949415,11.860185357754018,seasonal_naive,HUANCAVELICA
2022-03-28,0.8550784534481021,12.470137747581358,seasonal_naive,HUANCAVELICA
2022-04-04,0.2850261511493662,12.797704771747892,seasonal_naive,HUANCAVELICA
2022-04-11,0.8550784534481021,13.690042527236042,seasonal_naive,HUANCAVELICA
2022-04-18,1.425130755746838,13.690042527236042,seasonal_naive,HUANCAVELICA
2022-04-25,1.9951830580455738,13.690042527236042,seasonal_naive,HUANCAVELICA
2022-05-02,2.56523536034431,13.690042527236042,seasonal_naive,HUANCAVELICA
2022-05-09,2.56523536034431,13.690042527236042,seasonal_naive,HUANCAVELICA
2022-05-16,1.710156906896206,10.538621846461407,seasonal_naive,HUANCAVELICA
2022-05-23,0.8550784534481021,7.669586531347591,seasonal_naive,HUANCAVELICA
2022-05-30,1.14010460459747,4.23578048491215,seasonal_naive,HUANCAVELICA
2022-06-06,1.425130755746838,4.5181658505729585,seasonal_naive,HUANCAVELICA
2022-06-13,2.280209209194942,3.3886243879297187,seasonal_naive,HUANCAVELICA
2022-06-20,2.56523536034431,3.6710097535905284,seasonal_naive,HUANCAVELICA
2022-06-27,3.1352876626430457,3.106239022268909,seasonal_naive,HUANCAVELICA
2022-07-04,2.280209209194942,3.953395119251338,seasonal_naive,HUANCAVELICA
2022-07-11,2.280209209194942,3.106239022268909,seasonal_naive,HUANCAVELICA
2022-07-18,3.705339964941782,2.541468290947288,seasonal_naive,HUANCAVELICA
2022-07-25,4.560418418389886,2.541468290947288,seasonal_naive,HUANCAVELICA
2022-08-01,4.560418418389886,2.541468290947288,seasonal_naive,HUANCAVELICA
2022-08-08,3.9903661160911494,2.541468290947288,seasonal_naive,HUANCAVELICA
2022-08-15,4.275392267240517,1.4119268283040483,seasonal_naive,HUANCAVELICA
2022-08-22,3.9903661160911494,1.9766975596256682,seasonal_naive,HUANCAVELICA
2022-08-29,3.7053399649417815,1.4119268283040483,seasonal_naive,HUANCAVELICA
2022-09-05,3.1352876626430457,1.6943121939648584,seasonal_naive,HUANCAVELICA
2022-09-12,2.56523536034431,1.6943121939648584,seasonal_naive,HUANCAVELICA
2022-09-19,2.280209209194942,1.9766975596256682,seasonal_naive,HUANCAVELICA
2022-09-26,1.425130755746838,1.6943121939648584,seasonal_naive,HUANCAVELICA
2022-10-03,2.280209209194942,0.8471560969824299,seasonal_naive,HUANCAVELICA
2022-10-10,2.280209209194942,0.5647707313216186,seasonal_naive,HUANCAVELICA
2022-10-17,2.850261511493678,1.4119268283040483,seasonal_naive,HUANCAVELICA
2022-10-24,1.9951830580455743,1.6943121939648584,seasonal_naive,HUANCAVELICA
2022-10-31,1.9951830580455743,3.3886243879297187,seasonal_naive,HUANCAVELICA
2022-11-07,2.5652353603443103,3.6710097535905284,seasonal_naive,HUANCAVELICA
2022-11-14,3.705339964941782,4.800551216233769,seasonal_naive,HUANCAVELICA
2022-11-21,2.850261511493678,4.800551216233769,seasonal_naive,HUANCAVELICA
2022-11-28,2.56523536034431,4.23578048491215,seasonal_naive,HUANCAVELICA
2022-12-05,3.4203138137924136,3.106239022268909,seasonal_naive,HUANCAVELICA
2010-12-27,1.633479802022248,2.541681436682741,holt_winters,HUANCAVELICA
2011-01-03,1.6383461320901114,3.0138824525465093,holt_winters,HUANCAVELICA
2011-01-10,1.6529451222937006,2.8656066740783572,holt_winters,HUANCAVELICA
2011-01-17,1.9057646999969033,3.1847000284032165,holt_winters,HUANCAVELICA
2011-01-24,2.3822058749961292,1.6152080091800762,holt_winters,HUANCAVELICA
2011-01-31,2.3822058749961292,1.225229920037271,holt_winters,HUANCAVELICA
2011-02-07,2.143985287496516,0.8040525586859852,holt_winters,HUANCAVELICA
2011-02-14,2.143985287496516,0.9200182880782128,holt_winters,HUANCAVELICA
2011-02-21,2.143985287496516,2.16015297134386,holt_winters,HUANCAVELICA
2011-02-28,1.4293235249976775,2.259122104647534,holt_winters,HUANCAVELICA
2011-03-07,1.1911029374980646,2.283786584973649,holt_winters,HUANCAVELICA
2011-03-14,1.1911029374980646,2.4706668349692706,holt_winters,HUANCAVELICA
2011-03-21,1.9057646999969033,0.8652313256815807,holt_winters,HUANCAVELICA
2011-03-28,2.143985287496516,0.8724129971521417,holt_winters,HUANCAVELICA
2011-04-04,1.6675441124972903,0.7631617719247523,holt_winters,HUANCAVELICA
2011-04-11,1.4293235249976775,1.1323229750041741,holt_winters,HUANCAVELICA
2011-04-18,1.1911029374980642,1.4274913697313965,holt_winters,HUANCAVELICA
2011-04-25,1.4293235249976772,1.3752686624136783,holt_winters,HUANCAVELICA
2011-05-02,0.9528823499984515,0.9800613706826251,holt_winters,HUANCAVELICA
2011-05-09,0.9528823499984515,1.1714086254694593,holt_winters,HUANCAVELICA
2011-05-16,1.1911029374980646,0.9936705691922836,holt_winters,HUANCAVELICA
2011-05-23,1.1911029374980646,1.011394639744927,holt_winters,HUANCAVELICA
2011-05-30,0.9528823499984517,0.9851254552360673,holt_winters,HUANCAVELICA
2011-06-06,0.9528823499984517,0.8376340863168732,holt_winters,HUANCAVELICA
2011-06-13,1.1911029374980646,1.1906756111183405,holt_winters,HUANCAVELICA
2011-06-20,1.1911029374980646,1.0913566112559643,holt_winters,HUANCAVELICA
2011-06-27,0.9528823499984515,1.419695277380951,holt_winters,HUANCAVELICA
2011-07-04,0.9528823499984515,1.1251704554071194,holt_winters,HUANCAVELICA
2011-07-11,1.1911029374980644,0.8485034906653808,holt_winters,HUANCAVELICA
2011-07-18,1.1911029374980642,0.7699866884570219,holt_winters,HUANCAVELICA
2011-07-25,1.905764699996903,0.9346185863556928,holt_winters,HUANCAVELICA
2011-08-01,1.6675441124972903,1.2888140268170152,holt_winters,HUANCAVELICA
2011-08-08,1.4293235249976775,1.5695308467141578,holt_winters,HUANCAVELICA
2011-08-15,2.1439852874965157,1.9475988305962804,holt_winters,HUANCAVELICA
2011-08-22,2.1439852874965157,1.9015422812356126,holt_winters,HUANCAVELICA
2011-08-29,2.620426462495742,2.1534403310737673,holt_winters,HUANCAVELICA
2011-09-05,1.4293235249976775,2.1482224791198994,holt_winters,HUANCAVELICA
2011-09-12,1.6675441124972903,1.7218144296448346,holt_winters,HUANCAVELICA
2011-09-19,0.9528823499984515,1.8696665457837334,holt_winters,HUANCAVELICA
2011-09-26,0.9528823499984515,1.8454038869312366,holt_winters,HUANCAVELICA
2011-10-03,1.4293235249976772,1.1533714376020425,holt_winters,HUANCAVELICA
2011-10-10,1.66754411249729,1.0883816777221984,holt_winters,HUANCAVELICA
2011-10-17,2.620426462495742,1.0728570555303563,holt_winters,HUANCAVELICA
2011-10-24,2.858647049995355,1.1654868468759907,holt_winters,HUANCAVELICA
2011-10-31,3.3350882249945806,2.1063529959080496,holt_winters,HUANCAVELICA
2011-11-07,3.3350882249945806,2.069406864753227,holt_winters,HUANCAVELICA
2011-11-14,2.620426462495742,2.217142924964656,holt_winters,HUANCAVELICA
2011-11-21,2.143985287496516,2.242884847162875,holt_winters,HUANCAVELICA
2011-11-28,0.7146617624988386,1.434333717851274,holt_winters,HUANCAVELICA
2011-12-05,0.4764411749992257,1.7767358127580675,holt_winters,HUANCAVELICA
2011-12-12,1.4293235249976772,1.8021938296229028,holt_winters,HUANCAVELICA
2011-12-19,1.66754411249729,2.4138682030921577,holt_winters,HUANCAVELICA
2011-12-26,1.4293235249976772,1.2643213408568714,holt_winters,HUANCAVELICA
2012-01-02,1.211399769250557,1.4855495145458142,holt_winters,HUANCAVELICA
2012-01-09,1.7030635680641522,1.4639950299801368,holt_winters,HUANCAVELICA
2012-01-16,1.9463583635018882,2.078200096426535,holt_winters,HUANCAVELICA
2012-01-23,1.459768772626416,1.8246214731254904,holt_winters,HUANCAVELICA
2012-01-30,1.459768772626416,1.5682033578740797,holt_winters,HUANCAVELICA
2012-02-06,1.946358363501888,1.142913593596976,holt_winters,HUANCAVELICA
2012-02-13,1.7030635680641522,1.3926709357699618,holt_winters,HUANCAVELICA
2012-02-20,1.459768772626416,1.7143398453286678,holt_winters,HUANCAVELICA
2012-02-27,1.459768772626416,1.56304276252441,holt_winters,HUANCAVELICA
2012-03-05,1.7030635680641517,1.4598703346005846,holt_winters,HUANCAVELICA
2012-03-12,2.189653158939624,1.585450109103844,holt_winters,HUANCAVELICA
2012-03-19,2.189653158939624,2.1882936070642085,holt_winters,HUANCAVELICA
2012-03-26,2.43294795437736,2.308899354803345,holt_winters,HUANCAVELICA
2012-04-02,1.9463583635018882,1.9397407966407716,holt_winters,HUANCAVELICA
2012-04-09,2.4329479543773602,2.330272550144397,holt_winters,HUANCAVELICA
2012-04-16,2.919537545252832,2.5133535231074626,holt_winters,HUANCAVELICA
2012-04-23,3.64942193156604,2.5136849803192503,holt_winters,HUANCAVELICA
2012-04-30,2.676242749815096,1.9217405159427696,holt_winters,HUANCAVELICA
2012-05-07,1.7030635680641517,1.9566480117338325,holt_winters,HUANCAVELICA
2012-05-14,1.459768772626416,1.8415476962364523,holt_winters,HUANCAVELICA
2012-05-21,1.7030635680641522,1.8000091983003146,holt_winters,HUANCAVELICA
2012-05-28,1.459768772626416,1.5965722429386986,holt_winters,HUANCAVELICA
2012-06-04,1.459768772626416,1.5694764364027214,holt_winters,HUANCAVELICA
2012-06-11,1.9463583635018882,1.730013482777418,holt_winters,HUANCAVELICA
2012-06-18,2.676242749815096,1.6286811001272232,holt_winters,HUANCAVELICA
2012-06-25,3.1628323406905685,1.8111573553345086,holt_winters,HUANCAVELICA
2012-07-02,2.676242749815096,1.5427786036582627,holt_winters,HUANCAVELICA
2012-07-09,2.189653158939624,2.4673897077174947,holt_winters,HUANCAVELICA
2012-07-16,1.459768772626416,2.5357680674362184,holt_winters,HUANCAVELICA
2012-07-23,1.9463583635018882,2.9978077833296854,holt_winters,HUANCAVELICA
2012-07-30,2.43294795437736,3.557311883336758,holt_winters,HUANCAVELICA
2012-08-06,2.189653158939624,2.243658090309863,holt_winters,HUANCAVELICA
2012-08-13,1.946358363501888,2.6255483824600336,holt_winters,HUANCAVELICA
2012-08-20,1.7030635680641517,2.4681722771130437,holt_winters,HUANCAVELICA
2012-08-27,1.459768772626416,3.113306390123144,holt_winters,HUANCAVELICA
2012-09-03,0.973179181750944,0.9145318554798303,holt_winters,HUANCAVELICA
2012-09-10,0.973179181750944,0.7079322138937452,holt_winters,HUANCAVELICA
2012-09-17,1.459768772626416,0.8154289018026353,holt_winters,HUANCAVELICA
2012-09-24,1.459768772626416,0.9961052364610539,holt_winters,HUANCAVELICA
2012-10-01,0.9731791817509438,1.7712600054931924,holt_winters,HUANCAVELICA
2012-10-08,0.4865895908754719,1.6959435685077207,holt_winters,HUANCAVELICA
2012-10-15,0.4865895908754719,1.9011020429660483,holt_winters,HUANCAVELICA
2012-10-22,0.973179181750944,2.1184887210885086,holt_winters,HUANCAVELICA
2012-10-29,0.9731791817509441,0.7710816305488291,holt_winters,HUANCAVELICA
2012-11-05,1.21647397718868,0.8118348329267162,holt_winters,HUANCAVELICA
2012-11-12,1.7030635680641517,0.6999286464794712,holt_winters,HUANCAVELICA
2012-11-19,1.946358363501888,0.6603307111454018,holt_winters,HUANCAVELICA
2012-11-26,2.189653158939624,1.115976937903675,holt_winters,HUANCAVELICA
2012-12-03,1.459768772626416,1.3603226299509457,holt_winters,HUANCAVELICA
2012-12-10,1.21647397718868,1.452239363969543,holt_winters,HUANCAVELICA
2012-12-17,0.973179181750944,1.9748296343145588,holt_winters,HUANCAVELICA
2012-12-24,0.9731791817509441,0.6125570027799279,holt_winters,HUANCAVELICA
2012-12-31,0.973179181750944,0.7766924838097586,holt_winters,HUANCAVELICA
2013-01-07,2.22671438268197,0.8517571239143684,holt_winters,HUANCAVELICA
2013-01-14,2.480598099188948,1.2193950854471973,holt_winters,HUANCAVELICA
2013-01-21,3.7288388395853524,2.409562597384192,holt_winters,HUANCAVELICA
2013-01-28,2.7344818156959256,2.052564366908937,holt_winters,HUANCAVELICA
2013-02-04,3.7288388395853524,1.831244387714234,holt_winters,HUANCAVELICA
2013-02-11,2.7344818156959256,1.913203126941621,holt_winters,HUANCAVELICA
2013-02-18,2.2373033037512116,2.6244012993601227,holt_winters,HUANCAVELICA
2013-02-25,1.2429462798617839,2.2750970148017453,holt_winters,HUANCAVELICA
2013-03-04,0.7457677679170701,2.3443406620254357,holt_winters,HUANCAVELICA
2013-03-11,0.9943570238894269,2.6786000435488933,holt_winters,HUANCAVELICA
2013-03-18,0.9943570238894269,1.0547226440470592,holt_winters,HUANCAVELICA
2013-03-25,1.7401247918064975,1.088452505820794,holt_winters,HUANCAVELICA
2013-04-01,1.9887140477788545,0.809040817963478,holt_winters,HUANCAVELICA
2013-04-08,2.237303303751212,1.1255453952500782,holt_winters,HUANCAVELICA
2013-04-15,2.734481815695925,2.284657074993756,holt_winters,HUANCAVELICA
2013-04-22,2.734481815695925,2.5591387230101694,holt_winters,HUANCAVELICA
2013-04-29,2.485892559723568,1.818953404431371,holt_winters,HUANCAVELICA
2013-05-06,1.4915355358341407,1.7683340551955053,holt_winters,HUANCAVELICA
2013-05-13,1.7401247918064975,1.6021051539964692,holt_winters,HUANCAVELICA
2013-05-20,2.485892559723568,1.7466412834375125,holt_winters,HUANCAVELICA
2013-05-27,3.2316603276406384,1.4241128298506056,holt_winters,HUANCAVELICA
2013-06-03,2.734481815695925,1.4184765111310749,holt_winters,HUANCAVELICA
2013-06-10,2.2373033037512116,3.190170395344162,holt_winters,HUANCAVELICA
2013-06-17,2.734481815695925,3.3462172567613155,holt_winters,HUANCAVELICA
2013-06-24,3.2316603276406393,3.463965044688886,holt_winters,HUANCAVELICA
2013-07-01,3.2316603276406393,3.154769137425255,holt_winters,HUANCAVELICA
2013-07-08,1.7401247918064975,3.2230549750780124,holt_winters,HUANCAVELICA
2013-07-15,1.2429462798617839,3.0410449444257086,holt_winters,HUANCAVELICA
2013-07-22,1.2429462798617839,3.463965044688886,holt_winters,HUANCAVELICA
2013-07-29,1.2429462798617839,3.463965044688886,holt_winters,HUANCAVELICA
2013-08-05,1.4915355358341407,1.1947205798424378,holt_winters,HUANCAVELICA
2013-08-12,1.7401247918064975,1.4370137701800427,holt_winters,HUANCAVELICA
2013-08-19,2.485892559723568,1.3032174014420561,holt_winters,HUANCAVELICA
2013-08-26,2.734481815695925,1.2417360418966048,holt_winters,HUANCAVELICA
2013-09-02,1.7401247918064975,1.8314347398400526,holt_winters,HUANCAVELICA
2013-09-09,3.2316603276406384,1.4235188623849897,holt_winters,HUANCAVELICA
2013-09-16,2.485892559723568,2.147239945219149,holt_winters,HUANCAVELICA
2013-09-23,2.485892559723568,2.3161485064159217,holt_winters,HUANCAVELICA
2013-09-30,0.2485892559723563,2.7040480958278614,holt_winters,HUANCAVELICA
2013-10-07,0.2485892559723563,2.309037183366624,holt_winters,HUANCAVELICA
2013-10-14,1.2429462798617839,2.5339699179534296,holt_winters,HUANCAVELICA
2013-10-21,1.9887140477788545,3.1272862968568793,holt_winters,HUANCAVELICA
2013-10-28,2.237303303751211,1.6712982126137392,holt_winters,HUANCAVELICA
2013-11-04,1.7401247918064975,1.9147899283210261,holt_winters,HUANCAVELICA
2013-11-11,1.2429462798617839,1.7941050992682572,holt_winters,HUANCAVELICA
2013-11-18,1.9887140477788545,1.7989605213370905,holt_winters,HUANCAVELICA
2013-11-25,1.7401247918064975,1.2600770024092758,holt_winters,HUANCAVELICA
2013-12-02,1.9887140477788543,1.4042386771401523,holt_winters,HUANCAVELICA
2013-12-09,0.9943570238894269,1.4556333748353807,holt_winters,HUANCAVELICA
2013-12-16,1.4915355358341407,1.6777664289261982,holt_winters,HUANCAVELICA
2013-12-23,1.7401247918064975,1.0933562864186661,holt_winters,HUANCAVELICA
2013-12-30,3.2316603276406384,1.1487751814011293,holt_winters,HUANCAVELICA
2014-01-06,4.264731994052628,1.5571682014199344,holt_winters,HUANCAVELICA
2014-01-13,3.773084145325423,1.9783525350656834,holt_winters,HUANCAVELICA
2014-01-20,2.5411991918986563,3.728838839585352,holt_winters,HUANCAVELICA
2014-01-27,1.270599595949328,3.639181208407823,holt_winters,HUANCAVELICA
2014-02-03,1.2705995959493277,3.709418628463535,holt_winters,HUANCAVELICA
2014-02-10,1.5247195151391935,3.5801358219898587,holt_winters,HUANCAVELICA
2014-02-17,1.270599595949328,1.4318865599561161,holt_winters,HUANCAVELICA
2014-02-24,1.0164796767594622,1.0403201530424293,holt_winters,HUANCAVELICA
2014-03-03,0.5082398383797307,0.9897099774985183,holt_winters,HUANCAVELICA
2014-03-10,1.270599595949328,1.2174484890062724,holt_winters,HUANCAVELICA
2014-03-17,2.5411991918986563,1.3137841170131752,holt_winters,HUANCAVELICA
2014-03-24,2.2870792727087905,1.41771813319858,holt_winters,HUANCAVELICA
2014-03-31,1.7788394343290592,1.2101384597953926,holt_winters,HUANCAVELICA
2014-04-07,1.270599595949328,1.3998927838915693,holt_winters,HUANCAVELICA
2014-04-14,2.2870792727087905,1.330697788070228,holt_winters,HUANCAVELICA
2014-04-21,2.795319111088522,1.4211778192868407,holt_winters,HUANCAVELICA
2014-04-28,2.795319111088522,1.0080220086235254,holt_winters,HUANCAVELICA
2014-05-05,2.795319111088522,0.8427869981709475,holt_winters,HUANCAVELICA
2014-05-12,3.049439030278388,2.8559044941468006,holt_winters,HUANCAVELICA
2014-05-19,3.3035589494682536,3.329669919323922,holt_winters,HUANCAVELICA
2014-05-26,2.795319111088522,3.468814126549603,holt_winters,HUANCAVELICA
2014-06-02,2.0329593535189248,3.077599746296573,holt_winters,HUANCAVELICA
2014-06-09,1.5247195151391941,2.3588810303236167,holt_winters,HUANCAVELICA
2014-06-16,1.5247195151391941,2.3403245632965786,holt_winters,HUANCAVELICA
2014-06-23,1.270599595949328,2.769967006039925,holt_winters,HUANCAVELICA
2014-06-30,1.7788394343290594,2.496345725543514,holt_winters,HUANCAVELICA
2014-07-07,1.270599595949328,1.3862878774967702,holt_winters,HUANCAVELICA
2014-07-14,1.5247195151391935,1.0840559497227789,holt_winters,HUANCAVELICA
2014-07-21,1.0164796767594622,1.3749621824515859,holt_winters,HUANCAVELICA
2014-07-28,1.5247195151391941,1.5534274534808357,holt_winters,HUANCAVELICA
2014-08-04,2.2870792727087905,1.5673727596879177,holt_winters,HUANCAVELICA
2014-08-11,2.795319111088522,1.8681034616172179,holt_winters,HUANCAVELICA
2014-08-18,2.5411991918986563,1.8871575441772719,holt_winters,HUANCAVELICA
2014-08-25,2.0329593535189248,1.756163716417103,holt_winters,HUANCAVELICA
2014-09-01,1.5247195151391937,1.4306043713529761,holt_winters,HUANCAVELICA
2014-09-08,1.270599595949328,1.3989777186144048,holt_winters,HUANCAVELICA
2014-09-15,2.032959353518925,1.8004356147000813,holt_winters,HUANCAVELICA
2014-09-22,1.524719515139194,1.802196649626076,holt_winters,HUANCAVELICA
2014-09-29,2.0329593535189256,1.0384936700321923,holt_winters,HUANCAVELICA
2014-10-06,2.0329593535189248,0.9050475041559638,holt_winters,HUANCAVELICA
2014-10-13,2.2870792727087905,1.3893773980401294,holt_winters,HUANCAVELICA
2014-10-20,2.2870792727087905,1.925662700895972,holt_winters,HUANCAVELICA
2014-10-27,1.2705995959493277,2.15216641448728,holt_winters,HUANCAVELICA
2014-11-03,1.5247195151391941,2.3214548320152897,holt_winters,HUANCAVELICA
2014-11-10,1.5247195151391941,2.1332442241133744,holt_winters,HUANCAVELICA
2014-11-17,2.795319111088522,2.4184302141195304,holt_winters,HUANCAVELICA
2014-11-24,2.5411991918986563,2.131004528868326,holt_winters,HUANCAVELICA
2014-12-01,2.5411991918986563,2.1287248239069507,holt_winters,HUANCAVELICA
2014-12-08,1.016479676759462,1.9924216498238456,holt_winters,HUANCAVELICA
2014-12-15,2.2870792727087905,2.3762301890490605,holt_winters,HUANCAVELICA
2014-12-22,2.5411991918986563,1.9974285731829666,holt_winters,HUANCAVELICA
2014-12-29,2.795319111088522,2.2077507379367782,holt_winters,HUANCAVELICA
2015-01-05,1.7904027984568582,2.647059872750707,holt_winters,HUANCAVELICA
2015-01-12,1.0280430408872612,3.1464742378408443,holt_winters,HUANCAVELICA
2015-01-19,0.5198032025075298,1.0209348741484061,holt_winters,HUANCAVELICA
2015-01-26,0.7797048037612951,0.7324224888967155,holt_winters,HUANCAVELICA
2015-02-02,1.5594096075225912,0.7782132274566562,holt_winters,HUANCAVELICA
2015-02-09,2.0792128100301217,0.7433537673263793,holt_winters,HUANCAVELICA
2015-02-16,2.858917613791418,1.822671940370658,holt_winters,HUANCAVELICA
2015-02-23,3.3787208162989484,1.434081328483387,holt_winters,HUANCAVELICA
2015-03-02,3.8985240188064787,1.2604847837076845,holt_winters,HUANCAVELICA
2015-03-09,3.8985240188064787,1.6461152834768757,holt_winters,HUANCAVELICA
2015-03-16,4.4183272213140095,3.824514493452659,holt_winters,HUANCAVELICA
2015-03-23,4.158425620060245,3.824514493452659,holt_winters,HUANCAVELICA
2015-03-30,3.1188192150451832,3.824514493452659,holt_winters,HUANCAVELICA
2015-04-06,2.3391144112838873,3.824514493452659,holt_winters,HUANCAVELICA
2015-04-13,2.599016012537653,2.8187435031246384,holt_winters,HUANCAVELICA
2015-04-20,2.3391144112838873,3.0412714804061878,holt_winters,HUANCAVELICA
2015-04-27,1.8193112087763563,2.3142944410660307,holt_winters,HUANCAVELICA
2015-05-04,1.5594096075225912,2.0052629147120395,holt_winters,HUANCAVELICA
2015-05-11,2.0792128100301217,1.678887229139614,holt_winters,HUANCAVELICA
2015-05-18,2.0792128100301217,1.9065089190710625,holt_winters,HUANCAVELICA
2015-05-25,1.2995080062688258,1.9025299725646434,holt_winters,HUANCAVELICA
2015-06-01,1.8193112087763563,1.6604083435548556,holt_winters,HUANCAVELICA
2015-06-08,2.3391144112838873,1.7944057826315327,holt_winters,HUANCAVELICA
2015-06-15,2.5990160125376525,1.9703853211966895,holt_winters,HUANCAVELICA
2015-06-22,1.8193112087763563,2.1114339965993922,holt_winters,HUANCAVELICA
2015-06-29,1.5594096075225912,2.0618872248010724,holt_winters,HUANCAVELICA
2015-07-06,2.3391144112838873,1.1697817446979593,holt_winters,HUANCAVELICA
2015-07-13,3.1188192150451832,1.0159433678814547,holt_winters,HUANCAVELICA
2015-07-20,3.1188192150451832,1.1528092514180606,holt_winters,HUANCAVELICA
2015-07-27,3.378720816298948,1.2776633762047545,holt_winters,HUANCAVELICA
2015-08-03,2.339114411283887,3.5883848362988795,holt_winters,HUANCAVELICA
2015-08-10,2.858917613791417,3.948418228242449,holt_winters,HUANCAVELICA
2015-08-17,2.339114411283887,4.005083675320529,holt_winters,HUANCAVELICA
2015-08-24,2.599016012537652,3.7485661410060676,holt_winters,HUANCAVELICA
2015-08-31,1.5594096075225912,1.725416499415212,holt_winters,HUANCAVELICA
2015-09-07,1.2995080062688258,1.8569395719061252,holt_winters,HUANCAVELICA
2015-09-14,1.0396064050150604,1.9725759030908745,holt_winters,HUANCAVELICA
2015-09-21,1.0396064050150604,1.9011543064943495,holt_winters,HUANCAVELICA
2015-09-28,0.5198032025075298,0.6525010867931682,holt_winters,HUANCAVELICA
2015-10-05,0.25990160125376444,0.6410377112128403,holt_winters,HUANCAVELICA
2015-10-12,0.25990160125376444,1.0179006376896553,holt_winters,HUANCAVELICA
2015-10-19,0.5198032025075298,1.313818773258526,holt_winters,HUANCAVELICA
2015-10-26,0.779704803761296,0.46178204410291396,holt_winters,HUANCAVELICA
2015-11-02,1.299508006268826,0.4815398501684078,holt_winters,HUANCAVELICA
2015-11-09,1.0396064050150606,0.48304252670552383,holt_winters,HUANCAVELICA
2015-11-16,1.5594096075225912,0.6925863099384617,holt_winters,HUANCAVELICA
2015-11-23,1.0396064050150604,1.1587981167659978,holt_winters,HUANCAVELICA
2015-11-30,1.5594096075225912,1.0911052111623971,holt_winters,HUANCAVELICA
2015-12-07,2.5990160125376525,0.8688379089877232,holt_winters,HUANCAVELICA
2015-12-14,2.5990160125376525,1.2067111028275277,holt_winters,HUANCAVELICA
2015-12-21,2.5990160125376525,2.659575401582851,holt_winters,HUANCAVELICA
2015-12-28,0.7797048037612951,2.9779543710423337,holt_winters,HUANCAVELICA
2016-01-04,1.0517096082563742,3.49679924580974,holt_winters,HUANCAVELICA
2016-01-11,1.063812811497688,3.353889886791033,holt_winters,HUANCAVELICA
2016-01-18,1.063812811497688,0.8399746970603172,holt_winters,HUANCAVELICA
2016-01-25,1.5957192172465324,0.6782830429432727,holt_winters,HUANCAVELICA
2016-02-01,1.8616724201209547,0.9547605944298059,holt_winters,HUANCAVELICA
2016-02-08,2.1276256229953767,0.9618671964793155,holt_winters,HUANCAVELICA
2016-02-15,1.8616724201209547,2.030226447846212,holt_winters,HUANCAVELICA
2016-02-22,1.3297660143721104,1.7277714556917343,holt_winters,HUANCAVELICA
2016-02-29,4.255251245990755,1.5350339028932214,holt_winters,HUANCAVELICA
2016-03-07,3.989298043116333,1.9529102200350472,holt_winters,HUANCAVELICA
2016-03-14,5.0531108546140215,4.198124126691757,holt_winters,HUANCAVELICA
2016-03-21,3.4573916373674884,4.198124126691757,holt_winters,HUANCAVELICA
2016-03-28,3.7233448402419107,4.198124126691757,holt_winters,HUANCAVELICA
2016-04-04,2.925485231618644,4.173279692361886,holt_winters,HUANCAVELICA
2016-04-11,2.3935788258697994,3.694261646177436,holt_winters,HUANCAVELICA
2016-04-18,2.127625622995377,3.9892383701449097,holt_winters,HUANCAVELICA
2016-04-25,2.6595320287442212,3.3137011082000205,holt_winters,HUANCAVELICA
2016-05-02,1.8616724201209547,2.694739447518822,holt_winters,HUANCAVELICA
2016-05-09,1.3297660143721104,2.0459779927379547,holt_winters,HUANCAVELICA
2016-05-16,2.1276256229953767,2.285041618945546,holt_winters,HUANCAVELICA
2016-05-23,2.6595320287442212,2.0020713177951905,holt_winters,HUANCAVELICA
2016-05-30,5.319064057488443,1.9064530100596486,holt_winters,HUANCAVELICA
2016-06-06,5.319064057488443,4.327706037229798,holt_winters,HUANCAVELICA
2016-06-13,4.521204448865177,4.327706037229798,holt_winters,HUANCAVELICA
2016-06-20,2.1276256229953767,4.327706037229798,holt_winters,HUANCAVELICA
2016-06-27,1.0638128114976884,4.327706037229798,holt_winters,HUANCAVELICA
2016-07-04,1.3297660143721106,0.8202252278133428,holt_winters,HUANCAVELICA
2016-07-11,2.127625622995377,0.7477752962395883,holt_winters,HUANCAVELICA
2016-07-18,2.127625622995377,0.8165153395841966,holt_winters,HUANCAVELICA
2016-07-25,3.1914384344930666,0.9362690070197628,holt_winters,HUANCAVELICA
2016-08-01,3.989298043116333,3.21608214861193,holt_winters,HUANCAVELICA
2016-08-08,5.0531108546140215,3.625462114341091,holt_winters,HUANCAVELICA
2016-08-15,4.521204448865176,3.4989546239079514,holt_winters,HUANCAVELICA
2016-08-22,3.1914384344930657,3.4738813367107886,holt_winters,HUANCAVELICA
2016-08-29,1.5957192172465327,2.2189090787217594,holt_winters,HUANCAVELICA
2016-09-05,1.0638128114976884,2.4037687142315503,holt_winters,HUANCAVELICA
2016-09-12,1.3297660143721106,2.306233557465214,holt_winters,HUANCAVELICA
2016-09-19,1.3297660143721106,2.1715135050461245,holt_winters,HUANCAVELICA
2016-09-26,1.8616724201209551,0.659540042763358,holt_winters,HUANCAVELICA
2016-10-03,1.8616724201209551,0.5456396646155945,holt_winters,HUANCAVELICA
2016-10-10,2.1276256229953776,0.8849247117229271,holt_winters,HUANCAVELICA
2016-10-17,3.1914384344930657,1.2302099732824314,holt_winters,HUANCAVELICA
2016-10-24,3.7233448402419107,3.036347045013726,holt_winters,HUANCAVELICA
2016-10-31,4.255251245990755,3.460404837940888,holt_winters,HUANCAVELICA
2016-11-07,3.1914384344930657,3.323824644972057,holt_winters,HUANCAVELICA
2016-11-14,3.457391637367488,4.260235177328113,holt_winters,HUANCAVELICA
2016-11-21,4.255251245990754,3.1251859554231496,holt_winters,HUANCAVELICA
2016-11-28,4.787157651739599,2.952262965189118,holt_winters,HUANCAVELICA
2016-12-05,3.989298043116333,2.7005862444732687,holt_winters,HUANCAVELICA
2016-12-12,2.925485231618644,3.181109379750491,holt_winters,HUANCAVELICA
2016-12-19,2.127625622995377,3.0884438866344546,holt_winters,HUANCAVELICA
2016-12-26,2.6595320287442217,2.8294359942308183,holt_winters,HUANCAVELICA
2017-01-02,2.4062576095821426,3.4198786603131683,holt_winters,HUANCAVELICA
2017-01-09,2.4189363932944854,3.183744763907617,holt_winters,HUANCAVELICA
2017-01-16,2.178340757844749,2.1842939538188535,holt_winters,HUANCAVELICA
2017-01-23,2.178340757844749,1.9971611040222346,holt_winters,HUANCAVELICA
2017-01-30,2.7229259473059364,2.565804542728818,holt_winters,HUANCAVELICA
2017-02-06,2.178340757844749,2.600974009045799,holt_winters,HUANCAVELICA
2017-02-13,2.178340757844749,2.090728056740095,holt_winters,HUANCAVELICA
2017-02-20,1.3614629736529682,1.7332159748324956,holt_winters,HUANCAVELICA
2017-02-27,1.6337555683835616,1.984198280921119,holt_winters,HUANCAVELICA
2017-03-06,1.0891703789223743,2.380972707278344,holt_winters,HUANCAVELICA
2017-03-13,1.0891703789223743,1.5189013521948636,holt_winters,HUANCAVELICA
2017-03-20,0.5445851894611868,1.477148739000648,holt_winters,HUANCAVELICA
2017-03-27,0.8168777841917811,1.2706549605530468,holt_winters,HUANCAVELICA
2017-04-03,1.0891703789223743,1.1004814469426565,holt_winters,HUANCAVELICA
2017-04-10,1.0891703789223743,1.3356342902300442,holt_winters,HUANCAVELICA
2017-04-17,0.8168777841917806,1.4351351565400123,holt_winters,HUANCAVELICA
2017-04-24,0.27229259473059314,1.3059933743059422,holt_winters,HUANCAVELICA
2017-05-01,0.5445851894611868,0.9074917513186169,holt_winters,HUANCAVELICA
2017-05-08,1.0891703789223743,0.6031535491907896,holt_winters,HUANCAVELICA
2017-05-15,1.6337555683835623,0.8403389118870206,holt_winters,HUANCAVELICA
2017-05-22,1.3614629736529682,0.7823311914625397,holt_winters,HUANCAVELICA
2017-05-29,1.0891703789223743,0.9319083574249363,holt_winters,HUANCAVELICA
2017-06-05,0.8168777841917811,1.0164997444763655,holt_winters,HUANCAVELICA
2017-06-12,0.8168777841917811,1.1133015878603798,holt_winters,HUANCAVELICA
2017-06-19,0.8168777841917811,0.8291625572107588,holt_winters,HUANCAVELICA
2017-06-26,1.3614629736529682,0.6637949804399939,holt_winters,HUANCAVELICA
2017-07-03,2.178340757844749,1.2165444652626705,holt_winters,HUANCAVELICA
2017-07-10,2.4506333525753425,1.3352485476633835,holt_winters,HUANCAVELICA
2017-07-17,2.178340757844749,1.3555347828917639,holt_winters,HUANCAVELICA
2017-07-24,2.4506333525753425,1.7646938563831354,holt_winters,HUANCAVELICA
2017-07-31,1.9060481631141553,2.685096491127531,holt_winters,HUANCAVELICA
2017-08-07,1.6337555683835614,3.1189027164042065,holt_winters,HUANCAVELICA
2017-08-14,0.8168777841917806,3.0323833814433314,holt_winters,HUANCAVELICA
2017-08-21,1.3614629736529682,2.7623309829445857,holt_winters,HUANCAVELICA
2017-08-28,1.0891703789223743,0.7035804804494437,holt_winters,HUANCAVELICA
2017-09-04,2.178340757844749,0.6985157666173742,holt_winters,HUANCAVELICA
2017-09-11,2.178340757844749,0.8075825212943561,holt_winters,HUANCAVELICA
2017-09-18,2.178340757844749,0.7406239463879167,holt_winters,HUANCAVELICA
2017-09-25,0.8168777841917806,1.509776922525739,holt_winters,HUANCAVELICA
2017-10-02,0.5445851894611868,1.3172669534801793,holt_winters,HUANCAVELICA
2017-10-09,0.8168777841917811,1.724731638880864,holt_winters,HUANCAVELICA
2017-10-16,0.8168777841917811,2.3896645517925155,holt_winters,HUANCAVELICA
2017-10-23,1.0891703789223743,0.8146105999204096,holt_winters,HUANCAVELICA
2017-10-30,1.0891703789223743,0.9509844506782259,holt_winters,HUANCAVELICA
2017-11-06,1.0891703789223743,0.8040657596712548,holt_winters,HUANCAVELICA
2017-11-13,1.3614629736529682,1.2195223860369007,holt_winters,HUANCAVELICA
2017-11-20,1.6337555683835616,1.2354998893898927,holt_winters,HUANCAVELICA
2017-11-27,1.633755568383562,1.3389856794051935,holt_winters,HUANCAVELICA
2017-12-04,1.3614629736529682,0.9857260430763666,holt_winters,HUANCAVELICA
2017-12-11,2.1783407578447487,1.1526354272203951,holt_winters,HUANCAVELICA
2017-12-18,2.178340757844749,2.140095889770936,holt_winters,HUANCAVELICA
2017-12-25,2.7229259473059364,2.003045762055809,holt_winters,HUANCAVELICA
2018-01-01,2.1857067300065136,2.208709212296756,holt_winters,HUANCAVELICA
2018-01-08,3.5619016479830115,1.9363632801322752,holt_winters,HUANCAVELICA
2018-01-15,2.472731269060636,2.8537839928978226,holt_winters,HUANCAVELICA
2018-01-22,2.7474791878451517,2.76541481171878,holt_winters,HUANCAVELICA
2018-01-29,1.648487512707091,3.5935945695212066,holt_winters,HUANCAVELICA
2018-02-05,2.4727312690606364,3.680619908431976,holt_winters,HUANCAVELICA
2018-02-12,1.923235431491606,2.4890359510607287,holt_winters,HUANCAVELICA
2018-02-19,1.6484875127070906,1.9945447823491644,holt_winters,HUANCAVELICA
2018-02-26,1.3737395939225756,2.3558962157764403,holt_winters,HUANCAVELICA
2018-03-05,1.648487512707091,2.575502895079404,holt_winters,HUANCAVELICA
2018-03-12,2.1979833502761212,2.198243050102287,holt_winters,HUANCAVELICA
2018-03-19,3.5717229441986973,1.8048414352512512,holt_winters,HUANCAVELICA
2018-03-26,4.121218781767728,1.6539238128743983,holt_winters,HUANCAVELICA
2018-04-02,3.296975025414182,1.3885875835197408,holt_winters,HUANCAVELICA
2018-04-09,1.648487512707091,3.6216635495860636,holt_winters,HUANCAVELICA
2018-04-16,1.3737395939225756,3.490312587507372,holt_winters,HUANCAVELICA
2018-04-23,2.1979833502761212,3.119987907712341,holt_winters,HUANCAVELICA
2018-04-30,3.0222271066296664,2.7438906708550364,holt_winters,HUANCAVELICA
2018-05-07,2.7474791878451517,3.3823273552786297,holt_winters,HUANCAVELICA
2018-05-14,3.0222271066296673,4.1082422411207915,holt_winters,HUANCAVELICA
2018-05-21,3.0222271066296673,3.8829314904198293,holt_winters,HUANCAVELICA
2018-05-28,4.121218781767728,4.120841429992355,holt_winters,HUANCAVELICA
2018-06-04,4.670714619336757,3.9179982493287158,holt_winters,HUANCAVELICA
2018-06-11,4.945462538121273,3.992132267533683,holt_winters,HUANCAVELICA
2018-06-18,4.395966700552243,3.252625652693343,holt_winters,HUANCAVELICA
2018-06-25,4.121218781767729,3.2050123890283837,holt_winters,HUANCAVELICA
2018-07-02,4.3959667005522425,4.747717895348032,holt_winters,HUANCAVELICA
2018-07-09,4.121218781767728,5.0531108546140215,holt_winters,HUANCAVELICA
2018-07-16,3.296975025414182,5.0531108546140215,holt_winters,HUANCAVELICA
2018-07-23,1.923235431491606,5.0531108546140215,holt_winters,HUANCAVELICA
2018-07-30,1.648487512707091,1.9265156654234152,holt_winters,HUANCAVELICA
2018-08-06,1.3737395939225756,2.144638932840358,holt_winters,HUANCAVELICA
2018-08-13,1.648487512707091,1.828455351244484,holt_winters,HUANCAVELICA
2018-08-20,1.9232354314916063,1.7739824436262128,holt_winters,HUANCAVELICA
2018-08-27,2.1979833502761212,1.2062736019221245,holt_winters,HUANCAVELICA
2018-09-03,2.4727312690606364,1.403596061901165,holt_winters,HUANCAVELICA
2018-09-10,1.923235431491606,1.4581918176353996,holt_winters,HUANCAVELICA
2018-09-17,1.3737395939225754,1.3764273065226522,holt_winters,HUANCAVELICA
2018-09-24,0.5494958375690299,1.1169659861028989,holt_winters,HUANCAVELICA
2018-10-01,0.8242437563535451,0.9088433302791437,holt_winters,HUANCAVELICA
2018-10-08,0.8242437563535451,1.2332216277454116,holt_winters,HUANCAVELICA
2018-10-15,1.923235431491606,1.5495929646176076,holt_winters,HUANCAVELICA
2018-10-22,2.1979833502761212,1.950690761866758,holt_winters,HUANCAVELICA
2018-10-29,2.7474791878451517,2.2038536344932997,holt_winters,HUANCAVELICA
2018-11-05,2.472731269060637,1.9217507323595893,holt_winters,HUANCAVELICA
2018-11-12,2.4727312690606364,2.6936828605999823,holt_winters,HUANCAVELICA
2018-11-19,1.9232354314916063,2.451583194436574,holt_winters,HUANCAVELICA
2018-11-26,2.1979833502761212,2.73122192521621,holt_winters,HUANCAVELICA
2018-12-03,2.1979833502761212,2.1151455712755567,holt_winters,HUANCAVELICA
2018-12-10,3.0222271066296673,2.6212820443470837,holt_winters,HUANCAVELICA
2018-12-17,3.0222271066296673,2.8771868329033707,holt_winters,HUANCAVELICA
2018-12-24,2.4727312690606364,2.870476727994295,holt_winters,HUANCAVELICA
2018-12-31,2.7474791878451525,2.6654477173815465,holt_winters,HUANCAVELICA
2019-01-07,2.202981827754126,2.5746380712011674,holt_winters,HUANCAVELICA
2019-01-14,2.4852274627556477,1.7223464397475095,holt_winters,HUANCAVELICA
2019-01-21,1.6634829451411042,1.846327995003378,holt_winters,HUANCAVELICA
2019-01-28,1.9407301026646213,2.102999806990395,holt_winters,HUANCAVELICA
2019-02-04,1.3862357876175866,2.510669664674604,holt_winters,HUANCAVELICA
2019-02-11,2.2179772601881393,1.368719658546723,holt_winters,HUANCAVELICA
2019-02-18,1.940730102664622,1.0935750578476342,holt_winters,HUANCAVELICA
2019-02-25,2.4952244177116567,1.3669466736430618,holt_winters,HUANCAVELICA
2019-03-04,3.0497187327586914,1.4714531243197317,holt_winters,HUANCAVELICA
2019-03-11,2.772471575235174,3.5667511359753945,holt_winters,HUANCAVELICA
2019-03-18,2.2179772601881393,3.2143042841953466,holt_winters,HUANCAVELICA
2019-03-25,1.1089886300940692,3.1456963099515054,holt_winters,HUANCAVELICA
2019-04-01,1.1089886300940692,2.638901092382685,holt_winters,HUANCAVELICA
2019-04-08,1.1089886300940694,0.8391875786546126,holt_winters,HUANCAVELICA
2019-04-15,1.6634829451411042,0.7530122201659084,holt_winters,HUANCAVELICA
2019-04-22,2.4952244177116563,0.7357977476113122,holt_winters,HUANCAVELICA
2019-04-29,2.772471575235174,0.7711496871137911,holt_winters,HUANCAVELICA
2019-05-06,2.2179772601881393,2.961334560935025,holt_winters,HUANCAVELICA
2019-05-13,1.3862357876175866,3.652108108998047,holt_winters,HUANCAVELICA
2019-05-20,1.6634829451411042,3.419922014981436,holt_winters,HUANCAVELICA
2019-05-27,2.495224417711657,4.117658671809736,holt_winters,HUANCAVELICA
2019-06-03,2.495224417711657,2.614443608163318,holt_winters,HUANCAVELICA
2019-06-10,1.940730102664622,2.5727200005540767,holt_winters,HUANCAVELICA
2019-06-17,0.8317414725705524,1.8922862517227244,holt_winters,HUANCAVELICA
2019-06-24,1.3862357876175866,1.813922135423791,holt_winters,HUANCAVELICA
2019-07-01,1.9407301026646213,1.8729137033815948,holt_winters,HUANCAVELICA
2019-07-08,3.0497187327586914,2.2272669050956613,holt_winters,HUANCAVELICA
2019-07-15,3.326965890282209,1.9006126621576849,holt_winters,HUANCAVELICA
2019-07-22,3.0497187327586914,2.0380420518074884,holt_winters,HUANCAVELICA
2019-07-29,2.4952244177116563,2.695680440791702,holt_winters,HUANCAVELICA
2019-08-05,2.217977260188139,2.875832668935214,holt_winters,HUANCAVELICA
2019-08-12,2.217977260188139,2.4402012386055154,holt_winters,HUANCAVELICA
2019-08-19,1.9407301026646213,2.4284668322244194,holt_winters,HUANCAVELICA
2019-08-26,2.772471575235174,1.3796551565970958,holt_winters,HUANCAVELICA
2019-09-02,2.4952244177116563,1.3874553521519903,holt_winters,HUANCAVELICA
2019-09-09,2.217977260188139,1.4284163661526534,holt_winters,HUANCAVELICA
2019-09-16,1.1089886300940688,1.2340635944865999,holt_winters,HUANCAVELICA
2019-09-23,1.3862357876175861,0.6121508205097856,holt_winters,HUANCAVELICA
2019-09-30,1.1089886300940686,0.5835901627181532,holt_winters,HUANCAVELICA
2019-10-07,0.8317414725705512,0.7202785315118154,holt_winters,HUANCAVELICA
2019-10-14,0.8317414725705513,1.1101664083754161,holt_winters,HUANCAVELICA
2019-10-21,0.8317414725705513,1.0821636892256463,holt_winters,HUANCAVELICA
2019-10-28,0.8317414725705512,1.3438325244143892,holt_winters,HUANCAVELICA
2019-11-04,1.940730102664621,1.1422205182939629,holt_winters,HUANCAVELICA
2019-11-11,2.772471575235173,1.5128377697218998,holt_winters,HUANCAVELICA
2019-11-18,3.3269658902822083,2.6470438399674596,holt_winters,HUANCAVELICA
2019-11-25,1.6634829451411035,3.029728683488269,holt_winters,HUANCAVELICA
2019-12-02,0.8317414725705512,2.710140282910426,holt_winters,HUANCAVELICA
2019-12-09,0.8317414725705512,3.3770501478865107,holt_winters,HUANCAVELICA
2019-12-16,1.3862357876175861,0.7348714261076577,holt_winters,HUANCAVELICA
2019-12-23,1.3862357876175861,0.5962783414374822,holt_winters,HUANCAVELICA
2019-12-30,1.3862357876175864,0.5109789105378717,holt_winters,HUANCAVELICA
2020-01-06,1.95091373276691,0.48943748814822924,holt_winters,HUANCAVELICA
2020-01-13,2.790292927914179,1.7730945889240033,holt_winters,HUANCAVELICA
2020-01-20,2.518137585441806,1.7483510663553554,holt_winters,HUANCAVELICA
2020-01-27,1.3989653252454477,1.8503041871461061,holt_winters,HUANCAVELICA
2020-02-03,0.5595861300981783,1.8669553143716144,holt_winters,HUANCAVELICA
2020-02-10,0.8393791951472681,0.5790513163656694,holt_winters,HUANCAVELICA
2020-02-17,0.8393791951472681,0.4181629092057328,holt_winters,HUANCAVELICA
2020-02-24,0.8393791951472681,0.776023665015867,holt_winters,HUANCAVELICA
2020-03-02,0.5595861300981783,0.7758662963305891,holt_winters,HUANCAVELICA
2020-03-09,0.8393791951472679,0.6896679706571394,holt_winters,HUANCAVELICA
2020-03-16,1.3989653252454473,0.5662940044067899,holt_winters,HUANCAVELICA
2020-03-23,1.678758390294537,0.49246915771695204,holt_winters,HUANCAVELICA
2020-03-30,1.678758390294537,0.3874274521094302,holt_winters,HUANCAVELICA
2020-04-06,1.1191722601963578,1.2870552452908877,holt_winters,HUANCAVELICA
2020-04-13,0.27979306504908863,1.2616481501162982,holt_winters,HUANCAVELICA
2020-04-20,0.27979306504908863,1.3985851899305266,holt_winters,HUANCAVELICA
2020-04-27,0.27979306504908863,1.5117011439980215,holt_winters,HUANCAVELICA
2020-05-04,0.5595861300981783,0.24085097924291085,holt_winters,HUANCAVELICA
2020-05-11,0.5595861300981783,0.3403842043736191,holt_winters,HUANCAVELICA
2020-05-18,0.839379195147269,0.3239113832705535,holt_winters,HUANCAVELICA
2020-05-25,0.5595861300981783,0.683250171614638,holt_winters,HUANCAVELICA
2020-06-01,0.5595861300981783,0.5510979183120324,holt_winters,HUANCAVELICA
2020-06-08,0.8393791951472679,0.4983517207772516,holt_winters,HUANCAVELICA
2020-06-15,0.8393791951472679,0.13920161153212515,holt_winters,HUANCAVELICA
2020-06-22,0.5595861300981783,0.13346697380743514,holt_winters,HUANCAVELICA
2020-06-29,0.0,0.8519583847818244,holt_winters,HUANCAVELICA
2020-07-06,0.0,1.2080613360032526,holt_winters,HUANCAVELICA
2020-07-13,0.0,1.1351041943008289,holt_winters,HUANCAVELICA
2020-07-20,0.0,1.1379969623350426,holt_winters,HUANCAVELICA
2020-07-27,2.2383445203927166,0.0,holt_winters,HUANCAVELICA
2020-08-03,2.2383445203927166,0.0,holt_winters,HUANCAVELICA
2020-08-10,2.2383445203927166,0.0,holt_winters,HUANCAVELICA
2020-08-17,0.2797930650490888,0.0,holt_winters,HUANCAVELICA
2020-08-24,2.797930650490896,0.20037025188091648,holt_winters,HUANCAVELICA
2020-08-31,3.357516780589075,0.2437498989837335,holt_winters,HUANCAVELICA
2020-09-07,5.316068235932703,0.19933489977237207,holt_winters,HUANCAVELICA
2020-09-14,3.6373098456381645,0.06972448949214348,holt_winters,HUANCAVELICA
2020-09-21,3.9171029106872552,2.915992257003746,holt_winters,HUANCAVELICA
2020-09-28,3.0777237155399857,2.677087398933733,holt_winters,HUANCAVELICA
2020-10-05,2.2383445203927166,2.7533879354720123,holt_winters,HUANCAVELICA
2020-10-12,1.3989653252454477,3.531330845105706,holt_winters,HUANCAVELICA
2020-10-19,0.8393791951472682,1.6211454344728127,holt_winters,HUANCAVELICA
2020-10-26,1.1191722601963578,1.8831343484237335,holt_winters,HUANCAVELICA
2020-11-02,1.3989653252454477,1.888705753156266,holt_winters,HUANCAVELICA
2020-11-09,1.1191722601963578,2.2713629544289526,holt_winters,HUANCAVELICA
2020-11-16,1.9585514553436267,1.2577066579029008,holt_winters,HUANCAVELICA
2020-11-23,2.2383445203927166,1.1565890420354297,holt_winters,HUANCAVELICA
2020-11-30,3.6373098456381654,0.9853530724990776,holt_winters,HUANCAVELICA
2020-12-07,3.357516780589075,1.0628130126327933,holt_winters,HUANCAVELICA
2020-12-14,3.0777237155399857,3.3805614217438764,holt_winters,HUANCAVELICA
2020-12-21,1.1191722601963578,3.025041263622829,holt_winters,HUANCAVELICA
2020-12-28,1.3989653252454477,3.0880744592492615,holt_winters,HUANCAVELICA
2021-01-04,4.225411282465267,3.509297332607784,holt_winters,HUANCAVELICA
2021-01-11,6.484494207751747,4.219132976477665,holt_winters,HUANCAVELICA
2021-01-18,8.471560969824298,3.9345961003089878,holt_winters,HUANCAVELICA
2021-01-25,9.928669456634069,3.404755418974701,holt_winters,HUANCAVELICA
2021-02-01,11.622981650598929,2.913866976031299,holt_winters,HUANCAVELICA
2021-02-08,13.080090137408698,7.299191580201544,holt_winters,HUANCAVELICA
2021-02-15,11.340596284938117,7.299191580201544,holt_winters,HUANCAVELICA
2021-02-22,11.905367016259738,7.299191580201544,holt_winters,HUANCAVELICA
2021-03-01,9.883487798128348,7.299191580201544,holt_winters,HUANCAVELICA
2021-03-08,11.013029260771589,10.605634324493925,holt_winters,HUANCAVELICA
2021-03-15,10.730643895110779,10.528786489698547,holt_winters,HUANCAVELICA
2021-03-22,11.860185357754018,10.77348449370211,holt_winters,HUANCAVELICA
2021-03-29,12.470137747581356,10.404499398658633,holt_winters,HUANCAVELICA
2021-04-05,12.797704771747888,10.188793889317381,holt_winters,HUANCAVELICA
2021-04-12,13.69004252723604,8.886616161179473,holt_winters,HUANCAVELICA
2021-04-19,13.69004252723604,9.609258238193776,holt_winters,HUANCAVELICA
2021-04-26,13.69004252723604,10.119881609353868,holt_winters,HUANCAVELICA
2021-05-03,13.69004252723604,13.330170617237924,holt_winters,HUANCAVELICA
2021-05-10,13.69004252723604,13.330170617237924,holt_winters,HUANCAVELICA
2021-05-17,10.538621846461409,13.330170617237924,holt_winters,HUANCAVELICA
2021-05-24,7.66958653134759,13.330170617237924,holt_winters,HUANCAVELICA
2021-05-31,4.235780484912149,7.534484560320177,holt_winters,HUANCAVELICA
2021-06-07,4.5181658505729585,7.669235357579948,holt_winters,HUANCAVELICA
2021-06-14,3.3886243879297187,6.091094376302176,holt_winters,HUANCAVELICA
2021-06-21,3.6710097535905284,6.085143857366388,holt_winters,HUANCAVELICA
2021-06-28,3.1062390222689085,3.8062626881553294,holt_winters,HUANCAVELICA
2021-07-05,3.953395119251338,4.306952685553817,holt_winters,HUANCAVELICA
2021-07-12,3.1062390222689085,3.987137569568211,holt_winters,HUANCAVELICA
2021-07-19,2.541468290947288,3.8188288773118897,holt_winters,HUANCAVELICA
2021-07-26,2.541468290947288,3.2712093632563244,holt_winters,HUANCAVELICA
2021-08-02,2.541468290947288,3.2118788695657514,holt_winters,HUANCAVELICA
2021-08-09,2.541468290947288,2.944177638070194,holt_winters,HUANCAVELICA
2021-08-16,1.4119268283040485,2.288238989908083,holt_winters,HUANCAVELICA
2021-08-23,1.9766975596256682,2.344944320957684,holt_winters,HUANCAVELICA
2021-08-30,1.411926828304048,2.5332397024893667,holt_winters,HUANCAVELICA
2021-09-06,1.6943121939648584,2.6674476718092763,holt_winters,HUANCAVELICA
2021-09-13,1.6943121939648584,2.0127629639160456,holt_winters,HUANCAVELICA
2021-09-20,1.9766975596256684,1.211275737098323,holt_winters,HUANCAVELICA
2021-09-27,1.6943121939648584,1.045949266757224,holt_winters,HUANCAVELICA
2021-10-04,0.8471560969824299,0.9733549741936347,holt_winters,HUANCAVELICA
2021-10-11,0.5647707313216186,1.1457689132804867,holt_winters,HUANCAVELICA
2021-10-18,1.4119268283040485,0.5498142416489904,holt_winters,HUANCAVELICA
2021-10-25,1.6943121939648584,0.7158633604344067,holt_winters,HUANCAVELICA
2021-11-01,3.388624387929718,0.8545797380049205,holt_winters,HUANCAVELICA
2021-11-08,3.6710097535905284,1.0070083458219106,holt_winters,HUANCAVELICA
2021-11-15,4.800551216233768,4.148634821035146,holt_winters,HUANCAVELICA
2021-11-22,4.800551216233768,4.014829099881183,holt_winters,HUANCAVELICA
2021-11-29,4.235780484912149,3.8133832519253668,holt_winters,HUANCAVELICA
2021-12-06,3.1062390222689085,4.094710532212453,holt_winters,HUANCAVELICA
2021-12-13,1.6943121939648584,3.301143890515214,holt_winters,HUANCAVELICA
2021-12-20,1.6943121939648584,2.917497603071932,holt_winters,HUANCAVELICA
2021-12-27,1.9766975596256682,2.908774624047246,holt_winters,HUANCAVELICA
2022-01-03,1.9793383451142263,3.9793438019240046,holt_winters,HUANCAVELICA
2022-01-10,2.5573130038786362,2.306338922286838,holt_winters,HUANCAVELICA
2022-01-17,3.9903661160911503,2.2973319603623397,holt_winters,HUANCAVELICA
2022-01-24,5.985549174136725,2.096558968648048,holt_winters,HUANCAVELICA
2022-01-31,7.410679929883564,1.876092549236755,holt_winters,HUANCAVELICA
2022-02-07,8.265758383331669,8.222821733813113,holt_winters,HUANCAVELICA
2022-02-14,9.690889139078509,7.299721110678295,holt_winters,HUANCAVELICA
2022-02-21,9.690889139078507,7.782985689618714,holt_winters,HUANCAVELICA
2022-02-28,7.125653778734197,7.331138252675782,holt_winters,HUANCAVELICA
2022-03-07,4.845444569539253,7.897238978458887,holt_winters,HUANCAVELICA
2022-03-14,2.8502615114936773,8.068771948002842,holt_winters,HUANCAVELICA
2022-03-21,2.2802092091949415,8.093922276589328,holt_winters,HUANCAVELICA
2022-03-28,0.8550784534481021,8.038934614827747,holt_winters,HUANCAVELICA
2022-04-04,0.2850261511493662,0.5601155915595195,holt_winters,HUANCAVELICA
2022-04-11,0.8550784534481021,0.43670003863087675,holt_winters,HUANCAVELICA
2022-04-18,1.425130755746838,0.510382437286061,holt_winters,HUANCAVELICA
2022-04-25,1.9951830580455738,0.6789701834485546,holt_winters,HUANCAVELICA
2022-05-02,2.56523536034431,1.974194399615735,holt_winters,HUANCAVELICA
2022-05-09,2.56523536034431,1.9311788831461882,holt_winters,HUANCAVELICA
2022-05-16,1.710156906896206,1.850050999053689,holt_winters,HUANCAVELICA
2022-05-23,0.8550784534481021,1.785372651295034,holt_winters,HUANCAVELICA
2022-05-30,1.14010460459747,0.6840106805526209,holt_winters,HUANCAVELICA
2022-06-06,1.425130755746838,0.6719140716222871,holt_winters,HUANCAVELICA
2022-06-13,2.280209209194942,0.39680886528272724,holt_winters,HUANCAVELICA
2022-06-20,2.56523536034431,0.48176187113890145,holt_winters,HUANCAVELICA
2022-06-27,3.1352876626430457,2.2916636740197363,holt_winters,HUANCAVELICA
2022-07-04,2.280209209194942,2.6933180490098976,holt_winters,HUANCAVELICA
2022-07-11,2.280209209194942,2.4457530076832477,holt_winters,HUANCAVELICA
2022-07-18,3.705339964941782,2.1238921420082137,holt_winters,HUANCAVELICA
2022-07-25,4.560418418389886,4.9099249611385725,holt_winters,HUANCAVELICA
2022-08-01,4.560418418389886,4.599898778790417,holt_winters,HUANCAVELICA
2022-08-08,3.9903661160911494,4.328541941767557,holt_winters,HUANCAVELICA
2022-08-15,4.275392267240517,3.3326907388994425,holt_winters,HUANCAVELICA
2022-08-22,3.9903661160911494,6.916196618026062,holt_winters,HUANCAVELICA
2022-08-29,3.7053399649417815,7.261042985191251,holt_winters,HUANCAVELICA
2022-09-05,3.1352876626430457,7.4493951174533475,holt_winters,HUANCAVELICA
2022-09-12,2.56523536034431,5.870957440784337,holt_winters,HUANCAVELICA
2022-09-19,2.280209209194942,2.432612363681603,holt_winters,HUANCAVELICA
2022-09-26,1.425130755746838,2.1234559015319463,holt_winters,HUANCAVELICA
2022-10-03,2.280209209194942,1.7493390445697,holt_winters,HUANCAVELICA
2022-10-10,2.280209209194942,1.7291167580228235,holt_winters,HUANCAVELICA
2022-10-17,2.850261511493678,2.484591833727882,holt_winters,HUANCAVELICA
2022-10-24,1.9951830580455743,2.8138566887475402,holt_winters,HUANCAVELICA
2022-10-31,1.9951830580455743,3.6943476481996953,holt_winters,HUANCAVELICA
2022-11-07,2.5652353603443103,4.015103977512499,holt_winters,HUANCAVELICA
2022-11-14,3.705339964941782,3.054748174467494,holt_winters,HUANCAVELICA
2022-11-21,2.850261511493678,2.752682268712841,holt_winters,HUANCAVELICA
2022-11-28,2.56523536034431,2.539369011196281,holt_winters,HUANCAVELICA
2022-12-05,3.4203138137924136,2.660620701082133,holt_winters,HUANCAVELICA
2010-12-27,1.633479802022248,2.512723324679158,arima,HUANCAVELICA
2011-01-03,1.6383461320901114,2.522149476266059,arima,HUANCAVELICA
2011-01-10,1.6529451222937006,2.310893397939035,arima,HUANCAVELICA
2011-01-17,1.9057646999969033,2.4529036053521707,arima,HUANCAVELICA
2011-01-24,2.3822058749961292,1.8681044041891917,arima,HUANCAVELICA
2011-01-31,2.3822058749961292,1.8557241088546048,arima,HUANCAVELICA
2011-02-07,2.143985287496516,1.7336951024671743,arima,HUANCAVELICA
2011-02-14,2.143985287496516,1.7611821506563596,arima,HUANCAVELICA
2011-02-21,2.143985287496516,2.162988883004554,arima,HUANCAVELICA
2011-02-28,1.4293235249976775,2.2754302772695616,arima,HUANCAVELICA
2011-03-07,1.1911029374980646,2.2648730626264677,arima,HUANCAVELICA
2011-03-14,1.1911029374980646,2.252226132469721,arima,HUANCAVELICA
2011-03-21,1.9057646999969033,1.4867400959520731,arima,HUANCAVELICA
2011-03-28,2.143985287496516,1.5815392676801023,arima,HUANCAVELICA
2011-04-04,1.6675441124972903,1.5609294629545847,arima,HUANCAVELICA
2011-04-11,1.4293235249976775,1.408797838123287,arima,HUANCAVELICA
2011-04-18,1.1911029374980642,1.37487060771344,arima,HUANCAVELICA
2011-04-25,1.4293235249976772,1.5855286713683747,arima,HUANCAVELICA
2011-05-02,0.9528823499984515,1.6879601076315933,arima,HUANCAVELICA
2011-05-09,0.9528823499984515,1.700699517161563,arima,HUANCAVELICA
2011-05-16,1.1911029374980646,0.8619928855783463,arima,HUANCAVELICA
2011-05-23,1.1911029374980646,1.0799772234974085,arima,HUANCAVELICA
2011-05-30,0.9528823499984517,1.0577142044571008,arima,HUANCAVELICA
2011-06-06,0.9528823499984517,1.1016587092461538,arima,HUANCAVELICA
2011-06-13,1.1911029374980646,0.9678719794696871,arima,HUANCAVELICA
2011-06-20,1.1911029374980646,1.0774589039347071,arima,HUANCAVELICA
2011-06-27,0.9528823499984515,1.0650919502808036,arima,HUANCAVELICA
2011-07-04,0.9528823499984515,1.055132859544797,arima,HUANCAVELICA
2011-07-11,1.1911029374980644,0.970190574701215,arima,HUANCAVELICA
2011-07-18,1.1911029374980642,1.0795981363592624,arima,HUANCAVELICA
2011-07-25,1.905764699996903,1.0666023819891053,arima,HUANCAVELICA
2011-08-01,1.6675441124972903,1.05455678302428,arima,HUANCAVELICA
2011-08-08,1.4293235249976775,1.6523019941072805,arima,HUANCAVELICA
2011-08-15,2.1439852874965157,1.3334481369343805,arima,HUANCAVELICA
2011-08-22,2.1439852874965157,1.4688104478441333,arima,HUANCAVELICA
2011-08-29,2.620426462495742,1.4748949462017835,arima,HUANCAVELICA
2011-09-05,1.4293235249976775,2.184147602214031,arima,HUANCAVELICA
2011-09-12,1.6675441124972903,2.2085500197655237,arima,HUANCAVELICA
2011-09-19,0.9528823499984515,2.0167048553842983,arima,HUANCAVELICA
2011-09-26,0.9528823499984515,2.2214540337171855,arima,HUANCAVELICA
2011-10-03,1.4293235249976772,0.870088940977642,arima,HUANCAVELICA
2011-10-10,1.66754411249729,1.1677131805226426,arima,HUANCAVELICA
2011-10-17,2.620426462495742,1.1420953281725024,arima,HUANCAVELICA
2011-10-24,2.858647049995355,1.181041647858034,arima,HUANCAVELICA
2011-10-31,3.3350882249945806,2.672011997605848,arima,HUANCAVELICA
2011-11-07,3.3350882249945806,2.195572082375116,arima,HUANCAVELICA
2011-11-14,2.620426462495742,2.1289745335577055,arima,HUANCAVELICA
2011-11-21,2.143985287496516,2.210718324357581,arima,HUANCAVELICA
2011-11-28,0.7146617624988386,2.178310036794234,arima,HUANCAVELICA
2011-12-05,0.4764411749992257,2.45767533362465,arima,HUANCAVELICA
2011-12-12,1.4293235249976772,2.673666082419751,arima,HUANCAVELICA
2011-12-19,1.66754411249729,2.6404717326228715,arima,HUANCAVELICA
2011-12-26,1.4293235249976772,1.831836253419847,arima,HUANCAVELICA
2012-01-02,1.211399769250557,1.2542175974140894,arima,HUANCAVELICA
2012-01-09,1.7030635680641522,1.169397460199511,arima,HUANCAVELICA
2012-01-16,1.9463583635018882,1.1234219540365946,arima,HUANCAVELICA
2012-01-23,1.459768772626416,2.0447673004976017,arima,HUANCAVELICA
2012-01-30,1.459768772626416,1.7737731224348092,arima,HUANCAVELICA
2012-02-06,1.946358363501888,1.6754962289864617,arima,HUANCAVELICA
2012-02-13,1.7030635680641522,1.6463464587170638,arima,HUANCAVELICA
2012-02-20,1.459768772626416,1.702313930475749,arima,HUANCAVELICA
2012-02-27,1.459768772626416,1.507070321297559,arima,HUANCAVELICA
2012-03-05,1.7030635680641517,1.610509277046014,arima,HUANCAVELICA
2012-03-12,2.189653158939624,1.6126307928743326,arima,HUANCAVELICA
2012-03-19,2.189653158939624,2.1553453545204606,arima,HUANCAVELICA
2012-03-26,2.43294795437736,2.0139595546007913,arima,HUANCAVELICA
2012-04-02,1.9463583635018882,1.813151476367449,arima,HUANCAVELICA
2012-04-09,2.4329479543773602,1.835924878930129,arima,HUANCAVELICA
2012-04-16,2.919537545252832,2.3175561096378603,arima,HUANCAVELICA
2012-04-23,3.64942193156604,2.5277176773583587,arima,HUANCAVELICA
2012-04-30,2.676242749815096,2.3028052476409226,arima,HUANCAVELICA
2012-05-07,1.7030635680641517,2.351606226018836,arima,HUANCAVELICA
2012-05-14,1.459768772626416,1.5647956148311084,arima,HUANCAVELICA
2012-05-21,1.7030635680641522,1.8718253080247602,arima,HUANCAVELICA
2012-05-28,1.459768772626416,2.2745006274313844,arima,HUANCAVELICA
2012-06-04,1.459768772626416,2.3250453434613165,arima,HUANCAVELICA
2012-06-11,1.9463583635018882,1.374187500542285,arima,HUANCAVELICA
2012-06-18,2.676242749815096,1.4732187977360316,arima,HUANCAVELICA
2012-06-25,3.1628323406905685,1.4744632855763524,arima,HUANCAVELICA
2012-07-02,2.676242749815096,1.5080502377476437,arima,HUANCAVELICA
2012-07-09,2.189653158939624,2.3426995646099904,arima,HUANCAVELICA
2012-07-16,1.459768772626416,2.195439880906032,arima,HUANCAVELICA
2012-07-23,1.9463583635018882,2.385557458029405,arima,HUANCAVELICA
2012-07-30,2.43294795437736,2.5256719338789995,arima,HUANCAVELICA
2012-08-06,2.189653158939624,2.825510393367928,arima,HUANCAVELICA
2012-08-13,1.946358363501888,2.4927231340064404,arima,HUANCAVELICA
2012-08-20,1.7030635680641517,2.23541077124149,arima,HUANCAVELICA
2012-08-27,1.459768772626416,2.0890333277570976,arima,HUANCAVELICA
2012-09-03,0.973179181750944,1.5724982231553226,arima,HUANCAVELICA
2012-09-10,0.973179181750944,1.6771770784553546,arima,HUANCAVELICA
2012-09-17,1.459768772626416,1.7716784658183058,arima,HUANCAVELICA
2012-09-24,1.459768772626416,1.7106845569593743,arima,HUANCAVELICA
2012-10-01,0.9731791817509438,1.5728200373664962,arima,HUANCAVELICA
2012-10-08,0.4865895908754719,1.6603424010204049,arima,HUANCAVELICA
2012-10-15,0.4865895908754719,1.7104844305410705,arima,HUANCAVELICA
2012-10-22,0.973179181750944,1.7357057047298854,arima,HUANCAVELICA
2012-10-29,0.9731791817509441,1.1633953909604324,arima,HUANCAVELICA
2012-11-05,1.21647397718868,1.114115712108974,arima,HUANCAVELICA
2012-11-12,1.7030635680641517,0.8826083934841498,arima,HUANCAVELICA
2012-11-19,1.946358363501888,0.8322249787408278,arima,HUANCAVELICA
2012-11-26,2.189653158939624,1.7742575699848686,arima,HUANCAVELICA
2012-12-03,1.459768772626416,1.5706232400445637,arima,HUANCAVELICA
2012-12-10,1.21647397718868,1.5096729547759442,arima,HUANCAVELICA
2012-12-17,0.973179181750944,1.583911126248824,arima,HUANCAVELICA
2012-12-24,0.9731791817509441,1.1173012422580526,arima,HUANCAVELICA
2012-12-31,0.973179181750944,1.2664614839113701,arima,HUANCAVELICA
2013-01-07,2.22671438268197,1.3625514265326548,arima,HUANCAVELICA
2013-01-14,2.480598099188948,1.4151092065493627,arima,HUANCAVELICA
2013-01-21,3.7288388395853524,2.13895156505666,arima,HUANCAVELICA
2013-01-28,2.7344818156959256,1.8676895090120027,arima,HUANCAVELICA
2013-02-04,3.7288388395853524,1.717469222541693,arima,HUANCAVELICA
2013-02-11,2.7344818156959256,1.6431512742277699,arima,HUANCAVELICA
2013-02-18,2.2373033037512116,3.124951516591718,arima,HUANCAVELICA
2013-02-25,1.2429462798617839,2.7673444733677712,arima,HUANCAVELICA
2013-03-04,0.7457677679170701,3.1419854033834316,arima,HUANCAVELICA
2013-03-11,0.9943570238894269,2.9656021885235564,arima,HUANCAVELICA
2013-03-18,0.9943570238894269,1.246023682053973,arima,HUANCAVELICA
2013-03-25,1.7401247918064975,1.4169702737865304,arima,HUANCAVELICA
2013-04-01,1.9887140477788545,1.515795852798778,arima,HUANCAVELICA
2013-04-08,2.237303303751212,1.5684089668666048,arima,HUANCAVELICA
2013-04-15,2.734481815695925,2.0672131057647087,arima,HUANCAVELICA
2013-04-22,2.734481815695925,1.9049726323147143,arima,HUANCAVELICA
2013-04-29,2.485892559723568,1.805601950946294,arima,HUANCAVELICA
2013-05-06,1.4915355358341407,1.751804802889326,arima,HUANCAVELICA
2013-05-13,1.7401247918064975,1.451278324616935,arima,HUANCAVELICA
2013-05-20,2.485892559723568,1.541220590373396,arima,HUANCAVELICA
2013-05-27,3.2316603276406384,1.619777112414594,arima,HUANCAVELICA
2013-06-03,2.734481815695925,1.6686836593118812,arima,HUANCAVELICA
2013-06-10,2.2373033037512116,2.3401893241867935,arima,HUANCAVELICA
2013-06-17,2.734481815695925,2.1167704165038894,arima,HUANCAVELICA
2013-06-24,3.2316603276406393,2.002315962298416,arima,HUANCAVELICA
2013-07-01,3.2316603276406393,1.9465013932045019,arima,HUANCAVELICA
2013-07-08,1.7401247918064975,2.7958180166370488,arima,HUANCAVELICA
2013-07-15,1.2429462798617839,2.476289001569783,arima,HUANCAVELICA
2013-07-22,1.2429462798617839,2.2922853568802055,arima,HUANCAVELICA
2013-07-29,1.2429462798617839,2.1935763312468133,arima,HUANCAVELICA
2013-08-05,1.4915355358341407,1.459905851627917,arima,HUANCAVELICA
2013-08-12,1.7401247918064975,1.6749886832101661,arima,HUANCAVELICA
2013-08-19,2.485892559723568,1.8418476462979814,arima,HUANCAVELICA
2013-08-26,2.734481815695925,1.9433478023990909,arima,HUANCAVELICA
2013-09-02,1.7401247918064975,2.5805202801010814,arima,HUANCAVELICA
2013-09-09,3.2316603276406384,2.3715602171502885,arima,HUANCAVELICA
2013-09-16,2.485892559723568,2.1881058520647274,arima,HUANCAVELICA
2013-09-23,2.485892559723568,2.059605496559226,arima,HUANCAVELICA
2013-09-30,0.2485892559723563,2.3182688828464593,arima,HUANCAVELICA
2013-10-07,0.2485892559723563,2.190143045240668,arima,HUANCAVELICA
2013-10-14,1.2429462798617839,2.112733704322322,arima,HUANCAVELICA
2013-10-21,1.9887140477788545,2.0691068669780006,arima,HUANCAVELICA
2013-10-28,2.237303303751211,2.268863013220604,arima,HUANCAVELICA
2013-11-04,1.7401247918064975,2.3028515525410826,arima,HUANCAVELICA
2013-11-11,1.2429462798617839,2.1975309610322156,arima,HUANCAVELICA
2013-11-18,1.9887140477788545,2.053394201241651,arima,HUANCAVELICA
2013-11-25,1.7401247918064975,2.027177468624502,arima,HUANCAVELICA
2013-12-02,1.9887140477788543,1.9815494828123552,arima,HUANCAVELICA
2013-12-09,0.9943570238894269,1.9088421889495568,arima,HUANCAVELICA
2013-12-16,1.4915355358341407,1.8430081668141716,arima,HUANCAVELICA
2013-12-23,1.7401247918064975,1.679403734540216,arima,HUANCAVELICA
2013-12-30,3.2316603276406384,1.7329454613530748,arima,HUANCAVELICA
2014-01-06,4.264731994052628,1.742022234100761,arima,HUANCAVELICA
2014-01-13,3.773084145325423,1.7399856099212991,arima,HUANCAVELICA
2014-01-20,2.5411991918986563,2.974089259955029,arima,HUANCAVELICA
2014-01-27,1.270599595949328,2.4855626693218773,arima,HUANCAVELICA
2014-02-03,1.2705995959493277,2.228541994538704,arima,HUANCAVELICA
2014-02-10,1.5247195151391935,2.0987637939459605,arima,HUANCAVELICA
2014-02-17,1.270599595949328,1.6899870055153339,arima,HUANCAVELICA
2014-02-24,1.0164796767594622,1.7790496094279136,arima,HUANCAVELICA
2014-03-03,0.5082398383797307,1.8217184987755526,arima,HUANCAVELICA
2014-03-10,1.270599595949328,1.8405136250758272,arima,HUANCAVELICA
2014-03-17,2.5411991918986563,1.6014036398468368,arima,HUANCAVELICA
2014-03-24,2.2870792727087905,1.7052656301644489,arima,HUANCAVELICA
2014-03-31,1.7788394343290592,1.727655026491128,arima,HUANCAVELICA
2014-04-07,1.270599595949328,1.7276316075306761,arima,HUANCAVELICA
2014-04-14,2.2870792727087905,1.3249453898729624,arima,HUANCAVELICA
2014-04-21,2.795319111088522,1.4575276494187999,arima,HUANCAVELICA
2014-04-28,2.795319111088522,1.5905943908273463,arima,HUANCAVELICA
2014-05-05,2.795319111088522,1.6855648083988672,arima,HUANCAVELICA
2014-05-12,3.049439030278388,2.3697249392323547,arima,HUANCAVELICA
2014-05-19,3.3035589494682536,2.0590057452964206,arima,HUANCAVELICA
2014-05-26,2.795319111088522,1.8829592982784837,arima,HUANCAVELICA
2014-06-02,2.0329593535189248,1.8079309396289185,arima,HUANCAVELICA
2014-06-09,1.5247195151391941,1.876457517822891,arima,HUANCAVELICA
2014-06-16,1.5247195151391941,1.8702607434712402,arima,HUANCAVELICA
2014-06-23,1.270599595949328,1.892348905901748,arima,HUANCAVELICA
2014-06-30,1.7788394343290594,1.911008049217128,arima,HUANCAVELICA
2014-07-07,1.270599595949328,1.9390546278653709,arima,HUANCAVELICA
2014-07-14,1.5247195151391935,1.9934546433382363,arima,HUANCAVELICA
2014-07-21,1.0164796767594622,1.9847583733768945,arima,HUANCAVELICA
2014-07-28,1.5247195151391941,1.9528197960037006,arima,HUANCAVELICA
2014-08-04,2.2870792727087905,1.7492723086816016,arima,HUANCAVELICA
2014-08-11,2.795319111088522,1.8622957284069637,arima,HUANCAVELICA
2014-08-18,2.5411991918986563,1.8918268617453395,arima,HUANCAVELICA
2014-08-25,2.0329593535189248,1.8787705004151518,arima,HUANCAVELICA
2014-09-01,1.5247195151391937,1.8604683377159899,arima,HUANCAVELICA
2014-09-08,1.270599595949328,1.7928761395969315,arima,HUANCAVELICA
2014-09-15,2.032959353518925,1.785969253578764,arima,HUANCAVELICA
2014-09-22,1.524719515139194,1.806045188697432,arima,HUANCAVELICA
2014-09-29,2.0329593535189256,1.5803359884386956,arima,HUANCAVELICA
2014-10-06,2.0329593535189248,1.6752147551649426,arima,HUANCAVELICA
2014-10-13,2.2870792727087905,1.7594222572842155,arima,HUANCAVELICA
2014-10-20,2.2870792727087905,1.813784466640017,arima,HUANCAVELICA
2014-10-27,1.2705995959493277,2.1249865246753705,arima,HUANCAVELICA
2014-11-03,1.5247195151391941,1.984791006503615,arima,HUANCAVELICA
2014-11-10,1.5247195151391941,1.896193496840211,arima,HUANCAVELICA
2014-11-17,2.795319111088522,1.8547467376881577,arima,HUANCAVELICA
2014-11-24,2.5411991918986563,2.757349958206404,arima,HUANCAVELICA
2014-12-01,2.5411991918986563,2.4467135900648214,arima,HUANCAVELICA
2014-12-08,1.016479676759462,2.149836739778759,arima,HUANCAVELICA
2014-12-15,2.2870792727087905,1.9578592019340557,arima,HUANCAVELICA
2014-12-22,2.5411991918986563,2.476884872390166,arima,HUANCAVELICA
2014-12-29,2.795319111088522,2.2670817387691033,arima,HUANCAVELICA
2015-01-05,1.7904027984568582,2.065519093973491,arima,HUANCAVELICA
2015-01-12,1.0280430408872612,1.9494571211907186,arima,HUANCAVELICA
2015-01-19,0.5198032025075298,1.116909020460124,arima,HUANCAVELICA
2015-01-26,0.7797048037612951,1.3705434904828877,arima,HUANCAVELICA
2015-02-02,1.5594096075225912,1.6299471842546613,arima,HUANCAVELICA
2015-02-09,2.0792128100301217,1.80875019197032,arima,HUANCAVELICA
2015-02-16,2.858917613791418,2.1940949484907937,arima,HUANCAVELICA
2015-02-23,3.3787208162989484,2.1077048457475853,arima,HUANCAVELICA
2015-03-02,3.8985240188064787,1.9718381278622892,arima,HUANCAVELICA
2015-03-09,3.8985240188064787,1.863979185704752,arima,HUANCAVELICA
2015-03-16,4.4183272213140095,3.018229722867237,arima,HUANCAVELICA
2015-03-23,4.158425620060245,2.3815074674295125,arima,HUANCAVELICA
2015-03-30,3.1188192150451832,2.0585604594274463,arima,HUANCAVELICA
2015-04-06,2.3391144112838873,1.9269426049481275,arima,HUANCAVELICA
2015-04-13,2.599016012537653,2.0384778636036263,arima,HUANCAVELICA
2015-04-20,2.3391144112838873,1.9446768486961328,arima,HUANCAVELICA
2015-04-27,1.8193112087763563,1.9319949096095712,arima,HUANCAVELICA
2015-05-04,1.5594096075225912,1.9436459547332299,arima,HUANCAVELICA
2015-05-11,2.0792128100301217,1.6314290373010882,arima,HUANCAVELICA
2015-05-18,2.0792128100301217,1.764657926880318,arima,HUANCAVELICA
2015-05-25,1.2995080062688258,1.8675660157269727,arima,HUANCAVELICA
2015-06-01,1.8193112087763563,1.9244103743725183,arima,HUANCAVELICA
2015-06-08,2.3391144112838873,2.0066870231389804,arima,HUANCAVELICA
2015-06-15,2.5990160125376525,2.020812925125057,arima,HUANCAVELICA
2015-06-22,1.8193112087763563,1.984467485446181,arima,HUANCAVELICA
2015-06-29,1.5594096075225912,1.949754077068,arima,HUANCAVELICA
2015-07-06,2.3391144112838873,1.623597531868787,arima,HUANCAVELICA
2015-07-13,3.1188192150451832,1.7490548114619195,arima,HUANCAVELICA
2015-07-20,3.1188192150451832,1.845428366362285,arima,HUANCAVELICA
2015-07-27,3.378720816298948,1.8972680031294047,arima,HUANCAVELICA
2015-08-03,2.339114411283887,2.857164294881091,arima,HUANCAVELICA
2015-08-10,2.858917613791417,2.394959223726095,arima,HUANCAVELICA
2015-08-17,2.339114411283887,2.137613214130424,arima,HUANCAVELICA
2015-08-24,2.599016012537652,2.027597542198681,arima,HUANCAVELICA
2015-08-31,1.5594096075225912,2.4451125902570885,arima,HUANCAVELICA
2015-09-07,1.2995080062688258,2.252648740817822,arima,HUANCAVELICA
2015-09-14,1.0396064050150604,2.1285177268743145,arima,HUANCAVELICA
2015-09-21,1.0396064050150604,2.0692126930353365,arima,HUANCAVELICA
2015-09-28,0.5198032025075298,1.3335969103066527,arima,HUANCAVELICA
2015-10-05,0.25990160125376444,1.6252172998739973,arima,HUANCAVELICA
2015-10-12,0.25990160125376444,1.8123940216049164,arima,HUANCAVELICA
2015-10-19,0.5198032025075298,1.899224934424255,arima,HUANCAVELICA
2015-10-26,0.779704803761296,0.9497820271440085,arima,HUANCAVELICA
2015-11-02,1.299508006268826,1.336518933339796,arima,HUANCAVELICA
2015-11-09,1.0396064050150606,1.5913592888916441,arima,HUANCAVELICA
2015-11-16,1.5594096075225912,1.72350189355031,arima,HUANCAVELICA
2015-11-23,1.0396064050150604,1.777531935514086,arima,HUANCAVELICA
2015-11-30,1.5594096075225912,1.8347114635331367,arima,HUANCAVELICA
2015-12-07,2.5990160125376525,1.832168593812173,arima,HUANCAVELICA
2015-12-14,2.5990160125376525,1.8162387916767937,arima,HUANCAVELICA
2015-12-21,2.5990160125376525,2.306077394884878,arima,HUANCAVELICA
2015-12-28,0.7797048037612951,2.0610071126532223,arima,HUANCAVELICA
2016-01-04,1.0517096082563742,1.9125150931743065,arima,HUANCAVELICA
2016-01-11,1.063812811497688,1.8353883659540995,arima,HUANCAVELICA
2016-01-18,1.063812811497688,1.2807645640502203,arima,HUANCAVELICA
2016-01-25,1.5957192172465324,1.4903846683561,arima,HUANCAVELICA
2016-02-01,1.8616724201209547,1.6332342581689239,arima,HUANCAVELICA
2016-02-08,2.1276256229953767,1.7128881376096379,arima,HUANCAVELICA
2016-02-15,1.8616724201209547,2.0640197688014124,arima,HUANCAVELICA
2016-02-22,1.3297660143721104,1.9475147424971553,arima,HUANCAVELICA
2016-02-29,4.255251245990755,1.8607094469955214,arima,HUANCAVELICA
2016-03-07,3.989298043116333,1.8102840570501333,arima,HUANCAVELICA
2016-03-14,5.0531108546140215,3.054732527852291,arima,HUANCAVELICA
2016-03-21,3.4573916373674884,2.4193872039429993,arima,HUANCAVELICA
2016-03-28,3.7233448402419107,2.078396598926306,arima,HUANCAVELICA
2016-04-04,2.925485231618644,1.9115677139909142,arima,HUANCAVELICA
2016-04-11,2.3935788258697994,2.4084603451648205,arima,HUANCAVELICA
2016-04-18,2.127625622995377,2.122196425388108,arima,HUANCAVELICA
2016-04-25,2.6595320287442212,1.9716617135683068,arima,HUANCAVELICA
2016-05-02,1.8616724201209547,1.894641185690856,arima,HUANCAVELICA
2016-05-09,1.3297660143721104,1.7145183114667666,arima,HUANCAVELICA
2016-05-16,2.1276256229953767,1.718981115457436,arima,HUANCAVELICA
2016-05-23,2.6595320287442212,1.7508441816534468,arima,HUANCAVELICA
2016-05-30,5.319064057488443,1.7780091566758554,arima,HUANCAVELICA
2016-06-06,5.319064057488443,4.327706037229798,arima,HUANCAVELICA
2016-06-13,4.521204448865177,3.2989106471221286,arima,HUANCAVELICA
2016-06-20,2.1276256229953767,2.5889220961465997,arima,HUANCAVELICA
2016-06-27,1.0638128114976884,2.216689794281091,arima,HUANCAVELICA
2016-07-04,1.3297660143721106,1.0943146764813054,arima,HUANCAVELICA
2016-07-11,2.127625622995377,1.337053476612279,arima,HUANCAVELICA
2016-07-18,2.127625622995377,1.568470378951031,arima,HUANCAVELICA
2016-07-25,3.1914384344930666,1.7238939808872202,arima,HUANCAVELICA
2016-08-01,3.989298043116333,2.950615510393449,arima,HUANCAVELICA
2016-08-08,5.0531108546140215,2.4996488063508697,arima,HUANCAVELICA
2016-08-15,4.521204448865176,2.1849423964611008,arima,HUANCAVELICA
2016-08-22,3.1914384344930657,2.0124840403546824,arima,HUANCAVELICA
2016-08-29,1.5957192172465327,2.5009620316368437,arima,HUANCAVELICA
2016-09-05,1.0638128114976884,2.177864389586528,arima,HUANCAVELICA
2016-09-12,1.3297660143721106,2.040331454081832,arima,HUANCAVELICA
2016-09-19,1.3297660143721106,1.9902259477749982,arima,HUANCAVELICA
2016-09-26,1.8616724201209551,1.5087789914804133,arima,HUANCAVELICA
2016-10-03,1.8616724201209551,1.6864502920086921,arima,HUANCAVELICA
2016-10-10,2.1276256229953776,1.8071987468189454,arima,HUANCAVELICA
2016-10-17,3.1914384344930657,1.871992584515925,arima,HUANCAVELICA
2016-10-24,3.7233448402419107,3.0126632195932324,arima,HUANCAVELICA
2016-10-31,4.255251245990755,2.5719736183417465,arima,HUANCAVELICA
2016-11-07,3.1914384344930657,2.2444924456785817,arima,HUANCAVELICA
2016-11-14,3.457391637367488,2.059778380947716,arima,HUANCAVELICA
2016-11-21,4.255251245990754,3.0238870360212315,arima,HUANCAVELICA
2016-11-28,4.787157651739599,2.6072010693998067,arima,HUANCAVELICA
2016-12-05,3.989298043116333,2.345072666389593,arima,HUANCAVELICA
2016-12-12,2.925485231618644,2.205749100813655,arima,HUANCAVELICA
2016-12-19,2.127625622995377,2.460214174263408,arima,HUANCAVELICA
2016-12-26,2.6595320287442217,2.2667358573645155,arima,HUANCAVELICA
2017-01-02,2.4062576095821426,2.195392256645849,arima,HUANCAVELICA
2017-01-09,2.4189363932944854,2.175602239497544,arima,HUANCAVELICA
2017-01-16,2.178340757844749,2.3523159520516432,arima,HUANCAVELICA
2017-01-23,2.178340757844749,2.2887870129710177,arima,HUANCAVELICA
2017-01-30,2.7229259473059364,2.2467549173089356,arima,HUANCAVELICA
2017-02-06,2.178340757844749,2.223485159353785,arima,HUANCAVELICA
2017-02-13,2.178340757844749,2.2838177699738584,arima,HUANCAVELICA
2017-02-20,1.3614629736529682,2.066807381539137,arima,HUANCAVELICA
2017-02-27,1.6337555683835616,2.1638125580363803,arima,HUANCAVELICA
2017-03-06,1.0891703789223743,2.1908682898389378,arima,HUANCAVELICA
2017-03-13,1.0891703789223743,1.1281831483531408,arima,HUANCAVELICA
2017-03-20,0.5445851894611868,0.9216729034388387,arima,HUANCAVELICA
2017-03-27,0.8168777841917811,1.0436919086953376,arima,HUANCAVELICA
2017-04-03,1.0891703789223743,1.0450682141116143,arima,HUANCAVELICA
2017-04-10,1.0891703789223743,1.3031516856438574,arima,HUANCAVELICA
2017-04-17,0.8168777841917806,1.30187654382777,arima,HUANCAVELICA
2017-04-24,0.27229259473059314,1.2097389648379258,arima,HUANCAVELICA
2017-05-01,0.5445851894611868,1.272192076126284,arima,HUANCAVELICA
2017-05-08,1.0891703789223743,0.5541241668247581,arima,HUANCAVELICA
2017-05-15,1.6337555683835623,0.7319420948711799,arima,HUANCAVELICA
2017-05-22,1.3614629736529682,0.6058686494319805,arima,HUANCAVELICA
2017-05-29,1.0891703789223743,0.6157203116455203,arima,HUANCAVELICA
2017-06-05,0.8168777841917811,1.0791059676257277,arima,HUANCAVELICA
2017-06-12,0.8168777841917811,1.139468604500324,arima,HUANCAVELICA
2017-06-19,0.8168777841917811,1.103993330857218,arima,HUANCAVELICA
2017-06-26,1.3614629736529682,1.1019582358433868,arima,HUANCAVELICA
2017-07-03,2.178340757844749,1.507309341005179,arima,HUANCAVELICA
2017-07-10,2.4506333525753425,1.5822890353403065,arima,HUANCAVELICA
2017-07-17,2.178340757844749,1.4695379031601874,arima,HUANCAVELICA
2017-07-24,2.4506333525753425,1.5132480515290156,arima,HUANCAVELICA
2017-07-31,1.9060481631141553,2.577686154761231,arima,HUANCAVELICA
2017-08-07,1.6337555683835614,2.850541715878205,arima,HUANCAVELICA
2017-08-14,0.8168777841917806,2.6099921393802017,arima,HUANCAVELICA
2017-08-21,1.3614629736529682,2.6570569659315466,arima,HUANCAVELICA
2017-08-28,1.0891703789223743,1.4535648095187241,arima,HUANCAVELICA
2017-09-04,2.178340757844749,1.6993205117865324,arima,HUANCAVELICA
2017-09-11,2.178340757844749,1.4868502030967723,arima,HUANCAVELICA
2017-09-18,2.178340757844749,1.529651374482314,arima,HUANCAVELICA
2017-09-25,0.8168777841917806,1.8285142136538326,arima,HUANCAVELICA
2017-10-02,0.5445851894611868,1.658564031299591,arima,HUANCAVELICA
2017-10-09,0.8168777841917811,1.9123735046937869,arima,HUANCAVELICA
2017-10-16,0.8168777841917811,1.803456070921063,arima,HUANCAVELICA
2017-10-23,1.0891703789223743,0.775477945918688,arima,HUANCAVELICA
2017-10-30,1.0891703789223743,0.6258884331126247,arima,HUANCAVELICA
2017-11-06,1.0891703789223743,0.749403347289554,arima,HUANCAVELICA
2017-11-13,1.3614629736529682,0.7218454642902579,arima,HUANCAVELICA
2017-11-20,1.6337555683835616,1.3403963624007988,arima,HUANCAVELICA
2017-11-27,1.633755568383562,1.6559334749373034,arima,HUANCAVELICA
2017-12-04,1.3614629736529682,1.431455332487047,arima,HUANCAVELICA
2017-12-11,2.1783407578447487,1.4577843405378643,arima,HUANCAVELICA
2017-12-18,2.178340757844749,2.726399612214089,arima,HUANCAVELICA
2017-12-25,2.7229259473059364,2.9748162029295804,arima,HUANCAVELICA
2018-01-01,2.1857067300065136,2.5368588114083934,arima,HUANCAVELICA
2018-01-08,3.5619016479830115,2.748546697729968,arima,HUANCAVELICA
2018-01-15,2.472731269060636,3.5557395417259805,arima,HUANCAVELICA
2018-01-22,2.7474791878451517,3.734456236618855,arima,HUANCAVELICA
2018-01-29,1.648487512707091,3.6036091180070713,arima,HUANCAVELICA
2018-02-05,2.4727312690606364,3.6211417133030555,arima,HUANCAVELICA
2018-02-12,1.923235431491606,2.246142024001239,arima,HUANCAVELICA
2018-02-19,1.6484875127070906,2.666786954399262,arima,HUANCAVELICA
2018-02-26,1.3737395939225756,2.445924641970828,arima,HUANCAVELICA
2018-03-05,1.648487512707091,2.4217332110218392,arima,HUANCAVELICA
2018-03-12,2.1979833502761212,1.9539209833447773,arima,HUANCAVELICA
2018-03-19,3.5717229441986973,1.910946471159506,arima,HUANCAVELICA
2018-03-26,4.121218781767728,1.8053624647231477,arima,HUANCAVELICA
2018-04-02,3.296975025414182,1.9023885279874673,arima,HUANCAVELICA
2018-04-09,1.648487512707091,2.6867541715399135,arima,HUANCAVELICA
2018-04-16,1.3737395939225756,2.513106576381136,arima,HUANCAVELICA
2018-04-23,2.1979833502761212,2.777270624939737,arima,HUANCAVELICA
2018-04-30,3.0222271066296664,3.026951845677215,arima,HUANCAVELICA
2018-05-07,2.7474791878451517,3.229143316014005,arima,HUANCAVELICA
2018-05-14,3.0222271066296673,2.7261885382574933,arima,HUANCAVELICA
2018-05-21,3.0222271066296673,2.3709799568340855,arima,HUANCAVELICA
2018-05-28,4.121218781767728,2.2950502781368223,arima,HUANCAVELICA
2018-06-04,4.670714619336757,4.021439625080624,arima,HUANCAVELICA
2018-06-11,4.945462538121273,4.023056642698623,arima,HUANCAVELICA
2018-06-18,4.395966700552243,3.53861123618248,arima,HUANCAVELICA
2018-06-25,4.121218781767729,3.566842256016849,arima,HUANCAVELICA
2018-07-02,4.3959667005522425,4.012514653398714,arima,HUANCAVELICA
2018-07-09,4.121218781767728,4.217586952660688,arima,HUANCAVELICA
2018-07-16,3.296975025414182,4.336222702313654,arima,HUANCAVELICA
2018-07-23,1.923235431491606,4.387654216050392,arima,HUANCAVELICA
2018-07-30,1.648487512707091,1.7234716295037584,arima,HUANCAVELICA
2018-08-06,1.3737395939225756,1.5779791485464503,arima,HUANCAVELICA
2018-08-13,1.648487512707091,1.773233922384724,arima,HUANCAVELICA
2018-08-20,1.9232354314916063,1.6937715529226551,arima,HUANCAVELICA
2018-08-27,2.1979833502761212,2.084698967517219,arima,HUANCAVELICA
2018-09-03,2.4727312690606364,1.952505550607054,arima,HUANCAVELICA
2018-09-10,1.923235431491606,1.8263399579956792,arima,HUANCAVELICA
2018-09-17,1.3737395939225754,1.7548699039322355,arima,HUANCAVELICA
2018-09-24,0.5494958375690299,1.1744155247096457,arima,HUANCAVELICA
2018-10-01,0.8242437563535451,1.1494460029058544,arima,HUANCAVELICA
2018-10-08,0.8242437563535451,1.246250052069541,arima,HUANCAVELICA
2018-10-15,1.923235431491606,1.1877201686197498,arima,HUANCAVELICA
2018-10-22,2.1979833502761212,1.8210147909838748,arima,HUANCAVELICA
2018-10-29,2.7474791878451517,2.154380814397825,arima,HUANCAVELICA
2018-11-05,2.472731269060637,1.9544752762750521,arima,HUANCAVELICA
2018-11-12,2.4727312690606364,1.9584897221310107,arima,HUANCAVELICA
2018-11-19,1.9232354314916063,2.5635980615181344,arima,HUANCAVELICA
2018-11-26,2.1979833502761212,2.62379484262785,arima,HUANCAVELICA
2018-12-03,2.1979833502761212,2.543427450004454,arima,HUANCAVELICA
2018-12-10,3.0222271066296673,2.576077286260539,arima,HUANCAVELICA
2018-12-17,3.0222271066296673,2.991048780050991,arima,HUANCAVELICA
2018-12-24,2.4727312690606364,3.035207161030378,arima,HUANCAVELICA
2018-12-31,2.7474791878451525,3.016948016421056,arima,HUANCAVELICA
2019-01-07,2.202981827754126,3.011526678897966,arima,HUANCAVELICA
2019-01-14,2.4852274627556477,2.3807120569596867,arima,HUANCAVELICA
2019-01-21,1.6634829451411042,2.1047443682192335,arima,HUANCAVELICA
2019-01-28,1.9407301026646213,2.2289228136956236,arima,HUANCAVELICA
2019-02-04,1.3862357876175866,2.254160876371342,arima,HUANCAVELICA
2019-02-11,2.2179772601881393,1.4489010810535632,arima,HUANCAVELICA
2019-02-18,1.940730102664622,1.2598926751676642,arima,HUANCAVELICA
2019-02-25,2.4952244177116567,1.3704034169136108,arima,HUANCAVELICA
2019-03-04,3.0497187327586914,1.3677649967863394,arima,HUANCAVELICA
2019-03-11,2.772471575235174,3.3031219500733924,arima,HUANCAVELICA
2019-03-18,2.2179772601881393,3.0731528038086617,arima,HUANCAVELICA
2019-03-25,1.1089886300940692,2.830556432848593,arima,HUANCAVELICA
2019-04-01,1.1089886300940692,2.6964720626869645,arima,HUANCAVELICA
2019-04-08,1.1089886300940694,1.1677423284499557,arima,HUANCAVELICA
2019-04-15,1.6634829451411042,1.6102131617451931,arima,HUANCAVELICA
2019-04-22,2.4952244177116563,1.6709874714140844,arima,HUANCAVELICA
2019-04-29,2.772471575235174,1.6937200312932896,arima,HUANCAVELICA
2019-05-06,2.2179772601881393,2.5242801729857414,arima,HUANCAVELICA
2019-05-13,1.3862357876175866,2.1211253587967844,arima,HUANCAVELICA
2019-05-20,1.6634829451411042,1.947810845161162,arima,HUANCAVELICA
2019-05-27,2.495224417711657,1.9778506690549849,arima,HUANCAVELICA
2019-06-03,2.495224417711657,3.1105841638389196,arima,HUANCAVELICA
2019-06-10,1.940730102664622,3.0865208941039857,arima,HUANCAVELICA
2019-06-17,0.8317414725705524,2.668668482238416,arima,HUANCAVELICA
2019-06-24,1.3862357876175866,2.366513072124273,arima,HUANCAVELICA
2019-07-01,1.9407301026646213,1.5232459692220175,arima,HUANCAVELICA
2019-07-08,3.0497187327586914,2.192285492607336,arima,HUANCAVELICA
2019-07-15,3.326965890282209,1.9164401268775135,arima,HUANCAVELICA
2019-07-22,3.0497187327586914,1.8694523575467774,arima,HUANCAVELICA
2019-07-29,2.4952244177116563,2.5023464139269422,arima,HUANCAVELICA
2019-08-05,2.217977260188139,2.3318329828717856,arima,HUANCAVELICA
2019-08-12,2.217977260188139,2.378411776805685,arima,HUANCAVELICA
2019-08-19,1.9407301026646213,2.5970476836540106,arima,HUANCAVELICA
2019-08-26,2.772471575235174,2.0365887820368043,arima,HUANCAVELICA
2019-09-02,2.4952244177116563,2.024110492902669,arima,HUANCAVELICA
2019-09-09,2.217977260188139,2.1553388840612517,arima,HUANCAVELICA
2019-09-16,1.1089886300940688,2.1217505787815782,arima,HUANCAVELICA
2019-09-23,1.3862357876175861,1.0950864431401732,arima,HUANCAVELICA
2019-09-30,1.1089886300940686,1.1071839505427858,arima,HUANCAVELICA
2019-10-07,0.8317414725705512,1.550438060801551,arima,HUANCAVELICA
2019-10-14,0.8317414725705513,1.6007776566177512,arima,HUANCAVELICA
2019-10-21,0.8317414725705513,0.9961307714225218,arima,HUANCAVELICA
2019-10-28,0.8317414725705512,1.1196595988540183,arima,HUANCAVELICA
2019-11-04,1.940730102664621,0.9473016051245051,arima,HUANCAVELICA
2019-11-11,2.772471575235173,1.0274422462402204,arima,HUANCAVELICA
2019-11-18,3.3269658902822083,3.5602721474476375,arima,HUANCAVELICA
2019-11-25,1.6634829451411035,2.7053168399056076,arima,HUANCAVELICA
2019-12-02,0.8317414725705512,3.0235454019867296,arima,HUANCAVELICA
2019-12-09,0.8317414725705512,3.127676178477171,arima,HUANCAVELICA
2019-12-16,1.3862357876175861,0.7244497889066182,arima,HUANCAVELICA
2019-12-23,1.3862357876175861,1.0146966498825551,arima,HUANCAVELICA
2019-12-30,1.3862357876175864,0.8378375989253266,arima,HUANCAVELICA
2020-01-06,1.95091373276691,0.8471636566499849,arima,HUANCAVELICA
2020-01-13,2.790292927914179,2.7599514963166945,arima,HUANCAVELICA
2020-01-20,2.518137585441806,2.899162575192661,arima,HUANCAVELICA
2020-01-27,1.3989653252454477,2.4246720514509463,arima,HUANCAVELICA
2020-02-03,0.5595861300981783,2.7216725395000516,arima,HUANCAVELICA
2020-02-10,0.8393791951472681,0.36872798511242366,arima,HUANCAVELICA
2020-02-17,0.8393791951472681,0.2559032642961405,arima,HUANCAVELICA
2020-02-24,0.8393791951472681,0.4106369569647299,arima,HUANCAVELICA
2020-03-02,0.5595861300981783,0.34067893103305946,arima,HUANCAVELICA
2020-03-09,0.8393791951472679,0.5035030197470693,arima,HUANCAVELICA
2020-03-16,1.3989653252454473,0.6524509057399135,arima,HUANCAVELICA
2020-03-23,1.678758390294537,0.5667339185525151,arima,HUANCAVELICA
2020-03-30,1.678758390294537,0.5675157942170752,arima,HUANCAVELICA
2020-04-06,1.1191722601963578,1.3980323167092332,arima,HUANCAVELICA
2020-04-13,0.27979306504908863,1.2629958768752019,arima,HUANCAVELICA
2020-04-20,0.27979306504908863,1.2401651616919533,arima,HUANCAVELICA
2020-04-27,0.27979306504908863,1.3432448379015063,arima,HUANCAVELICA
2020-05-04,0.5595861300981783,0.6134820397288714,arima,HUANCAVELICA
2020-05-11,0.5595861300981783,0.658452414952825,arima,HUANCAVELICA
2020-05-18,0.839379195147269,0.6855783141250515,arima,HUANCAVELICA
2020-05-25,0.5595861300981783,0.5215670498652609,arima,HUANCAVELICA
2020-06-01,0.5595861300981783,0.5451487329422178,arima,HUANCAVELICA
2020-06-08,0.8393791951472679,0.417191842453142,arima,HUANCAVELICA
2020-06-15,0.8393791951472679,0.5085574381912177,arima,HUANCAVELICA
2020-06-22,0.5595861300981783,0.5201772835570977,arima,HUANCAVELICA
2020-06-29,0.0,0.4231015881175739,arima,HUANCAVELICA
2020-07-06,0.0,0.3916538738623043,arima,HUANCAVELICA
2020-07-13,0.0,0.4869429068993217,arima,HUANCAVELICA
2020-07-20,0.0,0.5611810058303983,arima,HUANCAVELICA
2020-07-27,2.2383445203927166,0.006513040206465447,arima,HUANCAVELICA
2020-08-03,2.2383445203927166,0.007426106689562262,arima,HUANCAVELICA
2020-08-10,2.2383445203927166,0.00795153930794198,arima,HUANCAVELICA
2020-08-17,0.2797930650490888,0.00515195649958009,arima,HUANCAVELICA
2020-08-24,2.797930650490896,0.0,arima,HUANCAVELICA
2020-08-31,3.357516780589075,0.0,arima,HUANCAVELICA
2020-09-07,5.316068235932703,0.20342793434603743,arima,HUANCAVELICA
2020-09-14,3.6373098456381645,0.600970350726389,arima,HUANCAVELICA
2020-09-21,3.9171029106872552,3.3632600963066013,arima,HUANCAVELICA
2020-09-28,3.0777237155399857,2.6232444792061194,arima,HUANCAVELICA
2020-10-05,2.2383445203927166,3.141316394155976,arima,HUANCAVELICA
2020-10-12,1.3989653252454477,3.250297297023871,arima,HUANCAVELICA
2020-10-19,0.8393791951472682,1.5586836758377411,arima,HUANCAVELICA
2020-10-26,1.1191722601963578,1.8080002365935997,arima,HUANCAVELICA
2020-11-02,1.3989653252454477,2.2340839584762304,arima,HUANCAVELICA
2020-11-09,1.1191722601963578,2.158226845669927,arima,HUANCAVELICA
2020-11-16,1.9585514553436267,0.9680627152045433,arima,HUANCAVELICA
2020-11-23,2.2383445203927166,0.8490813666269372,arima,HUANCAVELICA
2020-11-30,3.6373098456381654,0.9497562541354594,arima,HUANCAVELICA
2020-12-07,3.357516780589075,1.01163040922135,arima,HUANCAVELICA
2020-12-14,3.0777237155399857,3.2939624538704413,arima,HUANCAVELICA
2020-12-21,1.1191722601963578,2.6391768221879204,arima,HUANCAVELICA
2020-12-28,1.3989653252454477,2.7458521067740174,arima,HUANCAVELICA
2021-01-04,4.225411282465267,2.7341399895951093,arima,HUANCAVELICA
2021-01-11,6.484494207751747,5.160923380954688,arima,HUANCAVELICA
2021-01-18,8.471560969824298,5.160923380954688,arima,HUANCAVELICA
2021-01-25,9.928669456634069,4.0743360749152275,arima,HUANCAVELICA
2021-02-01,11.622981650598929,3.281714059972482,arima,HUANCAVELICA
2021-02-08,13.080090137408698,7.299191580201544,arima,HUANCAVELICA
2021-02-15,11.340596284938117,7.299191580201544,arima,HUANCAVELICA
2021-02-22,11.905367016259738,7.299191580201544,arima,HUANCAVELICA
2021-03-01,9.883487798128348,7.299191580201544,arima,HUANCAVELICA
2021-03-08,11.013029260771589,10.414095778778295,arima,HUANCAVELICA
2021-03-15,10.730643895110779,10.045010592165488,arima,HUANCAVELICA
2021-03-22,11.860185357754018,10.970158541771248,arima,HUANCAVELICA
2021-03-29,12.470137747581356,10.651279097638822,arima,HUANCAVELICA
2021-04-05,12.797704771747888,11.878709837741365,arima,HUANCAVELICA
2021-04-12,13.69004252723604,11.878709837741365,arima,HUANCAVELICA
2021-04-19,13.69004252723604,11.878709837741365,arima,HUANCAVELICA
2021-04-26,13.69004252723604,11.878709837741365,arima,HUANCAVELICA
2021-05-03,13.69004252723604,13.288671027070949,arima,HUANCAVELICA
2021-05-10,13.69004252723604,13.305325258858275,arima,HUANCAVELICA
2021-05-17,10.538621846461409,13.277822594888187,arima,HUANCAVELICA
2021-05-24,7.66958653134759,13.330170617237924,arima,HUANCAVELICA
2021-05-31,4.235780484912149,7.289163991619766,arima,HUANCAVELICA
2021-06-07,4.5181658505729585,8.122676844650988,arima,HUANCAVELICA
2021-06-14,3.3886243879297187,9.287672092039081,arima,HUANCAVELICA
2021-06-21,3.6710097535905284,9.471885841654133,arima,HUANCAVELICA
2021-06-28,3.1062390222689085,3.3519058689138372,arima,HUANCAVELICA
2021-07-05,3.953395119251338,3.859302271725902,arima,HUANCAVELICA
2021-07-12,3.1062390222689085,3.6608552666025345,arima,HUANCAVELICA
2021-07-19,2.541468290947288,3.8674786367978182,arima,HUANCAVELICA
2021-07-26,2.541468290947288,2.2199934783847524,arima,HUANCAVELICA
2021-08-02,2.541468290947288,2.29771650607763,arima,HUANCAVELICA
2021-08-09,2.541468290947288,2.310403045856682,arima,HUANCAVELICA
2021-08-16,1.4119268283040485,2.279398574266333,arima,HUANCAVELICA
2021-08-23,1.9766975596256682,1.3027628196674454,arima,HUANCAVELICA
2021-08-30,1.411926828304048,1.0791312795327395,arima,HUANCAVELICA
2021-09-06,1.6943121939648584,1.3073953748539693,arima,HUANCAVELICA
2021-09-13,1.6943121939648584,1.1562002523648256,arima,HUANCAVELICA
2021-09-20,1.9766975596256684,2.2236416715767184,arima,HUANCAVELICA
2021-09-27,1.6943121939648584,2.1394783596148836,arima,HUANCAVELICA
2021-10-04,0.8471560969824299,2.0677131738806436,arima,HUANCAVELICA
2021-10-11,0.5647707313216186,2.15601140359437,arima,HUANCAVELICA
2021-10-18,1.4119268283040485,0.37453381003575803,arima,HUANCAVELICA
2021-10-25,1.6943121939648584,0.4702621251479508,arima,HUANCAVELICA
2021-11-01,3.388624387929718,0.43086810777046836,arima,HUANCAVELICA
2021-11-08,3.6710097535905284,0.4409008001342562,arima,HUANCAVELICA
2021-11-15,4.800551216233768,3.760611036202322,arima,HUANCAVELICA
2021-11-22,4.800551216233768,2.864957965801798,arima,HUANCAVELICA
2021-11-29,4.235780484912149,2.832001453234035,arima,HUANCAVELICA
2021-12-06,3.1062390222689085,2.7478038616414535,arima,HUANCAVELICA
2021-12-13,1.6943121939648584,3.0541116117273104,arima,HUANCAVELICA
2021-12-20,1.6943121939648584,3.161160970744043,arima,HUANCAVELICA
2021-12-27,1.9766975596256682,3.6024191390981253,arima,HUANCAVELICA
2022-01-03,1.9793383451142263,3.5983537816949367,arima,HUANCAVELICA
2022-01-10,2.5573130038786362,1.8964873558999877,arima,HUANCAVELICA
2022-01-17,3.9903661160911503,1.7879657552944463,arima,HUANCAVELICA
2022-01-24,5.985549174136725,1.9033229733007029,arima,HUANCAVELICA
2022-01-31,7.410679929883564,1.8345151182431647,arima,HUANCAVELICA
2022-02-07,8.265758383331669,7.649419607842924,arima,HUANCAVELICA
2022-02-14,9.690889139078509,7.939754319642493,arima,HUANCAVELICA
2022-02-21,9.690889139078507,7.626199563891607,arima,HUANCAVELICA
2022-02-28,7.125653778734197,7.803846683629567,arima,HUANCAVELICA
2022-03-07,4.845444569539253,6.3494072144017615,arima,HUANCAVELICA
2022-03-14,2.8502615114936773,5.882968952975573,arima,HUANCAVELICA
2022-03-21,2.2802092091949415,6.494936856944811,arima,HUANCAVELICA
2022-03-28,0.8550784534481021,6.132962617309636,arima,HUANCAVELICA
2022-04-04,0.2850261511493662,0.690030021793556,arima,HUANCAVELICA
2022-04-11,0.8550784534481021,0.4708414238419,arima,HUANCAVELICA
2022-04-18,1.425130755746838,0.68884478963401,arima,HUANCAVELICA
2022-04-25,1.9951830580455738,0.564062294873722,arima,HUANCAVELICA
2022-05-02,2.56523536034431,1.5245798944562559,arima,HUANCAVELICA
2022-05-09,2.56523536034431,1.8166130193416494,arima,HUANCAVELICA
2022-05-16,1.710156906896206,1.7079813957705632,arima,HUANCAVELICA
2022-05-23,0.8550784534481021,1.7079701445058721,arima,HUANCAVELICA
2022-05-30,1.14010460459747,0.8767784769081675,arima,HUANCAVELICA
2022-06-06,1.425130755746838,0.8281804852321957,arima,HUANCAVELICA
2022-06-13,2.280209209194942,0.8619228157263321,arima,HUANCAVELICA
2022-06-20,2.56523536034431,0.8480013388076237,arima,HUANCAVELICA
2022-06-27,3.1352876626430457,2.7668206084190197,arima,HUANCAVELICA
2022-07-04,2.280209209194942,2.628356525505597,arima,HUANCAVELICA
2022-07-11,2.280209209194942,2.6850300538635317,arima,HUANCAVELICA
2022-07-18,3.705339964941782,2.6768799394285265,arima,HUANCAVELICA
2022-07-25,4.560418418389886,4.739548633898701,arima,HUANCAVELICA
2022-08-01,4.560418418389886,5.137047106231316,arima,HUANCAVELICA
2022-08-08,3.9903661160911494,4.484746052131738,arima,HUANCAVELICA
2022-08-15,4.275392267240517,4.901549529071899,arima,HUANCAVELICA
2022-08-22,3.9903661160911494,4.322545648204004,arima,HUANCAVELICA
2022-08-29,3.7053399649417815,4.1210222363471125,arima,HUANCAVELICA
2022-09-05,3.1352876626430457,4.264753678516697,arima,HUANCAVELICA
2022-09-12,2.56523536034431,4.217820257875417,arima,HUANCAVELICA
2022-09-19,2.280209209194942,2.2933945229679376,arima,HUANCAVELICA
2022-09-26,1.425130755746838,2.3501303070736017,arima,HUANCAVELICA
2022-10-03,2.280209209194942,2.393566681646618,arima,HUANCAVELICA
2022-10-10,2.280209209194942,2.340235743716274,arima,HUANCAVELICA
2022-10-17,2.850261511493678,2.9952316489376334,arima,HUANCAVELICA
2022-10-24,1.9951830580455743,2.426265347379089,arima,HUANCAVELICA
2022-10-31,1.9951830580455743,2.5939714821262476,arima,HUANCAVELICA
2022-11-07,2.5652353603443103,2.6647343921812734,arima,HUANCAVELICA
2022-11-14,3.705339964941782,2.6467173610499044,arima,HUANCAVELICA
2022-11-21,2.850261511493678,2.8211629097691078,arima,HUANCAVELICA
2022-11-28,2.56523536034431,2.6493506315524096,arima,HUANCAVELICA
2022-12-05,3.4203138137924136,2.716612297315805,arima,HUANCAVELICA
