date,actual,predicted,model,region
2010-12-27,2.5523898602607726,1.7290382924347165,naive,CUSCO
2011-01-03,2.4604197946291557,1.7290382924347165,naive,CUSCO
2011-01-10,2.7016443196675657,1.7290382924347165,naive,CUSCO
2011-01-17,1.627433317954089,1.7290382924347165,naive,CUSCO
2011-01-24,0.9764599907724537,1.6274333179540892,naive,CUSCO
2011-01-31,0.6509733271816359,1.6274333179540892,naive,CUSCO
2011-02-07,0.5696016612839315,1.6274333179540892,naive,CUSCO
2011-02-14,1.5460616520563846,1.6274333179540892,naive,CUSCO
2011-02-21,1.5460616520563848,1.5460616520563844,naive,CUSCO
2011-02-28,1.8715483156472024,1.5460616520563844,naive,CUSCO
2011-03-07,1.3833183202609758,1.5460616520563844,naive,CUSCO
2011-03-14,2.034291647442611,1.5460616520563844,naive,CUSCO
2011-03-21,2.8480083064196555,2.034291647442611,naive,CUSCO
2011-03-28,3.336238301805882,2.034291647442611,naive,CUSCO
2011-04-04,3.7430966312944043,2.034291647442611,naive,CUSCO
2011-04-11,3.1734949700104735,2.034291647442611,naive,CUSCO
2011-04-18,4.394069958476039,3.1734949700104735,naive,CUSCO
2011-04-25,5.126414951555379,3.1734949700104735,naive,CUSCO
2011-05-02,6.1842466082255365,3.1734949700104735,naive,CUSCO
2011-05-09,4.882299953862266,3.1734949700104735,naive,CUSCO
2011-05-16,4.7195566220668566,4.882299953862265,naive,CUSCO
2011-05-23,4.96367161975997,4.882299953862265,naive,CUSCO
2011-05-30,5.451901615146196,4.882299953862265,naive,CUSCO
2011-06-06,5.858759944634719,4.882299953862265,naive,CUSCO
2011-06-13,4.882299953862266,5.85875994463472,naive,CUSCO
2011-06-20,4.556813290271449,5.85875994463472,naive,CUSCO
2011-06-27,3.336238301805882,5.85875994463472,naive,CUSCO
2011-07-04,3.0107516382150643,5.85875994463472,naive,CUSCO
2011-07-11,2.7666366405219507,3.010751638215064,naive,CUSCO
2011-07-18,2.603893308726542,3.010751638215064,naive,CUSCO
2011-07-25,2.0342916474426116,3.010751638215064,naive,CUSCO
2011-08-01,2.1156633133403155,3.010751638215064,naive,CUSCO
2011-08-08,1.7088049838517936,2.115663313340315,naive,CUSCO
2011-08-15,1.7088049838517934,2.115663313340315,naive,CUSCO
2011-08-22,1.1392033225678626,2.115663313340315,naive,CUSCO
2011-08-29,1.3833183202609758,2.115663313340315,naive,CUSCO
2011-09-05,1.3019466543632714,1.383318320260976,naive,CUSCO
2011-09-12,1.5460616520563846,1.383318320260976,naive,CUSCO
2011-09-19,1.8715483156472024,1.383318320260976,naive,CUSCO
2011-09-26,2.359778311033429,1.383318320260976,naive,CUSCO
2011-10-03,2.5225216428288375,2.359778311033429,naive,CUSCO
2011-10-10,1.7088049838517934,2.359778311033429,naive,CUSCO
2011-10-17,1.8715483156472021,2.359778311033429,naive,CUSCO
2011-10-24,1.3019466543632714,2.359778311033429,naive,CUSCO
2011-10-31,1.8715483156472024,1.3019466543632716,naive,CUSCO
2011-11-07,1.7901766497494982,1.3019466543632716,naive,CUSCO
2011-11-14,1.8715483156472026,1.3019466543632716,naive,CUSCO
2011-11-21,2.441149976931133,1.3019466543632716,naive,CUSCO
2011-11-28,2.1156633133403155,2.441149976931133,naive,CUSCO
2011-12-05,2.1970349792380204,2.441149976931133,naive,CUSCO
2011-12-12,1.4646899861586802,2.441149976931133,naive,CUSCO
2011-12-19,1.220574988465567,2.441149976931133,naive,CUSCO
2011-12-26,1.3833183202609758,1.2205749884655668,naive,CUSCO
2012-01-02,1.215868654736754,1.2205749884655668,naive,CUSCO
2012-01-09,1.937859713612706,1.2205749884655668,naive,CUSCO
2012-01-16,2.412911974558257,1.2205749884655668,naive,CUSCO
2012-01-23,2.412911974558257,2.412911974558257,naive,CUSCO
2012-01-30,2.252051176254373,2.412911974558257,naive,CUSCO
2012-02-06,1.8498991804946636,2.412911974558257,naive,CUSCO
2012-02-13,2.0107599787985477,2.412911974558257,naive,CUSCO
2012-02-20,1.9303295796466056,2.0107599787985477,naive,CUSCO
2012-02-27,1.4477471847349541,2.0107599787985477,naive,CUSCO
2012-03-05,1.6086079830388378,2.0107599787985477,naive,CUSCO
2012-03-12,1.3673167855830124,2.0107599787985477,naive,CUSCO
2012-03-19,1.6086079830388378,1.3673167855830122,naive,CUSCO
2012-03-26,1.5281775838868958,1.3673167855830122,naive,CUSCO
2012-04-02,2.0107599787985473,1.3673167855830122,naive,CUSCO
2012-04-09,2.1716207771024307,1.3673167855830122,naive,CUSCO
2012-04-16,3.2976463652296175,2.1716207771024307,naive,CUSCO
2012-04-23,3.2172159660776756,2.1716207771024307,naive,CUSCO
2012-04-30,4.825823949116513,2.1716207771024307,naive,CUSCO
2012-05-07,4.021519957597094,2.1716207771024307,naive,CUSCO
2012-05-14,5.469267142332048,4.021519957597094,naive,CUSCO
2012-05-21,4.986684747420397,4.021519957597094,naive,CUSCO
2012-05-28,5.630127940635931,4.021519957597094,naive,CUSCO
2012-06-04,4.906254348268455,4.021519957597094,naive,CUSCO
2012-06-11,5.14754554572428,4.906254348268455,naive,CUSCO
2012-06-18,4.664963150812629,4.906254348268455,naive,CUSCO
2012-06-25,4.3432415542048615,4.906254348268455,naive,CUSCO
2012-07-02,3.699798360989327,4.906254348268455,naive,CUSCO
2012-07-09,3.458507163533501,3.699798360989327,naive,CUSCO
2012-07-16,3.3780767643815595,3.699798360989327,naive,CUSCO
2012-07-23,2.5737727728621405,3.699798360989327,naive,CUSCO
2012-07-30,2.4933423737101985,3.699798360989327,naive,CUSCO
2012-08-06,1.9303295796466058,2.4933423737101985,naive,CUSCO
2012-08-13,1.6890383821907802,2.4933423737101985,naive,CUSCO
2012-08-20,1.9303295796466056,2.4933423737101985,naive,CUSCO
2012-08-27,2.0107599787985473,2.4933423737101985,naive,CUSCO
2012-09-03,2.5737727728621405,2.0107599787985477,naive,CUSCO
2012-09-10,2.171620777102431,2.0107599787985477,naive,CUSCO
2012-09-17,2.0911903779504892,2.0107599787985477,naive,CUSCO
2012-09-24,2.0107599787985473,2.0107599787985477,naive,CUSCO
2012-10-01,1.9303295796466056,2.0107599787985477,naive,CUSCO
2012-10-08,2.252051176254373,2.0107599787985477,naive,CUSCO
2012-10-15,2.171620777102431,2.0107599787985477,naive,CUSCO
2012-10-22,2.0911903779504892,2.0107599787985477,naive,CUSCO
2012-10-29,1.6890383821907797,2.091190377950489,naive,CUSCO
2012-11-05,1.3673167855830124,2.091190377950489,naive,CUSCO
2012-11-12,1.6086079830388382,2.091190377950489,naive,CUSCO
2012-11-19,1.6890383821907802,2.091190377950489,naive,CUSCO
2012-11-26,1.4477471847349543,1.68903838219078,naive,CUSCO
2012-12-03,1.3673167855830124,1.68903838219078,naive,CUSCO
2012-12-10,1.8498991804946634,1.68903838219078,naive,CUSCO
2012-12-17,2.6542031720140824,1.68903838219078,naive,CUSCO
2012-12-24,3.0563551677737917,2.654203172014083,naive,CUSCO
2012-12-31,2.332481575406315,2.654203172014083,naive,CUSCO
2013-01-07,2.0829127219522223,2.654203172014083,naive,CUSCO
2013-01-14,1.673402809749608,2.654203172014083,naive,CUSCO
2013-01-21,1.9877664899144711,1.673402809749608,naive,CUSCO
2013-01-28,1.6697238515281558,1.673402809749608,naive,CUSCO
2013-02-04,1.5107025323349983,1.673402809749608,naive,CUSCO
2013-02-11,1.2721705535452614,1.673402809749608,naive,CUSCO
2013-02-18,1.5107025323349983,1.2721705535452617,naive,CUSCO
2013-02-25,1.590213191931577,1.2721705535452617,naive,CUSCO
2013-03-04,1.9082558303178923,1.2721705535452617,naive,CUSCO
2013-03-11,1.7492345111247343,1.2721705535452617,naive,CUSCO
2013-03-18,1.3516812131418403,1.749234511124734,naive,CUSCO
2013-03-25,1.2721705535452619,1.749234511124734,naive,CUSCO
2013-04-01,1.4311918727384196,1.749234511124734,naive,CUSCO
2013-04-08,1.5107025323349983,1.749234511124734,naive,CUSCO
2013-04-15,2.1467878091076287,1.510702532334998,naive,CUSCO
2013-04-22,3.2599370434597326,1.510702532334998,naive,CUSCO
2013-04-29,4.214064958618678,1.510702532334998,naive,CUSCO
2013-05-06,3.2599370434597326,1.510702532334998,naive,CUSCO
2013-05-13,2.4648304474939438,3.2599370434597326,naive,CUSCO
2013-05-20,2.0672771495110496,3.2599370434597326,naive,CUSCO
2013-05-27,4.05504363942552,3.2599370434597326,naive,CUSCO
2013-06-03,3.8960223202323623,3.2599370434597326,naive,CUSCO
2013-06-10,4.452596937408415,3.896022320232362,naive,CUSCO
2013-06-17,3.896022320232362,3.896022320232362,naive,CUSCO
2013-06-24,4.2935756182152565,3.896022320232362,naive,CUSCO
2013-07-01,3.975532979828941,3.896022320232362,naive,CUSCO
2013-07-08,3.657490341442626,3.975532979828941,naive,CUSCO
2013-07-15,3.498469022249468,3.975532979828941,naive,CUSCO
2013-07-22,3.577979681846047,3.975532979828941,naive,CUSCO
2013-07-29,2.7828730858802593,3.975532979828941,naive,CUSCO
2013-08-05,3.100915724266574,2.7828730858802593,naive,CUSCO
2013-08-12,2.623851766687101,2.7828730858802593,naive,CUSCO
2013-08-19,2.4648304474939438,2.7828730858802593,naive,CUSCO
2013-08-26,1.908255830317892,2.7828730858802593,naive,CUSCO
2013-09-02,2.2262984687042073,1.9082558303178923,naive,CUSCO
2013-09-09,2.5443411070905224,1.9082558303178923,naive,CUSCO
2013-09-16,2.9418944050734166,1.9082558303178923,naive,CUSCO
2013-09-23,3.0214050646699953,1.9082558303178923,naive,CUSCO
2013-09-30,2.7828730858802593,3.0214050646699953,naive,CUSCO
2013-10-07,1.9877664899144707,3.0214050646699953,naive,CUSCO
2013-10-14,1.908255830317892,3.0214050646699953,naive,CUSCO
2013-10-21,1.5902131919315767,3.0214050646699953,naive,CUSCO
2013-10-28,1.5107025323349978,1.5902131919315767,naive,CUSCO
2013-11-04,0.9541279151589462,1.5902131919315767,naive,CUSCO
2013-11-11,1.033638574755525,1.5902131919315767,naive,CUSCO
2013-11-18,1.113149234352104,1.5902131919315767,naive,CUSCO
2013-11-25,1.033638574755525,1.113149234352104,naive,CUSCO
2013-12-02,1.1926598939486828,1.113149234352104,naive,CUSCO
2013-12-09,1.4311918727384194,1.113149234352104,naive,CUSCO
2013-12-16,1.8287451707213134,1.113149234352104,naive,CUSCO
2013-12-23,1.4311918727384194,1.8287451707213127,naive,CUSCO
2013-12-30,1.4311918727384192,1.8287451707213127,naive,CUSCO
2014-01-06,1.1872666096162066,1.8287451707213127,naive,CUSCO
2014-01-13,1.8152619598901225,1.8287451707213127,naive,CUSCO
2014-01-20,1.4936237986154897,1.8152619598901225,naive,CUSCO
2014-01-27,1.3364002408664906,1.8152619598901225,naive,CUSCO
2014-02-03,1.1005649042429926,1.8152619598901225,naive,CUSCO
2014-02-10,0.9433413464939937,1.8152619598901225,naive,CUSCO
2014-02-17,1.5722355774899892,0.9433413464939937,naive,CUSCO
2014-02-24,1.3364002408664908,0.9433413464939937,naive,CUSCO
2014-03-03,1.4936237986154897,0.9433413464939937,naive,CUSCO
2014-03-10,0.7075060098704954,0.9433413464939937,naive,CUSCO
2014-03-17,1.021953125368493,0.7075060098704953,naive,CUSCO
2014-03-24,1.021953125368493,0.7075060098704953,naive,CUSCO
2014-03-31,1.3364002408664908,0.7075060098704953,naive,CUSCO
2014-04-07,0.7861177887449949,0.7075060098704953,naive,CUSCO
2014-04-14,0.7861177887449949,0.7861177887449948,naive,CUSCO
2014-04-21,0.4716706732469971,0.7861177887449948,naive,CUSCO
2014-04-28,0.4716706732469971,0.7861177887449948,naive,CUSCO
2014-05-05,0.3930588943724976,0.7861177887449948,naive,CUSCO
2014-05-12,0.7075060098704954,0.3930588943724976,naive,CUSCO
2014-05-19,0.8647295676194943,0.3930588943724976,naive,CUSCO
2014-05-26,1.0219531253684933,0.3930588943724976,naive,CUSCO
2014-06-02,1.1005649042429928,0.3930588943724976,naive,CUSCO
2014-06-09,1.2577884619919917,1.1005649042429928,naive,CUSCO
2014-06-16,2.672800481732981,1.1005649042429928,naive,CUSCO
2014-06-23,3.851977164850473,1.1005649042429928,naive,CUSCO
2014-06-30,4.480871395846468,1.1005649042429928,naive,CUSCO
2014-07-07,4.166424280348471,4.480871395846468,naive,CUSCO
2014-07-14,3.3016947127289775,4.480871395846468,naive,CUSCO
2014-07-21,4.795318511344466,4.480871395846468,naive,CUSCO
2014-07-28,4.795318511344466,4.480871395846468,naive,CUSCO
2014-08-04,5.266989184591464,4.795318511344466,naive,CUSCO
2014-08-11,3.7733653859759744,4.795318511344466,naive,CUSCO
2014-08-18,3.065859376105479,4.795318511344466,naive,CUSCO
2014-08-25,2.2797415873604847,4.795318511344466,naive,CUSCO
2014-09-01,2.1225180296114856,2.2797415873604847,naive,CUSCO
2014-09-08,1.965294471862487,2.2797415873604847,naive,CUSCO
2014-09-15,1.8080709141134879,2.2797415873604847,naive,CUSCO
2014-09-22,1.808070914113488,2.2797415873604847,naive,CUSCO
2014-09-29,1.6508473563644894,1.8080709141134874,naive,CUSCO
2014-10-06,1.808070914113488,1.8080709141134874,naive,CUSCO
2014-10-13,1.808070914113488,1.8080709141134874,naive,CUSCO
2014-10-20,2.2797415873604847,1.8080709141134874,naive,CUSCO
2014-10-27,2.122518029611486,2.2797415873604847,naive,CUSCO
2014-11-03,1.8866826929879874,2.2797415873604847,naive,CUSCO
2014-11-10,1.8080709141134879,2.2797415873604847,naive,CUSCO
2014-11-17,2.436965145109484,2.2797415873604847,naive,CUSCO
2014-11-24,2.6728004817329816,2.436965145109484,naive,CUSCO
2014-12-01,1.8080709141134879,2.436965145109484,naive,CUSCO
2014-12-08,1.0219531253684935,2.436965145109484,naive,CUSCO
2014-12-15,1.100564904242993,2.436965145109484,naive,CUSCO
2014-12-22,1.650847356364489,1.1005649042429928,naive,CUSCO
2014-12-29,1.650847356364489,1.1005649042429928,naive,CUSCO
2015-01-05,1.407981264837454,1.1005649042429928,naive,CUSCO
2015-01-12,1.401829354296859,1.1005649042429928,naive,CUSCO
2015-01-19,1.3991928212080327,1.4018293542968587,naive,CUSCO
2015-01-26,1.0882610831618034,1.4018293542968587,naive,CUSCO
2015-02-02,0.8550622796271314,1.4018293542968587,naive,CUSCO
2015-02-09,0.7773293451155742,1.4018293542968587,naive,CUSCO
2015-02-16,1.010528148650246,0.777329345115574,naive,CUSCO
2015-02-23,0.7773293451155742,0.777329345115574,naive,CUSCO
2015-03-02,0.9327952141386887,0.777329345115574,naive,CUSCO
2015-03-09,1.2437269521849181,0.777329345115574,naive,CUSCO
2015-03-16,2.1765221663236063,1.2437269521849181,naive,CUSCO
2015-03-23,2.176522166323606,1.2437269521849181,naive,CUSCO
2015-03-30,1.5546586902311474,1.2437269521849181,naive,CUSCO
2015-04-06,1.5546586902311474,1.2437269521849181,naive,CUSCO
2015-04-13,2.0987892318120487,1.5546586902311472,naive,CUSCO
2015-04-20,3.3425161839969655,1.5546586902311472,naive,CUSCO
2015-04-27,3.5757149875316383,1.5546586902311472,naive,CUSCO
2015-05-04,3.497982053020081,1.5546586902311472,naive,CUSCO
2015-05-11,2.798385642416065,3.497982053020081,naive,CUSCO
2015-05-18,2.4097209698582778,3.497982053020081,naive,CUSCO
2015-05-25,2.2542551008351635,3.497982053020081,naive,CUSCO
2015-06-01,2.4874539043698354,3.497982053020081,naive,CUSCO
2015-06-08,2.0987892318120487,2.4874539043698354,naive,CUSCO
2015-06-15,2.3319880353467206,2.4874539043698354,naive,CUSCO
2015-06-22,1.710124559254262,2.4874539043698354,naive,CUSCO
2015-06-29,1.5546586902311474,2.4874539043698354,naive,CUSCO
2015-07-06,0.8550622796271313,1.5546586902311472,naive,CUSCO
2015-07-13,1.010528148650246,1.5546586902311472,naive,CUSCO
2015-07-20,1.7101245592542618,1.5546586902311472,naive,CUSCO
2015-07-27,2.021056297300491,1.5546586902311472,naive,CUSCO
2015-08-03,1.5546586902311474,2.0210562973004906,naive,CUSCO
2015-08-10,0.9327952141386886,2.0210562973004906,naive,CUSCO
2015-08-17,0.6995964106040166,2.0210562973004906,naive,CUSCO
2015-08-24,0.7773293451155739,2.0210562973004906,naive,CUSCO
2015-08-31,0.6218634760924593,0.777329345115574,naive,CUSCO
2015-09-07,0.7773293451155739,0.777329345115574,naive,CUSCO
2015-09-14,0.8550622796271313,0.777329345115574,naive,CUSCO
2015-09-21,1.0882610831618031,0.777329345115574,naive,CUSCO
2015-09-28,1.010528148650246,1.0882610831618034,naive,CUSCO
2015-10-05,1.243726952184918,1.0882610831618034,naive,CUSCO
2015-10-12,1.3991928212080327,1.0882610831618034,naive,CUSCO
2015-10-19,1.6323916247427046,1.0882610831618034,naive,CUSCO
2015-10-26,1.6323916247427046,1.6323916247427044,naive,CUSCO
2015-11-02,1.6323916247427046,1.6323916247427044,naive,CUSCO
2015-11-09,1.710124559254262,1.6323916247427044,naive,CUSCO
2015-11-16,1.3991928212080327,1.6323916247427044,naive,CUSCO
2015-11-23,1.243726952184918,1.399192821208033,naive,CUSCO
2015-11-30,0.6218634760924593,1.399192821208033,naive,CUSCO
2015-12-07,0.7773293451155739,1.399192821208033,naive,CUSCO
2015-12-14,0.4663976070693446,1.399192821208033,naive,CUSCO
2015-12-21,0.6218634760924593,0.4663976070693446,naive,CUSCO
2015-12-28,0.3109317380462299,0.4663976070693446,naive,CUSCO
2016-01-04,0.3860864382254295,0.4663976070693446,naive,CUSCO
2016-01-11,0.2306205692023148,0.4663976070693446,naive,CUSCO
2016-01-18,0.2306205692023148,0.23062056920231483,naive,CUSCO
2016-01-25,0.07687352306743866,0.23062056920231483,naive,CUSCO
2016-02-01,0.2306205692023148,0.23062056920231483,naive,CUSCO
2016-02-08,0.3074940922697529,0.23062056920231483,naive,CUSCO
2016-02-15,0.3074940922697529,0.3074940922697529,naive,CUSCO
2016-02-22,0.46124113840462905,0.3074940922697529,naive,CUSCO
2016-02-29,0.46124113840462905,0.3074940922697529,naive,CUSCO
2016-03-07,0.46124113840462905,0.3074940922697529,naive,CUSCO
2016-03-14,0.23062056920231422,0.461241138404629,naive,CUSCO
2016-03-21,0.15374704613487675,0.461241138404629,naive,CUSCO
2016-03-28,0.3074940922697529,0.461241138404629,naive,CUSCO
2016-04-04,0.3074940922697529,0.461241138404629,naive,CUSCO
2016-04-11,0.6918617076069432,0.3074940922697529,naive,CUSCO
2016-04-18,0.8456087537418194,0.3074940922697529,naive,CUSCO
2016-04-25,1.153102846011571,0.3074940922697529,naive,CUSCO
2016-05-02,0.9993557998766955,0.3074940922697529,naive,CUSCO
2016-05-09,1.2299763690790098,0.9993557998766955,naive,CUSCO
2016-05-16,1.4605969382813242,0.9993557998766955,naive,CUSCO
2016-05-23,1.9987115997533904,0.9993557998766955,naive,CUSCO
2016-05-30,1.6912175074836382,0.9993557998766955,naive,CUSCO
2016-06-06,1.6912175074836382,1.6912175074836382,naive,CUSCO
2016-06-13,1.7680910305510764,1.6912175074836382,naive,CUSCO
2016-06-20,2.459952738158019,1.6912175074836382,naive,CUSCO
2016-06-27,2.767446830427771,1.6912175074836382,naive,CUSCO
2016-07-04,2.536826261225457,2.767446830427771,naive,CUSCO
2016-07-11,2.2293321689557044,2.767446830427771,naive,CUSCO
2016-07-18,1.9987115997533904,2.767446830427771,naive,CUSCO
2016-07-25,2.1524586458882666,2.767446830427771,naive,CUSCO
2016-08-01,3.61305558416959,2.1524586458882666,naive,CUSCO
2016-08-08,4.074296722574219,2.1524586458882666,naive,CUSCO
2016-08-15,3.766802630304466,2.1524586458882666,naive,CUSCO
2016-08-22,2.383079215090581,2.1524586458882666,naive,CUSCO
2016-08-29,1.9218380766859522,2.383079215090581,naive,CUSCO
2016-09-05,1.9987115997533904,2.383079215090581,naive,CUSCO
2016-09-12,1.6143439844162,2.383079215090581,naive,CUSCO
2016-09-19,1.3068498921464478,2.383079215090581,naive,CUSCO
2016-09-26,1.0762293229441335,1.3068498921464475,naive,CUSCO
2016-10-03,1.537470461348762,1.3068498921464475,naive,CUSCO
2016-10-10,1.4605969382813242,1.3068498921464475,naive,CUSCO
2016-10-17,1.6143439844162,1.3068498921464475,naive,CUSCO
2016-10-24,1.6912175074836382,1.6143439844162,naive,CUSCO
2016-10-31,2.075585122820829,1.6143439844162,naive,CUSCO
2016-11-07,2.2293321689557044,1.6143439844162,naive,CUSCO
2016-11-14,1.6912175074836382,1.6143439844162,naive,CUSCO
2016-11-21,1.383723415213886,1.6912175074836382,naive,CUSCO
2016-11-28,1.153102846011571,1.6912175074836382,naive,CUSCO
2016-12-05,1.2299763690790098,1.6912175074836382,naive,CUSCO
2016-12-12,1.383723415213886,1.6912175074836382,naive,CUSCO
2016-12-19,1.383723415213886,1.3837234152138858,naive,CUSCO
2016-12-26,1.1531028460115718,1.3837234152138858,naive,CUSCO
2017-01-02,0.9191198127081766,1.3837234152138858,naive,CUSCO
2017-01-09,1.2190483607504967,1.3837234152138858,naive,CUSCO
2017-01-16,1.216526512674686,1.219048360750497,naive,CUSCO
2017-01-23,1.5206581408433575,1.219048360750497,naive,CUSCO
2017-01-30,1.5206581408433575,1.219048360750497,naive,CUSCO
2017-02-06,1.5966910478855256,1.219048360750497,naive,CUSCO
2017-02-13,1.3685923267590219,1.5966910478855256,naive,CUSCO
2017-02-20,1.1404936056325183,1.5966910478855256,naive,CUSCO
2017-02-27,1.1404936056325183,1.5966910478855256,naive,CUSCO
2017-03-06,0.9123948845060149,1.5966910478855256,naive,CUSCO
2017-03-13,1.1404936056325183,0.9123948845060148,naive,CUSCO
2017-03-20,1.216526512674686,0.9123948845060148,naive,CUSCO
2017-03-27,1.5966910478855254,0.9123948845060148,naive,CUSCO
2017-04-03,1.5966910478855254,0.9123948845060148,naive,CUSCO
2017-04-10,2.0528884901385323,1.5966910478855252,naive,CUSCO
2017-04-17,2.5851188394337075,1.5966910478855252,naive,CUSCO
2017-04-24,3.8776782591505614,1.5966910478855252,naive,CUSCO
2017-05-01,3.7256124450662256,1.5966910478855252,naive,CUSCO
2017-05-08,2.8132175605602114,3.7256124450662256,naive,CUSCO
2017-05-15,1.748756861969861,3.7256124450662256,naive,CUSCO
2017-05-22,1.824789769012029,3.7256124450662256,naive,CUSCO
2017-05-29,2.1289213971807004,3.7256124450662256,naive,CUSCO
2017-06-05,1.9008226760541966,2.1289213971807004,naive,CUSCO
2017-06-12,2.661151746475875,2.1289213971807004,naive,CUSCO
2017-06-19,3.0413162816867145,2.1289213971807004,naive,CUSCO
2017-06-26,3.4214808168975535,2.1289213971807004,naive,CUSCO
2017-07-03,2.737184653518043,3.421480816897553,naive,CUSCO
2017-07-10,2.2049543042228685,3.421480816897553,naive,CUSCO
2017-07-17,1.5206581408433575,3.421480816897553,naive,CUSCO
2017-07-24,1.0644606985903504,3.421480816897553,naive,CUSCO
2017-07-31,1.216526512674686,1.0644606985903504,naive,CUSCO
2017-08-07,1.216526512674686,1.0644606985903504,naive,CUSCO
2017-08-14,1.5966910478855254,1.0644606985903504,naive,CUSCO
2017-08-21,1.672723954927693,1.0644606985903504,naive,CUSCO
2017-08-28,1.672723954927693,1.6727239549276933,naive,CUSCO
2017-09-04,1.1404936056325183,1.6727239549276933,naive,CUSCO
2017-09-11,1.0644606985903504,1.6727239549276933,naive,CUSCO
2017-09-18,1.1404936056325183,1.6727239549276933,naive,CUSCO
2017-09-25,1.2165265126746863,1.1404936056325186,naive,CUSCO
2017-10-02,0.9884277915481826,1.1404936056325186,naive,CUSCO
2017-10-09,0.8363619774638469,1.1404936056325186,naive,CUSCO
2017-10-16,0.9884277915481827,1.1404936056325186,naive,CUSCO
2017-10-23,1.4446252338011896,0.9884277915481827,naive,CUSCO
2017-10-30,1.672723954927693,0.9884277915481827,naive,CUSCO
2017-11-06,1.824789769012029,0.9884277915481827,naive,CUSCO
2017-11-13,1.7487568619698612,0.9884277915481827,naive,CUSCO
2017-11-20,2.2049543042228685,1.7487568619698615,naive,CUSCO
2017-11-27,2.8892504676023787,1.7487568619698615,naive,CUSCO
2017-12-04,2.737184653518043,1.7487568619698615,naive,CUSCO
2017-12-11,2.5851188394337075,1.7487568619698615,naive,CUSCO
2017-12-18,1.8247897690120292,2.5851188394337075,naive,CUSCO
2017-12-25,2.2049543042228685,2.5851188394337075,naive,CUSCO
2018-01-01,2.1967222437804046,2.5851188394337075,naive,CUSCO
2018-01-08,2.5679063494176466,2.5851188394337075,naive,CUSCO
2018-01-15,2.5596742889751827,2.5679063494176466,naive,CUSCO
2018-01-22,2.484389751064148,2.5679063494176466,naive,CUSCO
2018-01-29,2.409105213153113,2.5679063494176466,naive,CUSCO
2018-02-05,2.0326825235979396,2.5679063494176466,naive,CUSCO
2018-02-12,1.4304062203096615,2.0326825235979396,naive,CUSCO
2018-02-19,0.7528453791103485,2.0326825235979396,naive,CUSCO
2018-02-26,0.602276303288279,2.0326825235979396,naive,CUSCO
2018-03-05,0.7528453791103485,2.0326825235979396,naive,CUSCO
2018-03-12,0.8281299170213833,0.7528453791103484,naive,CUSCO
2018-03-19,0.9786989928434527,0.7528453791103484,naive,CUSCO
2018-03-26,0.903414454932418,0.7528453791103484,naive,CUSCO
2018-04-02,1.4304062203096615,0.7528453791103484,naive,CUSCO
2018-04-09,1.279837144487592,1.4304062203096612,naive,CUSCO
2018-04-16,1.8068289098648354,1.4304062203096612,naive,CUSCO
2018-04-23,1.5056907582206964,1.4304062203096612,naive,CUSCO
2018-04-30,1.8068289098648354,1.4304062203096612,naive,CUSCO
2018-05-07,1.5809752961317312,1.8068289098648354,naive,CUSCO
2018-05-14,1.9573979856869048,1.8068289098648354,naive,CUSCO
2018-05-21,2.7855279027082873,1.8068289098648354,naive,CUSCO
2018-05-28,3.8395114334627736,1.8068289098648354,naive,CUSCO
2018-06-04,4.215934123017948,3.839511433462773,naive,CUSCO
2018-06-11,4.291218660928982,3.839511433462773,naive,CUSCO
2018-06-18,4.517072274662087,3.839511433462773,naive,CUSCO
2018-06-25,4.291218660928982,3.839511433462773,naive,CUSCO
2018-07-02,4.742925888395191,4.291218660928982,naive,CUSCO
2018-07-09,4.441787736751052,4.291218660928982,naive,CUSCO
2018-07-16,6.022763032882781,4.291218660928982,naive,CUSCO
2018-07-23,5.420486729594503,4.291218660928982,naive,CUSCO
2018-07-30,5.1193485779503645,5.420486729594503,naive,CUSCO
2018-08-06,3.839511433462773,5.420486729594503,naive,CUSCO
2018-08-13,3.086666054352426,5.420486729594503,naive,CUSCO
2018-08-20,3.0113815164413906,5.420486729594503,naive,CUSCO
2018-08-27,2.2585361373310437,3.011381516441391,naive,CUSCO
2018-09-03,2.2585361373310437,3.011381516441391,naive,CUSCO
2018-09-10,1.9573979856869042,3.011381516441391,naive,CUSCO
2018-09-17,2.1832515994200086,3.011381516441391,naive,CUSCO
2018-09-24,2.3338206752420785,2.1832515994200086,naive,CUSCO
2018-10-01,1.8821134477758694,2.1832515994200086,naive,CUSCO
2018-10-08,1.8821134477758694,2.1832515994200086,naive,CUSCO
2018-10-15,1.8068289098648347,2.1832515994200086,naive,CUSCO
2018-10-22,1.8821134477758694,1.806828909864835,naive,CUSCO
2018-10-29,1.6562598340427652,1.806828909864835,naive,CUSCO
2018-11-05,1.6562598340427652,1.806828909864835,naive,CUSCO
2018-11-12,1.9573979856869042,1.806828909864835,naive,CUSCO
2018-11-19,2.4843897510641475,1.957397985686904,naive,CUSCO
2018-11-26,2.1832515994200086,1.957397985686904,naive,CUSCO
2018-12-03,2.1832515994200086,1.957397985686904,naive,CUSCO
2018-12-10,1.9573979856869042,1.957397985686904,naive,CUSCO
2018-12-17,2.032682523597939,1.957397985686904,naive,CUSCO
2018-12-24,2.032682523597939,1.957397985686904,naive,CUSCO
2018-12-31,1.5809752961317305,1.957397985686904,naive,CUSCO
2019-01-07,1.8002243826999151,1.957397985686904,naive,CUSCO
2019-01-14,1.4201325113864527,1.800224382699915,naive,CUSCO
2019-01-21,1.640115434306295,1.800224382699915,naive,CUSCO
2019-01-28,1.26736192650941,1.800224382699915,naive,CUSCO
2019-02-04,1.341912628068787,1.800224382699915,naive,CUSCO
2019-02-11,0.7455070155937707,1.341912628068787,naive,CUSCO
2019-02-18,1.118260523390656,1.341912628068787,naive,CUSCO
2019-02-25,0.8200577171531478,1.341912628068787,naive,CUSCO
2019-03-04,1.1928112249500329,1.341912628068787,naive,CUSCO
2019-03-11,1.043709821831279,1.192811224950033,naive,CUSCO
2019-03-18,1.3419126280687872,1.192811224950033,naive,CUSCO
2019-03-25,1.5655647327469182,1.192811224950033,naive,CUSCO
2019-04-01,1.5655647327469182,1.192811224950033,naive,CUSCO
2019-04-08,1.5655647327469182,1.565564732746918,naive,CUSCO
2019-04-15,1.4910140311875413,1.565564732746918,naive,CUSCO
2019-04-22,1.4164633296281641,1.565564732746918,naive,CUSCO
2019-04-29,1.1182605233906562,1.565564732746918,naive,CUSCO
2019-05-06,0.8946084187125249,1.118260523390656,naive,CUSCO
2019-05-13,1.1928112249500329,1.118260523390656,naive,CUSCO
2019-05-20,1.5655647327469182,1.118260523390656,naive,CUSCO
2019-05-27,2.3110717483406886,1.118260523390656,naive,CUSCO
2019-06-03,2.0874196436625576,2.3110717483406886,naive,CUSCO
2019-06-10,2.3856224499000658,2.3110717483406886,naive,CUSCO
2019-06-17,1.6401154343062954,2.3110717483406886,naive,CUSCO
2019-06-24,1.6401154343062956,2.3110717483406886,naive,CUSCO
2019-07-01,1.4164633296281643,1.6401154343062956,naive,CUSCO
2019-07-08,1.6401154343062956,1.6401154343062956,naive,CUSCO
2019-07-15,1.4164633296281643,1.6401154343062956,naive,CUSCO
2019-07-22,2.5347238530188196,1.6401154343062956,naive,CUSCO
2019-07-29,2.683825256137574,2.5347238530188196,naive,CUSCO
2019-08-05,2.683825256137574,2.5347238530188196,naive,CUSCO
2019-08-12,1.3419126280687872,2.5347238530188196,naive,CUSCO
2019-08-19,1.3419126280687872,2.5347238530188196,naive,CUSCO
2019-08-26,2.0128689421031805,1.3419126280687874,naive,CUSCO
2019-09-02,2.0874196436625576,1.3419126280687874,naive,CUSCO
2019-09-09,2.0874196436625576,1.3419126280687874,naive,CUSCO
2019-09-16,1.5655647327469184,1.3419126280687874,naive,CUSCO
2019-09-23,1.5655647327469184,1.5655647327469184,naive,CUSCO
2019-09-30,1.4164633296281643,1.5655647327469184,naive,CUSCO
2019-10-07,1.3419126280687876,1.5655647327469184,naive,CUSCO
2019-10-14,1.4910140311875413,1.5655647327469184,naive,CUSCO
2019-10-21,1.3419126280687872,1.4910140311875413,naive,CUSCO
2019-10-28,1.3419126280687872,1.4910140311875413,naive,CUSCO
2019-11-04,1.0437098218312792,1.4910140311875413,naive,CUSCO
2019-11-11,0.9691591202719021,1.4910140311875413,naive,CUSCO
2019-11-18,0.9691591202719021,0.9691591202719021,naive,CUSCO
2019-11-25,1.3419126280687872,0.9691591202719021,naive,CUSCO
2019-12-02,1.7146661358656725,0.9691591202719021,naive,CUSCO
2019-12-09,1.4910140311875413,0.9691591202719021,naive,CUSCO
2019-12-16,1.3419126280687872,1.4910140311875413,naive,CUSCO
2019-12-23,1.2673619265094103,1.4910140311875413,naive,CUSCO
2019-12-30,1.6401154343062956,1.4910140311875413,naive,CUSCO
2020-01-06,1.2659225898917443,1.4910140311875413,naive,CUSCO
2020-01-13,1.038672143669449,1.2659225898917446,naive,CUSCO
2020-01-20,0.8121413657559863,1.2659225898917446,naive,CUSCO
2020-01-27,0.8859723990065304,1.2659225898917446,naive,CUSCO
2020-02-03,0.7383103325054421,1.2659225898917446,naive,CUSCO
2020-02-10,0.5168172327538098,0.7383103325054421,naive,CUSCO
2020-02-17,0.6644792992548981,0.7383103325054421,naive,CUSCO
2020-02-24,0.8859723990065304,0.7383103325054421,naive,CUSCO
2020-03-02,0.9598034322570745,0.7383103325054421,naive,CUSCO
2020-03-09,1.0336344655076186,0.9598034322570745,naive,CUSCO
2020-03-16,0.8859723990065304,0.9598034322570745,naive,CUSCO
2020-03-23,0.8859723990065304,0.9598034322570745,naive,CUSCO
2020-03-30,0.5906482660043538,0.9598034322570745,naive,CUSCO
2020-04-06,0.5168172327538098,0.5906482660043539,naive,CUSCO
2020-04-13,0.3691551662527215,0.5906482660043539,naive,CUSCO
2020-04-20,0.3691551662527215,0.5906482660043539,naive,CUSCO
2020-04-27,0.2214930997516332,0.5906482660043539,naive,CUSCO
2020-05-04,0.29532413300217736,0.22149309975163317,naive,CUSCO
2020-05-11,0.29532413300217736,0.22149309975163317,naive,CUSCO
2020-05-18,0.4429861995032656,0.22149309975163317,naive,CUSCO
2020-05-25,0.3691551662527215,0.22149309975163317,naive,CUSCO
2020-06-01,0.29532413300217736,0.3691551662527215,naive,CUSCO
2020-06-08,0.07383103325054495,0.3691551662527215,naive,CUSCO
2020-06-15,0.14766206650108907,0.3691551662527215,naive,CUSCO
2020-06-22,0.07383103325054495,0.3691551662527215,naive,CUSCO
2020-06-29,0.14766206650108907,0.07383103325054495,naive,CUSCO
2020-07-06,0.14766206650108907,0.07383103325054495,naive,CUSCO
2020-07-13,0.14766206650108907,0.07383103325054495,naive,CUSCO
2020-07-20,0.2214930997516332,0.07383103325054495,naive,CUSCO
2020-07-27,0.14766206650108907,0.22149309975163317,naive,CUSCO
2020-08-03,0.14766206650108907,0.22149309975163317,naive,CUSCO
2020-08-10,0.22149309975163323,0.22149309975163317,naive,CUSCO
2020-08-17,0.22149309975163323,0.22149309975163317,naive,CUSCO
2020-08-24,0.22149309975163323,0.22149309975163328,naive,CUSCO
2020-08-31,0.22149309975163323,0.22149309975163328,naive,CUSCO
2020-09-07,0.5168172327538098,0.22149309975163328,naive,CUSCO
2020-09-14,0.664479299254898,0.22149309975163328,naive,CUSCO
2020-09-21,0.8859723990065304,0.664479299254898,naive,CUSCO
2020-09-28,0.8121413657559863,0.664479299254898,naive,CUSCO
2020-10-05,0.8121413657559863,0.664479299254898,naive,CUSCO
2020-10-12,0.4429861995032656,0.664479299254898,naive,CUSCO
2020-10-19,0.2214930997516332,0.4429861995032657,naive,CUSCO
2020-10-26,0.14766206650108907,0.4429861995032657,naive,CUSCO
2020-11-02,0.2214930997516332,0.4429861995032657,naive,CUSCO
2020-11-09,0.2214930997516332,0.4429861995032657,naive,CUSCO
2020-11-16,0.2214930997516332,0.22149309975163317,naive,CUSCO
2020-11-23,0.07383103325054495,0.22149309975163317,naive,CUSCO
2020-11-30,0.07383103325054495,0.22149309975163317,naive,CUSCO
2020-12-07,0.0,0.22149309975163317,naive,CUSCO
2020-12-14,0.07383103325054495,0.0,naive,CUSCO
2020-12-21,0.14766206650108907,0.0,naive,CUSCO
2020-12-28,0.3691551662527215,0.0,naive,CUSCO
2021-01-04,0.29532413300217736,0.0,naive,CUSCO
2021-01-11,0.44086847954525954,0.2953241330021773,naive,CUSCO
2021-01-18,0.2193753797936271,0.2953241330021773,naive,CUSCO
2021-01-25,0.2193753797936271,0.2953241330021773,naive,CUSCO
2021-02-01,0.14625025319575166,0.2953241330021773,naive,CUSCO
2021-02-08,0.14625025319575166,0.14625025319575163,naive,CUSCO
2021-02-15,0.14625025319575166,0.14625025319575163,naive,CUSCO
2021-02-22,0.0,0.14625025319575163,naive,CUSCO
2021-03-01,0.0,0.14625025319575163,naive,CUSCO
2021-03-08,0.07312512659787625,0.0,naive,CUSCO
2021-03-15,0.07312512659787625,0.0,naive,CUSCO
2021-03-22,0.14625025319575166,0.0,naive,CUSCO
2021-03-29,0.14625025319575166,0.0,naive,CUSCO
2021-04-05,0.14625025319575166,0.14625025319575163,naive,CUSCO
2021-04-12,0.2193753797936271,0.14625025319575163,naive,CUSCO
2021-04-19,0.14625025319575166,0.14625025319575163,naive,CUSCO
2021-04-26,0.1462502531957517,0.14625025319575163,naive,CUSCO
2021-05-03,0.07312512659787625,0.14625025319575172,naive,CUSCO
2021-05-10,0.07312512659787625,0.14625025319575172,naive,CUSCO
2021-05-17,0.07312512659787625,0.14625025319575172,naive,CUSCO
2021-05-24,0.14625025319575166,0.14625025319575172,naive,CUSCO
2021-05-31,0.43875075958725335,0.14625025319575163,naive,CUSCO
2021-06-07,0.7312512659787552,0.14625025319575163,naive,CUSCO
2021-06-14,0.6581261393808796,0.14625025319575163,naive,CUSCO
2021-06-21,0.5850010127830042,0.14625025319575163,naive,CUSCO
2021-06-28,0.5118758861851288,0.5850010127830041,naive,CUSCO
2021-07-05,0.7312512659787552,0.5850010127830041,naive,CUSCO
2021-07-12,1.0237517723702567,0.5850010127830041,naive,CUSCO
2021-07-19,1.1700020255660077,0.5850010127830041,naive,CUSCO
2021-07-26,1.1700020255660077,1.1700020255660077,naive,CUSCO
2021-08-02,0.8043763925766306,1.1700020255660077,naive,CUSCO
2021-08-09,0.43875075958725346,1.1700020255660077,naive,CUSCO
2021-08-16,0.5850010127830042,1.1700020255660077,naive,CUSCO
2021-08-23,0.731251265978755,0.5850010127830041,naive,CUSCO
2021-08-30,0.8043763925766304,0.5850010127830041,naive,CUSCO
2021-09-06,0.6581261393808796,0.5850010127830041,naive,CUSCO
2021-09-13,0.5118758861851288,0.5850010127830041,naive,CUSCO
2021-09-20,0.43875075958725335,0.5118758861851287,naive,CUSCO
2021-09-27,0.14625025319575166,0.5118758861851287,naive,CUSCO
2021-10-04,0.07312512659787625,0.5118758861851287,naive,CUSCO
2021-10-11,0.2193753797936271,0.5118758861851287,naive,CUSCO
2021-10-18,0.29250050639150255,0.2193753797936271,naive,CUSCO
2021-10-25,0.36562563298937795,0.2193753797936271,naive,CUSCO
2021-11-01,0.21937537979362712,0.2193753797936271,naive,CUSCO
2021-11-08,0.21937537979362712,0.2193753797936271,naive,CUSCO
2021-11-15,0.43875075958725346,0.21937537979362712,naive,CUSCO
2021-11-22,0.9506266457723814,0.21937537979362712,naive,CUSCO
2021-11-29,0.9506266457723814,0.21937537979362712,naive,CUSCO
2021-12-06,0.7312512659787552,0.21937537979362712,naive,CUSCO
2021-12-13,0.43875075958725346,0.7312512659787551,naive,CUSCO
2021-12-20,0.7312512659787552,0.7312512659787551,naive,CUSCO
2021-12-27,1.3162522787617588,0.7312512659787551,naive,CUSCO
2022-01-03,1.5314724426254278,0.7312512659787551,naive,CUSCO
2022-01-10,1.8177401251219933,1.5314724426254278,naive,CUSCO
2022-01-17,2.028112537067379,1.5314724426254278,naive,CUSCO
2022-01-24,2.2454103088960267,1.5314724426254278,naive,CUSCO
2022-01-31,2.317842899505576,1.5314724426254278,naive,CUSCO
2022-02-07,1.95567994645783,2.3178428995055755,naive,CUSCO
2022-02-14,1.4486518121909855,2.3178428995055755,naive,CUSCO
2022-02-21,0.9416236779241408,2.3178428995055755,naive,CUSCO
2022-02-28,0.9416236779241408,2.3178428995055755,naive,CUSCO
2022-03-07,1.376219221581436,0.9416236779241409,naive,CUSCO
2022-03-14,1.593516993410084,0.9416236779241409,naive,CUSCO
2022-03-21,1.5210844028005346,0.9416236779241409,naive,CUSCO
2022-03-28,1.95567994645783,0.9416236779241409,naive,CUSCO
2022-04-04,2.028112537067379,1.9556799464578303,naive,CUSCO
2022-04-11,2.4627080807246746,1.9556799464578303,naive,CUSCO
2022-04-18,2.1729777182864773,1.9556799464578303,naive,CUSCO
2022-04-25,2.3902754901151253,1.9556799464578303,naive,CUSCO
2022-05-02,2.6075732619437733,2.3902754901151253,naive,CUSCO
2022-05-09,2.969736214991519,2.3902754901151253,naive,CUSCO
2022-05-16,3.4043317586488144,2.3902754901151253,naive,CUSCO
2022-05-23,3.0421688056010683,2.3902754901151253,naive,CUSCO
2022-05-30,2.8973036243819696,3.0421688056010687,naive,CUSCO
2022-06-06,2.969736214991519,3.0421688056010687,naive,CUSCO
2022-06-13,2.8248710337724208,3.0421688056010687,naive,CUSCO
2022-06-20,2.4627080807246746,3.0421688056010687,naive,CUSCO
2022-06-27,1.593516993410084,2.462708080724675,naive,CUSCO
2022-07-04,1.0864888591432393,2.462708080724675,naive,CUSCO
2022-07-11,1.0864888591432393,2.462708080724675,naive,CUSCO
2022-07-18,0.9416236779241408,2.462708080724675,naive,CUSCO
2022-07-25,1.1589214497527884,0.9416236779241409,naive,CUSCO
2022-08-01,1.1589214497527884,0.9416236779241409,naive,CUSCO
2022-08-08,1.0864888591432393,0.9416236779241409,naive,CUSCO
2022-08-15,0.7967584967050424,0.9416236779241409,naive,CUSCO
2022-08-22,1.01405626853369,0.7967584967050423,naive,CUSCO
2022-08-29,1.4486518121909853,0.7967584967050423,naive,CUSCO
2022-09-05,1.95567994645783,0.7967584967050423,naive,CUSCO
2022-09-12,1.593516993410084,0.7967584967050423,naive,CUSCO
2022-09-19,1.3037866309718869,1.5935169934100837,naive,CUSCO
2022-09-26,0.8691910873145915,1.5935169934100837,naive,CUSCO
2022-10-03,0.7967584967050424,1.5935169934100837,naive,CUSCO
2022-10-10,0.6518933154859439,1.5935169934100837,naive,CUSCO
2022-10-17,0.8691910873145915,0.6518933154859439,naive,CUSCO
2022-10-24,0.5794607248763947,0.6518933154859439,naive,CUSCO
2022-10-31,0.6518933154859439,0.6518933154859439,naive,CUSCO
2022-11-07,0.7243259060954931,0.6518933154859439,naive,CUSCO
2022-11-14,0.8691910873145915,0.724325906095493,naive,CUSCO
2022-11-21,0.8691910873145915,0.724325906095493,naive,CUSCO
2022-11-28,0.5070281342668453,0.724325906095493,naive,CUSCO
2022-12-05,0.7967584967050424,0.724325906095493,naive,CUSCO
2010-12-27,2.5523898602607726,2.2496887930502956,seasonal_naive,CUSCO
2011-01-03,2.4604197946291557,2.3182108446892262,seasonal_naive,CUSCO
2011-01-10,2.7016443196675657,1.7290382924347174,seasonal_naive,CUSCO
2011-01-17,1.627433317954089,2.387719546695562,seasonal_naive,CUSCO
2011-01-24,0.9764599907724537,1.7290382924347174,seasonal_naive,CUSCO
2011-01-31,0.6509733271816359,1.8937086059999286,seasonal_naive,CUSCO
2011-02-07,0.5696016612839315,1.6467031356521118,seasonal_naive,CUSCO
2011-02-14,1.5460616520563846,1.5643679788695066,seasonal_naive,CUSCO
2011-02-21,1.5460616520563848,1.5643679788695066,seasonal_naive,CUSCO
2011-02-28,1.8715483156472024,2.22304923313035,seasonal_naive,CUSCO
2011-03-07,1.3833183202609758,2.881730487391195,seasonal_naive,CUSCO
2011-03-14,2.034291647442611,2.634725017043378,seasonal_naive,CUSCO
2011-03-21,2.8480083064196555,2.4700547034781675,seasonal_naive,CUSCO
2011-03-28,3.336238301805882,1.9760437627825334,seasonal_naive,CUSCO
2011-04-04,3.7430966312944043,2.4700547034781675,seasonal_naive,CUSCO
2011-04-11,3.1734949700104735,2.9640656441738007,seasonal_naive,CUSCO
2011-04-18,4.394069958476039,4.116757839130278,seasonal_naive,CUSCO
2011-04-25,5.126414951555379,4.857774250173729,seasonal_naive,CUSCO
2011-05-02,6.1842466082255365,6.339807072260629,seasonal_naive,CUSCO
2011-05-09,4.882299953862266,6.339807072260629,seasonal_naive,CUSCO
2011-05-16,4.7195566220668566,7.410164110434499,seasonal_naive,CUSCO
2011-05-23,4.96367161975997,7.410164110434499,seasonal_naive,CUSCO
2011-05-30,5.451901615146196,8.315850835043163,seasonal_naive,CUSCO
2011-06-06,5.858759944634719,8.233515678260556,seasonal_naive,CUSCO
2011-06-13,4.882299953862266,7.410164110434499,seasonal_naive,CUSCO
2011-06-20,4.556813290271449,6.422142229043233,seasonal_naive,CUSCO
2011-06-27,3.336238301805882,5.351785190869362,seasonal_naive,CUSCO
2011-07-04,3.0107516382150643,4.363763309478094,seasonal_naive,CUSCO
2011-07-11,2.7666366405219507,3.7874172119998555,seasonal_naive,CUSCO
2011-07-18,2.603893308726542,3.9520875255650676,seasonal_naive,CUSCO
2011-07-25,2.0342916474426116,4.116757839130278,seasonal_naive,CUSCO
2011-08-01,2.1156633133403155,3.9520875255650676,seasonal_naive,CUSCO
2011-08-08,1.7088049838517936,3.0464008009564054,seasonal_naive,CUSCO
2011-08-15,1.7088049838517934,2.1407140763477446,seasonal_naive,CUSCO
2011-08-22,1.1392033225678626,1.5643679788695062,seasonal_naive,CUSCO
2011-08-29,1.3833183202609758,1.1526921949564781,seasonal_naive,CUSCO
2011-09-05,1.3019466543632714,1.6467031356521113,seasonal_naive,CUSCO
2011-09-12,1.5460616520563846,1.8937086059999277,seasonal_naive,CUSCO
2011-09-19,1.8715483156472024,2.3053843899129554,seasonal_naive,CUSCO
2011-09-26,2.359778311033429,2.3053843899129554,seasonal_naive,CUSCO
2011-10-03,2.5225216428288375,2.22304923313035,seasonal_naive,CUSCO
2011-10-10,1.7088049838517934,1.9760437627825334,seasonal_naive,CUSCO
2011-10-17,1.8715483156472021,1.7290382924347165,seasonal_naive,CUSCO
2011-10-24,1.3019466543632714,1.6467031356521113,seasonal_naive,CUSCO
2011-10-31,1.8715483156472024,2.05837891956514,seasonal_naive,CUSCO
2011-11-07,1.7901766497494982,2.470054703478167,seasonal_naive,CUSCO
2011-11-14,1.8715483156472026,2.7170601738259834,seasonal_naive,CUSCO
2011-11-21,2.441149976931133,2.7170601738259834,seasonal_naive,CUSCO
2011-11-28,2.1156633133403155,2.470054703478167,seasonal_naive,CUSCO
2011-12-05,2.1970349792380204,2.3053843899129554,seasonal_naive,CUSCO
2011-12-12,1.4646899861586802,2.22304923313035,seasonal_naive,CUSCO
2011-12-19,1.220574988465567,1.7290382924347165,seasonal_naive,CUSCO
2011-12-26,1.3833183202609758,2.5523898602607726,seasonal_naive,CUSCO
2012-01-02,1.215868654736754,2.4604197946291553,seasonal_naive,CUSCO
2012-01-09,1.937859713612706,2.7016443196675657,seasonal_naive,CUSCO
2012-01-16,2.412911974558257,1.6274333179540892,seasonal_naive,CUSCO
2012-01-23,2.412911974558257,0.9764599907724538,seasonal_naive,CUSCO
2012-01-30,2.252051176254373,0.6509733271816358,seasonal_naive,CUSCO
2012-02-06,1.8498991804946636,0.5696016612839316,seasonal_naive,CUSCO
2012-02-13,2.0107599787985477,1.5460616520563844,seasonal_naive,CUSCO
2012-02-20,1.9303295796466056,1.5460616520563848,seasonal_naive,CUSCO
2012-02-27,1.4477471847349541,1.8715483156472024,seasonal_naive,CUSCO
2012-03-05,1.6086079830388378,1.383318320260976,seasonal_naive,CUSCO
2012-03-12,1.3673167855830124,2.034291647442611,seasonal_naive,CUSCO
2012-03-19,1.6086079830388378,2.848008306419656,seasonal_naive,CUSCO
2012-03-26,1.5281775838868958,3.3362383018058814,seasonal_naive,CUSCO
2012-04-02,2.0107599787985473,3.7430966312944047,seasonal_naive,CUSCO
2012-04-09,2.1716207771024307,3.1734949700104735,seasonal_naive,CUSCO
2012-04-16,3.2976463652296175,4.394069958476039,seasonal_naive,CUSCO
2012-04-23,3.2172159660776756,5.126414951555379,seasonal_naive,CUSCO
2012-04-30,4.825823949116513,6.1842466082255365,seasonal_naive,CUSCO
2012-05-07,4.021519957597094,4.882299953862265,seasonal_naive,CUSCO
2012-05-14,5.469267142332048,4.719556622066857,seasonal_naive,CUSCO
2012-05-21,4.986684747420397,4.96367161975997,seasonal_naive,CUSCO
2012-05-28,5.630127940635931,5.451901615146196,seasonal_naive,CUSCO
2012-06-04,4.906254348268455,5.85875994463472,seasonal_naive,CUSCO
2012-06-11,5.14754554572428,4.882299953862265,seasonal_naive,CUSCO
2012-06-18,4.664963150812629,4.556813290271449,seasonal_naive,CUSCO
2012-06-25,4.3432415542048615,3.3362383018058814,seasonal_naive,CUSCO
2012-07-02,3.699798360989327,3.010751638215064,seasonal_naive,CUSCO
2012-07-09,3.458507163533501,2.766636640521951,seasonal_naive,CUSCO
2012-07-16,3.3780767643815595,2.6038933087265415,seasonal_naive,CUSCO
2012-07-23,2.5737727728621405,2.0342916474426116,seasonal_naive,CUSCO
2012-07-30,2.4933423737101985,2.115663313340315,seasonal_naive,CUSCO
2012-08-06,1.9303295796466058,1.7088049838517936,seasonal_naive,CUSCO
2012-08-13,1.6890383821907802,1.7088049838517931,seasonal_naive,CUSCO
2012-08-20,1.9303295796466056,1.1392033225678628,seasonal_naive,CUSCO
2012-08-27,2.0107599787985473,1.383318320260976,seasonal_naive,CUSCO
2012-09-03,2.5737727728621405,1.3019466543632716,seasonal_naive,CUSCO
2012-09-10,2.171620777102431,1.5460616520563844,seasonal_naive,CUSCO
2012-09-17,2.0911903779504892,1.8715483156472024,seasonal_naive,CUSCO
2012-09-24,2.0107599787985473,2.359778311033429,seasonal_naive,CUSCO
2012-10-01,1.9303295796466056,2.5225216428288375,seasonal_naive,CUSCO
2012-10-08,2.252051176254373,1.7088049838517931,seasonal_naive,CUSCO
2012-10-15,2.171620777102431,1.8715483156472024,seasonal_naive,CUSCO
2012-10-22,2.0911903779504892,1.3019466543632716,seasonal_naive,CUSCO
2012-10-29,1.6890383821907797,1.8715483156472024,seasonal_naive,CUSCO
2012-11-05,1.3673167855830124,1.7901766497494984,seasonal_naive,CUSCO
2012-11-12,1.6086079830388382,1.8715483156472024,seasonal_naive,CUSCO
2012-11-19,1.6890383821907802,2.441149976931133,seasonal_naive,CUSCO
2012-11-26,1.4477471847349543,2.115663313340315,seasonal_naive,CUSCO
2012-12-03,1.3673167855830124,2.1970349792380204,seasonal_naive,CUSCO
2012-12-10,1.8498991804946634,1.4646899861586804,seasonal_naive,CUSCO
2012-12-17,2.6542031720140824,1.2205749884655668,seasonal_naive,CUSCO
2012-12-24,3.0563551677737917,1.383318320260976,seasonal_naive,CUSCO
2012-12-31,2.332481575406315,1.215868654736754,seasonal_naive,CUSCO
2013-01-07,2.0829127219522223,1.9378597136127063,seasonal_naive,CUSCO
2013-01-14,1.673402809749608,2.412911974558257,seasonal_naive,CUSCO
2013-01-21,1.9877664899144711,2.412911974558257,seasonal_naive,CUSCO
2013-01-28,1.6697238515281558,2.252051176254373,seasonal_naive,CUSCO
2013-02-04,1.5107025323349983,1.8498991804946634,seasonal_naive,CUSCO
2013-02-11,1.2721705535452614,2.0107599787985477,seasonal_naive,CUSCO
2013-02-18,1.5107025323349983,1.9303295796466058,seasonal_naive,CUSCO
2013-02-25,1.590213191931577,1.4477471847349541,seasonal_naive,CUSCO
2013-03-04,1.9082558303178923,1.6086079830388376,seasonal_naive,CUSCO
2013-03-11,1.7492345111247343,1.3673167855830122,seasonal_naive,CUSCO
2013-03-18,1.3516812131418403,1.6086079830388376,seasonal_naive,CUSCO
2013-03-25,1.2721705535452619,1.528177583886896,seasonal_naive,CUSCO
2013-04-01,1.4311918727384196,2.0107599787985477,seasonal_naive,CUSCO
2013-04-08,1.5107025323349983,2.1716207771024307,seasonal_naive,CUSCO
2013-04-15,2.1467878091076287,3.2976463652296175,seasonal_naive,CUSCO
2013-04-22,3.2599370434597326,3.217215966077676,seasonal_naive,CUSCO
2013-04-29,4.214064958618678,4.825823949116512,seasonal_naive,CUSCO
2013-05-06,3.2599370434597326,4.021519957597094,seasonal_naive,CUSCO
2013-05-13,2.4648304474939438,5.469267142332048,seasonal_naive,CUSCO
2013-05-20,2.0672771495110496,4.986684747420397,seasonal_naive,CUSCO
2013-05-27,4.05504363942552,5.630127940635931,seasonal_naive,CUSCO
2013-06-03,3.8960223202323623,4.906254348268455,seasonal_naive,CUSCO
2013-06-10,4.452596937408415,5.14754554572428,seasonal_naive,CUSCO
2013-06-17,3.896022320232362,4.664963150812629,seasonal_naive,CUSCO
2013-06-24,4.2935756182152565,4.3432415542048615,seasonal_naive,CUSCO
2013-07-01,3.975532979828941,3.699798360989327,seasonal_naive,CUSCO
2013-07-08,3.657490341442626,3.4585071635335005,seasonal_naive,CUSCO
2013-07-15,3.498469022249468,3.378076764381559,seasonal_naive,CUSCO
2013-07-22,3.577979681846047,2.57377277286214,seasonal_naive,CUSCO
2013-07-29,2.7828730858802593,2.4933423737101985,seasonal_naive,CUSCO
2013-08-05,3.100915724266574,1.9303295796466058,seasonal_naive,CUSCO
2013-08-12,2.623851766687101,1.68903838219078,seasonal_naive,CUSCO
2013-08-19,2.4648304474939438,1.9303295796466058,seasonal_naive,CUSCO
2013-08-26,1.908255830317892,2.0107599787985477,seasonal_naive,CUSCO
2013-09-02,2.2262984687042073,2.57377277286214,seasonal_naive,CUSCO
2013-09-09,2.5443411070905224,2.1716207771024307,seasonal_naive,CUSCO
2013-09-16,2.9418944050734166,2.091190377950489,seasonal_naive,CUSCO
2013-09-23,3.0214050646699953,2.0107599787985477,seasonal_naive,CUSCO
2013-09-30,2.7828730858802593,1.9303295796466058,seasonal_naive,CUSCO
2013-10-07,1.9877664899144707,2.252051176254373,seasonal_naive,CUSCO
2013-10-14,1.908255830317892,2.1716207771024307,seasonal_naive,CUSCO
2013-10-21,1.5902131919315767,2.091190377950489,seasonal_naive,CUSCO
2013-10-28,1.5107025323349978,1.68903838219078,seasonal_naive,CUSCO
2013-11-04,0.9541279151589462,1.3673167855830122,seasonal_naive,CUSCO
2013-11-11,1.033638574755525,1.608607983038838,seasonal_naive,CUSCO
2013-11-18,1.113149234352104,1.68903838219078,seasonal_naive,CUSCO
2013-11-25,1.033638574755525,1.4477471847349541,seasonal_naive,CUSCO
2013-12-02,1.1926598939486828,1.3673167855830122,seasonal_naive,CUSCO
2013-12-09,1.4311918727384194,1.8498991804946634,seasonal_naive,CUSCO
2013-12-16,1.8287451707213134,2.654203172014083,seasonal_naive,CUSCO
2013-12-23,1.4311918727384194,3.0563551677737912,seasonal_naive,CUSCO
2013-12-30,1.4311918727384192,2.3324815754063146,seasonal_naive,CUSCO
2014-01-06,1.1872666096162066,2.0829127219522223,seasonal_naive,CUSCO
2014-01-13,1.8152619598901225,1.673402809749608,seasonal_naive,CUSCO
2014-01-20,1.4936237986154897,1.9877664899144718,seasonal_naive,CUSCO
2014-01-27,1.3364002408664906,1.6697238515281558,seasonal_naive,CUSCO
2014-02-03,1.1005649042429926,1.510702532334998,seasonal_naive,CUSCO
2014-02-10,0.9433413464939937,1.2721705535452617,seasonal_naive,CUSCO
2014-02-17,1.5722355774899892,1.510702532334998,seasonal_naive,CUSCO
2014-02-24,1.3364002408664908,1.5902131919315767,seasonal_naive,CUSCO
2014-03-03,1.4936237986154897,1.9082558303178923,seasonal_naive,CUSCO
2014-03-10,0.7075060098704954,1.749234511124734,seasonal_naive,CUSCO
2014-03-17,1.021953125368493,1.3516812131418403,seasonal_naive,CUSCO
2014-03-24,1.021953125368493,1.2721705535452617,seasonal_naive,CUSCO
2014-03-31,1.3364002408664908,1.4311918727384199,seasonal_naive,CUSCO
2014-04-07,0.7861177887449949,1.510702532334998,seasonal_naive,CUSCO
2014-04-14,0.7861177887449949,2.1467878091076287,seasonal_naive,CUSCO
2014-04-21,0.4716706732469971,3.2599370434597326,seasonal_naive,CUSCO
2014-04-28,0.4716706732469971,4.214064958618678,seasonal_naive,CUSCO
2014-05-05,0.3930588943724976,3.2599370434597326,seasonal_naive,CUSCO
2014-05-12,0.7075060098704954,2.464830447493944,seasonal_naive,CUSCO
2014-05-19,0.8647295676194943,2.0672771495110496,seasonal_naive,CUSCO
2014-05-26,1.0219531253684933,4.055043639425521,seasonal_naive,CUSCO
2014-06-02,1.1005649042429928,3.896022320232362,seasonal_naive,CUSCO
2014-06-09,1.2577884619919917,4.452596937408415,seasonal_naive,CUSCO
2014-06-16,2.672800481732981,3.896022320232362,seasonal_naive,CUSCO
2014-06-23,3.851977164850473,4.2935756182152565,seasonal_naive,CUSCO
2014-06-30,4.480871395846468,3.975532979828941,seasonal_naive,CUSCO
2014-07-07,4.166424280348471,3.6574903414426263,seasonal_naive,CUSCO
2014-07-14,3.3016947127289775,3.498469022249468,seasonal_naive,CUSCO
2014-07-21,4.795318511344466,3.577979681846047,seasonal_naive,CUSCO
2014-07-28,4.795318511344466,2.7828730858802593,seasonal_naive,CUSCO
2014-08-04,5.266989184591464,3.1009157242665744,seasonal_naive,CUSCO
2014-08-11,3.7733653859759744,2.623851766687101,seasonal_naive,CUSCO
2014-08-18,3.065859376105479,2.464830447493944,seasonal_naive,CUSCO
2014-08-25,2.2797415873604847,1.9082558303178923,seasonal_naive,CUSCO
2014-09-01,2.1225180296114856,2.226298468704207,seasonal_naive,CUSCO
2014-09-08,1.965294471862487,2.5443411070905224,seasonal_naive,CUSCO
2014-09-15,1.8080709141134879,2.941894405073416,seasonal_naive,CUSCO
2014-09-22,1.808070914113488,3.0214050646699953,seasonal_naive,CUSCO
2014-09-29,1.6508473563644894,2.7828730858802593,seasonal_naive,CUSCO
2014-10-06,1.808070914113488,1.9877664899144705,seasonal_naive,CUSCO
2014-10-13,1.808070914113488,1.9082558303178923,seasonal_naive,CUSCO
2014-10-20,2.2797415873604847,1.5902131919315767,seasonal_naive,CUSCO
2014-10-27,2.122518029611486,1.510702532334998,seasonal_naive,CUSCO
2014-11-03,1.8866826929879874,0.9541279151589463,seasonal_naive,CUSCO
2014-11-10,1.8080709141134879,1.0336385747555248,seasonal_naive,CUSCO
2014-11-17,2.436965145109484,1.113149234352104,seasonal_naive,CUSCO
2014-11-24,2.6728004817329816,1.0336385747555248,seasonal_naive,CUSCO
2014-12-01,1.8080709141134879,1.192659893948683,seasonal_naive,CUSCO
2014-12-08,1.0219531253684935,1.4311918727384194,seasonal_naive,CUSCO
2014-12-15,1.100564904242993,1.8287451707213127,seasonal_naive,CUSCO
2014-12-22,1.650847356364489,1.4311918727384194,seasonal_naive,CUSCO
2014-12-29,1.650847356364489,1.431191872738419,seasonal_naive,CUSCO
2015-01-05,1.407981264837454,1.1872666096162066,seasonal_naive,CUSCO
2015-01-12,1.401829354296859,1.8152619598901225,seasonal_naive,CUSCO
2015-01-19,1.3991928212080327,1.4936237986154897,seasonal_naive,CUSCO
2015-01-26,1.0882610831618034,1.3364002408664906,seasonal_naive,CUSCO
2015-02-02,0.8550622796271314,1.1005649042429924,seasonal_naive,CUSCO
2015-02-09,0.7773293451155742,0.9433413464939937,seasonal_naive,CUSCO
2015-02-16,1.010528148650246,1.5722355774899892,seasonal_naive,CUSCO
2015-02-23,0.7773293451155742,1.336400240866491,seasonal_naive,CUSCO
2015-03-02,0.9327952141386887,1.4936237986154897,seasonal_naive,CUSCO
2015-03-09,1.2437269521849181,0.7075060098704953,seasonal_naive,CUSCO
2015-03-16,2.1765221663236063,1.0219531253684933,seasonal_naive,CUSCO
2015-03-23,2.176522166323606,1.0219531253684933,seasonal_naive,CUSCO
2015-03-30,1.5546586902311474,1.336400240866491,seasonal_naive,CUSCO
2015-04-06,1.5546586902311474,0.7861177887449948,seasonal_naive,CUSCO
2015-04-13,2.0987892318120487,0.7861177887449948,seasonal_naive,CUSCO
2015-04-20,3.3425161839969655,0.471670673246997,seasonal_naive,CUSCO
2015-04-27,3.5757149875316383,0.471670673246997,seasonal_naive,CUSCO
2015-05-04,3.497982053020081,0.3930588943724976,seasonal_naive,CUSCO
2015-05-11,2.798385642416065,0.7075060098704953,seasonal_naive,CUSCO
2015-05-18,2.4097209698582778,0.8647295676194944,seasonal_naive,CUSCO
2015-05-25,2.2542551008351635,1.0219531253684933,seasonal_naive,CUSCO
2015-06-01,2.4874539043698354,1.1005649042429928,seasonal_naive,CUSCO
2015-06-08,2.0987892318120487,1.2577884619919915,seasonal_naive,CUSCO
2015-06-15,2.3319880353467206,2.672800481732981,seasonal_naive,CUSCO
2015-06-22,1.710124559254262,3.8519771648504735,seasonal_naive,CUSCO
2015-06-29,1.5546586902311474,4.480871395846468,seasonal_naive,CUSCO
2015-07-06,0.8550622796271313,4.166424280348471,seasonal_naive,CUSCO
2015-07-13,1.010528148650246,3.3016947127289775,seasonal_naive,CUSCO
2015-07-20,1.7101245592542618,4.795318511344466,seasonal_naive,CUSCO
2015-07-27,2.021056297300491,4.795318511344466,seasonal_naive,CUSCO
2015-08-03,1.5546586902311474,5.266989184591464,seasonal_naive,CUSCO
2015-08-10,0.9327952141386886,3.773365385975975,seasonal_naive,CUSCO
2015-08-17,0.6995964106040166,3.065859376105479,seasonal_naive,CUSCO
2015-08-24,0.7773293451155739,2.2797415873604847,seasonal_naive,CUSCO
2015-08-31,0.6218634760924593,2.1225180296114856,seasonal_naive,CUSCO
2015-09-07,0.7773293451155739,1.9652944718624865,seasonal_naive,CUSCO
2015-09-14,0.8550622796271313,1.8080709141134874,seasonal_naive,CUSCO
2015-09-21,1.0882610831618031,1.8080709141134874,seasonal_naive,CUSCO
2015-09-28,1.010528148650246,1.6508473563644896,seasonal_naive,CUSCO
2015-10-05,1.243726952184918,1.8080709141134874,seasonal_naive,CUSCO
2015-10-12,1.3991928212080327,1.8080709141134874,seasonal_naive,CUSCO
2015-10-19,1.6323916247427046,2.2797415873604847,seasonal_naive,CUSCO
2015-10-26,1.6323916247427046,2.122518029611486,seasonal_naive,CUSCO
2015-11-02,1.6323916247427046,1.8866826929879874,seasonal_naive,CUSCO
2015-11-09,1.710124559254262,1.8080709141134874,seasonal_naive,CUSCO
2015-11-16,1.3991928212080327,2.436965145109484,seasonal_naive,CUSCO
2015-11-23,1.243726952184918,2.672800481732981,seasonal_naive,CUSCO
2015-11-30,0.6218634760924593,1.8080709141134874,seasonal_naive,CUSCO
2015-12-07,0.7773293451155739,1.0219531253684937,seasonal_naive,CUSCO
2015-12-14,0.4663976070693446,1.1005649042429928,seasonal_naive,CUSCO
2015-12-21,0.6218634760924593,1.6508473563644892,seasonal_naive,CUSCO
2015-12-28,0.3109317380462299,1.6508473563644892,seasonal_naive,CUSCO
2016-01-04,0.3860864382254295,1.4079812648374537,seasonal_naive,CUSCO
2016-01-11,0.2306205692023148,1.4018293542968587,seasonal_naive,CUSCO
2016-01-18,0.2306205692023148,1.399192821208033,seasonal_naive,CUSCO
2016-01-25,0.07687352306743866,1.0882610831618034,seasonal_naive,CUSCO
2016-02-01,0.2306205692023148,0.8550622796271314,seasonal_naive,CUSCO
2016-02-08,0.3074940922697529,0.777329345115574,seasonal_naive,CUSCO
2016-02-15,0.3074940922697529,1.0105281486502458,seasonal_naive,CUSCO
2016-02-22,0.46124113840462905,0.777329345115574,seasonal_naive,CUSCO
2016-02-29,0.46124113840462905,0.9327952141386888,seasonal_naive,CUSCO
2016-03-07,0.46124113840462905,1.2437269521849181,seasonal_naive,CUSCO
2016-03-14,0.23062056920231422,2.1765221663236063,seasonal_naive,CUSCO
2016-03-21,0.15374704613487675,2.176522166323606,seasonal_naive,CUSCO
2016-03-28,0.3074940922697529,1.5546586902311472,seasonal_naive,CUSCO
2016-04-04,0.3074940922697529,1.5546586902311472,seasonal_naive,CUSCO
2016-04-11,0.6918617076069432,2.0987892318120487,seasonal_naive,CUSCO
2016-04-18,0.8456087537418194,3.342516183996965,seasonal_naive,CUSCO
2016-04-25,1.153102846011571,3.5757149875316383,seasonal_naive,CUSCO
2016-05-02,0.9993557998766955,3.497982053020081,seasonal_naive,CUSCO
2016-05-09,1.2299763690790098,2.7983856424160645,seasonal_naive,CUSCO
2016-05-16,1.4605969382813242,2.4097209698582778,seasonal_naive,CUSCO
2016-05-23,1.9987115997533904,2.254255100835163,seasonal_naive,CUSCO
2016-05-30,1.6912175074836382,2.4874539043698354,seasonal_naive,CUSCO
2016-06-06,1.6912175074836382,2.0987892318120487,seasonal_naive,CUSCO
2016-06-13,1.7680910305510764,2.3319880353467206,seasonal_naive,CUSCO
2016-06-20,2.459952738158019,1.710124559254262,seasonal_naive,CUSCO
2016-06-27,2.767446830427771,1.5546586902311472,seasonal_naive,CUSCO
2016-07-04,2.536826261225457,0.8550622796271312,seasonal_naive,CUSCO
2016-07-11,2.2293321689557044,1.0105281486502458,seasonal_naive,CUSCO
2016-07-18,1.9987115997533904,1.7101245592542615,seasonal_naive,CUSCO
2016-07-25,2.1524586458882666,2.0210562973004906,seasonal_naive,CUSCO
2016-08-01,3.61305558416959,1.5546586902311472,seasonal_naive,CUSCO
2016-08-08,4.074296722574219,0.9327952141386886,seasonal_naive,CUSCO
2016-08-15,3.766802630304466,0.6995964106040164,seasonal_naive,CUSCO
2016-08-22,2.383079215090581,0.777329345115574,seasonal_naive,CUSCO
2016-08-29,1.9218380766859522,0.6218634760924593,seasonal_naive,CUSCO
2016-09-05,1.9987115997533904,0.777329345115574,seasonal_naive,CUSCO
2016-09-12,1.6143439844162,0.8550622796271312,seasonal_naive,CUSCO
2016-09-19,1.3068498921464478,1.0882610831618034,seasonal_naive,CUSCO
2016-09-26,1.0762293229441335,1.0105281486502458,seasonal_naive,CUSCO
2016-10-03,1.537470461348762,1.2437269521849177,seasonal_naive,CUSCO
2016-10-10,1.4605969382813242,1.399192821208033,seasonal_naive,CUSCO
2016-10-17,1.6143439844162,1.6323916247427044,seasonal_naive,CUSCO
2016-10-24,1.6912175074836382,1.6323916247427044,seasonal_naive,CUSCO
2016-10-31,2.075585122820829,1.6323916247427044,seasonal_naive,CUSCO
2016-11-07,2.2293321689557044,1.710124559254262,seasonal_naive,CUSCO
2016-11-14,1.6912175074836382,1.399192821208033,seasonal_naive,CUSCO
2016-11-21,1.383723415213886,1.2437269521849177,seasonal_naive,CUSCO
2016-11-28,1.153102846011571,0.6218634760924593,seasonal_naive,CUSCO
2016-12-05,1.2299763690790098,0.777329345115574,seasonal_naive,CUSCO
2016-12-12,1.383723415213886,0.4663976070693446,seasonal_naive,CUSCO
2016-12-19,1.383723415213886,0.6218634760924593,seasonal_naive,CUSCO
2016-12-26,1.1531028460115718,0.31093173804622987,seasonal_naive,CUSCO
2017-01-02,0.9191198127081766,0.3860864382254296,seasonal_naive,CUSCO
2017-01-09,1.2190483607504967,0.23062056920231483,seasonal_naive,CUSCO
2017-01-16,1.216526512674686,0.23062056920231483,seasonal_naive,CUSCO
2017-01-23,1.5206581408433575,0.07687352306743866,seasonal_naive,CUSCO
2017-01-30,1.5206581408433575,0.23062056920231483,seasonal_naive,CUSCO
2017-02-06,1.5966910478855256,0.3074940922697529,seasonal_naive,CUSCO
2017-02-13,1.3685923267590219,0.3074940922697529,seasonal_naive,CUSCO
2017-02-20,1.1404936056325183,0.461241138404629,seasonal_naive,CUSCO
2017-02-27,1.1404936056325183,0.461241138404629,seasonal_naive,CUSCO
2017-03-06,0.9123948845060149,0.461241138404629,seasonal_naive,CUSCO
2017-03-13,1.1404936056325183,0.23062056920231422,seasonal_naive,CUSCO
2017-03-20,1.216526512674686,0.15374704613487675,seasonal_naive,CUSCO
2017-03-27,1.5966910478855254,0.3074940922697529,seasonal_naive,CUSCO
2017-04-03,1.5966910478855254,0.3074940922697529,seasonal_naive,CUSCO
2017-04-10,2.0528884901385323,0.6918617076069433,seasonal_naive,CUSCO
2017-04-17,2.5851188394337075,0.8456087537418195,seasonal_naive,CUSCO
2017-04-24,3.8776782591505614,1.153102846011571,seasonal_naive,CUSCO
2017-05-01,3.7256124450662256,0.9993557998766955,seasonal_naive,CUSCO
2017-05-08,2.8132175605602114,1.2299763690790098,seasonal_naive,CUSCO
2017-05-15,1.748756861969861,1.460596938281324,seasonal_naive,CUSCO
2017-05-22,1.824789769012029,1.9987115997533902,seasonal_naive,CUSCO
2017-05-29,2.1289213971807004,1.6912175074836382,seasonal_naive,CUSCO
2017-06-05,1.9008226760541966,1.6912175074836382,seasonal_naive,CUSCO
2017-06-12,2.661151746475875,1.7680910305510764,seasonal_naive,CUSCO
2017-06-19,3.0413162816867145,2.4599527381580195,seasonal_naive,CUSCO
2017-06-26,3.4214808168975535,2.767446830427771,seasonal_naive,CUSCO
2017-07-03,2.737184653518043,2.5368262612254564,seasonal_naive,CUSCO
2017-07-10,2.2049543042228685,2.2293321689557044,seasonal_naive,CUSCO
2017-07-17,1.5206581408433575,1.9987115997533902,seasonal_naive,CUSCO
2017-07-24,1.0644606985903504,2.1524586458882666,seasonal_naive,CUSCO
2017-07-31,1.216526512674686,3.61305558416959,seasonal_naive,CUSCO
2017-08-07,1.216526512674686,4.074296722574219,seasonal_naive,CUSCO
2017-08-14,1.5966910478855254,3.7668026303044666,seasonal_naive,CUSCO
2017-08-21,1.672723954927693,2.383079215090581,seasonal_naive,CUSCO
2017-08-28,1.672723954927693,1.9218380766859515,seasonal_naive,CUSCO
2017-09-04,1.1404936056325183,1.9987115997533902,seasonal_naive,CUSCO
2017-09-11,1.0644606985903504,1.6143439844162,seasonal_naive,CUSCO
2017-09-18,1.1404936056325183,1.3068498921464475,seasonal_naive,CUSCO
2017-09-25,1.2165265126746863,1.0762293229441338,seasonal_naive,CUSCO
2017-10-02,0.9884277915481826,1.5374704613487618,seasonal_naive,CUSCO
2017-10-09,0.8363619774638469,1.460596938281324,seasonal_naive,CUSCO
2017-10-16,0.9884277915481827,1.6143439844162,seasonal_naive,CUSCO
2017-10-23,1.4446252338011896,1.6912175074836382,seasonal_naive,CUSCO
2017-10-30,1.672723954927693,2.075585122820829,seasonal_naive,CUSCO
2017-11-06,1.824789769012029,2.2293321689557044,seasonal_naive,CUSCO
2017-11-13,1.7487568619698612,1.6912175074836382,seasonal_naive,CUSCO
2017-11-20,2.2049543042228685,1.3837234152138858,seasonal_naive,CUSCO
2017-11-27,2.8892504676023787,1.153102846011571,seasonal_naive,CUSCO
2017-12-04,2.737184653518043,1.2299763690790098,seasonal_naive,CUSCO
2017-12-11,2.5851188394337075,1.3837234152138858,seasonal_naive,CUSCO
2017-12-18,1.8247897690120292,1.3837234152138858,seasonal_naive,CUSCO
2017-12-25,2.2049543042228685,1.153102846011572,seasonal_naive,CUSCO
2018-01-01,2.1967222437804046,0.9191198127081766,seasonal_naive,CUSCO
2018-01-08,2.5679063494176466,1.219048360750497,seasonal_naive,CUSCO
2018-01-15,2.5596742889751827,1.2165265126746863,seasonal_naive,CUSCO
2018-01-22,2.484389751064148,1.5206581408433575,seasonal_naive,CUSCO
2018-01-29,2.409105213153113,1.5206581408433575,seasonal_naive,CUSCO
2018-02-05,2.0326825235979396,1.5966910478855256,seasonal_naive,CUSCO
2018-02-12,1.4304062203096615,1.3685923267590216,seasonal_naive,CUSCO
2018-02-19,0.7528453791103485,1.1404936056325186,seasonal_naive,CUSCO
2018-02-26,0.602276303288279,1.1404936056325186,seasonal_naive,CUSCO
2018-03-05,0.7528453791103485,0.9123948845060148,seasonal_naive,CUSCO
2018-03-12,0.8281299170213833,1.1404936056325186,seasonal_naive,CUSCO
2018-03-19,0.9786989928434527,1.2165265126746863,seasonal_naive,CUSCO
2018-03-26,0.903414454932418,1.5966910478855252,seasonal_naive,CUSCO
2018-04-02,1.4304062203096615,1.5966910478855252,seasonal_naive,CUSCO
2018-04-09,1.279837144487592,2.0528884901385323,seasonal_naive,CUSCO
2018-04-16,1.8068289098648354,2.5851188394337075,seasonal_naive,CUSCO
2018-04-23,1.5056907582206964,3.8776782591505627,seasonal_naive,CUSCO
2018-04-30,1.8068289098648354,3.7256124450662256,seasonal_naive,CUSCO
2018-05-07,1.5809752961317312,2.813217560560211,seasonal_naive,CUSCO
2018-05-14,1.9573979856869048,1.7487568619698615,seasonal_naive,CUSCO
2018-05-21,2.7855279027082873,1.8247897690120292,seasonal_naive,CUSCO
2018-05-28,3.8395114334627736,2.1289213971807004,seasonal_naive,CUSCO
2018-06-04,4.215934123017948,1.900822676054196,seasonal_naive,CUSCO
2018-06-11,4.291218660928982,2.6611517464758747,seasonal_naive,CUSCO
2018-06-18,4.517072274662087,3.041316281686715,seasonal_naive,CUSCO
2018-06-25,4.291218660928982,3.421480816897553,seasonal_naive,CUSCO
2018-07-02,4.742925888395191,2.737184653518043,seasonal_naive,CUSCO
2018-07-09,4.441787736751052,2.2049543042228685,seasonal_naive,CUSCO
2018-07-16,6.022763032882781,1.5206581408433575,seasonal_naive,CUSCO
2018-07-23,5.420486729594503,1.0644606985903504,seasonal_naive,CUSCO
2018-07-30,5.1193485779503645,1.2165265126746863,seasonal_naive,CUSCO
2018-08-06,3.839511433462773,1.2165265126746863,seasonal_naive,CUSCO
2018-08-13,3.086666054352426,1.5966910478855252,seasonal_naive,CUSCO
2018-08-20,3.0113815164413906,1.6727239549276933,seasonal_naive,CUSCO
2018-08-27,2.2585361373310437,1.6727239549276933,seasonal_naive,CUSCO
2018-09-03,2.2585361373310437,1.1404936056325186,seasonal_naive,CUSCO
2018-09-10,1.9573979856869042,1.0644606985903504,seasonal_naive,CUSCO
2018-09-17,2.1832515994200086,1.1404936056325186,seasonal_naive,CUSCO
2018-09-24,2.3338206752420785,1.2165265126746863,seasonal_naive,CUSCO
2018-10-01,1.8821134477758694,0.9884277915481825,seasonal_naive,CUSCO
2018-10-08,1.8821134477758694,0.8363619774638469,seasonal_naive,CUSCO
2018-10-15,1.8068289098648347,0.9884277915481827,seasonal_naive,CUSCO
2018-10-22,1.8821134477758694,1.4446252338011893,seasonal_naive,CUSCO
2018-10-29,1.6562598340427652,1.6727239549276933,seasonal_naive,CUSCO
2018-11-05,1.6562598340427652,1.8247897690120292,seasonal_naive,CUSCO
2018-11-12,1.9573979856869042,1.7487568619698615,seasonal_naive,CUSCO
2018-11-19,2.4843897510641475,2.2049543042228685,seasonal_naive,CUSCO
2018-11-26,2.1832515994200086,2.8892504676023787,seasonal_naive,CUSCO
2018-12-03,2.1832515994200086,2.737184653518043,seasonal_naive,CUSCO
2018-12-10,1.9573979856869042,2.5851188394337075,seasonal_naive,CUSCO
2018-12-17,2.032682523597939,1.8247897690120292,seasonal_naive,CUSCO
2018-12-24,2.032682523597939,2.2049543042228685,seasonal_naive,CUSCO
2018-12-31,1.5809752961317305,2.196722243780405,seasonal_naive,CUSCO
2019-01-07,1.8002243826999151,2.5679063494176466,seasonal_naive,CUSCO
2019-01-14,1.4201325113864527,2.559674288975183,seasonal_naive,CUSCO
2019-01-21,1.640115434306295,2.484389751064148,seasonal_naive,CUSCO
2019-01-28,1.26736192650941,2.4091052131531137,seasonal_naive,CUSCO
2019-02-04,1.341912628068787,2.0326825235979396,seasonal_naive,CUSCO
2019-02-11,0.7455070155937707,1.4304062203096612,seasonal_naive,CUSCO
2019-02-18,1.118260523390656,0.7528453791103484,seasonal_naive,CUSCO
2019-02-25,0.8200577171531478,0.602276303288279,seasonal_naive,CUSCO
2019-03-04,1.1928112249500329,0.7528453791103484,seasonal_naive,CUSCO
2019-03-11,1.043709821831279,0.8281299170213832,seasonal_naive,CUSCO
2019-03-18,1.3419126280687872,0.9786989928434526,seasonal_naive,CUSCO
2019-03-25,1.5655647327469182,0.9034144549324179,seasonal_naive,CUSCO
2019-04-01,1.5655647327469182,1.4304062203096612,seasonal_naive,CUSCO
2019-04-08,1.5655647327469182,1.2798371444875918,seasonal_naive,CUSCO
2019-04-15,1.4910140311875413,1.8068289098648354,seasonal_naive,CUSCO
2019-04-22,1.4164633296281641,1.5056907582206964,seasonal_naive,CUSCO
2019-04-29,1.1182605233906562,1.8068289098648354,seasonal_naive,CUSCO
2019-05-06,0.8946084187125249,1.5809752961317312,seasonal_naive,CUSCO
2019-05-13,1.1928112249500329,1.9573979856869048,seasonal_naive,CUSCO
2019-05-20,1.5655647327469182,2.7855279027082878,seasonal_naive,CUSCO
2019-05-27,2.3110717483406886,3.839511433462773,seasonal_naive,CUSCO
2019-06-03,2.0874196436625576,4.215934123017948,seasonal_naive,CUSCO
2019-06-10,2.3856224499000658,4.291218660928982,seasonal_naive,CUSCO
2019-06-17,1.6401154343062954,4.517072274662087,seasonal_naive,CUSCO
2019-06-24,1.6401154343062956,4.291218660928982,seasonal_naive,CUSCO
2019-07-01,1.4164633296281643,4.742925888395191,seasonal_naive,CUSCO
2019-07-08,1.6401154343062956,4.441787736751051,seasonal_naive,CUSCO
2019-07-15,1.4164633296281643,6.022763032882781,seasonal_naive,CUSCO
2019-07-22,2.5347238530188196,5.420486729594503,seasonal_naive,CUSCO
2019-07-29,2.683825256137574,5.1193485779503645,seasonal_naive,CUSCO
2019-08-05,2.683825256137574,3.839511433462773,seasonal_naive,CUSCO
2019-08-12,1.3419126280687872,3.086666054352426,seasonal_naive,CUSCO
2019-08-19,1.3419126280687872,3.011381516441391,seasonal_naive,CUSCO
2019-08-26,2.0128689421031805,2.2585361373310437,seasonal_naive,CUSCO
2019-09-02,2.0874196436625576,2.2585361373310437,seasonal_naive,CUSCO
2019-09-09,2.0874196436625576,1.957397985686904,seasonal_naive,CUSCO
2019-09-16,1.5655647327469184,2.1832515994200086,seasonal_naive,CUSCO
2019-09-23,1.5655647327469184,2.333820675242078,seasonal_naive,CUSCO
2019-09-30,1.4164633296281643,1.8821134477758692,seasonal_naive,CUSCO
2019-10-07,1.3419126280687876,1.8821134477758692,seasonal_naive,CUSCO
2019-10-14,1.4910140311875413,1.806828909864835,seasonal_naive,CUSCO
2019-10-21,1.3419126280687872,1.8821134477758692,seasonal_naive,CUSCO
2019-10-28,1.3419126280687872,1.656259834042765,seasonal_naive,CUSCO
2019-11-04,1.0437098218312792,1.656259834042765,seasonal_naive,CUSCO
2019-11-11,0.9691591202719021,1.957397985686904,seasonal_naive,CUSCO
2019-11-18,0.9691591202719021,2.484389751064147,seasonal_naive,CUSCO
2019-11-25,1.3419126280687872,2.1832515994200086,seasonal_naive,CUSCO
2019-12-02,1.7146661358656725,2.1832515994200086,seasonal_naive,CUSCO
2019-12-09,1.4910140311875413,1.957397985686904,seasonal_naive,CUSCO
2019-12-16,1.3419126280687872,2.0326825235979396,seasonal_naive,CUSCO
2019-12-23,1.2673619265094103,2.0326825235979396,seasonal_naive,CUSCO
2019-12-30,1.6401154343062956,1.5809752961317307,seasonal_naive,CUSCO
2020-01-06,1.2659225898917443,1.800224382699915,seasonal_naive,CUSCO
2020-01-13,1.038672143669449,1.4201325113864525,seasonal_naive,CUSCO
2020-01-20,0.8121413657559863,1.6401154343062951,seasonal_naive,CUSCO
2020-01-27,0.8859723990065304,1.2673619265094098,seasonal_naive,CUSCO
2020-02-03,0.7383103325054421,1.341912628068787,seasonal_naive,CUSCO
2020-02-10,0.5168172327538098,0.7455070155937709,seasonal_naive,CUSCO
2020-02-17,0.6644792992548981,1.118260523390656,seasonal_naive,CUSCO
2020-02-24,0.8859723990065304,0.8200577171531478,seasonal_naive,CUSCO
2020-03-02,0.9598034322570745,1.192811224950033,seasonal_naive,CUSCO
2020-03-09,1.0336344655076186,1.0437098218312788,seasonal_naive,CUSCO
2020-03-16,0.8859723990065304,1.3419126280687874,seasonal_naive,CUSCO
2020-03-23,0.8859723990065304,1.565564732746918,seasonal_naive,CUSCO
2020-03-30,0.5906482660043538,1.565564732746918,seasonal_naive,CUSCO
2020-04-06,0.5168172327538098,1.565564732746918,seasonal_naive,CUSCO
2020-04-13,0.3691551662527215,1.4910140311875413,seasonal_naive,CUSCO
2020-04-20,0.3691551662527215,1.4164633296281641,seasonal_naive,CUSCO
2020-04-27,0.2214930997516332,1.118260523390656,seasonal_naive,CUSCO
2020-05-04,0.29532413300217736,0.8946084187125249,seasonal_naive,CUSCO
2020-05-11,0.29532413300217736,1.192811224950033,seasonal_naive,CUSCO
2020-05-18,0.4429861995032656,1.565564732746918,seasonal_naive,CUSCO
2020-05-25,0.3691551662527215,2.3110717483406886,seasonal_naive,CUSCO
2020-06-01,0.29532413300217736,2.0874196436625576,seasonal_naive,CUSCO
2020-06-08,0.07383103325054495,2.3856224499000658,seasonal_naive,CUSCO
2020-06-15,0.14766206650108907,1.6401154343062951,seasonal_naive,CUSCO
2020-06-22,0.07383103325054495,1.6401154343062956,seasonal_naive,CUSCO
2020-06-29,0.14766206650108907,1.4164633296281646,seasonal_naive,CUSCO
2020-07-06,0.14766206650108907,1.6401154343062956,seasonal_naive,CUSCO
2020-07-13,0.14766206650108907,1.4164633296281646,seasonal_naive,CUSCO
2020-07-20,0.2214930997516332,2.5347238530188196,seasonal_naive,CUSCO
2020-07-27,0.14766206650108907,2.683825256137574,seasonal_naive,CUSCO
2020-08-03,0.14766206650108907,2.683825256137574,seasonal_naive,CUSCO
2020-08-10,0.22149309975163323,1.3419126280687874,seasonal_naive,CUSCO
2020-08-17,0.22149309975163323,1.3419126280687874,seasonal_naive,CUSCO
2020-08-24,0.22149309975163323,2.01286894210318,seasonal_naive,CUSCO
2020-08-31,0.22149309975163323,2.0874196436625576,seasonal_naive,CUSCO
2020-09-07,0.5168172327538098,2.0874196436625576,seasonal_naive,CUSCO
2020-09-14,0.664479299254898,1.5655647327469184,seasonal_naive,CUSCO
2020-09-21,0.8859723990065304,1.5655647327469184,seasonal_naive,CUSCO
2020-09-28,0.8121413657559863,1.4164633296281646,seasonal_naive,CUSCO
2020-10-05,0.8121413657559863,1.3419126280687874,seasonal_naive,CUSCO
2020-10-12,0.4429861995032656,1.4910140311875413,seasonal_naive,CUSCO
2020-10-19,0.2214930997516332,1.3419126280687874,seasonal_naive,CUSCO
2020-10-26,0.14766206650108907,1.3419126280687874,seasonal_naive,CUSCO
2020-11-02,0.2214930997516332,1.0437098218312792,seasonal_naive,CUSCO
2020-11-09,0.2214930997516332,0.9691591202719021,seasonal_naive,CUSCO
2020-11-16,0.2214930997516332,0.9691591202719021,seasonal_naive,CUSCO
2020-11-23,0.07383103325054495,1.3419126280687874,seasonal_naive,CUSCO
2020-11-30,0.07383103325054495,1.7146661358656723,seasonal_naive,CUSCO
2020-12-07,0.0,1.4910140311875413,seasonal_naive,CUSCO
2020-12-14,0.07383103325054495,1.3419126280687874,seasonal_naive,CUSCO
2020-12-21,0.14766206650108907,1.2673619265094103,seasonal_naive,CUSCO
2020-12-28,0.3691551662527215,1.6401154343062956,seasonal_naive,CUSCO
2021-01-04,0.29532413300217736,1.2659225898917446,seasonal_naive,CUSCO
2021-01-11,0.44086847954525954,1.0386721436694488,seasonal_naive,CUSCO
2021-01-18,0.2193753797936271,0.8121413657559862,seasonal_naive,CUSCO
2021-01-25,0.2193753797936271,0.8859723990065305,seasonal_naive,CUSCO
2021-02-01,0.14625025319575166,0.7383103325054421,seasonal_naive,CUSCO
2021-02-08,0.14625025319575166,0.5168172327538099,seasonal_naive,CUSCO
2021-02-15,0.14625025319575166,0.664479299254898,seasonal_naive,CUSCO
2021-02-22,0.0,0.8859723990065305,seasonal_naive,CUSCO
2021-03-01,0.0,0.9598034322570745,seasonal_naive,CUSCO
2021-03-08,0.07312512659787625,1.0336344655076188,seasonal_naive,CUSCO
2021-03-15,0.07312512659787625,0.8859723990065305,seasonal_naive,CUSCO
2021-03-22,0.14625025319575166,0.8859723990065305,seasonal_naive,CUSCO
2021-03-29,0.14625025319575166,0.5906482660043539,seasonal_naive,CUSCO
2021-04-05,0.14625025319575166,0.5168172327538099,seasonal_naive,CUSCO
2021-04-12,0.2193753797936271,0.3691551662527215,seasonal_naive,CUSCO
2021-04-19,0.14625025319575166,0.3691551662527215,seasonal_naive,CUSCO
2021-04-26,0.1462502531957517,0.22149309975163317,seasonal_naive,CUSCO
2021-05-03,0.07312512659787625,0.2953241330021773,seasonal_naive,CUSCO
2021-05-10,0.07312512659787625,0.2953241330021773,seasonal_naive,CUSCO
2021-05-17,0.07312512659787625,0.4429861995032657,seasonal_naive,CUSCO
2021-05-24,0.14625025319575166,0.3691551662527215,seasonal_naive,CUSCO
2021-05-31,0.43875075958725335,0.2953241330021773,seasonal_naive,CUSCO
2021-06-07,0.7312512659787552,0.07383103325054495,seasonal_naive,CUSCO
2021-06-14,0.6581261393808796,0.1476620665010891,seasonal_naive,CUSCO
2021-06-21,0.5850010127830042,0.07383103325054495,seasonal_naive,CUSCO
2021-06-28,0.5118758861851288,0.1476620665010891,seasonal_naive,CUSCO
2021-07-05,0.7312512659787552,0.1476620665010891,seasonal_naive,CUSCO
2021-07-12,1.0237517723702567,0.1476620665010891,seasonal_naive,CUSCO
2021-07-19,1.1700020255660077,0.22149309975163317,seasonal_naive,CUSCO
2021-07-26,1.1700020255660077,0.1476620665010891,seasonal_naive,CUSCO
2021-08-02,0.8043763925766306,0.1476620665010891,seasonal_naive,CUSCO
2021-08-09,0.43875075958725346,0.22149309975163328,seasonal_naive,CUSCO
2021-08-16,0.5850010127830042,0.22149309975163328,seasonal_naive,CUSCO
2021-08-23,0.731251265978755,0.22149309975163328,seasonal_naive,CUSCO
2021-08-30,0.8043763925766304,0.22149309975163328,seasonal_naive,CUSCO
2021-09-06,0.6581261393808796,0.5168172327538099,seasonal_naive,CUSCO
2021-09-13,0.5118758861851288,0.664479299254898,seasonal_naive,CUSCO
2021-09-20,0.43875075958725335,0.8859723990065305,seasonal_naive,CUSCO
2021-09-27,0.14625025319575166,0.8121413657559862,seasonal_naive,CUSCO
2021-10-04,0.07312512659787625,0.8121413657559862,seasonal_naive,CUSCO
2021-10-11,0.2193753797936271,0.4429861995032657,seasonal_naive,CUSCO
2021-10-18,0.29250050639150255,0.22149309975163317,seasonal_naive,CUSCO
2021-10-25,0.36562563298937795,0.1476620665010891,seasonal_naive,CUSCO
2021-11-01,0.21937537979362712,0.22149309975163317,seasonal_naive,CUSCO
2021-11-08,0.21937537979362712,0.22149309975163317,seasonal_naive,CUSCO
2021-11-15,0.43875075958725346,0.22149309975163317,seasonal_naive,CUSCO
2021-11-22,0.9506266457723814,0.07383103325054495,seasonal_naive,CUSCO
2021-11-29,0.9506266457723814,0.07383103325054495,seasonal_naive,CUSCO
2021-12-06,0.7312512659787552,0.0,seasonal_naive,CUSCO
2021-12-13,0.43875075958725346,0.07383103325054495,seasonal_naive,CUSCO
2021-12-20,0.7312512659787552,0.1476620665010891,seasonal_naive,CUSCO
2021-12-27,1.3162522787617588,0.3691551662527215,seasonal_naive,CUSCO
2022-01-03,1.5314724426254278,0.2953241330021773,seasonal_naive,CUSCO
2022-01-10,1.8177401251219933,0.44086847954525954,seasonal_naive,CUSCO
2022-01-17,2.028112537067379,0.2193753797936271,seasonal_naive,CUSCO
2022-01-24,2.2454103088960267,0.2193753797936271,seasonal_naive,CUSCO
2022-01-31,2.317842899505576,0.14625025319575163,seasonal_naive,CUSCO
2022-02-07,1.95567994645783,0.14625025319575163,seasonal_naive,CUSCO
2022-02-14,1.4486518121909855,0.14625025319575163,seasonal_naive,CUSCO
2022-02-21,0.9416236779241408,0.0,seasonal_naive,CUSCO
2022-02-28,0.9416236779241408,0.0,seasonal_naive,CUSCO
2022-03-07,1.376219221581436,0.07312512659787623,seasonal_naive,CUSCO
2022-03-14,1.593516993410084,0.07312512659787623,seasonal_naive,CUSCO
2022-03-21,1.5210844028005346,0.14625025319575163,seasonal_naive,CUSCO
2022-03-28,1.95567994645783,0.14625025319575163,seasonal_naive,CUSCO
2022-04-04,2.028112537067379,0.14625025319575163,seasonal_naive,CUSCO
2022-04-11,2.4627080807246746,0.2193753797936271,seasonal_naive,CUSCO
2022-04-18,2.1729777182864773,0.14625025319575163,seasonal_naive,CUSCO
2022-04-25,2.3902754901151253,0.14625025319575172,seasonal_naive,CUSCO
2022-05-02,2.6075732619437733,0.07312512659787623,seasonal_naive,CUSCO
2022-05-09,2.969736214991519,0.07312512659787623,seasonal_naive,CUSCO
2022-05-16,3.4043317586488144,0.07312512659787623,seasonal_naive,CUSCO
2022-05-23,3.0421688056010683,0.14625025319575163,seasonal_naive,CUSCO
2022-05-30,2.8973036243819696,0.43875075958725335,seasonal_naive,CUSCO
2022-06-06,2.969736214991519,0.7312512659787551,seasonal_naive,CUSCO
2022-06-13,2.8248710337724208,0.6581261393808797,seasonal_naive,CUSCO
2022-06-20,2.4627080807246746,0.5850010127830041,seasonal_naive,CUSCO
2022-06-27,1.593516993410084,0.5118758861851287,seasonal_naive,CUSCO
2022-07-04,1.0864888591432393,0.7312512659787551,seasonal_naive,CUSCO
2022-07-11,1.0864888591432393,1.0237517723702565,seasonal_naive,CUSCO
2022-07-18,0.9416236779241408,1.1700020255660077,seasonal_naive,CUSCO
2022-07-25,1.1589214497527884,1.1700020255660077,seasonal_naive,CUSCO
2022-08-01,1.1589214497527884,0.8043763925766305,seasonal_naive,CUSCO
2022-08-08,1.0864888591432393,0.4387507595872535,seasonal_naive,CUSCO
2022-08-15,0.7967584967050424,0.5850010127830041,seasonal_naive,CUSCO
2022-08-22,1.01405626853369,0.7312512659787551,seasonal_naive,CUSCO
2022-08-29,1.4486518121909853,0.8043763925766303,seasonal_naive,CUSCO
2022-09-05,1.95567994645783,0.6581261393808797,seasonal_naive,CUSCO
2022-09-12,1.593516993410084,0.5118758861851287,seasonal_naive,CUSCO
2022-09-19,1.3037866309718869,0.43875075958725335,seasonal_naive,CUSCO
2022-09-26,0.8691910873145915,0.14625025319575163,seasonal_naive,CUSCO
2022-10-03,0.7967584967050424,0.07312512659787623,seasonal_naive,CUSCO
2022-10-10,0.6518933154859439,0.2193753797936271,seasonal_naive,CUSCO
2022-10-17,0.8691910873145915,0.29250050639150255,seasonal_naive,CUSCO
2022-10-24,0.5794607248763947,0.36562563298937795,seasonal_naive,CUSCO
2022-10-31,0.6518933154859439,0.21937537979362712,seasonal_naive,CUSCO
2022-11-07,0.7243259060954931,0.21937537979362712,seasonal_naive,CUSCO
2022-11-14,0.8691910873145915,0.4387507595872535,seasonal_naive,CUSCO
2022-11-21,0.8691910873145915,0.9506266457723813,seasonal_naive,CUSCO
2022-11-28,0.5070281342668453,0.9506266457723813,seasonal_naive,CUSCO
2022-12-05,0.7967584967050424,0.7312512659787551,seasonal_naive,CUSCO
2010-12-27,2.5523898602607726,1.5140587809503545,holt_winters,CUSCO
2011-01-03,2.4604197946291557,1.6424735276771338,holt_winters,CUSCO
2011-01-10,2.7016443196675657,1.2166534277161425,holt_winters,CUSCO
2011-01-17,1.627433317954089,1.0031939355153776,holt_winters,CUSCO
2011-01-24,0.9764599907724537,1.3206803310711628,holt_winters,CUSCO
2011-01-31,0.6509733271816359,1.493925297879719,holt_winters,CUSCO
2011-02-07,0.5696016612839315,1.4019842882060165,holt_winters,CUSCO
2011-02-14,1.5460616520563846,1.6436048779170358,holt_winters,CUSCO
2011-02-21,1.5460616520563848,1.7628827471613393,holt_winters,CUSCO
2011-02-28,1.8715483156472024,2.2306103002437228,holt_winters,CUSCO
2011-03-07,1.3833183202609758,2.4922049211036432,holt_winters,CUSCO
2011-03-14,2.034291647442611,2.4184221813672155,holt_winters,CUSCO
2011-03-21,2.8480083064196555,1.9741847189448363,holt_winters,CUSCO
2011-03-28,3.336238301805882,1.7682374134902612,holt_winters,CUSCO
2011-04-04,3.7430966312944043,2.2137121503215322,holt_winters,CUSCO
2011-04-11,3.1734949700104735,2.6990617463111866,holt_winters,CUSCO
2011-04-18,4.394069958476039,4.318116032025257,holt_winters,CUSCO
2011-04-25,5.126414951555379,5.011416747574615,holt_winters,CUSCO
2011-05-02,6.1842466082255365,5.618907888629486,holt_winters,CUSCO
2011-05-09,4.882299953862266,5.734087846906261,holt_winters,CUSCO
2011-05-16,4.7195566220668566,4.870005423688033,holt_winters,CUSCO
2011-05-23,4.96367161975997,5.028205863738621,holt_winters,CUSCO
2011-05-30,5.451901615146196,5.292497207068299,holt_winters,CUSCO
2011-06-06,5.858759944634719,5.316661765134918,holt_winters,CUSCO
2011-06-13,4.882299953862266,5.3485621061308,holt_winters,CUSCO
2011-06-20,4.556813290271449,4.768790736202675,holt_winters,CUSCO
2011-06-27,3.336238301805882,4.350948197824574,holt_winters,CUSCO
2011-07-04,3.0107516382150643,3.9510581676900554,holt_winters,CUSCO
2011-07-11,2.7666366405219507,2.699314640847114,holt_winters,CUSCO
2011-07-18,2.603893308726542,2.549427231801172,holt_winters,CUSCO
2011-07-25,2.0342916474426116,2.4324871736981764,holt_winters,CUSCO
2011-08-01,2.1156633133403155,2.3123762522985136,holt_winters,CUSCO
2011-08-08,1.7088049838517936,1.8471920722575428,holt_winters,CUSCO
2011-08-15,1.7088049838517934,1.597902157591153,holt_winters,CUSCO
2011-08-22,1.1392033225678626,1.34314862622655,holt_winters,CUSCO
2011-08-29,1.3833183202609758,1.3492147346555443,holt_winters,CUSCO
2011-09-05,1.3019466543632714,1.4020712948617389,holt_winters,CUSCO
2011-09-12,1.5460616520563846,1.4992181008398995,holt_winters,CUSCO
2011-09-19,1.8715483156472024,1.6046642334141685,holt_winters,CUSCO
2011-09-26,2.359778311033429,1.6642546258544382,holt_winters,CUSCO
2011-10-03,2.5225216428288375,2.4418914723939755,holt_winters,CUSCO
2011-10-10,1.7088049838517934,2.2285432375513943,holt_winters,CUSCO
2011-10-17,1.8715483156472021,2.0573028555507156,holt_winters,CUSCO
2011-10-24,1.3019466543632714,1.8271206751807427,holt_winters,CUSCO
2011-10-31,1.8715483156472024,1.3970336989073888,holt_winters,CUSCO
2011-11-07,1.7901766497494982,1.5610679460262618,holt_winters,CUSCO
2011-11-14,1.8715483156472026,1.6630593156368563,holt_winters,CUSCO
2011-11-21,2.441149976931133,1.727210205184793,holt_winters,CUSCO
2011-11-28,2.1156633133403155,2.299929215016037,holt_winters,CUSCO
2011-12-05,2.1970349792380204,2.3910371609689967,holt_winters,CUSCO
2011-12-12,1.4646899861586802,2.2729469749886184,holt_winters,CUSCO
2011-12-19,1.220574988465567,2.1734659590283654,holt_winters,CUSCO
2011-12-26,1.3833183202609758,1.1654753733867191,holt_winters,CUSCO
2012-01-02,1.215868654736754,1.1724581592436145,holt_winters,CUSCO
2012-01-09,1.937859713612706,0.9102657262747451,holt_winters,CUSCO
2012-01-16,2.412911974558257,0.6223544419329603,holt_winters,CUSCO
2012-01-23,2.412911974558257,1.7257178510168134,holt_winters,CUSCO
2012-01-30,2.252051176254373,1.7335883575966315,holt_winters,CUSCO
2012-02-06,1.8498991804946636,1.6404444896380066,holt_winters,CUSCO
2012-02-13,2.0107599787985477,2.1984046796949963,holt_winters,CUSCO
2012-02-20,1.9303295796466056,2.1891309670939645,holt_winters,CUSCO
2012-02-27,1.4477471847349541,2.8336012794120293,holt_winters,CUSCO
2012-03-05,1.6086079830388378,2.9437716109090473,holt_winters,CUSCO
2012-03-12,1.3673167855830124,3.137976751109332,holt_winters,CUSCO
2012-03-19,1.6086079830388378,1.5453646087572155,holt_winters,CUSCO
2012-03-26,1.5281775838868958,1.419848921523049,holt_winters,CUSCO
2012-04-02,2.0107599787985473,1.7716915200348073,holt_winters,CUSCO
2012-04-09,2.1716207771024307,1.9568944656600524,holt_winters,CUSCO
2012-04-16,3.2976463652296175,2.943979364207391,holt_winters,CUSCO
2012-04-23,3.2172159660776756,3.634657058267848,holt_winters,CUSCO
2012-04-30,4.825823949116513,4.281043923192926,holt_winters,CUSCO
2012-05-07,4.021519957597094,4.160323515845739,holt_winters,CUSCO
2012-05-14,5.469267142332048,3.996056623315755,holt_winters,CUSCO
2012-05-21,4.986684747420397,4.201503877402537,holt_winters,CUSCO
2012-05-28,5.630127940635931,4.480184550071759,holt_winters,CUSCO
2012-06-04,4.906254348268455,4.492752405445491,holt_winters,CUSCO
2012-06-11,5.14754554572428,4.261943009863145,holt_winters,CUSCO
2012-06-18,4.664963150812629,3.8237151385408916,holt_winters,CUSCO
2012-06-25,4.3432415542048615,3.35413342405256,holt_winters,CUSCO
2012-07-02,3.699798360989327,3.0470379986830345,holt_winters,CUSCO
2012-07-09,3.458507163533501,3.4324791773621692,holt_winters,CUSCO
2012-07-16,3.3780767643815595,3.1523592602077306,holt_winters,CUSCO
2012-07-23,2.5737727728621405,2.8115376986895457,holt_winters,CUSCO
2012-07-30,2.4933423737101985,2.6923811527905324,holt_winters,CUSCO
2012-08-06,1.9303295796466058,2.1247667722367733,holt_winters,CUSCO
2012-08-13,1.6890383821907802,1.9480542057680554,holt_winters,CUSCO
2012-08-20,1.9303295796466056,1.6298497048949447,holt_winters,CUSCO
2012-08-27,2.0107599787985473,1.6214878839024855,holt_winters,CUSCO
2012-09-03,2.5737727728621405,2.015696805893603,holt_winters,CUSCO
2012-09-10,2.171620777102431,2.214512323902543,holt_winters,CUSCO
2012-09-17,2.0911903779504892,2.505096379334905,holt_winters,CUSCO
2012-09-24,2.0107599787985473,2.7100430998651763,holt_winters,CUSCO
2012-10-01,1.9303295796466056,2.10216072841048,holt_winters,CUSCO
2012-10-08,2.252051176254373,1.8189318648380501,holt_winters,CUSCO
2012-10-15,2.171620777102431,1.7528137188440813,holt_winters,CUSCO
2012-10-22,2.0911903779504892,1.5114350423025753,holt_winters,CUSCO
2012-10-29,1.6890383821907797,2.4043267533900448,holt_winters,CUSCO
2012-11-05,1.3673167855830124,2.581431236966135,holt_winters,CUSCO
2012-11-12,1.6086079830388382,2.7191284408774923,holt_winters,CUSCO
2012-11-19,1.6890383821907802,3.020737104548087,holt_winters,CUSCO
2012-11-26,1.4477471847349543,1.4712618576877854,holt_winters,CUSCO
2012-12-03,1.3673167855830124,1.53783129846929,holt_winters,CUSCO
2012-12-10,1.8498991804946634,1.3235054783037437,holt_winters,CUSCO
2012-12-17,2.6542031720140824,1.2522194432091283,holt_winters,CUSCO
2012-12-24,3.0563551677737917,2.548607276118302,holt_winters,CUSCO
2012-12-31,2.332481575406315,2.4965602880706554,holt_winters,CUSCO
2013-01-07,2.0829127219522223,2.299454596859557,holt_winters,CUSCO
2013-01-14,1.673402809749608,2.086659047286171,holt_winters,CUSCO
2013-01-21,1.9877664899144711,1.2991872873949175,holt_winters,CUSCO
2013-01-28,1.6697238515281558,1.305619467036728,holt_winters,CUSCO
2013-02-04,1.5107025323349983,1.1308051179322702,holt_winters,CUSCO
2013-02-11,1.2721705535452614,1.6209316119359856,holt_winters,CUSCO
2013-02-18,1.5107025323349983,1.3426024381337078,holt_winters,CUSCO
2013-02-25,1.590213191931577,1.611976285129746,holt_winters,CUSCO
2013-03-04,1.9082558303178923,1.6940379635720921,holt_winters,CUSCO
2013-03-11,1.7492345111247343,1.7698644092710176,holt_winters,CUSCO
2013-03-18,1.3516812131418403,2.0737246083379026,holt_winters,CUSCO
2013-03-25,1.2721705535452619,1.9963291069875524,holt_winters,CUSCO
2013-04-01,1.4311918727384196,2.35484992177201,holt_winters,CUSCO
2013-04-08,1.5107025323349983,2.545649990249644,holt_winters,CUSCO
2013-04-15,2.1467878091076287,2.2418988385654637,holt_winters,CUSCO
2013-04-22,3.2599370434597326,2.779808533232886,holt_winters,CUSCO
2013-04-29,4.214064958618678,3.465115035011533,holt_winters,CUSCO
2013-05-06,3.2599370434597326,3.2666142144188655,holt_winters,CUSCO
2013-05-13,2.4648304474939438,3.7572180187846973,holt_winters,CUSCO
2013-05-20,2.0672771495110496,3.847367121516603,holt_winters,CUSCO
2013-05-27,4.05504363942552,4.165749011096714,holt_winters,CUSCO
2013-06-03,3.8960223202323623,4.020588104764185,holt_winters,CUSCO
2013-06-10,4.452596937408415,3.5774383301515007,holt_winters,CUSCO
2013-06-17,3.896022320232362,3.120820682889061,holt_winters,CUSCO
2013-06-24,4.2935756182152565,2.7097278229045476,holt_winters,CUSCO
2013-07-01,3.975532979828941,2.3955583564478515,holt_winters,CUSCO
2013-07-08,3.657490341442626,3.581839384778024,holt_winters,CUSCO
2013-07-15,3.498469022249468,3.2746842084928796,holt_winters,CUSCO
2013-07-22,3.577979681846047,2.8429211821101297,holt_winters,CUSCO
2013-07-29,2.7828730858802593,2.709006896163945,holt_winters,CUSCO
2013-08-05,3.100915724266574,2.1180271036990583,holt_winters,CUSCO
2013-08-12,2.623851766687101,1.9329744781296916,holt_winters,CUSCO
2013-08-19,2.4648304474939438,1.6641109649429602,holt_winters,CUSCO
2013-08-26,1.908255830317892,1.6542175642615025,holt_winters,CUSCO
2013-09-02,2.2262984687042073,2.0745539651245646,holt_winters,CUSCO
2013-09-09,2.5443411070905224,2.2312975860087043,holt_winters,CUSCO
2013-09-16,2.9418944050734166,2.468991539356101,holt_winters,CUSCO
2013-09-23,3.0214050646699953,2.6176819373456364,holt_winters,CUSCO
2013-09-30,2.7828730858802593,3.112856518936109,holt_winters,CUSCO
2013-10-07,1.9877664899144707,2.8373936054282938,holt_winters,CUSCO
2013-10-14,1.908255830317892,2.6951910111653503,holt_winters,CUSCO
2013-10-21,1.5902131919315767,2.3121896653329865,holt_winters,CUSCO
2013-10-28,1.5107025323349978,1.7590568774552424,holt_winters,CUSCO
2013-11-04,0.9541279151589462,1.9049111746297411,holt_winters,CUSCO
2013-11-11,1.033638574755525,2.079515219489334,holt_winters,CUSCO
2013-11-18,1.113149234352104,2.277875935976496,holt_winters,CUSCO
2013-11-25,1.033638574755525,0.9268253163016438,holt_winters,CUSCO
2013-12-02,1.1926598939486828,1.0122362719678963,holt_winters,CUSCO
2013-12-09,1.4311918727384194,0.9554023051757572,holt_winters,CUSCO
2013-12-16,1.8287451707213134,1.0158189985312553,holt_winters,CUSCO
2013-12-23,1.4311918727384194,1.7970392986477361,holt_winters,CUSCO
2013-12-30,1.4311918727384192,1.6727107972749642,holt_winters,CUSCO
2014-01-06,1.1872666096162066,1.5114819582805654,holt_winters,CUSCO
2014-01-13,1.8152619598901225,1.3236370243174287,holt_winters,CUSCO
2014-01-20,1.4936237986154897,1.520601802186019,holt_winters,CUSCO
2014-01-27,1.3364002408664906,1.4184848136446262,holt_winters,CUSCO
2014-02-03,1.1005649042429926,1.2233588801483224,holt_winters,CUSCO
2014-02-10,0.9433413464939937,1.4334612328833547,holt_winters,CUSCO
2014-02-17,1.5722355774899892,0.9997660762358331,holt_winters,CUSCO
2014-02-24,1.3364002408664908,1.1183256112858295,holt_winters,CUSCO
2014-03-03,1.4936237986154897,1.2634480730373094,holt_winters,CUSCO
2014-03-10,0.7075060098704954,1.2657213567521928,holt_winters,CUSCO
2014-03-17,1.021953125368493,0.8181850329369933,holt_winters,CUSCO
2014-03-24,1.021953125368493,0.7489595899505237,holt_winters,CUSCO
2014-03-31,1.3364002408664908,0.972739164591395,holt_winters,CUSCO
2014-04-07,0.7861177887449949,1.043981469944847,holt_winters,CUSCO
2014-04-14,0.7861177887449949,1.3733037046476917,holt_winters,CUSCO
2014-04-21,0.4716706732469971,1.7715739138136581,holt_winters,CUSCO
2014-04-28,0.4716706732469971,2.3954929768921223,holt_winters,CUSCO
2014-05-05,0.3930588943724976,2.1010950230076375,holt_winters,CUSCO
2014-05-12,0.7075060098704954,0.45182618224878607,holt_winters,CUSCO
2014-05-19,0.8647295676194943,0.43748098528264007,holt_winters,CUSCO
2014-05-26,1.0219531253684933,0.7108874461059465,holt_winters,CUSCO
2014-06-02,1.1005649042429928,0.6523914608228405,holt_winters,CUSCO
2014-06-09,1.2577884619919917,1.0552475147529168,holt_winters,CUSCO
2014-06-16,2.672800481732981,0.8584453628004287,holt_winters,CUSCO
2014-06-23,3.851977164850473,0.7398515124273857,holt_winters,CUSCO
2014-06-30,4.480871395846468,0.5971120637486398,holt_winters,CUSCO
2014-07-07,4.166424280348471,4.089524196403871,holt_winters,CUSCO
2014-07-14,3.3016947127289775,3.997650610900914,holt_winters,CUSCO
2014-07-21,4.795318511344466,3.5791528104401147,holt_winters,CUSCO
2014-07-28,4.795318511344466,3.3441985042502216,holt_winters,CUSCO
2014-08-04,5.266989184591464,4.19311638013411,holt_winters,CUSCO
2014-08-11,3.7733653859759744,3.6638976285537552,holt_winters,CUSCO
2014-08-18,3.065859376105479,3.189003151206663,holt_winters,CUSCO
2014-08-25,2.2797415873604847,3.045332899451486,holt_winters,CUSCO
2014-09-01,2.1225180296114856,2.670628622965022,holt_winters,CUSCO
2014-09-08,1.965294471862487,2.8395353287646903,holt_winters,CUSCO
2014-09-15,1.8080709141134879,3.189028589695038,holt_winters,CUSCO
2014-09-22,1.808070914113488,3.3493244498025607,holt_winters,CUSCO
2014-09-29,1.6508473563644894,1.767626003589267,holt_winters,CUSCO
2014-10-06,1.808070914113488,1.4401703848341558,holt_winters,CUSCO
2014-10-13,1.808070914113488,1.3946320540448394,holt_winters,CUSCO
2014-10-20,2.2797415873604847,1.1521828528931666,holt_winters,CUSCO
2014-10-27,2.122518029611486,2.448895191394008,holt_winters,CUSCO
2014-11-03,1.8866826929879874,2.281315630432695,holt_winters,CUSCO
2014-11-10,1.8080709141134879,2.5203786343810313,holt_winters,CUSCO
2014-11-17,2.436965145109484,2.7135135698671915,holt_winters,CUSCO
2014-11-24,2.6728004817329816,2.189005334274103,holt_winters,CUSCO
2014-12-01,1.8080709141134879,2.316312252848003,holt_winters,CUSCO
2014-12-08,1.0219531253684935,2.356606626916669,holt_winters,CUSCO
2014-12-15,1.100564904242993,2.50396710284861,holt_winters,CUSCO
2014-12-22,1.650847356364489,1.263028646579425,holt_winters,CUSCO
2014-12-29,1.650847356364489,1.1383498555712284,holt_winters,CUSCO
2015-01-05,1.407981264837454,1.122873955685125,holt_winters,CUSCO
2015-01-12,1.401829354296859,1.1780061979405945,holt_winters,CUSCO
2015-01-19,1.3991928212080327,1.2369885460918826,holt_winters,CUSCO
2015-01-26,1.0882610831618034,1.0671128040122402,holt_winters,CUSCO
2015-02-02,0.8550622796271314,0.8788509938908642,holt_winters,CUSCO
2015-02-09,0.7773293451155742,0.9948731405071667,holt_winters,CUSCO
2015-02-16,1.010528148650246,0.9497164251204371,holt_winters,CUSCO
2015-02-23,0.7773293451155742,0.9483112120800532,holt_winters,CUSCO
2015-03-02,0.9327952141386887,1.0122941928253333,holt_winters,CUSCO
2015-03-09,1.2437269521849181,0.8505733509898488,holt_winters,CUSCO
2015-03-16,2.1765221663236063,1.4532410329806806,holt_winters,CUSCO
2015-03-23,2.176522166323606,1.3967533090615087,holt_winters,CUSCO
2015-03-30,1.5546586902311474,1.7120705249957995,holt_winters,CUSCO
2015-04-06,1.5546586902311474,1.6121781682771221,holt_winters,CUSCO
2015-04-13,2.0987892318120487,2.113397583083567,holt_winters,CUSCO
2015-04-20,3.3425161839969655,2.351965254218548,holt_winters,CUSCO
2015-04-27,3.5757149875316383,3.0339387974478758,holt_winters,CUSCO
2015-05-04,3.497982053020081,2.584988690653009,holt_winters,CUSCO
2015-05-11,2.798385642416065,3.749565906811341,holt_winters,CUSCO
2015-05-18,2.4097209698582778,3.762429716256607,holt_winters,CUSCO
2015-05-25,2.2542551008351635,4.744342336133515,holt_winters,CUSCO
2015-06-01,2.4874539043698354,4.753722060244525,holt_winters,CUSCO
2015-06-08,2.0987892318120487,2.547123249911431,holt_winters,CUSCO
2015-06-15,2.3319880353467206,2.745331911516684,holt_winters,CUSCO
2015-06-22,1.710124559254262,2.760264451469315,holt_winters,CUSCO
2015-06-29,1.5546586902311474,2.602240608606833,holt_winters,CUSCO
2015-07-06,0.8550622796271313,1.4106626323756863,holt_winters,CUSCO
2015-07-13,1.010528148650246,1.2995361078292746,holt_winters,CUSCO
2015-07-20,1.7101245592542618,1.2920827474321852,holt_winters,CUSCO
2015-07-27,2.021056297300491,1.1981430148938137,holt_winters,CUSCO
2015-08-03,1.5546586902311474,1.9059964901763284,holt_winters,CUSCO
2015-08-10,0.9327952141386886,1.535778157450809,holt_winters,CUSCO
2015-08-17,0.6995964106040166,1.2876748563810239,holt_winters,CUSCO
2015-08-24,0.7773293451155739,1.1139501227719895,holt_winters,CUSCO
2015-08-31,0.6218634760924593,0.8700329402773874,holt_winters,CUSCO
2015-09-07,0.7773293451155739,0.8960575577347867,holt_winters,CUSCO
2015-09-14,0.8550622796271313,0.9919775247023024,holt_winters,CUSCO
2015-09-21,1.0882610831618031,1.043178032487463,holt_winters,CUSCO
2015-09-28,1.010528148650246,1.040687355542829,holt_winters,CUSCO
2015-10-05,1.243726952184918,0.8803368131498623,holt_winters,CUSCO
2015-10-12,1.3991928212080327,0.8531307964323853,holt_winters,CUSCO
2015-10-19,1.6323916247427046,0.7695996595486336,holt_winters,CUSCO
2015-10-26,1.6323916247427046,1.6385246482092315,holt_winters,CUSCO
2015-11-02,1.6323916247427046,1.4340333672997723,holt_winters,CUSCO
2015-11-09,1.710124559254262,1.5197100998277033,holt_winters,CUSCO
2015-11-16,1.3991928212080327,1.74390690473105,holt_winters,CUSCO
2015-11-23,1.243726952184918,1.3047897750861557,holt_winters,CUSCO
2015-11-30,0.6218634760924593,1.2086269645019474,holt_winters,CUSCO
2015-12-07,0.7773293451155739,1.08218794264423,holt_winters,CUSCO
2015-12-14,0.4663976070693446,1.1640827103344957,holt_winters,CUSCO
2015-12-21,0.6218634760924593,0.5672365652945555,holt_winters,CUSCO
2015-12-28,0.3109317380462299,0.49882427757496745,holt_winters,CUSCO
2016-01-04,0.3860864382254295,0.5381994501872465,holt_winters,CUSCO
2016-01-11,0.2306205692023148,0.5272465356221869,holt_winters,CUSCO
2016-01-18,0.2306205692023148,0.23439852375552572,holt_winters,CUSCO
2016-01-25,0.07687352306743866,0.08806263700776912,holt_winters,CUSCO
2016-02-01,0.2306205692023148,0.0,holt_winters,CUSCO
2016-02-08,0.3074940922697529,0.02943942503978184,holt_winters,CUSCO
2016-02-15,0.3074940922697529,0.4804732958899396,holt_winters,CUSCO
2016-02-22,0.46124113840462905,0.38499710648441277,holt_winters,CUSCO
2016-02-29,0.46124113840462905,0.40673873547713457,holt_winters,CUSCO
2016-03-07,0.46124113840462905,0.3546771330413625,holt_winters,CUSCO
2016-03-14,0.23062056920231422,0.6427497537014895,holt_winters,CUSCO
2016-03-21,0.15374704613487675,0.6694788895987527,holt_winters,CUSCO
2016-03-28,0.3074940922697529,0.7673909609888456,holt_winters,CUSCO
2016-04-04,0.3074940922697529,0.6689100399910257,holt_winters,CUSCO
2016-04-11,0.6918617076069432,0.5707502723507432,holt_winters,CUSCO
2016-04-18,0.8456087537418194,0.7786865450296683,holt_winters,CUSCO
2016-04-25,1.153102846011571,1.0868509687862753,holt_winters,CUSCO
2016-05-02,0.9993557998766955,0.8639970746323564,holt_winters,CUSCO
2016-05-09,1.2299763690790098,1.0443000955851494,holt_winters,CUSCO
2016-05-16,1.4605969382813242,1.0034132002904066,holt_winters,CUSCO
2016-05-23,1.9987115997533904,1.3433355056792546,holt_winters,CUSCO
2016-05-30,1.6912175074836382,1.3826632107590893,holt_winters,CUSCO
2016-06-06,1.6912175074836382,1.7604833238583582,holt_winters,CUSCO
2016-06-13,1.7680910305510764,2.029576591119376,holt_winters,CUSCO
2016-06-20,2.459952738158019,2.0085732525007427,holt_winters,CUSCO
2016-06-27,2.767446830427771,1.9442707451728118,holt_winters,CUSCO
2016-07-04,2.536826261225457,2.3244900993147155,holt_winters,CUSCO
2016-07-11,2.2293321689557044,2.225378042811442,holt_winters,CUSCO
2016-07-18,1.9987115997533904,2.4094094825960397,holt_winters,CUSCO
2016-07-25,2.1524586458882666,2.3766131938717847,holt_winters,CUSCO
2016-08-01,3.61305558416959,2.0167522157071582,holt_winters,CUSCO
2016-08-08,4.074296722574219,1.56359261759787,holt_winters,CUSCO
2016-08-15,3.766802630304466,1.3056380495380915,holt_winters,CUSCO
2016-08-22,2.383079215090581,1.1930608584493188,holt_winters,CUSCO
2016-08-29,1.9218380766859522,2.4987950432219814,holt_winters,CUSCO
2016-09-05,1.9987115997533904,2.5210058757026186,holt_winters,CUSCO
2016-09-12,1.6143439844162,2.60820090676656,holt_winters,CUSCO
2016-09-19,1.3068498921464478,2.7671188236468236,holt_winters,CUSCO
2016-09-26,1.0762293229441335,1.2055592936469912,holt_winters,CUSCO
2016-10-03,1.537470461348762,1.1102699871616148,holt_winters,CUSCO
2016-10-10,1.4605969382813242,1.144092379828297,holt_winters,CUSCO
2016-10-17,1.6143439844162,1.0981304702614572,holt_winters,CUSCO
2016-10-24,1.6912175074836382,1.4791000747716567,holt_winters,CUSCO
2016-10-31,2.075585122820829,1.2325166820945523,holt_winters,CUSCO
2016-11-07,2.2293321689557044,1.294904994019404,holt_winters,CUSCO
2016-11-14,1.6912175074836382,1.440651158877237,holt_winters,CUSCO
2016-11-21,1.383723415213886,1.6066641041471463,holt_winters,CUSCO
2016-11-28,1.153102846011571,1.345357504656199,holt_winters,CUSCO
2016-12-05,1.2299763690790098,1.2486756543221031,holt_winters,CUSCO
2016-12-12,1.383723415213886,1.3124717449293115,holt_winters,CUSCO
2016-12-19,1.383723415213886,1.5677997121733265,holt_winters,CUSCO
2016-12-26,1.1531028460115718,1.276477738685788,holt_winters,CUSCO
2017-01-02,0.9191198127081766,1.2603616506115687,holt_winters,CUSCO
2017-01-09,1.2190483607504967,1.2902062141792765,holt_winters,CUSCO
2017-01-16,1.216526512674686,1.215174167174054,holt_winters,CUSCO
2017-01-23,1.5206581408433575,1.0096141278780797,holt_winters,CUSCO
2017-01-30,1.5206581408433575,0.9025809663537805,holt_winters,CUSCO
2017-02-06,1.5966910478855256,0.8671604474207084,holt_winters,CUSCO
2017-02-13,1.3685923267590219,1.943061404281135,holt_winters,CUSCO
2017-02-20,1.1404936056325183,1.796343669072865,holt_winters,CUSCO
2017-02-27,1.1404936056325183,1.9869597312929508,holt_winters,CUSCO
2017-03-06,0.9123948845060149,1.7674547616187017,holt_winters,CUSCO
2017-03-13,1.1404936056325183,1.0056314138098448,holt_winters,CUSCO
2017-03-20,1.216526512674686,0.9553183560430516,holt_winters,CUSCO
2017-03-27,1.5966910478855254,1.0750812251490651,holt_winters,CUSCO
2017-04-03,1.5966910478855254,1.001236279884143,holt_winters,CUSCO
2017-04-10,2.0528884901385323,2.074003659073915,holt_winters,CUSCO
2017-04-17,2.5851188394337075,2.4250603853330968,holt_winters,CUSCO
2017-04-24,3.8776782591505614,2.984104757097821,holt_winters,CUSCO
2017-05-01,3.7256124450662256,2.623811993230825,holt_winters,CUSCO
2017-05-08,2.8132175605602114,3.639662479481305,holt_winters,CUSCO
2017-05-15,1.748756861969861,3.626276208818572,holt_winters,CUSCO
2017-05-22,1.824789769012029,4.565937096847338,holt_winters,CUSCO
2017-05-29,2.1289213971807004,4.487369324655777,holt_winters,CUSCO
2017-06-05,1.9008226760541966,2.1747462873242553,holt_winters,CUSCO
2017-06-12,2.661151746475875,2.553165485297821,holt_winters,CUSCO
2017-06-19,3.0413162816867145,2.8846720442662837,holt_winters,CUSCO
2017-06-26,3.4214808168975535,2.9332312772949964,holt_winters,CUSCO
2017-07-03,2.737184653518043,2.889017638977818,holt_winters,CUSCO
2017-07-10,2.2049543042228685,2.756966886004161,holt_winters,CUSCO
2017-07-17,1.5206581408433575,3.0659719032873394,holt_winters,CUSCO
2017-07-24,1.0644606985903504,3.05832877173654,holt_winters,CUSCO
2017-07-31,1.216526512674686,1.2753871793216955,holt_winters,CUSCO
2017-08-07,1.216526512674686,0.948488700828459,holt_winters,CUSCO
2017-08-14,1.5966910478855254,0.8004677964700193,holt_winters,CUSCO
2017-08-21,1.672723954927693,0.5573611369528002,holt_winters,CUSCO
2017-08-28,1.672723954927693,1.5532496703172511,holt_winters,CUSCO
2017-09-04,1.1404936056325183,1.6067242124877668,holt_winters,CUSCO
2017-09-11,1.0644606985903504,1.5975549525303037,holt_winters,CUSCO
2017-09-18,1.1404936056325183,1.6118724559256128,holt_winters,CUSCO
2017-09-25,1.2165265126746863,1.0090758836415783,holt_winters,CUSCO
2017-10-02,0.9884277915481826,1.1076137562525705,holt_winters,CUSCO
2017-10-09,0.8363619774638469,1.1024875088580397,holt_winters,CUSCO
2017-10-16,0.9884277915481827,1.1756725040878075,holt_winters,CUSCO
2017-10-23,1.4446252338011896,0.9693072689825604,holt_winters,CUSCO
2017-10-30,1.672723954927693,0.8356982785838323,holt_winters,CUSCO
2017-11-06,1.824789769012029,0.8968121405464631,holt_winters,CUSCO
2017-11-13,1.7487568619698612,0.8769645741109329,holt_winters,CUSCO
2017-11-20,2.2049543042228685,1.6480290915407632,holt_winters,CUSCO
2017-11-27,2.8892504676023787,1.2695040884234197,holt_winters,CUSCO
2017-12-04,2.737184653518043,1.2669927805346397,holt_winters,CUSCO
2017-12-11,2.5851188394337075,1.3788062528330793,holt_winters,CUSCO
2017-12-18,1.8247897690120292,2.7462154388408084,holt_winters,CUSCO
2017-12-25,2.2049543042228685,2.4333091416648873,holt_winters,CUSCO
2018-01-01,2.1967222437804046,2.2462021534113004,holt_winters,CUSCO
2018-01-08,2.5679063494176466,2.364715932931722,holt_winters,CUSCO
2018-01-15,2.5596742889751827,2.4542086528769294,holt_winters,CUSCO
2018-01-22,2.484389751064148,2.240059076006739,holt_winters,CUSCO
2018-01-29,2.409105213153113,2.1432032125268576,holt_winters,CUSCO
2018-02-05,2.0326825235979396,2.0630320100126145,holt_winters,CUSCO
2018-02-12,1.4304062203096615,2.2733938093083585,holt_winters,CUSCO
2018-02-19,0.7528453791103485,2.1559506589993562,holt_winters,CUSCO
2018-02-26,0.602276303288279,2.324689813014531,holt_winters,CUSCO
2018-03-05,0.7528453791103485,2.0673203546183245,holt_winters,CUSCO
2018-03-12,0.8281299170213833,0.9692675622651066,holt_winters,CUSCO
2018-03-19,0.9786989928434527,0.92993608286477,holt_winters,CUSCO
2018-03-26,0.903414454932418,1.028485808672421,holt_winters,CUSCO
2018-04-02,1.4304062203096615,0.9263314726765992,holt_winters,CUSCO
2018-04-09,1.279837144487592,1.83716511519888,holt_winters,CUSCO
2018-04-16,1.8068289098648354,2.2351014603815047,holt_winters,CUSCO
2018-04-23,1.5056907582206964,2.711763982760137,holt_winters,CUSCO
2018-04-30,1.8068289098648354,2.4250611817520964,holt_winters,CUSCO
2018-05-07,1.5809752961317312,1.7640874113155465,holt_winters,CUSCO
2018-05-14,1.9573979856869048,1.5443209054215017,holt_winters,CUSCO
2018-05-21,2.7855279027082873,1.9419131003945447,holt_winters,CUSCO
2018-05-28,3.8395114334627736,1.9685551398327603,holt_winters,CUSCO
2018-06-04,4.215934123017948,3.6821128873745534,holt_winters,CUSCO
2018-06-11,4.291218660928982,4.538888065846064,holt_winters,CUSCO
2018-06-18,4.517072274662087,4.609794713200655,holt_winters,CUSCO
2018-06-25,4.291218660928982,4.609794713200655,holt_winters,CUSCO
2018-07-02,4.742925888395191,3.536836721494387,holt_winters,CUSCO
2018-07-09,4.441787736751052,3.216275883211364,holt_winters,CUSCO
2018-07-16,6.022763032882781,3.489659108408114,holt_winters,CUSCO
2018-07-23,5.420486729594503,3.297361347272604,holt_winters,CUSCO
2018-07-30,5.1193485779503645,4.988703487375747,holt_winters,CUSCO
2018-08-06,3.839511433462773,4.988703487375747,holt_winters,CUSCO
2018-08-13,3.086666054352426,4.930100687055777,holt_winters,CUSCO
2018-08-20,3.0113815164413906,4.187697593259776,holt_winters,CUSCO
2018-08-27,2.2585361373310437,2.7268148473135874,holt_winters,CUSCO
2018-09-03,2.2585361373310437,2.686692833306142,holt_winters,CUSCO
2018-09-10,1.9573979856869042,2.6343173641902187,holt_winters,CUSCO
2018-09-17,2.1832515994200086,2.6750735596617337,holt_winters,CUSCO
2018-09-24,2.3338206752420785,2.0434760308716213,holt_winters,CUSCO
2018-10-01,1.8821134477758694,2.164393408420191,holt_winters,CUSCO
2018-10-08,1.8821134477758694,2.205238823564661,holt_winters,CUSCO
2018-10-15,1.8068289098648347,2.4564120069226454,holt_winters,CUSCO
2018-10-22,1.8821134477758694,1.939416607646974,holt_winters,CUSCO
2018-10-29,1.6562598340427652,1.8745561978188539,holt_winters,CUSCO
2018-11-05,1.6562598340427652,1.9564692596877378,holt_winters,CUSCO
2018-11-12,1.9573979856869042,1.9002968024667126,holt_winters,CUSCO
2018-11-19,2.4843897510641475,1.9848736053956033,holt_winters,CUSCO
2018-11-26,2.1832515994200086,1.6722571754836562,holt_winters,CUSCO
2018-12-03,2.1832515994200086,1.5474755390252177,holt_winters,CUSCO
2018-12-10,1.9573979856869042,1.518586495023151,holt_winters,CUSCO
2018-12-17,2.032682523597939,2.024854125387636,holt_winters,CUSCO
2018-12-24,2.032682523597939,1.9115868414925008,holt_winters,CUSCO
2018-12-31,1.5809752961317305,1.7605560252261636,holt_winters,CUSCO
2019-01-07,1.8002243826999151,1.98045108002144,holt_winters,CUSCO
2019-01-14,1.4201325113864527,1.7925119276555335,holt_winters,CUSCO
2019-01-21,1.640115434306295,1.6780575587647437,holt_winters,CUSCO
2019-01-28,1.26736192650941,1.6272571779333114,holt_winters,CUSCO
2019-02-04,1.341912628068787,1.558512134107651,holt_winters,CUSCO
2019-02-11,0.7455070155937707,1.229063818709852,holt_winters,CUSCO
2019-02-18,1.118260523390656,1.03312349007079,holt_winters,CUSCO
2019-02-25,0.8200577171531478,1.0834361960263643,holt_winters,CUSCO
2019-03-04,1.1928112249500329,1.0015525061301478,holt_winters,CUSCO
2019-03-11,1.043709821831279,1.3748643797310685,holt_winters,CUSCO
2019-03-18,1.3419126280687872,1.4354402825807369,holt_winters,CUSCO
2019-03-25,1.5655647327469182,1.5500872034091562,holt_winters,CUSCO
2019-04-01,1.5655647327469182,1.5605907244370067,holt_winters,CUSCO
2019-04-08,1.5655647327469182,1.9316418879205868,holt_winters,CUSCO
2019-04-15,1.4910140311875413,2.334351049677173,holt_winters,CUSCO
2019-04-22,1.4164633296281641,2.636041611065519,holt_winters,CUSCO
2019-04-29,1.1182605233906562,2.605977991624145,holt_winters,CUSCO
2019-05-06,0.8946084187125249,0.9440071655120508,holt_winters,CUSCO
2019-05-13,1.1928112249500329,0.8574947890143165,holt_winters,CUSCO
2019-05-20,1.5655647327469182,1.016189799763045,holt_winters,CUSCO
2019-05-27,2.3110717483406886,1.1266509670815017,holt_winters,CUSCO
2019-06-03,2.0874196436625576,2.2266302204202435,holt_winters,CUSCO
2019-06-10,2.3856224499000658,2.649991964515427,holt_winters,CUSCO
2019-06-17,1.6401154343062954,2.8481185985033686,holt_winters,CUSCO
2019-06-24,1.6401154343062956,2.8962712271477202,holt_winters,CUSCO
2019-07-01,1.4164633296281643,1.352186679342965,holt_winters,CUSCO
2019-07-08,1.6401154343062956,1.1830855731870762,holt_winters,CUSCO
2019-07-15,1.4164633296281643,1.444140474026809,holt_winters,CUSCO
2019-07-22,2.5347238530188196,1.3937078840552752,holt_winters,CUSCO
2019-07-29,2.683825256137574,2.7479974388511414,holt_winters,CUSCO
2019-08-05,2.683825256137574,2.3430114329173133,holt_winters,CUSCO
2019-08-12,1.3419126280687872,2.168790351527087,holt_winters,CUSCO
2019-08-19,1.3419126280687872,1.909207206254457,holt_winters,CUSCO
2019-08-26,2.0128689421031805,1.0964927290610853,holt_winters,CUSCO
2019-09-02,2.0874196436625576,1.038109072537555,holt_winters,CUSCO
2019-09-09,2.0874196436625576,0.9319619300889015,holt_winters,CUSCO
2019-09-16,1.5655647327469184,0.9777651522646678,holt_winters,CUSCO
2019-09-23,1.5655647327469184,1.5249886672816793,holt_winters,CUSCO
2019-09-30,1.4164633296281643,1.5855007019536407,holt_winters,CUSCO
2019-10-07,1.3419126280687876,1.5654576209208657,holt_winters,CUSCO
2019-10-14,1.4910140311875413,1.760260528087087,holt_winters,CUSCO
2019-10-21,1.3419126280687872,1.6589661713343866,holt_winters,CUSCO
2019-10-28,1.3419126280687872,1.6980149747789635,holt_winters,CUSCO
2019-11-04,1.0437098218312792,1.7610383747268927,holt_winters,CUSCO
2019-11-11,0.9691591202719021,1.7541188362181535,holt_winters,CUSCO
2019-11-18,0.9691591202719021,1.0345608185696347,holt_winters,CUSCO
2019-11-25,1.3419126280687872,0.8454993925262668,holt_winters,CUSCO
2019-12-02,1.7146661358656725,0.7880077185451595,holt_winters,CUSCO
2019-12-09,1.4910140311875413,0.7401877005014315,holt_winters,CUSCO
2019-12-16,1.3419126280687872,1.4210766896601035,holt_winters,CUSCO
2019-12-23,1.2673619265094103,1.3347638846393437,holt_winters,CUSCO
2019-12-30,1.6401154343062956,1.1932022462510727,holt_winters,CUSCO
2020-01-06,1.2659225898917443,1.2924340310581934,holt_winters,CUSCO
2020-01-13,1.038672143669449,1.1820670605091,holt_winters,CUSCO
2020-01-20,0.8121413657559863,1.1514396999657053,holt_winters,CUSCO
2020-01-27,0.8859723990065304,1.0870176718811164,holt_winters,CUSCO
2020-02-03,0.7383103325054421,1.0743331580051256,holt_winters,CUSCO
2020-02-10,0.5168172327538098,0.49757401666573675,holt_winters,CUSCO
2020-02-17,0.6644792992548981,0.4132117026121583,holt_winters,CUSCO
2020-02-24,0.8859723990065304,0.3604902286064538,holt_winters,CUSCO
2020-03-02,0.9598034322570745,0.44140075162173575,holt_winters,CUSCO
2020-03-09,1.0336344655076186,0.9137686592366512,holt_winters,CUSCO
2020-03-16,0.8859723990065304,1.012942651047211,holt_winters,CUSCO
2020-03-23,0.8859723990065304,1.0862865369960812,holt_winters,CUSCO
2020-03-30,0.5906482660043538,1.2152897243148977,holt_winters,CUSCO
2020-04-06,0.5168172327538098,0.7382664480284056,holt_winters,CUSCO
2020-04-13,0.3691551662527215,1.0423569750804806,holt_winters,CUSCO
2020-04-20,0.3691551662527215,1.216937460711017,holt_winters,CUSCO
2020-04-27,0.2214930997516332,1.1713262955548842,holt_winters,CUSCO
2020-05-04,0.29532413300217736,0.13454937509413867,holt_winters,CUSCO
2020-05-11,0.29532413300217736,0.16286394630164014,holt_winters,CUSCO
2020-05-18,0.4429861995032656,0.3451208590446695,holt_winters,CUSCO
2020-05-25,0.3691551662527215,0.5421361511052025,holt_winters,CUSCO
2020-06-01,0.29532413300217736,0.347167940151143,holt_winters,CUSCO
2020-06-08,0.07383103325054495,0.5039589704871099,holt_winters,CUSCO
2020-06-15,0.14766206650108907,0.503340052367796,holt_winters,CUSCO
2020-06-22,0.07383103325054495,0.5481963156017258,holt_winters,CUSCO
2020-06-29,0.14766206650108907,0.017059092720846856,holt_winters,CUSCO
2020-07-06,0.14766206650108907,0.0,holt_winters,CUSCO
2020-07-13,0.14766206650108907,0.0,holt_winters,CUSCO
2020-07-20,0.2214930997516332,0.038441004405242674,holt_winters,CUSCO
2020-07-27,0.14766206650108907,0.37040055582876436,holt_winters,CUSCO
2020-08-03,0.14766206650108907,0.2626124951907148,holt_winters,CUSCO
2020-08-10,0.22149309975163323,0.1095837633301635,holt_winters,CUSCO
2020-08-17,0.22149309975163323,0.0493935209500693,holt_winters,CUSCO
2020-08-24,0.22149309975163323,0.19582796862101398,holt_winters,CUSCO
2020-08-31,0.22149309975163323,0.1526305204785238,holt_winters,CUSCO
2020-09-07,0.5168172327538098,0.08397447562035526,holt_winters,CUSCO
2020-09-14,0.664479299254898,0.05356513520414972,holt_winters,CUSCO
2020-09-21,0.8859723990065304,0.6555661632529757,holt_winters,CUSCO
2020-09-28,0.8121413657559863,0.656681505682688,holt_winters,CUSCO
2020-10-05,0.8121413657559863,0.6343241673599229,holt_winters,CUSCO
2020-10-12,0.4429861995032656,0.7265888375851519,holt_winters,CUSCO
2020-10-19,0.2214930997516332,0.5166832342990448,holt_winters,CUSCO
2020-10-26,0.14766206650108907,0.5893613525228121,holt_winters,CUSCO
2020-11-02,0.2214930997516332,0.6135037365329705,holt_winters,CUSCO
2020-11-09,0.2214930997516332,0.5517419590195354,holt_winters,CUSCO
2020-11-16,0.2214930997516332,0.2820200732590496,holt_winters,CUSCO
2020-11-23,0.07383103325054495,0.27911393965184,holt_winters,CUSCO
2020-11-30,0.07383103325054495,0.37039191573288394,holt_winters,CUSCO
2020-12-07,0.0,0.3063880955104973,holt_winters,CUSCO
2020-12-14,0.07383103325054495,0.0,holt_winters,CUSCO
2020-12-21,0.14766206650108907,0.0,holt_winters,CUSCO
2020-12-28,0.3691551662527215,0.0,holt_winters,CUSCO
2021-01-04,0.29532413300217736,0.0,holt_winters,CUSCO
2021-01-11,0.44086847954525954,0.2196721946981149,holt_winters,CUSCO
2021-01-18,0.2193753797936271,0.19758659358684771,holt_winters,CUSCO
2021-01-25,0.2193753797936271,0.18992212670814484,holt_winters,CUSCO
2021-02-01,0.14625025319575166,0.1652873909335197,holt_winters,CUSCO
2021-02-08,0.14625025319575166,0.0,holt_winters,CUSCO
2021-02-15,0.14625025319575166,0.0,holt_winters,CUSCO
2021-02-22,0.0,0.0,holt_winters,CUSCO
2021-03-01,0.0,0.0,holt_winters,CUSCO
2021-03-08,0.07312512659787625,0.034865176343926045,holt_winters,CUSCO
2021-03-15,0.07312512659787625,0.05012556860290584,holt_winters,CUSCO
2021-03-22,0.14625025319575166,0.11567435994000597,holt_winters,CUSCO
2021-03-29,0.14625025319575166,0.12572188933244338,holt_winters,CUSCO
2021-04-05,0.14625025319575166,0.16568781315098258,holt_winters,CUSCO
2021-04-12,0.2193753797936271,0.23026179118568227,holt_winters,CUSCO
2021-04-19,0.14625025319575166,0.29957137093153613,holt_winters,CUSCO
2021-04-26,0.1462502531957517,0.23038963413313546,holt_winters,CUSCO
2021-05-03,0.07312512659787625,0.054579659128892406,holt_winters,CUSCO
2021-05-10,0.07312512659787625,0.06317019489504686,holt_winters,CUSCO
2021-05-17,0.07312512659787625,0.2301100130107523,holt_winters,CUSCO
2021-05-24,0.14625025319575166,0.34298139326252675,holt_winters,CUSCO
2021-05-31,0.43875075958725335,0.11424835649369611,holt_winters,CUSCO
2021-06-07,0.7312512659787552,0.1584687174021759,holt_winters,CUSCO
2021-06-14,0.6581261393808796,0.20481004906528316,holt_winters,CUSCO
2021-06-21,0.5850010127830042,0.22457828559376464,holt_winters,CUSCO
2021-06-28,0.5118758861851288,0.5481138529647824,holt_winters,CUSCO
2021-07-05,0.7312512659787552,0.4903698845153509,holt_winters,CUSCO
2021-07-12,1.0237517723702567,0.452658767833396,holt_winters,CUSCO
2021-07-19,1.1700020255660077,0.5188221468482817,holt_winters,CUSCO
2021-07-26,1.1700020255660077,1.1741100131116742,holt_winters,CUSCO
2021-08-02,0.8043763925766306,1.139169648708533,holt_winters,CUSCO
2021-08-09,0.43875075958725346,0.9701468348996558,holt_winters,CUSCO
2021-08-16,0.5850010127830042,0.8607878542812217,holt_winters,CUSCO
2021-08-23,0.731251265978755,0.6060087867543043,holt_winters,CUSCO
2021-08-30,0.8043763925766304,0.5641992672768459,holt_winters,CUSCO
2021-09-06,0.6581261393808796,0.5578734613313818,holt_winters,CUSCO
2021-09-13,0.5118758861851288,0.5334127927009564,holt_winters,CUSCO
2021-09-20,0.43875075958725335,0.5981941728463551,holt_winters,CUSCO
2021-09-27,0.14625025319575166,0.5197617282588167,holt_winters,CUSCO
2021-10-04,0.07312512659787625,0.4552102216896096,holt_winters,CUSCO
2021-10-11,0.2193753797936271,0.42370288197200956,holt_winters,CUSCO
2021-10-18,0.29250050639150255,0.22449333092870716,holt_winters,CUSCO
2021-10-25,0.36562563298937795,0.2528444201277834,holt_winters,CUSCO
2021-11-01,0.21937537979362712,0.268575021547961,holt_winters,CUSCO
2021-11-08,0.21937537979362712,0.24091707191436032,holt_winters,CUSCO
2021-11-15,0.43875075958725346,0.32488780004594064,holt_winters,CUSCO
2021-11-22,0.9506266457723814,0.3383555249895874,holt_winters,CUSCO
2021-11-29,0.9506266457723814,0.37859279007132557,holt_winters,CUSCO
2021-12-06,0.7312512659787552,0.3245287083368881,holt_winters,CUSCO
2021-12-13,0.43875075958725346,0.6497570979318743,holt_winters,CUSCO
2021-12-20,0.7312512659787552,0.6687343813626851,holt_winters,CUSCO
2021-12-27,1.3162522787617588,0.6851693942916832,holt_winters,CUSCO
2022-01-03,1.5314724426254278,0.7289292830380811,holt_winters,CUSCO
2022-01-10,1.8177401251219933,1.444735949860961,holt_winters,CUSCO
2022-01-17,2.028112537067379,1.355912215664718,holt_winters,CUSCO
2022-01-24,2.2454103088960267,1.2598378863358155,holt_winters,CUSCO
2022-01-31,2.317842899505576,1.1470578231097321,holt_winters,CUSCO
2022-02-07,1.95567994645783,1.8173653180866975,holt_winters,CUSCO
2022-02-14,1.4486518121909855,1.7347004556972596,holt_winters,CUSCO
2022-02-21,0.9416236779241408,1.5961970662197555,holt_winters,CUSCO
2022-02-28,0.9416236779241408,1.6997549990383813,holt_winters,CUSCO
2022-03-07,1.376219221581436,0.9850722553566034,holt_winters,CUSCO
2022-03-14,1.593516993410084,1.0261464665454914,holt_winters,CUSCO
2022-03-21,1.5210844028005346,1.117492370893777,holt_winters,CUSCO
2022-03-28,1.95567994645783,1.1306647592018182,holt_winters,CUSCO
2022-04-04,2.028112537067379,1.872838465792901,holt_winters,CUSCO
2022-04-11,2.4627080807246746,2.055169934834491,holt_winters,CUSCO
2022-04-18,2.1729777182864773,2.1235176469226555,holt_winters,CUSCO
2022-04-25,2.3902754901151253,2.0274837681245272,holt_winters,CUSCO
2022-05-02,2.6075732619437733,2.211775107266727,holt_winters,CUSCO
2022-05-09,2.969736214991519,2.2880348872699434,holt_winters,CUSCO
2022-05-16,3.4043317586488144,2.756668157028592,holt_winters,CUSCO
2022-05-23,3.0421688056010683,3.334481677637508,holt_winters,CUSCO
2022-05-30,2.8973036243819696,3.2219279810615635,holt_winters,CUSCO
2022-06-06,2.969736214991519,3.4724478400886305,holt_winters,CUSCO
2022-06-13,2.8248710337724208,3.362688867576379,holt_winters,CUSCO
2022-06-20,2.4627080807246746,3.280041179348455,holt_winters,CUSCO
2022-06-27,1.593516993410084,2.461364914325704,holt_winters,CUSCO
2022-07-04,1.0864888591432393,2.5779408268409942,holt_winters,CUSCO
2022-07-11,1.0864888591432393,2.723139426588717,holt_winters,CUSCO
2022-07-18,0.9416236779241408,2.964002000149673,holt_winters,CUSCO
2022-07-25,1.1589214497527884,0.8900886249311868,holt_winters,CUSCO
2022-08-01,1.1589214497527884,0.6864564463312288,holt_winters,CUSCO
2022-08-08,1.0864888591432393,0.45284088877743955,holt_winters,CUSCO
2022-08-15,0.7967584967050424,0.45747714564595354,holt_winters,CUSCO
2022-08-22,1.01405626853369,0.8545560571918955,holt_winters,CUSCO
2022-08-29,1.4486518121909853,0.8155552451849135,holt_winters,CUSCO
2022-09-05,1.95567994645783,0.8298547949953159,holt_winters,CUSCO
2022-09-12,1.593516993410084,0.814475118126448,holt_winters,CUSCO
2022-09-19,1.3037866309718869,1.6776192606779112,holt_winters,CUSCO
2022-09-26,0.8691910873145915,1.352099184288603,holt_winters,CUSCO
2022-10-03,0.7967584967050424,1.2449821402731298,holt_winters,CUSCO
2022-10-10,0.6518933154859439,1.2304675905150653,holt_winters,CUSCO
2022-10-17,0.8691910873145915,0.5993326883812709,holt_winters,CUSCO
2022-10-24,0.5794607248763947,0.5837366781094466,holt_winters,CUSCO
2022-10-31,0.6518933154859439,0.5313010893060341,holt_winters,CUSCO
2022-11-07,0.7243259060954931,0.536378054070453,holt_winters,CUSCO
2022-11-14,0.8691910873145915,0.8756108357891972,holt_winters,CUSCO
2022-11-21,0.8691910873145915,1.0630846765177182,holt_winters,CUSCO
2022-11-28,0.5070281342668453,1.1176032070368778,holt_winters,CUSCO
2022-12-05,0.7967584967050424,0.9663176798989097,holt_winters,CUSCO
2010-12-27,2.5523898602607726,1.5863450245419557,arima,CUSCO
2011-01-03,2.4604197946291557,1.3247066667424532,arima,CUSCO
2011-01-10,2.7016443196675657,1.4521020023742701,arima,CUSCO
2011-01-17,1.627433317954089,1.387523929911516,arima,CUSCO
2011-01-24,0.9764599907724537,1.4691694646413604,arima,CUSCO
2011-01-31,0.6509733271816359,1.2884454605272202,arima,CUSCO
2011-02-07,0.5696016612839315,1.3767461566190855,arima,CUSCO
2011-02-14,1.5460616520563846,1.3323462767300036,arima,CUSCO
2011-02-21,1.5460616520563848,2.1002842360637284,arima,CUSCO
2011-02-28,1.8715483156472024,2.916021992171747,arima,CUSCO
2011-03-07,1.3833183202609758,2.4883134111954472,arima,CUSCO
2011-03-14,2.034291647442611,2.693912531647808,arima,CUSCO
2011-03-21,2.8480083064196555,2.1064573943484453,arima,CUSCO
2011-03-28,3.336238301805882,2.3626886374140716,arima,CUSCO
2011-04-04,3.7430966312944043,2.224096018865935,arima,CUSCO
2011-04-11,3.1734949700104735,2.296966115500876,arima,CUSCO
2011-04-18,4.394069958476039,3.2644549132995326,arima,CUSCO
2011-04-25,5.126414951555379,2.9678942347463746,arima,CUSCO
2011-05-02,6.1842466082255365,3.1206765302307726,arima,CUSCO
2011-05-09,4.882299953862266,3.039872462261588,arima,CUSCO
2011-05-16,4.7195566220668566,4.479058010082074,arima,CUSCO
2011-05-23,4.96367161975997,4.0880201092525965,arima,CUSCO
2011-05-30,5.451901615146196,4.292261276949654,arima,CUSCO
2011-06-06,5.858759944634719,4.182700590460496,arima,CUSCO
2011-06-13,4.882299953862266,5.848290591603667,arima,CUSCO
2011-06-20,4.556813290271449,6.1459100936069655,arima,CUSCO
2011-06-27,3.336238301805882,5.986314761313589,arima,CUSCO
2011-07-04,3.0107516382150643,6.070602094390566,arima,CUSCO
2011-07-11,2.7666366405219507,2.5684749827795224,arima,CUSCO
2011-07-18,2.603893308726542,2.6231800389747946,arima,CUSCO
2011-07-25,2.0342916474426116,2.5939392117882845,arima,CUSCO
2011-08-01,2.1156633133403155,2.609484098536473,arima,CUSCO
2011-08-08,1.7088049838517936,2.1463262036203745,arima,CUSCO
2011-08-15,1.7088049838517934,2.5216517721782266,arima,CUSCO
2011-08-22,1.1392033225678626,2.318152062865657,arima,CUSCO
2011-08-29,1.3833183202609758,2.4241248150706984,arima,CUSCO
2011-09-05,1.3019466543632714,1.3242625586625585,arima,CUSCO
2011-09-12,1.5460616520563846,1.5317826301500315,arima,CUSCO
2011-09-19,1.8715483156472024,1.4188993943238777,arima,CUSCO
2011-09-26,2.359778311033429,1.4784626213521057,arima,CUSCO
2011-10-03,2.5225216428288375,2.678892037570397,arima,CUSCO
2011-10-10,1.7088049838517934,2.6434999471611382,arima,CUSCO
2011-10-17,1.8715483156472021,2.662498478067543,arima,CUSCO
2011-10-24,1.3019466543632714,2.652264930177075,arima,CUSCO
2011-10-31,1.8715483156472024,1.5272244519910516,arima,CUSCO
2011-11-07,1.7901766497494982,1.095885638635406,arima,CUSCO
2011-11-14,1.8715483156472026,1.3232966589933883,arima,CUSCO
2011-11-21,2.441149976931133,1.1952294408139261,arima,CUSCO
2011-11-28,2.1156633133403155,2.539881435078185,arima,CUSCO
2011-12-05,2.1970349792380204,3.356327980261681,arima,CUSCO
2011-12-12,1.4646899861586802,2.8959224270064023,arima,CUSCO
2011-12-19,1.220574988465567,3.1373211176705587,arima,CUSCO
2011-12-26,1.3833183202609758,1.0745574381677212,arima,CUSCO
2012-01-02,1.215868654736754,0.9779246634192724,arima,CUSCO
2012-01-09,1.937859713612706,1.0270665756825217,arima,CUSCO
2012-01-16,2.412911974558257,1.0016323848599145,arima,CUSCO
2012-01-23,2.412911974558257,3.3415706152089335,arima,CUSCO
2012-01-30,2.252051176254373,3.378935778049022,arima,CUSCO
2012-02-06,1.8498991804946636,3.36029958226034,arima,CUSCO
2012-02-13,2.0107599787985477,3.3695646472119742,arima,CUSCO
2012-02-20,1.9303295796466056,1.8251134420474506,arima,CUSCO
2012-02-27,1.4477471847349541,1.8191954434198347,arima,CUSCO
2012-03-05,1.6086079830388378,1.8440945865346046,arima,CUSCO
2012-03-12,1.3673167855830124,1.8306598627222002,arima,CUSCO
2012-03-19,1.6086079830388378,1.6645304170834483,arima,CUSCO
2012-03-26,1.5281775838868958,1.4876053425280418,arima,CUSCO
2012-04-02,2.0107599787985473,1.551401699867796,arima,CUSCO
2012-04-09,2.1716207771024307,1.5351846516967522,arima,CUSCO
2012-04-16,3.2976463652296175,2.3334071650126145,arima,CUSCO
2012-04-23,3.2172159660776756,2.160601689283556,arima,CUSCO
2012-04-30,4.825823949116513,2.2348631975914475,arima,CUSCO
2012-05-07,4.021519957597094,2.2164520844957574,arima,CUSCO
2012-05-14,5.469267142332048,4.656142475575148,arima,CUSCO
2012-05-21,4.986684747420397,3.988473953847448,arima,CUSCO
2012-05-28,5.630127940635931,4.289558511809662,arima,CUSCO
2012-06-04,4.906254348268455,4.191502431231308,arima,CUSCO
2012-06-11,5.14754554572428,4.863327488306976,arima,CUSCO
2012-06-18,4.664963150812629,4.760201349153395,arima,CUSCO
2012-06-25,4.3432415542048615,4.825859930694653,arima,CUSCO
2012-07-02,3.699798360989327,4.798831170178482,arima,CUSCO
2012-07-09,3.458507163533501,3.635894126944848,arima,CUSCO
2012-07-16,3.3780767643815595,3.5780394685440244,arima,CUSCO
2012-07-23,2.5737727728621405,3.6198887525517423,arima,CUSCO
2012-07-30,2.4933423737101985,3.601637257991964,arima,CUSCO
2012-08-06,1.9303295796466058,2.1569166500061794,arima,CUSCO
2012-08-13,1.6890383821907802,2.4396474589457524,arima,CUSCO
2012-08-20,1.9303295796466056,2.308116847057428,arima,CUSCO
2012-08-27,2.0107599787985473,2.3515128360813375,arima,CUSCO
2012-09-03,2.5737727728621405,2.4966982679056997,arima,CUSCO
2012-09-10,2.171620777102431,2.1826231346640395,arima,CUSCO
2012-09-17,2.0911903779504892,2.300718848767213,arima,CUSCO
2012-09-24,2.0107599787985473,2.2700594759299877,arima,CUSCO
2012-10-01,1.9303295796466056,1.9844067664062854,arima,CUSCO
2012-10-08,2.252051176254373,2.081011438643647,arima,CUSCO
2012-10-15,2.171620777102431,2.026846486545556,arima,CUSCO
2012-10-22,2.0911903779504892,2.0461420008224787,arima,CUSCO
2012-10-29,1.6890383821907797,1.8886238714791963,arima,CUSCO
2012-11-05,1.3673167855830124,1.8352632998547063,arima,CUSCO
2012-11-12,1.6086079830388382,1.8918134736131882,arima,CUSCO
2012-11-19,1.6890383821907802,1.8649767801397563,arima,CUSCO
2012-11-26,1.4477471847349543,1.9865373521327943,arima,CUSCO
2012-12-03,1.3673167855830124,1.8308719409169076,arima,CUSCO
2012-12-10,1.8498991804946634,1.8844415504442926,arima,CUSCO
2012-12-17,2.6542031720140824,1.8715239637453105,arima,CUSCO
2012-12-24,3.0563551677737917,2.9918546384345643,arima,CUSCO
2012-12-31,2.332481575406315,2.859255129685678,arima,CUSCO
2013-01-07,2.0829127219522223,2.891400159381076,arima,CUSCO
2013-01-14,1.673402809749608,2.889769733079222,arima,CUSCO
2013-01-21,1.9877664899144711,1.7429021497639785,arima,CUSCO
2013-01-28,1.6697238515281558,1.6698486704387223,arima,CUSCO
2013-02-04,1.5107025323349983,1.7031945968488063,arima,CUSCO
2013-02-11,1.2721705535452614,1.6935812200029154,arima,CUSCO
2013-02-18,1.5107025323349983,1.3029869967279115,arima,CUSCO
2013-02-25,1.590213191931577,1.3460826018465215,arima,CUSCO
2013-03-04,1.9082558303178923,1.3148924558261301,arima,CUSCO
2013-03-11,1.7492345111247343,1.3277567515223887,arima,CUSCO
2013-03-18,1.3516812131418403,1.8769521180708857,arima,CUSCO
2013-03-25,1.2721705535452619,1.701192013642602,arima,CUSCO
2013-04-01,1.4311918727384196,1.788389742803218,arima,CUSCO
2013-04-08,1.5107025323349983,1.7606737225920917,arima,CUSCO
2013-04-15,2.1467878091076287,1.4160762471075672,arima,CUSCO
2013-04-22,3.2599370434597326,1.2592517441535955,arima,CUSCO
2013-04-29,4.214064958618678,1.373567033706244,arima,CUSCO
2013-05-06,3.2599370434597326,1.3263732805893995,arima,CUSCO
2013-05-13,2.4648304474939438,2.697008711536913,arima,CUSCO
2013-05-20,2.0672771495110496,2.559464910618706,arima,CUSCO
2013-05-27,4.05504363942552,2.74507872881488,arima,CUSCO
2013-06-03,3.8960223202323623,2.6480588346117755,arima,CUSCO
2013-06-10,4.452596937408415,5.050240542078855,arima,CUSCO
2013-06-17,3.896022320232362,3.7581845148734976,arima,CUSCO
2013-06-24,4.2935756182152565,4.329068360740593,arima,CUSCO
2013-07-01,3.975532979828941,4.176705951320649,arima,CUSCO
2013-07-08,3.657490341442626,3.422042744005073,arima,CUSCO
2013-07-15,3.498469022249468,3.346487970141439,arima,CUSCO
2013-07-22,3.577979681846047,3.489641971223998,arima,CUSCO
2013-07-29,2.7828730858802593,3.413986634243366,arima,CUSCO
2013-08-05,3.100915724266574,2.671024283058628,arima,CUSCO
2013-08-12,2.623851766687101,2.4871542199213628,arima,CUSCO
2013-08-19,2.4648304474939438,2.621554477193455,arima,CUSCO
2013-08-26,1.908255830317892,2.572102632054588,arima,CUSCO
2013-09-02,2.2262984687042073,1.8796730511442092,arima,CUSCO
2013-09-09,2.5443411070905224,1.867825518277006,arima,CUSCO
2013-09-16,2.9418944050734166,1.8811933724407242,arima,CUSCO
2013-09-23,3.0214050646699953,1.8748512196862692,arima,CUSCO
2013-09-30,2.7828730858802593,3.127949361781342,arima,CUSCO
2013-10-07,1.9877664899144707,3.162510475877152,arima,CUSCO
2013-10-14,1.908255830317892,3.144361018379522,arima,CUSCO
2013-10-21,1.5902131919315767,3.1538632813289267,arima,CUSCO
2013-10-28,1.5107025323349978,1.809231722915289,arima,CUSCO
2013-11-04,0.9541279151589462,1.5809784398311097,arima,CUSCO
2013-11-11,1.033638574755525,1.68040695498276,arima,CUSCO
2013-11-18,1.113149234352104,1.660217569711127,arima,CUSCO
2013-11-25,1.033638574755525,1.3560758136772506,arima,CUSCO
2013-12-02,1.1926598939486828,1.322543551940571,arima,CUSCO
2013-12-09,1.4311918727384194,1.3400894053840267,arima,CUSCO
2013-12-16,1.8287451707213134,1.3308606586811709,arima,CUSCO
2013-12-23,1.4311918727384194,1.7945140981839969,arima,CUSCO
2013-12-30,1.4311918727384192,1.7501713726014252,arima,CUSCO
2014-01-06,1.1872666096162066,1.7851061169877704,arima,CUSCO
2014-01-13,1.8152619598901225,1.7716990074865375,arima,CUSCO
2014-01-20,1.4936237986154897,1.7656368478140023,arima,CUSCO
2014-01-27,1.3364002408664906,2.1455390083288983,arima,CUSCO
2014-02-03,1.1005649042429926,1.8976946449474297,arima,CUSCO
2014-02-10,0.9433413464939937,1.9826918950674535,arima,CUSCO
2014-02-17,1.5722355774899892,1.044807786983868,arima,CUSCO
2014-02-24,1.3364002408664908,0.8759067771759994,arima,CUSCO
2014-03-03,1.4936237986154897,0.9657233055280616,arima,CUSCO
2014-03-10,0.7075060098704954,0.9415758126892579,arima,CUSCO
2014-03-17,1.021953125368493,0.6493279223434656,arima,CUSCO
2014-03-24,1.021953125368493,0.502946789943032,arima,CUSCO
2014-03-31,1.3364002408664908,0.6122273252546961,arima,CUSCO
2014-04-07,0.7861177887449949,0.567796582494059,arima,CUSCO
2014-04-14,0.7861177887449949,0.727577666044003,arima,CUSCO
2014-04-21,0.4716706732469971,0.6151882137994313,arima,CUSCO
2014-04-28,0.4716706732469971,0.7052002067140191,arima,CUSCO
2014-05-05,0.3930588943724976,0.6663212646057903,arima,CUSCO
2014-05-12,0.7075060098704954,0.4693950886817391,arima,CUSCO
2014-05-19,0.8647295676194943,0.49038385101243714,arima,CUSCO
2014-05-26,1.0219531253684933,0.45737483477024354,arima,CUSCO
2014-06-02,1.1005649042429928,0.4762496429013683,arima,CUSCO
2014-06-09,1.2577884619919917,1.1696583985312081,arima,CUSCO
2014-06-16,2.672800481732981,1.2067266024849785,arima,CUSCO
2014-06-23,3.851977164850473,1.1640823395211513,arima,CUSCO
2014-06-30,4.480871395846468,1.1860928131332038,arima,CUSCO
2014-07-07,4.166424280348471,3.841861835319209,arima,CUSCO
2014-07-14,3.3016947127289775,3.648568404199424,arima,CUSCO
2014-07-21,4.795318511344466,3.9177315989179116,arima,CUSCO
2014-07-28,4.795318511344466,3.770128263118364,arima,CUSCO
2014-08-04,5.266989184591464,6.079718913245237,arima,CUSCO
2014-08-11,3.7733653859759744,5.495814321311226,arima,CUSCO
2014-08-18,3.065859376105479,5.585400911595227,arima,CUSCO
2014-08-25,2.2797415873604847,5.655220501079438,arima,CUSCO
2014-09-01,2.1225180296114856,2.100948629968092,arima,CUSCO
2014-09-08,1.965294471862487,1.8998281902573408,arima,CUSCO
2014-09-15,1.8080709141134879,2.0755282370757953,arima,CUSCO
2014-09-22,1.808070914113488,1.9967668062884418,arima,CUSCO
2014-09-29,1.6508473563644894,1.6946202587081176,arima,CUSCO
2014-10-06,1.808070914113488,1.892598350114477,arima,CUSCO
2014-10-13,1.808070914113488,1.780122858840504,arima,CUSCO
2014-10-20,2.2797415873604847,1.812370271153934,arima,CUSCO
2014-10-27,2.122518029611486,2.465995178884385,arima,CUSCO
2014-11-03,1.8866826929879874,2.595622813498621,arima,CUSCO
2014-11-10,1.8080709141134879,2.463107982777961,arima,CUSCO
2014-11-17,2.436965145109484,2.5246123033207777,arima,CUSCO
2014-11-24,2.6728004817329816,2.7225885938155447,arima,CUSCO
2014-12-01,1.8080709141134879,2.8411651968497353,arima,CUSCO
2014-12-08,1.0219531253684935,2.6838982501247166,arima,CUSCO
2014-12-15,1.100564904242993,2.767268171395892,arima,CUSCO
2014-12-22,1.650847356364489,1.2226516396808007,arima,CUSCO
2014-12-29,1.650847356364489,1.4766530042105743,arima,CUSCO
2015-01-05,1.407981264837454,1.2686818023746471,arima,CUSCO
2015-01-12,1.401829354296859,1.3449270232539168,arima,CUSCO
2015-01-19,1.3991928212080327,1.6330598694727874,arima,CUSCO
2015-01-26,1.0882610831618034,1.6874463538340136,arima,CUSCO
2015-02-02,0.8550622796271314,1.5889933643943368,arima,CUSCO
2015-02-09,0.7773293451155742,1.6421129914699057,arima,CUSCO
2015-02-16,1.010528148650246,0.8033173021075111,arima,CUSCO
2015-02-23,0.7773293451155742,0.7436736699381783,arima,CUSCO
2015-03-02,0.9327952141386887,0.7780048708987193,arima,CUSCO
2015-03-09,1.2437269521849181,0.7693789915502529,arima,CUSCO
2015-03-16,2.1765221663236063,1.5720546418208925,arima,CUSCO
2015-03-23,2.176522166323606,1.732056004049693,arima,CUSCO
2015-03-30,1.5546586902311474,1.5329962214000554,arima,CUSCO
2015-04-06,1.5546586902311474,1.6256248042159167,arima,CUSCO
2015-04-13,2.0987892318120487,1.6182289713518325,arima,CUSCO
2015-04-20,3.3425161839969655,1.8760717562968052,arima,CUSCO
2015-04-27,3.5757149875316383,1.6710487160280842,arima,CUSCO
2015-05-04,3.497982053020081,1.742073670143156,arima,CUSCO
2015-05-11,2.798385642416065,3.2426894945374922,arima,CUSCO
2015-05-18,2.4097209698582778,3.2031405727304545,arima,CUSCO
2015-05-25,2.2542551008351635,3.2975898580343532,arima,CUSCO
2015-06-01,2.4874539043698354,3.2429172147615386,arima,CUSCO
2015-06-08,2.0987892318120487,2.5927291954596634,arima,CUSCO
2015-06-15,2.3319880353467206,2.67488882602323,arima,CUSCO
2015-06-22,1.710124559254262,2.590158518962618,arima,CUSCO
2015-06-29,1.5546586902311474,2.62607607717519,arima,CUSCO
2015-07-06,0.8550622796271313,1.2093662381269308,arima,CUSCO
2015-07-13,1.010528148650246,1.2441253749122443,arima,CUSCO
2015-07-20,1.7101245592542618,1.3112949042476614,arima,CUSCO
2015-07-27,2.021056297300491,1.2543905714176042,arima,CUSCO
2015-08-03,1.5546586902311474,2.176046855872988,arima,CUSCO
2015-08-10,0.9327952141386886,1.823826875695905,arima,CUSCO
2015-08-17,0.6995964106040166,2.0250968251337294,arima,CUSCO
2015-08-24,0.7773293451155739,1.9779937289052105,arima,CUSCO
2015-08-31,0.6218634760924593,0.7377130670795242,arima,CUSCO
2015-09-07,0.7773293451155739,0.8145117691713426,arima,CUSCO
2015-09-14,0.8550622796271313,0.7713300401156895,arima,CUSCO
2015-09-21,1.0882610831618031,0.7794894720242762,arima,CUSCO
2015-09-28,1.010528148650246,1.111349610328296,arima,CUSCO
2015-10-05,1.243726952184918,1.0994004993954598,arima,CUSCO
2015-10-12,1.3991928212080327,1.101212998331241,arima,CUSCO
2015-10-19,1.6323916247427046,1.103358437615074,arima,CUSCO
2015-10-26,1.6323916247427046,1.5462742754718937,arima,CUSCO
2015-11-02,1.6323916247427046,1.5591502673315065,arima,CUSCO
2015-11-09,1.710124559254262,1.5745086765597525,arima,CUSCO
2015-11-16,1.3991928212080327,1.5598605420504899,arima,CUSCO
2015-11-23,1.243726952184918,1.371586021209557,arima,CUSCO
2015-11-30,0.6218634760924593,1.2603536533905206,arima,CUSCO
2015-12-07,0.7773293451155739,1.3461659529289287,arima,CUSCO
2015-12-14,0.4663976070693446,1.3162310363055574,arima,CUSCO
2015-12-21,0.6218634760924593,0.6347339322731735,arima,CUSCO
2015-12-28,0.3109317380462299,0.41986117925587557,arima,CUSCO
2016-01-04,0.3860864382254295,0.5230077518555898,arima,CUSCO
2016-01-11,0.2306205692023148,0.5057706649737908,arima,CUSCO
2016-01-18,0.2306205692023148,0.22063501221828974,arima,CUSCO
2016-01-25,0.07687352306743866,0.17926353309747958,arima,CUSCO
2016-02-01,0.2306205692023148,0.21151811617851626,arima,CUSCO
2016-02-08,0.3074940922697529,0.19987083823292257,arima,CUSCO
2016-02-15,0.3074940922697529,0.4554595123898004,arima,CUSCO
2016-02-22,0.46124113840462905,0.4180637315286985,arima,CUSCO
2016-02-29,0.46124113840462905,0.40276132398425335,arima,CUSCO
2016-03-07,0.46124113840462905,0.4238335773224648,arima,CUSCO
2016-03-14,0.23062056920231422,0.31626034277799714,arima,CUSCO
2016-03-21,0.15374704613487675,0.27995299736813284,arima,CUSCO
2016-03-28,0.3074940922697529,0.34490659722274175,arima,CUSCO
2016-04-04,0.3074940922697529,0.3097261023694412,arima,CUSCO
2016-04-11,0.6918617076069432,0.36148076415481684,arima,CUSCO
2016-04-18,0.8456087537418194,0.305208806564557,arima,CUSCO
2016-04-25,1.153102846011571,0.3289819455921497,arima,CUSCO
2016-05-02,0.9993557998766955,0.3282806980990693,arima,CUSCO
2016-05-09,1.2299763690790098,1.0054391941408896,arima,CUSCO
2016-05-16,1.4605969382813242,0.9848704336488412,arima,CUSCO
2016-05-23,1.9987115997533904,0.9976921651826447,arima,CUSCO
2016-05-30,1.6912175074836382,0.9944556996042613,arima,CUSCO
2016-06-06,1.6912175074836382,1.6951937941789441,arima,CUSCO
2016-06-13,1.7680910305510764,1.4723189650280988,arima,CUSCO
2016-06-20,2.459952738158019,1.625148698564316,arima,CUSCO
2016-06-27,2.767446830427771,1.577577936146934,arima,CUSCO
2016-07-04,2.536826261225457,2.824187017122193,arima,CUSCO
2016-07-11,2.2293321689557044,2.7746169105311607,arima,CUSCO
2016-07-18,1.9987115997533904,2.793772230700144,arima,CUSCO
2016-07-25,2.1524586458882666,2.7941192215278865,arima,CUSCO
2016-08-01,3.61305558416959,2.179643425045079,arima,CUSCO
2016-08-08,4.074296722574219,2.2642779577781176,arima,CUSCO
2016-08-15,3.766802630304466,2.196268668713826,arima,CUSCO
2016-08-22,2.383079215090581,2.220477594472951,arima,CUSCO
2016-08-29,1.9218380766859522,2.212739166488614,arima,CUSCO
2016-09-05,1.9987115997533904,2.200042842146398,arima,CUSCO
2016-09-12,1.6143439844162,2.255448510040719,arima,CUSCO
2016-09-19,1.3068498921464478,2.2208229663662435,arima,CUSCO
2016-09-26,1.0762293229441335,1.0443966243968417,arima,CUSCO
2016-10-03,1.537470461348762,1.0475566067800557,arima,CUSCO
2016-10-10,1.4605969382813242,1.1135083730323783,arima,CUSCO
2016-10-17,1.6143439844162,1.0677118206537854,arima,CUSCO
2016-10-24,1.6912175074836382,1.3806592505120996,arima,CUSCO
2016-10-31,2.075585122820829,1.5903407281564368,arima,CUSCO
2016-11-07,2.2293321689557044,1.5157781003013966,arima,CUSCO
2016-11-14,1.6912175074836382,1.5051973746770253,arima,CUSCO
2016-11-21,1.383723415213886,1.652919325707134,arima,CUSCO
2016-11-28,1.153102846011571,1.474420678701628,arima,CUSCO
2016-12-05,1.2299763690790098,1.599170088167717,arima,CUSCO
2016-12-12,1.383723415213886,1.5661457396083964,arima,CUSCO
2016-12-19,1.383723415213886,1.3939864653739824,arima,CUSCO
2016-12-26,1.1531028460115718,1.4223704846286815,arima,CUSCO
2017-01-02,0.9191198127081766,1.4016827766349675,arima,CUSCO
2017-01-09,1.2190483607504967,1.4075766324667813,arima,CUSCO
2017-01-16,1.216526512674686,1.397140355221035,arima,CUSCO
2017-01-23,1.5206581408433575,1.6238664747874396,arima,CUSCO
2017-01-30,1.5206581408433575,1.4318971802677343,arima,CUSCO
2017-02-06,1.5966910478855256,1.4932666949612687,arima,CUSCO
2017-02-13,1.3685923267590219,1.5621943336512802,arima,CUSCO
2017-02-20,1.1404936056325183,1.4151046785197718,arima,CUSCO
2017-02-27,1.1404936056325183,1.5127736972352297,arima,CUSCO
2017-03-06,0.9123948845060149,1.4878029914525177,arima,CUSCO
2017-03-13,1.1404936056325183,0.8266842478386041,arima,CUSCO
2017-03-20,1.216526512674686,0.7501445138413649,arima,CUSCO
2017-03-27,1.5966910478855254,0.8172788611243407,arima,CUSCO
2017-04-03,1.5966910478855254,0.794224513472437,arima,CUSCO
2017-04-10,2.0528884901385323,1.6936050237527422,arima,CUSCO
2017-04-17,2.5851188394337075,1.7140955785485996,arima,CUSCO
2017-04-24,3.8776782591505614,1.6761770714969475,arima,CUSCO
2017-05-01,3.7256124450662256,1.694373607814732,arima,CUSCO
2017-05-08,2.8132175605602114,3.834017388187614,arima,CUSCO
2017-05-15,1.748756861969861,3.351467995339715,arima,CUSCO
2017-05-22,1.824789769012029,3.601899130096993,arima,CUSCO
2017-05-29,2.1289213971807004,3.5759582268540715,arima,CUSCO
2017-06-05,1.9008226760541966,2.346101924449332,arima,CUSCO
2017-06-12,2.661151746475875,2.262588643863443,arima,CUSCO
2017-06-19,3.0413162816867145,2.2534888937295863,arima,CUSCO
2017-06-26,3.4214808168975535,2.2799677288277627,arima,CUSCO
2017-07-03,2.737184653518043,2.8967282644306795,arima,CUSCO
2017-07-10,2.2049543042228685,2.816819937160482,arima,CUSCO
2017-07-17,1.5206581408433575,3.00426501908101,arima,CUSCO
2017-07-24,1.0644606985903504,2.9132759770914145,arima,CUSCO
2017-07-31,1.216526512674686,0.9215510620764376,arima,CUSCO
2017-08-07,1.216526512674686,1.0039397650193473,arima,CUSCO
2017-08-14,1.5966910478855254,0.99332188634442,arima,CUSCO
2017-08-21,1.672723954927693,0.9770140121451121,arima,CUSCO
2017-08-28,1.672723954927693,2.0128388135629818,arima,CUSCO
2017-09-04,1.1404936056325183,1.918778247646396,arima,CUSCO
2017-09-11,1.0644606985903504,1.8788303580266805,arima,CUSCO
2017-09-18,1.1404936056325183,1.928219512939421,arima,CUSCO
2017-09-25,1.2165265126746863,1.2565053417908625,arima,CUSCO
2017-10-02,0.9884277915481826,1.1721936513449798,arima,CUSCO
2017-10-09,0.8363619774638469,1.1898710147899805,arima,CUSCO
2017-10-16,0.9884277915481827,1.2027223513339131,arima,CUSCO
2017-10-23,1.4446252338011896,1.0551654071656582,arima,CUSCO
2017-10-30,1.672723954927693,1.1610454635164884,arima,CUSCO
2017-11-06,1.824789769012029,1.0781672491684944,arima,CUSCO
2017-11-13,1.7487568619698612,1.097505134949687,arima,CUSCO
2017-11-20,2.2049543042228685,1.8735156074982422,arima,CUSCO
2017-11-27,2.8892504676023787,1.8419497864161705,arima,CUSCO
2017-12-04,2.737184653518043,1.8267169309163043,arima,CUSCO
2017-12-11,2.5851188394337075,1.8439124897652395,arima,CUSCO
2017-12-18,1.8247897690120292,2.2417587735783115,arima,CUSCO
2017-12-25,2.2049543042228685,2.403722089179547,arima,CUSCO
2018-01-01,2.1967222437804046,2.401116110114846,arima,CUSCO
2018-01-08,2.5679063494176466,2.356367031655316,arima,CUSCO
2018-01-15,2.5596742889751827,2.458519946960701,arima,CUSCO
2018-01-22,2.484389751064148,2.529634066589493,arima,CUSCO
2018-01-29,2.409105213153113,2.517066545272394,arima,CUSCO
2018-02-05,2.0326825235979396,2.5046495322064173,arima,CUSCO
2018-02-12,1.4304062203096615,1.999405791312948,arima,CUSCO
2018-02-19,0.7528453791103485,1.9036149134481386,arima,CUSCO
2018-02-26,0.602276303288279,1.970325911465714,arima,CUSCO
2018-03-05,0.7528453791103485,1.9563177109804633,arima,CUSCO
2018-03-12,0.8281299170213833,0.9321308776631949,arima,CUSCO
2018-03-19,0.9786989928434527,0.9219704356680687,arima,CUSCO
2018-03-26,0.903414454932418,0.8803846659205765,arima,CUSCO
2018-04-02,1.4304062203096615,0.9075833210708644,arima,CUSCO
2018-04-09,1.279837144487592,1.4678305556211133,arima,CUSCO
2018-04-16,1.8068289098648354,1.7005935126051028,arima,CUSCO
2018-04-23,1.5056907582206964,1.547274216288466,arima,CUSCO
2018-04-30,1.8068289098648354,1.578703666204651,arima,CUSCO
2018-05-07,1.5809752961317312,1.6194246321271764,arima,CUSCO
2018-05-14,1.9573979856869048,1.760877298062916,arima,CUSCO
2018-05-21,2.7855279027082873,1.7104044218937284,arima,CUSCO
2018-05-28,3.8395114334627736,1.7105688344740306,arima,CUSCO
2018-06-04,4.215934123017948,4.400658809673595,arima,CUSCO
2018-06-11,4.291218660928982,4.2690411881782175,arima,CUSCO
2018-06-18,4.517072274662087,4.218695081495199,arima,CUSCO
2018-06-25,4.291218660928982,4.278450052744937,arima,CUSCO
2018-07-02,4.742925888395191,4.04266875385436,arima,CUSCO
2018-07-09,4.441787736751052,3.7998424600788976,arima,CUSCO
2018-07-16,6.022763032882781,3.996451311479043,arima,CUSCO
2018-07-23,5.420486729594503,3.928281653526426,arima,CUSCO
2018-07-30,5.1193485779503645,4.988703487375747,arima,CUSCO
2018-08-06,3.839511433462773,4.988703487375747,arima,CUSCO
2018-08-13,3.086666054352426,4.988703487375747,arima,CUSCO
2018-08-20,3.0113815164413906,4.988703487375747,arima,CUSCO
2018-08-27,2.2585361373310437,2.904698377796626,arima,CUSCO
2018-09-03,2.2585361373310437,3.099727254789161,arima,CUSCO
2018-09-10,1.9573979856869042,3.0045873838057995,arima,CUSCO
2018-09-17,2.1832515994200086,3.0197469400999006,arima,CUSCO
2018-09-24,2.3338206752420785,2.102793391441043,arima,CUSCO
2018-10-01,1.8821134477758694,2.1170506211023876,arima,CUSCO
2018-10-08,1.8821134477758694,2.125102913052246,arima,CUSCO
2018-10-15,1.8068289098648347,2.117232877992933,arima,CUSCO
2018-10-22,1.8821134477758694,2.1123598552600833,arima,CUSCO
2018-10-29,1.6562598340427652,2.0899251715531295,arima,CUSCO
2018-11-05,1.6562598340427652,2.0367096871916437,arima,CUSCO
2018-11-12,1.9573979856869042,2.0732540990318418,arima,CUSCO
2018-11-19,2.4843897510641475,2.1264050865113315,arima,CUSCO
2018-11-26,2.1832515994200086,2.1255267734487124,arima,CUSCO
2018-12-03,2.1832515994200086,2.0904757603013917,arima,CUSCO
2018-12-10,1.9573979856869042,2.1113452108136355,arima,CUSCO
2018-12-17,2.032682523597939,2.1364712972700004,arima,CUSCO
2018-12-24,2.032682523597939,2.0805921276545742,arima,CUSCO
2018-12-31,1.5809752961317305,2.0742661901560786,arima,CUSCO
2019-01-07,1.8002243826999151,2.090106892901436,arima,CUSCO
2019-01-14,1.4201325113864527,1.7000593517707756,arima,CUSCO
2019-01-21,1.640115434306295,1.9838201999984513,arima,CUSCO
2019-01-28,1.26736192650941,1.8373880621228462,arima,CUSCO
2019-02-04,1.341912628068787,1.8595433399967862,arima,CUSCO
2019-02-11,0.7455070155937707,1.240435733129511,arima,CUSCO
2019-02-18,1.118260523390656,1.287403532654293,arima,CUSCO
2019-02-25,0.8200577171531478,1.2786096973415506,arima,CUSCO
2019-03-04,1.1928112249500329,1.2745436616004429,arima,CUSCO
2019-03-11,1.043709821831279,0.8703166384729442,arima,CUSCO
2019-03-18,1.3419126280687872,1.0579031220522648,arima,CUSCO
2019-03-25,1.5655647327469182,1.0087305997345921,arima,CUSCO
2019-04-01,1.5655647327469182,0.9972422531539555,arima,CUSCO
2019-04-08,1.5655647327469182,1.7053784720773129,arima,CUSCO
2019-04-15,1.4910140311875413,1.626590227170598,arima,CUSCO
2019-04-22,1.4164633296281641,1.643377348317145,arima,CUSCO
2019-04-29,1.1182605233906562,1.6502808195879224,arima,CUSCO
2019-05-06,0.8946084187125249,0.9553145792559865,arima,CUSCO
2019-05-13,1.1928112249500329,0.8589017835186812,arima,CUSCO
2019-05-20,1.5655647327469182,0.951654892680017,arima,CUSCO
2019-05-27,2.3110717483406886,0.9168985382642041,arima,CUSCO
2019-06-03,2.0874196436625576,2.341759232271126,arima,CUSCO
2019-06-10,2.3856224499000658,2.6279289967480435,arima,CUSCO
2019-06-17,1.6401154343062954,2.4470132077471027,arima,CUSCO
2019-06-24,1.6401154343062956,2.496915722507482,arima,CUSCO
2019-07-01,1.4164633296281643,1.4010610758900555,arima,CUSCO
2019-07-08,1.6401154343062956,1.5585168234796125,arima,CUSCO
2019-07-15,1.4164633296281643,1.5050269719493237,arima,CUSCO
2019-07-22,2.5347238530188196,1.5065572957783213,arima,CUSCO
2019-07-29,2.683825256137574,2.9648296088707413,arima,CUSCO
2019-08-05,2.683825256137574,3.79657559606349,arima,CUSCO
2019-08-12,1.3419126280687872,3.1492870581662826,arima,CUSCO
2019-08-19,1.3419126280687872,3.3531597660862875,arima,CUSCO
2019-08-26,2.0128689421031805,1.3191920836678404,arima,CUSCO
2019-09-02,2.0874196436625576,1.4907209734718423,arima,CUSCO
2019-09-09,2.0874196436625576,1.3863905788350088,arima,CUSCO
2019-09-16,1.5655647327469184,1.4098373578478678,arima,CUSCO
2019-09-23,1.5655647327469184,1.739673501066049,arima,CUSCO
2019-09-30,1.4164633296281643,1.647151809552367,arima,CUSCO
2019-10-07,1.3419126280687876,1.6598833288847379,arima,CUSCO
2019-10-14,1.4910140311875413,1.6756523488939816,arima,CUSCO
2019-10-21,1.3419126280687872,1.4838037719656674,arima,CUSCO
2019-10-28,1.3419126280687872,1.5287350371004704,arima,CUSCO
2019-11-04,1.0437098218312792,1.501864043642493,arima,CUSCO
2019-11-11,0.9691591202719021,1.5069501975491857,arima,CUSCO
2019-11-18,0.9691591202719021,0.862084863114065,arima,CUSCO
2019-11-25,1.3419126280687872,0.9066037395987052,arima,CUSCO
2019-12-02,1.7146661358656725,0.9044656550098915,arima,CUSCO
2019-12-09,1.4910140311875413,0.894570714111361,arima,CUSCO
2019-12-16,1.3419126280687872,1.3645893214183258,arima,CUSCO
2019-12-23,1.2673619265094103,1.2045933142594203,arima,CUSCO
2019-12-30,1.6401154343062956,1.3370890800981994,arima,CUSCO
2020-01-06,1.2659225898917443,1.289217585849785,arima,CUSCO
2020-01-13,1.038672143669449,1.1648843594585934,arima,CUSCO
2020-01-20,0.8121413657559863,0.9725183009352778,arima,CUSCO
2020-01-27,0.8859723990065304,1.1189289854272957,arima,CUSCO
2020-02-03,0.7383103325054421,1.0679436534482578,arima,CUSCO
2020-02-10,0.5168172327538098,0.6758967444833257,arima,CUSCO
2020-02-17,0.6644792992548981,0.6381749566979411,arima,CUSCO
2020-02-24,0.8859723990065304,0.677205993529461,arima,CUSCO
2020-03-02,0.9598034322570745,0.6607427840095599,arima,CUSCO
2020-03-09,1.0336344655076186,0.8541489533477327,arima,CUSCO
2020-03-16,0.8859723990065304,0.777024358548206,arima,CUSCO
2020-03-23,0.8859723990065304,0.8535349599536777,arima,CUSCO
2020-03-30,0.5906482660043538,0.8220824780880853,arima,CUSCO
2020-04-06,0.5168172327538098,0.5723717459408102,arima,CUSCO
2020-04-13,0.3691551662527215,0.5460925486060062,arima,CUSCO
2020-04-20,0.3691551662527215,0.567971444894694,arima,CUSCO
2020-04-27,0.2214930997516332,0.5595757877639205,arima,CUSCO
2020-05-04,0.29532413300217736,0.22098154939411924,arima,CUSCO
2020-05-11,0.29532413300217736,0.15248044279429504,arima,CUSCO
2020-05-18,0.4429861995032656,0.1984369194455473,arima,CUSCO
2020-05-25,0.3691551662527215,0.1840450164558937,arima,CUSCO
2020-06-01,0.29532413300217736,0.35668764007242115,arima,CUSCO
2020-06-08,0.07383103325054495,0.3282838469746725,arima,CUSCO
2020-06-15,0.14766206650108907,0.3505337407591643,arima,CUSCO
2020-06-22,0.07383103325054495,0.3425348486367473,arima,CUSCO
2020-06-29,0.14766206650108907,0.16167681897186487,arima,CUSCO
2020-07-06,0.14766206650108907,0.067855581323972,arima,CUSCO
2020-07-13,0.14766206650108907,0.10922744737374558,arima,CUSCO
2020-07-20,0.2214930997516332,0.10317208909985227,arima,CUSCO
2020-07-27,0.14766206650108907,0.16430063497118166,arima,CUSCO
2020-08-03,0.14766206650108907,0.23385190541409823,arima,CUSCO
2020-08-10,0.22149309975163323,0.1997551967037242,arima,CUSCO
2020-08-17,0.22149309975163323,0.20566295383909886,arima,CUSCO
2020-08-24,0.22149309975163323,0.29720743997182314,arima,CUSCO
2020-08-31,0.22149309975163323,0.2225474090656763,arima,CUSCO
2020-09-07,0.5168172327538098,0.2543859743634558,arima,CUSCO
2020-09-14,0.664479299254898,0.25118944649314506,arima,CUSCO
2020-09-21,0.8859723990065304,0.7185057365110361,arima,CUSCO
2020-09-28,0.8121413657559863,0.6206899325701603,arima,CUSCO
2020-10-05,0.8121413657559863,0.6737652597815789,arima,CUSCO
2020-10-12,0.4429861995032656,0.6617153640634772,arima,CUSCO
2020-10-19,0.2214930997516332,0.3555723350596215,arima,CUSCO
2020-10-26,0.14766206650108907,0.30128727403419114,arima,CUSCO
2020-11-02,0.2214930997516332,0.3596031443169547,arima,CUSCO
2020-11-09,0.2214930997516332,0.33267932120793736,arima,CUSCO
2020-11-16,0.2214930997516332,0.21636491035049787,arima,CUSCO
2020-11-23,0.07383103325054495,0.17943926643592398,arima,CUSCO
2020-11-30,0.07383103325054495,0.2059046865708786,arima,CUSCO
2020-12-07,0.0,0.19668492237541554,arima,CUSCO
2020-12-14,0.07383103325054495,0.030972565366352938,arima,CUSCO
2020-12-21,0.14766206650108907,0.006454921638559705,arima,CUSCO
2020-12-28,0.3691551662527215,0.014945583264847545,arima,CUSCO
2021-01-04,0.29532413300217736,0.015394095523515654,arima,CUSCO
2021-01-11,0.44086847954525954,0.2815981486264369,arima,CUSCO
2021-01-18,0.2193753797936271,0.18797831300319004,arima,CUSCO
2021-01-25,0.2193753797936271,0.25385335604935005,arima,CUSCO
2021-02-01,0.14625025319575166,0.23387549259510165,arima,CUSCO
2021-02-08,0.14625025319575166,0.20943976275598322,arima,CUSCO
2021-02-15,0.14625025319575166,0.2509693126445156,arima,CUSCO
2021-02-22,0.0,0.2060226847932418,arima,CUSCO
2021-03-01,0.0,0.22565181009279003,arima,CUSCO
2021-03-08,0.07312512659787625,0.0,arima,CUSCO
2021-03-15,0.07312512659787625,0.0,arima,CUSCO
2021-03-22,0.14625025319575166,0.0,arima,CUSCO
2021-03-29,0.14625025319575166,0.0,arima,CUSCO
2021-04-05,0.14625025319575166,0.21632390520820133,arima,CUSCO
2021-04-12,0.2193753797936271,0.21142476740407268,arima,CUSCO
2021-04-19,0.14625025319575166,0.19400731684525016,arima,CUSCO
2021-04-26,0.1462502531957517,0.20722634213867783,arima,CUSCO
2021-05-03,0.07312512659787625,0.0634490585385076,arima,CUSCO
2021-05-10,0.07312512659787625,0.07217401177453502,arima,CUSCO
2021-05-17,0.07312512659787625,0.09083342380002732,arima,CUSCO
2021-05-24,0.14625025319575166,0.07514466263325377,arima,CUSCO
2021-05-31,0.43875075958725335,0.18190999128044535,arima,CUSCO
2021-06-07,0.7312512659787552,0.2326456219479101,arima,CUSCO
2021-06-14,0.6581261393808796,0.18500666632643,arima,CUSCO
2021-06-21,0.5850010127830042,0.20240315102284456,arima,CUSCO
2021-06-28,0.5118758861851288,0.5268090504841587,arima,CUSCO
2021-07-05,0.7312512659787552,0.6058616738393612,arima,CUSCO
2021-07-12,1.0237517723702567,0.5677449452152521,arima,CUSCO
2021-07-19,1.1700020255660077,0.5704227448749153,arima,CUSCO
2021-07-26,1.1700020255660077,1.2225142305516568,arima,CUSCO
2021-08-02,0.8043763925766306,1.1049182851307244,arima,CUSCO
2021-08-09,0.43875075958725346,1.1721909100877466,arima,CUSCO
2021-08-16,0.5850010127830042,1.1589577205532149,arima,CUSCO
2021-08-23,0.731251265978755,0.6050471261912498,arima,CUSCO
2021-08-30,0.8043763925766304,0.856184862454892,arima,CUSCO
2021-09-06,0.6581261393808796,0.6646587719396297,arima,CUSCO
2021-09-13,0.5118758861851288,0.7227586866906905,arima,CUSCO
2021-09-20,0.43875075958725335,0.6006399049458055,arima,CUSCO
2021-09-27,0.14625025319575166,0.49487155792013515,arima,CUSCO
2021-10-04,0.07312512659787625,0.5434355079510838,arima,CUSCO
2021-10-11,0.2193753797936271,0.5401417133855628,arima,CUSCO
2021-10-18,0.29250050639150255,0.28931510644518627,arima,CUSCO
2021-10-25,0.36562563298937795,0.35399975915410326,arima,CUSCO
2021-11-01,0.21937537979362712,0.2849270329763557,arima,CUSCO
2021-11-08,0.21937537979362712,0.3138607521008502,arima,CUSCO
2021-11-15,0.43875075958725346,0.18939241287180772,arima,CUSCO
2021-11-22,0.9506266457723814,0.20709418742368615,arima,CUSCO
2021-11-29,0.9506266457723814,0.20342730157423344,arima,CUSCO
2021-12-06,0.7312512659787552,0.20059112609608568,arima,CUSCO
2021-12-13,0.43875075958725346,0.5196632382423858,arima,CUSCO
2021-12-20,0.7312512659787552,0.598975129228025,arima,CUSCO
2021-12-27,1.3162522787617588,0.6085801700262918,arima,CUSCO
2022-01-03,1.5314724426254278,0.57511312544358,arima,CUSCO
2022-01-10,1.8177401251219933,1.6109819807765726,arima,CUSCO
2022-01-17,2.028112537067379,1.375713123268533,arima,CUSCO
2022-01-24,2.2454103088960267,1.5176778672288935,arima,CUSCO
2022-01-31,2.317842899505576,1.4875598259073772,arima,CUSCO
2022-02-07,1.95567994645783,2.110817695880566,arima,CUSCO
2022-02-14,1.4486518121909855,2.323399263780085,arima,CUSCO
2022-02-21,0.9416236779241408,2.2358977677627703,arima,CUSCO
2022-02-28,0.9416236779241408,2.2289103540966186,arima,CUSCO
2022-03-07,1.376219221581436,1.1097953707764554,arima,CUSCO
2022-03-14,1.593516993410084,1.189353576601436,arima,CUSCO
2022-03-21,1.5210844028005346,1.0759933097843577,arima,CUSCO
2022-03-28,1.95567994645783,1.1302492059940925,arima,CUSCO
2022-04-04,2.028112537067379,2.1361657612694582,arima,CUSCO
2022-04-11,2.4627080807246746,2.3516476256953,arima,CUSCO
2022-04-18,2.1729777182864773,2.134805145760058,arima,CUSCO
2022-04-25,2.3902754901151253,2.2152910456301087,arima,CUSCO
2022-05-02,2.6075732619437733,2.263847860949724,arima,CUSCO
2022-05-09,2.969736214991519,2.3128398953457587,arima,CUSCO
2022-05-16,3.4043317586488144,2.319153044052153,arima,CUSCO
2022-05-23,3.0421688056010683,2.2979422840478554,arima,CUSCO
2022-05-30,2.8973036243819696,3.0133156759957993,arima,CUSCO
2022-06-06,2.969736214991519,2.8592118686557395,arima,CUSCO
2022-06-13,2.8248710337724208,2.9763700097247763,arima,CUSCO
2022-06-20,2.4627080807246746,2.9374207009656184,arima,CUSCO
2022-06-27,1.593516993410084,2.157685418368523,arima,CUSCO
2022-07-04,1.0864888591432393,2.1587810151241738,arima,CUSCO
2022-07-11,1.0864888591432393,2.241969594257118,arima,CUSCO
2022-07-18,0.9416236779241408,2.1842507737360166,arima,CUSCO
2022-07-25,1.1589214497527884,1.026745819332028,arima,CUSCO
2022-08-01,1.1589214497527884,0.8355519980585351,arima,CUSCO
2022-08-08,1.0864888591432393,0.9396742631803063,arima,CUSCO
2022-08-15,0.7967584967050424,0.9205724086358704,arima,CUSCO
2022-08-22,1.01405626853369,0.5977469100596176,arima,CUSCO
2022-08-29,1.4486518121909853,0.6480037687189775,arima,CUSCO
2022-09-05,1.95567994645783,0.6690145693737239,arima,CUSCO
2022-09-12,1.593516993410084,0.639919625814936,arima,CUSCO
2022-09-19,1.3037866309718869,1.606493730153351,arima,CUSCO
2022-09-26,0.8691910873145915,1.5102889282772636,arima,CUSCO
2022-10-03,0.7967584967050424,1.5729849780822502,arima,CUSCO
2022-10-10,0.6518933154859439,1.558158388005252,arima,CUSCO
2022-10-17,0.8691910873145915,0.6772291437844697,arima,CUSCO
2022-10-24,0.5794607248763947,0.5878479821045455,arima,CUSCO
2022-10-31,0.6518933154859439,0.6410013932077787,arima,CUSCO
2022-11-07,0.7243259060954931,0.6303645519470784,arima,CUSCO
2022-11-14,0.8691910873145915,0.9293933580714056,arima,CUSCO
2022-11-21,0.8691910873145915,1.0102418950727672,arima,CUSCO
2022-11-28,0.5070281342668453,0.8836161862681458,arima,CUSCO
2022-12-05,0.7967584967050424,0.9475046773089428,arima,CUSCO
