date,region,actual,arima,holt_winters,naive,seasonal_naive,arima_error,arima_abs_error,arima_pct_error,holt_winters_error,holt_winters_abs_error,holt_winters_pct_error,naive_error,naive_abs_error,naive_pct_error,seasonal_naive_error,seasonal_naive_abs_error,seasonal_naive_pct_error,best_model
2010-12-27,AREQUIPA,1.767434536634901,0.7681880649201847,0.782372021436557,0.8837172683174506,1.5651656727864647,-0.999,0.999,56.5,-0.985,0.985,55.7,-0.884,0.884,50.0,-0.202,0.202,11.4,seasonal_naive
2011-01-03,AREQUIPA,2.306511829482234,0.8154890128625039,0.940648409818962,0.8837172683174506,1.956659304255651,-1.491,1.491,64.6,-1.366,1.366,59.2,-1.423,1.423,61.7,-0.35,0.35,15.2,seasonal_naive
2011-01-10,AREQUIPA,2.614278755852894,0.8258554112442207,0.9084487815413878,0.8837172683174506,1.4460828027012824,-1.788,1.788,68.4,-1.706,1.706,65.3,-1.731,1.731,66.2,-1.168,1.168,44.7,seasonal_naive
2011-01-17,AREQUIPA,1.9599311672174073,0.7988684299383324,0.9688684422068479,0.8837172683174506,2.008448337085115,-1.161,1.161,59.2,-0.991,0.991,50.6,-1.076,1.076,54.9,0.049,0.049,2.5,seasonal_naive
2011-01-24,AREQUIPA,1.7247394271513183,1.9536244677222596,1.9378119818150195,1.9599311672174067,1.5264207361846873,0.229,0.229,13.3,0.213,0.213,12.3,0.235,0.235,13.6,-0.198,0.198,11.5,seasonal_naive
2011-01-31,AREQUIPA,1.6463421804626222,2.056565022793751,1.8444906583261078,1.9599311672174067,1.205069002251069,0.41,0.41,24.9,0.198,0.198,12.0,0.314,0.314,19.1,-0.441,0.441,26.8,holt_winters
2011-02-07,AREQUIPA,1.4895476870852296,1.9815235466231016,2.0120782843124894,1.9599311672174067,1.7674345366349007,0.492,0.492,33.0,0.523,0.523,35.1,0.47,0.47,31.6,0.278,0.278,18.7,seasonal_naive
2011-02-14,AREQUIPA,1.9599311672174073,1.9975985252769095,2.0452568905260917,1.9599311672174067,1.6067586696680918,0.038,0.038,1.9,0.085,0.085,4.3,-0.0,0.0,0.0,-0.353,0.353,18.0,naive
2011-02-21,AREQUIPA,2.665506387415674,2.0728419585952387,1.8877415576771956,1.9599311672174067,1.3657448692178775,-0.593,0.593,22.2,-0.778,0.778,29.2,-0.706,0.706,26.5,-1.3,1.3,48.8,arima
2011-02-28,AREQUIPA,2.979095374170459,2.2018013981469453,1.933836184931085,1.9599311672174067,1.205069002251069,-0.777,0.777,26.1,-1.045,1.045,35.1,-1.019,1.019,34.2,-1.774,1.774,59.5,arima
2011-03-07,AREQUIPA,2.2735201539721928,2.059898762046615,1.8296937430717533,1.9599311672174067,1.6870966031514967,-0.214,0.214,9.4,-0.444,0.444,19.5,-0.314,0.314,13.8,-0.586,0.586,25.8,arima
2011-03-14,AREQUIPA,1.8815339205287112,2.1175418763311558,1.9832115841709204,1.9599311672174067,3.2135173393361836,0.236,0.236,12.5,0.102,0.102,5.4,0.078,0.078,4.1,1.332,1.332,70.8,naive
2011-03-21,AREQUIPA,2.0383284139061035,1.6958739845308273,1.633138193869005,1.8815339205287112,2.97250353888597,-0.342,0.342,16.8,-0.405,0.405,19.9,-0.157,0.157,7.7,0.934,0.934,45.8,naive
2011-03-28,AREQUIPA,2.979095374170459,1.8314020500811545,1.8127070493874284,1.8815339205287112,3.2135173393361836,-1.148,1.148,38.5,-1.166,1.166,39.1,-1.098,1.098,36.9,0.234,0.234,7.9,seasonal_naive
2011-04-04,AREQUIPA,2.979095374170459,1.8039805967872882,1.6686549427587836,1.8815339205287112,2.8921656054025653,-1.175,1.175,39.4,-1.31,1.31,44.0,-1.098,1.098,36.9,-0.087,0.087,2.9,seasonal_naive
2011-04-11,AREQUIPA,3.3710816076139403,1.7707428953267024,1.6746729539711809,1.8815339205287112,2.651151804952352,-1.6,1.6,47.5,-1.696,1.696,50.3,-1.49,1.49,44.2,-0.72,0.72,21.4,seasonal_naive
2011-04-18,AREQUIPA,3.214287114236548,3.1763543393663785,3.0602939678609475,3.37108160761394,2.3298000710187328,-0.038,0.038,1.2,-0.154,0.154,4.8,0.157,0.157,4.9,-0.884,0.884,27.5,arima
2011-04-25,AREQUIPA,3.371081607613941,3.409060800191613,2.8892274239235074,3.37108160761394,1.6067586696680918,0.038,0.038,1.1,-0.482,0.482,14.3,-0.0,0.0,0.0,-1.764,1.764,52.3,naive
2011-05-02,AREQUIPA,3.5278761009913335,3.332550851638544,2.89550671694095,3.37108160761394,1.5264207361846869,-0.195,0.195,5.5,-0.632,0.632,17.9,-0.157,0.157,4.5,-2.001,2.001,56.7,naive
2011-05-09,AREQUIPA,2.8223008807930667,3.3316415492789364,2.9512754506103405,3.37108160761394,1.365744869217878,0.509,0.509,18.0,0.129,0.129,4.6,0.549,0.549,19.5,-1.457,1.457,51.6,holt_winters
2011-05-16,AREQUIPA,2.430314647349585,2.904796734506014,2.787067782762366,2.822300880793067,1.205069002251069,0.474,0.474,19.5,0.357,0.357,14.7,0.392,0.392,16.1,-1.225,1.225,50.4,holt_winters
2011-05-23,AREQUIPA,2.1951229072834963,2.5411817997140953,2.7260231073687127,2.822300880793067,1.205069002251069,0.346,0.346,15.8,0.531,0.531,24.2,0.627,0.627,28.6,-0.99,0.99,45.1,arima
2011-05-30,AREQUIPA,2.8223008807930667,2.773998048602978,2.7362683350680523,2.822300880793067,1.5264207361846873,-0.048,0.048,1.7,-0.086,0.086,3.0,0.0,0.0,0.0,-1.296,1.296,45.9,naive
2011-06-06,AREQUIPA,3.684670594368726,2.734701372279611,3.086412444981886,2.822300880793067,1.6870966031514967,-0.95,0.95,25.8,-0.598,0.598,16.2,-0.862,0.862,23.4,-1.998,1.998,54.2,holt_winters
2011-06-13,AREQUIPA,3.7630678410574223,3.592161843276068,3.592161843276068,3.6846705943687255,2.2494621375353283,-0.171,0.171,4.5,-0.171,0.171,4.5,-0.078,0.078,2.1,-1.514,1.514,40.2,naive
2011-06-20,AREQUIPA,3.5278761009913335,3.592161843276068,3.592161843276068,3.6846705943687255,2.1691242040519247,0.064,0.064,1.8,0.064,0.064,1.8,0.157,0.157,4.5,-1.359,1.359,38.5,arima
2011-06-27,AREQUIPA,4.7038348013217774,3.592161843276068,3.592161843276068,3.6846705943687255,2.5708138714689475,-1.112,1.112,23.6,-1.112,1.112,23.6,-1.019,1.019,21.7,-2.133,2.133,45.3,naive
2011-07-04,AREQUIPA,4.939026541387866,3.592161843276068,3.592161843276068,3.6846705943687255,2.5708138714689466,-1.347,1.347,27.3,-1.347,1.347,27.3,-1.254,1.254,25.4,-2.368,2.368,47.9,naive
2011-07-11,AREQUIPA,4.782232048010473,3.7738428993161284,3.7738428993161284,4.939026541387866,2.731489738435757,-1.008,1.008,21.1,-1.008,1.008,21.1,0.157,0.157,3.3,-2.051,2.051,42.9,naive
2011-07-18,AREQUIPA,2.979095374170459,3.7738428993161284,3.7738428993161284,4.939026541387866,2.811827671919161,0.795,0.795,26.7,0.795,0.795,26.7,1.96,1.96,65.8,-0.167,0.167,5.6,seasonal_naive
2011-07-25,AREQUIPA,3.214287114236548,3.7738428993161284,3.7738428993161284,4.939026541387866,2.5708138714689466,0.56,0.56,17.4,0.56,0.56,17.4,1.725,1.725,53.7,-0.643,0.643,20.0,arima
2011-08-01,AREQUIPA,3.841465087746118,3.7738428993161284,3.7738428993161284,4.939026541387866,2.731489738435757,-0.068,0.068,1.8,-0.068,0.068,1.8,1.098,1.098,28.6,-1.11,1.11,28.9,arima
2011-08-08,AREQUIPA,4.233451321189601,4.1950366703121595,3.8885765668357415,3.8414650877461174,2.97250353888597,-0.038,0.038,0.9,-0.345,0.345,8.1,-0.392,0.392,9.3,-1.261,1.261,29.8,arima
2011-08-15,AREQUIPA,3.684670594368726,4.1950366703121595,3.9965770944438965,3.8414650877461174,3.454531139786397,0.51,0.51,13.8,0.312,0.312,8.5,0.157,0.157,4.3,-0.23,0.23,6.2,naive
2011-08-22,AREQUIPA,3.449478854302637,4.189134645968946,4.025605193165322,3.8414650877461174,3.293855272819588,0.74,0.74,21.5,0.576,0.576,16.7,0.392,0.392,11.4,-0.156,0.156,4.5,seasonal_naive
2011-08-29,AREQUIPA,3.998259581123511,4.1950366703121595,3.8910862821325063,3.8414650877461174,3.3741932063029916,0.197,0.197,4.9,-0.107,0.107,2.7,-0.157,0.157,3.9,-0.624,0.624,15.6,holt_winters
2011-09-05,AREQUIPA,4.468643061255689,4.2104117963947,4.086463185063525,3.998259581123511,2.8921656054025653,-0.258,0.258,5.8,-0.382,0.382,8.5,-0.47,0.47,10.5,-1.576,1.576,35.3,arima
2011-09-12,AREQUIPA,4.6254375546330815,4.27547641901165,3.627226549045357,3.998259581123511,2.4101380045021377,-0.35,0.35,7.6,-0.998,0.998,21.6,-0.627,0.627,13.6,-2.215,2.215,47.9,arima
2011-09-19,AREQUIPA,4.076656827812207,4.147099008408949,3.5388277169617766,3.998259581123511,1.7674345366349007,0.07,0.07,1.7,-0.538,0.538,13.2,-0.078,0.078,1.9,-2.309,2.309,56.6,arima
2011-09-26,AREQUIPA,4.5470403079443855,4.212180375949685,3.23257430588935,3.998259581123511,1.6067586696680918,-0.335,0.335,7.4,-1.314,1.314,28.9,-0.549,0.549,12.1,-2.94,2.94,64.7,arima
2011-10-03,AREQUIPA,4.86062929469917,4.530868294773165,4.417514950798481,4.5470403079443855,1.7674345366349007,-0.33,0.33,6.8,-0.443,0.443,9.1,-0.314,0.314,6.5,-3.093,3.093,63.6,naive
2011-10-10,AREQUIPA,4.547040307944385,4.657580425775449,4.2094191382120165,4.5470403079443855,1.1247310687676646,0.111,0.111,2.4,-0.338,0.338,7.4,0.0,0.0,0.0,-3.422,3.422,75.3,naive
2011-10-17,AREQUIPA,4.5470403079443855,4.646870166253057,3.967992974625429,4.5470403079443855,0.964055201800855,0.1,0.1,2.2,-0.579,0.579,12.7,0.0,0.0,0.0,-3.583,3.583,78.8,naive
2011-10-24,AREQUIPA,4.6254375546330815,4.657580425775449,3.746353874221769,4.5470403079443855,1.1247310687676646,0.032,0.032,0.7,-0.879,0.879,19.0,-0.078,0.078,1.7,-3.501,3.501,75.7,arima
2011-10-31,AREQUIPA,4.782232048010474,4.735977672464145,4.3977153273081715,4.625437554633082,1.7674345366349007,-0.046,0.046,1.0,-0.385,0.385,8.1,-0.157,0.157,3.3,-3.015,3.015,63.0,arima
2011-11-07,AREQUIPA,3.371081607613941,4.735977672464145,4.647481208816668,4.625437554633082,2.2494621375353283,1.365,1.365,40.5,1.276,1.276,37.9,1.254,1.254,37.2,-1.122,1.122,33.3,seasonal_naive
2011-11-14,AREQUIPA,3.9198623344348156,4.735977672464145,4.735977672464145,4.625437554633082,2.3298000710187328,0.816,0.816,20.8,0.816,0.816,20.8,0.706,0.706,18.0,-1.59,1.59,40.6,naive
2011-11-21,AREQUIPA,4.782232048010474,4.735977672464145,4.574035324446573,4.625437554633082,2.651151804952352,-0.046,0.046,1.0,-0.208,0.208,4.3,-0.157,0.157,3.3,-2.131,2.131,44.6,arima
2011-11-28,AREQUIPA,4.86062929469917,4.782232048010474,4.472702148729866,4.782232048010474,2.169124204051924,-0.078,0.078,1.6,-0.388,0.388,8.0,-0.078,0.078,1.6,-2.692,2.692,55.4,arima
2011-12-05,AREQUIPA,3.2142871142365483,4.782232048010474,4.423019325675901,4.782232048010474,1.6870966031514967,1.568,1.568,48.8,1.209,1.209,37.6,1.568,1.568,48.8,-1.527,1.527,47.5,holt_winters
2011-12-12,AREQUIPA,2.508711894038282,4.782232048010474,4.2000371348797625,4.782232048010474,1.0443931352842597,2.274,2.274,90.6,1.691,1.691,67.4,2.274,2.274,90.6,-1.464,1.464,58.4,seasonal_naive
2011-12-19,AREQUIPA,2.9006981274817636,4.782232048010474,4.420312231915975,4.782232048010474,0.8837172683174506,1.882,1.882,64.9,1.52,1.52,52.4,1.882,1.882,64.9,-2.017,2.017,69.5,holt_winters
2011-12-26,AREQUIPA,3.057492620859156,3.1073616197438136,2.979413326630695,2.900698127481763,1.7674345366349007,0.05,0.05,1.6,-0.078,0.078,2.6,-0.157,0.157,5.1,-1.29,1.29,42.2,arima
2012-01-02,AREQUIPA,2.7235631190393916,3.160035768705595,3.4809849810067073,2.900698127481763,2.306511829482234,0.436,0.436,16.0,0.757,0.757,27.8,0.177,0.177,6.5,-0.417,0.417,15.3,naive
2012-01-09,AREQUIPA,2.9273195176414215,3.036855760271272,3.4770149756988946,2.900698127481763,2.6142787558528937,0.11,0.11,3.8,0.55,0.55,18.8,-0.027,0.027,0.9,-0.313,0.313,10.7,naive
2012-01-16,AREQUIPA,3.1384724671761717,3.100679607872836,3.429256874152008,2.900698127481763,1.9599311672174067,-0.038,0.038,1.2,0.291,0.291,9.3,-0.238,0.238,7.6,-1.179,1.179,37.6,arima
2012-01-23,AREQUIPA,3.750857338820303,3.4548457661580247,3.0143963813200347,3.1384724671761717,1.7247394271513183,-0.296,0.296,7.9,-0.736,0.736,19.6,-0.612,0.612,16.3,-2.026,2.026,54.0,arima
2012-01-30,AREQUIPA,3.9039535567313357,3.2707140114798703,2.811550469250865,3.1384724671761717,1.646342180462622,-0.633,0.633,16.2,-1.092,1.092,28.0,-0.765,0.765,19.6,-2.258,2.258,57.8,arima
2012-02-06,AREQUIPA,3.750857338820302,3.2664867804459483,2.9428307274206094,3.1384724671761717,1.4895476870852296,-0.484,0.484,12.9,-0.808,0.808,21.5,-0.612,0.612,16.3,-2.261,2.261,60.3,arima
2012-02-13,AREQUIPA,3.291568685087204,3.3446369694006357,3.0892288740738953,3.1384724671761717,1.9599311672174067,0.053,0.053,1.6,-0.202,0.202,6.1,-0.153,0.153,4.6,-1.332,1.332,40.5,arima
2012-02-20,AREQUIPA,3.750857338820302,3.001861125890245,3.5585070847433924,3.2915686850872046,2.665506387415674,-0.749,0.749,20.0,-0.192,0.192,5.1,-0.459,0.459,12.2,-1.085,1.085,28.9,holt_winters
2012-02-27,AREQUIPA,4.363242210464433,2.993425581376658,3.704680663247152,3.2915686850872046,2.979095374170459,-1.37,1.37,31.4,-0.659,0.659,15.1,-1.072,1.072,24.6,-1.384,1.384,31.7,holt_winters
2012-03-05,AREQUIPA,4.516338428375465,3.1187092208562532,3.3609252677356976,3.2915686850872046,2.2735201539721923,-1.398,1.398,31.0,-1.155,1.155,25.6,-1.225,1.225,27.1,-2.243,2.243,49.7,holt_winters
2012-03-12,AREQUIPA,4.133597883597884,3.0357250572338934,3.478566520182186,3.2915686850872046,1.8815339205287112,-1.098,1.098,26.6,-0.655,0.655,15.8,-0.842,0.842,20.4,-2.252,2.252,54.5,holt_winters
2012-03-19,AREQUIPA,4.133597883597884,3.9885557676467007,4.149135206153314,4.133597883597884,2.038328413906104,-0.145,0.145,3.5,0.016,0.016,0.4,0.0,0.0,0.0,-2.095,2.095,50.7,naive
2012-03-26,AREQUIPA,4.669434646286499,4.234988423638068,4.7979567638653196,4.133597883597884,2.979095374170459,-0.434,0.434,9.3,0.129,0.129,2.8,-0.536,0.536,11.5,-1.69,1.69,36.2,holt_winters
2012-04-02,AREQUIPA,4.592886537330982,4.131180896027304,4.4947759975981025,4.133597883597884,2.979095374170459,-0.462,0.462,10.1,-0.098,0.098,2.1,-0.459,0.459,10.0,-1.614,1.614,35.1,holt_winters
2012-04-09,AREQUIPA,4.286694101508917,4.0933879802549775,4.6058190405908235,4.133597883597884,3.37108160761394,-0.193,0.193,4.5,0.319,0.319,7.4,-0.153,0.153,3.6,-0.916,0.916,21.4,naive
2012-04-16,AREQUIPA,3.444664902998236,4.220946786934907,3.977479045206251,4.286694101508917,3.214287114236548,0.776,0.776,22.5,0.533,0.533,15.5,0.842,0.842,24.4,-0.23,0.23,6.7,seasonal_naive
2012-04-23,AREQUIPA,3.521213011953753,4.167861799683055,3.752243722039454,4.286694101508917,3.3710816076139416,0.647,0.647,18.4,0.231,0.231,6.6,0.765,0.765,21.7,-0.15,0.15,4.3,seasonal_naive
2012-04-30,AREQUIPA,3.521213011953753,4.231729381385304,3.7489547343665084,4.286694101508917,3.5278761009913335,0.711,0.711,20.2,0.228,0.228,6.5,0.765,0.765,21.7,0.007,0.007,0.2,seasonal_naive
2012-05-07,AREQUIPA,3.291568685087204,4.212134073361327,3.6181641723874733,4.286694101508917,2.822300880793067,0.921,0.921,28.0,0.327,0.327,9.9,0.995,0.995,30.2,-0.469,0.469,14.2,holt_winters
2012-05-14,AREQUIPA,4.361061528409212,3.012874240518861,3.1312447481150407,3.2915686850872046,2.430314647349585,-1.348,1.348,30.9,-1.23,1.23,28.2,-1.069,1.069,24.5,-1.931,1.931,44.3,naive
2012-05-21,AREQUIPA,4.1314172015426625,2.8577779170830877,2.9883097609162435,3.2915686850872046,2.1951229072834963,-1.274,1.274,30.8,-1.143,1.143,27.7,-0.84,0.84,20.3,-1.936,1.936,46.9,naive
2012-05-28,AREQUIPA,4.514157746320244,3.0770549749988376,3.127120545130178,3.2915686850872046,2.822300880793067,-1.437,1.437,31.8,-1.387,1.387,30.7,-1.223,1.223,27.1,-1.692,1.692,37.5,naive
2012-06-04,AREQUIPA,3.5212130119537526,2.994598303163532,3.6823785045742623,3.2915686850872046,3.6846705943687255,-0.527,0.527,15.0,0.161,0.161,4.6,-0.23,0.23,6.5,0.163,0.163,4.6,holt_winters
2012-06-11,AREQUIPA,3.903953556731335,3.5560171363522945,3.896329928947046,3.521213011953753,3.7630678410574223,-0.348,0.348,8.9,-0.008,0.008,0.2,-0.383,0.383,9.8,-0.141,0.141,3.6,holt_winters
2012-06-18,AREQUIPA,3.9805016656868513,3.683620987294775,4.093965971824829,3.521213011953753,3.5278761009913335,-0.297,0.297,7.5,0.113,0.113,2.8,-0.459,0.459,11.5,-0.453,0.453,11.4,holt_winters
2012-06-25,AREQUIPA,3.521213011953753,3.581812070443841,4.273759475828954,3.521213011953753,4.7038348013217774,0.061,0.061,1.7,0.753,0.753,21.4,0.0,0.0,0.0,1.183,1.183,33.6,naive
2012-07-02,AREQUIPA,3.36811679404272,3.5946561093048848,4.686355673912912,3.521213011953753,4.939026541387866,0.227,0.227,6.7,1.318,1.318,39.1,0.153,0.153,4.5,1.571,1.571,46.6,naive
2012-07-09,AREQUIPA,4.286694101508917,3.4029157586225134,3.677551013681306,3.36811679404272,4.782232048010473,-0.884,0.884,20.6,-0.609,0.609,14.2,-0.919,0.919,21.4,0.496,0.496,11.6,seasonal_naive
2012-07-16,AREQUIPA,4.363242210464433,3.506062281696713,3.435837601161664,3.36811679404272,2.979095374170459,-0.857,0.857,19.6,-0.927,0.927,21.2,-0.995,0.995,22.8,-1.384,1.384,31.7,arima
2012-07-23,AREQUIPA,5.05217519106408,3.4202732483075975,3.180907145029786,3.36811679404272,3.214287114236548,-1.632,1.632,32.3,-1.871,1.871,37.0,-1.684,1.684,33.3,-1.838,1.838,36.4,arima
2012-07-30,AREQUIPA,3.9805016656868504,3.4291430603955098,3.299595566585822,3.36811679404272,3.8414650877461174,-0.551,0.551,13.8,-0.681,0.681,17.1,-0.612,0.612,15.4,-0.139,0.139,3.5,seasonal_naive
2012-08-06,AREQUIPA,3.9805016656868504,4.088764118931487,4.136081340825766,3.980501665686851,4.233451321189601,0.108,0.108,2.7,0.156,0.156,3.9,0.0,0.0,0.0,0.253,0.253,6.4,naive
2012-08-13,AREQUIPA,3.1384724671761712,3.7663939274411184,4.120477738334827,3.980501665686851,3.6846705943687255,0.628,0.628,20.0,0.982,0.982,31.3,0.842,0.842,26.8,0.546,0.546,17.4,seasonal_naive
2012-08-20,AREQUIPA,3.2150205761316877,3.927195746289513,4.091764948249905,3.980501665686851,3.4494788543026367,0.712,0.712,22.1,0.877,0.877,27.3,0.765,0.765,23.8,0.234,0.234,7.3,seasonal_naive
2012-08-27,AREQUIPA,2.9853762492651383,3.9710638104017724,4.072784356313403,3.980501665686851,3.998259581123511,0.986,0.986,33.0,1.087,1.087,36.4,0.995,0.995,33.3,1.013,1.013,33.9,arima
2012-09-03,AREQUIPA,2.602635704487556,2.981749914587257,3.0641273643617444,2.985376249265138,4.468643061255689,0.379,0.379,14.6,0.461,0.461,17.7,0.383,0.383,14.7,1.866,1.866,71.7,arima
2012-09-10,AREQUIPA,2.4495394865765237,2.91004353358036,2.7841379434139752,2.985376249265138,4.625437554633082,0.461,0.461,18.8,0.335,0.335,13.7,0.536,0.536,21.9,2.176,2.176,88.8,holt_winters
2012-09-17,AREQUIPA,1.837154614932393,2.95844912280615,2.693976765581222,2.985376249265138,4.076656827812208,1.121,1.121,61.0,0.857,0.857,46.6,1.148,1.148,62.5,2.24,2.24,121.9,holt_winters
2012-09-24,AREQUIPA,1.9137027238879092,2.9610422610719773,2.55588673868616,2.985376249265138,4.5470403079443855,1.047,1.047,54.7,0.642,0.642,33.5,1.072,1.072,56.0,2.633,2.633,137.6,holt_winters
2012-10-01,AREQUIPA,2.066798941798942,1.7860450836574246,1.9574868899893896,1.9137027238879099,4.86062929469917,-0.281,0.281,13.6,-0.109,0.109,5.3,-0.153,0.153,7.4,2.794,2.794,135.2,holt_winters
2012-10-08,AREQUIPA,2.602635704487556,1.964921635255111,1.8231247042580558,1.9137027238879099,4.547040307944384,-0.638,0.638,24.5,-0.78,0.78,30.0,-0.689,0.689,26.5,1.944,1.944,74.7,arima
2012-10-15,AREQUIPA,2.755731922398589,1.910383583876496,1.701847146486274,1.9137027238879099,4.5470403079443855,-0.845,0.845,30.7,-1.054,1.054,38.2,-0.842,0.842,30.6,1.791,1.791,65.0,naive
2012-10-22,AREQUIPA,2.52608759553204,1.8590460637169315,1.5974634245758037,1.9137027238879099,4.625437554633082,-0.667,0.667,26.4,-0.929,0.929,36.8,-0.612,0.612,24.2,2.099,2.099,83.1,naive
2012-10-29,AREQUIPA,2.1433470507544583,2.521729485850693,2.809736880628313,2.52608759553204,4.782232048010474,0.378,0.378,17.6,0.666,0.666,31.1,0.383,0.383,17.9,2.639,2.639,123.1,arima
2012-11-05,AREQUIPA,1.9902508328434256,2.5046657005771844,2.6977487306539616,2.52608759553204,3.3710816076139416,0.514,0.514,25.8,0.707,0.707,35.5,0.536,0.536,26.9,1.381,1.381,69.4,arima
2012-11-12,AREQUIPA,1.7606065059768765,2.517753103724514,2.847147706627772,2.52608759553204,3.919862334434816,0.757,0.757,43.0,1.087,1.087,61.7,0.765,0.765,43.5,2.159,2.159,122.6,arima
2012-11-19,AREQUIPA,2.2198951597099748,2.5170833825663608,2.7587385947596066,2.52608759553204,4.782232048010474,0.297,0.297,13.4,0.539,0.539,24.3,0.306,0.306,13.8,2.562,2.562,115.4,arima
2012-11-26,AREQUIPA,2.449539486576523,2.288430911025708,2.0099901201180947,2.2198951597099748,4.86062929469917,-0.161,0.161,6.6,-0.44,0.44,18.0,-0.23,0.23,9.4,2.411,2.411,98.4,arima
2012-12-03,AREQUIPA,3.1384724671761703,2.4238381816728585,1.7565031531994704,2.2198951597099748,3.214287114236548,-0.715,0.715,22.8,-1.382,1.382,44.0,-0.919,0.919,29.3,0.076,0.076,2.4,seasonal_naive
2012-12-10,AREQUIPA,2.9853762492651383,2.303260537504198,1.557703231359199,2.2198951597099748,2.508711894038282,-0.682,0.682,22.8,-1.428,1.428,47.8,-0.765,0.765,25.6,-0.477,0.477,16.0,seasonal_naive
2012-12-17,AREQUIPA,2.908828140309622,2.31890084642324,1.732881568616567,2.2198951597099748,2.900698127481763,-0.59,0.59,20.3,-1.176,1.176,40.4,-0.689,0.689,23.7,-0.008,0.008,0.3,seasonal_naive
2012-12-24,AREQUIPA,2.52608759553204,2.7523235851863785,3.1764451218101,2.908828140309622,3.057492620859156,0.226,0.226,8.9,0.65,0.65,25.7,0.383,0.383,15.2,0.531,0.531,21.0,arima
2012-12-31,AREQUIPA,2.755731922398589,2.7993697868539815,3.6265906579713336,2.908828140309622,2.723563119039391,0.044,0.044,1.6,0.871,0.871,31.6,0.153,0.153,5.6,-0.032,0.032,1.2,seasonal_naive
2013-01-07,AREQUIPA,2.586760447561817,2.841362622692368,3.609526742403471,2.908828140309622,2.9273195176414215,0.255,0.255,9.9,1.023,1.023,39.5,0.322,0.322,12.4,0.341,0.341,13.2,arima
2013-01-14,AREQUIPA,2.6421415472830145,2.79209785832018,3.750736662712555,2.908828140309622,3.1384724671761717,0.15,0.15,5.7,1.109,1.109,42.0,0.267,0.267,10.1,0.496,0.496,18.8,arima
2013-01-21,AREQUIPA,2.6922308946956317,2.5180945818971012,2.721285109340219,2.6421415472830145,3.7508573388203033,-0.174,0.174,6.5,0.029,0.029,1.1,-0.05,0.05,1.9,1.059,1.059,39.3,holt_winters
2013-01-28,AREQUIPA,2.916583469253601,2.608589956571008,2.551821952063547,2.6421415472830145,3.903953556731336,-0.308,0.308,10.6,-0.365,0.365,12.5,-0.274,0.274,9.4,0.987,0.987,33.8,naive
2013-02-04,AREQUIPA,3.14093604381157,2.6065937544106967,2.6415650667018804,2.6421415472830145,3.7508573388203015,-0.534,0.534,17.0,-0.499,0.499,15.9,-0.499,0.499,15.9,0.61,0.61,19.4,holt_winters
2013-02-11,AREQUIPA,3.066151852292247,2.5664560701541985,2.6414791372673774,2.6421415472830145,3.2915686850872046,-0.5,0.5,16.3,-0.425,0.425,13.9,-0.424,0.424,13.8,0.225,0.225,7.3,seasonal_naive
2013-02-18,AREQUIPA,2.6174467031763085,3.116086980153769,3.4261176551820265,3.066151852292247,3.7508573388203015,0.499,0.499,19.1,0.809,0.809,30.9,0.449,0.449,17.2,1.133,1.133,43.3,naive
2013-02-25,AREQUIPA,2.1687415540603703,3.0853861065232326,3.443256356822231,3.066151852292247,4.363242210464433,0.917,0.917,42.3,1.275,1.275,58.8,0.897,0.897,41.4,2.195,2.195,101.2,naive
2013-03-04,AREQUIPA,1.420899638867139,3.082223950491527,3.223991778675919,3.066151852292247,4.516338428375465,1.661,1.661,116.9,1.803,1.803,126.9,1.645,1.645,115.8,3.095,3.095,217.8,naive
2013-03-11,AREQUIPA,1.944388979502401,3.0982791299170866,3.166372537442289,3.066151852292247,4.133597883597884,1.154,1.154,59.4,1.222,1.222,62.8,1.122,1.122,57.7,2.189,2.189,112.6,naive
2013-03-18,AREQUIPA,1.6452522134251086,2.0329669427345385,1.8984402781342982,1.944388979502401,4.133597883597884,0.388,0.388,23.6,0.253,0.253,15.4,0.299,0.299,18.2,2.488,2.488,151.2,holt_winters
2013-03-25,AREQUIPA,2.0191731710217242,2.3659280158787768,2.2805198296527074,1.944388979502401,4.669434646286499,0.347,0.347,17.2,0.261,0.261,12.9,-0.075,0.075,3.7,2.65,2.65,131.2,naive
2013-04-01,AREQUIPA,1.5704680219057856,2.103027393826146,2.1925585323111627,1.944388979502401,4.592886537330982,0.533,0.533,33.9,0.622,0.622,39.6,0.374,0.374,23.8,3.022,3.022,192.4,naive
2013-04-08,AREQUIPA,1.7200364049444314,2.1195647753388442,2.219518219282403,1.944388979502401,4.286694101508917,0.4,0.4,23.3,0.499,0.499,29.0,0.224,0.224,13.0,2.567,2.567,149.2,naive
2013-04-15,AREQUIPA,1.1965470643091696,1.6925484110483686,1.463090655662457,1.7200364049444312,3.4446649029982357,0.496,0.496,41.5,0.267,0.267,22.3,0.523,0.523,43.7,2.248,2.248,187.9,holt_winters
2013-04-22,AREQUIPA,1.1965470643091696,1.6688793833952782,1.3853568493483595,1.7200364049444312,3.521213011953753,0.472,0.472,39.4,0.189,0.189,15.8,0.523,0.523,43.7,2.325,2.325,194.3,holt_winters
2013-04-29,AREQUIPA,1.0469786812705235,1.6969349308519814,1.4074560685013924,1.7200364049444312,3.521213011953753,0.65,0.65,62.1,0.36,0.36,34.4,0.673,0.673,64.3,2.474,2.474,236.3,holt_winters
2013-05-06,AREQUIPA,1.346115447347816,1.6888506315945513,1.2994577912471952,1.7200364049444312,3.2915686850872046,0.343,0.343,25.5,-0.047,0.047,3.5,0.374,0.374,27.8,1.945,1.945,144.5,holt_winters
2013-05-13,AREQUIPA,1.6452522134251086,1.272526083325185,1.4454748629370275,1.3461154473478159,4.361061528409211,-0.373,0.373,22.7,-0.2,0.2,12.2,-0.299,0.299,18.2,2.716,2.716,165.1,holt_winters
2013-05-20,AREQUIPA,2.467878320137663,1.3319003854815081,1.3476240270986612,1.3461154473478159,4.1314172015426625,-1.136,1.136,46.0,-1.12,1.12,45.4,-1.122,1.122,45.5,1.664,1.664,67.4,holt_winters
2013-05-27,AREQUIPA,3.440072809888863,1.324650546373571,1.5130392614623616,1.3461154473478159,4.514157746320244,-2.115,2.115,61.5,-1.927,1.927,56.0,-2.094,2.094,60.9,1.074,1.074,31.2,seasonal_naive
2013-06-03,AREQUIPA,3.5148570014081866,1.3027618427573788,1.6607368898342267,1.3461154473478159,3.521213011953753,-2.212,2.212,62.9,-1.854,1.854,52.7,-2.169,2.169,61.7,0.006,0.006,0.2,seasonal_naive
2013-06-10,AREQUIPA,3.440072809888863,3.485110514124428,3.9168144418520683,3.5148570014081875,3.9039535567313344,0.045,0.045,1.3,0.477,0.477,13.9,0.075,0.075,2.2,0.464,0.464,13.5,arima
2013-06-17,AREQUIPA,2.841799277734278,3.3750315428792117,3.8766638687901116,3.5148570014081875,3.9805016656868517,0.533,0.533,18.8,1.035,1.035,36.4,0.673,0.673,23.7,1.139,1.139,40.1,arima
2013-06-24,AREQUIPA,3.0661518522922475,3.4615435213691743,4.150491760709029,3.5148570014081875,3.521213011953753,0.395,0.395,12.9,1.084,1.084,35.4,0.449,0.449,14.6,0.455,0.455,14.8,arima
2013-07-01,AREQUIPA,2.7670150862149554,3.4523433780345796,4.271943422773962,3.5148570014081875,3.36811679404272,0.685,0.685,24.8,1.505,1.505,54.4,0.748,0.748,27.0,0.601,0.601,21.7,seasonal_naive
2013-07-08,AREQUIPA,3.066151852292247,2.873498724260865,3.36572109591586,2.7670150862149554,4.286694101508917,-0.193,0.193,6.3,0.3,0.3,9.8,-0.299,0.299,9.8,1.221,1.221,39.8,arima
2013-07-15,AREQUIPA,3.066151852292247,2.7007715444397675,2.9702559825448382,2.7670150862149554,4.363242210464433,-0.365,0.365,11.9,-0.096,0.096,3.1,-0.299,0.299,9.8,1.297,1.297,42.3,holt_winters
2013-07-22,AREQUIPA,3.6644253844468317,2.769192646894153,3.025080199732855,2.7670150862149554,5.052175191064079,-0.895,0.895,24.4,-0.639,0.639,17.4,-0.897,0.897,24.5,1.388,1.388,37.9,holt_winters
2013-07-29,AREQUIPA,3.1409360438115708,2.798072492040142,2.840430498632461,2.7670150862149554,3.980501665686851,-0.343,0.343,10.9,-0.301,0.301,9.6,-0.374,0.374,11.9,0.84,0.84,26.7,holt_winters
2013-08-05,AREQUIPA,2.7670150862149554,2.9947794728508215,3.158305877854933,3.140936043811571,3.980501665686851,0.228,0.228,8.2,0.391,0.391,14.1,0.374,0.374,13.5,1.213,1.213,43.8,arima
2013-08-12,AREQUIPA,2.7670150862149554,2.7729097467468664,2.918025386429104,3.140936043811571,3.1384724671761717,0.006,0.006,0.2,0.151,0.151,5.5,0.374,0.374,13.5,0.371,0.371,13.4,arima
2013-08-19,AREQUIPA,2.841799277734278,2.983003406887595,2.868512667875267,3.140936043811571,3.2150205761316872,0.141,0.141,5.0,0.027,0.027,1.0,0.299,0.299,10.5,0.373,0.373,13.1,holt_winters
2013-08-26,AREQUIPA,2.617446703176309,2.9370779003604186,2.951788552119312,3.140936043811571,2.985376249265138,0.32,0.32,12.2,0.334,0.334,12.8,0.523,0.523,20.0,0.368,0.368,14.1,arima
2013-09-02,AREQUIPA,1.9443889795024007,2.353221667725245,2.5604289186054134,2.617446703176309,2.6026357044875557,0.409,0.409,21.0,0.616,0.616,31.7,0.673,0.673,34.6,0.658,0.658,33.8,arima
2013-09-09,AREQUIPA,2.093957362541047,2.391893907498546,2.360248362948399,2.617446703176309,2.4495394865765237,0.298,0.298,14.2,0.266,0.266,12.7,0.523,0.523,25.0,0.356,0.356,17.0,holt_winters
2013-09-16,AREQUIPA,2.5426625116569856,2.4817320132996863,2.062006822682112,2.617446703176309,1.837154614932393,-0.061,0.061,2.4,-0.481,0.481,18.9,0.075,0.075,2.9,-0.706,0.706,27.8,arima
2013-09-23,AREQUIPA,2.617446703176309,2.40302314866466,2.0312900205082607,2.617446703176309,1.9137027238879099,-0.214,0.214,8.2,-0.586,0.586,22.4,0.0,0.0,0.0,-0.704,0.704,26.9,naive
2013-09-30,AREQUIPA,2.916583469253601,2.5634467463984936,2.8435056945746924,2.617446703176309,2.066798941798942,-0.353,0.353,12.1,-0.073,0.073,2.5,-0.299,0.299,10.3,-0.85,0.85,29.1,holt_winters
2013-10-07,AREQUIPA,2.916583469253601,2.4017747314633895,2.5915210769032666,2.617446703176309,2.6026357044875557,-0.515,0.515,17.7,-0.325,0.325,11.1,-0.299,0.299,10.3,-0.314,0.314,10.8,naive
2013-10-14,AREQUIPA,2.841799277734278,2.5324734461989933,2.4989597454397146,2.617446703176309,2.755731922398589,-0.309,0.309,10.9,-0.343,0.343,12.1,-0.224,0.224,7.9,-0.086,0.086,3.0,seasonal_naive
2013-10-21,AREQUIPA,2.4678783201376624,2.516872539947132,2.393517554562836,2.617446703176309,2.52608759553204,0.049,0.049,2.0,-0.074,0.074,3.0,0.15,0.15,6.1,0.058,0.058,2.4,arima
2013-10-28,AREQUIPA,2.1687415540603703,2.3007373158084374,2.634876090710507,2.4678783201376624,2.143347050754458,0.132,0.132,6.1,0.466,0.466,21.5,0.299,0.299,13.8,-0.025,0.025,1.2,seasonal_naive
2013-11-04,AREQUIPA,2.3183099370990163,2.4205314055737563,2.57976870738488,2.4678783201376624,1.9902508328434263,0.102,0.102,4.4,0.261,0.261,11.3,0.15,0.15,6.5,-0.328,0.328,14.1,arima
2013-11-11,AREQUIPA,2.16874155406037,2.414324791251478,2.5798842300602267,2.4678783201376624,1.7606065059768765,0.246,0.246,11.3,0.411,0.411,19.0,0.299,0.299,13.8,-0.408,0.408,18.8,arima
2013-11-18,AREQUIPA,2.3930941286183396,2.3644392826285365,2.6623776391043124,2.4678783201376624,2.2198951597099748,-0.029,0.029,1.2,0.269,0.269,11.2,0.075,0.075,3.1,-0.173,0.173,7.2,arima
2013-11-25,AREQUIPA,1.9443889795024007,2.436083914197503,2.3679330796195077,2.393094128618339,2.4495394865765237,0.492,0.492,25.3,0.424,0.424,21.8,0.449,0.449,23.1,0.505,0.505,26.0,holt_winters
2013-12-02,AREQUIPA,1.8696047879830775,2.542625336428919,2.0921825250372885,2.393094128618339,3.13847246717617,0.673,0.673,36.0,0.223,0.223,11.9,0.523,0.523,28.0,1.269,1.269,67.9,holt_winters
2013-12-09,AREQUIPA,1.3461154473478156,2.4498834082064356,1.7615459375153368,2.393094128618339,2.985376249265138,1.104,1.104,82.0,0.415,0.415,30.8,1.047,1.047,77.8,1.639,1.639,121.8,holt_winters
2013-12-16,AREQUIPA,1.2713312558284926,2.466432297593977,1.7779831417203416,2.393094128618339,2.908828140309622,1.195,1.195,94.0,0.507,0.507,39.9,1.122,1.122,88.3,1.637,1.637,128.8,holt_winters
2013-12-23,AREQUIPA,1.0469786812705233,1.14908726073062,1.3735549965084433,1.2713312558284926,2.52608759553204,0.102,0.102,9.7,0.327,0.327,31.2,0.224,0.224,21.4,1.479,1.479,141.3,arima
2013-12-30,AREQUIPA,1.420899638867139,1.1706340923842906,1.5876588862888754,1.2713312558284926,2.755731922398589,-0.25,0.25,17.6,0.167,0.167,11.8,-0.15,0.15,10.6,1.335,1.335,94.0,naive
2014-01-06,AREQUIPA,1.5586768319934066,1.2056556752993832,1.5366598277937098,1.2713312558284926,2.5867604475618164,-0.353,0.353,22.6,-0.022,0.022,1.4,-0.287,0.287,18.4,1.028,1.028,66.0,holt_winters
2014-01-13,AREQUIPA,2.0636371599092165,1.1728527082553981,1.5316725064465064,1.2713312558284926,2.6421415472830145,-0.891,0.891,43.2,-0.532,0.532,25.8,-0.792,0.792,38.4,0.579,0.579,28.1,holt_winters
2014-01-20,AREQUIPA,1.973692867073978,2.0334454641405695,1.9819800333561344,2.0636371599092165,2.6922308946956317,0.06,0.06,3.0,0.008,0.008,0.4,0.09,0.09,4.6,0.719,0.719,36.4,holt_winters
2014-01-27,AREQUIPA,2.4122912819793068,2.205992461848458,1.9969047775275492,2.0636371599092165,2.9165834692536006,-0.206,0.206,8.5,-0.415,0.415,17.2,-0.349,0.349,14.5,0.504,0.504,20.9,arima
2014-02-03,AREQUIPA,2.4122912819793068,2.0934128691541583,2.207421495873654,2.0636371599092165,3.1409360438115703,-0.319,0.319,13.2,-0.205,0.205,8.5,-0.349,0.349,14.5,0.729,0.729,30.2,holt_winters
2014-02-10,AREQUIPA,2.1198923387090876,2.103891918559156,2.1975147600697844,2.0636371599092165,3.066151852292247,-0.016,0.016,0.8,0.078,0.078,3.7,-0.056,0.056,2.6,0.946,0.946,44.6,arima
2014-02-17,AREQUIPA,1.461994716351095,1.9782542964821097,2.188925659831981,2.119892338709088,2.617446703176308,0.516,0.516,35.3,0.727,0.727,49.7,0.658,0.658,45.0,1.155,1.155,79.0,arima
2014-02-24,AREQUIPA,1.0233963014457663,1.8581189727240766,2.2237801218595137,2.119892338709088,2.1687415540603703,0.835,0.835,81.6,1.2,1.2,117.3,1.096,1.096,107.1,1.145,1.145,111.9,arima
2014-03-03,AREQUIPA,1.3888949805335402,1.999512505521421,1.9850362852247971,2.119892338709088,1.420899638867139,0.611,0.611,44.0,0.596,0.596,42.9,0.731,0.731,52.6,0.032,0.032,2.3,seasonal_naive
2014-03-10,AREQUIPA,1.6812939238037592,1.9489809564375,2.1321647111575697,2.119892338709088,1.944388979502401,0.268,0.268,15.9,0.451,0.451,26.8,0.439,0.439,26.1,0.263,0.263,15.6,seasonal_naive
2014-03-17,AREQUIPA,1.973692867073978,1.882573827375281,1.6086520113655904,1.6812939238037594,1.6452522134251084,-0.091,0.091,4.6,-0.365,0.365,18.5,-0.292,0.292,14.8,-0.328,0.328,16.6,arima
2014-03-24,AREQUIPA,1.8274933954388686,1.7181273841575178,1.9716108129268073,1.6812939238037594,2.0191731710217242,-0.109,0.109,6.0,0.144,0.144,7.9,-0.146,0.146,8.0,0.192,0.192,10.5,arima
2014-03-31,AREQUIPA,1.315795244715985,1.7564359624207668,1.749802988088069,1.6812939238037594,1.5704680219057856,0.441,0.441,33.5,0.434,0.434,33.0,0.365,0.365,27.7,0.255,0.255,19.4,seasonal_naive
2014-04-07,AREQUIPA,1.0233963014457663,1.793074706699883,1.7945584488954878,1.6812939238037594,1.7200364049444312,0.77,0.77,75.2,0.771,0.771,75.3,0.658,0.658,64.3,0.697,0.697,68.1,naive
2014-04-14,AREQUIPA,0.6578976223579925,0.834339737584884,0.7826891703151806,1.0233963014457665,1.1965470643091694,0.176,0.176,26.8,0.125,0.125,19.0,0.365,0.365,55.5,0.539,0.539,81.9,holt_winters
2014-04-21,AREQUIPA,0.8771968298106568,0.9495480022978096,0.7000801694482692,1.0233963014457665,1.1965470643091694,0.072,0.072,8.2,-0.177,0.177,20.2,0.146,0.146,16.6,0.319,0.319,36.4,arima
2014-04-28,AREQUIPA,0.9502965656282115,0.9396860323531453,0.6961927204075042,1.0233963014457665,1.0469786812705233,-0.011,0.011,1.2,-0.254,0.254,26.7,0.073,0.073,7.7,0.097,0.097,10.2,arima
2014-05-05,AREQUIPA,1.1695957730808757,0.9005054010467755,0.6763467404051358,1.0233963014457665,1.3461154473478159,-0.269,0.269,23.0,-0.493,0.493,42.2,-0.146,0.146,12.5,0.177,0.177,15.1,naive
2014-05-12,AREQUIPA,1.1695957730808757,1.17718708400631,1.2586960193317003,1.1695957730808755,1.6452522134251084,0.008,0.008,0.7,0.089,0.089,7.6,-0.0,0.0,0.0,0.476,0.476,40.7,naive
2014-05-19,AREQUIPA,1.1695957730808757,1.1873919534279342,1.331477839510951,1.1695957730808755,2.4678783201376633,0.018,0.018,1.5,0.162,0.162,13.9,-0.0,0.0,0.0,1.298,1.298,111.0,naive
2014-05-26,AREQUIPA,1.0964960372633212,1.1771314428683142,1.620483342235802,1.1695957730808755,3.4400728098888624,0.081,0.081,7.4,0.524,0.524,47.8,0.073,0.073,6.7,2.344,2.344,213.8,naive
2014-06-02,AREQUIPA,1.0964960372633212,1.1804723721393584,1.7049343518101563,1.1695957730808755,3.5148570014081875,0.084,0.084,7.7,0.608,0.608,55.4,0.073,0.073,6.7,2.418,2.418,220.5,naive
2014-06-09,AREQUIPA,1.5350944521686494,1.0845738665098734,1.2498783159293945,1.0964960372633215,3.4400728098888624,-0.451,0.451,29.4,-0.285,0.285,18.6,-0.439,0.439,28.6,1.905,1.905,124.1,holt_winters
2014-06-16,AREQUIPA,1.8274933954388686,1.1023788866713402,1.097630627815163,1.0964960372633215,2.841799277734278,-0.725,0.725,39.7,-0.73,0.73,39.9,-0.731,0.731,40.0,1.014,1.014,55.5,arima
2014-06-23,AREQUIPA,1.8274933954388686,1.0943490205517539,1.2758069156998992,1.0964960372633215,3.066151852292247,-0.733,0.733,40.1,-0.552,0.552,30.2,-0.731,0.731,40.0,1.239,1.239,67.8,holt_winters
2014-06-30,AREQUIPA,1.38889498053354,1.0930654498721126,1.2847995433786736,1.0964960372633215,2.7670150862149554,-0.296,0.296,21.3,-0.104,0.104,7.5,-0.292,0.292,21.0,1.378,1.378,99.2,holt_winters
2014-07-07,AREQUIPA,1.2426955088984304,1.3043374547042483,1.5697782566909915,1.3888949805335398,3.066151852292247,0.062,0.062,5.0,0.327,0.327,26.3,0.146,0.146,11.7,1.823,1.823,146.7,arima
2014-07-14,AREQUIPA,1.4619947163510947,1.3168767136371948,1.4195122067834998,1.3888949805335398,3.066151852292247,-0.145,0.145,9.9,-0.042,0.042,2.9,-0.073,0.073,5.0,1.604,1.604,109.7,holt_winters
2014-07-21,AREQUIPA,1.8274933954388686,1.3415846952877821,1.529629213896551,1.3888949805335398,3.6644253844468313,-0.486,0.486,26.6,-0.298,0.298,16.3,-0.439,0.439,24.0,1.837,1.837,100.5,holt_winters
2014-07-28,AREQUIPA,1.973692867073978,1.3186992030848494,1.4135078147187854,1.3888949805335398,3.140936043811571,-0.655,0.655,33.2,-0.56,0.56,28.4,-0.585,0.585,29.6,1.167,1.167,59.1,holt_winters
2014-08-04,AREQUIPA,1.7543936596213137,1.9657715182073,2.0115517389206543,1.9736928670739777,2.7670150862149554,0.211,0.211,12.0,0.257,0.257,14.6,0.219,0.219,12.5,1.013,1.013,57.7,arima
2014-08-11,AREQUIPA,2.8508896968846353,1.8862234105584577,1.9177503441370565,1.9736928670739777,2.7670150862149554,-0.965,0.965,33.8,-0.933,0.933,32.7,-0.877,0.877,30.8,-0.084,0.084,2.9,seasonal_naive
2014-08-18,AREQUIPA,2.4853910177968612,1.9457882873385781,1.8743889640509162,1.9736928670739777,2.841799277734278,-0.54,0.54,21.7,-0.611,0.611,24.6,-0.512,0.512,20.6,0.356,0.356,14.3,seasonal_naive
2014-08-25,AREQUIPA,3.5087873192426273,1.9345435609952921,1.884885881772922,1.9736928670739777,2.617446703176309,-1.574,1.574,44.9,-1.624,1.624,46.3,-1.535,1.535,43.7,-0.891,0.891,25.4,seasonal_naive
2014-09-01,AREQUIPA,2.192992074526642,2.8374174481209042,3.143387370320477,3.508787319242627,1.944388979502401,0.644,0.644,29.4,0.95,0.95,43.3,1.316,1.316,60.0,-0.249,0.249,11.4,seasonal_naive
2014-09-08,AREQUIPA,2.6315904894319706,3.561851008674382,2.969982569089296,3.508787319242627,2.0939573625410466,0.93,0.93,35.3,0.338,0.338,12.8,0.877,0.877,33.3,-0.538,0.538,20.4,holt_winters
2014-09-15,AREQUIPA,2.1198923387090876,3.27168957762232,2.8600575944276723,3.508787319242627,2.542662511656986,1.152,1.152,54.3,0.74,0.74,34.9,1.389,1.389,65.5,0.423,0.423,20.0,seasonal_naive
2014-09-22,AREQUIPA,2.4853910177968612,3.194027382903098,2.8556701003375857,3.508787319242627,2.617446703176309,0.709,0.709,28.5,0.37,0.37,14.9,1.023,1.023,41.2,0.132,0.132,5.3,seasonal_naive
2014-09-29,AREQUIPA,2.5584907536144157,2.5763785238100367,2.698999806163628,2.4853910177968612,2.9165834692536006,0.018,0.018,0.7,0.141,0.141,5.5,-0.073,0.073,2.9,0.358,0.358,14.0,arima
2014-10-06,AREQUIPA,2.266091810344197,2.5961027999415585,2.503735406464172,2.4853910177968612,2.9165834692536006,0.33,0.33,14.6,0.238,0.238,10.5,0.219,0.219,9.7,0.65,0.65,28.7,naive
2014-10-13,AREQUIPA,1.5350944521686491,2.546557698309899,2.477629613621739,2.4853910177968612,2.841799277734278,1.011,1.011,65.9,0.943,0.943,61.4,0.95,0.95,61.9,1.307,1.307,85.1,holt_winters
2014-10-20,AREQUIPA,1.4619947163510945,2.575835727772063,2.3272036176841318,2.4853910177968612,2.4678783201376624,1.114,1.114,76.2,0.865,0.865,59.2,1.023,1.023,70.0,1.006,1.006,68.8,holt_winters
2014-10-27,AREQUIPA,1.827493395438868,1.3988881529735386,1.5184692167959426,1.4619947163510942,2.1687415540603703,-0.429,0.429,23.5,-0.309,0.309,16.9,-0.365,0.365,20.0,0.341,0.341,18.7,holt_winters
2014-11-03,AREQUIPA,2.63159048943197,1.5799273365154058,1.5001079398371107,1.4619947163510942,2.318309937099016,-1.052,1.052,40.0,-1.131,1.131,43.0,-1.17,1.17,44.5,-0.313,0.313,11.9,seasonal_naive
2014-11-10,AREQUIPA,2.485391017796861,1.4694419488922246,1.507150037472985,1.4619947163510942,2.1687415540603703,-1.016,1.016,40.9,-0.978,0.978,39.3,-1.023,1.023,41.2,-0.317,0.317,12.8,seasonal_naive
2014-11-17,AREQUIPA,2.5584907536144157,1.479776976009327,1.6728909313043192,1.4619947163510942,2.393094128618339,-1.079,1.079,42.2,-0.886,0.886,34.6,-1.096,1.096,42.8,-0.165,0.165,6.4,seasonal_naive
2014-11-24,AREQUIPA,1.827493395438868,2.4766419867551264,2.385255999269811,2.5584907536144157,1.944388979502401,0.649,0.649,35.5,0.558,0.558,30.5,0.731,0.731,40.0,0.117,0.117,6.4,seasonal_naive
2014-12-01,AREQUIPA,2.6315904894319706,2.682399523299931,2.120380578142458,2.5584907536144157,1.8696047879830777,0.051,0.051,1.9,-0.511,0.511,19.4,-0.073,0.073,2.8,-0.762,0.762,29.0,arima
2014-12-08,AREQUIPA,1.9736928670739777,2.5627595193526256,1.7024550928340885,2.5584907536144157,1.3461154473478154,0.589,0.589,29.8,-0.271,0.271,13.7,0.585,0.585,29.6,-0.628,0.628,31.8,holt_winters
2014-12-15,AREQUIPA,2.119892338709087,2.5713379572870823,1.727418869905644,2.5584907536144157,1.2713312558284926,0.451,0.451,21.3,-0.392,0.392,18.5,0.439,0.439,20.7,-0.849,0.849,40.0,holt_winters
2014-12-22,AREQUIPA,1.169595773080875,1.61932905801672,2.291766715693779,2.119892338709087,1.0469786812705233,0.45,0.45,38.5,1.122,1.122,95.9,0.95,0.95,81.2,-0.123,0.123,10.5,seasonal_naive
2014-12-29,AREQUIPA,1.6081941879862036,1.7568388210429369,2.608091993871105,2.119892338709087,1.420899638867139,0.149,0.149,9.3,1.0,1.0,62.2,0.512,0.512,31.8,-0.187,0.187,11.6,arima
2015-01-05,AREQUIPA,2.027469661329933,1.8348394310963814,2.5764087579059116,2.119892338709087,1.5586768319934063,-0.193,0.193,9.5,0.549,0.549,27.1,0.092,0.092,4.5,-0.469,0.469,23.1,naive
2015-01-12,AREQUIPA,2.232276662611398,1.7231657139412113,2.759005479105638,2.119892338709087,2.0636371599092165,-0.509,0.509,22.8,0.527,0.527,23.6,-0.112,0.112,5.0,-0.169,0.169,7.6,naive
2015-01-19,AREQUIPA,2.8595796274968586,2.099134403509446,2.263643647317412,2.2322766626113983,1.9736928670739777,-0.76,0.76,26.6,-0.596,0.596,20.8,-0.627,0.627,21.9,-0.886,0.886,31.0,holt_winters
2015-01-26,AREQUIPA,2.4306426833723296,1.9367714086584256,2.288800748573236,2.2322766626113983,2.4122912819793068,-0.494,0.494,20.3,-0.142,0.142,5.8,-0.198,0.198,8.1,-0.018,0.018,0.7,seasonal_naive
2015-02-02,AREQUIPA,2.3591531926849085,2.0899789255871086,2.401098793334236,2.2322766626113983,2.4122912819793068,-0.269,0.269,11.4,0.042,0.042,1.8,-0.127,0.127,5.4,0.053,0.053,2.2,holt_winters
2015-02-09,AREQUIPA,1.2153213416861646,2.0356346015586713,2.3229706772167056,2.2322766626113983,2.119892338709088,0.82,0.82,67.5,1.108,1.108,91.2,1.017,1.017,83.7,0.905,0.905,74.5,arima
2015-02-16,AREQUIPA,1.3583003230610078,1.111294783551323,1.2008677523562463,1.2153213416861646,1.4619947163510947,-0.247,0.247,18.2,-0.157,0.157,11.6,-0.143,0.143,10.5,0.104,0.104,7.7,seasonal_naive
2015-02-23,AREQUIPA,1.2153213416861646,1.0079567164285597,1.074741100595702,1.2153213416861646,1.0233963014457665,-0.207,0.207,17.0,-0.141,0.141,11.6,0.0,0.0,0.0,-0.192,0.192,15.8,naive
2015-03-02,AREQUIPA,1.3583003230610078,1.1097390447956519,1.013575777308473,1.2153213416861646,1.3888949805335402,-0.249,0.249,18.3,-0.345,0.345,25.4,-0.143,0.143,10.5,0.031,0.031,2.3,seasonal_naive
2015-03-09,AREQUIPA,1.572768795123272,1.07176404463832,1.2263990879335598,1.2153213416861646,1.6812939238037594,-0.501,0.501,31.9,-0.346,0.346,22.0,-0.357,0.357,22.7,0.109,0.109,6.9,seasonal_naive
2015-03-16,AREQUIPA,1.5012793044358503,1.7453374532610844,1.6044481323619255,1.572768795123272,1.9736928670739777,0.244,0.244,16.3,0.103,0.103,6.9,0.071,0.071,4.7,0.472,0.472,31.4,naive
2015-03-23,AREQUIPA,1.715747776498115,1.939418737174401,1.9213480104203144,1.572768795123272,1.8274933954388688,0.224,0.224,13.1,0.206,0.206,12.0,-0.143,0.143,8.3,0.112,0.112,6.5,seasonal_naive
2015-03-30,AREQUIPA,1.9302162485603798,1.7402593076868906,1.697533035972059,1.572768795123272,1.3157952447159849,-0.19,0.19,9.8,-0.233,0.233,12.1,-0.357,0.357,18.5,-0.614,0.614,31.8,arima
2015-04-06,AREQUIPA,2.0017057392478006,1.821393182684878,1.6664469741401864,1.572768795123272,1.0233963014457665,-0.18,0.18,9.0,-0.335,0.335,16.7,-0.429,0.429,21.4,-0.978,0.978,48.9,arima
2015-04-13,AREQUIPA,2.0017057392478006,2.018814400720687,1.5637579312304122,2.0017057392478006,0.6578976223579927,0.017,0.017,0.8,-0.438,0.438,21.9,0.0,0.0,0.0,-1.344,1.344,67.1,naive
2015-04-20,AREQUIPA,1.6442582858106938,1.7270928624698731,1.5939531634213364,2.0017057392478006,0.8771968298106569,0.083,0.083,5.0,-0.05,0.05,3.0,0.357,0.357,21.7,-0.767,0.767,46.6,holt_winters
2015-04-27,AREQUIPA,1.5012793044358503,1.9318241637820064,1.6307834163553805,2.0017057392478006,0.9502965656282114,0.431,0.431,28.7,0.13,0.13,8.7,0.5,0.5,33.3,-0.551,0.551,36.7,holt_winters
2015-05-04,AREQUIPA,1.286810832373586,1.872339910363086,1.6483512623318362,2.0017057392478006,1.1695957730808755,0.586,0.586,45.5,0.362,0.362,28.1,0.715,0.715,55.6,-0.117,0.117,9.1,seasonal_naive
2015-05-11,AREQUIPA,0.9293633789364786,1.168644522668587,1.4274463719480885,1.286810832373586,1.1695957730808755,0.239,0.239,25.7,0.498,0.498,53.6,0.357,0.357,38.4,0.24,0.24,25.8,arima
2015-05-18,AREQUIPA,0.9293633789364786,1.25462800102214,1.4983378636367801,1.286810832373586,1.1695957730808755,0.325,0.325,35.0,0.569,0.569,61.2,0.357,0.357,38.4,0.24,0.24,25.8,seasonal_naive
2015-05-25,AREQUIPA,1.0723423603113216,1.2292012296825425,1.8104903168205886,1.286810832373586,1.0964960372633215,0.157,0.157,14.6,0.738,0.738,68.8,0.214,0.214,20.0,0.024,0.024,2.2,seasonal_naive
2015-06-01,AREQUIPA,1.143831850998743,1.2201953057029797,1.8515390979458375,1.286810832373586,1.0964960372633215,0.076,0.076,6.6,0.708,0.708,61.9,0.143,0.143,12.5,-0.047,0.047,4.1,seasonal_naive
2015-06-08,AREQUIPA,1.5012793044358503,1.2112093687644085,1.2997935727519367,1.143831850998743,1.5350944521686496,-0.29,0.29,19.3,-0.201,0.201,13.4,-0.357,0.357,23.8,0.034,0.034,2.3,seasonal_naive
2015-06-15,AREQUIPA,2.0731952299352225,1.0824672146312757,1.2571618245853395,1.143831850998743,1.8274933954388688,-0.991,0.991,47.8,-0.816,0.816,39.4,-0.929,0.929,44.8,-0.246,0.246,11.9,seasonal_naive
2015-06-22,AREQUIPA,2.43064268337233,1.1510571234424565,1.402835787418347,1.143831850998743,1.8274933954388688,-1.28,1.28,52.7,-1.028,1.028,42.3,-1.287,1.287,52.9,-0.603,0.603,24.8,seasonal_naive
2015-06-29,AREQUIPA,2.43064268337233,1.143833134156976,1.2919028471136058,1.143831850998743,1.3888949805335398,-1.287,1.287,52.9,-1.139,1.139,46.9,-1.287,1.287,52.9,-1.042,1.042,42.9,seasonal_naive
2015-07-06,AREQUIPA,1.9302162485603798,2.1241802904951044,2.5886181534195853,2.4306426833723296,1.2426955088984304,0.194,0.194,10.1,0.658,0.658,34.1,0.5,0.5,25.9,-0.688,0.688,35.6,arima
2015-07-13,AREQUIPA,1.5012793044358503,2.2423727802319555,2.4159995406054193,2.4306426833723296,1.4619947163510947,0.741,0.741,49.4,0.915,0.915,60.9,0.929,0.929,61.9,-0.039,0.039,2.6,seasonal_naive
2015-07-20,AREQUIPA,1.286810832373586,2.2603674122348547,2.690973282213768,2.4306426833723296,1.8274933954388688,0.974,0.974,75.7,1.404,1.404,109.1,1.144,1.144,88.9,0.541,0.541,42.0,seasonal_naive
2015-07-27,AREQUIPA,0.8578738882490571,2.207946883114371,2.6308211462236435,2.4306426833723296,1.9736928670739777,1.35,1.35,157.4,1.773,1.773,206.7,1.573,1.573,183.4,1.116,1.116,130.1,seasonal_naive
2015-08-03,AREQUIPA,1.143831850998743,0.8744292976363193,0.8196342697447272,0.8578738882490571,1.7543936596213134,-0.269,0.269,23.5,-0.324,0.324,28.3,-0.286,0.286,25.0,0.611,0.611,53.4,arima
2015-08-10,AREQUIPA,1.143831850998743,0.7604630006055237,0.8921189218424344,0.8578738882490571,2.850889696884635,-0.383,0.383,33.5,-0.252,0.252,22.0,-0.286,0.286,25.0,1.707,1.707,149.2,holt_winters
2015-08-17,AREQUIPA,1.858726757872958,0.8315528723134751,0.8501571968386457,0.8578738882490571,2.4853910177968612,-1.027,1.027,55.3,-1.009,1.009,54.3,-1.001,1.001,53.9,0.627,0.627,33.7,seasonal_naive
2015-08-24,AREQUIPA,2.001705739247801,0.8217830084501994,0.9686942808765069,0.8578738882490571,3.508787319242627,-1.18,1.18,58.9,-1.033,1.033,51.6,-1.144,1.144,57.2,1.507,1.507,75.3,holt_winters
2015-08-31,AREQUIPA,2.0731952299352225,2.252490006196545,1.6053553869263526,2.0017057392478015,2.192992074526642,0.179,0.179,8.6,-0.468,0.468,22.6,-0.071,0.071,3.4,0.12,0.12,5.8,naive
2015-09-07,AREQUIPA,1.6442582858106938,2.13109477711325,1.6864647058449198,2.0017057392478015,2.631590489431971,0.487,0.487,29.6,0.042,0.042,2.6,0.357,0.357,21.7,0.987,0.987,60.0,holt_winters
2015-09-14,AREQUIPA,1.143831850998743,2.1292214904824096,1.466875449789002,2.0017057392478015,2.119892338709088,0.985,0.985,86.1,0.323,0.323,28.2,0.858,0.858,75.0,0.976,0.976,85.3,holt_winters
2015-09-21,AREQUIPA,1.429789813748429,2.1697731330709678,1.6004932706955741,2.0017057392478015,2.4853910177968612,0.74,0.74,51.8,0.171,0.171,12.0,0.572,0.572,40.0,1.056,1.056,73.9,holt_winters
2015-09-28,AREQUIPA,1.3583003230610078,1.4666521453991064,1.558953287935552,1.429789813748429,2.5584907536144157,0.108,0.108,8.0,0.201,0.201,14.8,0.071,0.071,5.2,1.2,1.2,88.3,naive
2015-10-05,AREQUIPA,1.858726757872958,1.7468938040534527,1.4407293544962654,1.429789813748429,2.2660918103441965,-0.112,0.112,6.0,-0.418,0.418,22.5,-0.429,0.429,23.1,0.407,0.407,21.9,arima
2015-10-12,AREQUIPA,1.5012793044358503,1.5483529401683898,1.296954062974661,1.429789813748429,1.5350944521686491,0.047,0.047,3.1,-0.204,0.204,13.6,-0.071,0.071,4.7,0.034,0.034,2.3,seasonal_naive
2015-10-19,AREQUIPA,1.715747776498115,1.5841024348085933,1.2527874606149054,1.429789813748429,1.4619947163510942,-0.132,0.132,7.7,-0.463,0.463,27.0,-0.286,0.286,16.7,-0.254,0.254,14.8,arima
2015-10-26,AREQUIPA,1.715747776498115,1.5996273480987138,1.6948803498016587,1.715747776498115,1.827493395438868,-0.116,0.116,6.8,-0.021,0.021,1.2,0.0,0.0,0.0,0.112,0.112,6.5,naive
2015-11-02,AREQUIPA,1.7872372671855363,1.691419346611342,1.7564428013933124,1.715747776498115,2.63159048943197,-0.096,0.096,5.4,-0.031,0.031,1.7,-0.071,0.071,4.0,0.844,0.844,47.2,holt_winters
2015-11-09,AREQUIPA,1.7872372671855363,1.666696468068534,1.7357407564180671,1.715747776498115,2.4853910177968612,-0.121,0.121,6.8,-0.051,0.051,2.9,-0.071,0.071,4.0,0.698,0.698,39.1,holt_winters
2015-11-16,AREQUIPA,1.3583003230610078,1.6533062066765059,2.0140521227748653,1.715747776498115,2.5584907536144157,0.295,0.295,21.7,0.656,0.656,48.3,0.357,0.357,26.3,1.2,1.2,88.3,arima
2015-11-23,AREQUIPA,1.3583003230610078,1.3094862609259623,1.1956739170290542,1.358300323061008,1.827493395438868,-0.049,0.049,3.6,-0.163,0.163,12.0,0.0,0.0,0.0,0.469,0.469,34.5,naive
2015-11-30,AREQUIPA,1.0008528696239,1.1817653816492593,1.1742860540757136,1.358300323061008,2.631590489431971,0.181,0.181,18.1,0.173,0.173,17.3,0.357,0.357,35.7,1.631,1.631,163.0,holt_winters
2015-12-07,AREQUIPA,1.286810832373586,1.2825910463929735,0.8294292648466897,1.358300323061008,1.9736928670739777,-0.004,0.004,0.3,-0.457,0.457,35.5,0.071,0.071,5.5,0.687,0.687,53.4,arima
2015-12-14,AREQUIPA,1.0008528696239,1.256663297817707,0.8465638592314055,1.358300323061008,2.119892338709087,0.256,0.256,25.6,-0.154,0.154,15.4,0.357,0.357,35.7,1.119,1.119,111.8,holt_winters
2015-12-21,AREQUIPA,1.0723423603113216,1.1171290933970317,0.7577519392631686,1.0008528696239,1.169595773080875,0.045,0.045,4.2,-0.315,0.315,29.4,-0.071,0.071,6.6,0.097,0.097,9.0,arima
2015-12-28,AREQUIPA,0.5004264348119496,0.9402704172011584,0.9458079170053657,1.0008528696239,1.6081941879862036,0.44,0.44,87.9,0.445,0.445,88.9,0.5,0.5,99.9,1.108,1.108,221.4,arima
2016-01-04,AREQUIPA,0.6357012511759802,1.0213453893535047,1.0670771373163936,1.0008528696239,2.027469661329933,0.386,0.386,60.7,0.431,0.431,67.8,0.365,0.365,57.4,1.392,1.392,219.0,naive
2016-01-11,AREQUIPA,0.7694352345378483,1.0250299912932972,1.1154521747777166,1.0008528696239,2.2322766626113983,0.256,0.256,33.3,0.346,0.346,45.0,0.231,0.231,30.0,1.463,1.463,190.1,naive
2016-01-18,AREQUIPA,2.0984597305577695,1.066817094716754,0.9176646421969392,0.7694352345378483,2.8595796274968586,-1.032,1.032,49.2,-1.181,1.181,56.3,-1.329,1.329,63.3,0.761,0.761,36.3,seasonal_naive
2016-01-25,AREQUIPA,2.238357045928288,1.0474907857294564,0.9291746933747214,0.7694352345378483,2.4306426833723296,-1.191,1.191,53.2,-1.309,1.309,58.5,-1.469,1.469,65.6,0.192,0.192,8.6,seasonal_naive
2016-02-01,AREQUIPA,2.1684083882430287,0.9572304668660265,0.890149760657704,0.7694352345378483,2.3591531926849085,-1.211,1.211,55.8,-1.278,1.278,58.9,-1.399,1.399,64.5,0.191,0.191,8.8,seasonal_naive
2016-02-08,AREQUIPA,1.0492298652788845,1.0264822774347961,0.7136499850003779,0.7694352345378483,1.2153213416861646,-0.023,0.023,2.2,-0.336,0.336,32.0,-0.28,0.28,26.7,0.166,0.166,15.8,arima
2016-02-15,AREQUIPA,1.1191785229641436,0.9232628200116975,0.9787836495550819,1.0492298652788845,1.358300323061008,-0.196,0.196,17.5,-0.14,0.14,12.5,-0.07,0.07,6.3,0.239,0.239,21.4,naive
2016-02-22,AREQUIPA,1.4689218113904385,0.8090206145087302,0.907330703563821,1.0492298652788845,1.2153213416861646,-0.66,0.66,44.9,-0.562,0.562,38.3,-0.42,0.42,28.6,-0.254,0.254,17.3,seasonal_naive
2016-02-29,AREQUIPA,1.4689218113904385,0.9216127682622413,0.8314466832580629,1.0492298652788845,1.358300323061008,-0.547,0.547,37.2,-0.637,0.637,43.4,-0.42,0.42,28.6,-0.111,0.111,7.6,seasonal_naive
2016-03-07,AREQUIPA,1.1191785229641436,0.8771896526981995,0.9077387617477923,1.0492298652788845,1.572768795123272,-0.242,0.242,21.6,-0.211,0.211,18.9,-0.07,0.07,6.3,0.454,0.454,40.6,naive
2016-03-14,AREQUIPA,1.1191785229641436,0.7964145573593577,1.1325574633497908,1.1191785229641438,1.5012793044358501,-0.323,0.323,28.9,0.013,0.013,1.2,0.0,0.0,0.0,0.382,0.382,34.1,naive
2016-03-21,AREQUIPA,1.1891271806494026,0.8650571671243272,1.3249450518334966,1.1191785229641438,1.715747776498115,-0.324,0.324,27.2,0.136,0.136,11.4,-0.07,0.07,5.9,0.527,0.527,44.3,naive
2016-03-28,AREQUIPA,1.3989731537051797,0.9135260270055396,1.156767435500094,1.1191785229641438,1.93021624856038,-0.485,0.485,34.7,-0.242,0.242,17.3,-0.28,0.28,20.0,0.531,0.531,38.0,holt_winters
2016-04-04,AREQUIPA,1.1891271806494024,0.8588330619707893,1.1247233109309511,1.1191785229641438,2.0017057392478006,-0.33,0.33,27.8,-0.064,0.064,5.4,-0.07,0.07,5.9,0.813,0.813,68.4,holt_winters
2016-04-11,AREQUIPA,1.3989731537051797,1.3282627272236591,0.9003147109477807,1.1891271806494021,2.0017057392478006,-0.071,0.071,5.1,-0.499,0.499,35.7,-0.21,0.21,15.0,0.603,0.603,43.1,arima
2016-04-18,AREQUIPA,1.3989731537051797,1.3454085464992165,0.9397331842127494,1.1891271806494021,1.644258285810694,-0.054,0.054,3.9,-0.459,0.459,32.8,-0.21,0.21,15.0,0.245,0.245,17.5,arima
2016-04-25,AREQUIPA,0.9792812075936256,1.2858011957319753,0.9362560519371093,1.1891271806494021,1.5012793044358501,0.307,0.307,31.3,-0.043,0.043,4.4,0.21,0.21,21.4,0.522,0.522,53.3,holt_winters
2016-05-02,AREQUIPA,0.9792812075936256,1.3208003517456066,0.9243509686088367,1.1891271806494021,1.286810832373586,0.342,0.342,34.9,-0.055,0.055,5.6,0.21,0.21,21.4,0.308,0.308,31.5,holt_winters
2016-05-09,AREQUIPA,1.0492298652788845,0.8842324581718333,1.0829592421895455,0.9792812075936255,0.9293633789364786,-0.165,0.165,15.7,0.034,0.034,3.2,-0.07,0.07,6.7,-0.12,0.12,11.4,holt_winters
2016-05-16,AREQUIPA,1.3290244960199207,1.0492327965802009,1.1457241749742058,0.9792812075936255,0.9293633789364786,-0.28,0.28,21.1,-0.183,0.183,13.8,-0.35,0.35,26.3,-0.4,0.4,30.1,holt_winters
2016-05-23,AREQUIPA,1.6088191267609566,0.9664428137668486,1.3856522244460114,0.9792812075936255,1.0723423603113216,-0.642,0.642,39.9,-0.223,0.223,13.9,-0.63,0.63,39.2,-0.536,0.536,33.3,holt_winters
2016-05-30,AREQUIPA,1.7487164421314747,0.9656289049090174,1.4104936114027722,0.9792812075936255,1.143831850998743,-0.783,0.783,44.8,-0.338,0.338,19.3,-0.769,0.769,44.0,-0.605,0.605,34.6,holt_winters
2016-06-06,AREQUIPA,1.8186650998167337,1.9692879644521017,2.039917840619246,1.7487164421314745,1.5012793044358501,0.151,0.151,8.3,0.221,0.221,12.2,-0.07,0.07,3.8,-0.317,0.317,17.4,naive
2016-06-13,AREQUIPA,1.8886137575019928,1.8872566474263377,2.1229248202540814,1.7487164421314745,2.0731952299352225,-0.001,0.001,0.1,0.234,0.234,12.4,-0.14,0.14,7.4,0.185,0.185,9.8,arima
2016-06-20,AREQUIPA,1.6088191267609566,1.867090185061314,2.317014286609959,1.7487164421314745,2.4306426833723296,0.258,0.258,16.0,0.708,0.708,44.0,0.14,0.14,8.7,0.822,0.822,51.1,naive
2016-06-27,AREQUIPA,2.09845973055777,1.9090787463281802,2.16315011198402,1.7487164421314745,2.4306426833723296,-0.189,0.189,9.0,0.065,0.065,3.1,-0.35,0.35,16.7,0.332,0.332,15.8,holt_winters
2016-07-04,AREQUIPA,2.1684083882430287,1.9636593410696253,2.1026117065298244,2.09845973055777,1.93021624856038,-0.205,0.205,9.5,-0.066,0.066,3.0,-0.07,0.07,3.2,-0.238,0.238,11.0,holt_winters
2016-07-11,AREQUIPA,2.658048992039842,2.2783139885958597,1.8892832639220352,2.09845973055777,1.5012793044358501,-0.38,0.38,14.3,-0.769,0.769,28.9,-0.56,0.56,21.1,-1.157,1.157,43.5,arima
2016-07-18,AREQUIPA,2.308305703613547,2.1003301277780495,2.14245341224909,2.09845973055777,1.286810832373586,-0.208,0.208,9.0,-0.166,0.166,7.2,-0.21,0.21,9.1,-1.021,1.021,44.2,holt_winters
2016-07-25,AREQUIPA,2.3782543612988056,2.1175764426330326,1.967245537162754,2.09845973055777,0.8578738882490571,-0.261,0.261,11.0,-0.411,0.411,17.3,-0.28,0.28,11.8,-1.52,1.52,63.9,arima
2016-08-01,AREQUIPA,2.448203018984065,2.3732452262190002,2.332428500161464,2.3782543612988056,1.143831850998743,-0.075,0.075,3.1,-0.116,0.116,4.7,-0.07,0.07,2.9,-1.304,1.304,53.3,naive
2016-08-08,AREQUIPA,2.658048992039842,2.552136500062098,2.363528182326913,2.3782543612988056,1.143831850998743,-0.106,0.106,4.0,-0.295,0.295,11.1,-0.28,0.28,10.5,-1.514,1.514,57.0,arima
2016-08-15,AREQUIPA,2.658048992039842,2.4253464676275036,2.4880686532409517,2.3782543612988056,1.858726757872958,-0.233,0.233,8.8,-0.17,0.17,6.4,-0.28,0.28,10.5,-0.799,0.799,30.1,holt_winters
2016-08-22,AREQUIPA,2.3782543612988056,2.45115582714332,2.713808039995431,2.3782543612988056,2.0017057392478015,0.073,0.073,3.1,0.336,0.336,14.1,0.0,0.0,0.0,-0.377,0.377,15.9,naive
2016-08-29,AREQUIPA,2.028511072872511,2.370135612326898,1.9220404986546162,2.3782543612988056,2.0731952299352225,0.342,0.342,16.9,-0.106,0.106,5.2,0.35,0.35,17.3,0.045,0.045,2.2,seasonal_naive
2016-09-05,AREQUIPA,1.5388704690756976,2.1875880717720833,1.9361375974907298,2.3782543612988056,1.644258285810694,0.649,0.649,42.2,0.397,0.397,25.8,0.839,0.839,54.5,0.105,0.105,6.8,seasonal_naive
2016-09-12,AREQUIPA,1.5388704690756976,2.320620992462642,1.6497713035166917,2.3782543612988056,1.143831850998743,0.782,0.782,50.8,0.111,0.111,7.2,0.839,0.839,54.5,-0.395,0.395,25.7,holt_winters
2016-09-19,AREQUIPA,1.6787677844462154,2.2886547217177116,1.8608611249939182,2.3782543612988056,1.429789813748429,0.61,0.61,36.3,0.182,0.182,10.8,0.699,0.699,41.6,-0.249,0.249,14.8,holt_winters
2016-09-26,AREQUIPA,1.8186650998167337,1.7939927090679109,1.7747951089722767,1.6787677844462152,1.358300323061008,-0.025,0.025,1.4,-0.044,0.044,2.4,-0.14,0.14,7.7,-0.46,0.46,25.3,arima
2016-10-03,AREQUIPA,1.6088191267609566,1.7998903087144678,1.9045655901105785,1.6787677844462152,1.858726757872958,0.191,0.191,11.9,0.296,0.296,18.4,0.07,0.07,4.4,0.25,0.25,15.5,naive
2016-10-10,AREQUIPA,1.8186650998167337,1.7554376071413293,1.7087487482017876,1.6787677844462152,1.5012793044358501,-0.063,0.063,3.5,-0.11,0.11,6.0,-0.14,0.14,7.7,-0.317,0.317,17.4,arima
2016-10-17,AREQUIPA,1.6088191267609566,1.7848514432668492,1.6641418312208591,1.6787677844462152,1.715747776498115,0.176,0.176,10.9,0.055,0.055,3.4,0.07,0.07,4.4,0.107,0.107,6.7,holt_winters
2016-10-24,AREQUIPA,1.6787677844462154,1.7752484632878862,1.5957144362495748,1.6088191267609564,1.715747776498115,0.096,0.096,5.7,-0.083,0.083,4.9,-0.07,0.07,4.2,0.037,0.037,2.2,seasonal_naive
2016-10-31,AREQUIPA,1.3989731537051793,1.5240204289627304,1.6018095155098022,1.6088191267609564,1.787237267185536,0.125,0.125,8.9,0.203,0.203,14.5,0.21,0.21,15.0,0.388,0.388,27.7,arima
2016-11-07,AREQUIPA,1.7487164421314745,1.6438702950336768,1.586215564378349,1.6088191267609564,1.787237267185536,-0.105,0.105,6.0,-0.163,0.163,9.3,-0.14,0.14,8.0,0.039,0.039,2.2,seasonal_naive
2016-11-14,AREQUIPA,1.9585624151872516,1.6430121716815558,1.7220749907849142,1.6088191267609564,1.358300323061008,-0.316,0.316,16.1,-0.236,0.236,12.0,-0.35,0.35,17.9,-0.6,0.6,30.6,holt_winters
2016-11-21,AREQUIPA,1.8186650998167337,2.0759850276475653,1.7429346481634571,1.9585624151872518,1.358300323061008,0.257,0.257,14.1,-0.076,0.076,4.2,0.14,0.14,7.7,-0.46,0.46,25.3,holt_winters
2016-11-28,AREQUIPA,1.6088191267609566,2.0128763490960364,1.7569064361795252,1.9585624151872518,1.0008528696239,0.404,0.404,25.1,0.148,0.148,9.2,0.35,0.35,21.8,-0.608,0.608,37.8,holt_winters
2016-12-05,AREQUIPA,1.6088191267609566,2.0190743304171344,1.5462277670630358,1.9585624151872518,1.286810832373586,0.41,0.41,25.5,-0.063,0.063,3.9,0.35,0.35,21.8,-0.322,0.322,20.0,holt_winters
2016-12-12,AREQUIPA,1.9585624151872516,2.035017670843925,1.5677950780605743,1.9585624151872518,1.0008528696239,0.076,0.076,3.9,-0.391,0.391,20.0,0.0,0.0,0.0,-0.958,0.958,48.9,naive
2016-12-19,AREQUIPA,1.6787677844462159,2.104051453385247,1.5562557760611617,1.9585624151872518,1.0723423603113216,0.425,0.425,25.3,-0.123,0.123,7.3,0.28,0.28,16.7,-0.606,0.606,36.1,holt_winters
2016-12-26,AREQUIPA,2.1684083882430287,2.1338475368361918,1.5646078817856353,1.9585624151872518,0.5004264348119496,-0.035,0.035,1.6,-0.604,0.604,27.9,-0.21,0.21,9.7,-1.668,1.668,76.9,arima
2017-01-02,AREQUIPA,1.742813184702326,2.069722399352617,1.7275392104904959,1.9585624151872518,0.6357012511759803,0.327,0.327,18.8,-0.015,0.015,0.9,0.216,0.216,12.4,-1.107,1.107,63.5,holt_winters
2017-01-09,AREQUIPA,1.8053827706011496,2.106131056952382,1.95570363333097,1.9585624151872518,0.7694352345378483,0.301,0.301,16.7,0.15,0.15,8.3,0.153,0.153,8.5,-1.036,1.036,57.4,holt_winters
2017-01-16,AREQUIPA,1.0270926499195776,1.3433228055596276,2.4042993413926053,1.8053827706011498,2.0984597305577695,0.316,0.316,30.8,1.377,1.377,134.1,0.778,0.778,75.7,1.071,1.071,104.3,arima
2017-01-23,AREQUIPA,1.437929709887409,1.371782863862459,2.4734591775148482,1.8053827706011498,2.238357045928288,-0.066,0.066,4.6,1.036,1.036,72.0,0.367,0.367,25.5,0.8,0.8,55.6,arima
2017-01-30,AREQUIPA,2.0541852998391565,1.4934514428365562,2.4315523660430545,1.8053827706011498,2.168408388243029,-0.561,0.561,27.3,0.377,0.377,18.4,-0.249,0.249,12.1,0.114,0.114,5.5,seasonal_naive
2017-02-06,AREQUIPA,1.9172396131832123,1.3940132671933076,1.757597594321008,1.8053827706011498,1.0492298652788845,-0.523,0.523,27.3,-0.16,0.16,8.3,-0.112,0.112,5.8,-0.868,0.868,45.3,naive
2017-02-13,AREQUIPA,1.7802939265272688,1.7491979731151686,1.6862226263047408,1.9172396131832121,1.1191785229641438,-0.031,0.031,1.7,-0.094,0.094,5.3,0.137,0.137,7.7,-0.661,0.661,37.1,arima
2017-02-20,AREQUIPA,1.1640383365755216,1.3595712032500762,1.6125664212531445,1.9172396131832121,1.4689218113904383,0.196,0.196,16.8,0.449,0.449,38.6,0.753,0.753,64.7,0.305,0.305,26.2,arima
2017-02-27,AREQUIPA,1.5748753965433526,1.6840191062142953,1.598502560180311,1.9172396131832121,1.4689218113904383,0.109,0.109,6.9,0.024,0.024,1.5,0.342,0.342,21.7,-0.106,0.106,6.7,holt_winters
2017-03-06,AREQUIPA,1.2325111799034933,1.566658638679995,1.6856192132876182,1.9172396131832121,1.1191785229641438,0.334,0.334,27.1,0.453,0.453,36.8,0.685,0.685,55.6,-0.113,0.113,9.2,seasonal_naive
2017-03-13,AREQUIPA,1.5748753965433526,1.3493967980667443,1.2611236268346575,1.2325111799034936,1.1191785229641438,-0.225,0.225,14.3,-0.314,0.314,19.9,-0.342,0.342,21.7,-0.456,0.456,29.0,arima
2017-03-20,AREQUIPA,1.7802939265272686,1.240292953703642,1.4119943779180888,1.2325111799034936,1.1891271806494026,-0.54,0.54,30.3,-0.368,0.368,20.7,-0.548,0.548,30.8,-0.591,0.591,33.2,holt_winters
2017-03-27,AREQUIPA,1.7802939265272684,1.2832376534583338,1.3266554995646604,1.2325111799034936,1.3989731537051795,-0.497,0.497,27.9,-0.454,0.454,25.5,-0.548,0.548,30.8,-0.381,0.381,21.4,seasonal_naive
2017-04-03,AREQUIPA,1.7802939265272686,1.2852458215157743,1.2460390143906137,1.2325111799034936,1.1891271806494021,-0.495,0.495,27.8,-0.534,0.534,30.0,-0.548,0.548,30.8,-0.591,0.591,33.2,arima
2017-04-10,AREQUIPA,1.4379297098874089,1.5752183627947303,1.5531477787694903,1.7802939265272681,1.3989731537051795,0.137,0.137,9.5,0.115,0.115,8.0,0.342,0.342,23.8,-0.039,0.039,2.7,seasonal_naive
2017-04-17,AREQUIPA,1.9172396131832123,1.7565463571467936,1.5729293838301497,1.7802939265272681,1.3989731537051795,-0.161,0.161,8.4,-0.344,0.344,17.9,-0.137,0.137,7.1,-0.518,0.518,27.0,naive
2017-04-24,AREQUIPA,1.5748753965433526,1.6857978434999517,1.4440354667632307,1.7802939265272681,0.9792812075936255,0.111,0.111,7.0,-0.131,0.131,8.3,0.205,0.205,13.0,-0.596,0.596,37.8,arima
2017-05-01,AREQUIPA,1.7118210831992966,1.679397609452971,1.505219266418,1.7802939265272681,0.9792812075936255,-0.032,0.032,1.9,-0.207,0.207,12.1,0.068,0.068,4.0,-0.733,0.733,42.8,arima
2017-05-08,AREQUIPA,1.369456866559437,1.4365288969529795,1.7002511737178678,1.7118210831992964,1.0492298652788845,0.067,0.067,4.9,0.331,0.331,24.2,0.342,0.342,25.0,-0.32,0.32,23.4,arima
2017-05-15,AREQUIPA,1.7118210831992968,1.5776544862365118,1.9730198338213922,1.7118210831992964,1.3290244960199207,-0.134,0.134,7.8,0.261,0.261,15.2,-0.0,0.0,0.0,-0.383,0.383,22.4,naive
2017-05-22,AREQUIPA,1.9172396131832123,1.5547682054325418,2.3326277323409275,1.7118210831992964,1.6088191267609564,-0.362,0.362,18.9,0.415,0.415,21.6,-0.205,0.205,10.7,-0.308,0.308,16.1,naive
2017-05-29,AREQUIPA,2.53349520313496,1.5278416793743483,2.3229724549871325,1.7118210831992964,1.7487164421314745,-1.006,1.006,39.7,-0.211,0.211,8.3,-0.822,0.822,32.4,-0.785,0.785,31.0,holt_winters
2017-06-05,AREQUIPA,2.601968046462932,2.6809170533014255,2.791148746473123,2.5334952031349602,1.8186650998167337,0.079,0.079,3.0,0.189,0.189,7.3,-0.068,0.068,2.6,-0.783,0.783,30.1,naive
2017-06-12,AREQUIPA,2.396549516479016,2.8322963126954925,2.9730724008764366,2.5334952031349602,1.888613757501993,0.436,0.436,18.2,0.577,0.577,24.1,0.137,0.137,5.7,-0.508,0.508,21.2,naive
2017-06-19,AREQUIPA,1.9857124565111846,2.6830114581611646,2.9653368977488244,2.5334952031349602,1.6088191267609564,0.697,0.697,35.1,0.98,0.98,49.4,0.548,0.548,27.6,-0.377,0.377,19.0,seasonal_naive
2017-06-26,AREQUIPA,1.6433482398713248,2.7486469559944338,2.89685902895785,2.5334952031349602,2.09845973055777,1.105,1.105,67.2,1.254,1.254,76.3,0.89,0.89,54.2,0.455,0.455,27.7,seasonal_naive
2017-07-03,AREQUIPA,1.9172396131832123,1.6010567929009003,1.5967417468934273,1.6433482398713246,2.168408388243029,-0.316,0.316,16.5,-0.32,0.32,16.7,-0.274,0.274,14.3,0.251,0.251,13.1,seasonal_naive
2017-07-10,AREQUIPA,2.53349520313496,1.4931054767617753,1.6778492619907195,1.6433482398713246,2.6580489920398422,-1.04,1.04,41.1,-0.856,0.856,33.8,-0.89,0.89,35.1,0.125,0.125,4.9,seasonal_naive
2017-07-17,AREQUIPA,2.8758594197748195,1.5807003781170077,1.8210943035643203,1.6433482398713246,2.3083057036135473,-1.295,1.295,45.0,-1.055,1.055,36.7,-1.233,1.233,42.9,-0.568,0.568,19.8,seasonal_naive
2017-07-24,AREQUIPA,2.7389137331188755,1.5466067041564,1.6032016814626457,1.6433482398713246,2.3782543612988056,-1.192,1.192,43.5,-1.136,1.136,41.5,-1.096,1.096,40.0,-0.361,0.361,13.2,seasonal_naive
2017-07-31,AREQUIPA,2.8073865764468473,2.3287603574111824,2.722731426123938,2.738913733118875,2.4482030189840644,-0.479,0.479,17.1,-0.085,0.085,3.0,-0.068,0.068,2.4,-0.359,0.359,12.8,naive
2017-08-07,AREQUIPA,3.0812779497587353,2.4319755202578395,2.9728112652138807,2.738913733118875,2.6580489920398422,-0.649,0.649,21.1,-0.108,0.108,3.5,-0.342,0.342,11.1,-0.423,0.423,13.7,holt_winters
2017-08-14,AREQUIPA,3.4921150097265663,2.467348946917325,3.2334017030199176,2.738913733118875,2.6580489920398422,-1.025,1.025,29.4,-0.259,0.259,7.4,-0.753,0.753,21.6,-0.834,0.834,23.9,holt_winters
2017-08-21,AREQUIPA,3.0812779497587344,2.413637215058557,3.390778697098094,2.738913733118875,2.3782543612988056,-0.668,0.668,21.7,0.31,0.31,10.1,-0.342,0.342,11.1,-0.703,0.703,22.8,holt_winters
2017-08-28,AREQUIPA,2.6704408897909033,3.211411745448684,2.530488203863713,3.081277949758734,2.028511072872511,0.541,0.541,20.3,-0.14,0.14,5.2,0.411,0.411,15.4,-0.642,0.642,24.0,holt_winters
2017-09-04,AREQUIPA,2.6019680464629316,3.124839889552457,2.397103323856114,3.081277949758734,1.5388704690756976,0.523,0.523,20.1,-0.205,0.205,7.9,0.479,0.479,18.4,-1.063,1.063,40.9,holt_winters
2017-09-11,AREQUIPA,3.0128051064307626,3.1491674985030738,2.1219903030735194,3.081277949758734,1.5388704690756976,0.136,0.136,4.5,-0.891,0.891,29.6,0.068,0.068,2.3,-1.474,1.474,48.9,naive
2017-09-18,AREQUIPA,3.0128051064307626,3.1561369513116633,2.3394194374504704,3.081277949758734,1.6787677844462152,0.143,0.143,4.7,-0.673,0.673,22.3,0.068,0.068,2.3,-1.334,1.334,44.3,naive
2017-09-25,AREQUIPA,2.6704408897909033,3.0297844279675825,3.155192697527874,3.012805106430763,1.8186650998167337,0.359,0.359,13.4,0.485,0.485,18.2,0.342,0.342,12.8,-0.852,0.852,31.9,naive
2017-10-02,AREQUIPA,1.7118210831992968,2.5491292057379957,3.26097213822006,3.012805106430763,1.6088191267609564,0.837,0.837,48.9,1.549,1.549,90.5,1.301,1.301,76.0,-0.103,0.103,6.0,seasonal_naive
2017-10-09,AREQUIPA,1.8487667698552404,2.878221575782771,2.9817730275736647,3.012805106430763,1.8186650998167337,1.029,1.029,55.7,1.133,1.133,61.3,1.164,1.164,63.0,-0.03,0.03,1.6,seasonal_naive
2017-10-16,AREQUIPA,1.8487667698552404,2.779418697029548,2.801984545886354,3.012805106430763,1.6088191267609564,0.931,0.931,50.4,0.953,0.953,51.5,1.164,1.164,63.0,-0.24,0.24,13.0,seasonal_naive
2017-10-23,AREQUIPA,2.396549516479016,2.0967750573063237,1.9027284482534306,1.8487667698552404,1.6787677844462152,-0.3,0.3,12.5,-0.494,0.494,20.6,-0.548,0.548,22.9,-0.718,0.718,30.0,arima
2017-10-30,AREQUIPA,2.0541852998391565,2.0623068109415197,1.9831802925677056,1.8487667698552404,1.3989731537051795,0.008,0.008,0.4,-0.071,0.071,3.5,-0.205,0.205,10.0,-0.655,0.655,31.9,arima
2017-11-06,AREQUIPA,2.122658143167128,2.0152194849063996,1.952225583920017,1.8487667698552404,1.7487164421314745,-0.107,0.107,5.0,-0.17,0.17,8.0,-0.274,0.274,12.9,-0.374,0.374,17.6,arima
2017-11-13,AREQUIPA,1.7118210831992968,2.0578168491514663,2.031264467664959,1.8487667698552404,1.9585624151872518,0.346,0.346,20.2,0.319,0.319,18.6,0.137,0.137,8.0,0.247,0.247,14.4,naive
2017-11-20,AREQUIPA,2.054185299839156,1.875395777842463,1.4764761205780235,1.7118210831992968,1.8186650998167337,-0.179,0.179,8.7,-0.578,0.578,28.1,-0.342,0.342,16.6,-0.236,0.236,11.5,arima
2017-11-27,AREQUIPA,1.8487667698552404,1.7066770810000809,1.5634715631051819,1.7118210831992968,1.6088191267609564,-0.142,0.142,7.7,-0.285,0.285,15.4,-0.137,0.137,7.4,-0.24,0.24,13.0,naive
2017-12-04,AREQUIPA,2.122658143167128,1.7796486645659844,1.4152848433434015,1.7118210831992968,1.6088191267609564,-0.343,0.343,16.2,-0.707,0.707,33.3,-0.411,0.411,19.4,-0.514,0.514,24.2,arima
2017-12-11,AREQUIPA,2.259603829823072,1.7738577037367045,1.4133610643725043,1.7118210831992968,1.9585624151872518,-0.486,0.486,21.5,-0.846,0.846,37.4,-0.548,0.548,24.3,-0.301,0.301,13.3,seasonal_naive
2017-12-18,AREQUIPA,2.601968046462931,2.450814050981678,1.8236574976666193,2.259603829823072,1.6787677844462157,-0.151,0.151,5.8,-0.778,0.778,29.9,-0.342,0.342,13.1,-0.923,0.923,35.5,arima
2017-12-25,AREQUIPA,2.8758594197748195,2.5261504009130897,2.000862967120403,2.259603829823072,2.168408388243029,-0.35,0.35,12.2,-0.875,0.875,30.4,-0.616,0.616,21.4,-0.707,0.707,24.6,arima
2018-01-01,AREQUIPA,2.6617786974814748,2.4184315767833597,2.084916047002246,2.259603829823072,1.7428131847023263,-0.243,0.243,9.1,-0.577,0.577,21.7,-0.402,0.402,15.1,-0.919,0.919,34.5,arima
2018-01-08,AREQUIPA,1.972719168047041,2.473531807312522,2.337802160705215,2.259603829823072,1.8053827706011498,0.501,0.501,25.4,0.365,0.365,18.5,0.287,0.287,14.5,-0.167,0.167,8.5,seasonal_naive
2018-01-15,AREQUIPA,1.4873457301346376,1.6814707958168218,2.4018339013472847,1.9727191680470408,1.0270926499195774,0.194,0.194,13.0,0.914,0.914,61.5,0.485,0.485,32.6,-0.46,0.46,30.9,arima
2018-01-22,AREQUIPA,1.2169192337465213,1.476734440395922,2.6203723558852388,1.9727191680470408,1.4379297098874089,0.26,0.26,21.4,1.403,1.403,115.3,0.756,0.756,62.1,0.221,0.221,18.2,seasonal_naive
2018-01-29,AREQUIPA,1.7577722265227536,1.6910104437317979,2.7998207274082274,1.9727191680470408,2.0541852998391565,-0.067,0.067,3.8,1.042,1.042,59.3,0.215,0.215,12.2,0.296,0.296,16.8,arima
2018-02-05,AREQUIPA,1.8253788506197826,1.5939380951925384,2.1096965800112195,1.9727191680470408,1.9172396131832121,-0.231,0.231,12.7,0.284,0.284,15.6,0.147,0.147,8.1,0.092,0.092,5.0,seasonal_naive
2018-02-12,AREQUIPA,2.02819872291087,2.0898506161564394,1.6177297540767173,1.8253788506197823,1.7802939265272681,0.062,0.062,3.1,-0.41,0.41,20.2,-0.203,0.203,10.0,-0.248,0.248,12.2,arima
2018-02-19,AREQUIPA,2.3662318433960148,1.8361193762357693,1.417307389701187,1.8253788506197823,1.1640383365755218,-0.53,0.53,22.4,-0.949,0.949,40.1,-0.541,0.541,22.9,-1.202,1.202,50.8,arima
2018-02-26,AREQUIPA,2.839478212075218,1.941810976414179,1.5185911940700483,1.8253788506197823,1.5748753965433528,-0.898,0.898,31.6,-1.321,1.321,46.5,-1.014,1.014,35.7,-1.265,1.265,44.6,arima
2018-03-05,AREQUIPA,2.5014450915900728,1.9308241280196974,1.600435562338569,1.8253788506197823,1.2325111799034936,-0.571,0.571,22.8,-0.901,0.901,36.0,-0.676,0.676,27.0,-1.269,1.269,50.7,arima
2018-03-12,AREQUIPA,1.9605920988138408,2.064877201264478,2.706849516638835,2.5014450915900723,1.5748753965433528,0.104,0.104,5.3,0.746,0.746,38.0,0.541,0.541,27.6,-0.386,0.386,19.7,arima
2018-03-19,AREQUIPA,1.5549523542316666,1.7934306878886477,2.8967356510135467,2.5014450915900723,1.7802939265272681,0.238,0.238,15.3,1.342,1.342,86.3,0.946,0.946,60.8,0.225,0.225,14.5,seasonal_naive
2018-03-26,AREQUIPA,1.9605920988138408,2.0914480533182997,2.7332348024455073,2.5014450915900723,1.7802939265272681,0.131,0.131,6.7,0.773,0.773,39.4,0.541,0.541,27.6,-0.18,0.18,9.2,arima
2018-04-02,AREQUIPA,1.8929854747168118,1.956182375327693,2.611885097782704,2.5014450915900723,1.7802939265272681,0.063,0.063,3.3,0.719,0.719,38.0,0.608,0.608,32.1,-0.113,0.113,6.0,arima
2018-04-09,AREQUIPA,1.7577722265227536,2.060896027648452,1.7265339218700153,1.892985474716812,1.4379297098874089,0.303,0.303,17.2,-0.031,0.031,1.8,0.135,0.135,7.7,-0.32,0.32,18.2,holt_winters
2018-04-16,AREQUIPA,2.0958053470078988,1.98130186026814,1.7846045015194112,1.892985474716812,1.9172396131832121,-0.115,0.115,5.5,-0.311,0.311,14.8,-0.203,0.203,9.7,-0.179,0.179,8.5,arima
2018-04-23,AREQUIPA,2.0281987229108696,1.988707277540469,1.538143523505612,1.892985474716812,1.5748753965433528,-0.039,0.039,1.9,-0.49,0.49,24.2,-0.135,0.135,6.7,-0.453,0.453,22.3,arima
2018-04-30,AREQUIPA,2.2310185952019563,2.005386420369092,1.6194983914246124,1.892985474716812,1.7118210831992964,-0.226,0.226,10.1,-0.612,0.612,27.4,-0.338,0.338,15.2,-0.519,0.519,23.3,arima
2018-05-07,AREQUIPA,1.7577722265227536,1.848214084667744,2.008551288855802,2.2310185952019563,1.369456866559437,0.09,0.09,5.1,0.251,0.251,14.3,0.473,0.473,26.9,-0.388,0.388,22.1,arima
2018-05-14,AREQUIPA,2.02819872291087,1.8557245382000698,2.3076768969845953,2.2310185952019563,1.7118210831992968,-0.172,0.172,8.5,0.279,0.279,13.8,0.203,0.203,10.0,-0.316,0.316,15.6,arima
2018-05-21,AREQUIPA,2.163411971104928,1.955144080288982,2.600186571147859,2.2310185952019563,1.9172396131832121,-0.208,0.208,9.6,0.437,0.437,20.2,0.068,0.068,3.1,-0.246,0.246,11.4,naive
2018-05-28,AREQUIPA,2.433838467493045,1.8841027309742513,2.7905437826328625,2.2310185952019563,2.5334952031349602,-0.55,0.55,22.6,0.357,0.357,14.7,-0.203,0.203,8.3,0.1,0.1,4.1,seasonal_naive
2018-06-04,AREQUIPA,2.70426496388116,2.332894584385682,2.786048901961494,2.4338384674930453,2.601968046462932,-0.371,0.371,13.7,0.082,0.082,3.0,-0.27,0.27,10.0,-0.102,0.102,3.8,holt_winters
2018-06-11,AREQUIPA,2.6366583397841308,2.46849589119264,2.9344760945639816,2.4338384674930453,2.3965495164790163,-0.168,0.168,6.4,0.298,0.298,11.3,-0.203,0.203,7.7,-0.24,0.24,9.1,arima
2018-06-18,AREQUIPA,2.4338384674930436,2.402160360170425,2.9190287471436234,2.4338384674930453,1.9857124565111843,-0.032,0.032,1.3,0.485,0.485,19.9,0.0,0.0,0.0,-0.448,0.448,18.4,naive
2018-06-25,AREQUIPA,2.4338384674930436,2.4085134154064605,2.795721771823864,2.4338384674930453,1.6433482398713246,-0.025,0.025,1.0,0.362,0.362,14.9,0.0,0.0,0.0,-0.79,0.79,32.5,naive
2018-07-02,AREQUIPA,2.9746914602692756,2.630036896413126,2.3409079062421614,2.4338384674930436,1.9172396131832121,-0.345,0.345,11.6,-0.634,0.634,21.3,-0.541,0.541,18.2,-1.057,1.057,35.5,arima
2018-07-09,AREQUIPA,3.7859709494336244,2.87119755193872,2.5503217459538052,2.4338384674930436,2.5334952031349602,-0.915,0.915,24.2,-1.236,1.236,32.6,-1.352,1.352,35.7,-1.252,1.252,33.1,arima
2018-07-16,AREQUIPA,4.597250438597973,2.6370310673158412,2.7010941731212776,2.4338384674930436,2.8758594197748195,-1.96,1.96,42.6,-1.896,1.896,41.2,-2.163,2.163,47.0,-1.721,1.721,37.4,seasonal_naive
2018-07-23,AREQUIPA,4.394430566306886,2.7266787862315542,2.510180992359123,2.4338384674930436,2.738913733118875,-1.668,1.668,38.0,-1.884,1.884,42.9,-1.961,1.961,44.6,-1.656,1.656,37.7,seasonal_naive
2018-07-30,AREQUIPA,3.921184197627683,3.6224326076209423,3.6224326076209423,4.394430566306885,2.8073865764468477,-0.299,0.299,7.6,-0.299,0.299,7.6,0.473,0.473,12.1,-1.114,1.114,28.4,arima
2018-08-06,AREQUIPA,3.1099047084633344,3.6224326076209423,3.6224326076209423,4.394430566306885,3.0812779497587357,0.513,0.513,16.5,0.513,0.513,16.5,1.285,1.285,41.3,-0.029,0.029,0.9,seasonal_naive
2018-08-13,AREQUIPA,3.042298084366305,3.6224326076209423,3.6224326076209423,4.394430566306885,3.4921150097265663,0.58,0.58,19.1,0.58,0.58,19.1,1.352,1.352,44.4,0.45,0.45,14.8,seasonal_naive
2018-08-20,AREQUIPA,3.38033120485145,3.6224326076209423,3.6224326076209423,4.394430566306885,3.081277949758734,0.242,0.242,7.2,0.242,0.242,7.2,1.014,1.014,30.0,-0.299,0.299,8.8,arima
2018-08-27,AREQUIPA,2.839478212075218,3.398373925283308,2.824325304872768,3.3803312048514496,2.6704408897909033,0.559,0.559,19.7,-0.015,0.015,0.5,0.541,0.541,19.1,-0.169,0.169,6.0,holt_winters
2018-09-03,AREQUIPA,2.5014450915900728,3.647066971901155,2.636977845961908,3.3803312048514496,2.601968046462931,1.146,1.146,45.8,0.136,0.136,5.4,0.879,0.879,35.1,0.101,0.101,4.0,seasonal_naive
2018-09-10,AREQUIPA,2.298625219298986,3.466372529082383,2.505058408254711,3.3803312048514496,3.012805106430763,1.168,1.168,50.8,0.206,0.206,9.0,1.082,1.082,47.1,0.714,0.714,31.1,holt_winters
2018-09-17,AREQUIPA,2.5014450915900728,3.5197356594305216,2.6906909081311094,3.3803312048514496,3.012805106430763,1.018,1.018,40.7,0.189,0.189,7.6,0.879,0.879,35.1,0.511,0.511,20.4,holt_winters
2018-09-24,AREQUIPA,2.366231843396015,2.7712076742712157,2.455393884185696,2.5014450915900723,2.6704408897909033,0.405,0.405,17.1,0.089,0.089,3.8,0.135,0.135,5.7,0.304,0.304,12.8,holt_winters
2018-10-01,AREQUIPA,2.0281987229108696,2.597383474325879,2.2858800629790816,2.5014450915900723,1.7118210831992968,0.569,0.569,28.1,0.258,0.258,12.7,0.473,0.473,23.3,-0.316,0.316,15.6,holt_winters
2018-10-08,AREQUIPA,1.6225589783286953,2.6378977570924427,2.119618461674163,2.5014450915900723,1.8487667698552404,1.015,1.015,62.6,0.497,0.497,30.6,0.879,0.879,54.2,0.226,0.226,13.9,seasonal_naive
2018-10-15,AREQUIPA,1.6225589783286953,2.659953504506039,2.052625285395809,2.5014450915900723,1.8487667698552404,1.037,1.037,63.9,0.43,0.43,26.5,0.879,0.879,54.2,0.226,0.226,13.9,seasonal_naive
2018-10-22,AREQUIPA,1.5549523542316666,1.4684683687152895,1.8530814292522924,1.6225589783286956,2.3965495164790163,-0.086,0.086,5.5,0.298,0.298,19.2,0.068,0.068,4.4,0.842,0.842,54.1,naive
2018-10-29,AREQUIPA,1.8929854747168118,1.535386737709881,1.9227328952082532,1.6225589783286956,2.0541852998391565,-0.358,0.358,18.9,0.03,0.03,1.6,-0.27,0.27,14.3,0.161,0.161,8.5,holt_winters
2018-11-05,AREQUIPA,2.0958053470078988,1.5331128930202098,1.9724996827154704,1.6225589783286956,2.122658143167128,-0.563,0.563,26.9,-0.123,0.123,5.9,-0.473,0.473,22.6,0.027,0.027,1.3,seasonal_naive
2018-11-12,AREQUIPA,2.3662318433960148,1.5149293559062262,1.8942886928986118,1.6225589783286956,1.7118210831992968,-0.851,0.851,36.0,-0.472,0.472,19.9,-0.744,0.744,31.4,-0.654,0.654,27.6,holt_winters
2018-11-19,AREQUIPA,2.163411971104928,2.36970640791407,2.2062094477238667,2.3662318433960148,2.0541852998391565,0.206,0.206,9.5,0.043,0.043,2.0,0.203,0.203,9.4,-0.109,0.109,5.0,holt_winters
2018-11-26,AREQUIPA,2.366231843396015,2.4647690648241065,2.1739639894412193,2.3662318433960148,1.8487667698552404,0.099,0.099,4.2,-0.192,0.192,8.1,-0.0,0.0,0.0,-0.517,0.517,21.8,naive
2018-12-03,AREQUIPA,1.6901656024257248,2.397587980079139,2.0813906173793097,2.3662318433960148,2.122658143167128,0.707,0.707,41.8,0.391,0.391,23.1,0.676,0.676,40.0,0.432,0.432,25.6,holt_winters
2018-12-10,AREQUIPA,2.0958053470078988,2.4160749364314755,2.1260437582380756,2.3662318433960148,2.259603829823072,0.32,0.32,15.3,0.03,0.03,1.4,0.27,0.27,12.9,0.164,0.164,7.8,holt_winters
2018-12-17,AREQUIPA,1.8929854747168118,1.8332883321006612,1.8329040944186592,2.0958053470078988,2.601968046462931,-0.06,0.06,3.2,-0.06,0.06,3.2,0.203,0.203,10.7,0.709,0.709,37.5,arima
2018-12-24,AREQUIPA,2.1634119711049276,2.293635996076354,1.9407051395311314,2.0958053470078988,2.8758594197748195,0.13,0.13,6.0,-0.223,0.223,10.3,-0.068,0.068,3.1,0.712,0.712,32.9,naive
2018-12-31,AREQUIPA,1.8253788506197826,2.038677550818986,1.9545057896740219,2.0958053470078988,2.6617786974814748,0.213,0.213,11.7,0.129,0.129,7.1,0.27,0.27,14.8,0.836,0.836,45.8,holt_winters
2019-01-07,AREQUIPA,1.8828505540927178,2.0774377199560914,2.005558360029326,2.0958053470078988,1.9727191680470408,0.195,0.195,10.4,0.123,0.123,6.5,0.213,0.213,11.3,0.09,0.09,4.8,seasonal_naive
2019-01-14,AREQUIPA,1.8760939403433217,2.0310400327608167,2.0430477157799243,1.8828505540927178,1.4873457301346376,0.155,0.155,8.3,0.167,0.167,8.9,0.007,0.007,0.4,-0.389,0.389,20.7,naive
2019-01-21,AREQUIPA,1.9360993739722805,2.0783193453497786,2.13482389137316,1.8828505540927178,1.2169192337465211,0.142,0.142,7.3,0.199,0.199,10.3,-0.053,0.053,2.7,-0.719,0.719,37.1,naive
2019-01-28,AREQUIPA,1.6022891370805077,1.9992355246878382,2.405531763513111,1.8828505540927178,1.7577722265227536,0.397,0.397,24.8,0.803,0.803,50.1,0.281,0.281,17.5,0.155,0.155,9.7,seasonal_naive
2019-02-04,AREQUIPA,1.268478900188735,2.0407697189430603,1.8153489676491783,1.8828505540927178,1.8253788506197823,0.772,0.772,60.9,0.547,0.547,43.1,0.614,0.614,48.4,0.557,0.557,43.9,holt_winters
2019-02-11,AREQUIPA,0.8679066159186078,1.0569298237189062,1.32946628477124,1.268478900188735,2.02819872291087,0.189,0.189,21.8,0.462,0.462,53.2,0.401,0.401,46.2,1.16,1.16,133.7,arima
2019-02-18,AREQUIPA,0.8011445685402533,0.9599109042430567,1.2250507887910156,1.268478900188735,2.3662318433960148,0.159,0.159,19.8,0.424,0.424,52.9,0.467,0.467,58.3,1.565,1.565,195.3,arima
2019-02-25,AREQUIPA,1.0681927580536714,1.0916394001708647,1.484504620139485,1.268478900188735,2.839478212075218,0.023,0.023,2.2,0.416,0.416,38.9,0.2,0.2,18.7,1.771,1.771,165.8,arima
2019-03-04,AREQUIPA,1.402002994945444,1.0266948918257262,1.401043315292089,1.268478900188735,2.5014450915900723,-0.375,0.375,26.7,-0.001,0.001,0.1,-0.134,0.134,9.6,1.099,1.099,78.4,holt_winters
2019-03-11,AREQUIPA,1.6690511844588622,1.5223534556173433,1.3232136021938667,1.4020029949454442,1.9605920988138408,-0.147,0.147,8.8,-0.346,0.346,20.7,-0.267,0.267,16.0,0.292,0.292,17.5,arima
2019-03-18,AREQUIPA,2.0696234687289894,1.5494608463431705,1.3747075123787669,1.4020029949454442,1.5549523542316668,-0.52,0.52,25.1,-0.695,0.695,33.6,-0.668,0.668,32.3,-0.515,0.515,24.9,seasonal_naive
2019-03-25,AREQUIPA,2.2699096108640533,1.4936489645228348,1.4748722444917859,1.4020029949454442,1.9605920988138408,-0.776,0.776,34.2,-0.795,0.795,35.0,-0.868,0.868,38.2,-0.309,0.309,13.6,seasonal_naive
2019-04-01,AREQUIPA,2.603719847755826,1.524987331154843,1.3998696804927873,1.4020029949454442,1.892985474716812,-1.079,1.079,41.4,-1.204,1.204,46.2,-1.202,1.202,46.2,-0.711,0.711,27.3,seasonal_naive
2019-04-08,AREQUIPA,2.2699096108640533,2.546831520992963,2.4897985891091734,2.6037198477558254,1.7577722265227536,0.277,0.277,12.2,0.22,0.22,9.7,0.334,0.334,14.7,-0.512,0.512,22.6,holt_winters
2019-04-15,AREQUIPA,2.0696234687289894,2.6605700531035286,2.628900397406375,2.6037198477558254,2.0958053470078988,0.591,0.591,28.6,0.559,0.559,27.0,0.534,0.534,25.8,0.026,0.026,1.3,seasonal_naive
2019-04-22,AREQUIPA,1.6022891370805088,2.5966150739948626,2.326257437403875,2.6037198477558254,2.028198722910869,0.994,0.994,62.0,0.724,0.724,45.2,1.001,1.001,62.5,0.426,0.426,26.6,seasonal_naive
2019-04-29,AREQUIPA,1.5355270897021533,2.6088708778314564,2.3727664866257676,2.6037198477558254,2.2310185952019563,1.073,1.073,69.9,0.837,0.837,54.5,1.068,1.068,69.6,0.695,0.695,45.3,seasonal_naive
2019-05-06,AREQUIPA,1.5355270897021531,1.476539919618364,1.2821001089421515,1.5355270897021533,1.7577722265227536,-0.059,0.059,3.8,-0.253,0.253,16.5,0.0,0.0,0.0,0.222,0.222,14.5,naive
2019-05-13,AREQUIPA,1.6022891370805077,1.5249256936430489,1.4730688832742822,1.5355270897021533,2.02819872291087,-0.077,0.077,4.8,-0.129,0.129,8.1,-0.067,0.067,4.2,0.426,0.426,26.6,naive
2019-05-20,AREQUIPA,1.9360993739722805,1.5074697968410833,1.627277828234524,1.5355270897021533,2.163411971104928,-0.429,0.429,22.2,-0.309,0.309,16.0,-0.401,0.401,20.7,0.227,0.227,11.7,seasonal_naive
2019-05-27,AREQUIPA,2.06962346872899,1.5060109819205225,1.8385391056880729,1.5355270897021533,2.4338384674930453,-0.564,0.564,27.3,-0.231,0.231,11.2,-0.534,0.534,25.8,0.364,0.364,17.6,holt_winters
2019-06-03,AREQUIPA,2.06962346872899,2.2961792437681856,2.2956205650225163,2.06962346872899,2.7042649638811604,0.227,0.227,11.0,0.226,0.226,10.9,0.0,0.0,0.0,0.635,0.635,30.7,naive
2019-06-10,AREQUIPA,2.2699096108640533,2.1610893002614606,2.459607444384454,2.06962346872899,2.6366583397841308,-0.109,0.109,4.8,0.19,0.19,8.4,-0.2,0.2,8.8,0.367,0.367,16.2,arima
2019-06-17,AREQUIPA,2.6704818951341807,2.1904414560590135,2.3263778009349148,2.06962346872899,2.4338384674930436,-0.48,0.48,18.0,-0.344,0.344,12.9,-0.601,0.601,22.5,-0.237,0.237,8.9,seasonal_naive
2019-06-24,AREQUIPA,3.004292132025953,2.2072561888672677,2.2376449553371667,2.06962346872899,2.4338384674930436,-0.797,0.797,26.5,-0.767,0.767,25.5,-0.935,0.935,31.1,-0.57,0.57,19.0,seasonal_naive
2019-07-01,AREQUIPA,2.9375300846475985,2.89256608156037,3.0885380970776026,3.0042921320259524,2.9746914602692756,-0.045,0.045,1.5,0.151,0.151,5.1,0.067,0.067,2.3,0.037,0.037,1.3,seasonal_naive
2019-07-08,AREQUIPA,2.470195752999117,2.7145669473878296,3.402769372334488,3.0042921320259524,3.785970949433623,0.244,0.244,9.9,0.933,0.933,37.8,0.534,0.534,21.6,1.316,1.316,53.3,arima
2019-07-15,AREQUIPA,2.6704818951341807,2.8685901451363165,3.514043032070248,3.0042921320259524,4.597250438597973,0.198,0.198,7.4,0.844,0.844,31.6,0.334,0.334,12.5,1.927,1.927,72.2,arima
2019-07-22,AREQUIPA,3.4048644162960806,2.809874939185901,3.2762483651965777,3.0042921320259524,4.394430566306885,-0.595,0.595,17.5,-0.129,0.129,3.8,-0.401,0.401,11.8,0.99,0.99,29.1,holt_winters
2019-07-29,AREQUIPA,3.671912605809499,3.8414083811931907,3.408053256685686,3.40486441629608,3.9211841976276824,0.169,0.169,4.6,-0.264,0.264,7.2,-0.267,0.267,7.3,0.249,0.249,6.8,arima
2019-08-05,AREQUIPA,3.2713403215393715,3.8414083811931907,3.5735512966868095,3.40486441629608,3.1099047084633344,0.57,0.57,17.4,0.302,0.302,9.2,0.134,0.134,4.1,-0.161,0.161,4.9,naive
2019-08-12,AREQUIPA,2.2699096108640533,3.8414083811931907,3.7489820158420306,3.40486441629608,3.0422980843663048,1.571,1.571,69.2,1.479,1.479,65.2,1.135,1.135,50.0,0.772,0.772,34.0,seasonal_naive
2019-08-19,AREQUIPA,2.470195752999117,3.8414083811931907,3.8414083811931907,3.40486441629608,3.3803312048514496,1.371,1.371,55.5,1.371,1.371,55.5,0.935,0.935,37.9,0.91,0.91,36.8,seasonal_naive
2019-08-26,AREQUIPA,2.4034337056207624,2.641906508142954,2.19724841213396,2.4701957529991168,2.839478212075218,0.238,0.238,9.9,-0.206,0.206,8.6,0.067,0.067,2.8,0.436,0.436,18.1,naive
2019-09-02,AREQUIPA,2.3366716582424076,2.81871808094855,1.975385286839205,2.4701957529991168,2.5014450915900723,0.482,0.482,20.6,-0.361,0.361,15.4,0.134,0.134,5.7,0.165,0.165,7.1,naive
2019-09-09,AREQUIPA,2.336671658242408,2.645710941590886,1.7727166780851866,2.4701957529991168,2.2986252192989864,0.309,0.309,13.2,-0.564,0.564,24.1,0.134,0.134,5.7,-0.038,0.038,1.6,seasonal_naive
2019-09-16,AREQUIPA,2.0028614213506355,2.7075123473011082,1.9553071948887562,2.4701957529991168,2.5014450915900723,0.705,0.705,35.2,-0.048,0.048,2.4,0.467,0.467,23.3,0.499,0.499,24.9,holt_winters
2019-09-23,AREQUIPA,2.336671658242408,2.0275217458672925,1.9314268617278438,2.0028614213506355,2.3662318433960157,-0.309,0.309,13.2,-0.405,0.405,17.3,-0.334,0.334,14.3,0.03,0.03,1.3,seasonal_naive
2019-09-30,AREQUIPA,1.936099373972281,1.6613694386480438,1.724032391813119,2.0028614213506355,2.028198722910869,-0.275,0.275,14.2,-0.212,0.212,10.9,0.067,0.067,3.5,0.092,0.092,4.8,naive
2019-10-07,AREQUIPA,2.470195752999117,1.894776821669748,1.5184455093940326,2.0028614213506355,1.6225589783286956,-0.575,0.575,23.3,-0.952,0.952,38.5,-0.467,0.467,18.9,-0.848,0.848,34.3,naive
2019-10-14,AREQUIPA,2.336671658242408,1.8489235155853758,1.511802867211499,2.0028614213506355,1.6225589783286956,-0.488,0.488,20.9,-0.825,0.825,35.3,-0.334,0.334,14.3,-0.714,0.714,30.6,naive
2019-10-21,AREQUIPA,2.1363855161073446,2.45979640860363,2.4868955884664943,2.336671658242408,1.5549523542316668,0.323,0.323,15.1,0.351,0.351,16.4,0.2,0.2,9.4,-0.581,0.581,27.2,naive
2019-10-28,AREQUIPA,1.8025752792155716,2.4725302580315573,2.5812186712795016,2.336671658242408,1.892985474716812,0.67,0.67,37.2,0.779,0.779,43.2,0.534,0.534,29.6,0.09,0.09,5.0,seasonal_naive
2019-11-04,AREQUIPA,1.468765042323799,2.425127034139846,2.6864080551663987,2.336671658242408,2.0958053470078988,0.956,0.956,65.1,1.218,1.218,82.9,0.868,0.868,59.1,0.627,0.627,42.7,seasonal_naive
2019-11-11,AREQUIPA,1.9360993739722805,2.4539203428040683,2.568862121395727,2.336671658242408,2.3662318433960148,0.518,0.518,26.8,0.633,0.633,32.7,0.401,0.401,20.7,0.43,0.43,22.2,naive
2019-11-18,AREQUIPA,2.203147563485699,2.0973471591352935,1.9366166522230341,1.9360993739722798,2.163411971104928,-0.106,0.106,4.8,-0.267,0.267,12.1,-0.267,0.267,12.1,-0.04,0.04,1.8,seasonal_naive
2019-11-25,AREQUIPA,2.6704818951341807,2.3679220757572255,1.9168562790261987,1.9360993739722798,2.3662318433960157,-0.303,0.303,11.3,-0.754,0.754,28.2,-0.734,0.734,27.5,-0.304,0.304,11.4,arima
2019-12-02,AREQUIPA,2.5369578003774715,2.125321738799875,1.7879754844452083,1.9360993739722798,1.6901656024257248,-0.412,0.412,16.2,-0.749,0.749,29.5,-0.601,0.601,23.7,-0.847,0.847,33.4,arima
2019-12-09,AREQUIPA,2.336671658242408,2.2049732778771842,1.903120047524165,1.9360993739722798,2.0958053470078988,-0.132,0.132,5.6,-0.434,0.434,18.6,-0.401,0.401,17.2,-0.241,0.241,10.3,arima
2019-12-16,AREQUIPA,2.203147563485699,2.2225921314903614,2.312850389575402,2.336671658242408,1.892985474716812,0.019,0.019,0.9,0.11,0.11,5.0,0.134,0.134,6.1,-0.31,0.31,14.1,arima
2019-12-23,AREQUIPA,2.0028614213506355,2.0635785046739437,2.3629707687790975,2.336671658242408,2.163411971104927,0.061,0.061,3.0,0.36,0.36,18.0,0.334,0.334,16.7,0.161,0.161,8.0,arima
2019-12-30,AREQUIPA,1.5355270897021536,2.2014780617673964,2.2497087472916073,2.336671658242408,1.8253788506197823,0.666,0.666,43.4,0.714,0.714,46.5,0.801,0.801,52.2,0.29,0.29,18.9,seasonal_naive
2020-01-06,AREQUIPA,1.7893955143062927,2.1582182328790878,2.1884690350104714,2.336671658242408,1.8828505540927178,0.369,0.369,20.6,0.399,0.399,22.3,0.547,0.547,30.6,0.093,0.093,5.2,seasonal_naive
2020-01-13,AREQUIPA,1.5182286482587248,1.6681891825113824,1.8233705568499472,1.7893955143062925,1.8760939403433219,0.15,0.15,9.9,0.305,0.305,20.1,0.271,0.271,17.8,0.358,0.358,23.6,arima
2020-01-20,AREQUIPA,1.6484578017881144,2.1458192630427964,1.9022951626611868,1.7893955143062925,1.9360993739722798,0.497,0.497,30.1,0.254,0.254,15.4,0.141,0.141,8.6,0.288,0.288,17.5,naive
2020-01-27,AREQUIPA,0.857198056929819,1.8548696467096044,2.128936248599935,1.7893955143062925,1.6022891370805077,0.998,0.998,116.4,1.272,1.272,148.4,0.932,0.932,108.7,0.745,0.745,86.9,seasonal_naive
2020-02-03,AREQUIPA,1.318766241430491,1.895617196384173,1.5950024685820021,1.7893955143062925,1.268478900188735,0.577,0.577,43.8,0.276,0.276,20.9,0.471,0.471,35.7,-0.05,0.05,3.8,seasonal_naive
2020-02-10,AREQUIPA,2.1100259862887865,1.4033759039443003,1.2152023621085632,1.3187662414304908,0.867906615918608,-0.707,0.707,33.5,-0.895,0.895,42.4,-0.791,0.791,37.5,-1.242,1.242,58.9,arima
2020-02-17,AREQUIPA,2.703470794932508,1.8821369971476267,1.179800745540768,1.3187662414304908,0.8011445685402532,-0.821,0.821,30.4,-1.524,1.524,56.4,-1.385,1.385,51.2,-1.902,1.902,70.4,arima
2020-02-24,AREQUIPA,2.9672240432186068,1.521138426035138,1.416672269619136,1.3187662414304908,1.0681927580536716,-1.446,1.446,48.7,-1.551,1.551,52.3,-1.648,1.648,55.5,-1.899,1.899,64.0,arima
2020-03-02,AREQUIPA,2.5056558587179345,1.607232676276967,1.3489943233486605,1.3187662414304908,1.4020029949454442,-0.898,0.898,35.8,-1.157,1.157,46.2,-1.187,1.187,47.4,-1.104,1.104,44.1,arima
2020-03-09,AREQUIPA,2.373779234574885,2.933118645774348,2.5676967331794045,2.5056558587179345,1.6690511844588625,0.559,0.559,23.5,0.194,0.194,8.2,0.132,0.132,5.6,-0.705,0.705,29.7,naive
2020-03-16,AREQUIPA,2.175964298360311,2.5449969520773243,2.703801958541016,2.5056558587179345,2.0696234687289894,0.369,0.369,17.0,0.528,0.528,24.3,0.33,0.33,15.2,-0.106,0.106,4.9,seasonal_naive
2020-03-23,AREQUIPA,2.175964298360311,2.658630868127723,2.996547376209247,2.5056558587179345,2.2699096108640533,0.483,0.483,22.2,0.821,0.821,37.7,0.33,0.33,15.2,0.094,0.094,4.3,seasonal_naive
2020-03-30,AREQUIPA,1.9781493621457376,2.707583084874033,3.0029773422315413,2.5056558587179345,2.6037198477558254,0.729,0.729,36.9,1.025,1.025,51.8,0.528,0.528,26.7,0.626,0.626,31.6,naive
2020-04-06,AREQUIPA,1.6484578017881144,1.6999537389484258,1.8377521386094346,1.9781493621457376,2.2699096108640533,0.051,0.051,3.1,0.189,0.189,11.5,0.33,0.33,20.0,0.621,0.621,37.7,arima
2020-04-13,AREQUIPA,1.5165811776450653,1.5134455599055632,1.9493831986004104,1.9781493621457376,2.0696234687289894,-0.003,0.003,0.2,0.433,0.433,28.6,0.462,0.462,30.5,0.553,0.553,36.5,arima
2020-04-20,AREQUIPA,1.5165811776450653,1.7208164552794378,1.6733381523564006,1.9781493621457376,1.602289137080509,0.204,0.204,13.5,0.157,0.157,10.4,0.462,0.462,30.5,0.086,0.086,5.7,seasonal_naive
2020-04-27,AREQUIPA,1.3187662414304915,1.6374166950067006,1.7024992495935551,1.9781493621457376,1.5355270897021533,0.319,0.319,24.2,0.384,0.384,29.1,0.659,0.659,50.0,0.217,0.217,16.5,seasonal_naive
2020-05-04,AREQUIPA,1.1868896172874421,1.178088285651727,1.1714317581196956,1.3187662414304913,1.5355270897021533,-0.009,0.009,0.8,-0.015,0.015,1.3,0.132,0.132,11.1,0.349,0.349,29.4,arima
2020-05-11,AREQUIPA,2.0440876742172622,1.2344283833471716,1.350678179273674,1.3187662414304913,1.6022891370805077,-0.81,0.81,39.6,-0.693,0.693,33.9,-0.725,0.725,35.5,-0.442,0.442,21.6,seasonal_naive
2020-05-18,AREQUIPA,3.4947305397908033,1.2393210697753725,1.5632329964791492,1.3187662414304913,1.9360993739722798,-2.255,2.255,64.5,-1.931,1.931,55.3,-2.176,2.176,62.3,-1.559,1.559,44.6,seasonal_naive
2020-05-25,AREQUIPA,5.765494001865515,1.2183368951512024,1.7833368337496442,1.3187662414304913,2.06962346872899,-4.547,4.547,78.9,-3.982,3.982,69.1,-4.447,4.447,77.1,-3.696,3.696,64.1,seasonal_naive
2020-06-01,AREQUIPA,6.981244470795834,4.115215208786167,4.115215208786167,5.765494001865515,2.06962346872899,-2.866,2.866,41.1,-2.866,2.866,41.1,-1.216,1.216,17.4,-4.912,4.912,70.4,naive
2020-06-08,AREQUIPA,7.801365067297005,4.115215208786167,4.115215208786167,5.765494001865515,2.2699096108640533,-3.686,3.686,47.2,-3.686,3.686,47.2,-2.036,2.036,26.1,-5.531,5.531,70.9,naive
2020-06-15,AREQUIPA,7.801365067297005,4.115215208786167,4.115215208786167,5.765494001865515,2.6704818951341807,-3.686,3.686,47.2,-3.686,3.686,47.2,-2.036,2.036,26.1,-5.131,5.131,65.8,naive
2020-06-22,AREQUIPA,5.398724981079243,4.115215208786167,4.115215208786167,5.765494001865515,3.0042921320259524,-1.284,1.284,23.8,-1.284,1.284,23.8,0.367,0.367,6.8,-2.394,2.394,44.3,naive
2020-06-29,AREQUIPA,3.391714767290629,4.570057097014693,5.795853325158217,5.398724981079243,2.9375300846475985,1.178,1.178,34.7,2.404,2.404,70.9,2.007,2.007,59.2,-0.454,0.454,13.4,seasonal_naive
2020-07-06,AREQUIPA,1.4506428655735404,3.882550370135749,6.107534527577135,5.398724981079243,2.4701957529991168,2.432,2.432,167.6,4.657,4.657,321.0,3.948,3.948,272.2,1.02,1.02,70.3,seasonal_naive
2020-07-13,AREQUIPA,2.30784092250336,4.502933419139323,6.255199859225537,5.398724981079243,2.6704818951341807,2.195,2.195,95.1,3.947,3.947,171.0,3.091,3.091,133.9,0.363,0.363,15.7,seasonal_naive
2020-07-20,AREQUIPA,1.9122110500742127,4.28612552502115,6.126521421031685,5.398724981079243,3.40486441629608,2.374,2.374,124.1,4.214,4.214,220.4,3.487,3.487,182.4,1.493,1.493,78.1,seasonal_naive
2020-07-27,AREQUIPA,1.9122110500742124,2.7781551717589785,1.9208252359380298,1.9122110500742129,3.6719126058094993,0.866,0.866,45.3,0.009,0.009,0.5,0.0,0.0,0.0,1.76,1.76,92.0,naive
2020-08-03,AREQUIPA,1.7803344259311633,1.9236486072766423,1.7724306265913237,1.9122110500742129,3.2713403215393715,0.143,0.143,8.0,-0.008,0.008,0.4,0.132,0.132,7.4,1.491,1.491,83.7,holt_winters
2020-08-10,AREQUIPA,2.1100259862887865,2.203194705463968,1.7755460159839949,1.9122110500742129,2.2699096108640533,0.093,0.093,4.4,-0.334,0.334,15.8,-0.198,0.198,9.4,0.16,0.16,7.6,arima
2020-08-17,AREQUIPA,2.2419026104318354,2.24060071449887,1.7418043568764618,1.9122110500742129,2.4701957529991168,-0.001,0.001,0.0,-0.5,0.5,22.3,-0.33,0.33,14.7,0.228,0.228,10.2,arima
2020-08-24,AREQUIPA,2.5056558587179336,1.6430288011084895,1.9559835288213772,2.241902610431835,2.403433705620762,-0.863,0.863,34.4,-0.55,0.55,22.0,-0.264,0.264,10.5,-0.102,0.102,4.1,seasonal_naive
2020-08-31,AREQUIPA,3.362853915647754,1.4634229191514563,1.7156518013943365,2.241902610431835,2.336671658242408,-1.899,1.899,56.5,-1.647,1.647,49.0,-1.121,1.121,33.3,-1.026,1.026,30.5,seasonal_naive
2020-09-07,AREQUIPA,3.8903604122199504,1.7731865210891056,1.6431977075374076,2.241902610431835,2.336671658242408,-2.117,2.117,54.4,-2.247,2.247,57.8,-1.648,1.648,42.4,-1.554,1.554,39.9,seasonal_naive
2020-09-14,AREQUIPA,3.692545476005377,1.6425320909220824,1.7256329757577045,2.241902610431835,2.0028614213506355,-2.05,2.05,55.5,-1.967,1.967,53.3,-1.451,1.451,39.3,-1.69,1.69,45.8,naive
2020-09-21,AREQUIPA,3.2309772915047046,3.2425152600500597,3.7184806285597505,3.6925454760053764,2.336671658242408,0.012,0.012,0.4,0.488,0.488,15.1,0.462,0.462,14.3,-0.894,0.894,27.7,arima
2020-09-28,AREQUIPA,2.5056558587179336,3.9395978321352976,3.264412328180552,3.6925454760053764,1.9360993739722812,1.434,1.434,57.2,0.759,0.759,30.3,1.187,1.187,47.4,-0.57,0.57,22.7,seasonal_naive
2020-10-05,AREQUIPA,2.4397175466464094,3.684071113959405,3.219978806410839,3.6925454760053764,2.4701957529991168,1.244,1.244,51.0,0.78,0.78,32.0,1.253,1.253,51.4,0.03,0.03,1.2,seasonal_naive
2020-10-12,AREQUIPA,2.9012857311470817,3.53969639366319,3.1442539356999637,3.6925454760053764,2.336671658242408,0.638,0.638,22.0,0.243,0.243,8.4,0.791,0.791,27.3,-0.565,0.565,19.5,holt_winters
2020-10-19,AREQUIPA,2.901285731147082,3.626670052254396,3.0026144193633355,2.9012857311470817,2.1363855161073446,0.725,0.725,25.0,0.101,0.101,3.5,-0.0,0.0,0.0,-0.765,0.765,26.4,naive
2020-10-26,AREQUIPA,3.0991006673616557,3.459294806305814,2.8844275368830607,2.9012857311470817,1.8025752792155716,0.36,0.36,11.6,-0.215,0.215,6.9,-0.198,0.198,6.4,-1.297,1.297,41.9,naive
2020-11-02,AREQUIPA,2.7694091070040323,3.3120572248850477,2.9792913492431374,2.9012857311470817,1.468765042323799,0.543,0.543,19.6,0.21,0.21,7.6,0.132,0.132,4.8,-1.301,1.301,47.0,naive
2020-11-09,AREQUIPA,3.2969156035762297,3.4659701186502465,3.009478539544843,2.9012857311470817,1.9360993739722798,0.169,0.169,5.1,-0.287,0.287,8.7,-0.396,0.396,12.0,-1.361,1.361,41.3,arima
2020-11-16,AREQUIPA,3.9562987242914764,3.041667334979053,3.394367850104124,3.2969156035762293,2.2031475634856985,-0.915,0.915,23.1,-0.562,0.562,14.2,-0.659,0.659,16.7,-1.753,1.753,44.3,holt_winters
2020-11-23,AREQUIPA,3.8244221001484267,3.1812311928716097,3.288992961165481,3.2969156035762293,2.6704818951341807,-0.643,0.643,16.8,-0.535,0.535,14.0,-0.528,0.528,13.8,-1.154,1.154,30.2,naive
2020-11-30,AREQUIPA,4.220051972577574,3.1619177661828513,3.2513040860891635,3.2969156035762293,2.536957800377472,-1.058,1.058,25.1,-0.969,0.969,23.0,-0.923,0.923,21.9,-1.683,1.683,39.9,naive
2020-12-07,AREQUIPA,3.560668851862328,3.13217018565933,3.345048739226489,3.2969156035762293,2.336671658242408,-0.428,0.428,12.0,-0.216,0.216,6.1,-0.264,0.264,7.4,-1.224,1.224,34.4,holt_winters
2020-12-14,AREQUIPA,4.154113660506049,3.825426520515296,3.4294741299695684,3.560668851862328,2.2031475634856985,-0.329,0.329,7.9,-0.725,0.725,17.5,-0.593,0.593,14.3,-1.951,1.951,47.0,arima
2020-12-21,AREQUIPA,4.0881753484345245,3.6761492336656207,3.3415923349999668,3.560668851862328,2.0028614213506355,-0.412,0.412,10.1,-0.747,0.747,18.3,-0.528,0.528,12.9,-2.085,2.085,51.0,arima
2020-12-28,AREQUIPA,4.15411366050605,3.689207546900553,2.9788468777470167,3.560668851862328,1.5355270897021538,-0.465,0.465,11.2,-1.175,1.175,28.3,-0.593,0.593,14.3,-2.619,2.619,63.0,arima
2021-01-04,AREQUIPA,4.656706822932931,3.7273869806480198,2.9569146052551254,3.560668851862328,1.7893955143062925,-0.929,0.929,19.9,-1.7,1.7,36.5,-1.096,1.096,23.5,-2.867,2.867,61.6,arima
2021-01-11,AREQUIPA,4.769295704511865,4.829315781116078,3.837100213435342,4.656706822932932,1.518228648258725,0.06,0.06,1.3,-0.932,0.932,19.5,-0.113,0.113,2.4,-3.251,3.251,68.2,arima
2021-01-18,AREQUIPA,5.145637834376898,5.01217075166422,4.093209304461223,4.656706822932932,1.6484578017881142,-0.133,0.133,2.6,-1.052,1.052,20.4,-0.489,0.489,9.5,-3.497,3.497,68.0,arima
2021-01-25,AREQUIPA,5.471311115033664,4.817193675074042,4.096175105162463,4.656706822932932,0.857198056929819,-0.654,0.654,12.0,-1.375,1.375,25.1,-0.815,0.815,14.9,-4.614,4.614,84.3,arima
2021-02-01,AREQUIPA,6.508534390313524,4.881780551315241,3.771013252124579,4.656706822932932,1.3187662414304908,-1.627,1.627,25.0,-2.738,2.738,42.1,-1.852,1.852,28.5,-5.19,5.19,79.7,arima
2021-02-08,AREQUIPA,7.355284920021114,6.702345523311283,6.702345523311283,6.508534390313525,2.1100259862887865,-0.653,0.653,8.9,-0.653,0.653,8.9,-0.847,0.847,11.5,-5.245,5.245,71.3,arima
2021-02-15,AREQUIPA,6.8993423271016425,6.702345523311283,6.702345523311283,6.508534390313525,2.7034707949325085,-0.197,0.197,2.9,-0.197,0.197,2.9,-0.391,0.391,5.7,-4.196,4.196,60.8,arima
2021-02-22,AREQUIPA,6.057523020215842,6.702345523311283,6.702345523311283,6.508534390313525,2.967224043218607,0.645,0.645,10.6,0.645,0.645,10.6,0.451,0.451,7.4,-3.09,3.09,51.0,naive
2021-03-01,AREQUIPA,5.0153685221141915,6.702345523311283,6.702345523311283,6.508534390313525,2.5056558587179345,1.687,1.687,33.6,1.687,1.687,33.6,1.493,1.493,29.8,-2.51,2.51,50.0,naive
2021-03-08,AREQUIPA,4.950233865982838,4.833228972736206,5.062204308846744,5.0153685221141915,2.373779234574885,-0.117,0.117,2.4,0.112,0.112,2.3,0.065,0.065,1.3,-2.576,2.576,52.0,naive
2021-03-15,AREQUIPA,5.341041802770957,4.734227887085465,5.094305521855989,5.0153685221141915,2.1759642983603116,-0.607,0.607,11.4,-0.247,0.247,4.6,-0.326,0.326,6.1,-3.165,3.165,59.3,holt_winters
2021-03-22,AREQUIPA,5.601580427296369,4.8599151675657595,5.45469058456442,5.0153685221141915,2.1759642983603116,-0.742,0.742,13.2,-0.147,0.147,2.6,-0.586,0.586,10.5,-3.426,3.426,61.2,holt_winters
2021-03-29,AREQUIPA,5.4713111150336635,4.805588525241061,5.331297618335234,5.0153685221141915,1.9781493621457376,-0.666,0.666,12.2,-0.14,0.14,2.6,-0.456,0.456,8.3,-3.493,3.493,63.8,holt_winters
2021-04-05,AREQUIPA,5.145637834376898,5.265826622500231,4.849006188786358,5.4713111150336635,1.6484578017881142,0.12,0.12,2.3,-0.297,0.297,5.8,0.326,0.326,6.3,-3.497,3.497,68.0,arima
2021-04-12,AREQUIPA,5.210772490508251,5.307709429127848,5.04816664134251,5.4713111150336635,1.5165811776450653,0.097,0.097,1.9,-0.163,0.163,3.1,0.261,0.261,5.0,-3.694,3.694,70.9,arima
2021-04-19,AREQUIPA,5.601580427296369,5.339274847985816,4.4532581664394,5.4713111150336635,1.5165811776450653,-0.262,0.262,4.7,-1.148,1.148,20.5,-0.13,0.13,2.3,-4.085,4.085,72.9,naive
2021-04-26,AREQUIPA,6.378265078050816,5.305467100988318,4.448251221423968,5.4713111150336635,1.3187662414304913,-1.073,1.073,16.8,-1.93,1.93,30.3,-0.907,0.907,14.2,-5.059,5.059,79.3,naive
2021-05-03,AREQUIPA,7.225015607758408,6.698914708612297,5.733030502624972,6.378265078050816,1.186889617287442,-0.526,0.526,7.3,-1.492,1.492,20.7,-0.847,0.847,11.7,-6.038,6.038,83.6,arima
2021-05-10,AREQUIPA,7.741161633987442,6.793234955855926,6.737642988978197,6.378265078050816,2.0440876742172627,-0.948,0.948,12.2,-1.004,1.004,13.0,-1.363,1.363,17.6,-5.697,5.697,73.6,arima
2021-05-17,AREQUIPA,6.769073014838935,6.635282629853419,7.134601054978207,6.378265078050816,3.494730539790803,-0.134,0.134,2.0,0.366,0.366,5.4,-0.391,0.391,5.8,-3.274,3.274,48.4,arima
2021-05-24,AREQUIPA,6.573669046444877,6.714332607626896,7.134601054978207,6.378265078050816,5.765494001865515,0.141,0.141,2.1,0.561,0.561,8.5,-0.195,0.195,3.0,-0.808,0.808,12.3,arima
2021-05-31,AREQUIPA,6.3831963008726085,6.261959618942023,7.062831154247947,6.573669046444876,6.981244470795834,-0.121,0.121,1.9,0.68,0.68,10.7,0.19,0.19,3.0,0.598,0.598,9.4,arima
2021-06-07,AREQUIPA,7.3552849200211154,6.592192348819942,7.216053346224854,6.573669046444876,7.801365067297006,-0.763,0.763,10.4,-0.139,0.139,1.9,-0.782,0.782,10.6,0.446,0.446,6.1,holt_winters
2021-06-14,AREQUIPA,7.48555423228382,6.455703040876587,6.914675321738505,6.573669046444876,7.801365067297006,-1.03,1.03,13.8,-0.571,0.571,7.6,-0.912,0.912,12.2,0.316,0.316,4.2,seasonal_naive
2021-06-21,AREQUIPA,7.159880951627055,6.452035275464487,6.6108457303278225,6.573669046444876,5.398724981079243,-0.708,0.708,9.9,-0.549,0.549,7.7,-0.586,0.586,8.2,-1.761,1.761,24.6,holt_winters
2021-06-28,AREQUIPA,5.731849739559077,6.9177996644907935,6.841906012399836,7.159880951627057,3.3917147672906296,1.186,1.186,20.7,1.11,1.11,19.4,1.428,1.428,24.9,-2.34,2.34,40.8,holt_winters
2021-07-05,AREQUIPA,4.3640219608006605,6.787684006963511,6.531202127444886,7.159880951627057,1.4506428655735406,2.424,2.424,55.5,2.167,2.167,49.7,2.796,2.796,64.1,-2.913,2.913,66.8,holt_winters
2021-07-12,AREQUIPA,3.5824060872244226,6.946581203528665,7.308511110149411,7.159880951627057,2.30784092250336,3.364,3.364,93.9,3.726,3.726,104.0,3.577,3.577,99.8,-1.275,1.275,35.6,seasonal_naive
2021-07-19,AREQUIPA,3.1264634943049505,6.876914416659154,7.29121477237811,7.159880951627057,1.9122110500742129,3.75,3.75,119.9,4.165,4.165,133.2,4.033,4.033,129.0,-1.214,1.214,38.8,seasonal_naive
2021-07-26,AREQUIPA,2.605386245254125,3.069057899378352,3.1063069696659245,3.12646349430495,1.9122110500742129,0.464,0.464,17.8,0.501,0.501,19.2,0.521,0.521,20.0,-0.693,0.693,26.6,arima
2021-08-02,AREQUIPA,2.019174340071947,2.9991611483605887,2.9560031753699385,3.12646349430495,1.780334425931163,0.98,0.98,48.5,0.937,0.937,46.4,1.107,1.107,54.8,-0.239,0.239,11.8,seasonal_naive
2021-08-09,AREQUIPA,2.019174340071947,3.0607233982950683,2.8970146554679443,3.12646349430495,2.1100259862887865,1.042,1.042,51.6,0.878,0.878,43.5,1.107,1.107,54.8,0.091,0.091,4.5,seasonal_naive
2021-08-16,AREQUIPA,2.2797129645973593,3.0398012502187814,2.9017318897099185,3.12646349430495,2.241902610431835,0.76,0.76,33.3,0.622,0.622,27.3,0.847,0.847,37.2,-0.038,0.038,1.7,seasonal_naive
2021-08-23,AREQUIPA,2.3448476207287126,2.507012070733051,2.136500426149383,2.2797129645973597,2.5056558587179336,0.162,0.162,6.9,-0.208,0.208,8.9,-0.065,0.065,2.8,0.161,0.161,6.9,naive
2021-08-30,AREQUIPA,2.3448476207287126,2.4802591438685897,2.0814776446583747,2.2797129645973597,3.3628539156477544,0.135,0.135,5.8,-0.263,0.263,11.2,-0.065,0.065,2.8,1.018,1.018,43.4,naive
2021-09-06,AREQUIPA,1.9540396839405936,2.4324264072812856,2.183228088922564,2.2797129645973597,3.89036041221995,0.478,0.478,24.5,0.229,0.229,11.7,0.326,0.326,16.7,1.936,1.936,99.1,holt_winters
2021-09-13,AREQUIPA,1.7586357155465342,2.470997463110109,2.162011697815432,2.2797129645973597,3.6925454760053764,0.712,0.712,40.5,0.403,0.403,22.9,0.521,0.521,29.6,1.934,1.934,110.0,holt_winters
2021-09-20,AREQUIPA,1.8889050278092405,1.5711843442005016,1.6749636187162844,1.758635715546534,3.230977291504704,-0.318,0.318,16.8,-0.214,0.214,11.3,-0.13,0.13,6.9,1.342,1.342,71.0,naive
2021-09-27,AREQUIPA,1.8889050278092405,1.5919362393179766,1.2681064008651268,1.758635715546534,2.5056558587179336,-0.297,0.297,15.7,-0.621,0.621,32.9,-0.13,0.13,6.9,0.617,0.617,32.7,naive
2021-10-04,AREQUIPA,1.8889050278092405,1.6293073128783826,1.3200343184300993,1.758635715546534,2.43971754664641,-0.26,0.26,13.8,-0.569,0.569,30.1,-0.13,0.13,6.9,0.551,0.551,29.2,naive
2021-10-11,AREQUIPA,1.9540396839405936,1.5989694073230005,1.318100517411822,1.758635715546534,2.9012857311470817,-0.355,0.355,18.2,-0.636,0.636,32.5,-0.195,0.195,10.0,0.947,0.947,48.5,naive
2021-10-18,AREQUIPA,2.3448476207287126,2.087743196402976,2.0167950461616306,1.9540396839405938,2.9012857311470825,-0.257,0.257,11.0,-0.328,0.328,14.0,-0.391,0.391,16.7,0.556,0.556,23.7,arima
2021-10-25,AREQUIPA,2.4099822768600654,2.216575734693417,1.9281195194446998,1.9540396839405938,3.0991006673616557,-0.193,0.193,8.0,-0.482,0.482,20.0,-0.456,0.456,18.9,0.689,0.689,28.6,arima
2021-11-01,AREQUIPA,2.2797129645973593,2.0927346034655003,1.940021781367944,1.9540396839405938,2.7694091070040323,-0.187,0.187,8.2,-0.34,0.34,14.9,-0.326,0.326,14.3,0.49,0.49,21.5,arima
2021-11-08,AREQUIPA,2.931059525910891,2.1359773892321288,2.1370643296666705,1.9540396839405938,3.2969156035762293,-0.795,0.795,27.1,-0.794,0.794,27.1,-0.977,0.977,33.3,0.366,0.366,12.5,seasonal_naive
2021-11-15,AREQUIPA,3.647540743355776,3.2621631801280557,3.219303043483966,2.931059525910891,3.956298724291477,-0.385,0.385,10.6,-0.428,0.428,11.7,-0.716,0.716,19.6,0.309,0.309,8.5,seasonal_naive
2021-11-22,AREQUIPA,3.5172714310930697,3.533460442973376,3.2354384095266555,2.931059525910891,3.8244221001484267,0.016,0.016,0.5,-0.282,0.282,8.0,-0.586,0.586,16.7,0.307,0.307,8.7,arima
2021-11-29,AREQUIPA,2.6705209013854785,3.253106280383463,3.15494780792341,2.931059525910891,4.220051972577574,0.583,0.583,21.8,0.484,0.484,18.1,0.261,0.261,9.8,1.55,1.55,58.0,naive
2021-12-06,AREQUIPA,2.0843089962033,3.3611789984872775,3.247915195692153,2.931059525910891,3.560668851862328,1.277,1.277,61.3,1.164,1.164,55.8,0.847,0.847,40.6,1.476,1.476,70.8,naive
2021-12-13,AREQUIPA,2.0843089962033,2.0023285070833814,2.1722947282592417,2.0843089962033,4.154113660506049,-0.082,0.082,3.9,0.088,0.088,4.2,0.0,0.0,0.0,2.07,2.07,99.3,naive
2021-12-20,AREQUIPA,2.0843089962033,1.9731168625944666,2.3337020330846707,2.0843089962033,4.0881753484345245,-0.111,0.111,5.3,0.249,0.249,11.9,0.0,0.0,0.0,2.004,2.004,96.1,naive
2021-12-27,AREQUIPA,2.540251589122772,2.015114856518362,2.031464814240776,2.0843089962033,4.15411366050605,-0.525,0.525,20.7,-0.509,0.509,20.0,-0.456,0.456,18.0,1.614,1.614,63.5,naive
2022-01-03,AREQUIPA,2.98286034552604,1.9965149149430799,2.0423881733683538,2.0843089962033,4.656706822932932,-0.986,0.986,33.1,-0.94,0.94,31.5,-0.899,0.899,30.1,1.674,1.674,56.1,naive
2022-01-10,AREQUIPA,3.4254691019293078,3.2786850437707793,2.725204208240788,2.9828603455260394,4.769295704511865,-0.147,0.147,4.3,-0.7,0.7,20.4,-0.443,0.443,12.9,1.344,1.344,39.2,arima
2022-01-17,AREQUIPA,2.7670634506954332,3.272521744919584,2.818253937075759,2.9828603455260394,5.145637834376898,0.505,0.505,18.3,0.051,0.051,1.8,0.216,0.216,7.8,2.379,2.379,86.0,holt_winters
2022-01-24,AREQUIPA,2.059210009819857,3.1966408913317323,2.7837116417904957,2.9828603455260394,5.4713111150336635,1.137,1.137,55.2,0.725,0.725,35.2,0.924,0.924,44.9,3.412,3.412,165.7,holt_winters
2022-01-31,AREQUIPA,1.8661590713992453,3.2443511748427953,2.9057271167613066,2.9828603455260394,6.508534390313525,1.378,1.378,73.8,1.04,1.04,55.7,1.117,1.117,59.9,4.642,4.642,248.7,holt_winters
2022-02-07,AREQUIPA,3.2818659531503975,1.910448377924474,2.0650537416321195,1.8661590713992458,7.355284920021111,-1.371,1.371,41.8,-1.217,1.217,37.1,-1.416,1.416,43.1,4.073,4.073,124.1,holt_winters
2022-02-14,AREQUIPA,4.375821270867196,2.020529684642057,2.055320334353586,1.8661590713992458,6.899342327101642,-2.355,2.355,53.8,-2.321,2.321,53.0,-2.51,2.51,57.4,2.524,2.524,57.7,holt_winters
2022-02-21,AREQUIPA,4.826273460515291,1.940751043753758,2.3334965712142095,1.8661590713992458,6.057523020215842,-2.886,2.886,59.8,-2.493,2.493,51.7,-2.96,2.96,61.3,1.231,1.231,25.5,seasonal_naive
2022-02-28,AREQUIPA,3.9253690812191038,1.9620391330612512,2.113531913825363,1.8661590713992458,5.0153685221141915,-1.963,1.963,50.0,-1.812,1.812,46.2,-2.059,2.059,52.5,1.09,1.09,27.8,seasonal_naive
2022-03-07,AREQUIPA,3.6036175171847504,3.838945458025723,3.78036661818273,3.925369081219104,4.950233865982838,0.235,0.235,6.5,0.177,0.177,4.9,0.322,0.322,8.9,1.347,1.347,37.4,holt_winters
2022-03-14,AREQUIPA,2.8957640763091743,3.83798635824004,3.8307358788569363,3.925369081219104,5.341041802770957,0.942,0.942,32.5,0.935,0.935,32.3,1.03,1.03,35.6,2.445,2.445,84.4,holt_winters
2022-03-21,AREQUIPA,2.960114389116045,3.8616052267722676,4.059523511861764,3.925369081219104,5.60158042729637,0.901,0.901,30.4,1.099,1.099,37.1,0.965,0.965,32.6,2.641,2.641,89.2,arima
2022-03-28,AREQUIPA,2.8957640763091743,3.848659326630864,4.0302137622827106,3.925369081219104,5.4713111150336635,0.953,0.953,32.9,1.134,1.134,39.2,1.03,1.03,35.6,2.576,2.576,89.0,arima
2022-04-04,AREQUIPA,3.2175156403435277,3.1328272090660025,2.599240848491671,2.895764076309174,5.145637834376898,-0.085,0.085,2.6,-0.618,0.618,19.2,-0.322,0.322,10.0,1.928,1.928,59.9,arima
2022-04-11,AREQUIPA,2.574012512274822,2.9779139288978596,2.7241866736092804,2.895764076309174,5.210772490508251,0.404,0.404,15.7,0.15,0.15,5.8,0.322,0.322,12.5,2.637,2.637,102.4,holt_winters
2022-04-18,AREQUIPA,2.638362825081692,3.0035384578471325,2.5279553346924546,2.895764076309174,5.60158042729637,0.365,0.365,13.8,-0.11,0.11,4.2,0.257,0.257,9.7,2.963,2.963,112.3,holt_winters
2022-04-25,AREQUIPA,2.445311886661081,3.027737675326968,2.6003263755222545,2.895764076309174,6.378265078050816,0.582,0.582,23.8,0.155,0.155,6.3,0.45,0.45,18.4,3.933,3.933,160.8,holt_winters
2022-05-02,AREQUIPA,2.7027131378885634,2.575763583678263,2.3517974400200017,2.445311886661081,7.225015607758406,-0.127,0.127,4.7,-0.351,0.351,13.0,-0.257,0.257,9.5,4.522,4.522,167.3,arima
2022-05-09,AREQUIPA,2.960114389116045,2.4534293398317137,2.7992464858529296,2.445311886661081,7.741161633987442,-0.507,0.507,17.1,-0.161,0.161,5.4,-0.515,0.515,17.4,4.781,4.781,161.5,holt_winters
2022-05-16,AREQUIPA,3.732318142798492,2.4854447480315125,3.191102990450208,2.445311886661081,6.769073014838934,-1.247,1.247,33.4,-0.541,0.541,14.5,-1.287,1.287,34.5,3.037,3.037,81.4,holt_winters
2022-05-23,AREQUIPA,3.861018768412233,2.5003611855629404,3.8057356719839746,2.445311886661081,6.573669046444876,-1.361,1.361,35.2,-0.055,0.055,1.4,-1.416,1.416,36.7,2.713,2.713,70.3,holt_winters
2022-05-30,AREQUIPA,3.3462162659572683,3.835175132768966,4.129166344071477,3.861018768412233,6.3831963008726085,0.489,0.489,14.6,0.783,0.783,23.4,0.515,0.515,15.4,3.037,3.037,90.8,arima
2022-06-06,AREQUIPA,2.574012512274822,3.65001289084577,4.317923019689765,3.861018768412233,7.355284920021115,1.076,1.076,41.8,1.744,1.744,67.8,1.287,1.287,50.0,4.781,4.781,185.7,arima
2022-06-13,AREQUIPA,2.7027131378885634,3.758372797816409,4.233465826829974,3.861018768412233,7.485554232283819,1.056,1.056,39.1,1.531,1.531,56.6,1.158,1.158,42.8,4.783,4.783,177.0,arima
2022-06-20,AREQUIPA,3.024464701922915,3.74782520770931,3.8161128789950425,3.861018768412233,7.159880951627057,0.723,0.723,23.9,0.792,0.792,26.2,0.837,0.837,27.7,4.135,4.135,136.7,arima
2022-06-27,AREQUIPA,2.7670634506954332,3.31635391344064,2.616125554015111,3.0244647019229145,5.7318497395590775,0.549,0.549,19.8,-0.151,0.151,5.5,0.257,0.257,9.3,2.965,2.965,107.2,holt_winters
2022-07-04,AREQUIPA,3.024464701922915,3.2460066684246858,2.13823986044757,3.0244647019229145,4.3640219608006605,0.222,0.222,7.3,-0.886,0.886,29.3,-0.0,0.0,0.0,1.34,1.34,44.3,naive
2022-07-11,AREQUIPA,2.831413763502304,3.2049245308220566,2.3527050565549197,3.0244647019229145,3.582406087224422,0.374,0.374,13.2,-0.479,0.479,16.9,0.193,0.193,6.8,0.751,0.751,26.5,naive
2022-07-18,AREQUIPA,3.667967829991621,3.246406171175341,2.212167713825606,3.0244647019229145,3.12646349430495,-0.422,0.422,11.5,-1.456,1.456,39.7,-0.644,0.644,17.6,-0.542,0.542,14.8,arima
2022-07-25,AREQUIPA,3.281865953150398,3.584033552138118,3.4716367338669443,3.667967829991621,2.6053862452541257,0.302,0.302,9.2,0.19,0.19,5.8,0.386,0.386,11.8,-0.676,0.676,20.6,holt_winters
2022-08-01,AREQUIPA,3.3462162659572683,3.852541364517215,3.10654533715275,3.667967829991621,2.019174340071947,0.506,0.506,15.1,-0.24,0.24,7.2,0.322,0.322,9.6,-1.327,1.327,39.7,holt_winters
2022-08-08,AREQUIPA,2.7670634506954332,3.7210483032290194,3.0432700361083223,3.667967829991621,2.019174340071947,0.954,0.954,34.5,0.276,0.276,10.0,0.901,0.901,32.6,-0.748,0.748,27.0,holt_winters
2022-08-15,AREQUIPA,2.7027131378885625,3.7220939375132476,3.1799229431924187,3.667967829991621,2.2797129645973597,1.019,1.019,37.7,0.477,0.477,17.6,0.965,0.965,35.7,-0.423,0.423,15.7,seasonal_naive
2022-08-22,AREQUIPA,2.187910635433598,2.629513451353118,2.650269501170418,2.7027131378885625,2.344847620728712,0.442,0.442,20.2,0.462,0.462,21.1,0.515,0.515,23.5,0.157,0.157,7.2,seasonal_naive
2022-08-29,AREQUIPA,2.252260948240469,2.6921803836115594,2.7231141530461196,2.7027131378885625,2.344847620728712,0.44,0.44,19.5,0.471,0.471,20.9,0.45,0.45,20.0,0.093,0.093,4.1,seasonal_naive
2022-09-05,AREQUIPA,2.3166112610473397,2.675192317493623,2.7591055403017455,2.7027131378885625,1.9540396839405938,0.359,0.359,15.5,0.442,0.442,19.1,0.386,0.386,16.7,-0.363,0.363,15.7,arima
2022-09-12,AREQUIPA,2.7670634506954332,2.668312905947891,2.6505606455773605,2.7027131378885625,1.758635715546534,-0.099,0.099,3.6,-0.117,0.117,4.2,-0.064,0.064,2.3,-1.008,1.008,36.4,naive
2022-09-19,AREQUIPA,2.831413763502304,2.8212664758205928,2.7692677788848807,2.7670634506954332,1.8889050278092405,-0.01,0.01,0.4,-0.062,0.062,2.2,-0.064,0.064,2.3,-0.943,0.943,33.3,arima
2022-09-26,AREQUIPA,2.638362825081692,2.844015612376893,2.2955776006364075,2.7670634506954332,1.8889050278092405,0.206,0.206,7.8,-0.343,0.343,13.0,0.129,0.129,4.9,-0.749,0.749,28.4,naive
2022-10-03,AREQUIPA,2.445311886661081,2.8170514103137934,2.3585797418308903,2.7670634506954332,1.8889050278092405,0.372,0.372,15.2,-0.087,0.087,3.6,0.322,0.322,13.2,-0.556,0.556,22.7,holt_winters
2022-10-10,AREQUIPA,2.3166112610473397,2.826838940480645,2.4544060078236827,2.7670634506954332,1.9540396839405938,0.51,0.51,22.0,0.138,0.138,6.0,0.45,0.45,19.4,-0.363,0.363,15.7,holt_winters
2022-10-17,AREQUIPA,2.831413763502304,2.3290993135037814,2.3415476182705293,2.3166112610473397,2.344847620728712,-0.502,0.502,17.7,-0.49,0.49,17.3,-0.515,0.515,18.2,-0.487,0.487,17.2,seasonal_naive
2022-10-24,AREQUIPA,2.895764076309174,2.324012391788467,2.3661391268978083,2.3166112610473397,2.4099822768600654,-0.572,0.572,19.8,-0.53,0.53,18.3,-0.579,0.579,20.0,-0.486,0.486,16.8,seasonal_naive
2022-10-31,AREQUIPA,3.1531653275366565,2.3235791615820807,2.292253406606426,2.3166112610473397,2.2797129645973597,-0.83,0.83,26.3,-0.861,0.861,27.3,-0.837,0.837,26.5,-0.873,0.873,27.7,arima
2022-11-07,AREQUIPA,2.5096621994679507,2.3251841786936684,2.613713740962708,2.3166112610473397,2.931059525910891,-0.184,0.184,7.3,0.104,0.104,4.1,-0.193,0.193,7.7,0.421,0.421,16.8,holt_winters
2022-11-14,AREQUIPA,2.638362825081692,2.4419462397954375,2.814769423613773,2.50966219946795,3.6475407433557763,-0.196,0.196,7.4,0.176,0.176,6.7,-0.129,0.129,4.9,1.009,1.009,38.2,naive
2022-11-21,AREQUIPA,2.252260948240469,2.2824023842519403,2.868010795404433,2.50966219946795,3.5172714310930697,0.03,0.03,1.3,0.616,0.616,27.4,0.257,0.257,11.4,1.265,1.265,56.2,arima
2022-11-28,AREQUIPA,2.187910635433598,2.3891002538911503,2.6411789075028143,2.50966219946795,2.6705209013854785,0.201,0.201,9.2,0.453,0.453,20.7,0.322,0.322,14.7,0.483,0.483,22.1,arima
2022-12-05,AREQUIPA,1.9948596970129866,2.3725896957923456,2.5068385529437918,2.50966219946795,2.0843089962033,0.378,0.378,18.9,0.512,0.512,25.7,0.515,0.515,25.8,0.089,0.089,4.5,seasonal_naive
