date,actual,predicted,model,region
2010-12-27,2.2435034549953214,2.0832532082099413,naive,AYACUCHO
2011-01-03,2.239578036165025,2.0832532082099413,naive,AYACUCHO
2011-01-10,1.9171148331791172,2.0832532082099413,naive,AYACUCHO
2011-01-17,0.9556133524668368,2.0832532082099413,naive,AYACUCHO
2011-01-24,0.9556133524668368,0.9556133524668369,naive,AYACUCHO
2011-01-31,1.274151136622449,0.9556133524668369,naive,AYACUCHO
2011-02-07,1.5926889207780608,0.9556133524668369,naive,AYACUCHO
2011-02-14,1.9112267049336733,0.9556133524668369,naive,AYACUCHO
2011-02-21,1.592688920778061,1.9112267049336733,naive,AYACUCHO
2011-02-28,1.592688920778061,1.9112267049336733,naive,AYACUCHO
2011-03-07,1.4334200287002548,1.9112267049336733,naive,AYACUCHO
2011-03-14,1.1148822445446427,1.9112267049336733,naive,AYACUCHO
2011-03-21,0.9556133524668367,1.1148822445446425,naive,AYACUCHO
2011-03-28,0.6370755683112248,1.1148822445446425,naive,AYACUCHO
2011-04-04,0.955613352466837,1.1148822445446425,naive,AYACUCHO
2011-04-11,1.7519578128558673,1.1148822445446425,naive,AYACUCHO
2011-04-18,1.7519578128558673,1.751957812855867,naive,AYACUCHO
2011-04-25,2.3890333811670916,1.751957812855867,naive,AYACUCHO
2011-05-02,2.5483022732448974,1.751957812855867,naive,AYACUCHO
2011-05-09,3.5039156257117337,1.751957812855867,naive,AYACUCHO
2011-05-16,3.0261089494783153,3.503915625711734,naive,AYACUCHO
2011-05-23,3.3446467336339274,3.503915625711734,naive,AYACUCHO
2011-05-30,2.7075711653227033,3.503915625711734,naive,AYACUCHO
2011-06-06,3.981722301945151,3.503915625711734,naive,AYACUCHO
2011-06-13,4.300260086100764,3.981722301945151,naive,AYACUCHO
2011-06-20,4.300260086100764,3.981722301945151,naive,AYACUCHO
2011-06-27,3.66318451778954,3.981722301945151,naive,AYACUCHO
2011-07-04,2.7075711653227033,3.981722301945151,naive,AYACUCHO
2011-07-11,2.389033381167091,2.707571165322703,naive,AYACUCHO
2011-07-18,1.911226704933673,2.707571165322703,naive,AYACUCHO
2011-07-25,1.751957812855867,2.707571165322703,naive,AYACUCHO
2011-08-01,1.274151136622449,2.707571165322703,naive,AYACUCHO
2011-08-08,1.114882244544643,1.2741511366224492,naive,AYACUCHO
2011-08-15,0.955613352466837,1.2741511366224492,naive,AYACUCHO
2011-08-22,1.9112267049336733,1.2741511366224492,naive,AYACUCHO
2011-08-29,2.2297644890892854,1.2741511366224492,naive,AYACUCHO
2011-09-05,2.070495597011479,2.2297644890892854,naive,AYACUCHO
2011-09-12,1.4334200287002548,2.2297644890892854,naive,AYACUCHO
2011-09-19,1.114882244544643,2.2297644890892854,naive,AYACUCHO
2011-09-26,1.5926889207780608,2.2297644890892854,naive,AYACUCHO
2011-10-03,1.274151136622449,1.5926889207780608,naive,AYACUCHO
2011-10-10,0.9556133524668367,1.5926889207780608,naive,AYACUCHO
2011-10-17,0.6370755683112248,1.5926889207780608,naive,AYACUCHO
2011-10-24,0.7963444603890308,1.5926889207780608,naive,AYACUCHO
2011-10-31,0.6370755683112248,0.7963444603890308,naive,AYACUCHO
2011-11-07,0.15926889207780662,0.7963444603890308,naive,AYACUCHO
2011-11-14,0.0,0.7963444603890308,naive,AYACUCHO
2011-11-21,0.3185377841556127,0.7963444603890308,naive,AYACUCHO
2011-11-28,0.6370755683112247,0.3185377841556127,naive,AYACUCHO
2011-12-05,0.6370755683112247,0.3185377841556127,naive,AYACUCHO
2011-12-12,0.6370755683112247,0.3185377841556127,naive,AYACUCHO
2011-12-19,0.3185377841556127,0.3185377841556127,naive,AYACUCHO
2011-12-26,0.4778066762334187,0.3185377841556127,naive,AYACUCHO
2012-01-02,0.15926889207780662,0.3185377841556127,naive,AYACUCHO
2012-01-09,0.31756837570489105,0.3185377841556127,naive,AYACUCHO
2012-01-16,0.3165989672541694,0.3185377841556127,naive,AYACUCHO
2012-01-23,0.3165989672541694,0.3165989672541695,naive,AYACUCHO
2012-01-30,0.3165989672541694,0.3165989672541695,naive,AYACUCHO
2012-02-06,0.47489845088125376,0.3165989672541695,naive,AYACUCHO
2012-02-13,0.4748984508812539,0.3165989672541695,naive,AYACUCHO
2012-02-20,0.47489845088125376,0.4748984508812538,naive,AYACUCHO
2012-02-27,0.3165989672541694,0.4748984508812538,naive,AYACUCHO
2012-03-05,0.4748984508812532,0.4748984508812538,naive,AYACUCHO
2012-03-12,0.3165989672541694,0.4748984508812538,naive,AYACUCHO
2012-03-19,0.3165989672541694,0.3165989672541695,naive,AYACUCHO
2012-03-26,0.15829948362708504,0.3165989672541695,naive,AYACUCHO
2012-04-02,0.4748984508812539,0.3165989672541695,naive,AYACUCHO
2012-04-09,0.3165989672541694,0.3165989672541695,naive,AYACUCHO
2012-04-16,0.4748984508812539,0.3165989672541695,naive,AYACUCHO
2012-04-23,0.9497969017625071,0.3165989672541695,naive,AYACUCHO
2012-04-30,1.266395869016676,0.3165989672541695,naive,AYACUCHO
2012-05-07,1.5829948362708446,0.3165989672541695,naive,AYACUCHO
2012-05-14,1.8995938035250137,1.5829948362708444,naive,AYACUCHO
2012-05-21,2.532791738033351,1.5829948362708444,naive,AYACUCHO
2012-05-28,2.6910912216604355,1.5829948362708444,naive,AYACUCHO
2012-06-04,3.0076901889146046,1.5829948362708444,naive,AYACUCHO
2012-06-11,3.9574870906771107,3.007690188914605,naive,AYACUCHO
2012-06-18,4.274086057931279,3.007690188914605,naive,AYACUCHO
2012-06-25,5.605291316779706,3.007690188914605,naive,AYACUCHO
2012-07-02,4.497194931390115,3.007690188914605,naive,AYACUCHO
2012-07-09,3.7056975132546923,4.497194931390115,naive,AYACUCHO
2012-07-16,1.4246953526437602,4.497194931390115,naive,AYACUCHO
2012-07-23,1.1080963853895913,4.497194931390115,naive,AYACUCHO
2012-07-30,1.4246953526437596,4.497194931390115,naive,AYACUCHO
2012-08-06,1.4246953526437596,1.4246953526437598,naive,AYACUCHO
2012-08-13,1.4246953526437596,1.4246953526437598,naive,AYACUCHO
2012-08-20,1.4246953526437596,1.4246953526437598,naive,AYACUCHO
2012-08-27,1.4246953526437596,1.4246953526437598,naive,AYACUCHO
2012-09-03,1.8995938035250133,1.4246953526437598,naive,AYACUCHO
2012-09-10,2.0578932871520976,1.4246953526437598,naive,AYACUCHO
2012-09-17,1.5829948362708446,1.4246953526437598,naive,AYACUCHO
2012-09-24,0.949796901762507,1.4246953526437598,naive,AYACUCHO
2012-10-01,0.47489845088125376,0.949796901762507,naive,AYACUCHO
2012-10-08,1.1080963853895913,0.949796901762507,naive,AYACUCHO
2012-10-15,1.8995938035250137,0.949796901762507,naive,AYACUCHO
2012-10-22,2.5327917380333513,0.949796901762507,naive,AYACUCHO
2012-10-29,2.057893287152098,2.532791738033351,naive,AYACUCHO
2012-11-05,0.9497969017625071,2.532791738033351,naive,AYACUCHO
2012-11-12,0.9497969017625071,2.532791738033351,naive,AYACUCHO
2012-11-19,0.7914974181354227,2.532791738033351,naive,AYACUCHO
2012-11-26,1.4246953526437602,0.7914974181354226,naive,AYACUCHO
2012-12-03,1.4246953526437605,0.7914974181354226,naive,AYACUCHO
2012-12-10,1.8995938035250137,0.7914974181354226,naive,AYACUCHO
2012-12-17,1.4246953526437602,0.7914974181354226,naive,AYACUCHO
2012-12-24,0.7914974181354227,1.4246953526437602,naive,AYACUCHO
2012-12-31,0.6331979345083384,1.4246953526437602,naive,AYACUCHO
2013-01-07,1.2616074739617231,1.4246953526437602,naive,AYACUCHO
2013-01-14,2.3620424272633898,1.4246953526437602,naive,AYACUCHO
2013-01-21,2.8321524830896903,2.3620424272633893,naive,AYACUCHO
2013-01-28,2.6748106784735968,2.3620424272633893,naive,AYACUCHO
2013-02-04,1.8881016553931274,2.3620424272633893,naive,AYACUCHO
2013-02-11,1.101392632312658,2.3620424272633893,naive,AYACUCHO
2013-02-18,0.47202541384828245,1.101392632312658,naive,AYACUCHO
2013-02-25,0.0,1.101392632312658,naive,AYACUCHO
2013-03-04,0.15734180461609476,1.101392632312658,naive,AYACUCHO
2013-03-11,0.9440508276965641,1.101392632312658,naive,AYACUCHO
2013-03-18,0.9440508276965641,0.9440508276965642,naive,AYACUCHO
2013-03-25,0.7867090230804702,0.9440508276965642,naive,AYACUCHO
2013-04-01,0.0,0.9440508276965642,naive,AYACUCHO
2013-04-08,0.15734180461609476,0.9440508276965642,naive,AYACUCHO
2013-04-15,0.31468360923218863,0.15734180461609476,naive,AYACUCHO
2013-04-22,0.7867090230804702,0.15734180461609476,naive,AYACUCHO
2013-04-29,1.7307598507770334,0.15734180461609476,naive,AYACUCHO
2013-05-06,2.360127069241409,0.15734180461609476,naive,AYACUCHO
2013-05-13,2.6748106784735968,2.360127069241409,naive,AYACUCHO
2013-05-20,2.045443460009221,2.360127069241409,naive,AYACUCHO
2013-05-27,1.5734180461609395,2.360127069241409,naive,AYACUCHO
2013-06-03,1.4160762415448456,2.360127069241409,naive,AYACUCHO
2013-06-10,1.8881016553931271,1.4160762415448453,naive,AYACUCHO
2013-06-17,2.360127069241409,1.4160762415448453,naive,AYACUCHO
2013-06-24,2.2027852646253145,1.4160762415448453,naive,AYACUCHO
2013-07-01,1.7307598507770334,1.4160762415448453,naive,AYACUCHO
2013-07-08,1.7307598507770334,1.7307598507770336,naive,AYACUCHO
2013-07-15,1.8881016553931271,1.7307598507770336,naive,AYACUCHO
2013-07-22,1.5734180461609395,1.7307598507770336,naive,AYACUCHO
2013-07-29,1.8881016553931271,1.7307598507770336,naive,AYACUCHO
2013-08-05,2.202785264625315,1.8881016553931271,naive,AYACUCHO
2013-08-12,2.9894942877057837,1.8881016553931271,naive,AYACUCHO
2013-08-19,2.202785264625315,1.8881016553931271,naive,AYACUCHO
2013-08-26,1.2587344369287516,1.8881016553931271,naive,AYACUCHO
2013-09-02,0.6293672184643764,1.2587344369287514,naive,AYACUCHO
2013-09-09,0.6293672184643764,1.2587344369287514,naive,AYACUCHO
2013-09-16,1.2587344369287519,1.2587344369287514,naive,AYACUCHO
2013-09-23,1.4160762415448458,1.2587344369287514,naive,AYACUCHO
2013-09-30,1.8881016553931271,1.4160762415448458,naive,AYACUCHO
2013-10-07,1.2587344369287516,1.4160762415448458,naive,AYACUCHO
2013-10-14,1.4160762415448456,1.4160762415448458,naive,AYACUCHO
2013-10-21,1.4160762415448458,1.4160762415448458,naive,AYACUCHO
2013-10-28,1.7307598507770336,1.4160762415448458,naive,AYACUCHO
2013-11-04,1.1013926323126582,1.4160762415448458,naive,AYACUCHO
2013-11-11,0.7867090230804702,1.4160762415448458,naive,AYACUCHO
2013-11-18,1.4160762415448456,1.4160762415448458,naive,AYACUCHO
2013-11-25,1.4160762415448456,1.4160762415448453,naive,AYACUCHO
2013-12-02,0.944050827696564,1.4160762415448453,naive,AYACUCHO
2013-12-09,0.15734180461609476,1.4160762415448453,naive,AYACUCHO
2013-12-16,0.4720254138482825,1.4160762415448453,naive,AYACUCHO
2013-12-23,0.4720254138482825,0.4720254138482825,naive,AYACUCHO
2013-12-30,0.4720254138482825,0.4720254138482825,naive,AYACUCHO
2014-01-06,0.6265287349449635,0.4720254138482825,naive,AYACUCHO
2014-01-13,1.0957156652738325,0.4720254138482825,naive,AYACUCHO
2014-01-20,1.251165147543651,1.0957156652738327,naive,AYACUCHO
2014-01-27,1.251165147543651,1.0957156652738327,naive,AYACUCHO
2014-02-03,1.0947695041006946,1.0957156652738327,naive,AYACUCHO
2014-02-10,1.4075607909866072,1.0957156652738327,naive,AYACUCHO
2014-02-17,1.876747721315476,1.4075607909866075,naive,AYACUCHO
2014-02-24,2.0331433647584323,1.4075607909866075,naive,AYACUCHO
2014-03-03,1.5639564344295636,1.4075607909866075,naive,AYACUCHO
2014-03-10,0.7819782172147822,1.4075607909866075,naive,AYACUCHO
2014-03-17,0.7819782172147821,0.7819782172147822,naive,AYACUCHO
2014-03-24,1.251165147543651,0.7819782172147822,naive,AYACUCHO
2014-03-31,1.7203520778725199,0.7819782172147822,naive,AYACUCHO
2014-04-07,2.8151215819732136,0.7819782172147822,naive,AYACUCHO
2014-04-14,2.815121581973214,2.815121581973214,naive,AYACUCHO
2014-04-21,3.9098910860739076,2.815121581973214,naive,AYACUCHO
2014-04-28,3.127912868859126,2.815121581973214,naive,AYACUCHO
2014-05-05,2.9715172254161697,2.815121581973214,naive,AYACUCHO
2014-05-12,2.345934651644345,2.9715172254161697,naive,AYACUCHO
2014-05-19,3.2843085123020828,2.9715172254161697,naive,AYACUCHO
2014-05-26,5.317451877060514,2.9715172254161697,naive,AYACUCHO
2014-06-02,5.47384752050347,2.9715172254161697,naive,AYACUCHO
2014-06-09,5.161056233617558,5.47384752050347,naive,AYACUCHO
2014-06-16,3.440704155745039,5.47384752050347,naive,AYACUCHO
2014-06-23,2.815121581973214,5.47384752050347,naive,AYACUCHO
2014-06-30,2.658725938530257,5.47384752050347,naive,AYACUCHO
2014-07-07,3.2843085123020828,2.658725938530257,naive,AYACUCHO
2014-07-14,3.4407041557450384,2.658725938530257,naive,AYACUCHO
2014-07-21,4.22268237295982,2.658725938530257,naive,AYACUCHO
2014-07-28,3.753495442630951,2.658725938530257,naive,AYACUCHO
2014-08-04,3.127912868859126,3.7534954426309515,naive,AYACUCHO
2014-08-11,1.094769504100695,3.7534954426309515,naive,AYACUCHO
2014-08-18,0.6255825737718262,3.7534954426309515,naive,AYACUCHO
2014-08-25,1.094769504100695,3.7534954426309515,naive,AYACUCHO
2014-09-01,1.5639564344295638,1.0947695041006953,naive,AYACUCHO
2014-09-08,1.72035207787252,1.0947695041006953,naive,AYACUCHO
2014-09-15,1.094769504100695,1.0947695041006953,naive,AYACUCHO
2014-09-22,1.5639564344295638,1.0947695041006953,naive,AYACUCHO
2014-09-29,1.094769504100695,1.563956434429564,naive,AYACUCHO
2014-10-06,1.7203520778725199,1.563956434429564,naive,AYACUCHO
2014-10-13,2.345934651644345,1.563956434429564,naive,AYACUCHO
2014-10-20,3.1279128688591267,1.563956434429564,naive,AYACUCHO
2014-10-27,2.815121581973214,3.127912868859127,naive,AYACUCHO
2014-11-03,1.2511651475436512,3.127912868859127,naive,AYACUCHO
2014-11-10,0.9383738606577388,3.127912868859127,naive,AYACUCHO
2014-11-17,0.7819782172147826,3.127912868859127,naive,AYACUCHO
2014-11-24,1.2511651475436514,0.7819782172147824,naive,AYACUCHO
2014-12-01,1.4075607909866072,0.7819782172147824,naive,AYACUCHO
2014-12-08,1.4075607909866077,0.7819782172147824,naive,AYACUCHO
2014-12-15,1.72035207787252,0.7819782172147824,naive,AYACUCHO
2014-12-22,1.876747721315476,1.72035207787252,naive,AYACUCHO
2014-12-29,2.189539008201389,1.72035207787252,naive,AYACUCHO
2015-01-05,1.873943171682108,1.72035207787252,naive,AYACUCHO
2015-01-12,0.9355693110243704,1.72035207787252,naive,AYACUCHO
2015-01-19,0.9327647613910021,0.9355693110243704,naive,AYACUCHO
2015-01-26,0.7773039678258353,0.9355693110243704,naive,AYACUCHO
2015-02-02,0.7773039678258353,0.9355693110243704,naive,AYACUCHO
2015-02-09,0.4663823806955016,0.9355693110243704,naive,AYACUCHO
2015-02-16,0.6218431742606684,0.46638238069550153,naive,AYACUCHO
2015-02-23,1.0882255549561688,0.46638238069550153,naive,AYACUCHO
2015-03-02,2.3319119034775038,0.46638238069550153,naive,AYACUCHO
2015-03-09,2.4873726970426704,0.46638238069550153,naive,AYACUCHO
2015-03-16,3.8865198391291718,2.4873726970426704,naive,AYACUCHO
2015-03-23,3.5755982519988385,2.4873726970426704,naive,AYACUCHO
2015-03-30,4.1974414262595054,2.4873726970426704,naive,AYACUCHO
2015-04-06,3.7310590455640047,2.4873726970426704,naive,AYACUCHO
2015-04-13,4.3529022198246725,3.7310590455640043,naive,AYACUCHO
2015-04-20,4.50836301338984,3.7310590455640043,naive,AYACUCHO
2015-04-27,4.97474539408534,3.7310590455640043,naive,AYACUCHO
2015-05-04,4.508363013389839,3.7310590455640043,naive,AYACUCHO
2015-05-11,4.663823806955006,4.508363013389838,naive,AYACUCHO
2015-05-18,4.041980632694338,4.508363013389838,naive,AYACUCHO
2015-05-25,5.554194895665188,4.508363013389838,naive,AYACUCHO
2015-06-01,6.176038069925856,4.508363013389838,naive,AYACUCHO
2015-06-08,7.575185212012358,6.176038069925857,naive,AYACUCHO
2015-06-15,7.306657297562842,6.176038069925857,naive,AYACUCHO
2015-06-22,6.684814123302175,6.176038069925857,naive,AYACUCHO
2015-06-29,5.752049361911173,6.176038069925857,naive,AYACUCHO
2015-07-06,4.819284600520173,5.752049361911173,naive,AYACUCHO
2015-07-13,3.8865198391291718,5.752049361911173,naive,AYACUCHO
2015-07-20,2.331911903477503,5.752049361911173,naive,AYACUCHO
2015-07-27,0.7773039678258348,5.752049361911173,naive,AYACUCHO
2015-08-03,0.6218431742606679,0.7773039678258347,naive,AYACUCHO
2015-08-10,1.0882255549561686,0.7773039678258347,naive,AYACUCHO
2015-08-17,1.710068729216836,0.7773039678258347,naive,AYACUCHO
2015-08-24,1.710068729216836,0.7773039678258347,naive,AYACUCHO
2015-08-31,1.8655295227820023,1.710068729216836,naive,AYACUCHO
2015-09-07,1.7100687292168357,1.710068729216836,naive,AYACUCHO
2015-09-14,2.1764511099123367,1.710068729216836,naive,AYACUCHO
2015-09-21,1.3991471420865025,1.710068729216836,naive,AYACUCHO
2015-09-28,1.5546079356516689,1.3991471420865023,naive,AYACUCHO
2015-10-05,0.777303967825835,1.3991471420865023,naive,AYACUCHO
2015-10-12,0.777303967825835,1.3991471420865023,naive,AYACUCHO
2015-10-19,0.46638238069550125,1.3991471420865023,naive,AYACUCHO
2015-10-26,0.6218431742606682,0.46638238069550136,naive,AYACUCHO
2015-11-02,0.777303967825835,0.46638238069550136,naive,AYACUCHO
2015-11-09,0.6218431742606682,0.46638238069550136,naive,AYACUCHO
2015-11-16,1.0882255549561686,0.46638238069550136,naive,AYACUCHO
2015-11-23,0.9327647613910018,1.0882255549561686,naive,AYACUCHO
2015-11-30,1.0882255549561686,1.0882255549561686,naive,AYACUCHO
2015-12-07,0.46638238069550125,1.0882255549561686,naive,AYACUCHO
2015-12-14,0.6218431742606682,1.0882255549561686,naive,AYACUCHO
2015-12-21,0.3109215871303344,0.6218431742606683,naive,AYACUCHO
2015-12-28,0.1554607935651676,0.6218431742606683,naive,AYACUCHO
2016-01-04,0.3090741066985639,0.6218431742606683,naive,AYACUCHO
2016-01-11,0.4636111600478454,0.6218431742606683,naive,AYACUCHO
2016-01-18,0.7726852667464086,0.4636111600478454,naive,AYACUCHO
2016-01-25,0.9272223200956901,0.4636111600478454,naive,AYACUCHO
2016-02-01,0.9272223200956901,0.4636111600478454,naive,AYACUCHO
2016-02-08,0.618148213397127,0.4636111600478454,naive,AYACUCHO
2016-02-15,0.1545370533492823,0.618148213397127,naive,AYACUCHO
2016-02-22,0.3090741066985639,0.618148213397127,naive,AYACUCHO
2016-02-29,0.4636111600478454,0.618148213397127,naive,AYACUCHO
2016-03-07,0.618148213397127,0.618148213397127,naive,AYACUCHO
2016-03-14,0.9272223200956901,0.618148213397127,naive,AYACUCHO
2016-03-21,0.7726852667464087,0.618148213397127,naive,AYACUCHO
2016-03-28,0.9272223200956901,0.618148213397127,naive,AYACUCHO
2016-04-04,0.46361116004784547,0.618148213397127,naive,AYACUCHO
2016-04-11,0.6181482133971271,0.46361116004784547,naive,AYACUCHO
2016-04-18,0.6181482133971271,0.46361116004784547,naive,AYACUCHO
2016-04-25,1.3908334801435347,0.46361116004784547,naive,AYACUCHO
2016-05-02,1.3908334801435347,0.46361116004784547,naive,AYACUCHO
2016-05-09,1.5453705334928163,1.390833480143535,naive,AYACUCHO
2016-05-16,1.0817593734449718,1.390833480143535,naive,AYACUCHO
2016-05-23,1.0817593734449718,1.390833480143535,naive,AYACUCHO
2016-05-30,0.9272223200956901,1.390833480143535,naive,AYACUCHO
2016-06-06,1.2362964267942531,0.9272223200956902,naive,AYACUCHO
2016-06-13,1.5453705334928163,0.9272223200956902,naive,AYACUCHO
2016-06-20,2.472592853588506,0.9272223200956902,naive,AYACUCHO
2016-06-27,2.0089816935406613,0.9272223200956902,naive,AYACUCHO
2016-07-04,2.318055800239224,2.0089816935406613,naive,AYACUCHO
2016-07-11,1.3908334801435347,2.0089816935406613,naive,AYACUCHO
2016-07-18,1.8544446401913792,2.0089816935406613,naive,AYACUCHO
2016-07-25,1.2362964267942531,2.0089816935406613,naive,AYACUCHO
2016-08-01,1.2362964267942531,1.2362964267942531,naive,AYACUCHO
2016-08-08,1.0817593734449718,1.2362964267942531,naive,AYACUCHO
2016-08-15,1.5453705334928163,1.2362964267942531,naive,AYACUCHO
2016-08-22,1.8544446401913788,1.2362964267942531,naive,AYACUCHO
2016-08-29,1.8544446401913788,1.854444640191379,naive,AYACUCHO
2016-09-05,1.699907586842098,1.854444640191379,naive,AYACUCHO
2016-09-12,1.0817593734449715,1.854444640191379,naive,AYACUCHO
2016-09-19,0.9272223200956901,1.854444640191379,naive,AYACUCHO
2016-09-26,0.7726852667464086,0.9272223200956902,naive,AYACUCHO
2016-10-03,1.2362964267942533,0.9272223200956902,naive,AYACUCHO
2016-10-10,0.9272223200956901,0.9272223200956902,naive,AYACUCHO
2016-10-17,1.0817593734449718,0.9272223200956902,naive,AYACUCHO
2016-10-24,1.0817593734449718,1.0817593734449718,naive,AYACUCHO
2016-10-31,1.0817593734449718,1.0817593734449718,naive,AYACUCHO
2016-11-07,0.7726852667464086,1.0817593734449718,naive,AYACUCHO
2016-11-14,0.618148213397127,1.0817593734449718,naive,AYACUCHO
2016-11-21,0.9272223200956901,0.618148213397127,naive,AYACUCHO
2016-11-28,0.7726852667464086,0.618148213397127,naive,AYACUCHO
2016-12-05,0.618148213397127,0.618148213397127,naive,AYACUCHO
2016-12-12,0.4636111600478454,0.618148213397127,naive,AYACUCHO
2016-12-19,0.9272223200956901,0.4636111600478454,naive,AYACUCHO
2016-12-26,1.0817593734449718,0.4636111600478454,naive,AYACUCHO
2017-01-02,2.001677186124539,0.4636111600478454,naive,AYACUCHO
2017-01-09,1.8453140059212265,0.4636111600478454,naive,AYACUCHO
2017-01-16,1.9971118689894622,1.8453140059212263,naive,AYACUCHO
2017-01-23,0.9217439395335983,1.8453140059212263,naive,AYACUCHO
2017-01-30,0.7681199496113321,1.8453140059212263,naive,AYACUCHO
2017-02-06,0.7681199496113321,1.8453140059212263,naive,AYACUCHO
2017-02-13,0.9217439395335983,0.768119949611332,naive,AYACUCHO
2017-02-20,0.9217439395335983,0.768119949611332,naive,AYACUCHO
2017-02-27,0.46087196976679956,0.768119949611332,naive,AYACUCHO
2017-03-06,0.15362398992226703,0.768119949611332,naive,AYACUCHO
2017-03-13,0.3072479798445333,0.15362398992226703,naive,AYACUCHO
2017-03-20,1.0753679294558645,0.15362398992226703,naive,AYACUCHO
2017-03-27,1.3826159093003971,0.15362398992226703,naive,AYACUCHO
2017-04-03,1.228991919378131,0.15362398992226703,naive,AYACUCHO
2017-04-10,1.0753679294558647,1.2289919193781307,naive,AYACUCHO
2017-04-17,1.5362398992226634,1.2289919193781307,naive,AYACUCHO
2017-04-24,1.6898638891449298,1.2289919193781307,naive,AYACUCHO
2017-05-01,2.304359848833995,1.2289919193781307,naive,AYACUCHO
2017-05-08,2.304359848833995,2.3043598488339945,naive,AYACUCHO
2017-05-15,2.765231818600794,2.3043598488339945,naive,AYACUCHO
2017-05-22,1.8434878790671956,2.3043598488339945,naive,AYACUCHO
2017-05-29,2.1507358589117285,2.3043598488339945,naive,AYACUCHO
2017-06-05,2.1507358589117285,2.1507358589117285,naive,AYACUCHO
2017-06-12,2.3043598488339945,2.1507358589117285,naive,AYACUCHO
2017-06-19,2.150735858911728,2.1507358589117285,naive,AYACUCHO
2017-06-26,1.997111868989462,2.1507358589117285,naive,AYACUCHO
2017-07-03,1.997111868989462,1.997111868989462,naive,AYACUCHO
2017-07-10,1.5362398992226634,1.997111868989462,naive,AYACUCHO
2017-07-17,1.3826159093003962,1.997111868989462,naive,AYACUCHO
2017-07-24,1.6898638891449294,1.997111868989462,naive,AYACUCHO
2017-07-31,1.997111868989462,1.6898638891449291,naive,AYACUCHO
2017-08-07,1.8434878790671956,1.6898638891449291,naive,AYACUCHO
2017-08-14,1.228991919378131,1.6898638891449291,naive,AYACUCHO
2017-08-21,1.68986388914493,1.6898638891449291,naive,AYACUCHO
2017-08-28,1.68986388914493,1.68986388914493,naive,AYACUCHO
2017-09-04,1.8434878790671965,1.68986388914493,naive,AYACUCHO
2017-09-11,0.7681199496113322,1.68986388914493,naive,AYACUCHO
2017-09-18,0.9217439395335983,1.68986388914493,naive,AYACUCHO
2017-09-25,1.228991919378131,0.9217439395335985,naive,AYACUCHO
2017-10-02,1.3826159093003973,0.9217439395335985,naive,AYACUCHO
2017-10-09,1.075367929455865,0.9217439395335985,naive,AYACUCHO
2017-10-16,1.075367929455865,0.9217439395335985,naive,AYACUCHO
2017-10-23,1.6898638891449298,1.0753679294558647,naive,AYACUCHO
2017-10-30,2.150735858911729,1.0753679294558647,naive,AYACUCHO
2017-11-06,1.9971118689894622,1.0753679294558647,naive,AYACUCHO
2017-11-13,1.075367929455865,1.0753679294558647,naive,AYACUCHO
2017-11-20,0.6144959596890659,1.0753679294558647,naive,AYACUCHO
2017-11-27,0.4608719697667997,1.0753679294558647,naive,AYACUCHO
2017-12-04,0.7681199496113322,1.0753679294558647,naive,AYACUCHO
2017-12-11,0.9217439395335977,1.0753679294558647,naive,AYACUCHO
2017-12-18,1.3826159093003971,0.9217439395335976,naive,AYACUCHO
2017-12-25,1.6898638891449298,0.9217439395335976,naive,AYACUCHO
2018-01-01,1.8407241969374288,0.9217439395335976,naive,AYACUCHO
2018-01-08,1.5307125349631294,0.9217439395335976,naive,AYACUCHO
2018-01-15,1.0689193378197415,1.5307125349631292,naive,AYACUCHO
2018-01-22,0.763513812728387,1.5307125349631292,naive,AYACUCHO
2018-01-29,0.4581082876370316,1.5307125349631292,naive,AYACUCHO
2018-02-05,0.6108110501827099,1.5307125349631292,naive,AYACUCHO
2018-02-12,0.763513812728387,0.61081105018271,naive,AYACUCHO
2018-02-19,0.9162165752740632,0.61081105018271,naive,AYACUCHO
2018-02-26,1.0689193378197415,0.61081105018271,naive,AYACUCHO
2018-03-05,1.0689193378197415,0.61081105018271,naive,AYACUCHO
2018-03-12,1.2216221003654189,1.0689193378197417,naive,AYACUCHO
2018-03-19,0.9162165752740642,1.0689193378197417,naive,AYACUCHO
2018-03-26,1.0689193378197415,1.0689193378197417,naive,AYACUCHO
2018-04-02,0.9162165752740643,1.0689193378197417,naive,AYACUCHO
2018-04-09,1.0689193378197415,0.9162165752740643,naive,AYACUCHO
2018-04-16,0.763513812728387,0.9162165752740643,naive,AYACUCHO
2018-04-23,0.9162165752740643,0.9162165752740643,naive,AYACUCHO
2018-04-30,0.9162165752740643,0.9162165752740643,naive,AYACUCHO
2018-05-07,1.374324862911096,0.9162165752740643,naive,AYACUCHO
2018-05-14,1.6797303880024501,0.9162165752740643,naive,AYACUCHO
2018-05-21,1.527027625456773,0.9162165752740643,naive,AYACUCHO
2018-05-28,2.5959469632765138,0.9162165752740643,naive,AYACUCHO
2018-06-04,2.901352488367868,2.5959469632765138,naive,AYACUCHO
2018-06-11,3.817569063641931,2.5959469632765138,naive,AYACUCHO
2018-06-18,4.733785638915994,2.5959469632765138,naive,AYACUCHO
2018-06-25,6.42076691258844,2.5959469632765138,naive,AYACUCHO
2018-07-02,6.878875200225472,6.420766912588441,naive,AYACUCHO
2018-07-09,6.115361387497085,6.420766912588441,naive,AYACUCHO
2018-07-16,5.039191164007349,6.420766912588441,naive,AYACUCHO
2018-07-23,4.886488401461672,6.420766912588441,naive,AYACUCHO
2018-07-30,5.03919116400735,4.886488401461673,naive,AYACUCHO
2018-08-06,3.9702718261876093,4.886488401461673,naive,AYACUCHO
2018-08-13,3.8175690636419315,4.886488401461673,naive,AYACUCHO
2018-08-20,3.5121635385505763,4.886488401461673,naive,AYACUCHO
2018-08-27,3.6648663010962537,3.512163538550576,naive,AYACUCHO
2018-09-03,3.512163538550577,3.512163538550576,naive,AYACUCHO
2018-09-10,2.137838675639482,3.512163538550576,naive,AYACUCHO
2018-09-17,1.8324331505481275,3.512163538550576,naive,AYACUCHO
2018-09-24,1.3743248629110958,1.8324331505481277,naive,AYACUCHO
2018-10-01,1.3743248629110958,1.8324331505481277,naive,AYACUCHO
2018-10-08,1.3743248629110958,1.8324331505481277,naive,AYACUCHO
2018-10-15,1.2216221003654184,1.8324331505481277,naive,AYACUCHO
2018-10-22,1.8324331505481275,1.2216221003654186,naive,AYACUCHO
2018-10-29,1.9851359130938047,1.2216221003654186,naive,AYACUCHO
2018-11-05,1.8324331505481275,1.2216221003654186,naive,AYACUCHO
2018-11-12,1.527027625456773,1.2216221003654186,naive,AYACUCHO
2018-11-19,1.527027625456773,1.527027625456773,naive,AYACUCHO
2018-11-26,1.9851359130938044,1.527027625456773,naive,AYACUCHO
2018-12-03,2.137838675639482,1.527027625456773,naive,AYACUCHO
2018-12-10,2.1378386756394816,1.527027625456773,naive,AYACUCHO
2018-12-17,1.6797303880024501,2.137838675639482,naive,AYACUCHO
2018-12-24,1.3743248629110958,2.137838675639482,naive,AYACUCHO
2018-12-31,0.9162165752740642,2.137838675639482,naive,AYACUCHO
2019-01-07,0.7626033376165852,2.137838675639482,naive,AYACUCHO
2019-01-14,0.6080796248473045,0.762603337616585,naive,AYACUCHO
2019-01-21,0.7589614371693783,0.762603337616585,naive,AYACUCHO
2019-01-28,0.9107537246032529,0.762603337616585,naive,AYACUCHO
2019-02-04,0.6071691497355028,0.762603337616585,naive,AYACUCHO
2019-02-11,0.7589614371693783,0.6071691497355027,naive,AYACUCHO
2019-02-18,0.6071691497355028,0.6071691497355027,naive,AYACUCHO
2019-02-25,0.6071691497355028,0.6071691497355027,naive,AYACUCHO
2019-03-04,0.4553768623016274,0.6071691497355027,naive,AYACUCHO
2019-03-11,0.4553768623016274,0.45537686230162727,naive,AYACUCHO
2019-03-18,1.0625460120371293,0.45537686230162727,naive,AYACUCHO
2019-03-25,1.2143382994710048,0.45537686230162727,naive,AYACUCHO
2019-04-01,1.9732997366403822,0.45537686230162727,naive,AYACUCHO
2019-04-08,1.9732997366403824,1.973299736640382,naive,AYACUCHO
2019-04-15,1.9732997366403824,1.973299736640382,naive,AYACUCHO
2019-04-22,1.5179228743387558,1.973299736640382,naive,AYACUCHO
2019-04-29,1.2143382994710048,1.973299736640382,naive,AYACUCHO
2019-05-06,1.3661305869048803,1.2143382994710046,naive,AYACUCHO
2019-05-13,1.5179228743387556,1.2143382994710046,naive,AYACUCHO
2019-05-20,1.5179228743387558,1.2143382994710046,naive,AYACUCHO
2019-05-27,0.9107537246032537,1.2143382994710046,naive,AYACUCHO
2019-06-03,1.2143382994710048,0.9107537246032538,naive,AYACUCHO
2019-06-10,1.3661305869048803,0.9107537246032538,naive,AYACUCHO
2019-06-17,1.9732997366403822,0.9107537246032538,naive,AYACUCHO
2019-06-24,1.3661305869048803,0.9107537246032538,naive,AYACUCHO
2019-07-01,1.9732997366403822,1.3661305869048803,naive,AYACUCHO
2019-07-08,2.4286765989420087,1.3661305869048803,naive,AYACUCHO
2019-07-15,2.276884311508133,1.3661305869048803,naive,AYACUCHO
2019-07-22,1.6697151617726311,1.3661305869048803,naive,AYACUCHO
2019-07-29,1.3661305869048803,1.6697151617726314,naive,AYACUCHO
2019-08-05,1.6697151617726316,1.6697151617726314,naive,AYACUCHO
2019-08-12,1.8215074492065069,1.6697151617726314,naive,AYACUCHO
2019-08-19,1.0625460120371293,1.6697151617726314,naive,AYACUCHO
2019-08-26,1.2143382994710048,1.0625460120371293,naive,AYACUCHO
2019-09-02,1.5179228743387558,1.0625460120371293,naive,AYACUCHO
2019-09-09,2.2768843115081334,1.0625460120371293,naive,AYACUCHO
2019-09-16,1.9732997366403824,1.0625460120371293,naive,AYACUCHO
2019-09-23,1.5179228743387558,1.973299736640382,naive,AYACUCHO
2019-09-30,1.2143382994710048,1.973299736640382,naive,AYACUCHO
2019-10-07,1.6697151617726316,1.973299736640382,naive,AYACUCHO
2019-10-14,1.821507449206507,1.973299736640382,naive,AYACUCHO
2019-10-21,1.821507449206507,1.821507449206507,naive,AYACUCHO
2019-10-28,1.0625460120371293,1.821507449206507,naive,AYACUCHO
2019-11-04,0.4553768623016274,1.821507449206507,naive,AYACUCHO
2019-11-11,0.15179228743387638,1.821507449206507,naive,AYACUCHO
2019-11-18,0.15179228743387638,0.1517922874338764,naive,AYACUCHO
2019-11-25,0.4553768623016274,0.1517922874338764,naive,AYACUCHO
2019-12-02,0.6071691497355028,0.1517922874338764,naive,AYACUCHO
2019-12-09,0.9107537246032529,0.1517922874338764,naive,AYACUCHO
2019-12-16,0.7589614371693783,0.9107537246032529,naive,AYACUCHO
2019-12-23,0.4553768623016274,0.9107537246032529,naive,AYACUCHO
2019-12-30,0.15179228743387638,0.9107537246032529,naive,AYACUCHO
2020-01-06,0.6035704208243876,0.9107537246032529,naive,AYACUCHO
2020-01-13,0.7544630260304842,0.6035704208243877,naive,AYACUCHO
2020-01-20,0.9053556312365809,0.6035704208243877,naive,AYACUCHO
2020-01-27,0.30178521041219425,0.6035704208243877,naive,AYACUCHO
2020-02-03,0.15089260520609757,0.6035704208243877,naive,AYACUCHO
2020-02-10,0.7544630260304842,0.1508926052060976,naive,AYACUCHO
2020-02-17,0.7544630260304842,0.1508926052060976,naive,AYACUCHO
2020-02-24,0.7544630260304842,0.1508926052060976,naive,AYACUCHO
2020-03-02,0.0,0.1508926052060976,naive,AYACUCHO
2020-03-09,0.15089260520609757,0.0,naive,AYACUCHO
2020-03-16,0.15089260520609757,0.0,naive,AYACUCHO
2020-03-23,0.30178521041219425,0.0,naive,AYACUCHO
2020-03-30,0.4526778156182909,0.0,naive,AYACUCHO
2020-04-06,0.6035704208243876,0.45267781561829096,naive,AYACUCHO
2020-04-13,0.6035704208243876,0.45267781561829096,naive,AYACUCHO
2020-04-20,0.30178521041219425,0.45267781561829096,naive,AYACUCHO
2020-04-27,0.15089260520609757,0.45267781561829096,naive,AYACUCHO
2020-05-04,0.0,0.1508926052060976,naive,AYACUCHO
2020-05-11,0.0,0.1508926052060976,naive,AYACUCHO
2020-05-18,0.30178521041219425,0.1508926052060976,naive,AYACUCHO
2020-05-25,0.30178521041219425,0.1508926052060976,naive,AYACUCHO
2020-06-01,0.30178521041219425,0.30178521041219425,naive,AYACUCHO
2020-06-08,0.0,0.30178521041219425,naive,AYACUCHO
2020-06-15,0.0,0.30178521041219425,naive,AYACUCHO
2020-06-22,0.0,0.30178521041219425,naive,AYACUCHO
2020-06-29,0.0,0.0,naive,AYACUCHO
2020-07-06,0.0,0.0,naive,AYACUCHO
2020-07-13,0.0,0.0,naive,AYACUCHO
2020-07-20,0.0,0.0,naive,AYACUCHO
2020-07-27,0.15089260520609757,0.0,naive,AYACUCHO
2020-08-03,0.15089260520609757,0.0,naive,AYACUCHO
2020-08-10,0.15089260520609757,0.0,naive,AYACUCHO
2020-08-17,0.0,0.0,naive,AYACUCHO
2020-08-24,0.0,0.0,naive,AYACUCHO
2020-08-31,0.15089260520609757,0.0,naive,AYACUCHO
2020-09-07,0.15089260520609757,0.0,naive,AYACUCHO
2020-09-14,0.15089260520609757,0.0,naive,AYACUCHO
2020-09-21,0.0,0.1508926052060976,naive,AYACUCHO
2020-09-28,0.0,0.1508926052060976,naive,AYACUCHO
2020-10-05,0.0,0.1508926052060976,naive,AYACUCHO
2020-10-12,0.0,0.1508926052060976,naive,AYACUCHO
2020-10-19,0.0,0.0,naive,AYACUCHO
2020-10-26,0.0,0.0,naive,AYACUCHO
2020-11-02,0.15089260520609757,0.0,naive,AYACUCHO
2020-11-09,0.15089260520609757,0.0,naive,AYACUCHO
2020-11-16,0.4526778156182909,0.1508926052060976,naive,AYACUCHO
2020-11-23,0.4526778156182909,0.1508926052060976,naive,AYACUCHO
2020-11-30,0.4526778156182909,0.1508926052060976,naive,AYACUCHO
2020-12-07,0.15089260520609757,0.1508926052060976,naive,AYACUCHO
2020-12-14,0.0,0.1508926052060976,naive,AYACUCHO
2020-12-21,0.0,0.1508926052060976,naive,AYACUCHO
2020-12-28,0.15089260520609757,0.1508926052060976,naive,AYACUCHO
2021-01-04,0.15089260520609757,0.1508926052060976,naive,AYACUCHO
2021-01-11,0.15089260520609757,0.1508926052060976,naive,AYACUCHO
2021-01-18,0.0,0.1508926052060976,naive,AYACUCHO
2021-01-25,0.0,0.1508926052060976,naive,AYACUCHO
2021-02-01,0.15000352508284032,0.1508926052060976,naive,AYACUCHO
2021-02-08,0.30000705016567975,0.15000352508284032,naive,AYACUCHO
2021-02-15,0.30000705016567975,0.15000352508284032,naive,AYACUCHO
2021-02-22,0.15000352508284032,0.15000352508284032,naive,AYACUCHO
2021-03-01,0.15000352508284032,0.15000352508284032,naive,AYACUCHO
2021-03-08,0.4500105752485191,0.15000352508284032,naive,AYACUCHO
2021-03-15,0.6000141003313586,0.15000352508284032,naive,AYACUCHO
2021-03-22,0.4500105752485191,0.15000352508284032,naive,AYACUCHO
2021-03-29,0.15000352508284032,0.15000352508284032,naive,AYACUCHO
2021-04-05,0.30000705016567975,0.15000352508284032,naive,AYACUCHO
2021-04-12,0.4500105752485191,0.15000352508284032,naive,AYACUCHO
2021-04-19,0.750017625414198,0.15000352508284032,naive,AYACUCHO
2021-04-26,0.6000141003313586,0.15000352508284032,naive,AYACUCHO
2021-05-03,0.9000211504970376,0.6000141003313586,naive,AYACUCHO
2021-05-10,0.7500176254141983,0.6000141003313586,naive,AYACUCHO
2021-05-17,0.750017625414198,0.6000141003313586,naive,AYACUCHO
2021-05-24,0.6000141003313586,0.6000141003313586,naive,AYACUCHO
2021-05-31,0.750017625414198,0.6000141003313586,naive,AYACUCHO
2021-06-07,0.750017625414198,0.6000141003313586,naive,AYACUCHO
2021-06-14,0.6000141003313586,0.6000141003313586,naive,AYACUCHO
2021-06-21,0.6000141003313586,0.6000141003313586,naive,AYACUCHO
2021-06-28,0.6000141003313586,0.6000141003313586,naive,AYACUCHO
2021-07-05,0.6000141003313586,0.6000141003313586,naive,AYACUCHO
2021-07-12,0.4500105752485183,0.6000141003313586,naive,AYACUCHO
2021-07-19,0.4500105752485183,0.6000141003313586,naive,AYACUCHO
2021-07-26,0.6000141003313586,0.4500105752485184,naive,AYACUCHO
2021-08-02,1.0500246755798768,0.4500105752485184,naive,AYACUCHO
2021-08-09,1.0500246755798768,0.4500105752485184,naive,AYACUCHO
2021-08-16,1.0500246755798768,0.4500105752485184,naive,AYACUCHO
2021-08-23,0.4500105752485191,1.0500246755798766,naive,AYACUCHO
2021-08-30,0.30000705016567975,1.0500246755798766,naive,AYACUCHO
2021-09-06,0.4500105752485193,1.0500246755798766,naive,AYACUCHO
2021-09-13,0.9000211504970377,1.0500246755798766,naive,AYACUCHO
2021-09-20,1.2000282006627165,0.9000211504970377,naive,AYACUCHO
2021-09-27,0.750017625414198,0.9000211504970377,naive,AYACUCHO
2021-10-04,0.4500105752485191,0.9000211504970377,naive,AYACUCHO
2021-10-11,0.750017625414198,0.9000211504970377,naive,AYACUCHO
2021-10-18,1.5000352508283952,0.7500176254141981,naive,AYACUCHO
2021-10-25,1.3500317257455559,0.7500176254141981,naive,AYACUCHO
2021-11-01,1.5000352508283956,0.7500176254141981,naive,AYACUCHO
2021-11-08,0.9000211504970376,0.7500176254141981,naive,AYACUCHO
2021-11-15,0.9000211504970376,0.9000211504970375,naive,AYACUCHO
2021-11-22,0.6000141003313586,0.9000211504970375,naive,AYACUCHO
2021-11-29,0.750017625414198,0.9000211504970375,naive,AYACUCHO
2021-12-06,1.0500246755798768,0.9000211504970375,naive,AYACUCHO
2021-12-13,0.7500176254141979,1.0500246755798766,naive,AYACUCHO
2021-12-20,0.450010575248519,1.0500246755798766,naive,AYACUCHO
2021-12-27,0.3000070501656796,1.0500246755798766,naive,AYACUCHO
2022-01-03,0.15000352508284018,1.0500246755798766,naive,AYACUCHO
2022-01-10,0.2991283858375014,0.15000352508284018,naive,AYACUCHO
2022-01-17,0.149124860754662,0.15000352508284018,naive,AYACUCHO
2022-01-24,1.1929988860372909,0.15000352508284018,naive,AYACUCHO
2022-01-31,1.342123746791952,0.15000352508284018,naive,AYACUCHO
2022-02-07,1.6403734683012747,1.3421237467919518,naive,AYACUCHO
2022-02-14,0.8947491645279676,1.3421237467919518,naive,AYACUCHO
2022-02-21,0.8947491645279676,1.3421237467919518,naive,AYACUCHO
2022-02-28,0.5964994430186458,1.3421237467919518,naive,AYACUCHO
2022-03-07,0.4473745822639845,0.5964994430186459,naive,AYACUCHO
2022-03-14,0.8947491645279683,0.5964994430186459,naive,AYACUCHO
2022-03-21,1.6403734683012747,0.5964994430186459,naive,AYACUCHO
2022-03-28,2.0877480505652586,0.5964994430186459,naive,AYACUCHO
2022-04-04,1.6403734683012747,2.087748050565258,naive,AYACUCHO
2022-04-11,1.1929988860372909,2.087748050565258,naive,AYACUCHO
2022-04-18,0.7456243037733071,2.087748050565258,naive,AYACUCHO
2022-04-25,1.4912486075466134,2.087748050565258,naive,AYACUCHO
2022-05-02,2.0877480505652586,1.4912486075466131,naive,AYACUCHO
2022-05-09,3.5789966581118713,1.4912486075466131,naive,AYACUCHO
2022-05-16,3.4298717973572095,1.4912486075466131,naive,AYACUCHO
2022-05-23,5.291023244321427,1.4912486075466131,naive,AYACUCHO
2022-05-30,5.291023244321427,5.291023244321427,naive,AYACUCHO
2022-06-06,6.334897269604056,5.291023244321427,naive,AYACUCHO
2022-06-13,4.175496101130516,5.291023244321427,naive,AYACUCHO
2022-06-20,4.324620961885177,5.291023244321427,naive,AYACUCHO
2022-06-27,4.0263712403758545,4.324620961885177,naive,AYACUCHO
2022-07-04,6.185772408849395,4.324620961885177,naive,AYACUCHO
2022-07-11,5.887522687340073,4.324620961885177,naive,AYACUCHO
2022-07-18,5.589272965830751,4.324620961885177,naive,AYACUCHO
2022-07-25,3.1316220758478877,5.589272965830752,naive,AYACUCHO
2022-08-01,2.982497215093226,5.589272965830752,naive,AYACUCHO
2022-08-08,2.6842474935839036,5.589272965830752,naive,AYACUCHO
2022-08-15,3.1316220758478877,5.589272965830752,naive,AYACUCHO
2022-08-22,2.385997772074581,3.131622075847888,naive,AYACUCHO
2022-08-29,2.6842474935839036,3.131622075847888,naive,AYACUCHO
2022-09-05,2.3859977720745804,3.131622075847888,naive,AYACUCHO
2022-09-12,2.0877480505652586,3.131622075847888,naive,AYACUCHO
2022-09-19,0.8947491645279682,2.087748050565258,naive,AYACUCHO
2022-09-26,1.6403734683012745,2.087748050565258,naive,AYACUCHO
2022-10-03,2.535122632829242,2.087748050565258,naive,AYACUCHO
2022-10-10,2.8333723543385645,2.087748050565258,naive,AYACUCHO
2022-10-17,2.2368729113199195,2.8333723543385645,naive,AYACUCHO
2022-10-24,1.342123746791952,2.8333723543385645,naive,AYACUCHO
2022-10-31,2.087748050565258,2.8333723543385645,naive,AYACUCHO
2022-11-07,2.2368729113199195,2.8333723543385645,naive,AYACUCHO
2022-11-14,2.8333723543385645,2.2368729113199195,naive,AYACUCHO
2022-11-21,2.087748050565258,2.2368729113199195,naive,AYACUCHO
2022-11-28,3.2807469366025486,2.2368729113199195,naive,AYACUCHO
2022-12-05,3.5789966581118713,2.2368729113199195,naive,AYACUCHO
2010-12-27,2.2435034549953214,0.6449750797753557,seasonal_naive,AYACUCHO
2011-01-03,2.239578036165025,0.4807507403561408,seasonal_naive,AYACUCHO
2011-01-10,1.9171148331791172,0.6410009871415208,seasonal_naive,AYACUCHO
2011-01-17,0.9556133524668368,0.9615014807122808,seasonal_naive,AYACUCHO
2011-01-24,0.9556133524668368,0.6410009871415208,seasonal_naive,AYACUCHO
2011-01-31,1.274151136622449,0.6410009871415208,seasonal_naive,AYACUCHO
2011-02-07,1.5926889207780608,0.32050049357076077,seasonal_naive,AYACUCHO
2011-02-14,1.9112267049336733,0.1602502467853807,seasonal_naive,AYACUCHO
2011-02-21,1.592688920778061,0.0,seasonal_naive,AYACUCHO
2011-02-28,1.592688920778061,0.9615014807122808,seasonal_naive,AYACUCHO
2011-03-07,1.4334200287002548,1.4422522210684212,seasonal_naive,AYACUCHO
2011-03-14,1.1148822445446427,2.0832532082099413,seasonal_naive,AYACUCHO
2011-03-21,0.9556133524668367,1.602502467853801,seasonal_naive,AYACUCHO
2011-03-28,0.6370755683112248,1.7627527146391815,seasonal_naive,AYACUCHO
2011-04-04,0.955613352466837,1.4422522210684212,seasonal_naive,AYACUCHO
2011-04-11,1.7519578128558673,1.6025024678538013,seasonal_naive,AYACUCHO
2011-04-18,1.7519578128558673,1.9230029614245603,seasonal_naive,AYACUCHO
2011-04-25,2.3890333811670916,3.525505429278361,seasonal_naive,AYACUCHO
2011-05-02,2.5483022732448974,3.685755676063742,seasonal_naive,AYACUCHO
2011-05-09,3.5039156257117337,3.365255182492982,seasonal_naive,AYACUCHO
2011-05-16,3.0261089494783153,2.8845044421368415,seasonal_naive,AYACUCHO
2011-05-23,3.3446467336339274,3.8460059228491215,seasonal_naive,AYACUCHO
2011-05-30,2.7075711653227033,5.929259131059062,seasonal_naive,AYACUCHO
2011-06-06,3.981722301945151,6.730510364985962,seasonal_naive,AYACUCHO
2011-06-13,4.300260086100764,6.0895093778444425,seasonal_naive,AYACUCHO
2011-06-20,4.300260086100764,3.685755676063742,seasonal_naive,AYACUCHO
2011-06-27,3.66318451778954,2.2435034549953214,seasonal_naive,AYACUCHO
2011-07-04,2.7075711653227033,2.5640039485660817,seasonal_naive,AYACUCHO
2011-07-11,2.389033381167091,3.685755676063742,seasonal_naive,AYACUCHO
2011-07-18,1.911226704933673,3.8460059228491215,seasonal_naive,AYACUCHO
2011-07-25,1.751957812855867,2.8845044421368415,seasonal_naive,AYACUCHO
2011-08-01,1.274151136622449,2.403753701780701,seasonal_naive,AYACUCHO
2011-08-08,1.114882244544643,1.7627527146391815,seasonal_naive,AYACUCHO
2011-08-15,0.955613352466837,2.0832532082099413,seasonal_naive,AYACUCHO
2011-08-22,1.9112267049336733,2.403753701780702,seasonal_naive,AYACUCHO
2011-08-29,2.2297644890892854,3.205004935707601,seasonal_naive,AYACUCHO
2011-09-05,2.070495597011479,3.365255182492982,seasonal_naive,AYACUCHO
2011-09-12,1.4334200287002548,2.403753701780701,seasonal_naive,AYACUCHO
2011-09-19,1.114882244544643,1.7627527146391815,seasonal_naive,AYACUCHO
2011-09-26,1.5926889207780608,1.602502467853801,seasonal_naive,AYACUCHO
2011-10-03,1.274151136622449,1.7627527146391815,seasonal_naive,AYACUCHO
2011-10-10,0.9556133524668367,2.0832532082099413,seasonal_naive,AYACUCHO
2011-10-17,0.6370755683112248,2.403753701780701,seasonal_naive,AYACUCHO
2011-10-24,0.7963444603890308,2.5640039485660817,seasonal_naive,AYACUCHO
2011-10-31,0.6370755683112248,1.9230029614245603,seasonal_naive,AYACUCHO
2011-11-07,0.15926889207780662,0.961501480712281,seasonal_naive,AYACUCHO
2011-11-14,0.0,0.6410009871415208,seasonal_naive,AYACUCHO
2011-11-21,0.3185377841556127,1.121751727497661,seasonal_naive,AYACUCHO
2011-11-28,0.6370755683112247,1.282001974283041,seasonal_naive,AYACUCHO
2011-12-05,0.6370755683112247,1.7627527146391815,seasonal_naive,AYACUCHO
2011-12-12,0.6370755683112247,1.7627527146391815,seasonal_naive,AYACUCHO
2011-12-19,0.3185377841556127,2.0832532082099413,seasonal_naive,AYACUCHO
2011-12-26,0.4778066762334187,2.2435034549953214,seasonal_naive,AYACUCHO
2012-01-02,0.15926889207780662,2.2395780361650255,seasonal_naive,AYACUCHO
2012-01-09,0.31756837570489105,1.9171148331791175,seasonal_naive,AYACUCHO
2012-01-16,0.3165989672541694,0.9556133524668369,seasonal_naive,AYACUCHO
2012-01-23,0.3165989672541694,0.9556133524668369,seasonal_naive,AYACUCHO
2012-01-30,0.3165989672541694,1.2741511366224492,seasonal_naive,AYACUCHO
2012-02-06,0.47489845088125376,1.5926889207780608,seasonal_naive,AYACUCHO
2012-02-13,0.4748984508812539,1.9112267049336733,seasonal_naive,AYACUCHO
2012-02-20,0.47489845088125376,1.5926889207780608,seasonal_naive,AYACUCHO
2012-02-27,0.3165989672541694,1.5926889207780608,seasonal_naive,AYACUCHO
2012-03-05,0.4748984508812532,1.433420028700255,seasonal_naive,AYACUCHO
2012-03-12,0.3165989672541694,1.1148822445446425,seasonal_naive,AYACUCHO
2012-03-19,0.3165989672541694,0.9556133524668367,seasonal_naive,AYACUCHO
2012-03-26,0.15829948362708504,0.6370755683112248,seasonal_naive,AYACUCHO
2012-04-02,0.4748984508812539,0.9556133524668369,seasonal_naive,AYACUCHO
2012-04-09,0.3165989672541694,1.751957812855867,seasonal_naive,AYACUCHO
2012-04-16,0.4748984508812539,1.751957812855867,seasonal_naive,AYACUCHO
2012-04-23,0.9497969017625071,2.389033381167092,seasonal_naive,AYACUCHO
2012-04-30,1.266395869016676,2.548302273244898,seasonal_naive,AYACUCHO
2012-05-07,1.5829948362708446,3.503915625711734,seasonal_naive,AYACUCHO
2012-05-14,1.8995938035250137,3.0261089494783153,seasonal_naive,AYACUCHO
2012-05-21,2.532791738033351,3.344646733633928,seasonal_naive,AYACUCHO
2012-05-28,2.6910912216604355,2.707571165322703,seasonal_naive,AYACUCHO
2012-06-04,3.0076901889146046,3.981722301945151,seasonal_naive,AYACUCHO
2012-06-11,3.9574870906771107,4.3002600861007645,seasonal_naive,AYACUCHO
2012-06-18,4.274086057931279,4.3002600861007645,seasonal_naive,AYACUCHO
2012-06-25,5.605291316779706,3.6631845177895404,seasonal_naive,AYACUCHO
2012-07-02,4.497194931390115,2.707571165322703,seasonal_naive,AYACUCHO
2012-07-09,3.7056975132546923,2.389033381167091,seasonal_naive,AYACUCHO
2012-07-16,1.4246953526437602,1.9112267049336733,seasonal_naive,AYACUCHO
2012-07-23,1.1080963853895913,1.751957812855867,seasonal_naive,AYACUCHO
2012-07-30,1.4246953526437596,1.2741511366224492,seasonal_naive,AYACUCHO
2012-08-06,1.4246953526437596,1.114882244544643,seasonal_naive,AYACUCHO
2012-08-13,1.4246953526437596,0.9556133524668369,seasonal_naive,AYACUCHO
2012-08-20,1.4246953526437596,1.9112267049336733,seasonal_naive,AYACUCHO
2012-08-27,1.4246953526437596,2.2297644890892854,seasonal_naive,AYACUCHO
2012-09-03,1.8995938035250133,2.070495597011479,seasonal_naive,AYACUCHO
2012-09-10,2.0578932871520976,1.433420028700255,seasonal_naive,AYACUCHO
2012-09-17,1.5829948362708446,1.114882244544643,seasonal_naive,AYACUCHO
2012-09-24,0.949796901762507,1.5926889207780608,seasonal_naive,AYACUCHO
2012-10-01,0.47489845088125376,1.2741511366224492,seasonal_naive,AYACUCHO
2012-10-08,1.1080963853895913,0.9556133524668367,seasonal_naive,AYACUCHO
2012-10-15,1.8995938035250137,0.6370755683112248,seasonal_naive,AYACUCHO
2012-10-22,2.5327917380333513,0.7963444603890308,seasonal_naive,AYACUCHO
2012-10-29,2.057893287152098,0.6370755683112248,seasonal_naive,AYACUCHO
2012-11-05,0.9497969017625071,0.1592688920778066,seasonal_naive,AYACUCHO
2012-11-12,0.9497969017625071,0.0,seasonal_naive,AYACUCHO
2012-11-19,0.7914974181354227,0.3185377841556127,seasonal_naive,AYACUCHO
2012-11-26,1.4246953526437602,0.6370755683112246,seasonal_naive,AYACUCHO
2012-12-03,1.4246953526437605,0.6370755683112246,seasonal_naive,AYACUCHO
2012-12-10,1.8995938035250137,0.6370755683112246,seasonal_naive,AYACUCHO
2012-12-17,1.4246953526437602,0.3185377841556127,seasonal_naive,AYACUCHO
2012-12-24,0.7914974181354227,0.4778066762334187,seasonal_naive,AYACUCHO
2012-12-31,0.6331979345083384,0.1592688920778066,seasonal_naive,AYACUCHO
2013-01-07,1.2616074739617231,0.31756837570489105,seasonal_naive,AYACUCHO
2013-01-14,2.3620424272633898,0.3165989672541695,seasonal_naive,AYACUCHO
2013-01-21,2.8321524830896903,0.3165989672541695,seasonal_naive,AYACUCHO
2013-01-28,2.6748106784735968,0.3165989672541695,seasonal_naive,AYACUCHO
2013-02-04,1.8881016553931274,0.47489845088125376,seasonal_naive,AYACUCHO
2013-02-11,1.101392632312658,0.4748984508812538,seasonal_naive,AYACUCHO
2013-02-18,0.47202541384828245,0.47489845088125376,seasonal_naive,AYACUCHO
2013-02-25,0.0,0.3165989672541695,seasonal_naive,AYACUCHO
2013-03-04,0.15734180461609476,0.4748984508812532,seasonal_naive,AYACUCHO
2013-03-11,0.9440508276965641,0.3165989672541695,seasonal_naive,AYACUCHO
2013-03-18,0.9440508276965641,0.3165989672541695,seasonal_naive,AYACUCHO
2013-03-25,0.7867090230804702,0.1582994836270851,seasonal_naive,AYACUCHO
2013-04-01,0.0,0.4748984508812538,seasonal_naive,AYACUCHO
2013-04-08,0.15734180461609476,0.3165989672541695,seasonal_naive,AYACUCHO
2013-04-15,0.31468360923218863,0.4748984508812538,seasonal_naive,AYACUCHO
2013-04-22,0.7867090230804702,0.9497969017625072,seasonal_naive,AYACUCHO
2013-04-29,1.7307598507770334,1.2663958690166761,seasonal_naive,AYACUCHO
2013-05-06,2.360127069241409,1.5829948362708444,seasonal_naive,AYACUCHO
2013-05-13,2.6748106784735968,1.8995938035250135,seasonal_naive,AYACUCHO
2013-05-20,2.045443460009221,2.532791738033351,seasonal_naive,AYACUCHO
2013-05-27,1.5734180461609395,2.691091221660435,seasonal_naive,AYACUCHO
2013-06-03,1.4160762415448456,3.007690188914605,seasonal_naive,AYACUCHO
2013-06-10,1.8881016553931271,3.9574870906771107,seasonal_naive,AYACUCHO
2013-06-17,2.360127069241409,4.274086057931279,seasonal_naive,AYACUCHO
2013-06-24,2.2027852646253145,5.605291316779705,seasonal_naive,AYACUCHO
2013-07-01,1.7307598507770334,4.497194931390115,seasonal_naive,AYACUCHO
2013-07-08,1.7307598507770334,3.7056975132546928,seasonal_naive,AYACUCHO
2013-07-15,1.8881016553931271,1.4246953526437602,seasonal_naive,AYACUCHO
2013-07-22,1.5734180461609395,1.1080963853895915,seasonal_naive,AYACUCHO
2013-07-29,1.8881016553931271,1.4246953526437598,seasonal_naive,AYACUCHO
2013-08-05,2.202785264625315,1.4246953526437598,seasonal_naive,AYACUCHO
2013-08-12,2.9894942877057837,1.4246953526437598,seasonal_naive,AYACUCHO
2013-08-19,2.202785264625315,1.4246953526437598,seasonal_naive,AYACUCHO
2013-08-26,1.2587344369287516,1.4246953526437598,seasonal_naive,AYACUCHO
2013-09-02,0.6293672184643764,1.899593803525013,seasonal_naive,AYACUCHO
2013-09-09,0.6293672184643764,2.0578932871520976,seasonal_naive,AYACUCHO
2013-09-16,1.2587344369287519,1.5829948362708444,seasonal_naive,AYACUCHO
2013-09-23,1.4160762415448458,0.949796901762507,seasonal_naive,AYACUCHO
2013-09-30,1.8881016553931271,0.47489845088125376,seasonal_naive,AYACUCHO
2013-10-07,1.2587344369287516,1.1080963853895915,seasonal_naive,AYACUCHO
2013-10-14,1.4160762415448456,1.8995938035250135,seasonal_naive,AYACUCHO
2013-10-21,1.4160762415448458,2.532791738033351,seasonal_naive,AYACUCHO
2013-10-28,1.7307598507770336,2.057893287152098,seasonal_naive,AYACUCHO
2013-11-04,1.1013926323126582,0.9497969017625072,seasonal_naive,AYACUCHO
2013-11-11,0.7867090230804702,0.9497969017625072,seasonal_naive,AYACUCHO
2013-11-18,1.4160762415448456,0.7914974181354226,seasonal_naive,AYACUCHO
2013-11-25,1.4160762415448456,1.4246953526437602,seasonal_naive,AYACUCHO
2013-12-02,0.944050827696564,1.4246953526437602,seasonal_naive,AYACUCHO
2013-12-09,0.15734180461609476,1.8995938035250135,seasonal_naive,AYACUCHO
2013-12-16,0.4720254138482825,1.4246953526437602,seasonal_naive,AYACUCHO
2013-12-23,0.4720254138482825,0.7914974181354226,seasonal_naive,AYACUCHO
2013-12-30,0.4720254138482825,0.6331979345083383,seasonal_naive,AYACUCHO
2014-01-06,0.6265287349449635,1.2616074739617233,seasonal_naive,AYACUCHO
2014-01-13,1.0957156652738325,2.3620424272633893,seasonal_naive,AYACUCHO
2014-01-20,1.251165147543651,2.8321524830896903,seasonal_naive,AYACUCHO
2014-01-27,1.251165147543651,2.6748106784735968,seasonal_naive,AYACUCHO
2014-02-03,1.0947695041006946,1.8881016553931271,seasonal_naive,AYACUCHO
2014-02-10,1.4075607909866072,1.101392632312658,seasonal_naive,AYACUCHO
2014-02-17,1.876747721315476,0.47202541384828245,seasonal_naive,AYACUCHO
2014-02-24,2.0331433647584323,0.0,seasonal_naive,AYACUCHO
2014-03-03,1.5639564344295636,0.15734180461609476,seasonal_naive,AYACUCHO
2014-03-10,0.7819782172147822,0.9440508276965642,seasonal_naive,AYACUCHO
2014-03-17,0.7819782172147821,0.9440508276965642,seasonal_naive,AYACUCHO
2014-03-24,1.251165147543651,0.7867090230804703,seasonal_naive,AYACUCHO
2014-03-31,1.7203520778725199,0.0,seasonal_naive,AYACUCHO
2014-04-07,2.8151215819732136,0.15734180461609476,seasonal_naive,AYACUCHO
2014-04-14,2.815121581973214,0.31468360923218863,seasonal_naive,AYACUCHO
2014-04-21,3.9098910860739076,0.7867090230804703,seasonal_naive,AYACUCHO
2014-04-28,3.127912868859126,1.7307598507770336,seasonal_naive,AYACUCHO
2014-05-05,2.9715172254161697,2.360127069241409,seasonal_naive,AYACUCHO
2014-05-12,2.345934651644345,2.6748106784735968,seasonal_naive,AYACUCHO
2014-05-19,3.2843085123020828,2.0454434600092206,seasonal_naive,AYACUCHO
2014-05-26,5.317451877060514,1.5734180461609393,seasonal_naive,AYACUCHO
2014-06-02,5.47384752050347,1.4160762415448453,seasonal_naive,AYACUCHO
2014-06-09,5.161056233617558,1.8881016553931271,seasonal_naive,AYACUCHO
2014-06-16,3.440704155745039,2.360127069241409,seasonal_naive,AYACUCHO
2014-06-23,2.815121581973214,2.202785264625314,seasonal_naive,AYACUCHO
2014-06-30,2.658725938530257,1.7307598507770336,seasonal_naive,AYACUCHO
2014-07-07,3.2843085123020828,1.7307598507770336,seasonal_naive,AYACUCHO
2014-07-14,3.4407041557450384,1.8881016553931271,seasonal_naive,AYACUCHO
2014-07-21,4.22268237295982,1.5734180461609393,seasonal_naive,AYACUCHO
2014-07-28,3.753495442630951,1.8881016553931271,seasonal_naive,AYACUCHO
2014-08-04,3.127912868859126,2.202785264625315,seasonal_naive,AYACUCHO
2014-08-11,1.094769504100695,2.989494287705784,seasonal_naive,AYACUCHO
2014-08-18,0.6255825737718262,2.202785264625315,seasonal_naive,AYACUCHO
2014-08-25,1.094769504100695,1.2587344369287514,seasonal_naive,AYACUCHO
2014-09-01,1.5639564344295638,0.6293672184643764,seasonal_naive,AYACUCHO
2014-09-08,1.72035207787252,0.6293672184643764,seasonal_naive,AYACUCHO
2014-09-15,1.094769504100695,1.2587344369287519,seasonal_naive,AYACUCHO
2014-09-22,1.5639564344295638,1.4160762415448458,seasonal_naive,AYACUCHO
2014-09-29,1.094769504100695,1.8881016553931271,seasonal_naive,AYACUCHO
2014-10-06,1.7203520778725199,1.2587344369287514,seasonal_naive,AYACUCHO
2014-10-13,2.345934651644345,1.4160762415448453,seasonal_naive,AYACUCHO
2014-10-20,3.1279128688591267,1.4160762415448458,seasonal_naive,AYACUCHO
2014-10-27,2.815121581973214,1.7307598507770336,seasonal_naive,AYACUCHO
2014-11-03,1.2511651475436512,1.101392632312658,seasonal_naive,AYACUCHO
2014-11-10,0.9383738606577388,0.7867090230804703,seasonal_naive,AYACUCHO
2014-11-17,0.7819782172147826,1.4160762415448453,seasonal_naive,AYACUCHO
2014-11-24,1.2511651475436514,1.4160762415448453,seasonal_naive,AYACUCHO
2014-12-01,1.4075607909866072,0.944050827696564,seasonal_naive,AYACUCHO
2014-12-08,1.4075607909866077,0.15734180461609476,seasonal_naive,AYACUCHO
2014-12-15,1.72035207787252,0.4720254138482825,seasonal_naive,AYACUCHO
2014-12-22,1.876747721315476,0.4720254138482825,seasonal_naive,AYACUCHO
2014-12-29,2.189539008201389,0.4720254138482825,seasonal_naive,AYACUCHO
2015-01-05,1.873943171682108,0.6265287349449635,seasonal_naive,AYACUCHO
2015-01-12,0.9355693110243704,1.0957156652738327,seasonal_naive,AYACUCHO
2015-01-19,0.9327647613910021,1.251165147543651,seasonal_naive,AYACUCHO
2015-01-26,0.7773039678258353,1.251165147543651,seasonal_naive,AYACUCHO
2015-02-02,0.7773039678258353,1.0947695041006944,seasonal_naive,AYACUCHO
2015-02-09,0.4663823806955016,1.4075607909866075,seasonal_naive,AYACUCHO
2015-02-16,0.6218431742606684,1.8767477213154757,seasonal_naive,AYACUCHO
2015-02-23,1.0882255549561688,2.0331433647584327,seasonal_naive,AYACUCHO
2015-03-02,2.3319119034775038,1.5639564344295636,seasonal_naive,AYACUCHO
2015-03-09,2.4873726970426704,0.7819782172147822,seasonal_naive,AYACUCHO
2015-03-16,3.8865198391291718,0.781978217214782,seasonal_naive,AYACUCHO
2015-03-23,3.5755982519988385,1.251165147543651,seasonal_naive,AYACUCHO
2015-03-30,4.1974414262595054,1.72035207787252,seasonal_naive,AYACUCHO
2015-04-06,3.7310590455640047,2.815121581973214,seasonal_naive,AYACUCHO
2015-04-13,4.3529022198246725,2.815121581973214,seasonal_naive,AYACUCHO
2015-04-20,4.50836301338984,3.909891086073907,seasonal_naive,AYACUCHO
2015-04-27,4.97474539408534,3.1279128688591253,seasonal_naive,AYACUCHO
2015-05-04,4.508363013389839,2.9715172254161697,seasonal_naive,AYACUCHO
2015-05-11,4.663823806955006,2.3459346516443453,seasonal_naive,AYACUCHO
2015-05-18,4.041980632694338,3.2843085123020828,seasonal_naive,AYACUCHO
2015-05-25,5.554194895665188,5.317451877060514,seasonal_naive,AYACUCHO
2015-06-01,6.176038069925856,5.47384752050347,seasonal_naive,AYACUCHO
2015-06-08,7.575185212012358,5.161056233617558,seasonal_naive,AYACUCHO
2015-06-15,7.306657297562842,3.4407041557450384,seasonal_naive,AYACUCHO
2015-06-22,6.684814123302175,2.815121581973214,seasonal_naive,AYACUCHO
2015-06-29,5.752049361911173,2.658725938530257,seasonal_naive,AYACUCHO
2015-07-06,4.819284600520173,3.2843085123020828,seasonal_naive,AYACUCHO
2015-07-13,3.8865198391291718,3.4407041557450384,seasonal_naive,AYACUCHO
2015-07-20,2.331911903477503,4.22268237295982,seasonal_naive,AYACUCHO
2015-07-27,0.7773039678258348,3.7534954426309515,seasonal_naive,AYACUCHO
2015-08-03,0.6218431742606679,3.1279128688591253,seasonal_naive,AYACUCHO
2015-08-10,1.0882255549561686,1.0947695041006953,seasonal_naive,AYACUCHO
2015-08-17,1.710068729216836,0.6255825737718264,seasonal_naive,AYACUCHO
2015-08-24,1.710068729216836,1.0947695041006953,seasonal_naive,AYACUCHO
2015-08-31,1.8655295227820023,1.563956434429564,seasonal_naive,AYACUCHO
2015-09-07,1.7100687292168357,1.72035207787252,seasonal_naive,AYACUCHO
2015-09-14,2.1764511099123367,1.0947695041006953,seasonal_naive,AYACUCHO
2015-09-21,1.3991471420865025,1.563956434429564,seasonal_naive,AYACUCHO
2015-09-28,1.5546079356516689,1.0947695041006953,seasonal_naive,AYACUCHO
2015-10-05,0.777303967825835,1.72035207787252,seasonal_naive,AYACUCHO
2015-10-12,0.777303967825835,2.3459346516443453,seasonal_naive,AYACUCHO
2015-10-19,0.46638238069550125,3.127912868859127,seasonal_naive,AYACUCHO
2015-10-26,0.6218431742606682,2.815121581973214,seasonal_naive,AYACUCHO
2015-11-02,0.777303967825835,1.251165147543651,seasonal_naive,AYACUCHO
2015-11-09,0.6218431742606682,0.9383738606577388,seasonal_naive,AYACUCHO
2015-11-16,1.0882255549561686,0.7819782172147824,seasonal_naive,AYACUCHO
2015-11-23,0.9327647613910018,1.2511651475436514,seasonal_naive,AYACUCHO
2015-11-30,1.0882255549561686,1.4075607909866075,seasonal_naive,AYACUCHO
2015-12-07,0.46638238069550125,1.4075607909866075,seasonal_naive,AYACUCHO
2015-12-14,0.6218431742606682,1.72035207787252,seasonal_naive,AYACUCHO
2015-12-21,0.3109215871303344,1.8767477213154757,seasonal_naive,AYACUCHO
2015-12-28,0.1554607935651676,2.189539008201389,seasonal_naive,AYACUCHO
2016-01-04,0.3090741066985639,1.8739431716821082,seasonal_naive,AYACUCHO
2016-01-11,0.4636111600478454,0.9355693110243704,seasonal_naive,AYACUCHO
2016-01-18,0.7726852667464086,0.9327647613910022,seasonal_naive,AYACUCHO
2016-01-25,0.9272223200956901,0.7773039678258353,seasonal_naive,AYACUCHO
2016-02-01,0.9272223200956901,0.7773039678258353,seasonal_naive,AYACUCHO
2016-02-08,0.618148213397127,0.46638238069550153,seasonal_naive,AYACUCHO
2016-02-15,0.1545370533492823,0.6218431742606683,seasonal_naive,AYACUCHO
2016-02-22,0.3090741066985639,1.088225554956169,seasonal_naive,AYACUCHO
2016-02-29,0.4636111600478454,2.3319119034775038,seasonal_naive,AYACUCHO
2016-03-07,0.618148213397127,2.4873726970426704,seasonal_naive,AYACUCHO
2016-03-14,0.9272223200956901,3.8865198391291713,seasonal_naive,AYACUCHO
2016-03-21,0.7726852667464087,3.575598251998839,seasonal_naive,AYACUCHO
2016-03-28,0.9272223200956901,4.1974414262595054,seasonal_naive,AYACUCHO
2016-04-04,0.46361116004784547,3.7310590455640043,seasonal_naive,AYACUCHO
2016-04-11,0.6181482133971271,4.3529022198246725,seasonal_naive,AYACUCHO
2016-04-18,0.6181482133971271,4.50836301338984,seasonal_naive,AYACUCHO
2016-04-25,1.3908334801435347,4.974745394085339,seasonal_naive,AYACUCHO
2016-05-02,1.3908334801435347,4.508363013389838,seasonal_naive,AYACUCHO
2016-05-09,1.5453705334928163,4.663823806955005,seasonal_naive,AYACUCHO
2016-05-16,1.0817593734449718,4.041980632694339,seasonal_naive,AYACUCHO
2016-05-23,1.0817593734449718,5.554194895665188,seasonal_naive,AYACUCHO
2016-05-30,0.9272223200956901,6.176038069925857,seasonal_naive,AYACUCHO
2016-06-06,1.2362964267942531,7.575185212012357,seasonal_naive,AYACUCHO
2016-06-13,1.5453705334928163,7.306657297562843,seasonal_naive,AYACUCHO
2016-06-20,2.472592853588506,6.684814123302177,seasonal_naive,AYACUCHO
2016-06-27,2.0089816935406613,5.752049361911173,seasonal_naive,AYACUCHO
2016-07-04,2.318055800239224,4.819284600520174,seasonal_naive,AYACUCHO
2016-07-11,1.3908334801435347,3.8865198391291713,seasonal_naive,AYACUCHO
2016-07-18,1.8544446401913792,2.331911903477503,seasonal_naive,AYACUCHO
2016-07-25,1.2362964267942531,0.7773039678258347,seasonal_naive,AYACUCHO
2016-08-01,1.2362964267942531,0.6218431742606678,seasonal_naive,AYACUCHO
2016-08-08,1.0817593734449718,1.0882255549561686,seasonal_naive,AYACUCHO
2016-08-15,1.5453705334928163,1.710068729216836,seasonal_naive,AYACUCHO
2016-08-22,1.8544446401913788,1.710068729216836,seasonal_naive,AYACUCHO
2016-08-29,1.8544446401913788,1.8655295227820021,seasonal_naive,AYACUCHO
2016-09-05,1.699907586842098,1.7100687292168355,seasonal_naive,AYACUCHO
2016-09-12,1.0817593734449715,2.1764511099123367,seasonal_naive,AYACUCHO
2016-09-19,0.9272223200956901,1.3991471420865023,seasonal_naive,AYACUCHO
2016-09-26,0.7726852667464086,1.5546079356516689,seasonal_naive,AYACUCHO
2016-10-03,1.2362964267942533,0.7773039678258351,seasonal_naive,AYACUCHO
2016-10-10,0.9272223200956901,0.7773039678258351,seasonal_naive,AYACUCHO
2016-10-17,1.0817593734449718,0.46638238069550136,seasonal_naive,AYACUCHO
2016-10-24,1.0817593734449718,0.6218431742606683,seasonal_naive,AYACUCHO
2016-10-31,1.0817593734449718,0.7773039678258351,seasonal_naive,AYACUCHO
2016-11-07,0.7726852667464086,0.6218431742606683,seasonal_naive,AYACUCHO
2016-11-14,0.618148213397127,1.0882255549561686,seasonal_naive,AYACUCHO
2016-11-21,0.9272223200956901,0.9327647613910017,seasonal_naive,AYACUCHO
2016-11-28,0.7726852667464086,1.0882255549561686,seasonal_naive,AYACUCHO
2016-12-05,0.618148213397127,0.46638238069550136,seasonal_naive,AYACUCHO
2016-12-12,0.4636111600478454,0.6218431742606683,seasonal_naive,AYACUCHO
2016-12-19,0.9272223200956901,0.3109215871303344,seasonal_naive,AYACUCHO
2016-12-26,1.0817593734449718,0.15546079356516762,seasonal_naive,AYACUCHO
2017-01-02,2.001677186124539,0.30907410669856394,seasonal_naive,AYACUCHO
2017-01-09,1.8453140059212265,0.4636111600478454,seasonal_naive,AYACUCHO
2017-01-16,1.9971118689894622,0.7726852667464086,seasonal_naive,AYACUCHO
2017-01-23,0.9217439395335983,0.9272223200956902,seasonal_naive,AYACUCHO
2017-01-30,0.7681199496113321,0.9272223200956902,seasonal_naive,AYACUCHO
2017-02-06,0.7681199496113321,0.618148213397127,seasonal_naive,AYACUCHO
2017-02-13,0.9217439395335983,0.1545370533492823,seasonal_naive,AYACUCHO
2017-02-20,0.9217439395335983,0.30907410669856394,seasonal_naive,AYACUCHO
2017-02-27,0.46087196976679956,0.4636111600478454,seasonal_naive,AYACUCHO
2017-03-06,0.15362398992226703,0.618148213397127,seasonal_naive,AYACUCHO
2017-03-13,0.3072479798445333,0.9272223200956902,seasonal_naive,AYACUCHO
2017-03-20,1.0753679294558645,0.7726852667464088,seasonal_naive,AYACUCHO
2017-03-27,1.3826159093003971,0.9272223200956902,seasonal_naive,AYACUCHO
2017-04-03,1.228991919378131,0.46361116004784547,seasonal_naive,AYACUCHO
2017-04-10,1.0753679294558647,0.6181482133971272,seasonal_naive,AYACUCHO
2017-04-17,1.5362398992226634,0.6181482133971272,seasonal_naive,AYACUCHO
2017-04-24,1.6898638891449298,1.390833480143535,seasonal_naive,AYACUCHO
2017-05-01,2.304359848833995,1.390833480143535,seasonal_naive,AYACUCHO
2017-05-08,2.304359848833995,1.5453705334928163,seasonal_naive,AYACUCHO
2017-05-15,2.765231818600794,1.0817593734449718,seasonal_naive,AYACUCHO
2017-05-22,1.8434878790671956,1.0817593734449718,seasonal_naive,AYACUCHO
2017-05-29,2.1507358589117285,0.9272223200956902,seasonal_naive,AYACUCHO
2017-06-05,2.1507358589117285,1.2362964267942531,seasonal_naive,AYACUCHO
2017-06-12,2.3043598488339945,1.5453705334928163,seasonal_naive,AYACUCHO
2017-06-19,2.150735858911728,2.472592853588506,seasonal_naive,AYACUCHO
2017-06-26,1.997111868989462,2.0089816935406613,seasonal_naive,AYACUCHO
2017-07-03,1.997111868989462,2.318055800239224,seasonal_naive,AYACUCHO
2017-07-10,1.5362398992226634,1.390833480143535,seasonal_naive,AYACUCHO
2017-07-17,1.3826159093003962,1.854444640191379,seasonal_naive,AYACUCHO
2017-07-24,1.6898638891449294,1.2362964267942531,seasonal_naive,AYACUCHO
2017-07-31,1.997111868989462,1.2362964267942531,seasonal_naive,AYACUCHO
2017-08-07,1.8434878790671956,1.0817593734449718,seasonal_naive,AYACUCHO
2017-08-14,1.228991919378131,1.5453705334928163,seasonal_naive,AYACUCHO
2017-08-21,1.68986388914493,1.854444640191379,seasonal_naive,AYACUCHO
2017-08-28,1.68986388914493,1.854444640191379,seasonal_naive,AYACUCHO
2017-09-04,1.8434878790671965,1.699907586842098,seasonal_naive,AYACUCHO
2017-09-11,0.7681199496113322,1.0817593734449718,seasonal_naive,AYACUCHO
2017-09-18,0.9217439395335983,0.9272223200956902,seasonal_naive,AYACUCHO
2017-09-25,1.228991919378131,0.7726852667464086,seasonal_naive,AYACUCHO
2017-10-02,1.3826159093003973,1.2362964267942536,seasonal_naive,AYACUCHO
2017-10-09,1.075367929455865,0.9272223200956902,seasonal_naive,AYACUCHO
2017-10-16,1.075367929455865,1.0817593734449718,seasonal_naive,AYACUCHO
2017-10-23,1.6898638891449298,1.0817593734449718,seasonal_naive,AYACUCHO
2017-10-30,2.150735858911729,1.0817593734449718,seasonal_naive,AYACUCHO
2017-11-06,1.9971118689894622,0.7726852667464086,seasonal_naive,AYACUCHO
2017-11-13,1.075367929455865,0.618148213397127,seasonal_naive,AYACUCHO
2017-11-20,0.6144959596890659,0.9272223200956902,seasonal_naive,AYACUCHO
2017-11-27,0.4608719697667997,0.7726852667464086,seasonal_naive,AYACUCHO
2017-12-04,0.7681199496113322,0.618148213397127,seasonal_naive,AYACUCHO
2017-12-11,0.9217439395335977,0.4636111600478454,seasonal_naive,AYACUCHO
2017-12-18,1.3826159093003971,0.9272223200956902,seasonal_naive,AYACUCHO
2017-12-25,1.6898638891449298,1.0817593734449718,seasonal_naive,AYACUCHO
2018-01-01,1.8407241969374288,2.001677186124539,seasonal_naive,AYACUCHO
2018-01-08,1.5307125349631294,1.8453140059212263,seasonal_naive,AYACUCHO
2018-01-15,1.0689193378197415,1.997111868989462,seasonal_naive,AYACUCHO
2018-01-22,0.763513812728387,0.9217439395335985,seasonal_naive,AYACUCHO
2018-01-29,0.4581082876370316,0.768119949611332,seasonal_naive,AYACUCHO
2018-02-05,0.6108110501827099,0.768119949611332,seasonal_naive,AYACUCHO
2018-02-12,0.763513812728387,0.9217439395335985,seasonal_naive,AYACUCHO
2018-02-19,0.9162165752740632,0.9217439395335985,seasonal_naive,AYACUCHO
2018-02-26,1.0689193378197415,0.46087196976679945,seasonal_naive,AYACUCHO
2018-03-05,1.0689193378197415,0.15362398992226703,seasonal_naive,AYACUCHO
2018-03-12,1.2216221003654189,0.3072479798445332,seasonal_naive,AYACUCHO
2018-03-19,0.9162165752740642,1.0753679294558647,seasonal_naive,AYACUCHO
2018-03-26,1.0689193378197415,1.3826159093003971,seasonal_naive,AYACUCHO
2018-04-02,0.9162165752740643,1.2289919193781307,seasonal_naive,AYACUCHO
2018-04-09,1.0689193378197415,1.0753679294558647,seasonal_naive,AYACUCHO
2018-04-16,0.763513812728387,1.5362398992226631,seasonal_naive,AYACUCHO
2018-04-23,0.9162165752740643,1.6898638891449296,seasonal_naive,AYACUCHO
2018-04-30,0.9162165752740643,2.3043598488339945,seasonal_naive,AYACUCHO
2018-05-07,1.374324862911096,2.3043598488339945,seasonal_naive,AYACUCHO
2018-05-14,1.6797303880024501,2.7652318186007943,seasonal_naive,AYACUCHO
2018-05-21,1.527027625456773,1.8434878790671956,seasonal_naive,AYACUCHO
2018-05-28,2.5959469632765138,2.1507358589117285,seasonal_naive,AYACUCHO
2018-06-04,2.901352488367868,2.1507358589117285,seasonal_naive,AYACUCHO
2018-06-11,3.817569063641931,2.3043598488339945,seasonal_naive,AYACUCHO
2018-06-18,4.733785638915994,2.1507358589117276,seasonal_naive,AYACUCHO
2018-06-25,6.42076691258844,1.997111868989462,seasonal_naive,AYACUCHO
2018-07-02,6.878875200225472,1.997111868989462,seasonal_naive,AYACUCHO
2018-07-09,6.115361387497085,1.5362398992226631,seasonal_naive,AYACUCHO
2018-07-16,5.039191164007349,1.3826159093003962,seasonal_naive,AYACUCHO
2018-07-23,4.886488401461672,1.6898638891449291,seasonal_naive,AYACUCHO
2018-07-30,5.03919116400735,1.997111868989462,seasonal_naive,AYACUCHO
2018-08-06,3.9702718261876093,1.8434878790671956,seasonal_naive,AYACUCHO
2018-08-13,3.8175690636419315,1.2289919193781307,seasonal_naive,AYACUCHO
2018-08-20,3.5121635385505763,1.68986388914493,seasonal_naive,AYACUCHO
2018-08-27,3.6648663010962537,1.68986388914493,seasonal_naive,AYACUCHO
2018-09-03,3.512163538550577,1.8434878790671965,seasonal_naive,AYACUCHO
2018-09-10,2.137838675639482,0.7681199496113322,seasonal_naive,AYACUCHO
2018-09-17,1.8324331505481275,0.9217439395335985,seasonal_naive,AYACUCHO
2018-09-24,1.3743248629110958,1.2289919193781307,seasonal_naive,AYACUCHO
2018-10-01,1.3743248629110958,1.3826159093003976,seasonal_naive,AYACUCHO
2018-10-08,1.3743248629110958,1.0753679294558647,seasonal_naive,AYACUCHO
2018-10-15,1.2216221003654184,1.0753679294558647,seasonal_naive,AYACUCHO
2018-10-22,1.8324331505481275,1.6898638891449296,seasonal_naive,AYACUCHO
2018-10-29,1.9851359130938047,2.1507358589117294,seasonal_naive,AYACUCHO
2018-11-05,1.8324331505481275,1.997111868989462,seasonal_naive,AYACUCHO
2018-11-12,1.527027625456773,1.0753679294558647,seasonal_naive,AYACUCHO
2018-11-19,1.527027625456773,0.6144959596890658,seasonal_naive,AYACUCHO
2018-11-26,1.9851359130938044,0.46087196976679967,seasonal_naive,AYACUCHO
2018-12-03,2.137838675639482,0.7681199496113322,seasonal_naive,AYACUCHO
2018-12-10,2.1378386756394816,0.9217439395335976,seasonal_naive,AYACUCHO
2018-12-17,1.6797303880024501,1.3826159093003971,seasonal_naive,AYACUCHO
2018-12-24,1.3743248629110958,1.6898638891449296,seasonal_naive,AYACUCHO
2018-12-31,0.9162165752740642,1.8407241969374293,seasonal_naive,AYACUCHO
2019-01-07,0.7626033376165852,1.5307125349631292,seasonal_naive,AYACUCHO
2019-01-14,0.6080796248473045,1.0689193378197417,seasonal_naive,AYACUCHO
2019-01-21,0.7589614371693783,0.7635138127283871,seasonal_naive,AYACUCHO
2019-01-28,0.9107537246032529,0.45810828763703165,seasonal_naive,AYACUCHO
2019-02-04,0.6071691497355028,0.61081105018271,seasonal_naive,AYACUCHO
2019-02-11,0.7589614371693783,0.7635138127283871,seasonal_naive,AYACUCHO
2019-02-18,0.6071691497355028,0.9162165752740632,seasonal_naive,AYACUCHO
2019-02-25,0.6071691497355028,1.0689193378197417,seasonal_naive,AYACUCHO
2019-03-04,0.4553768623016274,1.0689193378197417,seasonal_naive,AYACUCHO
2019-03-11,0.4553768623016274,1.2216221003654186,seasonal_naive,AYACUCHO
2019-03-18,1.0625460120371293,0.9162165752740641,seasonal_naive,AYACUCHO
2019-03-25,1.2143382994710048,1.0689193378197417,seasonal_naive,AYACUCHO
2019-04-01,1.9732997366403822,0.9162165752740643,seasonal_naive,AYACUCHO
2019-04-08,1.9732997366403824,1.0689193378197417,seasonal_naive,AYACUCHO
2019-04-15,1.9732997366403824,0.7635138127283871,seasonal_naive,AYACUCHO
2019-04-22,1.5179228743387558,0.9162165752740643,seasonal_naive,AYACUCHO
2019-04-29,1.2143382994710048,0.9162165752740643,seasonal_naive,AYACUCHO
2019-05-06,1.3661305869048803,1.374324862911096,seasonal_naive,AYACUCHO
2019-05-13,1.5179228743387556,1.6797303880024503,seasonal_naive,AYACUCHO
2019-05-20,1.5179228743387558,1.527027625456773,seasonal_naive,AYACUCHO
2019-05-27,0.9107537246032537,2.5959469632765138,seasonal_naive,AYACUCHO
2019-06-03,1.2143382994710048,2.9013524883678685,seasonal_naive,AYACUCHO
2019-06-10,1.3661305869048803,3.8175690636419315,seasonal_naive,AYACUCHO
2019-06-17,1.9732997366403822,4.733785638915994,seasonal_naive,AYACUCHO
2019-06-24,1.3661305869048803,6.420766912588441,seasonal_naive,AYACUCHO
2019-07-01,1.9732997366403822,6.878875200225473,seasonal_naive,AYACUCHO
2019-07-08,2.4286765989420087,6.115361387497084,seasonal_naive,AYACUCHO
2019-07-15,2.276884311508133,5.039191164007349,seasonal_naive,AYACUCHO
2019-07-22,1.6697151617726311,4.886488401461673,seasonal_naive,AYACUCHO
2019-07-29,1.3661305869048803,5.039191164007349,seasonal_naive,AYACUCHO
2019-08-05,1.6697151617726316,3.9702718261876093,seasonal_naive,AYACUCHO
2019-08-12,1.8215074492065069,3.8175690636419315,seasonal_naive,AYACUCHO
2019-08-19,1.0625460120371293,3.512163538550576,seasonal_naive,AYACUCHO
2019-08-26,1.2143382994710048,3.6648663010962537,seasonal_naive,AYACUCHO
2019-09-02,1.5179228743387558,3.5121635385505776,seasonal_naive,AYACUCHO
2019-09-09,2.2768843115081334,2.137838675639482,seasonal_naive,AYACUCHO
2019-09-16,1.9732997366403824,1.8324331505481277,seasonal_naive,AYACUCHO
2019-09-23,1.5179228743387558,1.374324862911096,seasonal_naive,AYACUCHO
2019-09-30,1.2143382994710048,1.374324862911096,seasonal_naive,AYACUCHO
2019-10-07,1.6697151617726316,1.374324862911096,seasonal_naive,AYACUCHO
2019-10-14,1.821507449206507,1.2216221003654186,seasonal_naive,AYACUCHO
2019-10-21,1.821507449206507,1.8324331505481277,seasonal_naive,AYACUCHO
2019-10-28,1.0625460120371293,1.9851359130938047,seasonal_naive,AYACUCHO
2019-11-04,0.4553768623016274,1.8324331505481277,seasonal_naive,AYACUCHO
2019-11-11,0.15179228743387638,1.527027625456773,seasonal_naive,AYACUCHO
2019-11-18,0.15179228743387638,1.527027625456773,seasonal_naive,AYACUCHO
2019-11-25,0.4553768623016274,1.9851359130938047,seasonal_naive,AYACUCHO
2019-12-02,0.6071691497355028,2.137838675639482,seasonal_naive,AYACUCHO
2019-12-09,0.9107537246032529,2.137838675639482,seasonal_naive,AYACUCHO
2019-12-16,0.7589614371693783,1.6797303880024503,seasonal_naive,AYACUCHO
2019-12-23,0.4553768623016274,1.374324862911096,seasonal_naive,AYACUCHO
2019-12-30,0.15179228743387638,0.9162165752740641,seasonal_naive,AYACUCHO
2020-01-06,0.6035704208243876,0.762603337616585,seasonal_naive,AYACUCHO
2020-01-13,0.7544630260304842,0.6080796248473046,seasonal_naive,AYACUCHO
2020-01-20,0.9053556312365809,0.7589614371693783,seasonal_naive,AYACUCHO
2020-01-27,0.30178521041219425,0.9107537246032529,seasonal_naive,AYACUCHO
2020-02-03,0.15089260520609757,0.6071691497355027,seasonal_naive,AYACUCHO
2020-02-10,0.7544630260304842,0.7589614371693783,seasonal_naive,AYACUCHO
2020-02-17,0.7544630260304842,0.6071691497355027,seasonal_naive,AYACUCHO
2020-02-24,0.7544630260304842,0.6071691497355027,seasonal_naive,AYACUCHO
2020-03-02,0.0,0.45537686230162727,seasonal_naive,AYACUCHO
2020-03-09,0.15089260520609757,0.45537686230162727,seasonal_naive,AYACUCHO
2020-03-16,0.15089260520609757,1.0625460120371293,seasonal_naive,AYACUCHO
2020-03-23,0.30178521041219425,1.2143382994710046,seasonal_naive,AYACUCHO
2020-03-30,0.4526778156182909,1.973299736640382,seasonal_naive,AYACUCHO
2020-04-06,0.6035704208243876,1.973299736640382,seasonal_naive,AYACUCHO
2020-04-13,0.6035704208243876,1.973299736640382,seasonal_naive,AYACUCHO
2020-04-20,0.30178521041219425,1.517922874338756,seasonal_naive,AYACUCHO
2020-04-27,0.15089260520609757,1.2143382994710046,seasonal_naive,AYACUCHO
2020-05-04,0.0,1.3661305869048803,seasonal_naive,AYACUCHO
2020-05-11,0.0,1.5179228743387556,seasonal_naive,AYACUCHO
2020-05-18,0.30178521041219425,1.517922874338756,seasonal_naive,AYACUCHO
2020-05-25,0.30178521041219425,0.9107537246032538,seasonal_naive,AYACUCHO
2020-06-01,0.30178521041219425,1.2143382994710046,seasonal_naive,AYACUCHO
2020-06-08,0.0,1.3661305869048803,seasonal_naive,AYACUCHO
2020-06-15,0.0,1.973299736640382,seasonal_naive,AYACUCHO
2020-06-22,0.0,1.3661305869048803,seasonal_naive,AYACUCHO
2020-06-29,0.0,1.973299736640382,seasonal_naive,AYACUCHO
2020-07-06,0.0,2.428676598942009,seasonal_naive,AYACUCHO
2020-07-13,0.0,2.276884311508133,seasonal_naive,AYACUCHO
2020-07-20,0.0,1.6697151617726314,seasonal_naive,AYACUCHO
2020-07-27,0.15089260520609757,1.3661305869048803,seasonal_naive,AYACUCHO
2020-08-03,0.15089260520609757,1.6697151617726318,seasonal_naive,AYACUCHO
2020-08-10,0.15089260520609757,1.821507449206507,seasonal_naive,AYACUCHO
2020-08-17,0.0,1.0625460120371293,seasonal_naive,AYACUCHO
2020-08-24,0.0,1.2143382994710046,seasonal_naive,AYACUCHO
2020-08-31,0.15089260520609757,1.517922874338756,seasonal_naive,AYACUCHO
2020-09-07,0.15089260520609757,2.276884311508134,seasonal_naive,AYACUCHO
2020-09-14,0.15089260520609757,1.973299736640382,seasonal_naive,AYACUCHO
2020-09-21,0.0,1.517922874338756,seasonal_naive,AYACUCHO
2020-09-28,0.0,1.2143382994710046,seasonal_naive,AYACUCHO
2020-10-05,0.0,1.6697151617726318,seasonal_naive,AYACUCHO
2020-10-12,0.0,1.821507449206507,seasonal_naive,AYACUCHO
2020-10-19,0.0,1.821507449206507,seasonal_naive,AYACUCHO
2020-10-26,0.0,1.0625460120371293,seasonal_naive,AYACUCHO
2020-11-02,0.15089260520609757,0.45537686230162727,seasonal_naive,AYACUCHO
2020-11-09,0.15089260520609757,0.1517922874338764,seasonal_naive,AYACUCHO
2020-11-16,0.4526778156182909,0.1517922874338764,seasonal_naive,AYACUCHO
2020-11-23,0.4526778156182909,0.45537686230162727,seasonal_naive,AYACUCHO
2020-11-30,0.4526778156182909,0.6071691497355027,seasonal_naive,AYACUCHO
2020-12-07,0.15089260520609757,0.9107537246032529,seasonal_naive,AYACUCHO
2020-12-14,0.0,0.7589614371693783,seasonal_naive,AYACUCHO
2020-12-21,0.0,0.45537686230162727,seasonal_naive,AYACUCHO
2020-12-28,0.15089260520609757,0.1517922874338764,seasonal_naive,AYACUCHO
2021-01-04,0.15089260520609757,0.6035704208243877,seasonal_naive,AYACUCHO
2021-01-11,0.15089260520609757,0.7544630260304841,seasonal_naive,AYACUCHO
2021-01-18,0.0,0.9053556312365809,seasonal_naive,AYACUCHO
2021-01-25,0.0,0.30178521041219425,seasonal_naive,AYACUCHO
2021-02-01,0.15000352508284032,0.1508926052060976,seasonal_naive,AYACUCHO
2021-02-08,0.30000705016567975,0.7544630260304841,seasonal_naive,AYACUCHO
2021-02-15,0.30000705016567975,0.7544630260304841,seasonal_naive,AYACUCHO
2021-02-22,0.15000352508284032,0.7544630260304841,seasonal_naive,AYACUCHO
2021-03-01,0.15000352508284032,0.0,seasonal_naive,AYACUCHO
2021-03-08,0.4500105752485191,0.1508926052060976,seasonal_naive,AYACUCHO
2021-03-15,0.6000141003313586,0.1508926052060976,seasonal_naive,AYACUCHO
2021-03-22,0.4500105752485191,0.30178521041219425,seasonal_naive,AYACUCHO
2021-03-29,0.15000352508284032,0.45267781561829096,seasonal_naive,AYACUCHO
2021-04-05,0.30000705016567975,0.6035704208243877,seasonal_naive,AYACUCHO
2021-04-12,0.4500105752485191,0.6035704208243877,seasonal_naive,AYACUCHO
2021-04-19,0.750017625414198,0.30178521041219425,seasonal_naive,AYACUCHO
2021-04-26,0.6000141003313586,0.1508926052060976,seasonal_naive,AYACUCHO
2021-05-03,0.9000211504970376,0.0,seasonal_naive,AYACUCHO
2021-05-10,0.7500176254141983,0.0,seasonal_naive,AYACUCHO
2021-05-17,0.750017625414198,0.30178521041219425,seasonal_naive,AYACUCHO
2021-05-24,0.6000141003313586,0.30178521041219425,seasonal_naive,AYACUCHO
2021-05-31,0.750017625414198,0.30178521041219425,seasonal_naive,AYACUCHO
2021-06-07,0.750017625414198,0.0,seasonal_naive,AYACUCHO
2021-06-14,0.6000141003313586,0.0,seasonal_naive,AYACUCHO
2021-06-21,0.6000141003313586,0.0,seasonal_naive,AYACUCHO
2021-06-28,0.6000141003313586,0.0,seasonal_naive,AYACUCHO
2021-07-05,0.6000141003313586,0.0,seasonal_naive,AYACUCHO
2021-07-12,0.4500105752485183,0.0,seasonal_naive,AYACUCHO
2021-07-19,0.4500105752485183,0.0,seasonal_naive,AYACUCHO
2021-07-26,0.6000141003313586,0.1508926052060976,seasonal_naive,AYACUCHO
2021-08-02,1.0500246755798768,0.1508926052060976,seasonal_naive,AYACUCHO
2021-08-09,1.0500246755798768,0.1508926052060976,seasonal_naive,AYACUCHO
2021-08-16,1.0500246755798768,0.0,seasonal_naive,AYACUCHO
2021-08-23,0.4500105752485191,0.0,seasonal_naive,AYACUCHO
2021-08-30,0.30000705016567975,0.1508926052060976,seasonal_naive,AYACUCHO
2021-09-06,0.4500105752485193,0.1508926052060976,seasonal_naive,AYACUCHO
2021-09-13,0.9000211504970377,0.1508926052060976,seasonal_naive,AYACUCHO
2021-09-20,1.2000282006627165,0.0,seasonal_naive,AYACUCHO
2021-09-27,0.750017625414198,0.0,seasonal_naive,AYACUCHO
2021-10-04,0.4500105752485191,0.0,seasonal_naive,AYACUCHO
2021-10-11,0.750017625414198,0.0,seasonal_naive,AYACUCHO
2021-10-18,1.5000352508283952,0.0,seasonal_naive,AYACUCHO
2021-10-25,1.3500317257455559,0.0,seasonal_naive,AYACUCHO
2021-11-01,1.5000352508283956,0.1508926052060976,seasonal_naive,AYACUCHO
2021-11-08,0.9000211504970376,0.1508926052060976,seasonal_naive,AYACUCHO
2021-11-15,0.9000211504970376,0.45267781561829096,seasonal_naive,AYACUCHO
2021-11-22,0.6000141003313586,0.45267781561829096,seasonal_naive,AYACUCHO
2021-11-29,0.750017625414198,0.45267781561829096,seasonal_naive,AYACUCHO
2021-12-06,1.0500246755798768,0.1508926052060976,seasonal_naive,AYACUCHO
2021-12-13,0.7500176254141979,0.0,seasonal_naive,AYACUCHO
2021-12-20,0.450010575248519,0.0,seasonal_naive,AYACUCHO
2021-12-27,0.3000070501656796,0.1508926052060976,seasonal_naive,AYACUCHO
2022-01-03,0.15000352508284018,0.1508926052060976,seasonal_naive,AYACUCHO
2022-01-10,0.2991283858375014,0.1508926052060976,seasonal_naive,AYACUCHO
2022-01-17,0.149124860754662,0.0,seasonal_naive,AYACUCHO
2022-01-24,1.1929988860372909,0.0,seasonal_naive,AYACUCHO
2022-01-31,1.342123746791952,0.15000352508284032,seasonal_naive,AYACUCHO
2022-02-07,1.6403734683012747,0.30000705016567975,seasonal_naive,AYACUCHO
2022-02-14,0.8947491645279676,0.30000705016567975,seasonal_naive,AYACUCHO
2022-02-21,0.8947491645279676,0.15000352508284032,seasonal_naive,AYACUCHO
2022-02-28,0.5964994430186458,0.15000352508284032,seasonal_naive,AYACUCHO
2022-03-07,0.4473745822639845,0.4500105752485191,seasonal_naive,AYACUCHO
2022-03-14,0.8947491645279683,0.6000141003313586,seasonal_naive,AYACUCHO
2022-03-21,1.6403734683012747,0.4500105752485191,seasonal_naive,AYACUCHO
2022-03-28,2.0877480505652586,0.15000352508284032,seasonal_naive,AYACUCHO
2022-04-04,1.6403734683012747,0.30000705016567975,seasonal_naive,AYACUCHO
2022-04-11,1.1929988860372909,0.4500105752485191,seasonal_naive,AYACUCHO
2022-04-18,0.7456243037733071,0.7500176254141981,seasonal_naive,AYACUCHO
2022-04-25,1.4912486075466134,0.6000141003313586,seasonal_naive,AYACUCHO
2022-05-02,2.0877480505652586,0.9000211504970375,seasonal_naive,AYACUCHO
2022-05-09,3.5789966581118713,0.7500176254141981,seasonal_naive,AYACUCHO
2022-05-16,3.4298717973572095,0.7500176254141981,seasonal_naive,AYACUCHO
2022-05-23,5.291023244321427,0.6000141003313586,seasonal_naive,AYACUCHO
2022-05-30,5.291023244321427,0.7500176254141981,seasonal_naive,AYACUCHO
2022-06-06,6.334897269604056,0.7500176254141981,seasonal_naive,AYACUCHO
2022-06-13,4.175496101130516,0.6000141003313586,seasonal_naive,AYACUCHO
2022-06-20,4.324620961885177,0.6000141003313586,seasonal_naive,AYACUCHO
2022-06-27,4.0263712403758545,0.6000141003313586,seasonal_naive,AYACUCHO
2022-07-04,6.185772408849395,0.6000141003313586,seasonal_naive,AYACUCHO
2022-07-11,5.887522687340073,0.4500105752485184,seasonal_naive,AYACUCHO
2022-07-18,5.589272965830751,0.4500105752485184,seasonal_naive,AYACUCHO
2022-07-25,3.1316220758478877,0.6000141003313586,seasonal_naive,AYACUCHO
2022-08-01,2.982497215093226,1.0500246755798766,seasonal_naive,AYACUCHO
2022-08-08,2.6842474935839036,1.0500246755798766,seasonal_naive,AYACUCHO
2022-08-15,3.1316220758478877,1.0500246755798766,seasonal_naive,AYACUCHO
2022-08-22,2.385997772074581,0.4500105752485191,seasonal_naive,AYACUCHO
2022-08-29,2.6842474935839036,0.30000705016567975,seasonal_naive,AYACUCHO
2022-09-05,2.3859977720745804,0.4500105752485193,seasonal_naive,AYACUCHO
2022-09-12,2.0877480505652586,0.9000211504970377,seasonal_naive,AYACUCHO
2022-09-19,0.8947491645279682,1.2000282006627168,seasonal_naive,AYACUCHO
2022-09-26,1.6403734683012745,0.7500176254141981,seasonal_naive,AYACUCHO
2022-10-03,2.535122632829242,0.4500105752485191,seasonal_naive,AYACUCHO
2022-10-10,2.8333723543385645,0.7500176254141981,seasonal_naive,AYACUCHO
2022-10-17,2.2368729113199195,1.5000352508283954,seasonal_naive,AYACUCHO
2022-10-24,1.342123746791952,1.3500317257455556,seasonal_naive,AYACUCHO
2022-10-31,2.087748050565258,1.5000352508283958,seasonal_naive,AYACUCHO
2022-11-07,2.2368729113199195,0.9000211504970375,seasonal_naive,AYACUCHO
2022-11-14,2.8333723543385645,0.9000211504970375,seasonal_naive,AYACUCHO
2022-11-21,2.087748050565258,0.6000141003313586,seasonal_naive,AYACUCHO
2022-11-28,3.2807469366025486,0.7500176254141981,seasonal_naive,AYACUCHO
2022-12-05,3.5789966581118713,1.0500246755798766,seasonal_naive,AYACUCHO
2010-12-27,2.2435034549953214,1.613304783450007,holt_winters,AYACUCHO
2011-01-03,2.239578036165025,1.8297217891556938,holt_winters,AYACUCHO
2011-01-10,1.9171148331791172,1.6722385826143018,holt_winters,AYACUCHO
2011-01-17,0.9556133524668368,1.5545357156020048,holt_winters,AYACUCHO
2011-01-24,0.9556133524668368,0.7325358572141809,holt_winters,AYACUCHO
2011-01-31,1.274151136622449,0.6895040123649869,holt_winters,AYACUCHO
2011-02-07,1.5926889207780608,0.8587462440412261,holt_winters,AYACUCHO
2011-02-14,1.9112267049336733,0.6490447336494538,holt_winters,AYACUCHO
2011-02-21,1.592688920778061,1.9780807111964642,holt_winters,AYACUCHO
2011-02-28,1.592688920778061,2.540458408349605,holt_winters,AYACUCHO
2011-03-07,1.4334200287002548,2.973743869825766,holt_winters,AYACUCHO
2011-03-14,1.1148822445446427,3.6509344021978345,holt_winters,AYACUCHO
2011-03-21,0.9556133524668367,0.77722518295209,holt_winters,AYACUCHO
2011-03-28,0.6370755683112248,0.7690308774920749,holt_winters,AYACUCHO
2011-04-04,0.955613352466837,0.8073757849665948,holt_winters,AYACUCHO
2011-04-11,1.7519578128558673,1.0456371515850713,holt_winters,AYACUCHO
2011-04-18,1.7519578128558673,2.057052731857959,holt_winters,AYACUCHO
2011-04-25,2.3890333811670916,2.6734633291058865,holt_winters,AYACUCHO
2011-05-02,2.5483022732448974,3.5814189374086025,holt_winters,AYACUCHO
2011-05-09,3.5039156257117337,3.440281172111561,holt_winters,AYACUCHO
2011-05-16,3.0261089494783153,3.948690205615419,holt_winters,AYACUCHO
2011-05-23,3.3446467336339274,4.351732416847018,holt_winters,AYACUCHO
2011-05-30,2.7075711653227033,5.47137253682162,holt_winters,AYACUCHO
2011-06-06,3.981722301945151,5.257901088073226,holt_winters,AYACUCHO
2011-06-13,4.300260086100764,3.53894740034604,holt_winters,AYACUCHO
2011-06-20,4.300260086100764,2.6569596348686897,holt_winters,AYACUCHO
2011-06-27,3.66318451778954,2.4723124703675174,holt_winters,AYACUCHO
2011-07-04,2.7075711653227033,2.4512720175359437,holt_winters,AYACUCHO
2011-07-11,2.389033381167091,2.6588644201824314,holt_winters,AYACUCHO
2011-07-18,1.911226704933673,1.6630924843202561,holt_winters,AYACUCHO
2011-07-25,1.751957812855867,1.3837002257832696,holt_winters,AYACUCHO
2011-08-01,1.274151136622449,1.3531506187659978,holt_winters,AYACUCHO
2011-08-08,1.114882244544643,1.047025316525776,holt_winters,AYACUCHO
2011-08-15,0.955613352466837,1.0066456378890476,holt_winters,AYACUCHO
2011-08-22,1.9112267049336733,0.9958484524005942,holt_winters,AYACUCHO
2011-08-29,2.2297644890892854,1.5527065586968094,holt_winters,AYACUCHO
2011-09-05,2.070495597011479,2.126817014751002,holt_winters,AYACUCHO
2011-09-12,1.4334200287002548,2.0928316013323864,holt_winters,AYACUCHO
2011-09-19,1.114882244544643,1.861325665487143,holt_winters,AYACUCHO
2011-09-26,1.5926889207780608,1.9728979783694016,holt_winters,AYACUCHO
2011-10-03,1.274151136622449,1.932914929838779,holt_winters,AYACUCHO
2011-10-10,0.9556133524668367,2.03434533411343,holt_winters,AYACUCHO
2011-10-17,0.6370755683112248,2.0571087186781747,holt_winters,AYACUCHO
2011-10-24,0.7963444603890308,1.4688890045275458,holt_winters,AYACUCHO
2011-10-31,0.6370755683112248,0.8219898019777976,holt_winters,AYACUCHO
2011-11-07,0.15926889207780662,0.8186939956132047,holt_winters,AYACUCHO
2011-11-14,0.0,0.9057052054010017,holt_winters,AYACUCHO
2011-11-21,0.3185377841556127,1.1026892964416688,holt_winters,AYACUCHO
2011-11-28,0.6370755683112247,0.25445317862391215,holt_winters,AYACUCHO
2011-12-05,0.6370755683112247,0.3709443472320926,holt_winters,AYACUCHO
2011-12-12,0.6370755683112247,0.2214896605671073,holt_winters,AYACUCHO
2011-12-19,0.3185377841556127,0.2463189234666962,holt_winters,AYACUCHO
2011-12-26,0.4778066762334187,0.1668857514017507,holt_winters,AYACUCHO
2012-01-02,0.15926889207780662,0.1974961318716941,holt_winters,AYACUCHO
2012-01-09,0.31756837570489105,0.11546202403433181,holt_winters,AYACUCHO
2012-01-16,0.3165989672541694,0.0,holt_winters,AYACUCHO
2012-01-23,0.3165989672541694,0.12374034623726742,holt_winters,AYACUCHO
2012-01-30,0.3165989672541694,0.14244325660688684,holt_winters,AYACUCHO
2012-02-06,0.47489845088125376,0.23914335922046584,holt_winters,AYACUCHO
2012-02-13,0.4748984508812539,0.13437999009136922,holt_winters,AYACUCHO
2012-02-20,0.47489845088125376,0.3795836722781571,holt_winters,AYACUCHO
2012-02-27,0.3165989672541694,0.7353292297348979,holt_winters,AYACUCHO
2012-03-05,0.4748984508812532,1.0168831500389541,holt_winters,AYACUCHO
2012-03-12,0.3165989672541694,1.0320970669587086,holt_winters,AYACUCHO
2012-03-19,0.3165989672541694,0.14157628575257536,holt_winters,AYACUCHO
2012-03-26,0.15829948362708504,0.0803182323372097,holt_winters,AYACUCHO
2012-04-02,0.4748984508812539,0.2011404272343949,holt_winters,AYACUCHO
2012-04-09,0.3165989672541694,0.49096253361758263,holt_winters,AYACUCHO
2012-04-16,0.4748984508812539,0.5559501655439161,holt_winters,AYACUCHO
2012-04-23,0.9497969017625071,0.8138900388404227,holt_winters,AYACUCHO
2012-04-30,1.266395869016676,1.1659757365647057,holt_winters,AYACUCHO
2012-05-07,1.5829948362708446,1.2911020477448036,holt_winters,AYACUCHO
2012-05-14,1.8995938035250137,1.6048688707448306,holt_winters,AYACUCHO
2012-05-21,2.532791738033351,1.681088015304868,holt_winters,AYACUCHO
2012-05-28,2.6910912216604355,2.122190576730658,holt_winters,AYACUCHO
2012-06-04,3.0076901889146046,2.170646140076116,holt_winters,AYACUCHO
2012-06-11,3.9574870906771107,2.7599910860644896,holt_winters,AYACUCHO
2012-06-18,4.274086057931279,1.9726230099003565,holt_winters,AYACUCHO
2012-06-25,5.605291316779706,1.6840470746505853,holt_winters,AYACUCHO
2012-07-02,4.497194931390115,1.6176087311878953,holt_winters,AYACUCHO
2012-07-09,3.7056975132546923,4.644257089391634,holt_winters,AYACUCHO
2012-07-16,1.4246953526437602,3.704097122094062,holt_winters,AYACUCHO
2012-07-23,1.1080963853895913,2.962859660426781,holt_winters,AYACUCHO
2012-07-30,1.4246953526437596,2.810979952117239,holt_winters,AYACUCHO
2012-08-06,1.4246953526437596,1.1738667086635535,holt_winters,AYACUCHO
2012-08-13,1.4246953526437596,1.2216515934340473,holt_winters,AYACUCHO
2012-08-20,1.4246953526437596,1.4811352588243105,holt_winters,AYACUCHO
2012-08-27,1.4246953526437596,1.9500020000680776,holt_winters,AYACUCHO
2012-09-03,1.8995938035250133,1.3708806400001454,holt_winters,AYACUCHO
2012-09-10,2.0578932871520976,1.1273702738841545,holt_winters,AYACUCHO
2012-09-17,1.5829948362708446,0.9676345756100411,holt_winters,AYACUCHO
2012-09-24,0.949796901762507,1.0626866221304905,holt_winters,AYACUCHO
2012-10-01,0.47489845088125376,0.9448689533535577,holt_winters,AYACUCHO
2012-10-08,1.1080963853895913,0.9104059815926235,holt_winters,AYACUCHO
2012-10-15,1.8995938035250137,0.8220739413986231,holt_winters,AYACUCHO
2012-10-22,2.5327917380333513,0.5564929487451689,holt_winters,AYACUCHO
2012-10-29,2.057893287152098,2.423381702184942,holt_winters,AYACUCHO
2012-11-05,0.9497969017625071,2.191809619723968,holt_winters,AYACUCHO
2012-11-12,0.9497969017625071,2.277077884273031,holt_winters,AYACUCHO
2012-11-19,0.7914974181354227,2.7776242270929523,holt_winters,AYACUCHO
2012-11-26,1.4246953526437602,0.8259249391229075,holt_winters,AYACUCHO
2012-12-03,1.4246953526437605,0.9892968951456624,holt_winters,AYACUCHO
2012-12-10,1.8995938035250137,0.8328217080625904,holt_winters,AYACUCHO
2012-12-17,1.4246953526437602,0.814786507157633,holt_winters,AYACUCHO
2012-12-24,0.7914974181354227,1.2884624879717372,holt_winters,AYACUCHO
2012-12-31,0.6331979345083384,1.2598757794197253,holt_winters,AYACUCHO
2013-01-07,1.2616074739617231,1.2136741579970365,holt_winters,AYACUCHO
2013-01-14,2.3620424272633898,0.8862933549995069,holt_winters,AYACUCHO
2013-01-21,2.8321524830896903,2.2020116806589716,holt_winters,AYACUCHO
2013-01-28,2.6748106784735968,2.2464580527409006,holt_winters,AYACUCHO
2013-02-04,1.8881016553931274,2.6776201270788964,holt_winters,AYACUCHO
2013-02-11,1.101392632312658,2.6131490900030596,holt_winters,AYACUCHO
2013-02-18,0.47202541384828245,0.9286418818778106,holt_winters,AYACUCHO
2013-02-25,0.0,1.289577527276843,holt_winters,AYACUCHO
2013-03-04,0.15734180461609476,1.5774950353750659,holt_winters,AYACUCHO
2013-03-11,0.9440508276965641,1.5372008005269602,holt_winters,AYACUCHO
2013-03-18,0.9440508276965641,0.7583693232808255,holt_winters,AYACUCHO
2013-03-25,0.7867090230804702,0.6097803295877124,holt_winters,AYACUCHO
2013-04-01,0.0,1.0078838683536455,holt_winters,AYACUCHO
2013-04-08,0.15734180461609476,1.3746540154452194,holt_winters,AYACUCHO
2013-04-15,0.31468360923218863,0.30482995368944393,holt_winters,AYACUCHO
2013-04-22,0.7867090230804702,0.6472609715819613,holt_winters,AYACUCHO
2013-04-29,1.7307598507770334,0.8055165105991251,holt_winters,AYACUCHO
2013-05-06,2.360127069241409,0.8755798416272427,holt_winters,AYACUCHO
2013-05-13,2.6748106784735968,2.3978423493692613,holt_winters,AYACUCHO
2013-05-20,2.045443460009221,2.762437976628567,holt_winters,AYACUCHO
2013-05-27,1.5734180461609395,3.211039944724516,holt_winters,AYACUCHO
2013-06-03,1.4160762415448456,3.3853555309341097,holt_winters,AYACUCHO
2013-06-10,1.8881016553931271,1.3840883518815343,holt_winters,AYACUCHO
2013-06-17,2.360127069241409,0.9423902305554657,holt_winters,AYACUCHO
2013-06-24,2.2027852646253145,0.772895807083855,holt_winters,AYACUCHO
2013-07-01,1.7307598507770334,0.6490400828964025,holt_winters,AYACUCHO
2013-07-08,1.7307598507770334,1.6422858163037781,holt_winters,AYACUCHO
2013-07-15,1.8881016553931271,1.0827042030929377,holt_winters,AYACUCHO
2013-07-22,1.5734180461609395,0.754403261091054,holt_winters,AYACUCHO
2013-07-29,1.8881016553931271,0.7295619923894514,holt_winters,AYACUCHO
2013-08-05,2.202785264625315,1.5991283031545702,holt_winters,AYACUCHO
2013-08-12,2.9894942877057837,1.651012511491356,holt_winters,AYACUCHO
2013-08-19,2.202785264625315,1.9103865103321636,holt_winters,AYACUCHO
2013-08-26,1.2587344369287516,2.2810927736626927,holt_winters,AYACUCHO
2013-09-02,0.6293672184643764,1.3676591931512827,holt_winters,AYACUCHO
2013-09-09,0.6293672184643764,1.209193802153417,holt_winters,AYACUCHO
2013-09-16,1.2587344369287519,0.943858318699089,holt_winters,AYACUCHO
2013-09-23,1.4160762415448458,0.7882911422967558,holt_winters,AYACUCHO
2013-09-30,1.8881016553931271,1.3067062662428697,holt_winters,AYACUCHO
2013-10-07,1.2587344369287516,1.4596280424277337,holt_winters,AYACUCHO
2013-10-14,1.4160762415448456,1.6102614922927918,holt_winters,AYACUCHO
2013-10-21,1.4160762415448458,1.5015132869545837,holt_winters,AYACUCHO
2013-10-28,1.7307598507770336,1.2250147972004033,holt_winters,AYACUCHO
2013-11-04,1.1013926323126582,0.941196235849906,holt_winters,AYACUCHO
2013-11-11,0.7867090230804702,0.9567121960753107,holt_winters,AYACUCHO
2013-11-18,1.4160762415448456,1.0892999439607305,holt_winters,AYACUCHO
2013-11-25,1.4160762415448456,1.8018448879325009,holt_winters,AYACUCHO
2013-12-02,0.944050827696564,1.942534941708434,holt_winters,AYACUCHO
2013-12-09,0.15734180461609476,2.0428233664076534,holt_winters,AYACUCHO
2013-12-16,0.4720254138482825,1.7385353072758827,holt_winters,AYACUCHO
2013-12-23,0.4720254138482825,0.2884305619192261,holt_winters,AYACUCHO
2013-12-30,0.4720254138482825,0.1777701464357235,holt_winters,AYACUCHO
2014-01-06,0.6265287349449635,0.25680597696294777,holt_winters,AYACUCHO
2014-01-13,1.0957156652738325,0.21997742359837516,holt_winters,AYACUCHO
2014-01-20,1.251165147543651,1.0770814389743943,holt_winters,AYACUCHO
2014-01-27,1.251165147543651,1.1296749191909212,holt_winters,AYACUCHO
2014-02-03,1.0947695041006946,1.1118288287357503,holt_winters,AYACUCHO
2014-02-10,1.4075607909866072,0.8996225889677738,holt_winters,AYACUCHO
2014-02-17,1.876747721315476,1.0640152952573483,holt_winters,AYACUCHO
2014-02-24,2.0331433647584323,1.1491218489235528,holt_winters,AYACUCHO
2014-03-03,1.5639564344295636,1.3831256997405839,holt_winters,AYACUCHO
2014-03-10,0.7819782172147822,1.5808489059913837,holt_winters,AYACUCHO
2014-03-17,0.7819782172147821,0.6851549304125453,holt_winters,AYACUCHO
2014-03-24,1.251165147543651,0.5402992577386325,holt_winters,AYACUCHO
2014-03-31,1.7203520778725199,0.6060729257684399,holt_winters,AYACUCHO
2014-04-07,2.8151215819732136,0.8305927406548519,holt_winters,AYACUCHO
2014-04-14,2.815121581973214,3.15210993674878,holt_winters,AYACUCHO
2014-04-21,3.9098910860739076,4.466162089986387,holt_winters,AYACUCHO
2014-04-28,3.127912868859126,5.488426227126641,holt_winters,AYACUCHO
2014-05-05,2.9715172254161697,6.394262473896587,holt_winters,AYACUCHO
2014-05-12,2.345934651644345,2.9386765013845353,holt_winters,AYACUCHO
2014-05-19,3.2843085123020828,3.335796570401498,holt_winters,AYACUCHO
2014-05-26,5.317451877060514,3.524152996617434,holt_winters,AYACUCHO
2014-06-02,5.47384752050347,3.8948930845777223,holt_winters,AYACUCHO
2014-06-09,5.161056233617558,5.738118120634249,holt_winters,AYACUCHO
2014-06-16,3.440704155745039,5.518424986595003,holt_winters,AYACUCHO
2014-06-23,2.815121581973214,4.8446972011375395,holt_winters,AYACUCHO
2014-06-30,2.658725938530257,4.489391803187076,holt_winters,AYACUCHO
2014-07-07,3.2843085123020828,2.6858653463963953,holt_winters,AYACUCHO
2014-07-14,3.4407041557450384,2.091343645224044,holt_winters,AYACUCHO
2014-07-21,4.22268237295982,1.6844224257615967,holt_winters,AYACUCHO
2014-07-28,3.753495442630951,1.7190762225017995,holt_winters,AYACUCHO
2014-08-04,3.127912868859126,3.5371773362624346,holt_winters,AYACUCHO
2014-08-11,1.094769504100695,3.481230687919661,holt_winters,AYACUCHO
2014-08-18,0.6255825737718262,3.8065637303421624,holt_winters,AYACUCHO
2014-08-25,1.094769504100695,4.140680067488453,holt_winters,AYACUCHO
2014-09-01,1.5639564344295638,1.016025984341653,holt_winters,AYACUCHO
2014-09-08,1.72035207787252,0.8239420895570206,holt_winters,AYACUCHO
2014-09-15,1.094769504100695,0.6728818632509619,holt_winters,AYACUCHO
2014-09-22,1.5639564344295638,0.6485584989577202,holt_winters,AYACUCHO
2014-09-29,1.094769504100695,1.456734426962809,holt_winters,AYACUCHO
2014-10-06,1.7203520778725199,1.522337687440547,holt_winters,AYACUCHO
2014-10-13,2.345934651644345,1.6375705171501722,holt_winters,AYACUCHO
2014-10-20,3.1279128688591267,1.6192583192752892,holt_winters,AYACUCHO
2014-10-27,2.815121581973214,2.8239288720664635,holt_winters,AYACUCHO
2014-11-03,1.2511651475436512,1.8263348907398345,holt_winters,AYACUCHO
2014-11-10,0.9383738606577388,1.6752316866004948,holt_winters,AYACUCHO
2014-11-17,0.7819782172147826,2.050613353154936,holt_winters,AYACUCHO
2014-11-24,1.2511651475436514,1.0649880655087398,holt_winters,AYACUCHO
2014-12-01,1.4075607909866072,1.0741572560338,holt_winters,AYACUCHO
2014-12-08,1.4075607909866077,0.9473930365214569,holt_winters,AYACUCHO
2014-12-15,1.72035207787252,0.9072187174927318,holt_winters,AYACUCHO
2014-12-22,1.876747721315476,1.6264517687055204,holt_winters,AYACUCHO
2014-12-29,2.189539008201389,1.3929396096216107,holt_winters,AYACUCHO
2015-01-05,1.873943171682108,1.6597483480128261,holt_winters,AYACUCHO
2015-01-12,0.9355693110243704,1.8848065318484761,holt_winters,AYACUCHO
2015-01-19,0.9327647613910021,1.0396858631242067,holt_winters,AYACUCHO
2015-01-26,0.7773039678258353,1.0661166397982145,holt_winters,AYACUCHO
2015-02-02,0.7773039678258353,0.9357934710252516,holt_winters,AYACUCHO
2015-02-09,0.4663823806955016,0.8493264745639708,holt_winters,AYACUCHO
2015-02-16,0.6218431742606684,0.3721959924827483,holt_winters,AYACUCHO
2015-02-23,1.0882255549561688,0.34462469788163524,holt_winters,AYACUCHO
2015-03-02,2.3319119034775038,0.3421192043511817,holt_winters,AYACUCHO
2015-03-09,2.4873726970426704,0.3245894178844277,holt_winters,AYACUCHO
2015-03-16,3.8865198391291718,2.412278519344153,holt_winters,AYACUCHO
2015-03-23,3.5755982519988385,2.346222070998335,holt_winters,AYACUCHO
2015-03-30,4.1974414262595054,2.2825059672295134,holt_winters,AYACUCHO
2015-04-06,3.7310590455640047,2.8324777106367605,holt_winters,AYACUCHO
2015-04-13,4.3529022198246725,4.009113661870909,holt_winters,AYACUCHO
2015-04-20,4.50836301338984,5.728914903051354,holt_winters,AYACUCHO
2015-04-27,4.97474539408534,5.738118120634249,holt_winters,AYACUCHO
2015-05-04,4.508363013389839,5.738118120634249,holt_winters,AYACUCHO
2015-05-11,4.663823806955006,4.40147733524077,holt_winters,AYACUCHO
2015-05-18,4.041980632694338,4.9543643926948375,holt_winters,AYACUCHO
2015-05-25,5.554194895665188,5.462280072624168,holt_winters,AYACUCHO
2015-06-01,6.176038069925856,5.738118120634249,holt_winters,AYACUCHO
2015-06-08,7.575185212012358,5.575144428322141,holt_winters,AYACUCHO
2015-06-15,7.306657297562842,5.575144428322141,holt_winters,AYACUCHO
2015-06-22,6.684814123302175,5.575144428322141,holt_winters,AYACUCHO
2015-06-29,5.752049361911173,5.124894963276972,holt_winters,AYACUCHO
2015-07-06,4.819284600520173,5.591647981493339,holt_winters,AYACUCHO
2015-07-13,3.8865198391291718,4.737642729248334,holt_winters,AYACUCHO
2015-07-20,2.331911903477503,4.323205861830052,holt_winters,AYACUCHO
2015-07-27,0.7773039678258348,4.149207886799933,holt_winters,AYACUCHO
2015-08-03,0.6218431742606679,0.7377679104064547,holt_winters,AYACUCHO
2015-08-10,1.0882255549561686,0.5644653707479692,holt_winters,AYACUCHO
2015-08-17,1.710068729216836,0.5486441596022684,holt_winters,AYACUCHO
2015-08-24,1.710068729216836,0.6003378507102164,holt_winters,AYACUCHO
2015-08-31,1.8655295227820023,1.7111579941477806,holt_winters,AYACUCHO
2015-09-07,1.7100687292168357,1.5779430499996554,holt_winters,AYACUCHO
2015-09-14,2.1764511099123367,1.399248632513518,holt_winters,AYACUCHO
2015-09-21,1.3991471420865025,1.5003256354394883,holt_winters,AYACUCHO
2015-09-28,1.5546079356516689,1.1527545844712472,holt_winters,AYACUCHO
2015-10-05,0.777303967825835,1.3054149974716318,holt_winters,AYACUCHO
2015-10-12,0.777303967825835,1.5605628451139957,holt_winters,AYACUCHO
2015-10-19,0.46638238069550125,1.8621052973420094,holt_winters,AYACUCHO
2015-10-26,0.6218431742606682,0.40307524485475954,holt_winters,AYACUCHO
2015-11-02,0.777303967825835,0.0,holt_winters,AYACUCHO
2015-11-09,0.6218431742606682,0.0,holt_winters,AYACUCHO
2015-11-16,1.0882255549561686,0.0,holt_winters,AYACUCHO
2015-11-23,0.9327647613910018,1.5253534581232815,holt_winters,AYACUCHO
2015-11-30,1.0882255549561686,1.499791058743142,holt_winters,AYACUCHO
2015-12-07,0.46638238069550125,1.3021463873683152,holt_winters,AYACUCHO
2015-12-14,0.6218431742606682,1.3119063188997862,holt_winters,AYACUCHO
2015-12-21,0.3109215871303344,0.5700231848136723,holt_winters,AYACUCHO
2015-12-28,0.1554607935651676,0.5341729545491434,holt_winters,AYACUCHO
2016-01-04,0.3090741066985639,0.6750127431888515,holt_winters,AYACUCHO
2016-01-11,0.4636111600478454,0.6518868252554118,holt_winters,AYACUCHO
2016-01-18,0.7726852667464086,0.5446378019242646,holt_winters,AYACUCHO
2016-01-25,0.9272223200956901,0.5254120627508916,holt_winters,AYACUCHO
2016-02-01,0.9272223200956901,0.4845918291021044,holt_winters,AYACUCHO
2016-02-08,0.618148213397127,0.3963816491449395,holt_winters,AYACUCHO
2016-02-15,0.1545370533492823,0.5873336102474906,holt_winters,AYACUCHO
2016-02-22,0.3090741066985639,0.556392621997535,holt_winters,AYACUCHO
2016-02-29,0.4636111600478454,0.7451379554809745,holt_winters,AYACUCHO
2016-03-07,0.618148213397127,0.7479634317992461,holt_winters,AYACUCHO
2016-03-14,0.9272223200956901,0.7625827600630641,holt_winters,AYACUCHO
2016-03-21,0.7726852667464087,0.6780290098877322,holt_winters,AYACUCHO
2016-03-28,0.9272223200956901,0.7249756567770971,holt_winters,AYACUCHO
2016-04-04,0.46361116004784547,0.9468911990624593,holt_winters,AYACUCHO
2016-04-11,0.6181482133971271,0.6049010877255736,holt_winters,AYACUCHO
2016-04-18,0.6181482133971271,0.9997220542768173,holt_winters,AYACUCHO
2016-04-25,1.3908334801435347,1.2331111674649273,holt_winters,AYACUCHO
2016-05-02,1.3908334801435347,1.457735919911983,holt_winters,AYACUCHO
2016-05-09,1.5453705334928163,1.42986914487473,holt_winters,AYACUCHO
2016-05-16,1.0817593734449718,1.5522617954182811,holt_winters,AYACUCHO
2016-05-23,1.0817593734449718,1.7618548513415098,holt_winters,AYACUCHO
2016-05-30,0.9272223200956901,2.02501922032564,holt_winters,AYACUCHO
2016-06-06,1.2362964267942531,1.2002816323347898,holt_winters,AYACUCHO
2016-06-13,1.5453705334928163,1.1532662940160474,holt_winters,AYACUCHO
2016-06-20,2.472592853588506,1.0918072770858456,holt_winters,AYACUCHO
2016-06-27,2.0089816935406613,0.8149605491397232,holt_winters,AYACUCHO
2016-07-04,2.318055800239224,1.9054758040724713,holt_winters,AYACUCHO
2016-07-11,1.3908334801435347,1.4141426736025267,holt_winters,AYACUCHO
2016-07-18,1.8544446401913792,1.1610555917816594,holt_winters,AYACUCHO
2016-07-25,1.2362964267942531,0.8885873074540063,holt_winters,AYACUCHO
2016-08-01,1.2362964267942531,1.168714364998205,holt_winters,AYACUCHO
2016-08-08,1.0817593734449718,1.0215315461353138,holt_winters,AYACUCHO
2016-08-15,1.5453705334928163,1.075984739057,holt_winters,AYACUCHO
2016-08-22,1.8544446401913788,1.0625976905039578,holt_winters,AYACUCHO
2016-08-29,1.8544446401913788,1.9253444572828546,holt_winters,AYACUCHO
2016-09-05,1.699907586842098,1.8956336768682336,holt_winters,AYACUCHO
2016-09-12,1.0817593734449715,1.9029164850861608,holt_winters,AYACUCHO
2016-09-19,0.9272223200956901,1.8952702474176033,holt_winters,AYACUCHO
2016-09-26,0.7726852667464086,0.8107612316447852,holt_winters,AYACUCHO
2016-10-03,1.2362964267942533,0.8079720418059475,holt_winters,AYACUCHO
2016-10-10,0.9272223200956901,1.006143037070966,holt_winters,AYACUCHO
2016-10-17,1.0817593734449718,1.1688740015890242,holt_winters,AYACUCHO
2016-10-24,1.0817593734449718,1.08222297243075,holt_winters,AYACUCHO
2016-10-31,1.0817593734449718,0.5406106190814561,holt_winters,AYACUCHO
2016-11-07,0.7726852667464086,0.3763321856547937,holt_winters,AYACUCHO
2016-11-14,0.618148213397127,0.5674268906324949,holt_winters,AYACUCHO
2016-11-21,0.9272223200956901,0.8138174927956217,holt_winters,AYACUCHO
2016-11-28,0.7726852667464086,0.7876762945177143,holt_winters,AYACUCHO
2016-12-05,0.618148213397127,0.5561817564742959,holt_winters,AYACUCHO
2016-12-12,0.4636111600478454,0.5774531654446675,holt_winters,AYACUCHO
2016-12-19,0.9272223200956901,0.3029795280654139,holt_winters,AYACUCHO
2016-12-26,1.0817593734449718,0.23108662245059355,holt_winters,AYACUCHO
2017-01-02,2.001677186124539,0.3970976433573376,holt_winters,AYACUCHO
2017-01-09,1.8453140059212265,0.5168573045040576,holt_winters,AYACUCHO
2017-01-16,1.9971118689894622,2.1343283407035933,holt_winters,AYACUCHO
2017-01-23,0.9217439395335983,2.0778330765480315,holt_winters,AYACUCHO
2017-01-30,0.7681199496113321,1.9306247400381058,holt_winters,AYACUCHO
2017-02-06,0.7681199496113321,1.6050759327611641,holt_winters,AYACUCHO
2017-02-13,0.9217439395335983,0.5899330126313314,holt_winters,AYACUCHO
2017-02-20,0.9217439395335983,0.5932953006212447,holt_winters,AYACUCHO
2017-02-27,0.46087196976679956,0.8444868230522902,holt_winters,AYACUCHO
2017-03-06,0.15362398992226703,0.9330395449036486,holt_winters,AYACUCHO
2017-03-13,0.3072479798445333,0.31506114608312863,holt_winters,AYACUCHO
2017-03-20,1.0753679294558645,0.27098275665471505,holt_winters,AYACUCHO
2017-03-27,1.3826159093003971,0.27704785253953024,holt_winters,AYACUCHO
2017-04-03,1.228991919378131,0.2689135148166559,holt_winters,AYACUCHO
2017-04-10,1.0753679294558647,1.4359178025505788,holt_winters,AYACUCHO
2017-04-17,1.5362398992226634,1.830268470660438,holt_winters,AYACUCHO
2017-04-24,1.6898638891449298,2.3062658206535174,holt_winters,AYACUCHO
2017-05-01,2.304359848833995,2.4001593672686425,holt_winters,AYACUCHO
2017-05-08,2.304359848833995,2.3175838951138177,holt_winters,AYACUCHO
2017-05-15,2.765231818600794,2.214968468730708,holt_winters,AYACUCHO
2017-05-22,1.8434878790671956,2.517890216298112,holt_winters,AYACUCHO
2017-05-29,2.1507358589117285,2.5164446490281414,holt_winters,AYACUCHO
2017-06-05,2.1507358589117285,2.533486096242757,holt_winters,AYACUCHO
2017-06-12,2.3043598488339945,2.532701893128746,holt_winters,AYACUCHO
2017-06-19,2.150735858911728,2.730725081318032,holt_winters,AYACUCHO
2017-06-26,1.997111868989462,2.2800294474128355,holt_winters,AYACUCHO
2017-07-03,1.997111868989462,2.075400112029479,holt_winters,AYACUCHO
2017-07-10,1.5362398992226634,1.5416910362457443,holt_winters,AYACUCHO
2017-07-17,1.3826159093003962,1.4405713194682774,holt_winters,AYACUCHO
2017-07-24,1.6898638891449294,1.1492987255359837,holt_winters,AYACUCHO
2017-07-31,1.997111868989462,1.6060423116390816,holt_winters,AYACUCHO
2017-08-07,1.8434878790671956,1.4464785083845921,holt_winters,AYACUCHO
2017-08-14,1.228991919378131,1.426175871450262,holt_winters,AYACUCHO
2017-08-21,1.68986388914493,1.4238980667214665,holt_winters,AYACUCHO
2017-08-28,1.68986388914493,1.642351763603065,holt_winters,AYACUCHO
2017-09-04,1.8434878790671965,1.6651463143794278,holt_winters,AYACUCHO
2017-09-11,0.7681199496113322,1.5752427804706035,holt_winters,AYACUCHO
2017-09-18,0.9217439395335983,1.4042302130759294,holt_winters,AYACUCHO
2017-09-25,1.228991919378131,0.9074260018237621,holt_winters,AYACUCHO
2017-10-02,1.3826159093003973,0.9281925895621037,holt_winters,AYACUCHO
2017-10-09,1.075367929455865,1.0460705619822428,holt_winters,AYACUCHO
2017-10-16,1.075367929455865,1.1198716599585867,holt_winters,AYACUCHO
2017-10-23,1.6898638891449298,1.1516164681087613,holt_winters,AYACUCHO
2017-10-30,2.150735858911729,0.7196960891194883,holt_winters,AYACUCHO
2017-11-06,1.9971118689894622,0.5441433903781017,holt_winters,AYACUCHO
2017-11-13,1.075367929455865,0.6456680427223971,holt_winters,AYACUCHO
2017-11-20,0.6144959596890659,1.2530631593991477,holt_winters,AYACUCHO
2017-11-27,0.4608719697667997,1.1885192103431153,holt_winters,AYACUCHO
2017-12-04,0.7681199496113322,0.8745977710297086,holt_winters,AYACUCHO
2017-12-11,0.9217439395335977,0.9486855221405168,holt_winters,AYACUCHO
2017-12-18,1.3826159093003971,0.9775107856712879,holt_winters,AYACUCHO
2017-12-25,1.6898638891449298,0.9633138164051613,holt_winters,AYACUCHO
2018-01-01,1.8407241969374288,1.3103857766196358,holt_winters,AYACUCHO
2018-01-08,1.5307125349631294,1.4602887497243935,holt_winters,AYACUCHO
2018-01-15,1.0689193378197415,1.7274455610310864,holt_winters,AYACUCHO
2018-01-22,0.763513812728387,1.5578474816009384,holt_winters,AYACUCHO
2018-01-29,0.4581082876370316,1.4279403904473256,holt_winters,AYACUCHO
2018-02-05,0.6108110501827099,1.2254852732247357,holt_winters,AYACUCHO
2018-02-12,0.763513812728387,0.6165410244961991,holt_winters,AYACUCHO
2018-02-19,0.9162165752740632,0.6568221071262637,holt_winters,AYACUCHO
2018-02-26,1.0689193378197415,0.7745940547013781,holt_winters,AYACUCHO
2018-03-05,1.0689193378197415,0.8144787353851408,holt_winters,AYACUCHO
2018-03-12,1.2216221003654189,1.4150130078241268,holt_winters,AYACUCHO
2018-03-19,0.9162165752740642,1.718382760185858,holt_winters,AYACUCHO
2018-03-26,1.0689193378197415,1.7500566425980728,holt_winters,AYACUCHO
2018-04-02,0.9162165752740643,1.8195399269748185,holt_winters,AYACUCHO
2018-04-09,1.0689193378197415,0.9950983430745421,holt_winters,AYACUCHO
2018-04-16,0.763513812728387,1.2591669066477507,holt_winters,AYACUCHO
2018-04-23,0.9162165752740643,1.572584752392407,holt_winters,AYACUCHO
2018-04-30,0.9162165752740643,1.6720959248030227,holt_winters,AYACUCHO
2018-05-07,1.374324862911096,0.8786187130527936,holt_winters,AYACUCHO
2018-05-14,1.6797303880024501,0.8747994615979469,holt_winters,AYACUCHO
2018-05-21,1.527027625456773,0.9890043419260539,holt_winters,AYACUCHO
2018-05-28,2.5959469632765138,1.0508873775510281,holt_winters,AYACUCHO
2018-06-04,2.901352488367868,2.8573447615164898,holt_winters,AYACUCHO
2018-06-11,3.817569063641931,2.773189583589281,holt_winters,AYACUCHO
2018-06-18,4.733785638915994,2.713876139896641,holt_winters,AYACUCHO
2018-06-25,6.42076691258844,2.309438074865432,holt_winters,AYACUCHO
2018-07-02,6.878875200225472,6.529026268981079,holt_winters,AYACUCHO
2018-07-09,6.115361387497085,5.589586113801118,holt_winters,AYACUCHO
2018-07-16,5.039191164007349,5.16109884078522,holt_winters,AYACUCHO
2018-07-23,4.886488401461672,4.225835319165994,holt_winters,AYACUCHO
2018-07-30,5.03919116400735,4.683902631507608,holt_winters,AYACUCHO
2018-08-06,3.9702718261876093,4.344922183157843,holt_winters,AYACUCHO
2018-08-13,3.8175690636419315,4.095937933206061,holt_winters,AYACUCHO
2018-08-20,3.5121635385505763,4.323158438174296,holt_winters,AYACUCHO
2018-08-27,3.6648663010962537,3.8075088495584533,holt_winters,AYACUCHO
2018-09-03,3.512163538550577,3.6446129884355196,holt_winters,AYACUCHO
2018-09-10,2.137838675639482,3.07642767542188,holt_winters,AYACUCHO
2018-09-17,1.8324331505481275,2.980491308760916,holt_winters,AYACUCHO
2018-09-24,1.3743248629110958,1.7742735169850228,holt_winters,AYACUCHO
2018-10-01,1.3743248629110958,1.7960448579012356,holt_winters,AYACUCHO
2018-10-08,1.3743248629110958,1.8274067892793275,holt_winters,AYACUCHO
2018-10-15,1.2216221003654184,1.9122132918869785,holt_winters,AYACUCHO
2018-10-22,1.8324331505481275,1.381909273143791,holt_winters,AYACUCHO
2018-10-29,1.9851359130938047,1.160247174312853,holt_winters,AYACUCHO
2018-11-05,1.8324331505481275,0.9261663737885513,holt_winters,AYACUCHO
2018-11-12,1.527027625456773,0.9430377316658911,holt_winters,AYACUCHO
2018-11-19,1.527027625456773,1.5694759165690568,holt_winters,AYACUCHO
2018-11-26,1.9851359130938044,1.4969405389849175,holt_winters,AYACUCHO
2018-12-03,2.137838675639482,1.177414235064469,holt_winters,AYACUCHO
2018-12-10,2.1378386756394816,1.41314285222224,holt_winters,AYACUCHO
2018-12-17,1.6797303880024501,2.407988565318038,holt_winters,AYACUCHO
2018-12-24,1.3743248629110958,2.4578012756480825,holt_winters,AYACUCHO
2018-12-31,0.9162165752740642,2.785346833942436,holt_winters,AYACUCHO
2019-01-07,0.7626033376165852,2.582488510598043,holt_winters,AYACUCHO
2019-01-14,0.6080796248473045,0.7858109742208901,holt_winters,AYACUCHO
2019-01-21,0.7589614371693783,0.5625324741546149,holt_winters,AYACUCHO
2019-01-28,0.9107537246032529,0.444166021100946,holt_winters,AYACUCHO
2019-02-04,0.6071691497355028,0.3973702129371536,holt_winters,AYACUCHO
2019-02-11,0.7589614371693783,0.5814353575853106,holt_winters,AYACUCHO
2019-02-18,0.6071691497355028,0.8007280786847428,holt_winters,AYACUCHO
2019-02-25,0.6071691497355028,0.9200794445992415,holt_winters,AYACUCHO
2019-03-04,0.4553768623016274,0.7837679040513617,holt_winters,AYACUCHO
2019-03-11,0.4553768623016274,0.7446527659640252,holt_winters,AYACUCHO
2019-03-18,1.0625460120371293,0.8327830690806626,holt_winters,AYACUCHO
2019-03-25,1.2143382994710048,1.0241297993982883,holt_winters,AYACUCHO
2019-04-01,1.9732997366403822,0.9193680623172757,holt_winters,AYACUCHO
2019-04-08,1.9732997366403824,2.1463690554752977,holt_winters,AYACUCHO
2019-04-15,1.9732997366403824,2.37575760816925,holt_winters,AYACUCHO
2019-04-22,1.5179228743387558,2.706255742462773,holt_winters,AYACUCHO
2019-04-29,1.2143382994710048,2.7887366818333943,holt_winters,AYACUCHO
2019-05-06,1.3661305869048803,1.3985903961063113,holt_winters,AYACUCHO
2019-05-13,1.5179228743387556,1.4512350985058884,holt_winters,AYACUCHO
2019-05-20,1.5179228743387558,1.5799623168698882,holt_winters,AYACUCHO
2019-05-27,0.9107537246032537,1.8241054103104033,holt_winters,AYACUCHO
2019-06-03,1.2143382994710048,1.1184256648717361,holt_winters,AYACUCHO
2019-06-10,1.3661305869048803,1.2057595316449867,holt_winters,AYACUCHO
2019-06-17,1.9732997366403822,1.3642417576316603,holt_winters,AYACUCHO
2019-06-24,1.3661305869048803,1.3669537609563682,holt_winters,AYACUCHO
2019-07-01,1.9732997366403822,1.381895369349083,holt_winters,AYACUCHO
2019-07-08,2.4286765989420087,1.0369610849551116,holt_winters,AYACUCHO
2019-07-15,2.276884311508133,0.9168689694714107,holt_winters,AYACUCHO
2019-07-22,1.6697151617726311,0.6028562895925307,holt_winters,AYACUCHO
2019-07-29,1.3661305869048803,1.690780909942649,holt_winters,AYACUCHO
2019-08-05,1.6697151617726316,1.4069401797390615,holt_winters,AYACUCHO
2019-08-12,1.8215074492065069,1.446347609173667,holt_winters,AYACUCHO
2019-08-19,1.0625460120371293,1.7619170883587043,holt_winters,AYACUCHO
2019-08-26,1.2143382994710048,1.1160545899684489,holt_winters,AYACUCHO
2019-09-02,1.5179228743387558,1.0667166805957136,holt_winters,AYACUCHO
2019-09-09,2.2768843115081334,0.6035943723960284,holt_winters,AYACUCHO
2019-09-16,1.9732997366403824,0.5326689140869343,holt_winters,AYACUCHO
2019-09-23,1.5179228743387558,1.9412696035163965,holt_winters,AYACUCHO
2019-09-30,1.2143382994710048,1.9872216185470197,holt_winters,AYACUCHO
2019-10-07,1.6697151617726316,1.8846503055221802,holt_winters,AYACUCHO
2019-10-14,1.821507449206507,1.8579894655282643,holt_winters,AYACUCHO
2019-10-21,1.821507449206507,2.270262108680887,holt_winters,AYACUCHO
2019-10-28,1.0625460120371293,2.220921636517209,holt_winters,AYACUCHO
2019-11-04,0.4553768623016274,1.9807704566926612,holt_winters,AYACUCHO
2019-11-11,0.15179228743387638,1.7997737340504067,holt_winters,AYACUCHO
2019-11-18,0.15179228743387638,0.11350992171351759,holt_winters,AYACUCHO
2019-11-25,0.4553768623016274,0.1400370451365256,holt_winters,AYACUCHO
2019-12-02,0.6071691497355028,0.09299687451819683,holt_winters,AYACUCHO
2019-12-09,0.9107537246032529,0.13803397291254477,holt_winters,AYACUCHO
2019-12-16,0.7589614371693783,0.9700443769104174,holt_winters,AYACUCHO
2019-12-23,0.4553768623016274,1.0109001832669127,holt_winters,AYACUCHO
2019-12-30,0.15179228743387638,1.1207522477803842,holt_winters,AYACUCHO
2020-01-06,0.6035704208243876,0.9172537432398027,holt_winters,AYACUCHO
2020-01-13,0.7544630260304842,0.5910600879298848,holt_winters,AYACUCHO
2020-01-20,0.9053556312365809,0.4108849946837884,holt_winters,AYACUCHO
2020-01-27,0.30178521041219425,0.33871048489033145,holt_winters,AYACUCHO
2020-02-03,0.15089260520609757,0.2113194806788077,holt_winters,AYACUCHO
2020-02-10,0.7544630260304842,0.13852803075874368,holt_winters,AYACUCHO
2020-02-17,0.7544630260304842,0.17497340929543337,holt_winters,AYACUCHO
2020-02-24,0.7544630260304842,0.22696626918299118,holt_winters,AYACUCHO
2020-03-02,0.0,0.15202639535566875,holt_winters,AYACUCHO
2020-03-09,0.15089260520609757,0.0995157599930958,holt_winters,AYACUCHO
2020-03-16,0.15089260520609757,0.23568457749831526,holt_winters,AYACUCHO
2020-03-23,0.30178521041219425,0.38318637744333645,holt_winters,AYACUCHO
2020-03-30,0.4526778156182909,0.3413378733083772,holt_winters,AYACUCHO
2020-04-06,0.6035704208243876,0.4936792702390754,holt_winters,AYACUCHO
2020-04-13,0.6035704208243876,0.5342621304160347,holt_winters,AYACUCHO
2020-04-20,0.30178521041219425,0.6986217383393629,holt_winters,AYACUCHO
2020-04-27,0.15089260520609757,0.7173095988480354,holt_winters,AYACUCHO
2020-05-04,0.0,0.2572865997583029,holt_winters,AYACUCHO
2020-05-11,0.0,0.27498755867832314,holt_winters,AYACUCHO
2020-05-18,0.30178521041219425,0.27313308216097826,holt_winters,AYACUCHO
2020-05-25,0.30178521041219425,0.3409281082228671,holt_winters,AYACUCHO
2020-06-01,0.30178521041219425,0.43252752972295194,holt_winters,AYACUCHO
2020-06-08,0.0,0.6394252831019329,holt_winters,AYACUCHO
2020-06-15,0.0,0.9237848863940743,holt_winters,AYACUCHO
2020-06-22,0.0,0.8801516523179693,holt_winters,AYACUCHO
2020-06-29,0.0,0.10496061023293611,holt_winters,AYACUCHO
2020-07-06,0.0,0.01590638795989641,holt_winters,AYACUCHO
2020-07-13,0.0,0.0,holt_winters,AYACUCHO
2020-07-20,0.0,0.0,holt_winters,AYACUCHO
2020-07-27,0.15089260520609757,0.009859048001659291,holt_winters,AYACUCHO
2020-08-03,0.15089260520609757,0.0,holt_winters,AYACUCHO
2020-08-10,0.15089260520609757,0.01563270611123374,holt_winters,AYACUCHO
2020-08-17,0.0,0.0,holt_winters,AYACUCHO
2020-08-24,0.0,0.030356437559683824,holt_winters,AYACUCHO
2020-08-31,0.15089260520609757,0.046229851102260855,holt_winters,AYACUCHO
2020-09-07,0.15089260520609757,0.0,holt_winters,AYACUCHO
2020-09-14,0.15089260520609757,0.0,holt_winters,AYACUCHO
2020-09-21,0.0,0.07426764662676073,holt_winters,AYACUCHO
2020-09-28,0.0,0.06543444557205257,holt_winters,AYACUCHO
2020-10-05,0.0,0.07000931373530946,holt_winters,AYACUCHO
2020-10-12,0.0,0.06386104331002573,holt_winters,AYACUCHO
2020-10-19,0.0,0.13845107283918462,holt_winters,AYACUCHO
2020-10-26,0.0,0.11711956074542619,holt_winters,AYACUCHO
2020-11-02,0.15089260520609757,0.0,holt_winters,AYACUCHO
2020-11-09,0.15089260520609757,0.0,holt_winters,AYACUCHO
2020-11-16,0.4526778156182909,0.12900244387440934,holt_winters,AYACUCHO
2020-11-23,0.4526778156182909,0.2248132653693449,holt_winters,AYACUCHO
2020-11-30,0.4526778156182909,0.22125492829582222,holt_winters,AYACUCHO
2020-12-07,0.15089260520609757,0.30425746694091993,holt_winters,AYACUCHO
2020-12-14,0.0,0.22836395466909026,holt_winters,AYACUCHO
2020-12-21,0.0,0.15754959160555562,holt_winters,AYACUCHO
2020-12-28,0.15089260520609757,0.16872506648551353,holt_winters,AYACUCHO
2021-01-04,0.15089260520609757,0.20407936773687826,holt_winters,AYACUCHO
2021-01-11,0.15089260520609757,0.11165591890103004,holt_winters,AYACUCHO
2021-01-18,0.0,0.03179308317764241,holt_winters,AYACUCHO
2021-01-25,0.0,0.0,holt_winters,AYACUCHO
2021-02-01,0.15000352508284032,0.0,holt_winters,AYACUCHO
2021-02-08,0.30000705016567975,0.36823850681711245,holt_winters,AYACUCHO
2021-02-15,0.30000705016567975,0.36745010468052947,holt_winters,AYACUCHO
2021-02-22,0.15000352508284032,0.3188205586757185,holt_winters,AYACUCHO
2021-03-01,0.15000352508284032,0.10788692868684241,holt_winters,AYACUCHO
2021-03-08,0.4500105752485191,0.2500335808595717,holt_winters,AYACUCHO
2021-03-15,0.6000141003313586,0.43631307384341794,holt_winters,AYACUCHO
2021-03-22,0.4500105752485191,0.6142486798579323,holt_winters,AYACUCHO
2021-03-29,0.15000352508284032,0.6332241020398202,holt_winters,AYACUCHO
2021-04-05,0.30000705016567975,0.1846969843294436,holt_winters,AYACUCHO
2021-04-12,0.4500105752485191,0.1761807233063952,holt_winters,AYACUCHO
2021-04-19,0.750017625414198,0.19967635027666236,holt_winters,AYACUCHO
2021-04-26,0.6000141003313586,0.1783126214089118,holt_winters,AYACUCHO
2021-05-03,0.9000211504970376,0.6570120888408282,holt_winters,AYACUCHO
2021-05-10,0.7500176254141983,0.7239302834943548,holt_winters,AYACUCHO
2021-05-17,0.750017625414198,0.7213295739952366,holt_winters,AYACUCHO
2021-05-24,0.6000141003313586,0.7762260105693726,holt_winters,AYACUCHO
2021-05-31,0.750017625414198,0.6984231787129496,holt_winters,AYACUCHO
2021-06-07,0.750017625414198,0.7512514695489481,holt_winters,AYACUCHO
2021-06-14,0.6000141003313586,0.9894349135308174,holt_winters,AYACUCHO
2021-06-21,0.6000141003313586,0.9174963317132165,holt_winters,AYACUCHO
2021-06-28,0.6000141003313586,0.722282449116969,holt_winters,AYACUCHO
2021-07-05,0.6000141003313586,0.5958924183809005,holt_winters,AYACUCHO
2021-07-12,0.4500105752485183,0.5848206490944572,holt_winters,AYACUCHO
2021-07-19,0.4500105752485183,0.491253838714901,holt_winters,AYACUCHO
2021-07-26,0.6000141003313586,0.5119244382633337,holt_winters,AYACUCHO
2021-08-02,1.0500246755798768,0.4383985067849779,holt_winters,AYACUCHO
2021-08-09,1.0500246755798768,0.4222861983996125,holt_winters,AYACUCHO
2021-08-16,1.0500246755798768,0.35441675949931933,holt_winters,AYACUCHO
2021-08-23,0.4500105752485191,1.103720770376674,holt_winters,AYACUCHO
2021-08-30,0.30000705016567975,1.2361463668590256,holt_winters,AYACUCHO
2021-09-06,0.4500105752485193,0.9134033288058505,holt_winters,AYACUCHO
2021-09-13,0.9000211504970377,0.8571689837004357,holt_winters,AYACUCHO
2021-09-20,1.2000282006627165,0.7494765776937307,holt_winters,AYACUCHO
2021-09-27,0.750017625414198,0.7951326828732701,holt_winters,AYACUCHO
2021-10-04,0.4500105752485191,0.7482955663319593,holt_winters,AYACUCHO
2021-10-11,0.750017625414198,0.7626827373046374,holt_winters,AYACUCHO
2021-10-18,1.5000352508283952,0.9871575162382846,holt_winters,AYACUCHO
2021-10-25,1.3500317257455559,0.9408320437832249,holt_winters,AYACUCHO
2021-11-01,1.5000352508283956,0.7614091926198352,holt_winters,AYACUCHO
2021-11-08,0.9000211504970376,0.49529593395241717,holt_winters,AYACUCHO
2021-11-15,0.9000211504970376,0.8920327069390444,holt_winters,AYACUCHO
2021-11-22,0.6000141003313586,0.9754205894898687,holt_winters,AYACUCHO
2021-11-29,0.750017625414198,1.0756686603150736,holt_winters,AYACUCHO
2021-12-06,1.0500246755798768,1.0435603357379328,holt_winters,AYACUCHO
2021-12-13,0.7500176254141979,0.9710487899713502,holt_winters,AYACUCHO
2021-12-20,0.450010575248519,0.8933723908647824,holt_winters,AYACUCHO
2021-12-27,0.3000070501656796,0.9098641342219749,holt_winters,AYACUCHO
2022-01-03,0.15000352508284018,0.919279314884017,holt_winters,AYACUCHO
2022-01-10,0.2991283858375014,0.09402557732056858,holt_winters,AYACUCHO
2022-01-17,0.149124860754662,0.008475282927885307,holt_winters,AYACUCHO
2022-01-24,1.1929988860372909,0.0,holt_winters,AYACUCHO
2022-01-31,1.342123746791952,0.0,holt_winters,AYACUCHO
2022-02-07,1.6403734683012747,1.8043495868524935,holt_winters,AYACUCHO
2022-02-14,0.8947491645279676,1.7933110180579335,holt_winters,AYACUCHO
2022-02-21,0.8947491645279676,1.6137018640905478,holt_winters,AYACUCHO
2022-02-28,0.5964994430186458,1.1790678513074329,holt_winters,AYACUCHO
2022-03-07,0.4473745822639845,0.7881704923624211,holt_winters,AYACUCHO
2022-03-14,0.8947491645279683,1.0184623197852618,holt_winters,AYACUCHO
2022-03-21,1.6403734683012747,1.0957611393143845,holt_winters,AYACUCHO
2022-03-28,2.0877480505652586,1.0679341712851098,holt_winters,AYACUCHO
2022-04-04,1.6403734683012747,2.329070639404541,holt_winters,AYACUCHO
2022-04-11,1.1929988860372909,2.3486812161113173,holt_winters,AYACUCHO
2022-04-18,0.7456243037733071,2.2557026503906976,holt_winters,AYACUCHO
2022-04-25,1.4912486075466134,2.120716241657772,holt_winters,AYACUCHO
2022-05-02,2.0877480505652586,1.689901303685057,holt_winters,AYACUCHO
2022-05-09,3.5789966581118713,1.8489805592139668,holt_winters,AYACUCHO
2022-05-16,3.4298717973572095,1.8331431158907572,holt_winters,AYACUCHO
2022-05-23,5.291023244321427,1.9082424938480407,holt_winters,AYACUCHO
2022-05-30,5.291023244321427,5.629001883023467,holt_winters,AYACUCHO
2022-06-06,6.334897269604056,5.629001883023467,holt_winters,AYACUCHO
2022-06-13,4.175496101130516,5.629001883023467,holt_winters,AYACUCHO
2022-06-20,4.324620961885177,5.629001883023467,holt_winters,AYACUCHO
2022-06-27,4.0263712403758545,4.702422993835034,holt_winters,AYACUCHO
2022-07-04,6.185772408849395,4.564030762240687,holt_winters,AYACUCHO
2022-07-11,5.887522687340073,4.166962348448868,holt_winters,AYACUCHO
2022-07-18,5.589272965830751,4.0524504144865725,holt_winters,AYACUCHO
2022-07-25,3.1316220758478877,5.797516136264253,holt_winters,AYACUCHO
2022-08-01,2.982497215093226,5.989321991064147,holt_winters,AYACUCHO
2022-08-08,2.6842474935839036,5.703350272413727,holt_winters,AYACUCHO
2022-08-15,3.1316220758478877,5.279108155076157,holt_winters,AYACUCHO
2022-08-22,2.385997772074581,2.8772841083342975,holt_winters,AYACUCHO
2022-08-29,2.6842474935839036,3.054168397125043,holt_winters,AYACUCHO
2022-09-05,2.3859977720745804,2.7161744214379753,holt_winters,AYACUCHO
2022-09-12,2.0877480505652586,2.8492587943018037,holt_winters,AYACUCHO
2022-09-19,0.8947491645279682,1.837934219208004,holt_winters,AYACUCHO
2022-09-26,1.6403734683012745,1.670041358278954,holt_winters,AYACUCHO
2022-10-03,2.535122632829242,1.5898167962443592,holt_winters,AYACUCHO
2022-10-10,2.8333723543385645,1.6762673323987611,holt_winters,AYACUCHO
2022-10-17,2.2368729113199195,3.445211494921212,holt_winters,AYACUCHO
2022-10-24,1.342123746791952,3.288191337374296,holt_winters,AYACUCHO
2022-10-31,2.087748050565258,3.0679642233588664,holt_winters,AYACUCHO
2022-11-07,2.2368729113199195,2.3276295225027486,holt_winters,AYACUCHO
2022-11-14,2.8333723543385645,2.4261318862889563,holt_winters,AYACUCHO
2022-11-21,2.087748050565258,2.4672717816478618,holt_winters,AYACUCHO
2022-11-28,3.2807469366025486,2.733005251427339,holt_winters,AYACUCHO
2022-12-05,3.5789966581118713,2.8304311561649595,holt_winters,AYACUCHO
2010-12-27,2.2435034549953214,2.048248728931812,arima,AYACUCHO
2011-01-03,2.239578036165025,1.9953098876226445,arima,AYACUCHO
2011-01-10,1.9171148331791172,2.043005463098508,arima,AYACUCHO
2011-01-17,0.9556133524668368,2.0346997344971953,arima,AYACUCHO
2011-01-24,0.9556133524668368,0.6883094933222245,arima,AYACUCHO
2011-01-31,1.274151136622449,0.6262627519909647,arima,AYACUCHO
2011-02-07,1.5926889207780608,0.7668149960131965,arima,AYACUCHO
2011-02-14,1.9112267049336733,0.7041596354631257,arima,AYACUCHO
2011-02-21,1.592688920778061,1.9418833206929857,arima,AYACUCHO
2011-02-28,1.592688920778061,2.2550377838502675,arima,AYACUCHO
2011-03-07,1.4334200287002548,2.0505246642482753,arima,AYACUCHO
2011-03-14,1.1148822445446427,2.0495920192669828,arima,AYACUCHO
2011-03-21,0.9556133524668367,1.0726229587148022,arima,AYACUCHO
2011-03-28,0.6370755683112248,0.8947190541863936,arima,AYACUCHO
2011-04-04,0.955613352466837,1.0134595248541256,arima,AYACUCHO
2011-04-11,1.7519578128558673,1.009616638079057,arima,AYACUCHO
2011-04-18,1.7519578128558673,2.1535044760394872,arima,AYACUCHO
2011-04-25,2.3890333811670916,2.266730407616722,arima,AYACUCHO
2011-05-02,2.5483022732448974,2.0340390443131,arima,AYACUCHO
2011-05-09,3.5039156257117337,2.125751472788198,arima,AYACUCHO
2011-05-16,3.0261089494783153,3.4375313888519026,arima,AYACUCHO
2011-05-23,3.3446467336339274,3.374383078946626,arima,AYACUCHO
2011-05-30,2.7075711653227033,3.435212001731526,arima,AYACUCHO
2011-06-06,3.981722301945151,3.4234300003932985,arima,AYACUCHO
2011-06-13,4.300260086100764,3.996345705788835,arima,AYACUCHO
2011-06-20,4.300260086100764,4.780049525003088,arima,AYACUCHO
2011-06-27,3.66318451778954,4.296219891944886,arima,AYACUCHO
2011-07-04,2.7075711653227033,4.277615790636702,arima,AYACUCHO
2011-07-11,2.389033381167091,2.829779445791183,arima,AYACUCHO
2011-07-18,1.911226704933673,2.570071865823663,arima,AYACUCHO
2011-07-25,1.751957812855867,2.6655155797975456,arima,AYACUCHO
2011-08-01,1.274151136622449,2.709127255111253,arima,AYACUCHO
2011-08-08,1.114882244544643,1.054151486383247,arima,AYACUCHO
2011-08-15,0.955613352466837,0.9387529594647808,arima,AYACUCHO
2011-08-22,1.9112267049336733,1.0752008606582875,arima,AYACUCHO
2011-08-29,2.2297644890892854,1.0473982648944937,arima,AYACUCHO
2011-09-05,2.070495597011479,2.5262058123141,arima,AYACUCHO
2011-09-12,1.4334200287002548,2.2524037748036956,arima,AYACUCHO
2011-09-19,1.114882244544643,2.282222739331719,arima,AYACUCHO
2011-09-26,1.5926889207780608,2.3679407643643207,arima,AYACUCHO
2011-10-03,1.274151136622449,1.7630269511791368,arima,AYACUCHO
2011-10-10,0.9556133524668367,1.9256122867518966,arima,AYACUCHO
2011-10-17,0.6370755683112248,1.7717912943968486,arima,AYACUCHO
2011-10-24,0.7963444603890308,1.787347048172152,arima,AYACUCHO
2011-10-31,0.6370755683112248,0.9296158887211519,arima,AYACUCHO
2011-11-07,0.15926889207780662,0.9136777712342434,arima,AYACUCHO
2011-11-14,0.0,0.8700917555956968,arima,AYACUCHO
2011-11-21,0.3185377841556127,0.8983146140185427,arima,AYACUCHO
2011-11-28,0.6370755683112247,0.5935358201351457,arima,AYACUCHO
2011-12-05,0.6370755683112247,0.6417291868154344,arima,AYACUCHO
2011-12-12,0.6370755683112247,0.49885585604089117,arima,AYACUCHO
2011-12-19,0.3185377841556127,0.5511886200507718,arima,AYACUCHO
2011-12-26,0.4778066762334187,0.25482692287706893,arima,AYACUCHO
2012-01-02,0.15926889207780662,0.10940149049899237,arima,AYACUCHO
2012-01-09,0.31756837570489105,0.20533427930362258,arima,AYACUCHO
2012-01-16,0.3165989672541694,0.21599520491069216,arima,AYACUCHO
2012-01-23,0.3165989672541694,0.4013886926762181,arima,AYACUCHO
2012-01-30,0.3165989672541694,0.42646202562565066,arima,AYACUCHO
2012-02-06,0.47489845088125376,0.37652961452507555,arima,AYACUCHO
2012-02-13,0.4748984508812539,0.39142003772794104,arima,AYACUCHO
2012-02-20,0.47489845088125376,0.4921000537806118,arima,AYACUCHO
2012-02-27,0.3165989672541694,0.36632237838274484,arima,AYACUCHO
2012-03-05,0.4748984508812532,0.4217084280028362,arima,AYACUCHO
2012-03-12,0.3165989672541694,0.44787807904490745,arima,AYACUCHO
2012-03-19,0.3165989672541694,0.23426661783620428,arima,AYACUCHO
2012-03-26,0.15829948362708504,0.15678149491601762,arima,AYACUCHO
2012-04-02,0.4748984508812539,0.2282608778200615,arima,AYACUCHO
2012-04-09,0.3165989672541694,0.225048494574617,arima,AYACUCHO
2012-04-16,0.4748984508812539,0.3148880299308521,arima,AYACUCHO
2012-04-23,0.9497969017625071,0.20475522560891773,arima,AYACUCHO
2012-04-30,1.266395869016676,0.2571087874439685,arima,AYACUCHO
2012-05-07,1.5829948362708446,0.27610140074736045,arima,AYACUCHO
2012-05-14,1.8995938035250137,1.3473654298871294,arima,AYACUCHO
2012-05-21,2.532791738033351,1.5160647955753142,arima,AYACUCHO
2012-05-28,2.6910912216604355,1.5318837689500029,arima,AYACUCHO
2012-06-04,3.0076901889146046,1.4506267683870404,arima,AYACUCHO
2012-06-11,3.9574870906771107,3.3080515056413624,arima,AYACUCHO
2012-06-18,4.274086057931279,3.713101131755403,arima,AYACUCHO
2012-06-25,5.605291316779706,3.3745567782603763,arima,AYACUCHO
2012-07-02,4.497194931390115,3.3679292971137347,arima,AYACUCHO
2012-07-09,3.7056975132546923,4.7667806148786545,arima,AYACUCHO
2012-07-16,1.4246953526437602,3.9573364783035014,arima,AYACUCHO
2012-07-23,1.1080963853895913,4.243308262084183,arima,AYACUCHO
2012-07-30,1.4246953526437596,4.435221766269684,arima,AYACUCHO
2012-08-06,1.4246953526437596,1.795586693010505,arima,AYACUCHO
2012-08-13,1.4246953526437596,1.7897069953699782,arima,AYACUCHO
2012-08-20,1.4246953526437596,1.6297869081566385,arima,AYACUCHO
2012-08-27,1.4246953526437596,1.7112280828225823,arima,AYACUCHO
2012-09-03,1.8995938035250133,1.3315304859276673,arima,AYACUCHO
2012-09-10,2.0578932871520976,1.1429907527786773,arima,AYACUCHO
2012-09-17,1.5829948362708446,1.2742740495041573,arima,AYACUCHO
2012-09-24,0.949796901762507,1.2863200130460841,arima,AYACUCHO
2012-10-01,0.47489845088125376,0.6736306401737822,arima,AYACUCHO
2012-10-08,1.1080963853895913,0.8530070731737931,arima,AYACUCHO
2012-10-15,1.8995938035250137,0.8821927047564191,arima,AYACUCHO
2012-10-22,2.5327917380333513,0.781858915541962,arima,AYACUCHO
2012-10-29,2.057893287152098,2.5205202124509074,arima,AYACUCHO
2012-11-05,0.9497969017625071,2.3919243322001402,arima,AYACUCHO
2012-11-12,0.9497969017625071,2.461424636632654,arima,AYACUCHO
2012-11-19,0.7914974181354227,2.4803880073903932,arima,AYACUCHO
2012-11-26,1.4246953526437602,0.9623688397911847,arima,AYACUCHO
2012-12-03,1.4246953526437605,0.7859471644206193,arima,AYACUCHO
2012-12-10,1.8995938035250137,0.8083227701742344,arima,AYACUCHO
2012-12-17,1.4246953526437602,0.8662565112886078,arima,AYACUCHO
2012-12-24,0.7914974181354227,1.2347248711943903,arima,AYACUCHO
2012-12-31,0.6331979345083384,1.1093299394628358,arima,AYACUCHO
2013-01-07,1.2616074739617231,1.2543868766542046,arima,AYACUCHO
2013-01-14,2.3620424272633898,1.24048330196361,arima,AYACUCHO
2013-01-21,2.8321524830896903,2.7379555111422755,arima,AYACUCHO
2013-01-28,2.6748106784735968,2.5526680489386457,arima,AYACUCHO
2013-02-04,1.8881016553931274,2.4706967726004923,arima,AYACUCHO
2013-02-11,1.101392632312658,2.5927267980489486,arima,AYACUCHO
2013-02-18,0.47202541384828245,0.7645722999119577,arima,AYACUCHO
2013-02-25,0.0,0.7628803380716478,arima,AYACUCHO
2013-03-04,0.15734180461609476,0.9065974049690841,arima,AYACUCHO
2013-03-11,0.9440508276965641,0.8393901606493088,arima,AYACUCHO
2013-03-18,0.9440508276965641,1.7780220724237803,arima,AYACUCHO
2013-03-25,0.7867090230804702,1.8739309430447784,arima,AYACUCHO
2013-04-01,0.0,1.4158024182299074,arima,AYACUCHO
2013-04-08,0.15734180461609476,1.569083832826867,arima,AYACUCHO
2013-04-15,0.31468360923218863,0.14721189254985417,arima,AYACUCHO
2013-04-22,0.7867090230804702,0.18739613889305937,arima,AYACUCHO
2013-04-29,1.7307598507770334,0.17329987674208205,arima,AYACUCHO
2013-05-06,2.360127069241409,0.16131162715876962,arima,AYACUCHO
2013-05-13,2.6748106784735968,2.562871513432099,arima,AYACUCHO
2013-05-20,2.045443460009221,2.3651596512133306,arima,AYACUCHO
2013-05-27,1.5734180461609395,2.3638736085141043,arima,AYACUCHO
2013-06-03,1.4160762415448456,2.4528361269422265,arima,AYACUCHO
2013-06-10,1.8881016553931271,1.4427822574243994,arima,AYACUCHO
2013-06-17,2.360127069241409,1.5232793161220934,arima,AYACUCHO
2013-06-24,2.2027852646253145,1.4742254166584918,arima,AYACUCHO
2013-07-01,1.7307598507770334,1.4598502197049301,arima,AYACUCHO
2013-07-08,1.7307598507770334,1.5927315646980702,arima,AYACUCHO
2013-07-15,1.8881016553931271,1.686045869190023,arima,AYACUCHO
2013-07-22,1.5734180461609395,1.7094362254055704,arima,AYACUCHO
2013-07-29,1.8881016553931271,1.6549725039145593,arima,AYACUCHO
2013-08-05,2.202785264625315,2.1031630632273703,arima,AYACUCHO
2013-08-12,2.9894942877057837,2.4743273286484264,arima,AYACUCHO
2013-08-19,2.202785264625315,2.192313140047148,arima,AYACUCHO
2013-08-26,1.2587344369287516,2.138893506169373,arima,AYACUCHO
2013-09-02,0.6293672184643764,0.9461813352758481,arima,AYACUCHO
2013-09-09,0.6293672184643764,0.9271804040070857,arima,AYACUCHO
2013-09-16,1.2587344369287519,1.0787486594503592,arima,AYACUCHO
2013-09-23,1.4160762415448458,1.0208384753258488,arima,AYACUCHO
2013-09-30,1.8881016553931271,1.3141327745504188,arima,AYACUCHO
2013-10-07,1.2587344369287516,1.0712912928723046,arima,AYACUCHO
2013-10-14,1.4160762415448456,1.2190361190850756,arima,AYACUCHO
2013-10-21,1.4160762415448458,1.26873197421186,arima,AYACUCHO
2013-10-28,1.7307598507770336,1.663145594191373,arima,AYACUCHO
2013-11-04,1.1013926323126582,1.773623244477347,arima,AYACUCHO
2013-11-11,0.7867090230804702,1.6067047172300049,arima,AYACUCHO
2013-11-18,1.4160762415448456,1.6288490129752784,arima,AYACUCHO
2013-11-25,1.4160762415448456,2.2648653041827362,arima,AYACUCHO
2013-12-02,0.944050827696564,2.469486928220661,arima,AYACUCHO
2013-12-09,0.15734180461609476,1.949814763223742,arima,AYACUCHO
2013-12-16,0.4720254138482825,2.0797075436182597,arima,AYACUCHO
2013-12-23,0.4720254138482825,0.703544611379169,arima,AYACUCHO
2013-12-30,0.4720254138482825,0.7528380494821241,arima,AYACUCHO
2014-01-06,0.6265287349449635,0.6151362554025406,arima,AYACUCHO
2014-01-13,1.0957156652738325,0.6519813496617621,arima,AYACUCHO
2014-01-20,1.251165147543651,1.3118033656190464,arima,AYACUCHO
2014-01-27,1.251165147543651,1.119935128208398,arima,AYACUCHO
2014-02-03,1.0947695041006946,1.1030377226933656,arima,AYACUCHO
2014-02-10,1.4075607909866072,1.2006119437257894,arima,AYACUCHO
2014-02-17,1.876747721315476,1.3449817705816556,arima,AYACUCHO
2014-02-24,2.0331433647584323,1.4524575357920746,arima,AYACUCHO
2014-03-03,1.5639564344295636,1.4334137650110361,arima,AYACUCHO
2014-03-10,0.7819782172147822,1.3893572953075202,arima,AYACUCHO
2014-03-17,0.7819782172147821,0.6381324043374421,arima,AYACUCHO
2014-03-24,1.251165147543651,0.7001809623541697,arima,AYACUCHO
2014-03-31,1.7203520778725199,0.7367445958318464,arima,AYACUCHO
2014-04-07,2.8151215819732136,0.6906426311027571,arima,AYACUCHO
2014-04-14,2.815121581973214,3.2820045484807467,arima,AYACUCHO
2014-04-21,3.9098910860739076,3.6476865407306,arima,AYACUCHO
2014-04-28,3.127912868859126,3.2388979776869835,arima,AYACUCHO
2014-05-05,2.9715172254161697,3.2650455617838805,arima,AYACUCHO
2014-05-12,2.345934651644345,2.577166264779131,arima,AYACUCHO
2014-05-19,3.2843085123020828,2.589559124823031,arima,AYACUCHO
2014-05-26,5.317451877060514,2.757155936736202,arima,AYACUCHO
2014-06-02,5.47384752050347,2.6686477495194674,arima,AYACUCHO
2014-06-09,5.161056233617558,4.813072292311918,arima,AYACUCHO
2014-06-16,3.440704155745039,4.296673072399772,arima,AYACUCHO
2014-06-23,2.815121581973214,4.825570527229461,arima,AYACUCHO
2014-06-30,2.658725938530257,4.807832677119273,arima,AYACUCHO
2014-07-07,3.2843085123020828,2.852375558710267,arima,AYACUCHO
2014-07-14,3.4407041557450384,3.2340299750032653,arima,AYACUCHO
2014-07-21,4.22268237295982,2.945895455148524,arima,AYACUCHO
2014-07-28,3.753495442630951,2.90699035878962,arima,AYACUCHO
2014-08-04,3.127912868859126,4.1345302422864325,arima,AYACUCHO
2014-08-11,1.094769504100695,3.5237823453041646,arima,AYACUCHO
2014-08-18,0.6255825737718262,3.6643126346156647,arima,AYACUCHO
2014-08-25,1.094769504100695,3.8492463380975455,arima,AYACUCHO
2014-09-01,1.5639564344295638,2.0731686248134804,arima,AYACUCHO
2014-09-08,1.72035207787252,2.6171926608401104,arima,AYACUCHO
2014-09-15,1.094769504100695,2.278794889645231,arima,AYACUCHO
2014-09-22,1.5639564344295638,1.7134685517616544,arima,AYACUCHO
2014-09-29,1.094769504100695,1.7676245868821825,arima,AYACUCHO
2014-10-06,1.7203520778725199,2.0057542392279637,arima,AYACUCHO
2014-10-13,2.345934651644345,1.7913339210075456,arima,AYACUCHO
2014-10-20,3.1279128688591267,1.7975463524808846,arima,AYACUCHO
2014-10-27,2.815121581973214,2.8053270631953082,arima,AYACUCHO
2014-11-03,1.2511651475436512,2.442211810391886,arima,AYACUCHO
2014-11-10,0.9383738606577388,2.0965735179805987,arima,AYACUCHO
2014-11-17,0.7819782172147826,2.1689729897304133,arima,AYACUCHO
2014-11-24,1.2511651475436514,1.19891611554859,arima,AYACUCHO
2014-12-01,1.4075607909866072,1.422172726344455,arima,AYACUCHO
2014-12-08,1.4075607909866077,1.5470465194559537,arima,AYACUCHO
2014-12-15,1.72035207787252,1.3353779725104924,arima,AYACUCHO
2014-12-22,1.876747721315476,1.7521794824489807,arima,AYACUCHO
2014-12-29,2.189539008201389,1.7532417100697804,arima,AYACUCHO
2015-01-05,1.873943171682108,1.6085740940726496,arima,AYACUCHO
2015-01-12,0.9355693110243704,1.5734777764399457,arima,AYACUCHO
2015-01-19,0.9327647613910021,0.67939243913319,arima,AYACUCHO
2015-01-26,0.7773039678258353,0.7287248383025935,arima,AYACUCHO
2015-02-02,0.7773039678258353,1.0759441843783195,arima,AYACUCHO
2015-02-09,0.4663823806955016,1.2787775442776765,arima,AYACUCHO
2015-02-16,0.6218431742606684,0.2881259719659779,arima,AYACUCHO
2015-02-23,1.0882255549561688,0.44933760668127215,arima,AYACUCHO
2015-03-02,2.3319119034775038,0.4592993187312731,arima,AYACUCHO
2015-03-09,2.4873726970426704,0.3780289142959846,arima,AYACUCHO
2015-03-16,3.8865198391291718,2.983809114058125,arima,AYACUCHO
2015-03-23,3.5755982519988385,2.6786464494061075,arima,AYACUCHO
2015-03-30,4.1974414262595054,2.58171518097746,arima,AYACUCHO
2015-04-06,3.7310590455640047,2.765424151828016,arima,AYACUCHO
2015-04-13,4.3529022198246725,3.800692651230448,arima,AYACUCHO
2015-04-20,4.50836301338984,3.4863229217838603,arima,AYACUCHO
2015-04-27,4.97474539408534,3.595978695528843,arima,AYACUCHO
2015-05-04,4.508363013389839,3.691672364760418,arima,AYACUCHO
2015-05-11,4.663823806955006,4.121642707764256,arima,AYACUCHO
2015-05-18,4.041980632694338,4.0904826714637705,arima,AYACUCHO
2015-05-25,5.554194895665188,4.279493145699626,arima,AYACUCHO
2015-06-01,6.176038069925856,4.206401745513734,arima,AYACUCHO
2015-06-08,7.575185212012358,5.575144428322141,arima,AYACUCHO
2015-06-15,7.306657297562842,5.575144428322141,arima,AYACUCHO
2015-06-22,6.684814123302175,5.575144428322141,arima,AYACUCHO
2015-06-29,5.752049361911173,5.575144428322141,arima,AYACUCHO
2015-07-06,4.819284600520173,4.841512198946404,arima,AYACUCHO
2015-07-13,3.8865198391291718,4.575271446768039,arima,AYACUCHO
2015-07-20,2.331911903477503,5.0944948276371305,arima,AYACUCHO
2015-07-27,0.7773039678258348,4.937201987798589,arima,AYACUCHO
2015-08-03,0.6218431742606679,0.3390409519008154,arima,AYACUCHO
2015-08-10,1.0882255549561686,0.4031047719304163,arima,AYACUCHO
2015-08-17,1.710068729216836,0.551093177886568,arima,AYACUCHO
2015-08-24,1.710068729216836,0.44409213857853475,arima,AYACUCHO
2015-08-31,1.8655295227820023,1.6984014573993806,arima,AYACUCHO
2015-09-07,1.7100687292168357,1.9347041580328153,arima,AYACUCHO
2015-09-14,2.1764511099123367,1.8204840749173363,arima,AYACUCHO
2015-09-21,1.3991471420865025,1.7722632078856035,arima,AYACUCHO
2015-09-28,1.5546079356516689,1.493454730408469,arima,AYACUCHO
2015-10-05,0.777303967825835,1.1010439952777995,arima,AYACUCHO
2015-10-12,0.777303967825835,1.252126243933771,arima,AYACUCHO
2015-10-19,0.46638238069550125,1.3424366576692264,arima,AYACUCHO
2015-10-26,0.6218431742606682,0.3958297796057984,arima,AYACUCHO
2015-11-02,0.777303967825835,0.3295519849120485,arima,AYACUCHO
2015-11-09,0.6218431742606682,0.39159474125902566,arima,AYACUCHO
2015-11-16,1.0882255549561686,0.3882192312967424,arima,AYACUCHO
2015-11-23,0.9327647613910018,1.1604629611890482,arima,AYACUCHO
2015-11-30,1.0882255549561686,1.6512222070524962,arima,AYACUCHO
2015-12-07,0.46638238069550125,1.3523983650725344,arima,AYACUCHO
2015-12-14,0.6218431742606682,1.3024269148022363,arima,AYACUCHO
2015-12-21,0.3109215871303344,0.8095191552919427,arima,AYACUCHO
2015-12-28,0.1554607935651676,0.9353938782305093,arima,AYACUCHO
2016-01-04,0.3090741066985639,0.7861599917451045,arima,AYACUCHO
2016-01-11,0.4636111600478454,0.8111227881371581,arima,AYACUCHO
2016-01-18,0.7726852667464086,0.6045394140218712,arima,AYACUCHO
2016-01-25,0.9272223200956901,0.323773263879905,arima,AYACUCHO
2016-02-01,0.9272223200956901,0.41446477341618276,arima,AYACUCHO
2016-02-08,0.618148213397127,0.4778461398099523,arima,AYACUCHO
2016-02-15,0.1545370533492823,0.26841749733039166,arima,AYACUCHO
2016-02-22,0.3090741066985639,0.31903988631503,arima,AYACUCHO
2016-02-29,0.4636111600478454,0.428642826123946,arima,AYACUCHO
2016-03-07,0.618148213397127,0.3452814381294996,arima,AYACUCHO
2016-03-14,0.9272223200956901,0.6130160317341287,arima,AYACUCHO
2016-03-21,0.7726852667464087,0.6919873388503943,arima,AYACUCHO
2016-03-28,0.9272223200956901,0.6512624887332439,arima,AYACUCHO
2016-04-04,0.46361116004784547,0.6405442381415676,arima,AYACUCHO
2016-04-11,0.6181482133971271,0.5400582713662283,arima,AYACUCHO
2016-04-18,0.6181482133971271,0.39690586605994504,arima,AYACUCHO
2016-04-25,1.3908334801435347,0.44397209811709903,arima,AYACUCHO
2016-05-02,1.3908334801435347,0.47359309948337946,arima,AYACUCHO
2016-05-09,1.5453705334928163,1.3602742569733421,arima,AYACUCHO
2016-05-16,1.0817593734449718,1.065222453835346,arima,AYACUCHO
2016-05-23,1.0817593734449718,1.2346249524649262,arima,AYACUCHO
2016-05-30,0.9272223200956901,1.2579022791944268,arima,AYACUCHO
2016-06-06,1.2362964267942531,0.883810717412215,arima,AYACUCHO
2016-06-13,1.5453705334928163,0.9328338566571515,arima,AYACUCHO
2016-06-20,2.472592853588506,0.9225836147385191,arima,AYACUCHO
2016-06-27,2.0089816935406613,0.9095226986954965,arima,AYACUCHO
2016-07-04,2.318055800239224,2.027736795595896,arima,AYACUCHO
2016-07-11,1.3908334801435347,1.6703644322877707,arima,AYACUCHO
2016-07-18,1.8544446401913792,1.8524819979119322,arima,AYACUCHO
2016-07-25,1.2362964267942531,1.8826003120882397,arima,AYACUCHO
2016-08-01,1.2362964267942531,1.3020814490022814,arima,AYACUCHO
2016-08-08,1.0817593734449718,1.0392591552249364,arima,AYACUCHO
2016-08-15,1.5453705334928163,1.1613425329544063,arima,AYACUCHO
2016-08-22,1.8544446401913788,1.1828857430074642,arima,AYACUCHO
2016-08-29,1.8544446401913788,1.868092810273506,arima,AYACUCHO
2016-09-05,1.699907586842098,1.8097824638728985,arima,AYACUCHO
2016-09-12,1.0817593734449715,1.8375257499173627,arima,AYACUCHO
2016-09-19,0.9272223200956901,1.8427167375899636,arima,AYACUCHO
2016-09-26,0.7726852667464086,0.8044417034336226,arima,AYACUCHO
2016-10-03,1.2362964267942533,0.9820862414808342,arima,AYACUCHO
2016-10-10,0.9272223200956901,0.9252625779029646,arima,AYACUCHO
2016-10-17,1.0817593734449718,0.8911766757109956,arima,AYACUCHO
2016-10-24,1.0817593734449718,0.982338448698854,arima,AYACUCHO
2016-10-31,1.0817593734449718,1.1867102229634865,arima,AYACUCHO
2016-11-07,0.7726852667464086,1.102013954794553,arima,AYACUCHO
2016-11-14,0.618148213397127,1.0802208217317713,arima,AYACUCHO
2016-11-21,0.9272223200956901,0.6714971070083213,arima,AYACUCHO
2016-11-28,0.7726852667464086,0.7084744639533338,arima,AYACUCHO
2016-12-05,0.618148213397127,0.6684743280475689,arima,AYACUCHO
2016-12-12,0.4636111600478454,0.679014852494388,arima,AYACUCHO
2016-12-19,0.9272223200956901,0.5442220287517245,arima,AYACUCHO
2016-12-26,1.0817593734449718,0.5702152353891703,arima,AYACUCHO
2017-01-02,2.001677186124539,0.5279167183519435,arima,AYACUCHO
2017-01-09,1.8453140059212265,0.5435216320585203,arima,AYACUCHO
2017-01-16,1.9971118689894622,2.145561993203471,arima,AYACUCHO
2017-01-23,0.9217439395335983,1.7383874471489444,arima,AYACUCHO
2017-01-30,0.7681199496113321,1.8708381362776048,arima,AYACUCHO
2017-02-06,0.7681199496113321,1.9214566479139559,arima,AYACUCHO
2017-02-13,0.9217439395335983,0.93968245496525,arima,AYACUCHO
2017-02-20,0.9217439395335983,0.9573103883451821,arima,AYACUCHO
2017-02-27,0.46087196976679956,0.890985901350146,arima,AYACUCHO
2017-03-06,0.15362398992226703,0.9226065876610907,arima,AYACUCHO
2017-03-13,0.3072479798445333,0.0,arima,AYACUCHO
2017-03-20,1.0753679294558645,0.003866406051482787,arima,AYACUCHO
2017-03-27,1.3826159093003971,0.04248555914149564,arima,AYACUCHO
2017-04-03,1.228991919378131,0.017511030540383606,arima,AYACUCHO
2017-04-10,1.0753679294558647,0.9298228025522881,arima,AYACUCHO
2017-04-17,1.5362398992226634,1.0902184046685885,arima,AYACUCHO
2017-04-24,1.6898638891449298,1.0827990066312725,arima,AYACUCHO
2017-05-01,2.304359848833995,1.0405210058175483,arima,AYACUCHO
2017-05-08,2.304359848833995,2.5759704125021288,arima,AYACUCHO
2017-05-15,2.765231818600794,2.9052900911643387,arima,AYACUCHO
2017-05-22,1.8434878790671956,2.6360906222108214,arima,AYACUCHO
2017-05-29,2.1507358589117285,2.690188389643557,arima,AYACUCHO
2017-06-05,2.1507358589117285,2.028333528829789,arima,AYACUCHO
2017-06-12,2.3043598488339945,2.326497270607247,arima,AYACUCHO
2017-06-19,2.150735858911728,2.195994098926807,arima,AYACUCHO
2017-06-26,1.997111868989462,2.1742750131286206,arima,AYACUCHO
2017-07-03,1.997111868989462,2.128474366260855,arima,AYACUCHO
2017-07-10,1.5362398992226634,2.0744600271025457,arima,AYACUCHO
2017-07-17,1.3826159093003962,2.0678402017862436,arima,AYACUCHO
2017-07-24,1.6898638891449294,2.0860902729814987,arima,AYACUCHO
2017-07-31,1.997111868989462,1.9379496968089285,arima,AYACUCHO
2017-08-07,1.8434878790671956,2.0627544986823816,arima,AYACUCHO
2017-08-14,1.228991919378131,1.9255929498163114,arima,AYACUCHO
2017-08-21,1.68986388914493,1.9781312629345953,arima,AYACUCHO
2017-08-28,1.68986388914493,1.943557791100778,arima,AYACUCHO
2017-09-04,1.8434878790671965,2.4009653539667966,arima,AYACUCHO
2017-09-11,0.7681199496113322,2.051130455909372,arima,AYACUCHO
2017-09-18,0.9217439395335983,2.1405630234529127,arima,AYACUCHO
2017-09-25,1.228991919378131,0.8693320394698663,arima,AYACUCHO
2017-10-02,1.3826159093003973,1.1720745697028696,arima,AYACUCHO
2017-10-09,1.075367929455865,1.0013690234083001,arima,AYACUCHO
2017-10-16,1.075367929455865,1.0240360017606855,arima,AYACUCHO
2017-10-23,1.6898638891449298,1.3163592480897757,arima,AYACUCHO
2017-10-30,2.150735858911729,1.4209691567144236,arima,AYACUCHO
2017-11-06,1.9971118689894622,1.2883855542520766,arima,AYACUCHO
2017-11-13,1.075367929455865,1.3406689778765504,arima,AYACUCHO
2017-11-20,0.6144959596890659,0.7600241194666708,arima,AYACUCHO
2017-11-27,0.4608719697667997,0.5978623215648498,arima,AYACUCHO
2017-12-04,0.7681199496113322,0.7683813614877419,arima,AYACUCHO
2017-12-11,0.9217439395335977,0.7076357556925066,arima,AYACUCHO
2017-12-18,1.3826159093003971,0.9710118029461154,arima,AYACUCHO
2017-12-25,1.6898638891449298,0.9544835108601146,arima,AYACUCHO
2018-01-01,1.8407241969374288,0.951236714750106,arima,AYACUCHO
2018-01-08,1.5307125349631294,0.9574896433615143,arima,AYACUCHO
2018-01-15,1.0689193378197415,1.433959331767956,arima,AYACUCHO
2018-01-22,0.763513812728387,1.428881051611774,arima,AYACUCHO
2018-01-29,0.4581082876370316,1.4564317110356244,arima,AYACUCHO
2018-02-05,0.6108110501827099,1.4408860904825578,arima,AYACUCHO
2018-02-12,0.763513812728387,0.6518369670371509,arima,AYACUCHO
2018-02-19,0.9162165752740632,0.7738703184319178,arima,AYACUCHO
2018-02-26,1.0689193378197415,0.6858676647813768,arima,AYACUCHO
2018-03-05,1.0689193378197415,0.7085561125323976,arima,AYACUCHO
2018-03-12,1.2216221003654189,1.1728042229409237,arima,AYACUCHO
2018-03-19,0.9162165752740642,1.0541419732995743,arima,AYACUCHO
2018-03-26,1.0689193378197415,1.1045488155387284,arima,AYACUCHO
2018-04-02,0.9162165752740643,1.1005888296156656,arima,AYACUCHO
2018-04-09,1.0689193378197415,0.9930025948791747,arima,AYACUCHO
2018-04-16,0.763513812728387,0.8756394630680764,arima,AYACUCHO
2018-04-23,0.9162165752740643,0.9309388789875863,arima,AYACUCHO
2018-04-30,0.9162165752740643,0.9230135733905747,arima,AYACUCHO
2018-05-07,1.374324862911096,1.0788587673628514,arima,AYACUCHO
2018-05-14,1.6797303880024501,1.0187553908320237,arima,AYACUCHO
2018-05-21,1.527027625456773,1.0175273166176493,arima,AYACUCHO
2018-05-28,2.5959469632765138,1.0327621094006045,arima,AYACUCHO
2018-06-04,2.901352488367868,2.88494835095783,arima,AYACUCHO
2018-06-11,3.817569063641931,3.8153302254386894,arima,AYACUCHO
2018-06-18,4.733785638915994,3.0913899346345097,arima,AYACUCHO
2018-06-25,6.42076691258844,3.322774656012916,arima,AYACUCHO
2018-07-02,6.878875200225472,6.529026268981079,arima,AYACUCHO
2018-07-09,6.115361387497085,6.529026268981079,arima,AYACUCHO
2018-07-16,5.039191164007349,6.529026268981079,arima,AYACUCHO
2018-07-23,4.886488401461672,6.529026268981079,arima,AYACUCHO
2018-07-30,5.03919116400735,4.301004619021418,arima,AYACUCHO
2018-08-06,3.9702718261876093,4.619729144983427,arima,AYACUCHO
2018-08-13,3.8175690636419315,4.5532648520584065,arima,AYACUCHO
2018-08-20,3.5121635385505763,4.514291463669925,arima,AYACUCHO
2018-08-27,3.6648663010962537,4.297697618600376,arima,AYACUCHO
2018-09-03,3.512163538550577,4.144829630300231,arima,AYACUCHO
2018-09-10,2.137838675639482,4.030134635218509,arima,AYACUCHO
2018-09-17,1.8324331505481275,4.146875915519202,arima,AYACUCHO
2018-09-24,1.3743248629110958,1.4579570523906025,arima,AYACUCHO
2018-10-01,1.3743248629110958,1.6029419994920073,arima,AYACUCHO
2018-10-08,1.3743248629110958,1.6193510289053674,arima,AYACUCHO
2018-10-15,1.2216221003654184,1.5635609541202635,arima,AYACUCHO
2018-10-22,1.8324331505481275,1.2568043481141045,arima,AYACUCHO
2018-10-29,1.9851359130938047,1.1865266999115955,arima,AYACUCHO
2018-11-05,1.8324331505481275,1.2209494953852849,arima,AYACUCHO
2018-11-12,1.527027625456773,1.2197668974751643,arima,AYACUCHO
2018-11-19,1.527027625456773,1.4302088577237368,arima,AYACUCHO
2018-11-26,1.9851359130938044,1.5745431539891896,arima,AYACUCHO
2018-12-03,2.137838675639482,1.5022024962172207,arima,AYACUCHO
2018-12-10,2.1378386756394816,1.51265047036338,arima,AYACUCHO
2018-12-17,1.6797303880024501,2.0773634375393324,arima,AYACUCHO
2018-12-24,1.3743248629110958,2.026332220071036,arima,AYACUCHO
2018-12-31,0.9162165752740642,2.0726304503166535,arima,AYACUCHO
2019-01-07,0.7626033376165852,2.055547687245848,arima,AYACUCHO
2019-01-14,0.6080796248473045,0.632449743917153,arima,AYACUCHO
2019-01-21,0.7589614371693783,0.6787712900792207,arima,AYACUCHO
2019-01-28,0.9107537246032529,0.6801271050165003,arima,AYACUCHO
2019-02-04,0.6071691497355028,0.6680673032180344,arima,AYACUCHO
2019-02-11,0.7589614371693783,0.494562382250253,arima,AYACUCHO
2019-02-18,0.6071691497355028,0.3530687038198762,arima,AYACUCHO
2019-02-25,0.6071691497355028,0.46663178583682463,arima,AYACUCHO
2019-03-04,0.4553768623016274,0.42841355069432624,arima,AYACUCHO
2019-03-11,0.4553768623016274,0.45218820850807134,arima,AYACUCHO
2019-03-18,1.0625460120371293,0.5505657205748253,arima,AYACUCHO
2019-03-25,1.2143382994710048,0.4866840079830166,arima,AYACUCHO
2019-04-01,1.9732997366403822,0.5027791491852653,arima,AYACUCHO
2019-04-08,1.9732997366403824,1.8900226884976208,arima,AYACUCHO
2019-04-15,1.9732997366403824,2.1643661527870437,arima,AYACUCHO
2019-04-22,1.5179228743387558,2.0023715486158435,arima,AYACUCHO
2019-04-29,1.2143382994710048,2.035933385525354,arima,AYACUCHO
2019-05-06,1.3661305869048803,1.1876364173687004,arima,AYACUCHO
2019-05-13,1.5179228743387556,1.1610924746125106,arima,AYACUCHO
2019-05-20,1.5179228743387558,1.1849207066362948,arima,AYACUCHO
2019-05-27,0.9107537246032537,1.1756581775607056,arima,AYACUCHO
2019-06-03,1.2143382994710048,0.7098414898661942,arima,AYACUCHO
2019-06-10,1.3661305869048803,0.5999874845040316,arima,AYACUCHO
2019-06-17,1.9732997366403822,0.7201973608738557,arima,AYACUCHO
2019-06-24,1.3661305869048803,0.6651760889683773,arima,AYACUCHO
2019-07-01,1.9732997366403822,1.3545646551487134,arima,AYACUCHO
2019-07-08,2.4286765989420087,1.2282341177936198,arima,AYACUCHO
2019-07-15,2.276884311508133,1.3179438552697906,arima,AYACUCHO
2019-07-22,1.6697151617726311,1.2887353441352176,arima,AYACUCHO
2019-07-29,1.3661305869048803,1.3764983510221191,arima,AYACUCHO
2019-08-05,1.6697151617726316,1.5366760935030026,arima,AYACUCHO
2019-08-12,1.8215074492065069,1.509677692303744,arima,AYACUCHO
2019-08-19,1.0625460120371293,1.481630671003439,arima,AYACUCHO
2019-08-26,1.2143382994710048,0.8677512781765588,arima,AYACUCHO
2019-09-02,1.5179228743387558,0.6075598956589827,arima,AYACUCHO
2019-09-09,2.2768843115081334,0.8373001992073412,arima,AYACUCHO
2019-09-16,1.9732997366403824,0.7437991102601706,arima,AYACUCHO
2019-09-23,1.5179228743387558,1.7537244152729472,arima,AYACUCHO
2019-09-30,1.2143382994710048,1.8291531139891823,arima,AYACUCHO
2019-10-07,1.6697151617726316,1.8392637020217069,arima,AYACUCHO
2019-10-14,1.821507449206507,1.8096227055680743,arima,AYACUCHO
2019-10-21,1.821507449206507,2.2326667037815375,arima,AYACUCHO
2019-10-28,1.0625460120371293,1.8940093975753527,arima,AYACUCHO
2019-11-04,0.4553768623016274,2.003252790552931,arima,AYACUCHO
2019-11-11,0.15179228743387638,2.0238979632448832,arima,AYACUCHO
2019-11-18,0.15179228743387638,0.014367476309265761,arima,AYACUCHO
2019-11-25,0.4553768623016274,0.05011001927413272,arima,AYACUCHO
2019-12-02,0.6071691497355028,0.06390035674525754,arima,AYACUCHO
2019-12-09,0.9107537246032529,0.04379332269207302,arima,AYACUCHO
2019-12-16,0.7589614371693783,0.9688381988308152,arima,AYACUCHO
2019-12-23,0.4553768623016274,1.1571434474737168,arima,AYACUCHO
2019-12-30,0.15179228743387638,1.0086469651301537,arima,AYACUCHO
2020-01-06,0.6035704208243876,1.057240561842022,arima,AYACUCHO
2020-01-13,0.7544630260304842,0.8986379360752399,arima,AYACUCHO
2020-01-20,0.9053556312365809,1.0906363690428416,arima,AYACUCHO
2020-01-27,0.30178521041219425,0.8550723414872445,arima,AYACUCHO
2020-02-03,0.15089260520609757,0.9654891868477302,arima,AYACUCHO
2020-02-10,0.7544630260304842,0.0,arima,AYACUCHO
2020-02-17,0.7544630260304842,0.005163537291807925,arima,AYACUCHO
2020-02-24,0.7544630260304842,0.03240404255155513,arima,AYACUCHO
2020-03-02,0.0,0.006785986580435471,arima,AYACUCHO
2020-03-09,0.15089260520609757,0.049490985926788376,arima,AYACUCHO
2020-03-16,0.15089260520609757,0.0032605487697887356,arima,AYACUCHO
2020-03-23,0.30178521041219425,0.02153489574133211,arima,AYACUCHO
2020-03-30,0.4526778156182909,0.022386363934300685,arima,AYACUCHO
2020-04-06,0.6035704208243876,0.5371952387617749,arima,AYACUCHO
2020-04-13,0.6035704208243876,0.5732585292181969,arima,AYACUCHO
2020-04-20,0.30178521041219425,0.5191330566080863,arima,AYACUCHO
2020-04-27,0.15089260520609757,0.5477519055977378,arima,AYACUCHO
2020-05-04,0.0,0.07939796940771542,arima,AYACUCHO
2020-05-11,0.0,0.1139165002120684,arima,AYACUCHO
2020-05-18,0.30178521041219425,0.11029966761849173,arima,AYACUCHO
2020-05-25,0.30178521041219425,0.10218140374262075,arima,AYACUCHO
2020-06-01,0.30178521041219425,0.3902425779798135,arima,AYACUCHO
2020-06-08,0.0,0.20498765567605398,arima,AYACUCHO
2020-06-15,0.0,0.30852770232603677,arima,AYACUCHO
2020-06-22,0.0,0.29005411983584933,arima,AYACUCHO
2020-06-29,0.0,0.012683838687873449,arima,AYACUCHO
2020-07-06,0.0,0.03609403864492542,arima,AYACUCHO
2020-07-13,0.0,0.015394877808603318,arima,AYACUCHO
2020-07-20,0.0,0.023013747212684222,arima,AYACUCHO
2020-07-27,0.15089260520609757,0.011954557412597398,arima,AYACUCHO
2020-08-03,0.15089260520609757,0.0,arima,AYACUCHO
2020-08-10,0.15089260520609757,0.0024400158319082964,arima,AYACUCHO
2020-08-17,0.0,0.00017460760410854657,arima,AYACUCHO
2020-08-24,0.0,0.0,arima,AYACUCHO
2020-08-31,0.15089260520609757,0.0,arima,AYACUCHO
2020-09-07,0.15089260520609757,0.0,arima,AYACUCHO
2020-09-14,0.15089260520609757,0.0,arima,AYACUCHO
2020-09-21,0.0,0.06991942449210772,arima,AYACUCHO
2020-09-28,0.0,0.10896469528244386,arima,AYACUCHO
2020-10-05,0.0,0.10621051068933675,arima,AYACUCHO
2020-10-12,0.0,0.0950112578012003,arima,AYACUCHO
2020-10-19,0.0,0.008170107522707564,arima,AYACUCHO
2020-10-26,0.0,0.0,arima,AYACUCHO
2020-11-02,0.15089260520609757,0.0,arima,AYACUCHO
2020-11-09,0.15089260520609757,0.0,arima,AYACUCHO
2020-11-16,0.4526778156182909,0.17004083470964368,arima,AYACUCHO
2020-11-23,0.4526778156182909,0.11060538476183404,arima,AYACUCHO
2020-11-30,0.4526778156182909,0.14778337517809476,arima,AYACUCHO
2020-12-07,0.15089260520609757,0.1397374877733244,arima,AYACUCHO
2020-12-14,0.0,0.10088533231211315,arima,AYACUCHO
2020-12-21,0.0,0.10323714503454219,arima,AYACUCHO
2020-12-28,0.15089260520609757,0.11723245794920764,arima,AYACUCHO
2021-01-04,0.15089260520609757,0.10671398872980568,arima,AYACUCHO
2021-01-11,0.15089260520609757,0.16008813928587398,arima,AYACUCHO
2021-01-18,0.0,0.0742001082041266,arima,AYACUCHO
2021-01-25,0.0,0.12989377681091632,arima,AYACUCHO
2021-02-01,0.15000352508284032,0.11796846404944804,arima,AYACUCHO
2021-02-08,0.30000705016567975,0.22036130858479078,arima,AYACUCHO
2021-02-15,0.30000705016567975,0.3145446295875638,arima,AYACUCHO
2021-02-22,0.15000352508284032,0.22789908538775078,arima,AYACUCHO
2021-03-01,0.15000352508284032,0.25750839893370603,arima,AYACUCHO
2021-03-08,0.4500105752485191,0.20015887253275588,arima,AYACUCHO
2021-03-15,0.6000141003313586,0.2143597576414618,arima,AYACUCHO
2021-03-22,0.4500105752485191,0.18920659595344977,arima,AYACUCHO
2021-03-29,0.15000352508284032,0.20187836863260517,arima,AYACUCHO
2021-04-05,0.30000705016567975,0.05621514406233498,arima,AYACUCHO
2021-04-12,0.4500105752485191,0.06456965733566788,arima,AYACUCHO
2021-04-19,0.750017625414198,0.08734770139280584,arima,AYACUCHO
2021-04-26,0.6000141003313586,0.06959991110874779,arima,AYACUCHO
2021-05-03,0.9000211504970376,0.6492358760046211,arima,AYACUCHO
2021-05-10,0.7500176254141983,0.5997541645639073,arima,AYACUCHO
2021-05-17,0.750017625414198,0.6164902728148496,arima,AYACUCHO
2021-05-24,0.6000141003313586,0.6210816877646115,arima,AYACUCHO
2021-05-31,0.750017625414198,0.6543816332426959,arima,AYACUCHO
2021-06-07,0.750017625414198,0.6589307784293748,arima,AYACUCHO
2021-06-14,0.6000141003313586,0.6383151857544975,arima,AYACUCHO
2021-06-21,0.6000141003313586,0.6505911126527297,arima,AYACUCHO
2021-06-28,0.6000141003313586,0.5997921277784781,arima,AYACUCHO
2021-07-05,0.6000141003313586,0.6685328608885501,arima,AYACUCHO
2021-07-12,0.4500105752485183,0.6231839133595019,arima,AYACUCHO
2021-07-19,0.4500105752485183,0.6299429150830635,arima,AYACUCHO
2021-07-26,0.6000141003313586,0.46768474421490513,arima,AYACUCHO
2021-08-02,1.0500246755798768,0.4934244978715565,arima,AYACUCHO
2021-08-09,1.0500246755798768,0.4707654775127571,arima,AYACUCHO
2021-08-16,1.0500246755798768,0.47645161851103696,arima,AYACUCHO
2021-08-23,0.4500105752485191,0.8882364261833318,arima,AYACUCHO
2021-08-30,0.30000705016567975,0.9715357746124784,arima,AYACUCHO
2021-09-06,0.4500105752485193,0.973498099607764,arima,AYACUCHO
2021-09-13,0.9000211504970377,0.9436297270193621,arima,AYACUCHO
2021-09-20,1.2000282006627165,1.150546671885849,arima,AYACUCHO
2021-09-27,0.750017625414198,1.0611271498860777,arima,AYACUCHO
2021-10-04,0.4500105752485191,1.0292863546157145,arima,AYACUCHO
2021-10-11,0.750017625414198,1.0782004830617566,arima,AYACUCHO
2021-10-18,1.5000352508283952,0.9788708951573382,arima,AYACUCHO
2021-10-25,1.3500317257455559,1.1866092291679373,arima,AYACUCHO
2021-11-01,1.5000352508283956,0.9759544780841571,arima,AYACUCHO
2021-11-08,0.9000211504970376,1.0232778287309228,arima,AYACUCHO
2021-11-15,0.9000211504970376,1.0911299560832193,arima,AYACUCHO
2021-11-22,0.6000141003313586,0.8080334596059866,arima,AYACUCHO
2021-11-29,0.750017625414198,0.9057985148613299,arima,AYACUCHO
2021-12-06,1.0500246755798768,0.9432279639702508,arima,AYACUCHO
2021-12-13,0.7500176254141979,1.0858116259364081,arima,AYACUCHO
2021-12-20,0.450010575248519,1.0870509260672194,arima,AYACUCHO
2021-12-27,0.3000070501656796,1.073255469523974,arima,AYACUCHO
2022-01-03,0.15000352508284018,1.0805021521525435,arima,AYACUCHO
2022-01-10,0.2991283858375014,0.12008001324512524,arima,AYACUCHO
2022-01-17,0.149124860754662,0.05045705472159482,arima,AYACUCHO
2022-01-24,1.1929988860372909,0.09891837258238459,arima,AYACUCHO
2022-01-31,1.342123746791952,0.09788467650120652,arima,AYACUCHO
2022-02-07,1.6403734683012747,1.8506721011662988,arima,AYACUCHO
2022-02-14,0.8947491645279676,1.3507016153190068,arima,AYACUCHO
2022-02-21,0.8947491645279676,1.449793371349252,arima,AYACUCHO
2022-02-28,0.5964994430186458,1.5615752207357985,arima,AYACUCHO
2022-03-07,0.4473745822639845,0.4757550429846187,arima,AYACUCHO
2022-03-14,0.8947491645279683,0.37364412292064303,arima,AYACUCHO
2022-03-21,1.6403734683012747,0.47288264834455207,arima,AYACUCHO
2022-03-28,2.0877480505652586,0.4470160495638634,arima,AYACUCHO
2022-04-04,1.6403734683012747,1.898228641050927,arima,AYACUCHO
2022-04-11,1.1929988860372909,1.8916147733404953,arima,AYACUCHO
2022-04-18,0.7456243037733071,1.9589921731718682,arima,AYACUCHO
2022-04-25,1.4912486075466134,1.918129552658229,arima,AYACUCHO
2022-05-02,2.0877480505652586,1.8342362174814175,arima,AYACUCHO
2022-05-09,3.5789966581118713,2.361161871459564,arima,AYACUCHO
2022-05-16,3.4298717973572095,1.8563885652232242,arima,AYACUCHO
2022-05-23,5.291023244321427,2.0030805096579702,arima,AYACUCHO
2022-05-30,5.291023244321427,5.629001883023467,arima,AYACUCHO
2022-06-06,6.334897269604056,5.629001883023467,arima,AYACUCHO
2022-06-13,4.175496101130516,5.629001883023467,arima,AYACUCHO
2022-06-20,4.324620961885177,5.629001883023467,arima,AYACUCHO
2022-06-27,4.0263712403758545,3.698747955804145,arima,AYACUCHO
2022-07-04,6.185772408849395,4.27261364881995,arima,AYACUCHO
2022-07-11,5.887522687340073,4.081962731816999,arima,AYACUCHO
2022-07-18,5.589272965830751,4.0209092792211845,arima,AYACUCHO
2022-07-25,3.1316220758478877,4.996094081936355,arima,AYACUCHO
2022-08-01,2.982497215093226,5.206386785587551,arima,AYACUCHO
2022-08-08,2.6842474935839036,5.249924697333572,arima,AYACUCHO
2022-08-15,3.1316220758478877,5.151470526669771,arima,AYACUCHO
2022-08-22,2.385997772074581,2.925072097462997,arima,AYACUCHO
2022-08-29,2.6842474935839036,2.8542856731566246,arima,AYACUCHO
2022-09-05,2.3859977720745804,2.9620514355286023,arima,AYACUCHO
2022-09-12,2.0877480505652586,2.9112537203255315,arima,AYACUCHO
2022-09-19,0.8947491645279682,1.6390881319178745,arima,AYACUCHO
2022-09-26,1.6403734683012745,1.6576756178559862,arima,AYACUCHO
2022-10-03,2.535122632829242,1.7740135867124276,arima,AYACUCHO
2022-10-10,2.8333723543385645,1.689967134096897,arima,AYACUCHO
2022-10-17,2.2368729113199195,2.209768775643333,arima,AYACUCHO
2022-10-24,1.342123746791952,1.9126662244575892,arima,AYACUCHO
2022-10-31,2.087748050565258,2.303405389801254,arima,AYACUCHO
2022-11-07,2.2368729113199195,2.132699380550908,arima,AYACUCHO
2022-11-14,2.8333723543385645,2.881411164631744,arima,AYACUCHO
2022-11-21,2.087748050565258,2.7128528746016096,arima,AYACUCHO
2022-11-28,3.2807469366025486,2.5972705623989776,arima,AYACUCHO
2022-12-05,3.5789966581118713,2.736908991931172,arima,AYACUCHO
