date,actual,predicted,model,region
2010-12-27,1.0404433329041503,1.170498749517169,naive,SAN MARTIN
2011-01-03,0.26011083322603745,1.170498749517169,naive,SAN MARTIN
2011-01-10,0.13005541661301864,1.170498749517169,naive,SAN MARTIN
2011-01-17,0.12783342793006985,1.170498749517169,naive,SAN MARTIN
2011-01-24,0.12783342793006985,0.12783342793006985,naive,SAN MARTIN
2011-01-31,0.12783342793006985,0.12783342793006985,naive,SAN MARTIN
2011-02-07,0.12783342793006985,0.12783342793006985,naive,SAN MARTIN
2011-02-14,0.6391671396503499,0.12783342793006985,naive,SAN MARTIN
2011-02-21,0.6391671396503499,0.63916713965035,naive,SAN MARTIN
2011-02-28,0.7670005675804199,0.63916713965035,naive,SAN MARTIN
2011-03-07,0.3835002837902099,0.63916713965035,naive,SAN MARTIN
2011-03-14,0.5113337117202799,0.63916713965035,naive,SAN MARTIN
2011-03-21,0.7670005675804199,0.5113337117202799,naive,SAN MARTIN
2011-03-28,1.02266742344056,0.5113337117202799,naive,SAN MARTIN
2011-04-04,1.1505008513706299,0.5113337117202799,naive,SAN MARTIN
2011-04-11,0.8948339955104899,0.5113337117202799,naive,SAN MARTIN
2011-04-18,0.5113337117202799,0.89483399551049,naive,SAN MARTIN
2011-04-25,0.5113337117202799,0.89483399551049,naive,SAN MARTIN
2011-05-02,0.2556668558601399,0.89483399551049,naive,SAN MARTIN
2011-05-09,0.5113337117202799,0.89483399551049,naive,SAN MARTIN
2011-05-16,0.2556668558601399,0.5113337117202799,naive,SAN MARTIN
2011-05-23,0.2556668558601399,0.5113337117202799,naive,SAN MARTIN
2011-05-30,0.2556668558601399,0.5113337117202799,naive,SAN MARTIN
2011-06-06,0.3835002837902099,0.5113337117202799,naive,SAN MARTIN
2011-06-13,0.3835002837902099,0.38350028379020984,naive,SAN MARTIN
2011-06-20,0.2556668558601399,0.38350028379020984,naive,SAN MARTIN
2011-06-27,0.3835002837902099,0.38350028379020984,naive,SAN MARTIN
2011-07-04,0.6391671396503499,0.38350028379020984,naive,SAN MARTIN
2011-07-11,0.6391671396503499,0.63916713965035,naive,SAN MARTIN
2011-07-18,1.02266742344056,0.63916713965035,naive,SAN MARTIN
2011-07-25,0.8948339955104898,0.63916713965035,naive,SAN MARTIN
2011-08-01,1.02266742344056,0.63916713965035,naive,SAN MARTIN
2011-08-08,0.7670005675804198,1.0226674234405602,naive,SAN MARTIN
2011-08-15,1.40616770723077,1.0226674234405602,naive,SAN MARTIN
2011-08-22,1.40616770723077,1.0226674234405602,naive,SAN MARTIN
2011-08-29,1.5340011351608398,1.0226674234405602,naive,SAN MARTIN
2011-09-05,1.1505008513706299,1.5340011351608398,naive,SAN MARTIN
2011-09-12,1.2783342793006998,1.5340011351608398,naive,SAN MARTIN
2011-09-19,1.15050085137063,1.5340011351608398,naive,SAN MARTIN
2011-09-26,1.2783342793006998,1.5340011351608398,naive,SAN MARTIN
2011-10-03,1.1505008513706299,1.2783342793006995,naive,SAN MARTIN
2011-10-10,1.2783342793006998,1.2783342793006995,naive,SAN MARTIN
2011-10-17,0.7670005675804198,1.2783342793006995,naive,SAN MARTIN
2011-10-24,0.5113337117202796,1.2783342793006995,naive,SAN MARTIN
2011-10-31,0.12783342793006972,0.5113337117202796,naive,SAN MARTIN
2011-11-07,0.6391671396503497,0.5113337117202796,naive,SAN MARTIN
2011-11-14,1.0226674234405597,0.5113337117202796,naive,SAN MARTIN
2011-11-21,0.8948339955104897,0.5113337117202796,naive,SAN MARTIN
2011-11-28,0.6391671396503497,0.8948339955104896,naive,SAN MARTIN
2011-12-05,0.38350028379020973,0.8948339955104896,naive,SAN MARTIN
2011-12-12,0.7670005675804198,0.8948339955104896,naive,SAN MARTIN
2011-12-19,0.5113337117202797,0.8948339955104896,naive,SAN MARTIN
2011-12-26,1.1505008513706299,0.5113337117202796,naive,SAN MARTIN
2012-01-02,1.1440588343943905,0.5113337117202796,naive,SAN MARTIN
2012-01-09,1.5211171012083613,0.5113337117202796,naive,SAN MARTIN
2012-01-16,0.8798026225659316,0.5113337117202796,naive,SAN MARTIN
2012-01-23,0.8798026225659316,0.8798026225659317,naive,SAN MARTIN
2012-01-30,0.5027443557519607,0.8798026225659317,naive,SAN MARTIN
2012-02-06,0.628430444689951,0.8798026225659317,naive,SAN MARTIN
2012-02-13,0.628430444689951,0.8798026225659317,naive,SAN MARTIN
2012-02-20,0.628430444689951,0.6284304446899509,naive,SAN MARTIN
2012-02-27,0.37705826681397053,0.6284304446899509,naive,SAN MARTIN
2012-03-05,0.0,0.6284304446899509,naive,SAN MARTIN
2012-03-12,0.0,0.6284304446899509,naive,SAN MARTIN
2012-03-19,0.0,0.0,naive,SAN MARTIN
2012-03-26,0.0,0.0,naive,SAN MARTIN
2012-04-02,0.0,0.0,naive,SAN MARTIN
2012-04-09,0.37705826681397053,0.0,naive,SAN MARTIN
2012-04-16,0.37705826681397053,0.37705826681397053,naive,SAN MARTIN
2012-04-23,0.37705826681397053,0.37705826681397053,naive,SAN MARTIN
2012-04-30,0.12568608893798996,0.37705826681397053,naive,SAN MARTIN
2012-05-07,0.12568608893798996,0.37705826681397053,naive,SAN MARTIN
2012-05-14,0.2513721778759802,0.12568608893798996,naive,SAN MARTIN
2012-05-21,0.12568608893798996,0.12568608893798996,naive,SAN MARTIN
2012-05-28,0.3770582668139704,0.12568608893798996,naive,SAN MARTIN
2012-06-04,0.3770582668139704,0.12568608893798996,naive,SAN MARTIN
2012-06-11,0.3770582668139704,0.3770582668139705,naive,SAN MARTIN
2012-06-18,0.25137217787598026,0.3770582668139705,naive,SAN MARTIN
2012-06-25,0.37705826681397053,0.3770582668139705,naive,SAN MARTIN
2012-07-02,0.7541165336279413,0.3770582668139705,naive,SAN MARTIN
2012-07-09,0.7541165336279413,0.7541165336279414,naive,SAN MARTIN
2012-07-16,0.5027443557519609,0.7541165336279414,naive,SAN MARTIN
2012-07-23,0.25137217787598026,0.7541165336279414,naive,SAN MARTIN
2012-07-30,0.12568608893799002,0.7541165336279414,naive,SAN MARTIN
2012-08-06,0.25137217787598026,0.12568608893799002,naive,SAN MARTIN
2012-08-13,0.12568608893799002,0.12568608893799002,naive,SAN MARTIN
2012-08-20,0.12568608893799002,0.12568608893799002,naive,SAN MARTIN
2012-08-27,0.12568608893799002,0.12568608893799002,naive,SAN MARTIN
2012-09-03,0.12568608893799002,0.12568608893799002,naive,SAN MARTIN
2012-09-10,0.12568608893799002,0.12568608893799002,naive,SAN MARTIN
2012-09-17,0.0,0.12568608893799002,naive,SAN MARTIN
2012-09-24,0.0,0.12568608893799002,naive,SAN MARTIN
2012-10-01,0.0,0.0,naive,SAN MARTIN
2012-10-08,0.12568608893799002,0.0,naive,SAN MARTIN
2012-10-15,0.12568608893799002,0.0,naive,SAN MARTIN
2012-10-22,0.12568608893799002,0.0,naive,SAN MARTIN
2012-10-29,0.12568608893799002,0.12568608893799002,naive,SAN MARTIN
2012-11-05,0.12568608893799002,0.12568608893799002,naive,SAN MARTIN
2012-11-12,0.25137217787598026,0.12568608893799002,naive,SAN MARTIN
2012-11-19,0.25137217787598026,0.12568608893799002,naive,SAN MARTIN
2012-11-26,0.25137217787598026,0.25137217787598026,naive,SAN MARTIN
2012-12-03,0.12568608893799002,0.25137217787598026,naive,SAN MARTIN
2012-12-10,0.0,0.25137217787598026,naive,SAN MARTIN
2012-12-17,0.0,0.25137217787598026,naive,SAN MARTIN
2012-12-24,0.0,0.0,naive,SAN MARTIN
2012-12-31,0.12568608893799002,0.0,naive,SAN MARTIN
2013-01-07,0.37290548873873114,0.0,naive,SAN MARTIN
2013-01-14,0.6201248885394723,0.0,naive,SAN MARTIN
2013-01-21,0.49443879960148207,0.6201248885394723,naive,SAN MARTIN
2013-01-28,0.24721939980074095,0.6201248885394723,naive,SAN MARTIN
2013-02-04,0.24721939980074095,0.6201248885394723,naive,SAN MARTIN
2013-02-11,0.24721939980074095,0.6201248885394723,naive,SAN MARTIN
2013-02-18,0.3708290997011115,0.24721939980074095,naive,SAN MARTIN
2013-02-25,0.24721939980074095,0.24721939980074095,naive,SAN MARTIN
2013-03-04,0.3708290997011117,0.24721939980074095,naive,SAN MARTIN
2013-03-11,0.24721939980074095,0.24721939980074095,naive,SAN MARTIN
2013-03-18,0.24721939980074095,0.24721939980074095,naive,SAN MARTIN
2013-03-25,0.6180484995018527,0.24721939980074095,naive,SAN MARTIN
2013-04-01,0.9888775992029645,0.24721939980074095,naive,SAN MARTIN
2013-04-08,0.8652678993025938,0.24721939980074095,naive,SAN MARTIN
2013-04-15,0.3708290997011116,0.8652678993025937,naive,SAN MARTIN
2013-04-22,0.0,0.8652678993025937,naive,SAN MARTIN
2013-04-29,0.0,0.8652678993025937,naive,SAN MARTIN
2013-05-06,0.0,0.8652678993025937,naive,SAN MARTIN
2013-05-13,0.12360969990037042,0.0,naive,SAN MARTIN
2013-05-20,0.12360969990037042,0.0,naive,SAN MARTIN
2013-05-27,0.247219399800741,0.0,naive,SAN MARTIN
2013-06-03,0.247219399800741,0.0,naive,SAN MARTIN
2013-06-10,0.3708290997011117,0.247219399800741,naive,SAN MARTIN
2013-06-17,0.24721939980074104,0.247219399800741,naive,SAN MARTIN
2013-06-24,0.12360969990037042,0.247219399800741,naive,SAN MARTIN
2013-07-01,0.0,0.247219399800741,naive,SAN MARTIN
2013-07-08,0.247219399800741,0.0,naive,SAN MARTIN
2013-07-15,0.7416581994022233,0.0,naive,SAN MARTIN
2013-07-22,0.8652678993025938,0.0,naive,SAN MARTIN
2013-07-29,1.112487299103335,0.0,naive,SAN MARTIN
2013-08-05,0.9888775992029645,1.1124872991033348,naive,SAN MARTIN
2013-08-12,0.8652678993025938,1.1124872991033348,naive,SAN MARTIN
2013-08-19,0.6180484995018527,1.1124872991033348,naive,SAN MARTIN
2013-08-26,0.24721939980074092,1.1124872991033348,naive,SAN MARTIN
2013-09-02,0.49443879960148207,0.2472193998007409,naive,SAN MARTIN
2013-09-09,0.3708290997011115,0.2472193998007409,naive,SAN MARTIN
2013-09-16,0.49443879960148207,0.2472193998007409,naive,SAN MARTIN
2013-09-23,0.3708290997011117,0.2472193998007409,naive,SAN MARTIN
2013-09-30,0.6180484995018527,0.3708290997011118,naive,SAN MARTIN
2013-10-07,0.8652678993025938,0.3708290997011118,naive,SAN MARTIN
2013-10-14,1.1124872991033352,0.3708290997011118,naive,SAN MARTIN
2013-10-21,0.8652678993025938,0.3708290997011118,naive,SAN MARTIN
2013-10-28,0.49443879960148207,0.8652678993025937,naive,SAN MARTIN
2013-11-04,0.24721939980074092,0.8652678993025937,naive,SAN MARTIN
2013-11-11,0.24721939980074092,0.8652678993025937,naive,SAN MARTIN
2013-11-18,0.3708290997011117,0.8652678993025937,naive,SAN MARTIN
2013-11-25,0.3708290997011117,0.3708290997011118,naive,SAN MARTIN
2013-12-02,0.49443879960148207,0.3708290997011118,naive,SAN MARTIN
2013-12-09,0.49443879960148207,0.3708290997011118,naive,SAN MARTIN
2013-12-16,0.8652678993025938,0.3708290997011118,naive,SAN MARTIN
2013-12-23,0.9888775992029645,0.8652678993025937,naive,SAN MARTIN
2013-12-30,0.8652678993025938,0.8652678993025937,naive,SAN MARTIN
2014-01-06,0.3708290997011115,0.8652678993025937,naive,SAN MARTIN
2014-01-13,0.12160080159248388,0.8652678993025937,naive,SAN MARTIN
2014-01-20,0.24320160318496797,0.12160080159248388,naive,SAN MARTIN
2014-01-27,0.3648024047774523,0.12160080159248388,naive,SAN MARTIN
2014-02-03,0.24320160318496797,0.12160080159248388,naive,SAN MARTIN
2014-02-10,0.12160080159248388,0.12160080159248388,naive,SAN MARTIN
2014-02-17,0.0,0.12160080159248388,naive,SAN MARTIN
2014-02-24,0.24320160318496797,0.12160080159248388,naive,SAN MARTIN
2014-03-03,0.36480240477745207,0.12160080159248388,naive,SAN MARTIN
2014-03-10,0.48640320636993617,0.12160080159248388,naive,SAN MARTIN
2014-03-17,0.24320160318496797,0.4864032063699361,naive,SAN MARTIN
2014-03-24,0.12160080159248388,0.4864032063699361,naive,SAN MARTIN
2014-03-31,0.0,0.4864032063699361,naive,SAN MARTIN
2014-04-07,0.12160080159248388,0.4864032063699361,naive,SAN MARTIN
2014-04-14,0.12160080159248388,0.12160080159248388,naive,SAN MARTIN
2014-04-21,0.12160080159248388,0.12160080159248388,naive,SAN MARTIN
2014-04-28,0.12160080159248388,0.12160080159248388,naive,SAN MARTIN
2014-05-05,0.12160080159248388,0.12160080159248388,naive,SAN MARTIN
2014-05-12,0.24320160318496797,0.12160080159248388,naive,SAN MARTIN
2014-05-19,0.6080040079624203,0.12160080159248388,naive,SAN MARTIN
2014-05-26,0.8512056111473885,0.12160080159248388,naive,SAN MARTIN
2014-06-02,0.7296048095549045,0.12160080159248388,naive,SAN MARTIN
2014-06-09,0.6080040079624203,0.7296048095549044,naive,SAN MARTIN
2014-06-16,0.6080040079624203,0.7296048095549044,naive,SAN MARTIN
2014-06-23,0.8512056111473885,0.7296048095549044,naive,SAN MARTIN
2014-06-30,0.6080040079624203,0.7296048095549044,naive,SAN MARTIN
2014-07-07,0.48640320636993617,0.6080040079624203,naive,SAN MARTIN
2014-07-14,0.3648024047774523,0.6080040079624203,naive,SAN MARTIN
2014-07-21,0.24320160318496797,0.6080040079624203,naive,SAN MARTIN
2014-07-28,0.12160080159248388,0.6080040079624203,naive,SAN MARTIN
2014-08-04,0.36480240477745207,0.12160080159248388,naive,SAN MARTIN
2014-08-11,0.48640320636993617,0.12160080159248388,naive,SAN MARTIN
2014-08-18,0.6080040079624203,0.12160080159248388,naive,SAN MARTIN
2014-08-25,0.3648024047774523,0.12160080159248388,naive,SAN MARTIN
2014-09-01,0.48640320636993617,0.36480240477745224,naive,SAN MARTIN
2014-09-08,0.7296048095549045,0.36480240477745224,naive,SAN MARTIN
2014-09-15,0.8512056111473885,0.36480240477745224,naive,SAN MARTIN
2014-09-22,0.7296048095549045,0.36480240477745224,naive,SAN MARTIN
2014-09-29,0.36480240477745207,0.7296048095549044,naive,SAN MARTIN
2014-10-06,0.24320160318496797,0.7296048095549044,naive,SAN MARTIN
2014-10-13,0.24320160318496797,0.7296048095549044,naive,SAN MARTIN
2014-10-20,0.24320160318496797,0.7296048095549044,naive,SAN MARTIN
2014-10-27,0.12160080159248388,0.24320160318496797,naive,SAN MARTIN
2014-11-03,0.24320160318496797,0.24320160318496797,naive,SAN MARTIN
2014-11-10,0.48640320636993617,0.24320160318496797,naive,SAN MARTIN
2014-11-17,0.7296048095549046,0.24320160318496797,naive,SAN MARTIN
2014-11-24,0.48640320636993617,0.7296048095549046,naive,SAN MARTIN
2014-12-01,0.36480240477745207,0.7296048095549046,naive,SAN MARTIN
2014-12-08,0.24320160318496797,0.7296048095549046,naive,SAN MARTIN
2014-12-15,0.24320160318496797,0.7296048095549046,naive,SAN MARTIN
2014-12-22,0.6080040079624203,0.24320160318496797,naive,SAN MARTIN
2014-12-29,0.7296048095549045,0.24320160318496797,naive,SAN MARTIN
2015-01-05,0.8492609656248219,0.24320160318496797,naive,SAN MARTIN
2015-01-12,0.482513915324803,0.24320160318496797,naive,SAN MARTIN
2015-01-19,0.7179369364195048,0.482513915324803,naive,SAN MARTIN
2015-01-26,0.8375930924894223,0.482513915324803,naive,SAN MARTIN
2015-02-02,0.8375930924894224,0.482513915324803,naive,SAN MARTIN
2015-02-09,0.47862462427966973,0.482513915324803,naive,SAN MARTIN
2015-02-16,0.3589684682097525,0.4786246242796698,naive,SAN MARTIN
2015-02-23,0.23931231213983475,0.4786246242796698,naive,SAN MARTIN
2015-03-02,0.35896846820975226,0.4786246242796698,naive,SAN MARTIN
2015-03-09,0.35896846820975226,0.4786246242796698,naive,SAN MARTIN
2015-03-16,0.7179369364195048,0.3589684682097523,naive,SAN MARTIN
2015-03-23,0.5982807803495872,0.3589684682097523,naive,SAN MARTIN
2015-03-30,0.9572492485593397,0.3589684682097523,naive,SAN MARTIN
2015-04-06,1.0769054046292572,0.3589684682097523,naive,SAN MARTIN
2015-04-13,0.9572492485593397,1.0769054046292572,naive,SAN MARTIN
2015-04-20,0.47862462427966973,1.0769054046292572,naive,SAN MARTIN
2015-04-27,0.23931231213983475,1.0769054046292572,naive,SAN MARTIN
2015-05-04,0.35896846820975226,1.0769054046292572,naive,SAN MARTIN
2015-05-11,0.47862462427966973,0.3589684682097523,naive,SAN MARTIN
2015-05-18,0.23931231213983475,0.3589684682097523,naive,SAN MARTIN
2015-05-25,0.5982807803495872,0.3589684682097523,naive,SAN MARTIN
2015-06-01,0.47862462427966973,0.3589684682097523,naive,SAN MARTIN
2015-06-08,0.8375930924894223,0.4786246242796698,naive,SAN MARTIN
2015-06-15,0.35896846820975226,0.4786246242796698,naive,SAN MARTIN
2015-06-22,0.9572492485593397,0.4786246242796698,naive,SAN MARTIN
2015-06-29,0.5982807803495872,0.4786246242796698,naive,SAN MARTIN
2015-07-06,0.7179369364195046,0.5982807803495873,naive,SAN MARTIN
2015-07-13,0.11965615606991727,0.5982807803495873,naive,SAN MARTIN
2015-07-20,0.35896846820975226,0.5982807803495873,naive,SAN MARTIN
2015-07-27,0.23931231213983475,0.5982807803495873,naive,SAN MARTIN
2015-08-03,0.35896846820975226,0.23931231213983478,naive,SAN MARTIN
2015-08-10,0.35896846820975226,0.23931231213983478,naive,SAN MARTIN
2015-08-17,0.35896846820975226,0.23931231213983478,naive,SAN MARTIN
2015-08-24,0.47862462427966973,0.23931231213983478,naive,SAN MARTIN
2015-08-31,0.35896846820975226,0.4786246242796698,naive,SAN MARTIN
2015-09-07,0.47862462427966973,0.4786246242796698,naive,SAN MARTIN
2015-09-14,0.23931231213983475,0.4786246242796698,naive,SAN MARTIN
2015-09-21,0.11965615606991727,0.4786246242796698,naive,SAN MARTIN
2015-09-28,0.0,0.11965615606991727,naive,SAN MARTIN
2015-10-05,0.0,0.11965615606991727,naive,SAN MARTIN
2015-10-12,0.0,0.11965615606991727,naive,SAN MARTIN
2015-10-19,0.5982807803495872,0.11965615606991727,naive,SAN MARTIN
2015-10-26,0.5982807803495872,0.5982807803495873,naive,SAN MARTIN
2015-11-02,0.5982807803495872,0.5982807803495873,naive,SAN MARTIN
2015-11-09,0.0,0.5982807803495873,naive,SAN MARTIN
2015-11-16,0.0,0.5982807803495873,naive,SAN MARTIN
2015-11-23,0.0,0.0,naive,SAN MARTIN
2015-11-30,0.0,0.0,naive,SAN MARTIN
2015-12-07,0.0,0.0,naive,SAN MARTIN
2015-12-14,0.0,0.0,naive,SAN MARTIN
2015-12-21,0.5982807803495872,0.0,naive,SAN MARTIN
2015-12-28,0.5982807803495872,0.0,naive,SAN MARTIN
2016-01-04,0.5982807803495872,0.0,naive,SAN MARTIN
2016-01-11,0.11777272925345023,0.0,naive,SAN MARTIN
2016-01-18,0.23554545850690067,0.11777272925345021,naive,SAN MARTIN
2016-01-25,0.23554545850690067,0.11777272925345021,naive,SAN MARTIN
2016-02-01,0.4710909170138015,0.11777272925345021,naive,SAN MARTIN
2016-02-08,0.4710909170138015,0.11777272925345021,naive,SAN MARTIN
2016-02-15,0.588863646267252,0.47109091701380146,naive,SAN MARTIN
2016-02-22,0.23554545850690067,0.47109091701380146,naive,SAN MARTIN
2016-02-29,0.23554545850690067,0.47109091701380146,naive,SAN MARTIN
2016-03-07,0.11777272925345023,0.47109091701380146,naive,SAN MARTIN
2016-03-14,0.23554545850690067,0.11777272925345021,naive,SAN MARTIN
2016-03-21,0.588863646267252,0.11777272925345021,naive,SAN MARTIN
2016-03-28,0.588863646267252,0.11777272925345021,naive,SAN MARTIN
2016-04-04,0.588863646267252,0.11777272925345021,naive,SAN MARTIN
2016-04-11,0.23554545850690067,0.5888636462672521,naive,SAN MARTIN
2016-04-18,0.23554545850690067,0.5888636462672521,naive,SAN MARTIN
2016-04-25,0.3533181877603511,0.5888636462672521,naive,SAN MARTIN
2016-05-02,1.0599545632810539,0.5888636462672521,naive,SAN MARTIN
2016-05-09,1.2955000217879546,1.059954563281054,naive,SAN MARTIN
2016-05-16,1.4132727510414052,1.059954563281054,naive,SAN MARTIN
2016-05-23,0.7066363755207026,1.059954563281054,naive,SAN MARTIN
2016-05-30,0.4710909170138016,1.059954563281054,naive,SAN MARTIN
2016-06-06,0.23554545850690076,0.4710909170138017,naive,SAN MARTIN
2016-06-13,0.35331818776035123,0.4710909170138017,naive,SAN MARTIN
2016-06-20,0.35331818776035123,0.4710909170138017,naive,SAN MARTIN
2016-06-27,0.9421818340276035,0.4710909170138017,naive,SAN MARTIN
2016-07-04,0.8244091047741527,0.9421818340276034,naive,SAN MARTIN
2016-07-11,1.2955000217879544,0.9421818340276034,naive,SAN MARTIN
2016-07-18,0.7066363755207026,0.9421818340276034,naive,SAN MARTIN
2016-07-25,0.7066363755207026,0.9421818340276034,naive,SAN MARTIN
2016-08-01,0.588863646267252,0.7066363755207026,naive,SAN MARTIN
2016-08-08,0.47109091701380157,0.7066363755207026,naive,SAN MARTIN
2016-08-15,0.588863646267252,0.7066363755207026,naive,SAN MARTIN
2016-08-22,0.4710909170138016,0.7066363755207026,naive,SAN MARTIN
2016-08-29,0.9421818340276035,0.4710909170138017,naive,SAN MARTIN
2016-09-05,1.0599545632810539,0.4710909170138017,naive,SAN MARTIN
2016-09-12,1.0599545632810539,0.4710909170138017,naive,SAN MARTIN
2016-09-19,0.7066363755207025,0.4710909170138017,naive,SAN MARTIN
2016-09-26,0.35331818776035123,0.7066363755207024,naive,SAN MARTIN
2016-10-03,0.23554545850690076,0.7066363755207024,naive,SAN MARTIN
2016-10-10,0.23554545850690076,0.7066363755207024,naive,SAN MARTIN
2016-10-17,0.35331818776035134,0.7066363755207024,naive,SAN MARTIN
2016-10-24,0.23554545850690078,0.35331818776035134,naive,SAN MARTIN
2016-10-31,0.1177727292534503,0.35331818776035134,naive,SAN MARTIN
2016-11-07,0.4710909170138016,0.35331818776035134,naive,SAN MARTIN
2016-11-14,0.824409104774153,0.35331818776035134,naive,SAN MARTIN
2016-11-21,0.9421818340276035,0.8244091047741529,naive,SAN MARTIN
2016-11-28,0.8244091047741527,0.8244091047741529,naive,SAN MARTIN
2016-12-05,0.588863646267252,0.8244091047741529,naive,SAN MARTIN
2016-12-12,0.5888636462672521,0.8244091047741529,naive,SAN MARTIN
2016-12-19,0.23554545850690076,0.5888636462672521,naive,SAN MARTIN
2016-12-26,0.47109091701380157,0.5888636462672521,naive,SAN MARTIN
2017-01-02,1.8606362167912962,0.5888636462672521,naive,SAN MARTIN
2017-01-09,2.3244263795700486,0.5888636462672521,naive,SAN MARTIN
2017-01-16,2.5508458952831377,2.3244263795700486,naive,SAN MARTIN
2017-01-23,1.5073180290309451,2.3244263795700486,naive,SAN MARTIN
2017-01-30,1.391370488336257,2.3244263795700486,naive,SAN MARTIN
2017-02-06,1.623265569725633,2.3244263795700486,naive,SAN MARTIN
2017-02-13,2.0870557325043855,1.6232655697256333,naive,SAN MARTIN
2017-02-20,1.9711081918096978,1.6232655697256333,naive,SAN MARTIN
2017-02-27,1.2754229476415688,1.6232655697256333,naive,SAN MARTIN
2017-03-06,0.5797377034734402,1.6232655697256333,naive,SAN MARTIN
2017-03-13,0.463790162778752,0.5797377034734401,naive,SAN MARTIN
2017-03-20,0.463790162778752,0.5797377034734401,naive,SAN MARTIN
2017-03-27,0.3478426220840643,0.5797377034734401,naive,SAN MARTIN
2017-04-03,0.23189508138937595,0.5797377034734401,naive,SAN MARTIN
2017-04-10,0.11594754069468781,0.23189508138937595,naive,SAN MARTIN
2017-04-17,0.0,0.23189508138937595,naive,SAN MARTIN
2017-04-24,0.0,0.23189508138937595,naive,SAN MARTIN
2017-05-01,0.11594754069468781,0.23189508138937595,naive,SAN MARTIN
2017-05-08,0.2318950813893759,0.1159475406946878,naive,SAN MARTIN
2017-05-15,0.6956852441681284,0.1159475406946878,naive,SAN MARTIN
2017-05-22,0.6956852441681284,0.1159475406946878,naive,SAN MARTIN
2017-05-29,0.9275803255575045,0.1159475406946878,naive,SAN MARTIN
2017-06-05,0.5797377034734401,0.9275803255575046,naive,SAN MARTIN
2017-06-12,0.6956852441681282,0.9275803255575046,naive,SAN MARTIN
2017-06-19,0.34784262208406397,0.9275803255575046,naive,SAN MARTIN
2017-06-26,0.34784262208406397,0.9275803255575046,naive,SAN MARTIN
2017-07-03,0.23189508138937584,0.3478426220840639,naive,SAN MARTIN
2017-07-10,0.3478426220840643,0.3478426220840639,naive,SAN MARTIN
2017-07-17,0.3478426220840643,0.3478426220840639,naive,SAN MARTIN
2017-07-24,0.463790162778752,0.3478426220840639,naive,SAN MARTIN
2017-07-31,0.463790162778752,0.463790162778752,naive,SAN MARTIN
2017-08-07,0.5797377034734402,0.463790162778752,naive,SAN MARTIN
2017-08-14,0.34784262208406397,0.463790162778752,naive,SAN MARTIN
2017-08-21,0.34784262208406397,0.463790162778752,naive,SAN MARTIN
2017-08-28,0.23189508138937584,0.3478426220840639,naive,SAN MARTIN
2017-09-04,0.3478426220840643,0.3478426220840639,naive,SAN MARTIN
2017-09-11,0.23189508138937587,0.3478426220840639,naive,SAN MARTIN
2017-09-18,0.11594754069468773,0.3478426220840639,naive,SAN MARTIN
2017-09-25,0.0,0.11594754069468773,naive,SAN MARTIN
2017-10-02,0.0,0.11594754069468773,naive,SAN MARTIN
2017-10-09,0.0,0.11594754069468773,naive,SAN MARTIN
2017-10-16,0.0,0.11594754069468773,naive,SAN MARTIN
2017-10-23,0.11594754069468773,0.0,naive,SAN MARTIN
2017-10-30,0.11594754069468773,0.0,naive,SAN MARTIN
2017-11-06,0.11594754069468773,0.0,naive,SAN MARTIN
2017-11-13,0.23189508138937584,0.0,naive,SAN MARTIN
2017-11-20,0.463790162778752,0.23189508138937587,naive,SAN MARTIN
2017-11-27,0.463790162778752,0.23189508138937587,naive,SAN MARTIN
2017-12-04,0.23189508138937584,0.23189508138937587,naive,SAN MARTIN
2017-12-11,0.0,0.23189508138937587,naive,SAN MARTIN
2017-12-18,0.11594754069468773,0.0,naive,SAN MARTIN
2017-12-25,0.5797377034734401,0.0,naive,SAN MARTIN
2018-01-01,0.6940437969026686,0.0,naive,SAN MARTIN
2018-01-08,1.0353206299248947,0.0,naive,SAN MARTIN
2018-01-15,0.5715304671461423,1.035320629924895,naive,SAN MARTIN
2018-01-22,0.45722437371691377,1.035320629924895,naive,SAN MARTIN
2018-01-29,0.22861218685845672,1.035320629924895,naive,SAN MARTIN
2018-02-05,0.5715304671461423,1.035320629924895,naive,SAN MARTIN
2018-02-12,0.5715304671461423,0.5715304671461423,naive,SAN MARTIN
2018-02-19,0.3429182802876853,0.5715304671461423,naive,SAN MARTIN
2018-02-26,0.11430609342922825,0.5715304671461423,naive,SAN MARTIN
2018-03-05,0.11430609342922825,0.5715304671461423,naive,SAN MARTIN
2018-03-12,0.22861218685845677,0.11430609342922825,naive,SAN MARTIN
2018-03-19,0.34291828028768534,0.11430609342922825,naive,SAN MARTIN
2018-03-26,0.4572243737169139,0.11430609342922825,naive,SAN MARTIN
2018-04-02,0.5715304671461424,0.11430609342922825,naive,SAN MARTIN
2018-04-09,0.6858365605753708,0.5715304671461423,naive,SAN MARTIN
2018-04-16,0.5715304671461423,0.5715304671461423,naive,SAN MARTIN
2018-04-23,0.4572243737169137,0.5715304671461423,naive,SAN MARTIN
2018-04-30,0.9144487474338279,0.5715304671461423,naive,SAN MARTIN
2018-05-07,1.600285308009199,0.9144487474338279,naive,SAN MARTIN
2018-05-14,1.7145914014384276,0.9144487474338279,naive,SAN MARTIN
2018-05-21,1.1430609342922848,0.9144487474338279,naive,SAN MARTIN
2018-05-28,0.6858365605753712,0.9144487474338279,naive,SAN MARTIN
2018-06-04,0.5715304671461424,0.6858365605753713,naive,SAN MARTIN
2018-06-11,0.34291828028768534,0.6858365605753713,naive,SAN MARTIN
2018-06-18,0.3429182802876853,0.6858365605753713,naive,SAN MARTIN
2018-06-25,0.22861218685845677,0.6858365605753713,naive,SAN MARTIN
2018-07-02,1.143060934292285,0.2286121868584568,naive,SAN MARTIN
2018-07-09,1.3716731211507422,0.2286121868584568,naive,SAN MARTIN
2018-07-16,1.6002853080091992,0.2286121868584568,naive,SAN MARTIN
2018-07-23,0.8001426540045995,0.2286121868584568,naive,SAN MARTIN
2018-07-30,0.5715304671461424,0.8001426540045995,naive,SAN MARTIN
2018-08-06,0.45722437371691377,0.8001426540045995,naive,SAN MARTIN
2018-08-13,0.5715304671461424,0.8001426540045995,naive,SAN MARTIN
2018-08-20,0.6858365605753708,0.8001426540045995,naive,SAN MARTIN
2018-08-27,0.8001426540045995,0.6858365605753709,naive,SAN MARTIN
2018-09-03,0.5715304671461423,0.6858365605753709,naive,SAN MARTIN
2018-09-10,0.685836560575371,0.6858365605753709,naive,SAN MARTIN
2018-09-17,0.45722437371691393,0.6858365605753709,naive,SAN MARTIN
2018-09-24,0.5715304671461424,0.45722437371691405,naive,SAN MARTIN
2018-10-01,0.11430609342922825,0.45722437371691405,naive,SAN MARTIN
2018-10-08,0.45722437371691377,0.45722437371691405,naive,SAN MARTIN
2018-10-15,0.6858365605753708,0.45722437371691405,naive,SAN MARTIN
2018-10-22,1.0287548408630567,0.6858365605753709,naive,SAN MARTIN
2018-10-29,1.1430609342922848,0.6858365605753709,naive,SAN MARTIN
2018-11-05,0.914448747433828,0.6858365605753709,naive,SAN MARTIN
2018-11-12,0.9144487474338279,0.6858365605753709,naive,SAN MARTIN
2018-11-19,0.5715304671461423,0.9144487474338279,naive,SAN MARTIN
2018-11-26,0.6858365605753708,0.9144487474338279,naive,SAN MARTIN
2018-12-03,0.34291828028768534,0.9144487474338279,naive,SAN MARTIN
2018-12-10,0.5715304671461424,0.9144487474338279,naive,SAN MARTIN
2018-12-17,0.5715304671461423,0.5715304671461423,naive,SAN MARTIN
2018-12-24,0.5715304671461423,0.5715304671461423,naive,SAN MARTIN
2018-12-31,0.22861218685845677,0.5715304671461423,naive,SAN MARTIN
2019-01-07,0.22542094543798696,0.5715304671461423,naive,SAN MARTIN
2019-01-14,0.7889733090329552,0.225420945437987,naive,SAN MARTIN
2019-01-21,1.0143942544709423,0.225420945437987,naive,SAN MARTIN
2019-01-28,1.2398151999089297,0.225420945437987,naive,SAN MARTIN
2019-02-04,0.6762628363139616,0.225420945437987,naive,SAN MARTIN
2019-02-11,0.5635523635949679,0.6762628363139616,naive,SAN MARTIN
2019-02-18,0.7889733090329552,0.6762628363139616,naive,SAN MARTIN
2019-02-25,1.3525256726279233,0.6762628363139616,naive,SAN MARTIN
2019-03-04,1.6906570907849041,0.6762628363139616,naive,SAN MARTIN
2019-03-11,1.1271047271899362,1.690657090784904,naive,SAN MARTIN
2019-03-18,1.0143942544709423,1.690657090784904,naive,SAN MARTIN
2019-03-25,0.9016837817519487,1.690657090784904,naive,SAN MARTIN
2019-04-01,1.0143942544709426,1.690657090784904,naive,SAN MARTIN
2019-04-08,0.563552363594968,1.0143942544709423,naive,SAN MARTIN
2019-04-15,1.0143942544709426,1.0143942544709423,naive,SAN MARTIN
2019-04-22,1.1271047271899362,1.0143942544709423,naive,SAN MARTIN
2019-04-29,1.6906570907849046,1.0143942544709423,naive,SAN MARTIN
2019-05-06,1.1271047271899362,1.6906570907849043,naive,SAN MARTIN
2019-05-13,1.1271047271899362,1.6906570907849043,naive,SAN MARTIN
2019-05-20,0.7889733090329553,1.6906570907849043,naive,SAN MARTIN
2019-05-27,0.7889733090329553,1.6906570907849043,naive,SAN MARTIN
2019-06-03,0.45084189087597437,0.7889733090329554,naive,SAN MARTIN
2019-06-10,0.3381314181569808,0.7889733090329554,naive,SAN MARTIN
2019-06-17,0.11271047271899348,0.7889733090329554,naive,SAN MARTIN
2019-06-24,0.2254209454379871,0.7889733090329554,naive,SAN MARTIN
2019-07-01,0.2254209454379871,0.22542094543798716,naive,SAN MARTIN
2019-07-08,0.2254209454379871,0.22542094543798716,naive,SAN MARTIN
2019-07-15,0.11271047271899348,0.22542094543798716,naive,SAN MARTIN
2019-07-22,0.3381314181569808,0.22542094543798716,naive,SAN MARTIN
2019-07-29,1.1271047271899362,0.33813141815698083,naive,SAN MARTIN
2019-08-05,1.3525256726279233,0.33813141815698083,naive,SAN MARTIN
2019-08-12,1.2398151999089297,0.33813141815698083,naive,SAN MARTIN
2019-08-19,1.0143942544709426,0.33813141815698083,naive,SAN MARTIN
2019-08-26,0.9016837817519491,1.0143942544709423,naive,SAN MARTIN
2019-09-02,0.7889733090329553,1.0143942544709423,naive,SAN MARTIN
2019-09-09,0.7889733090329553,1.0143942544709423,naive,SAN MARTIN
2019-09-16,1.1271047271899362,1.0143942544709423,naive,SAN MARTIN
2019-09-23,1.2398151999089297,1.127104727189936,naive,SAN MARTIN
2019-09-30,1.1271047271899362,1.127104727189936,naive,SAN MARTIN
2019-10-07,1.2398151999089297,1.127104727189936,naive,SAN MARTIN
2019-10-14,1.1271047271899362,1.127104727189936,naive,SAN MARTIN
2019-10-21,0.7889733090329552,1.127104727189936,naive,SAN MARTIN
2019-10-28,0.6762628363139616,1.127104727189936,naive,SAN MARTIN
2019-11-04,1.0143942544709426,1.127104727189936,naive,SAN MARTIN
2019-11-11,1.3525256726279236,1.127104727189936,naive,SAN MARTIN
2019-11-18,1.2398151999089297,1.3525256726279236,naive,SAN MARTIN
2019-11-25,1.0143942544709426,1.3525256726279236,naive,SAN MARTIN
2019-12-02,1.0143942544709426,1.3525256726279236,naive,SAN MARTIN
2019-12-09,1.0143942544709426,1.3525256726279236,naive,SAN MARTIN
2019-12-16,1.1271047271899362,1.0143942544709423,naive,SAN MARTIN
2019-12-23,1.1271047271899362,1.0143942544709423,naive,SAN MARTIN
2019-12-30,1.0143942544709426,1.0143942544709423,naive,SAN MARTIN
2020-01-06,0.8985804080725158,1.0143942544709423,naive,SAN MARTIN
2020-01-13,0.8923736607136498,0.8985804080725159,naive,SAN MARTIN
2020-01-20,1.0004290729134941,0.8985804080725159,naive,SAN MARTIN
2020-01-27,1.111587858792771,0.8985804080725159,naive,SAN MARTIN
2020-02-03,0.7781115011549398,0.8985804080725159,naive,SAN MARTIN
2020-02-10,0.6669527152756626,0.7781115011549398,naive,SAN MARTIN
2020-02-17,0.5557939293963855,0.7781115011549398,naive,SAN MARTIN
2020-02-24,0.6669527152756627,0.7781115011549398,naive,SAN MARTIN
2020-03-02,0.7781115011549398,0.7781115011549398,naive,SAN MARTIN
2020-03-09,0.6669527152756626,0.7781115011549398,naive,SAN MARTIN
2020-03-16,1.1115878587927712,0.7781115011549398,naive,SAN MARTIN
2020-03-23,0.889270287034217,0.7781115011549398,naive,SAN MARTIN
2020-03-30,0.7781115011549398,0.7781115011549398,naive,SAN MARTIN
2020-04-06,0.11115878587927697,0.7781115011549398,naive,SAN MARTIN
2020-04-13,0.11115878587927697,0.7781115011549398,naive,SAN MARTIN
2020-04-20,0.4446351435171083,0.7781115011549398,naive,SAN MARTIN
2020-04-27,0.5557939293963855,0.7781115011549398,naive,SAN MARTIN
2020-05-04,1.000429072913494,0.5557939293963856,naive,SAN MARTIN
2020-05-11,0.889270287034217,0.5557939293963856,naive,SAN MARTIN
2020-05-18,1.6673817881891566,0.5557939293963856,naive,SAN MARTIN
2020-05-25,2.6678108611026503,0.5557939293963856,naive,SAN MARTIN
2020-06-01,4.335192649291807,2.6678108611026503,naive,SAN MARTIN
2020-06-08,6.668325500586736,2.6678108611026503,naive,SAN MARTIN
2020-06-15,8.334505636606002,2.6678108611026503,naive,SAN MARTIN
2020-06-22,9.667209414987436,2.6678108611026503,naive,SAN MARTIN
2020-06-29,8.00102927896817,9.667209414987438,naive,SAN MARTIN
2020-07-06,6.8906430723452905,9.667209414987438,naive,SAN MARTIN
2020-07-13,6.113733223360241,9.667209414987438,naive,SAN MARTIN
2020-07-20,6.55836836687735,9.667209414987438,naive,SAN MARTIN
2020-07-27,5.002145364567471,6.558368366877349,naive,SAN MARTIN
2020-08-03,3.334763576378313,6.558368366877349,naive,SAN MARTIN
2020-08-10,2.3343345034648197,6.558368366877349,naive,SAN MARTIN
2020-08-17,2.890128432861205,6.558368366877349,naive,SAN MARTIN
2020-08-24,3.0012872187404827,2.890128432861205,naive,SAN MARTIN
2020-08-31,2.7789696469819276,2.890128432861205,naive,SAN MARTIN
2020-09-07,2.112016931706265,2.890128432861205,naive,SAN MARTIN
2020-09-14,1.778540574068434,2.890128432861205,naive,SAN MARTIN
2020-09-21,1.5562230023098795,1.7785405740684341,naive,SAN MARTIN
2020-09-28,2.0008581458269883,1.7785405740684341,naive,SAN MARTIN
2020-10-05,1.6673817881891566,1.7785405740684341,naive,SAN MARTIN
2020-10-12,1.4450642164306025,1.7785405740684341,naive,SAN MARTIN
2020-10-19,0.7781115011549398,1.4450642164306022,naive,SAN MARTIN
2020-10-26,0.889270287034217,1.4450642164306022,naive,SAN MARTIN
2020-11-02,1.2227466446720483,1.4450642164306022,naive,SAN MARTIN
2020-11-09,1.5562230023098795,1.4450642164306022,naive,SAN MARTIN
2020-11-16,1.5562230023098798,1.5562230023098795,naive,SAN MARTIN
2020-11-23,1.4450642164306027,1.5562230023098795,naive,SAN MARTIN
2020-11-30,1.2227466446720483,1.5562230023098795,naive,SAN MARTIN
2020-12-07,1.5562230023098795,1.5562230023098795,naive,SAN MARTIN
2020-12-14,1.4450642164306027,1.5562230023098795,naive,SAN MARTIN
2020-12-21,1.3339054305513256,1.5562230023098795,naive,SAN MARTIN
2020-12-28,1.1115878587927712,1.5562230023098795,naive,SAN MARTIN
2021-01-04,1.7634451456401699,1.5562230023098795,naive,SAN MARTIN
2021-01-11,2.966567733355474,1.76344514564017,naive,SAN MARTIN
2021-01-18,3.947372749312225,1.76344514564017,naive,SAN MARTIN
2021-01-25,3.728074263239323,1.76344514564017,naive,SAN MARTIN
2021-02-01,3.837723506275774,1.76344514564017,naive,SAN MARTIN
2021-02-08,4.1666712353851265,3.8377235062757737,naive,SAN MARTIN
2021-02-15,5.372812908786083,3.8377235062757737,naive,SAN MARTIN
2021-02-22,5.701760637895435,3.8377235062757737,naive,SAN MARTIN
2021-03-01,6.140357610041239,3.8377235062757737,naive,SAN MARTIN
2021-03-08,6.7982530682599425,6.140357610041239,naive,SAN MARTIN
2021-03-15,6.7982530682599425,6.140357610041239,naive,SAN MARTIN
2021-03-22,7.675447012551548,6.140357610041239,naive,SAN MARTIN
2021-03-29,7.456148526478646,6.140357610041239,naive,SAN MARTIN
2021-04-05,8.81451453318813,7.456148526478648,naive,SAN MARTIN
2021-04-12,8.966738866496657,7.456148526478648,naive,SAN MARTIN
2021-04-19,9.667209414987436,7.456148526478648,naive,SAN MARTIN
2021-04-26,9.667209414987436,7.456148526478648,naive,SAN MARTIN
2021-05-03,9.667209414987436,9.667209414987438,naive,SAN MARTIN
2021-05-10,8.528141894350853,9.667209414987438,naive,SAN MARTIN
2021-05-17,8.485566804078777,9.667209414987438,naive,SAN MARTIN
2021-05-24,7.017551554332844,9.667209414987438,naive,SAN MARTIN
2021-05-31,6.7982530682599425,7.0175515543328455,naive,SAN MARTIN
2021-06-07,5.592111394858985,7.0175515543328455,naive,SAN MARTIN
2021-06-14,4.276320478421575,7.0175515543328455,naive,SAN MARTIN
2021-06-21,3.7280742632393227,7.0175515543328455,naive,SAN MARTIN
2021-06-28,2.4122833468019143,3.728074263239323,naive,SAN MARTIN
2021-07-05,2.302634103765463,3.728074263239323,naive,SAN MARTIN
2021-07-12,1.75438788858321,3.728074263239323,naive,SAN MARTIN
2021-07-19,2.083335617692562,3.728074263239323,naive,SAN MARTIN
2021-07-26,2.4122833468019143,2.083335617692562,naive,SAN MARTIN
2021-08-02,2.0833356176925624,2.083335617692562,naive,SAN MARTIN
2021-08-09,1.75438788858321,2.083335617692562,naive,SAN MARTIN
2021-08-16,1.0964924303645058,2.083335617692562,naive,SAN MARTIN
2021-08-23,0.9868431873280551,1.0964924303645058,naive,SAN MARTIN
2021-08-30,0.7675447012551538,1.0964924303645058,naive,SAN MARTIN
2021-09-06,0.8771939442916045,1.0964924303645058,naive,SAN MARTIN
2021-09-13,0.7675447012551538,1.0964924303645058,naive,SAN MARTIN
2021-09-20,0.657895458218703,0.7675447012551537,naive,SAN MARTIN
2021-09-27,0.7675447012551538,0.7675447012551537,naive,SAN MARTIN
2021-10-04,0.8771939442916045,0.7675447012551537,naive,SAN MARTIN
2021-10-11,0.9868431873280552,0.7675447012551537,naive,SAN MARTIN
2021-10-18,1.2061416734009567,0.9868431873280552,naive,SAN MARTIN
2021-10-25,1.0964924303645058,0.9868431873280552,naive,SAN MARTIN
2021-11-01,0.9868431873280552,0.9868431873280552,naive,SAN MARTIN
2021-11-08,1.4254401594738582,0.9868431873280552,naive,SAN MARTIN
2021-11-15,1.75438788858321,1.4254401594738582,naive,SAN MARTIN
2021-11-22,2.192984860729013,1.4254401594738582,naive,SAN MARTIN
2021-11-29,1.5350894025103088,1.4254401594738582,naive,SAN MARTIN
2021-12-06,1.5350894025103088,1.4254401594738582,naive,SAN MARTIN
2021-12-13,1.3157909164374073,1.5350894025103088,naive,SAN MARTIN
2021-12-20,1.3157909164374073,1.5350894025103088,naive,SAN MARTIN
2021-12-27,1.6447386455467594,1.5350894025103088,naive,SAN MARTIN
2022-01-03,4.318895568693652,1.5350894025103088,naive,SAN MARTIN
2022-01-10,4.532317683583121,4.3188955686936525,naive,SAN MARTIN
2022-01-17,5.169645842659812,4.3188955686936525,naive,SAN MARTIN
2022-01-24,2.8126839062554083,4.3188955686936525,naive,SAN MARTIN
2022-01-31,4.11084570914252,4.3188955686936525,naive,SAN MARTIN
2022-02-07,4.435386159864298,4.11084570914252,naive,SAN MARTIN
2022-02-14,4.759926610586076,4.11084570914252,naive,SAN MARTIN
2022-02-21,4.002665558901928,4.11084570914252,naive,SAN MARTIN
2022-02-28,2.8126839062554083,4.11084570914252,naive,SAN MARTIN
2022-03-07,2.8126839062554083,2.8126839062554088,naive,SAN MARTIN
2022-03-14,2.3799633052930376,2.8126839062554088,naive,SAN MARTIN
2022-03-21,2.3799633052930376,2.8126839062554088,naive,SAN MARTIN
2022-03-28,1.622702253608889,2.8126839062554088,naive,SAN MARTIN
2022-04-04,1.8390625540900747,1.6227022536088889,naive,SAN MARTIN
2022-04-11,1.8390625540900747,1.6227022536088889,naive,SAN MARTIN
2022-04-18,2.596323605774223,1.6227022536088889,naive,SAN MARTIN
2022-04-25,3.1372243569771867,1.6227022536088889,naive,SAN MARTIN
2022-05-02,2.9208640564960007,3.137224356977187,naive,SAN MARTIN
2022-05-09,2.488143455533631,3.137224356977187,naive,SAN MARTIN
2022-05-16,2.3799633052930376,3.137224356977187,naive,SAN MARTIN
2022-05-23,3.1372243569771867,3.137224356977187,naive,SAN MARTIN
2022-05-30,3.894485408661335,3.137224356977187,naive,SAN MARTIN
2022-06-06,3.7863052584207426,3.137224356977187,naive,SAN MARTIN
2022-06-13,3.461764807698964,3.137224356977187,naive,SAN MARTIN
2022-06-20,3.6781251081801494,3.137224356977187,naive,SAN MARTIN
2022-06-27,4.002665558901928,3.678125108180149,naive,SAN MARTIN
2022-07-04,4.11084570914252,3.678125108180149,naive,SAN MARTIN
2022-07-11,3.7863052584207426,3.678125108180149,naive,SAN MARTIN
2022-07-18,3.353584657458372,3.678125108180149,naive,SAN MARTIN
2022-07-25,3.7863052584207426,3.353584657458372,naive,SAN MARTIN
2022-08-01,3.4617648076989647,3.353584657458372,naive,SAN MARTIN
2022-08-08,3.2454045072177795,3.353584657458372,naive,SAN MARTIN
2022-08-15,2.8126839062554096,3.353584657458372,naive,SAN MARTIN
2022-08-22,2.4881434555336317,2.812683906255409,naive,SAN MARTIN
2022-08-29,2.4881434555336313,2.812683906255409,naive,SAN MARTIN
2022-09-05,2.920864056496002,2.812683906255409,naive,SAN MARTIN
2022-09-12,3.0290442067365944,2.812683906255409,naive,SAN MARTIN
2022-09-19,3.6781251081801503,3.029044206736595,naive,SAN MARTIN
2022-09-26,2.596323605774224,3.029044206736595,naive,SAN MARTIN
2022-10-03,2.4881434555336313,3.029044206736595,naive,SAN MARTIN
2022-10-10,1.9472427043306684,3.029044206736595,naive,SAN MARTIN
2022-10-17,1.730882403849483,1.9472427043306682,naive,SAN MARTIN
2022-10-24,1.9472427043306684,1.9472427043306682,naive,SAN MARTIN
2022-10-31,2.379963305293039,1.9472427043306682,naive,SAN MARTIN
2022-11-07,2.7045037560148164,1.9472427043306682,naive,SAN MARTIN
2022-11-14,2.163603004811853,2.704503756014816,naive,SAN MARTIN
2022-11-21,1.5145221033682974,2.704503756014816,naive,SAN MARTIN
2022-11-28,2.3799633052930385,2.704503756014816,naive,SAN MARTIN
2022-12-05,3.24540450721778,2.704503756014816,naive,SAN MARTIN
2010-12-27,1.0404433329041503,0.5294240660297695,seasonal_naive,SAN MARTIN
2011-01-03,0.26011083322603745,0.39246684973347995,seasonal_naive,SAN MARTIN
2011-01-10,0.13005541661301864,0.2601108332260377,seasonal_naive,SAN MARTIN
2011-01-17,0.12783342793006985,0.2601108332260377,seasonal_naive,SAN MARTIN
2011-01-24,0.12783342793006985,0.2601108332260377,seasonal_naive,SAN MARTIN
2011-01-31,0.12783342793006985,0.3901662498390565,seasonal_naive,SAN MARTIN
2011-02-07,0.12783342793006985,0.7803324996781129,seasonal_naive,SAN MARTIN
2011-02-14,0.6391671396503499,0.5202216664520753,seasonal_naive,SAN MARTIN
2011-02-21,0.6391671396503499,0.6502770830650941,seasonal_naive,SAN MARTIN
2011-02-28,0.7670005675804199,0.6502770830650941,seasonal_naive,SAN MARTIN
2011-03-07,0.3835002837902099,0.6502770830650941,seasonal_naive,SAN MARTIN
2011-03-14,0.5113337117202799,0.5202216664520751,seasonal_naive,SAN MARTIN
2011-03-21,0.7670005675804199,0.5202216664520753,seasonal_naive,SAN MARTIN
2011-03-28,1.02266742344056,0.6502770830650941,seasonal_naive,SAN MARTIN
2011-04-04,1.1505008513706299,0.7803324996781129,seasonal_naive,SAN MARTIN
2011-04-11,0.8948339955104899,0.5202216664520753,seasonal_naive,SAN MARTIN
2011-04-18,0.5113337117202799,0.5202216664520753,seasonal_naive,SAN MARTIN
2011-04-25,0.5113337117202799,0.5202216664520753,seasonal_naive,SAN MARTIN
2011-05-02,0.2556668558601399,0.3901662498390565,seasonal_naive,SAN MARTIN
2011-05-09,0.5113337117202799,0.6502770830650941,seasonal_naive,SAN MARTIN
2011-05-16,0.2556668558601399,0.3901662498390565,seasonal_naive,SAN MARTIN
2011-05-23,0.2556668558601399,0.6502770830650939,seasonal_naive,SAN MARTIN
2011-05-30,0.2556668558601399,0.5202216664520753,seasonal_naive,SAN MARTIN
2011-06-06,0.3835002837902099,0.7803324996781129,seasonal_naive,SAN MARTIN
2011-06-13,0.3835002837902099,0.7803324996781129,seasonal_naive,SAN MARTIN
2011-06-20,0.2556668558601399,0.6502770830650941,seasonal_naive,SAN MARTIN
2011-06-27,0.3835002837902099,0.6502770830650941,seasonal_naive,SAN MARTIN
2011-07-04,0.6391671396503499,0.7803324996781129,seasonal_naive,SAN MARTIN
2011-07-11,0.6391671396503499,0.9103879162911317,seasonal_naive,SAN MARTIN
2011-07-18,1.02266742344056,1.0404433329041507,seasonal_naive,SAN MARTIN
2011-07-25,0.8948339955104898,0.7803324996781129,seasonal_naive,SAN MARTIN
2011-08-01,1.02266742344056,1.0404433329041507,seasonal_naive,SAN MARTIN
2011-08-08,0.7670005675804198,1.0404433329041507,seasonal_naive,SAN MARTIN
2011-08-15,1.40616770723077,1.1704987495171695,seasonal_naive,SAN MARTIN
2011-08-22,1.40616770723077,0.9103879162911317,seasonal_naive,SAN MARTIN
2011-08-29,1.5340011351608398,0.5202216664520753,seasonal_naive,SAN MARTIN
2011-09-05,1.1505008513706299,0.2601108332260377,seasonal_naive,SAN MARTIN
2011-09-12,1.2783342793006998,0.0,seasonal_naive,SAN MARTIN
2011-09-19,1.15050085137063,0.1300554166130188,seasonal_naive,SAN MARTIN
2011-09-26,1.2783342793006998,0.1300554166130188,seasonal_naive,SAN MARTIN
2011-10-03,1.1505008513706299,0.1300554166130188,seasonal_naive,SAN MARTIN
2011-10-10,1.2783342793006998,0.2601108332260377,seasonal_naive,SAN MARTIN
2011-10-17,0.7670005675804198,0.6502770830650941,seasonal_naive,SAN MARTIN
2011-10-24,0.5113337117202796,0.7803324996781129,seasonal_naive,SAN MARTIN
2011-10-31,0.12783342793006972,0.7803324996781129,seasonal_naive,SAN MARTIN
2011-11-07,0.6391671396503497,0.9103879162911317,seasonal_naive,SAN MARTIN
2011-11-14,1.0226674234405597,1.3005541661301883,seasonal_naive,SAN MARTIN
2011-11-21,0.8948339955104897,1.170498749517169,seasonal_naive,SAN MARTIN
2011-11-28,0.6391671396503497,1.0404433329041503,seasonal_naive,SAN MARTIN
2011-12-05,0.38350028379020973,0.7803324996781127,seasonal_naive,SAN MARTIN
2011-12-12,0.7670005675804198,1.4306095827432066,seasonal_naive,SAN MARTIN
2011-12-19,0.5113337117202797,1.170498749517169,seasonal_naive,SAN MARTIN
2011-12-26,1.1505008513706299,1.0404433329041503,seasonal_naive,SAN MARTIN
2012-01-02,1.1440588343943905,0.2601108332260375,seasonal_naive,SAN MARTIN
2012-01-09,1.5211171012083613,0.13005541661301864,seasonal_naive,SAN MARTIN
2012-01-16,0.8798026225659316,0.12783342793006985,seasonal_naive,SAN MARTIN
2012-01-23,0.8798026225659316,0.12783342793006985,seasonal_naive,SAN MARTIN
2012-01-30,0.5027443557519607,0.12783342793006985,seasonal_naive,SAN MARTIN
2012-02-06,0.628430444689951,0.12783342793006985,seasonal_naive,SAN MARTIN
2012-02-13,0.628430444689951,0.63916713965035,seasonal_naive,SAN MARTIN
2012-02-20,0.628430444689951,0.63916713965035,seasonal_naive,SAN MARTIN
2012-02-27,0.37705826681397053,0.7670005675804199,seasonal_naive,SAN MARTIN
2012-03-05,0.0,0.38350028379020984,seasonal_naive,SAN MARTIN
2012-03-12,0.0,0.5113337117202799,seasonal_naive,SAN MARTIN
2012-03-19,0.0,0.7670005675804199,seasonal_naive,SAN MARTIN
2012-03-26,0.0,1.0226674234405602,seasonal_naive,SAN MARTIN
2012-04-02,0.0,1.1505008513706296,seasonal_naive,SAN MARTIN
2012-04-09,0.37705826681397053,0.89483399551049,seasonal_naive,SAN MARTIN
2012-04-16,0.37705826681397053,0.5113337117202799,seasonal_naive,SAN MARTIN
2012-04-23,0.37705826681397053,0.5113337117202799,seasonal_naive,SAN MARTIN
2012-04-30,0.12568608893798996,0.2556668558601399,seasonal_naive,SAN MARTIN
2012-05-07,0.12568608893798996,0.5113337117202799,seasonal_naive,SAN MARTIN
2012-05-14,0.2513721778759802,0.2556668558601399,seasonal_naive,SAN MARTIN
2012-05-21,0.12568608893798996,0.2556668558601399,seasonal_naive,SAN MARTIN
2012-05-28,0.3770582668139704,0.2556668558601399,seasonal_naive,SAN MARTIN
2012-06-04,0.3770582668139704,0.38350028379020984,seasonal_naive,SAN MARTIN
2012-06-11,0.3770582668139704,0.38350028379020984,seasonal_naive,SAN MARTIN
2012-06-18,0.25137217787598026,0.2556668558601399,seasonal_naive,SAN MARTIN
2012-06-25,0.37705826681397053,0.38350028379020984,seasonal_naive,SAN MARTIN
2012-07-02,0.7541165336279413,0.63916713965035,seasonal_naive,SAN MARTIN
2012-07-09,0.7541165336279413,0.63916713965035,seasonal_naive,SAN MARTIN
2012-07-16,0.5027443557519609,1.0226674234405602,seasonal_naive,SAN MARTIN
2012-07-23,0.25137217787598026,0.8948339955104898,seasonal_naive,SAN MARTIN
2012-07-30,0.12568608893799002,1.0226674234405602,seasonal_naive,SAN MARTIN
2012-08-06,0.25137217787598026,0.7670005675804197,seasonal_naive,SAN MARTIN
2012-08-13,0.12568608893799002,1.40616770723077,seasonal_naive,SAN MARTIN
2012-08-20,0.12568608893799002,1.40616770723077,seasonal_naive,SAN MARTIN
2012-08-27,0.12568608893799002,1.5340011351608398,seasonal_naive,SAN MARTIN
2012-09-03,0.12568608893799002,1.1505008513706296,seasonal_naive,SAN MARTIN
2012-09-10,0.12568608893799002,1.2783342793006995,seasonal_naive,SAN MARTIN
2012-09-17,0.0,1.15050085137063,seasonal_naive,SAN MARTIN
2012-09-24,0.0,1.2783342793006995,seasonal_naive,SAN MARTIN
2012-10-01,0.0,1.1505008513706296,seasonal_naive,SAN MARTIN
2012-10-08,0.12568608893799002,1.2783342793006995,seasonal_naive,SAN MARTIN
2012-10-15,0.12568608893799002,0.7670005675804197,seasonal_naive,SAN MARTIN
2012-10-22,0.12568608893799002,0.5113337117202796,seasonal_naive,SAN MARTIN
2012-10-29,0.12568608893799002,0.12783342793006974,seasonal_naive,SAN MARTIN
2012-11-05,0.12568608893799002,0.6391671396503495,seasonal_naive,SAN MARTIN
2012-11-12,0.25137217787598026,1.0226674234405597,seasonal_naive,SAN MARTIN
2012-11-19,0.25137217787598026,0.8948339955104896,seasonal_naive,SAN MARTIN
2012-11-26,0.25137217787598026,0.6391671396503495,seasonal_naive,SAN MARTIN
2012-12-03,0.12568608893799002,0.3835002837902097,seasonal_naive,SAN MARTIN
2012-12-10,0.0,0.7670005675804197,seasonal_naive,SAN MARTIN
2012-12-17,0.0,0.5113337117202796,seasonal_naive,SAN MARTIN
2012-12-24,0.0,1.1505008513706296,seasonal_naive,SAN MARTIN
2012-12-31,0.12568608893799002,1.1440588343943903,seasonal_naive,SAN MARTIN
2013-01-07,0.37290548873873114,1.5211171012083615,seasonal_naive,SAN MARTIN
2013-01-14,0.6201248885394723,0.8798026225659317,seasonal_naive,SAN MARTIN
2013-01-21,0.49443879960148207,0.8798026225659317,seasonal_naive,SAN MARTIN
2013-01-28,0.24721939980074095,0.5027443557519606,seasonal_naive,SAN MARTIN
2013-02-04,0.24721939980074095,0.6284304446899509,seasonal_naive,SAN MARTIN
2013-02-11,0.24721939980074095,0.6284304446899509,seasonal_naive,SAN MARTIN
2013-02-18,0.3708290997011115,0.6284304446899509,seasonal_naive,SAN MARTIN
2013-02-25,0.24721939980074095,0.37705826681397053,seasonal_naive,SAN MARTIN
2013-03-04,0.3708290997011117,0.0,seasonal_naive,SAN MARTIN
2013-03-11,0.24721939980074095,0.0,seasonal_naive,SAN MARTIN
2013-03-18,0.24721939980074095,0.0,seasonal_naive,SAN MARTIN
2013-03-25,0.6180484995018527,0.0,seasonal_naive,SAN MARTIN
2013-04-01,0.9888775992029645,0.0,seasonal_naive,SAN MARTIN
2013-04-08,0.8652678993025938,0.37705826681397053,seasonal_naive,SAN MARTIN
2013-04-15,0.3708290997011116,0.37705826681397053,seasonal_naive,SAN MARTIN
2013-04-22,0.0,0.37705826681397053,seasonal_naive,SAN MARTIN
2013-04-29,0.0,0.12568608893798996,seasonal_naive,SAN MARTIN
2013-05-06,0.0,0.12568608893798996,seasonal_naive,SAN MARTIN
2013-05-13,0.12360969990037042,0.2513721778759802,seasonal_naive,SAN MARTIN
2013-05-20,0.12360969990037042,0.12568608893798996,seasonal_naive,SAN MARTIN
2013-05-27,0.247219399800741,0.3770582668139705,seasonal_naive,SAN MARTIN
2013-06-03,0.247219399800741,0.3770582668139705,seasonal_naive,SAN MARTIN
2013-06-10,0.3708290997011117,0.3770582668139705,seasonal_naive,SAN MARTIN
2013-06-17,0.24721939980074104,0.25137217787598026,seasonal_naive,SAN MARTIN
2013-06-24,0.12360969990037042,0.37705826681397053,seasonal_naive,SAN MARTIN
2013-07-01,0.0,0.7541165336279414,seasonal_naive,SAN MARTIN
2013-07-08,0.247219399800741,0.7541165336279414,seasonal_naive,SAN MARTIN
2013-07-15,0.7416581994022233,0.5027443557519609,seasonal_naive,SAN MARTIN
2013-07-22,0.8652678993025938,0.25137217787598026,seasonal_naive,SAN MARTIN
2013-07-29,1.112487299103335,0.12568608893799002,seasonal_naive,SAN MARTIN
2013-08-05,0.9888775992029645,0.25137217787598026,seasonal_naive,SAN MARTIN
2013-08-12,0.8652678993025938,0.12568608893799002,seasonal_naive,SAN MARTIN
2013-08-19,0.6180484995018527,0.12568608893799002,seasonal_naive,SAN MARTIN
2013-08-26,0.24721939980074092,0.12568608893799002,seasonal_naive,SAN MARTIN
2013-09-02,0.49443879960148207,0.12568608893799002,seasonal_naive,SAN MARTIN
2013-09-09,0.3708290997011115,0.12568608893799002,seasonal_naive,SAN MARTIN
2013-09-16,0.49443879960148207,0.0,seasonal_naive,SAN MARTIN
2013-09-23,0.3708290997011117,0.0,seasonal_naive,SAN MARTIN
2013-09-30,0.6180484995018527,0.0,seasonal_naive,SAN MARTIN
2013-10-07,0.8652678993025938,0.12568608893799002,seasonal_naive,SAN MARTIN
2013-10-14,1.1124872991033352,0.12568608893799002,seasonal_naive,SAN MARTIN
2013-10-21,0.8652678993025938,0.12568608893799002,seasonal_naive,SAN MARTIN
2013-10-28,0.49443879960148207,0.12568608893799002,seasonal_naive,SAN MARTIN
2013-11-04,0.24721939980074092,0.12568608893799002,seasonal_naive,SAN MARTIN
2013-11-11,0.24721939980074092,0.25137217787598026,seasonal_naive,SAN MARTIN
2013-11-18,0.3708290997011117,0.25137217787598026,seasonal_naive,SAN MARTIN
2013-11-25,0.3708290997011117,0.25137217787598026,seasonal_naive,SAN MARTIN
2013-12-02,0.49443879960148207,0.12568608893799002,seasonal_naive,SAN MARTIN
2013-12-09,0.49443879960148207,0.0,seasonal_naive,SAN MARTIN
2013-12-16,0.8652678993025938,0.0,seasonal_naive,SAN MARTIN
2013-12-23,0.9888775992029645,0.0,seasonal_naive,SAN MARTIN
2013-12-30,0.8652678993025938,0.12568608893799002,seasonal_naive,SAN MARTIN
2014-01-06,0.3708290997011115,0.37290548873873114,seasonal_naive,SAN MARTIN
2014-01-13,0.12160080159248388,0.6201248885394723,seasonal_naive,SAN MARTIN
2014-01-20,0.24320160318496797,0.494438799601482,seasonal_naive,SAN MARTIN
2014-01-27,0.3648024047774523,0.24721939980074095,seasonal_naive,SAN MARTIN
2014-02-03,0.24320160318496797,0.24721939980074095,seasonal_naive,SAN MARTIN
2014-02-10,0.12160080159248388,0.24721939980074095,seasonal_naive,SAN MARTIN
2014-02-17,0.0,0.3708290997011115,seasonal_naive,SAN MARTIN
2014-02-24,0.24320160318496797,0.24721939980074095,seasonal_naive,SAN MARTIN
2014-03-03,0.36480240477745207,0.3708290997011118,seasonal_naive,SAN MARTIN
2014-03-10,0.48640320636993617,0.24721939980074095,seasonal_naive,SAN MARTIN
2014-03-17,0.24320160318496797,0.24721939980074095,seasonal_naive,SAN MARTIN
2014-03-24,0.12160080159248388,0.6180484995018527,seasonal_naive,SAN MARTIN
2014-03-31,0.0,0.9888775992029644,seasonal_naive,SAN MARTIN
2014-04-07,0.12160080159248388,0.8652678993025937,seasonal_naive,SAN MARTIN
2014-04-14,0.12160080159248388,0.37082909970111155,seasonal_naive,SAN MARTIN
2014-04-21,0.12160080159248388,0.0,seasonal_naive,SAN MARTIN
2014-04-28,0.12160080159248388,0.0,seasonal_naive,SAN MARTIN
2014-05-05,0.12160080159248388,0.0,seasonal_naive,SAN MARTIN
2014-05-12,0.24320160318496797,0.12360969990037042,seasonal_naive,SAN MARTIN
2014-05-19,0.6080040079624203,0.12360969990037042,seasonal_naive,SAN MARTIN
2014-05-26,0.8512056111473885,0.247219399800741,seasonal_naive,SAN MARTIN
2014-06-02,0.7296048095549045,0.247219399800741,seasonal_naive,SAN MARTIN
2014-06-09,0.6080040079624203,0.3708290997011118,seasonal_naive,SAN MARTIN
2014-06-16,0.6080040079624203,0.24721939980074104,seasonal_naive,SAN MARTIN
2014-06-23,0.8512056111473885,0.12360969990037042,seasonal_naive,SAN MARTIN
2014-06-30,0.6080040079624203,0.0,seasonal_naive,SAN MARTIN
2014-07-07,0.48640320636993617,0.247219399800741,seasonal_naive,SAN MARTIN
2014-07-14,0.3648024047774523,0.7416581994022233,seasonal_naive,SAN MARTIN
2014-07-21,0.24320160318496797,0.8652678993025937,seasonal_naive,SAN MARTIN
2014-07-28,0.12160080159248388,1.1124872991033348,seasonal_naive,SAN MARTIN
2014-08-04,0.36480240477745207,0.9888775992029644,seasonal_naive,SAN MARTIN
2014-08-11,0.48640320636993617,0.8652678993025937,seasonal_naive,SAN MARTIN
2014-08-18,0.6080040079624203,0.6180484995018527,seasonal_naive,SAN MARTIN
2014-08-25,0.3648024047774523,0.2472193998007409,seasonal_naive,SAN MARTIN
2014-09-01,0.48640320636993617,0.494438799601482,seasonal_naive,SAN MARTIN
2014-09-08,0.7296048095549045,0.3708290997011115,seasonal_naive,SAN MARTIN
2014-09-15,0.8512056111473885,0.494438799601482,seasonal_naive,SAN MARTIN
2014-09-22,0.7296048095549045,0.3708290997011118,seasonal_naive,SAN MARTIN
2014-09-29,0.36480240477745207,0.6180484995018527,seasonal_naive,SAN MARTIN
2014-10-06,0.24320160318496797,0.8652678993025937,seasonal_naive,SAN MARTIN
2014-10-13,0.24320160318496797,1.1124872991033352,seasonal_naive,SAN MARTIN
2014-10-20,0.24320160318496797,0.8652678993025937,seasonal_naive,SAN MARTIN
2014-10-27,0.12160080159248388,0.494438799601482,seasonal_naive,SAN MARTIN
2014-11-03,0.24320160318496797,0.2472193998007409,seasonal_naive,SAN MARTIN
2014-11-10,0.48640320636993617,0.2472193998007409,seasonal_naive,SAN MARTIN
2014-11-17,0.7296048095549046,0.3708290997011118,seasonal_naive,SAN MARTIN
2014-11-24,0.48640320636993617,0.3708290997011118,seasonal_naive,SAN MARTIN
2014-12-01,0.36480240477745207,0.494438799601482,seasonal_naive,SAN MARTIN
2014-12-08,0.24320160318496797,0.494438799601482,seasonal_naive,SAN MARTIN
2014-12-15,0.24320160318496797,0.8652678993025937,seasonal_naive,SAN MARTIN
2014-12-22,0.6080040079624203,0.9888775992029644,seasonal_naive,SAN MARTIN
2014-12-29,0.7296048095549045,0.8652678993025937,seasonal_naive,SAN MARTIN
2015-01-05,0.8492609656248219,0.3708290997011115,seasonal_naive,SAN MARTIN
2015-01-12,0.482513915324803,0.12160080159248388,seasonal_naive,SAN MARTIN
2015-01-19,0.7179369364195048,0.24320160318496797,seasonal_naive,SAN MARTIN
2015-01-26,0.8375930924894223,0.36480240477745224,seasonal_naive,SAN MARTIN
2015-02-02,0.8375930924894224,0.24320160318496797,seasonal_naive,SAN MARTIN
2015-02-09,0.47862462427966973,0.12160080159248388,seasonal_naive,SAN MARTIN
2015-02-16,0.3589684682097525,0.0,seasonal_naive,SAN MARTIN
2015-02-23,0.23931231213983475,0.24320160318496797,seasonal_naive,SAN MARTIN
2015-03-02,0.35896846820975226,0.364802404777452,seasonal_naive,SAN MARTIN
2015-03-09,0.35896846820975226,0.4864032063699361,seasonal_naive,SAN MARTIN
2015-03-16,0.7179369364195048,0.24320160318496797,seasonal_naive,SAN MARTIN
2015-03-23,0.5982807803495872,0.12160080159248388,seasonal_naive,SAN MARTIN
2015-03-30,0.9572492485593397,0.0,seasonal_naive,SAN MARTIN
2015-04-06,1.0769054046292572,0.12160080159248388,seasonal_naive,SAN MARTIN
2015-04-13,0.9572492485593397,0.12160080159248388,seasonal_naive,SAN MARTIN
2015-04-20,0.47862462427966973,0.12160080159248388,seasonal_naive,SAN MARTIN
2015-04-27,0.23931231213983475,0.12160080159248388,seasonal_naive,SAN MARTIN
2015-05-04,0.35896846820975226,0.12160080159248388,seasonal_naive,SAN MARTIN
2015-05-11,0.47862462427966973,0.24320160318496797,seasonal_naive,SAN MARTIN
2015-05-18,0.23931231213983475,0.6080040079624203,seasonal_naive,SAN MARTIN
2015-05-25,0.5982807803495872,0.8512056111473885,seasonal_naive,SAN MARTIN
2015-06-01,0.47862462427966973,0.7296048095549044,seasonal_naive,SAN MARTIN
2015-06-08,0.8375930924894223,0.6080040079624203,seasonal_naive,SAN MARTIN
2015-06-15,0.35896846820975226,0.6080040079624203,seasonal_naive,SAN MARTIN
2015-06-22,0.9572492485593397,0.8512056111473885,seasonal_naive,SAN MARTIN
2015-06-29,0.5982807803495872,0.6080040079624203,seasonal_naive,SAN MARTIN
2015-07-06,0.7179369364195046,0.4864032063699361,seasonal_naive,SAN MARTIN
2015-07-13,0.11965615606991727,0.36480240477745224,seasonal_naive,SAN MARTIN
2015-07-20,0.35896846820975226,0.24320160318496797,seasonal_naive,SAN MARTIN
2015-07-27,0.23931231213983475,0.12160080159248388,seasonal_naive,SAN MARTIN
2015-08-03,0.35896846820975226,0.364802404777452,seasonal_naive,SAN MARTIN
2015-08-10,0.35896846820975226,0.4864032063699361,seasonal_naive,SAN MARTIN
2015-08-17,0.35896846820975226,0.6080040079624203,seasonal_naive,SAN MARTIN
2015-08-24,0.47862462427966973,0.36480240477745224,seasonal_naive,SAN MARTIN
2015-08-31,0.35896846820975226,0.4864032063699361,seasonal_naive,SAN MARTIN
2015-09-07,0.47862462427966973,0.7296048095549044,seasonal_naive,SAN MARTIN
2015-09-14,0.23931231213983475,0.8512056111473885,seasonal_naive,SAN MARTIN
2015-09-21,0.11965615606991727,0.7296048095549044,seasonal_naive,SAN MARTIN
2015-09-28,0.0,0.364802404777452,seasonal_naive,SAN MARTIN
2015-10-05,0.0,0.24320160318496797,seasonal_naive,SAN MARTIN
2015-10-12,0.0,0.24320160318496797,seasonal_naive,SAN MARTIN
2015-10-19,0.5982807803495872,0.24320160318496797,seasonal_naive,SAN MARTIN
2015-10-26,0.5982807803495872,0.12160080159248388,seasonal_naive,SAN MARTIN
2015-11-02,0.5982807803495872,0.24320160318496797,seasonal_naive,SAN MARTIN
2015-11-09,0.0,0.4864032063699361,seasonal_naive,SAN MARTIN
2015-11-16,0.0,0.7296048095549046,seasonal_naive,SAN MARTIN
2015-11-23,0.0,0.4864032063699361,seasonal_naive,SAN MARTIN
2015-11-30,0.0,0.364802404777452,seasonal_naive,SAN MARTIN
2015-12-07,0.0,0.24320160318496797,seasonal_naive,SAN MARTIN
2015-12-14,0.0,0.24320160318496797,seasonal_naive,SAN MARTIN
2015-12-21,0.5982807803495872,0.6080040079624203,seasonal_naive,SAN MARTIN
2015-12-28,0.5982807803495872,0.7296048095549044,seasonal_naive,SAN MARTIN
2016-01-04,0.5982807803495872,0.8492609656248218,seasonal_naive,SAN MARTIN
2016-01-11,0.11777272925345023,0.482513915324803,seasonal_naive,SAN MARTIN
2016-01-18,0.23554545850690067,0.7179369364195047,seasonal_naive,SAN MARTIN
2016-01-25,0.23554545850690067,0.8375930924894222,seasonal_naive,SAN MARTIN
2016-02-01,0.4710909170138015,0.8375930924894224,seasonal_naive,SAN MARTIN
2016-02-08,0.4710909170138015,0.4786246242796698,seasonal_naive,SAN MARTIN
2016-02-15,0.588863646267252,0.3589684682097525,seasonal_naive,SAN MARTIN
2016-02-22,0.23554545850690067,0.23931231213983478,seasonal_naive,SAN MARTIN
2016-02-29,0.23554545850690067,0.3589684682097523,seasonal_naive,SAN MARTIN
2016-03-07,0.11777272925345023,0.3589684682097523,seasonal_naive,SAN MARTIN
2016-03-14,0.23554545850690067,0.7179369364195047,seasonal_naive,SAN MARTIN
2016-03-21,0.588863646267252,0.5982807803495873,seasonal_naive,SAN MARTIN
2016-03-28,0.588863646267252,0.9572492485593396,seasonal_naive,SAN MARTIN
2016-04-04,0.588863646267252,1.0769054046292572,seasonal_naive,SAN MARTIN
2016-04-11,0.23554545850690067,0.9572492485593396,seasonal_naive,SAN MARTIN
2016-04-18,0.23554545850690067,0.4786246242796698,seasonal_naive,SAN MARTIN
2016-04-25,0.3533181877603511,0.23931231213983478,seasonal_naive,SAN MARTIN
2016-05-02,1.0599545632810539,0.3589684682097523,seasonal_naive,SAN MARTIN
2016-05-09,1.2955000217879546,0.4786246242796698,seasonal_naive,SAN MARTIN
2016-05-16,1.4132727510414052,0.23931231213983478,seasonal_naive,SAN MARTIN
2016-05-23,0.7066363755207026,0.5982807803495873,seasonal_naive,SAN MARTIN
2016-05-30,0.4710909170138016,0.4786246242796698,seasonal_naive,SAN MARTIN
2016-06-06,0.23554545850690076,0.8375930924894222,seasonal_naive,SAN MARTIN
2016-06-13,0.35331818776035123,0.3589684682097523,seasonal_naive,SAN MARTIN
2016-06-20,0.35331818776035123,0.9572492485593396,seasonal_naive,SAN MARTIN
2016-06-27,0.9421818340276035,0.5982807803495873,seasonal_naive,SAN MARTIN
2016-07-04,0.8244091047741527,0.7179369364195047,seasonal_naive,SAN MARTIN
2016-07-11,1.2955000217879544,0.11965615606991727,seasonal_naive,SAN MARTIN
2016-07-18,0.7066363755207026,0.3589684682097523,seasonal_naive,SAN MARTIN
2016-07-25,0.7066363755207026,0.23931231213983478,seasonal_naive,SAN MARTIN
2016-08-01,0.588863646267252,0.3589684682097523,seasonal_naive,SAN MARTIN
2016-08-08,0.47109091701380157,0.3589684682097523,seasonal_naive,SAN MARTIN
2016-08-15,0.588863646267252,0.3589684682097523,seasonal_naive,SAN MARTIN
2016-08-22,0.4710909170138016,0.4786246242796698,seasonal_naive,SAN MARTIN
2016-08-29,0.9421818340276035,0.3589684682097523,seasonal_naive,SAN MARTIN
2016-09-05,1.0599545632810539,0.4786246242796698,seasonal_naive,SAN MARTIN
2016-09-12,1.0599545632810539,0.23931231213983478,seasonal_naive,SAN MARTIN
2016-09-19,0.7066363755207025,0.11965615606991727,seasonal_naive,SAN MARTIN
2016-09-26,0.35331818776035123,0.0,seasonal_naive,SAN MARTIN
2016-10-03,0.23554545850690076,0.0,seasonal_naive,SAN MARTIN
2016-10-10,0.23554545850690076,0.0,seasonal_naive,SAN MARTIN
2016-10-17,0.35331818776035134,0.5982807803495873,seasonal_naive,SAN MARTIN
2016-10-24,0.23554545850690078,0.5982807803495873,seasonal_naive,SAN MARTIN
2016-10-31,0.1177727292534503,0.5982807803495873,seasonal_naive,SAN MARTIN
2016-11-07,0.4710909170138016,0.0,seasonal_naive,SAN MARTIN
2016-11-14,0.824409104774153,0.0,seasonal_naive,SAN MARTIN
2016-11-21,0.9421818340276035,0.0,seasonal_naive,SAN MARTIN
2016-11-28,0.8244091047741527,0.0,seasonal_naive,SAN MARTIN
2016-12-05,0.588863646267252,0.0,seasonal_naive,SAN MARTIN
2016-12-12,0.5888636462672521,0.0,seasonal_naive,SAN MARTIN
2016-12-19,0.23554545850690076,0.5982807803495873,seasonal_naive,SAN MARTIN
2016-12-26,0.47109091701380157,0.5982807803495873,seasonal_naive,SAN MARTIN
2017-01-02,1.8606362167912962,0.5982807803495873,seasonal_naive,SAN MARTIN
2017-01-09,2.3244263795700486,0.11777272925345021,seasonal_naive,SAN MARTIN
2017-01-16,2.5508458952831377,0.23554545850690062,seasonal_naive,SAN MARTIN
2017-01-23,1.5073180290309451,0.23554545850690062,seasonal_naive,SAN MARTIN
2017-01-30,1.391370488336257,0.47109091701380146,seasonal_naive,SAN MARTIN
2017-02-06,1.623265569725633,0.47109091701380146,seasonal_naive,SAN MARTIN
2017-02-13,2.0870557325043855,0.5888636462672521,seasonal_naive,SAN MARTIN
2017-02-20,1.9711081918096978,0.23554545850690062,seasonal_naive,SAN MARTIN
2017-02-27,1.2754229476415688,0.23554545850690062,seasonal_naive,SAN MARTIN
2017-03-06,0.5797377034734402,0.11777272925345021,seasonal_naive,SAN MARTIN
2017-03-13,0.463790162778752,0.23554545850690062,seasonal_naive,SAN MARTIN
2017-03-20,0.463790162778752,0.5888636462672521,seasonal_naive,SAN MARTIN
2017-03-27,0.3478426220840643,0.5888636462672521,seasonal_naive,SAN MARTIN
2017-04-03,0.23189508138937595,0.5888636462672521,seasonal_naive,SAN MARTIN
2017-04-10,0.11594754069468781,0.23554545850690062,seasonal_naive,SAN MARTIN
2017-04-17,0.0,0.23554545850690062,seasonal_naive,SAN MARTIN
2017-04-24,0.0,0.3533181877603512,seasonal_naive,SAN MARTIN
2017-05-01,0.11594754069468781,1.059954563281054,seasonal_naive,SAN MARTIN
2017-05-08,0.2318950813893759,1.2955000217879546,seasonal_naive,SAN MARTIN
2017-05-15,0.6956852441681284,1.4132727510414052,seasonal_naive,SAN MARTIN
2017-05-22,0.6956852441681284,0.7066363755207026,seasonal_naive,SAN MARTIN
2017-05-29,0.9275803255575045,0.4710909170138017,seasonal_naive,SAN MARTIN
2017-06-05,0.5797377034734401,0.23554545850690073,seasonal_naive,SAN MARTIN
2017-06-12,0.6956852441681282,0.35331818776035123,seasonal_naive,SAN MARTIN
2017-06-19,0.34784262208406397,0.35331818776035123,seasonal_naive,SAN MARTIN
2017-06-26,0.34784262208406397,0.9421818340276034,seasonal_naive,SAN MARTIN
2017-07-03,0.23189508138937584,0.8244091047741529,seasonal_naive,SAN MARTIN
2017-07-10,0.3478426220840643,1.2955000217879542,seasonal_naive,SAN MARTIN
2017-07-17,0.3478426220840643,0.7066363755207026,seasonal_naive,SAN MARTIN
2017-07-24,0.463790162778752,0.7066363755207026,seasonal_naive,SAN MARTIN
2017-07-31,0.463790162778752,0.5888636462672521,seasonal_naive,SAN MARTIN
2017-08-07,0.5797377034734402,0.47109091701380157,seasonal_naive,SAN MARTIN
2017-08-14,0.34784262208406397,0.5888636462672521,seasonal_naive,SAN MARTIN
2017-08-21,0.34784262208406397,0.4710909170138017,seasonal_naive,SAN MARTIN
2017-08-28,0.23189508138937584,0.9421818340276034,seasonal_naive,SAN MARTIN
2017-09-04,0.3478426220840643,1.059954563281054,seasonal_naive,SAN MARTIN
2017-09-11,0.23189508138937587,1.059954563281054,seasonal_naive,SAN MARTIN
2017-09-18,0.11594754069468773,0.7066363755207024,seasonal_naive,SAN MARTIN
2017-09-25,0.0,0.35331818776035123,seasonal_naive,SAN MARTIN
2017-10-02,0.0,0.23554545850690073,seasonal_naive,SAN MARTIN
2017-10-09,0.0,0.23554545850690073,seasonal_naive,SAN MARTIN
2017-10-16,0.0,0.35331818776035134,seasonal_naive,SAN MARTIN
2017-10-23,0.11594754069468773,0.23554545850690076,seasonal_naive,SAN MARTIN
2017-10-30,0.11594754069468773,0.1177727292534503,seasonal_naive,SAN MARTIN
2017-11-06,0.11594754069468773,0.4710909170138017,seasonal_naive,SAN MARTIN
2017-11-13,0.23189508138937584,0.8244091047741529,seasonal_naive,SAN MARTIN
2017-11-20,0.463790162778752,0.9421818340276034,seasonal_naive,SAN MARTIN
2017-11-27,0.463790162778752,0.8244091047741529,seasonal_naive,SAN MARTIN
2017-12-04,0.23189508138937584,0.5888636462672521,seasonal_naive,SAN MARTIN
2017-12-11,0.0,0.5888636462672521,seasonal_naive,SAN MARTIN
2017-12-18,0.11594754069468773,0.23554545850690073,seasonal_naive,SAN MARTIN
2017-12-25,0.5797377034734401,0.47109091701380157,seasonal_naive,SAN MARTIN
2018-01-01,0.6940437969026686,1.8606362167912964,seasonal_naive,SAN MARTIN
2018-01-08,1.0353206299248947,2.3244263795700486,seasonal_naive,SAN MARTIN
2018-01-15,0.5715304671461423,2.5508458952831377,seasonal_naive,SAN MARTIN
2018-01-22,0.45722437371691377,1.507318029030945,seasonal_naive,SAN MARTIN
2018-01-29,0.22861218685845672,1.391370488336257,seasonal_naive,SAN MARTIN
2018-02-05,0.5715304671461423,1.6232655697256333,seasonal_naive,SAN MARTIN
2018-02-12,0.5715304671461423,2.0870557325043855,seasonal_naive,SAN MARTIN
2018-02-19,0.3429182802876853,1.971108191809698,seasonal_naive,SAN MARTIN
2018-02-26,0.11430609342922825,1.2754229476415686,seasonal_naive,SAN MARTIN
2018-03-05,0.11430609342922825,0.5797377034734401,seasonal_naive,SAN MARTIN
2018-03-12,0.22861218685845677,0.463790162778752,seasonal_naive,SAN MARTIN
2018-03-19,0.34291828028768534,0.463790162778752,seasonal_naive,SAN MARTIN
2018-03-26,0.4572243737169139,0.3478426220840643,seasonal_naive,SAN MARTIN
2018-04-02,0.5715304671461424,0.23189508138937595,seasonal_naive,SAN MARTIN
2018-04-09,0.6858365605753708,0.1159475406946878,seasonal_naive,SAN MARTIN
2018-04-16,0.5715304671461423,0.0,seasonal_naive,SAN MARTIN
2018-04-23,0.4572243737169137,0.0,seasonal_naive,SAN MARTIN
2018-04-30,0.9144487474338279,0.1159475406946878,seasonal_naive,SAN MARTIN
2018-05-07,1.600285308009199,0.23189508138937592,seasonal_naive,SAN MARTIN
2018-05-14,1.7145914014384276,0.6956852441681283,seasonal_naive,SAN MARTIN
2018-05-21,1.1430609342922848,0.6956852441681283,seasonal_naive,SAN MARTIN
2018-05-28,0.6858365605753712,0.9275803255575046,seasonal_naive,SAN MARTIN
2018-06-04,0.5715304671461424,0.5797377034734401,seasonal_naive,SAN MARTIN
2018-06-11,0.34291828028768534,0.6956852441681283,seasonal_naive,SAN MARTIN
2018-06-18,0.3429182802876853,0.3478426220840639,seasonal_naive,SAN MARTIN
2018-06-25,0.22861218685845677,0.3478426220840639,seasonal_naive,SAN MARTIN
2018-07-02,1.143060934292285,0.23189508138937587,seasonal_naive,SAN MARTIN
2018-07-09,1.3716731211507422,0.3478426220840643,seasonal_naive,SAN MARTIN
2018-07-16,1.6002853080091992,0.3478426220840643,seasonal_naive,SAN MARTIN
2018-07-23,0.8001426540045995,0.463790162778752,seasonal_naive,SAN MARTIN
2018-07-30,0.5715304671461424,0.463790162778752,seasonal_naive,SAN MARTIN
2018-08-06,0.45722437371691377,0.5797377034734401,seasonal_naive,SAN MARTIN
2018-08-13,0.5715304671461424,0.3478426220840639,seasonal_naive,SAN MARTIN
2018-08-20,0.6858365605753708,0.3478426220840639,seasonal_naive,SAN MARTIN
2018-08-27,0.8001426540045995,0.23189508138937587,seasonal_naive,SAN MARTIN
2018-09-03,0.5715304671461423,0.3478426220840643,seasonal_naive,SAN MARTIN
2018-09-10,0.685836560575371,0.2318950813893759,seasonal_naive,SAN MARTIN
2018-09-17,0.45722437371691393,0.11594754069468773,seasonal_naive,SAN MARTIN
2018-09-24,0.5715304671461424,0.0,seasonal_naive,SAN MARTIN
2018-10-01,0.11430609342922825,0.0,seasonal_naive,SAN MARTIN
2018-10-08,0.45722437371691377,0.0,seasonal_naive,SAN MARTIN
2018-10-15,0.6858365605753708,0.0,seasonal_naive,SAN MARTIN
2018-10-22,1.0287548408630567,0.11594754069468773,seasonal_naive,SAN MARTIN
2018-10-29,1.1430609342922848,0.11594754069468773,seasonal_naive,SAN MARTIN
2018-11-05,0.914448747433828,0.11594754069468773,seasonal_naive,SAN MARTIN
2018-11-12,0.9144487474338279,0.23189508138937587,seasonal_naive,SAN MARTIN
2018-11-19,0.5715304671461423,0.463790162778752,seasonal_naive,SAN MARTIN
2018-11-26,0.6858365605753708,0.463790162778752,seasonal_naive,SAN MARTIN
2018-12-03,0.34291828028768534,0.23189508138937587,seasonal_naive,SAN MARTIN
2018-12-10,0.5715304671461424,0.0,seasonal_naive,SAN MARTIN
2018-12-17,0.5715304671461423,0.11594754069468773,seasonal_naive,SAN MARTIN
2018-12-24,0.5715304671461423,0.5797377034734401,seasonal_naive,SAN MARTIN
2018-12-31,0.22861218685845677,0.6940437969026687,seasonal_naive,SAN MARTIN
2019-01-07,0.22542094543798696,1.035320629924895,seasonal_naive,SAN MARTIN
2019-01-14,0.7889733090329552,0.5715304671461423,seasonal_naive,SAN MARTIN
2019-01-21,1.0143942544709423,0.4572243737169138,seasonal_naive,SAN MARTIN
2019-01-28,1.2398151999089297,0.22861218685845672,seasonal_naive,SAN MARTIN
2019-02-04,0.6762628363139616,0.5715304671461423,seasonal_naive,SAN MARTIN
2019-02-11,0.5635523635949679,0.5715304671461423,seasonal_naive,SAN MARTIN
2019-02-18,0.7889733090329552,0.34291828028768523,seasonal_naive,SAN MARTIN
2019-02-25,1.3525256726279233,0.11430609342922825,seasonal_naive,SAN MARTIN
2019-03-04,1.6906570907849041,0.11430609342922825,seasonal_naive,SAN MARTIN
2019-03-11,1.1271047271899362,0.2286121868584568,seasonal_naive,SAN MARTIN
2019-03-18,1.0143942544709423,0.3429182802876853,seasonal_naive,SAN MARTIN
2019-03-25,0.9016837817519487,0.4572243737169139,seasonal_naive,SAN MARTIN
2019-04-01,1.0143942544709426,0.5715304671461423,seasonal_naive,SAN MARTIN
2019-04-08,0.563552363594968,0.6858365605753709,seasonal_naive,SAN MARTIN
2019-04-15,1.0143942544709426,0.5715304671461423,seasonal_naive,SAN MARTIN
2019-04-22,1.1271047271899362,0.45722437371691377,seasonal_naive,SAN MARTIN
2019-04-29,1.6906570907849046,0.9144487474338279,seasonal_naive,SAN MARTIN
2019-05-06,1.1271047271899362,1.600285308009199,seasonal_naive,SAN MARTIN
2019-05-13,1.1271047271899362,1.7145914014384278,seasonal_naive,SAN MARTIN
2019-05-20,0.7889733090329553,1.1430609342922846,seasonal_naive,SAN MARTIN
2019-05-27,0.7889733090329553,0.6858365605753713,seasonal_naive,SAN MARTIN
2019-06-03,0.45084189087597437,0.5715304671461423,seasonal_naive,SAN MARTIN
2019-06-10,0.3381314181569808,0.3429182802876853,seasonal_naive,SAN MARTIN
2019-06-17,0.11271047271899348,0.34291828028768523,seasonal_naive,SAN MARTIN
2019-06-24,0.2254209454379871,0.2286121868584568,seasonal_naive,SAN MARTIN
2019-07-01,0.2254209454379871,1.143060934292285,seasonal_naive,SAN MARTIN
2019-07-08,0.2254209454379871,1.3716731211507422,seasonal_naive,SAN MARTIN
2019-07-15,0.11271047271899348,1.6002853080091994,seasonal_naive,SAN MARTIN
2019-07-22,0.3381314181569808,0.8001426540045995,seasonal_naive,SAN MARTIN
2019-07-29,1.1271047271899362,0.5715304671461423,seasonal_naive,SAN MARTIN
2019-08-05,1.3525256726279233,0.4572243737169138,seasonal_naive,SAN MARTIN
2019-08-12,1.2398151999089297,0.5715304671461423,seasonal_naive,SAN MARTIN
2019-08-19,1.0143942544709426,0.6858365605753709,seasonal_naive,SAN MARTIN
2019-08-26,0.9016837817519491,0.8001426540045995,seasonal_naive,SAN MARTIN
2019-09-02,0.7889733090329553,0.5715304671461423,seasonal_naive,SAN MARTIN
2019-09-09,0.7889733090329553,0.6858365605753709,seasonal_naive,SAN MARTIN
2019-09-16,1.1271047271899362,0.45722437371691405,seasonal_naive,SAN MARTIN
2019-09-23,1.2398151999089297,0.5715304671461423,seasonal_naive,SAN MARTIN
2019-09-30,1.1271047271899362,0.11430609342922825,seasonal_naive,SAN MARTIN
2019-10-07,1.2398151999089297,0.4572243737169138,seasonal_naive,SAN MARTIN
2019-10-14,1.1271047271899362,0.6858365605753709,seasonal_naive,SAN MARTIN
2019-10-21,0.7889733090329552,1.0287548408630567,seasonal_naive,SAN MARTIN
2019-10-28,0.6762628363139616,1.1430609342922846,seasonal_naive,SAN MARTIN
2019-11-04,1.0143942544709426,0.9144487474338281,seasonal_naive,SAN MARTIN
2019-11-11,1.3525256726279236,0.9144487474338279,seasonal_naive,SAN MARTIN
2019-11-18,1.2398151999089297,0.5715304671461423,seasonal_naive,SAN MARTIN
2019-11-25,1.0143942544709426,0.6858365605753709,seasonal_naive,SAN MARTIN
2019-12-02,1.0143942544709426,0.3429182802876853,seasonal_naive,SAN MARTIN
2019-12-09,1.0143942544709426,0.5715304671461423,seasonal_naive,SAN MARTIN
2019-12-16,1.1271047271899362,0.5715304671461423,seasonal_naive,SAN MARTIN
2019-12-23,1.1271047271899362,0.5715304671461423,seasonal_naive,SAN MARTIN
2019-12-30,1.0143942544709426,0.2286121868584568,seasonal_naive,SAN MARTIN
2020-01-06,0.8985804080725158,0.225420945437987,seasonal_naive,SAN MARTIN
2020-01-13,0.8923736607136498,0.7889733090329552,seasonal_naive,SAN MARTIN
2020-01-20,1.0004290729134941,1.0143942544709423,seasonal_naive,SAN MARTIN
2020-01-27,1.111587858792771,1.2398151999089295,seasonal_naive,SAN MARTIN
2020-02-03,0.7781115011549398,0.6762628363139616,seasonal_naive,SAN MARTIN
2020-02-10,0.6669527152756626,0.563552363594968,seasonal_naive,SAN MARTIN
2020-02-17,0.5557939293963855,0.7889733090329552,seasonal_naive,SAN MARTIN
2020-02-24,0.6669527152756627,1.3525256726279231,seasonal_naive,SAN MARTIN
2020-03-02,0.7781115011549398,1.690657090784904,seasonal_naive,SAN MARTIN
2020-03-09,0.6669527152756626,1.127104727189936,seasonal_naive,SAN MARTIN
2020-03-16,1.1115878587927712,1.0143942544709423,seasonal_naive,SAN MARTIN
2020-03-23,0.889270287034217,0.9016837817519487,seasonal_naive,SAN MARTIN
2020-03-30,0.7781115011549398,1.0143942544709423,seasonal_naive,SAN MARTIN
2020-04-06,0.11115878587927697,0.563552363594968,seasonal_naive,SAN MARTIN
2020-04-13,0.11115878587927697,1.0143942544709423,seasonal_naive,SAN MARTIN
2020-04-20,0.4446351435171083,1.127104727189936,seasonal_naive,SAN MARTIN
2020-04-27,0.5557939293963855,1.6906570907849043,seasonal_naive,SAN MARTIN
2020-05-04,1.000429072913494,1.127104727189936,seasonal_naive,SAN MARTIN
2020-05-11,0.889270287034217,1.127104727189936,seasonal_naive,SAN MARTIN
2020-05-18,1.6673817881891566,0.7889733090329554,seasonal_naive,SAN MARTIN
2020-05-25,2.6678108611026503,0.7889733090329554,seasonal_naive,SAN MARTIN
2020-06-01,4.335192649291807,0.45084189087597437,seasonal_naive,SAN MARTIN
2020-06-08,6.668325500586736,0.33813141815698083,seasonal_naive,SAN MARTIN
2020-06-15,8.334505636606002,0.11271047271899348,seasonal_naive,SAN MARTIN
2020-06-22,9.667209414987436,0.22542094543798716,seasonal_naive,SAN MARTIN
2020-06-29,8.00102927896817,0.22542094543798716,seasonal_naive,SAN MARTIN
2020-07-06,6.8906430723452905,0.22542094543798716,seasonal_naive,SAN MARTIN
2020-07-13,6.113733223360241,0.11271047271899348,seasonal_naive,SAN MARTIN
2020-07-20,6.55836836687735,0.33813141815698083,seasonal_naive,SAN MARTIN
2020-07-27,5.002145364567471,1.127104727189936,seasonal_naive,SAN MARTIN
2020-08-03,3.334763576378313,1.3525256726279231,seasonal_naive,SAN MARTIN
2020-08-10,2.3343345034648197,1.2398151999089295,seasonal_naive,SAN MARTIN
2020-08-17,2.890128432861205,1.0143942544709423,seasonal_naive,SAN MARTIN
2020-08-24,3.0012872187404827,0.9016837817519492,seasonal_naive,SAN MARTIN
2020-08-31,2.7789696469819276,0.7889733090329554,seasonal_naive,SAN MARTIN
2020-09-07,2.112016931706265,0.7889733090329554,seasonal_naive,SAN MARTIN
2020-09-14,1.778540574068434,1.127104727189936,seasonal_naive,SAN MARTIN
2020-09-21,1.5562230023098795,1.2398151999089295,seasonal_naive,SAN MARTIN
2020-09-28,2.0008581458269883,1.127104727189936,seasonal_naive,SAN MARTIN
2020-10-05,1.6673817881891566,1.2398151999089295,seasonal_naive,SAN MARTIN
2020-10-12,1.4450642164306025,1.127104727189936,seasonal_naive,SAN MARTIN
2020-10-19,0.7781115011549398,0.7889733090329552,seasonal_naive,SAN MARTIN
2020-10-26,0.889270287034217,0.6762628363139616,seasonal_naive,SAN MARTIN
2020-11-02,1.2227466446720483,1.0143942544709423,seasonal_naive,SAN MARTIN
2020-11-09,1.5562230023098795,1.3525256726279236,seasonal_naive,SAN MARTIN
2020-11-16,1.5562230023098798,1.2398151999089295,seasonal_naive,SAN MARTIN
2020-11-23,1.4450642164306027,1.0143942544709423,seasonal_naive,SAN MARTIN
2020-11-30,1.2227466446720483,1.0143942544709423,seasonal_naive,SAN MARTIN
2020-12-07,1.5562230023098795,1.0143942544709423,seasonal_naive,SAN MARTIN
2020-12-14,1.4450642164306027,1.127104727189936,seasonal_naive,SAN MARTIN
2020-12-21,1.3339054305513256,1.127104727189936,seasonal_naive,SAN MARTIN
2020-12-28,1.1115878587927712,1.0143942544709423,seasonal_naive,SAN MARTIN
2021-01-04,1.7634451456401699,0.8985804080725159,seasonal_naive,SAN MARTIN
2021-01-11,2.966567733355474,0.8923736607136499,seasonal_naive,SAN MARTIN
2021-01-18,3.947372749312225,1.000429072913494,seasonal_naive,SAN MARTIN
2021-01-25,3.728074263239323,1.1115878587927708,seasonal_naive,SAN MARTIN
2021-02-01,3.837723506275774,0.7781115011549398,seasonal_naive,SAN MARTIN
2021-02-08,4.1666712353851265,0.6669527152756627,seasonal_naive,SAN MARTIN
2021-02-15,5.372812908786083,0.5557939293963856,seasonal_naive,SAN MARTIN
2021-02-22,5.701760637895435,0.6669527152756627,seasonal_naive,SAN MARTIN
2021-03-01,6.140357610041239,0.7781115011549398,seasonal_naive,SAN MARTIN
2021-03-08,6.7982530682599425,0.6669527152756627,seasonal_naive,SAN MARTIN
2021-03-15,6.7982530682599425,1.1115878587927712,seasonal_naive,SAN MARTIN
2021-03-22,7.675447012551548,0.8892702870342168,seasonal_naive,SAN MARTIN
2021-03-29,7.456148526478646,0.7781115011549398,seasonal_naive,SAN MARTIN
2021-04-05,8.81451453318813,0.11115878587927697,seasonal_naive,SAN MARTIN
2021-04-12,8.966738866496657,0.11115878587927697,seasonal_naive,SAN MARTIN
2021-04-19,9.667209414987436,0.4446351435171083,seasonal_naive,SAN MARTIN
2021-04-26,9.667209414987436,0.5557939293963856,seasonal_naive,SAN MARTIN
2021-05-03,9.667209414987436,1.000429072913494,seasonal_naive,SAN MARTIN
2021-05-10,8.528141894350853,0.8892702870342168,seasonal_naive,SAN MARTIN
2021-05-17,8.485566804078777,1.6673817881891568,seasonal_naive,SAN MARTIN
2021-05-24,7.017551554332844,2.6678108611026503,seasonal_naive,SAN MARTIN
2021-05-31,6.7982530682599425,4.335192649291807,seasonal_naive,SAN MARTIN
2021-06-07,5.592111394858985,6.668325500586736,seasonal_naive,SAN MARTIN
2021-06-14,4.276320478421575,8.334505636606004,seasonal_naive,SAN MARTIN
2021-06-21,3.7280742632393227,9.667209414987438,seasonal_naive,SAN MARTIN
2021-06-28,2.4122833468019143,8.001029278968172,seasonal_naive,SAN MARTIN
2021-07-05,2.302634103765463,6.8906430723452905,seasonal_naive,SAN MARTIN
2021-07-12,1.75438788858321,6.113733223360241,seasonal_naive,SAN MARTIN
2021-07-19,2.083335617692562,6.558368366877349,seasonal_naive,SAN MARTIN
2021-07-26,2.4122833468019143,5.002145364567472,seasonal_naive,SAN MARTIN
2021-08-02,2.0833356176925624,3.3347635763783128,seasonal_naive,SAN MARTIN
2021-08-09,1.75438788858321,2.3343345034648197,seasonal_naive,SAN MARTIN
2021-08-16,1.0964924303645058,2.890128432861205,seasonal_naive,SAN MARTIN
2021-08-23,0.9868431873280551,3.001287218740483,seasonal_naive,SAN MARTIN
2021-08-30,0.7675447012551538,2.7789696469819276,seasonal_naive,SAN MARTIN
2021-09-06,0.8771939442916045,2.112016931706265,seasonal_naive,SAN MARTIN
2021-09-13,0.7675447012551538,1.7785405740684341,seasonal_naive,SAN MARTIN
2021-09-20,0.657895458218703,1.5562230023098795,seasonal_naive,SAN MARTIN
2021-09-27,0.7675447012551538,2.000858145826988,seasonal_naive,SAN MARTIN
2021-10-04,0.8771939442916045,1.6673817881891568,seasonal_naive,SAN MARTIN
2021-10-11,0.9868431873280552,1.4450642164306022,seasonal_naive,SAN MARTIN
2021-10-18,1.2061416734009567,0.7781115011549398,seasonal_naive,SAN MARTIN
2021-10-25,1.0964924303645058,0.8892702870342168,seasonal_naive,SAN MARTIN
2021-11-01,0.9868431873280552,1.2227466446720485,seasonal_naive,SAN MARTIN
2021-11-08,1.4254401594738582,1.5562230023098795,seasonal_naive,SAN MARTIN
2021-11-15,1.75438788858321,1.55622300230988,seasonal_naive,SAN MARTIN
2021-11-22,2.192984860729013,1.4450642164306027,seasonal_naive,SAN MARTIN
2021-11-29,1.5350894025103088,1.2227466446720485,seasonal_naive,SAN MARTIN
2021-12-06,1.5350894025103088,1.5562230023098795,seasonal_naive,SAN MARTIN
2021-12-13,1.3157909164374073,1.4450642164306027,seasonal_naive,SAN MARTIN
2021-12-20,1.3157909164374073,1.3339054305513258,seasonal_naive,SAN MARTIN
2021-12-27,1.6447386455467594,1.1115878587927712,seasonal_naive,SAN MARTIN
2022-01-03,4.318895568693652,1.76344514564017,seasonal_naive,SAN MARTIN
2022-01-10,4.532317683583121,2.9665677333554745,seasonal_naive,SAN MARTIN
2022-01-17,5.169645842659812,3.9473727493122244,seasonal_naive,SAN MARTIN
2022-01-24,2.8126839062554083,3.728074263239323,seasonal_naive,SAN MARTIN
2022-01-31,4.11084570914252,3.8377235062757737,seasonal_naive,SAN MARTIN
2022-02-07,4.435386159864298,4.1666712353851265,seasonal_naive,SAN MARTIN
2022-02-14,4.759926610586076,5.372812908786083,seasonal_naive,SAN MARTIN
2022-02-21,4.002665558901928,5.701760637895435,seasonal_naive,SAN MARTIN
2022-02-28,2.8126839062554083,6.140357610041239,seasonal_naive,SAN MARTIN
2022-03-07,2.8126839062554083,6.798253068259942,seasonal_naive,SAN MARTIN
2022-03-14,2.3799633052930376,6.798253068259942,seasonal_naive,SAN MARTIN
2022-03-21,2.3799633052930376,7.675447012551546,seasonal_naive,SAN MARTIN
2022-03-28,1.622702253608889,7.456148526478648,seasonal_naive,SAN MARTIN
2022-04-04,1.8390625540900747,8.814514533188131,seasonal_naive,SAN MARTIN
2022-04-11,1.8390625540900747,8.966738866496655,seasonal_naive,SAN MARTIN
2022-04-18,2.596323605774223,9.667209414987438,seasonal_naive,SAN MARTIN
2022-04-25,3.1372243569771867,9.667209414987438,seasonal_naive,SAN MARTIN
2022-05-02,2.9208640564960007,9.667209414987438,seasonal_naive,SAN MARTIN
2022-05-09,2.488143455533631,8.528141894350854,seasonal_naive,SAN MARTIN
2022-05-16,2.3799633052930376,8.485566804078776,seasonal_naive,SAN MARTIN
2022-05-23,3.1372243569771867,7.0175515543328455,seasonal_naive,SAN MARTIN
2022-05-30,3.894485408661335,6.798253068259942,seasonal_naive,SAN MARTIN
2022-06-06,3.7863052584207426,5.592111394858985,seasonal_naive,SAN MARTIN
2022-06-13,3.461764807698964,4.276320478421575,seasonal_naive,SAN MARTIN
2022-06-20,3.6781251081801494,3.728074263239323,seasonal_naive,SAN MARTIN
2022-06-27,4.002665558901928,2.4122833468019147,seasonal_naive,SAN MARTIN
2022-07-04,4.11084570914252,2.302634103765463,seasonal_naive,SAN MARTIN
2022-07-11,3.7863052584207426,1.75438788858321,seasonal_naive,SAN MARTIN
2022-07-18,3.353584657458372,2.083335617692562,seasonal_naive,SAN MARTIN
2022-07-25,3.7863052584207426,2.4122833468019147,seasonal_naive,SAN MARTIN
2022-08-01,3.4617648076989647,2.0833356176925624,seasonal_naive,SAN MARTIN
2022-08-08,3.2454045072177795,1.75438788858321,seasonal_naive,SAN MARTIN
2022-08-15,2.8126839062554096,1.0964924303645058,seasonal_naive,SAN MARTIN
2022-08-22,2.4881434555336317,0.986843187328055,seasonal_naive,SAN MARTIN
2022-08-29,2.4881434555336313,0.7675447012551537,seasonal_naive,SAN MARTIN
2022-09-05,2.920864056496002,0.8771939442916044,seasonal_naive,SAN MARTIN
2022-09-12,3.0290442067365944,0.7675447012551537,seasonal_naive,SAN MARTIN
2022-09-19,3.6781251081801503,0.6578954582187031,seasonal_naive,SAN MARTIN
2022-09-26,2.596323605774224,0.7675447012551537,seasonal_naive,SAN MARTIN
2022-10-03,2.4881434555336313,0.8771939442916044,seasonal_naive,SAN MARTIN
2022-10-10,1.9472427043306684,0.9868431873280552,seasonal_naive,SAN MARTIN
2022-10-17,1.730882403849483,1.2061416734009565,seasonal_naive,SAN MARTIN
2022-10-24,1.9472427043306684,1.0964924303645058,seasonal_naive,SAN MARTIN
2022-10-31,2.379963305293039,0.9868431873280552,seasonal_naive,SAN MARTIN
2022-11-07,2.7045037560148164,1.4254401594738582,seasonal_naive,SAN MARTIN
2022-11-14,2.163603004811853,1.75438788858321,seasonal_naive,SAN MARTIN
2022-11-21,1.5145221033682974,2.192984860729013,seasonal_naive,SAN MARTIN
2022-11-28,2.3799633052930385,1.5350894025103088,seasonal_naive,SAN MARTIN
2022-12-05,3.24540450721778,1.5350894025103088,seasonal_naive,SAN MARTIN
2010-12-27,1.0404433329041503,1.0961413975063325,holt_winters,SAN MARTIN
2011-01-03,0.26011083322603745,1.1062149821197975,holt_winters,SAN MARTIN
2011-01-10,0.13005541661301864,1.0644018403351554,holt_winters,SAN MARTIN
2011-01-17,0.12783342793006985,1.007675789577788,holt_winters,SAN MARTIN
2011-01-24,0.12783342793006985,0.22181639171288495,holt_winters,SAN MARTIN
2011-01-31,0.12783342793006985,0.27042927773512754,holt_winters,SAN MARTIN
2011-02-07,0.12783342793006985,0.3341520363715408,holt_winters,SAN MARTIN
2011-02-14,0.6391671396503499,0.20715595682697174,holt_winters,SAN MARTIN
2011-02-21,0.6391671396503499,0.6300248061493252,holt_winters,SAN MARTIN
2011-02-28,0.7670005675804199,0.6605397811340827,holt_winters,SAN MARTIN
2011-03-07,0.3835002837902099,0.658288833097225,holt_winters,SAN MARTIN
2011-03-14,0.5113337117202799,0.5969705858223144,holt_winters,SAN MARTIN
2011-03-21,0.7670005675804199,0.5131770444686192,holt_winters,SAN MARTIN
2011-03-28,1.02266742344056,0.5364188285819669,holt_winters,SAN MARTIN
2011-04-04,1.1505008513706299,0.5929080350407794,holt_winters,SAN MARTIN
2011-04-11,0.8948339955104899,0.6381921689311965,holt_winters,SAN MARTIN
2011-04-18,0.5113337117202799,0.8960235538760901,holt_winters,SAN MARTIN
2011-04-25,0.5113337117202799,0.8433809740241123,holt_winters,SAN MARTIN
2011-05-02,0.2556668558601399,0.7232019595485777,holt_winters,SAN MARTIN
2011-05-09,0.5113337117202799,0.7328428031335203,holt_winters,SAN MARTIN
2011-05-16,0.2556668558601399,0.523474884377479,holt_winters,SAN MARTIN
2011-05-23,0.2556668558601399,0.5028333554398912,holt_winters,SAN MARTIN
2011-05-30,0.2556668558601399,0.4750151030320237,holt_winters,SAN MARTIN
2011-06-06,0.3835002837902099,0.4857687301663865,holt_winters,SAN MARTIN
2011-06-13,0.3835002837902099,0.4188144249663733,holt_winters,SAN MARTIN
2011-06-20,0.2556668558601399,0.39431334090493037,holt_winters,SAN MARTIN
2011-06-27,0.3835002837902099,0.36086709529921845,holt_winters,SAN MARTIN
2011-07-04,0.6391671396503499,0.3799548811316155,holt_winters,SAN MARTIN
2011-07-11,0.6391671396503499,0.7104703432079957,holt_winters,SAN MARTIN
2011-07-18,1.02266742344056,0.7259485383420239,holt_winters,SAN MARTIN
2011-07-25,0.8948339955104898,0.6764337250078842,holt_winters,SAN MARTIN
2011-08-01,1.02266742344056,0.7102694036160262,holt_winters,SAN MARTIN
2011-08-08,0.7670005675804198,1.0178955645653471,holt_winters,SAN MARTIN
2011-08-15,1.40616770723077,1.0463613281228934,holt_winters,SAN MARTIN
2011-08-22,1.40616770723077,0.9420156475421471,holt_winters,SAN MARTIN
2011-08-29,1.5340011351608398,0.8943570714826818,holt_winters,SAN MARTIN
2011-09-05,1.1505008513706299,1.338184937397994,holt_winters,SAN MARTIN
2011-09-12,1.2783342793006998,1.226766275843178,holt_winters,SAN MARTIN
2011-09-19,1.15050085137063,1.2760015877229614,holt_winters,SAN MARTIN
2011-09-26,1.2783342793006998,1.3302662629560449,holt_winters,SAN MARTIN
2011-10-03,1.1505008513706299,1.334261691242102,holt_winters,SAN MARTIN
2011-10-10,1.2783342793006998,1.380022718766328,holt_winters,SAN MARTIN
2011-10-17,0.7670005675804198,1.40616770723077,holt_winters,SAN MARTIN
2011-10-24,0.5113337117202796,1.40616770723077,holt_winters,SAN MARTIN
2011-10-31,0.12783342793006972,0.466680955375547,holt_winters,SAN MARTIN
2011-11-07,0.6391671396503497,0.3824385177023231,holt_winters,SAN MARTIN
2011-11-14,1.0226674234405597,0.4333419489226535,holt_winters,SAN MARTIN
2011-11-21,0.8948339955104897,0.4153396740239758,holt_winters,SAN MARTIN
2011-11-28,0.6391671396503497,0.8614081036887149,holt_winters,SAN MARTIN
2011-12-05,0.38350028379020973,0.9015623605849838,holt_winters,SAN MARTIN
2011-12-12,0.7670005675804198,1.1577026364386622,holt_winters,SAN MARTIN
2011-12-19,0.5113337117202797,1.19786621913173,holt_winters,SAN MARTIN
2011-12-26,1.1505008513706299,0.4850704181464824,holt_winters,SAN MARTIN
2012-01-02,1.1440588343943905,0.3391395038438558,holt_winters,SAN MARTIN
2012-01-09,1.5211171012083613,0.2726529548370245,holt_winters,SAN MARTIN
2012-01-16,0.8798026225659316,0.22870773135792735,holt_winters,SAN MARTIN
2012-01-23,0.8798026225659316,1.1137795659145877,holt_winters,SAN MARTIN
2012-01-30,0.5027443557519607,1.19435611981585,holt_winters,SAN MARTIN
2012-02-06,0.628430444689951,1.3007337664992864,holt_winters,SAN MARTIN
2012-02-13,0.628430444689951,1.239804450104161,holt_winters,SAN MARTIN
2012-02-20,0.628430444689951,0.6189037637298187,holt_winters,SAN MARTIN
2012-02-27,0.37705826681397053,0.6642893726764316,holt_winters,SAN MARTIN
2012-03-05,0.0,0.5747533112440495,holt_winters,SAN MARTIN
2012-03-12,0.0,0.5370284158309508,holt_winters,SAN MARTIN
2012-03-19,0.0,0.011815934782811665,holt_winters,SAN MARTIN
2012-03-26,0.0,0.057596169235890796,holt_winters,SAN MARTIN
2012-04-02,0.0,0.11218943733559363,holt_winters,SAN MARTIN
2012-04-09,0.37705826681397053,0.11738579559991434,holt_winters,SAN MARTIN
2012-04-16,0.37705826681397053,0.26595511103001573,holt_winters,SAN MARTIN
2012-04-23,0.37705826681397053,0.2516745219690884,holt_winters,SAN MARTIN
2012-04-30,0.12568608893798996,0.14349207389849875,holt_winters,SAN MARTIN
2012-05-07,0.12568608893798996,0.20752197479899057,holt_winters,SAN MARTIN
2012-05-14,0.2513721778759802,0.08418806037623786,holt_winters,SAN MARTIN
2012-05-21,0.12568608893798996,0.08115707583212661,holt_winters,SAN MARTIN
2012-05-28,0.3770582668139704,0.0706726461460401,holt_winters,SAN MARTIN
2012-06-04,0.3770582668139704,0.1077741858042816,holt_winters,SAN MARTIN
2012-06-11,0.3770582668139704,0.41489239114816995,holt_winters,SAN MARTIN
2012-06-18,0.25137217787598026,0.357065460974988,holt_winters,SAN MARTIN
2012-06-25,0.37705826681397053,0.3454545544667413,holt_winters,SAN MARTIN
2012-07-02,0.7541165336279413,0.40753166797855445,holt_winters,SAN MARTIN
2012-07-09,0.7541165336279413,0.77624870502168,holt_winters,SAN MARTIN
2012-07-16,0.5027443557519609,0.8946380420582374,holt_winters,SAN MARTIN
2012-07-23,0.25137217787598026,0.8362795200205222,holt_winters,SAN MARTIN
2012-07-30,0.12568608893799002,0.9147034910703913,holt_winters,SAN MARTIN
2012-08-06,0.25137217787598026,0.0897032185708293,holt_winters,SAN MARTIN
2012-08-13,0.12568608893799002,0.16262541971394862,holt_winters,SAN MARTIN
2012-08-20,0.12568608893799002,0.09433329979881752,holt_winters,SAN MARTIN
2012-08-27,0.12568608893799002,0.07215741474004521,holt_winters,SAN MARTIN
2012-09-03,0.12568608893799002,0.02990960254277065,holt_winters,SAN MARTIN
2012-09-10,0.12568608893799002,0.0,holt_winters,SAN MARTIN
2012-09-17,0.0,0.011241310165953566,holt_winters,SAN MARTIN
2012-09-24,0.0,0.024605233068663388,holt_winters,SAN MARTIN
2012-10-01,0.0,0.0,holt_winters,SAN MARTIN
2012-10-08,0.12568608893799002,0.03415956111600236,holt_winters,SAN MARTIN
2012-10-15,0.12568608893799002,0.1286653631483277,holt_winters,SAN MARTIN
2012-10-22,0.12568608893799002,0.09606858363035475,holt_winters,SAN MARTIN
2012-10-29,0.12568608893799002,0.046295290003206015,holt_winters,SAN MARTIN
2012-11-05,0.12568608893799002,0.06366292187514018,holt_winters,SAN MARTIN
2012-11-12,0.25137217787598026,0.15116550872192652,holt_winters,SAN MARTIN
2012-11-19,0.25137217787598026,0.12291623481064824,holt_winters,SAN MARTIN
2012-11-26,0.25137217787598026,0.1873886061889516,holt_winters,SAN MARTIN
2012-12-03,0.12568608893799002,0.1447284538160484,holt_winters,SAN MARTIN
2012-12-10,0.0,0.3669406459020301,holt_winters,SAN MARTIN
2012-12-17,0.0,0.35234602983686614,holt_winters,SAN MARTIN
2012-12-24,0.0,0.041946665147760374,holt_winters,SAN MARTIN
2012-12-31,0.12568608893799002,0.0,holt_winters,SAN MARTIN
2013-01-07,0.37290548873873114,0.0,holt_winters,SAN MARTIN
2013-01-14,0.6201248885394723,0.0,holt_winters,SAN MARTIN
2013-01-21,0.49443879960148207,0.6605179079001726,holt_winters,SAN MARTIN
2013-01-28,0.24721939980074095,0.6785621213108683,holt_winters,SAN MARTIN
2013-02-04,0.24721939980074095,0.8145247462886038,holt_winters,SAN MARTIN
2013-02-11,0.24721939980074095,0.7869392821663721,holt_winters,SAN MARTIN
2013-02-18,0.3708290997011115,0.24166830590585991,holt_winters,SAN MARTIN
2013-02-25,0.24721939980074095,0.24158103051154653,holt_winters,SAN MARTIN
2013-03-04,0.3708290997011117,0.10742646145976527,holt_winters,SAN MARTIN
2013-03-11,0.24721939980074095,0.08546063671995431,holt_winters,SAN MARTIN
2013-03-18,0.24721939980074095,0.2611027399165178,holt_winters,SAN MARTIN
2013-03-25,0.6180484995018527,0.3159634888559026,holt_winters,SAN MARTIN
2013-04-01,0.9888775992029645,0.3816188742960548,holt_winters,SAN MARTIN
2013-04-08,0.8652678993025938,0.4441197823434663,holt_winters,SAN MARTIN
2013-04-15,0.3708290997011116,0.7207228720994188,holt_winters,SAN MARTIN
2013-04-22,0.0,0.6828727840737441,holt_winters,SAN MARTIN
2013-04-29,0.0,0.4930521948884305,holt_winters,SAN MARTIN
2013-05-06,0.0,0.5998510088101692,holt_winters,SAN MARTIN
2013-05-13,0.12360969990037042,0.0,holt_winters,SAN MARTIN
2013-05-20,0.12360969990037042,0.0,holt_winters,SAN MARTIN
2013-05-27,0.247219399800741,0.00728241464598129,holt_winters,SAN MARTIN
2013-06-03,0.247219399800741,0.03669784093117077,holt_winters,SAN MARTIN
2013-06-10,0.3708290997011117,0.2817125956707404,holt_winters,SAN MARTIN
2013-06-17,0.24721939980074104,0.21290682387919221,holt_winters,SAN MARTIN
2013-06-24,0.12360969990037042,0.23122042864235606,holt_winters,SAN MARTIN
2013-07-01,0.0,0.3221127023983132,holt_winters,SAN MARTIN
2013-07-08,0.247219399800741,0.01865702830289059,holt_winters,SAN MARTIN
2013-07-15,0.7416581994022233,0.04262916745910868,holt_winters,SAN MARTIN
2013-07-22,0.8652678993025938,0.0,holt_winters,SAN MARTIN
2013-07-29,1.112487299103335,0.02949338385017026,holt_winters,SAN MARTIN
2013-08-05,0.9888775992029645,1.0926992769923554,holt_winters,SAN MARTIN
2013-08-12,0.8652678993025938,1.1415801428476469,holt_winters,SAN MARTIN
2013-08-19,0.6180484995018527,1.0218153513577533,holt_winters,SAN MARTIN
2013-08-26,0.24721939980074092,0.9387276026357438,holt_winters,SAN MARTIN
2013-09-02,0.49443879960148207,0.142238558523474,holt_winters,SAN MARTIN
2013-09-09,0.3708290997011115,0.10228720862504023,holt_winters,SAN MARTIN
2013-09-16,0.49443879960148207,0.08950603796975629,holt_winters,SAN MARTIN
2013-09-23,0.3708290997011117,0.10120847044662949,holt_winters,SAN MARTIN
2013-09-30,0.6180484995018527,0.3501383275752375,holt_winters,SAN MARTIN
2013-10-07,0.8652678993025938,0.4275366225645647,holt_winters,SAN MARTIN
2013-10-14,1.1124872991033352,0.5373451932538593,holt_winters,SAN MARTIN
2013-10-21,0.8652678993025938,0.5109271126994279,holt_winters,SAN MARTIN
2013-10-28,0.49443879960148207,0.7318502843529504,holt_winters,SAN MARTIN
2013-11-04,0.24721939980074092,0.7588300792754836,holt_winters,SAN MARTIN
2013-11-11,0.24721939980074092,0.9422783835846757,holt_winters,SAN MARTIN
2013-11-18,0.3708290997011117,0.8926745237926736,holt_winters,SAN MARTIN
2013-11-25,0.3708290997011117,0.30152136486087644,holt_winters,SAN MARTIN
2013-12-02,0.49443879960148207,0.21830327913335565,holt_winters,SAN MARTIN
2013-12-09,0.49443879960148207,0.4114676268044886,holt_winters,SAN MARTIN
2013-12-16,0.8652678993025938,0.3539480597159758,holt_winters,SAN MARTIN
2013-12-23,0.9888775992029645,1.0044919267251884,holt_winters,SAN MARTIN
2013-12-30,0.8652678993025938,0.7883732904360945,holt_winters,SAN MARTIN
2014-01-06,0.3708290997011115,0.8566592749028286,holt_winters,SAN MARTIN
2014-01-13,0.12160080159248388,0.7833340670168922,holt_winters,SAN MARTIN
2014-01-20,0.24320160318496797,0.09965171071497807,holt_winters,SAN MARTIN
2014-01-27,0.3648024047774523,0.05610195786697259,holt_winters,SAN MARTIN
2014-02-03,0.24320160318496797,0.12870515593330853,holt_winters,SAN MARTIN
2014-02-10,0.12160080159248388,0.17959505092769518,holt_winters,SAN MARTIN
2014-02-17,0.0,0.1731935058873145,holt_winters,SAN MARTIN
2014-02-24,0.24320160318496797,0.1527337364932298,holt_winters,SAN MARTIN
2014-03-03,0.36480240477745207,0.04922079415995441,holt_winters,SAN MARTIN
2014-03-10,0.48640320636993617,0.010505051808059057,holt_winters,SAN MARTIN
2014-03-17,0.24320160318496797,0.5442356346584383,holt_winters,SAN MARTIN
2014-03-24,0.12160080159248388,0.6966172057819007,holt_winters,SAN MARTIN
2014-03-31,0.0,0.8553311007449398,holt_winters,SAN MARTIN
2014-04-07,0.12160080159248388,0.9135542816713134,holt_winters,SAN MARTIN
2014-04-14,0.12160080159248388,0.0,holt_winters,SAN MARTIN
2014-04-21,0.12160080159248388,0.0,holt_winters,SAN MARTIN
2014-04-28,0.12160080159248388,0.0,holt_winters,SAN MARTIN
2014-05-05,0.12160080159248388,0.0,holt_winters,SAN MARTIN
2014-05-12,0.24320160318496797,0.08314326426202223,holt_winters,SAN MARTIN
2014-05-19,0.6080040079624203,0.09736301535974558,holt_winters,SAN MARTIN
2014-05-26,0.8512056111473885,0.16570482112273874,holt_winters,SAN MARTIN
2014-06-02,0.7296048095549045,0.2147145722161379,holt_winters,SAN MARTIN
2014-06-09,0.6080040079624203,0.7657486019464521,holt_winters,SAN MARTIN
2014-06-16,0.6080040079624203,0.656212320066154,holt_winters,SAN MARTIN
2014-06-23,0.8512056111473885,0.6594283865599984,holt_winters,SAN MARTIN
2014-06-30,0.6080040079624203,0.7513999014267416,holt_winters,SAN MARTIN
2014-07-07,0.48640320636993617,0.7283945493531234,holt_winters,SAN MARTIN
2014-07-14,0.3648024047774523,0.8842472124759977,holt_winters,SAN MARTIN
2014-07-21,0.24320160318496797,0.8050479656782148,holt_winters,SAN MARTIN
2014-07-28,0.12160080159248388,0.9200351279653953,holt_winters,SAN MARTIN
2014-08-04,0.36480240477745207,0.09855819966721872,holt_winters,SAN MARTIN
2014-08-11,0.48640320636993617,0.11781874164517687,holt_winters,SAN MARTIN
2014-08-18,0.6080040079624203,0.03252561943034209,holt_winters,SAN MARTIN
2014-08-25,0.3648024047774523,0.0,holt_winters,SAN MARTIN
2014-09-01,0.48640320636993617,0.3083568140318232,holt_winters,SAN MARTIN
2014-09-08,0.7296048095549045,0.23737964256771307,holt_winters,SAN MARTIN
2014-09-15,0.8512056111473885,0.24093355045349582,holt_winters,SAN MARTIN
2014-09-22,0.7296048095549045,0.2296223221966987,holt_winters,SAN MARTIN
2014-09-29,0.36480240477745207,0.7756554575609729,holt_winters,SAN MARTIN
2014-10-06,0.24320160318496797,0.9233360383550018,holt_winters,SAN MARTIN
2014-10-13,0.24320160318496797,1.062083965113195,holt_winters,SAN MARTIN
2014-10-20,0.24320160318496797,0.9692769661236056,holt_winters,SAN MARTIN
2014-10-27,0.12160080159248388,0.09178022713921999,holt_winters,SAN MARTIN
2014-11-03,0.24320160318496797,0.11525486262852154,holt_winters,SAN MARTIN
2014-11-10,0.48640320636993617,0.2481907650744823,holt_winters,SAN MARTIN
2014-11-17,0.7296048095549046,0.25291636193332545,holt_winters,SAN MARTIN
2014-11-24,0.48640320636993617,0.6432331559042648,holt_winters,SAN MARTIN
2014-12-01,0.36480240477745207,0.5047095496869562,holt_winters,SAN MARTIN
2014-12-08,0.24320160318496797,0.7240778293977581,holt_winters,SAN MARTIN
2014-12-15,0.24320160318496797,0.713698236162893,holt_winters,SAN MARTIN
2014-12-22,0.6080040079624203,0.36128019056117927,holt_winters,SAN MARTIN
2014-12-29,0.7296048095549045,0.21951703016520804,holt_winters,SAN MARTIN
2015-01-05,0.8492609656248219,0.17690914628697021,holt_winters,SAN MARTIN
2015-01-12,0.482513915324803,0.0976015775206278,holt_winters,SAN MARTIN
2015-01-19,0.7179369364195048,0.49304765155239794,holt_winters,SAN MARTIN
2015-01-26,0.8375930924894223,0.4047668474665278,holt_winters,SAN MARTIN
2015-02-02,0.8375930924894224,0.4511255944768381,holt_winters,SAN MARTIN
2015-02-09,0.47862462427966973,0.46765120686840517,holt_winters,SAN MARTIN
2015-02-16,0.3589684682097525,0.4713902651871517,holt_winters,SAN MARTIN
2015-02-23,0.23931231213983475,0.4811959943222715,holt_winters,SAN MARTIN
2015-03-02,0.35896846820975226,0.3743921727865004,holt_winters,SAN MARTIN
2015-03-09,0.35896846820975226,0.37430191646686756,holt_winters,SAN MARTIN
2015-03-16,0.7179369364195048,0.3516524412537895,holt_winters,SAN MARTIN
2015-03-23,0.5982807803495872,0.45756434753072445,holt_winters,SAN MARTIN
2015-03-30,0.9572492485593397,0.5265826036973706,holt_winters,SAN MARTIN
2015-04-06,1.0769054046292572,0.5538699980328279,holt_winters,SAN MARTIN
2015-04-13,0.9572492485593397,0.8156028212239526,holt_winters,SAN MARTIN
2015-04-20,0.47862462427966973,0.7035295639444299,holt_winters,SAN MARTIN
2015-04-27,0.23931231213983475,0.54774889593563,holt_winters,SAN MARTIN
2015-05-04,0.35896846820975226,0.6611948772762493,holt_winters,SAN MARTIN
2015-05-11,0.47862462427966973,0.406959566199563,holt_winters,SAN MARTIN
2015-05-18,0.23931231213983475,0.5008278924242273,holt_winters,SAN MARTIN
2015-05-25,0.5982807803495872,0.6143575639452736,holt_winters,SAN MARTIN
2015-06-01,0.47862462427966973,0.675827004794757,holt_winters,SAN MARTIN
2015-06-08,0.8375930924894223,0.4867185922969607,holt_winters,SAN MARTIN
2015-06-15,0.35896846820975226,0.3873238924559912,holt_winters,SAN MARTIN
2015-06-22,0.9572492485593397,0.45685619118980997,holt_winters,SAN MARTIN
2015-06-29,0.5982807803495872,0.5296971069305167,holt_winters,SAN MARTIN
2015-07-06,0.7179369364195046,0.6555175749570403,holt_winters,SAN MARTIN
2015-07-13,0.11965615606991727,0.7932243040347511,holt_winters,SAN MARTIN
2015-07-20,0.35896846820975226,0.6605471374673131,holt_winters,SAN MARTIN
2015-07-27,0.23931231213983475,0.7072535973209322,holt_winters,SAN MARTIN
2015-08-03,0.35896846820975226,0.2728304972016809,holt_winters,SAN MARTIN
2015-08-10,0.35896846820975226,0.3731864639858092,holt_winters,SAN MARTIN
2015-08-17,0.35896846820975226,0.341603938048666,holt_winters,SAN MARTIN
2015-08-24,0.47862462427966973,0.20399770166697048,holt_winters,SAN MARTIN
2015-08-31,0.35896846820975226,0.5181465216987278,holt_winters,SAN MARTIN
2015-09-07,0.47862462427966973,0.4778238553979097,holt_winters,SAN MARTIN
2015-09-14,0.23931231213983475,0.5005656080633885,holt_winters,SAN MARTIN
2015-09-21,0.11965615606991727,0.46543623186914757,holt_winters,SAN MARTIN
2015-09-28,0.0,0.0896925380575347,holt_winters,SAN MARTIN
2015-10-05,0.0,0.13431986895835257,holt_winters,SAN MARTIN
2015-10-12,0.0,0.14261988731956585,holt_winters,SAN MARTIN
2015-10-19,0.5982807803495872,0.07937198172237724,holt_winters,SAN MARTIN
2015-10-26,0.5982807803495872,0.3600598016710008,holt_winters,SAN MARTIN
2015-11-02,0.5982807803495872,0.47312809191358685,holt_winters,SAN MARTIN
2015-11-09,0.0,0.6978850188316217,holt_winters,SAN MARTIN
2015-11-16,0.0,0.7491857579365802,holt_winters,SAN MARTIN
2015-11-23,0.0,0.0,holt_winters,SAN MARTIN
2015-11-30,0.0,0.0,holt_winters,SAN MARTIN
2015-12-07,0.0,0.0,holt_winters,SAN MARTIN
2015-12-14,0.0,0.0,holt_winters,SAN MARTIN
2015-12-21,0.5982807803495872,0.18255777982856028,holt_winters,SAN MARTIN
2015-12-28,0.5982807803495872,0.1324447563878646,holt_winters,SAN MARTIN
2016-01-04,0.5982807803495872,0.1606263237491878,holt_winters,SAN MARTIN
2016-01-11,0.11777272925345023,0.058092779409016485,holt_winters,SAN MARTIN
2016-01-18,0.23554545850690067,0.17453810238042586,holt_winters,SAN MARTIN
2016-01-25,0.23554545850690067,0.09250389939656543,holt_winters,SAN MARTIN
2016-02-01,0.4710909170138015,0.06978749983810749,holt_winters,SAN MARTIN
2016-02-08,0.4710909170138015,0.06601598952809265,holt_winters,SAN MARTIN
2016-02-15,0.588863646267252,0.43188014144062964,holt_winters,SAN MARTIN
2016-02-22,0.23554545850690067,0.41551311948959546,holt_winters,SAN MARTIN
2016-02-29,0.23554545850690067,0.33826088138883553,holt_winters,SAN MARTIN
2016-03-07,0.11777272925345023,0.3606919799826867,holt_winters,SAN MARTIN
2016-03-14,0.23554545850690067,0.135399255515185,holt_winters,SAN MARTIN
2016-03-21,0.588863646267252,0.1959709107662026,holt_winters,SAN MARTIN
2016-03-28,0.588863646267252,0.2929358734825874,holt_winters,SAN MARTIN
2016-04-04,0.588863646267252,0.3820083477575369,holt_winters,SAN MARTIN
2016-04-11,0.23554545850690067,0.45212305870142877,holt_winters,SAN MARTIN
2016-04-18,0.23554545850690067,0.28672064814746007,holt_winters,SAN MARTIN
2016-04-25,0.3533181877603511,0.1478001832189481,holt_winters,SAN MARTIN
2016-05-02,1.0599545632810539,0.21163658598196622,holt_winters,SAN MARTIN
2016-05-09,1.2955000217879546,1.2791522074336097,holt_winters,SAN MARTIN
2016-05-16,1.4132727510414052,1.253109641363939,holt_winters,SAN MARTIN
2016-05-23,0.7066363755207026,1.40616770723077,holt_winters,SAN MARTIN
2016-05-30,0.4710909170138016,1.40616770723077,holt_winters,SAN MARTIN
2016-06-06,0.23554545850690076,0.5647596092998697,holt_winters,SAN MARTIN
2016-06-13,0.35331818776035123,0.3708996986461925,holt_winters,SAN MARTIN
2016-06-20,0.35331818776035123,0.5252855142018826,holt_winters,SAN MARTIN
2016-06-27,0.9421818340276035,0.4954977106228249,holt_winters,SAN MARTIN
2016-07-04,0.8244091047741527,1.0526190935020927,holt_winters,SAN MARTIN
2016-07-11,1.2955000217879544,0.959564586807196,holt_winters,SAN MARTIN
2016-07-18,0.7066363755207026,0.8961842665567135,holt_winters,SAN MARTIN
2016-07-25,0.7066363755207026,0.8299147766929094,holt_winters,SAN MARTIN
2016-08-01,0.588863646267252,0.8595576235183342,holt_winters,SAN MARTIN
2016-08-08,0.47109091701380157,0.9076905390110825,holt_winters,SAN MARTIN
2016-08-15,0.588863646267252,0.8554875788643248,holt_winters,SAN MARTIN
2016-08-22,0.4710909170138016,0.7312906953927243,holt_winters,SAN MARTIN
2016-08-29,0.9421818340276035,0.5389465457694247,holt_winters,SAN MARTIN
2016-09-05,1.0599545632810539,0.6106803587102627,holt_winters,SAN MARTIN
2016-09-12,1.0599545632810539,0.5540661675665601,holt_winters,SAN MARTIN
2016-09-19,0.7066363755207025,0.49926934228801356,holt_winters,SAN MARTIN
2016-09-26,0.35331818776035123,0.6280323706171038,holt_winters,SAN MARTIN
2016-10-03,0.23554545850690076,0.7364989272180003,holt_winters,SAN MARTIN
2016-10-10,0.23554545850690076,0.7183337467278841,holt_winters,SAN MARTIN
2016-10-17,0.35331818776035134,0.8060682439380762,holt_winters,SAN MARTIN
2016-10-24,0.23554545850690078,0.2519720558264841,holt_winters,SAN MARTIN
2016-10-31,0.1177727292534503,0.2903619295253166,holt_winters,SAN MARTIN
2016-11-07,0.4710909170138016,0.26796962666254504,holt_winters,SAN MARTIN
2016-11-14,0.824409104774153,0.29170178060289376,holt_winters,SAN MARTIN
2016-11-21,0.9421818340276035,0.753531984229632,holt_winters,SAN MARTIN
2016-11-28,0.8244091047741527,0.6633705335107758,holt_winters,SAN MARTIN
2016-12-05,0.588863646267252,0.6776023722664497,holt_winters,SAN MARTIN
2016-12-12,0.5888636462672521,0.7026778257730404,holt_winters,SAN MARTIN
2016-12-19,0.23554545850690076,0.9321552711058838,holt_winters,SAN MARTIN
2016-12-26,0.47109091701380157,0.9946097029962022,holt_winters,SAN MARTIN
2017-01-02,1.8606362167912962,1.055759712646874,holt_winters,SAN MARTIN
2017-01-09,2.3244263795700486,0.7244036160140015,holt_winters,SAN MARTIN
2017-01-16,2.5508458952831377,1.3437868407818723,holt_winters,SAN MARTIN
2017-01-23,1.5073180290309451,1.3437868407818723,holt_winters,SAN MARTIN
2017-01-30,1.391370488336257,1.3437868407818723,holt_winters,SAN MARTIN
2017-02-06,1.623265569725633,1.3437868407818723,holt_winters,SAN MARTIN
2017-02-13,2.0870557325043855,1.5913558894354654,holt_winters,SAN MARTIN
2017-02-20,1.9711081918096978,1.4503497809479846,holt_winters,SAN MARTIN
2017-02-27,1.2754229476415688,1.4712386583489065,holt_winters,SAN MARTIN
2017-03-06,0.5797377034734402,1.447758317664273,holt_winters,SAN MARTIN
2017-03-13,0.463790162778752,0.6404677826423859,holt_winters,SAN MARTIN
2017-03-20,0.463790162778752,0.7409444812255228,holt_winters,SAN MARTIN
2017-03-27,0.3478426220840643,0.833811162508955,holt_winters,SAN MARTIN
2017-04-03,0.23189508138937595,0.9864801416425848,holt_winters,SAN MARTIN
2017-04-10,0.11594754069468781,0.05563905982843171,holt_winters,SAN MARTIN
2017-04-17,0.0,0.0,holt_winters,SAN MARTIN
2017-04-24,0.0,0.0,holt_winters,SAN MARTIN
2017-05-01,0.11594754069468781,0.0,holt_winters,SAN MARTIN
2017-05-08,0.2318950813893759,0.23737860355827736,holt_winters,SAN MARTIN
2017-05-15,0.6956852441681284,0.24165152245258684,holt_winters,SAN MARTIN
2017-05-22,0.6956852441681284,0.3313567170720381,holt_winters,SAN MARTIN
2017-05-29,0.9275803255575045,0.2541362315807431,holt_winters,SAN MARTIN
2017-06-05,0.5797377034734401,0.9546290556771919,holt_winters,SAN MARTIN
2017-06-12,0.6956852441681282,0.8040476759510897,holt_winters,SAN MARTIN
2017-06-19,0.34784262208406397,0.9923032142095507,holt_winters,SAN MARTIN
2017-06-26,0.34784262208406397,1.049635993433638,holt_winters,SAN MARTIN
2017-07-03,0.23189508138937584,0.39750491117582454,holt_winters,SAN MARTIN
2017-07-10,0.3478426220840643,0.39986764814673176,holt_winters,SAN MARTIN
2017-07-17,0.3478426220840643,0.33918721621161463,holt_winters,SAN MARTIN
2017-07-24,0.463790162778752,0.3108909297853893,holt_winters,SAN MARTIN
2017-07-31,0.463790162778752,0.5216243046881393,holt_winters,SAN MARTIN
2017-08-07,0.5797377034734402,0.4718049382358442,holt_winters,SAN MARTIN
2017-08-14,0.34784262208406397,0.47439687104197675,holt_winters,SAN MARTIN
2017-08-21,0.34784262208406397,0.3551967455804443,holt_winters,SAN MARTIN
2017-08-28,0.23189508138937584,0.5113344964970965,holt_winters,SAN MARTIN
2017-09-04,0.3478426220840643,0.5717505469145916,holt_winters,SAN MARTIN
2017-09-11,0.23189508138937587,0.5244752680127092,holt_winters,SAN MARTIN
2017-09-18,0.11594754069468773,0.3917218567498872,holt_winters,SAN MARTIN
2017-09-25,0.0,0.006510662347971504,holt_winters,SAN MARTIN
2017-10-02,0.0,0.020431461364458548,holt_winters,SAN MARTIN
2017-10-09,0.0,0.04469542179663412,holt_winters,SAN MARTIN
2017-10-16,0.0,0.13832552946486296,holt_winters,SAN MARTIN
2017-10-23,0.11594754069468773,0.0,holt_winters,SAN MARTIN
2017-10-30,0.11594754069468773,0.0,holt_winters,SAN MARTIN
2017-11-06,0.11594754069468773,0.0,holt_winters,SAN MARTIN
2017-11-13,0.23189508138937584,0.0,holt_winters,SAN MARTIN
2017-11-20,0.463790162778752,0.20357250020870946,holt_winters,SAN MARTIN
2017-11-27,0.463790162778752,0.17452646131769772,holt_winters,SAN MARTIN
2017-12-04,0.23189508138937584,0.10291839408056508,holt_winters,SAN MARTIN
2017-12-11,0.0,0.15926989524609494,holt_winters,SAN MARTIN
2017-12-18,0.11594754069468773,0.14587306237616798,holt_winters,SAN MARTIN
2017-12-25,0.5797377034734401,0.1975461322888195,holt_winters,SAN MARTIN
2018-01-01,0.6940437969026686,0.3391344124711086,holt_winters,SAN MARTIN
2018-01-08,1.0353206299248947,0.20847241142730263,holt_winters,SAN MARTIN
2018-01-15,0.5715304671461423,1.2557221325645314,holt_winters,SAN MARTIN
2018-01-22,0.45722437371691377,1.09019579687258,holt_winters,SAN MARTIN
2018-01-29,0.22861218685845672,1.0990929482619913,holt_winters,SAN MARTIN
2018-02-05,0.5715304671461423,1.0007228145825562,holt_winters,SAN MARTIN
2018-02-12,0.5715304671461423,0.587615604161694,holt_winters,SAN MARTIN
2018-02-19,0.3429182802876853,0.49830299210898166,holt_winters,SAN MARTIN
2018-02-26,0.11430609342922825,0.4949003134720934,holt_winters,SAN MARTIN
2018-03-05,0.11430609342922825,0.3542892253113591,holt_winters,SAN MARTIN
2018-03-12,0.22861218685845677,0.13852896876329798,holt_winters,SAN MARTIN
2018-03-19,0.34291828028768534,0.20791387390421065,holt_winters,SAN MARTIN
2018-03-26,0.4572243737169139,0.2522523180817524,holt_winters,SAN MARTIN
2018-04-02,0.5715304671461424,0.25127726040397913,holt_winters,SAN MARTIN
2018-04-09,0.6858365605753708,0.41527437862237526,holt_winters,SAN MARTIN
2018-04-16,0.5715304671461423,0.2488334584588046,holt_winters,SAN MARTIN
2018-04-23,0.4572243737169137,0.24301506422530217,holt_winters,SAN MARTIN
2018-04-30,0.9144487474338279,0.42122641335549527,holt_winters,SAN MARTIN
2018-05-07,1.600285308009199,1.1106094623485379,holt_winters,SAN MARTIN
2018-05-14,1.7145914014384276,1.291231032800236,holt_winters,SAN MARTIN
2018-05-21,1.1430609342922848,1.3451620032504654,holt_winters,SAN MARTIN
2018-05-28,0.6858365605753712,1.2531201104330152,holt_winters,SAN MARTIN
2018-06-04,0.5715304671461424,0.5925337263609864,holt_winters,SAN MARTIN
2018-06-11,0.34291828028768534,0.5135723181813245,holt_winters,SAN MARTIN
2018-06-18,0.3429182802876853,0.5608671165238426,holt_winters,SAN MARTIN
2018-06-25,0.22861218685845677,0.525451227648364,holt_winters,SAN MARTIN
2018-07-02,1.143060934292285,0.18511713031975063,holt_winters,SAN MARTIN
2018-07-09,1.3716731211507422,0.18756209265479326,holt_winters,SAN MARTIN
2018-07-16,1.6002853080091992,0.13455241220486472,holt_winters,SAN MARTIN
2018-07-23,0.8001426540045995,0.11971889578716294,holt_winters,SAN MARTIN
2018-07-30,0.5715304671461424,0.8972023020781628,holt_winters,SAN MARTIN
2018-08-06,0.45722437371691377,0.9332746069327214,holt_winters,SAN MARTIN
2018-08-13,0.5715304671461424,0.8996857669096197,holt_winters,SAN MARTIN
2018-08-20,0.6858365605753708,0.7634111090066242,holt_winters,SAN MARTIN
2018-08-27,0.8001426540045995,0.7673677268484778,holt_winters,SAN MARTIN
2018-09-03,0.5715304671461423,0.8633634388011568,holt_winters,SAN MARTIN
2018-09-10,0.685836560575371,0.8120745239618568,holt_winters,SAN MARTIN
2018-09-17,0.45722437371691393,0.618516605865556,holt_winters,SAN MARTIN
2018-09-24,0.5715304671461424,0.22483462795764353,holt_winters,SAN MARTIN
2018-10-01,0.11430609342922825,0.22190842975354655,holt_winters,SAN MARTIN
2018-10-08,0.45722437371691377,0.25971159466213667,holt_winters,SAN MARTIN
2018-10-15,0.6858365605753708,0.3814452450509627,holt_winters,SAN MARTIN
2018-10-22,1.0287548408630567,0.6480221461119753,holt_winters,SAN MARTIN
2018-10-29,1.1430609342922848,0.6059452507798029,holt_winters,SAN MARTIN
2018-11-05,0.914448747433828,0.6130156956296284,holt_winters,SAN MARTIN
2018-11-12,0.9144487474338279,0.8145595940458819,holt_winters,SAN MARTIN
2018-11-19,0.5715304671461423,0.9535677060366983,holt_winters,SAN MARTIN
2018-11-26,0.6858365605753708,0.927685688202595,holt_winters,SAN MARTIN
2018-12-03,0.34291828028768534,0.7761629994076062,holt_winters,SAN MARTIN
2018-12-10,0.5715304671461424,0.7788831500954532,holt_winters,SAN MARTIN
2018-12-17,0.5715304671461423,0.7968551421467263,holt_winters,SAN MARTIN
2018-12-24,0.5715304671461423,1.0765916143844323,holt_winters,SAN MARTIN
2018-12-31,0.22861218685845677,1.3621779300896182,holt_winters,SAN MARTIN
2019-01-07,0.22542094543798696,1.2118422409084686,holt_winters,SAN MARTIN
2019-01-14,0.7889733090329552,0.24081523119402323,holt_winters,SAN MARTIN
2019-01-21,1.0143942544709423,0.172218411521674,holt_winters,SAN MARTIN
2019-01-28,1.2398151999089297,0.1362023488152902,holt_winters,SAN MARTIN
2019-02-04,0.6762628363139616,0.13651243643784605,holt_winters,SAN MARTIN
2019-02-11,0.5635523635949679,0.7580288758658122,holt_winters,SAN MARTIN
2019-02-18,0.7889733090329552,0.60047117678626,holt_winters,SAN MARTIN
2019-02-25,1.3525256726279233,0.48168451791411876,holt_winters,SAN MARTIN
2019-03-04,1.6906570907849041,0.34793693229320366,holt_winters,SAN MARTIN
2019-03-11,1.1271047271899362,1.9250493871377947,holt_winters,SAN MARTIN
2019-03-18,1.0143942544709423,2.0157184927631753,holt_winters,SAN MARTIN
2019-03-25,0.9016837817519487,2.0186466834945227,holt_winters,SAN MARTIN
2019-04-01,1.0143942544709426,2.0186466834945227,holt_winters,SAN MARTIN
2019-04-08,0.563552363594968,0.8463062462937554,holt_winters,SAN MARTIN
2019-04-15,1.0143942544709426,0.6689901837319778,holt_winters,SAN MARTIN
2019-04-22,1.1271047271899362,0.6035356167555517,holt_winters,SAN MARTIN
2019-04-29,1.6906570907849046,0.9047309743342464,holt_winters,SAN MARTIN
2019-05-06,1.1271047271899362,2.0186466834945227,holt_winters,SAN MARTIN
2019-05-13,1.1271047271899362,2.0186466834945227,holt_winters,SAN MARTIN
2019-05-20,0.7889733090329553,2.0186466834945227,holt_winters,SAN MARTIN
2019-05-27,0.7889733090329553,1.856869508631922,holt_winters,SAN MARTIN
2019-06-03,0.45084189087597437,0.6845991953702657,holt_winters,SAN MARTIN
2019-06-10,0.3381314181569808,0.5910241015024131,holt_winters,SAN MARTIN
2019-06-17,0.11271047271899348,0.6844163104224941,holt_winters,SAN MARTIN
2019-06-24,0.2254209454379871,0.663031775104794,holt_winters,SAN MARTIN
2019-07-01,0.2254209454379871,0.37908215019387814,holt_winters,SAN MARTIN
2019-07-08,0.2254209454379871,0.3516514161860325,holt_winters,SAN MARTIN
2019-07-15,0.11271047271899348,0.3219842317239607,holt_winters,SAN MARTIN
2019-07-22,0.3381314181569808,0.19945629025888725,holt_winters,SAN MARTIN
2019-07-29,1.1271047271899362,0.2854357668211275,holt_winters,SAN MARTIN
2019-08-05,1.3525256726279233,0.27797904743534213,holt_winters,SAN MARTIN
2019-08-12,1.2398151999089297,0.2890177202753132,holt_winters,SAN MARTIN
2019-08-19,1.0143942544709426,0.26126163723901025,holt_winters,SAN MARTIN
2019-08-26,0.9016837817519491,1.1047515351901773,holt_winters,SAN MARTIN
2019-09-02,0.7889733090329553,1.1890303556239834,holt_winters,SAN MARTIN
2019-09-09,0.7889733090329553,1.1154824636302934,holt_winters,SAN MARTIN
2019-09-16,1.1271047271899362,0.862608682275259,holt_winters,SAN MARTIN
2019-09-23,1.2398151999089297,0.919241500604763,holt_winters,SAN MARTIN
2019-09-30,1.1271047271899362,0.7367695123497673,holt_winters,SAN MARTIN
2019-10-07,1.2398151999089297,0.8401889636750743,holt_winters,SAN MARTIN
2019-10-14,1.1271047271899362,1.1253811822302309,holt_winters,SAN MARTIN
2019-10-21,0.7889733090329552,1.2431297685797786,holt_winters,SAN MARTIN
2019-10-28,0.6762628363139616,1.22317676850892,holt_winters,SAN MARTIN
2019-11-04,1.0143942544709426,1.1313230554548728,holt_winters,SAN MARTIN
2019-11-11,1.3525256726279236,1.3082802413579535,holt_winters,SAN MARTIN
2019-11-18,1.2398151999089297,1.3673248933246755,holt_winters,SAN MARTIN
2019-11-25,1.0143942544709426,1.3279790992620581,holt_winters,SAN MARTIN
2019-12-02,1.0143942544709426,1.049175052463581,holt_winters,SAN MARTIN
2019-12-09,1.0143942544709426,1.0255530402225403,holt_winters,SAN MARTIN
2019-12-16,1.1271047271899362,1.1790297017077647,holt_winters,SAN MARTIN
2019-12-23,1.1271047271899362,1.4800695419812833,holt_winters,SAN MARTIN
2019-12-30,1.0143942544709426,1.7934447887562075,holt_winters,SAN MARTIN
2020-01-06,0.8985804080725158,1.6740834743111166,holt_winters,SAN MARTIN
2020-01-13,0.8923736607136498,1.037968749734211,holt_winters,SAN MARTIN
2020-01-20,1.0004290729134941,0.9398001090404688,holt_winters,SAN MARTIN
2020-01-27,1.111587858792771,0.9609934264040532,holt_winters,SAN MARTIN
2020-02-03,0.7781115011549398,0.8932635371858189,holt_winters,SAN MARTIN
2020-02-10,0.6669527152756626,0.8619223922891839,holt_winters,SAN MARTIN
2020-02-17,0.5557939293963855,0.6885200827669695,holt_winters,SAN MARTIN
2020-02-24,0.6669527152756627,0.6371935353034595,holt_winters,SAN MARTIN
2020-03-02,0.7781115011549398,0.5161983081807644,holt_winters,SAN MARTIN
2020-03-09,0.6669527152756626,0.7241794003189255,holt_winters,SAN MARTIN
2020-03-16,1.1115878587927712,0.8074122987531658,holt_winters,SAN MARTIN
2020-03-23,0.889270287034217,0.8675811220385403,holt_winters,SAN MARTIN
2020-03-30,0.7781115011549398,0.9128839150004302,holt_winters,SAN MARTIN
2020-04-06,0.11115878587927697,0.5528010643813304,holt_winters,SAN MARTIN
2020-04-13,0.11115878587927697,0.5377115477904626,holt_winters,SAN MARTIN
2020-04-20,0.4446351435171083,0.5431118732810398,holt_winters,SAN MARTIN
2020-04-27,0.5557939293963855,0.9722149879758575,holt_winters,SAN MARTIN
2020-05-04,1.000429072913494,0.6777939774131516,holt_winters,SAN MARTIN
2020-05-11,0.889270287034217,0.7395174384602248,holt_winters,SAN MARTIN
2020-05-18,1.6673817881891566,0.5597810298874493,holt_winters,SAN MARTIN
2020-05-25,2.6678108611026503,0.4478110543204278,holt_winters,SAN MARTIN
2020-06-01,4.335192649291807,2.1006553613744394,holt_winters,SAN MARTIN
2020-06-08,6.668325500586736,1.9091325341278775,holt_winters,SAN MARTIN
2020-06-15,8.334505636606002,1.9070926352654274,holt_winters,SAN MARTIN
2020-06-22,9.667209414987436,2.026239630138353,holt_winters,SAN MARTIN
2020-06-29,8.00102927896817,5.291777118322786,holt_winters,SAN MARTIN
2020-07-06,6.8906430723452905,5.291777118322786,holt_winters,SAN MARTIN
2020-07-13,6.113733223360241,5.291777118322786,holt_winters,SAN MARTIN
2020-07-20,6.55836836687735,5.291777118322786,holt_winters,SAN MARTIN
2020-07-27,5.002145364567471,7.015341403159081,holt_winters,SAN MARTIN
2020-08-03,3.334763576378313,7.011782209916111,holt_winters,SAN MARTIN
2020-08-10,2.3343345034648197,6.881613928621915,holt_winters,SAN MARTIN
2020-08-17,2.890128432861205,6.795372392472404,holt_winters,SAN MARTIN
2020-08-24,3.0012872187404827,3.072519360197341,holt_winters,SAN MARTIN
2020-08-31,2.7789696469819276,3.088894722459176,holt_winters,SAN MARTIN
2020-09-07,2.112016931706265,2.918771509901228,holt_winters,SAN MARTIN
2020-09-14,1.778540574068434,2.633932098609234,holt_winters,SAN MARTIN
2020-09-21,1.5562230023098795,1.6253639654867884,holt_winters,SAN MARTIN
2020-09-28,2.0008581458269883,1.3455222373796225,holt_winters,SAN MARTIN
2020-10-05,1.6673817881891566,1.4686301138621158,holt_winters,SAN MARTIN
2020-10-12,1.4450642164306025,1.7834955329009556,holt_winters,SAN MARTIN
2020-10-19,0.7781115011549398,1.451077896474918,holt_winters,SAN MARTIN
2020-10-26,0.889270287034217,1.451082514557025,holt_winters,SAN MARTIN
2020-11-02,1.2227466446720483,1.4319831579564513,holt_winters,SAN MARTIN
2020-11-09,1.5562230023098795,1.705272241819746,holt_winters,SAN MARTIN
2020-11-16,1.5562230023098798,1.5431856948855254,holt_winters,SAN MARTIN
2020-11-23,1.4450642164306027,1.4439915282998195,holt_winters,SAN MARTIN
2020-11-30,1.2227466446720483,1.1588350281646744,holt_winters,SAN MARTIN
2020-12-07,1.5562230023098795,1.1080828415853365,holt_winters,SAN MARTIN
2020-12-14,1.4450642164306027,1.4883885946060982,holt_winters,SAN MARTIN
2020-12-21,1.3339054305513256,1.818890177125105,holt_winters,SAN MARTIN
2020-12-28,1.1115878587927712,2.1224855416985635,holt_winters,SAN MARTIN
2021-01-04,1.7634451456401699,2.1050177488732458,holt_winters,SAN MARTIN
2021-01-11,2.966567733355474,1.8867698958476438,holt_winters,SAN MARTIN
2021-01-18,3.947372749312225,1.6932167226425126,holt_winters,SAN MARTIN
2021-01-25,3.728074263239323,1.7131724774272836,holt_winters,SAN MARTIN
2021-02-01,3.837723506275774,1.6128759734656164,holt_winters,SAN MARTIN
2021-02-08,4.1666712353851265,3.8487881084215,holt_winters,SAN MARTIN
2021-02-15,5.372812908786083,3.4693105200300023,holt_winters,SAN MARTIN
2021-02-22,5.701760637895435,3.349135900118627,holt_winters,SAN MARTIN
2021-03-01,6.140357610041239,3.102688643469955,holt_winters,SAN MARTIN
2021-03-08,6.7982530682599425,5.619838621895035,holt_winters,SAN MARTIN
2021-03-15,6.7982530682599425,6.197941781499971,holt_winters,SAN MARTIN
2021-03-22,7.675447012551548,5.8364374469875235,holt_winters,SAN MARTIN
2021-03-29,7.456148526478646,5.710707962025668,holt_winters,SAN MARTIN
2021-04-05,8.81451453318813,5.950856874731602,holt_winters,SAN MARTIN
2021-04-12,8.966738866496657,6.002441909623214,holt_winters,SAN MARTIN
2021-04-19,9.667209414987436,6.429811698676412,holt_winters,SAN MARTIN
2021-04-26,9.667209414987436,7.808935741782371,holt_winters,SAN MARTIN
2021-05-03,9.667209414987436,9.253931791377894,holt_winters,SAN MARTIN
2021-05-10,8.528141894350853,9.253931791377894,holt_winters,SAN MARTIN
2021-05-17,8.485566804078777,9.253931791377894,holt_winters,SAN MARTIN
2021-05-24,7.017551554332844,9.253931791377894,holt_winters,SAN MARTIN
2021-05-31,6.7982530682599425,6.761113993987609,holt_winters,SAN MARTIN
2021-06-07,5.592111394858985,7.018950483830551,holt_winters,SAN MARTIN
2021-06-14,4.276320478421575,6.5200664051826225,holt_winters,SAN MARTIN
2021-06-21,3.7280742632393227,7.169343078835784,holt_winters,SAN MARTIN
2021-06-28,2.4122833468019143,4.0712162695940215,holt_winters,SAN MARTIN
2021-07-05,2.302634103765463,4.337823618199563,holt_winters,SAN MARTIN
2021-07-12,1.75438788858321,3.8919958132476102,holt_winters,SAN MARTIN
2021-07-19,2.083335617692562,3.8237454302875085,holt_winters,SAN MARTIN
2021-07-26,2.4122833468019143,2.1001302844591865,holt_winters,SAN MARTIN
2021-08-02,2.0833356176925624,1.836539525991606,holt_winters,SAN MARTIN
2021-08-09,1.75438788858321,1.6010508868048285,holt_winters,SAN MARTIN
2021-08-16,1.0964924303645058,1.5740510252171505,holt_winters,SAN MARTIN
2021-08-23,0.9868431873280551,1.0656685833042983,holt_winters,SAN MARTIN
2021-08-30,0.7675447012551538,1.0251167598653055,holt_winters,SAN MARTIN
2021-09-06,0.8771939442916045,0.9424957047167284,holt_winters,SAN MARTIN
2021-09-13,0.7675447012551538,0.8047458864094716,holt_winters,SAN MARTIN
2021-09-20,0.657895458218703,0.7262608898889618,holt_winters,SAN MARTIN
2021-09-27,0.7675447012551538,0.6070049457411351,holt_winters,SAN MARTIN
2021-10-04,0.8771939442916045,0.6645272538106175,holt_winters,SAN MARTIN
2021-10-11,0.9868431873280552,0.6901651610481723,holt_winters,SAN MARTIN
2021-10-18,1.2061416734009567,0.8981154310963546,holt_winters,SAN MARTIN
2021-10-25,1.0964924303645058,0.8629637205125222,holt_winters,SAN MARTIN
2021-11-01,0.9868431873280552,1.0476473295914266,holt_winters,SAN MARTIN
2021-11-08,1.4254401594738582,1.299478150388358,holt_winters,SAN MARTIN
2021-11-15,1.75438788858321,1.3880341182096267,holt_winters,SAN MARTIN
2021-11-22,2.192984860729013,1.3299453833158164,holt_winters,SAN MARTIN
2021-11-29,1.5350894025103088,1.0588066534010645,holt_winters,SAN MARTIN
2021-12-06,1.5350894025103088,1.1000719069635676,holt_winters,SAN MARTIN
2021-12-13,1.3157909164374073,1.6277144789272464,holt_winters,SAN MARTIN
2021-12-20,1.3157909164374073,1.7797296242435605,holt_winters,SAN MARTIN
2021-12-27,1.6447386455467594,1.8815874542941255,holt_winters,SAN MARTIN
2022-01-03,4.318895568693652,2.133345382856472,holt_winters,SAN MARTIN
2022-01-10,4.532317683583121,5.287518692015056,holt_winters,SAN MARTIN
2022-01-17,5.169645842659812,5.743792718566937,holt_winters,SAN MARTIN
2022-01-24,2.8126839062554083,6.009327016661202,holt_winters,SAN MARTIN
2022-01-31,4.11084570914252,6.194434027893962,holt_winters,SAN MARTIN
2022-02-07,4.435386159864298,4.029330685528495,holt_winters,SAN MARTIN
2022-02-14,4.759926610586076,4.368439762665284,holt_winters,SAN MARTIN
2022-02-21,4.002665558901928,4.510048246503389,holt_winters,SAN MARTIN
2022-02-28,2.8126839062554083,4.5575881666376485,holt_winters,SAN MARTIN
2022-03-07,2.8126839062554083,2.6977064666913875,holt_winters,SAN MARTIN
2022-03-14,2.3799633052930376,2.8938553530025573,holt_winters,SAN MARTIN
2022-03-21,2.3799633052930376,2.8354786958041958,holt_winters,SAN MARTIN
2022-03-28,1.622702253608889,2.793160458941171,holt_winters,SAN MARTIN
2022-04-04,1.8390625540900747,1.3088970550817165,holt_winters,SAN MARTIN
2022-04-11,1.8390625540900747,1.344915813257288,holt_winters,SAN MARTIN
2022-04-18,2.596323605774223,1.4889062646073126,holt_winters,SAN MARTIN
2022-04-25,3.1372243569771867,1.8517988890381436,holt_winters,SAN MARTIN
2022-05-02,2.9208640564960007,3.477518615498349,holt_winters,SAN MARTIN
2022-05-09,2.488143455533631,3.517271387284267,holt_winters,SAN MARTIN
2022-05-16,2.3799633052930376,3.3489219378539508,holt_winters,SAN MARTIN
2022-05-23,3.1372243569771867,3.296798196118287,holt_winters,SAN MARTIN
2022-05-30,3.894485408661335,3.1998550589088497,holt_winters,SAN MARTIN
2022-06-06,3.7863052584207426,3.212811026997387,holt_winters,SAN MARTIN
2022-06-13,3.461764807698964,2.8485975433913606,holt_winters,SAN MARTIN
2022-06-20,3.6781251081801494,2.8635062172204875,holt_winters,SAN MARTIN
2022-06-27,4.002665558901928,3.759457164676026,holt_winters,SAN MARTIN
2022-07-04,4.11084570914252,3.700631237442791,holt_winters,SAN MARTIN
2022-07-11,3.7863052584207426,3.370214459344986,holt_winters,SAN MARTIN
2022-07-18,3.353584657458372,3.3784713336835717,holt_winters,SAN MARTIN
2022-07-25,3.7863052584207426,3.5647739090725823,holt_winters,SAN MARTIN
2022-08-01,3.4617648076989647,3.2647500937345386,holt_winters,SAN MARTIN
2022-08-08,3.2454045072177795,2.841942835852516,holt_winters,SAN MARTIN
2022-08-15,2.8126839062554096,2.7142343116983563,holt_winters,SAN MARTIN
2022-08-22,2.4881434555336317,2.7870133339340506,holt_winters,SAN MARTIN
2022-08-29,2.4881434555336313,2.569576043096697,holt_winters,SAN MARTIN
2022-09-05,2.920864056496002,2.451456201360462,holt_winters,SAN MARTIN
2022-09-12,3.0290442067365944,2.2769271792412074,holt_winters,SAN MARTIN
2022-09-19,3.6781251081801503,2.996444668824554,holt_winters,SAN MARTIN
2022-09-26,2.596323605774224,2.8480153633769723,holt_winters,SAN MARTIN
2022-10-03,2.4881434555336313,3.040537266834754,holt_winters,SAN MARTIN
2022-10-10,1.9472427043306684,3.0777058998224245,holt_winters,SAN MARTIN
2022-10-17,1.730882403849483,1.7968112816384885,holt_winters,SAN MARTIN
2022-10-24,1.9472427043306684,1.7897724142574156,holt_winters,SAN MARTIN
2022-10-31,2.379963305293039,1.8850321410644253,holt_winters,SAN MARTIN
2022-11-07,2.7045037560148164,2.240815061972093,holt_winters,SAN MARTIN
2022-11-14,2.163603004811853,2.5767559446386414,holt_winters,SAN MARTIN
2022-11-21,1.5145221033682974,2.6280684428644707,holt_winters,SAN MARTIN
2022-11-28,2.3799633052930385,2.1382543336179567,holt_winters,SAN MARTIN
2022-12-05,3.24540450721778,2.193079702197408,holt_winters,SAN MARTIN
2010-12-27,1.0404433329041503,1.1704987495171693,arima,SAN MARTIN
2011-01-03,0.26011083322603745,1.1249395019707458,arima,SAN MARTIN
2011-01-10,0.13005541661301864,1.1704987495171693,arima,SAN MARTIN
2011-01-17,0.12783342793006985,1.1704987495171693,arima,SAN MARTIN
2011-01-24,0.12783342793006985,0.18050137428771315,arima,SAN MARTIN
2011-01-31,0.12783342793006985,0.17002696103447237,arima,SAN MARTIN
2011-02-07,0.12783342793006985,0.15471463950669415,arima,SAN MARTIN
2011-02-14,0.6391671396503499,0.17031950314151098,arima,SAN MARTIN
2011-02-21,0.6391671396503499,0.768461953772019,arima,SAN MARTIN
2011-02-28,0.7670005675804199,0.9643384427851085,arima,SAN MARTIN
2011-03-07,0.3835002837902099,0.7613014541618361,arima,SAN MARTIN
2011-03-14,0.5113337117202799,0.8227629871633484,arima,SAN MARTIN
2011-03-21,0.7670005675804199,0.5021509138062505,arima,SAN MARTIN
2011-03-28,1.02266742344056,0.5387130398814848,arima,SAN MARTIN
2011-04-04,1.1505008513706299,0.5156512153205586,arima,SAN MARTIN
2011-04-11,0.8948339955104899,0.5171266089822966,arima,SAN MARTIN
2011-04-18,0.5113337117202799,0.8495458701152203,arima,SAN MARTIN
2011-04-25,0.5113337117202799,0.8185811303778989,arima,SAN MARTIN
2011-05-02,0.2556668558601399,0.859481751036407,arima,SAN MARTIN
2011-05-09,0.5113337117202799,0.8426256705056858,arima,SAN MARTIN
2011-05-16,0.2556668558601399,0.398785733757609,arima,SAN MARTIN
2011-05-23,0.2556668558601399,0.5599428524793029,arima,SAN MARTIN
2011-05-30,0.2556668558601399,0.48529647258832953,arima,SAN MARTIN
2011-06-06,0.3835002837902099,0.47398283315904594,arima,SAN MARTIN
2011-06-13,0.3835002837902099,0.531004192109259,arima,SAN MARTIN
2011-06-20,0.2556668558601399,0.4569435666957715,arima,SAN MARTIN
2011-06-27,0.3835002837902099,0.44976202860654596,arima,SAN MARTIN
2011-07-04,0.6391671396503499,0.4848506567073238,arima,SAN MARTIN
2011-07-11,0.6391671396503499,0.7311922483843689,arima,SAN MARTIN
2011-07-18,1.02266742344056,0.6741429156873671,arima,SAN MARTIN
2011-07-25,0.8948339955104898,0.6772449381285375,arima,SAN MARTIN
2011-08-01,1.02266742344056,0.698164880626367,arima,SAN MARTIN
2011-08-08,0.7670005675804198,0.7226211534095333,arima,SAN MARTIN
2011-08-15,1.40616770723077,0.8287295196100419,arima,SAN MARTIN
2011-08-22,1.40616770723077,0.8716270111363364,arima,SAN MARTIN
2011-08-29,1.5340011351608398,0.7941167909029407,arima,SAN MARTIN
2011-09-05,1.1505008513706299,1.3216165752542408,arima,SAN MARTIN
2011-09-12,1.2783342793006998,1.40616770723077,arima,SAN MARTIN
2011-09-19,1.15050085137063,1.40616770723077,arima,SAN MARTIN
2011-09-26,1.2783342793006998,1.40616770723077,arima,SAN MARTIN
2011-10-03,1.1505008513706299,1.3322689304637318,arima,SAN MARTIN
2011-10-10,1.2783342793006998,1.3458636531595936,arima,SAN MARTIN
2011-10-17,0.7670005675804198,1.3133334019369567,arima,SAN MARTIN
2011-10-24,0.5113337117202796,1.3321010948592367,arima,SAN MARTIN
2011-10-31,0.12783342793006972,0.2851659119857554,arima,SAN MARTIN
2011-11-07,0.6391671396503497,0.32100462332763985,arima,SAN MARTIN
2011-11-14,1.0226674234405597,0.38047791617834964,arima,SAN MARTIN
2011-11-21,0.8948339955104897,0.3214439128248599,arima,SAN MARTIN
2011-11-28,0.6391671396503497,0.604539165467409,arima,SAN MARTIN
2011-12-05,0.38350028379020973,0.49337401392019253,arima,SAN MARTIN
2011-12-12,0.7670005675804198,0.6877551436004639,arima,SAN MARTIN
2011-12-19,0.5113337117202797,0.5909191381161389,arima,SAN MARTIN
2011-12-26,1.1505008513706299,0.6047174708376453,arima,SAN MARTIN
2012-01-02,1.1440588343943905,0.5009861105918825,arima,SAN MARTIN
2012-01-09,1.5211171012083613,0.5397678459773849,arima,SAN MARTIN
2012-01-16,0.8798026225659316,0.5522149445175866,arima,SAN MARTIN
2012-01-23,0.8798026225659316,0.8662061643481282,arima,SAN MARTIN
2012-01-30,0.5027443557519607,0.7523426578789518,arima,SAN MARTIN
2012-02-06,0.628430444689951,0.8417756935617515,arima,SAN MARTIN
2012-02-13,0.628430444689951,0.8172010202644873,arima,SAN MARTIN
2012-02-20,0.628430444689951,0.8028704209430269,arima,SAN MARTIN
2012-02-27,0.37705826681397053,0.7789170710561117,arima,SAN MARTIN
2012-03-05,0.0,0.7303065820417816,arima,SAN MARTIN
2012-03-12,0.0,0.7752083249900219,arima,SAN MARTIN
2012-03-19,0.0,0.0,arima,SAN MARTIN
2012-03-26,0.0,0.03230298041481734,arima,SAN MARTIN
2012-04-02,0.0,0.0,arima,SAN MARTIN
2012-04-09,0.37705826681397053,0.0,arima,SAN MARTIN
2012-04-16,0.37705826681397053,0.6308007841452288,arima,SAN MARTIN
2012-04-23,0.37705826681397053,0.8025199232748179,arima,SAN MARTIN
2012-04-30,0.12568608893798996,0.5693711249337836,arima,SAN MARTIN
2012-05-07,0.12568608893798996,0.6692286732132091,arima,SAN MARTIN
2012-05-14,0.2513721778759802,0.07131460443294504,arima,SAN MARTIN
2012-05-21,0.12568608893798996,0.0,arima,SAN MARTIN
2012-05-28,0.3770582668139704,0.077414499523571,arima,SAN MARTIN
2012-06-04,0.3770582668139704,0.03921126023842022,arima,SAN MARTIN
2012-06-11,0.3770582668139704,0.4616681238217853,arima,SAN MARTIN
2012-06-18,0.25137217787598026,0.4750183082281347,arima,SAN MARTIN
2012-06-25,0.37705826681397053,0.4295990877709607,arima,SAN MARTIN
2012-07-02,0.7541165336279413,0.45843746725317813,arima,SAN MARTIN
2012-07-09,0.7541165336279413,1.018860354228646,arima,SAN MARTIN
2012-07-16,0.5027443557519609,0.9829750689105166,arima,SAN MARTIN
2012-07-23,0.25137217787598026,0.8961523015398409,arima,SAN MARTIN
2012-07-30,0.12568608893799002,0.9756618648821744,arima,SAN MARTIN
2012-08-06,0.25137217787598026,0.06965264099209836,arima,SAN MARTIN
2012-08-13,0.12568608893799002,0.004394563851594484,arima,SAN MARTIN
2012-08-20,0.12568608893799002,0.07612986680666015,arima,SAN MARTIN
2012-08-27,0.12568608893799002,0.04910984631633933,arima,SAN MARTIN
2012-09-03,0.12568608893799002,0.16666508453597556,arima,SAN MARTIN
2012-09-10,0.12568608893799002,0.3020544363663117,arima,SAN MARTIN
2012-09-17,0.0,0.1773885429817525,arima,SAN MARTIN
2012-09-24,0.0,0.21167670297505817,arima,SAN MARTIN
2012-10-01,0.0,0.06426674254602893,arima,SAN MARTIN
2012-10-08,0.12568608893799002,0.004550974056319034,arima,SAN MARTIN
2012-10-15,0.12568608893799002,0.021183044941945246,arima,SAN MARTIN
2012-10-22,0.12568608893799002,0.03486038701853382,arima,SAN MARTIN
2012-10-29,0.12568608893799002,0.01375269419044656,arima,SAN MARTIN
2012-11-05,0.12568608893799002,0.023698899192296938,arima,SAN MARTIN
2012-11-12,0.25137217787598026,0.06228610999055527,arima,SAN MARTIN
2012-11-19,0.25137217787598026,0.029093598587948532,arima,SAN MARTIN
2012-11-26,0.25137217787598026,0.32354993512280467,arima,SAN MARTIN
2012-12-03,0.12568608893799002,0.3502526325334753,arima,SAN MARTIN
2012-12-10,0.0,0.29912808676157177,arima,SAN MARTIN
2012-12-17,0.0,0.3254348992175684,arima,SAN MARTIN
2012-12-24,0.0,0.02375063925464408,arima,SAN MARTIN
2012-12-31,0.12568608893799002,0.012064627707097026,arima,SAN MARTIN
2013-01-07,0.37290548873873114,0.010538904308799073,arima,SAN MARTIN
2013-01-14,0.6201248885394723,0.016640673091308664,arima,SAN MARTIN
2013-01-21,0.49443879960148207,0.6666456584389244,arima,SAN MARTIN
2013-01-28,0.24721939980074095,0.6386090756151823,arima,SAN MARTIN
2013-02-04,0.24721939980074095,0.6399890477200101,arima,SAN MARTIN
2013-02-11,0.24721939980074095,0.6506165911828734,arima,SAN MARTIN
2013-02-18,0.3708290997011115,0.3004611196996623,arima,SAN MARTIN
2013-02-25,0.24721939980074095,0.2509083503923586,arima,SAN MARTIN
2013-03-04,0.3708290997011117,0.2642085171021709,arima,SAN MARTIN
2013-03-11,0.24721939980074095,0.2754254146046836,arima,SAN MARTIN
2013-03-18,0.24721939980074095,0.2813967444022875,arima,SAN MARTIN
2013-03-25,0.6180484995018527,0.21166275663910877,arima,SAN MARTIN
2013-04-01,0.9888775992029645,0.2481220951707722,arima,SAN MARTIN
2013-04-08,0.8652678993025938,0.25019641497352035,arima,SAN MARTIN
2013-04-15,0.3708290997011116,0.6271274515076839,arima,SAN MARTIN
2013-04-22,0.0,0.5312218377585438,arima,SAN MARTIN
2013-04-29,0.0,0.6948289303387836,arima,SAN MARTIN
2013-05-06,0.0,0.6148909645541023,arima,SAN MARTIN
2013-05-13,0.12360969990037042,0.05902935571475534,arima,SAN MARTIN
2013-05-20,0.12360969990037042,0.075676207384814,arima,SAN MARTIN
2013-05-27,0.247219399800741,0.03968127739862475,arima,SAN MARTIN
2013-06-03,0.247219399800741,0.05784263042570465,arima,SAN MARTIN
2013-06-10,0.3708290997011117,0.3172638453431193,arima,SAN MARTIN
2013-06-17,0.24721939980074104,0.24458786752083425,arima,SAN MARTIN
2013-06-24,0.12360969990037042,0.2667963097738656,arima,SAN MARTIN
2013-07-01,0.0,0.2798980383045462,arima,SAN MARTIN
2013-07-08,0.247219399800741,0.0,arima,SAN MARTIN
2013-07-15,0.7416581994022233,0.0,arima,SAN MARTIN
2013-07-22,0.8652678993025938,0.0,arima,SAN MARTIN
2013-07-29,1.112487299103335,0.0,arima,SAN MARTIN
2013-08-05,0.9888775992029645,1.0562188764149374,arima,SAN MARTIN
2013-08-12,0.8652678993025938,1.3271286779389846,arima,SAN MARTIN
2013-08-19,0.6180484995018527,1.1559282101845638,arima,SAN MARTIN
2013-08-26,0.24721939980074092,1.1698310558281433,arima,SAN MARTIN
2013-09-02,0.49443879960148207,0.2825530492638813,arima,SAN MARTIN
2013-09-09,0.3708290997011115,0.1511531946342777,arima,SAN MARTIN
2013-09-16,0.49443879960148207,0.2271563440885491,arima,SAN MARTIN
2013-09-23,0.3708290997011117,0.2236618167886074,arima,SAN MARTIN
2013-09-30,0.6180484995018527,0.3460820990927464,arima,SAN MARTIN
2013-10-07,0.8652678993025938,0.3714547666910215,arima,SAN MARTIN
2013-10-14,1.1124872991033352,0.3637142319552316,arima,SAN MARTIN
2013-10-21,0.8652678993025938,0.3590315145874706,arima,SAN MARTIN
2013-10-28,0.49443879960148207,0.8437643777505877,arima,SAN MARTIN
2013-11-04,0.24721939980074092,0.783540598754864,arima,SAN MARTIN
2013-11-11,0.24721939980074092,0.8326092301642036,arima,SAN MARTIN
2013-11-18,0.3708290997011117,0.8222395048998021,arima,SAN MARTIN
2013-11-25,0.3708290997011117,0.4325395238531037,arima,SAN MARTIN
2013-12-02,0.49443879960148207,0.39945734661702564,arima,SAN MARTIN
2013-12-09,0.49443879960148207,0.39753282793482697,arima,SAN MARTIN
2013-12-16,0.8652678993025938,0.41135572116885033,arima,SAN MARTIN
2013-12-23,0.9888775992029645,0.8397595836387346,arima,SAN MARTIN
2013-12-30,0.8652678993025938,0.9685951029226454,arima,SAN MARTIN
2014-01-06,0.3708290997011115,0.8926213247239148,arima,SAN MARTIN
2014-01-13,0.12160080159248388,0.8930798146434429,arima,SAN MARTIN
2014-01-20,0.24320160318496797,0.08858032463072092,arima,SAN MARTIN
2014-01-27,0.3648024047774523,0.14131266279561464,arima,SAN MARTIN
2014-02-03,0.24320160318496797,0.11937546728932136,arima,SAN MARTIN
2014-02-10,0.12160080159248388,0.11385442052837712,arima,SAN MARTIN
2014-02-17,0.0,0.08807981810026001,arima,SAN MARTIN
2014-02-24,0.24320160318496797,0.13016073333606473,arima,SAN MARTIN
2014-03-03,0.36480240477745207,0.11545400091850065,arima,SAN MARTIN
2014-03-10,0.48640320636993617,0.10909929022057073,arima,SAN MARTIN
2014-03-17,0.24320160318496797,0.4167863727973381,arima,SAN MARTIN
2014-03-24,0.12160080159248388,0.3845013184202182,arima,SAN MARTIN
2014-03-31,0.0,0.42993681491225433,arima,SAN MARTIN
2014-04-07,0.12160080159248388,0.411512845983408,arima,SAN MARTIN
2014-04-14,0.12160080159248388,0.12692297357273144,arima,SAN MARTIN
2014-04-21,0.12160080159248388,0.20587736002512178,arima,SAN MARTIN
2014-04-28,0.12160080159248388,0.15106928649675053,arima,SAN MARTIN
2014-05-05,0.12160080159248388,0.15934755666451472,arima,SAN MARTIN
2014-05-12,0.24320160318496797,0.1848179805327888,arima,SAN MARTIN
2014-05-19,0.6080040079624203,0.1368958220607958,arima,SAN MARTIN
2014-05-26,0.8512056111473885,0.14638418243643464,arima,SAN MARTIN
2014-06-02,0.7296048095549045,0.15674094727086113,arima,SAN MARTIN
2014-06-09,0.6080040079624203,0.5117114034541732,arima,SAN MARTIN
2014-06-16,0.6080040079624203,0.45914988565269516,arima,SAN MARTIN
2014-06-23,0.8512056111473885,0.5656152059128388,arima,SAN MARTIN
2014-06-30,0.6080040079624203,0.5127697071711121,arima,SAN MARTIN
2014-07-07,0.48640320636993617,0.5791622813025941,arima,SAN MARTIN
2014-07-14,0.3648024047774523,0.530366800409596,arima,SAN MARTIN
2014-07-21,0.24320160318496797,0.5725938257011969,arima,SAN MARTIN
2014-07-28,0.12160080159248388,0.5616463734311896,arima,SAN MARTIN
2014-08-04,0.36480240477745207,0.06728943045704519,arima,SAN MARTIN
2014-08-11,0.48640320636993617,0.070146190494145,arima,SAN MARTIN
2014-08-18,0.6080040079624203,0.08716634863807035,arima,SAN MARTIN
2014-08-25,0.3648024047774523,0.0750235562966922,arima,SAN MARTIN
2014-09-01,0.48640320636993617,0.3514674334977461,arima,SAN MARTIN
2014-09-08,0.7296048095549045,0.353440932058959,arima,SAN MARTIN
2014-09-15,0.8512056111473885,0.35703359432654486,arima,SAN MARTIN
2014-09-22,0.7296048095549045,0.3539922539278235,arima,SAN MARTIN
2014-09-29,0.36480240477745207,0.6384886940272223,arima,SAN MARTIN
2014-10-06,0.24320160318496797,0.6246180333241398,arima,SAN MARTIN
2014-10-13,0.24320160318496797,0.6659476304405627,arima,SAN MARTIN
2014-10-20,0.24320160318496797,0.6441348659961414,arima,SAN MARTIN
2014-10-27,0.12160080159248388,0.23856944842966793,arima,SAN MARTIN
2014-11-03,0.24320160318496797,0.18758785314946838,arima,SAN MARTIN
2014-11-10,0.48640320636993617,0.22095834704129766,arima,SAN MARTIN
2014-11-17,0.7296048095549046,0.21831562566544074,arima,SAN MARTIN
2014-11-24,0.48640320636993617,0.6973599714560035,arima,SAN MARTIN
2014-12-01,0.36480240477745207,0.6726555454675691,arima,SAN MARTIN
2014-12-08,0.24320160318496797,0.6997452496991703,arima,SAN MARTIN
2014-12-15,0.24320160318496797,0.6902925870888239,arima,SAN MARTIN
2014-12-22,0.6080040079624203,0.20957168631855772,arima,SAN MARTIN
2014-12-29,0.7296048095549045,0.21893896820562295,arima,SAN MARTIN
2015-01-05,0.8492609656248219,0.22427878114770036,arima,SAN MARTIN
2015-01-12,0.482513915324803,0.21755162771497144,arima,SAN MARTIN
2015-01-19,0.7179369364195048,0.47663506084829865,arima,SAN MARTIN
2015-01-26,0.8375930924894223,0.45376359412680123,arima,SAN MARTIN
2015-02-02,0.8375930924894224,0.47092746837935673,arima,SAN MARTIN
2015-02-09,0.47862462427966973,0.4669674393401437,arima,SAN MARTIN
2015-02-16,0.3589684682097525,0.3757234331287492,arima,SAN MARTIN
2015-02-23,0.23931231213983475,0.35468414834891177,arima,SAN MARTIN
2015-03-02,0.35896846820975226,0.4021834415807424,arima,SAN MARTIN
2015-03-09,0.35896846820975226,0.3775092826080749,arima,SAN MARTIN
2015-03-16,0.7179369364195048,0.44090437647287806,arima,SAN MARTIN
2015-03-23,0.5982807803495872,0.4033685363393896,arima,SAN MARTIN
2015-03-30,0.9572492485593397,0.40142374619739113,arima,SAN MARTIN
2015-04-06,1.0769054046292572,0.4145555512166932,arima,SAN MARTIN
2015-04-13,0.9572492485593397,1.390544429406762,arima,SAN MARTIN
2015-04-20,0.47862462427966973,1.327369426294854,arima,SAN MARTIN
2015-04-27,0.23931231213983475,1.2678166484376248,arima,SAN MARTIN
2015-05-04,0.35896846820975226,1.3254626854773388,arima,SAN MARTIN
2015-05-11,0.47862462427966973,0.4302989297208235,arima,SAN MARTIN
2015-05-18,0.23931231213983475,0.4352317888458973,arima,SAN MARTIN
2015-05-25,0.5982807803495872,0.409053664172174,arima,SAN MARTIN
2015-06-01,0.47862462427966973,0.4242634293292649,arima,SAN MARTIN
2015-06-08,0.8375930924894223,0.7093063595297946,arima,SAN MARTIN
2015-06-15,0.35896846820975226,0.4430725674762352,arima,SAN MARTIN
2015-06-22,0.9572492485593397,0.5392618601729455,arima,SAN MARTIN
2015-06-29,0.5982807803495872,0.5594513786861304,arima,SAN MARTIN
2015-07-06,0.7179369364195046,0.7432867324866548,arima,SAN MARTIN
2015-07-13,0.11965615606991727,0.42904372772107313,arima,SAN MARTIN
2015-07-20,0.35896846820975226,0.6005590342073817,arima,SAN MARTIN
2015-07-27,0.23931231213983475,0.5719331789547253,arima,SAN MARTIN
2015-08-03,0.35896846820975226,0.3779588492030142,arima,SAN MARTIN
2015-08-10,0.35896846820975226,0.27334921305142107,arima,SAN MARTIN
2015-08-17,0.35896846820975226,0.3051741787711077,arima,SAN MARTIN
2015-08-24,0.47862462427966973,0.31269578903129897,arima,SAN MARTIN
2015-08-31,0.35896846820975226,0.4126696151201252,arima,SAN MARTIN
2015-09-07,0.47862462427966973,0.492185132200122,arima,SAN MARTIN
2015-09-14,0.23931231213983475,0.4543162829500129,arima,SAN MARTIN
2015-09-21,0.11965615606991727,0.4572792987939992,arima,SAN MARTIN
2015-09-28,0.0,0.013099557858551837,arima,SAN MARTIN
2015-10-05,0.0,0.03171357277794774,arima,SAN MARTIN
2015-10-12,0.0,0.04817368303198614,arima,SAN MARTIN
2015-10-19,0.5982807803495872,0.031006834661107235,arima,SAN MARTIN
2015-10-26,0.5982807803495872,0.8467411519457373,arima,SAN MARTIN
2015-11-02,0.5982807803495872,1.2436088295744172,arima,SAN MARTIN
2015-11-09,0.0,0.8705012128275,arima,SAN MARTIN
2015-11-16,0.0,1.0140088138269885,arima,SAN MARTIN
2015-11-23,0.0,0.0,arima,SAN MARTIN
2015-11-30,0.0,0.0,arima,SAN MARTIN
2015-12-07,0.0,0.0,arima,SAN MARTIN
2015-12-14,0.0,0.0,arima,SAN MARTIN
2015-12-21,0.5982807803495872,0.02798066530979885,arima,SAN MARTIN
2015-12-28,0.5982807803495872,0.03852014224651235,arima,SAN MARTIN
2016-01-04,0.5982807803495872,0.022785240335558676,arima,SAN MARTIN
2016-01-11,0.11777272925345023,0.0308653683753124,arima,SAN MARTIN
2016-01-18,0.23554545850690067,0.15453094177010368,arima,SAN MARTIN
2016-01-25,0.23554545850690067,0.12220658090885264,arima,SAN MARTIN
2016-02-01,0.4710909170138015,0.13504192761551084,arima,SAN MARTIN
2016-02-08,0.4710909170138015,0.13492979172172653,arima,SAN MARTIN
2016-02-15,0.588863646267252,0.5492339155670538,arima,SAN MARTIN
2016-02-22,0.23554545850690067,0.47308662557315245,arima,SAN MARTIN
2016-02-29,0.23554545850690067,0.5061949088459972,arima,SAN MARTIN
2016-03-07,0.11777272925345023,0.5035225205760803,arima,SAN MARTIN
2016-03-14,0.23554545850690067,0.2120559154593694,arima,SAN MARTIN
2016-03-21,0.588863646267252,0.1623056781253604,arima,SAN MARTIN
2016-03-28,0.588863646267252,0.1709704800747998,arima,SAN MARTIN
2016-04-04,0.588863646267252,0.1787251856632889,arima,SAN MARTIN
2016-04-11,0.23554545850690067,0.34519614254135095,arima,SAN MARTIN
2016-04-18,0.23554545850690067,0.4111631695421029,arima,SAN MARTIN
2016-04-25,0.3533181877603511,0.43342303854670927,arima,SAN MARTIN
2016-05-02,1.0599545632810539,0.3958270149777166,arima,SAN MARTIN
2016-05-09,1.2955000217879546,1.0846273000659643,arima,SAN MARTIN
2016-05-16,1.4132727510414052,1.0321737166594591,arima,SAN MARTIN
2016-05-23,0.7066363755207026,0.640192805375307,arima,SAN MARTIN
2016-05-30,0.4710909170138016,0.6470066100340253,arima,SAN MARTIN
2016-06-06,0.23554545850690076,0.397984910920048,arima,SAN MARTIN
2016-06-13,0.35331818776035123,0.6687664534091831,arima,SAN MARTIN
2016-06-20,0.35331818776035123,0.7933913701220339,arima,SAN MARTIN
2016-06-27,0.9421818340276035,0.8586307850349144,arima,SAN MARTIN
2016-07-04,0.8244091047741527,0.8760267552445171,arima,SAN MARTIN
2016-07-11,1.2955000217879544,0.927312451637375,arima,SAN MARTIN
2016-07-18,0.7066363755207026,0.5808250854233634,arima,SAN MARTIN
2016-07-25,0.7066363755207026,0.6220669029714756,arima,SAN MARTIN
2016-08-01,0.588863646267252,0.46367407742080424,arima,SAN MARTIN
2016-08-08,0.47109091701380157,0.7238964148720515,arima,SAN MARTIN
2016-08-15,0.588863646267252,0.7003094368724996,arima,SAN MARTIN
2016-08-22,0.4710909170138016,0.8749686511108707,arima,SAN MARTIN
2016-08-29,0.9421818340276035,0.6003127050407338,arima,SAN MARTIN
2016-09-05,1.0599545632810539,0.5165145104146691,arima,SAN MARTIN
2016-09-12,1.0599545632810539,0.5398697052154984,arima,SAN MARTIN
2016-09-19,0.7066363755207025,0.5455239346852387,arima,SAN MARTIN
2016-09-26,0.35331818776035123,0.5763791658728814,arima,SAN MARTIN
2016-10-03,0.23554545850690076,0.5869353093919798,arima,SAN MARTIN
2016-10-10,0.23554545850690076,0.6131091748767592,arima,SAN MARTIN
2016-10-17,0.35331818776035134,0.5919954704733965,arima,SAN MARTIN
2016-10-24,0.23554545850690078,0.4183555499600698,arima,SAN MARTIN
2016-10-31,0.1177727292534503,0.4087095927111242,arima,SAN MARTIN
2016-11-07,0.4710909170138016,0.39839618467493404,arima,SAN MARTIN
2016-11-14,0.824409104774153,0.4078316412475414,arima,SAN MARTIN
2016-11-21,0.9421818340276035,1.1470947554870965,arima,SAN MARTIN
2016-11-28,0.8244091047741527,0.9338561457903383,arima,SAN MARTIN
2016-12-05,0.588863646267252,0.995646775046825,arima,SAN MARTIN
2016-12-12,0.5888636462672521,1.007105960550688,arima,SAN MARTIN
2016-12-19,0.23554545850690076,0.41056243501965667,arima,SAN MARTIN
2016-12-26,0.47109091701380157,0.5293595797971762,arima,SAN MARTIN
2017-01-02,1.8606362167912962,0.500892170878265,arima,SAN MARTIN
2017-01-09,2.3244263795700486,0.4774567510996978,arima,SAN MARTIN
2017-01-16,2.5508458952831377,1.3437868407818723,arima,SAN MARTIN
2017-01-23,1.5073180290309451,1.3437868407818723,arima,SAN MARTIN
2017-01-30,1.391370488336257,1.3437868407818723,arima,SAN MARTIN
2017-02-06,1.623265569725633,1.3437868407818723,arima,SAN MARTIN
2017-02-13,2.0870557325043855,1.4908613083976392,arima,SAN MARTIN
2017-02-20,1.9711081918096978,1.720587535022561,arima,SAN MARTIN
2017-02-27,1.2754229476415688,1.6338097531187024,arima,SAN MARTIN
2017-03-06,0.5797377034734402,1.6607015957305138,arima,SAN MARTIN
2017-03-13,0.463790162778752,0.5461772959083582,arima,SAN MARTIN
2017-03-20,0.463790162778752,0.7518304083333434,arima,SAN MARTIN
2017-03-27,0.3478426220840643,1.1491056869574234,arima,SAN MARTIN
2017-04-03,0.23189508138937595,1.221954601380423,arima,SAN MARTIN
2017-04-10,0.11594754069468781,0.13270934308512553,arima,SAN MARTIN
2017-04-17,0.0,0.12921553147470713,arima,SAN MARTIN
2017-04-24,0.0,0.1604430155275178,arima,SAN MARTIN
2017-05-01,0.11594754069468781,0.14084598127512923,arima,SAN MARTIN
2017-05-08,0.2318950813893759,0.2195276251148319,arima,SAN MARTIN
2017-05-15,0.6956852441681284,0.2757488666966542,arima,SAN MARTIN
2017-05-22,0.6956852441681284,0.20927201907152493,arima,SAN MARTIN
2017-05-29,0.9275803255575045,0.23385904787625345,arima,SAN MARTIN
2017-06-05,0.5797377034734401,0.7420011627040934,arima,SAN MARTIN
2017-06-12,0.6956852441681282,0.8142371857516171,arima,SAN MARTIN
2017-06-19,0.34784262208406397,0.820724105834419,arima,SAN MARTIN
2017-06-26,0.34784262208406397,0.7956360947948358,arima,SAN MARTIN
2017-07-03,0.23189508138937584,0.21303552981191656,arima,SAN MARTIN
2017-07-10,0.3478426220840643,0.32478488081207396,arima,SAN MARTIN
2017-07-17,0.3478426220840643,0.2901663689246347,arima,SAN MARTIN
2017-07-24,0.463790162778752,0.27973620161571033,arima,SAN MARTIN
2017-07-31,0.463790162778752,0.5447364813408939,arima,SAN MARTIN
2017-08-07,0.5797377034734402,0.5830237802523743,arima,SAN MARTIN
2017-08-14,0.34784262208406397,0.5350719545700351,arima,SAN MARTIN
2017-08-21,0.34784262208406397,0.5545651935982745,arima,SAN MARTIN
2017-08-28,0.23189508138937584,0.23342487715514632,arima,SAN MARTIN
2017-09-04,0.3478426220840643,0.2835083864840396,arima,SAN MARTIN
2017-09-11,0.23189508138937587,0.2831666654905484,arima,SAN MARTIN
2017-09-18,0.11594754069468773,0.26906529833206044,arima,SAN MARTIN
2017-09-25,0.0,0.031105730470223636,arima,SAN MARTIN
2017-10-02,0.0,0.04200088203494409,arima,SAN MARTIN
2017-10-09,0.0,0.05826151935721497,arima,SAN MARTIN
2017-10-16,0.0,0.044839538035502634,arima,SAN MARTIN
2017-10-23,0.11594754069468773,0.0006334334331733662,arima,SAN MARTIN
2017-10-30,0.11594754069468773,0.0031319477598388563,arima,SAN MARTIN
2017-11-06,0.11594754069468773,0.0013704657087344355,arima,SAN MARTIN
2017-11-13,0.23189508138937584,0.0017835240732686209,arima,SAN MARTIN
2017-11-20,0.463790162778752,0.31584524971250677,arima,SAN MARTIN
2017-11-27,0.463790162778752,0.42090141977677425,arima,SAN MARTIN
2017-12-04,0.23189508138937584,0.32773565608117244,arima,SAN MARTIN
2017-12-11,0.0,0.35618687877544836,arima,SAN MARTIN
2017-12-18,0.11594754069468773,0.0,arima,SAN MARTIN
2017-12-25,0.5797377034734401,0.0,arima,SAN MARTIN
2018-01-01,0.6940437969026686,0.0,arima,SAN MARTIN
2018-01-08,1.0353206299248947,0.0,arima,SAN MARTIN
2018-01-15,0.5715304671461423,0.8328525741948529,arima,SAN MARTIN
2018-01-22,0.45722437371691377,1.111475236685008,arima,SAN MARTIN
2018-01-29,0.22861218685845672,0.989132922339768,arima,SAN MARTIN
2018-02-05,0.5715304671461423,0.9827249349180951,arima,SAN MARTIN
2018-02-12,0.5715304671461423,0.6422313431601081,arima,SAN MARTIN
2018-02-19,0.3429182802876853,0.8416673922157232,arima,SAN MARTIN
2018-02-26,0.11430609342922825,0.6290724416475433,arima,SAN MARTIN
2018-03-05,0.11430609342922825,0.6008490306599839,arima,SAN MARTIN
2018-03-12,0.22861218685845677,0.16676546029177486,arima,SAN MARTIN
2018-03-19,0.34291828028768534,0.10220152443040735,arima,SAN MARTIN
2018-03-26,0.4572243737169139,0.127879807669267,arima,SAN MARTIN
2018-04-02,0.5715304671461424,0.12986218907320743,arima,SAN MARTIN
2018-04-09,0.6858365605753708,0.5195922499180319,arima,SAN MARTIN
2018-04-16,0.5715304671461423,0.5802225065732671,arima,SAN MARTIN
2018-04-23,0.4572243737169137,0.5556012687684633,arima,SAN MARTIN
2018-04-30,0.9144487474338279,0.5535649610607349,arima,SAN MARTIN
2018-05-07,1.600285308009199,1.0416724903315289,arima,SAN MARTIN
2018-05-14,1.7145914014384276,1.1741905650797406,arima,SAN MARTIN
2018-05-21,1.1430609342922848,0.8998940590074771,arima,SAN MARTIN
2018-05-28,0.6858365605753712,0.8423937743142136,arima,SAN MARTIN
2018-06-04,0.5715304671461424,0.6009787747959892,arima,SAN MARTIN
2018-06-11,0.34291828028768534,0.7805329298412129,arima,SAN MARTIN
2018-06-18,0.3429182802876853,1.0177957182345825,arima,SAN MARTIN
2018-06-25,0.22861218685845677,1.0949839147108418,arima,SAN MARTIN
2018-07-02,1.143060934292285,0.21285417662451656,arima,SAN MARTIN
2018-07-09,1.3716731211507422,0.17680974164327506,arima,SAN MARTIN
2018-07-16,1.6002853080091992,0.20528921302334835,arima,SAN MARTIN
2018-07-23,0.8001426540045995,0.19721775320632998,arima,SAN MARTIN
2018-07-30,0.5715304671461424,0.704210280830367,arima,SAN MARTIN
2018-08-06,0.45722437371691377,0.5750915648509345,arima,SAN MARTIN
2018-08-13,0.5715304671461424,0.9149240417926809,arima,SAN MARTIN
2018-08-20,0.6858365605753708,0.9576507945297206,arima,SAN MARTIN
2018-08-27,0.8001426540045995,0.7712550128240476,arima,SAN MARTIN
2018-09-03,0.5715304671461423,0.7116915917653006,arima,SAN MARTIN
2018-09-10,0.685836560575371,0.6543551479674428,arima,SAN MARTIN
2018-09-17,0.45722437371691393,0.605808795370125,arima,SAN MARTIN
2018-09-24,0.5715304671461424,0.5541757130560783,arima,SAN MARTIN
2018-10-01,0.11430609342922825,0.480118901175225,arima,SAN MARTIN
2018-10-08,0.45722437371691377,0.608540778242306,arima,SAN MARTIN
2018-10-15,0.6858365605753708,0.5490055176716944,arima,SAN MARTIN
2018-10-22,1.0287548408630567,1.117205265363221,arima,SAN MARTIN
2018-10-29,1.1430609342922848,0.8522709297125812,arima,SAN MARTIN
2018-11-05,0.914448747433828,0.743392519772136,arima,SAN MARTIN
2018-11-12,0.9144487474338279,0.5256358695972358,arima,SAN MARTIN
2018-11-19,0.5715304671461423,0.8579441028529897,arima,SAN MARTIN
2018-11-26,0.6858365605753708,0.972139586520572,arima,SAN MARTIN
2018-12-03,0.34291828028768534,0.9697205694219706,arima,SAN MARTIN
2018-12-10,0.5715304671461424,1.0110234362454364,arima,SAN MARTIN
2018-12-17,0.5715304671461423,0.496277870015577,arima,SAN MARTIN
2018-12-24,0.5715304671461423,0.7117698624261872,arima,SAN MARTIN
2018-12-31,0.22861218685845677,0.5709723335943464,arima,SAN MARTIN
2019-01-07,0.22542094543798696,0.6287866704603435,arima,SAN MARTIN
2019-01-14,0.7889733090329552,0.19967548517672248,arima,SAN MARTIN
2019-01-21,1.0143942544709423,0.36756317332107685,arima,SAN MARTIN
2019-01-28,1.2398151999089297,0.3716268606935299,arima,SAN MARTIN
2019-02-04,0.6762628363139616,0.40377368046158746,arima,SAN MARTIN
2019-02-11,0.5635523635949679,0.5613123223404832,arima,SAN MARTIN
2019-02-18,0.7889733090329552,0.43624506743238434,arima,SAN MARTIN
2019-02-25,1.3525256726279233,0.6639478317237135,arima,SAN MARTIN
2019-03-04,1.6906570907849041,0.7264927935720655,arima,SAN MARTIN
2019-03-11,1.1271047271899362,1.5754653380237449,arima,SAN MARTIN
2019-03-18,1.0143942544709423,1.243527862188401,arima,SAN MARTIN
2019-03-25,0.9016837817519487,1.0726447279782891,arima,SAN MARTIN
2019-04-01,1.0143942544709426,1.0954081445252921,arima,SAN MARTIN
2019-04-08,0.563552363594968,1.0605784936517906,arima,SAN MARTIN
2019-04-15,1.0143942544709426,1.1341678897600143,arima,SAN MARTIN
2019-04-22,1.1271047271899362,1.074813096329478,arima,SAN MARTIN
2019-04-29,1.6906570907849046,1.0534758522649894,arima,SAN MARTIN
2019-05-06,1.1271047271899362,1.3753396617544849,arima,SAN MARTIN
2019-05-13,1.1271047271899362,1.3392589157469392,arima,SAN MARTIN
2019-05-20,0.7889733090329553,1.0434519499739432,arima,SAN MARTIN
2019-05-27,0.7889733090329553,1.1785529662666159,arima,SAN MARTIN
2019-06-03,0.45084189087597437,0.7564934191932093,arima,SAN MARTIN
2019-06-10,0.3381314181569808,0.9280247179876653,arima,SAN MARTIN
2019-06-17,0.11271047271899348,0.929335305975713,arima,SAN MARTIN
2019-06-24,0.2254209454379871,0.9621220675988973,arima,SAN MARTIN
2019-07-01,0.2254209454379871,0.2620092822468061,arima,SAN MARTIN
2019-07-08,0.2254209454379871,0.40498795772847923,arima,SAN MARTIN
2019-07-15,0.11271047271899348,0.3377471023412473,arima,SAN MARTIN
2019-07-22,0.3381314181569808,0.3278160967376086,arima,SAN MARTIN
2019-07-29,1.1271047271899362,0.3477248649653131,arima,SAN MARTIN
2019-08-05,1.3525256726279233,0.44042256138591174,arima,SAN MARTIN
2019-08-12,1.2398151999089297,0.30614916942089576,arima,SAN MARTIN
2019-08-19,1.0143942544709426,0.3083855379759287,arima,SAN MARTIN
2019-08-26,0.9016837817519491,0.9251782807947384,arima,SAN MARTIN
2019-09-02,0.7889733090329553,0.9583321753604317,arima,SAN MARTIN
2019-09-09,0.7889733090329553,1.0635560129811723,arima,SAN MARTIN
2019-09-16,1.1271047271899362,1.1167671698231278,arima,SAN MARTIN
2019-09-23,1.2398151999089297,1.2270383247540102,arima,SAN MARTIN
2019-09-30,1.1271047271899362,1.2605340168527768,arima,SAN MARTIN
2019-10-07,1.2398151999089297,1.071473996494615,arima,SAN MARTIN
2019-10-14,1.1271047271899362,1.0225390186340806,arima,SAN MARTIN
2019-10-21,0.7889733090329552,1.1887550546174603,arima,SAN MARTIN
2019-10-28,0.6762628363139616,1.121549825613136,arima,SAN MARTIN
2019-11-04,1.0143942544709426,1.1844656450195652,arima,SAN MARTIN
2019-11-11,1.3525256726279236,1.1470502409090257,arima,SAN MARTIN
2019-11-18,1.2398151999089297,1.4833095549211124,arima,SAN MARTIN
2019-11-25,1.0143942544709426,1.2828300326200885,arima,SAN MARTIN
2019-12-02,1.0143942544709426,1.1127114812285663,arima,SAN MARTIN
2019-12-09,1.0143942544709426,1.0393255879050218,arima,SAN MARTIN
2019-12-16,1.1271047271899362,1.1238682256500416,arima,SAN MARTIN
2019-12-23,1.1271047271899362,1.1232313437513235,arima,SAN MARTIN
2019-12-30,1.0143942544709426,1.1320747641250954,arima,SAN MARTIN
2020-01-06,0.8985804080725158,1.0739543018907383,arima,SAN MARTIN
2020-01-13,0.8923736607136498,0.8850440595884177,arima,SAN MARTIN
2020-01-20,1.0004290729134941,0.9301439771287805,arima,SAN MARTIN
2020-01-27,1.111587858792771,0.990454888765639,arima,SAN MARTIN
2020-02-03,0.7781115011549398,1.0024895551950412,arima,SAN MARTIN
2020-02-10,0.6669527152756626,0.7076186865646792,arima,SAN MARTIN
2020-02-17,0.5557939293963855,0.6368562031931286,arima,SAN MARTIN
2020-02-24,0.6669527152756627,0.7849721958702955,arima,SAN MARTIN
2020-03-02,0.7781115011549398,0.8171877016223017,arima,SAN MARTIN
2020-03-09,0.6669527152756626,0.8599979386393279,arima,SAN MARTIN
2020-03-16,1.1115878587927712,0.8022023978571571,arima,SAN MARTIN
2020-03-23,0.889270287034217,0.7473030372277429,arima,SAN MARTIN
2020-03-30,0.7781115011549398,0.7019485519353879,arima,SAN MARTIN
2020-04-06,0.11115878587927697,0.5450609227952046,arima,SAN MARTIN
2020-04-13,0.11115878587927697,0.6276981757395583,arima,SAN MARTIN
2020-04-20,0.4446351435171083,0.6641072306626554,arima,SAN MARTIN
2020-04-27,0.5557939293963855,0.7990694110091441,arima,SAN MARTIN
2020-05-04,1.000429072913494,0.5635047416629042,arima,SAN MARTIN
2020-05-11,0.889270287034217,0.3654431865917815,arima,SAN MARTIN
2020-05-18,1.6673817881891566,0.3117414873044651,arima,SAN MARTIN
2020-05-25,2.6678108611026503,0.29508139553042656,arima,SAN MARTIN
2020-06-01,4.335192649291807,2.184377697801313,arima,SAN MARTIN
2020-06-08,6.668325500586736,2.184377697801313,arima,SAN MARTIN
2020-06-15,8.334505636606002,2.184377697801313,arima,SAN MARTIN
2020-06-22,9.667209414987436,2.184377697801313,arima,SAN MARTIN
2020-06-29,8.00102927896817,5.291777118322786,arima,SAN MARTIN
2020-07-06,6.8906430723452905,5.291777118322786,arima,SAN MARTIN
2020-07-13,6.113733223360241,5.291777118322786,arima,SAN MARTIN
2020-07-20,6.55836836687735,5.291777118322786,arima,SAN MARTIN
2020-07-27,5.002145364567471,6.478981841664731,arima,SAN MARTIN
2020-08-03,3.334763576378313,6.563274406858165,arima,SAN MARTIN
2020-08-10,2.3343345034648197,6.533531935466777,arima,SAN MARTIN
2020-08-17,2.890128432861205,6.530134521789552,arima,SAN MARTIN
2020-08-24,3.0012872187404827,3.3450561407269293,arima,SAN MARTIN
2020-08-31,2.7789696469819276,3.7259515507172045,arima,SAN MARTIN
2020-09-07,2.112016931706265,3.392134600824928,arima,SAN MARTIN
2020-09-14,1.778540574068434,3.4797976833171154,arima,SAN MARTIN
2020-09-21,1.5562230023098795,1.7356342120955937,arima,SAN MARTIN
2020-09-28,2.0008581458269883,1.6219539227721884,arima,SAN MARTIN
2020-10-05,1.6673817881891566,1.6923230363179522,arima,SAN MARTIN
2020-10-12,1.4450642164306025,1.6825760749517014,arima,SAN MARTIN
2020-10-19,0.7781115011549398,1.0057942255601495,arima,SAN MARTIN
2020-10-26,0.889270287034217,1.0522831843343217,arima,SAN MARTIN
2020-11-02,1.2227466446720483,1.139552180970811,arima,SAN MARTIN
2020-11-09,1.5562230023098795,1.0801648261376329,arima,SAN MARTIN
2020-11-16,1.5562230023098798,1.6797945066861582,arima,SAN MARTIN
2020-11-23,1.4450642164306027,1.6256545796976516,arima,SAN MARTIN
2020-11-30,1.2227466446720483,1.6208186761106242,arima,SAN MARTIN
2020-12-07,1.5562230023098795,1.637637988103699,arima,SAN MARTIN
2020-12-14,1.4450642164306027,1.6313457211590427,arima,SAN MARTIN
2020-12-21,1.3339054305513256,1.838554316188636,arima,SAN MARTIN
2020-12-28,1.1115878587927712,1.706800769556188,arima,SAN MARTIN
2021-01-04,1.7634451456401699,1.7144901938760384,arima,SAN MARTIN
2021-01-11,2.966567733355474,2.1996368389948913,arima,SAN MARTIN
2021-01-18,3.947372749312225,2.48676615198292,arima,SAN MARTIN
2021-01-25,3.728074263239323,2.2023035827621693,arima,SAN MARTIN
2021-02-01,3.837723506275774,2.2652660689302175,arima,SAN MARTIN
2021-02-08,4.1666712353851265,3.901273434459349,arima,SAN MARTIN
2021-02-15,5.372812908786083,4.1560457577942875,arima,SAN MARTIN
2021-02-22,5.701760637895435,4.010064051755926,arima,SAN MARTIN
2021-03-01,6.140357610041239,4.0126106591242126,arima,SAN MARTIN
2021-03-08,6.7982530682599425,5.984910170890054,arima,SAN MARTIN
2021-03-15,6.7982530682599425,6.08044982836593,arima,SAN MARTIN
2021-03-22,7.675447012551548,6.073439151820119,arima,SAN MARTIN
2021-03-29,7.456148526478646,6.052011189432868,arima,SAN MARTIN
2021-04-05,8.81451453318813,7.808935741782371,arima,SAN MARTIN
2021-04-12,8.966738866496657,7.743937242132459,arima,SAN MARTIN
2021-04-19,9.667209414987436,7.711488585267908,arima,SAN MARTIN
2021-04-26,9.667209414987436,7.783192964858571,arima,SAN MARTIN
2021-05-03,9.667209414987436,9.253931791377894,arima,SAN MARTIN
2021-05-10,8.528141894350853,9.253931791377894,arima,SAN MARTIN
2021-05-17,8.485566804078777,9.253931791377894,arima,SAN MARTIN
2021-05-24,7.017551554332844,9.253931791377894,arima,SAN MARTIN
2021-05-31,6.7982530682599425,6.9128279607270215,arima,SAN MARTIN
2021-06-07,5.592111394858985,6.323709656972654,arima,SAN MARTIN
2021-06-14,4.276320478421575,6.647425913281296,arima,SAN MARTIN
2021-06-21,3.7280742632393227,6.64275131128007,arima,SAN MARTIN
2021-06-28,2.4122833468019143,3.4168160388064495,arima,SAN MARTIN
2021-07-05,2.302634103765463,3.744535833380316,arima,SAN MARTIN
2021-07-12,1.75438788858321,3.673255738696578,arima,SAN MARTIN
2021-07-19,2.083335617692562,3.608117690168511,arima,SAN MARTIN
2021-07-26,2.4122833468019143,2.1028840009894596,arima,SAN MARTIN
2021-08-02,2.0833356176925624,2.199716184805232,arima,SAN MARTIN
2021-08-09,1.75438788858321,2.1468906960389362,arima,SAN MARTIN
2021-08-16,1.0964924303645058,2.1447586106843457,arima,SAN MARTIN
2021-08-23,0.9868431873280551,1.0389864632139338,arima,SAN MARTIN
2021-08-30,0.7675447012551538,0.9548384368941096,arima,SAN MARTIN
2021-09-06,0.8771939442916045,1.0104804758769252,arima,SAN MARTIN
2021-09-13,0.7675447012551538,1.0070887304180371,arima,SAN MARTIN
2021-09-20,0.657895458218703,0.7801327748294256,arima,SAN MARTIN
2021-09-27,0.7675447012551538,0.6990574133480598,arima,SAN MARTIN
2021-10-04,0.8771939442916045,0.7342045493405427,arima,SAN MARTIN
2021-10-11,0.9868431873280552,0.7404981743672365,arima,SAN MARTIN
2021-10-18,1.2061416734009567,0.8769335500677973,arima,SAN MARTIN
2021-10-25,1.0964924303645058,0.8647543998263458,arima,SAN MARTIN
2021-11-01,0.9868431873280552,0.9005689352629678,arima,SAN MARTIN
2021-11-08,1.4254401594738582,0.8862616010080224,arima,SAN MARTIN
2021-11-15,1.75438788858321,1.7835171581610854,arima,SAN MARTIN
2021-11-22,2.192984860729013,2.2369090140323,arima,SAN MARTIN
2021-11-29,1.5350894025103088,1.8946955369688099,arima,SAN MARTIN
2021-12-06,1.5350894025103088,1.9415515113255473,arima,SAN MARTIN
2021-12-13,1.3157909164374073,1.3613098698707726,arima,SAN MARTIN
2021-12-20,1.3157909164374073,1.4498891512723273,arima,SAN MARTIN
2021-12-27,1.6447386455467594,1.423273338198904,arima,SAN MARTIN
2022-01-03,4.318895568693652,1.425946184731587,arima,SAN MARTIN
2022-01-10,4.532317683583121,6.471070400788501,arima,SAN MARTIN
2022-01-17,5.169645842659812,8.166167398975288,arima,SAN MARTIN
2022-01-24,2.8126839062554083,6.808787408948516,arima,SAN MARTIN
2022-01-31,4.11084570914252,7.2017692879690856,arima,SAN MARTIN
2022-02-07,4.435386159864298,3.874705130203706,arima,SAN MARTIN
2022-02-14,4.759926610586076,4.633936345725268,arima,SAN MARTIN
2022-02-21,4.002665558901928,4.203170249675897,arima,SAN MARTIN
2022-02-28,2.8126839062554083,4.326599563936859,arima,SAN MARTIN
2022-03-07,2.8126839062554083,2.642583728149334,arima,SAN MARTIN
2022-03-14,2.3799633052930376,2.364735856702478,arima,SAN MARTIN
2022-03-21,2.3799633052930376,2.5558054848664424,arima,SAN MARTIN
2022-03-28,1.622702253608889,2.4910559565285624,arima,SAN MARTIN
2022-04-04,1.8390625540900747,1.4620567449404756,arima,SAN MARTIN
2022-04-11,1.8390625540900747,1.31458326770348,arima,SAN MARTIN
2022-04-18,2.596323605774223,1.4289421001194782,arima,SAN MARTIN
2022-04-25,3.1372243569771867,1.3851270686594503,arima,SAN MARTIN
2022-05-02,2.9208640564960007,3.6993650620845218,arima,SAN MARTIN
2022-05-09,2.488143455533631,3.806772521807982,arima,SAN MARTIN
2022-05-16,2.3799633052930376,3.63803411183038,arima,SAN MARTIN
2022-05-23,3.1372243569771867,3.722248490984163,arima,SAN MARTIN
2022-05-30,3.894485408661335,3.4953419789275335,arima,SAN MARTIN
2022-06-06,3.7863052584207426,3.5249428083535745,arima,SAN MARTIN
2022-06-13,3.461764807698964,3.434724456499711,arima,SAN MARTIN
2022-06-20,3.6781251081801494,3.4835162518052973,arima,SAN MARTIN
2022-06-27,4.002665558901928,3.887120602649457,arima,SAN MARTIN
2022-07-04,4.11084570914252,4.157966799474331,arima,SAN MARTIN
2022-07-11,3.7863052584207426,3.952056648082671,arima,SAN MARTIN
2022-07-18,3.353584657458372,4.019810687689108,arima,SAN MARTIN
2022-07-25,3.7863052584207426,3.266712421153483,arima,SAN MARTIN
2022-08-01,3.4617648076989647,3.136547618289592,arima,SAN MARTIN
2022-08-08,3.2454045072177795,3.2293259262431597,arima,SAN MARTIN
2022-08-15,2.8126839062554096,3.200828017637429,arima,SAN MARTIN
2022-08-22,2.4881434555336317,2.8217787175752944,arima,SAN MARTIN
2022-08-29,2.4881434555336313,2.8977162100066813,arima,SAN MARTIN
2022-09-05,2.920864056496002,2.852441402499515,arima,SAN MARTIN
2022-09-12,3.0290442067365944,2.8616207072641475,arima,SAN MARTIN
2022-09-19,3.6781251081801503,3.1248476715246847,arima,SAN MARTIN
2022-09-26,2.596323605774224,2.8129055924458104,arima,SAN MARTIN
2022-10-03,2.4881434555336313,2.9637464170983434,arima,SAN MARTIN
2022-10-10,1.9472427043306684,2.9480062804639875,arima,SAN MARTIN
2022-10-17,1.730882403849483,2.1017303959821425,arima,SAN MARTIN
2022-10-24,1.9472427043306684,2.07733547340266,arima,SAN MARTIN
2022-10-31,2.379963305293039,2.053242278868703,arima,SAN MARTIN
2022-11-07,2.7045037560148164,2.072111479642517,arima,SAN MARTIN
2022-11-14,2.163603004811853,2.6779406632097955,arima,SAN MARTIN
2022-11-21,1.5145221033682974,2.5158192605524974,arima,SAN MARTIN
2022-11-28,2.3799633052930385,2.604902369974487,arima,SAN MARTIN
2022-12-05,3.24540450721778,2.625046804535565,arima,SAN MARTIN
