date,region,actual,arima,holt_winters,naive,seasonal_naive,arima_error,arima_abs_error,arima_pct_error,holt_winters_error,holt_winters_abs_error,holt_winters_pct_error,naive_error,naive_abs_error,naive_pct_error,seasonal_naive_error,seasonal_naive_abs_error,seasonal_naive_pct_error,best_model
2010-12-27,MOQUEGUA,2.3855246365056835,1.6589573815159984,1.950603144334322,1.7891434773792625,2.4150360142245617,-0.727,0.727,30.5,-0.435,0.435,18.2,-0.596,0.596,25.0,0.03,0.03,1.3,seasonal_naive
2011-01-03,MOQUEGUA,2.3855246365056835,2.395809508107188,2.3574682013115154,1.7891434773792625,1.2075180071122809,0.01,0.01,0.4,-0.028,0.028,1.2,-0.596,0.596,25.0,-1.178,1.178,49.4,arima
2011-01-10,MOQUEGUA,1.7819472398323282,1.8313059802998968,1.9489736397923445,1.7891434773792625,0.0,0.049,0.049,2.7,0.167,0.167,9.4,0.007,0.007,0.4,-1.782,1.782,100.0,naive
2011-01-17,MOQUEGUA,0.5891849215794864,2.0371043025833466,2.1341411219064077,1.7891434773792625,0.5963811591264203,1.448,1.448,245.8,1.545,1.545,262.2,1.2,1.2,203.7,0.007,0.007,1.2,seasonal_naive
2011-01-24,MOQUEGUA,1.1783698431589733,0.6231140751439483,0.28393085840839355,0.5891849215794864,0.5963811591264203,-0.555,0.555,47.1,-0.894,0.894,75.9,-0.589,0.589,50.0,-0.582,0.582,49.4,arima
2011-01-31,MOQUEGUA,0.5891849215794864,0.32709105095169627,0.25379583221270796,0.5891849215794864,0.5963811591264203,-0.262,0.262,44.5,-0.335,0.335,56.9,0.0,0.0,0.0,0.007,0.007,1.2,naive
2011-02-07,MOQUEGUA,1.1783698431589733,0.5470906888823879,0.07681221510210137,0.5891849215794864,0.0,-0.631,0.631,53.5,-1.102,1.102,93.5,-0.589,0.589,50.0,-1.178,1.178,100.0,naive
2011-02-14,MOQUEGUA,0.5891849215794864,0.45946411150127947,0.0680600550130315,0.5891849215794864,0.0,-0.13,0.13,22.1,-0.521,0.521,88.4,0.0,0.0,0.0,-0.589,0.589,100.0,naive
2011-02-21,MOQUEGUA,1.7675547647384604,0.7579025511832238,0.7155123659469247,0.5891849215794864,0.0,-1.01,1.01,57.1,-1.052,1.052,59.5,-1.178,1.178,66.6,-1.768,1.768,100.0,arima
2011-02-28,MOQUEGUA,2.945924607897434,0.6088390398069254,0.5923411644107959,0.5891849215794864,0.0,-2.337,2.337,79.3,-2.354,2.354,79.9,-2.357,2.357,80.0,-2.946,2.946,100.0,arima
2011-03-07,MOQUEGUA,2.945924607897434,0.6742411541189515,0.5974834685090051,0.5891849215794864,0.5963811591264203,-2.272,2.272,77.1,-2.348,2.348,79.7,-2.357,2.357,80.0,-2.35,2.35,79.8,arima
2011-03-14,MOQUEGUA,1.7675547647384606,0.6671404433593817,0.2137019644422099,0.5891849215794864,0.5963811591264203,-1.1,1.1,62.2,-1.554,1.554,87.9,-1.178,1.178,66.6,-1.171,1.171,66.2,arima
2011-03-21,MOQUEGUA,0.5891849215794865,1.3286749060901353,1.974884800809062,1.7675547647384606,1.1927623182528415,0.739,0.739,125.4,1.386,1.386,235.2,1.178,1.178,199.9,0.604,0.604,102.5,seasonal_naive
2011-03-28,MOQUEGUA,0.5891849215794865,1.4435935942449887,1.8151081772125912,1.7675547647384606,0.5963811591264203,0.854,0.854,144.9,1.226,1.226,208.1,1.178,1.178,199.9,0.007,0.007,1.2,seasonal_naive
2011-04-04,MOQUEGUA,0.5891849215794865,1.480750005754413,2.5209448280152436,1.7675547647384606,1.1927623182528415,0.892,0.892,151.4,1.932,1.932,327.9,1.178,1.178,199.9,0.604,0.604,102.5,seasonal_naive
2011-04-11,MOQUEGUA,0.5891849215794865,1.4135449834497993,2.8531962595488634,1.7675547647384606,2.385524636505683,0.824,0.824,139.9,2.264,2.264,384.3,1.178,1.178,199.9,1.796,1.796,304.8,arima
2011-04-18,MOQUEGUA,0.5891849215794865,0.5081688334122079,0.8491735617062282,0.5891849215794864,3.578286954758525,-0.081,0.081,13.7,0.26,0.26,44.1,-0.0,0.0,0.0,2.989,2.989,507.3,naive
2011-04-25,MOQUEGUA,1.7675547647384604,0.4321773064700867,0.7077584752410484,0.5891849215794864,4.1746681138849455,-1.335,1.335,75.5,-1.06,1.06,60.0,-1.178,1.178,66.6,2.407,2.407,136.2,holt_winters
2011-05-02,MOQUEGUA,1.7675547647384604,0.5172807386012999,0.8310755286210201,0.5891849215794864,2.385524636505683,-1.25,1.25,70.7,-0.936,0.936,53.0,-1.178,1.178,66.6,0.618,0.618,35.0,seasonal_naive
2011-05-09,MOQUEGUA,2.356739686317947,0.4716312923323283,0.5665054856040836,0.5891849215794864,1.7891434773792625,-1.885,1.885,80.0,-1.79,1.79,76.0,-1.768,1.768,75.0,-0.568,0.568,24.1,seasonal_naive
2011-05-16,MOQUEGUA,1.1783698431589735,1.7456178576409638,1.8808941954757472,2.356739686317947,0.5963811591264205,0.567,0.567,48.1,0.703,0.703,59.7,1.178,1.178,100.0,-0.582,0.582,49.4,arima
2011-05-23,MOQUEGUA,2.945924607897434,2.3152041686490934,2.088915130825735,2.356739686317947,1.1927623182528415,-0.631,0.631,21.4,-0.857,0.857,29.1,-0.589,0.589,20.0,-1.753,1.753,59.5,naive
2011-05-30,MOQUEGUA,3.535109529476921,2.0246639205978156,2.192957181936864,2.356739686317947,0.5963811591264205,-1.51,1.51,42.7,-1.342,1.342,38.0,-1.178,1.178,33.3,-2.939,2.939,83.1,naive
2011-06-06,MOQUEGUA,4.124294451056408,2.075816272811427,2.196678248870937,2.356739686317947,0.5963811591264205,-2.048,2.048,49.7,-1.928,1.928,46.7,-1.768,1.768,42.9,-3.528,3.528,85.5,naive
2011-06-13,MOQUEGUA,2.945924607897434,3.5116522118836384,2.6842359987851006,4.124294451056408,0.0,0.566,0.566,19.2,-0.262,0.262,8.9,1.178,1.178,40.0,-2.946,2.946,100.0,holt_winters
2011-06-20,MOQUEGUA,2.945924607897434,3.321170023641086,3.420796719236259,4.124294451056408,0.5963811591264205,0.375,0.375,12.7,0.475,0.475,16.1,1.178,1.178,40.0,-2.35,2.35,79.8,arima
2011-06-27,MOQUEGUA,2.356739686317947,3.655518925746353,4.237401235916803,4.124294451056408,0.5963811591264205,1.299,1.299,55.1,1.881,1.881,79.8,1.768,1.768,75.0,-1.76,1.76,74.7,arima
2011-07-04,MOQUEGUA,2.356739686317947,3.4434035699597123,5.174356485326448,4.124294451056408,2.385524636505683,1.087,1.087,46.1,2.818,2.818,119.6,1.768,1.768,75.0,0.029,0.029,1.2,seasonal_naive
2011-07-11,MOQUEGUA,2.945924607897434,2.0814443446145146,2.491843960133228,2.356739686317947,2.385524636505683,-0.864,0.864,29.3,-0.454,0.454,15.4,-0.589,0.589,20.0,-0.56,0.56,19.0,holt_winters
2011-07-18,MOQUEGUA,2.945924607897434,2.37864726369719,2.2575932121886146,2.356739686317947,2.981905795632104,-0.567,0.567,19.2,-0.688,0.688,23.4,-0.589,0.589,20.0,0.036,0.036,1.2,seasonal_naive
2011-07-25,MOQUEGUA,1.7675547647384606,2.2213400906303153,1.6729008246433343,2.356739686317947,2.385524636505683,0.454,0.454,25.7,-0.095,0.095,5.4,0.589,0.589,33.3,0.618,0.618,35.0,holt_winters
2011-08-01,MOQUEGUA,0.5891849215794865,2.2535446909872974,1.545757593147695,2.356739686317947,2.385524636505683,1.664,1.664,282.4,0.957,0.957,162.4,1.768,1.768,300.1,1.796,1.796,304.8,holt_winters
2011-08-08,MOQUEGUA,2.945924607897434,0.44597495242446694,0.5687875902831496,0.5891849215794864,2.981905795632104,-2.5,2.5,84.9,-2.377,2.377,80.7,-2.357,2.357,80.0,0.036,0.036,1.2,seasonal_naive
2011-08-15,MOQUEGUA,3.535109529476921,0.38550853325048917,0.8413895132999025,0.5891849215794864,3.578286954758525,-3.15,3.15,89.1,-2.694,2.694,76.2,-2.946,2.946,83.3,0.043,0.043,1.2,seasonal_naive
2011-08-22,MOQUEGUA,5.89184921579487,0.4766817696710306,1.2009094448246183,0.5891849215794864,2.981905795632104,-5.415,5.415,91.9,-4.691,4.691,79.6,-5.303,5.303,90.0,-2.91,2.91,49.4,seasonal_naive
2011-08-29,MOQUEGUA,4.124294451056408,0.4212950037769392,1.0999493522539008,0.5891849215794864,3.578286954758525,-3.703,3.703,89.8,-3.024,3.024,73.3,-3.535,3.535,85.7,-0.546,0.546,13.2,seasonal_naive
2011-09-05,MOQUEGUA,3.5351095294769217,5.275829687748907,3.277768803386926,4.124294451056408,1.7891434773792625,1.741,1.741,49.2,-0.257,0.257,7.3,0.589,0.589,16.7,-1.746,1.746,49.4,holt_winters
2011-09-12,MOQUEGUA,1.7675547647384606,5.071192285148736,2.2212933486044917,4.124294451056408,2.385524636505683,3.304,3.304,186.9,0.454,0.454,25.7,2.357,2.357,133.3,0.618,0.618,35.0,holt_winters
2011-09-19,MOQUEGUA,1.7675547647384606,4.831818053985847,1.7498793568877562,4.124294451056408,1.7891434773792625,3.064,3.064,173.3,-0.018,0.018,1.0,2.357,2.357,133.3,0.022,0.022,1.2,holt_winters
2011-09-26,MOQUEGUA,2.945924607897434,5.091660747583214,1.3442021311444936,4.124294451056408,2.385524636505683,2.146,2.146,72.8,-1.602,1.602,54.4,1.178,1.178,40.0,-0.56,0.56,19.0,seasonal_naive
2011-10-03,MOQUEGUA,2.3567396863179475,3.635662086135973,2.8589539588663415,2.9459246078974335,2.385524636505683,1.279,1.279,54.3,0.502,0.502,21.3,0.589,0.589,25.0,0.029,0.029,1.2,seasonal_naive
2011-10-10,MOQUEGUA,2.3567396863179475,3.489310705598247,3.6420898567203697,2.9459246078974335,1.1927623182528415,1.133,1.133,48.1,1.285,1.285,54.5,0.589,0.589,25.0,-1.164,1.164,49.4,naive
2011-10-17,MOQUEGUA,3.5351095294769213,3.369012876524769,4.464959186199312,2.9459246078974335,2.385524636505683,-0.166,0.166,4.7,0.93,0.93,26.3,-0.589,0.589,16.7,-1.15,1.15,32.5,arima
2011-10-24,MOQUEGUA,3.535109529476921,3.5157777898620513,5.415900101471425,2.9459246078974335,2.385524636505683,-0.019,0.019,0.5,1.881,1.881,53.2,-0.589,0.589,16.7,-1.15,1.15,32.5,arima
2011-10-31,MOQUEGUA,5.89184921579487,3.3667006476265904,3.4634985046104374,3.5351095294769213,4.1746681138849455,-2.525,2.525,42.9,-2.428,2.428,41.2,-2.357,2.357,40.0,-1.717,1.717,29.1,seasonal_naive
2011-11-07,MOQUEGUA,3.5351095294769217,2.748582313231265,4.421357311372105,3.5351095294769213,2.981905795632104,-0.787,0.787,22.3,0.886,0.886,25.1,-0.0,0.0,0.0,-0.553,0.553,15.6,naive
2011-11-14,MOQUEGUA,3.5351095294769217,3.323617994887946,4.228743742298427,3.5351095294769213,2.981905795632104,-0.211,0.211,6.0,0.694,0.694,19.6,-0.0,0.0,0.0,-0.553,0.553,15.6,naive
2011-11-21,MOQUEGUA,1.1783698431589738,3.0393665784187602,4.701136503179039,3.5351095294769213,2.385524636505683,1.861,1.861,157.9,3.523,3.523,299.0,2.357,2.357,200.0,1.207,1.207,102.4,seasonal_naive
2011-11-28,MOQUEGUA,1.1783698431589738,1.3015243638294205,0.7525865829950478,1.1783698431589738,2.385524636505683,0.123,0.123,10.4,-0.426,0.426,36.2,0.0,0.0,0.0,1.207,1.207,102.4,naive
2011-12-05,MOQUEGUA,1.1783698431589738,1.0821325091249427,0.6314225467016024,1.1783698431589738,2.385524636505683,-0.096,0.096,8.1,-0.547,0.547,46.4,0.0,0.0,0.0,1.207,1.207,102.4,naive
2011-12-12,MOQUEGUA,2.356739686317948,1.2241181926046987,0.29122768488614353,1.1783698431589738,1.1927623182528415,-1.133,1.133,48.1,-2.066,2.066,87.7,-1.178,1.178,50.0,-1.164,1.164,49.4,arima
2011-12-19,MOQUEGUA,2.356739686317948,1.1770255457798728,0.5331922618456055,1.1783698431589738,1.7891434773792625,-1.18,1.18,50.1,-1.824,1.824,77.4,-1.178,1.178,50.0,-0.568,0.568,24.1,seasonal_naive
2011-12-26,MOQUEGUA,1.7675547647384608,2.451883484132867,2.7907513077869077,2.356739686317948,2.385524636505683,0.684,0.684,38.7,1.023,1.023,57.9,0.589,0.589,33.3,0.618,0.618,35.0,naive
2012-01-02,MOQUEGUA,0.5821568912822005,1.8525390000860487,3.307066891219444,2.356739686317948,2.385524636505683,1.27,1.27,218.2,2.725,2.725,468.1,1.775,1.775,304.9,1.803,1.803,309.7,arima
2012-01-09,MOQUEGUA,1.164313782564401,1.82266048705326,2.632833900106305,2.356739686317948,1.781947239832328,0.658,0.658,56.5,1.469,1.469,126.2,1.192,1.192,102.4,0.618,0.618,53.1,seasonal_naive
2012-01-16,MOQUEGUA,1.7464706738466016,1.7528260211484303,2.4482886277425715,2.356739686317948,0.5891849215794864,0.006,0.006,0.3,0.702,0.702,40.2,0.61,0.61,34.9,-1.157,1.157,66.2,arima
2012-01-23,MOQUEGUA,2.328627565128802,2.6171661098064507,1.6658723137430913,1.7464706738466016,1.1783698431589733,0.289,0.289,12.4,-0.663,0.663,28.5,-0.582,0.582,25.0,-1.15,1.15,49.4,arima
2012-01-30,MOQUEGUA,1.7464706738466014,2.2313939153754925,1.4226779265674008,1.7464706738466016,0.5891849215794864,0.485,0.485,27.8,-0.324,0.324,18.6,0.0,0.0,0.0,-1.157,1.157,66.2,naive
2012-02-06,MOQUEGUA,2.328627565128802,1.932749261035601,1.1956016683899984,1.7464706738466016,1.1783698431589733,-0.396,0.396,17.0,-1.133,1.133,48.7,-0.582,0.582,25.0,-1.15,1.15,49.4,arima
2012-02-13,MOQUEGUA,1.164313782564401,1.562939681701939,1.0253715463106499,1.7464706738466016,0.5891849215794864,0.399,0.399,34.3,-0.139,0.139,11.9,0.582,0.582,50.0,-0.575,0.575,49.4,holt_winters
2012-02-20,MOQUEGUA,1.7464706738466014,1.3610894091817882,1.7544250084991635,1.1643137825644012,1.7675547647384606,-0.385,0.385,22.0,0.008,0.008,0.5,-0.582,0.582,33.3,0.021,0.021,1.2,holt_winters
2012-02-27,MOQUEGUA,2.9107844564110024,1.121071627766712,1.6444949379889326,1.1643137825644012,2.9459246078974335,-1.79,1.79,61.5,-1.266,1.266,43.5,-1.746,1.746,60.0,0.035,0.035,1.2,seasonal_naive
2012-03-05,MOQUEGUA,4.657255130257604,1.5712641784397432,1.573348664203197,1.1643137825644012,2.9459246078974335,-3.086,3.086,66.3,-3.084,3.084,66.2,-3.493,3.493,75.0,-1.711,1.711,36.7,seasonal_naive
2012-03-12,MOQUEGUA,6.403725804104205,1.4803206975583136,0.7763753660780022,1.1643137825644012,1.7675547647384606,-4.923,4.923,76.9,-5.627,5.627,87.9,-5.239,5.239,81.8,-4.636,4.636,72.4,seasonal_naive
2012-03-19,MOQUEGUA,5.821568912822005,5.44421683110327,5.663968177112231,6.403725804104207,0.5891849215794864,-0.377,0.377,6.5,-0.158,0.158,2.7,0.582,0.582,10.0,-5.232,5.232,89.9,holt_winters
2012-03-26,MOQUEGUA,5.239412021539804,4.468004725582265,4.9135190132319035,6.403725804104207,0.5891849215794864,-0.771,0.771,14.7,-0.326,0.326,6.2,1.164,1.164,22.2,-4.65,4.65,88.8,holt_winters
2012-04-02,MOQUEGUA,2.9107844564110024,3.7349819978335814,5.951602951899154,6.403725804104207,0.5891849215794864,0.824,0.824,28.3,3.041,3.041,104.5,3.493,3.493,120.0,-2.322,2.322,79.8,arima
2012-04-09,MOQUEGUA,2.328627565128802,3.959344852986515,5.951602951899154,6.403725804104207,0.5891849215794864,1.631,1.631,70.0,3.623,3.623,155.6,4.075,4.075,175.0,-1.739,1.739,74.7,arima
2012-04-16,MOQUEGUA,2.328627565128802,2.368601173179559,2.63145228301865,2.328627565128802,0.5891849215794864,0.04,0.04,1.7,0.303,0.303,13.0,0.0,0.0,0.0,-1.739,1.739,74.7,naive
2012-04-23,MOQUEGUA,3.492941347693203,3.128556243723688,3.016394590246958,2.328627565128802,1.7675547647384606,-0.364,0.364,10.4,-0.477,0.477,13.7,-1.164,1.164,33.3,-1.725,1.725,49.4,arima
2012-04-30,MOQUEGUA,2.328627565128802,3.500256041231001,3.549908212209825,2.328627565128802,1.7675547647384606,1.172,1.172,50.3,1.221,1.221,52.4,0.0,0.0,0.0,-0.561,0.561,24.1,naive
2012-05-07,MOQUEGUA,2.328627565128802,3.5500127204447622,3.22554922079211,2.328627565128802,2.356739686317947,1.221,1.221,52.4,0.897,0.897,38.5,0.0,0.0,0.0,0.028,0.028,1.2,naive
2012-05-14,MOQUEGUA,1.1643137825644008,1.851127034142141,1.9260111660280788,2.328627565128802,1.1783698431589738,0.687,0.687,59.0,0.762,0.762,65.4,1.164,1.164,100.0,0.014,0.014,1.2,seasonal_naive
2012-05-21,MOQUEGUA,4.075098238975404,2.2637689804062355,2.3768588569068005,2.328627565128802,2.9459246078974335,-1.811,1.811,44.4,-1.698,1.698,41.7,-1.746,1.746,42.8,-1.129,1.129,27.7,seasonal_naive
2012-05-28,MOQUEGUA,3.4929413476932027,2.244844529077983,2.4649156180725673,2.328627565128802,3.5351095294769213,-1.248,1.248,35.7,-1.028,1.028,29.4,-1.164,1.164,33.3,0.042,0.042,1.2,seasonal_naive
2012-06-04,MOQUEGUA,4.075098238975404,2.510539421422897,2.4593244512522032,2.328627565128802,4.124294451056408,-1.565,1.565,38.4,-1.616,1.616,39.7,-1.746,1.746,42.8,0.049,0.049,1.2,seasonal_naive
2012-06-11,MOQUEGUA,2.328627565128802,2.3777989609392325,2.6916078576186617,4.0750982389754045,2.9459246078974335,0.049,0.049,2.1,0.363,0.363,15.6,1.746,1.746,75.0,0.617,0.617,26.5,arima
2012-06-18,MOQUEGUA,2.328627565128802,2.5681483537665133,3.2824874727000806,4.0750982389754045,2.9459246078974335,0.24,0.24,10.3,0.954,0.954,41.0,1.746,1.746,75.0,0.617,0.617,26.5,arima
2012-06-25,MOQUEGUA,2.910784456411003,2.3005786602872793,3.786533723856958,4.0750982389754045,2.356739686317947,-0.61,0.61,21.0,0.876,0.876,30.1,1.164,1.164,40.0,-0.554,0.554,19.0,seasonal_naive
2012-07-02,MOQUEGUA,1.7464706738466014,3.0064062420896285,5.781241341910832,4.0750982389754045,2.356739686317947,1.26,1.26,72.1,4.035,4.035,231.0,2.329,2.329,133.4,0.61,0.61,34.9,seasonal_naive
2012-07-09,MOQUEGUA,2.9107844564110024,1.755654586415487,2.277202494344865,1.7464706738466007,2.9459246078974335,-1.155,1.155,39.7,-0.634,0.634,21.8,-1.164,1.164,40.0,0.035,0.035,1.2,seasonal_naive
2012-07-16,MOQUEGUA,2.3286275651288015,1.5151862782286285,2.2055884319407104,1.7464706738466007,2.9459246078974335,-0.813,0.813,34.9,-0.123,0.123,5.3,-0.582,0.582,25.0,0.617,0.617,26.5,holt_winters
2012-07-23,MOQUEGUA,4.075098238975403,1.955267515514683,1.5448062175097883,1.7464706738466007,1.7675547647384606,-2.12,2.12,52.0,-2.53,2.53,62.1,-2.329,2.329,57.2,-2.308,2.308,56.6,arima
2012-07-30,MOQUEGUA,2.9107844564110024,1.9452984622436746,1.2362921297934553,1.7464706738466007,0.5891849215794864,-0.965,0.965,33.2,-1.674,1.674,57.5,-1.164,1.164,40.0,-2.322,2.322,79.8,arima
2012-08-06,MOQUEGUA,3.4929413476932023,3.3051442250890792,3.435785336270351,2.910784456411002,2.9459246078974335,-0.188,0.188,5.4,-0.057,0.057,1.6,-0.582,0.582,16.7,-0.547,0.547,15.7,holt_winters
2012-08-13,MOQUEGUA,5.2394120215398035,2.4904749900624457,4.187770299325644,2.910784456411002,3.5351095294769213,-2.749,2.749,52.5,-1.052,1.052,20.1,-2.329,2.329,44.5,-1.704,1.704,32.5,holt_winters
2012-08-20,MOQUEGUA,5.821568912822005,2.962550561612705,5.574778269922859,2.910784456411002,5.8918492157948705,-2.859,2.859,49.1,-0.247,0.247,4.2,-2.911,2.911,50.0,0.07,0.07,1.2,seasonal_naive
2012-08-27,MOQUEGUA,6.403725804104205,2.7492950543685253,5.388293110160836,2.910784456411002,4.124294451056408,-3.654,3.654,57.1,-1.015,1.015,15.9,-3.493,3.493,54.5,-2.279,2.279,35.6,holt_winters
2012-09-03,MOQUEGUA,4.657255130257603,5.408138879930468,5.18022888752058,6.403725804104207,3.5351095294769213,0.751,0.751,16.1,0.523,0.523,11.2,1.746,1.746,37.5,-1.122,1.122,24.1,holt_winters
2012-09-10,MOQUEGUA,4.075098238975403,5.195986092710188,3.4883308574090535,6.403725804104207,1.7675547647384606,1.121,1.121,27.5,-0.587,0.587,14.4,2.329,2.329,57.2,-2.308,2.308,56.6,holt_winters
2012-09-17,MOQUEGUA,2.9107844564110024,4.941678142788525,3.024684281570397,6.403725804104207,1.7675547647384606,2.031,2.031,69.8,0.114,0.114,3.9,3.493,3.493,120.0,-1.143,1.143,39.3,holt_winters
2012-09-24,MOQUEGUA,1.7464706738466016,5.338519672885508,3.2200273369681405,6.403725804104207,2.9459246078974335,3.592,3.592,205.7,1.474,1.474,84.4,4.657,4.657,266.7,1.199,1.199,68.7,seasonal_naive
2012-10-01,MOQUEGUA,1.7464706738466016,1.846427117629219,1.4186671603135022,1.7464706738466016,2.356739686317947,0.1,0.1,5.7,-0.328,0.328,18.8,0.0,0.0,0.0,0.61,0.61,34.9,naive
2012-10-08,MOQUEGUA,2.3286275651288015,2.1353295897254094,1.8450488895824235,1.7464706738466016,2.356739686317947,-0.193,0.193,8.3,-0.484,0.484,20.8,-0.582,0.582,25.0,0.028,0.028,1.2,seasonal_naive
2012-10-15,MOQUEGUA,3.4929413476932023,2.6543079820214683,2.497311744860042,1.7464706738466016,3.5351095294769213,-0.839,0.839,24.0,-0.996,0.996,28.5,-1.746,1.746,50.0,0.042,0.042,1.2,seasonal_naive
2012-10-22,MOQUEGUA,2.9107844564110024,2.6039841071395293,3.054738238289578,1.7464706738466016,3.5351095294769213,-0.307,0.307,10.5,0.144,0.144,4.9,-1.164,1.164,40.0,0.624,0.624,21.4,holt_winters
2012-10-29,MOQUEGUA,2.9107844564110024,2.6389894392322164,3.304746420169521,2.910784456411002,5.8918492157948705,-0.272,0.272,9.3,0.394,0.394,13.5,-0.0,0.0,0.0,2.981,2.981,102.4,naive
2012-11-05,MOQUEGUA,2.3286275651288015,2.173973727640985,3.6742753071144536,2.910784456411002,3.5351095294769213,-0.155,0.155,6.7,1.346,1.346,57.8,0.582,0.582,25.0,1.206,1.206,51.8,arima
2012-11-12,MOQUEGUA,3.492941347693203,2.379626222090804,3.418663905241388,2.910784456411002,3.5351095294769213,-1.113,1.113,31.9,-0.074,0.074,2.1,-0.582,0.582,16.7,0.042,0.042,1.2,seasonal_naive
2012-11-19,MOQUEGUA,3.492941347693203,2.4644096745764332,3.1047594354524186,2.910784456411002,1.1783698431589738,-1.029,1.029,29.5,-0.388,0.388,11.1,-0.582,0.582,16.7,-2.315,2.315,66.3,holt_winters
2012-11-26,MOQUEGUA,3.492941347693203,3.861768159960927,2.8704270138888495,3.492941347693203,1.1783698431589738,0.369,0.369,10.6,-0.623,0.623,17.8,0.0,0.0,0.0,-2.315,2.315,66.3,naive
2012-12-03,MOQUEGUA,3.492941347693203,3.2524381969244747,2.370784483941695,3.492941347693203,1.1783698431589738,-0.241,0.241,6.9,-1.122,1.122,32.1,0.0,0.0,0.0,-2.315,2.315,66.3,naive
2012-12-10,MOQUEGUA,2.9107844564110024,3.276230590290642,1.9053042169406762,3.492941347693203,2.356739686317948,0.365,0.365,12.5,-1.005,1.005,34.5,0.582,0.582,20.0,-0.554,0.554,19.0,arima
2012-12-17,MOQUEGUA,2.3286275651288015,3.115336969900963,2.678167413246641,3.492941347693203,2.356739686317948,0.787,0.787,33.8,0.35,0.35,15.0,1.164,1.164,50.0,0.028,0.028,1.2,seasonal_naive
2012-12-24,MOQUEGUA,1.7464706738466016,2.31229162550835,2.6375356148816893,2.3286275651288015,1.7675547647384606,0.566,0.566,32.4,0.891,0.891,51.0,0.582,0.582,33.3,0.021,0.021,1.2,seasonal_naive
2012-12-31,MOQUEGUA,2.3286275651288015,2.503221331742146,2.308601397517968,2.3286275651288015,0.5821568912822004,0.175,0.175,7.5,-0.02,0.02,0.9,0.0,0.0,0.0,-1.746,1.746,75.0,naive
2013-01-07,MOQUEGUA,2.8970663947811146,2.7565730691955515,1.8696155369718759,2.3286275651288015,1.1643137825644012,-0.14,0.14,4.8,-1.027,1.027,35.4,-0.568,0.568,19.6,-1.733,1.733,59.8,arima
2013-01-14,MOQUEGUA,3.4655052244334286,2.767963967308417,1.9699075026577635,2.3286275651288015,1.7464706738466016,-0.698,0.698,20.1,-1.496,1.496,43.2,-1.137,1.137,32.8,-1.719,1.719,49.6,arima
2013-01-21,MOQUEGUA,2.876489302336284,3.130132291907298,3.9805125794526326,3.4655052244334286,2.328627565128802,0.254,0.254,8.8,1.104,1.104,38.4,0.589,0.589,20.5,-0.548,0.548,19.1,arima
2013-01-28,MOQUEGUA,2.876489302336284,2.873425179996762,3.5260258100804673,3.4655052244334286,1.7464706738466007,-0.003,0.003,0.1,0.65,0.65,22.6,0.589,0.589,20.5,-1.13,1.13,39.3,arima
2013-02-04,MOQUEGUA,1.7258935814017704,2.638887668681398,3.4115764347243376,3.4655052244334286,2.328627565128802,0.913,0.913,52.9,1.686,1.686,97.7,1.74,1.74,100.8,0.603,0.603,34.9,seasonal_naive
2013-02-11,MOQUEGUA,2.876489302336284,2.7556509417699315,2.8500880127848753,3.4655052244334286,1.1643137825644012,-0.121,0.121,4.2,-0.026,0.026,0.9,0.589,0.589,20.5,-1.712,1.712,59.5,holt_winters
2013-02-18,MOQUEGUA,2.876489302336284,2.821718854327949,4.197263462244921,2.876489302336284,1.7464706738466007,-0.055,0.055,1.9,1.321,1.321,45.9,0.0,0.0,0.0,-1.13,1.13,39.3,naive
2013-02-25,MOQUEGUA,2.876489302336284,3.541514947450083,4.906340073458832,2.876489302336284,2.910784456411002,0.665,0.665,23.1,2.03,2.03,70.6,0.0,0.0,0.0,0.034,0.034,1.2,naive
2013-03-04,MOQUEGUA,1.1505957209345132,2.8664047537380952,5.690206083979423,2.876489302336284,4.657255130257604,1.716,1.716,149.1,4.54,4.54,394.6,1.726,1.726,150.0,3.507,3.507,304.8,arima
2013-03-11,MOQUEGUA,0.0,2.9053060415113023,4.184660441571342,2.876489302336284,6.403725804104207,2.905,2.905,,4.185,4.185,,2.876,2.876,,6.404,6.404,,naive
2013-03-18,MOQUEGUA,0.0,0.0,0.0,0.0,5.821568912822004,0.0,0.0,,0.0,0.0,,0.0,0.0,,5.822,5.822,,arima
2013-03-25,MOQUEGUA,0.0,0.284609287150226,0.0,0.0,5.239412021539804,0.285,0.285,,0.0,0.0,,0.0,0.0,,5.239,5.239,,holt_winters
2013-04-01,MOQUEGUA,0.5752978604672564,0.8419662259449243,0.0,0.0,2.910784456411002,0.267,0.267,46.4,-0.575,0.575,99.9,-0.575,0.575,99.9,2.335,2.335,405.9,arima
2013-04-08,MOQUEGUA,0.5752978604672564,0.8702240730609039,0.0,0.0,2.328627565128802,0.295,0.295,51.3,-0.575,0.575,99.9,-0.575,0.575,99.9,1.753,1.753,304.7,arima
2013-04-15,MOQUEGUA,1.1505957209345132,0.5965887312323657,0.7062275108368734,0.5752978604672565,2.328627565128802,-0.554,0.554,48.1,-0.444,0.444,38.6,-0.575,0.575,50.0,1.178,1.178,102.4,holt_winters
2013-04-22,MOQUEGUA,2.3011914418690274,0.2946586204189105,1.0680073614850203,0.5752978604672565,3.492941347693203,-2.007,2.007,87.2,-1.233,1.233,53.6,-1.726,1.726,75.0,1.192,1.192,51.8,seasonal_naive
2013-04-29,MOQUEGUA,3.451787162803541,0.289039498565962,1.089772012558747,0.5752978604672565,2.328627565128802,-3.163,3.163,91.6,-2.362,2.362,68.4,-2.876,2.876,83.3,-1.123,1.123,32.5,seasonal_naive
2013-05-06,MOQUEGUA,3.451787162803541,0.273175154837886,1.0832055264009637,0.5752978604672565,2.328627565128802,-3.179,3.179,92.1,-2.369,2.369,68.6,-2.876,2.876,83.3,-1.123,1.123,32.5,seasonal_naive
2013-05-13,MOQUEGUA,2.301191441869027,2.7093158525587784,2.081905153005528,3.451787162803541,1.1643137825644008,0.408,0.408,17.7,-0.219,0.219,9.5,1.151,1.151,50.0,-1.137,1.137,49.4,holt_winters
2013-05-20,MOQUEGUA,1.150595720934513,2.2368411846900025,3.084556849130795,3.451787162803541,4.0750982389754045,1.086,1.086,94.4,1.934,1.934,168.1,2.301,2.301,200.0,2.925,2.925,254.2,arima
2013-05-27,MOQUEGUA,0.5752978604672561,2.211712191919065,3.3044044133975703,3.451787162803541,3.4929413476932023,1.636,1.636,284.4,2.729,2.729,474.4,2.876,2.876,499.9,2.918,2.918,507.2,arima
2013-06-03,MOQUEGUA,0.0,2.469411398125253,3.297181581747708,3.451787162803541,4.0750982389754045,2.469,2.469,,3.297,3.297,,3.452,3.452,,4.075,4.075,,arima
2013-06-10,MOQUEGUA,1.7258935814017697,0.0,0.0,0.0,2.328627565128802,-1.726,1.726,100.0,-1.726,1.726,100.0,-1.726,1.726,100.0,0.603,0.603,34.9,seasonal_naive
2013-06-17,MOQUEGUA,2.876489302336284,0.0,0.0,0.0,2.328627565128802,-2.876,2.876,100.0,-2.876,2.876,100.0,-2.876,2.876,100.0,-0.548,0.548,19.1,seasonal_naive
2013-06-24,MOQUEGUA,2.876489302336284,0.0,0.0,0.0,2.910784456411003,-2.876,2.876,100.0,-2.876,2.876,100.0,-2.876,2.876,100.0,0.034,0.034,1.2,seasonal_naive
2013-07-01,MOQUEGUA,2.876489302336284,0.0,0.22554843445426573,0.0,1.7464706738466007,-2.876,2.876,100.0,-2.651,2.651,92.2,-2.876,2.876,100.0,-1.13,1.13,39.3,seasonal_naive
2013-07-08,MOQUEGUA,4.027085023270797,2.196617706883817,3.870975921751171,2.876489302336284,2.910784456411002,-1.83,1.83,45.4,-0.156,0.156,3.9,-1.151,1.151,28.6,-1.116,1.116,27.7,holt_winters
2013-07-15,MOQUEGUA,5.177680744205311,2.152417908760252,3.8419114193033925,2.876489302336284,2.3286275651288015,-3.025,3.025,58.4,-1.336,1.336,25.8,-2.301,2.301,44.4,-2.849,2.849,55.0,holt_winters
2013-07-22,MOQUEGUA,4.602382883738055,2.128565767392158,3.311568808168075,2.876489302336284,4.075098238975403,-2.474,2.474,53.8,-1.291,1.291,28.1,-1.726,1.726,37.5,-0.527,0.527,11.5,seasonal_naive
2013-07-29,MOQUEGUA,2.876489302336284,2.4082734377393673,2.4909738125518026,2.876489302336284,2.910784456411002,-0.468,0.468,16.3,-0.386,0.386,13.4,0.0,0.0,0.0,0.034,0.034,1.2,naive
2013-08-05,MOQUEGUA,3.451787162803541,2.516346848686255,3.53773730896513,2.876489302336284,3.4929413476932023,-0.935,0.935,27.1,0.086,0.086,2.5,-0.575,0.575,16.7,0.041,0.041,1.2,seasonal_naive
2013-08-12,MOQUEGUA,3.451787162803541,2.619765239107716,4.53487968994946,2.876489302336284,5.239412021539803,-0.832,0.832,24.1,1.083,1.083,31.4,-0.575,0.575,16.7,1.788,1.788,51.8,naive
2013-08-19,MOQUEGUA,3.451787162803541,3.246965545249723,5.1631792033097845,2.876489302336284,5.821568912822004,-0.205,0.205,5.9,1.711,1.711,49.6,-0.575,0.575,16.7,2.37,2.37,68.7,arima
2013-08-26,MOQUEGUA,2.3011914418690265,3.455289738510567,5.44027517621267,2.876489302336284,6.403725804104207,1.154,1.154,50.1,3.139,3.139,136.4,0.575,0.575,25.0,4.103,4.103,178.3,naive
2013-09-02,MOQUEGUA,1.7258935814017708,2.2965760935226,1.6416165176561726,2.3011914418690265,4.657255130257603,0.571,0.571,33.1,-0.084,0.084,4.9,0.575,0.575,33.3,2.931,2.931,169.8,holt_winters
2013-09-09,MOQUEGUA,2.3011914418690265,2.266619048397759,1.2796201187231593,2.3011914418690265,4.075098238975403,-0.035,0.035,1.5,-1.022,1.022,44.4,0.0,0.0,0.0,1.774,1.774,77.1,naive
2013-09-16,MOQUEGUA,2.876489302336284,2.717253562779808,0.7720657427830524,2.3011914418690265,2.910784456411002,-0.159,0.159,5.5,-2.104,2.104,73.1,-0.575,0.575,20.0,0.034,0.034,1.2,seasonal_naive
2013-09-23,MOQUEGUA,2.8764893023362834,2.7245614091879604,0.6131634733344438,2.3011914418690265,1.7464706738466016,-0.152,0.152,5.3,-2.263,2.263,78.7,-0.575,0.575,20.0,-1.13,1.13,39.3,arima
2013-09-30,MOQUEGUA,2.3011914418690265,2.5935691370947542,2.66238709071205,2.876489302336283,1.7464706738466016,0.292,0.292,12.7,0.361,0.361,15.7,0.575,0.575,25.0,-0.555,0.555,24.1,arima
2013-10-07,MOQUEGUA,1.1505957209345128,2.3381968660890653,3.3336247470391207,2.876489302336283,2.3286275651288015,1.188,1.188,103.3,2.183,2.183,189.7,1.726,1.726,150.0,1.178,1.178,102.4,seasonal_naive
2013-10-14,MOQUEGUA,1.1505957209345128,2.3193007488311568,4.51279140259741,2.876489302336283,3.4929413476932023,1.169,1.169,101.6,3.362,3.362,292.2,1.726,1.726,150.0,2.342,2.342,203.5,arima
2013-10-21,MOQUEGUA,2.8764893023362834,2.4221831314588953,4.709330338655115,2.876489302336283,2.910784456411002,-0.454,0.454,15.8,1.833,1.833,63.7,-0.0,0.0,0.0,0.034,0.034,1.2,naive
2013-10-28,MOQUEGUA,4.027085023270797,3.736340360400665,3.4292671972925524,2.876489302336283,2.910784456411002,-0.291,0.291,7.2,-0.598,0.598,14.8,-1.151,1.151,28.6,-1.116,1.116,27.7,arima
2013-11-04,MOQUEGUA,5.177680744205311,3.9076498001174285,2.95067360857703,2.876489302336283,2.3286275651288015,-1.27,1.27,24.5,-2.227,2.227,43.0,-2.301,2.301,44.4,-2.849,2.849,55.0,arima
2013-11-11,MOQUEGUA,4.027085023270797,2.816065535540875,3.16290103373234,2.876489302336283,3.492941347693203,-1.211,1.211,30.1,-0.864,0.864,21.5,-1.151,1.151,28.6,-0.534,0.534,13.3,seasonal_naive
2013-11-18,MOQUEGUA,4.027085023270797,2.4133731684153004,2.6028176490459614,2.876489302336283,3.492941347693203,-1.614,1.614,40.1,-1.424,1.424,35.4,-1.151,1.151,28.6,-0.534,0.534,13.3,seasonal_naive
2013-11-25,MOQUEGUA,2.3011914418690265,3.530583057073172,3.73749815301725,4.027085023270797,3.492941347693203,1.229,1.229,53.4,1.436,1.436,62.4,1.726,1.726,75.0,1.192,1.192,51.8,seasonal_naive
2013-12-02,MOQUEGUA,2.8764893023362834,3.9262602504901984,3.028604795368972,4.027085023270797,3.492941347693203,1.05,1.05,36.5,0.152,0.152,5.3,1.151,1.151,40.0,0.616,0.616,21.4,holt_winters
2013-12-09,MOQUEGUA,2.3011914418690265,3.9380286370144733,2.554281318954168,4.027085023270797,2.910784456411002,1.637,1.637,71.1,0.253,0.253,11.0,1.726,1.726,75.0,0.61,0.61,26.5,holt_winters
2013-12-16,MOQUEGUA,4.027085023270797,4.183899460294262,3.6167957359956953,4.027085023270797,2.3286275651288015,0.157,0.157,3.9,-0.41,0.41,10.2,0.0,0.0,0.0,-1.698,1.698,42.2,naive
2013-12-23,MOQUEGUA,2.8764893023362834,3.74807559603941,3.689875276542735,4.027085023270797,1.7464706738466016,0.872,0.872,30.3,0.813,0.813,28.3,1.151,1.151,40.0,-1.13,1.13,39.3,holt_winters
2013-12-30,MOQUEGUA,2.8764893023362834,4.16581868220687,3.0807331726540212,4.027085023270797,2.3286275651288015,1.289,1.289,44.8,0.204,0.204,7.1,1.151,1.151,40.0,-0.548,0.548,19.1,holt_winters
2014-01-06,MOQUEGUA,2.287792871118454,3.316482448318471,2.4882464140759195,4.027085023270797,2.897066394781115,1.029,1.029,45.0,0.2,0.2,8.7,1.739,1.739,76.0,0.609,0.609,26.6,holt_winters
2014-01-13,MOQUEGUA,2.281093585743168,3.3687294417493376,2.793065138316148,4.027085023270797,3.4655052244334286,1.088,1.088,47.7,0.512,0.512,22.4,1.746,1.746,76.5,1.184,1.184,51.9,holt_winters
2014-01-20,MOQUEGUA,1.7057957252759108,2.2824121523186105,2.5979788779260717,2.2810935857431685,2.876489302336284,0.577,0.577,33.8,0.892,0.892,52.3,0.575,0.575,33.7,1.171,1.171,68.6,naive
2014-01-27,MOQUEGUA,1.1371971501839402,2.5292160860571062,2.169693882838342,2.2810935857431685,2.876489302336284,1.392,1.392,122.4,1.032,1.032,90.7,1.144,1.144,100.6,1.739,1.739,152.9,holt_winters
2014-02-03,MOQUEGUA,1.1371971501839402,2.556974470049604,1.8708939911175455,2.2810935857431685,1.7258935814017704,1.42,1.42,124.9,0.734,0.734,64.5,1.144,1.144,100.6,0.589,0.589,51.8,seasonal_naive
2014-02-10,MOQUEGUA,1.1371971501839402,2.5705195616990095,1.680471262486377,2.2810935857431685,2.876489302336284,1.433,1.433,126.0,0.543,0.543,47.7,1.144,1.144,100.6,1.739,1.739,152.9,holt_winters
2014-02-17,MOQUEGUA,0.5685985750919693,1.3825970960211382,1.575453820266652,1.1371971501839404,2.876489302336284,0.814,0.814,143.2,1.007,1.007,177.1,0.569,0.569,100.1,2.308,2.308,405.9,naive
2014-02-24,MOQUEGUA,1.1371971501839402,1.4097054078497582,2.034645053107792,1.1371971501839404,2.876489302336284,0.273,0.273,24.0,0.897,0.897,78.9,0.0,0.0,0.0,1.739,1.739,152.9,naive
2014-03-03,MOQUEGUA,1.7057957252759108,1.427101898104128,2.202547212123267,1.1371971501839404,1.1505957209345135,-0.279,0.279,16.4,0.497,0.497,29.1,-0.569,0.569,33.4,-0.555,0.555,32.5,arima
2014-03-10,MOQUEGUA,1.7057957252759108,1.3178810182606946,1.497256870015479,1.1371971501839404,0.0,-0.388,0.388,22.7,-0.209,0.209,12.3,-0.569,0.569,33.4,-1.706,1.706,100.0,holt_winters
2014-03-17,MOQUEGUA,0.5685985750919693,1.4255109068306062,1.4416292642496145,1.705795725275911,0.0,0.857,0.857,150.7,0.873,0.873,153.5,1.137,1.137,200.0,-0.569,0.569,100.1,seasonal_naive
2014-03-24,MOQUEGUA,0.5685985750919693,1.1565901821540026,1.2896633926823569,1.705795725275911,0.0,0.588,0.588,103.4,0.721,0.721,126.8,1.137,1.137,200.0,-0.569,0.569,100.1,seasonal_naive
2014-03-31,MOQUEGUA,1.7057957252759108,1.1158311121876543,1.2429730665035934,1.705795725275911,0.5752978604672565,-0.59,0.59,34.6,-0.463,0.463,27.1,0.0,0.0,0.0,-1.13,1.13,66.2,naive
2014-04-07,MOQUEGUA,1.7057957252759108,1.203434436878016,1.3918535574392297,1.705795725275911,0.5752978604672565,-0.502,0.502,29.4,-0.314,0.314,18.4,0.0,0.0,0.0,-1.13,1.13,66.2,naive
2014-04-14,MOQUEGUA,1.7057957252759108,1.754400274314289,2.1804219069306416,1.705795725275911,1.1505957209345135,0.049,0.049,2.9,0.475,0.475,27.8,0.0,0.0,0.0,-0.555,0.555,32.5,naive
2014-04-21,MOQUEGUA,1.1371971501839402,1.3139077861956618,3.083089392641056,1.705795725275911,2.3011914418690274,0.177,0.177,15.6,1.946,1.946,171.1,0.569,0.569,50.0,1.164,1.164,102.4,arima
2014-04-28,MOQUEGUA,1.1371971501839402,1.6659659141588072,3.279519714020492,1.705795725275911,3.451787162803541,0.529,0.529,46.5,2.142,2.142,188.4,0.569,0.569,50.0,2.315,2.315,203.6,arima
2014-05-05,MOQUEGUA,2.2743943003678817,1.5256119321120925,3.1849898962144847,1.705795725275911,3.451787162803541,-0.749,0.749,32.9,0.911,0.911,40.1,-0.569,0.569,25.0,1.177,1.177,51.8,naive
2014-05-12,MOQUEGUA,1.7057957252759108,2.5010094195760075,1.1015360137136838,2.2743943003678817,2.3011914418690265,0.795,0.795,46.6,-0.604,0.604,35.4,0.569,0.569,33.4,0.595,0.595,34.9,naive
2014-05-19,MOQUEGUA,2.842992875459853,3.2988837014602144,1.4012721929394685,2.2743943003678817,1.150595720934513,0.456,0.456,16.0,-1.442,1.442,50.7,-0.569,0.569,20.0,-1.692,1.692,59.5,arima
2014-05-26,MOQUEGUA,1.7057957252759108,2.498794914154293,1.380714105842264,2.2743943003678817,0.5752978604672561,0.793,0.793,46.5,-0.325,0.325,19.1,0.569,0.569,33.4,-1.13,1.13,66.2,holt_winters
2014-06-02,MOQUEGUA,3.4115914505518234,2.8548215384587263,1.3167530256082367,2.2743943003678817,0.0,-0.557,0.557,16.3,-2.095,2.095,61.4,-1.137,1.137,33.3,-3.412,3.412,100.0,arima
2014-06-09,MOQUEGUA,2.2743943003678817,2.732115433880728,3.1981736113887944,3.411591450551823,1.7258935814017695,0.458,0.458,20.1,0.924,0.924,40.6,1.137,1.137,50.0,-0.549,0.549,24.1,arima
2014-06-16,MOQUEGUA,2.842992875459853,3.4118570244092217,3.823078907338525,3.411591450551823,2.876489302336284,0.569,0.569,20.0,0.98,0.98,34.5,0.569,0.569,20.0,0.033,0.033,1.2,seasonal_naive
2014-06-23,MOQUEGUA,1.7057957252759108,2.5536034130888097,4.036728040190342,3.411591450551823,2.876489302336284,0.848,0.848,49.7,2.331,2.331,136.7,1.706,1.706,100.0,1.171,1.171,68.6,arima
2014-06-30,MOQUEGUA,2.2743943003678817,2.785995375624549,5.373507496546651,3.411591450551823,2.876489302336284,0.512,0.512,22.5,3.099,3.099,136.3,1.137,1.137,50.0,0.602,0.602,26.5,arima
2014-07-07,MOQUEGUA,1.7057957252759124,1.98636755083789,2.9380767924829714,2.2743943003678817,4.027085023270797,0.281,0.281,16.5,1.232,1.232,72.2,0.569,0.569,33.4,2.321,2.321,136.1,arima
2014-07-14,MOQUEGUA,1.1371971501839402,2.3713115875269137,3.3717427338535497,2.2743943003678817,5.177680744205311,1.234,1.234,108.5,2.235,2.235,196.5,1.137,1.137,100.0,4.04,4.04,355.3,naive
2014-07-21,MOQUEGUA,1.1371971501839402,2.1365318549136973,3.0445365946222056,2.2743943003678817,4.602382883738055,0.999,0.999,87.8,1.907,1.907,167.7,1.137,1.137,100.0,3.465,3.465,304.7,arima
2014-07-28,MOQUEGUA,2.2743943003678817,2.189797314734479,1.9024624226893012,2.2743943003678817,2.876489302336284,-0.085,0.085,3.7,-0.372,0.372,16.4,0.0,0.0,0.0,0.602,0.602,26.5,naive
2014-08-04,MOQUEGUA,5.6859857509197065,3.096321517218625,3.433081509555066,2.2743943003678817,3.451787162803541,-2.59,2.59,45.6,-2.253,2.253,39.6,-3.412,3.412,60.0,-2.234,2.234,39.3,seasonal_naive
2014-08-11,MOQUEGUA,6.823182901103649,3.0832607539803325,4.130438897521982,2.2743943003678817,3.451787162803541,-3.74,3.74,54.8,-2.693,2.693,39.5,-4.549,4.549,66.7,-3.371,3.371,49.4,holt_winters
2014-08-18,MOQUEGUA,7.391781476195619,2.740876845573228,5.032833862203619,2.2743943003678817,3.451787162803541,-4.651,4.651,62.9,-2.359,2.359,31.9,-5.117,5.117,69.2,-3.94,3.94,53.3,holt_winters
2014-08-25,MOQUEGUA,3.9801900256437945,3.0572809886599863,4.753537286649021,2.2743943003678817,2.3011914418690265,-0.923,0.923,23.2,0.773,0.773,19.4,-1.706,1.706,42.9,-1.679,1.679,42.2,holt_winters
2014-09-01,MOQUEGUA,2.842992875459853,3.7503461569874954,2.8626907272388027,3.980190025643795,1.7258935814017713,0.907,0.907,31.9,0.02,0.02,0.7,1.137,1.137,40.0,-1.117,1.117,39.3,holt_winters
2014-09-08,MOQUEGUA,1.7057957252759113,3.1339882244158828,2.5245335780446565,3.980190025643795,2.3011914418690265,1.428,1.428,83.7,0.819,0.819,48.0,2.274,2.274,133.3,0.595,0.595,34.9,seasonal_naive
2014-09-15,MOQUEGUA,2.842992875459853,3.775532615279671,2.0920346628532576,3.980190025643795,2.876489302336284,0.933,0.933,32.8,-0.751,0.751,26.4,1.137,1.137,40.0,0.033,0.033,1.2,seasonal_naive
2014-09-22,MOQUEGUA,2.274394300367882,3.4223734057345077,2.0177311032725216,3.980190025643795,2.876489302336283,1.148,1.148,50.5,-0.257,0.257,11.3,1.706,1.706,75.0,0.602,0.602,26.5,holt_winters
2014-09-29,MOQUEGUA,2.274394300367882,2.5977237661831483,2.0473561710464443,2.2743943003678826,2.3011914418690265,0.323,0.323,14.2,-0.227,0.227,10.0,0.0,0.0,0.0,0.027,0.027,1.2,naive
2014-10-06,MOQUEGUA,1.1371971501839404,2.1179005387094203,1.784541489774341,2.2743943003678826,1.1505957209345126,0.981,0.981,86.3,0.647,0.647,56.9,1.137,1.137,100.0,0.013,0.013,1.1,seasonal_naive
2014-10-13,MOQUEGUA,3.4115914505518234,2.4229003934404174,2.506915100189227,2.2743943003678826,1.1505957209345126,-0.989,0.989,29.0,-0.905,0.905,26.5,-1.137,1.137,33.3,-2.261,2.261,66.3,holt_winters
2014-10-20,MOQUEGUA,3.4115914505518234,2.3320152330043356,3.055190208575949,2.2743943003678826,2.876489302336283,-1.08,1.08,31.7,-0.356,0.356,10.4,-1.137,1.137,33.3,-0.535,0.535,15.7,holt_winters
2014-10-27,MOQUEGUA,3.9801900256437945,4.720439144537124,4.8311345543471145,3.411591450551823,4.027085023270797,0.74,0.74,18.6,0.851,0.851,21.4,-0.569,0.569,14.3,0.047,0.047,1.2,seasonal_naive
2014-11-03,MOQUEGUA,2.274394300367882,3.3799891248319245,4.043391940263685,3.411591450551823,5.177680744205311,1.106,1.106,48.6,1.769,1.769,77.8,1.137,1.137,50.0,2.903,2.903,127.6,arima
2014-11-10,MOQUEGUA,1.7057957252759124,4.04735936335513,4.0642757377945555,3.411591450551823,4.027085023270797,2.342,2.342,137.3,2.358,2.358,138.2,1.706,1.706,100.0,2.321,2.321,136.1,naive
2014-11-17,MOQUEGUA,2.842992875459853,3.940830979873044,3.349508889442304,3.411591450551823,4.027085023270797,1.098,1.098,38.6,0.507,0.507,17.8,0.569,0.569,20.0,1.184,1.184,41.6,holt_winters
2014-11-24,MOQUEGUA,2.274394300367882,2.6060856570696616,2.3306983776444845,2.8429928754598532,2.3011914418690265,0.332,0.332,14.6,0.056,0.056,2.5,0.569,0.569,25.0,0.027,0.027,1.2,seasonal_naive
2014-12-01,MOQUEGUA,1.7057957252759113,3.641472601219811,2.1227421364906913,2.8429928754598532,2.876489302336283,1.936,1.936,113.5,0.417,0.417,24.4,1.137,1.137,66.7,1.171,1.171,68.6,holt_winters
2014-12-08,MOQUEGUA,0.0,2.7563866055432835,2.172007371635604,2.8429928754598532,2.3011914418690265,2.756,2.756,,2.172,2.172,,2.843,2.843,,2.301,2.301,,holt_winters
2014-12-15,MOQUEGUA,0.5685985750919696,3.114702782985864,2.8602763070113237,2.8429928754598532,4.027085023270797,2.546,2.546,447.8,2.292,2.292,403.1,2.274,2.274,399.9,3.458,3.458,608.2,naive
2014-12-22,MOQUEGUA,0.5685985750919696,0.5381494438767915,0.37528578063932844,0.5685985750919698,2.876489302336283,-0.03,0.03,5.3,-0.193,0.193,33.9,0.0,0.0,0.0,2.308,2.308,405.9,naive
2014-12-29,MOQUEGUA,1.1371971501839404,1.050930493157872,0.22773511201588204,0.5685985750919698,2.876489302336283,-0.086,0.086,7.6,-0.909,0.909,79.9,-0.569,0.569,50.0,1.739,1.739,152.9,arima
2015-01-05,MOQUEGUA,1.69269929451643,0.5741494604743966,0.1121253711831024,0.5685985750919698,2.287792871118454,-1.119,1.119,66.1,-1.581,1.581,93.4,-1.124,1.124,66.4,0.595,0.595,35.2,seasonal_naive
2015-01-12,MOQUEGUA,3.378850373653121,0.8028086478135958,0.21174643084986133,0.5685985750919698,2.2810935857431685,-2.576,2.576,76.2,-3.167,3.167,93.7,-2.81,2.81,83.2,-1.098,1.098,32.5,seasonal_naive
2015-01-19,MOQUEGUA,2.81025179856115,4.1509606853725165,3.4251782886890796,3.378850373653121,1.705795725275911,1.341,1.341,47.7,0.615,0.615,21.9,0.569,0.569,20.2,-1.104,1.104,39.3,naive
2015-01-26,MOQUEGUA,1.6861510791366896,3.5648994912264866,2.7859298678804483,3.378850373653121,1.1371971501839404,1.879,1.879,111.4,1.1,1.1,65.2,1.693,1.693,100.4,-0.549,0.549,32.6,seasonal_naive
2015-02-02,MOQUEGUA,1.1241007194244592,3.786640904514141,2.531589582881188,3.378850373653121,1.1371971501839404,2.663,2.663,236.9,1.407,1.407,125.2,2.255,2.255,200.6,0.013,0.013,1.2,seasonal_naive
2015-02-09,MOQUEGUA,1.6861510791366892,3.811918320473275,2.2418545830911123,3.378850373653121,1.1371971501839404,2.126,2.126,126.1,0.556,0.556,33.0,1.693,1.693,100.4,-0.549,0.549,32.6,seasonal_naive
2015-02-16,MOQUEGUA,1.6861510791366892,1.5812844015025944,1.9878889172368686,1.686151079136689,0.5685985750919693,-0.105,0.105,6.2,0.302,0.302,17.9,-0.0,0.0,0.0,-1.118,1.118,66.3,naive
2015-02-23,MOQUEGUA,0.5620503597122289,1.9000627067890843,2.517843212589123,1.686151079136689,1.1371971501839404,1.338,1.338,238.1,1.956,1.956,348.0,1.124,1.124,200.0,0.575,0.575,102.3,seasonal_naive
2015-03-02,MOQUEGUA,0.5620503597122289,1.63927858665858,2.7504998290779614,1.686151079136689,1.705795725275911,1.077,1.077,191.6,2.188,2.188,389.3,1.124,1.124,200.0,1.144,1.144,203.5,arima
2015-03-09,MOQUEGUA,1.1241007194244592,1.751127348365801,2.080333105495638,1.686151079136689,1.705795725275911,0.627,0.627,55.8,0.956,0.956,85.0,0.562,0.562,50.0,0.582,0.582,51.8,naive
2015-03-16,MOQUEGUA,1.1241007194244592,1.657903333295887,0.5438182958756579,1.1241007194244594,0.5685985750919693,0.534,0.534,47.5,-0.58,0.58,51.6,0.0,0.0,0.0,-0.556,0.556,49.5,naive
2015-03-23,MOQUEGUA,1.6861510791366892,1.6762234509449625,0.43211058499199045,1.1241007194244594,0.5685985750919693,-0.01,0.01,0.6,-1.254,1.254,74.4,-0.562,0.562,33.3,-1.118,1.118,66.3,arima
2015-03-30,MOQUEGUA,1.1241007194244592,1.362406661162054,0.7070865825975743,1.1241007194244594,1.705795725275911,0.238,0.238,21.2,-0.417,0.417,37.1,0.0,0.0,0.0,0.582,0.582,51.8,naive
2015-04-06,MOQUEGUA,1.6861510791366896,1.1503382412662795,0.8122367403754567,1.1241007194244594,1.705795725275911,-0.536,0.536,31.8,-0.874,0.874,51.8,-0.562,0.562,33.3,0.02,0.02,1.2,seasonal_naive
2015-04-13,MOQUEGUA,1.6861510791366892,1.3772481556984415,1.8347154539521298,1.6861510791366894,1.705795725275911,-0.309,0.309,18.3,0.149,0.149,8.8,0.0,0.0,0.0,0.02,0.02,1.2,naive
2015-04-20,MOQUEGUA,2.8102517985611493,1.6731168836172272,2.7893608271387924,1.6861510791366894,1.1371971501839404,-1.137,1.137,40.5,-0.021,0.021,0.7,-1.124,1.124,40.0,-1.673,1.673,59.5,holt_winters
2015-04-27,MOQUEGUA,3.93435251798561,1.3905975827599049,2.637893142538894,1.6861510791366894,1.1371971501839404,-2.544,2.544,64.7,-1.296,1.296,32.9,-2.248,2.248,57.1,-2.797,2.797,71.1,holt_winters
2015-05-04,MOQUEGUA,5.05845323741007,1.5474886327808668,3.1007914626231523,1.6861510791366894,2.2743943003678817,-3.511,3.511,69.4,-1.958,1.958,38.7,-3.372,3.372,66.7,-2.784,2.784,55.0,holt_winters
2015-05-11,MOQUEGUA,4.49640287769784,4.221709829364397,3.277143219730359,5.0584532374100695,1.705795725275911,-0.275,0.275,6.1,-1.219,1.219,27.1,0.562,0.562,12.5,-2.791,2.791,62.1,arima
2015-05-18,MOQUEGUA,2.8102517985611493,3.7411180512478026,4.991952733862115,5.0584532374100695,2.8429928754598532,0.931,0.931,33.1,2.182,2.182,77.6,2.248,2.248,80.0,0.033,0.033,1.2,seasonal_naive
2015-05-25,MOQUEGUA,1.1241007194244592,3.3286362026926355,3.938487427025917,5.0584532374100695,1.705795725275911,2.205,2.205,196.2,2.814,2.814,250.3,3.934,3.934,350.0,0.582,0.582,51.8,seasonal_naive
2015-06-01,MOQUEGUA,1.6861510791366892,3.6061389610657644,4.21305810539558,5.0584532374100695,3.411591450551823,1.92,1.92,113.9,2.527,2.527,149.9,3.372,3.372,200.0,1.725,1.725,102.3,seasonal_naive
2015-06-08,MOQUEGUA,2.2482014388489193,2.0378858898422187,1.6826334778355179,1.686151079136689,2.2743943003678817,-0.21,0.21,9.3,-0.566,0.566,25.2,-0.562,0.562,25.0,0.026,0.026,1.2,seasonal_naive
2015-06-15,MOQUEGUA,2.8102517985611493,2.9335898680320294,2.0772934486482884,1.686151079136689,2.8429928754598532,0.123,0.123,4.4,-0.733,0.733,26.1,-1.124,1.124,40.0,0.033,0.033,1.2,seasonal_naive
2015-06-22,MOQUEGUA,2.81025179856115,2.565479840377345,1.7378966161258793,1.686151079136689,1.705795725275911,-0.245,0.245,8.7,-1.072,1.072,38.1,-1.124,1.124,40.0,-1.104,1.104,39.3,arima
2015-06-29,MOQUEGUA,4.49640287769784,2.423092654790163,1.9687670248321036,1.686151079136689,2.2743943003678817,-2.073,2.073,46.1,-2.528,2.528,56.2,-2.81,2.81,62.5,-2.222,2.222,49.4,arima
2015-07-06,MOQUEGUA,5.058453237410071,4.025595280723696,5.190349428325545,4.49640287769784,1.7057957252759124,-1.033,1.033,20.4,0.132,0.132,2.6,-0.562,0.562,11.1,-3.353,3.353,66.3,holt_winters
2015-07-13,MOQUEGUA,5.620503597122301,4.078339767339931,5.144243514861908,4.49640287769784,1.1371971501839404,-1.542,1.542,27.4,-0.476,0.476,8.5,-1.124,1.124,20.0,-4.483,4.483,79.8,holt_winters
2015-07-20,MOQUEGUA,5.620503597122301,3.3449936231445303,4.901468110538069,4.49640287769784,1.1371971501839404,-2.276,2.276,40.5,-0.719,0.719,12.8,-1.124,1.124,20.0,-4.483,4.483,79.8,holt_winters
2015-07-27,MOQUEGUA,5.05845323741007,3.5207741836566644,4.063667385365572,4.49640287769784,2.2743943003678817,-1.538,1.538,30.4,-0.995,0.995,19.7,-0.562,0.562,11.1,-2.784,2.784,55.0,naive
2015-08-03,MOQUEGUA,3.93435251798561,4.856808730640341,6.403725804104207,5.0584532374100695,5.685985750919706,0.922,0.922,23.4,2.469,2.469,62.8,1.124,1.124,28.6,1.752,1.752,44.5,arima
2015-08-10,MOQUEGUA,3.93435251798561,4.846990294797098,6.403725804104207,5.0584532374100695,6.823182901103649,0.913,0.913,23.2,2.469,2.469,62.8,1.124,1.124,28.6,2.889,2.889,73.4,arima
2015-08-17,MOQUEGUA,2.8102517985611493,5.0618991503637645,6.403725804104207,5.0584532374100695,7.391781476195618,2.252,2.252,80.1,3.593,3.593,127.9,2.248,2.248,80.0,4.582,4.582,163.0,naive
2015-08-24,MOQUEGUA,3.3723021582733796,5.142167908432304,6.403725804104207,5.0584532374100695,3.980190025643795,1.77,1.77,52.5,3.031,3.031,89.9,1.686,1.686,50.0,0.608,0.608,18.0,seasonal_naive
2015-08-31,MOQUEGUA,2.2482014388489193,3.324406617405348,2.4891330489058405,3.3723021582733796,2.8429928754598532,1.076,1.076,47.9,0.241,0.241,10.7,1.124,1.124,50.0,0.595,0.595,26.5,holt_winters
2015-09-07,MOQUEGUA,2.8102517985611493,3.8338986938993083,2.0558925821270875,3.3723021582733796,1.705795725275911,1.024,1.024,36.4,-0.754,0.754,26.8,0.562,0.562,20.0,-1.104,1.104,39.3,naive
2015-09-14,MOQUEGUA,3.93435251798561,3.5523607064602167,2.045170471521294,3.3723021582733796,2.8429928754598532,-0.382,0.382,9.7,-1.889,1.889,48.0,-0.562,0.562,14.3,-1.091,1.091,27.7,arima
2015-09-21,MOQUEGUA,4.49640287769784,3.5936363366693733,2.0308150759004375,3.3723021582733796,2.2743943003678826,-0.903,0.903,20.1,-2.466,2.466,54.8,-1.124,1.124,25.0,-2.222,2.222,49.4,arima
2015-09-28,MOQUEGUA,6.182553956834531,4.149103113966782,4.037625464880236,4.49640287769784,2.2743943003678826,-2.033,2.033,32.9,-2.145,2.145,34.7,-1.686,1.686,27.3,-3.908,3.908,63.2,naive
2015-10-05,MOQUEGUA,5.05845323741007,3.6417495208265764,3.077307938754621,4.49640287769784,1.1371971501839404,-1.417,1.417,28.0,-1.981,1.981,39.2,-0.562,0.562,11.1,-3.921,3.921,77.5,naive
2015-10-12,MOQUEGUA,5.05845323741007,3.4457841746064624,4.8315091625159114,4.49640287769784,3.411591450551823,-1.613,1.613,31.9,-0.227,0.227,4.5,-0.562,0.562,11.1,-1.647,1.647,32.6,holt_winters
2015-10-19,MOQUEGUA,3.3723021582733796,3.5656056593274554,5.407855830038208,4.49640287769784,3.411591450551823,0.193,0.193,5.7,2.036,2.036,60.4,1.124,1.124,33.3,0.039,0.039,1.2,seasonal_naive
2015-10-26,MOQUEGUA,3.37230215827338,3.7333307223177385,4.3760777507667905,3.3723021582733796,3.980190025643795,0.361,0.361,10.7,1.004,1.004,29.8,-0.0,0.0,0.0,0.608,0.608,18.0,naive
2015-11-02,MOQUEGUA,5.058453237410071,3.6734283320139305,3.367050054839263,3.3723021582733796,2.2743943003678826,-1.385,1.385,27.4,-1.691,1.691,33.4,-1.686,1.686,33.3,-2.784,2.784,55.0,arima
2015-11-09,MOQUEGUA,6.744604316546762,4.370366870073989,3.294355130279132,3.3723021582733796,1.7057957252759124,-2.374,2.374,35.2,-3.45,3.45,51.2,-3.372,3.372,50.0,-5.039,5.039,74.7,arima
2015-11-16,MOQUEGUA,6.744604316546762,4.172770468357654,2.859456116362955,3.3723021582733796,2.8429928754598532,-2.572,2.572,38.1,-3.885,3.885,57.6,-3.372,3.372,50.0,-3.902,3.902,57.9,arima
2015-11-23,MOQUEGUA,5.620503597122301,5.78543724962956,5.662352559200765,6.744604316546761,2.2743943003678826,0.165,0.165,2.9,0.042,0.042,0.7,1.124,1.124,20.0,-3.346,3.346,59.5,holt_winters
2015-11-30,MOQUEGUA,5.05845323741007,5.1329973821671455,5.64946468901689,6.744604316546761,1.705795725275911,0.075,0.075,1.5,0.591,0.591,11.7,1.686,1.686,33.3,-3.353,3.353,66.3,arima
2015-12-07,MOQUEGUA,3.9343525179856105,5.127161260013829,4.144313697493274,6.744604316546761,0.0,1.193,1.193,30.3,0.21,0.21,5.3,2.81,2.81,71.4,-3.934,3.934,100.0,holt_winters
2015-12-14,MOQUEGUA,2.81025179856115,5.464359231991348,5.230830076064167,6.744604316546761,0.5685985750919698,2.654,2.654,94.4,2.421,2.421,86.1,3.934,3.934,140.0,-2.242,2.242,79.8,seasonal_naive
2015-12-21,MOQUEGUA,2.2482014388489193,2.9381169931103495,2.2492364762794796,2.8102517985611497,0.5685985750919698,0.69,0.69,30.7,0.001,0.001,0.0,0.562,0.562,25.0,-1.68,1.68,74.7,holt_winters
2015-12-28,MOQUEGUA,2.2482014388489193,3.256688965618042,2.303796923483724,2.8102517985611497,1.1371971501839404,1.008,1.008,44.8,0.056,0.056,2.5,0.562,0.562,25.0,-1.111,1.111,49.4,holt_winters
2016-01-04,MOQUEGUA,1.6797550579735345,3.745755675460541,2.6154926758341306,2.8102517985611497,1.69269929451643,2.066,2.066,123.0,0.936,0.936,55.7,1.13,1.13,67.3,0.013,0.013,0.8,seasonal_naive
2016-01-11,MOQUEGUA,1.1113086770981497,3.678876298150679,2.9038643806743996,2.8102517985611497,3.378850373653121,2.568,2.568,231.1,1.793,1.793,161.3,1.699,1.699,152.9,2.268,2.268,204.1,naive
2016-01-18,MOQUEGUA,1.1113086770981497,0.9420053825546253,0.9730443857604636,1.1113086770981497,2.8102517985611497,-0.169,0.169,15.2,-0.138,0.138,12.4,0.0,0.0,0.0,1.699,1.699,152.9,naive
2016-01-25,MOQUEGUA,0.5556543385490743,0.9709129699166212,0.5619104522046983,1.1113086770981497,1.6861510791366894,0.415,0.415,74.7,0.006,0.006,1.1,0.556,0.556,100.1,1.13,1.13,203.4,holt_winters
2016-02-01,MOQUEGUA,0.5556543385490743,1.0154720471948768,0.5195671145278951,1.1113086770981497,1.1241007194244594,0.46,0.46,82.8,-0.036,0.036,6.5,0.556,0.556,100.1,0.568,0.568,102.2,holt_winters
2016-02-08,MOQUEGUA,0.5556543385490743,0.9628482246603398,0.45900883902226114,1.1113086770981497,1.686151079136689,0.407,0.407,73.2,-0.097,0.097,17.5,0.556,0.556,100.1,1.13,1.13,203.4,holt_winters
2016-02-15,MOQUEGUA,1.666963015647225,0.8120302906118746,0.5307173496523354,0.5556543385490742,1.686151079136689,-0.855,0.855,51.3,-1.136,1.136,68.1,-1.111,1.111,66.6,0.019,0.019,1.1,seasonal_naive
2016-02-22,MOQUEGUA,1.1113086770981497,0.7644976818182916,0.6953683611044044,0.5556543385490742,0.5620503597122288,-0.347,0.347,31.2,-0.416,0.416,37.4,-0.556,0.556,50.0,-0.549,0.549,49.4,arima
2016-02-29,MOQUEGUA,1.11130867709815,0.6936571008178471,0.7117423354297563,0.5556543385490742,0.5620503597122288,-0.418,0.418,37.6,-0.4,0.4,36.0,-0.556,0.556,50.0,-0.549,0.549,49.4,holt_winters
2016-03-07,MOQUEGUA,0.0,0.7761824930163637,0.5442538655800859,0.5556543385490742,1.1241007194244594,0.776,0.776,,0.544,0.544,,0.556,0.556,,1.124,1.124,,holt_winters
2016-03-14,MOQUEGUA,1.6669630156472248,0.11977770268300371,0.0,0.0,1.1241007194244594,-1.547,1.547,92.8,-1.667,1.667,100.0,-1.667,1.667,100.0,-0.543,0.543,32.6,seasonal_naive
2016-03-21,MOQUEGUA,2.2226173541963004,0.07911022981106372,0.0,0.0,1.686151079136689,-2.144,2.144,96.5,-2.223,2.223,100.0,-2.223,2.223,100.0,-0.536,0.536,24.1,seasonal_naive
2016-03-28,MOQUEGUA,3.333926031294451,0.49021810257801535,0.0,0.0,1.1241007194244594,-2.844,2.844,85.3,-3.334,3.334,100.0,-3.334,3.334,100.0,-2.21,2.21,66.3,seasonal_naive
2016-04-04,MOQUEGUA,2.778271692745376,0.39273330676028645,0.0,0.0,1.6861510791366894,-2.386,2.386,85.9,-2.778,2.778,100.0,-2.778,2.778,100.0,-1.092,1.092,39.3,seasonal_naive
2016-04-11,MOQUEGUA,2.778271692745376,2.630441819088726,3.096161737697118,2.778271692745376,1.686151079136689,-0.148,0.148,5.3,0.318,0.318,11.4,0.0,0.0,0.0,-1.092,1.092,39.3,naive
2016-04-18,MOQUEGUA,3.333926031294451,2.199234642605873,4.242005505638758,2.778271692745376,2.810251798561149,-1.135,1.135,34.0,0.908,0.908,27.2,-0.556,0.556,16.7,-0.524,0.524,15.7,seasonal_naive
2016-04-25,MOQUEGUA,2.7782716927453754,2.421288095614875,4.375929412085847,2.778271692745376,3.9343525179856105,-0.357,0.357,12.8,1.598,1.598,57.5,0.0,0.0,0.0,1.156,1.156,41.6,naive
2016-05-02,MOQUEGUA,2.2226173541963004,2.4465304311443035,5.207534090045723,2.778271692745376,5.0584532374100695,0.224,0.224,10.1,2.985,2.985,134.3,0.556,0.556,25.0,2.836,2.836,127.6,arima
2016-05-09,MOQUEGUA,1.1113086770981497,2.034244403065483,1.523459239755414,2.222617354196301,4.49640287769784,0.923,0.923,83.1,0.412,0.412,37.1,1.111,1.111,100.0,3.385,3.385,304.6,holt_winters
2016-05-16,MOQUEGUA,2.2226173541963004,2.2086200955231035,1.9779298582210156,2.222617354196301,2.810251798561149,-0.014,0.014,0.6,-0.245,0.245,11.0,0.0,0.0,0.0,0.588,0.588,26.5,naive
2016-05-23,MOQUEGUA,3.8895803698435265,2.4137392849606996,1.2662247613143127,2.222617354196301,1.1241007194244594,-1.476,1.476,37.9,-2.623,2.623,67.4,-1.667,1.667,42.9,-2.765,2.765,71.1,arima
2016-05-30,MOQUEGUA,3.333926031294451,2.495719038488892,1.458494923947518,2.222617354196301,1.686151079136689,-0.838,0.838,25.1,-1.875,1.875,56.2,-1.111,1.111,33.3,-1.648,1.648,49.4,arima
2016-06-06,MOQUEGUA,2.778271692745376,2.6337642214833257,3.8900869572983305,3.3339260312944514,2.2482014388489193,-0.145,0.145,5.2,1.112,1.112,40.0,0.556,0.556,20.0,-0.53,0.53,19.1,arima
2016-06-13,MOQUEGUA,3.3339260312944514,2.084462742922968,4.708894046082248,3.3339260312944514,2.810251798561149,-1.249,1.249,37.5,1.375,1.375,41.2,0.0,0.0,0.0,-0.524,0.524,15.7,naive
2016-06-20,MOQUEGUA,4.4452347083926025,2.2693905842092414,4.405787886666826,3.3339260312944514,2.8102517985611497,-2.176,2.176,49.0,-0.039,0.039,0.9,-1.111,1.111,25.0,-1.635,1.635,36.8,holt_winters
2016-06-27,MOQUEGUA,3.889580369843527,2.4960114697688964,4.698261126422576,3.3339260312944514,4.49640287769784,-1.394,1.394,35.8,0.809,0.809,20.8,-0.556,0.556,14.3,0.607,0.607,15.6,naive
2016-07-04,MOQUEGUA,1.666963015647225,3.623273319331913,4.574898159878829,3.889580369843527,5.058453237410071,1.956,1.956,117.3,2.908,2.908,174.4,2.223,2.223,133.4,3.391,3.391,203.4,arima
2016-07-11,MOQUEGUA,2.778271692745376,3.2194805815679874,4.513723234095556,3.889580369843527,5.620503597122301,0.441,0.441,15.9,1.735,1.735,62.4,1.111,1.111,40.0,2.842,2.842,102.3,arima
2016-07-18,MOQUEGUA,3.3339260312944514,3.441668213130318,4.518618968533239,3.889580369843527,5.620503597122301,0.108,0.108,3.2,1.185,1.185,35.5,0.556,0.556,16.7,2.287,2.287,68.6,arima
2016-07-25,MOQUEGUA,4.4452347083926025,3.5223747327597925,3.6837483108703815,3.889580369843527,5.0584532374100695,-0.923,0.923,20.8,-0.761,0.761,17.1,-0.556,0.556,12.5,0.613,0.613,13.8,naive
2016-08-01,MOQUEGUA,3.8895803698435265,3.614789031380404,5.559059566590088,4.4452347083926025,3.9343525179856105,-0.275,0.275,7.1,1.669,1.669,42.9,0.556,0.556,14.3,0.045,0.045,1.2,seasonal_naive
2016-08-08,MOQUEGUA,4.445234708392602,3.445841689277236,6.311683882767855,4.4452347083926025,3.9343525179856105,-0.999,0.999,22.5,1.866,1.866,42.0,0.0,0.0,0.0,-0.511,0.511,11.5,naive
2016-08-15,MOQUEGUA,3.8895803698435256,3.0568519023464233,6.692097129841598,4.4452347083926025,2.810251798561149,-0.833,0.833,21.4,2.803,2.803,72.1,0.556,0.556,14.3,-1.079,1.079,27.7,naive
2016-08-22,MOQUEGUA,4.445234708392602,3.379188218559804,5.360098453670734,4.4452347083926025,3.3723021582733796,-1.066,1.066,24.0,0.915,0.915,20.6,0.0,0.0,0.0,-1.073,1.073,24.1,naive
2016-08-29,MOQUEGUA,4.445234708392602,4.172588327879096,3.1889975946684146,4.445234708392602,2.2482014388489193,-0.273,0.273,6.1,-1.256,1.256,28.3,0.0,0.0,0.0,-2.197,2.197,49.4,naive
2016-09-05,MOQUEGUA,6.112197724039828,4.440261556314723,2.7864435122883653,4.445234708392602,2.810251798561149,-1.672,1.672,27.4,-3.326,3.326,54.4,-1.667,1.667,27.3,-3.302,3.302,54.0,naive
2016-09-12,MOQUEGUA,5.556543385490753,4.175562253800647,3.2566142771775635,4.445234708392602,3.9343525179856105,-1.381,1.381,24.9,-2.3,2.3,41.4,-1.111,1.111,20.0,-1.622,1.622,29.2,naive
2016-09-19,MOQUEGUA,5.556543385490753,4.317805339568581,3.263320427704657,4.445234708392602,4.49640287769784,-1.239,1.239,22.3,-2.293,2.293,41.3,-1.111,1.111,20.0,-1.06,1.06,19.1,seasonal_naive
2016-09-26,MOQUEGUA,4.445234708392602,4.854490422920444,5.7007845328206495,5.5565433854907536,6.182553956834531,0.409,0.409,9.2,1.256,1.256,28.3,1.111,1.111,25.0,1.737,1.737,39.1,arima
2016-10-03,MOQUEGUA,2.778271692745376,5.139132843731254,4.637751566212553,5.5565433854907536,5.0584532374100695,2.361,2.361,85.0,1.859,1.859,66.9,2.778,2.778,100.0,2.28,2.28,82.1,holt_winters
2016-10-10,MOQUEGUA,1.1113086770981497,5.089714908418126,6.306827290326762,5.5565433854907536,5.0584532374100695,3.978,3.978,358.0,5.196,5.196,467.6,4.445,4.445,400.0,3.947,3.947,355.2,seasonal_naive
2016-10-17,MOQUEGUA,1.1113086770981497,5.393489910633432,6.449627459754187,5.5565433854907536,3.3723021582733796,4.282,4.282,385.3,5.338,5.338,480.3,4.445,4.445,400.0,2.261,2.261,203.5,seasonal_naive
2016-10-24,MOQUEGUA,2.778271692745376,1.3937230498493287,1.3239351024457982,1.1113086770981497,3.3723021582733796,-1.385,1.385,49.9,-1.454,1.454,52.3,-1.667,1.667,60.0,0.594,0.594,21.4,seasonal_naive
2016-10-31,MOQUEGUA,3.889580369843527,1.9891924245796924,1.215302685552699,1.1113086770981497,5.058453237410071,-1.9,1.9,48.8,-2.674,2.674,68.7,-2.778,2.778,71.4,1.169,1.169,30.1,seasonal_naive
2016-11-07,MOQUEGUA,3.3339260312944514,1.9177864369569768,1.3666300842054957,1.1113086770981497,6.744604316546761,-1.416,1.416,42.5,-1.967,1.967,59.0,-2.223,2.223,66.7,3.411,3.411,102.3,arima
2016-11-14,MOQUEGUA,3.333926031294451,1.7966716846934707,1.256995846123703,1.1113086770981497,6.744604316546761,-1.537,1.537,46.1,-2.077,2.077,62.3,-2.223,2.223,66.7,3.411,3.411,102.3,arima
2016-11-21,MOQUEGUA,3.333926031294451,3.0343026356623115,2.6164234311034633,3.3339260312944514,5.620503597122301,-0.3,0.3,9.0,-0.718,0.718,21.5,0.0,0.0,0.0,2.287,2.287,68.6,naive
2016-11-28,MOQUEGUA,2.7782716927453754,3.2752316024908117,2.4012978092560857,3.3339260312944514,5.0584532374100695,0.497,0.497,17.9,-0.377,0.377,13.6,0.556,0.556,20.0,2.28,2.28,82.1,holt_winters
2016-12-05,MOQUEGUA,1.666963015647225,3.242676741097302,1.6669282568740869,3.3339260312944514,3.9343525179856105,1.576,1.576,94.5,-0.0,0.0,0.0,1.667,1.667,100.0,2.267,2.267,136.0,holt_winters
2016-12-12,MOQUEGUA,2.2226173541963004,3.3719606070389254,1.8512760337548455,3.3339260312944514,2.8102517985611497,1.149,1.149,51.7,-0.371,0.371,16.7,1.111,1.111,50.0,0.588,0.588,26.5,holt_winters
2016-12-19,MOQUEGUA,3.8895803698435265,2.403249727201751,1.7690022237547303,2.222617354196301,2.2482014388489193,-1.486,1.486,38.2,-2.121,2.121,54.5,-1.667,1.667,42.9,-1.641,1.641,42.2,arima
2016-12-26,MOQUEGUA,6.112197724039828,2.884560716143165,1.7282049660825756,2.222617354196301,2.2482014388489193,-3.228,3.228,52.8,-4.384,4.384,71.7,-3.89,3.89,63.6,-3.864,3.864,63.2,arima
2017-01-02,MOQUEGUA,4.445234708392602,2.5421283056111212,1.9144080330073057,2.222617354196301,1.6797550579735345,-1.903,1.903,42.8,-2.531,2.531,56.9,-2.223,2.223,50.0,-2.765,2.765,62.2,arima
2017-01-09,MOQUEGUA,3.8770701566251233,2.5114532422178772,2.2905325040900615,2.222617354196301,1.1113086770981497,-1.366,1.366,35.2,-1.587,1.587,40.9,-1.654,1.654,42.7,-2.766,2.766,71.3,arima
2017-01-16,MOQUEGUA,3.296395391639242,3.277341281764734,3.338973890080979,3.8770701566251233,1.1113086770981497,-0.019,0.019,0.6,0.043,0.043,1.3,0.581,0.581,17.6,-2.185,2.185,66.3,arima
2017-01-23,MOQUEGUA,3.8457946235791156,3.838110594773058,2.4220986575747774,3.8770701566251233,0.5556543385490742,-0.008,0.008,0.2,-1.424,1.424,37.0,0.031,0.031,0.8,-3.29,3.29,85.5,arima
2017-01-30,MOQUEGUA,3.8457946235791156,3.9729991709629076,2.111058049243802,3.8770701566251233,0.5556543385490742,0.127,0.127,3.3,-1.735,1.735,45.1,0.031,0.031,0.8,-3.29,3.29,85.5,naive
2017-02-06,MOQUEGUA,3.296395391639242,4.227355081080839,2.1689384167796826,3.8770701566251233,0.5556543385490742,0.931,0.931,28.2,-1.127,1.127,34.2,0.581,0.581,17.6,-2.741,2.741,83.2,naive
2017-02-13,MOQUEGUA,3.845794623579115,3.052244757015073,3.566083408129627,3.2963953916392423,1.6669630156472248,-0.794,0.794,20.6,-0.28,0.28,7.3,-0.549,0.549,14.3,-2.179,2.179,56.7,holt_winters
2017-02-20,MOQUEGUA,3.845794623579115,3.0837795552275145,3.261672567487615,3.2963953916392423,1.1113086770981497,-0.762,0.762,19.8,-0.584,0.584,15.2,-0.549,0.549,14.3,-2.734,2.734,71.1,naive
2017-02-27,MOQUEGUA,2.7469961596993677,3.2828751933660936,3.1218780487801334,3.2963953916392423,1.1113086770981497,0.536,0.536,19.5,0.375,0.375,13.7,0.549,0.549,20.0,-1.636,1.636,59.6,holt_winters
2017-03-06,MOQUEGUA,2.7469961596993677,3.357787764819265,2.3211567112977627,3.2963953916392423,0.0,0.611,0.611,22.2,-0.426,0.426,15.5,0.549,0.549,20.0,-2.747,2.747,100.0,holt_winters
2017-03-13,MOQUEGUA,1.6481976958196203,2.790141344651358,3.1251402889579794,2.7469961596993677,1.6669630156472248,1.142,1.142,69.3,1.477,1.477,89.6,1.099,1.099,66.7,0.019,0.019,1.2,seasonal_naive
2017-03-20,MOQUEGUA,2.7469961596993677,3.1927100398388824,3.703405565030849,2.7469961596993677,2.222617354196301,0.446,0.446,16.2,0.956,0.956,34.8,0.0,0.0,0.0,-0.524,0.524,19.1,naive
2017-03-27,MOQUEGUA,1.64819769581962,3.130215727994673,4.5707598769872035,2.7469961596993677,3.3339260312944514,1.482,1.482,89.9,2.923,2.923,177.3,1.099,1.099,66.7,1.686,1.686,102.3,naive
2017-04-03,MOQUEGUA,3.845794623579115,3.1168328895129633,4.721389326357299,2.7469961596993677,2.778271692745376,-0.729,0.729,19.0,0.876,0.876,22.8,-1.099,1.099,28.6,-1.068,1.068,27.8,arima
2017-04-10,MOQUEGUA,4.395193855518989,3.0802941055181705,4.056923679093796,3.845794623579115,2.778271692745376,-1.315,1.315,29.9,-0.338,0.338,7.7,-0.549,0.549,12.5,-1.617,1.617,36.8,holt_winters
2017-04-17,MOQUEGUA,7.142190015218358,3.8433630660544296,5.182618099181381,3.845794623579115,3.3339260312944514,-3.299,3.299,46.2,-1.96,1.96,27.4,-3.296,3.296,46.1,-3.808,3.808,53.3,holt_winters
2017-04-24,MOQUEGUA,6.592790783278485,2.689732774026031,5.356198326979585,3.845794623579115,2.7782716927453754,-3.903,3.903,59.2,-1.237,1.237,18.8,-2.747,2.747,41.7,-3.815,3.815,57.9,holt_winters
2017-05-01,MOQUEGUA,4.395193855518989,3.129067213067649,6.003627283072375,3.845794623579115,2.222617354196301,-1.266,1.266,28.8,1.608,1.608,36.6,-0.549,0.549,12.5,-2.173,2.173,49.4,naive
2017-05-08,MOQUEGUA,2.7469961596993677,4.000758304606935,3.258748903788571,4.395193855518989,1.1113086770981497,1.254,1.254,45.6,0.512,0.512,18.6,1.648,1.648,60.0,-1.636,1.636,59.6,holt_winters
2017-05-15,MOQUEGUA,1.6481976958196203,3.506246576451467,3.831257404591274,4.395193855518989,2.222617354196301,1.858,1.858,112.7,2.183,2.183,132.4,2.747,2.747,166.7,0.574,0.574,34.8,seasonal_naive
2017-05-22,MOQUEGUA,2.7469961596993677,4.053620860287945,2.8691126419936475,4.395193855518989,3.889580369843527,1.307,1.307,47.6,0.122,0.122,4.4,1.648,1.648,60.0,1.143,1.143,41.6,holt_winters
2017-05-29,MOQUEGUA,3.296395391639242,3.7721303170441365,2.9827272537247618,4.395193855518989,3.3339260312944514,0.476,0.476,14.4,-0.314,0.314,9.5,1.099,1.099,33.3,0.038,0.038,1.2,seasonal_naive
2017-06-05,MOQUEGUA,3.845794623579115,3.887467395753295,4.1490719615037985,3.2963953916392423,2.778271692745376,0.042,0.042,1.1,0.303,0.303,7.9,-0.549,0.549,14.3,-1.068,1.068,27.8,arima
2017-06-12,MOQUEGUA,3.845794623579115,3.1908542059610943,5.078344497579125,3.2963953916392423,3.3339260312944514,-0.655,0.655,17.0,1.233,1.233,32.1,-0.549,0.549,14.3,-0.512,0.512,13.3,seasonal_naive
2017-06-19,MOQUEGUA,4.944593087458863,3.0467282001017786,5.142633893371883,3.2963953916392423,4.4452347083926025,-1.898,1.898,38.4,0.198,0.198,4.0,-1.648,1.648,33.3,-0.499,0.499,10.1,holt_winters
2017-06-26,MOQUEGUA,6.043391551338611,2.84919324647882,5.2729747595077185,3.2963953916392423,3.889580369843527,-3.194,3.194,52.9,-0.77,0.77,12.7,-2.747,2.747,45.5,-2.154,2.154,35.6,holt_winters
2017-07-03,MOQUEGUA,8.240988479098105,6.148998565794481,5.294103280399902,6.04339155133861,1.6669630156472248,-2.092,2.092,25.4,-2.947,2.947,35.8,-2.198,2.198,26.7,-6.574,6.574,79.8,arima
2017-07-10,MOQUEGUA,8.790387711037978,5.596767970956233,5.5937783473892715,6.04339155133861,2.778271692745376,-3.194,3.194,36.3,-3.197,3.197,36.4,-2.747,2.747,31.3,-6.012,6.012,68.4,naive
2017-07-17,MOQUEGUA,9.339786942977852,5.2316995998439,6.211966764780027,6.04339155133861,3.3339260312944514,-4.108,4.108,44.0,-3.128,3.128,33.5,-3.296,3.296,35.3,-6.006,6.006,64.3,holt_winters
2017-07-24,MOQUEGUA,7.69158924715823,5.232274669528403,6.103937301800618,6.04339155133861,4.4452347083926025,-2.459,2.459,32.0,-1.588,1.588,20.6,-1.648,1.648,21.4,-3.246,3.246,42.2,holt_winters
2017-07-31,MOQUEGUA,7.6915892471582294,7.5675909364942235,7.9168429322535925,7.69158924715823,3.889580369843527,-0.124,0.124,1.6,0.225,0.225,2.9,0.0,0.0,0.0,-3.802,3.802,49.4,naive
2017-08-07,MOQUEGUA,6.043391551338608,7.372418157804537,7.9168429322535925,7.69158924715823,4.445234708392602,1.329,1.329,22.0,1.873,1.873,31.0,1.648,1.648,27.3,-1.598,1.598,26.4,arima
2017-08-14,MOQUEGUA,4.944593087458862,7.9168429322535925,7.9168429322535925,7.69158924715823,3.889580369843525,2.972,2.972,60.1,2.972,2.972,60.1,2.747,2.747,55.6,-1.055,1.055,21.3,seasonal_naive
2017-08-21,MOQUEGUA,2.1975969277594922,7.9168429322535925,7.9168429322535925,7.69158924715823,4.445234708392602,5.719,5.719,260.2,5.719,5.719,260.2,5.494,5.494,250.0,2.248,2.248,102.3,seasonal_naive
2017-08-28,MOQUEGUA,3.8457946235791134,2.3561753157057295,1.6777946246408662,2.1975969277594927,4.445234708392602,-1.49,1.49,38.7,-2.168,2.168,56.4,-1.648,1.648,42.9,0.599,0.599,15.6,seasonal_naive
2017-09-04,MOQUEGUA,4.94459308745886,2.5258831863031013,1.864685776546998,2.1975969277594927,6.112197724039828,-2.419,2.419,48.9,-3.08,3.08,62.3,-2.747,2.747,55.6,1.168,1.168,23.6,seasonal_naive
2017-09-11,MOQUEGUA,5.493992319398735,3.5022099247728846,2.210827815816499,2.1975969277594927,5.5565433854907536,-1.992,1.992,36.3,-3.283,3.283,59.8,-3.296,3.296,60.0,0.063,0.063,1.1,seasonal_naive
2017-09-18,MOQUEGUA,2.746996159699366,3.2797961579060635,2.0283887081999183,2.1975969277594927,5.5565433854907536,0.533,0.533,19.4,-0.719,0.719,26.2,-0.549,0.549,20.0,2.81,2.81,102.3,arima
2017-09-25,MOQUEGUA,1.6481976958196185,2.508246969350574,2.753714184040729,2.746996159699366,4.445234708392602,0.86,0.86,52.2,1.106,1.106,67.1,1.099,1.099,66.7,2.797,2.797,169.7,arima
2017-10-02,MOQUEGUA,2.746996159699366,2.4070603299838624,1.8545497848484875,2.746996159699366,2.778271692745376,-0.34,0.34,12.4,-0.892,0.892,32.5,0.0,0.0,0.0,0.031,0.031,1.1,naive
2017-10-09,MOQUEGUA,4.395193855518987,3.280408801117459,2.036316115362372,2.746996159699366,1.1113086770981497,-1.115,1.115,25.4,-2.359,2.359,53.7,-1.648,1.648,37.5,-3.284,3.284,74.7,arima
2017-10-16,MOQUEGUA,5.493992319398735,3.242973203207474,2.048050168188752,2.746996159699366,1.1113086770981497,-2.251,2.251,41.0,-3.446,3.446,62.7,-2.747,2.747,50.0,-4.383,4.383,79.8,arima
2017-10-23,MOQUEGUA,6.043391551338608,4.553057058072769,7.216663501133551,5.493992319398734,2.778271692745376,-1.49,1.49,24.7,1.173,1.173,19.4,-0.549,0.549,9.1,-3.265,3.265,54.0,naive
2017-10-30,MOQUEGUA,4.944593087458862,3.8811607320829724,7.478776912857192,5.493992319398734,3.889580369843527,-1.063,1.063,21.5,2.534,2.534,51.2,0.549,0.549,11.1,-1.055,1.055,21.3,naive
2017-11-06,MOQUEGUA,6.043391551338608,3.607549857738669,7.449385319207813,5.493992319398734,3.3339260312944514,-2.436,2.436,40.3,1.406,1.406,23.3,-0.549,0.549,9.1,-2.709,2.709,44.8,naive
2017-11-13,MOQUEGUA,4.395193855518987,3.957127697196003,7.9168429322535925,5.493992319398734,3.3339260312944514,-0.438,0.438,10.0,3.522,3.522,80.1,1.099,1.099,25.0,-1.061,1.061,24.1,arima
2017-11-20,MOQUEGUA,5.4939923193987354,4.721964440908894,3.538776895065988,4.395193855518988,3.3339260312944514,-0.772,0.772,14.1,-1.955,1.955,35.6,-1.099,1.099,20.0,-2.16,2.16,39.3,arima
2017-11-27,MOQUEGUA,3.29639539163924,4.292639613621122,3.3188430182057402,4.395193855518988,2.7782716927453754,0.996,0.996,30.2,0.022,0.022,0.7,1.099,1.099,33.3,-0.518,0.518,15.7,holt_winters
2017-12-04,MOQUEGUA,3.8457946235791134,4.966366434253761,1.9883666509520315,4.395193855518988,1.6669630156472248,1.121,1.121,29.1,-1.857,1.857,48.3,0.549,0.549,14.3,-2.179,2.179,56.7,naive
2017-12-11,MOQUEGUA,2.197596927759492,4.727030386548438,2.4010374386638875,4.395193855518988,2.222617354196301,2.529,2.529,115.1,0.203,0.203,9.2,2.198,2.198,100.0,0.025,0.025,1.1,seasonal_naive
2017-12-18,MOQUEGUA,2.746996159699366,2.798031401834345,2.344012319037432,2.197596927759492,3.889580369843527,0.051,0.051,1.9,-0.403,0.403,14.7,-0.549,0.549,20.0,1.143,1.143,41.6,arima
2017-12-25,MOQUEGUA,2.1975969277594922,2.503910602310241,2.926563231262044,2.197596927759492,6.112197724039828,0.306,0.306,13.9,0.729,0.729,33.2,-0.0,0.0,0.0,3.915,3.915,178.1,naive
2018-01-01,MOQUEGUA,3.818508852808525,3.2171873449947066,2.702844156585358,2.197596927759492,4.445234708392602,-0.601,0.601,15.7,-1.116,1.116,29.2,-1.621,1.621,42.5,0.627,0.627,16.4,arima
2018-01-08,MOQUEGUA,3.8003183389614654,2.8170388947370766,2.8742132096590347,2.197596927759492,3.8770701566251233,-0.983,0.983,25.9,-0.926,0.926,24.4,-1.603,1.603,42.2,0.077,0.077,2.0,seasonal_naive
2018-01-15,MOQUEGUA,4.32243180013075,4.2488618258597874,3.2438842019770746,3.800318338961466,3.2963953916392423,-0.074,0.074,1.7,-1.079,1.079,25.0,-0.522,0.522,12.1,-1.026,1.026,23.7,arima
2018-01-22,MOQUEGUA,3.7821278251144057,3.3659725891906955,2.6743287862942755,3.800318338961466,3.845794623579115,-0.416,0.416,11.0,-1.108,1.108,29.3,0.018,0.018,0.5,0.064,0.064,1.7,naive
2018-01-29,MOQUEGUA,3.7821278251144057,3.508069527327833,2.295917925265579,3.800318338961466,3.845794623579115,-0.274,0.274,7.2,-1.486,1.486,39.3,0.018,0.018,0.5,0.064,0.064,1.7,naive
2018-02-05,MOQUEGUA,3.782127825114406,3.3103515389792406,2.6455731619472633,3.800318338961466,3.2963953916392423,-0.472,0.472,12.5,-1.137,1.137,30.1,0.018,0.018,0.5,-0.486,0.486,12.8,naive
2018-02-12,MOQUEGUA,3.782127825114406,4.056545043653986,4.157442451620022,3.782127825114406,3.845794623579115,0.274,0.274,7.2,0.375,0.375,9.9,0.0,0.0,0.0,0.064,0.064,1.7,naive
2018-02-19,MOQUEGUA,3.241823850098062,4.012359993424924,3.904785641816452,3.782127825114406,3.845794623579115,0.771,0.771,23.8,0.663,0.663,20.5,0.54,0.54,16.7,0.604,0.604,18.6,naive
2018-02-26,MOQUEGUA,2.701519875081718,4.02138729427952,3.4881101422025917,3.782127825114406,2.7469961596993677,1.32,1.32,48.9,0.787,0.787,29.1,1.081,1.081,40.0,0.045,0.045,1.7,seasonal_naive
2018-03-05,MOQUEGUA,2.701519875081718,3.9030912387198917,2.6175874631065192,3.782127825114406,2.7469961596993677,1.202,1.202,44.5,-0.084,0.084,3.1,1.081,1.081,40.0,0.045,0.045,1.7,seasonal_naive
2018-03-12,MOQUEGUA,3.241823850098065,2.8888089210014765,2.754495003755335,2.7015198750817184,1.6481976958196203,-0.353,0.353,10.9,-0.487,0.487,15.0,-0.54,0.54,16.7,-1.594,1.594,49.2,arima
2018-03-19,MOQUEGUA,2.701519875081718,3.0743482692661965,3.28746192993491,2.7015198750817184,2.7469961596993677,0.373,0.373,13.8,0.586,0.586,21.7,0.0,0.0,0.0,0.045,0.045,1.7,naive
2018-03-26,MOQUEGUA,3.782127825114406,3.0404490641730453,3.8525215105936477,2.7015198750817184,1.6481976958196198,-0.742,0.742,19.6,0.07,0.07,1.9,-1.081,1.081,28.6,-2.134,2.134,56.4,holt_winters
2018-04-02,MOQUEGUA,4.862735775147095,2.966736650543252,4.490301117491266,2.7015198750817184,3.845794623579115,-1.896,1.896,39.0,-0.372,0.372,7.7,-2.161,2.161,44.4,-1.017,1.017,20.9,holt_winters
2018-04-09,MOQUEGUA,4.862735775147095,5.274133427607395,4.952538651429072,4.862735775147095,4.395193855518989,0.411,0.411,8.5,0.09,0.09,1.9,0.0,0.0,0.0,-0.468,0.468,9.6,naive
2018-04-16,MOQUEGUA,3.782127825114406,4.545332904867238,6.252496829969418,4.862735775147095,7.1421900152183575,0.763,0.763,20.2,2.47,2.47,65.3,1.081,1.081,28.6,3.36,3.36,88.8,arima
2018-04-23,MOQUEGUA,2.701519875081718,4.1945819947285745,6.648310320545216,4.862735775147095,6.592790783278485,1.493,1.493,55.3,3.947,3.947,146.1,2.161,2.161,80.0,3.891,3.891,144.0,arima
2018-04-30,MOQUEGUA,3.782127825114406,4.114797875877668,6.742443029730635,4.862735775147095,4.395193855518989,0.333,0.333,8.8,2.96,2.96,78.3,1.081,1.081,28.6,0.613,0.613,16.2,arima
2018-05-07,MOQUEGUA,3.241823850098062,4.256666500599493,2.589524317462889,3.782127825114406,2.7469961596993677,1.015,1.015,31.3,-0.652,0.652,20.1,0.54,0.54,16.7,-0.495,0.495,15.3,seasonal_naive
2018-05-14,MOQUEGUA,3.241823850098062,4.717278177935043,2.4186292898068595,3.782127825114406,1.6481976958196203,1.475,1.475,45.5,-0.823,0.823,25.4,0.54,0.54,16.7,-1.594,1.594,49.2,naive
2018-05-21,MOQUEGUA,2.701519875081718,4.003470516256292,2.1645634228948762,3.782127825114406,2.7469961596993677,1.302,1.302,48.2,-0.537,0.537,19.9,1.081,1.081,40.0,0.045,0.045,1.7,seasonal_naive
2018-05-28,MOQUEGUA,3.782127825114406,3.9268014737898653,2.4003459348278686,3.782127825114406,3.2963953916392423,0.145,0.145,3.8,-1.382,1.382,36.5,0.0,0.0,0.0,-0.486,0.486,12.8,naive
2018-06-04,MOQUEGUA,4.862735775147095,3.7161655387918646,3.5852252536610267,3.782127825114406,3.845794623579115,-1.147,1.147,23.6,-1.278,1.278,26.3,-1.081,1.081,22.2,-1.017,1.017,20.9,seasonal_naive
2018-06-11,MOQUEGUA,4.862735775147095,3.993280836158468,4.312506506944197,3.782127825114406,3.845794623579115,-0.869,0.869,17.9,-0.55,0.55,11.3,-1.081,1.081,22.2,-1.017,1.017,20.9,holt_winters
2018-06-18,MOQUEGUA,5.4030397501634395,3.4226545728409663,4.336863386839526,3.782127825114406,4.944593087458863,-1.98,1.98,36.6,-1.066,1.066,19.7,-1.621,1.621,30.0,-0.458,0.458,8.5,seasonal_naive
2018-06-25,MOQUEGUA,4.32243180013075,3.559430028923148,4.982909059057254,3.782127825114406,6.04339155133861,-0.763,0.763,17.7,0.66,0.66,15.3,-0.54,0.54,12.5,1.721,1.721,39.8,naive
2018-07-02,MOQUEGUA,3.782127825114406,4.382220461957865,3.9276250887118076,4.322431800130749,8.240988479098105,0.6,0.6,15.9,0.145,0.145,3.8,0.54,0.54,14.3,4.459,4.459,117.9,holt_winters
2018-07-09,MOQUEGUA,2.701519875081718,4.185871693463802,4.501821346101132,4.322431800130749,8.79038771103798,1.484,1.484,54.9,1.8,1.8,66.6,1.621,1.621,60.0,6.089,6.089,225.4,arima
2018-07-16,MOQUEGUA,4.322431800130751,4.65526577990056,4.682164977930898,4.322431800130749,9.339786942977852,0.333,0.333,7.7,0.36,0.36,8.3,-0.0,0.0,0.0,5.017,5.017,116.1,naive
2018-07-23,MOQUEGUA,6.483647700196127,4.537636399109943,4.769683530650391,4.322431800130749,7.69158924715823,-1.946,1.946,30.0,-1.714,1.714,26.4,-2.161,2.161,33.3,1.208,1.208,18.6,seasonal_naive
2018-07-30,MOQUEGUA,7.023951675212473,7.286860275345182,7.012761167030815,6.4836477001961255,7.69158924715823,0.263,0.263,3.7,-0.011,0.011,0.2,-0.54,0.54,7.7,0.668,0.668,9.5,holt_winters
2018-08-06,MOQUEGUA,5.4030397501634395,5.9106423218909,7.059591269080805,6.4836477001961255,6.043391551338609,0.508,0.508,9.4,1.657,1.657,30.7,1.081,1.081,20.0,0.64,0.64,11.8,arima
2018-08-13,MOQUEGUA,4.862735775147095,5.1481939237378125,6.308049469927828,6.4836477001961255,4.944593087458862,0.285,0.285,5.9,1.445,1.445,29.7,1.621,1.621,33.3,0.082,0.082,1.7,seasonal_naive
2018-08-20,MOQUEGUA,5.4030397501634395,5.021796712116921,4.727966222385671,6.4836477001961255,2.1975969277594927,-0.381,0.381,7.1,-0.675,0.675,12.5,1.081,1.081,20.0,-3.205,3.205,59.3,arima
2018-08-27,MOQUEGUA,5.9433437251797825,6.083212344718427,4.951958481678622,5.4030397501634395,3.8457946235791134,0.14,0.14,2.4,-0.991,0.991,16.7,-0.54,0.54,9.1,-2.098,2.098,35.3,arima
2018-09-03,MOQUEGUA,5.4030397501634395,6.215620363002622,5.445595991452614,5.4030397501634395,4.94459308745886,0.813,0.813,15.0,0.043,0.043,0.8,0.0,0.0,0.0,-0.458,0.458,8.5,naive
2018-09-10,MOQUEGUA,3.782127825114406,5.910792714278342,6.436012146952265,5.4030397501634395,5.493992319398734,2.129,2.129,56.3,2.654,2.654,70.2,1.621,1.621,42.9,1.712,1.712,45.3,naive
2018-09-17,MOQUEGUA,4.32243180013075,5.665003075001894,5.5223424959511,5.4030397501634395,2.746996159699366,1.343,1.343,31.1,1.2,1.2,27.8,1.081,1.081,25.0,-1.575,1.575,36.4,naive
2018-09-24,MOQUEGUA,2.701519875081718,4.573433504333762,3.8967328252629647,4.322431800130749,1.6481976958196185,1.872,1.872,69.3,1.195,1.195,44.2,1.621,1.621,60.0,-1.053,1.053,39.0,seasonal_naive
2018-10-01,MOQUEGUA,2.701519875081718,5.267005502614835,2.942785470074419,4.322431800130749,2.746996159699366,2.565,2.565,94.9,0.241,0.241,8.9,1.621,1.621,60.0,0.045,0.045,1.7,seasonal_naive
2018-10-08,MOQUEGUA,1.6209119250490296,4.841311759797436,3.3339782614213025,4.322431800130749,4.395193855518988,3.22,3.22,198.7,1.713,1.713,105.7,2.702,2.702,166.7,2.774,2.774,171.1,holt_winters
2018-10-15,MOQUEGUA,3.241823850098062,4.7914672478993765,3.712343084305851,4.322431800130749,5.493992319398734,1.55,1.55,47.8,0.471,0.471,14.5,1.081,1.081,33.3,2.252,2.252,69.5,holt_winters
2018-10-22,MOQUEGUA,4.862735775147095,3.074606519358425,3.813588808143612,3.2418238500980614,6.043391551338609,-1.788,1.788,36.8,-1.049,1.049,21.6,-1.621,1.621,33.3,1.181,1.181,24.3,holt_winters
2018-10-29,MOQUEGUA,5.4030397501634395,3.7577068069771764,4.027664805190589,3.2418238500980614,4.944593087458862,-1.645,1.645,30.4,-1.375,1.375,25.4,-2.161,2.161,40.0,-0.458,0.458,8.5,seasonal_naive
2018-11-05,MOQUEGUA,5.4030397501634395,2.740583342358539,3.9407802492021275,3.2418238500980614,6.043391551338609,-2.662,2.662,49.3,-1.462,1.462,27.1,-2.161,2.161,40.0,0.64,0.64,11.8,seasonal_naive
2018-11-12,MOQUEGUA,4.32243180013075,3.0074956685091054,4.0388229150430766,3.2418238500980614,4.395193855518988,-1.315,1.315,30.4,-0.284,0.284,6.6,-1.081,1.081,25.0,0.073,0.073,1.7,seasonal_naive
2018-11-19,MOQUEGUA,3.241823850098062,4.227768198133631,4.258645086727529,4.322431800130749,5.4939923193987354,0.986,0.986,30.4,1.017,1.017,31.4,1.081,1.081,33.3,2.252,2.252,69.5,arima
2018-11-26,MOQUEGUA,2.1612159000653737,4.255061457878061,3.4755033281813628,4.322431800130749,3.2963953916392406,2.094,2.094,96.9,1.314,1.314,60.8,2.161,2.161,100.0,1.135,1.135,52.5,seasonal_naive
2018-12-03,MOQUEGUA,2.1612159000653737,4.675646085714388,2.186836895914712,4.322431800130749,3.8457946235791134,2.514,2.514,116.3,0.026,0.026,1.2,2.161,2.161,100.0,1.685,1.685,78.0,holt_winters
2018-12-10,MOQUEGUA,2.701519875081718,4.631754915914543,2.3838340365091852,4.322431800130749,2.197596927759492,1.93,1.93,71.4,-0.318,0.318,11.8,1.621,1.621,60.0,-0.504,0.504,18.7,holt_winters
2018-12-17,MOQUEGUA,4.32243180013075,3.124882568085365,2.981377896180863,2.7015198750817184,2.746996159699366,-1.198,1.198,27.7,-1.341,1.341,31.0,-1.621,1.621,37.5,-1.575,1.575,36.4,arima
2018-12-24,MOQUEGUA,5.4030397501634395,3.037201345813064,3.5418171769433693,2.7015198750817184,2.1975969277594927,-2.366,2.366,43.8,-1.861,1.861,34.4,-2.702,2.702,50.0,-3.205,3.205,59.3,holt_winters
2018-12-31,MOQUEGUA,4.32243180013075,2.7907319907124046,3.6527009446432652,2.7015198750817184,3.8185088528085256,-1.532,1.532,35.4,-0.67,0.67,15.5,-1.621,1.621,37.5,-0.504,0.504,11.7,seasonal_naive
2019-01-07,MOQUEGUA,2.6927208563490908,2.6660010333250965,3.8537432005194567,2.7015198750817184,3.800318338961466,-0.027,0.027,1.0,1.161,1.161,43.1,0.009,0.009,0.3,1.108,1.108,41.1,naive
2019-01-14,MOQUEGUA,0.5315049562837143,2.497240618254085,2.719750832580118,2.6927208563490903,4.322431800130749,1.966,1.966,369.9,2.188,2.188,411.7,2.161,2.161,406.6,3.791,3.791,713.3,arima
2019-01-21,MOQUEGUA,2.126019825134866,2.839948558906774,2.1274855044033747,2.6927208563490903,3.782127825114406,0.714,0.714,33.6,0.001,0.001,0.0,0.567,0.567,26.7,1.656,1.656,77.9,holt_winters
2019-01-28,MOQUEGUA,1.5945148688511488,3.430021397871333,1.9880456448350352,2.6927208563490903,3.782127825114406,1.836,1.836,115.1,0.394,0.394,24.7,1.098,1.098,68.9,2.188,2.188,137.2,holt_winters
2019-02-04,MOQUEGUA,3.7205346939860178,3.4228353240568508,2.059502977519074,2.6927208563490903,3.782127825114406,-0.298,0.298,8.0,-1.661,1.661,44.6,-1.028,1.028,27.6,0.062,0.062,1.7,seasonal_naive
2019-02-11,MOQUEGUA,2.6575247814185836,2.2160317223193284,4.144565202043294,3.7205346939860178,3.782127825114406,-0.441,0.441,16.6,1.487,1.487,56.0,1.063,1.063,40.0,1.125,1.125,42.3,arima
2019-02-18,MOQUEGUA,3.7205346939860178,2.7085561027289526,3.4123579363195313,3.7205346939860178,3.2418238500980614,-1.012,1.012,27.2,-0.308,0.308,8.3,0.0,0.0,0.0,-0.479,0.479,12.9,naive
2019-02-25,MOQUEGUA,4.252039650269736,1.7639143363839214,3.1523917389240923,3.7205346939860178,2.7015198750817184,-2.488,2.488,58.5,-1.1,1.1,25.9,-0.532,0.532,12.5,-1.551,1.551,36.5,naive
2019-03-04,MOQUEGUA,4.783544606553453,2.430805671598251,2.713982288871948,3.7205346939860178,2.7015198750817184,-2.353,2.353,49.2,-2.07,2.07,43.3,-1.063,1.063,22.2,-2.082,2.082,43.5,naive
2019-03-11,MOQUEGUA,5.846554519120887,4.098750365260736,5.760886742446666,4.783544606553452,3.241823850098065,-1.748,1.748,29.9,-0.086,0.086,1.5,-1.063,1.063,18.2,-2.605,2.605,44.6,holt_winters
2019-03-18,MOQUEGUA,5.31504956283717,3.9493436039368595,6.57015000780243,4.783544606553452,2.7015198750817184,-1.366,1.366,25.7,1.255,1.255,23.6,-0.532,0.532,10.0,-2.614,2.614,49.2,naive
2019-03-25,MOQUEGUA,4.252039650269736,3.7435384701606775,7.286614996446147,4.783544606553452,3.782127825114406,-0.509,0.509,12.0,3.035,3.035,71.4,0.532,0.532,12.5,-0.47,0.47,11.1,seasonal_naive
2019-04-01,MOQUEGUA,3.1890297377023007,4.034837484731032,7.9168429322535925,4.783544606553452,4.862735775147095,0.846,0.846,26.5,4.728,4.728,148.3,1.595,1.595,50.0,1.674,1.674,52.5,arima
2019-04-08,MOQUEGUA,2.126019825134866,3.3560259360695817,3.605999873934385,3.1890297377023007,4.862735775147095,1.23,1.23,57.9,1.48,1.48,69.6,1.063,1.063,50.0,2.737,2.737,128.7,naive
2019-04-15,MOQUEGUA,2.126019825134866,3.6710906209284966,4.035080563517474,3.1890297377023007,3.782127825114406,1.545,1.545,72.7,1.909,1.909,89.8,1.063,1.063,50.0,1.656,1.656,77.9,naive
2019-04-22,MOQUEGUA,1.5945148688511488,4.123154442202014,3.8204183234970683,3.1890297377023007,2.7015198750817184,2.529,2.529,158.6,2.226,2.226,139.6,1.595,1.595,100.0,1.107,1.107,69.4,seasonal_naive
2019-04-29,MOQUEGUA,1.0630099125674317,3.994371962390428,4.1950984306609165,3.1890297377023007,3.782127825114406,2.931,2.931,275.7,3.132,3.132,294.6,2.126,2.126,200.0,2.719,2.719,255.8,naive
2019-05-06,MOQUEGUA,2.6575247814185836,1.0151972559229763,0.6361527514292873,1.063009912567432,3.2418238500980614,-1.642,1.642,61.8,-2.021,2.021,76.0,-1.595,1.595,60.0,0.584,0.584,22.0,seasonal_naive
2019-05-13,MOQUEGUA,5.31504956283717,1.1681777392426653,0.6620970875118088,1.063009912567432,3.2418238500980614,-4.147,4.147,78.0,-4.653,4.653,87.5,-4.252,4.252,80.0,-2.073,2.073,39.0,seasonal_naive
2019-05-20,MOQUEGUA,7.441069387972039,1.368304051630489,0.5685015283076149,1.063009912567432,2.7015198750817184,-6.073,6.073,81.6,-6.873,6.873,92.4,-6.378,6.378,85.7,-4.74,4.74,63.7,seasonal_naive
2019-05-27,MOQUEGUA,8.504079300539473,1.3734449912282205,0.9207173119953325,1.063009912567432,3.782127825114406,-7.131,7.131,83.9,-7.583,7.583,89.2,-7.441,7.441,87.5,-4.722,4.722,55.5,seasonal_naive
2019-06-03,MOQUEGUA,6.909564431688321,6.883393526689456,8.348855715889073,8.504079300539473,4.862735775147095,-0.026,0.026,0.4,1.439,1.439,20.8,1.595,1.595,23.1,-2.047,2.047,29.6,arima
2019-06-10,MOQUEGUA,7.441069387972039,6.1310746240644916,8.348855715889073,8.504079300539473,4.862735775147095,-1.31,1.31,17.6,0.908,0.908,12.2,1.063,1.063,14.3,-2.578,2.578,34.6,holt_winters
2019-06-17,MOQUEGUA,7.441069387972039,5.799261204590651,8.348855715889073,8.504079300539473,5.4030397501634395,-1.642,1.642,22.1,0.908,0.908,12.2,1.063,1.063,14.3,-2.038,2.038,27.4,holt_winters
2019-06-24,MOQUEGUA,7.441069387972039,6.352581294549766,8.348855715889073,8.504079300539473,4.322431800130749,-1.088,1.088,14.6,0.908,0.908,12.2,1.063,1.063,14.3,-3.119,3.119,41.9,holt_winters
2019-07-01,MOQUEGUA,8.504079300539473,7.128472232768592,6.79151365391762,7.441069387972037,3.782127825114406,-1.376,1.376,16.2,-1.713,1.713,20.1,-1.063,1.063,12.5,-4.722,4.722,55.5,naive
2019-07-08,MOQUEGUA,9.03558425682319,7.155727898152154,6.667352605187594,7.441069387972037,2.7015198750817184,-1.88,1.88,20.8,-2.368,2.368,26.2,-1.595,1.595,17.7,-6.334,6.334,70.1,naive
2019-07-15,MOQUEGUA,9.03558425682319,7.142484057852059,7.443738270526254,7.441069387972037,4.322431800130751,-1.893,1.893,21.0,-1.592,1.592,17.6,-1.595,1.595,17.7,-4.713,4.713,52.2,holt_winters
2019-07-22,MOQUEGUA,7.441069387972039,7.2737311320386375,8.348855715889073,7.441069387972037,6.4836477001961255,-0.167,0.167,2.2,0.908,0.908,12.2,-0.0,0.0,0.0,-0.957,0.957,12.9,naive
2019-07-29,MOQUEGUA,5.31504956283717,7.283357632622069,7.052168840747457,7.441069387972037,7.023951675212471,1.968,1.968,37.0,1.737,1.737,32.7,2.126,2.126,40.0,1.709,1.709,32.2,seasonal_naive
2019-08-05,MOQUEGUA,5.31504956283717,7.266717623585059,6.837505125766839,7.441069387972037,5.4030397501634395,1.952,1.952,36.7,1.522,1.522,28.6,2.126,2.126,40.0,0.088,0.088,1.7,seasonal_naive
2019-08-12,MOQUEGUA,8.504079300539475,7.869207026031514,6.060129978205839,7.441069387972037,4.862735775147095,-0.635,0.635,7.5,-2.444,2.444,28.7,-1.063,1.063,12.5,-3.641,3.641,42.8,arima
2019-08-19,MOQUEGUA,11.69310903824178,7.861981979082223,5.038858824004926,7.441069387972037,5.4030397501634395,-3.831,3.831,32.8,-6.654,6.654,56.9,-4.252,4.252,36.4,-6.29,6.29,53.8,arima
2019-08-26,MOQUEGUA,12.224613994525496,9.035584256823192,9.035584256823192,11.69310903824178,5.9433437251797825,-3.189,3.189,26.1,-3.189,3.189,26.1,-0.532,0.532,4.4,-6.281,6.281,51.4,naive
2019-09-02,MOQUEGUA,9.035584256823192,9.035584256823192,9.035584256823192,11.69310903824178,5.4030397501634395,0.0,0.0,0.0,0.0,0.0,0.0,2.658,2.658,29.4,-3.633,3.633,40.2,arima
2019-09-09,MOQUEGUA,6.909564431688323,8.732335713800573,9.035584256823192,11.69310903824178,3.782127825114406,1.823,1.823,26.4,2.126,2.126,30.8,4.784,4.784,69.2,-3.127,3.127,45.3,arima
2019-09-16,MOQUEGUA,5.846554519120887,8.837438566366588,9.035584256823192,11.69310903824178,4.322431800130749,2.991,2.991,51.2,3.189,3.189,54.5,5.847,5.847,100.0,-1.524,1.524,26.1,seasonal_naive
2019-09-23,MOQUEGUA,4.783544606553454,6.638698804563845,4.8825304031076175,5.846554519120886,2.7015198750817184,1.855,1.855,38.8,0.099,0.099,2.1,1.063,1.063,22.2,-2.082,2.082,43.5,holt_winters
2019-09-30,MOQUEGUA,4.783544606553453,7.336277684004141,4.197106289462093,5.846554519120886,2.7015198750817184,2.553,2.553,53.4,-0.586,0.586,12.3,1.063,1.063,22.2,-2.082,2.082,43.5,holt_winters
2019-10-07,MOQUEGUA,5.315049562837171,7.8146313125558535,4.362834687049742,5.846554519120886,1.6209119250490294,2.5,2.5,47.0,-0.952,0.952,17.9,0.532,0.532,10.0,-3.694,3.694,69.5,naive
2019-10-14,MOQUEGUA,6.378059475404605,7.397879792582424,4.734087637343881,5.846554519120886,3.2418238500980614,1.02,1.02,16.0,-1.644,1.644,25.8,-0.532,0.532,8.3,-3.136,3.136,49.2,naive
2019-10-21,MOQUEGUA,6.378059475404605,6.502716714952144,8.361474142368106,6.378059475404606,4.862735775147095,0.125,0.125,2.0,1.983,1.983,31.1,0.0,0.0,0.0,-1.515,1.515,23.8,naive
2019-10-28,MOQUEGUA,6.909564431688323,6.4336717191670605,8.823542346383581,6.378059475404606,5.4030397501634395,-0.476,0.476,6.9,1.914,1.914,27.7,-0.532,0.532,7.7,-1.507,1.507,21.8,arima
2019-11-04,MOQUEGUA,4.252039650269737,6.426794895299213,9.16030735814661,6.378059475404606,5.4030397501634395,2.175,2.175,51.2,4.908,4.908,115.4,2.126,2.126,50.0,1.151,1.151,27.1,seasonal_naive
2019-11-11,MOQUEGUA,4.783544606553453,6.460773760119417,9.16030735814661,6.378059475404606,4.322431800130749,1.677,1.677,35.1,4.377,4.377,91.5,1.595,1.595,33.3,-0.461,0.461,9.6,seasonal_naive
2019-11-18,MOQUEGUA,4.252039650269736,4.554249940454084,4.428082128637818,4.783544606553452,3.2418238500980614,0.302,0.302,7.1,0.176,0.176,4.1,0.532,0.532,12.5,-1.01,1.01,23.8,holt_winters
2019-11-25,MOQUEGUA,6.909564431688323,5.638189592425664,3.3689982605034903,4.783544606553452,2.1612159000653737,-1.271,1.271,18.4,-3.541,3.541,51.2,-2.126,2.126,30.8,-4.748,4.748,68.7,arima
2019-12-02,MOQUEGUA,5.846554519120889,5.293874073698163,2.3015144432960213,4.783544606553452,2.1612159000653737,-0.553,0.553,9.5,-3.545,3.545,60.6,-1.063,1.063,18.2,-3.685,3.685,63.0,arima
2019-12-09,MOQUEGUA,6.378059475404605,5.466254061392955,2.3968596085471527,4.783544606553452,2.7015198750817184,-0.912,0.912,14.3,-3.981,3.981,62.4,-1.595,1.595,25.0,-3.677,3.677,57.7,arima
2019-12-16,MOQUEGUA,5.846554519120889,5.156393242738646,7.902384431893568,6.378059475404606,4.322431800130749,-0.69,0.69,11.8,2.056,2.056,35.2,0.532,0.532,9.1,-1.524,1.524,26.1,naive
2019-12-23,MOQUEGUA,6.909564431688323,5.634525546580726,8.76680300865578,6.378059475404606,5.4030397501634395,-1.275,1.275,18.5,1.857,1.857,26.9,-0.532,0.532,7.7,-1.507,1.507,21.8,naive
2019-12-30,MOQUEGUA,5.31504956283717,5.358357174967578,8.378409458569593,6.378059475404606,4.322431800130749,0.043,0.043,0.8,3.063,3.063,57.6,1.063,1.063,20.0,-0.993,0.993,18.7,arima
2020-01-06,MOQUEGUA,4.757993541707343,5.901304331626358,7.668406790656364,6.378059475404606,2.6927208563490903,1.143,1.143,24.0,2.91,2.91,61.2,1.62,1.62,34.0,-2.065,2.065,43.4,arima
2020-01-13,MOQUEGUA,3.6694325642937984,4.344049732924743,3.557281932686778,4.757993541707343,0.5315049562837144,0.675,0.675,18.4,-0.112,0.112,3.1,1.089,1.089,29.7,-3.138,3.138,85.5,holt_winters
2020-01-20,MOQUEGUA,3.137927608010081,4.8766009078592,3.8079443828652826,4.757993541707343,2.126019825134866,1.739,1.739,55.4,0.67,0.67,21.4,1.62,1.62,51.6,-1.012,1.012,32.3,holt_winters
2020-01-27,MOQUEGUA,3.6609155426784277,5.04910223306163,3.5559046295694845,4.757993541707343,1.5945148688511486,1.388,1.388,37.9,-0.105,0.105,2.9,1.097,1.097,30.0,-2.066,2.066,56.4,holt_winters
2020-02-03,MOQUEGUA,4.183903477346775,5.246743216873676,4.377945199298249,4.757993541707343,3.7205346939860178,1.063,1.063,25.4,0.194,0.194,4.6,0.574,0.574,13.7,-0.463,0.463,11.1,holt_winters
2020-02-10,MOQUEGUA,5.229879346683469,4.4856191563454795,4.754846163346773,4.183903477346775,2.657524781418583,-0.744,0.744,14.2,-0.475,0.475,9.1,-1.046,1.046,20.0,-2.572,2.572,49.2,holt_winters
2020-02-17,MOQUEGUA,5.22987934668347,4.231920998795432,4.052683284582288,4.183903477346775,3.7205346939860178,-0.998,0.998,19.1,-1.177,1.177,22.5,-1.046,1.046,20.0,-1.509,1.509,28.9,arima
2020-02-24,MOQUEGUA,3.137927608010081,4.017323877781583,3.761513309785859,4.183903477346775,4.252039650269735,0.879,0.879,28.0,0.624,0.624,19.9,1.046,1.046,33.3,1.114,1.114,35.5,holt_winters
2020-03-02,MOQUEGUA,4.706891412015122,3.890053793562389,3.4364032728271328,4.183903477346775,4.783544606553452,-0.817,0.817,17.4,-1.27,1.27,27.0,-0.523,0.523,11.1,0.077,0.077,1.6,seasonal_naive
2020-03-09,MOQUEGUA,2.6149396733417336,4.669843311469075,6.025545147414667,4.706891412015122,5.846554519120886,2.055,2.055,78.6,3.411,3.411,130.4,2.092,2.092,80.0,3.232,3.232,123.6,arima
2020-03-16,MOQUEGUA,5.229879346683469,5.876581198218671,6.694542373791188,4.706891412015122,5.31504956283717,0.647,0.647,12.4,1.465,1.465,28.0,-0.523,0.523,10.0,0.085,0.085,1.6,seasonal_naive
2020-03-23,MOQUEGUA,2.6149396733417336,4.9498555052138595,6.248587276030557,4.706891412015122,4.252039650269735,2.335,2.335,89.3,3.634,3.634,139.0,2.092,2.092,80.0,1.637,1.637,62.6,seasonal_naive
2020-03-30,MOQUEGUA,3.137927608010081,5.059936950722056,7.183327669420885,4.706891412015122,3.1890297377023007,1.922,1.922,61.3,4.045,4.045,128.9,1.569,1.569,50.0,0.051,0.051,1.6,seasonal_naive
2020-04-06,MOQUEGUA,1.045975869336692,2.1181036016475803,2.955920572626038,3.137927608010081,2.126019825134866,1.072,1.072,102.5,1.91,1.91,182.6,2.092,2.092,200.0,1.08,1.08,103.3,arima
2020-04-13,MOQUEGUA,1.045975869336692,3.0294235024191654,3.4178721517125927,3.137927608010081,2.126019825134866,1.983,1.983,189.6,2.372,2.372,226.8,2.092,2.092,200.0,1.08,1.08,103.3,seasonal_naive
2020-04-20,MOQUEGUA,1.5689638040050393,2.7060936899103782,2.99457215838177,3.137927608010081,1.5945148688511486,1.137,1.137,72.5,1.426,1.426,90.9,1.569,1.569,100.0,0.026,0.026,1.7,seasonal_naive
2020-04-27,MOQUEGUA,1.045975869336692,3.2824967099343123,2.7191136493037726,3.137927608010081,1.063009912567432,2.237,2.237,213.9,1.673,1.673,159.9,2.092,2.092,200.0,0.017,0.017,1.6,seasonal_naive
2020-05-04,MOQUEGUA,2.091951738673386,1.078788478609228,0.9020194010013707,1.0459758693366923,2.657524781418583,-1.013,1.013,48.4,-1.19,1.19,56.9,-1.046,1.046,50.0,0.566,0.566,27.1,seasonal_naive
2020-05-11,MOQUEGUA,2.0919517386733864,0.611702026890067,1.121664257630424,1.0459758693366923,5.31504956283717,-1.48,1.48,70.7,-0.97,0.97,46.4,-1.046,1.046,50.0,3.223,3.223,154.1,holt_winters
2020-05-18,MOQUEGUA,2.6149396733417336,0.9307017482746986,1.3752142825235065,1.0459758693366923,7.441069387972037,-1.684,1.684,64.4,-1.24,1.24,47.4,-1.569,1.569,60.0,4.826,4.826,184.6,holt_winters
2020-05-25,MOQUEGUA,1.5689638040050393,0.8505744654083394,1.7921675558752463,1.0459758693366923,8.504079300539473,-0.718,0.718,45.8,0.223,0.223,14.2,-0.523,0.523,33.3,6.935,6.935,442.0,holt_winters
2020-06-01,MOQUEGUA,1.5689638040050393,1.2649536849893397,1.7263960641668588,1.568963804005039,6.909564431688321,-0.304,0.304,19.4,0.157,0.157,10.0,-0.0,0.0,0.0,5.341,5.341,340.4,naive
2020-06-08,MOQUEGUA,2.091951738673387,1.3889540175612898,1.8854453849638846,1.568963804005039,7.441069387972037,-0.703,0.703,33.6,-0.207,0.207,9.9,-0.523,0.523,25.0,5.349,5.349,255.7,holt_winters
2020-06-15,MOQUEGUA,2.6149396733417336,1.3938989471956944,2.1637978701076923,1.568963804005039,7.441069387972037,-1.221,1.221,46.7,-0.451,0.451,17.2,-1.046,1.046,40.0,4.826,4.826,184.6,holt_winters
2020-06-22,MOQUEGUA,2.0919517386733864,1.3469075271080597,2.2913426627258073,1.568963804005039,7.441069387972037,-0.745,0.745,35.6,0.199,0.199,9.5,-0.523,0.523,25.0,5.349,5.349,255.7,holt_winters
2020-06-29,MOQUEGUA,2.6149396733417336,2.1014987294917145,1.8924143976527477,2.091951738673386,8.504079300539473,-0.513,0.513,19.6,-0.723,0.723,27.6,-0.523,0.523,20.0,5.889,5.889,225.2,arima
2020-07-06,MOQUEGUA,3.6609155426784277,1.8982809090340331,2.1234054283854364,2.091951738673386,9.035584256823192,-1.763,1.763,48.2,-1.538,1.538,42.0,-1.569,1.569,42.9,5.375,5.375,146.8,holt_winters
2020-07-13,MOQUEGUA,5.229879346683469,2.0497645614932294,2.54221031427624,2.091951738673386,9.035584256823192,-3.18,3.18,60.8,-2.688,2.688,51.4,-3.138,3.138,60.0,3.806,3.806,72.8,holt_winters
2020-07-20,MOQUEGUA,11.40180513658173,2.0020760034918266,2.6825553200391576,2.091951738673386,7.441069387972037,-9.4,9.4,82.4,-8.719,8.719,76.5,-9.31,9.31,81.7,-3.961,3.961,34.7,seasonal_naive
2020-07-27,MOQUEGUA,12.447781005918424,10.185214402355493,9.569403229157217,11.40180513658173,5.31504956283717,-2.263,2.263,18.2,-2.878,2.878,23.1,-1.046,1.046,8.4,-7.133,7.133,57.3,naive
2020-08-03,MOQUEGUA,17.6776603526019,10.185214402355493,8.824594721321267,11.40180513658173,5.31504956283717,-7.492,7.492,42.4,-8.853,8.853,50.1,-6.276,6.276,35.5,-12.363,12.363,69.9,naive
2020-08-10,MOQUEGUA,17.6776603526019,10.185214402355493,8.34688224780357,11.40180513658173,8.504079300539473,-7.492,7.492,42.4,-9.331,9.331,52.8,-6.276,6.276,35.5,-9.174,9.174,51.9,naive
2020-08-17,MOQUEGUA,21.33857589528033,10.185214402355493,8.293276163595495,11.40180513658173,11.69310903824178,-11.153,11.153,52.3,-13.045,13.045,61.1,-9.937,9.937,46.6,-9.645,9.645,45.2,seasonal_naive
2020-08-24,MOQUEGUA,16.108696548596857,14.592031538058782,14.592031538058782,21.338575895280325,12.224613994525496,-1.517,1.517,9.4,-1.517,1.517,9.4,5.23,5.23,32.5,-3.884,3.884,24.1,arima
2020-08-31,MOQUEGUA,13.07469836670868,14.592031538058782,14.592031538058782,21.338575895280325,9.035584256823192,1.517,1.517,11.6,1.517,1.517,11.6,8.264,8.264,63.2,-4.039,4.039,30.9,arima
2020-09-07,MOQUEGUA,9.413782824030248,14.592031538058782,14.592031538058782,21.338575895280325,6.909564431688325,5.178,5.178,55.0,5.178,5.178,55.0,11.925,11.925,126.7,-2.504,2.504,26.6,seasonal_naive
2020-09-14,MOQUEGUA,9.413782824030248,14.592031538058782,14.592031538058782,21.338575895280325,5.846554519120886,5.178,5.178,55.0,5.178,5.178,55.0,11.925,11.925,126.7,-3.567,3.567,37.9,seasonal_naive
2020-09-21,MOQUEGUA,10.982746628035288,8.492794378175528,6.835986703608422,9.413782824030248,4.783544606553454,-2.49,2.49,22.7,-4.147,4.147,37.8,-1.569,1.569,14.3,-6.199,6.199,56.4,naive
2020-09-28,MOQUEGUA,10.459758693366942,8.888936775848187,6.687798936648787,9.413782824030248,4.783544606553452,-1.571,1.571,15.0,-3.772,3.772,36.1,-1.046,1.046,10.0,-5.676,5.676,54.3,naive
2020-10-05,MOQUEGUA,11.505734562703637,8.918925519294286,6.103873553884828,9.413782824030248,5.315049562837172,-2.587,2.587,22.5,-5.402,5.402,47.0,-2.092,2.092,18.2,-6.191,6.191,53.8,naive
2020-10-12,MOQUEGUA,6.275855216020164,8.751706158795338,6.952554427131302,9.413782824030248,6.378059475404606,2.476,2.476,39.5,0.677,0.677,10.8,3.138,3.138,50.0,0.102,0.102,1.6,seasonal_naive
2020-10-19,MOQUEGUA,4.706891412015122,6.3957374385696015,8.999950536611815,6.2758552160201635,6.378059475404606,1.689,1.689,35.9,4.293,4.293,91.2,1.569,1.569,33.3,1.671,1.671,35.5,naive
2020-10-26,MOQUEGUA,2.0919517386733864,5.296979417093189,9.968554730488439,6.2758552160201635,6.909564431688325,3.205,3.205,153.2,7.877,7.877,376.5,4.184,4.184,200.0,4.818,4.818,230.3,arima
2020-11-02,MOQUEGUA,2.0919517386733864,6.059548942618403,9.530126166238155,6.2758552160201635,4.252039650269737,3.968,3.968,189.7,7.438,7.438,355.6,4.184,4.184,200.0,2.16,2.16,103.3,seasonal_naive
2020-11-09,MOQUEGUA,2.0919517386733864,5.860088739803682,8.667489276821815,6.2758552160201635,4.783544606553452,3.768,3.768,180.1,6.576,6.576,314.3,4.184,4.184,200.0,2.692,2.692,128.7,seasonal_naive
2020-11-16,MOQUEGUA,3.137927608010081,2.4607590196033806,1.950849140140269,2.091951738673386,4.252039650269735,-0.677,0.677,21.6,-1.187,1.187,37.8,-1.046,1.046,33.3,1.114,1.114,35.5,arima
2020-11-23,MOQUEGUA,3.6609155426784277,2.400508317299055,1.7566829836634201,2.091951738673386,6.909564431688325,-1.26,1.26,34.4,-1.904,1.904,52.0,-1.569,1.569,42.9,3.249,3.249,88.7,arima
2020-11-30,MOQUEGUA,4.706891412015125,2.3115186286444405,1.5310712865208727,2.091951738673386,5.84655451912089,-2.395,2.395,50.9,-3.176,3.176,67.5,-2.615,2.615,55.6,1.14,1.14,24.2,seasonal_naive
2020-12-07,MOQUEGUA,4.183903477346775,2.3974702836256108,1.4666975467408934,2.091951738673386,6.378059475404606,-1.786,1.786,42.7,-2.717,2.717,64.9,-2.092,2.092,50.0,2.194,2.194,52.4,arima
2020-12-14,MOQUEGUA,3.137927608010081,4.206453361017293,5.437619183666035,4.183903477346775,5.84655451912089,1.069,1.069,34.1,2.3,2.3,73.3,1.046,1.046,33.3,2.709,2.709,86.3,naive
2020-12-21,MOQUEGUA,3.6609155426784277,3.820399506185826,6.269286288113729,4.183903477346775,6.909564431688325,0.159,0.159,4.3,2.608,2.608,71.2,0.523,0.523,14.3,3.249,3.249,88.7,arima
2020-12-28,MOQUEGUA,6.798843150688512,4.097144234714788,5.691823113992979,4.183903477346775,5.31504956283717,-2.702,2.702,39.7,-1.107,1.107,16.3,-2.615,2.615,38.5,-1.484,1.484,21.8,holt_winters
2021-01-04,MOQUEGUA,13.996948728757394,4.0239613322442,4.727392469742672,4.183903477346775,4.757993541707343,-9.973,9.973,71.3,-9.27,9.27,66.2,-9.813,9.813,70.1,-9.239,9.239,66.0,seasonal_naive
2021-01-11,MOQUEGUA,19.64588658398731,16.29688485322385,9.83803472350942,13.996948728757395,3.669432564293798,-3.349,3.349,17.0,-9.808,9.808,49.9,-5.649,5.649,28.8,-15.976,15.976,81.3,arima
2021-01-18,MOQUEGUA,23.202872700543836,16.626445992994654,10.58151678311499,13.996948728757395,3.137927608010081,-6.576,6.576,28.3,-12.621,12.621,54.4,-9.206,9.206,39.7,-20.065,20.065,86.5,arima
2021-01-25,MOQUEGUA,21.143914430480574,15.555864047203706,10.466043140896351,13.996948728757395,3.6609155426784277,-5.588,5.588,26.4,-10.678,10.678,50.5,-7.147,7.147,33.8,-17.483,17.483,82.7,arima
2021-02-01,MOQUEGUA,20.609378781798686,16.220641648986227,11.903598016994492,13.996948728757395,4.183903477346775,-4.389,4.389,21.3,-8.706,8.706,42.2,-6.612,6.612,32.1,-16.425,16.425,79.7,arima
2021-02-08,MOQUEGUA,16.47166616050609,19.26314870221291,20.808526875563363,20.609378781798686,5.229879346683469,2.791,2.791,16.9,4.337,4.337,26.3,4.138,4.138,25.1,-11.242,11.242,68.3,arima
2021-02-15,MOQUEGUA,11.83901005286375,20.071526040505553,20.10082530287203,20.609378781798686,5.229879346683471,8.233,8.233,69.5,8.262,8.262,69.8,8.77,8.77,74.1,-6.609,6.609,55.8,seasonal_naive
2021-02-22,MOQUEGUA,7.206353945221413,19.941908896013476,17.124121674847576,20.609378781798686,3.137927608010081,12.736,12.736,176.7,9.918,9.918,137.6,13.403,13.403,186.0,-4.068,4.068,56.5,seasonal_naive
2021-03-01,MOQUEGUA,10.80953091783212,19.750803732172077,15.757839489055137,20.609378781798686,4.706891412015122,8.941,8.941,82.7,4.948,4.948,45.8,9.8,9.8,90.7,-6.103,6.103,56.5,holt_winters
2021-03-08,MOQUEGUA,9.78005178280049,12.045779594592757,9.384631299359981,10.809530917832118,2.614939673341734,2.266,2.266,23.2,-0.395,0.395,4.0,1.029,1.029,10.5,-7.165,7.165,73.3,holt_winters
2021-03-15,MOQUEGUA,7.7210935127372275,15.72946475657638,11.038391274758686,10.809530917832118,5.229879346683469,8.008,8.008,103.7,3.317,3.317,43.0,3.088,3.088,40.0,-2.491,2.491,32.3,seasonal_naive
2021-03-22,MOQUEGUA,1.0294791350316286,12.593722389935555,9.621575469446876,10.809530917832118,2.614939673341734,11.564,11.564,1123.3,8.592,8.592,834.6,9.78,9.78,950.0,1.585,1.585,154.0,seasonal_naive
2021-03-29,MOQUEGUA,2.0589582700632594,13.582779581042468,10.725411099581674,10.809530917832118,3.137927608010081,11.524,11.524,559.7,8.666,8.666,420.9,8.751,8.751,425.0,1.079,1.079,52.4,seasonal_naive
2021-04-05,MOQUEGUA,6.691614377705598,1.709385815763607,1.4492208421631676,2.058958270063259,1.0459758693366923,-4.982,4.982,74.5,-5.242,5.242,78.3,-4.633,4.633,69.2,-5.646,5.646,84.4,naive
2021-04-12,MOQUEGUA,13.917764404093086,3.6231626754952293,1.6462585356086987,2.058958270063259,1.0459758693366923,-10.295,10.295,74.0,-12.272,12.272,88.2,-11.859,11.859,85.2,-12.872,12.872,92.5,arima
2021-04-19,MOQUEGUA,18.03568094421961,2.245331945414704,1.450536244493152,2.058958270063259,1.568963804005039,-15.79,15.79,87.5,-16.585,16.585,92.0,-15.977,15.977,88.6,-16.467,16.467,91.3,arima
2021-04-26,MOQUEGUA,20.629174862964756,2.5562042414687585,1.1442767874657251,2.058958270063259,1.0459758693366923,-18.073,18.073,87.6,-19.485,19.485,94.5,-18.57,18.57,90.0,-19.583,19.583,94.9,arima
2021-05-03,MOQUEGUA,20.62917486296476,20.840218085646256,20.840218085646256,20.629174862964756,2.091951738673386,0.211,0.211,1.0,0.211,0.211,1.0,-0.0,0.0,0.0,-18.537,18.537,89.9,naive
2021-05-10,MOQUEGUA,21.658653997996385,20.840218085646256,20.840218085646256,20.629174862964756,2.091951738673386,-0.818,0.818,3.8,-0.818,0.818,3.8,-1.029,1.029,4.8,-19.567,19.567,90.3,arima
2021-05-17,MOQUEGUA,21.1241183493145,20.840218085646256,20.840218085646256,20.629174862964756,2.614939673341734,-0.284,0.284,1.3,-0.284,0.284,1.3,-0.495,0.495,2.3,-18.509,18.509,87.6,arima
2021-05-24,MOQUEGUA,21.1241183493145,20.840218085646256,20.840218085646256,20.629174862964756,1.568963804005039,-0.284,0.284,1.3,-0.284,0.284,1.3,-0.495,0.495,2.3,-19.555,19.555,92.6,arima
2021-05-31,MOQUEGUA,22.68813313302802,18.78584183208766,21.223725631048477,21.124118349314504,1.568963804005039,-3.902,3.902,17.2,-1.464,1.464,6.5,-1.564,1.564,6.9,-21.119,21.119,93.1,holt_winters
2021-06-07,MOQUEGUA,21.658653997996385,15.791496588232548,21.223725631048477,21.124118349314504,2.091951738673387,-5.867,5.867,27.1,-0.435,0.435,2.0,-0.535,0.535,2.5,-19.567,19.567,90.3,holt_winters
2021-06-14,MOQUEGUA,17.520941376703792,18.570480560101004,21.223725631048477,21.124118349314504,2.614939673341734,1.05,1.05,6.0,3.703,3.703,21.1,3.603,3.603,20.6,-14.906,14.906,85.1,arima
2021-06-21,MOQUEGUA,12.353749620379567,17.630796172224823,21.223725631048477,21.124118349314504,2.091951738673386,5.277,5.277,42.7,8.87,8.87,71.8,8.77,8.77,71.0,-10.262,10.262,83.1,arima
2021-06-28,MOQUEGUA,9.265312215284675,10.307768867411673,13.83174213657842,12.353749620379567,2.614939673341734,1.042,1.042,11.2,4.566,4.566,49.3,3.088,3.088,33.3,-6.65,6.65,71.8,arima
2021-07-05,MOQUEGUA,7.206353945221413,11.66402309453435,14.745755587689256,12.353749620379567,3.6609155426784277,4.458,4.458,61.9,7.539,7.539,104.6,5.147,5.147,71.4,-3.545,3.545,49.2,seasonal_naive
2021-07-12,MOQUEGUA,6.176874810189783,11.319927690850616,17.16170157627384,12.353749620379567,5.229879346683469,5.143,5.143,83.3,10.985,10.985,177.8,6.177,6.177,100.0,-0.947,0.947,15.3,seasonal_naive
2021-07-19,MOQUEGUA,5.147395675158152,11.126826270085859,20.32102397154156,12.353749620379567,11.40180513658173,5.979,5.979,116.2,15.174,15.174,294.8,7.206,7.206,140.0,6.254,6.254,121.5,arima
2021-07-26,MOQUEGUA,4.632656107642337,5.671090584319396,4.940466066076822,5.147395675158152,12.447781005918424,1.038,1.038,22.4,0.308,0.308,6.6,0.515,0.515,11.1,7.815,7.815,168.7,holt_winters
2021-08-02,MOQUEGUA,5.662135242673966,5.283310093903556,4.866452171311304,5.147395675158152,17.677660352601904,-0.379,0.379,6.7,-0.796,0.796,14.1,-0.515,0.515,9.1,12.016,12.016,212.2,arima
2021-08-09,MOQUEGUA,7.206353945221413,5.386937683203807,4.858950405682513,5.147395675158152,17.677660352601904,-1.819,1.819,25.2,-2.347,2.347,32.6,-2.059,2.059,28.6,10.471,10.471,145.3,arima
2021-08-16,MOQUEGUA,8.235833080253043,5.430925446247431,4.864489904609039,5.147395675158152,21.338575895280325,-2.805,2.805,34.1,-3.371,3.371,40.9,-3.088,3.088,37.5,13.103,13.103,159.1,arima
2021-08-23,MOQUEGUA,7.721093512737229,7.682892830310266,8.880340929806326,8.235833080253043,16.108696548596857,-0.038,0.038,0.5,1.159,1.159,15.0,0.515,0.515,6.7,8.388,8.388,108.6,arima
2021-08-30,MOQUEGUA,5.147395675158152,7.3276037354730335,8.51203087959346,8.235833080253043,13.074698366708681,2.18,2.18,42.4,3.365,3.365,65.4,3.088,3.088,60.0,7.927,7.927,154.0,arima
2021-09-06,MOQUEGUA,4.632656107642337,7.720337955033919,6.9264305320814925,8.235833080253043,9.413782824030248,3.088,3.088,66.7,2.294,2.294,49.5,3.603,3.603,77.8,4.781,4.781,103.2,holt_winters
2021-09-13,MOQUEGUA,3.08843740509489,7.554668256437829,5.949758118730783,8.235833080253043,9.413782824030248,4.466,4.466,144.6,2.861,2.861,92.6,5.147,5.147,166.7,6.325,6.325,204.8,holt_winters
2021-09-20,MOQUEGUA,3.6031769726107057,3.1547297912000714,2.3903619893806956,3.08843740509489,10.982746628035288,-0.448,0.448,12.4,-1.213,1.213,33.7,-0.515,0.515,14.3,7.38,7.38,204.8,arima
2021-09-27,MOQUEGUA,2.058958270063259,2.8918763514041967,2.477082789599282,3.08843740509489,10.459758693366943,0.833,0.833,40.5,0.418,0.418,20.3,1.029,1.029,50.0,8.401,8.401,408.0,holt_winters
2021-10-04,MOQUEGUA,3.08843740509489,3.045525333581417,2.3154764353174055,3.08843740509489,11.505734562703639,-0.043,0.043,1.4,-0.773,0.773,25.0,0.0,0.0,0.0,8.417,8.417,272.5,naive
2021-10-11,MOQUEGUA,2.0589582700632594,3.0185997638856827,2.590407861120054,3.08843740509489,6.2758552160201635,0.96,0.96,46.6,0.531,0.531,25.8,1.029,1.029,50.0,4.217,4.217,204.8,holt_winters
2021-10-18,MOQUEGUA,3.08843740509489,2.6205268240859856,2.1971800452223653,2.058958270063259,4.706891412015122,-0.468,0.468,15.2,-0.891,0.891,28.8,-1.029,1.029,33.3,1.618,1.618,52.4,arima
2021-10-25,MOQUEGUA,3.6031769726107057,1.9812242224290233,1.9079645637993803,2.058958270063259,2.091951738673386,-1.622,1.622,45.0,-1.695,1.695,47.0,-1.544,1.544,42.9,-1.511,1.511,41.9,seasonal_naive
2021-11-01,MOQUEGUA,5.147395675158152,2.2694714560436924,1.6612570636753459,2.058958270063259,2.091951738673386,-2.878,2.878,55.9,-3.486,3.486,67.7,-3.088,3.088,60.0,-3.055,3.055,59.4,arima
2021-11-08,MOQUEGUA,5.147395675158152,2.222792552560026,1.4477024289111085,2.058958270063259,2.091951738673386,-2.925,2.925,56.8,-3.7,3.7,71.9,-3.088,3.088,60.0,-3.055,3.055,59.4,arima
2021-11-15,MOQUEGUA,3.08843740509489,4.737891096364936,5.370707042482849,5.147395675158152,3.137927608010081,1.649,1.649,53.4,2.282,2.282,73.9,2.059,2.059,66.7,0.049,0.049,1.6,seasonal_naive
2021-11-22,MOQUEGUA,2.0589582700632594,4.690002523151694,5.009425195695951,5.147395675158152,3.6609155426784277,2.631,2.631,127.8,2.95,2.95,143.3,3.088,3.088,150.0,1.602,1.602,77.8,seasonal_naive
2021-11-29,MOQUEGUA,2.5736978375790747,4.822684446575307,4.828518995583477,5.147395675158152,4.706891412015125,2.249,2.249,87.4,2.255,2.255,87.6,2.574,2.574,100.0,2.133,2.133,82.9,seasonal_naive
2021-12-06,MOQUEGUA,7.206353945221413,4.743343388915974,4.737677854275814,5.147395675158152,4.183903477346775,-2.463,2.463,34.2,-2.469,2.469,34.3,-2.059,2.059,28.6,-3.022,3.022,41.9,naive
2021-12-13,MOQUEGUA,8.750572647768859,10.214801030571657,7.639992531908636,7.206353945221414,3.137927608010081,1.464,1.464,16.7,-1.111,1.111,12.7,-1.544,1.544,17.6,-5.613,5.613,64.1,holt_winters
2021-12-20,MOQUEGUA,8.235833080253045,12.160624180139676,8.911987252472533,7.206353945221414,3.6609155426784277,3.925,3.925,47.7,0.676,0.676,8.2,-1.029,1.029,12.5,-4.575,4.575,55.5,holt_winters
2021-12-27,MOQUEGUA,4.1179165401265205,9.968139973311484,9.450094099259015,7.206353945221414,6.798843150688512,5.85,5.85,142.1,5.332,5.332,129.5,3.088,3.088,75.0,2.681,2.681,65.1,seasonal_naive
2022-01-03,MOQUEGUA,3.06446072507743,10.908137894527519,9.647340327706596,7.206353945221414,13.996948728757395,7.844,7.844,256.0,6.583,6.583,214.8,4.142,4.142,135.2,10.932,10.932,356.7,naive
2022-01-10,MOQUEGUA,5.075465635105772,2.561732328490578,2.4413494925754087,3.0644607250774296,19.64588658398731,-2.514,2.514,49.5,-2.634,2.634,51.9,-2.011,2.011,39.6,14.57,14.57,287.1,naive
2022-01-17,MOQUEGUA,6.080968090119943,2.49581928247193,3.0370473220765417,3.0644607250774296,23.202872700543836,-3.585,3.585,59.0,-3.044,3.044,50.1,-3.017,3.017,49.6,17.122,17.122,281.6,naive
2022-01-24,MOQUEGUA,5.574220749276615,2.654222334024036,2.9339356246365305,3.0644607250774296,21.143914430480574,-2.92,2.92,52.4,-2.64,2.64,47.4,-2.51,2.51,45.0,15.57,15.57,279.3,naive
2022-01-31,MOQUEGUA,9.628199476023246,2.566869981561504,3.419449006873207,3.0644607250774296,20.609378781798686,-7.061,7.061,73.3,-6.209,6.209,64.5,-6.564,6.564,68.2,10.981,10.981,114.1,holt_winters
2022-02-07,MOQUEGUA,11.148441498553233,10.531763236976142,8.876478888204403,9.628199476023248,16.471666160506093,-0.617,0.617,5.5,-2.272,2.272,20.4,-1.52,1.52,13.6,5.323,5.323,47.7,arima
2022-02-14,MOQUEGUA,13.682178202769876,15.478936633092712,8.48872034341657,9.628199476023248,11.839010052863749,1.797,1.797,13.1,-5.193,5.193,38.0,-4.054,4.054,29.6,-1.843,1.843,13.5,arima
2022-02-21,MOQUEGUA,8.107957453493258,11.824846258143454,6.509936164633996,9.628199476023248,7.206353945221414,3.717,3.717,45.8,-1.598,1.598,19.7,1.52,1.52,18.7,-0.902,0.902,11.1,seasonal_naive
2022-02-28,MOQUEGUA,7.601210112649929,12.547781070526309,7.738142822459704,9.628199476023248,10.809530917832118,4.947,4.947,65.1,0.137,0.137,1.8,2.027,2.027,26.7,3.208,3.208,42.2,holt_winters
2022-03-07,MOQUEGUA,6.080968090119942,7.815017748640065,7.098570165004668,7.6012101126499285,9.780051782800488,1.734,1.734,28.5,1.018,1.018,16.7,1.52,1.52,25.0,3.699,3.699,60.8,holt_winters
2022-03-14,MOQUEGUA,6.080968090119942,7.861833620347081,7.462469646332899,7.6012101126499285,7.721093512737227,1.781,1.781,29.3,1.382,1.382,22.7,1.52,1.52,25.0,1.64,1.64,27.0,holt_winters
2022-03-21,MOQUEGUA,5.574220749276613,7.7686059091995805,4.162443952760088,7.6012101126499285,1.0294791350316288,2.194,2.194,39.4,-1.412,1.412,25.3,2.027,2.027,36.4,-4.545,4.545,81.5,holt_winters
2022-03-28,MOQUEGUA,3.5472313859032982,7.814100500685507,5.271216397657736,7.6012101126499285,2.058958270063259,4.267,4.267,120.3,1.724,1.724,48.6,4.054,4.054,114.3,-1.488,1.488,41.9,seasonal_naive
2022-04-04,MOQUEGUA,5.574220749276614,2.9679591797377154,3.4540478533140426,3.5472313859032987,6.691614377705598,-2.606,2.606,46.8,-2.12,2.12,38.0,-2.027,2.027,36.4,1.117,1.117,20.0,seasonal_naive
2022-04-11,MOQUEGUA,5.067473408433284,2.4338052040263802,4.386968441374079,3.5472313859032987,13.917764404093086,-2.634,2.634,52.0,-0.681,0.681,13.4,-1.52,1.52,30.0,8.85,8.85,174.6,holt_winters
2022-04-18,MOQUEGUA,5.574220749276614,2.9045570876517957,4.415737661701357,3.5472313859032987,18.03568094421961,-2.67,2.67,47.9,-1.158,1.158,20.8,-2.027,2.027,36.4,12.461,12.461,223.5,holt_winters
2022-04-25,MOQUEGUA,3.040484045059969,2.755170793167388,4.041273946939006,3.5472313859032987,20.629174862964756,-0.285,0.285,9.4,1.001,1.001,32.9,0.507,0.507,16.7,17.589,17.589,578.5,arima
2022-05-02,MOQUEGUA,3.0404840450599693,2.809595401600815,4.015637155660871,3.0404840450599693,20.629174862964756,-0.231,0.231,7.6,0.975,0.975,32.1,0.0,0.0,0.0,17.589,17.589,578.5,naive
2022-05-09,MOQUEGUA,3.5472313859032982,2.7599676243468916,4.246027392884842,3.0404840450599693,21.658653997996385,-0.787,0.787,22.2,0.699,0.699,19.7,-0.507,0.507,14.3,18.111,18.111,510.6,naive
2022-05-16,MOQUEGUA,4.053978726746627,2.852982900540316,4.93125196403628,3.0404840450599693,21.124118349314504,-1.201,1.201,29.6,0.877,0.877,21.6,-1.013,1.013,25.0,17.07,17.07,421.1,holt_winters
2022-05-23,MOQUEGUA,3.0404840450599693,2.805480197458072,5.114129762714318,3.0404840450599693,21.124118349314504,-0.235,0.235,7.7,2.074,2.074,68.2,0.0,0.0,0.0,18.084,18.084,594.8,naive
2022-05-30,MOQUEGUA,2.026989363373311,2.7843120538667376,3.144430017016904,3.0404840450599693,22.688133133028018,0.757,0.757,37.3,1.117,1.117,55.1,1.013,1.013,50.0,20.661,20.661,1019.3,arima
2022-06-06,MOQUEGUA,2.0269893633733114,2.5204415855918976,3.238237704367613,3.0404840450599693,21.658653997996385,0.493,0.493,24.3,1.211,1.211,59.7,1.013,1.013,50.0,19.632,19.632,968.5,arima
2022-06-13,MOQUEGUA,4.053978726746627,2.754313138178321,3.3889265015606203,3.0404840450599693,17.52094137670379,-1.3,1.3,32.1,-0.665,0.665,16.4,-1.013,1.013,25.0,13.467,13.467,332.2,holt_winters
2022-06-20,MOQUEGUA,4.560726067589956,2.676112775193859,2.9285874879778913,3.0404840450599693,12.353749620379567,-1.885,1.885,41.3,-1.632,1.632,35.8,-1.52,1.52,33.3,7.793,7.793,170.9,naive
2022-06-27,MOQUEGUA,3.5472313859032987,5.01958954052693,4.423282177210555,4.560726067589957,9.265312215284675,1.472,1.472,41.5,0.876,0.876,24.7,1.013,1.013,28.6,5.718,5.718,161.2,holt_winters
2022-07-04,MOQUEGUA,2.026989363373312,4.230891787504849,4.430226984420655,4.560726067589957,7.206353945221414,2.204,2.204,108.7,2.403,2.403,118.6,2.534,2.534,125.0,5.179,5.179,255.5,arima
2022-07-11,MOQUEGUA,3.0404840450599693,4.624226094947733,5.213978976774421,4.560726067589957,6.176874810189783,1.584,1.584,52.1,2.173,2.173,71.5,1.52,1.52,50.0,3.136,3.136,103.1,naive
2022-07-18,MOQUEGUA,4.053978726746627,4.561022459067965,6.022073531221431,4.560726067589957,5.147395675158152,0.507,0.507,12.5,1.968,1.968,48.5,0.507,0.507,12.5,1.093,1.093,27.0,arima
2022-07-25,MOQUEGUA,6.587715430963272,4.903251185838487,3.7664321846767397,4.053978726746627,4.632656107642337,-1.684,1.684,25.6,-2.821,2.821,42.8,-2.534,2.534,38.5,-1.955,1.955,29.7,arima
2022-08-01,MOQUEGUA,5.067473408433286,4.551371520590093,4.009738766731766,4.053978726746627,5.662135242673966,-0.516,0.516,10.2,-1.058,1.058,20.9,-1.013,1.013,20.0,0.595,0.595,11.7,arima
2022-08-08,MOQUEGUA,3.5472313859032987,4.530868157070534,4.546429266544619,4.053978726746627,7.206353945221414,0.984,0.984,27.7,0.999,0.999,28.2,0.507,0.507,14.3,3.659,3.659,103.2,naive
2022-08-15,MOQUEGUA,1.0134946816866544,4.640127874025283,4.741285449127158,4.053978726746627,8.235833080253043,3.627,3.627,357.9,3.728,3.728,367.8,3.04,3.04,300.0,7.222,7.222,712.6,naive
2022-08-22,MOQUEGUA,2.533736704216641,0.6772911422547234,0.9315893952341452,1.0134946816866544,7.72109351273723,-1.856,1.856,73.3,-1.602,1.602,63.2,-1.52,1.52,60.0,5.187,5.187,204.7,naive
2022-08-29,MOQUEGUA,2.533736704216641,0.4723737650525544,0.6294499629292267,1.0134946816866544,5.147395675158152,-2.061,2.061,81.3,-1.904,1.904,75.1,-1.52,1.52,60.0,2.614,2.614,103.2,naive
2022-09-05,MOQUEGUA,2.0269893633733123,0.6760436313948648,0.34871408376774254,1.0134946816866544,4.632656107642337,-1.351,1.351,66.7,-1.678,1.678,82.8,-1.013,1.013,50.0,2.606,2.606,128.6,naive
2022-09-12,MOQUEGUA,0.5067473408433254,0.5944349156010458,0.10586580684543714,1.0134946816866544,3.08843740509489,0.088,0.088,17.4,-0.401,0.401,79.1,0.507,0.507,100.0,2.582,2.582,509.5,arima
2022-09-19,MOQUEGUA,1.0134946816866544,0.32355463664518747,0.4206169563207336,0.5067473408433254,3.603176972610706,-0.69,0.69,68.1,-0.593,0.593,58.5,-0.507,0.507,50.0,2.59,2.59,255.6,naive
2022-09-26,MOQUEGUA,0.5067473408433254,0.37599884284089874,0.3284927808105564,0.5067473408433254,2.058958270063259,-0.131,0.131,25.9,-0.178,0.178,35.1,0.0,0.0,0.0,1.552,1.552,306.3,naive
2022-10-03,MOQUEGUA,1.0134946816866544,0.3836024834338904,0.41319718943929634,0.5067473408433254,3.08843740509489,-0.63,0.63,62.2,-0.6,0.6,59.2,-0.507,0.507,50.0,2.075,2.075,204.7,naive
2022-10-10,MOQUEGUA,1.5202420225299835,0.3650662497279649,0.3735596415702069,0.5067473408433254,2.058958270063259,-1.155,1.155,76.0,-1.147,1.147,75.4,-1.013,1.013,66.6,0.539,0.539,35.5,seasonal_naive
2022-10-17,MOQUEGUA,3.547231385903299,2.0682341632865735,1.7685778190019756,1.5202420225299833,3.08843740509489,-1.479,1.479,41.7,-1.779,1.779,50.2,-2.027,2.027,57.1,-0.459,0.459,12.9,seasonal_naive
2022-10-24,MOQUEGUA,3.547231385903299,1.767811619018528,1.539463749046627,1.5202420225299833,3.603176972610706,-1.779,1.779,50.2,-2.008,2.008,56.6,-2.027,2.027,57.1,0.056,0.056,1.6,seasonal_naive
2022-10-31,MOQUEGUA,5.067473408433286,1.593248726034426,1.5993436493292057,1.5202420225299833,5.147395675158152,-3.474,3.474,68.6,-3.468,3.468,68.4,-3.547,3.547,70.0,0.08,0.08,1.6,seasonal_naive
2022-11-07,MOQUEGUA,3.0404840450599697,1.3744743421229177,1.45077214165347,1.5202420225299833,5.147395675158152,-1.666,1.666,54.8,-1.59,1.59,52.3,-1.52,1.52,50.0,2.107,2.107,69.3,naive
2022-11-14,MOQUEGUA,2.533736704216641,3.1352651182452895,2.6096604711286497,3.0404840450599693,3.08843740509489,0.602,0.602,23.8,0.076,0.076,3.0,0.507,0.507,20.0,0.555,0.555,21.9,holt_winters
2022-11-21,MOQUEGUA,0.5067473408433254,2.4957496679141666,2.4378527908932734,3.0404840450599693,2.058958270063259,1.989,1.989,392.5,1.931,1.931,381.1,2.534,2.534,500.1,1.552,1.552,306.3,seasonal_naive
2022-11-28,MOQUEGUA,1.5202420225299835,3.1776125591444373,2.808199384557,3.0404840450599693,2.5736978375790747,1.657,1.657,109.0,1.288,1.288,84.7,1.52,1.52,100.0,1.053,1.053,69.3,seasonal_naive
2022-12-05,MOQUEGUA,2.0269893633733123,3.0194277614038088,3.3733385054842575,3.0404840450599693,7.206353945221414,0.992,0.992,48.9,1.346,1.346,66.4,1.013,1.013,50.0,5.179,5.179,255.5,arima
