date,actual,predicted,model,region
2010-12-27,0.14288531167573038,0.0,naive,CAJAMARCA
2011-01-03,0.14288531167573038,0.0,naive,CAJAMARCA
2011-01-10,0.14288531167573038,0.0,naive,CAJAMARCA
2011-01-17,0.0,0.0,naive,CAJAMARCA
2011-01-24,0.0,0.0,naive,CAJAMARCA
2011-01-31,0.0,0.0,naive,CAJAMARCA
2011-02-07,0.0,0.0,naive,CAJAMARCA
2011-02-14,0.0,0.0,naive,CAJAMARCA
2011-02-21,0.07124049651776453,0.0,naive,CAJAMARCA
2011-02-28,0.07124049651776453,0.0,naive,CAJAMARCA
2011-03-07,0.07124049651776453,0.0,naive,CAJAMARCA
2011-03-14,0.0,0.0,naive,CAJAMARCA
2011-03-21,0.07124049651776453,0.0,naive,CAJAMARCA
2011-03-28,0.07124049651776453,0.0,naive,CAJAMARCA
2011-04-04,0.07124049651776453,0.0,naive,CAJAMARCA
2011-04-11,0.0,0.0,naive,CAJAMARCA
2011-04-18,0.0,0.0,naive,CAJAMARCA
2011-04-25,0.0,0.0,naive,CAJAMARCA
2011-05-02,0.0,0.0,naive,CAJAMARCA
2011-05-09,0.0,0.0,naive,CAJAMARCA
2011-05-16,0.0,0.0,naive,CAJAMARCA
2011-05-23,0.0,0.0,naive,CAJAMARCA
2011-05-30,0.07124049651776453,0.0,naive,CAJAMARCA
2011-06-06,0.07124049651776453,0.0,naive,CAJAMARCA
2011-06-13,0.07124049651776453,0.07124049651776454,naive,CAJAMARCA
2011-06-20,0.07124049651776453,0.07124049651776454,naive,CAJAMARCA
2011-06-27,0.07124049651776453,0.07124049651776454,naive,CAJAMARCA
2011-07-04,0.07124049651776453,0.07124049651776454,naive,CAJAMARCA
2011-07-11,0.0,0.07124049651776454,naive,CAJAMARCA
2011-07-18,0.0,0.07124049651776454,naive,CAJAMARCA
2011-07-25,0.07124049651776453,0.07124049651776454,naive,CAJAMARCA
2011-08-01,0.07124049651776453,0.07124049651776454,naive,CAJAMARCA
2011-08-08,0.07124049651776453,0.07124049651776454,naive,CAJAMARCA
2011-08-15,0.0,0.07124049651776454,naive,CAJAMARCA
2011-08-22,0.0,0.07124049651776454,naive,CAJAMARCA
2011-08-29,0.0,0.07124049651776454,naive,CAJAMARCA
2011-09-05,0.0,0.0,naive,CAJAMARCA
2011-09-12,0.0,0.0,naive,CAJAMARCA
2011-09-19,0.0,0.0,naive,CAJAMARCA
2011-09-26,0.0,0.0,naive,CAJAMARCA
2011-10-03,0.0,0.0,naive,CAJAMARCA
2011-10-10,0.0,0.0,naive,CAJAMARCA
2011-10-17,0.0,0.0,naive,CAJAMARCA
2011-10-24,0.0,0.0,naive,CAJAMARCA
2011-10-31,0.0,0.0,naive,CAJAMARCA
2011-11-07,0.0,0.0,naive,CAJAMARCA
2011-11-14,0.0,0.0,naive,CAJAMARCA
2011-11-21,0.0,0.0,naive,CAJAMARCA
2011-11-28,0.0,0.0,naive,CAJAMARCA
2011-12-05,0.0,0.0,naive,CAJAMARCA
2011-12-12,0.0,0.0,naive,CAJAMARCA
2011-12-19,0.0,0.0,naive,CAJAMARCA
2011-12-26,0.0,0.0,naive,CAJAMARCA
2012-01-02,0.0,0.0,naive,CAJAMARCA
2012-01-09,0.0,0.0,naive,CAJAMARCA
2012-01-16,0.0,0.0,naive,CAJAMARCA
2012-01-23,0.0,0.0,naive,CAJAMARCA
2012-01-30,0.0,0.0,naive,CAJAMARCA
2012-02-06,0.0,0.0,naive,CAJAMARCA
2012-02-13,0.0,0.0,naive,CAJAMARCA
2012-02-20,0.0,0.0,naive,CAJAMARCA
2012-02-27,0.0710394780587468,0.0,naive,CAJAMARCA
2012-03-05,0.2131184341762404,0.0,naive,CAJAMARCA
2012-03-12,0.21311843417624043,0.0,naive,CAJAMARCA
2012-03-19,0.2131184341762404,0.21311843417624046,naive,CAJAMARCA
2012-03-26,0.14207895611749363,0.21311843417624046,naive,CAJAMARCA
2012-04-02,0.14207895611749363,0.21311843417624046,naive,CAJAMARCA
2012-04-09,0.07103947805874682,0.21311843417624046,naive,CAJAMARCA
2012-04-16,0.0,0.0710394780587468,naive,CAJAMARCA
2012-04-23,0.0,0.0710394780587468,naive,CAJAMARCA
2012-04-30,0.14207895611749363,0.0710394780587468,naive,CAJAMARCA
2012-05-07,0.21311843417624043,0.0710394780587468,naive,CAJAMARCA
2012-05-14,0.21311843417624043,0.21311843417624046,naive,CAJAMARCA
2012-05-21,0.07103947805874682,0.21311843417624046,naive,CAJAMARCA
2012-05-28,0.0,0.21311843417624046,naive,CAJAMARCA
2012-06-04,0.0,0.21311843417624046,naive,CAJAMARCA
2012-06-11,0.07103947805874682,0.0,naive,CAJAMARCA
2012-06-18,0.07103947805874682,0.0,naive,CAJAMARCA
2012-06-25,0.07103947805874682,0.0,naive,CAJAMARCA
2012-07-02,0.0,0.0,naive,CAJAMARCA
2012-07-09,0.0,0.0,naive,CAJAMARCA
2012-07-16,0.0,0.0,naive,CAJAMARCA
2012-07-23,0.0,0.0,naive,CAJAMARCA
2012-07-30,0.0,0.0,naive,CAJAMARCA
2012-08-06,0.07103947805874682,0.0,naive,CAJAMARCA
2012-08-13,0.07103947805874682,0.0,naive,CAJAMARCA
2012-08-20,0.07103947805874682,0.0,naive,CAJAMARCA
2012-08-27,0.0,0.0,naive,CAJAMARCA
2012-09-03,0.07103947805874682,0.0,naive,CAJAMARCA
2012-09-10,0.07103947805874682,0.0,naive,CAJAMARCA
2012-09-17,0.07103947805874682,0.0,naive,CAJAMARCA
2012-09-24,0.0,0.0,naive,CAJAMARCA
2012-10-01,0.0,0.0,naive,CAJAMARCA
2012-10-08,0.0,0.0,naive,CAJAMARCA
2012-10-15,0.0,0.0,naive,CAJAMARCA
2012-10-22,0.0,0.0,naive,CAJAMARCA
2012-10-29,0.0,0.0,naive,CAJAMARCA
2012-11-05,0.0,0.0,naive,CAJAMARCA
2012-11-12,0.0,0.0,naive,CAJAMARCA
2012-11-19,0.07103947805874682,0.0,naive,CAJAMARCA
2012-11-26,0.14207895611749363,0.0710394780587468,naive,CAJAMARCA
2012-12-03,0.14207895611749363,0.0710394780587468,naive,CAJAMARCA
2012-12-10,0.07103947805874682,0.0710394780587468,naive,CAJAMARCA
2012-12-17,0.0,0.0710394780587468,naive,CAJAMARCA
2012-12-24,0.07103947805874682,0.0,naive,CAJAMARCA
2012-12-31,0.21311843417624043,0.0,naive,CAJAMARCA
2013-01-07,0.21311843417624043,0.0,naive,CAJAMARCA
2013-01-14,0.1420789561174936,0.0,naive,CAJAMARCA
2013-01-21,0.07083964101303522,0.14207895611749363,naive,CAJAMARCA
2013-01-28,0.07083964101303522,0.14207895611749363,naive,CAJAMARCA
2013-02-04,0.1416792820260704,0.14207895611749363,naive,CAJAMARCA
2013-02-11,0.07083964101303522,0.14207895611749363,naive,CAJAMARCA
2013-02-18,0.1416792820260704,0.07083964101303522,naive,CAJAMARCA
2013-02-25,0.07083964101303522,0.07083964101303522,naive,CAJAMARCA
2013-03-04,0.07083964101303522,0.07083964101303522,naive,CAJAMARCA
2013-03-11,0.0,0.07083964101303522,naive,CAJAMARCA
2013-03-18,0.0,0.0,naive,CAJAMARCA
2013-03-25,0.0,0.0,naive,CAJAMARCA
2013-04-01,0.0,0.0,naive,CAJAMARCA
2013-04-08,0.0,0.0,naive,CAJAMARCA
2013-04-15,0.0,0.0,naive,CAJAMARCA
2013-04-22,0.07083964101303522,0.0,naive,CAJAMARCA
2013-04-29,0.07083964101303522,0.0,naive,CAJAMARCA
2013-05-06,0.07083964101303522,0.0,naive,CAJAMARCA
2013-05-13,0.0,0.07083964101303522,naive,CAJAMARCA
2013-05-20,0.0,0.07083964101303522,naive,CAJAMARCA
2013-05-27,0.0,0.07083964101303522,naive,CAJAMARCA
2013-06-03,0.1416792820260704,0.07083964101303522,naive,CAJAMARCA
2013-06-10,0.2125189230391056,0.1416792820260704,naive,CAJAMARCA
2013-06-17,0.2125189230391056,0.1416792820260704,naive,CAJAMARCA
2013-06-24,0.07083964101303522,0.1416792820260704,naive,CAJAMARCA
2013-07-01,0.0,0.1416792820260704,naive,CAJAMARCA
2013-07-08,0.0,0.0,naive,CAJAMARCA
2013-07-15,0.07083964101303522,0.0,naive,CAJAMARCA
2013-07-22,0.07083964101303522,0.0,naive,CAJAMARCA
2013-07-29,0.07083964101303522,0.0,naive,CAJAMARCA
2013-08-05,0.0,0.07083964101303522,naive,CAJAMARCA
2013-08-12,0.0,0.07083964101303522,naive,CAJAMARCA
2013-08-19,0.0,0.07083964101303522,naive,CAJAMARCA
2013-08-26,0.07083964101303522,0.07083964101303522,naive,CAJAMARCA
2013-09-02,0.07083964101303522,0.07083964101303522,naive,CAJAMARCA
2013-09-09,0.07083964101303522,0.07083964101303522,naive,CAJAMARCA
2013-09-16,0.1416792820260704,0.07083964101303522,naive,CAJAMARCA
2013-09-23,0.1416792820260704,0.07083964101303522,naive,CAJAMARCA
2013-09-30,0.1416792820260704,0.1416792820260704,naive,CAJAMARCA
2013-10-07,0.07083964101303522,0.1416792820260704,naive,CAJAMARCA
2013-10-14,0.07083964101303522,0.1416792820260704,naive,CAJAMARCA
2013-10-21,0.07083964101303522,0.1416792820260704,naive,CAJAMARCA
2013-10-28,0.07083964101303522,0.07083964101303522,naive,CAJAMARCA
2013-11-04,0.07083964101303522,0.07083964101303522,naive,CAJAMARCA
2013-11-11,0.07083964101303522,0.07083964101303522,naive,CAJAMARCA
2013-11-18,0.0,0.07083964101303522,naive,CAJAMARCA
2013-11-25,0.0,0.0,naive,CAJAMARCA
2013-12-02,0.0,0.0,naive,CAJAMARCA
2013-12-09,0.0,0.0,naive,CAJAMARCA
2013-12-16,0.0,0.0,naive,CAJAMARCA
2013-12-23,0.0,0.0,naive,CAJAMARCA
2013-12-30,0.0,0.0,naive,CAJAMARCA
2014-01-06,0.0,0.0,naive,CAJAMARCA
2014-01-13,0.0,0.0,naive,CAJAMARCA
2014-01-20,0.0,0.0,naive,CAJAMARCA
2014-01-27,0.0,0.0,naive,CAJAMARCA
2014-02-03,0.0,0.0,naive,CAJAMARCA
2014-02-10,0.0,0.0,naive,CAJAMARCA
2014-02-17,0.0,0.0,naive,CAJAMARCA
2014-02-24,0.0,0.0,naive,CAJAMARCA
2014-03-03,0.0,0.0,naive,CAJAMARCA
2014-03-10,0.0,0.0,naive,CAJAMARCA
2014-03-17,0.0,0.0,naive,CAJAMARCA
2014-03-24,0.0,0.0,naive,CAJAMARCA
2014-03-31,0.0,0.0,naive,CAJAMARCA
2014-04-07,0.0,0.0,naive,CAJAMARCA
2014-04-14,0.0,0.0,naive,CAJAMARCA
2014-04-21,0.0,0.0,naive,CAJAMARCA
2014-04-28,0.0,0.0,naive,CAJAMARCA
2014-05-05,0.0,0.0,naive,CAJAMARCA
2014-05-12,0.0,0.0,naive,CAJAMARCA
2014-05-19,0.0,0.0,naive,CAJAMARCA
2014-05-26,0.0,0.0,naive,CAJAMARCA
2014-06-02,0.0,0.0,naive,CAJAMARCA
2014-06-09,0.0,0.0,naive,CAJAMARCA
2014-06-16,0.0,0.0,naive,CAJAMARCA
2014-06-23,0.07064087521218755,0.0,naive,CAJAMARCA
2014-06-30,0.07064087521218755,0.0,naive,CAJAMARCA
2014-07-07,0.07064087521218755,0.07064087521218755,naive,CAJAMARCA
2014-07-14,0.0,0.07064087521218755,naive,CAJAMARCA
2014-07-21,0.0,0.07064087521218755,naive,CAJAMARCA
2014-07-28,0.0,0.07064087521218755,naive,CAJAMARCA
2014-08-04,0.07064087521218755,0.0,naive,CAJAMARCA
2014-08-11,0.07064087521218755,0.0,naive,CAJAMARCA
2014-08-18,0.07064087521218755,0.0,naive,CAJAMARCA
2014-08-25,0.0,0.0,naive,CAJAMARCA
2014-09-01,0.0,0.0,naive,CAJAMARCA
2014-09-08,0.0,0.0,naive,CAJAMARCA
2014-09-15,0.0,0.0,naive,CAJAMARCA
2014-09-22,0.0,0.0,naive,CAJAMARCA
2014-09-29,0.0,0.0,naive,CAJAMARCA
2014-10-06,0.0,0.0,naive,CAJAMARCA
2014-10-13,0.0,0.0,naive,CAJAMARCA
2014-10-20,0.0,0.0,naive,CAJAMARCA
2014-10-27,0.14128175042437507,0.0,naive,CAJAMARCA
2014-11-03,0.14128175042437507,0.0,naive,CAJAMARCA
2014-11-10,0.14128175042437507,0.0,naive,CAJAMARCA
2014-11-17,0.0,0.0,naive,CAJAMARCA
2014-11-24,0.0,0.0,naive,CAJAMARCA
2014-12-01,0.0,0.0,naive,CAJAMARCA
2014-12-08,0.0,0.0,naive,CAJAMARCA
2014-12-15,0.0,0.0,naive,CAJAMARCA
2014-12-22,0.0,0.0,naive,CAJAMARCA
2014-12-29,0.0,0.0,naive,CAJAMARCA
2015-01-05,0.0,0.0,naive,CAJAMARCA
2015-01-12,0.0,0.0,naive,CAJAMARCA
2015-01-19,0.07044322170665614,0.0,naive,CAJAMARCA
2015-01-26,0.07044322170665614,0.0,naive,CAJAMARCA
2015-02-02,0.07044322170665614,0.0,naive,CAJAMARCA
2015-02-09,0.0,0.0,naive,CAJAMARCA
2015-02-16,0.0,0.0,naive,CAJAMARCA
2015-02-23,0.0,0.0,naive,CAJAMARCA
2015-03-02,0.0,0.0,naive,CAJAMARCA
2015-03-09,0.07044322170665614,0.0,naive,CAJAMARCA
2015-03-16,0.07044322170665614,0.07044322170665615,naive,CAJAMARCA
2015-03-23,0.07044322170665614,0.07044322170665615,naive,CAJAMARCA
2015-03-30,0.0,0.07044322170665615,naive,CAJAMARCA
2015-04-06,0.0,0.07044322170665615,naive,CAJAMARCA
2015-04-13,0.0,0.0,naive,CAJAMARCA
2015-04-20,0.0,0.0,naive,CAJAMARCA
2015-04-27,0.0,0.0,naive,CAJAMARCA
2015-05-04,0.0,0.0,naive,CAJAMARCA
2015-05-11,0.0,0.0,naive,CAJAMARCA
2015-05-18,0.0,0.0,naive,CAJAMARCA
2015-05-25,0.0,0.0,naive,CAJAMARCA
2015-06-01,0.0,0.0,naive,CAJAMARCA
2015-06-08,0.0,0.0,naive,CAJAMARCA
2015-06-15,0.0,0.0,naive,CAJAMARCA
2015-06-22,0.0,0.0,naive,CAJAMARCA
2015-06-29,0.07044322170665614,0.0,naive,CAJAMARCA
2015-07-06,0.07044322170665614,0.07044322170665615,naive,CAJAMARCA
2015-07-13,0.07044322170665614,0.07044322170665615,naive,CAJAMARCA
2015-07-20,0.0,0.07044322170665615,naive,CAJAMARCA
2015-07-27,0.0,0.07044322170665615,naive,CAJAMARCA
2015-08-03,0.0,0.0,naive,CAJAMARCA
2015-08-10,0.0,0.0,naive,CAJAMARCA
2015-08-17,0.0,0.0,naive,CAJAMARCA
2015-08-24,0.0,0.0,naive,CAJAMARCA
2015-08-31,0.0,0.0,naive,CAJAMARCA
2015-09-07,0.0,0.0,naive,CAJAMARCA
2015-09-14,0.0,0.0,naive,CAJAMARCA
2015-09-21,0.0,0.0,naive,CAJAMARCA
2015-09-28,0.07044322170665614,0.0,naive,CAJAMARCA
2015-10-05,0.07044322170665614,0.0,naive,CAJAMARCA
2015-10-12,0.07044322170665614,0.0,naive,CAJAMARCA
2015-10-19,0.0,0.0,naive,CAJAMARCA
2015-10-26,0.0,0.0,naive,CAJAMARCA
2015-11-02,0.0,0.0,naive,CAJAMARCA
2015-11-09,0.0,0.0,naive,CAJAMARCA
2015-11-16,0.0,0.0,naive,CAJAMARCA
2015-11-23,0.0,0.0,naive,CAJAMARCA
2015-11-30,0.0,0.0,naive,CAJAMARCA
2015-12-07,0.0,0.0,naive,CAJAMARCA
2015-12-14,0.0,0.0,naive,CAJAMARCA
2015-12-21,0.0,0.0,naive,CAJAMARCA
2015-12-28,0.0,0.0,naive,CAJAMARCA
2016-01-04,0.0,0.0,naive,CAJAMARCA
2016-01-11,0.0,0.0,naive,CAJAMARCA
2016-01-18,0.0,0.0,naive,CAJAMARCA
2016-01-25,0.0,0.0,naive,CAJAMARCA
2016-02-01,0.0,0.0,naive,CAJAMARCA
2016-02-08,0.0,0.0,naive,CAJAMARCA
2016-02-15,0.0,0.0,naive,CAJAMARCA
2016-02-22,0.0,0.0,naive,CAJAMARCA
2016-02-29,0.0,0.0,naive,CAJAMARCA
2016-03-07,0.0,0.0,naive,CAJAMARCA
2016-03-14,0.0,0.0,naive,CAJAMARCA
2016-03-21,0.0,0.0,naive,CAJAMARCA
2016-03-28,0.0,0.0,naive,CAJAMARCA
2016-04-04,0.07024667118586919,0.0,naive,CAJAMARCA
2016-04-11,0.07024667118586919,0.0702466711858692,naive,CAJAMARCA
2016-04-18,0.07024667118586919,0.0702466711858692,naive,CAJAMARCA
2016-04-25,0.0,0.0702466711858692,naive,CAJAMARCA
2016-05-02,0.07024667118586919,0.0702466711858692,naive,CAJAMARCA
2016-05-09,0.07024667118586919,0.0702466711858692,naive,CAJAMARCA
2016-05-16,0.07024667118586919,0.0702466711858692,naive,CAJAMARCA
2016-05-23,0.0,0.0702466711858692,naive,CAJAMARCA
2016-05-30,0.0,0.0702466711858692,naive,CAJAMARCA
2016-06-06,0.07024667118586919,0.0,naive,CAJAMARCA
2016-06-13,0.07024667118586919,0.0,naive,CAJAMARCA
2016-06-20,0.07024667118586919,0.0,naive,CAJAMARCA
2016-06-27,0.0,0.0,naive,CAJAMARCA
2016-07-04,0.0,0.0,naive,CAJAMARCA
2016-07-11,0.0,0.0,naive,CAJAMARCA
2016-07-18,0.0,0.0,naive,CAJAMARCA
2016-07-25,0.0,0.0,naive,CAJAMARCA
2016-08-01,0.0,0.0,naive,CAJAMARCA
2016-08-08,0.0,0.0,naive,CAJAMARCA
2016-08-15,0.0,0.0,naive,CAJAMARCA
2016-08-22,0.0,0.0,naive,CAJAMARCA
2016-08-29,0.0,0.0,naive,CAJAMARCA
2016-09-05,0.0,0.0,naive,CAJAMARCA
2016-09-12,0.0,0.0,naive,CAJAMARCA
2016-09-19,0.0,0.0,naive,CAJAMARCA
2016-09-26,0.0,0.0,naive,CAJAMARCA
2016-10-03,0.07024667118586919,0.0,naive,CAJAMARCA
2016-10-10,0.07024667118586919,0.0,naive,CAJAMARCA
2016-10-17,0.07024667118586919,0.0,naive,CAJAMARCA
2016-10-24,0.0,0.0702466711858692,naive,CAJAMARCA
2016-10-31,0.0,0.0702466711858692,naive,CAJAMARCA
2016-11-07,0.0,0.0702466711858692,naive,CAJAMARCA
2016-11-14,0.0,0.0702466711858692,naive,CAJAMARCA
2016-11-21,0.07024667118586919,0.0,naive,CAJAMARCA
2016-11-28,0.07024667118586919,0.0,naive,CAJAMARCA
2016-12-05,0.07024667118586919,0.0,naive,CAJAMARCA
2016-12-12,0.0,0.0,naive,CAJAMARCA
2016-12-19,0.0,0.0,naive,CAJAMARCA
2016-12-26,0.0,0.0,naive,CAJAMARCA
2017-01-02,0.0,0.0,naive,CAJAMARCA
2017-01-09,0.0700512144428792,0.0,naive,CAJAMARCA
2017-01-16,0.0700512144428792,0.0700512144428792,naive,CAJAMARCA
2017-01-23,0.0700512144428792,0.0700512144428792,naive,CAJAMARCA
2017-01-30,0.0,0.0700512144428792,naive,CAJAMARCA
2017-02-06,0.0,0.0700512144428792,naive,CAJAMARCA
2017-02-13,0.0,0.0,naive,CAJAMARCA
2017-02-20,0.0,0.0,naive,CAJAMARCA
2017-02-27,0.0,0.0,naive,CAJAMARCA
2017-03-06,0.0,0.0,naive,CAJAMARCA
2017-03-13,0.0,0.0,naive,CAJAMARCA
2017-03-20,0.0,0.0,naive,CAJAMARCA
2017-03-27,0.0,0.0,naive,CAJAMARCA
2017-04-03,0.0,0.0,naive,CAJAMARCA
2017-04-10,0.0,0.0,naive,CAJAMARCA
2017-04-17,0.0,0.0,naive,CAJAMARCA
2017-04-24,0.0,0.0,naive,CAJAMARCA
2017-05-01,0.0,0.0,naive,CAJAMARCA
2017-05-08,0.0,0.0,naive,CAJAMARCA
2017-05-15,0.0,0.0,naive,CAJAMARCA
2017-05-22,0.0,0.0,naive,CAJAMARCA
2017-05-29,0.0700512144428792,0.0,naive,CAJAMARCA
2017-06-05,0.0700512144428792,0.0700512144428792,naive,CAJAMARCA
2017-06-12,0.0700512144428792,0.0700512144428792,naive,CAJAMARCA
2017-06-19,0.0,0.0700512144428792,naive,CAJAMARCA
2017-06-26,0.0,0.0700512144428792,naive,CAJAMARCA
2017-07-03,0.0,0.0,naive,CAJAMARCA
2017-07-10,0.0,0.0,naive,CAJAMARCA
2017-07-17,0.0,0.0,naive,CAJAMARCA
2017-07-24,0.0,0.0,naive,CAJAMARCA
2017-07-31,0.0,0.0,naive,CAJAMARCA
2017-08-07,0.0,0.0,naive,CAJAMARCA
2017-08-14,0.0700512144428792,0.0,naive,CAJAMARCA
2017-08-21,0.0700512144428792,0.0,naive,CAJAMARCA
2017-08-28,0.0700512144428792,0.0700512144428792,naive,CAJAMARCA
2017-09-04,0.0,0.0700512144428792,naive,CAJAMARCA
2017-09-11,0.0,0.0700512144428792,naive,CAJAMARCA
2017-09-18,0.0700512144428792,0.0700512144428792,naive,CAJAMARCA
2017-09-25,0.0700512144428792,0.0700512144428792,naive,CAJAMARCA
2017-10-02,0.0700512144428792,0.0700512144428792,naive,CAJAMARCA
2017-10-09,0.0,0.0700512144428792,naive,CAJAMARCA
2017-10-16,0.0700512144428792,0.0700512144428792,naive,CAJAMARCA
2017-10-23,0.0700512144428792,0.0700512144428792,naive,CAJAMARCA
2017-10-30,0.0700512144428792,0.0700512144428792,naive,CAJAMARCA
2017-11-06,0.0,0.0700512144428792,naive,CAJAMARCA
2017-11-13,0.0700512144428792,0.0700512144428792,naive,CAJAMARCA
2017-11-20,0.0700512144428792,0.0700512144428792,naive,CAJAMARCA
2017-11-27,0.0700512144428792,0.0700512144428792,naive,CAJAMARCA
2017-12-04,0.0,0.0700512144428792,naive,CAJAMARCA
2017-12-11,0.0,0.0700512144428792,naive,CAJAMARCA
2017-12-18,0.0,0.0,naive,CAJAMARCA
2017-12-25,0.0,0.0,naive,CAJAMARCA
2018-01-01,0.0,0.0,naive,CAJAMARCA
2018-01-08,0.0,0.0,naive,CAJAMARCA
2018-01-15,0.0,0.0,naive,CAJAMARCA
2018-01-22,0.0,0.0,naive,CAJAMARCA
2018-01-29,0.06979024541739802,0.0,naive,CAJAMARCA
2018-02-05,0.06979024541739802,0.0,naive,CAJAMARCA
2018-02-12,0.06979024541739802,0.06979024541739802,naive,CAJAMARCA
2018-02-19,0.0,0.06979024541739802,naive,CAJAMARCA
2018-02-26,0.0,0.06979024541739802,naive,CAJAMARCA
2018-03-05,0.0,0.06979024541739802,naive,CAJAMARCA
2018-03-12,0.0,0.0,naive,CAJAMARCA
2018-03-19,0.0,0.0,naive,CAJAMARCA
2018-03-26,0.0,0.0,naive,CAJAMARCA
2018-04-02,0.0,0.0,naive,CAJAMARCA
2018-04-09,0.0,0.0,naive,CAJAMARCA
2018-04-16,0.0,0.0,naive,CAJAMARCA
2018-04-23,0.0,0.0,naive,CAJAMARCA
2018-04-30,0.0,0.0,naive,CAJAMARCA
2018-05-07,0.0,0.0,naive,CAJAMARCA
2018-05-14,0.0,0.0,naive,CAJAMARCA
2018-05-21,0.0,0.0,naive,CAJAMARCA
2018-05-28,0.0,0.0,naive,CAJAMARCA
2018-06-04,0.06979024541739802,0.0,naive,CAJAMARCA
2018-06-11,0.06979024541739802,0.0,naive,CAJAMARCA
2018-06-18,0.06979024541739802,0.0,naive,CAJAMARCA
2018-06-25,0.0,0.0,naive,CAJAMARCA
2018-07-02,0.0,0.0,naive,CAJAMARCA
2018-07-09,0.0,0.0,naive,CAJAMARCA
2018-07-16,0.0,0.0,naive,CAJAMARCA
2018-07-23,0.0,0.0,naive,CAJAMARCA
2018-07-30,0.06979024541739802,0.0,naive,CAJAMARCA
2018-08-06,0.13958049083479604,0.0,naive,CAJAMARCA
2018-08-13,0.13958049083479604,0.0,naive,CAJAMARCA
2018-08-20,0.13958049083479604,0.0,naive,CAJAMARCA
2018-08-27,0.06979024541739802,0.13958049083479604,naive,CAJAMARCA
2018-09-03,0.06979024541739802,0.13958049083479604,naive,CAJAMARCA
2018-09-10,0.0,0.13958049083479604,naive,CAJAMARCA
2018-09-17,0.06979024541739802,0.13958049083479604,naive,CAJAMARCA
2018-09-24,0.06979024541739802,0.06979024541739802,naive,CAJAMARCA
2018-10-01,0.06979024541739802,0.06979024541739802,naive,CAJAMARCA
2018-10-08,0.0,0.06979024541739802,naive,CAJAMARCA
2018-10-15,0.0,0.06979024541739802,naive,CAJAMARCA
2018-10-22,0.0,0.0,naive,CAJAMARCA
2018-10-29,0.0,0.0,naive,CAJAMARCA
2018-11-05,0.0,0.0,naive,CAJAMARCA
2018-11-12,0.0,0.0,naive,CAJAMARCA
2018-11-19,0.0,0.0,naive,CAJAMARCA
2018-11-26,0.0,0.0,naive,CAJAMARCA
2018-12-03,0.0,0.0,naive,CAJAMARCA
2018-12-10,0.0,0.0,naive,CAJAMARCA
2018-12-17,0.0,0.0,naive,CAJAMARCA
2018-12-24,0.0,0.0,naive,CAJAMARCA
2018-12-31,0.0,0.0,naive,CAJAMARCA
2019-01-07,0.0,0.0,naive,CAJAMARCA
2019-01-14,0.0,0.0,naive,CAJAMARCA
2019-01-21,0.0,0.0,naive,CAJAMARCA
2019-01-28,0.0,0.0,naive,CAJAMARCA
2019-02-04,0.0,0.0,naive,CAJAMARCA
2019-02-11,0.0,0.0,naive,CAJAMARCA
2019-02-18,0.0,0.0,naive,CAJAMARCA
2019-02-25,0.0,0.0,naive,CAJAMARCA
2019-03-04,0.0,0.0,naive,CAJAMARCA
2019-03-11,0.0,0.0,naive,CAJAMARCA
2019-03-18,0.06953121360475539,0.0,naive,CAJAMARCA
2019-03-25,0.06953121360475539,0.0,naive,CAJAMARCA
2019-04-01,0.06953121360475539,0.0,naive,CAJAMARCA
2019-04-08,0.0,0.06953121360475539,naive,CAJAMARCA
2019-04-15,0.0,0.06953121360475539,naive,CAJAMARCA
2019-04-22,0.0,0.06953121360475539,naive,CAJAMARCA
2019-04-29,0.0,0.06953121360475539,naive,CAJAMARCA
2019-05-06,0.0,0.0,naive,CAJAMARCA
2019-05-13,0.0,0.0,naive,CAJAMARCA
2019-05-20,0.0,0.0,naive,CAJAMARCA
2019-05-27,0.0,0.0,naive,CAJAMARCA
2019-06-03,0.0,0.0,naive,CAJAMARCA
2019-06-10,0.0,0.0,naive,CAJAMARCA
2019-06-17,0.0,0.0,naive,CAJAMARCA
2019-06-24,0.0,0.0,naive,CAJAMARCA
2019-07-01,0.0,0.0,naive,CAJAMARCA
2019-07-08,0.0,0.0,naive,CAJAMARCA
2019-07-15,0.0,0.0,naive,CAJAMARCA
2019-07-22,0.0,0.0,naive,CAJAMARCA
2019-07-29,0.0,0.0,naive,CAJAMARCA
2019-08-05,0.0,0.0,naive,CAJAMARCA
2019-08-12,0.0,0.0,naive,CAJAMARCA
2019-08-19,0.0,0.0,naive,CAJAMARCA
2019-08-26,0.0,0.0,naive,CAJAMARCA
2019-09-02,0.0,0.0,naive,CAJAMARCA
2019-09-09,0.0,0.0,naive,CAJAMARCA
2019-09-16,0.0,0.0,naive,CAJAMARCA
2019-09-23,0.0,0.0,naive,CAJAMARCA
2019-09-30,0.06953121360475539,0.0,naive,CAJAMARCA
2019-10-07,0.06953121360475539,0.0,naive,CAJAMARCA
2019-10-14,0.06953121360475539,0.0,naive,CAJAMARCA
2019-10-21,0.0,0.06953121360475539,naive,CAJAMARCA
2019-10-28,0.0,0.06953121360475539,naive,CAJAMARCA
2019-11-04,0.06953121360475539,0.06953121360475539,naive,CAJAMARCA
2019-11-11,0.06953121360475539,0.06953121360475539,naive,CAJAMARCA
2019-11-18,0.06953121360475539,0.06953121360475539,naive,CAJAMARCA
2019-11-25,0.0,0.06953121360475539,naive,CAJAMARCA
2019-12-02,0.0,0.06953121360475539,naive,CAJAMARCA
2019-12-09,0.0,0.06953121360475539,naive,CAJAMARCA
2019-12-16,0.0,0.0,naive,CAJAMARCA
2019-12-23,0.0,0.0,naive,CAJAMARCA
2019-12-30,0.0,0.0,naive,CAJAMARCA
2020-01-06,0.06927409751437612,0.0,naive,CAJAMARCA
2020-01-13,0.06927409751437612,0.06927409751437613,naive,CAJAMARCA
2020-01-20,0.06927409751437612,0.06927409751437613,naive,CAJAMARCA
2020-01-27,0.0,0.06927409751437613,naive,CAJAMARCA
2020-02-03,0.0,0.06927409751437613,naive,CAJAMARCA
2020-02-10,0.0,0.0,naive,CAJAMARCA
2020-02-17,0.0,0.0,naive,CAJAMARCA
2020-02-24,0.0,0.0,naive,CAJAMARCA
2020-03-02,0.0,0.0,naive,CAJAMARCA
2020-03-09,0.0,0.0,naive,CAJAMARCA
2020-03-16,0.0,0.0,naive,CAJAMARCA
2020-03-23,0.0,0.0,naive,CAJAMARCA
2020-03-30,0.0,0.0,naive,CAJAMARCA
2020-04-06,0.0,0.0,naive,CAJAMARCA
2020-04-13,0.0,0.0,naive,CAJAMARCA
2020-04-20,0.0,0.0,naive,CAJAMARCA
2020-04-27,0.0,0.0,naive,CAJAMARCA
2020-05-04,0.0,0.0,naive,CAJAMARCA
2020-05-11,0.0,0.0,naive,CAJAMARCA
2020-05-18,0.0,0.0,naive,CAJAMARCA
2020-05-25,0.0,0.0,naive,CAJAMARCA
2020-06-01,0.0,0.0,naive,CAJAMARCA
2020-06-08,0.0,0.0,naive,CAJAMARCA
2020-06-15,0.0,0.0,naive,CAJAMARCA
2020-06-22,0.0,0.0,naive,CAJAMARCA
2020-06-29,0.0,0.0,naive,CAJAMARCA
2020-07-06,0.0,0.0,naive,CAJAMARCA
2020-07-13,0.0,0.0,naive,CAJAMARCA
2020-07-20,0.0,0.0,naive,CAJAMARCA
2020-07-27,0.0,0.0,naive,CAJAMARCA
2020-08-03,0.0,0.0,naive,CAJAMARCA
2020-08-10,0.0,0.0,naive,CAJAMARCA
2020-08-17,0.0,0.0,naive,CAJAMARCA
2020-08-24,0.0,0.0,naive,CAJAMARCA
2020-08-31,0.0,0.0,naive,CAJAMARCA
2020-09-07,0.0,0.0,naive,CAJAMARCA
2020-09-14,0.0,0.0,naive,CAJAMARCA
2020-09-21,0.0,0.0,naive,CAJAMARCA
2020-09-28,0.0,0.0,naive,CAJAMARCA
2020-10-05,0.0,0.0,naive,CAJAMARCA
2020-10-12,0.0,0.0,naive,CAJAMARCA
2020-10-19,0.0,0.0,naive,CAJAMARCA
2020-10-26,0.0,0.0,naive,CAJAMARCA
2020-11-02,0.0,0.0,naive,CAJAMARCA
2020-11-09,0.0,0.0,naive,CAJAMARCA
2020-11-16,0.0,0.0,naive,CAJAMARCA
2020-11-23,0.0,0.0,naive,CAJAMARCA
2020-11-30,0.0,0.0,naive,CAJAMARCA
2020-12-07,0.0,0.0,naive,CAJAMARCA
2020-12-14,0.0,0.0,naive,CAJAMARCA
2020-12-21,0.0,0.0,naive,CAJAMARCA
2020-12-28,0.0,0.0,naive,CAJAMARCA
2021-01-04,0.0,0.0,naive,CAJAMARCA
2021-01-11,0.0,0.0,naive,CAJAMARCA
2021-01-18,0.0,0.0,naive,CAJAMARCA
2021-01-25,0.0,0.0,naive,CAJAMARCA
2021-02-01,0.0,0.0,naive,CAJAMARCA
2021-02-08,0.0,0.0,naive,CAJAMARCA
2021-02-15,0.0690188759723897,0.0,naive,CAJAMARCA
2021-02-22,0.0690188759723897,0.0,naive,CAJAMARCA
2021-03-01,0.0690188759723897,0.0,naive,CAJAMARCA
2021-03-08,0.0,0.06901887597238969,naive,CAJAMARCA
2021-03-15,0.0,0.06901887597238969,naive,CAJAMARCA
2021-03-22,0.0,0.06901887597238969,naive,CAJAMARCA
2021-03-29,0.0,0.06901887597238969,naive,CAJAMARCA
2021-04-05,0.0,0.0,naive,CAJAMARCA
2021-04-12,0.0,0.0,naive,CAJAMARCA
2021-04-19,0.0,0.0,naive,CAJAMARCA
2021-04-26,0.0,0.0,naive,CAJAMARCA
2021-05-03,0.0,0.0,naive,CAJAMARCA
2021-05-10,0.0,0.0,naive,CAJAMARCA
2021-05-17,0.0,0.0,naive,CAJAMARCA
2021-05-24,0.0,0.0,naive,CAJAMARCA
2021-05-31,0.0,0.0,naive,CAJAMARCA
2021-06-07,0.0,0.0,naive,CAJAMARCA
2021-06-14,0.0,0.0,naive,CAJAMARCA
2021-06-21,0.0,0.0,naive,CAJAMARCA
2021-06-28,0.0,0.0,naive,CAJAMARCA
2021-07-05,0.0,0.0,naive,CAJAMARCA
2021-07-12,0.0,0.0,naive,CAJAMARCA
2021-07-19,0.0,0.0,naive,CAJAMARCA
2021-07-26,0.0,0.0,naive,CAJAMARCA
2021-08-02,0.0,0.0,naive,CAJAMARCA
2021-08-09,0.0,0.0,naive,CAJAMARCA
2021-08-16,0.0,0.0,naive,CAJAMARCA
2021-08-23,0.0,0.0,naive,CAJAMARCA
2021-08-30,0.0,0.0,naive,CAJAMARCA
2021-09-06,0.0,0.0,naive,CAJAMARCA
2021-09-13,0.0,0.0,naive,CAJAMARCA
2021-09-20,0.0,0.0,naive,CAJAMARCA
2021-09-27,0.0,0.0,naive,CAJAMARCA
2021-10-04,0.0,0.0,naive,CAJAMARCA
2021-10-11,0.0,0.0,naive,CAJAMARCA
2021-10-18,0.0,0.0,naive,CAJAMARCA
2021-10-25,0.0,0.0,naive,CAJAMARCA
2021-11-01,0.0,0.0,naive,CAJAMARCA
2021-11-08,0.0,0.0,naive,CAJAMARCA
2021-11-15,0.0,0.0,naive,CAJAMARCA
2021-11-22,0.0,0.0,naive,CAJAMARCA
2021-11-29,0.0,0.0,naive,CAJAMARCA
2021-12-06,0.0,0.0,naive,CAJAMARCA
2021-12-13,0.0,0.0,naive,CAJAMARCA
2021-12-20,0.0,0.0,naive,CAJAMARCA
2021-12-27,0.0,0.0,naive,CAJAMARCA
2022-01-03,0.0,0.0,naive,CAJAMARCA
2022-01-10,0.0,0.0,naive,CAJAMARCA
2022-01-17,0.0,0.0,naive,CAJAMARCA
2022-01-24,0.0,0.0,naive,CAJAMARCA
2022-01-31,0.0,0.0,naive,CAJAMARCA
2022-02-07,0.0,0.0,naive,CAJAMARCA
2022-02-14,0.0,0.0,naive,CAJAMARCA
2022-02-21,0.0,0.0,naive,CAJAMARCA
2022-02-28,0.0,0.0,naive,CAJAMARCA
2022-03-07,0.0,0.0,naive,CAJAMARCA
2022-03-14,0.0,0.0,naive,CAJAMARCA
2022-03-21,0.0,0.0,naive,CAJAMARCA
2022-03-28,0.0,0.0,naive,CAJAMARCA
2022-04-04,0.0,0.0,naive,CAJAMARCA
2022-04-11,0.0,0.0,naive,CAJAMARCA
2022-04-18,0.0,0.0,naive,CAJAMARCA
2022-04-25,0.0,0.0,naive,CAJAMARCA
2022-05-02,0.0,0.0,naive,CAJAMARCA
2022-05-09,0.0,0.0,naive,CAJAMARCA
2022-05-16,0.0,0.0,naive,CAJAMARCA
2022-05-23,0.0,0.0,naive,CAJAMARCA
2022-05-30,0.0,0.0,naive,CAJAMARCA
2022-06-06,0.0,0.0,naive,CAJAMARCA
2022-06-13,0.0,0.0,naive,CAJAMARCA
2022-06-20,0.0,0.0,naive,CAJAMARCA
2022-06-27,0.0,0.0,naive,CAJAMARCA
2022-07-04,0.0,0.0,naive,CAJAMARCA
2022-07-11,0.0,0.0,naive,CAJAMARCA
2022-07-18,0.0,0.0,naive,CAJAMARCA
2022-07-25,0.0,0.0,naive,CAJAMARCA
2022-08-01,0.0,0.0,naive,CAJAMARCA
2022-08-08,0.0,0.0,naive,CAJAMARCA
2022-08-15,0.0,0.0,naive,CAJAMARCA
2022-08-22,0.0,0.0,naive,CAJAMARCA
2022-08-29,0.0,0.0,naive,CAJAMARCA
2022-09-05,0.0,0.0,naive,CAJAMARCA
2022-09-12,0.0,0.0,naive,CAJAMARCA
2022-09-19,0.0,0.0,naive,CAJAMARCA
2022-09-26,0.0,0.0,naive,CAJAMARCA
2022-10-03,0.0,0.0,naive,CAJAMARCA
2022-10-10,0.0,0.0,naive,CAJAMARCA
2022-10-17,0.0,0.0,naive,CAJAMARCA
2022-10-24,0.0,0.0,naive,CAJAMARCA
2022-10-31,0.0,0.0,naive,CAJAMARCA
2022-11-07,0.0,0.0,naive,CAJAMARCA
2022-11-14,0.0,0.0,naive,CAJAMARCA
2022-11-21,0.0,0.0,naive,CAJAMARCA
2022-11-28,0.0,0.0,naive,CAJAMARCA
2022-12-05,0.06876552811581767,0.0,naive,CAJAMARCA
2010-12-27,0.14288531167573038,0.14329193151792008,seasonal_naive,CAJAMARCA
2011-01-03,0.14288531167573038,0.0,seasonal_naive,CAJAMARCA
2011-01-10,0.14288531167573038,0.0,seasonal_naive,CAJAMARCA
2011-01-17,0.0,0.07144265583786519,seasonal_naive,CAJAMARCA
2011-01-24,0.0,0.07144265583786519,seasonal_naive,CAJAMARCA
2011-01-31,0.0,0.07144265583786519,seasonal_naive,CAJAMARCA
2011-02-07,0.0,0.0,seasonal_naive,CAJAMARCA
2011-02-14,0.0,0.0,seasonal_naive,CAJAMARCA
2011-02-21,0.07124049651776453,0.0,seasonal_naive,CAJAMARCA
2011-02-28,0.07124049651776453,0.0,seasonal_naive,CAJAMARCA
2011-03-07,0.07124049651776453,0.0,seasonal_naive,CAJAMARCA
2011-03-14,0.0,0.0,seasonal_naive,CAJAMARCA
2011-03-21,0.07124049651776453,0.0,seasonal_naive,CAJAMARCA
2011-03-28,0.07124049651776453,0.0,seasonal_naive,CAJAMARCA
2011-04-04,0.07124049651776453,0.0,seasonal_naive,CAJAMARCA
2011-04-11,0.0,0.0,seasonal_naive,CAJAMARCA
2011-04-18,0.0,0.07144265583786519,seasonal_naive,CAJAMARCA
2011-04-25,0.0,0.07144265583786519,seasonal_naive,CAJAMARCA
2011-05-02,0.0,0.07144265583786519,seasonal_naive,CAJAMARCA
2011-05-09,0.0,0.07144265583786519,seasonal_naive,CAJAMARCA
2011-05-16,0.0,0.07144265583786519,seasonal_naive,CAJAMARCA
2011-05-23,0.0,0.07144265583786519,seasonal_naive,CAJAMARCA
2011-05-30,0.07124049651776453,0.0,seasonal_naive,CAJAMARCA
2011-06-06,0.07124049651776453,0.07144265583786519,seasonal_naive,CAJAMARCA
2011-06-13,0.07124049651776453,0.14288531167573038,seasonal_naive,CAJAMARCA
2011-06-20,0.07124049651776453,0.14288531167573038,seasonal_naive,CAJAMARCA
2011-06-27,0.07124049651776453,0.07144265583786519,seasonal_naive,CAJAMARCA
2011-07-04,0.07124049651776453,0.07144265583786519,seasonal_naive,CAJAMARCA
2011-07-11,0.0,0.07144265583786519,seasonal_naive,CAJAMARCA
2011-07-18,0.0,0.14288531167573038,seasonal_naive,CAJAMARCA
2011-07-25,0.07124049651776453,0.07144265583786519,seasonal_naive,CAJAMARCA
2011-08-01,0.07124049651776453,0.07144265583786519,seasonal_naive,CAJAMARCA
2011-08-08,0.07124049651776453,0.0,seasonal_naive,CAJAMARCA
2011-08-15,0.0,0.0,seasonal_naive,CAJAMARCA
2011-08-22,0.0,0.0,seasonal_naive,CAJAMARCA
2011-08-29,0.0,0.0,seasonal_naive,CAJAMARCA
2011-09-05,0.0,0.0,seasonal_naive,CAJAMARCA
2011-09-12,0.0,0.07144265583786519,seasonal_naive,CAJAMARCA
2011-09-19,0.0,0.07144265583786519,seasonal_naive,CAJAMARCA
2011-09-26,0.0,0.07144265583786519,seasonal_naive,CAJAMARCA
2011-10-03,0.0,0.0,seasonal_naive,CAJAMARCA
2011-10-10,0.0,0.0,seasonal_naive,CAJAMARCA
2011-10-17,0.0,0.0,seasonal_naive,CAJAMARCA
2011-10-24,0.0,0.0,seasonal_naive,CAJAMARCA
2011-10-31,0.0,0.0,seasonal_naive,CAJAMARCA
2011-11-07,0.0,0.07144265583786519,seasonal_naive,CAJAMARCA
2011-11-14,0.0,0.07144265583786519,seasonal_naive,CAJAMARCA
2011-11-21,0.0,0.07144265583786519,seasonal_naive,CAJAMARCA
2011-11-28,0.0,0.0,seasonal_naive,CAJAMARCA
2011-12-05,0.0,0.0,seasonal_naive,CAJAMARCA
2011-12-12,0.0,0.0,seasonal_naive,CAJAMARCA
2011-12-19,0.0,0.0,seasonal_naive,CAJAMARCA
2011-12-26,0.0,0.14288531167573038,seasonal_naive,CAJAMARCA
2012-01-02,0.0,0.14288531167573038,seasonal_naive,CAJAMARCA
2012-01-09,0.0,0.14288531167573038,seasonal_naive,CAJAMARCA
2012-01-16,0.0,0.0,seasonal_naive,CAJAMARCA
2012-01-23,0.0,0.0,seasonal_naive,CAJAMARCA
2012-01-30,0.0,0.0,seasonal_naive,CAJAMARCA
2012-02-06,0.0,0.0,seasonal_naive,CAJAMARCA
2012-02-13,0.0,0.0,seasonal_naive,CAJAMARCA
2012-02-20,0.0,0.07124049651776454,seasonal_naive,CAJAMARCA
2012-02-27,0.0710394780587468,0.07124049651776454,seasonal_naive,CAJAMARCA
2012-03-05,0.2131184341762404,0.07124049651776454,seasonal_naive,CAJAMARCA
2012-03-12,0.21311843417624043,0.0,seasonal_naive,CAJAMARCA
2012-03-19,0.2131184341762404,0.07124049651776454,seasonal_naive,CAJAMARCA
2012-03-26,0.14207895611749363,0.07124049651776454,seasonal_naive,CAJAMARCA
2012-04-02,0.14207895611749363,0.07124049651776454,seasonal_naive,CAJAMARCA
2012-04-09,0.07103947805874682,0.0,seasonal_naive,CAJAMARCA
2012-04-16,0.0,0.0,seasonal_naive,CAJAMARCA
2012-04-23,0.0,0.0,seasonal_naive,CAJAMARCA
2012-04-30,0.14207895611749363,0.0,seasonal_naive,CAJAMARCA
2012-05-07,0.21311843417624043,0.0,seasonal_naive,CAJAMARCA
2012-05-14,0.21311843417624043,0.0,seasonal_naive,CAJAMARCA
2012-05-21,0.07103947805874682,0.0,seasonal_naive,CAJAMARCA
2012-05-28,0.0,0.07124049651776454,seasonal_naive,CAJAMARCA
2012-06-04,0.0,0.07124049651776454,seasonal_naive,CAJAMARCA
2012-06-11,0.07103947805874682,0.07124049651776454,seasonal_naive,CAJAMARCA
2012-06-18,0.07103947805874682,0.07124049651776454,seasonal_naive,CAJAMARCA
2012-06-25,0.07103947805874682,0.07124049651776454,seasonal_naive,CAJAMARCA
2012-07-02,0.0,0.07124049651776454,seasonal_naive,CAJAMARCA
2012-07-09,0.0,0.0,seasonal_naive,CAJAMARCA
2012-07-16,0.0,0.0,seasonal_naive,CAJAMARCA
2012-07-23,0.0,0.07124049651776454,seasonal_naive,CAJAMARCA
2012-07-30,0.0,0.07124049651776454,seasonal_naive,CAJAMARCA
2012-08-06,0.07103947805874682,0.07124049651776454,seasonal_naive,CAJAMARCA
2012-08-13,0.07103947805874682,0.0,seasonal_naive,CAJAMARCA
2012-08-20,0.07103947805874682,0.0,seasonal_naive,CAJAMARCA
2012-08-27,0.0,0.0,seasonal_naive,CAJAMARCA
2012-09-03,0.07103947805874682,0.0,seasonal_naive,CAJAMARCA
2012-09-10,0.07103947805874682,0.0,seasonal_naive,CAJAMARCA
2012-09-17,0.07103947805874682,0.0,seasonal_naive,CAJAMARCA
2012-09-24,0.0,0.0,seasonal_naive,CAJAMARCA
2012-10-01,0.0,0.0,seasonal_naive,CAJAMARCA
2012-10-08,0.0,0.0,seasonal_naive,CAJAMARCA
2012-10-15,0.0,0.0,seasonal_naive,CAJAMARCA
2012-10-22,0.0,0.0,seasonal_naive,CAJAMARCA
2012-10-29,0.0,0.0,seasonal_naive,CAJAMARCA
2012-11-05,0.0,0.0,seasonal_naive,CAJAMARCA
2012-11-12,0.0,0.0,seasonal_naive,CAJAMARCA
2012-11-19,0.07103947805874682,0.0,seasonal_naive,CAJAMARCA
2012-11-26,0.14207895611749363,0.0,seasonal_naive,CAJAMARCA
2012-12-03,0.14207895611749363,0.0,seasonal_naive,CAJAMARCA
2012-12-10,0.07103947805874682,0.0,seasonal_naive,CAJAMARCA
2012-12-17,0.0,0.0,seasonal_naive,CAJAMARCA
2012-12-24,0.07103947805874682,0.0,seasonal_naive,CAJAMARCA
2012-12-31,0.21311843417624043,0.0,seasonal_naive,CAJAMARCA
2013-01-07,0.21311843417624043,0.0,seasonal_naive,CAJAMARCA
2013-01-14,0.1420789561174936,0.0,seasonal_naive,CAJAMARCA
2013-01-21,0.07083964101303522,0.0,seasonal_naive,CAJAMARCA
2013-01-28,0.07083964101303522,0.0,seasonal_naive,CAJAMARCA
2013-02-04,0.1416792820260704,0.0,seasonal_naive,CAJAMARCA
2013-02-11,0.07083964101303522,0.0,seasonal_naive,CAJAMARCA
2013-02-18,0.1416792820260704,0.0,seasonal_naive,CAJAMARCA
2013-02-25,0.07083964101303522,0.07103947805874679,seasonal_naive,CAJAMARCA
2013-03-04,0.07083964101303522,0.21311843417624038,seasonal_naive,CAJAMARCA
2013-03-11,0.0,0.21311843417624046,seasonal_naive,CAJAMARCA
2013-03-18,0.0,0.21311843417624038,seasonal_naive,CAJAMARCA
2013-03-25,0.0,0.14207895611749366,seasonal_naive,CAJAMARCA
2013-04-01,0.0,0.14207895611749366,seasonal_naive,CAJAMARCA
2013-04-08,0.0,0.0710394780587468,seasonal_naive,CAJAMARCA
2013-04-15,0.0,0.0,seasonal_naive,CAJAMARCA
2013-04-22,0.07083964101303522,0.0,seasonal_naive,CAJAMARCA
2013-04-29,0.07083964101303522,0.14207895611749366,seasonal_naive,CAJAMARCA
2013-05-06,0.07083964101303522,0.21311843417624046,seasonal_naive,CAJAMARCA
2013-05-13,0.0,0.21311843417624046,seasonal_naive,CAJAMARCA
2013-05-20,0.0,0.0710394780587468,seasonal_naive,CAJAMARCA
2013-05-27,0.0,0.0,seasonal_naive,CAJAMARCA
2013-06-03,0.1416792820260704,0.0,seasonal_naive,CAJAMARCA
2013-06-10,0.2125189230391056,0.0710394780587468,seasonal_naive,CAJAMARCA
2013-06-17,0.2125189230391056,0.0710394780587468,seasonal_naive,CAJAMARCA
2013-06-24,0.07083964101303522,0.0710394780587468,seasonal_naive,CAJAMARCA
2013-07-01,0.0,0.0,seasonal_naive,CAJAMARCA
2013-07-08,0.0,0.0,seasonal_naive,CAJAMARCA
2013-07-15,0.07083964101303522,0.0,seasonal_naive,CAJAMARCA
2013-07-22,0.07083964101303522,0.0,seasonal_naive,CAJAMARCA
2013-07-29,0.07083964101303522,0.0,seasonal_naive,CAJAMARCA
2013-08-05,0.0,0.0710394780587468,seasonal_naive,CAJAMARCA
2013-08-12,0.0,0.0710394780587468,seasonal_naive,CAJAMARCA
2013-08-19,0.0,0.0710394780587468,seasonal_naive,CAJAMARCA
2013-08-26,0.07083964101303522,0.0,seasonal_naive,CAJAMARCA
2013-09-02,0.07083964101303522,0.0710394780587468,seasonal_naive,CAJAMARCA
2013-09-09,0.07083964101303522,0.0710394780587468,seasonal_naive,CAJAMARCA
2013-09-16,0.1416792820260704,0.0710394780587468,seasonal_naive,CAJAMARCA
2013-09-23,0.1416792820260704,0.0,seasonal_naive,CAJAMARCA
2013-09-30,0.1416792820260704,0.0,seasonal_naive,CAJAMARCA
2013-10-07,0.07083964101303522,0.0,seasonal_naive,CAJAMARCA
2013-10-14,0.07083964101303522,0.0,seasonal_naive,CAJAMARCA
2013-10-21,0.07083964101303522,0.0,seasonal_naive,CAJAMARCA
2013-10-28,0.07083964101303522,0.0,seasonal_naive,CAJAMARCA
2013-11-04,0.07083964101303522,0.0,seasonal_naive,CAJAMARCA
2013-11-11,0.07083964101303522,0.0,seasonal_naive,CAJAMARCA
2013-11-18,0.0,0.0710394780587468,seasonal_naive,CAJAMARCA
2013-11-25,0.0,0.14207895611749366,seasonal_naive,CAJAMARCA
2013-12-02,0.0,0.14207895611749366,seasonal_naive,CAJAMARCA
2013-12-09,0.0,0.0710394780587468,seasonal_naive,CAJAMARCA
2013-12-16,0.0,0.0,seasonal_naive,CAJAMARCA
2013-12-23,0.0,0.0710394780587468,seasonal_naive,CAJAMARCA
2013-12-30,0.0,0.21311843417624046,seasonal_naive,CAJAMARCA
2014-01-06,0.0,0.21311843417624046,seasonal_naive,CAJAMARCA
2014-01-13,0.0,0.14207895611749363,seasonal_naive,CAJAMARCA
2014-01-20,0.0,0.07083964101303522,seasonal_naive,CAJAMARCA
2014-01-27,0.0,0.07083964101303522,seasonal_naive,CAJAMARCA
2014-02-03,0.0,0.1416792820260704,seasonal_naive,CAJAMARCA
2014-02-10,0.0,0.07083964101303522,seasonal_naive,CAJAMARCA
2014-02-17,0.0,0.1416792820260704,seasonal_naive,CAJAMARCA
2014-02-24,0.0,0.07083964101303522,seasonal_naive,CAJAMARCA
2014-03-03,0.0,0.07083964101303522,seasonal_naive,CAJAMARCA
2014-03-10,0.0,0.0,seasonal_naive,CAJAMARCA
2014-03-17,0.0,0.0,seasonal_naive,CAJAMARCA
2014-03-24,0.0,0.0,seasonal_naive,CAJAMARCA
2014-03-31,0.0,0.0,seasonal_naive,CAJAMARCA
2014-04-07,0.0,0.0,seasonal_naive,CAJAMARCA
2014-04-14,0.0,0.0,seasonal_naive,CAJAMARCA
2014-04-21,0.0,0.07083964101303522,seasonal_naive,CAJAMARCA
2014-04-28,0.0,0.07083964101303522,seasonal_naive,CAJAMARCA
2014-05-05,0.0,0.07083964101303522,seasonal_naive,CAJAMARCA
2014-05-12,0.0,0.0,seasonal_naive,CAJAMARCA
2014-05-19,0.0,0.0,seasonal_naive,CAJAMARCA
2014-05-26,0.0,0.0,seasonal_naive,CAJAMARCA
2014-06-02,0.0,0.1416792820260704,seasonal_naive,CAJAMARCA
2014-06-09,0.0,0.2125189230391056,seasonal_naive,CAJAMARCA
2014-06-16,0.0,0.2125189230391056,seasonal_naive,CAJAMARCA
2014-06-23,0.07064087521218755,0.07083964101303522,seasonal_naive,CAJAMARCA
2014-06-30,0.07064087521218755,0.0,seasonal_naive,CAJAMARCA
2014-07-07,0.07064087521218755,0.0,seasonal_naive,CAJAMARCA
2014-07-14,0.0,0.07083964101303522,seasonal_naive,CAJAMARCA
2014-07-21,0.0,0.07083964101303522,seasonal_naive,CAJAMARCA
2014-07-28,0.0,0.07083964101303522,seasonal_naive,CAJAMARCA
2014-08-04,0.07064087521218755,0.0,seasonal_naive,CAJAMARCA
2014-08-11,0.07064087521218755,0.0,seasonal_naive,CAJAMARCA
2014-08-18,0.07064087521218755,0.0,seasonal_naive,CAJAMARCA
2014-08-25,0.0,0.07083964101303522,seasonal_naive,CAJAMARCA
2014-09-01,0.0,0.07083964101303522,seasonal_naive,CAJAMARCA
2014-09-08,0.0,0.07083964101303522,seasonal_naive,CAJAMARCA
2014-09-15,0.0,0.1416792820260704,seasonal_naive,CAJAMARCA
2014-09-22,0.0,0.1416792820260704,seasonal_naive,CAJAMARCA
2014-09-29,0.0,0.1416792820260704,seasonal_naive,CAJAMARCA
2014-10-06,0.0,0.07083964101303522,seasonal_naive,CAJAMARCA
2014-10-13,0.0,0.07083964101303522,seasonal_naive,CAJAMARCA
2014-10-20,0.0,0.07083964101303522,seasonal_naive,CAJAMARCA
2014-10-27,0.14128175042437507,0.07083964101303522,seasonal_naive,CAJAMARCA
2014-11-03,0.14128175042437507,0.07083964101303522,seasonal_naive,CAJAMARCA
2014-11-10,0.14128175042437507,0.07083964101303522,seasonal_naive,CAJAMARCA
2014-11-17,0.0,0.0,seasonal_naive,CAJAMARCA
2014-11-24,0.0,0.0,seasonal_naive,CAJAMARCA
2014-12-01,0.0,0.0,seasonal_naive,CAJAMARCA
2014-12-08,0.0,0.0,seasonal_naive,CAJAMARCA
2014-12-15,0.0,0.0,seasonal_naive,CAJAMARCA
2014-12-22,0.0,0.0,seasonal_naive,CAJAMARCA
2014-12-29,0.0,0.0,seasonal_naive,CAJAMARCA
2015-01-05,0.0,0.0,seasonal_naive,CAJAMARCA
2015-01-12,0.0,0.0,seasonal_naive,CAJAMARCA
2015-01-19,0.07044322170665614,0.0,seasonal_naive,CAJAMARCA
2015-01-26,0.07044322170665614,0.0,seasonal_naive,CAJAMARCA
2015-02-02,0.07044322170665614,0.0,seasonal_naive,CAJAMARCA
2015-02-09,0.0,0.0,seasonal_naive,CAJAMARCA
2015-02-16,0.0,0.0,seasonal_naive,CAJAMARCA
2015-02-23,0.0,0.0,seasonal_naive,CAJAMARCA
2015-03-02,0.0,0.0,seasonal_naive,CAJAMARCA
2015-03-09,0.07044322170665614,0.0,seasonal_naive,CAJAMARCA
2015-03-16,0.07044322170665614,0.0,seasonal_naive,CAJAMARCA
2015-03-23,0.07044322170665614,0.0,seasonal_naive,CAJAMARCA
2015-03-30,0.0,0.0,seasonal_naive,CAJAMARCA
2015-04-06,0.0,0.0,seasonal_naive,CAJAMARCA
2015-04-13,0.0,0.0,seasonal_naive,CAJAMARCA
2015-04-20,0.0,0.0,seasonal_naive,CAJAMARCA
2015-04-27,0.0,0.0,seasonal_naive,CAJAMARCA
2015-05-04,0.0,0.0,seasonal_naive,CAJAMARCA
2015-05-11,0.0,0.0,seasonal_naive,CAJAMARCA
2015-05-18,0.0,0.0,seasonal_naive,CAJAMARCA
2015-05-25,0.0,0.0,seasonal_naive,CAJAMARCA
2015-06-01,0.0,0.0,seasonal_naive,CAJAMARCA
2015-06-08,0.0,0.0,seasonal_naive,CAJAMARCA
2015-06-15,0.0,0.0,seasonal_naive,CAJAMARCA
2015-06-22,0.0,0.07064087521218755,seasonal_naive,CAJAMARCA
2015-06-29,0.07044322170665614,0.07064087521218755,seasonal_naive,CAJAMARCA
2015-07-06,0.07044322170665614,0.07064087521218755,seasonal_naive,CAJAMARCA
2015-07-13,0.07044322170665614,0.0,seasonal_naive,CAJAMARCA
2015-07-20,0.0,0.0,seasonal_naive,CAJAMARCA
2015-07-27,0.0,0.0,seasonal_naive,CAJAMARCA
2015-08-03,0.0,0.07064087521218755,seasonal_naive,CAJAMARCA
2015-08-10,0.0,0.07064087521218755,seasonal_naive,CAJAMARCA
2015-08-17,0.0,0.07064087521218755,seasonal_naive,CAJAMARCA
2015-08-24,0.0,0.0,seasonal_naive,CAJAMARCA
2015-08-31,0.0,0.0,seasonal_naive,CAJAMARCA
2015-09-07,0.0,0.0,seasonal_naive,CAJAMARCA
2015-09-14,0.0,0.0,seasonal_naive,CAJAMARCA
2015-09-21,0.0,0.0,seasonal_naive,CAJAMARCA
2015-09-28,0.07044322170665614,0.0,seasonal_naive,CAJAMARCA
2015-10-05,0.07044322170665614,0.0,seasonal_naive,CAJAMARCA
2015-10-12,0.07044322170665614,0.0,seasonal_naive,CAJAMARCA
2015-10-19,0.0,0.0,seasonal_naive,CAJAMARCA
2015-10-26,0.0,0.14128175042437507,seasonal_naive,CAJAMARCA
2015-11-02,0.0,0.14128175042437507,seasonal_naive,CAJAMARCA
2015-11-09,0.0,0.14128175042437507,seasonal_naive,CAJAMARCA
2015-11-16,0.0,0.0,seasonal_naive,CAJAMARCA
2015-11-23,0.0,0.0,seasonal_naive,CAJAMARCA
2015-11-30,0.0,0.0,seasonal_naive,CAJAMARCA
2015-12-07,0.0,0.0,seasonal_naive,CAJAMARCA
2015-12-14,0.0,0.0,seasonal_naive,CAJAMARCA
2015-12-21,0.0,0.0,seasonal_naive,CAJAMARCA
2015-12-28,0.0,0.0,seasonal_naive,CAJAMARCA
2016-01-04,0.0,0.0,seasonal_naive,CAJAMARCA
2016-01-11,0.0,0.0,seasonal_naive,CAJAMARCA
2016-01-18,0.0,0.07044322170665615,seasonal_naive,CAJAMARCA
2016-01-25,0.0,0.07044322170665615,seasonal_naive,CAJAMARCA
2016-02-01,0.0,0.07044322170665615,seasonal_naive,CAJAMARCA
2016-02-08,0.0,0.0,seasonal_naive,CAJAMARCA
2016-02-15,0.0,0.0,seasonal_naive,CAJAMARCA
2016-02-22,0.0,0.0,seasonal_naive,CAJAMARCA
2016-02-29,0.0,0.0,seasonal_naive,CAJAMARCA
2016-03-07,0.0,0.07044322170665615,seasonal_naive,CAJAMARCA
2016-03-14,0.0,0.07044322170665615,seasonal_naive,CAJAMARCA
2016-03-21,0.0,0.07044322170665615,seasonal_naive,CAJAMARCA
2016-03-28,0.0,0.0,seasonal_naive,CAJAMARCA
2016-04-04,0.07024667118586919,0.0,seasonal_naive,CAJAMARCA
2016-04-11,0.07024667118586919,0.0,seasonal_naive,CAJAMARCA
2016-04-18,0.07024667118586919,0.0,seasonal_naive,CAJAMARCA
2016-04-25,0.0,0.0,seasonal_naive,CAJAMARCA
2016-05-02,0.07024667118586919,0.0,seasonal_naive,CAJAMARCA
2016-05-09,0.07024667118586919,0.0,seasonal_naive,CAJAMARCA
2016-05-16,0.07024667118586919,0.0,seasonal_naive,CAJAMARCA
2016-05-23,0.0,0.0,seasonal_naive,CAJAMARCA
2016-05-30,0.0,0.0,seasonal_naive,CAJAMARCA
2016-06-06,0.07024667118586919,0.0,seasonal_naive,CAJAMARCA
2016-06-13,0.07024667118586919,0.0,seasonal_naive,CAJAMARCA
2016-06-20,0.07024667118586919,0.0,seasonal_naive,CAJAMARCA
2016-06-27,0.0,0.07044322170665615,seasonal_naive,CAJAMARCA
2016-07-04,0.0,0.07044322170665615,seasonal_naive,CAJAMARCA
2016-07-11,0.0,0.07044322170665615,seasonal_naive,CAJAMARCA
2016-07-18,0.0,0.0,seasonal_naive,CAJAMARCA
2016-07-25,0.0,0.0,seasonal_naive,CAJAMARCA
2016-08-01,0.0,0.0,seasonal_naive,CAJAMARCA
2016-08-08,0.0,0.0,seasonal_naive,CAJAMARCA
2016-08-15,0.0,0.0,seasonal_naive,CAJAMARCA
2016-08-22,0.0,0.0,seasonal_naive,CAJAMARCA
2016-08-29,0.0,0.0,seasonal_naive,CAJAMARCA
2016-09-05,0.0,0.0,seasonal_naive,CAJAMARCA
2016-09-12,0.0,0.0,seasonal_naive,CAJAMARCA
2016-09-19,0.0,0.0,seasonal_naive,CAJAMARCA
2016-09-26,0.0,0.07044322170665615,seasonal_naive,CAJAMARCA
2016-10-03,0.07024667118586919,0.07044322170665615,seasonal_naive,CAJAMARCA
2016-10-10,0.07024667118586919,0.07044322170665615,seasonal_naive,CAJAMARCA
2016-10-17,0.07024667118586919,0.0,seasonal_naive,CAJAMARCA
2016-10-24,0.0,0.0,seasonal_naive,CAJAMARCA
2016-10-31,0.0,0.0,seasonal_naive,CAJAMARCA
2016-11-07,0.0,0.0,seasonal_naive,CAJAMARCA
2016-11-14,0.0,0.0,seasonal_naive,CAJAMARCA
2016-11-21,0.07024667118586919,0.0,seasonal_naive,CAJAMARCA
2016-11-28,0.07024667118586919,0.0,seasonal_naive,CAJAMARCA
2016-12-05,0.07024667118586919,0.0,seasonal_naive,CAJAMARCA
2016-12-12,0.0,0.0,seasonal_naive,CAJAMARCA
2016-12-19,0.0,0.0,seasonal_naive,CAJAMARCA
2016-12-26,0.0,0.0,seasonal_naive,CAJAMARCA
2017-01-02,0.0,0.0,seasonal_naive,CAJAMARCA
2017-01-09,0.0700512144428792,0.0,seasonal_naive,CAJAMARCA
2017-01-16,0.0700512144428792,0.0,seasonal_naive,CAJAMARCA
2017-01-23,0.0700512144428792,0.0,seasonal_naive,CAJAMARCA
2017-01-30,0.0,0.0,seasonal_naive,CAJAMARCA
2017-02-06,0.0,0.0,seasonal_naive,CAJAMARCA
2017-02-13,0.0,0.0,seasonal_naive,CAJAMARCA
2017-02-20,0.0,0.0,seasonal_naive,CAJAMARCA
2017-02-27,0.0,0.0,seasonal_naive,CAJAMARCA
2017-03-06,0.0,0.0,seasonal_naive,CAJAMARCA
2017-03-13,0.0,0.0,seasonal_naive,CAJAMARCA
2017-03-20,0.0,0.0,seasonal_naive,CAJAMARCA
2017-03-27,0.0,0.0,seasonal_naive,CAJAMARCA
2017-04-03,0.0,0.0702466711858692,seasonal_naive,CAJAMARCA
2017-04-10,0.0,0.0702466711858692,seasonal_naive,CAJAMARCA
2017-04-17,0.0,0.0702466711858692,seasonal_naive,CAJAMARCA
2017-04-24,0.0,0.0,seasonal_naive,CAJAMARCA
2017-05-01,0.0,0.0702466711858692,seasonal_naive,CAJAMARCA
2017-05-08,0.0,0.0702466711858692,seasonal_naive,CAJAMARCA
2017-05-15,0.0,0.0702466711858692,seasonal_naive,CAJAMARCA
2017-05-22,0.0,0.0,seasonal_naive,CAJAMARCA
2017-05-29,0.0700512144428792,0.0,seasonal_naive,CAJAMARCA
2017-06-05,0.0700512144428792,0.0702466711858692,seasonal_naive,CAJAMARCA
2017-06-12,0.0700512144428792,0.0702466711858692,seasonal_naive,CAJAMARCA
2017-06-19,0.0,0.0702466711858692,seasonal_naive,CAJAMARCA
2017-06-26,0.0,0.0,seasonal_naive,CAJAMARCA
2017-07-03,0.0,0.0,seasonal_naive,CAJAMARCA
2017-07-10,0.0,0.0,seasonal_naive,CAJAMARCA
2017-07-17,0.0,0.0,seasonal_naive,CAJAMARCA
2017-07-24,0.0,0.0,seasonal_naive,CAJAMARCA
2017-07-31,0.0,0.0,seasonal_naive,CAJAMARCA
2017-08-07,0.0,0.0,seasonal_naive,CAJAMARCA
2017-08-14,0.0700512144428792,0.0,seasonal_naive,CAJAMARCA
2017-08-21,0.0700512144428792,0.0,seasonal_naive,CAJAMARCA
2017-08-28,0.0700512144428792,0.0,seasonal_naive,CAJAMARCA
2017-09-04,0.0,0.0,seasonal_naive,CAJAMARCA
2017-09-11,0.0,0.0,seasonal_naive,CAJAMARCA
2017-09-18,0.0700512144428792,0.0,seasonal_naive,CAJAMARCA
2017-09-25,0.0700512144428792,0.0,seasonal_naive,CAJAMARCA
2017-10-02,0.0700512144428792,0.0702466711858692,seasonal_naive,CAJAMARCA
2017-10-09,0.0,0.0702466711858692,seasonal_naive,CAJAMARCA
2017-10-16,0.0700512144428792,0.0702466711858692,seasonal_naive,CAJAMARCA
2017-10-23,0.0700512144428792,0.0,seasonal_naive,CAJAMARCA
2017-10-30,0.0700512144428792,0.0,seasonal_naive,CAJAMARCA
2017-11-06,0.0,0.0,seasonal_naive,CAJAMARCA
2017-11-13,0.0700512144428792,0.0,seasonal_naive,CAJAMARCA
2017-11-20,0.0700512144428792,0.0702466711858692,seasonal_naive,CAJAMARCA
2017-11-27,0.0700512144428792,0.0702466711858692,seasonal_naive,CAJAMARCA
2017-12-04,0.0,0.0702466711858692,seasonal_naive,CAJAMARCA
2017-12-11,0.0,0.0,seasonal_naive,CAJAMARCA
2017-12-18,0.0,0.0,seasonal_naive,CAJAMARCA
2017-12-25,0.0,0.0,seasonal_naive,CAJAMARCA
2018-01-01,0.0,0.0,seasonal_naive,CAJAMARCA
2018-01-08,0.0,0.0700512144428792,seasonal_naive,CAJAMARCA
2018-01-15,0.0,0.0700512144428792,seasonal_naive,CAJAMARCA
2018-01-22,0.0,0.0700512144428792,seasonal_naive,CAJAMARCA
2018-01-29,0.06979024541739802,0.0,seasonal_naive,CAJAMARCA
2018-02-05,0.06979024541739802,0.0,seasonal_naive,CAJAMARCA
2018-02-12,0.06979024541739802,0.0,seasonal_naive,CAJAMARCA
2018-02-19,0.0,0.0,seasonal_naive,CAJAMARCA
2018-02-26,0.0,0.0,seasonal_naive,CAJAMARCA
2018-03-05,0.0,0.0,seasonal_naive,CAJAMARCA
2018-03-12,0.0,0.0,seasonal_naive,CAJAMARCA
2018-03-19,0.0,0.0,seasonal_naive,CAJAMARCA
2018-03-26,0.0,0.0,seasonal_naive,CAJAMARCA
2018-04-02,0.0,0.0,seasonal_naive,CAJAMARCA
2018-04-09,0.0,0.0,seasonal_naive,CAJAMARCA
2018-04-16,0.0,0.0,seasonal_naive,CAJAMARCA
2018-04-23,0.0,0.0,seasonal_naive,CAJAMARCA
2018-04-30,0.0,0.0,seasonal_naive,CAJAMARCA
2018-05-07,0.0,0.0,seasonal_naive,CAJAMARCA
2018-05-14,0.0,0.0,seasonal_naive,CAJAMARCA
2018-05-21,0.0,0.0,seasonal_naive,CAJAMARCA
2018-05-28,0.0,0.0700512144428792,seasonal_naive,CAJAMARCA
2018-06-04,0.06979024541739802,0.0700512144428792,seasonal_naive,CAJAMARCA
2018-06-11,0.06979024541739802,0.0700512144428792,seasonal_naive,CAJAMARCA
2018-06-18,0.06979024541739802,0.0,seasonal_naive,CAJAMARCA
2018-06-25,0.0,0.0,seasonal_naive,CAJAMARCA
2018-07-02,0.0,0.0,seasonal_naive,CAJAMARCA
2018-07-09,0.0,0.0,seasonal_naive,CAJAMARCA
2018-07-16,0.0,0.0,seasonal_naive,CAJAMARCA
2018-07-23,0.0,0.0,seasonal_naive,CAJAMARCA
2018-07-30,0.06979024541739802,0.0,seasonal_naive,CAJAMARCA
2018-08-06,0.13958049083479604,0.0,seasonal_naive,CAJAMARCA
2018-08-13,0.13958049083479604,0.0700512144428792,seasonal_naive,CAJAMARCA
2018-08-20,0.13958049083479604,0.0700512144428792,seasonal_naive,CAJAMARCA
2018-08-27,0.06979024541739802,0.0700512144428792,seasonal_naive,CAJAMARCA
2018-09-03,0.06979024541739802,0.0,seasonal_naive,CAJAMARCA
2018-09-10,0.0,0.0,seasonal_naive,CAJAMARCA
2018-09-17,0.06979024541739802,0.0700512144428792,seasonal_naive,CAJAMARCA
2018-09-24,0.06979024541739802,0.0700512144428792,seasonal_naive,CAJAMARCA
2018-10-01,0.06979024541739802,0.0700512144428792,seasonal_naive,CAJAMARCA
2018-10-08,0.0,0.0,seasonal_naive,CAJAMARCA
2018-10-15,0.0,0.0700512144428792,seasonal_naive,CAJAMARCA
2018-10-22,0.0,0.0700512144428792,seasonal_naive,CAJAMARCA
2018-10-29,0.0,0.0700512144428792,seasonal_naive,CAJAMARCA
2018-11-05,0.0,0.0,seasonal_naive,CAJAMARCA
2018-11-12,0.0,0.0700512144428792,seasonal_naive,CAJAMARCA
2018-11-19,0.0,0.0700512144428792,seasonal_naive,CAJAMARCA
2018-11-26,0.0,0.0700512144428792,seasonal_naive,CAJAMARCA
2018-12-03,0.0,0.0,seasonal_naive,CAJAMARCA
2018-12-10,0.0,0.0,seasonal_naive,CAJAMARCA
2018-12-17,0.0,0.0,seasonal_naive,CAJAMARCA
2018-12-24,0.0,0.0,seasonal_naive,CAJAMARCA
2018-12-31,0.0,0.0,seasonal_naive,CAJAMARCA
2019-01-07,0.0,0.0,seasonal_naive,CAJAMARCA
2019-01-14,0.0,0.0,seasonal_naive,CAJAMARCA
2019-01-21,0.0,0.0,seasonal_naive,CAJAMARCA
2019-01-28,0.0,0.06979024541739802,seasonal_naive,CAJAMARCA
2019-02-04,0.0,0.06979024541739802,seasonal_naive,CAJAMARCA
2019-02-11,0.0,0.06979024541739802,seasonal_naive,CAJAMARCA
2019-02-18,0.0,0.0,seasonal_naive,CAJAMARCA
2019-02-25,0.0,0.0,seasonal_naive,CAJAMARCA
2019-03-04,0.0,0.0,seasonal_naive,CAJAMARCA
2019-03-11,0.0,0.0,seasonal_naive,CAJAMARCA
2019-03-18,0.06953121360475539,0.0,seasonal_naive,CAJAMARCA
2019-03-25,0.06953121360475539,0.0,seasonal_naive,CAJAMARCA
2019-04-01,0.06953121360475539,0.0,seasonal_naive,CAJAMARCA
2019-04-08,0.0,0.0,seasonal_naive,CAJAMARCA
2019-04-15,0.0,0.0,seasonal_naive,CAJAMARCA
2019-04-22,0.0,0.0,seasonal_naive,CAJAMARCA
2019-04-29,0.0,0.0,seasonal_naive,CAJAMARCA
2019-05-06,0.0,0.0,seasonal_naive,CAJAMARCA
2019-05-13,0.0,0.0,seasonal_naive,CAJAMARCA
2019-05-20,0.0,0.0,seasonal_naive,CAJAMARCA
2019-05-27,0.0,0.0,seasonal_naive,CAJAMARCA
2019-06-03,0.0,0.06979024541739802,seasonal_naive,CAJAMARCA
2019-06-10,0.0,0.06979024541739802,seasonal_naive,CAJAMARCA
2019-06-17,0.0,0.06979024541739802,seasonal_naive,CAJAMARCA
2019-06-24,0.0,0.0,seasonal_naive,CAJAMARCA
2019-07-01,0.0,0.0,seasonal_naive,CAJAMARCA
2019-07-08,0.0,0.0,seasonal_naive,CAJAMARCA
2019-07-15,0.0,0.0,seasonal_naive,CAJAMARCA
2019-07-22,0.0,0.0,seasonal_naive,CAJAMARCA
2019-07-29,0.0,0.06979024541739802,seasonal_naive,CAJAMARCA
2019-08-05,0.0,0.13958049083479604,seasonal_naive,CAJAMARCA
2019-08-12,0.0,0.13958049083479604,seasonal_naive,CAJAMARCA
2019-08-19,0.0,0.13958049083479604,seasonal_naive,CAJAMARCA
2019-08-26,0.0,0.06979024541739802,seasonal_naive,CAJAMARCA
2019-09-02,0.0,0.06979024541739802,seasonal_naive,CAJAMARCA
2019-09-09,0.0,0.0,seasonal_naive,CAJAMARCA
2019-09-16,0.0,0.06979024541739802,seasonal_naive,CAJAMARCA
2019-09-23,0.0,0.06979024541739802,seasonal_naive,CAJAMARCA
2019-09-30,0.06953121360475539,0.06979024541739802,seasonal_naive,CAJAMARCA
2019-10-07,0.06953121360475539,0.0,seasonal_naive,CAJAMARCA
2019-10-14,0.06953121360475539,0.0,seasonal_naive,CAJAMARCA
2019-10-21,0.0,0.0,seasonal_naive,CAJAMARCA
2019-10-28,0.0,0.0,seasonal_naive,CAJAMARCA
2019-11-04,0.06953121360475539,0.0,seasonal_naive,CAJAMARCA
2019-11-11,0.06953121360475539,0.0,seasonal_naive,CAJAMARCA
2019-11-18,0.06953121360475539,0.0,seasonal_naive,CAJAMARCA
2019-11-25,0.0,0.0,seasonal_naive,CAJAMARCA
2019-12-02,0.0,0.0,seasonal_naive,CAJAMARCA
2019-12-09,0.0,0.0,seasonal_naive,CAJAMARCA
2019-12-16,0.0,0.0,seasonal_naive,CAJAMARCA
2019-12-23,0.0,0.0,seasonal_naive,CAJAMARCA
2019-12-30,0.0,0.0,seasonal_naive,CAJAMARCA
2020-01-06,0.06927409751437612,0.0,seasonal_naive,CAJAMARCA
2020-01-13,0.06927409751437612,0.0,seasonal_naive,CAJAMARCA
2020-01-20,0.06927409751437612,0.0,seasonal_naive,CAJAMARCA
2020-01-27,0.0,0.0,seasonal_naive,CAJAMARCA
2020-02-03,0.0,0.0,seasonal_naive,CAJAMARCA
2020-02-10,0.0,0.0,seasonal_naive,CAJAMARCA
2020-02-17,0.0,0.0,seasonal_naive,CAJAMARCA
2020-02-24,0.0,0.0,seasonal_naive,CAJAMARCA
2020-03-02,0.0,0.0,seasonal_naive,CAJAMARCA
2020-03-09,0.0,0.0,seasonal_naive,CAJAMARCA
2020-03-16,0.0,0.06953121360475539,seasonal_naive,CAJAMARCA
2020-03-23,0.0,0.06953121360475539,seasonal_naive,CAJAMARCA
2020-03-30,0.0,0.06953121360475539,seasonal_naive,CAJAMARCA
2020-04-06,0.0,0.0,seasonal_naive,CAJAMARCA
2020-04-13,0.0,0.0,seasonal_naive,CAJAMARCA
2020-04-20,0.0,0.0,seasonal_naive,CAJAMARCA
2020-04-27,0.0,0.0,seasonal_naive,CAJAMARCA
2020-05-04,0.0,0.0,seasonal_naive,CAJAMARCA
2020-05-11,0.0,0.0,seasonal_naive,CAJAMARCA
2020-05-18,0.0,0.0,seasonal_naive,CAJAMARCA
2020-05-25,0.0,0.0,seasonal_naive,CAJAMARCA
2020-06-01,0.0,0.0,seasonal_naive,CAJAMARCA
2020-06-08,0.0,0.0,seasonal_naive,CAJAMARCA
2020-06-15,0.0,0.0,seasonal_naive,CAJAMARCA
2020-06-22,0.0,0.0,seasonal_naive,CAJAMARCA
2020-06-29,0.0,0.0,seasonal_naive,CAJAMARCA
2020-07-06,0.0,0.0,seasonal_naive,CAJAMARCA
2020-07-13,0.0,0.0,seasonal_naive,CAJAMARCA
2020-07-20,0.0,0.0,seasonal_naive,CAJAMARCA
2020-07-27,0.0,0.0,seasonal_naive,CAJAMARCA
2020-08-03,0.0,0.0,seasonal_naive,CAJAMARCA
2020-08-10,0.0,0.0,seasonal_naive,CAJAMARCA
2020-08-17,0.0,0.0,seasonal_naive,CAJAMARCA
2020-08-24,0.0,0.0,seasonal_naive,CAJAMARCA
2020-08-31,0.0,0.0,seasonal_naive,CAJAMARCA
2020-09-07,0.0,0.0,seasonal_naive,CAJAMARCA
2020-09-14,0.0,0.0,seasonal_naive,CAJAMARCA
2020-09-21,0.0,0.0,seasonal_naive,CAJAMARCA
2020-09-28,0.0,0.06953121360475539,seasonal_naive,CAJAMARCA
2020-10-05,0.0,0.06953121360475539,seasonal_naive,CAJAMARCA
2020-10-12,0.0,0.06953121360475539,seasonal_naive,CAJAMARCA
2020-10-19,0.0,0.0,seasonal_naive,CAJAMARCA
2020-10-26,0.0,0.0,seasonal_naive,CAJAMARCA
2020-11-02,0.0,0.06953121360475539,seasonal_naive,CAJAMARCA
2020-11-09,0.0,0.06953121360475539,seasonal_naive,CAJAMARCA
2020-11-16,0.0,0.06953121360475539,seasonal_naive,CAJAMARCA
2020-11-23,0.0,0.0,seasonal_naive,CAJAMARCA
2020-11-30,0.0,0.0,seasonal_naive,CAJAMARCA
2020-12-07,0.0,0.0,seasonal_naive,CAJAMARCA
2020-12-14,0.0,0.0,seasonal_naive,CAJAMARCA
2020-12-21,0.0,0.0,seasonal_naive,CAJAMARCA
2020-12-28,0.0,0.0,seasonal_naive,CAJAMARCA
2021-01-04,0.0,0.06927409751437613,seasonal_naive,CAJAMARCA
2021-01-11,0.0,0.06927409751437613,seasonal_naive,CAJAMARCA
2021-01-18,0.0,0.06927409751437613,seasonal_naive,CAJAMARCA
2021-01-25,0.0,0.0,seasonal_naive,CAJAMARCA
2021-02-01,0.0,0.0,seasonal_naive,CAJAMARCA
2021-02-08,0.0,0.0,seasonal_naive,CAJAMARCA
2021-02-15,0.0690188759723897,0.0,seasonal_naive,CAJAMARCA
2021-02-22,0.0690188759723897,0.0,seasonal_naive,CAJAMARCA
2021-03-01,0.0690188759723897,0.0,seasonal_naive,CAJAMARCA
2021-03-08,0.0,0.0,seasonal_naive,CAJAMARCA
2021-03-15,0.0,0.0,seasonal_naive,CAJAMARCA
2021-03-22,0.0,0.0,seasonal_naive,CAJAMARCA
2021-03-29,0.0,0.0,seasonal_naive,CAJAMARCA
2021-04-05,0.0,0.0,seasonal_naive,CAJAMARCA
2021-04-12,0.0,0.0,seasonal_naive,CAJAMARCA
2021-04-19,0.0,0.0,seasonal_naive,CAJAMARCA
2021-04-26,0.0,0.0,seasonal_naive,CAJAMARCA
2021-05-03,0.0,0.0,seasonal_naive,CAJAMARCA
2021-05-10,0.0,0.0,seasonal_naive,CAJAMARCA
2021-05-17,0.0,0.0,seasonal_naive,CAJAMARCA
2021-05-24,0.0,0.0,seasonal_naive,CAJAMARCA
2021-05-31,0.0,0.0,seasonal_naive,CAJAMARCA
2021-06-07,0.0,0.0,seasonal_naive,CAJAMARCA
2021-06-14,0.0,0.0,seasonal_naive,CAJAMARCA
2021-06-21,0.0,0.0,seasonal_naive,CAJAMARCA
2021-06-28,0.0,0.0,seasonal_naive,CAJAMARCA
2021-07-05,0.0,0.0,seasonal_naive,CAJAMARCA
2021-07-12,0.0,0.0,seasonal_naive,CAJAMARCA
2021-07-19,0.0,0.0,seasonal_naive,CAJAMARCA
2021-07-26,0.0,0.0,seasonal_naive,CAJAMARCA
2021-08-02,0.0,0.0,seasonal_naive,CAJAMARCA
2021-08-09,0.0,0.0,seasonal_naive,CAJAMARCA
2021-08-16,0.0,0.0,seasonal_naive,CAJAMARCA
2021-08-23,0.0,0.0,seasonal_naive,CAJAMARCA
2021-08-30,0.0,0.0,seasonal_naive,CAJAMARCA
2021-09-06,0.0,0.0,seasonal_naive,CAJAMARCA
2021-09-13,0.0,0.0,seasonal_naive,CAJAMARCA
2021-09-20,0.0,0.0,seasonal_naive,CAJAMARCA
2021-09-27,0.0,0.0,seasonal_naive,CAJAMARCA
2021-10-04,0.0,0.0,seasonal_naive,CAJAMARCA
2021-10-11,0.0,0.0,seasonal_naive,CAJAMARCA
2021-10-18,0.0,0.0,seasonal_naive,CAJAMARCA
2021-10-25,0.0,0.0,seasonal_naive,CAJAMARCA
2021-11-01,0.0,0.0,seasonal_naive,CAJAMARCA
2021-11-08,0.0,0.0,seasonal_naive,CAJAMARCA
2021-11-15,0.0,0.0,seasonal_naive,CAJAMARCA
2021-11-22,0.0,0.0,seasonal_naive,CAJAMARCA
2021-11-29,0.0,0.0,seasonal_naive,CAJAMARCA
2021-12-06,0.0,0.0,seasonal_naive,CAJAMARCA
2021-12-13,0.0,0.0,seasonal_naive,CAJAMARCA
2021-12-20,0.0,0.0,seasonal_naive,CAJAMARCA
2021-12-27,0.0,0.0,seasonal_naive,CAJAMARCA
2022-01-03,0.0,0.0,seasonal_naive,CAJAMARCA
2022-01-10,0.0,0.0,seasonal_naive,CAJAMARCA
2022-01-17,0.0,0.0,seasonal_naive,CAJAMARCA
2022-01-24,0.0,0.0,seasonal_naive,CAJAMARCA
2022-01-31,0.0,0.0,seasonal_naive,CAJAMARCA
2022-02-07,0.0,0.0,seasonal_naive,CAJAMARCA
2022-02-14,0.0,0.06901887597238969,seasonal_naive,CAJAMARCA
2022-02-21,0.0,0.06901887597238969,seasonal_naive,CAJAMARCA
2022-02-28,0.0,0.06901887597238969,seasonal_naive,CAJAMARCA
2022-03-07,0.0,0.0,seasonal_naive,CAJAMARCA
2022-03-14,0.0,0.0,seasonal_naive,CAJAMARCA
2022-03-21,0.0,0.0,seasonal_naive,CAJAMARCA
2022-03-28,0.0,0.0,seasonal_naive,CAJAMARCA
2022-04-04,0.0,0.0,seasonal_naive,CAJAMARCA
2022-04-11,0.0,0.0,seasonal_naive,CAJAMARCA
2022-04-18,0.0,0.0,seasonal_naive,CAJAMARCA
2022-04-25,0.0,0.0,seasonal_naive,CAJAMARCA
2022-05-02,0.0,0.0,seasonal_naive,CAJAMARCA
2022-05-09,0.0,0.0,seasonal_naive,CAJAMARCA
2022-05-16,0.0,0.0,seasonal_naive,CAJAMARCA
2022-05-23,0.0,0.0,seasonal_naive,CAJAMARCA
2022-05-30,0.0,0.0,seasonal_naive,CAJAMARCA
2022-06-06,0.0,0.0,seasonal_naive,CAJAMARCA
2022-06-13,0.0,0.0,seasonal_naive,CAJAMARCA
2022-06-20,0.0,0.0,seasonal_naive,CAJAMARCA
2022-06-27,0.0,0.0,seasonal_naive,CAJAMARCA
2022-07-04,0.0,0.0,seasonal_naive,CAJAMARCA
2022-07-11,0.0,0.0,seasonal_naive,CAJAMARCA
2022-07-18,0.0,0.0,seasonal_naive,CAJAMARCA
2022-07-25,0.0,0.0,seasonal_naive,CAJAMARCA
2022-08-01,0.0,0.0,seasonal_naive,CAJAMARCA
2022-08-08,0.0,0.0,seasonal_naive,CAJAMARCA
2022-08-15,0.0,0.0,seasonal_naive,CAJAMARCA
2022-08-22,0.0,0.0,seasonal_naive,CAJAMARCA
2022-08-29,0.0,0.0,seasonal_naive,CAJAMARCA
2022-09-05,0.0,0.0,seasonal_naive,CAJAMARCA
2022-09-12,0.0,0.0,seasonal_naive,CAJAMARCA
2022-09-19,0.0,0.0,seasonal_naive,CAJAMARCA
2022-09-26,0.0,0.0,seasonal_naive,CAJAMARCA
2022-10-03,0.0,0.0,seasonal_naive,CAJAMARCA
2022-10-10,0.0,0.0,seasonal_naive,CAJAMARCA
2022-10-17,0.0,0.0,seasonal_naive,CAJAMARCA
2022-10-24,0.0,0.0,seasonal_naive,CAJAMARCA
2022-10-31,0.0,0.0,seasonal_naive,CAJAMARCA
2022-11-07,0.0,0.0,seasonal_naive,CAJAMARCA
2022-11-14,0.0,0.0,seasonal_naive,CAJAMARCA
2022-11-21,0.0,0.0,seasonal_naive,CAJAMARCA
2022-11-28,0.0,0.0,seasonal_naive,CAJAMARCA
2022-12-05,0.06876552811581767,0.0,seasonal_naive,CAJAMARCA
2010-12-27,0.14288531167573038,0.01626728031561763,holt_winters,CAJAMARCA
2011-01-03,0.14288531167573038,0.0,holt_winters,CAJAMARCA
2011-01-10,0.14288531167573038,0.005905338556761221,holt_winters,CAJAMARCA
2011-01-17,0.0,0.010999415208553787,holt_winters,CAJAMARCA
2011-01-24,0.0,0.03210439274916643,holt_winters,CAJAMARCA
2011-01-31,0.0,0.049786034060293034,holt_winters,CAJAMARCA
2011-02-07,0.0,0.0026148160784821707,holt_winters,CAJAMARCA
2011-02-14,0.0,0.0,holt_winters,CAJAMARCA
2011-02-21,0.07124049651776453,0.0,holt_winters,CAJAMARCA
2011-02-28,0.07124049651776453,0.0,holt_winters,CAJAMARCA
2011-03-07,0.07124049651776453,0.0,holt_winters,CAJAMARCA
2011-03-14,0.0,0.0,holt_winters,CAJAMARCA
2011-03-21,0.07124049651776453,0.0015523633408914277,holt_winters,CAJAMARCA
2011-03-28,0.07124049651776453,0.03472469282687671,holt_winters,CAJAMARCA
2011-04-04,0.07124049651776453,0.0,holt_winters,CAJAMARCA
2011-04-11,0.0,0.028807274743275615,holt_winters,CAJAMARCA
2011-04-18,0.0,0.0015939831780516153,holt_winters,CAJAMARCA
2011-04-25,0.0,0.041244971553237246,holt_winters,CAJAMARCA
2011-05-02,0.0,0.06576953430536595,holt_winters,CAJAMARCA
2011-05-09,0.0,0.09574618785428089,holt_winters,CAJAMARCA
2011-05-16,0.0,0.017557421462329834,holt_winters,CAJAMARCA
2011-05-23,0.0,0.03150659361409987,holt_winters,CAJAMARCA
2011-05-30,0.07124049651776453,0.027259272993463056,holt_winters,CAJAMARCA
2011-06-06,0.07124049651776453,0.05304387225252676,holt_winters,CAJAMARCA
2011-06-13,0.07124049651776453,0.02839532178611357,holt_winters,CAJAMARCA
2011-06-20,0.07124049651776453,0.010788317769717623,holt_winters,CAJAMARCA
2011-06-27,0.07124049651776453,0.0,holt_winters,CAJAMARCA
2011-07-04,0.07124049651776453,0.0,holt_winters,CAJAMARCA
2011-07-11,0.0,0.07002350649509546,holt_winters,CAJAMARCA
2011-07-18,0.0,0.055887143118740115,holt_winters,CAJAMARCA
2011-07-25,0.07124049651776453,0.08353760834496225,holt_winters,CAJAMARCA
2011-08-01,0.07124049651776453,0.07142490964302578,holt_winters,CAJAMARCA
2011-08-08,0.07124049651776453,0.035566295513149354,holt_winters,CAJAMARCA
2011-08-15,0.0,0.05417848522011576,holt_winters,CAJAMARCA
2011-08-22,0.0,0.03948149847230098,holt_winters,CAJAMARCA
2011-08-29,0.0,0.022638790407510094,holt_winters,CAJAMARCA
2011-09-05,0.0,0.0,holt_winters,CAJAMARCA
2011-09-12,0.0,0.006091988260225428,holt_winters,CAJAMARCA
2011-09-19,0.0,0.032548947122736295,holt_winters,CAJAMARCA
2011-09-26,0.0,0.0035644455749849363,holt_winters,CAJAMARCA
2011-10-03,0.0,0.019971563815058026,holt_winters,CAJAMARCA
2011-10-10,0.0,0.0006085039139190011,holt_winters,CAJAMARCA
2011-10-17,0.0,0.012100126192236908,holt_winters,CAJAMARCA
2011-10-24,0.0,0.022336528702636242,holt_winters,CAJAMARCA
2011-10-31,0.0,0.0,holt_winters,CAJAMARCA
2011-11-07,0.0,0.04381885824284033,holt_winters,CAJAMARCA
2011-11-14,0.0,0.02230764326488522,holt_winters,CAJAMARCA
2011-11-21,0.0,0.012095989800927496,holt_winters,CAJAMARCA
2011-11-28,0.0,0.0,holt_winters,CAJAMARCA
2011-12-05,0.0,0.0,holt_winters,CAJAMARCA
2011-12-12,0.0,0.025644650668297353,holt_winters,CAJAMARCA
2011-12-19,0.0,0.0,holt_winters,CAJAMARCA
2011-12-26,0.0,0.03425119105890612,holt_winters,CAJAMARCA
2012-01-02,0.0,0.0071118537277911256,holt_winters,CAJAMARCA
2012-01-09,0.0,0.03475924174324971,holt_winters,CAJAMARCA
2012-01-16,0.0,0.021651826304060092,holt_winters,CAJAMARCA
2012-01-23,0.0,0.03165134704868581,holt_winters,CAJAMARCA
2012-01-30,0.0,0.04094853558968182,holt_winters,CAJAMARCA
2012-02-06,0.0,0.0,holt_winters,CAJAMARCA
2012-02-13,0.0,0.0,holt_winters,CAJAMARCA
2012-02-20,0.0,0.0,holt_winters,CAJAMARCA
2012-02-27,0.0710394780587468,0.0,holt_winters,CAJAMARCA
2012-03-05,0.2131184341762404,0.0,holt_winters,CAJAMARCA
2012-03-12,0.21311843417624043,0.0,holt_winters,CAJAMARCA
2012-03-19,0.2131184341762404,0.21408772151326652,holt_winters,CAJAMARCA
2012-03-26,0.14207895611749363,0.24424752147295611,holt_winters,CAJAMARCA
2012-04-02,0.14207895611749363,0.22466281580489936,holt_winters,CAJAMARCA
2012-04-09,0.07103947805874682,0.22258617954897464,holt_winters,CAJAMARCA
2012-04-16,0.0,0.07319516682970273,holt_winters,CAJAMARCA
2012-04-23,0.0,0.09327269607976033,holt_winters,CAJAMARCA
2012-04-30,0.14207895611749363,0.11117406320701026,holt_winters,CAJAMARCA
2012-05-07,0.21311843417624043,0.13595021414767688,holt_winters,CAJAMARCA
2012-05-14,0.21311843417624043,0.23313771136298236,holt_winters,CAJAMARCA
2012-05-21,0.07103947805874682,0.2554229548971051,holt_winters,CAJAMARCA
2012-05-28,0.0,0.25832296122431997,holt_winters,CAJAMARCA
2012-06-04,0.0,0.29376492173981844,holt_winters,CAJAMARCA
2012-06-11,0.07103947805874682,0.0,holt_winters,CAJAMARCA
2012-06-18,0.07103947805874682,0.0,holt_winters,CAJAMARCA
2012-06-25,0.07103947805874682,0.0,holt_winters,CAJAMARCA
2012-07-02,0.0,0.0,holt_winters,CAJAMARCA
2012-07-09,0.0,0.01595658547120414,holt_winters,CAJAMARCA
2012-07-16,0.0,0.015494011453188442,holt_winters,CAJAMARCA
2012-07-23,0.0,0.02858299929542161,holt_winters,CAJAMARCA
2012-07-30,0.0,0.01592511400414742,holt_winters,CAJAMARCA
2012-08-06,0.07103947805874682,0.0,holt_winters,CAJAMARCA
2012-08-13,0.07103947805874682,0.0,holt_winters,CAJAMARCA
2012-08-20,0.07103947805874682,0.0,holt_winters,CAJAMARCA
2012-08-27,0.0,0.0,holt_winters,CAJAMARCA
2012-09-03,0.07103947805874682,8.697559977553699e-05,holt_winters,CAJAMARCA
2012-09-10,0.07103947805874682,0.02739071231504253,holt_winters,CAJAMARCA
2012-09-17,0.07103947805874682,0.04194708167172975,holt_winters,CAJAMARCA
2012-09-24,0.0,0.014527988459021328,holt_winters,CAJAMARCA
2012-10-01,0.0,0.0,holt_winters,CAJAMARCA
2012-10-08,0.0,0.0,holt_winters,CAJAMARCA
2012-10-15,0.0,0.0,holt_winters,CAJAMARCA
2012-10-22,0.0,0.0,holt_winters,CAJAMARCA
2012-10-29,0.0,0.016885287798936274,holt_winters,CAJAMARCA
2012-11-05,0.0,0.05343185521257491,holt_winters,CAJAMARCA
2012-11-12,0.0,0.02269049150221189,holt_winters,CAJAMARCA
2012-11-19,0.07103947805874682,0.006696107917841036,holt_winters,CAJAMARCA
2012-11-26,0.14207895611749363,0.05265241087981269,holt_winters,CAJAMARCA
2012-12-03,0.14207895611749363,0.06745135505271053,holt_winters,CAJAMARCA
2012-12-10,0.07103947805874682,0.09467071884278794,holt_winters,CAJAMARCA
2012-12-17,0.0,0.06658295988287578,holt_winters,CAJAMARCA
2012-12-24,0.07103947805874682,0.016925046501648132,holt_winters,CAJAMARCA
2012-12-31,0.21311843417624043,0.0,holt_winters,CAJAMARCA
2013-01-07,0.21311843417624043,0.010690988500992328,holt_winters,CAJAMARCA
2013-01-14,0.1420789561174936,0.008641468982262868,holt_winters,CAJAMARCA
2013-01-21,0.07083964101303522,0.15901038754615493,holt_winters,CAJAMARCA
2013-01-28,0.07083964101303522,0.1653682417512354,holt_winters,CAJAMARCA
2013-02-04,0.1416792820260704,0.12658828823109716,holt_winters,CAJAMARCA
2013-02-11,0.07083964101303522,0.1014590123997698,holt_winters,CAJAMARCA
2013-02-18,0.1416792820260704,0.07085903454627107,holt_winters,CAJAMARCA
2013-02-25,0.07083964101303522,0.09895715373879405,holt_winters,CAJAMARCA
2013-03-04,0.07083964101303522,0.12498643268662646,holt_winters,CAJAMARCA
2013-03-11,0.0,0.122544171552227,holt_winters,CAJAMARCA
2013-03-18,0.0,0.002507117066130181,holt_winters,CAJAMARCA
2013-03-25,0.0,0.006164609380128959,holt_winters,CAJAMARCA
2013-04-01,0.0,0.0,holt_winters,CAJAMARCA
2013-04-08,0.0,0.0,holt_winters,CAJAMARCA
2013-04-15,0.0,0.00022635428493842535,holt_winters,CAJAMARCA
2013-04-22,0.07083964101303522,0.013473354697188246,holt_winters,CAJAMARCA
2013-04-29,0.07083964101303522,0.051213357610704974,holt_winters,CAJAMARCA
2013-05-06,0.07083964101303522,0.06668018306942033,holt_winters,CAJAMARCA
2013-05-13,0.0,0.07086572369480666,holt_winters,CAJAMARCA
2013-05-20,0.0,0.0631809300733252,holt_winters,CAJAMARCA
2013-05-27,0.0,0.06442991013643534,holt_winters,CAJAMARCA
2013-06-03,0.1416792820260704,0.082577286739583,holt_winters,CAJAMARCA
2013-06-10,0.2125189230391056,0.16237060475894877,holt_winters,CAJAMARCA
2013-06-17,0.2125189230391056,0.13257270888067543,holt_winters,CAJAMARCA
2013-06-24,0.07083964101303522,0.10258815320704659,holt_winters,CAJAMARCA
2013-07-01,0.0,0.10167604238057167,holt_winters,CAJAMARCA
2013-07-08,0.0,0.0,holt_winters,CAJAMARCA
2013-07-15,0.07083964101303522,0.009797326193082701,holt_winters,CAJAMARCA
2013-07-22,0.07083964101303522,0.02095980244340334,holt_winters,CAJAMARCA
2013-07-29,0.07083964101303522,0.0070634094115031775,holt_winters,CAJAMARCA
2013-08-05,0.0,0.0709675095639936,holt_winters,CAJAMARCA
2013-08-12,0.0,0.0412097088558525,holt_winters,CAJAMARCA
2013-08-19,0.0,0.025734146993300785,holt_winters,CAJAMARCA
2013-08-26,0.07083964101303522,0.010866837727531223,holt_winters,CAJAMARCA
2013-09-02,0.07083964101303522,0.10834058479879027,holt_winters,CAJAMARCA
2013-09-09,0.07083964101303522,0.13485744063444313,holt_winters,CAJAMARCA
2013-09-16,0.1416792820260704,0.1477384757741656,holt_winters,CAJAMARCA
2013-09-23,0.1416792820260704,0.1151128492050426,holt_winters,CAJAMARCA
2013-09-30,0.1416792820260704,0.12181386079149151,holt_winters,CAJAMARCA
2013-10-07,0.07083964101303522,0.10625563044751629,holt_winters,CAJAMARCA
2013-10-14,0.07083964101303522,0.10615096418221315,holt_winters,CAJAMARCA
2013-10-21,0.07083964101303522,0.12149719272723317,holt_winters,CAJAMARCA
2013-10-28,0.07083964101303522,0.0705873149989705,holt_winters,CAJAMARCA
2013-11-04,0.07083964101303522,0.10312647800251233,holt_winters,CAJAMARCA
2013-11-11,0.07083964101303522,0.07824382221565176,holt_winters,CAJAMARCA
2013-11-18,0.0,0.08185186935112784,holt_winters,CAJAMARCA
2013-11-25,0.0,0.01767187463028244,holt_winters,CAJAMARCA
2013-12-02,0.0,0.027680828985102542,holt_winters,CAJAMARCA
2013-12-09,0.0,0.03660394877752899,holt_winters,CAJAMARCA
2013-12-16,0.0,0.00725536648087788,holt_winters,CAJAMARCA
2013-12-23,0.0,0.05261231762416226,holt_winters,CAJAMARCA
2013-12-30,0.0,0.0427527989619182,holt_winters,CAJAMARCA
2014-01-06,0.0,0.051046381183331345,holt_winters,CAJAMARCA
2014-01-13,0.0,0.03368639639870678,holt_winters,CAJAMARCA
2014-01-20,0.0,0.0,holt_winters,CAJAMARCA
2014-01-27,0.0,0.0,holt_winters,CAJAMARCA
2014-02-03,0.0,0.0,holt_winters,CAJAMARCA
2014-02-10,0.0,0.0,holt_winters,CAJAMARCA
2014-02-17,0.0,0.034219257757328425,holt_winters,CAJAMARCA
2014-02-24,0.0,0.044788644395338605,holt_winters,CAJAMARCA
2014-03-03,0.0,0.06729869300455928,holt_winters,CAJAMARCA
2014-03-10,0.0,0.04897863112578106,holt_winters,CAJAMARCA
2014-03-17,0.0,0.01781286953691773,holt_winters,CAJAMARCA
2014-03-24,0.0,0.005069900962714619,holt_winters,CAJAMARCA
2014-03-31,0.0,0.0,holt_winters,CAJAMARCA
2014-04-07,0.0,0.0,holt_winters,CAJAMARCA
2014-04-14,0.0,0.00028074261959356217,holt_winters,CAJAMARCA
2014-04-21,0.0,0.014476469330891665,holt_winters,CAJAMARCA
2014-04-28,0.0,0.02787994326543676,holt_winters,CAJAMARCA
2014-05-05,0.0,0.05526754198635514,holt_winters,CAJAMARCA
2014-05-12,0.0,0.0,holt_winters,CAJAMARCA
2014-05-19,0.0,0.0,holt_winters,CAJAMARCA
2014-05-26,0.0,0.0,holt_winters,CAJAMARCA
2014-06-02,0.0,0.010767170562313053,holt_winters,CAJAMARCA
2014-06-09,0.0,0.0497845928987179,holt_winters,CAJAMARCA
2014-06-16,0.0,0.036540145606880355,holt_winters,CAJAMARCA
2014-06-23,0.07064087521218755,0.0,holt_winters,CAJAMARCA
2014-06-30,0.07064087521218755,0.0,holt_winters,CAJAMARCA
2014-07-07,0.07064087521218755,0.05207203340417857,holt_winters,CAJAMARCA
2014-07-14,0.0,0.07587065643433634,holt_winters,CAJAMARCA
2014-07-21,0.0,0.08358676079749022,holt_winters,CAJAMARCA
2014-07-28,0.0,0.08900225644906054,holt_winters,CAJAMARCA
2014-08-04,0.07064087521218755,0.0,holt_winters,CAJAMARCA
2014-08-11,0.07064087521218755,0.0,holt_winters,CAJAMARCA
2014-08-18,0.07064087521218755,0.0,holt_winters,CAJAMARCA
2014-08-25,0.0,0.0,holt_winters,CAJAMARCA
2014-09-01,0.0,0.017443819168914243,holt_winters,CAJAMARCA
2014-09-08,0.0,0.04536068473300971,holt_winters,CAJAMARCA
2014-09-15,0.0,0.05917422040174462,holt_winters,CAJAMARCA
2014-09-22,0.0,0.031618825811171286,holt_winters,CAJAMARCA
2014-09-29,0.0,0.0,holt_winters,CAJAMARCA
2014-10-06,0.0,0.0,holt_winters,CAJAMARCA
2014-10-13,0.0,0.0,holt_winters,CAJAMARCA
2014-10-20,0.0,0.0,holt_winters,CAJAMARCA
2014-10-27,0.14128175042437507,4.978908302565913e-05,holt_winters,CAJAMARCA
2014-11-03,0.14128175042437507,0.016254595380533084,holt_winters,CAJAMARCA
2014-11-10,0.14128175042437507,0.004123911265542588,holt_winters,CAJAMARCA
2014-11-17,0.0,0.005646751214490637,holt_winters,CAJAMARCA
2014-11-24,0.0,0.0,holt_winters,CAJAMARCA
2014-12-01,0.0,0.0,holt_winters,CAJAMARCA
2014-12-08,0.0,0.012453085408994218,holt_winters,CAJAMARCA
2014-12-15,0.0,0.0,holt_winters,CAJAMARCA
2014-12-22,0.0,0.0512839706819804,holt_winters,CAJAMARCA
2014-12-29,0.0,0.05700445080585978,holt_winters,CAJAMARCA
2015-01-05,0.0,0.06310188045503637,holt_winters,CAJAMARCA
2015-01-12,0.0,0.04157142143716876,holt_winters,CAJAMARCA
2015-01-19,0.07044322170665614,0.0,holt_winters,CAJAMARCA
2015-01-26,0.07044322170665614,0.0,holt_winters,CAJAMARCA
2015-02-02,0.07044322170665614,0.0,holt_winters,CAJAMARCA
2015-02-09,0.0,0.0,holt_winters,CAJAMARCA
2015-02-16,0.0,0.03394006861700079,holt_winters,CAJAMARCA
2015-02-23,0.0,0.03382368198432372,holt_winters,CAJAMARCA
2015-03-02,0.0,0.058920554725481376,holt_winters,CAJAMARCA
2015-03-09,0.07044322170665614,0.029382930243817988,holt_winters,CAJAMARCA
2015-03-16,0.07044322170665614,0.08914710409907425,holt_winters,CAJAMARCA
2015-03-23,0.07044322170665614,0.07133379363144927,holt_winters,CAJAMARCA
2015-03-30,0.0,0.06757006631458928,holt_winters,CAJAMARCA
2015-04-06,0.0,0.03663417450285476,holt_winters,CAJAMARCA
2015-04-13,0.0,0.0,holt_winters,CAJAMARCA
2015-04-20,0.0,0.0,holt_winters,CAJAMARCA
2015-04-27,0.0,0.02912661632820677,holt_winters,CAJAMARCA
2015-05-04,0.0,0.04369180288247049,holt_winters,CAJAMARCA
2015-05-11,0.0,0.0,holt_winters,CAJAMARCA
2015-05-18,0.0,0.0,holt_winters,CAJAMARCA
2015-05-25,0.0,0.0,holt_winters,CAJAMARCA
2015-06-01,0.0,0.0,holt_winters,CAJAMARCA
2015-06-08,0.0,0.03290760238787809,holt_winters,CAJAMARCA
2015-06-15,0.0,0.034432408213047196,holt_winters,CAJAMARCA
2015-06-22,0.0,0.011144910616056545,holt_winters,CAJAMARCA
2015-06-29,0.07044322170665614,0.0,holt_winters,CAJAMARCA
2015-07-06,0.07044322170665614,0.0519447387023936,holt_winters,CAJAMARCA
2015-07-13,0.07044322170665614,0.06750734870303124,holt_winters,CAJAMARCA
2015-07-20,0.0,0.06998778607153962,holt_winters,CAJAMARCA
2015-07-27,0.0,0.07130514344852534,holt_winters,CAJAMARCA
2015-08-03,0.0,0.017477861763150554,holt_winters,CAJAMARCA
2015-08-10,0.0,0.0011840631092130223,holt_winters,CAJAMARCA
2015-08-17,0.0,0.0,holt_winters,CAJAMARCA
2015-08-24,0.0,0.0,holt_winters,CAJAMARCA
2015-08-31,0.0,0.017575764199983315,holt_winters,CAJAMARCA
2015-09-07,0.0,0.028904749971222502,holt_winters,CAJAMARCA
2015-09-14,0.0,0.039951018446049334,holt_winters,CAJAMARCA
2015-09-21,0.0,0.024064610255374135,holt_winters,CAJAMARCA
2015-09-28,0.07044322170665614,0.0002164675156385598,holt_winters,CAJAMARCA
2015-10-05,0.07044322170665614,0.0,holt_winters,CAJAMARCA
2015-10-12,0.07044322170665614,0.0,holt_winters,CAJAMARCA
2015-10-19,0.0,0.0,holt_winters,CAJAMARCA
2015-10-26,0.0,0.03397869506329665,holt_winters,CAJAMARCA
2015-11-02,0.0,0.043979547812933784,holt_winters,CAJAMARCA
2015-11-09,0.0,0.04055977564425719,holt_winters,CAJAMARCA
2015-11-16,0.0,0.0108610605378771,holt_winters,CAJAMARCA
2015-11-23,0.0,0.016466695582933153,holt_winters,CAJAMARCA
2015-11-30,0.0,0.013652892751110316,holt_winters,CAJAMARCA
2015-12-07,0.0,0.0,holt_winters,CAJAMARCA
2015-12-14,0.0,0.0,holt_winters,CAJAMARCA
2015-12-21,0.0,0.017021797773256606,holt_winters,CAJAMARCA
2015-12-28,0.0,0.04980563189455919,holt_winters,CAJAMARCA
2016-01-04,0.0,0.05549567177284977,holt_winters,CAJAMARCA
2016-01-11,0.0,0.019701374114955105,holt_winters,CAJAMARCA
2016-01-18,0.0,0.0011143684906681022,holt_winters,CAJAMARCA
2016-01-25,0.0,0.0,holt_winters,CAJAMARCA
2016-02-01,0.0,0.011857673830871334,holt_winters,CAJAMARCA
2016-02-08,0.0,0.0,holt_winters,CAJAMARCA
2016-02-15,0.0,0.0160813902083053,holt_winters,CAJAMARCA
2016-02-22,0.0,0.019619801982206732,holt_winters,CAJAMARCA
2016-02-29,0.0,0.04748084985351605,holt_winters,CAJAMARCA
2016-03-07,0.0,0.03476409458904759,holt_winters,CAJAMARCA
2016-03-14,0.0,0.0003051379529788889,holt_winters,CAJAMARCA
2016-03-21,0.0,0.0,holt_winters,CAJAMARCA
2016-03-28,0.0,0.0,holt_winters,CAJAMARCA
2016-04-04,0.07024667118586919,0.0,holt_winters,CAJAMARCA
2016-04-11,0.07024667118586919,0.05181875328617706,holt_winters,CAJAMARCA
2016-04-18,0.07024667118586919,0.06608151271549587,holt_winters,CAJAMARCA
2016-04-25,0.0,0.0945492972376143,holt_winters,CAJAMARCA
2016-05-02,0.07024667118586919,0.10760009190641703,holt_winters,CAJAMARCA
2016-05-09,0.07024667118586919,0.052388218734155244,holt_winters,CAJAMARCA
2016-05-16,0.07024667118586919,0.022236475051395886,holt_winters,CAJAMARCA
2016-05-23,0.0,0.018928257543784896,holt_winters,CAJAMARCA
2016-05-30,0.0,0.04359811254151232,holt_winters,CAJAMARCA
2016-06-06,0.07024667118586919,0.03289241763859066,holt_winters,CAJAMARCA
2016-06-13,0.07024667118586919,0.03302974312896596,holt_winters,CAJAMARCA
2016-06-20,0.07024667118586919,0.021662674749314246,holt_winters,CAJAMARCA
2016-06-27,0.0,0.007798210171933748,holt_winters,CAJAMARCA
2016-07-04,0.0,0.0002704869698148773,holt_winters,CAJAMARCA
2016-07-11,0.0,0.0,holt_winters,CAJAMARCA
2016-07-18,0.0,0.0,holt_winters,CAJAMARCA
2016-07-25,0.0,0.0,holt_winters,CAJAMARCA
2016-08-01,0.0,0.0169290400440081,holt_winters,CAJAMARCA
2016-08-08,0.0,0.007575058349304341,holt_winters,CAJAMARCA
2016-08-15,0.0,0.011176756846760977,holt_winters,CAJAMARCA
2016-08-22,0.0,0.00023155259930220215,holt_winters,CAJAMARCA
2016-08-29,0.0,0.01740579725216036,holt_winters,CAJAMARCA
2016-09-05,0.0,0.017077527388673398,holt_winters,CAJAMARCA
2016-09-12,0.0,0.029878737433203007,holt_winters,CAJAMARCA
2016-09-19,0.0,0.015546900889649369,holt_winters,CAJAMARCA
2016-09-26,0.0,0.01741474055311948,holt_winters,CAJAMARCA
2016-10-03,0.07024667118586919,0.0037634898463026305,holt_winters,CAJAMARCA
2016-10-10,0.07024667118586919,0.003116027324339377,holt_winters,CAJAMARCA
2016-10-17,0.07024667118586919,0.0,holt_winters,CAJAMARCA
2016-10-24,0.0,0.10613674294613652,holt_winters,CAJAMARCA
2016-10-31,0.0,0.10468153884828275,holt_winters,CAJAMARCA
2016-11-07,0.0,0.10332282156129852,holt_winters,CAJAMARCA
2016-11-14,0.0,0.07334796647652694,holt_winters,CAJAMARCA
2016-11-21,0.07024667118586919,0.016448826442367483,holt_winters,CAJAMARCA
2016-11-28,0.07024667118586919,0.015513761978528828,holt_winters,CAJAMARCA
2016-12-05,0.07024667118586919,0.0017145158469496033,holt_winters,CAJAMARCA
2016-12-12,0.0,0.0,holt_winters,CAJAMARCA
2016-12-19,0.0,0.017510472706718173,holt_winters,CAJAMARCA
2016-12-26,0.0,0.04231065331178215,holt_winters,CAJAMARCA
2017-01-02,0.0,0.041526311190887503,holt_winters,CAJAMARCA
2017-01-09,0.0700512144428792,0.028334053732467303,holt_winters,CAJAMARCA
2017-01-16,0.0700512144428792,0.07129725759854773,holt_winters,CAJAMARCA
2017-01-23,0.0700512144428792,0.06743153315406519,holt_winters,CAJAMARCA
2017-01-30,0.0,0.07793952864295865,holt_winters,CAJAMARCA
2017-02-06,0.0,0.047200364329875434,holt_winters,CAJAMARCA
2017-02-13,0.0,0.017247880999825767,holt_winters,CAJAMARCA
2017-02-20,0.0,0.009155075510800791,holt_winters,CAJAMARCA
2017-02-27,0.0,0.02744780563469603,holt_winters,CAJAMARCA
2017-03-06,0.0,0.021853525933349466,holt_winters,CAJAMARCA
2017-03-13,0.0,2.0553656536227972e-05,holt_winters,CAJAMARCA
2017-03-20,0.0,0.0,holt_winters,CAJAMARCA
2017-03-27,0.0,0.0,holt_winters,CAJAMARCA
2017-04-03,0.0,0.0,holt_winters,CAJAMARCA
2017-04-10,0.0,0.0005722685673621642,holt_winters,CAJAMARCA
2017-04-17,0.0,0.009996406725515786,holt_winters,CAJAMARCA
2017-04-24,0.0,0.019771735494340963,holt_winters,CAJAMARCA
2017-05-01,0.0,0.043550154989325976,holt_winters,CAJAMARCA
2017-05-08,0.0,0.0,holt_winters,CAJAMARCA
2017-05-15,0.0,0.0,holt_winters,CAJAMARCA
2017-05-22,0.0,0.0,holt_winters,CAJAMARCA
2017-05-29,0.0700512144428792,0.0,holt_winters,CAJAMARCA
2017-06-05,0.0700512144428792,0.10479798782587556,holt_winters,CAJAMARCA
2017-06-12,0.0700512144428792,0.10451020168027307,holt_winters,CAJAMARCA
2017-06-19,0.0,0.0919314312787715,holt_winters,CAJAMARCA
2017-06-26,0.0,0.062182072299647,holt_winters,CAJAMARCA
2017-07-03,0.0,0.000315720100302004,holt_winters,CAJAMARCA
2017-07-10,0.0,0.0,holt_winters,CAJAMARCA
2017-07-17,0.0,0.0,holt_winters,CAJAMARCA
2017-07-24,0.0,0.0,holt_winters,CAJAMARCA
2017-07-31,0.0,1.2800410002614034e-05,holt_winters,CAJAMARCA
2017-08-07,0.0,0.00216867451900671,holt_winters,CAJAMARCA
2017-08-14,0.0700512144428792,0.003913283684854786,holt_winters,CAJAMARCA
2017-08-21,0.0700512144428792,0.0,holt_winters,CAJAMARCA
2017-08-28,0.0700512144428792,0.0696241446641969,holt_winters,CAJAMARCA
2017-09-04,0.0,0.07297956690853026,holt_winters,CAJAMARCA
2017-09-11,0.0,0.0894686802095634,holt_winters,CAJAMARCA
2017-09-18,0.0700512144428792,0.07664612615917445,holt_winters,CAJAMARCA
2017-09-25,0.0700512144428792,0.08862036288502868,holt_winters,CAJAMARCA
2017-10-02,0.0700512144428792,0.08686873412558807,holt_winters,CAJAMARCA
2017-10-09,0.0,0.08456528437679015,holt_winters,CAJAMARCA
2017-10-16,0.0700512144428792,0.06787468967933585,holt_winters,CAJAMARCA
2017-10-23,0.0700512144428792,0.0877470960444806,holt_winters,CAJAMARCA
2017-10-30,0.0700512144428792,0.08136776185649468,holt_winters,CAJAMARCA
2017-11-06,0.0,0.0763442563886298,holt_winters,CAJAMARCA
2017-11-13,0.0700512144428792,0.04446194928326813,holt_winters,CAJAMARCA
2017-11-20,0.0700512144428792,0.0881855672943549,holt_winters,CAJAMARCA
2017-11-27,0.0700512144428792,0.08955479411727847,holt_winters,CAJAMARCA
2017-12-04,0.0,0.07688306064530964,holt_winters,CAJAMARCA
2017-12-11,0.0,0.04897149234020272,holt_winters,CAJAMARCA
2017-12-18,0.0,0.0,holt_winters,CAJAMARCA
2017-12-25,0.0,0.024745788679668198,holt_winters,CAJAMARCA
2018-01-01,0.0,0.025214857350625463,holt_winters,CAJAMARCA
2018-01-08,0.0,0.027188951532246517,holt_winters,CAJAMARCA
2018-01-15,0.0,0.018109018801788303,holt_winters,CAJAMARCA
2018-01-22,0.0,0.018335796125915266,holt_winters,CAJAMARCA
2018-01-29,0.06979024541739802,0.01781590982547862,holt_winters,CAJAMARCA
2018-02-05,0.06979024541739802,0.0,holt_winters,CAJAMARCA
2018-02-12,0.06979024541739802,0.06902539022237265,holt_winters,CAJAMARCA
2018-02-19,0.0,0.06285650541721914,holt_winters,CAJAMARCA
2018-02-26,0.0,0.06874606027442635,holt_winters,CAJAMARCA
2018-03-05,0.0,0.07330204913874781,holt_winters,CAJAMARCA
2018-03-12,0.0,0.0002941136031233896,holt_winters,CAJAMARCA
2018-03-19,0.0,0.0,holt_winters,CAJAMARCA
2018-03-26,0.0,0.0,holt_winters,CAJAMARCA
2018-04-02,0.0,0.0,holt_winters,CAJAMARCA
2018-04-09,0.0,0.0005157529926297899,holt_winters,CAJAMARCA
2018-04-16,0.0,0.010382999888105884,holt_winters,CAJAMARCA
2018-04-23,0.0,0.0,holt_winters,CAJAMARCA
2018-04-30,0.0,0.004992091363338219,holt_winters,CAJAMARCA
2018-05-07,0.0,0.0009445919384790739,holt_winters,CAJAMARCA
2018-05-14,0.0,0.0,holt_winters,CAJAMARCA
2018-05-21,0.0,0.0,holt_winters,CAJAMARCA
2018-05-28,0.0,0.018053390482887156,holt_winters,CAJAMARCA
2018-06-04,0.06979024541739802,0.01763086602901353,holt_winters,CAJAMARCA
2018-06-11,0.06979024541739802,0.02600829090242006,holt_winters,CAJAMARCA
2018-06-18,0.06979024541739802,0.007496618638426736,holt_winters,CAJAMARCA
2018-06-25,0.0,0.0,holt_winters,CAJAMARCA
2018-07-02,0.0,0.005866883511561558,holt_winters,CAJAMARCA
2018-07-09,0.0,0.0016871227154856405,holt_winters,CAJAMARCA
2018-07-16,0.0,0.0,holt_winters,CAJAMARCA
2018-07-23,0.0,0.0,holt_winters,CAJAMARCA
2018-07-30,0.06979024541739802,0.01779992272704197,holt_winters,CAJAMARCA
2018-08-06,0.13958049083479604,0.014527210424421884,holt_winters,CAJAMARCA
2018-08-13,0.13958049083479604,0.025761329956091053,holt_winters,CAJAMARCA
2018-08-20,0.13958049083479604,0.023787673004373205,holt_winters,CAJAMARCA
2018-08-27,0.06979024541739802,0.13684265919139466,holt_winters,CAJAMARCA
2018-09-03,0.06979024541739802,0.12169859565319512,holt_winters,CAJAMARCA
2018-09-10,0.0,0.1362819310736423,holt_winters,CAJAMARCA
2018-09-17,0.06979024541739802,0.14144473838107016,holt_winters,CAJAMARCA
2018-09-24,0.06979024541739802,0.08295244067455232,holt_winters,CAJAMARCA
2018-10-01,0.06979024541739802,0.08921292777080223,holt_winters,CAJAMARCA
2018-10-08,0.0,0.0787968757289374,holt_winters,CAJAMARCA
2018-10-15,0.0,0.08204659226809778,holt_winters,CAJAMARCA
2018-10-22,0.0,0.01676997225624315,holt_winters,CAJAMARCA
2018-10-29,0.0,0.018418382762414306,holt_winters,CAJAMARCA
2018-11-05,0.0,0.006058934458939879,holt_winters,CAJAMARCA
2018-11-12,0.0,0.0,holt_winters,CAJAMARCA
2018-11-19,0.0,0.01520258893014255,holt_winters,CAJAMARCA
2018-11-26,0.0,0.0138740350183053,holt_winters,CAJAMARCA
2018-12-03,0.0,0.0,holt_winters,CAJAMARCA
2018-12-10,0.0,0.0,holt_winters,CAJAMARCA
2018-12-17,0.0,0.0,holt_winters,CAJAMARCA
2018-12-24,0.0,0.0,holt_winters,CAJAMARCA
2018-12-31,0.0,0.0,holt_winters,CAJAMARCA
2019-01-07,0.0,0.011409433041855276,holt_winters,CAJAMARCA
2019-01-14,0.0,0.019425423803305017,holt_winters,CAJAMARCA
2019-01-21,0.0,0.018435521971234946,holt_winters,CAJAMARCA
2019-01-28,0.0,0.017573332858354735,holt_winters,CAJAMARCA
2019-02-04,0.0,0.003157831952079272,holt_winters,CAJAMARCA
2019-02-11,0.0,0.0,holt_winters,CAJAMARCA
2019-02-18,0.0,0.0,holt_winters,CAJAMARCA
2019-02-25,0.0,0.0,holt_winters,CAJAMARCA
2019-03-04,0.0,0.0,holt_winters,CAJAMARCA
2019-03-11,0.0,0.002055326105833615,holt_winters,CAJAMARCA
2019-03-18,0.06953121360475539,0.0018722673807275154,holt_winters,CAJAMARCA
2019-03-25,0.06953121360475539,0.0,holt_winters,CAJAMARCA
2019-04-01,0.06953121360475539,0.0015133824745669122,holt_winters,CAJAMARCA
2019-04-08,0.0,0.07090204832033369,holt_winters,CAJAMARCA
2019-04-15,0.0,0.07061213562386609,holt_winters,CAJAMARCA
2019-04-22,0.0,0.05588664094987441,holt_winters,CAJAMARCA
2019-04-29,0.0,0.0700306853161325,holt_winters,CAJAMARCA
2019-05-06,0.0,0.0017420740689403152,holt_winters,CAJAMARCA
2019-05-13,0.0,0.0012461967580669918,holt_winters,CAJAMARCA
2019-05-20,0.0,0.0,holt_winters,CAJAMARCA
2019-05-27,0.0,0.0004240223614056857,holt_winters,CAJAMARCA
2019-06-03,0.0,0.03687071343143821,holt_winters,CAJAMARCA
2019-06-10,0.0,0.03280329974061019,holt_winters,CAJAMARCA
2019-06-17,0.0,0.0297295060882549,holt_winters,CAJAMARCA
2019-06-24,0.0,0.013512523498204285,holt_winters,CAJAMARCA
2019-07-01,0.0,0.0,holt_winters,CAJAMARCA
2019-07-08,0.0,0.0,holt_winters,CAJAMARCA
2019-07-15,0.0,0.0,holt_winters,CAJAMARCA
2019-07-22,0.0,0.0,holt_winters,CAJAMARCA
2019-07-29,0.0,0.016472104191958874,holt_winters,CAJAMARCA
2019-08-05,0.0,0.03331548026857247,holt_winters,CAJAMARCA
2019-08-12,0.0,0.050552665026974086,holt_winters,CAJAMARCA
2019-08-19,0.0,0.038763658349344546,holt_winters,CAJAMARCA
2019-08-26,0.0,0.0,holt_winters,CAJAMARCA
2019-09-02,0.0,0.0,holt_winters,CAJAMARCA
2019-09-09,0.0,0.0,holt_winters,CAJAMARCA
2019-09-16,0.0,0.0,holt_winters,CAJAMARCA
2019-09-23,0.0,0.02247878943977213,holt_winters,CAJAMARCA
2019-09-30,0.06953121360475539,0.032459986864805536,holt_winters,CAJAMARCA
2019-10-07,0.06953121360475539,0.0018825111109621393,holt_winters,CAJAMARCA
2019-10-14,0.06953121360475539,0.0,holt_winters,CAJAMARCA
2019-10-21,0.0,0.04902370552375489,holt_winters,CAJAMARCA
2019-10-28,0.0,0.05511592454888858,holt_winters,CAJAMARCA
2019-11-04,0.06953121360475539,0.04570860209565573,holt_winters,CAJAMARCA
2019-11-11,0.06953121360475539,0.03605921361641067,holt_winters,CAJAMARCA
2019-11-18,0.06953121360475539,0.08860678934028762,holt_winters,CAJAMARCA
2019-11-25,0.0,0.08604226355615188,holt_winters,CAJAMARCA
2019-12-02,0.0,0.06937053770577599,holt_winters,CAJAMARCA
2019-12-09,0.0,0.05329069962667898,holt_winters,CAJAMARCA
2019-12-16,0.0,0.0,holt_winters,CAJAMARCA
2019-12-23,0.0,0.0,holt_winters,CAJAMARCA
2019-12-30,0.0,0.0,holt_winters,CAJAMARCA
2020-01-06,0.06927409751437612,0.010832619982839064,holt_winters,CAJAMARCA
2020-01-13,0.06927409751437612,0.06028917668604292,holt_winters,CAJAMARCA
2020-01-20,0.06927409751437612,0.06253750168687436,holt_winters,CAJAMARCA
2020-01-27,0.0,0.06424511936169347,holt_winters,CAJAMARCA
2020-02-03,0.0,0.05121468977407468,holt_winters,CAJAMARCA
2020-02-10,0.0,0.0015142294709033599,holt_winters,CAJAMARCA
2020-02-17,0.0,0.0,holt_winters,CAJAMARCA
2020-02-24,0.0,0.0,holt_winters,CAJAMARCA
2020-03-02,0.0,0.0,holt_winters,CAJAMARCA
2020-03-09,0.0,0.0,holt_winters,CAJAMARCA
2020-03-16,0.0,0.018021054826003607,holt_winters,CAJAMARCA
2020-03-23,0.0,0.008109783996932792,holt_winters,CAJAMARCA
2020-03-30,0.0,0.02498520617139049,holt_winters,CAJAMARCA
2020-04-06,0.0,0.0,holt_winters,CAJAMARCA
2020-04-13,0.0,0.0,holt_winters,CAJAMARCA
2020-04-20,0.0,0.0,holt_winters,CAJAMARCA
2020-04-27,0.0,0.0,holt_winters,CAJAMARCA
2020-05-04,0.0,0.002556143749016472,holt_winters,CAJAMARCA
2020-05-11,0.0,0.0021774756153978376,holt_winters,CAJAMARCA
2020-05-18,0.0,0.0,holt_winters,CAJAMARCA
2020-05-25,0.0,0.0015685085429550643,holt_winters,CAJAMARCA
2020-06-01,0.0,0.038248635289895416,holt_winters,CAJAMARCA
2020-06-08,0.0,0.03446622012778767,holt_winters,CAJAMARCA
2020-06-15,0.0,0.017621576273033453,holt_winters,CAJAMARCA
2020-06-22,0.0,0.0017511129332767048,holt_winters,CAJAMARCA
2020-06-29,0.0,0.0,holt_winters,CAJAMARCA
2020-07-06,0.0,0.0,holt_winters,CAJAMARCA
2020-07-13,0.0,0.0,holt_winters,CAJAMARCA
2020-07-20,0.0,0.0,holt_winters,CAJAMARCA
2020-07-27,0.0,0.0179475104167421,holt_winters,CAJAMARCA
2020-08-03,0.0,0.030715057904658928,holt_winters,CAJAMARCA
2020-08-10,0.0,0.04459140920286466,holt_winters,CAJAMARCA
2020-08-17,0.0,0.04442236675974588,holt_winters,CAJAMARCA
2020-08-24,0.0,0.0,holt_winters,CAJAMARCA
2020-08-31,0.0,0.0,holt_winters,CAJAMARCA
2020-09-07,0.0,0.0,holt_winters,CAJAMARCA
2020-09-14,0.0,0.0,holt_winters,CAJAMARCA
2020-09-21,0.0,0.006400056328239843,holt_winters,CAJAMARCA
2020-09-28,0.0,0.03705906239022127,holt_winters,CAJAMARCA
2020-10-05,0.0,0.01179995426317219,holt_winters,CAJAMARCA
2020-10-12,0.0,0.01363979970030765,holt_winters,CAJAMARCA
2020-10-19,0.0,0.0,holt_winters,CAJAMARCA
2020-10-26,0.0,0.0,holt_winters,CAJAMARCA
2020-11-02,0.0,0.0,holt_winters,CAJAMARCA
2020-11-09,0.0,0.0,holt_winters,CAJAMARCA
2020-11-16,0.0,0.01967551240117213,holt_winters,CAJAMARCA
2020-11-23,0.0,0.00373197403070353,holt_winters,CAJAMARCA
2020-11-30,0.0,0.0,holt_winters,CAJAMARCA
2020-12-07,0.0,0.0,holt_winters,CAJAMARCA
2020-12-14,0.0,0.0,holt_winters,CAJAMARCA
2020-12-21,0.0,0.0,holt_winters,CAJAMARCA
2020-12-28,0.0,0.0,holt_winters,CAJAMARCA
2021-01-04,0.0,0.024542290740889188,holt_winters,CAJAMARCA
2021-01-11,0.0,0.005472896696897167,holt_winters,CAJAMARCA
2021-01-18,0.0,0.0041095689991552335,holt_winters,CAJAMARCA
2021-01-25,0.0,0.0,holt_winters,CAJAMARCA
2021-02-01,0.0,0.0,holt_winters,CAJAMARCA
2021-02-08,0.0,0.0,holt_winters,CAJAMARCA
2021-02-15,0.0690188759723897,0.0,holt_winters,CAJAMARCA
2021-02-22,0.0690188759723897,0.0,holt_winters,CAJAMARCA
2021-03-01,0.0690188759723897,0.0,holt_winters,CAJAMARCA
2021-03-08,0.0,0.0694440338540081,holt_winters,CAJAMARCA
2021-03-15,0.0,0.08168850992459628,holt_winters,CAJAMARCA
2021-03-22,0.0,0.07988841026245756,holt_winters,CAJAMARCA
2021-03-29,0.0,0.09317971095228461,holt_winters,CAJAMARCA
2021-04-05,0.0,0.0,holt_winters,CAJAMARCA
2021-04-12,0.0,0.0,holt_winters,CAJAMARCA
2021-04-19,0.0,0.0,holt_winters,CAJAMARCA
2021-04-26,0.0,0.0,holt_winters,CAJAMARCA
2021-05-03,0.0,0.0,holt_winters,CAJAMARCA
2021-05-10,0.0,0.003171026568099541,holt_winters,CAJAMARCA
2021-05-17,0.0,0.0,holt_winters,CAJAMARCA
2021-05-24,0.0,0.00818642028905553,holt_winters,CAJAMARCA
2021-05-31,0.0,0.018357465103003796,holt_winters,CAJAMARCA
2021-06-07,0.0,0.02005448283766824,holt_winters,CAJAMARCA
2021-06-14,0.0,0.007751437071185925,holt_winters,CAJAMARCA
2021-06-21,0.0,0.0,holt_winters,CAJAMARCA
2021-06-28,0.0,0.0,holt_winters,CAJAMARCA
2021-07-05,0.0,0.0,holt_winters,CAJAMARCA
2021-07-12,0.0,0.0,holt_winters,CAJAMARCA
2021-07-19,0.0,0.0,holt_winters,CAJAMARCA
2021-07-26,0.0,0.017305138790999396,holt_winters,CAJAMARCA
2021-08-02,0.0,0.03000427722780965,holt_winters,CAJAMARCA
2021-08-09,0.0,0.0438168456224059,holt_winters,CAJAMARCA
2021-08-16,0.0,0.043595095842308675,holt_winters,CAJAMARCA
2021-08-23,0.0,0.0,holt_winters,CAJAMARCA
2021-08-30,0.0,0.0,holt_winters,CAJAMARCA
2021-09-06,0.0,0.0,holt_winters,CAJAMARCA
2021-09-13,0.0,0.0,holt_winters,CAJAMARCA
2021-09-20,0.0,0.002199504834865769,holt_winters,CAJAMARCA
2021-09-27,0.0,0.026680531739445543,holt_winters,CAJAMARCA
2021-10-04,0.0,0.0,holt_winters,CAJAMARCA
2021-10-11,0.0,0.008892114276145027,holt_winters,CAJAMARCA
2021-10-18,0.0,0.0,holt_winters,CAJAMARCA
2021-10-25,0.0,0.0,holt_winters,CAJAMARCA
2021-11-01,0.0,0.0,holt_winters,CAJAMARCA
2021-11-08,0.0,0.0,holt_winters,CAJAMARCA
2021-11-15,0.0,0.001535217912428183,holt_winters,CAJAMARCA
2021-11-22,0.0,0.0,holt_winters,CAJAMARCA
2021-11-29,0.0,0.0,holt_winters,CAJAMARCA
2021-12-06,0.0,0.0,holt_winters,CAJAMARCA
2021-12-13,0.0,1.8724365845543024e-05,holt_winters,CAJAMARCA
2021-12-20,0.0,0.0,holt_winters,CAJAMARCA
2021-12-27,0.0,0.0,holt_winters,CAJAMARCA
2022-01-03,0.0,0.025498539475161376,holt_winters,CAJAMARCA
2022-01-10,0.0,0.0014865160742140622,holt_winters,CAJAMARCA
2022-01-17,0.0,0.005201971573149055,holt_winters,CAJAMARCA
2022-01-24,0.0,0.0,holt_winters,CAJAMARCA
2022-01-31,0.0,0.0,holt_winters,CAJAMARCA
2022-02-07,0.0,0.00020886219053878284,holt_winters,CAJAMARCA
2022-02-14,0.0,0.0,holt_winters,CAJAMARCA
2022-02-21,0.0,0.0,holt_winters,CAJAMARCA
2022-02-28,0.0,0.0,holt_winters,CAJAMARCA
2022-03-07,0.0,0.0,holt_winters,CAJAMARCA
2022-03-14,0.0,0.0,holt_winters,CAJAMARCA
2022-03-21,0.0,0.0,holt_winters,CAJAMARCA
2022-03-28,0.0,0.0,holt_winters,CAJAMARCA
2022-04-04,0.0,0.0,holt_winters,CAJAMARCA
2022-04-11,0.0,0.0,holt_winters,CAJAMARCA
2022-04-18,0.0,0.0,holt_winters,CAJAMARCA
2022-04-25,0.0,0.0,holt_winters,CAJAMARCA
2022-05-02,0.0,0.0003133122173059327,holt_winters,CAJAMARCA
2022-05-09,0.0,0.0,holt_winters,CAJAMARCA
2022-05-16,0.0,0.0,holt_winters,CAJAMARCA
2022-05-23,0.0,0.011122221926970705,holt_winters,CAJAMARCA
2022-05-30,0.0,0.016666614714898238,holt_winters,CAJAMARCA
2022-06-06,0.0,0.01964466576621397,holt_winters,CAJAMARCA
2022-06-13,0.0,0.008265054115016926,holt_winters,CAJAMARCA
2022-06-20,0.0,0.0,holt_winters,CAJAMARCA
2022-06-27,0.0,0.0,holt_winters,CAJAMARCA
2022-07-04,0.0,0.0,holt_winters,CAJAMARCA
2022-07-11,0.0,0.0,holt_winters,CAJAMARCA
2022-07-18,0.0,0.0,holt_winters,CAJAMARCA
2022-07-25,0.0,0.01773128846567283,holt_winters,CAJAMARCA
2022-08-01,0.0,0.028200571347062307,holt_winters,CAJAMARCA
2022-08-08,0.0,0.04024939300691944,holt_winters,CAJAMARCA
2022-08-15,0.0,0.03871010330050166,holt_winters,CAJAMARCA
2022-08-22,0.0,0.0,holt_winters,CAJAMARCA
2022-08-29,0.0,0.0,holt_winters,CAJAMARCA
2022-09-05,0.0,0.0,holt_winters,CAJAMARCA
2022-09-12,0.0,0.0,holt_winters,CAJAMARCA
2022-09-19,0.0,0.0013104299539403613,holt_winters,CAJAMARCA
2022-09-26,0.0,0.016532761823315065,holt_winters,CAJAMARCA
2022-10-03,0.0,0.0,holt_winters,CAJAMARCA
2022-10-10,0.0,0.005343711016185621,holt_winters,CAJAMARCA
2022-10-17,0.0,0.0,holt_winters,CAJAMARCA
2022-10-24,0.0,0.0,holt_winters,CAJAMARCA
2022-10-31,0.0,0.0,holt_winters,CAJAMARCA
2022-11-07,0.0,0.0036864068843086963,holt_winters,CAJAMARCA
2022-11-14,0.0,4.769491160503694e-06,holt_winters,CAJAMARCA
2022-11-21,0.0,0.0,holt_winters,CAJAMARCA
2022-11-28,0.0,0.0,holt_winters,CAJAMARCA
2022-12-05,0.06876552811581767,0.0,holt_winters,CAJAMARCA
2010-12-27,0.14288531167573038,0.0,arima,CAJAMARCA
2011-01-03,0.14288531167573038,0.0,arima,CAJAMARCA
2011-01-10,0.14288531167573038,0.0,arima,CAJAMARCA
2011-01-17,0.0,0.0,arima,CAJAMARCA
2011-01-24,0.0,0.0,arima,CAJAMARCA
2011-01-31,0.0,0.0,arima,CAJAMARCA
2011-02-07,0.0,0.053659104924089596,arima,CAJAMARCA
2011-02-14,0.0,0.05619431749907971,arima,CAJAMARCA
2011-02-21,0.07124049651776453,7.971268385504431e-05,arima,CAJAMARCA
2011-02-28,0.07124049651776453,8.085382979113966e-05,arima,CAJAMARCA
2011-03-07,0.07124049651776453,7.846769067817618e-05,arima,CAJAMARCA
2011-03-14,0.0,4.7226962376566504e-05,arima,CAJAMARCA
2011-03-21,0.07124049651776453,0.0,arima,CAJAMARCA
2011-03-28,0.07124049651776453,0.0,arima,CAJAMARCA
2011-04-04,0.07124049651776453,0.02622594685349834,arima,CAJAMARCA
2011-04-11,0.0,0.028380571244424103,arima,CAJAMARCA
2011-04-18,0.0,0.0,arima,CAJAMARCA
2011-04-25,0.0,0.0,arima,CAJAMARCA
2011-05-02,0.0,0.026534361167873315,arima,CAJAMARCA
2011-05-09,0.0,0.027798938546306096,arima,CAJAMARCA
2011-05-16,0.0,4.300214284263797e-05,arima,CAJAMARCA
2011-05-23,0.0,4.3434748271649156e-05,arima,CAJAMARCA
2011-05-30,0.07124049651776453,4.267092279961839e-05,arima,CAJAMARCA
2011-06-06,0.07124049651776453,2.5642310621849652e-05,arima,CAJAMARCA
2011-06-13,0.07124049651776453,0.07115613468519408,arima,CAJAMARCA
2011-06-20,0.07124049651776453,0.04171375973045024,arima,CAJAMARCA
2011-06-27,0.07124049651776453,0.04048774994883444,arima,CAJAMARCA
2011-07-04,0.07124049651776453,0.040489225968465374,arima,CAJAMARCA
2011-07-11,0.0,0.02226634518832219,arima,CAJAMARCA
2011-07-18,0.0,0.02973990456977576,arima,CAJAMARCA
2011-07-25,0.07124049651776453,0.04149798687002333,arima,CAJAMARCA
2011-08-01,0.07124049651776453,0.030067469800286965,arima,CAJAMARCA
2011-08-08,0.07124049651776453,0.07109902513482112,arima,CAJAMARCA
2011-08-15,0.0,0.04235104815452914,arima,CAJAMARCA
2011-08-22,0.0,0.04068233425949336,arima,CAJAMARCA
2011-08-29,0.0,0.04066257382284833,arima,CAJAMARCA
2011-09-05,0.0,0.0278011164962052,arima,CAJAMARCA
2011-09-12,0.0,0.029160039979341603,arima,CAJAMARCA
2011-09-19,0.0,0.02882306269152937,arima,CAJAMARCA
2011-09-26,0.0,0.017613229013643084,arima,CAJAMARCA
2011-10-03,0.0,1.1265203395672834e-07,arima,CAJAMARCA
2011-10-10,0.0,1.2149651244577954e-07,arima,CAJAMARCA
2011-10-17,0.0,1.2013058707998632e-07,arima,CAJAMARCA
2011-10-24,0.0,7.450195496597053e-08,arima,CAJAMARCA
2011-10-31,0.0,1.901454804664006e-12,arima,CAJAMARCA
2011-11-07,0.0,2.053697970832647e-12,arima,CAJAMARCA
2011-11-14,0.0,2.056523916114823e-12,arima,CAJAMARCA
2011-11-21,0.0,1.2844454578226903e-12,arima,CAJAMARCA
2011-11-28,0.0,3.8935073008464004e-28,arima,CAJAMARCA
2011-12-05,0.0,4.0269274851399905e-28,arima,CAJAMARCA
2011-12-12,0.0,4.059773611313076e-28,arima,CAJAMARCA
2011-12-19,0.0,2.4257629063317176e-28,arima,CAJAMARCA
2011-12-26,0.0,6.220915686208488e-31,arima,CAJAMARCA
2012-01-02,0.0,6.6591121295062e-31,arima,CAJAMARCA
2012-01-09,0.0,6.59039436031478e-31,arima,CAJAMARCA
2012-01-16,0.0,4.06500512531224e-31,arima,CAJAMARCA
2012-01-23,0.0,3.099203762861569e-29,arima,CAJAMARCA
2012-01-30,0.0,3.4083180673033055e-29,arima,CAJAMARCA
2012-02-06,0.0,3.4037634254264213e-29,arima,CAJAMARCA
2012-02-13,0.0,2.1304020056577336e-29,arima,CAJAMARCA
2012-02-20,0.0,3.5486508867174044e-41,arima,CAJAMARCA
2012-02-27,0.0710394780587468,3.8178067380953967e-41,arima,CAJAMARCA
2012-03-05,0.2131184341762404,3.818050113362558e-41,arima,CAJAMARCA
2012-03-12,0.21311843417624043,2.371818506600563e-41,arima,CAJAMARCA
2012-03-19,0.2131184341762404,0.1785943131884825,arima,CAJAMARCA
2012-03-26,0.14207895611749363,0.11755630680765917,arima,CAJAMARCA
2012-04-02,0.14207895611749363,0.11346701593857261,arima,CAJAMARCA
2012-04-09,0.07103947805874682,0.12680003832773087,arima,CAJAMARCA
2012-04-16,0.0,0.0949118070787124,arima,CAJAMARCA
2012-04-23,0.0,0.09755705668637775,arima,CAJAMARCA
2012-04-30,0.14207895611749363,0.12794208892533498,arima,CAJAMARCA
2012-05-07,0.21311843417624043,0.12055782142573349,arima,CAJAMARCA
2012-05-14,0.21311843417624043,0.21620901878632282,arima,CAJAMARCA
2012-05-21,0.07103947805874682,0.1496419531091651,arima,CAJAMARCA
2012-05-28,0.0,0.11236976092687509,arima,CAJAMARCA
2012-06-04,0.0,0.10779729796954153,arima,CAJAMARCA
2012-06-11,0.07103947805874682,0.013250182505090344,arima,CAJAMARCA
2012-06-18,0.07103947805874682,0.038588940737689564,arima,CAJAMARCA
2012-06-25,0.07103947805874682,0.058502100629048315,arima,CAJAMARCA
2012-07-02,0.0,0.0689657258224721,arima,CAJAMARCA
2012-07-09,0.0,0.004156741868894767,arima,CAJAMARCA
2012-07-16,0.0,0.01785075604829679,arima,CAJAMARCA
2012-07-23,0.0,0.040910284652526774,arima,CAJAMARCA
2012-07-30,0.0,0.05712293841343533,arima,CAJAMARCA
2012-08-06,0.07103947805874682,0.0005303157611763682,arima,CAJAMARCA
2012-08-13,0.07103947805874682,0.0006096258960208927,arima,CAJAMARCA
2012-08-20,0.07103947805874682,0.0005835256711070388,arima,CAJAMARCA
2012-08-27,0.0,0.0003372339709106345,arima,CAJAMARCA
2012-09-03,0.07103947805874682,0.0,arima,CAJAMARCA
2012-09-10,0.07103947805874682,0.0009761981201692605,arima,CAJAMARCA
2012-09-17,0.07103947805874682,0.03373446485912028,arima,CAJAMARCA
2012-09-24,0.0,0.036477660790678976,arima,CAJAMARCA
2012-10-01,0.0,0.0,arima,CAJAMARCA
2012-10-08,0.0,0.0006069669232529657,arima,CAJAMARCA
2012-10-15,0.0,0.033413417681776574,arima,CAJAMARCA
2012-10-22,0.0,0.03609453333453963,arima,CAJAMARCA
2012-10-29,0.0,2.8960930275382275e-06,arima,CAJAMARCA
2012-11-05,0.0,3.0149691090975613e-06,arima,CAJAMARCA
2012-11-12,0.0,2.9217431388463997e-06,arima,CAJAMARCA
2012-11-19,0.07103947805874682,1.5627557849614919e-06,arima,CAJAMARCA
2012-11-26,0.14207895611749363,0.07508633763937411,arima,CAJAMARCA
2012-12-03,0.14207895611749363,0.07284021503173826,arima,CAJAMARCA
2012-12-10,0.07103947805874682,0.03860257652309063,arima,CAJAMARCA
2012-12-17,0.0,0.03575935638357407,arima,CAJAMARCA
2012-12-24,0.07103947805874682,0.0,arima,CAJAMARCA
2012-12-31,0.21311843417624043,0.0320360327021302,arima,CAJAMARCA
2013-01-07,0.21311843417624043,0.06813392863215886,arima,CAJAMARCA
2013-01-14,0.1420789561174936,0.06952828095111581,arima,CAJAMARCA
2013-01-21,0.07083964101303522,0.07282754653214808,arima,CAJAMARCA
2013-01-28,0.07083964101303522,0.0759750094904046,arima,CAJAMARCA
2013-02-04,0.1416792820260704,0.11271140111643635,arima,CAJAMARCA
2013-02-11,0.07083964101303522,0.1474991341054842,arima,CAJAMARCA
2013-02-18,0.1416792820260704,0.06065060453986035,arima,CAJAMARCA
2013-02-25,0.07083964101303522,0.03366897472045847,arima,CAJAMARCA
2013-03-04,0.07083964101303522,0.06680897809579507,arima,CAJAMARCA
2013-03-11,0.0,0.07424905663091033,arima,CAJAMARCA
2013-03-18,0.0,0.03122889973162244,arima,CAJAMARCA
2013-03-25,0.0,0.036569726813138324,arima,CAJAMARCA
2013-04-01,0.0,0.07073751096534557,arima,CAJAMARCA
2013-04-08,0.0,0.05435904607040362,arima,CAJAMARCA
2013-04-15,0.0,6.42568998178965e-05,arima,CAJAMARCA
2013-04-22,0.07083964101303522,6.50397967221185e-05,arima,CAJAMARCA
2013-04-29,0.07083964101303522,6.161443238153713e-05,arima,CAJAMARCA
2013-05-06,0.07083964101303522,2.8604748345751038e-05,arima,CAJAMARCA
2013-05-13,0.0,0.033988918454851975,arima,CAJAMARCA
2013-05-20,0.0,0.0329084937683067,arima,CAJAMARCA
2013-05-27,0.0,0.03519044748101804,arima,CAJAMARCA
2013-06-03,0.1416792820260704,0.054083492694750025,arima,CAJAMARCA
2013-06-10,0.2125189230391056,0.1432570421898543,arima,CAJAMARCA
2013-06-17,0.2125189230391056,0.12939557800822704,arima,CAJAMARCA
2013-06-24,0.07083964101303522,0.048702282307811935,arima,CAJAMARCA
2013-07-01,0.0,0.04739895318227903,arima,CAJAMARCA
2013-07-08,0.0,0.011044311052738374,arima,CAJAMARCA
2013-07-15,0.07083964101303522,0.09169701339431723,arima,CAJAMARCA
2013-07-22,0.07083964101303522,0.13462504521942265,arima,CAJAMARCA
2013-07-29,0.07083964101303522,0.11982101966142224,arima,CAJAMARCA
2013-08-05,0.0,0.030951936463886453,arima,CAJAMARCA
2013-08-12,0.0,0.03023556204391725,arima,CAJAMARCA
2013-08-19,0.0,0.03361636898147845,arima,CAJAMARCA
2013-08-26,0.07083964101303522,0.05570972231685379,arima,CAJAMARCA
2013-09-02,0.07083964101303522,0.07178494608464932,arima,CAJAMARCA
2013-09-09,0.07083964101303522,0.0662208395540812,arima,CAJAMARCA
2013-09-16,0.1416792820260704,0.025214189368939623,arima,CAJAMARCA
2013-09-23,0.1416792820260704,0.02469298332636767,arima,CAJAMARCA
2013-09-30,0.1416792820260704,0.13594982871743763,arima,CAJAMARCA
2013-10-07,0.07083964101303522,0.09580685594003548,arima,CAJAMARCA
2013-10-14,0.07083964101303522,0.0954699824473387,arima,CAJAMARCA
2013-10-21,0.07083964101303522,0.10166127777269998,arima,CAJAMARCA
2013-10-28,0.07083964101303522,0.10985122105379082,arima,CAJAMARCA
2013-11-04,0.07083964101303522,0.10943251905777089,arima,CAJAMARCA
2013-11-11,0.07083964101303522,0.10634536846517344,arima,CAJAMARCA
2013-11-18,0.0,0.08442597806113114,arima,CAJAMARCA
2013-11-25,0.0,0.0,arima,CAJAMARCA
2013-12-02,0.0,0.004519942709427999,arima,CAJAMARCA
2013-12-09,0.0,0.04307700888073127,arima,CAJAMARCA
2013-12-16,0.0,0.043619058659742395,arima,CAJAMARCA
2013-12-23,0.0,4.9221896810635256e-08,arima,CAJAMARCA
2013-12-30,0.0,4.99736139219385e-08,arima,CAJAMARCA
2014-01-06,0.0,4.6479028822915436e-08,arima,CAJAMARCA
2014-01-13,0.0,1.9715759621534786e-08,arima,CAJAMARCA
2014-01-20,0.0,1.1330050281469089e-12,arima,CAJAMARCA
2014-01-27,0.0,1.118267549672731e-12,arima,CAJAMARCA
2014-02-03,0.0,1.0276948342708293e-12,arima,CAJAMARCA
2014-02-10,0.0,4.1569541462093407e-13,arima,CAJAMARCA
2014-02-17,0.0,6.135531849605704e-18,arima,CAJAMARCA
2014-02-24,0.0,5.9439705109734395e-18,arima,CAJAMARCA
2014-03-03,0.0,5.4539473623145455e-18,arima,CAJAMARCA
2014-03-10,0.0,2.1584840441128736e-18,arima,CAJAMARCA
2014-03-17,0.0,2.464909142009779e-27,arima,CAJAMARCA
2014-03-24,0.0,2.421768168873359e-27,arima,CAJAMARCA
2014-03-31,0.0,2.1939787685861205e-27,arima,CAJAMARCA
2014-04-07,0.0,9.038109283915482e-28,arima,CAJAMARCA
2014-04-14,0.0,5.099978968520829e-35,arima,CAJAMARCA
2014-04-21,0.0,5.179019879133764e-35,arima,CAJAMARCA
2014-04-28,0.0,4.712092624161684e-35,arima,CAJAMARCA
2014-05-05,0.0,2.0330290252905782e-35,arima,CAJAMARCA
2014-05-12,0.0,2.3792848640534963e-32,arima,CAJAMARCA
2014-05-19,0.0,2.472170840458156e-32,arima,CAJAMARCA
2014-05-26,0.0,2.2245672445649333e-32,arima,CAJAMARCA
2014-06-02,0.0,9.749446843726082e-33,arima,CAJAMARCA
2014-06-09,0.0,1.8861451586212987e-44,arima,CAJAMARCA
2014-06-16,0.0,1.9527356034545823e-44,arima,CAJAMARCA
2014-06-23,0.07064087521218755,1.7501534795266828e-44,arima,CAJAMARCA
2014-06-30,0.07064087521218755,7.677401238364103e-45,arima,CAJAMARCA
2014-07-07,0.07064087521218755,0.0638929431907108,arima,CAJAMARCA
2014-07-14,0.0,0.02687470968094173,arima,CAJAMARCA
2014-07-21,0.0,0.02624830123991634,arima,CAJAMARCA
2014-07-28,0.0,0.03297212500472288,arima,CAJAMARCA
2014-08-04,0.07064087521218755,0.037074517040239695,arima,CAJAMARCA
2014-08-11,0.07064087521218755,0.03961806432404029,arima,CAJAMARCA
2014-08-18,0.07064087521218755,0.03603258191585486,arima,CAJAMARCA
2014-08-25,0.0,0.01587801418478238,arima,CAJAMARCA
2014-09-01,0.0,0.0,arima,CAJAMARCA
2014-09-08,0.0,0.0045776629192529495,arima,CAJAMARCA
2014-09-15,0.0,0.04178707957420306,arima,CAJAMARCA
2014-09-22,0.0,0.044363351455294485,arima,CAJAMARCA
2014-09-29,0.0,0.0001562097709709466,arima,CAJAMARCA
2014-10-06,0.0,0.00016473376392087005,arima,CAJAMARCA
2014-10-13,0.0,0.00015200395546220773,arima,CAJAMARCA
2014-10-20,0.0,6.910665323554683e-05,arima,CAJAMARCA
2014-10-27,0.14128175042437507,1.8878002616663503e-09,arima,CAJAMARCA
2014-11-03,0.14128175042437507,1.9825349165180003e-09,arima,CAJAMARCA
2014-11-10,0.14128175042437507,1.8283827355062223e-09,arima,CAJAMARCA
2014-11-17,0.0,8.198296030192827e-10,arima,CAJAMARCA
2014-11-24,0.0,0.0011628030700630333,arima,CAJAMARCA
2014-12-01,0.0,0.011362974242409257,arima,CAJAMARCA
2014-12-08,0.0,0.09055050797004406,arima,CAJAMARCA
2014-12-15,0.0,0.0874708555688362,arima,CAJAMARCA
2014-12-22,0.0,0.0005165805232082286,arima,CAJAMARCA
2014-12-29,0.0,0.0004977065894197898,arima,CAJAMARCA
2015-01-05,0.0,0.0004485444933882611,arima,CAJAMARCA
2015-01-12,0.0,0.00017137172607994955,arima,CAJAMARCA
2015-01-19,0.07044322170665614,5.409440417708626e-08,arima,CAJAMARCA
2015-01-26,0.07044322170665614,5.164860090260634e-08,arima,CAJAMARCA
2015-02-02,0.07044322170665614,4.7602522407952587e-08,arima,CAJAMARCA
2015-02-09,0.0,1.8770331152712812e-08,arima,CAJAMARCA
2015-02-16,0.0,9.578564753578376e-05,arima,CAJAMARCA
2015-02-23,0.0,0.005238909980578238,arima,CAJAMARCA
2015-03-02,0.0,0.04296067217170535,arima,CAJAMARCA
2015-03-09,0.07044322170665614,0.04076196713099524,arima,CAJAMARCA
2015-03-16,0.07044322170665614,0.0735614246100006,arima,CAJAMARCA
2015-03-23,0.07044322170665614,0.06784910481498055,arima,CAJAMARCA
2015-03-30,0.0,0.029471092545149343,arima,CAJAMARCA
2015-04-06,0.0,0.02910338267674939,arima,CAJAMARCA
2015-04-13,0.0,0.005244391123958527,arima,CAJAMARCA
2015-04-20,0.0,0.043249709209317505,arima,CAJAMARCA
2015-04-27,0.0,0.04196216713173529,arima,CAJAMARCA
2015-05-04,0.0,0.03607016700560532,arima,CAJAMARCA
2015-05-11,0.0,0.0,arima,CAJAMARCA
2015-05-18,0.0,0.0,arima,CAJAMARCA
2015-05-25,0.0,0.0,arima,CAJAMARCA
2015-06-01,0.0,0.0,arima,CAJAMARCA
2015-06-08,0.0,0.0,arima,CAJAMARCA
2015-06-15,0.0,0.0,arima,CAJAMARCA
2015-06-22,0.0,0.0,arima,CAJAMARCA
2015-06-29,0.07044322170665614,0.0,arima,CAJAMARCA
2015-07-06,0.07044322170665614,0.07375756979276939,arima,CAJAMARCA
2015-07-13,0.07044322170665614,0.06969610089080228,arima,CAJAMARCA
2015-07-20,0.0,0.030006334123808348,arima,CAJAMARCA
2015-07-27,0.0,0.02845138291876313,arima,CAJAMARCA
2015-08-03,0.0,0.004613480258745631,arima,CAJAMARCA
2015-08-10,0.0,0.043117637207960344,arima,CAJAMARCA
2015-08-17,0.0,0.04290463162111192,arima,CAJAMARCA
2015-08-24,0.0,0.03766228103973487,arima,CAJAMARCA
2015-08-31,0.0,0.0,arima,CAJAMARCA
2015-09-07,0.0,0.0,arima,CAJAMARCA
2015-09-14,0.0,0.0,arima,CAJAMARCA
2015-09-21,0.0,0.0,arima,CAJAMARCA
2015-09-28,0.07044322170665614,0.0,arima,CAJAMARCA
2015-10-05,0.07044322170665614,0.0,arima,CAJAMARCA
2015-10-12,0.07044322170665614,0.0,arima,CAJAMARCA
2015-10-19,0.0,0.0,arima,CAJAMARCA
2015-10-26,0.0,0.0,arima,CAJAMARCA
2015-11-02,0.0,0.0028054681864914375,arima,CAJAMARCA
2015-11-09,0.0,0.04188344338937749,arima,CAJAMARCA
2015-11-16,0.0,0.04280058239283464,arima,CAJAMARCA
2015-11-23,0.0,0.0004940183354837892,arima,CAJAMARCA
2015-11-30,0.0,0.0004735699986395665,arima,CAJAMARCA
2015-12-07,0.0,0.0004434091580347619,arima,CAJAMARCA
2015-12-14,0.0,0.00017259548756411896,arima,CAJAMARCA
2015-12-21,0.0,9.056448383599371e-08,arima,CAJAMARCA
2015-12-28,0.0,8.682256412397627e-08,arima,CAJAMARCA
2016-01-04,0.0,8.108454242763297e-08,arima,CAJAMARCA
2016-01-11,0.0,3.10461861208171e-08,arima,CAJAMARCA
2016-01-18,0.0,9.274188146216584e-12,arima,CAJAMARCA
2016-01-25,0.0,8.96803747622555e-12,arima,CAJAMARCA
2016-02-01,0.0,8.336776623322311e-12,arima,CAJAMARCA
2016-02-08,0.0,3.210199195477308e-12,arima,CAJAMARCA
2016-02-15,0.0,2.6136030281851074e-16,arima,CAJAMARCA
2016-02-22,0.0,2.549273776134553e-16,arima,CAJAMARCA
2016-02-29,0.0,2.36560448535707e-16,arima,CAJAMARCA
2016-03-07,0.0,9.163284721363701e-17,arima,CAJAMARCA
2016-03-14,0.0,2.026201250697226e-21,arima,CAJAMARCA
2016-03-21,0.0,2.0242456926686655e-21,arima,CAJAMARCA
2016-03-28,0.0,1.8856688407659982e-21,arima,CAJAMARCA
2016-04-04,0.07024667118586919,7.612966976408119e-22,arima,CAJAMARCA
2016-04-11,0.07024667118586919,0.07650799316446508,arima,CAJAMARCA
2016-04-18,0.07024667118586919,0.07144594723649607,arima,CAJAMARCA
2016-04-25,0.0,0.03140069119198454,arima,CAJAMARCA
2016-05-02,0.07024667118586919,0.02842538908271191,arima,CAJAMARCA
2016-05-09,0.07024667118586919,0.08057387558291881,arima,CAJAMARCA
2016-05-16,0.07024667118586919,0.11808354443388513,arima,CAJAMARCA
2016-05-23,0.0,0.07388495980383165,arima,CAJAMARCA
2016-05-30,0.0,0.0667321918545275,arima,CAJAMARCA
2016-06-06,0.07024667118586919,0.004739018181075076,arima,CAJAMARCA
2016-06-13,0.07024667118586919,0.04433926441590866,arima,CAJAMARCA
2016-06-20,0.07024667118586919,0.04255751709960418,arima,CAJAMARCA
2016-06-27,0.0,0.037041435982418484,arima,CAJAMARCA
2016-07-04,0.0,0.0,arima,CAJAMARCA
2016-07-11,0.0,0.0036453219360941358,arima,CAJAMARCA
2016-07-18,0.0,0.04416915115059013,arima,CAJAMARCA
2016-07-25,0.0,0.04314751980323803,arima,CAJAMARCA
2016-08-01,0.0,0.00043393043151850904,arima,CAJAMARCA
2016-08-08,0.0,0.0004211777628721644,arima,CAJAMARCA
2016-08-15,0.0,0.00039142963041991586,arima,CAJAMARCA
2016-08-22,0.0,0.00014521305525565576,arima,CAJAMARCA
2016-08-29,0.0,5.640000242847816e-08,arima,CAJAMARCA
2016-09-05,0.0,5.473291281626647e-08,arima,CAJAMARCA
2016-09-12,0.0,5.0872492985460304e-08,arima,CAJAMARCA
2016-09-19,0.0,1.8868717440815468e-08,arima,CAJAMARCA
2016-09-26,0.0,7.162533632178717e-12,arima,CAJAMARCA
2016-10-03,0.07024667118586919,6.951838176482199e-12,arima,CAJAMARCA
2016-10-10,0.07024667118586919,6.461418915866744e-12,arima,CAJAMARCA
2016-10-17,0.07024667118586919,2.3967784092753908e-12,arima,CAJAMARCA
2016-10-24,0.0,0.03008343125667818,arima,CAJAMARCA
2016-10-31,0.0,0.03125755492393662,arima,CAJAMARCA
2016-11-07,0.0,0.033927910339720736,arima,CAJAMARCA
2016-11-14,0.0,0.056612765352328565,arima,CAJAMARCA
2016-11-21,0.07024667118586919,0.0,arima,CAJAMARCA
2016-11-28,0.07024667118586919,0.0,arima,CAJAMARCA
2016-12-05,0.07024667118586919,0.0,arima,CAJAMARCA
2016-12-12,0.0,0.0,arima,CAJAMARCA
2016-12-19,0.0,0.0,arima,CAJAMARCA
2016-12-26,0.0,0.0032050423599608636,arima,CAJAMARCA
2017-01-02,0.0,0.04294415166255155,arima,CAJAMARCA
2017-01-09,0.0700512144428792,0.04306789174473973,arima,CAJAMARCA
2017-01-16,0.0700512144428792,0.07409584634274914,arima,CAJAMARCA
2017-01-23,0.0700512144428792,0.06896464293606265,arima,CAJAMARCA
2017-01-30,0.0,0.028719657271126207,arima,CAJAMARCA
2017-02-06,0.0,0.026483306117830285,arima,CAJAMARCA
2017-02-13,0.0,0.005916199004573521,arima,CAJAMARCA
2017-02-20,0.0,0.047490441613757275,arima,CAJAMARCA
2017-02-27,0.0,0.04843121071705154,arima,CAJAMARCA
2017-03-06,0.0,0.04111177789133677,arima,CAJAMARCA
2017-03-13,0.0,4.4251560849434405e-06,arima,CAJAMARCA
2017-03-20,0.0,4.611087035568616e-06,arima,CAJAMARCA
2017-03-27,0.0,4.219972530981332e-06,arima,CAJAMARCA
2017-04-03,0.0,1.6306731857196489e-06,arima,CAJAMARCA
2017-04-10,0.0,3.5476816830326644e-13,arima,CAJAMARCA
2017-04-17,0.0,3.63169401163468e-13,arima,CAJAMARCA
2017-04-24,0.0,3.293822962716621e-13,arima,CAJAMARCA
2017-05-01,0.0,1.1348517660489761e-13,arima,CAJAMARCA
2017-05-08,0.0,1.1111029789894868e-21,arima,CAJAMARCA
2017-05-15,0.0,1.119675082083877e-21,arima,CAJAMARCA
2017-05-22,0.0,1.0122007611346153e-21,arima,CAJAMARCA
2017-05-29,0.0700512144428792,3.629740380479484e-22,arima,CAJAMARCA
2017-06-05,0.0700512144428792,0.06760595634729447,arima,CAJAMARCA
2017-06-12,0.0700512144428792,0.061452861549677405,arima,CAJAMARCA
2017-06-19,0.0,0.02218781250976607,arima,CAJAMARCA
2017-06-26,0.0,0.023524855403533912,arima,CAJAMARCA
2017-07-03,0.0,0.00569980902637483,arima,CAJAMARCA
2017-07-10,0.0,0.04501461358855898,arima,CAJAMARCA
2017-07-17,0.0,0.04468041229301914,arima,CAJAMARCA
2017-07-24,0.0,0.03799406071700183,arima,CAJAMARCA
2017-07-31,0.0,5.184394039151665e-06,arima,CAJAMARCA
2017-08-07,0.0,5.2589402827313435e-06,arima,CAJAMARCA
2017-08-14,0.0700512144428792,4.8249569259501e-06,arima,CAJAMARCA
2017-08-21,0.0700512144428792,1.917783841297265e-06,arima,CAJAMARCA
2017-08-28,0.0700512144428792,0.06416005609842018,arima,CAJAMARCA
2017-09-04,0.0,0.024480056671531268,arima,CAJAMARCA
2017-09-11,0.0,0.02336657596616265,arima,CAJAMARCA
2017-09-18,0.0700512144428792,0.02960113721138333,arima,CAJAMARCA
2017-09-25,0.0700512144428792,0.11001314777072398,arima,CAJAMARCA
2017-10-02,0.0700512144428792,0.10466374136763643,arima,CAJAMARCA
2017-10-09,0.0,0.05961371382855652,arima,CAJAMARCA
2017-10-16,0.0700512144428792,0.0367396820003053,arima,CAJAMARCA
2017-10-23,0.0700512144428792,0.07229995178872343,arima,CAJAMARCA
2017-10-30,0.0700512144428792,0.10823401648957105,arima,CAJAMARCA
2017-11-06,0.0,0.06655538758064716,arima,CAJAMARCA
2017-11-13,0.0700512144428792,0.0615378667091526,arima,CAJAMARCA
2017-11-20,0.0700512144428792,0.07224407723656541,arima,CAJAMARCA
2017-11-27,0.0700512144428792,0.10691174444675532,arima,CAJAMARCA
2017-12-04,0.0,0.06457037414863125,arima,CAJAMARCA
2017-12-11,0.0,0.06015447732886528,arima,CAJAMARCA
2017-12-18,0.0,0.005587011647749007,arima,CAJAMARCA
2017-12-25,0.0,0.04548713253372748,arima,CAJAMARCA
2018-01-01,0.0,0.0454383645134861,arima,CAJAMARCA
2018-01-08,0.0,0.038864035899806255,arima,CAJAMARCA
2018-01-15,0.0,5.571825419599242e-06,arima,CAJAMARCA
2018-01-22,0.0,5.487949486715668e-06,arima,CAJAMARCA
2018-01-29,0.06979024541739802,5.25123750177702e-06,arima,CAJAMARCA
2018-02-05,0.06979024541739802,2.1250597203080733e-06,arima,CAJAMARCA
2018-02-12,0.06979024541739802,0.06561379495658891,arima,CAJAMARCA
2018-02-19,0.0,0.02614536941748924,arima,CAJAMARCA
2018-02-26,0.0,0.026548762567463864,arima,CAJAMARCA
2018-03-05,0.0,0.03097675241581064,arima,CAJAMARCA
2018-03-12,0.0,0.03929444132057911,arima,CAJAMARCA
2018-03-19,0.0,0.03930812103881149,arima,CAJAMARCA
2018-03-26,0.0,0.036501391703748415,arima,CAJAMARCA
2018-04-02,0.0,0.0140673222925704,arima,CAJAMARCA
2018-04-09,0.0,2.3403249691761262e-07,arima,CAJAMARCA
2018-04-16,0.0,2.339510441425973e-07,arima,CAJAMARCA
2018-04-23,0.0,2.1714014669751813e-07,arima,CAJAMARCA
2018-04-30,0.0,8.479681250035472e-08,arima,CAJAMARCA
2018-05-07,0.0,3.229202299485255e-12,arima,CAJAMARCA
2018-05-14,0.0,3.2413603745044235e-12,arima,CAJAMARCA
2018-05-21,0.0,3.0052787789850965e-12,arima,CAJAMARCA
2018-05-28,0.0,1.1875338097017836e-12,arima,CAJAMARCA
2018-06-04,0.06979024541739802,3.5584411878779203e-23,arima,CAJAMARCA
2018-06-11,0.06979024541739802,3.4121809860362964e-23,arima,CAJAMARCA
2018-06-18,0.06979024541739802,3.091181319273823e-23,arima,CAJAMARCA
2018-06-25,0.0,1.197240145440724e-23,arima,CAJAMARCA
2018-07-02,0.0,0.005005277316832497,arima,CAJAMARCA
2018-07-09,0.0,0.009833081943688812,arima,CAJAMARCA
2018-07-16,0.0,0.04536313361135149,arima,CAJAMARCA
2018-07-23,0.0,0.04039206054601966,arima,CAJAMARCA
2018-07-30,0.06979024541739802,5.1504130420894414e-05,arima,CAJAMARCA
2018-08-06,0.13958049083479604,4.8658687880657824e-05,arima,CAJAMARCA
2018-08-13,0.13958049083479604,4.503710216641902e-05,arima,CAJAMARCA
2018-08-20,0.13958049083479604,2.0118303369159074e-05,arima,CAJAMARCA
2018-08-27,0.06979024541739802,0.10286891346957643,arima,CAJAMARCA
2018-09-03,0.06979024541739802,0.10473740182415948,arima,CAJAMARCA
2018-09-10,0.0,0.10697968561994298,arima,CAJAMARCA
2018-09-17,0.06979024541739802,0.12532522588121023,arima,CAJAMARCA
2018-09-24,0.06979024541739802,0.06915398181775564,arima,CAJAMARCA
2018-10-01,0.06979024541739802,0.10363381328223435,arima,CAJAMARCA
2018-10-08,0.0,0.0650266684089452,arima,CAJAMARCA
2018-10-15,0.0,0.06487423884408673,arima,CAJAMARCA
2018-10-22,0.0,0.003869638691905228,arima,CAJAMARCA
2018-10-29,0.0,0.039993458121194925,arima,CAJAMARCA
2018-11-05,0.0,0.03804782067473,arima,CAJAMARCA
2018-11-12,0.0,0.03401674806700871,arima,CAJAMARCA
2018-11-19,0.0,4.306795139600624e-06,arima,CAJAMARCA
2018-11-26,0.0,4.1496605864511766e-06,arima,CAJAMARCA
2018-12-03,0.0,3.921592927038057e-06,arima,CAJAMARCA
2018-12-10,0.0,1.7157179961793213e-06,arima,CAJAMARCA
2018-12-17,0.0,2.6349491743118517e-11,arima,CAJAMARCA
2018-12-24,0.0,2.5388125797847065e-11,arima,CAJAMARCA
2018-12-31,0.0,2.3992782837978053e-11,arima,CAJAMARCA
2019-01-07,0.0,1.049698279624093e-11,arima,CAJAMARCA
2019-01-14,0.0,1.6121001950090127e-16,arima,CAJAMARCA
2019-01-21,0.0,1.5532824197995557e-16,arima,CAJAMARCA
2019-01-28,0.0,1.4679133143650015e-16,arima,CAJAMARCA
2019-02-04,0.0,6.422206690382043e-17,arima,CAJAMARCA
2019-02-11,0.0,9.863050234015582e-22,arima,CAJAMARCA
2019-02-18,0.0,9.503195048457694e-22,arima,CAJAMARCA
2019-02-25,0.0,8.980895127659738e-22,arima,CAJAMARCA
2019-03-04,0.0,3.929194159283527e-22,arima,CAJAMARCA
2019-03-11,0.0,6.0643258606645025e-27,arima,CAJAMARCA
2019-03-18,0.06953121360475539,5.843023416810481e-27,arima,CAJAMARCA
2019-03-25,0.06953121360475539,5.522072330136824e-27,arima,CAJAMARCA
2019-04-01,0.06953121360475539,2.416223079886169e-27,arima,CAJAMARCA
2019-04-08,0.0,0.032907309152161286,arima,CAJAMARCA
2019-04-15,0.0,0.03420735000514825,arima,CAJAMARCA
2019-04-22,0.0,0.03608209528487416,arima,CAJAMARCA
2019-04-29,0.0,0.054724030356011255,arima,CAJAMARCA
2019-05-06,0.0,0.0011852973845725054,arima,CAJAMARCA
2019-05-13,0.0,0.0011308600951423612,arima,CAJAMARCA
2019-05-20,0.0,0.001071347636836701,arima,CAJAMARCA
2019-05-27,0.0,0.0004653813941454384,arima,CAJAMARCA
2019-06-03,0.0,8.744269064167069e-09,arima,CAJAMARCA
2019-06-10,0.0,8.431385534075404e-09,arima,CAJAMARCA
2019-06-17,0.0,7.972712122324224e-09,arima,CAJAMARCA
2019-06-24,0.0,3.410855843166342e-09,arima,CAJAMARCA
2019-07-01,0.0,7.889978155985659e-16,arima,CAJAMARCA
2019-07-08,0.0,7.486040054467169e-16,arima,CAJAMARCA
2019-07-15,0.0,7.074783880439866e-16,arima,CAJAMARCA
2019-07-22,0.0,3.040857499082558e-16,arima,CAJAMARCA
2019-07-29,0.0,4.132856953630553e-23,arima,CAJAMARCA
2019-08-05,0.0,3.9004216970016285e-23,arima,CAJAMARCA
2019-08-12,0.0,3.6863447097432994e-23,arima,CAJAMARCA
2019-08-19,0.0,1.654895799547193e-23,arima,CAJAMARCA
2019-08-26,0.0,1.430810000048441e-28,arima,CAJAMARCA
2019-09-02,0.0,1.3534638094828268e-28,arima,CAJAMARCA
2019-09-09,0.0,1.2750888335553969e-28,arima,CAJAMARCA
2019-09-16,0.0,5.739808396217013e-29,arima,CAJAMARCA
2019-09-23,0.0,2.1480485889533577e-32,arima,CAJAMARCA
2019-09-30,0.06953121360475539,2.04097205931149e-32,arima,CAJAMARCA
2019-10-07,0.06953121360475539,1.9291138618787623e-32,arima,CAJAMARCA
2019-10-14,0.06953121360475539,8.708021016675707e-33,arima,CAJAMARCA
2019-10-21,0.0,0.034229325780731845,arima,CAJAMARCA
2019-10-28,0.0,0.03658085100492585,arima,CAJAMARCA
2019-11-04,0.06953121360475539,0.038521155596894285,arima,CAJAMARCA
2019-11-11,0.06953121360475539,0.05575535315923359,arima,CAJAMARCA
2019-11-18,0.06953121360475539,0.06493761513209771,arima,CAJAMARCA
2019-11-25,0.0,0.02990381963635705,arima,CAJAMARCA
2019-12-02,0.0,0.03225266115689856,arima,CAJAMARCA
2019-12-09,0.0,0.03731088768860952,arima,CAJAMARCA
2019-12-16,0.0,0.03528402689710078,arima,CAJAMARCA
2019-12-23,0.0,0.03369973023017601,arima,CAJAMARCA
2019-12-30,0.0,0.03079014169082385,arima,CAJAMARCA
2020-01-06,0.06927409751437612,0.012985227122333225,arima,CAJAMARCA
2020-01-13,0.06927409751437612,0.06109209825700513,arima,CAJAMARCA
2020-01-20,0.06927409751437612,0.055501546589349395,arima,CAJAMARCA
2020-01-27,0.0,0.021616558014032113,arima,CAJAMARCA
2020-02-03,0.0,0.02745285092486965,arima,CAJAMARCA
2020-02-10,0.0,0.005947446133914665,arima,CAJAMARCA
2020-02-17,0.0,0.0414030262973566,arima,CAJAMARCA
2020-02-24,0.0,0.0373119019939864,arima,CAJAMARCA
2020-03-02,0.0,0.03130787706221408,arima,CAJAMARCA
2020-03-09,0.0,0.0,arima,CAJAMARCA
2020-03-16,0.0,0.0,arima,CAJAMARCA
2020-03-23,0.0,0.0,arima,CAJAMARCA
2020-03-30,0.0,0.0,arima,CAJAMARCA
2020-04-06,0.0,0.0,arima,CAJAMARCA
2020-04-13,0.0,0.0,arima,CAJAMARCA
2020-04-20,0.0,0.0,arima,CAJAMARCA
2020-04-27,0.0,0.0,arima,CAJAMARCA
2020-05-04,0.0,0.0,arima,CAJAMARCA
2020-05-11,0.0,0.0,arima,CAJAMARCA
2020-05-18,0.0,0.0,arima,CAJAMARCA
2020-05-25,0.0,0.0,arima,CAJAMARCA
2020-06-01,0.0,0.0,arima,CAJAMARCA
2020-06-08,0.0,0.0,arima,CAJAMARCA
2020-06-15,0.0,0.0,arima,CAJAMARCA
2020-06-22,0.0,0.0,arima,CAJAMARCA
2020-06-29,0.0,0.0,arima,CAJAMARCA
2020-07-06,0.0,0.0,arima,CAJAMARCA
2020-07-13,0.0,0.0,arima,CAJAMARCA
2020-07-20,0.0,0.0,arima,CAJAMARCA
2020-07-27,0.0,0.0,arima,CAJAMARCA
2020-08-03,0.0,0.0,arima,CAJAMARCA
2020-08-10,0.0,0.0,arima,CAJAMARCA
2020-08-17,0.0,0.0,arima,CAJAMARCA
2020-08-24,0.0,0.0,arima,CAJAMARCA
2020-08-31,0.0,0.0,arima,CAJAMARCA
2020-09-07,0.0,0.0,arima,CAJAMARCA
2020-09-14,0.0,0.0,arima,CAJAMARCA
2020-09-21,0.0,0.0,arima,CAJAMARCA
2020-09-28,0.0,0.0,arima,CAJAMARCA
2020-10-05,0.0,0.0,arima,CAJAMARCA
2020-10-12,0.0,0.0,arima,CAJAMARCA
2020-10-19,0.0,0.0,arima,CAJAMARCA
2020-10-26,0.0,0.0,arima,CAJAMARCA
2020-11-02,0.0,0.0,arima,CAJAMARCA
2020-11-09,0.0,0.0,arima,CAJAMARCA
2020-11-16,0.0,0.0,arima,CAJAMARCA
2020-11-23,0.0,0.0,arima,CAJAMARCA
2020-11-30,0.0,0.0,arima,CAJAMARCA
2020-12-07,0.0,0.0,arima,CAJAMARCA
2020-12-14,0.0,0.0,arima,CAJAMARCA
2020-12-21,0.0,0.0,arima,CAJAMARCA
2020-12-28,0.0,0.0,arima,CAJAMARCA
2021-01-04,0.0,0.0,arima,CAJAMARCA
2021-01-11,0.0,0.0,arima,CAJAMARCA
2021-01-18,0.0,0.0,arima,CAJAMARCA
2021-01-25,0.0,0.0,arima,CAJAMARCA
2021-02-01,0.0,0.0,arima,CAJAMARCA
2021-02-08,0.0,0.0,arima,CAJAMARCA
2021-02-15,0.0690188759723897,0.0,arima,CAJAMARCA
2021-02-22,0.0690188759723897,0.0,arima,CAJAMARCA
2021-03-01,0.0690188759723897,0.0,arima,CAJAMARCA
2021-03-08,0.0,0.032664648634476566,arima,CAJAMARCA
2021-03-15,0.0,0.036718878839802016,arima,CAJAMARCA
2021-03-22,0.0,0.039789342257228015,arima,CAJAMARCA
2021-03-29,0.0,0.057864684218348145,arima,CAJAMARCA
2021-04-05,0.0,0.0008160437872594428,arima,CAJAMARCA
2021-04-12,0.0,0.000741876368991255,arima,CAJAMARCA
2021-04-19,0.0,0.0006784782366214966,arima,CAJAMARCA
2021-04-26,0.0,0.00027057776244809536,arima,CAJAMARCA
2021-05-03,0.0,2.0268732972775046e-08,arima,CAJAMARCA
2021-05-10,0.0,1.941104888194546e-08,arima,CAJAMARCA
2021-05-17,0.0,1.775056630794638e-08,arima,CAJAMARCA
2021-05-24,0.0,7.774141478071979e-09,arima,CAJAMARCA
2021-05-31,0.0,2.721669966995214e-15,arima,CAJAMARCA
2021-06-07,0.0,2.5956777706566206e-15,arima,CAJAMARCA
2021-06-14,0.0,2.4322485185405027e-15,arima,CAJAMARCA
2021-06-21,0.0,1.0901802455918747e-15,arima,CAJAMARCA
2021-06-28,0.0,7.949830576565216e-19,arima,CAJAMARCA
2021-07-05,0.0,7.662445068929211e-19,arima,CAJAMARCA
2021-07-12,0.0,7.1875722933225735e-19,arima,CAJAMARCA
2021-07-19,0.0,3.2760736622504573e-19,arima,CAJAMARCA
2021-07-26,0.0,6.104452257346795e-24,arima,CAJAMARCA
2021-08-02,0.0,5.88377697532905e-24,arima,CAJAMARCA
2021-08-09,0.0,5.5191354719057176e-24,arima,CAJAMARCA
2021-08-16,0.0,2.5156052198351975e-24,arima,CAJAMARCA
2021-08-23,0.0,4.791889228282546e-29,arima,CAJAMARCA
2021-08-30,0.0,4.619207300775341e-29,arima,CAJAMARCA
2021-09-06,0.0,4.3327513203757943e-29,arima,CAJAMARCA
2021-09-13,0.0,1.9751827693316836e-29,arima,CAJAMARCA
2021-09-20,0.0,1.023083939874351e-33,arima,CAJAMARCA
2021-09-27,0.0,9.848468807910537e-34,arima,CAJAMARCA
2021-10-04,0.0,9.209373124726672e-34,arima,CAJAMARCA
2021-10-11,0.0,4.026811051376526e-34,arima,CAJAMARCA
2021-10-18,0.0,0.0,arima,CAJAMARCA
2021-10-25,0.0,0.0,arima,CAJAMARCA
2021-11-01,0.0,0.0,arima,CAJAMARCA
2021-11-08,0.0,0.0,arima,CAJAMARCA
2021-11-15,0.0,0.0,arima,CAJAMARCA
2021-11-22,0.0,0.0,arima,CAJAMARCA
2021-11-29,0.0,0.0,arima,CAJAMARCA
2021-12-06,0.0,0.0,arima,CAJAMARCA
2021-12-13,0.0,0.0,arima,CAJAMARCA
2021-12-20,0.0,0.0,arima,CAJAMARCA
2021-12-27,0.0,0.0,arima,CAJAMARCA
2022-01-03,0.0,0.0,arima,CAJAMARCA
2022-01-10,0.0,0.0,arima,CAJAMARCA
2022-01-17,0.0,0.0,arima,CAJAMARCA
2022-01-24,0.0,0.0,arima,CAJAMARCA
2022-01-31,0.0,0.0,arima,CAJAMARCA
2022-02-07,0.0,0.0,arima,CAJAMARCA
2022-02-14,0.0,0.0,arima,CAJAMARCA
2022-02-21,0.0,0.0,arima,CAJAMARCA
2022-02-28,0.0,0.0,arima,CAJAMARCA
2022-03-07,0.0,0.0,arima,CAJAMARCA
2022-03-14,0.0,0.0,arima,CAJAMARCA
2022-03-21,0.0,0.0,arima,CAJAMARCA
2022-03-28,0.0,0.0,arima,CAJAMARCA
2022-04-04,0.0,0.0,arima,CAJAMARCA
2022-04-11,0.0,0.0,arima,CAJAMARCA
2022-04-18,0.0,0.0,arima,CAJAMARCA
2022-04-25,0.0,0.0,arima,CAJAMARCA
2022-05-02,0.0,0.0,arima,CAJAMARCA
2022-05-09,0.0,0.0,arima,CAJAMARCA
2022-05-16,0.0,0.0,arima,CAJAMARCA
2022-05-23,0.0,0.0,arima,CAJAMARCA
2022-05-30,0.0,0.0,arima,CAJAMARCA
2022-06-06,0.0,0.0,arima,CAJAMARCA
2022-06-13,0.0,0.0,arima,CAJAMARCA
2022-06-20,0.0,0.0,arima,CAJAMARCA
2022-06-27,0.0,0.0,arima,CAJAMARCA
2022-07-04,0.0,0.0,arima,CAJAMARCA
2022-07-11,0.0,0.0,arima,CAJAMARCA
2022-07-18,0.0,0.0,arima,CAJAMARCA
2022-07-25,0.0,0.0,arima,CAJAMARCA
2022-08-01,0.0,0.0,arima,CAJAMARCA
2022-08-08,0.0,0.0,arima,CAJAMARCA
2022-08-15,0.0,0.0,arima,CAJAMARCA
2022-08-22,0.0,0.0,arima,CAJAMARCA
2022-08-29,0.0,0.0,arima,CAJAMARCA
2022-09-05,0.0,0.0,arima,CAJAMARCA
2022-09-12,0.0,0.0,arima,CAJAMARCA
2022-09-19,0.0,0.0,arima,CAJAMARCA
2022-09-26,0.0,0.0,arima,CAJAMARCA
2022-10-03,0.0,0.0,arima,CAJAMARCA
2022-10-10,0.0,0.0,arima,CAJAMARCA
2022-10-17,0.0,0.0,arima,CAJAMARCA
2022-10-24,0.0,0.0,arima,CAJAMARCA
2022-10-31,0.0,0.0,arima,CAJAMARCA
2022-11-07,0.0,0.0,arima,CAJAMARCA
2022-11-14,0.0,2.1033110936637723e-217,arima,CAJAMARCA
2022-11-21,0.0,2.099854598114445e-217,arima,CAJAMARCA
2022-11-28,0.0,2.0910912709619567e-217,arima,CAJAMARCA
2022-12-05,0.06876552811581767,1.0971045493031209e-217,arima,CAJAMARCA
