date,region,actual,arima,holt_winters,naive,seasonal_naive,arima_error,arima_abs_error,arima_pct_error,holt_winters_error,holt_winters_abs_error,holt_winters_pct_error,naive_error,naive_abs_error,naive_pct_error,seasonal_naive_error,seasonal_naive_abs_error,seasonal_naive_pct_error,best_model
2010-12-27,PASCO,2.8781637315392756,2.6760875081615607,4.495541645425728,3.957475130866505,3.586980694869899,-0.202,0.202,7.0,1.617,1.617,56.2,1.079,1.079,37.5,0.709,0.709,24.6,arima
2011-01-03,PASCO,3.2411745897363944,2.6527337500218255,6.0875810993419455,3.957475130866505,5.031424545416636,-0.588,0.588,18.1,2.846,2.846,87.8,0.716,0.716,22.1,1.79,1.79,55.2,arima
2011-01-10,PASCO,4.324806511403236,2.915358259453001,6.2902150783117,3.957475130866505,6.835638862405783,-1.409,1.409,32.6,1.965,1.965,45.4,-0.367,0.367,8.5,2.511,2.511,58.1,naive
2011-01-17,PASCO,3.608505970273125,2.7297707412762264,6.416639600862576,3.957475130866505,10.073573060387472,-0.879,0.879,24.4,2.808,2.808,77.8,0.349,0.349,9.7,6.465,6.465,179.2,naive
2011-01-24,PASCO,3.608505970273125,3.6663956613041977,2.9603835152916775,3.608505970273125,9.713802593945063,0.058,0.058,1.6,-0.648,0.648,18.0,0.0,0.0,0.0,6.105,6.105,169.2,naive
2011-01-31,PASCO,2.5259541791911873,3.305770540179136,2.603284443104069,3.608505970273125,7.555179795290602,0.78,0.78,30.9,0.077,0.077,3.0,1.083,1.083,42.9,5.029,5.029,199.1,holt_winters
2011-02-07,PASCO,3.608505970273125,3.551224883782755,2.2121496431055827,3.608505970273125,5.396556996636145,-0.057,0.057,1.6,-1.396,1.396,38.7,0.0,0.0,0.0,1.788,1.788,49.5,naive
2011-02-14,PASCO,2.5259541791911873,3.4538507901673476,2.090226731328693,3.608505970273125,3.2379341979816854,0.928,0.928,36.7,-0.436,0.436,17.3,1.083,1.083,42.9,0.712,0.712,28.2,holt_winters
2011-02-21,PASCO,4.691057761355064,2.9101630242690537,2.75649164416084,2.5259541791911873,5.396556996636145,-1.781,1.781,38.0,-1.935,1.935,41.2,-2.165,2.165,46.2,0.705,0.705,15.0,seasonal_naive
2011-02-28,PASCO,4.691057761355064,2.210865261659743,3.418861227011055,2.5259541791911873,5.396556996636145,-2.48,2.48,52.9,-1.272,1.272,27.1,-2.165,2.165,46.2,0.705,0.705,15.0,seasonal_naive
2011-03-07,PASCO,5.412758955409689,2.6243362671994386,3.3582055240489685,2.5259541791911873,7.555179795290602,-2.788,2.788,51.5,-2.055,2.055,38.0,-2.887,2.887,53.3,2.142,2.142,39.6,holt_winters
2011-03-14,PASCO,5.7736095524370015,2.465377616355677,3.5762170396815707,2.5259541791911873,7.91495026173301,-3.308,3.308,57.3,-2.197,2.197,38.1,-3.248,3.248,56.3,2.141,2.141,37.1,seasonal_naive
2011-03-21,PASCO,4.33020716432775,5.801520501572938,6.899810043878138,5.7736095524370015,9.713802593945063,1.471,1.471,34.0,2.57,2.57,59.4,1.443,1.443,33.3,5.384,5.384,124.3,naive
2011-03-28,PASCO,6.856161343518939,6.832837477778932,8.568054542330021,5.7736095524370015,11.152884459714702,-0.023,0.023,0.3,1.712,1.712,25.0,-1.083,1.083,15.8,4.297,4.297,62.7,arima
2011-04-04,PASCO,9.74296611973744,6.050015601498405,9.74374558616356,5.7736095524370015,14.031048191253975,-3.693,3.693,37.9,0.001,0.001,0.0,-3.969,3.969,40.7,4.288,4.288,44.0,holt_winters
2011-04-11,PASCO,13.712322687037883,6.368879536692893,9.629739263208396,5.7736095524370015,13.311507258369158,-7.343,7.343,53.6,-4.083,4.083,29.8,-7.939,7.939,57.9,-0.401,0.401,2.9,seasonal_naive
2011-04-18,PASCO,17.64206037378921,14.202789106050794,14.594364288885718,13.712322687037885,16.17165472105738,-3.439,3.439,19.5,-3.048,3.048,17.3,-3.93,3.93,22.3,-1.47,1.47,8.3,seasonal_naive
2011-04-25,PASCO,16.920359179734586,12.696442898205637,14.565899987274701,13.712322687037885,14.372802388845336,-4.224,4.224,25.0,-2.354,2.354,13.9,-3.208,3.208,19.0,-2.548,2.548,15.1,holt_winters
2011-05-02,PASCO,18.002910970816522,13.649180418348681,17.69457421283363,13.712322687037885,18.690047986154248,-4.354,4.354,24.2,-0.308,0.308,1.7,-4.291,4.291,23.8,0.687,0.687,3.8,holt_winters
2011-05-09,PASCO,12.990621492983259,13.323399337480899,17.4922800692751,13.712322687037885,18.69004798615426,0.333,0.333,2.6,4.502,4.502,34.7,0.722,0.722,5.6,5.699,5.699,43.9,arima
2011-05-16,PASCO,15.11610619459802,12.23964747374845,16.497858816896734,12.990621492983259,20.83065451595766,-2.876,2.876,19.0,1.382,1.382,9.1,-2.125,2.125,14.1,5.715,5.715,37.8,holt_winters
2011-05-23,PASCO,13.311853209461455,11.645867423097176,15.669178026290151,12.990621492983259,18.31226125086079,-1.666,1.666,12.5,2.357,2.357,17.7,-0.321,0.321,2.4,5.0,5.0,37.6,naive
2011-05-30,PASCO,14.033554403516083,12.246021669374205,16.85154742258339,12.990621492983259,15.092343321730159,-1.788,1.788,12.7,2.818,2.818,20.1,-1.043,1.043,7.4,1.059,1.059,7.5,naive
2011-06-06,PASCO,11.547219104874008,11.955213743972068,14.675985667242445,12.990621492983259,10.073573060387472,0.408,0.408,3.5,3.129,3.129,27.1,1.443,1.443,12.5,-1.474,1.474,12.8,arima
2011-06-13,PASCO,14.073173284065197,12.055796341502536,10.082119927907598,11.547219104874008,6.835638862405783,-2.017,2.017,14.3,-3.991,3.991,28.4,-2.526,2.526,17.9,-7.238,7.238,51.4,arima
2011-06-20,PASCO,12.990621492983257,11.759330261305001,7.669014199056138,11.547219104874008,3.957475130866505,-1.231,1.231,9.5,-5.322,5.322,41.0,-1.443,1.443,11.1,-9.033,9.033,69.5,arima
2011-06-27,PASCO,9.742966119737442,11.854117504137086,5.4839449319399645,11.547219104874008,1.7988523322120464,2.111,2.111,21.7,-4.259,4.259,43.7,1.804,1.804,18.5,-7.944,7.944,81.5,naive
2011-07-04,PASCO,3.9693565673004385,11.853996250682153,4.83566133766351,11.547219104874008,2.518393265096866,7.885,7.885,198.6,0.866,0.866,21.8,7.578,7.578,190.9,-1.451,1.451,36.6,holt_winters
2011-07-11,PASCO,6.1344601494643145,3.0268759607107407,3.501967862898387,3.969356567300439,2.518393265096866,-3.108,3.108,50.7,-2.632,2.632,42.9,-2.165,2.165,35.3,-3.616,3.616,58.9,naive
2011-07-18,PASCO,6.495310746491628,2.4386967785078495,3.732145710045735,3.969356567300439,4.317245597308914,-4.057,4.057,62.5,-2.763,2.763,42.5,-2.526,2.526,38.9,-2.178,2.178,33.5,seasonal_naive
2011-07-25,PASCO,6.856161343518941,3.0190118522794025,3.5459143687751906,3.969356567300439,3.5977046644240946,-3.837,3.837,56.0,-3.31,3.31,48.3,-2.887,2.887,42.1,-3.258,3.258,47.5,naive
2011-08-01,PASCO,3.6085059702731255,2.7266494953373694,3.7172566171248453,3.969356567300439,3.2379341979816854,-0.882,0.882,24.4,0.109,0.109,3.0,0.361,0.361,10.0,-0.371,0.371,10.3,holt_winters
2011-08-08,PASCO,2.525954179191187,3.1901080733834917,3.9409342357585038,3.608505970273125,2.518393265096866,0.664,0.664,26.3,1.415,1.415,56.0,1.083,1.083,42.9,-0.008,0.008,0.3,seasonal_naive
2011-08-15,PASCO,2.5259541791911873,3.2773643967557105,3.712875925732111,3.608505970273125,2.518393265096866,0.751,0.751,29.7,1.187,1.187,47.0,1.083,1.083,42.9,-0.008,0.008,0.3,seasonal_naive
2011-08-22,PASCO,2.8868047762184994,3.3169947230895165,3.7892542830488516,3.608505970273125,2.878163731539275,0.43,0.43,14.9,0.902,0.902,31.2,0.722,0.722,25.0,-0.009,0.009,0.3,seasonal_naive
2011-08-29,PASCO,2.165103582163874,3.2652331675564703,3.1658649970320116,3.608505970273125,1.7988523322120464,1.1,1.1,50.8,1.001,1.001,46.2,1.443,1.443,66.6,-0.366,0.366,16.9,seasonal_naive
2011-09-05,PASCO,4.691057761355064,2.111350041212921,2.8289510539707097,2.165103582163874,2.518393265096866,-2.58,2.58,55.0,-1.862,1.862,39.7,-2.526,2.526,53.8,-2.173,2.173,46.3,holt_winters
2011-09-12,PASCO,4.330207164327751,1.7071928564428012,2.68859518625105,2.165103582163874,1.4390818657696363,-2.623,2.623,60.6,-1.642,1.642,37.9,-2.165,2.165,50.0,-2.891,2.891,66.8,holt_winters
2011-09-19,PASCO,6.1344601494643145,1.9973628709603215,2.901137449575876,2.165103582163874,3.2379341979816854,-4.137,4.137,67.4,-3.233,3.233,52.7,-3.969,3.969,64.7,-2.897,2.897,47.2,seasonal_naive
2011-09-26,PASCO,5.412758955409688,1.8909971756437,2.5424722862810496,2.165103582163874,2.518393265096866,-3.522,3.522,65.1,-2.87,2.87,53.0,-3.248,3.248,60.0,-2.894,2.894,53.5,holt_winters
2011-10-03,PASCO,5.412758955409688,6.051412715892091,5.767146170708311,5.412758955409688,3.957475130866505,0.639,0.639,11.8,0.354,0.354,6.5,0.0,0.0,0.0,-1.455,1.455,26.9,naive
2011-10-10,PASCO,5.051908358382375,6.508013478653696,6.165471463499327,5.412758955409688,2.518393265096866,1.456,1.456,28.8,1.114,1.114,22.1,0.361,0.361,7.1,-2.534,2.534,50.2,naive
2011-10-17,PASCO,3.2476553732458115,5.984297044659858,6.306952228194241,5.412758955409688,3.2379341979816854,2.737,2.737,84.3,3.059,3.059,94.2,2.165,2.165,66.7,-0.01,0.01,0.3,seasonal_naive
2011-10-24,PASCO,3.608505970273125,6.223883934234479,6.046699787751262,5.412758955409688,2.878163731539275,2.615,2.615,72.5,2.438,2.438,67.6,1.804,1.804,50.0,-0.73,0.73,20.2,seasonal_naive
2011-10-31,PASCO,4.691057761355063,3.3800842047904087,3.6067810824553597,3.608505970273125,3.5977046644240946,-1.311,1.311,27.9,-1.084,1.084,23.1,-1.083,1.083,23.1,-1.093,1.093,23.3,naive
2011-11-07,PASCO,4.691057761355063,3.785464916274865,4.276064666382475,3.608505970273125,4.677016063751324,-0.906,0.906,19.3,-0.415,0.415,8.8,-1.083,1.083,23.1,-0.014,0.014,0.3,seasonal_naive
2011-11-14,PASCO,4.691057761355064,3.5526216318229826,3.7666600860710107,3.608505970273125,3.5977046644240946,-1.138,1.138,24.3,-0.924,0.924,19.7,-1.083,1.083,23.1,-1.093,1.093,23.3,holt_winters
2011-11-21,PASCO,2.8868047762184994,3.6049043326361696,3.733057837964683,3.608505970273125,4.677016063751324,0.718,0.718,24.9,0.846,0.846,29.3,0.722,0.722,25.0,1.79,1.79,62.0,arima
2011-11-28,PASCO,2.5259541791911864,3.00900460253275,2.60423668739788,2.886804776218499,2.518393265096866,0.483,0.483,19.1,0.078,0.078,3.1,0.361,0.361,14.3,-0.008,0.008,0.3,seasonal_naive
2011-12-05,PASCO,1.8042529851365607,2.578858619467964,2.788192668012944,2.886804776218499,5.396556996636143,0.775,0.775,43.0,0.984,0.984,54.5,1.083,1.083,60.0,3.592,3.592,199.1,arima
2011-12-12,PASCO,2.8868047762184994,2.8592057053702824,2.6530228326403007,2.886804776218499,3.957475130866505,-0.028,0.028,1.0,-0.234,0.234,8.1,-0.0,0.0,0.0,1.071,1.071,37.1,naive
2011-12-19,PASCO,4.691057761355063,2.77128999044122,2.5664653435195537,2.886804776218499,3.957475130866505,-1.92,1.92,40.9,-2.125,2.125,45.3,-1.804,1.804,38.5,-0.734,0.734,15.6,seasonal_naive
2011-12-26,PASCO,7.217011940546253,5.842298480063845,4.296739039949225,4.691057761355063,2.878163731539275,-1.375,1.375,19.1,-2.92,2.92,40.5,-2.526,2.526,35.0,-4.339,4.339,60.1,arima
2012-01-02,PASCO,6.498566724002337,5.970920078774426,5.295933453289883,4.691057761355063,3.241174589736394,-0.528,0.528,8.1,-1.203,1.203,18.5,-1.808,1.808,27.8,-3.257,3.257,50.1,arima
2012-01-09,PASCO,3.9726125448111476,5.506687439471654,5.813580891490395,4.691057761355063,4.324806511403236,1.534,1.534,38.6,1.841,1.841,46.3,0.718,0.718,18.1,0.352,0.352,8.9,seasonal_naive
2012-01-16,PASCO,2.171615537185294,5.80767914330416,5.587543702154309,4.691057761355063,3.608505970273125,3.636,3.636,167.4,3.416,3.416,157.3,2.519,2.519,116.0,1.437,1.437,66.2,seasonal_naive
2012-01-23,PASCO,1.8096796143210778,1.744264786098538,1.6715608337484253,2.1716155371852945,3.608505970273125,-0.065,0.065,3.6,-0.138,0.138,7.6,0.362,0.362,20.0,1.799,1.799,99.4,arima
2012-01-30,PASCO,3.6193592286421583,1.7049120014993941,1.412544472028305,2.1716155371852945,2.5259541791911873,-1.914,1.914,52.9,-2.207,2.207,61.0,-1.448,1.448,40.0,-1.093,1.093,30.2,seasonal_naive
2012-02-06,PASCO,3.6193592286421583,1.8430546872361009,1.3158428322088591,2.1716155371852945,3.608505970273125,-1.776,1.776,49.1,-2.304,2.304,63.7,-1.448,1.448,40.0,-0.011,0.011,0.3,seasonal_naive
2012-02-13,PASCO,3.6193592286421583,1.7555790770300055,1.1041582734946584,2.1716155371852945,2.5259541791911873,-1.864,1.864,51.5,-2.515,2.515,69.5,-1.448,1.448,40.0,-1.093,1.093,30.2,seasonal_naive
2012-02-20,PASCO,3.9812951515063744,2.6512368558877486,4.55586339093193,3.6193592286421588,4.691057761355064,-1.33,1.33,33.4,0.575,0.575,14.4,-0.362,0.362,9.1,0.71,0.71,17.8,naive
2012-02-27,PASCO,4.34323107437059,2.9430715078530465,5.431839252406636,3.6193592286421588,4.691057761355064,-1.4,1.4,32.2,1.089,1.089,25.1,-0.724,0.724,16.7,0.348,0.348,8.0,seasonal_naive
2012-03-05,PASCO,4.705166997234806,2.9843110065854797,5.404847382425917,3.6193592286421588,5.412758955409688,-1.721,1.721,36.6,0.7,0.7,14.9,-1.086,1.086,23.1,0.708,0.708,15.0,holt_winters
2012-03-12,PASCO,3.6193592286421583,2.8719636211523403,6.050550994741286,3.6193592286421588,5.7736095524370015,-0.747,0.747,20.6,2.431,2.431,67.2,0.0,0.0,0.0,2.154,2.154,59.5,naive
2012-03-19,PASCO,2.8954873829137253,3.831245794701255,3.4057410626639415,3.6193592286421588,4.33020716432775,0.936,0.936,32.3,0.51,0.51,17.6,0.724,0.724,25.0,1.435,1.435,49.6,holt_winters
2012-03-26,PASCO,1.8096796143210774,3.77752250685712,4.771671955931399,3.6193592286421588,6.856161343518938,1.968,1.968,108.7,2.962,2.962,163.7,1.81,1.81,100.0,5.046,5.046,278.8,naive
2012-04-02,PASCO,1.8096796143210774,3.755873413060871,6.0367706310840425,3.6193592286421588,9.74296611973744,1.946,1.946,107.5,4.227,4.227,233.6,1.81,1.81,100.0,7.933,7.933,438.4,naive
2012-04-09,PASCO,3.2574233057779423,3.785672052942056,6.332279050691072,3.6193592286421588,13.712322687037885,0.528,0.528,16.2,3.075,3.075,94.4,0.362,0.362,11.1,10.455,10.455,321.0,naive
2012-04-16,PASCO,5.42903884296324,4.1280987444277235,3.976788650571586,3.2574233057779427,17.642060373789214,-1.301,1.301,24.0,-1.452,1.452,26.7,-2.172,2.172,40.0,12.213,12.213,225.0,arima
2012-04-23,PASCO,9.410333994469617,4.527013512543116,3.772558665266552,3.2574233057779427,16.92035917973459,-4.883,4.883,51.9,-5.638,5.638,59.9,-6.153,6.153,65.4,7.51,7.51,79.8,arima
2012-04-30,PASCO,12.305821377383346,3.9809994365414854,4.887841585819857,3.2574233057779427,18.002910970816522,-8.325,8.325,67.7,-7.418,7.418,60.3,-9.048,9.048,73.5,5.697,5.697,46.3,seasonal_naive
2012-05-07,PASCO,16.287116528889722,4.2523915945910415,4.583834280230924,3.2574233057779427,12.990621492983259,-12.035,12.035,73.9,-11.703,11.703,71.9,-13.03,13.03,80.0,-3.296,3.296,20.2,seasonal_naive
2012-05-14,PASCO,15.563244683161292,16.347853030126828,18.955250197322474,16.28711652888972,15.116106194598018,0.785,0.785,5.0,3.392,3.392,21.8,0.724,0.724,4.7,-0.447,0.447,2.9,seasonal_naive
2012-05-21,PASCO,17.010988374618154,16.572671849394553,17.329962736090497,16.28711652888972,13.311853209461455,-0.438,0.438,2.6,0.319,0.319,1.9,-0.724,0.724,4.3,-3.699,3.699,21.7,holt_winters
2012-05-28,PASCO,12.667757300247564,16.405587680743704,18.218337743513466,16.28711652888972,14.033554403516085,3.738,3.738,29.5,5.551,5.551,43.8,3.619,3.619,28.6,1.366,1.366,10.8,seasonal_naive
2012-06-04,PASCO,13.391629145975992,16.46245675326465,15.718479046344079,16.28711652888972,11.547219104874008,3.071,3.071,22.9,2.327,2.327,17.4,2.895,2.895,21.6,-1.844,1.844,13.8,seasonal_naive
2012-06-11,PASCO,13.391629145975992,11.820155074375073,12.381575004025489,13.391629145975994,14.073173284065193,-1.571,1.571,11.7,-1.01,1.01,7.5,0.0,0.0,0.0,0.682,0.682,5.1,naive
2012-06-18,PASCO,14.477436914568642,13.392580268530809,9.555726896298411,13.391629145975994,12.990621492983259,-1.085,1.085,7.5,-4.922,4.922,34.0,-1.086,1.086,7.5,-1.487,1.487,10.3,arima
2012-06-25,PASCO,14.115500991704428,12.675812354720335,6.519301545950272,13.391629145975994,9.74296611973744,-1.44,1.44,10.2,-7.596,7.596,53.8,-0.724,0.724,5.1,-4.373,4.373,31.0,naive
2012-07-02,PASCO,9.410333994469616,12.770982735578249,5.086509912084539,13.391629145975994,3.969356567300439,3.361,3.361,35.7,-4.324,4.324,45.9,3.981,3.981,42.3,-5.441,5.441,57.8,arima
2012-07-09,PASCO,7.9625903030127505,9.198511173587011,8.960999138216764,9.410333994469616,6.1344601494643145,1.236,1.236,15.5,0.998,0.998,12.5,1.448,1.448,18.2,-1.828,1.828,23.0,holt_winters
2012-07-16,PASCO,5.42903884296324,7.906705402668399,9.752730484836901,9.410333994469616,6.495310746491629,2.478,2.478,45.6,4.324,4.324,79.6,3.981,3.981,73.3,1.066,1.066,19.6,seasonal_naive
2012-07-23,PASCO,5.067102920099024,8.848132031589428,9.142768767860398,9.410333994469616,6.8561613435189415,3.781,3.781,74.6,4.076,4.076,80.4,4.343,4.343,85.7,1.789,1.789,35.3,seasonal_naive
2012-07-30,PASCO,5.067102920099024,8.517718896204569,8.629622985204332,9.410333994469616,3.608505970273125,3.451,3.451,68.1,3.563,3.563,70.3,4.343,4.343,85.7,-1.459,1.459,28.8,seasonal_naive
2012-08-06,PASCO,4.705166997234808,5.222703326058524,4.738470885606048,5.067102920099024,2.525954179191187,0.518,0.518,11.0,0.033,0.033,0.7,0.362,0.362,7.7,-2.179,2.179,46.3,holt_winters
2012-08-13,PASCO,4.705166997234808,5.484111851822261,4.615081325294928,5.067102920099024,2.5259541791911873,0.779,0.779,16.6,-0.09,0.09,1.9,0.362,0.362,7.7,-2.179,2.179,46.3,holt_winters
2012-08-20,PASCO,4.343231074370592,5.2623036069613445,4.809125325656496,5.067102920099024,2.886804776218499,0.919,0.919,21.2,0.466,0.466,10.7,0.724,0.724,16.7,-1.456,1.456,33.5,holt_winters
2012-08-27,PASCO,4.705166997234808,5.347930064461631,3.833115919420342,5.067102920099024,2.165103582163874,0.643,0.643,13.7,-0.872,0.872,18.5,0.362,0.362,7.7,-2.54,2.54,54.0,naive
2012-09-03,PASCO,3.619359228642159,4.7464889455604835,6.25714575083409,4.705166997234807,4.691057761355064,1.127,1.127,31.1,2.638,2.638,72.9,1.086,1.086,30.0,1.072,1.072,29.6,seasonal_naive
2012-09-10,PASCO,3.257423305777943,4.776828174519656,5.571839353279129,4.705166997234807,4.330207164327751,1.519,1.519,46.6,2.314,2.314,71.0,1.448,1.448,44.5,1.073,1.073,32.9,seasonal_naive
2012-09-17,PASCO,2.5335514600495106,4.745111117165528,6.457571333824489,4.705166997234807,6.1344601494643145,2.212,2.212,87.3,3.924,3.924,154.9,2.172,2.172,85.7,3.601,3.601,142.1,naive
2012-09-24,PASCO,3.619359228642159,4.758655891963231,5.558218335367521,4.705166997234807,5.412758955409688,1.139,1.139,31.5,1.939,1.939,53.6,1.086,1.086,30.0,1.793,1.793,49.5,naive
2012-10-01,PASCO,3.619359228642159,3.6438388978130973,3.769148383227966,3.6193592286421588,5.412758955409688,0.024,0.024,0.7,0.15,0.15,4.1,-0.0,0.0,0.0,1.793,1.793,49.5,naive
2012-10-08,PASCO,3.2574233057779427,4.190310759550017,3.810164938258316,3.6193592286421588,5.0519083583823745,0.933,0.933,28.6,0.553,0.553,17.0,0.362,0.362,11.1,1.794,1.794,55.1,naive
2012-10-15,PASCO,2.1716155371852945,3.8033262503890395,3.6698459183288747,3.6193592286421588,3.247655373245811,1.632,1.632,75.2,1.498,1.498,69.0,1.448,1.448,66.7,1.076,1.076,49.5,seasonal_naive
2012-10-22,PASCO,3.9812951515063753,3.9175899483385974,3.828805840097737,3.6193592286421588,3.608505970273125,-0.064,0.064,1.6,-0.152,0.152,3.8,-0.362,0.362,9.1,-0.373,0.373,9.4,arima
2012-10-29,PASCO,3.9812951515063753,4.697756689504944,4.5687936310160655,3.981295151506375,4.691057761355063,0.716,0.716,18.0,0.587,0.587,14.7,-0.0,0.0,0.0,0.71,0.71,17.8,naive
2012-11-05,PASCO,6.514846611555888,6.217149048910373,4.91391640235624,3.981295151506375,4.691057761355063,-0.298,0.298,4.6,-1.601,1.601,24.6,-2.534,2.534,38.9,-1.824,1.824,28.0,arima
2012-11-12,PASCO,5.067102920099024,4.9639355270392995,4.042622840456975,3.981295151506375,4.691057761355064,-0.103,0.103,2.0,-1.024,1.024,20.2,-1.086,1.086,21.4,-0.376,0.376,7.4,arima
2012-11-19,PASCO,5.067102920099024,5.385033461411162,3.8238674359539413,3.981295151506375,2.886804776218499,0.318,0.318,6.3,-1.243,1.243,24.5,-1.086,1.086,21.4,-2.18,2.18,43.0,arima
2012-11-26,PASCO,2.895487382913726,4.3192678903868815,4.368565711141038,5.067102920099024,2.525954179191187,1.424,1.424,49.2,1.473,1.473,50.9,2.172,2.172,75.0,-0.37,0.37,12.8,seasonal_naive
2012-12-03,PASCO,2.171615537185294,4.010414004867614,4.843564152559733,5.067102920099024,1.8042529851365603,1.839,1.839,84.7,2.672,2.672,123.0,2.895,2.895,133.3,-0.367,0.367,16.9,seasonal_naive
2012-12-10,PASCO,3.9812951515063744,4.3700589100781215,4.749215782263028,5.067102920099024,2.886804776218499,0.389,0.389,9.8,0.768,0.768,19.3,1.086,1.086,27.3,-1.094,1.094,27.5,arima
2012-12-17,PASCO,4.705166997234808,4.199434493403741,5.170707751828504,5.067102920099024,4.691057761355063,-0.506,0.506,10.8,0.466,0.466,9.9,0.362,0.362,7.7,-0.014,0.014,0.3,seasonal_naive
2012-12-24,PASCO,6.876782534420104,5.893947563156948,4.732901670121536,4.705166997234807,7.217011940546254,-0.983,0.983,14.3,-2.144,2.144,31.2,-2.172,2.172,31.6,0.34,0.34,4.9,seasonal_naive
2012-12-31,PASCO,7.238718457284321,4.744115770280224,5.57009710182296,4.705166997234807,6.498566724002337,-2.495,2.495,34.5,-1.669,1.669,23.1,-2.534,2.534,35.0,-0.74,0.74,10.2,seasonal_naive
2013-01-07,PASCO,9.421252736211649,5.204247379407582,5.40850258490333,4.705166997234807,3.972612544811147,-4.217,4.217,44.8,-4.013,4.013,42.6,-4.716,4.716,50.1,-5.449,5.449,57.8,holt_winters
2013-01-14,PASCO,12.696146028776843,5.162444459660695,4.923485731923952,4.705166997234807,2.1716155371852945,-7.534,7.534,59.3,-7.773,7.773,61.2,-7.991,7.991,62.9,-10.525,10.525,82.9,arima
2013-01-21,PASCO,12.70597289634467,12.907703352747452,11.353029121204266,12.696146028776843,1.8096796143210776,0.202,0.202,1.6,-1.353,1.353,10.6,-0.01,0.01,0.1,-10.896,10.896,85.8,naive
2013-01-28,PASCO,11.979917302267834,14.496056947270787,11.604537064746907,12.696146028776843,3.6193592286421588,2.516,2.516,21.0,-0.375,0.375,3.1,0.716,0.716,6.0,-8.361,8.361,69.8,holt_winters
2013-02-04,PASCO,9.075694925960478,13.337497747334178,11.098756738598842,12.696146028776843,3.6193592286421588,4.262,4.262,47.0,2.023,2.023,22.3,3.62,3.62,39.9,-5.456,5.456,60.1,holt_winters
2013-02-11,PASCO,7.623583737806803,13.713344888414461,9.804903091393346,12.696146028776843,3.6193592286421588,6.09,6.09,79.9,2.181,2.181,28.6,5.073,5.073,66.5,-4.004,4.004,52.5,holt_winters
2013-02-18,PASCO,6.171472549653124,7.426148737062029,9.588620070749515,7.623583737806806,3.981295151506375,1.255,1.255,20.3,3.417,3.417,55.4,1.452,1.452,23.5,-2.19,2.19,35.5,arima
2013-02-25,PASCO,5.808444752614705,7.262483285081405,10.686308252621979,7.623583737806806,4.34323107437059,1.454,1.454,25.0,4.878,4.878,84.0,1.815,1.815,31.2,-1.465,1.465,25.2,arima
2013-03-04,PASCO,5.445416955576287,7.420070533194851,11.15438277489416,7.623583737806806,4.705166997234806,1.975,1.975,36.3,5.709,5.709,104.8,2.178,2.178,40.0,-0.74,0.74,13.6,seasonal_naive
2013-03-11,PASCO,5.808444752614705,7.353562351190069,10.694594554811754,7.623583737806806,3.6193592286421588,1.545,1.545,26.6,4.886,4.886,84.1,1.815,1.815,31.2,-2.189,2.189,37.7,arima
2013-03-18,PASCO,6.897528143729964,5.670331621690341,5.642366444930268,5.808444752614705,2.895487382913725,-1.227,1.227,17.8,-1.255,1.255,18.2,-1.089,1.089,15.8,-4.002,4.002,58.0,naive
2013-03-25,PASCO,7.623583737806801,5.743024875859131,6.613559628944529,5.808444752614705,1.8096796143210776,-1.881,1.881,24.7,-1.01,1.01,13.2,-1.815,1.815,23.8,-5.814,5.814,76.3,holt_winters
2013-04-01,PASCO,6.534500346691544,5.726633967840713,7.775559238707375,5.808444752614705,1.8096796143210776,-0.808,0.808,12.4,1.241,1.241,19.0,-0.726,0.726,11.1,-4.725,4.725,72.3,naive
2013-04-08,PASCO,3.99330576742261,5.72025617029317,9.019812831405494,5.808444752614705,3.2574233057779427,1.727,1.727,43.2,5.027,5.027,125.9,1.815,1.815,45.5,-0.736,0.736,18.4,seasonal_naive
2013-04-15,PASCO,3.99330576742261,3.311596462906677,5.317763020166508,3.9933057674226102,5.42903884296324,-0.682,0.682,17.1,1.324,1.324,33.2,0.0,0.0,0.0,1.436,1.436,36.0,naive
2013-04-22,PASCO,4.719361361499448,3.0701652045719428,6.2675891789774685,3.9933057674226102,9.410333994469616,-1.649,1.649,34.9,1.548,1.548,32.8,-0.726,0.726,15.4,4.691,4.691,99.4,naive
2013-04-29,PASCO,5.082389158537867,3.3852420204233855,8.27655210344043,3.9933057674226102,12.305821377383344,-1.697,1.697,33.4,3.194,3.194,62.8,-1.089,1.089,21.4,7.223,7.223,142.1,naive
2013-05-06,PASCO,5.808444752614705,3.2269733794439253,8.318568955472275,3.9933057674226102,16.28711652888972,-2.581,2.581,44.4,2.51,2.51,43.2,-1.815,1.815,31.2,10.479,10.479,180.4,naive
2013-05-13,PASCO,5.4454169555762855,5.603727091016526,6.5358602415876135,5.808444752614705,15.563244683161294,0.158,0.158,2.9,1.09,1.09,20.0,0.363,0.363,6.7,10.118,10.118,185.8,arima
2013-05-20,PASCO,6.171472549653124,6.443060893092891,6.251314993596788,5.808444752614705,17.01098837461815,0.272,0.272,4.4,0.08,0.08,1.3,-0.363,0.363,5.9,10.84,10.84,175.6,holt_winters
2013-05-27,PASCO,5.082389158537867,5.904095500094213,6.014692717619155,5.808444752614705,12.667757300247562,0.822,0.822,16.2,0.932,0.932,18.3,0.726,0.726,14.3,7.585,7.585,149.2,naive
2013-06-03,PASCO,5.445416955576287,6.050149021891013,5.177995362229465,5.808444752614705,13.391629145975994,0.605,0.605,11.1,-0.267,0.267,4.9,0.363,0.363,6.7,7.946,7.946,145.9,holt_winters
2013-06-10,PASCO,5.808444752614705,5.362979511081599,5.025847047371529,5.445416955576286,13.391629145975994,-0.445,0.445,7.7,-0.783,0.783,13.5,-0.363,0.363,6.2,7.583,7.583,130.6,naive
2013-06-17,PASCO,5.445416955576287,5.579612945647765,4.240363885929204,5.445416955576286,14.47743691456864,0.134,0.134,2.5,-1.205,1.205,22.1,-0.0,0.0,0.0,9.032,9.032,165.9,naive
2013-06-24,PASCO,6.534500346691544,5.449913999245915,3.1908432727708247,5.445416955576286,14.115500991704424,-1.085,1.085,16.6,-3.344,3.344,51.2,-1.089,1.089,16.7,7.581,7.581,116.0,arima
2013-07-01,PASCO,4.719361361499447,5.481637248496036,2.158227498129832,5.445416955576286,9.410333994469616,0.762,0.762,16.1,-2.561,2.561,54.3,0.726,0.726,15.4,4.691,4.691,99.4,naive
2013-07-08,PASCO,3.99330576742261,5.072920636523293,4.833352522669938,4.719361361499447,7.96259030301275,1.08,1.08,27.0,0.84,0.84,21.0,0.726,0.726,18.2,3.969,3.969,99.4,naive
2013-07-15,PASCO,3.6302779703841903,4.122444333802003,4.396653945533866,4.719361361499447,5.42903884296324,0.492,0.492,13.6,0.766,0.766,21.1,1.089,1.089,30.0,1.799,1.799,49.6,arima
2013-07-22,PASCO,5.445416955576287,4.704849310703492,4.068186977817558,4.719361361499447,5.067102920099024,-0.741,0.741,13.6,-1.377,1.377,25.3,-0.726,0.726,13.3,-0.378,0.378,6.9,seasonal_naive
2013-07-29,PASCO,6.534500346691544,4.541627228863154,3.7267016215764146,4.719361361499447,5.067102920099024,-1.993,1.993,30.5,-2.808,2.808,43.0,-1.815,1.815,27.8,-1.467,1.467,22.5,seasonal_naive
2013-08-05,PASCO,5.082389158537867,6.686173530017931,5.753236008948849,6.534500346691543,4.705166997234807,1.604,1.604,31.6,0.671,0.671,13.2,1.452,1.452,28.6,-0.377,0.377,7.4,seasonal_naive
2013-08-12,PASCO,3.99330576742261,6.2997138358522955,5.579190825189016,6.534500346691543,4.705166997234807,2.306,2.306,57.7,1.586,1.586,39.7,2.541,2.541,63.6,0.712,0.712,17.8,seasonal_naive
2013-08-19,PASCO,2.5411945792689328,6.535250218020827,5.5477957689636055,6.534500346691543,4.343231074370592,3.994,3.994,157.2,3.007,3.007,118.3,3.993,3.993,157.1,1.802,1.802,70.9,seasonal_naive
2013-08-26,PASCO,3.6302779703841908,6.480757550329959,4.903029927492337,6.534500346691543,4.705166997234807,2.85,2.85,78.5,1.273,1.273,35.1,2.904,2.904,80.0,1.075,1.075,29.6,seasonal_naive
2013-09-02,PASCO,2.1781667822305133,3.427437548676065,4.161684601168619,3.6302779703841903,3.6193592286421588,1.249,1.249,57.3,1.984,1.984,91.1,1.452,1.452,66.7,1.441,1.441,66.2,arima
2013-09-09,PASCO,3.267250173345771,4.344360047696767,3.792840822198764,3.6302779703841903,3.2574233057779427,1.077,1.077,33.0,0.526,0.526,16.1,0.363,0.363,11.1,-0.01,0.01,0.3,seasonal_naive
2013-09-16,PASCO,2.5411945792689323,3.717757829299214,4.415844176413138,3.6302779703841903,2.5335514600495106,1.177,1.177,46.3,1.875,1.875,73.8,1.089,1.089,42.9,-0.008,0.008,0.3,seasonal_naive
2013-09-23,PASCO,2.5411945792689323,3.8787423598473714,4.159141221458911,3.6302779703841903,3.6193592286421588,1.338,1.338,52.7,1.618,1.618,63.7,1.089,1.089,42.9,1.078,1.078,42.4,seasonal_naive
2013-09-30,PASCO,1.0890833911152555,2.152095980766586,2.76243706871035,2.5411945792689323,3.6193592286421588,1.063,1.063,97.6,1.673,1.673,153.6,1.452,1.452,133.3,2.53,2.53,232.3,arima
2013-10-07,PASCO,1.4521111881536746,1.878812274004257,2.499268386894789,2.5411945792689323,3.2574233057779427,0.427,0.427,29.4,1.047,1.047,72.1,1.089,1.089,75.0,1.805,1.805,124.3,arima
2013-10-14,PASCO,2.178166782230513,2.198016460005101,2.357131373437627,2.5411945792689323,2.1716155371852945,0.02,0.02,0.9,0.179,0.179,8.2,0.363,0.363,16.7,-0.007,0.007,0.3,seasonal_naive
2013-10-21,PASCO,3.267250173345771,2.040398843432611,2.909343108394159,2.5411945792689323,3.981295151506375,-1.227,1.227,37.6,-0.358,0.358,11.0,-0.726,0.726,22.2,0.714,0.714,21.9,holt_winters
2013-10-28,PASCO,3.267250173345771,3.018595818010562,3.619296775814779,3.2672501733457704,3.981295151506375,-0.249,0.249,7.6,0.352,0.352,10.8,-0.0,0.0,0.0,0.714,0.714,21.9,naive
2013-11-04,PASCO,2.904222376307352,2.9791363461273765,4.031207093595599,3.2672501733457704,6.514846611555888,0.075,0.075,2.6,1.127,1.127,38.8,0.363,0.363,12.5,3.611,3.611,124.3,arima
2013-11-11,PASCO,2.178166782230513,3.082947783907568,3.2543529417181025,3.2672501733457704,5.067102920099024,0.905,0.905,41.5,1.076,1.076,49.4,1.089,1.089,50.0,2.889,2.889,132.6,arima
2013-11-18,PASCO,2.1781667822305133,3.0167576223972974,3.3104852926733805,3.2672501733457704,5.067102920099024,0.839,0.839,38.5,1.132,1.132,52.0,1.089,1.089,50.0,2.889,2.889,132.6,arima
2013-11-25,PASCO,2.5411945792689323,2.1041901586501828,1.6209586604237378,2.1781667822305133,2.8954873829137258,-0.437,0.437,17.2,-0.92,0.92,36.2,-0.363,0.363,14.3,0.354,0.354,13.9,seasonal_naive
2013-12-02,PASCO,2.178166782230513,2.448433670126332,1.7401316332838497,2.1781667822305133,2.1716155371852945,0.27,0.27,12.4,-0.438,0.438,20.1,0.0,0.0,0.0,-0.007,0.007,0.3,naive
2013-12-09,PASCO,2.1781667822305137,2.209274680938949,2.0201544068735626,2.1781667822305133,3.981295151506375,0.031,0.031,1.4,-0.158,0.158,7.3,-0.0,0.0,0.0,1.803,1.803,82.8,naive
2013-12-16,PASCO,2.1781667822305137,2.2840696232252533,2.3108296429141,2.1781667822305133,4.705166997234807,0.106,0.106,4.9,0.133,0.133,6.1,-0.0,0.0,0.0,2.527,2.527,116.0,naive
2013-12-23,PASCO,2.5411945792689328,2.655554436569427,2.4492362011190667,2.1781667822305137,6.876782534420103,0.114,0.114,4.5,-0.092,0.092,3.6,-0.363,0.363,14.3,4.336,4.336,170.6,holt_winters
2013-12-30,PASCO,2.1781667822305137,2.5308080551729284,2.7998350110352885,2.1781667822305137,7.238718457284319,0.353,0.353,16.2,0.622,0.622,28.6,0.0,0.0,0.0,5.061,5.061,232.4,naive
2014-01-06,PASCO,2.1803663979093826,2.476721059667717,3.021499745255114,2.1781667822305137,9.42125273621165,0.296,0.296,13.6,0.841,0.841,38.6,-0.002,0.002,0.1,7.241,7.241,332.1,naive
2014-01-13,PASCO,3.63797662526023,2.554661260699941,3.001684661635319,2.1781667822305137,12.696146028776843,-1.083,1.083,29.8,-0.636,0.636,17.5,-1.46,1.46,40.1,9.058,9.058,249.0,holt_winters
2014-01-20,PASCO,2.9130208390228254,4.049578826928659,3.396638578933441,3.6379766252602295,12.705972896344672,1.137,1.137,39.0,0.484,0.484,16.6,0.725,0.725,24.9,9.793,9.793,336.2,holt_winters
2014-01-27,PASCO,2.9130208390228254,4.625824329201986,3.4381402515564634,3.6379766252602295,11.979917302267834,1.713,1.713,58.8,0.525,0.525,18.0,0.725,0.725,24.9,9.067,9.067,311.3,holt_winters
2014-02-03,PASCO,1.0923828146335586,4.04615291713039,3.232472326642303,3.6379766252602295,9.075694925960477,2.954,2.954,270.4,2.14,2.14,195.9,2.546,2.546,233.1,7.983,7.983,730.8,holt_winters
2014-02-10,PASCO,1.0923828146335586,4.3005367627747075,2.613867765996904,3.6379766252602295,7.623583737806806,3.208,3.208,293.7,1.521,1.521,139.2,2.546,2.546,233.1,6.531,6.531,597.9,holt_winters
2014-02-17,PASCO,0.3641276048778517,0.7476239171048584,1.5269278736808443,1.0923828146335586,6.171472549653124,0.383,0.383,105.2,1.163,1.163,319.4,0.728,0.728,199.9,5.807,5.807,1594.8,arima
2014-02-24,PASCO,1.0923828146335586,0.9458834628269646,1.5705425520071685,1.0923828146335586,5.808444752614705,-0.146,0.146,13.4,0.478,0.478,43.8,0.0,0.0,0.0,4.716,4.716,431.7,naive
2014-03-03,PASCO,1.8206380243892653,0.8925578373089877,1.6584426768107021,1.0923828146335586,5.445416955576286,-0.928,0.928,51.0,-0.162,0.162,8.9,-0.728,0.728,40.0,3.625,3.625,199.1,holt_winters
2014-03-10,PASCO,2.184765629267119,0.8710825536321438,1.6893006200474754,1.0923828146335586,5.808444752614705,-1.314,1.314,60.1,-0.495,0.495,22.7,-1.092,1.092,50.0,3.624,3.624,165.9,holt_winters
2014-03-17,PASCO,1.456510419511412,2.0471617286725468,2.100421632941993,2.1847656292671185,6.897528143729964,0.591,0.591,40.6,0.644,0.644,44.2,0.728,0.728,50.0,5.441,5.441,373.6,arima
2014-03-24,PASCO,0.3641276048778517,1.6812022601775145,2.494005320053511,2.1847656292671185,7.623583737806802,1.317,1.317,361.7,2.13,2.13,585.0,1.821,1.821,500.1,7.259,7.259,1993.5,arima
2014-03-31,PASCO,0.0,1.9985454234838524,2.6961358346454283,2.1847656292671185,6.534500346691543,1.999,1.999,,2.696,2.696,,2.185,2.185,,6.535,6.535,,arima
2014-04-07,PASCO,0.7282552097557051,1.861928042282584,2.77393898480891,2.1847656292671185,3.9933057674226102,1.134,1.134,155.7,2.046,2.046,280.9,1.457,1.457,200.1,3.265,3.265,448.3,arima
2014-04-14,PASCO,2.184765629267119,1.0120970032597056,1.0918008569235877,0.7282552097557051,3.9933057674226102,-1.173,1.173,53.7,-1.093,1.093,50.0,-1.457,1.457,66.7,1.809,1.809,82.8,holt_winters
2014-04-21,PASCO,2.5488932341449724,1.7404182080598205,1.3931378825588552,0.7282552097557051,4.719361361499448,-0.808,0.808,31.7,-1.156,1.156,45.4,-1.821,1.821,71.4,2.17,2.17,85.1,arima
2014-04-28,PASCO,2.184765629267119,1.0753046619299438,1.8556844142139277,0.7282552097557051,5.082389158537867,-1.109,1.109,50.8,-0.329,0.329,15.1,-1.457,1.457,66.7,2.898,2.898,132.6,holt_winters
2014-05-05,PASCO,1.8206380243892653,1.3268472590620726,1.8601178687945468,0.7282552097557051,5.808444752614705,-0.494,0.494,27.1,0.039,0.039,2.1,-1.092,1.092,60.0,3.988,3.988,219.0,holt_winters
2014-05-12,PASCO,2.9130208390228254,2.344917230269955,1.9827405566239547,1.8206380243892655,5.4454169555762855,-0.568,0.568,19.5,-0.93,0.93,31.9,-1.092,1.092,37.5,2.532,2.532,86.9,arima
2014-05-19,PASCO,4.005403653656386,2.0632412428280493,1.947395717092823,1.8206380243892655,6.171472549653124,-1.942,1.942,48.5,-2.058,2.058,51.4,-2.185,2.185,54.6,2.166,2.166,54.1,arima
2014-05-26,PASCO,4.369531258534241,2.1042152579494924,1.6758490409562579,1.8206380243892655,5.082389158537867,-2.265,2.265,51.8,-2.694,2.694,61.7,-2.549,2.549,58.3,0.713,0.713,16.3,seasonal_naive
2014-06-02,PASCO,3.2771484439006797,2.1571187765058633,1.3965174676787409,1.8206380243892655,5.445416955576286,-1.12,1.12,34.2,-1.881,1.881,57.4,-1.457,1.457,44.5,2.168,2.168,66.2,arima
2014-06-09,PASCO,4.005403653656386,2.6282306231691095,3.2193140835654965,3.27714844390068,5.808444752614705,-1.377,1.377,34.4,-0.786,0.786,19.6,-0.728,0.728,18.2,1.803,1.803,45.0,naive
2014-06-16,PASCO,4.733658863412092,2.50095051206378,2.7039288863067936,3.27714844390068,5.445416955576286,-2.233,2.233,47.2,-2.03,2.03,42.9,-1.457,1.457,30.8,0.712,0.712,15.0,seasonal_naive
2014-06-23,PASCO,5.4619140731678,2.7648130587096604,2.262716127642923,3.27714844390068,6.534500346691543,-2.697,2.697,49.4,-3.199,3.199,58.6,-2.185,2.185,40.0,1.073,1.073,19.6,seasonal_naive
2014-06-30,PASCO,4.733658863412093,2.6079906308529215,1.5404168225396586,3.27714844390068,4.719361361499447,-2.126,2.126,44.9,-3.193,3.193,67.5,-1.457,1.457,30.8,-0.014,0.014,0.3,seasonal_naive
2014-07-07,PASCO,4.733658863412093,4.677670459887097,4.824713582016746,4.733658863412093,3.9933057674226102,-0.056,0.056,1.2,0.091,0.091,1.9,0.0,0.0,0.0,-0.74,0.74,15.6,naive
2014-07-14,PASCO,4.733658863412093,4.900397257714188,4.509451141101144,4.733658863412093,3.6302779703841903,0.167,0.167,3.5,-0.224,0.224,4.7,0.0,0.0,0.0,-1.103,1.103,23.3,naive
2014-07-21,PASCO,4.005403653656386,4.752611827015743,4.8494410485313315,4.733658863412093,5.445416955576286,0.747,0.747,18.6,0.844,0.844,21.1,0.728,0.728,18.2,1.44,1.44,36.0,naive
2014-07-28,PASCO,2.548893234144973,4.797515717866786,4.574349945348685,4.733658863412093,6.534500346691543,2.249,2.249,88.2,2.025,2.025,79.4,2.185,2.185,85.7,3.986,3.986,156.4,holt_winters
2014-08-04,PASCO,2.1847656292671207,2.2546598288926543,1.997889722427213,2.5488932341449724,5.082389158537867,0.07,0.07,3.2,-0.187,0.187,8.6,0.364,0.364,16.7,2.898,2.898,132.6,arima
2014-08-11,PASCO,1.4565104195114127,1.9935957052348554,1.876824372470551,2.5488932341449724,3.9933057674226102,0.537,0.537,36.9,0.42,0.42,28.8,1.092,1.092,75.0,2.537,2.537,174.2,holt_winters
2014-08-18,PASCO,1.4565104195114122,2.2545950836456017,1.676545305728983,2.5488932341449724,2.541194579268933,0.798,0.798,54.8,0.22,0.22,15.1,1.092,1.092,75.0,1.085,1.085,74.5,holt_winters
2014-08-25,PASCO,1.4565104195114122,2.133852749220615,1.6185716778192236,2.5488932341449724,3.6302779703841903,0.677,0.677,46.5,0.162,0.162,11.1,1.092,1.092,75.0,2.174,2.174,149.3,holt_winters
2014-09-01,PASCO,2.548893234144973,1.596562354980056,1.599978566898372,1.4565104195114125,2.1781667822305133,-0.952,0.952,37.3,-0.949,0.949,37.2,-1.092,1.092,42.8,-0.371,0.371,14.6,seasonal_naive
2014-09-08,PASCO,2.913020839022826,1.6860678639469504,1.5550069920049463,1.4565104195114125,3.2672501733457704,-1.227,1.227,42.1,-1.358,1.358,46.6,-1.457,1.457,50.0,0.354,0.354,12.2,seasonal_naive
2014-09-15,PASCO,2.184765629267119,1.5798184098340937,1.7638527975691303,1.4565104195114125,2.5411945792689323,-0.605,0.605,27.7,-0.421,0.421,19.3,-0.728,0.728,33.3,0.356,0.356,16.3,seasonal_naive
2014-09-22,PASCO,1.0923828146335588,1.6306204156677602,1.8226215733372233,1.4565104195114125,2.5411945792689323,0.538,0.538,49.3,0.73,0.73,66.8,0.364,0.364,33.3,1.449,1.449,132.6,naive
2014-09-29,PASCO,1.0923828146335588,0.8567558929854204,1.0280483291828046,1.0923828146335586,1.0890833911152558,-0.236,0.236,21.6,-0.064,0.064,5.9,-0.0,0.0,0.0,-0.003,0.003,0.3,naive
2014-10-06,PASCO,1.8206380243892657,0.822758209559681,0.9284613039774487,1.0923828146335586,1.4521111881536743,-0.998,0.998,54.8,-0.892,0.892,49.0,-0.728,0.728,40.0,-0.369,0.369,20.3,seasonal_naive
2014-10-13,PASCO,1.8206380243892657,0.9100208732814694,0.930663891912846,1.0923828146335586,2.1781667822305133,-0.911,0.911,50.0,-0.89,0.89,48.9,-0.728,0.728,40.0,0.358,0.358,19.7,seasonal_naive
2014-10-20,PASCO,2.548893234144973,0.8567804532969925,1.3189789608095257,1.0923828146335586,3.2672501733457704,-1.692,1.692,66.4,-1.23,1.23,48.3,-1.457,1.457,57.2,0.718,0.718,28.2,seasonal_naive
2014-10-27,PASCO,2.1847656292671194,2.2946490209317867,2.910431465245328,2.5488932341449724,3.2672501733457704,0.11,0.11,5.0,0.726,0.726,33.2,0.364,0.364,16.7,1.082,1.082,49.5,arima
2014-11-03,PASCO,3.2771484439006797,2.8891003833941586,3.1136257942819157,2.5488932341449724,2.9042223763073514,-0.388,0.388,11.8,-0.164,0.164,5.0,-0.728,0.728,22.2,-0.373,0.373,11.4,holt_winters
2014-11-10,PASCO,2.548893234144973,2.528854945509032,2.460461424122485,2.5488932341449724,2.1781667822305133,-0.02,0.02,0.8,-0.088,0.088,3.5,-0.0,0.0,0.0,-0.371,0.371,14.6,naive
2014-11-17,PASCO,3.6412760487785327,2.603040452867124,2.5677436062660934,2.5488932341449724,2.1781667822305133,-1.038,1.038,28.5,-1.074,1.074,29.5,-1.092,1.092,30.0,-1.463,1.463,40.2,arima
2014-11-24,PASCO,3.641276048778533,3.497053077704159,2.6434776789047643,3.6412760487785327,2.5411945792689323,-0.144,0.144,4.0,-0.998,0.998,27.4,-0.0,0.0,0.0,-1.1,1.1,30.2,naive
2014-12-01,PASCO,3.6412760487785327,4.041684648418171,2.722270752408449,3.6412760487785327,2.1781667822305133,0.4,0.4,11.0,-0.919,0.919,25.2,0.0,0.0,0.0,-1.463,1.463,40.2,naive
2014-12-08,PASCO,3.2771484439006806,3.6841266956935534,3.105077669011604,3.6412760487785327,2.1781667822305137,0.407,0.407,12.4,-0.172,0.172,5.2,0.364,0.364,11.1,-1.099,1.099,33.5,holt_winters
2014-12-15,PASCO,2.548893234144973,3.785229173937074,3.5554265864217935,3.6412760487785327,2.1781667822305137,1.236,1.236,48.5,1.007,1.007,39.5,1.092,1.092,42.8,-0.371,0.371,14.6,seasonal_naive
2014-12-22,PASCO,1.4565104195114127,2.6189317561830365,3.155945299831078,2.5488932341449724,2.541194579268933,1.162,1.162,79.8,1.699,1.699,116.6,1.092,1.092,75.0,1.085,1.085,74.5,seasonal_naive
2014-12-29,PASCO,0.7282552097557057,2.3257863212889434,3.173897027732422,2.5488932341449724,2.1781667822305137,1.598,1.598,219.4,2.446,2.446,335.9,1.821,1.821,250.0,1.45,1.45,199.1,seasonal_naive
2015-01-05,PASCO,1.0945931305573677,2.5144796273380203,3.3173724042038613,2.5488932341449724,2.180366397909383,1.42,1.42,129.7,2.223,2.223,203.1,1.454,1.454,132.8,1.086,1.086,99.2,seasonal_naive
2015-01-12,PASCO,2.190291419076641,2.4586323830322563,3.5757153528494454,2.5488932341449724,3.6379766252602295,0.268,0.268,12.2,1.385,1.385,63.2,0.359,0.359,16.4,1.448,1.448,66.1,arima
2015-01-19,PASCO,2.556629339878303,2.8621982497070677,1.944560437790277,2.190291419076641,2.913020839022825,0.306,0.306,12.0,-0.612,0.612,23.9,-0.366,0.366,14.3,0.356,0.356,13.9,arima
2015-01-26,PASCO,2.921862102718061,2.8383479209590576,1.983216472321815,2.190291419076641,2.913020839022825,-0.084,0.084,2.9,-0.939,0.939,32.1,-0.732,0.732,25.1,-0.009,0.009,0.3,seasonal_naive
2015-02-02,PASCO,2.1913965770385455,2.6488880373519392,1.538514615096203,2.190291419076641,1.0923828146335586,0.457,0.457,20.9,-0.653,0.653,29.8,-0.001,0.001,0.0,-1.099,1.099,50.2,naive
2015-02-09,PASCO,1.4609310513590301,2.7893961005990047,1.1823547871386562,2.190291419076641,1.0923828146335586,1.328,1.328,90.9,-0.279,0.279,19.1,0.729,0.729,49.9,-0.369,0.369,25.3,holt_winters
2015-02-16,PASCO,1.8261638141987875,1.0450435476677034,1.4519810521827812,1.4609310513590303,0.3641276048778517,-0.781,0.781,42.8,-0.374,0.374,20.5,-0.365,0.365,20.0,-1.462,1.462,80.1,naive
2015-02-23,PASCO,1.4609310513590297,0.9182939354889814,1.656876443503121,1.4609310513590303,1.0923828146335586,-0.543,0.543,37.2,0.196,0.196,13.4,0.0,0.0,0.0,-0.369,0.369,25.3,naive
2015-03-02,PASCO,1.4609310513590297,1.1099057389457445,2.0493042914721826,1.4609310513590303,1.8206380243892655,-0.351,0.351,24.0,0.588,0.588,40.2,0.0,0.0,0.0,0.36,0.36,24.6,naive
2015-03-09,PASCO,0.36523276283975653,1.0079893311554993,2.0746858457661306,1.4609310513590303,2.1847656292671185,0.643,0.643,176.1,1.709,1.709,467.9,1.096,1.096,300.1,1.82,1.82,498.3,arima
2015-03-16,PASCO,1.8261638141987875,0.3123597452209077,0.22252590060288394,0.3652327628397566,1.456510419511412,-1.514,1.514,82.9,-1.604,1.604,87.8,-1.461,1.461,80.0,-0.37,0.37,20.3,seasonal_naive
2015-03-23,PASCO,2.191396577038545,0.2129449295292928,0.16957294415787164,0.3652327628397566,0.3641276048778517,-1.978,1.978,90.3,-2.022,2.022,92.3,-1.826,1.826,83.3,-1.827,1.827,83.4,naive
2015-03-30,PASCO,3.2870948655578185,0.2980906169237354,0.20935936866030638,0.3652327628397566,0.0,-2.989,2.989,90.9,-3.078,3.078,93.6,-2.922,2.922,88.9,-3.287,3.287,100.0,naive
2015-04-06,PASCO,2.556629339878303,0.2639171135966175,0.4478231527099906,0.3652327628397566,0.7282552097557051,-2.293,2.293,89.7,-2.109,2.109,82.5,-2.191,2.191,85.7,-1.828,1.828,71.5,seasonal_naive
2015-04-13,PASCO,3.287094865557819,2.8721801341709106,3.970358880134505,2.556629339878303,2.1847656292671185,-0.415,0.415,12.6,0.683,0.683,20.8,-0.73,0.73,22.2,-1.102,1.102,33.5,arima
2015-04-20,PASCO,4.0175603912373345,3.0599431623497884,4.743883500699826,2.556629339878303,2.5488932341449724,-0.958,0.958,23.8,0.726,0.726,18.1,-1.461,1.461,36.4,-1.469,1.469,36.6,holt_winters
2015-04-27,PASCO,4.0175603912373345,2.8176583126823007,5.521749204710604,2.556629339878303,2.1847656292671185,-1.2,1.2,29.9,1.504,1.504,37.4,-1.461,1.461,36.4,-1.833,1.833,45.6,arima
2015-05-04,PASCO,7.304655256795155,2.946499223614671,5.602983746919402,2.556629339878303,1.8206380243892655,-4.358,4.358,59.7,-1.702,1.702,23.3,-4.748,4.748,65.0,-5.484,5.484,75.1,holt_winters
2015-05-11,PASCO,9.130819070993944,7.970434180396369,7.819157294691998,7.304655256795153,2.913020839022825,-1.16,1.16,12.7,-1.312,1.312,14.4,-1.826,1.826,20.0,-6.218,6.218,68.1,arima
2015-05-18,PASCO,14.609310513590309,9.577833572037976,8.722737437696933,7.304655256795153,4.005403653656387,-5.031,5.031,34.4,-5.887,5.887,40.3,-7.305,7.305,50.0,-10.604,10.604,72.6,arima
2015-05-25,PASCO,13.513612225071034,8.102083959486848,8.207606810854752,7.304655256795153,4.369531258534241,-5.412,5.412,40.0,-5.306,5.306,39.3,-6.209,6.209,45.9,-9.144,9.144,67.7,holt_winters
2015-06-01,PASCO,12.783146699391521,8.704149165847031,7.348705162183098,7.304655256795153,3.27714844390068,-4.079,4.079,31.9,-5.434,5.434,42.5,-5.478,5.478,42.9,-9.506,9.506,74.4,arima
2015-06-08,PASCO,11.687448410872248,11.416305075850467,14.165637170489275,12.78314669939152,4.005403653656387,-0.271,0.271,2.3,2.478,2.478,21.2,1.096,1.096,9.4,-7.682,7.682,65.7,arima
2015-06-15,PASCO,10.591750122352973,10.988020637669713,13.304571019236054,12.78314669939152,4.733658863412092,0.396,0.396,3.7,2.713,2.713,25.6,2.191,2.191,20.7,-5.858,5.858,55.3,arima
2015-06-22,PASCO,9.4960518338337,11.710773564700508,11.892765839319061,12.78314669939152,5.461914073167799,2.215,2.215,23.3,2.397,2.397,25.2,3.287,3.287,34.6,-4.034,4.034,42.5,arima
2015-06-29,PASCO,4.748025916916849,11.284403357282663,9.013656842936104,12.78314669939152,4.733658863412093,6.536,6.536,137.7,4.266,4.266,89.8,8.035,8.035,169.2,-0.014,0.014,0.3,seasonal_naive
2015-07-06,PASCO,3.2870948655578176,4.06918623883285,4.914637852985826,4.748025916916849,4.733658863412093,0.782,0.782,23.8,1.628,1.628,49.5,1.461,1.461,44.4,1.447,1.447,44.0,arima
2015-07-13,PASCO,1.8261638141987866,3.436347118636716,4.802963944353202,4.748025916916849,4.733658863412093,1.61,1.61,88.2,2.977,2.977,163.0,2.922,2.922,160.0,2.907,2.907,159.2,arima
2015-07-20,PASCO,2.556629339878302,4.114706398159748,4.710495337942263,4.748025916916849,4.005403653656387,1.558,1.558,60.9,2.154,2.154,84.3,2.191,2.191,85.7,1.449,1.449,56.7,seasonal_naive
2015-07-27,PASCO,2.191396577038544,3.7783818971200533,3.772861102268493,4.748025916916849,2.5488932341449724,1.587,1.587,72.4,1.581,1.581,72.1,2.557,2.557,116.7,0.357,0.357,16.3,seasonal_naive
2015-08-03,PASCO,1.8261638141987866,2.634776681347151,1.7110910843113363,2.1913965770385446,2.1847656292671207,0.809,0.809,44.3,-0.115,0.115,6.3,0.365,0.365,20.0,0.359,0.359,19.7,holt_winters
2015-08-10,PASCO,3.652327628397575,2.2715798031502885,1.4663676611464251,2.1913965770385446,1.456510419511413,-1.381,1.381,37.8,-2.186,2.186,59.9,-1.461,1.461,40.0,-2.196,2.196,60.1,arima
2015-08-17,PASCO,4.017560391237333,2.4101636972714284,1.3561290900854037,2.1913965770385446,1.4565104195114125,-1.607,1.607,40.0,-2.661,2.661,66.2,-1.826,1.826,45.5,-2.561,2.561,63.7,arima
2015-08-24,PASCO,5.113258679756606,2.409468473267451,1.2589968725502727,2.1913965770385446,1.4565104195114125,-2.704,2.704,52.9,-3.854,3.854,75.4,-2.922,2.922,57.1,-3.657,3.657,71.5,arima
2015-08-31,PASCO,2.191396577038544,3.5912948540811955,5.6844932298315465,5.113258679756606,2.5488932341449724,1.4,1.4,63.9,3.493,3.493,159.4,2.922,2.922,133.3,0.357,0.357,16.3,seasonal_naive
2015-09-07,PASCO,1.4609310513590288,3.893228577891307,5.4714086831605035,5.113258679756606,2.913020839022826,2.432,2.432,166.5,4.01,4.01,274.5,3.652,3.652,250.0,1.452,1.452,99.4,seasonal_naive
2015-09-14,PASCO,1.095698288519271,4.117935507227631,5.771834573807324,5.113258679756606,2.1847656292671185,3.022,3.022,275.8,4.676,4.676,426.8,4.018,4.018,366.7,1.089,1.089,99.4,seasonal_naive
2015-09-21,PASCO,2.9218621027180602,3.8419143353039678,5.151035162994844,5.113258679756606,1.0923828146335586,0.92,0.92,31.5,2.229,2.229,76.3,2.191,2.191,75.0,-1.829,1.829,62.6,arima
2015-09-28,PASCO,2.9218621027180602,3.7490614421867683,2.43409494752731,2.92186210271806,1.0923828146335586,0.827,0.827,28.3,-0.488,0.488,16.7,-0.0,0.0,0.0,-1.829,1.829,62.6,naive
2015-10-05,PASCO,1.8261638141987866,4.754877444414337,2.4914652437877733,2.92186210271806,1.8206380243892655,2.929,2.929,160.4,0.665,0.665,36.4,1.096,1.096,60.0,-0.006,0.006,0.3,seasonal_naive
2015-10-12,PASCO,0.7304655256795131,3.715038053099269,2.409650896061216,2.92186210271806,1.8206380243892655,2.985,2.985,408.6,1.679,1.679,229.9,2.191,2.191,299.9,1.09,1.09,149.2,seasonal_naive
2015-10-19,PASCO,1.095698288519271,4.134318647774518,3.1942583279911663,2.92186210271806,2.5488932341449724,3.039,3.039,277.4,2.099,2.099,191.6,1.826,1.826,166.7,1.453,1.453,132.6,seasonal_naive
2015-10-26,PASCO,2.556629339878302,1.3867632951912987,1.1606641034573881,1.0956982885192708,2.1847656292671194,-1.17,1.17,45.8,-1.396,1.396,54.6,-1.461,1.461,57.1,-0.372,0.372,14.6,seasonal_naive
2015-11-02,PASCO,3.6523276283975754,1.442423994334873,1.54960399338214,1.0956982885192708,3.27714844390068,-2.21,2.21,60.5,-2.103,2.103,57.6,-2.557,2.557,70.0,-0.375,0.375,10.3,seasonal_naive
2015-11-09,PASCO,6.939422493955395,1.3026292642119413,1.1655835951449371,1.0956982885192708,2.5488932341449724,-5.637,5.637,81.2,-5.774,5.774,83.2,-5.844,5.844,84.2,-4.391,4.391,63.3,seasonal_naive
2015-11-16,PASCO,6.574189731115638,1.3858855488461765,1.2094507069987488,1.0956982885192708,3.6412760487785327,-5.188,5.188,78.9,-5.365,5.365,81.6,-5.478,5.478,83.3,-2.933,2.933,44.6,seasonal_naive
2015-11-23,PASCO,5.478491442596365,7.438072024133822,5.794453708575725,6.574189731115636,3.6412760487785327,1.96,1.96,35.8,0.316,0.316,5.8,1.096,1.096,20.0,-1.837,1.837,33.5,holt_winters
2015-11-30,PASCO,4.382793154077091,6.217672706750574,5.7192128090256364,6.574189731115636,3.6412760487785327,1.835,1.835,41.9,1.336,1.336,30.5,2.191,2.191,50.0,-0.742,0.742,16.9,seasonal_naive
2015-12-07,PASCO,4.017560391237333,6.792483540127741,6.209862616412172,6.574189731115636,3.27714844390068,2.775,2.775,69.1,2.192,2.192,54.6,2.557,2.557,63.6,-0.74,0.74,18.4,seasonal_naive
2015-12-14,PASCO,4.017560391237333,6.742726899431469,6.592744174592671,6.574189731115636,2.5488932341449724,2.725,2.725,67.8,2.575,2.575,64.1,2.557,2.557,63.6,-1.469,1.469,36.6,seasonal_naive
2015-12-21,PASCO,1.8261638141987862,3.5400949695280977,4.600269816790819,4.017560391237333,1.456510419511413,1.714,1.714,93.9,2.774,2.774,151.9,2.191,2.191,120.0,-0.37,0.37,20.3,seasonal_naive
2015-12-28,PASCO,1.095698288519271,3.626820452924898,4.055891709922434,4.017560391237333,0.7282552097557058,2.531,2.531,231.0,2.96,2.96,270.1,2.922,2.922,266.7,-0.367,0.367,33.5,seasonal_naive
2016-01-04,PASCO,0.36523276283975536,3.7122205700106115,4.223312076686384,4.017560391237333,1.0945931305573677,3.347,3.347,916.4,3.858,3.858,1056.3,3.652,3.652,999.9,0.729,0.729,199.6,seasonal_naive
2016-01-11,PASCO,0.36634464971956077,3.624986562556443,4.665475905424478,4.017560391237333,2.190291419076641,3.259,3.259,889.6,4.299,4.299,1173.5,3.651,3.651,996.6,1.824,1.824,497.9,seasonal_naive
2016-01-18,PASCO,2.930757197756503,0.2748112742970569,0.31761724131234326,0.36634464971956077,2.556629339878303,-2.656,2.656,90.6,-2.613,2.613,89.2,-2.564,2.564,87.5,-0.374,0.374,12.8,seasonal_naive
2016-01-25,PASCO,3.2971018474760663,0.33846206740476337,0.37716939269363675,0.36634464971956077,2.9218621027180607,-2.959,2.959,89.7,-2.92,2.92,88.6,-2.931,2.931,88.9,-0.375,0.375,11.4,seasonal_naive
2016-02-01,PASCO,3.2971018474760663,0.3208125596964361,0.1601286123251045,0.36634464971956077,2.191396577038545,-2.976,2.976,90.3,-3.137,3.137,95.1,-2.931,2.931,88.9,-1.106,1.106,33.5,seasonal_naive
2016-02-08,PASCO,1.4653785988782502,0.31399559284439565,0.00598439555936179,0.36634464971956077,1.4609310513590303,-1.151,1.151,78.5,-1.459,1.459,99.6,-1.099,1.099,75.0,-0.004,0.004,0.3,seasonal_naive
2016-02-15,PASCO,1.8317232485978134,1.8245816156691665,1.2446948321143503,1.46537859887825,1.8261638141987877,-0.007,0.007,0.4,-0.587,0.587,32.0,-0.366,0.366,20.0,-0.006,0.006,0.3,seasonal_naive
2016-02-22,PASCO,2.1980678983173787,1.9094127184980558,1.3715757986762775,1.46537859887825,1.46093105135903,-0.289,0.289,13.1,-0.826,0.826,37.6,-0.733,0.733,33.3,-0.737,0.737,33.5,arima
2016-02-29,PASCO,2.9307571977565026,1.7286397117958203,1.5728888483824282,1.46537859887825,1.46093105135903,-1.202,1.202,41.0,-1.358,1.358,46.3,-1.465,1.465,50.0,-1.47,1.47,50.2,arima
2016-03-07,PASCO,2.198067898317376,1.8268331400729605,1.2902727097066329,1.46537859887825,0.3652327628397566,-0.371,0.371,16.9,-0.908,0.908,41.3,-0.733,0.733,33.3,-1.833,1.833,83.4,arima
2016-03-14,PASCO,2.1980678983173765,2.0177004762817363,2.6017047425695763,2.198067898317376,1.8261638141987877,-0.18,0.18,8.2,0.404,0.404,18.4,-0.0,0.0,0.0,-0.372,0.372,16.9,naive
2016-03-21,PASCO,1.8317232485978134,1.547975763805458,2.2491823376982105,2.198067898317376,2.191396577038545,-0.284,0.284,15.5,0.417,0.417,22.8,0.366,0.366,20.0,0.36,0.36,19.7,arima
2016-03-28,PASCO,2.9307571977565026,1.9115903421588731,2.256008443965513,2.198067898317376,3.287094865557819,-1.019,1.019,34.8,-0.675,0.675,23.0,-0.733,0.733,25.0,0.356,0.356,12.1,seasonal_naive
2016-04-04,PASCO,2.9307571977565026,1.7973002099268527,2.6441775522297206,2.198067898317376,2.556629339878303,-1.133,1.133,38.7,-0.287,0.287,9.8,-0.733,0.733,25.0,-0.374,0.374,12.8,holt_winters
2016-04-11,PASCO,4.0297911469151915,3.029691978010958,4.317971075936745,2.9307571977565026,3.287094865557819,-1.0,1.0,24.8,0.288,0.288,7.1,-1.099,1.099,27.3,-0.743,0.743,18.4,holt_winters
2016-04-18,PASCO,5.861514395513008,2.9471978366747416,5.609583006374593,2.9307571977565026,4.0175603912373345,-2.914,2.914,49.7,-0.252,0.252,4.3,-2.931,2.931,50.0,-1.844,1.844,31.5,holt_winters
2016-04-25,PASCO,8.42592694354995,2.9723906330268024,6.239358163298476,2.9307571977565026,4.0175603912373345,-5.454,5.454,64.7,-2.187,2.187,26.0,-5.495,5.495,65.2,-4.408,4.408,52.3,holt_winters
2016-05-02,PASCO,6.960548344671698,2.981337472668564,7.1810092867397906,2.9307571977565026,7.304655256795153,-3.979,3.979,57.2,0.22,0.22,3.2,-4.03,4.03,57.9,0.344,0.344,4.9,holt_winters
2016-05-09,PASCO,5.861514395513009,6.369179848389435,7.858629799751654,6.960548344671696,9.130819070993942,0.508,0.508,8.7,1.997,1.997,34.1,1.099,1.099,18.7,3.269,3.269,55.8,arima
2016-05-16,PASCO,4.396135796634756,5.807480029302802,9.561873407074854,6.960548344671696,14.609310513590307,1.411,1.411,32.1,5.166,5.166,117.5,2.564,2.564,58.3,10.213,10.213,232.3,arima
2016-05-23,PASCO,5.495169745793447,6.371582046617464,8.964655574847084,6.960548344671696,13.513612225071036,0.876,0.876,15.9,3.469,3.469,63.1,1.465,1.465,26.7,8.018,8.018,145.9,arima
2016-05-30,PASCO,6.594203694952134,6.164564537182314,8.444376776655902,6.960548344671696,12.78314669939152,-0.43,0.43,6.5,1.85,1.85,28.1,0.366,0.366,5.6,6.189,6.189,93.9,naive
2016-06-06,PASCO,5.861514395513008,7.5802465410146045,6.844189902351675,6.594203694952134,11.687448410872246,1.719,1.719,29.3,0.983,0.983,16.8,0.733,0.733,12.5,5.826,5.826,99.4,naive
2016-06-13,PASCO,5.861514395513008,7.5350935128893575,7.026845085810185,6.594203694952134,10.591750122352975,1.674,1.674,28.6,1.165,1.165,19.9,0.733,0.733,12.5,4.73,4.73,80.7,naive
2016-06-20,PASCO,3.297101847476066,7.242405892997592,7.010206136001408,6.594203694952134,9.4960518338337,3.945,3.945,119.7,3.713,3.713,112.6,3.297,3.297,100.0,6.199,6.199,188.0,naive
2016-06-27,PASCO,3.663446497195629,7.457725814220705,4.30500019640946,6.594203694952134,4.748025916916849,3.794,3.794,103.6,0.642,0.642,17.5,2.931,2.931,80.0,1.085,1.085,29.6,holt_winters
2016-07-04,PASCO,2.9307571977565026,3.034438764348619,3.0462163794045347,3.663446497195629,3.287094865557817,0.104,0.104,3.5,0.115,0.115,3.9,0.733,0.733,25.0,0.356,0.356,12.1,arima
2016-07-11,PASCO,4.0297911469151915,3.662009762417446,2.4727203733233045,3.663446497195629,1.8261638141987864,-0.368,0.368,9.1,-1.557,1.557,38.6,-0.366,0.366,9.1,-2.204,2.204,54.7,naive
2016-07-18,PASCO,3.6634464971956286,3.390784435897353,2.7806629049713507,3.663446497195629,2.556629339878302,-0.273,0.273,7.5,-0.883,0.883,24.1,0.0,0.0,0.0,-1.107,1.107,30.2,naive
2016-07-25,PASCO,3.663446497195629,3.3854223634471827,2.2097127994274834,3.663446497195629,2.1913965770385446,-0.278,0.278,7.6,-1.454,1.454,39.7,0.0,0.0,0.0,-1.472,1.472,40.2,naive
2016-08-01,PASCO,2.5644125480369393,3.4866032077016227,3.119255651087946,3.663446497195629,1.8261638141987864,0.922,0.922,36.0,0.555,0.555,21.6,1.099,1.099,42.9,-0.738,0.738,28.8,holt_winters
2016-08-08,PASCO,2.1980678983173765,3.5033883482427433,3.064260220896748,3.663446497195629,3.6523276283975754,1.305,1.305,59.4,0.866,0.866,39.4,1.465,1.465,66.6,1.454,1.454,66.1,holt_winters
2016-08-15,PASCO,2.5644125480369397,3.540852475658175,2.8104769549787174,3.663446497195629,4.017560391237333,0.976,0.976,38.1,0.246,0.246,9.6,1.099,1.099,42.9,1.453,1.453,56.7,holt_winters
2016-08-22,PASCO,2.9307571977565026,3.50914881084691,3.012087321344751,3.663446497195629,5.113258679756606,0.578,0.578,19.7,0.081,0.081,2.8,0.733,0.733,25.0,2.183,2.183,74.5,holt_winters
2016-08-29,PASCO,2.9307571977565026,3.1768215282239227,2.1684985996048245,2.9307571977565026,2.1913965770385446,0.246,0.246,8.4,-0.762,0.762,26.0,0.0,0.0,0.0,-0.739,0.739,25.2,naive
2016-09-05,PASCO,3.297101847476066,3.030092965915993,2.1743242288754874,2.9307571977565026,1.4609310513590286,-0.267,0.267,8.1,-1.123,1.123,34.1,-0.366,0.366,11.1,-1.836,1.836,55.7,arima
2016-09-12,PASCO,3.297101847476066,2.867160915861889,1.9155198483673521,2.9307571977565026,1.0956982885192708,-0.43,0.43,13.0,-1.382,1.382,41.9,-0.366,0.366,11.1,-2.201,2.201,66.8,naive
2016-09-19,PASCO,4.396135796634756,2.7427128314606106,2.1517016728143172,2.9307571977565026,2.92186210271806,-1.653,1.653,37.6,-2.244,2.244,51.0,-1.465,1.465,33.3,-1.474,1.474,33.5,naive
2016-09-26,PASCO,3.297101847476066,4.386321623058728,3.7178151005263835,4.396135796634756,2.92186210271806,1.089,1.089,33.0,0.421,0.421,12.8,1.099,1.099,33.3,-0.375,0.375,11.4,seasonal_naive
2016-10-03,PASCO,2.9307571977565026,4.484740441982012,3.8546959958465985,4.396135796634756,1.8261638141987864,1.554,1.554,53.0,0.924,0.924,31.5,1.465,1.465,50.0,-1.105,1.105,37.7,holt_winters
2016-10-10,PASCO,2.1980678983173765,3.961007168830327,3.1697627197911675,4.396135796634756,0.7304655256795132,1.763,1.763,80.2,0.972,0.972,44.2,2.198,2.198,100.0,-1.468,1.468,66.8,holt_winters
2016-10-17,PASCO,1.8317232485978134,3.9382000500923047,4.453822523184007,4.396135796634756,1.0956982885192708,2.106,2.106,115.0,2.622,2.622,143.1,2.564,2.564,140.0,-0.736,0.736,40.2,seasonal_naive
2016-10-24,PASCO,2.198067898317376,1.7092256474011216,2.146245769910702,1.8317232485978137,2.556629339878302,-0.489,0.489,22.2,-0.052,0.052,2.4,-0.366,0.366,16.7,0.359,0.359,16.3,holt_winters
2016-10-31,PASCO,1.8317232485978134,1.547877331919726,2.8431391758507876,1.8317232485978137,3.6523276283975754,-0.284,0.284,15.5,1.011,1.011,55.2,0.0,0.0,0.0,1.821,1.821,99.4,naive
2016-11-07,PASCO,2.9307571977565026,1.6914498729491498,2.8583776728399317,1.8317232485978137,6.939422493955394,-1.239,1.239,42.3,-0.072,0.072,2.5,-1.099,1.099,37.5,4.009,4.009,136.8,holt_winters
2016-11-14,PASCO,2.1980678983173765,1.6310274869596952,2.7920926860643642,1.8317232485978137,6.574189731115636,-0.567,0.567,25.8,0.594,0.594,27.0,-0.366,0.366,16.7,4.376,4.376,199.1,naive
2016-11-21,PASCO,1.8317232485978134,2.4721442713372257,1.840320489342024,2.198067898317376,5.478491442596364,0.64,0.64,34.9,0.009,0.009,0.5,0.366,0.366,20.0,3.647,3.647,199.1,holt_winters
2016-11-28,PASCO,0.36634464971956077,2.004999480317804,1.400448557528645,2.198067898317376,4.382793154077091,1.639,1.639,447.4,1.034,1.034,282.2,1.832,1.832,500.1,4.016,4.016,1096.2,holt_winters
2016-12-05,PASCO,1.099033949158687,2.263063846829095,1.6735102002484172,2.198067898317376,4.017560391237333,1.164,1.164,105.9,0.574,0.574,52.2,1.099,1.099,100.0,2.919,2.919,265.6,holt_winters
2016-12-12,PASCO,1.099033949158687,2.1960546923549935,1.8184159024272257,2.198067898317376,4.017560391237333,1.097,1.097,99.8,0.719,0.719,65.4,1.099,1.099,100.0,2.919,2.919,265.6,holt_winters
2016-12-19,PASCO,2.9307571977565026,1.8080377693590783,0.8515930018512017,1.0990339491586867,1.826163814198786,-1.123,1.123,38.3,-2.079,2.079,70.9,-1.832,1.832,62.5,-1.105,1.105,37.7,seasonal_naive
2016-12-26,PASCO,3.297101847476066,1.1908099388578588,0.6430267916159782,1.0990339491586867,1.0956982885192708,-2.106,2.106,63.9,-2.654,2.654,80.5,-2.198,2.198,66.7,-2.201,2.201,66.8,arima
2017-01-02,PASCO,3.298220524916452,1.4300230903062916,0.5650316002457951,1.0990339491586867,0.3652327628397553,-1.868,1.868,56.6,-2.733,2.733,82.9,-2.199,2.199,66.7,-2.933,2.933,88.9,arima
2017-01-09,PASCO,1.4664972763186361,1.4090241319694181,0.8215624702016124,1.0990339491586867,0.36634464971956077,-0.057,0.057,3.9,-0.645,0.645,44.0,-0.367,0.367,25.0,-1.1,1.1,75.0,arima
2017-01-16,PASCO,1.1023899814798457,0.8995773212276279,2.184776186009856,1.4664972763186364,2.9307571977565035,-0.203,0.203,18.4,1.082,1.082,98.2,0.364,0.364,33.0,1.828,1.828,165.8,arima
2017-01-23,PASCO,0.7349266543198961,0.8757850535952596,2.421764732196378,1.4664972763186364,3.297101847476066,0.141,0.141,19.2,1.687,1.687,229.5,0.732,0.732,99.6,2.562,2.562,348.6,arima
2017-01-30,PASCO,1.8373166357997446,1.0201108812510595,1.6400922297725988,1.4664972763186364,3.297101847476066,-0.817,0.817,44.5,-0.197,0.197,10.7,-0.371,0.371,20.2,1.46,1.46,79.5,holt_winters
2017-02-06,PASCO,1.4698533086397951,0.9200262584789365,1.103907900393509,1.4664972763186364,1.46537859887825,-0.55,0.55,37.4,-0.366,0.366,24.9,-0.003,0.003,0.2,-0.004,0.004,0.3,naive
2017-02-13,PASCO,2.204779962959694,1.765764424566259,1.2765596662399035,1.4698533086397951,1.8317232485978137,-0.439,0.439,19.9,-0.928,0.928,42.1,-0.735,0.735,33.3,-0.373,0.373,16.9,seasonal_naive
2017-02-20,PASCO,1.1023899814798457,1.1748034696066076,1.514129390405813,1.4698533086397951,2.1980678983173783,0.072,0.072,6.5,0.412,0.412,37.4,0.367,0.367,33.3,1.096,1.096,99.4,arima
2017-02-27,PASCO,2.5722432901196437,1.3268594151879363,1.818278816120849,1.4698533086397951,2.9307571977565026,-1.245,1.245,48.4,-0.754,0.754,29.3,-1.102,1.102,42.8,0.359,0.359,14.0,seasonal_naive
2017-03-06,PASCO,3.307169944439542,1.1551861533208205,1.4092260805634251,1.4698533086397951,2.198067898317376,-2.152,2.152,65.1,-1.898,1.898,57.4,-1.837,1.837,55.5,-1.109,1.109,33.5,seasonal_naive
2017-03-13,PASCO,4.042096598759441,4.698505732954634,4.03382686869072,3.307169944439541,2.198067898317376,0.656,0.656,16.2,-0.008,0.008,0.2,-0.735,0.735,18.2,-1.844,1.844,45.6,holt_winters
2017-03-20,PASCO,2.204779962959694,4.083523187979789,3.197814483427022,3.307169944439541,1.8317232485978137,1.879,1.879,85.2,0.993,0.993,45.0,1.102,1.102,50.0,-0.373,0.373,16.9,seasonal_naive
2017-03-27,PASCO,1.4698533086397951,4.185970487341578,3.290236200139856,3.307169944439541,2.9307571977565026,2.716,2.716,184.8,1.82,1.82,123.8,1.837,1.837,125.0,1.461,1.461,99.4,seasonal_naive
2017-04-03,PASCO,1.8373166357997448,4.247041930875812,3.561296602336811,3.307169944439541,2.9307571977565026,2.41,2.41,131.2,1.724,1.724,93.8,1.47,1.47,80.0,1.093,1.093,59.5,seasonal_naive
2017-04-10,PASCO,4.77702325307934,2.5679190670478342,2.6878314173202944,1.8373166357997448,4.0297911469151915,-2.209,2.209,46.2,-2.089,2.089,43.7,-2.94,2.94,61.5,-0.747,0.747,15.6,seasonal_naive
2017-04-17,PASCO,6.9818032160390375,3.106866296374008,3.689157882096765,1.8373166357997448,5.861514395513009,-3.875,3.875,55.5,-3.293,3.293,47.2,-5.144,5.144,73.7,-1.12,1.12,16.0,seasonal_naive
2017-04-24,PASCO,6.981803216039037,2.9168467274197565,4.2065818017261,1.8373166357997448,8.42592694354995,-4.065,4.065,58.2,-2.775,2.775,39.7,-5.144,5.144,73.7,1.444,1.444,20.7,seasonal_naive
2017-05-01,PASCO,8.451656524678835,2.5420858744648003,4.864718193098185,1.8373166357997448,6.960548344671696,-5.91,5.91,69.9,-3.587,3.587,42.4,-6.614,6.614,78.3,-1.491,1.491,17.6,seasonal_naive
2017-05-08,PASCO,11.391363141958431,7.551154969397354,9.24175605659546,8.451656524678834,5.861514395513009,-3.84,3.84,33.7,-2.15,2.15,18.9,-2.94,2.94,25.8,-5.53,5.53,48.5,holt_winters
2017-05-15,PASCO,12.861216450598228,7.665363610141057,10.826682432952573,8.451656524678834,4.396135796634756,-5.196,5.196,40.4,-2.035,2.035,15.8,-4.41,4.41,34.3,-8.465,8.465,65.8,holt_winters
2017-05-22,PASCO,9.921509833318632,6.925545577482996,10.403195556910603,8.451656524678834,5.495169745793447,-2.996,2.996,30.2,0.482,0.482,4.9,-1.47,1.47,14.8,-4.426,4.426,44.6,holt_winters
2017-05-29,PASCO,5.511949907399239,7.324204879126851,10.517201100639797,8.451656524678834,6.594203694952134,1.812,1.812,32.9,5.005,5.005,90.8,2.94,2.94,53.3,1.082,1.082,19.6,seasonal_naive
2017-06-05,PASCO,4.409559925919393,4.770680370725188,5.571221883430428,5.511949907399239,5.861514395513009,0.361,0.361,8.2,1.162,1.162,26.4,1.102,1.102,25.0,1.452,1.452,32.9,arima
2017-06-12,PASCO,5.511949907399239,5.231044602647729,5.721359461399322,5.511949907399239,5.861514395513009,-0.281,0.281,5.1,0.209,0.209,3.8,0.0,0.0,0.0,0.35,0.35,6.3,naive
2017-06-19,PASCO,5.144486580239291,6.93072802245074,5.367000381568804,5.511949907399239,3.297101847476066,1.786,1.786,34.7,0.223,0.223,4.3,0.367,0.367,7.1,-1.847,1.847,35.9,holt_winters
2017-06-26,PASCO,4.042096598759442,7.446856470786171,3.960297620849743,5.511949907399239,3.663446497195629,3.405,3.405,84.2,-0.082,0.082,2.0,1.47,1.47,36.4,-0.379,0.379,9.4,holt_winters
2017-07-03,PASCO,3.307169944439542,3.4427342335015885,3.343184748074372,4.042096598759442,2.9307571977565026,0.136,0.136,4.1,0.036,0.036,1.1,0.735,0.735,22.2,-0.376,0.376,11.4,holt_winters
2017-07-10,PASCO,3.307169944439542,3.5205824749821577,2.9599782031678914,4.042096598759442,4.0297911469151915,0.213,0.213,6.4,-0.347,0.347,10.5,0.735,0.735,22.2,0.723,0.723,21.9,arima
2017-07-17,PASCO,4.409559925919391,3.925862618106742,3.276679165538125,4.042096598759442,3.663446497195629,-0.484,0.484,11.0,-1.133,1.133,25.7,-0.367,0.367,8.3,-0.746,0.746,16.9,naive
2017-07-24,PASCO,3.674633271599492,4.229924502266508,3.092005178588221,4.042096598759442,3.663446497195629,0.555,0.555,15.1,-0.583,0.583,15.9,0.367,0.367,10.0,-0.011,0.011,0.3,seasonal_naive
2017-07-31,PASCO,3.307169944439543,3.597966726221504,2.918518800059566,3.6746332715994914,2.5644125480369393,0.291,0.291,8.8,-0.389,0.389,11.8,0.367,0.367,11.1,-0.743,0.743,22.5,arima
2017-08-07,PASCO,2.2047799629596945,3.082737054973056,2.8723112866593548,3.6746332715994914,2.198067898317376,0.878,0.878,39.8,0.668,0.668,30.3,1.47,1.47,66.7,-0.007,0.007,0.3,seasonal_naive
2017-08-14,PASCO,1.4698533086397954,3.388542766697279,2.7073969476345328,3.6746332715994914,2.5644125480369393,1.919,1.919,130.6,1.238,1.238,84.2,2.205,2.205,150.0,1.095,1.095,74.5,seasonal_naive
2017-08-21,PASCO,1.1023899814798483,3.380343451601367,3.2108425011414417,3.6746332715994914,2.9307571977565026,2.278,2.278,206.6,2.108,2.108,191.2,2.572,2.572,233.3,1.828,1.828,165.8,seasonal_naive
2017-08-28,PASCO,0.7349266543198967,1.3378607863949212,0.7929327687540388,1.1023899814798486,2.9307571977565026,0.603,0.603,82.0,0.058,0.058,7.9,0.367,0.367,49.9,2.196,2.196,298.8,holt_winters
2017-09-04,PASCO,0.36746332715994706,1.6145823668216233,0.8460824935976858,1.1023899814798486,3.297101847476066,1.247,1.247,339.4,0.479,0.479,130.4,0.735,0.735,200.0,2.93,2.93,797.4,holt_winters
2017-09-11,PASCO,0.0,1.8398419678463473,0.5946373844028574,1.1023899814798486,3.297101847476066,1.84,1.84,,0.595,0.595,,1.102,1.102,,3.297,3.297,,holt_winters
2017-09-18,PASCO,1.1023899814798461,1.7153940907343364,0.8382661773102851,1.1023899814798486,4.396135796634756,0.613,0.613,55.6,-0.264,0.264,23.9,0.0,0.0,0.0,3.294,3.294,298.8,naive
2017-09-25,PASCO,1.4698533086397954,1.5265182928043832,0.7491842941135687,1.102389981479846,3.297101847476066,0.057,0.057,3.9,-0.721,0.721,49.1,-0.367,0.367,25.0,1.827,1.827,124.3,arima
2017-10-02,PASCO,1.8373166357997448,2.0985632775141565,0.7404470118164848,1.102389981479846,2.9307571977565026,0.261,0.261,14.2,-1.097,1.097,59.7,-0.735,0.735,40.0,1.093,1.093,59.5,arima
2017-10-09,PASCO,1.4698533086397954,1.19092020776776,0.507939612044074,1.102389981479846,2.198067898317376,-0.279,0.279,19.0,-0.962,0.962,65.4,-0.367,0.367,25.0,0.728,0.728,49.5,arima
2017-10-16,PASCO,1.1023899814798461,1.0481626404213493,0.8644007473108024,1.102389981479846,1.8317232485978137,-0.054,0.054,4.9,-0.238,0.238,21.6,-0.0,0.0,0.0,0.729,0.729,66.1,naive
2017-10-23,PASCO,1.4698533086397954,0.9206420276212579,1.4208962206283942,1.102389981479846,2.198067898317376,-0.549,0.549,37.4,-0.049,0.049,3.3,-0.367,0.367,25.0,0.728,0.728,49.5,holt_winters
2017-10-30,PASCO,1.4698533086397954,1.027845185810567,1.8027031714141284,1.102389981479846,1.8317232485978137,-0.442,0.442,30.1,0.333,0.333,22.7,-0.367,0.367,25.0,0.362,0.362,24.6,holt_winters
2017-11-06,PASCO,1.8373166357997448,1.171584814480899,1.935294264217338,1.102389981479846,2.9307571977565026,-0.666,0.666,36.2,0.098,0.098,5.3,-0.735,0.735,40.0,1.093,1.093,59.5,holt_winters
2017-11-13,PASCO,1.4698533086397954,1.2723559300915896,1.9330204651603657,1.102389981479846,2.198067898317376,-0.197,0.197,13.4,0.463,0.463,31.5,-0.367,0.367,25.0,0.728,0.728,49.5,arima
2017-11-20,PASCO,4.042096598759442,1.4752027502067344,1.3883308752715235,1.4698533086397956,1.8317232485978137,-2.567,2.567,63.5,-2.654,2.654,65.7,-2.572,2.572,63.6,-2.21,2.21,54.7,seasonal_naive
2017-11-27,PASCO,6.246876561719138,1.2958107754782815,0.7826924438473002,1.4698533086397956,0.36634464971956077,-4.951,4.951,79.3,-5.464,5.464,87.5,-4.777,4.777,76.5,-5.881,5.881,94.1,naive
2017-12-04,PASCO,8.451656524678834,1.4541680543674262,0.9892943456558516,1.4698533086397956,1.0990339491586867,-6.997,6.997,82.8,-7.462,7.462,88.3,-6.982,6.982,82.6,-7.353,7.353,87.0,naive
2017-12-11,PASCO,6.9818032160390375,1.4342073087798481,0.915758200613654,1.4698533086397956,1.0990339491586867,-5.548,5.548,79.5,-6.066,6.066,86.9,-5.512,5.512,78.9,-5.883,5.883,84.3,naive
2017-12-18,PASCO,6.981803216039037,6.036471093933985,6.601996660248237,6.981803216039036,2.9307571977565026,-0.945,0.945,13.5,-0.38,0.38,5.4,-0.0,0.0,0.0,-4.051,4.051,58.0,naive
2017-12-25,PASCO,6.614339888879088,5.152610369431336,5.579040453989566,6.981803216039036,3.297101847476066,-1.462,1.462,22.1,-1.035,1.035,15.6,0.367,0.367,5.5,-3.317,3.317,50.1,naive
2018-01-01,PASCO,6.618182741678882,5.616571779959752,5.4794192042767484,6.981803216039036,3.2982205249164522,-1.002,1.002,15.1,-1.139,1.139,17.2,0.364,0.364,5.5,-3.32,3.32,50.2,naive
2018-01-08,PASCO,6.9917946333184995,5.940848968713974,6.101421768597141,6.981803216039036,1.4664972763186364,-1.051,1.051,15.0,-0.89,0.89,12.7,-0.01,0.01,0.1,-5.525,5.525,79.0,naive
2018-01-15,PASCO,5.155246568078711,7.251706800287135,8.800788495015574,6.991794633318498,1.102389981479846,2.096,2.096,40.7,3.646,3.646,70.7,1.837,1.837,35.6,-4.053,4.053,78.6,naive
2018-01-22,PASCO,4.787014670358803,7.271113213414919,8.847316438094195,6.991794633318498,0.734926654319896,2.484,2.484,51.9,4.06,4.06,84.8,2.205,2.205,46.1,-4.052,4.052,84.6,naive
2018-01-29,PASCO,3.314087079479171,7.108461985478575,7.878889348003165,6.991794633318498,1.8373166357997448,3.794,3.794,114.5,4.565,4.565,137.7,3.678,3.678,111.0,-1.477,1.477,44.6,seasonal_naive
2018-02-05,PASCO,2.945855181759263,6.995325966845026,6.210357148284037,6.991794633318498,1.4698533086397951,4.049,4.049,137.4,3.265,3.265,110.8,4.046,4.046,137.3,-1.476,1.476,50.1,seasonal_naive
2018-02-12,PASCO,1.8411594885995388,2.8702737810492356,3.045220374740741,2.945855181759263,2.204779962959694,1.029,1.029,55.9,1.204,1.204,65.4,1.105,1.105,60.0,0.364,0.364,19.8,seasonal_naive
2018-02-19,PASCO,1.4729275908796307,3.405886121661201,3.0681510845597346,2.945855181759263,1.102389981479846,1.933,1.933,131.2,1.595,1.595,108.3,1.473,1.473,100.0,-0.371,0.371,25.2,seasonal_naive
2018-02-26,PASCO,1.8411594885995388,3.5676486980815127,4.030899590546918,2.945855181759263,2.5722432901196437,1.726,1.726,93.7,2.19,2.19,118.9,1.105,1.105,60.0,0.731,0.731,39.7,seasonal_naive
2018-03-05,PASCO,1.8411594885995386,3.6474829237793704,3.6827364239407387,2.945855181759263,3.307169944439541,1.806,1.806,98.1,1.842,1.842,100.0,1.105,1.105,60.0,1.466,1.466,79.6,naive
2018-03-12,PASCO,0.7364637954398144,1.9748686215708129,2.3197765689306755,1.8411594885995393,4.042096598759441,1.238,1.238,168.1,1.583,1.583,214.9,1.105,1.105,150.0,3.306,3.306,448.9,naive
2018-03-19,PASCO,1.8411594885995388,1.7886064905333816,1.812380926570579,1.8411594885995393,2.204779962959694,-0.053,0.053,2.9,-0.029,0.029,1.6,0.0,0.0,0.0,0.364,0.364,19.8,naive
2018-03-26,PASCO,2.2093913863194468,1.8036634622244243,1.8267421439219893,1.8411594885995393,1.4698533086397951,-0.406,0.406,18.4,-0.383,0.383,17.3,-0.368,0.368,16.7,-0.74,0.74,33.5,naive
2018-04-02,PASCO,2.9458551817592635,1.7314317090733735,1.931587320079057,1.8411594885995393,1.8373166357997448,-1.214,1.214,41.2,-1.014,1.014,34.4,-1.105,1.105,37.5,-1.109,1.109,37.6,holt_winters
2018-04-09,PASCO,3.314087079479171,2.133838263745239,5.107361506156493,2.945855181759264,4.77702325307934,-1.18,1.18,35.6,1.793,1.793,54.1,-0.368,0.368,11.1,1.463,1.463,44.1,naive
2018-04-16,PASCO,3.6823189771990794,2.0488078922078836,6.568501341384879,2.945855181759264,6.981803216039036,-1.634,1.634,44.4,2.886,2.886,78.4,-0.736,0.736,20.0,3.299,3.299,89.6,naive
2018-04-23,PASCO,3.68231897719908,1.7382759060429946,7.034947443948884,2.945855181759264,6.981803216039036,-1.944,1.944,52.8,3.353,3.353,91.1,-0.736,0.736,20.0,3.299,3.299,89.6,naive
2018-04-30,PASCO,3.314087079479171,2.04410121243506,7.908798348210519,2.945855181759264,8.451656524678834,-1.27,1.27,38.3,4.595,4.595,138.7,-0.368,0.368,11.1,5.138,5.138,155.0,naive
2018-05-07,PASCO,6.628174158958345,3.1324227314003066,4.086496191930985,3.3140870794791706,11.391363141958433,-3.496,3.496,52.7,-2.542,2.542,38.4,-3.314,3.314,50.0,4.763,4.763,71.9,holt_winters
2018-05-14,PASCO,8.101101749837976,3.1149942531205523,4.770080271609472,3.3140870794791706,12.86121645059823,-4.986,4.986,61.5,-3.331,3.331,41.1,-4.787,4.787,59.1,4.76,4.76,58.8,holt_winters
2018-05-21,PASCO,9.205797442997701,3.251670414403291,4.497024806964609,3.3140870794791706,9.92150983331863,-5.954,5.954,64.7,-4.709,4.709,51.2,-5.892,5.892,64.0,0.716,0.716,7.8,seasonal_naive
2018-05-28,PASCO,8.837565545277792,3.324591305614507,3.8753235241188895,3.3140870794791706,5.511949907399239,-5.513,5.513,62.4,-4.962,4.962,56.1,-5.523,5.523,62.5,-3.326,3.326,37.6,seasonal_naive
2018-06-04,PASCO,9.942261238437517,8.553273323683554,8.327522037418817,8.83756554527779,4.409559925919393,-1.389,1.389,14.0,-1.615,1.615,16.2,-1.105,1.105,11.1,-5.533,5.533,55.7,naive
2018-06-11,PASCO,8.837565545277792,8.079802612968455,8.552645967938718,8.83756554527779,5.511949907399239,-0.758,0.758,8.6,-0.285,0.285,3.2,-0.0,0.0,0.0,-3.326,3.326,37.6,naive
2018-06-18,PASCO,8.469333647557885,8.226330316896606,7.825009172578509,8.83756554527779,5.144486580239292,-0.243,0.243,2.9,-0.644,0.644,7.6,0.368,0.368,4.3,-3.325,3.325,39.3,arima
2018-06-25,PASCO,9.57402934071761,8.299474539258416,6.010155215672999,8.83756554527779,4.042096598759442,-1.275,1.275,13.3,-3.564,3.564,37.2,-0.736,0.736,7.7,-5.532,5.532,57.8,naive
2018-07-02,PASCO,11.41518882931715,10.33124164000959,8.041910094643015,9.574029340717612,3.307169944439541,-1.084,1.084,9.5,-3.373,3.373,29.5,-1.841,1.841,16.1,-8.108,8.108,71.0,arima
2018-07-09,PASCO,9.205797442997701,10.576305860463608,7.478414434300879,9.574029340717612,3.307169944439541,1.371,1.371,14.9,-1.727,1.727,18.8,0.368,0.368,4.0,-5.899,5.899,64.1,naive
2018-07-16,PASCO,5.155246568078712,10.090966594581253,8.398705462660757,9.574029340717612,4.409559925919391,4.936,4.936,95.7,3.243,3.243,62.9,4.419,4.419,85.7,-0.746,0.746,14.5,seasonal_naive
2018-07-23,PASCO,2.209391386319447,9.809313536844884,7.517056215499945,9.574029340717612,3.6746332715994914,7.6,7.6,344.0,5.308,5.308,240.2,7.365,7.365,333.3,1.465,1.465,66.3,seasonal_naive
2018-07-30,PASCO,2.5776232840393556,2.1139725619377834,1.7773703499343503,2.209391386319447,3.3071699444395435,-0.464,0.464,18.0,-0.8,0.8,31.0,-0.368,0.368,14.3,0.73,0.73,28.3,naive
2018-08-06,PASCO,2.9458551817592635,2.6714891435953425,1.6536695652961724,2.209391386319447,2.204779962959694,-0.274,0.274,9.3,-1.292,1.292,43.9,-0.736,0.736,25.0,-0.741,0.741,25.2,arima
2018-08-13,PASCO,2.5776232840393556,3.82064676764291,1.49323025759593,2.209391386319447,1.4698533086397956,1.243,1.243,48.2,-1.084,1.084,42.1,-0.368,0.368,14.3,-1.108,1.108,43.0,naive
2018-08-20,PASCO,1.472927590879631,3.8935256308302417,1.7496633775310584,2.209391386319447,1.1023899814798486,2.421,2.421,164.4,0.277,0.277,18.8,0.736,0.736,50.0,-0.371,0.371,25.2,holt_winters
2018-08-27,PASCO,0.736463795439815,1.2721322287300492,1.1976586121811792,1.4729275908796309,0.7349266543198967,0.536,0.536,72.8,0.461,0.461,62.6,0.736,0.736,99.9,-0.002,0.002,0.3,seasonal_naive
2018-09-03,PASCO,1.8411594885995395,1.3135318861909457,1.1980140025807477,1.4729275908796309,0.36746332715994706,-0.528,0.528,28.7,-0.643,0.643,34.9,-0.368,0.368,20.0,-1.474,1.474,80.1,naive
2018-09-10,PASCO,2.209391386319447,1.6875327950817587,0.854574326072181,1.4729275908796309,0.0,-0.522,0.522,23.6,-1.355,1.355,61.3,-0.736,0.736,33.3,-2.209,2.209,100.0,arima
2018-09-17,PASCO,3.314087079479173,1.7671170638959066,1.354478533228035,1.4729275908796309,1.102389981479846,-1.547,1.547,46.7,-1.96,1.96,59.1,-1.841,1.841,55.6,-2.212,2.212,66.7,arima
2018-09-24,PASCO,4.050550874918988,2.5853380070977803,3.2436419967814887,3.3140870794791724,1.4698533086397956,-1.465,1.465,36.2,-0.807,0.807,19.9,-0.736,0.736,18.2,-2.581,2.581,63.7,naive
2018-10-01,PASCO,2.9458551817592635,2.5105369896751895,3.2724720844091113,3.3140870794791724,1.8373166357997448,-0.435,0.435,14.8,0.327,0.327,11.1,0.368,0.368,12.5,-1.109,1.109,37.6,holt_winters
2018-10-08,PASCO,2.2093913863194476,2.0581002198840626,2.7190477325022577,3.3140870794791724,1.4698533086397956,-0.151,0.151,6.8,0.51,0.51,23.1,1.105,1.105,50.0,-0.74,0.74,33.5,arima
2018-10-15,PASCO,1.472927590879631,2.3232769461789773,2.980095082302122,3.3140870794791724,1.102389981479846,0.85,0.85,57.7,1.507,1.507,102.3,1.841,1.841,125.0,-0.371,0.371,25.2,seasonal_naive
2018-10-22,PASCO,2.209391386319447,1.6328006841296947,1.941609692522114,1.4729275908796309,1.4698533086397956,-0.577,0.577,26.1,-0.268,0.268,12.1,-0.736,0.736,33.3,-0.74,0.74,33.5,holt_winters
2018-10-29,PASCO,1.8411594885995395,1.8094043654137821,2.258383889401249,1.4729275908796309,1.4698533086397956,-0.032,0.032,1.7,0.417,0.417,22.6,-0.368,0.368,20.0,-0.371,0.371,20.2,arima
2018-11-05,PASCO,1.8411594885995395,2.1369780190923704,2.7732616098551284,1.4729275908796309,1.8373166357997448,0.296,0.296,16.1,0.932,0.932,50.6,-0.368,0.368,20.0,-0.004,0.004,0.2,seasonal_naive
2018-11-12,PASCO,1.472927590879631,2.0587899985148295,2.7541058435236763,1.4729275908796309,1.4698533086397956,0.586,0.586,39.8,1.281,1.281,87.0,-0.0,0.0,0.0,-0.003,0.003,0.2,naive
2018-11-19,PASCO,2.577623284039355,1.6137574460172668,1.760712701991626,1.4729275908796309,4.042096598759442,-0.964,0.964,37.4,-0.817,0.817,31.7,-1.105,1.105,42.9,1.464,1.464,56.8,holt_winters
2018-11-26,PASCO,2.2093913863194476,1.581978302288372,1.4223979897792,1.4729275908796309,6.246876561719137,-0.627,0.627,28.4,-0.787,0.787,35.6,-0.736,0.736,33.3,4.037,4.037,182.7,arima
2018-12-03,PASCO,2.577623284039355,1.7474760599199728,1.703312356782365,1.4729275908796309,8.451656524678834,-0.83,0.83,32.2,-0.874,0.874,33.9,-1.105,1.105,42.9,5.874,5.874,227.9,arima
2018-12-10,PASCO,1.8411594885995395,1.6759135702924888,1.520386793135816,1.4729275908796309,6.981803216039036,-0.165,0.165,9.0,-0.321,0.321,17.4,-0.368,0.368,20.0,5.141,5.141,279.2,arima
2018-12-17,PASCO,2.209391386319447,1.9929550811364556,1.6264556046977545,1.8411594885995397,6.981803216039036,-0.216,0.216,9.8,-0.583,0.583,26.4,-0.368,0.368,16.7,4.772,4.772,216.0,arima
2018-12-24,PASCO,1.8411594885995395,1.8008607808390802,1.2867075441796598,1.8411594885995397,6.614339888879087,-0.04,0.04,2.2,-0.554,0.554,30.1,0.0,0.0,0.0,4.773,4.773,259.2,naive
2018-12-31,PASCO,2.209391386319447,2.1117601131994497,1.191583006280751,1.8411594885995397,6.618182741678881,-0.098,0.098,4.4,-1.018,1.018,46.1,-0.368,0.368,16.7,4.409,4.409,199.6,arima
2019-01-07,PASCO,1.4736993831966234,2.0117454709353955,1.332756481588929,1.8411594885995397,6.991794633318498,0.538,0.538,36.5,-0.141,0.141,9.6,0.367,0.367,24.9,5.518,5.518,374.4,holt_winters
2019-01-14,PASCO,2.2124785555874165,1.5612205964731873,1.973778033064805,1.4736993831966232,5.155246568078711,-0.651,0.651,29.4,-0.239,0.239,10.8,-0.739,0.739,33.4,2.943,2.943,133.0,holt_winters
2019-01-21,PASCO,2.214022140221401,1.3775239832354442,2.0116685140222117,1.4736993831966232,4.787014670358803,-0.836,0.836,37.8,-0.202,0.202,9.1,-0.74,0.74,33.4,2.573,2.573,116.2,holt_winters
2019-01-28,PASCO,2.583025830258301,1.6740638731098731,1.7080689520852137,1.4736993831966232,3.3140870794791706,-0.909,0.909,35.2,-0.875,0.875,33.9,-1.109,1.109,42.9,0.731,0.731,28.3,seasonal_naive
2019-02-04,PASCO,1.8450184501845002,1.6015961945298236,1.233612347250895,1.4736993831966232,2.945855181759263,-0.243,0.243,13.2,-0.611,0.611,33.1,-0.371,0.371,20.1,1.101,1.101,59.7,arima
2019-02-11,PASCO,1.4760147601476,1.8410688453275994,1.9968051725950646,1.8450184501845,1.8411594885995393,0.365,0.365,24.7,0.521,0.521,35.3,0.369,0.369,25.0,0.365,0.365,24.7,arima
2019-02-18,PASCO,1.107011070110701,1.6672939605362425,1.8239503049103116,1.8450184501845,1.4729275908796304,0.56,0.56,50.6,0.717,0.717,64.8,0.738,0.738,66.7,0.366,0.366,33.1,seasonal_naive
2019-02-25,PASCO,1.107011070110701,1.9511893978955293,2.487695907760166,1.8450184501845,1.8411594885995393,0.844,0.844,76.2,1.381,1.381,124.8,0.738,0.738,66.7,0.734,0.734,66.3,seasonal_naive
2019-03-04,PASCO,1.107011070110701,1.919438254522131,2.104546827281186,1.8450184501845,1.8411594885995393,0.812,0.812,73.4,0.998,0.998,90.2,0.738,0.738,66.7,0.734,0.734,66.3,seasonal_naive
2019-03-11,PASCO,0.7380073800737993,1.2388656187534934,1.314496643512756,1.1070110701107008,0.7364637954398143,0.501,0.501,67.9,0.576,0.576,78.0,0.369,0.369,50.0,-0.002,0.002,0.3,seasonal_naive
2019-03-18,PASCO,1.8450184501845002,1.2289990203842978,1.145648241735918,1.1070110701107008,1.8411594885995393,-0.616,0.616,33.4,-0.699,0.699,37.9,-0.738,0.738,40.0,-0.004,0.004,0.2,seasonal_naive
2019-03-25,PASCO,1.8450184501845006,1.2400498145458778,1.2814716331633043,1.1070110701107008,2.209391386319447,-0.605,0.605,32.8,-0.564,0.564,30.6,-0.738,0.738,40.0,0.364,0.364,19.7,seasonal_naive
2019-04-01,PASCO,1.8450184501845006,1.1827776287170275,1.681938090798138,1.1070110701107008,2.945855181759264,-0.662,0.662,35.9,-0.163,0.163,8.8,-0.738,0.738,40.0,1.101,1.101,59.7,holt_winters
2019-04-08,PASCO,2.214022140221401,1.228293096713692,2.863222523382614,1.8450184501845008,3.3140870794791706,-0.986,0.986,44.5,0.649,0.649,29.3,-0.369,0.369,16.7,1.1,1.1,49.7,naive
2019-04-15,PASCO,3.690036900369003,1.4087688292769305,3.7524034872437033,1.8450184501845008,3.6823189771990794,-2.281,2.281,61.8,0.062,0.062,1.7,-1.845,1.845,50.0,-0.008,0.008,0.2,seasonal_naive
2019-04-22,PASCO,5.904059040590405,1.4221710852322107,3.9969210757341784,1.8450184501845008,3.6823189771990794,-4.482,4.482,75.9,-1.907,1.907,32.3,-4.059,4.059,68.7,-2.222,2.222,37.6,holt_winters
2019-04-29,PASCO,4.797047970479704,1.3590856360028094,4.339872408838856,1.8450184501845008,3.3140870794791706,-3.438,3.438,71.7,-0.457,0.457,9.5,-2.952,2.952,61.5,-1.483,1.483,30.9,holt_winters
2019-05-06,PASCO,5.535055350553503,5.010807019052045,6.253048177267093,4.797047970479703,6.6281741589583465,-0.524,0.524,9.5,0.718,0.718,13.0,-0.738,0.738,13.3,1.093,1.093,19.7,arima
2019-05-13,PASCO,5.166051660516604,4.483842441676742,7.195215331103139,4.797047970479703,8.101101749837978,-0.682,0.682,13.2,2.029,2.029,39.3,-0.369,0.369,7.1,2.935,2.935,56.8,naive
2019-05-20,PASCO,5.904059040590404,4.8415371246271945,7.129130057456305,4.797047970479703,9.205797442997701,-1.063,1.063,18.0,1.225,1.225,20.7,-1.107,1.107,18.7,3.302,3.302,55.9,arima
2019-05-27,PASCO,5.1660516605166045,4.7012093338040515,5.9803971135161085,4.797047970479703,8.83756554527779,-0.465,0.465,9.0,0.814,0.814,15.8,-0.369,0.369,7.1,3.672,3.672,71.1,naive
2019-06-03,PASCO,4.059040590405902,5.1565131778251905,4.789239715243913,5.166051660516605,9.942261238437519,1.097,1.097,27.0,0.73,0.73,18.0,1.107,1.107,27.3,5.883,5.883,144.9,holt_winters
2019-06-10,PASCO,4.059040590405903,5.03579020159947,4.781108885875278,5.166051660516605,8.83756554527779,0.977,0.977,24.1,0.722,0.722,17.8,1.107,1.107,27.3,4.779,4.779,117.7,holt_winters
2019-06-17,PASCO,4.797047970479703,5.135928590797625,4.079451794454014,5.166051660516605,8.469333647557884,0.339,0.339,7.1,-0.718,0.718,15.0,0.369,0.369,7.7,3.672,3.672,76.5,arima
2019-06-24,PASCO,5.166051660516604,5.088725889177603,3.322023785682723,5.166051660516605,9.574029340717612,-0.077,0.077,1.5,-1.844,1.844,35.7,0.0,0.0,0.0,4.408,4.408,85.3,naive
2019-07-01,PASCO,5.904059040590405,5.075909152388152,4.4917883077141525,5.166051660516604,11.415188829317152,-0.828,0.828,14.0,-1.412,1.412,23.9,-0.738,0.738,12.5,5.511,5.511,93.3,naive
2019-07-08,PASCO,5.535055350553505,4.893130345520152,4.133683793685244,5.166051660516604,9.205797442997701,-0.642,0.642,11.6,-1.401,1.401,25.3,-0.369,0.369,6.7,3.671,3.671,66.3,naive
2019-07-15,PASCO,5.1660516605166045,5.066878775503575,3.8963758645703788,5.166051660516604,5.155246568078713,-0.099,0.099,1.9,-1.27,1.27,24.6,-0.0,0.0,0.0,-0.011,0.011,0.2,naive
2019-07-22,PASCO,4.797047970479704,4.977846123914532,2.827245296275617,5.166051660516604,2.209391386319447,0.181,0.181,3.8,-1.97,1.97,41.1,0.369,0.369,7.7,-2.588,2.588,53.9,arima
2019-07-29,PASCO,3.3210332103321023,4.8943397307821215,4.284003045428346,4.797047970479703,2.5776232840393556,1.573,1.573,47.4,0.963,0.963,29.0,1.476,1.476,44.4,-0.743,0.743,22.4,seasonal_naive
2019-08-05,PASCO,4.428044280442804,5.027663379511803,4.198002908839609,4.797047970479703,2.945855181759264,0.6,0.6,13.6,-0.23,0.23,5.2,0.369,0.369,8.3,-1.482,1.482,33.5,holt_winters
2019-08-12,PASCO,3.690036900369003,4.889239460722115,4.00544534513943,4.797047970479703,2.5776232840393556,1.199,1.199,32.5,0.315,0.315,8.5,1.107,1.107,30.0,-1.112,1.112,30.1,holt_winters
2019-08-19,PASCO,3.3210332103321023,4.963232872942496,3.7623273190460083,4.797047970479703,1.4729275908796309,1.642,1.642,49.4,0.441,0.441,13.3,1.476,1.476,44.4,-1.848,1.848,55.6,holt_winters
2019-08-26,PASCO,2.583025830258302,2.5595873744399245,2.1972897347502722,3.321033210332102,0.736463795439815,-0.023,0.023,0.9,-0.386,0.386,14.9,0.738,0.738,28.6,-1.847,1.847,71.5,arima
2019-09-02,PASCO,2.214022140221401,2.654487586676408,2.386717541320918,3.321033210332102,1.8411594885995397,0.44,0.44,19.9,0.173,0.173,7.8,1.107,1.107,50.0,-0.373,0.373,16.8,holt_winters
2019-09-09,PASCO,2.214022140221401,2.7938187725048693,2.0802236390698243,3.321033210332102,2.209391386319447,0.58,0.58,26.2,-0.134,0.134,6.1,1.107,1.107,50.0,-0.005,0.005,0.2,seasonal_naive
2019-09-16,PASCO,1.8450184501845006,2.6494265116180657,3.1896385858838086,3.321033210332102,3.3140870794791724,0.804,0.804,43.6,1.345,1.345,72.9,1.476,1.476,80.0,1.469,1.469,79.6,arima
2019-09-23,PASCO,1.8450184501845006,1.9747309584907868,1.9217388244412659,1.8450184501845008,4.050550874918989,0.13,0.13,7.0,0.077,0.077,4.2,0.0,0.0,0.0,2.206,2.206,119.6,naive
2019-09-30,PASCO,1.8450184501845006,1.8742997305512583,1.676262831861366,1.8450184501845008,2.945855181759264,0.029,0.029,1.6,-0.169,0.169,9.2,0.0,0.0,0.0,1.101,1.101,59.7,naive
2019-10-07,PASCO,2.5830258302583013,1.9177131411866362,1.1014235958326997,1.8450184501845008,2.2093913863194476,-0.665,0.665,25.7,-1.482,1.482,57.4,-0.738,0.738,28.6,-0.374,0.374,14.5,seasonal_naive
2019-10-14,PASCO,2.952029520295202,1.9115043051284188,0.997849267675349,1.8450184501845008,1.4729275908796309,-1.041,1.041,35.3,-1.954,1.954,66.2,-1.107,1.107,37.5,-1.479,1.479,50.1,arima
2019-10-21,PASCO,4.059040590405903,3.111172372052355,4.1540024520262655,2.9520295202952025,2.209391386319447,-0.948,0.948,23.4,0.095,0.095,2.3,-1.107,1.107,27.3,-1.85,1.85,45.6,holt_winters
2019-10-28,PASCO,2.952029520295202,2.9540727251380594,4.48838744164289,2.9520295202952025,1.8411594885995397,0.002,0.002,0.1,1.536,1.536,52.0,0.0,0.0,0.0,-1.111,1.111,37.6,naive
2019-11-04,PASCO,2.5830258302583013,3.034396038366598,5.451555239841168,2.9520295202952025,1.8411594885995397,0.451,0.451,17.5,2.869,2.869,111.1,0.369,0.369,14.3,-0.742,0.742,28.7,naive
2019-11-11,PASCO,2.952029520295202,3.0148072146374982,5.113780391438561,2.9520295202952025,1.4729275908796309,0.063,0.063,2.1,2.162,2.162,73.2,0.0,0.0,0.0,-1.479,1.479,50.1,naive
2019-11-18,PASCO,3.690036900369003,3.434987435398231,3.8240066160424995,2.9520295202952025,2.5776232840393547,-0.255,0.255,6.9,0.134,0.134,3.6,-0.738,0.738,20.0,-1.112,1.112,30.1,holt_winters
2019-11-25,PASCO,3.690036900369003,3.6654397044301765,3.279848246778828,2.9520295202952025,2.2093913863194476,-0.025,0.025,0.7,-0.41,0.41,11.1,-0.738,0.738,20.0,-1.481,1.481,40.1,arima
2019-12-02,PASCO,4.059040590405903,3.33463615311993,3.922289178378076,2.9520295202952025,2.5776232840393547,-0.724,0.724,17.8,-0.137,0.137,3.4,-1.107,1.107,27.3,-1.481,1.481,36.5,holt_winters
2019-12-09,PASCO,3.3210332103321023,3.526110215207246,3.409905819715072,2.9520295202952025,1.8411594885995397,0.205,0.205,6.2,0.089,0.089,2.7,-0.369,0.369,11.1,-1.48,1.48,44.6,holt_winters
2019-12-16,PASCO,3.3210332103321023,3.3322531966863664,3.5155904608615316,3.321033210332102,2.209391386319447,0.011,0.011,0.3,0.195,0.195,5.9,-0.0,0.0,0.0,-1.112,1.112,33.5,naive
2019-12-23,PASCO,1.8450184501845008,2.923147315237514,2.8374742089454394,3.321033210332102,1.8411594885995397,1.078,1.078,58.4,0.992,0.992,53.8,1.476,1.476,80.0,-0.004,0.004,0.2,seasonal_naive
2019-12-30,PASCO,2.214022140221402,3.243016986098173,2.6972268102348824,3.321033210332102,2.209391386319447,1.029,1.029,46.5,0.483,0.483,21.8,1.107,1.107,50.0,-0.005,0.005,0.2,seasonal_naive
2020-01-06,PASCO,2.9551296577928494,3.1042005445007046,2.4064733440652324,3.321033210332102,1.4736993831966232,0.149,0.149,5.0,-0.549,0.549,18.6,0.366,0.366,12.4,-1.481,1.481,50.1,arima
2020-01-13,PASCO,2.9566797265416738,3.699249520883919,3.9434581784582434,2.9551296577928494,2.2124785555874165,0.743,0.743,25.1,0.987,0.987,33.4,-0.002,0.002,0.1,-0.744,0.744,25.2,naive
2020-01-20,PASCO,2.9582297952904972,3.746158807183673,3.8688815169361908,2.9551296577928494,2.2140221402214015,0.788,0.788,26.6,0.911,0.911,30.8,-0.003,0.003,0.1,-0.744,0.744,25.2,naive
2020-01-27,PASCO,2.588451070879185,3.4780453798935973,3.958707508318324,2.9551296577928494,2.583025830258301,0.89,0.89,34.4,1.37,1.37,52.9,0.367,0.367,14.2,-0.005,0.005,0.2,seasonal_naive
2020-02-03,PASCO,2.588451070879185,3.6736741828587,2.836230643602933,2.9551296577928494,1.8450184501845,1.085,1.085,41.9,0.248,0.248,9.6,0.367,0.367,14.2,-0.743,0.743,28.7,holt_winters
2020-02-10,PASCO,2.9582297952904972,2.5538280025003517,2.5252131949556214,2.588451070879185,1.4760147601475997,-0.404,0.404,13.7,-0.433,0.433,14.6,-0.37,0.37,12.5,-1.482,1.482,50.1,naive
2020-02-17,PASCO,2.588451070879185,2.6888758109046718,2.0363495334809723,2.588451070879185,1.1070110701107008,0.1,0.1,3.9,-0.552,0.552,21.3,0.0,0.0,0.0,-1.481,1.481,57.2,naive
2020-02-24,PASCO,3.6977872441131225,2.6733628881999136,2.611674127470335,2.588451070879185,1.1070110701107008,-1.024,1.024,27.7,-1.086,1.086,29.4,-1.109,1.109,30.0,-2.591,2.591,70.1,arima
2020-03-02,PASCO,3.3280085197018097,2.7010882458756007,2.193208363716521,2.588451070879185,1.1070110701107008,-0.627,0.627,18.8,-1.135,1.135,34.1,-0.74,0.74,22.2,-2.221,2.221,66.7,arima
2020-03-09,PASCO,3.3280085197018097,3.5545509197550027,2.790306664618003,3.328008519701809,0.7380073800737994,0.227,0.227,6.8,-0.538,0.538,16.2,-0.0,0.0,0.0,-2.59,2.59,77.8,naive
2020-03-16,PASCO,3.3280085197018097,3.0837304190652013,3.1952220075609628,3.328008519701809,1.8450184501845,-0.244,0.244,7.3,-0.133,0.133,4.0,-0.0,0.0,0.0,-1.483,1.483,44.6,naive
2020-03-23,PASCO,3.697787244113122,3.2583702601406213,3.6030216295767508,3.328008519701809,1.8450184501845008,-0.439,0.439,11.9,-0.095,0.095,2.6,-0.37,0.37,10.0,-1.853,1.853,50.1,holt_winters
2020-03-30,PASCO,3.697787244113122,3.1255577938622485,3.734454033318878,3.328008519701809,1.8450184501845008,-0.572,0.572,15.5,0.037,0.037,1.0,-0.37,0.37,10.0,-1.853,1.853,50.1,holt_winters
2020-04-06,PASCO,2.218672346467873,3.735283101082824,5.2901458033487465,3.6977872441131225,2.2140221402214015,1.517,1.517,68.4,3.071,3.071,138.4,1.479,1.479,66.7,-0.005,0.005,0.2,seasonal_naive
2020-04-13,PASCO,1.4791148976452482,3.5886254465619025,6.979813889803832,3.6977872441131225,3.6900369003690034,2.11,2.11,142.7,5.501,5.501,371.9,2.219,2.219,150.0,2.211,2.211,149.5,arima
2020-04-20,PASCO,0.7395574488226236,3.602510254817334,8.095424384769952,3.6977872441131225,5.904059040590405,2.863,2.863,387.1,7.356,7.356,994.6,2.958,2.958,400.0,5.165,5.165,698.4,arima
2020-04-27,PASCO,0.3697787244113114,3.5739518355040216,8.479318566485473,3.6977872441131225,4.797047970479703,3.204,3.204,866.5,8.11,8.11,2193.2,3.328,3.328,900.0,4.427,4.427,1197.2,arima
2020-05-04,PASCO,0.0,0.38977796744897475,0.6899512840489885,0.3697787244113114,5.535055350553503,0.39,0.39,,0.69,0.69,,0.37,0.37,,5.535,5.535,,naive
2020-05-11,PASCO,0.0,0.5513766639608724,0.8560285329674788,0.3697787244113114,5.166051660516604,0.551,0.551,,0.856,0.856,,0.37,0.37,,5.166,5.166,,naive
2020-05-18,PASCO,0.0,0.6861488638317965,0.9114691365725707,0.3697787244113114,5.904059040590404,0.686,0.686,,0.911,0.911,,0.37,0.37,,5.904,5.904,,naive
2020-05-25,PASCO,0.0,0.6843324768370935,0.723475498121686,0.3697787244113114,5.166051660516605,0.684,0.684,,0.723,0.723,,0.37,0.37,,5.166,5.166,,naive
2020-06-01,PASCO,0.0,0.0,0.0,0.0,4.059040590405902,0.0,0.0,,0.0,0.0,,0.0,0.0,,4.059,4.059,,arima
2020-06-08,PASCO,0.0,0.0,0.0,0.0,4.059040590405903,0.0,0.0,,0.0,0.0,,0.0,0.0,,4.059,4.059,,arima
2020-06-15,PASCO,0.0,0.0,0.0,0.0,4.797047970479703,0.0,0.0,,0.0,0.0,,0.0,0.0,,4.797,4.797,,arima
2020-06-22,PASCO,0.0,0.0,0.0,0.0,5.166051660516604,0.0,0.0,,0.0,0.0,,0.0,0.0,,5.166,5.166,,arima
2020-06-29,PASCO,0.3697787244113114,0.0,0.0,0.0,5.904059040590405,-0.37,0.37,100.1,-0.37,0.37,100.1,-0.37,0.37,100.1,5.534,5.534,1496.6,arima
2020-07-06,PASCO,0.3697787244113114,0.0,0.0,0.0,5.535055350553505,-0.37,0.37,100.1,-0.37,0.37,100.1,-0.37,0.37,100.1,5.165,5.165,1396.8,arima
2020-07-13,PASCO,0.3697787244113114,0.0,0.0,0.0,5.166051660516605,-0.37,0.37,100.1,-0.37,0.37,100.1,-0.37,0.37,100.1,4.796,4.796,1297.0,arima
2020-07-20,PASCO,0.0,0.0,0.0,0.0,4.797047970479703,0.0,0.0,,0.0,0.0,,0.0,0.0,,4.797,4.797,,arima
2020-07-27,PASCO,0.0,0.0,0.0,0.0,3.321033210332102,0.0,0.0,,0.0,0.0,,0.0,0.0,,3.321,3.321,,arima
2020-08-03,PASCO,0.0,0.0,0.0,0.0,4.428044280442804,0.0,0.0,,0.0,0.0,,0.0,0.0,,4.428,4.428,,arima
2020-08-10,PASCO,0.0,0.08613805551487044,0.0,0.0,3.6900369003690034,0.086,0.086,,0.0,0.0,,0.0,0.0,,3.69,3.69,,holt_winters
2020-08-17,PASCO,0.0,0.07794136825535514,0.0,0.0,3.321033210332102,0.078,0.078,,0.0,0.0,,0.0,0.0,,3.321,3.321,,holt_winters
2020-08-24,PASCO,0.3697787244113114,0.007171947237695753,0.0,0.0,2.583025830258302,-0.363,0.363,98.2,-0.37,0.37,100.1,-0.37,0.37,100.1,2.213,2.213,598.5,arima
2020-08-31,PASCO,0.3697787244113114,0.006473699814941488,0.0,0.0,2.2140221402214015,-0.363,0.363,98.2,-0.37,0.37,100.1,-0.37,0.37,100.1,1.844,1.844,498.7,arima
2020-09-07,PASCO,0.3697787244113114,0.0071462982473184606,0.0,0.0,2.2140221402214015,-0.363,0.363,98.2,-0.37,0.37,100.1,-0.37,0.37,100.1,1.844,1.844,498.7,arima
2020-09-14,PASCO,0.0,0.004377003783990763,0.16988314144983196,0.0,1.8450184501845008,0.004,0.004,,0.17,0.17,,0.0,0.0,,1.845,1.845,,naive
2020-09-21,PASCO,0.0,0.0,0.028360682559669018,0.0,1.8450184501845008,0.0,0.0,,0.028,0.028,,0.0,0.0,,1.845,1.845,,arima
2020-09-28,PASCO,0.0,0.0,0.0,0.0,1.8450184501845008,0.0,0.0,,0.0,0.0,,0.0,0.0,,1.845,1.845,,arima
2020-10-05,PASCO,0.0,0.06299066391456601,0.0,0.0,2.583025830258302,0.063,0.063,,0.0,0.0,,0.0,0.0,,2.583,2.583,,holt_winters
2020-10-12,PASCO,0.0,0.0588274875338223,0.0,0.0,2.9520295202952025,0.059,0.059,,0.0,0.0,,0.0,0.0,,2.952,2.952,,holt_winters
2020-10-19,PASCO,0.0,0.007357849773461697,0.22773002531824885,0.0,4.059040590405903,0.007,0.007,,0.228,0.228,,0.0,0.0,,4.059,4.059,,naive
2020-10-26,PASCO,0.0,0.00657117043390666,0.1576457382498497,0.0,2.9520295202952025,0.007,0.007,,0.158,0.158,,0.0,0.0,,2.952,2.952,,naive
2020-11-02,PASCO,0.0,0.007407653437575118,0.3725933946533947,0.0,2.583025830258302,0.007,0.007,,0.373,0.373,,0.0,0.0,,2.583,2.583,,naive
2020-11-09,PASCO,0.3697787244113114,0.004601081304544519,0.2499298354582102,0.0,2.9520295202952025,-0.365,0.365,98.7,-0.12,0.12,32.5,-0.37,0.37,100.1,2.582,2.582,698.3,holt_winters
2020-11-16,PASCO,0.3697787244113114,0.4292222690539158,0.82023085575413,0.3697787244113114,3.6900369003690034,0.059,0.059,16.0,0.45,0.45,121.7,0.0,0.0,0.0,3.32,3.32,897.8,naive
2020-11-23,PASCO,0.3697787244113114,0.47002720662329983,0.6632819381591506,0.3697787244113114,3.6900369003690034,0.1,0.1,27.0,0.294,0.294,79.5,0.0,0.0,0.0,3.32,3.32,897.8,naive
2020-11-30,PASCO,0.0,0.31880633865968666,1.0222763366562861,0.3697787244113114,4.059040590405903,0.319,0.319,,1.022,1.022,,0.37,0.37,,4.059,4.059,,arima
2020-12-07,PASCO,0.3697787244113114,0.3199699449660912,0.858703705015063,0.3697787244113114,3.321033210332102,-0.05,0.05,13.5,0.489,0.489,132.2,0.0,0.0,0.0,2.951,2.951,798.0,naive
2020-12-14,PASCO,0.3697787244113114,0.38965927901523434,0.6613675719801171,0.3697787244113114,3.321033210332102,0.02,0.02,5.4,0.292,0.292,79.0,0.0,0.0,0.0,2.951,2.951,798.0,naive
2020-12-21,PASCO,0.3697787244113114,0.6007317220239472,0.4092250680248867,0.3697787244113114,1.8450184501845008,0.231,0.231,62.5,0.039,0.039,10.5,0.0,0.0,0.0,1.475,1.475,398.9,naive
2020-12-28,PASCO,0.0,0.3888910509732654,0.35216219997975334,0.3697787244113114,2.214022140221402,0.389,0.389,,0.352,0.352,,0.37,0.37,,2.214,2.214,,holt_winters
2021-01-04,PASCO,0.0,0.43267434034530144,0.20428914516454613,0.3697787244113114,2.9551296577928494,0.433,0.433,,0.204,0.204,,0.37,0.37,,2.955,2.955,,holt_winters
2021-01-11,PASCO,0.0,0.0,0.0,0.0,2.956679726541674,0.0,0.0,,0.0,0.0,,0.0,0.0,,2.957,2.957,,arima
2021-01-18,PASCO,0.0,0.07985125637130602,0.0,0.0,2.9582297952904977,0.08,0.08,,0.0,0.0,,0.0,0.0,,2.958,2.958,,holt_winters
2021-01-25,PASCO,0.0,0.052996978722171156,0.0,0.0,2.588451070879185,0.053,0.053,,0.0,0.0,,0.0,0.0,,2.588,2.588,,holt_winters
2021-02-01,PASCO,0.0,0.08592205203805023,0.0,0.0,2.588451070879185,0.086,0.086,,0.0,0.0,,0.0,0.0,,2.588,2.588,,holt_winters
2021-02-08,PASCO,0.0,0.01808000112232188,0.0,0.0,2.9582297952904977,0.018,0.018,,0.0,0.0,,0.0,0.0,,2.958,2.958,,holt_winters
2021-02-15,PASCO,0.37055702131443896,0.005700445691224598,0.0,0.0,2.588451070879185,-0.365,0.365,98.5,-0.371,0.371,100.1,-0.371,0.371,100.1,2.218,2.218,598.6,arima
2021-02-22,PASCO,0.37055702131443896,0.010507832927207741,0.052473832428023705,0.0,3.6977872441131225,-0.36,0.36,97.2,-0.318,0.318,85.8,-0.371,0.371,100.1,3.327,3.327,897.8,holt_winters
2021-03-01,PASCO,0.37055702131443896,0.010065071873833016,0.02649439694921129,0.0,3.328008519701809,-0.36,0.36,97.2,-0.344,0.344,92.8,-0.371,0.371,100.1,2.957,2.957,798.0,holt_winters
2021-03-08,PASCO,0.0,0.2251835372382631,0.20782189167611076,0.370557021314439,3.328008519701809,0.225,0.225,,0.208,0.208,,0.371,0.371,,3.328,3.328,,holt_winters
2021-03-15,PASCO,0.37055702131443896,0.24810259728836742,0.31056217404051084,0.370557021314439,3.328008519701809,-0.122,0.122,32.9,-0.06,0.06,16.2,0.0,0.0,0.0,2.957,2.957,798.0,naive
2021-03-22,PASCO,0.7411140426288788,0.2268647287976387,0.3840271371470514,0.370557021314439,3.6977872441131225,-0.514,0.514,69.4,-0.357,0.357,48.2,-0.371,0.371,50.1,2.957,2.957,399.0,holt_winters
2021-03-29,PASCO,0.7411140426288788,0.2796633086213309,0.48427171634063204,0.370557021314439,3.6977872441131225,-0.461,0.461,62.2,-0.257,0.257,34.7,-0.371,0.371,50.1,2.957,2.957,399.0,holt_winters
2021-04-05,PASCO,0.7411140426288788,0.5273648198463889,1.0063343211682367,0.7411140426288789,2.218672346467873,-0.214,0.214,28.9,0.265,0.265,35.8,0.0,0.0,0.0,1.478,1.478,199.4,naive
2021-04-12,PASCO,0.37055702131443896,0.43766294489027424,1.3545521467462414,0.7411140426288789,1.4791148976452484,0.067,0.067,18.1,0.984,0.984,265.5,0.371,0.371,100.1,1.109,1.109,299.3,arima
2021-04-19,PASCO,0.37055702131443896,0.432557633089942,1.5145090317198742,0.7411140426288789,0.7395574488226238,0.062,0.062,16.7,1.144,1.144,308.7,0.371,0.371,100.1,0.369,0.369,99.6,arima
2021-04-26,PASCO,0.37055702131443896,0.4899112538560776,1.2715515268412094,0.7411140426288789,0.3697787244113114,0.119,0.119,32.1,0.901,0.901,243.1,0.371,0.371,100.1,-0.001,0.001,0.3,seasonal_naive
2021-05-03,PASCO,1.4822280852577585,0.478053076015508,0.6205004358327375,0.370557021314439,0.0,-1.004,1.004,67.7,-0.862,0.862,58.2,-1.112,1.112,75.0,-1.482,1.482,100.0,holt_winters
2021-05-10,PASCO,1.8527851065721983,0.4922412943873041,0.6374860311606902,0.370557021314439,0.0,-1.361,1.361,73.5,-1.215,1.215,65.6,-1.482,1.482,80.0,-1.853,1.853,100.0,holt_winters
2021-05-17,PASCO,1.4822280852577585,0.4477720255595095,0.7142042047056214,0.370557021314439,0.0,-1.034,1.034,69.8,-0.768,0.768,51.8,-1.112,1.112,75.0,-1.482,1.482,100.0,holt_winters
2021-05-24,PASCO,0.37055702131443885,0.4795244155553878,0.5628180151919275,0.370557021314439,0.0,0.109,0.109,29.4,0.192,0.192,51.8,0.0,0.0,0.0,-0.371,0.371,100.1,naive
2021-05-31,PASCO,0.7411140426288787,0.27635114193907523,0.2857911231452137,0.3705570213144388,0.0,-0.465,0.465,62.7,-0.455,0.455,61.4,-0.371,0.371,50.1,-0.741,0.741,100.0,naive
2021-06-07,PASCO,1.1116710639433185,0.2765001716007999,0.3418837024079933,0.3705570213144388,0.0,-0.835,0.835,75.1,-0.77,0.77,69.3,-0.741,0.741,66.7,-1.112,1.112,100.0,naive
2021-06-14,PASCO,1.4822280852577585,0.5710165836379939,0.25963637019681696,0.3705570213144388,0.0,-0.911,0.911,61.5,-1.223,1.223,82.5,-1.112,1.112,75.0,-1.482,1.482,100.0,arima
2021-06-21,PASCO,0.7411140426288787,0.5581618188536508,0.2979435815624565,0.3705570213144388,0.0,-0.183,0.183,24.7,-0.443,0.443,59.8,-0.371,0.371,50.1,-0.741,0.741,100.0,arima
2021-06-28,PASCO,0.7411140426288787,0.6416757412997938,0.9532864576012601,0.7411140426288787,0.3697787244113114,-0.099,0.099,13.4,0.212,0.212,28.6,0.0,0.0,0.0,-0.371,0.371,50.1,naive
2021-07-05,PASCO,0.37055702131443885,0.5214039439373108,0.8997642311912994,0.7411140426288787,0.3697787244113114,0.151,0.151,40.7,0.529,0.529,142.8,0.371,0.371,100.1,-0.001,0.001,0.3,seasonal_naive
2021-07-12,PASCO,0.7411140426288787,0.7463842876105184,0.7143903601294759,0.7411140426288787,0.3697787244113114,0.005,0.005,0.7,-0.027,0.027,3.6,0.0,0.0,0.0,-0.371,0.371,50.1,naive
2021-07-19,PASCO,0.37055702131443885,0.7255381837591757,0.3353739217488813,0.7411140426288787,0.0,0.355,0.355,95.8,-0.035,0.035,9.4,0.371,0.371,100.1,-0.371,0.371,100.1,holt_winters
2021-07-26,PASCO,0.37055702131443885,0.5005911312832882,0.29048714479493537,0.3705570213144388,0.0,0.13,0.13,35.1,-0.08,0.08,21.6,-0.0,0.0,0.0,-0.371,0.371,100.1,naive
2021-08-02,PASCO,0.7411140426288787,0.32275337862448894,0.25993105118070775,0.3705570213144388,0.0,-0.418,0.418,56.4,-0.481,0.481,64.9,-0.371,0.371,50.1,-0.741,0.741,100.0,naive
2021-08-09,PASCO,0.7411140426288787,0.4917086640810864,0.1574224126424153,0.3705570213144388,0.0,-0.249,0.249,33.6,-0.584,0.584,78.8,-0.371,0.371,50.1,-0.741,0.741,100.0,arima
2021-08-16,PASCO,0.7411140426288787,0.39253972781406965,0.04063525253966074,0.3705570213144388,0.0,-0.349,0.349,47.1,-0.7,0.7,94.5,-0.371,0.371,50.1,-0.741,0.741,100.0,arima
2021-08-23,PASCO,0.0,0.6145495790700424,0.5702875661387048,0.7411140426288787,0.3697787244113114,0.615,0.615,,0.57,0.57,,0.741,0.741,,0.37,0.37,,seasonal_naive
2021-08-30,PASCO,0.37055702131443885,0.6394499416676505,0.6687474381514185,0.7411140426288787,0.3697787244113114,0.269,0.269,72.6,0.298,0.298,80.4,0.371,0.371,100.1,-0.001,0.001,0.3,seasonal_naive
2021-09-06,PASCO,0.37055702131443885,0.6243310825755157,0.626562116743195,0.7411140426288787,0.3697787244113114,0.254,0.254,68.5,0.256,0.256,69.1,0.371,0.371,100.1,-0.001,0.001,0.3,seasonal_naive
2021-09-13,PASCO,0.37055702131443885,0.6732767211258348,0.9424916586361947,0.7411140426288787,0.0,0.303,0.303,81.8,0.572,0.572,154.4,0.371,0.371,100.1,-0.371,0.371,100.1,arima
2021-09-20,PASCO,0.37055702131443885,0.14477486901407452,0.48691637918829883,0.3705570213144388,0.0,-0.226,0.226,61.0,0.116,0.116,31.3,-0.0,0.0,0.0,-0.371,0.371,100.1,naive
2021-09-27,PASCO,0.7411140426288787,0.19014684613839428,0.4657775979138988,0.3705570213144388,0.0,-0.551,0.551,74.3,-0.275,0.275,37.1,-0.371,0.371,50.1,-0.741,0.741,100.0,holt_winters
2021-10-04,PASCO,0.7411140426288787,0.16530582009414743,0.4038299777450569,0.3705570213144388,0.0,-0.576,0.576,77.7,-0.337,0.337,45.5,-0.371,0.371,50.1,-0.741,0.741,100.0,holt_winters
2021-10-11,PASCO,1.1116710639433185,0.25096947453059315,0.3069738027841693,0.3705570213144388,0.0,-0.861,0.861,77.5,-0.805,0.805,72.4,-0.741,0.741,66.7,-1.112,1.112,100.0,naive
2021-10-18,PASCO,0.7411140426288788,0.968293061726673,1.4945323380336246,1.1116710639433185,0.0,0.227,0.227,30.6,0.753,0.753,101.6,0.371,0.371,50.1,-0.741,0.741,100.0,arima
2021-10-25,PASCO,1.4822280852577585,1.0298767762203598,1.2937457324088926,1.1116710639433185,0.0,-0.452,0.452,30.5,-0.188,0.188,12.7,-0.371,0.371,25.0,-1.482,1.482,100.0,holt_winters
2021-11-01,PASCO,1.1116710639433187,0.8737410674635162,1.4971736599538508,1.1116710639433185,0.0,-0.238,0.238,21.4,0.386,0.386,34.7,-0.0,0.0,0.0,-1.112,1.112,100.0,naive
2021-11-08,PASCO,1.1116710639433187,0.9609326625911063,1.4839270683151669,1.1116710639433185,0.3697787244113114,-0.151,0.151,13.6,0.372,0.372,33.5,-0.0,0.0,0.0,-0.742,0.742,66.7,naive
2021-11-15,PASCO,0.7411140426288788,0.7816155210590425,1.8858776226953493,1.1116710639433185,0.3697787244113114,0.041,0.041,5.5,1.145,1.145,154.5,0.371,0.371,50.1,-0.371,0.371,50.1,arima
2021-11-22,PASCO,0.7411140426288788,0.9641368431745716,1.6460993697399857,1.1116710639433185,0.3697787244113114,0.223,0.223,30.1,0.905,0.905,122.1,0.371,0.371,50.1,-0.371,0.371,50.1,arima
2021-11-29,PASCO,2.593899149201078,0.8926429276259853,1.9813515891437241,1.1116710639433185,0.0,-1.701,1.701,65.6,-0.613,0.613,23.6,-1.482,1.482,57.1,-2.594,2.594,100.0,holt_winters
2021-12-06,PASCO,2.9644561705155184,1.042314996138551,1.854127497495961,1.1116710639433185,0.3697787244113114,-1.922,1.922,64.8,-1.11,1.11,37.4,-1.853,1.853,62.5,-2.595,2.595,87.5,holt_winters
2021-12-13,PASCO,2.5938991492010786,3.5912078305623307,3.092631402894777,2.9644561705155184,0.3697787244113114,0.997,0.997,38.4,0.499,0.499,19.2,0.371,0.371,14.3,-2.224,2.224,85.7,naive
2021-12-20,PASCO,2.593899149201078,2.874900696522141,2.6946466503229116,2.9644561705155184,0.3697787244113114,0.281,0.281,10.8,0.101,0.101,3.9,0.371,0.371,14.3,-2.224,2.224,85.7,holt_winters
2021-12-27,PASCO,2.593899149201078,3.19770300770812,2.633950324199881,2.9644561705155184,0.0,0.604,0.604,23.3,0.04,0.04,1.5,0.371,0.371,14.3,-2.594,2.594,100.0,holt_winters
2022-01-03,PASCO,2.593899149201078,3.197079006375329,2.2409176193009563,2.9644561705155184,0.0,0.603,0.603,23.2,-0.353,0.353,13.6,0.371,0.371,14.3,-2.594,2.594,100.0,holt_winters
2022-01-10,PASCO,1.1124526440191704,2.142323537033037,2.6033993499938246,2.593899149201078,0.0,1.03,1.03,92.6,1.491,1.491,134.0,1.481,1.481,133.1,-1.112,1.112,100.0,arima
2022-01-17,PASCO,0.7426772027805822,2.2878473309345297,2.3391155076240793,2.593899149201078,0.0,1.545,1.545,208.0,1.596,1.596,214.9,1.851,1.851,249.2,-0.743,0.743,100.0,seasonal_naive
2022-01-24,PASCO,2.5993702097320406,2.3530662449372977,2.405715676818481,2.593899149201078,0.0,-0.246,0.246,9.5,-0.194,0.194,7.5,-0.005,0.005,0.2,-2.599,2.599,100.0,naive
2022-01-31,PASCO,2.5993702097320406,2.2371559326905737,2.0492051785895593,2.593899149201078,0.0,-0.362,0.362,13.9,-0.55,0.55,21.2,-0.005,0.005,0.2,-2.599,2.599,100.0,naive
2022-02-07,PASCO,2.5993702097320406,2.839007791044746,2.285776383434781,2.599370209732041,0.0,0.24,0.24,9.2,-0.314,0.314,12.1,0.0,0.0,0.0,-2.599,2.599,100.0,naive
2022-02-14,PASCO,1.1140158041708752,2.3199714528879762,1.9540739460546228,2.599370209732041,0.370557021314439,1.206,1.206,108.3,0.84,0.84,75.4,1.485,1.485,133.3,-0.743,0.743,66.7,seasonal_naive
2022-02-21,PASCO,1.1140158041708752,2.490587564145449,2.546926429636915,2.599370209732041,0.370557021314439,1.377,1.377,123.6,1.433,1.433,128.6,1.485,1.485,133.3,-0.743,0.743,66.7,seasonal_naive
2022-02-28,PASCO,0.742677202780582,2.7163016481919735,2.607424210403453,2.599370209732041,0.370557021314439,1.974,1.974,265.8,1.865,1.865,251.1,1.857,1.857,250.0,-0.372,0.372,50.1,seasonal_naive
2022-03-07,PASCO,0.37133860139029023,0.9999589651231349,0.35962786631853877,0.7426772027805819,0.0,0.629,0.629,169.4,-0.012,0.012,3.2,0.371,0.371,99.9,-0.371,0.371,99.9,holt_winters
2022-03-14,PASCO,0.0,0.9347413290721298,0.674042500208796,0.7426772027805819,0.370557021314439,0.935,0.935,,0.674,0.674,,0.743,0.743,,0.371,0.371,,seasonal_naive
2022-03-21,PASCO,0.0,1.0637113565923344,0.7912850579480912,0.7426772027805819,0.7411140426288789,1.064,1.064,,0.791,0.791,,0.743,0.743,,0.741,0.741,,seasonal_naive
2022-03-28,PASCO,0.37133860139029023,0.9564953180924267,0.9683643015485344,0.7426772027805819,0.7411140426288789,0.585,0.585,157.5,0.597,0.597,160.8,0.371,0.371,99.9,0.37,0.37,99.6,seasonal_naive
2022-04-04,PASCO,0.742677202780582,0.505044786532951,0.31975158366798023,0.37133860139029023,0.7411140426288789,-0.238,0.238,32.0,-0.423,0.423,57.0,-0.371,0.371,50.0,-0.002,0.002,0.3,seasonal_naive
2022-04-11,PASCO,0.742677202780582,0.48550705899700647,0.4020975029396002,0.37133860139029023,0.370557021314439,-0.257,0.257,34.6,-0.341,0.341,45.9,-0.371,0.371,50.0,-0.372,0.372,50.1,arima
2022-04-18,PASCO,0.742677202780582,0.3753241068090425,0.41684115352604917,0.37133860139029023,0.370557021314439,-0.367,0.367,49.4,-0.326,0.326,43.9,-0.371,0.371,50.0,-0.372,0.372,50.1,holt_winters
2022-04-25,PASCO,0.742677202780582,0.36518411627144687,0.33252779935445953,0.37133860139029023,0.370557021314439,-0.377,0.377,50.8,-0.41,0.41,55.2,-0.371,0.371,50.0,-0.372,0.372,50.1,naive
2022-05-02,PASCO,2.2280316083417486,0.7636888358979479,1.2254667635489378,0.7426772027805819,1.4822280852577587,-1.464,1.464,65.7,-1.003,1.003,45.0,-1.485,1.485,66.7,-0.746,0.746,33.5,seasonal_naive
2022-05-09,PASCO,3.713386013902916,0.7589146981207711,1.4845201854364314,0.7426772027805819,1.8527851065721976,-2.954,2.954,79.6,-2.229,2.229,60.0,-2.971,2.971,80.0,-1.861,1.861,50.1,seasonal_naive
2022-05-16,PASCO,4.084724615293207,0.760456516906846,1.4882029122678437,0.7426772027805819,1.4822280852577587,-3.324,3.324,81.4,-2.597,2.597,63.6,-3.342,3.342,81.8,-2.602,2.602,63.7,holt_winters
2022-05-23,PASCO,3.342047412512624,0.7544767771996412,0.9872697573139437,0.7426772027805819,0.3705570213144388,-2.588,2.588,77.4,-2.355,2.355,70.5,-2.599,2.599,77.8,-2.971,2.971,88.9,holt_winters
2022-05-30,PASCO,2.5993702097320406,3.0701835893392495,3.5029223584745637,3.342047412512624,0.7411140426288787,0.471,0.471,18.1,0.904,0.904,34.8,0.743,0.743,28.6,-1.858,1.858,71.5,arima
2022-06-06,PASCO,2.2280316083417495,3.0242228920434355,3.7893094688360263,3.342047412512624,1.1116710639433185,0.796,0.796,35.7,1.561,1.561,70.1,1.114,1.114,50.0,-1.116,1.116,50.1,arima
2022-06-13,PASCO,2.228031608341749,3.19619996319416,4.017790130002623,3.342047412512624,1.4822280852577587,0.968,0.968,43.4,1.79,1.79,80.3,1.114,1.114,50.0,-0.746,0.746,33.5,seasonal_naive
2022-06-20,PASCO,1.1140158041708739,3.228980023434877,3.675584321999472,3.342047412512624,0.7411140426288787,2.115,2.115,189.9,2.562,2.562,230.0,2.228,2.228,200.0,-0.373,0.373,33.5,seasonal_naive
2022-06-27,PASCO,1.1140158041708739,1.076924343959789,1.459125384649011,1.114015804170874,0.7411140426288787,-0.037,0.037,3.3,0.345,0.345,31.0,0.0,0.0,0.0,-0.373,0.373,33.5,naive
2022-07-04,PASCO,0.7426772027805822,1.0481244449824567,1.2092844593199081,1.114015804170874,0.3705570213144388,0.305,0.305,41.1,0.467,0.467,62.9,0.371,0.371,50.0,-0.372,0.372,50.1,arima
2022-07-11,PASCO,1.4853544055611658,1.2876027193619084,1.1527539777082292,1.114015804170874,0.7411140426288787,-0.198,0.198,13.3,-0.333,0.333,22.4,-0.371,0.371,25.0,-0.744,0.744,50.1,arima
2022-07-18,PASCO,1.8566930069514573,1.2428611878762656,0.6153571872330033,1.114015804170874,0.3705570213144388,-0.614,0.614,33.1,-1.241,1.241,66.8,-0.743,0.743,40.0,-1.486,1.486,80.0,arima
2022-07-25,PASCO,1.4853544055611654,1.9098138763251118,1.718362992384669,1.8566930069514571,0.3705570213144388,0.424,0.424,28.5,0.233,0.233,15.7,0.371,0.371,25.0,-1.115,1.115,75.1,holt_winters
2022-08-01,PASCO,2.2280316083417495,1.724359425966031,1.9954093585071693,1.8566930069514571,0.7411140426288787,-0.504,0.504,22.6,-0.233,0.233,10.5,-0.371,0.371,16.7,-1.487,1.487,66.7,holt_winters
2022-08-08,PASCO,2.2280316083417495,1.7976284430121803,1.8014198881586214,1.8566930069514571,0.7411140426288787,-0.43,0.43,19.3,-0.427,0.427,19.2,-0.371,0.371,16.7,-1.487,1.487,66.7,naive
2022-08-15,PASCO,4.084724615293208,1.893749176801789,1.5454488138833788,1.8566930069514571,0.7411140426288787,-2.191,2.191,53.6,-2.539,2.539,62.2,-2.228,2.228,54.5,-3.344,3.344,81.9,arima
2022-08-22,PASCO,2.9707088111223325,3.874989320607762,3.1783381563589037,4.084724615293208,0.0,0.904,0.904,30.4,0.208,0.208,7.0,1.114,1.114,37.5,-2.971,2.971,100.0,holt_winters
2022-08-29,PASCO,2.228031608341749,4.267419342468282,3.540287445478053,4.084724615293208,0.3705570213144388,2.039,2.039,91.5,1.312,1.312,58.9,1.857,1.857,83.3,-1.857,1.857,83.3,holt_winters
2022-09-05,PASCO,0.7426772027805822,4.081739121994364,3.332457252247286,4.084724615293208,0.3705570213144388,3.339,3.339,449.6,2.59,2.59,348.7,3.342,3.342,450.0,-0.372,0.372,50.1,seasonal_naive
2022-09-12,PASCO,0.37133860139029057,4.019749428583446,3.847070218671541,4.084724615293208,0.3705570213144388,3.648,3.648,982.4,3.476,3.476,936.1,3.713,3.713,999.9,-0.001,0.001,0.3,seasonal_naive
2022-09-19,PASCO,0.7426772027805822,0.36101672282227,0.4337413702083063,0.37133860139029057,0.3705570213144388,-0.382,0.382,51.4,-0.309,0.309,41.6,-0.371,0.371,50.0,-0.372,0.372,50.1,holt_winters
2022-09-26,PASCO,1.4853544055611658,0.5913702866540824,0.4635145585248472,0.37133860139029057,0.7411140426288787,-0.894,0.894,60.2,-1.022,1.022,68.8,-1.114,1.114,75.0,-0.744,0.744,50.1,seasonal_naive
2022-10-03,PASCO,2.970708811122332,0.6473098160563626,0.4235106582715902,0.37133860139029057,0.7411140426288787,-2.323,2.323,78.2,-2.547,2.547,85.7,-2.599,2.599,87.5,-2.23,2.23,75.1,seasonal_naive
2022-10-10,PASCO,3.713386013902916,0.6524175948896553,0.3812752485341297,0.37133860139029057,1.1116710639433185,-3.061,3.061,82.4,-3.332,3.332,89.7,-3.342,3.342,90.0,-2.602,2.602,70.1,seasonal_naive
2022-10-17,PASCO,3.342047412512624,4.118716616602394,4.103276385380138,3.713386013902916,0.7411140426288789,0.777,0.777,23.2,0.761,0.761,22.8,0.371,0.371,11.1,-2.601,2.601,77.8,naive
2022-10-24,PASCO,2.970708811122332,3.9500252322031884,3.926707018980018,3.713386013902916,1.4822280852577587,0.979,0.979,33.0,0.956,0.956,32.2,0.743,0.743,25.0,-1.488,1.488,50.1,naive
2022-10-31,PASCO,1.856693006951457,3.8743747336521794,3.6841383743133234,3.713386013902916,1.1116710639433185,2.018,2.018,108.7,1.827,1.827,98.4,1.857,1.857,100.0,-0.745,0.745,40.1,seasonal_naive
2022-11-07,PASCO,1.4853544055611654,4.0134543713048805,3.710928702532839,3.713386013902916,1.1116710639433185,2.528,2.528,170.2,2.226,2.226,149.9,2.228,2.228,150.0,-0.374,0.374,25.2,seasonal_naive
2022-11-14,PASCO,0.37133860139029023,1.2284361760250428,1.7254140492176693,1.4853544055611652,0.7411140426288789,0.857,0.857,230.8,1.354,1.354,364.6,1.114,1.114,300.0,0.37,0.37,99.6,seasonal_naive
2022-11-21,PASCO,0.742677202780582,1.3143985839420518,1.8231310807469225,1.4853544055611652,0.7411140426288789,0.572,0.572,77.0,1.08,1.08,145.4,0.743,0.743,100.0,-0.002,0.002,0.3,seasonal_naive
2022-11-28,PASCO,1.1140158041708739,1.3800614156389086,2.3142394390112924,1.4853544055611652,2.593899149201078,0.266,0.266,23.9,1.2,1.2,107.7,0.371,0.371,33.3,1.48,1.48,132.9,arima
2022-12-05,PASCO,1.4853544055611654,1.2804071776085606,2.192792632864223,1.4853544055611652,2.9644561705155184,-0.205,0.205,13.8,0.707,0.707,47.6,-0.0,0.0,0.0,1.479,1.479,99.6,naive
