date,region,arima,holt_winters,naive,seasonal_naive
2023-01-02,AMAZONAS,0.20251214905235793,0.19088774386882443,0.23283808672287382,0.0
2023-01-09,AMAZONAS,0.3864763239773298,0.1748691899441983,0.23283808672287382,0.0
2023-01-16,AMAZONAS,0.38535409419898475,0.29148252976512173,0.23283808672287382,0.0
2023-01-23,AMAZONAS,0.4172116327986665,0.32987731308665097,0.23283808672287382,0.23283808672287382
2023-01-30,AMAZONAS,0.3303824583789587,0.4454924861408719,0.23283808672287382,0.23283808672287382
2023-02-06,AMAZONAS,0.3325958564613281,0.4436068768099998,0.23283808672287382,0.23283808672287382
2023-02-13,AMAZONAS,0.31231108149711895,0.4185269972777884,0.23283808672287382,0.0
2023-02-20,AMAZONAS,0.34975562387773723,0.3960237062158177,0.23283808672287382,0.0
2023-02-27,AMAZONAS,0.347394373267266,0.3911346575960143,0.23283808672287382,0.0
2023-03-06,AMAZONAS,0.35976484470997316,0.392922441356524,0.23283808672287382,0.0
2023-03-13,AMAZONAS,0.34276456292707314,0.3914737198711425,0.23283808672287382,0.0
2023-03-20,AMAZONAS,0.34467282934473914,0.3900429632189833,0.23283808672287382,0.0
2023-03-27,AMAZONAS,0.33783806660373855,0.38919449418499585,0.23283808672287382,0.0
2023-04-03,AMAZONAS,0.3454450645686107,0.447002282649399,0.23283808672287382,0.23283808672287382
2023-04-10,AMAZONAS,0.3440978808077633,0.44876475590263226,0.23283808672287382,0.23283808672287382
2023-04-17,AMAZONAS,0.3477696253411667,0.49814419216837363,0.23283808672287382,0.46567617344574763
2023-04-24,AMAZONAS,0.34425285393929367,0.41021770895492626,0.23283808672287382,0.23283808672287382
2023-05-01,AMAZONAS,0.3451325632753829,0.5958863946239192,0.23283808672287382,0.23283808672287382
2023-05-08,AMAZONAS,0.3431959082410861,0.5936910260499195,0.23283808672287382,0.23283808672287382
2023-05-15,AMAZONAS,0.34483077493429165,0.6129634310632539,0.23283808672287382,0.23283808672287382
2023-05-22,AMAZONAS,0.34429495356455053,0.40036523520305417,0.23283808672287382,0.23283808672287382
2023-05-29,AMAZONAS,0.34528853765743556,0.24505473633041955,0.23283808672287382,0.0
2023-06-05,AMAZONAS,0.344526250871022,0.24134715912360918,0.23283808672287382,0.46567617344574763
2023-06-12,AMAZONAS,0.3448408460499563,0.37968044132978396,0.23283808672287382,0.46567617344574763
2023-06-19,AMAZONAS,0.3443382680173297,0.6107821205366386,0.23283808672287382,0.46567617344574763
2023-06-26,AMAZONAS,0.34469845046701075,0.702410456758499,0.23283808672287382,0.23283808672287382
2023-07-03,AMAZONAS,0.34451974263173807,0.6243553883411415,0.23283808672287382,0.46567617344574763
2023-07-10,AMAZONAS,0.3447716760228548,0.5066936546309384,0.23283808672287382,0.46567617344574763
2023-07-17,AMAZONAS,0.3445990193902363,0.24067519064781284,0.23283808672287382,0.46567617344574763
2023-07-24,AMAZONAS,0.3446980107398479,0.1627073105625362,0.23283808672287382,0.23283808672287382
2023-07-31,AMAZONAS,0.3445724906468306,0.21160101498440653,0.23283808672287382,0.46567617344574763
2023-08-07,AMAZONAS,0.34465632157745035,0.3303505508409386,0.23283808672287382,0.6985142601686214
2023-08-14,AMAZONAS,0.3446025599455875,0.3731646198871991,0.23283808672287382,0.6985142601686214
2023-08-21,AMAZONAS,0.3446648712006172,0.3331855104344086,0.23283808672287382,0.46567617344574763
2023-08-28,AMAZONAS,0.344623696490206,0.28605316142763454,0.23283808672287382,0.23283808672287382
2023-09-04,AMAZONAS,0.3446524415200375,0.3551316004027868,0.23283808672287382,0.23283808672287382
2023-09-11,AMAZONAS,0.34462156615562783,0.4934934470086667,0.23283808672287382,0.6985142601686214
2023-09-18,AMAZONAS,0.34464198309742705,0.42607678453672326,0.23283808672287382,0.46567617344574763
2023-09-25,AMAZONAS,0.34462680505074916,0.3210470827400505,0.23283808672287382,0.46567617344574763
2023-10-02,AMAZONAS,0.34464209606439744,0.21270102220297946,0.23283808672287382,0.23283808672287382
2023-10-09,AMAZONAS,0.3446318926945421,0.16673793786754368,0.23283808672287382,0.23283808672287382
2023-10-16,AMAZONAS,0.34463982760789796,0.245635350220397,0.23283808672287382,0.46567617344574763
2023-10-23,AMAZONAS,0.3446322506155595,0.12910525195152603,0.23283808672287382,0.23283808672287382
2023-10-30,AMAZONAS,0.34463737983789866,0.21135616138417787,0.23283808672287382,0.46567617344574763
2023-11-06,AMAZONAS,0.3446332647088283,0.10860949553415189,0.23283808672287382,0.23283808672287382
2023-11-13,AMAZONAS,0.3446370237482034,0.1131596921520835,0.23283808672287382,0.23283808672287382
2023-11-20,AMAZONAS,0.34463443406427197,0.10933821670701957,0.23283808672287382,0.0
2023-11-27,AMAZONAS,0.3446365544735895,0.27435976904790443,0.23283808672287382,0.6985142601686214
2023-12-04,AMAZONAS,0.34463468671381436,0.27382179646912985,0.23283808672287382,0.6985142601686214
2023-12-11,AMAZONAS,0.34463599795792477,0.2726804380380139,0.23283808672287382,0.6985142601686214
2023-12-18,AMAZONAS,0.34463491109945416,0.19262119204088257,0.23283808672287382,0.23283808672287382
2023-12-25,AMAZONAS,0.34463584090007954,0.2227826313813264,0.23283808672287382,0.23283808672287382
2023-01-02,ANCASH,0.0,0.0375260078964518,0.0,0.16826150397998382
2023-01-09,ANCASH,0.005406759061507203,0.05838213298304834,0.0,0.16826150397998382
2023-01-16,ANCASH,0.00063263258676514,0.0628194592741215,0.0,0.1674823054944245
2023-01-23,ANCASH,0.00010975398842314465,0.0650476328497819,0.0,0.2512234582416367
2023-01-30,ANCASH,0.006000576402055182,0.024522234618363115,0.0,0.2512234582416367
2023-02-06,ANCASH,0.006278152973506805,0.024007185163224243,0.0,0.16748230549442458
2023-02-13,ANCASH,0.004005604351323972,0.0,0.0,0.0
2023-02-20,ANCASH,0.005355640019832188,0.0,0.0,0.0
2023-02-27,ANCASH,0.0051713923424082115,0.02026034061704347,0.0,0.08374115274721225
2023-03-06,ANCASH,0.004794435006754156,0.050112600919945224,0.0,0.08374115274721225
2023-03-13,ANCASH,0.005099488661893528,0.09733751544741866,0.0,0.08374115274721225
2023-03-20,ANCASH,0.005038844229428407,0.10903675412694132,0.0,0.0
2023-03-27,ANCASH,0.004882034140843083,0.09237358649391851,0.0,0.0
2023-04-03,ANCASH,0.004824547031611564,0.07460934753175333,0.0,0.0
2023-04-10,ANCASH,0.00491850230347034,0.0709325900410449,0.0,0.0
2023-04-17,ANCASH,0.004878620383306492,0.07648285670755198,0.0,0.0
2023-04-24,ANCASH,0.004928844348649443,0.09454344317145219,0.0,0.0
2023-05-01,ANCASH,0.004796586004343291,0.09057582696532337,0.0,0.0
2023-05-08,ANCASH,0.004864367542108687,0.1250199162390494,0.0,0.08374115274721225
2023-05-15,ANCASH,0.004868685929032936,0.12346292913450546,0.0,0.08374115274721225
2023-05-22,ANCASH,0.004772836939982651,0.15008867734772496,0.0,0.08374115274721225
2023-05-29,ANCASH,0.004812850534581808,0.1174536440917052,0.0,0.0
2023-06-05,ANCASH,0.004821919305220747,0.11284047665811908,0.0,0.0
2023-06-12,ANCASH,0.004801352659654598,0.125159893429696,0.0,0.1674823054944245
2023-06-19,ANCASH,0.0047534416466247665,0.08748299372552895,0.0,0.1674823054944245
2023-06-26,ANCASH,0.004723937218825149,0.07659331298826942,0.0,0.1674823054944245
2023-07-03,ANCASH,0.004760995913139818,0.06339300116122634,0.0,0.1674823054944245
2023-07-10,ANCASH,0.00474748084135445,0.05090641472334221,0.0,0.1674823054944245
2023-07-17,ANCASH,0.00473101574333502,0.04943950198155594,0.0,0.1674823054944245
2023-07-24,ANCASH,0.005019082597388298,0.002572476648441644,0.0,0.0
2023-07-31,ANCASH,0.004832055365998099,0.01923376699634017,0.0,0.08374115274721225
2023-08-07,ANCASH,0.0048491259846161795,0.0,0.0,0.08374115274721225
2023-08-14,ANCASH,0.005184322339790136,0.0,0.0,0.08374115274721225
2023-08-21,ANCASH,0.004922802463587116,0.052295444194189855,0.0,0.0
2023-08-28,ANCASH,0.004973607157160766,0.07081636540829835,0.0,0.0
2023-09-04,ANCASH,0.005037185320086125,0.05672478947513504,0.0,0.0
2023-09-11,ANCASH,0.0049807519566583604,0.01416245046579826,0.0,0.0
2023-09-18,ANCASH,0.005073108105759304,0.0,0.0,0.0
2023-09-25,ANCASH,0.005031123232822651,0.06226224599864349,0.0,0.08374115274721225
2023-10-02,ANCASH,0.005025187619326685,0.04749288652743715,0.0,0.08374115274721225
2023-10-09,ANCASH,0.00504613003841015,0.06987037307830743,0.0,0.08374115274721225
2023-10-16,ANCASH,0.005053230325384861,0.0,0.0,0.0
2023-10-23,ANCASH,0.00504051988838305,0.058268744812282794,0.0,0.0
2023-10-30,ANCASH,0.005046552881041038,0.036756740369549894,0.0,0.0
2023-11-06,ANCASH,0.0049432409886211994,0.10028579886064244,0.0,0.08374115274721225
2023-11-13,ANCASH,0.005079330831218897,0.03611360967508425,0.0,0.08374115274721225
2023-11-20,ANCASH,0.005026211663720022,0.08846961640380006,0.0,0.1674823054944245
2023-11-27,ANCASH,0.005010209146972028,0.05773517083216365,0.0,0.1674823054944245
2023-12-04,ANCASH,0.005243072026534918,0.05721687485151087,0.0,0.1674823054944245
2023-12-11,ANCASH,0.005483653809586226,0.02953004125913228,0.0,0.08374115274721225
2023-12-18,ANCASH,0.005233165314339458,0.000609915028766403,0.0,0.0
2023-12-25,ANCASH,0.005303543697289851,0.02001056769410772,0.0,0.0
2023-01-02,APURIMAC,0.8200778281520753,0.7060637084287957,0.6981290142418317,0.0
2023-01-09,APURIMAC,0.8299662344016077,0.637816123155345,0.6981290142418317,0.0
2023-01-16,APURIMAC,0.548221294667643,0.7692190452844103,0.6981290142418317,0.23270967141394402
2023-01-23,APURIMAC,0.48833964503760796,0.7092313132928676,0.6981290142418317,0.23270967141394402
2023-01-30,APURIMAC,0.47590048676201446,0.7746371013555438,0.6981290142418317,0.23270967141394402
2023-02-06,APURIMAC,0.6104819010466755,0.5797248191316626,0.6981290142418317,0.0
2023-02-13,APURIMAC,0.6469211868186291,0.5827667514937629,0.6981290142418317,0.0
2023-02-20,APURIMAC,0.659060188621873,0.531081635694433,0.6981290142418317,0.0
2023-02-27,APURIMAC,0.5853657830054897,0.616766722267378,0.6981290142418317,0.0
2023-03-06,APURIMAC,0.5655979775888813,0.6815677746063711,0.6981290142418317,0.0
2023-03-13,APURIMAC,0.5571234047775242,0.7467011852521757,0.6981290142418317,0.0
2023-03-20,APURIMAC,0.5943097967140845,0.7873417599187831,0.6981290142418317,0.0
2023-03-27,APURIMAC,0.6057164204258891,0.7941851447570081,0.6981290142418317,0.0
2023-04-03,APURIMAC,0.6117191813473613,0.6700220025579895,0.6981290142418317,0.0
2023-04-10,APURIMAC,0.5918085326710099,0.6271305239085561,0.6981290142418317,0.23270967141394402
2023-04-17,APURIMAC,0.5854645155941596,0.751579844373977,0.6981290142418317,0.23270967141394402
2023-04-24,APURIMAC,0.5813035319936932,0.7446283981236139,0.6981290142418317,0.23270967141394402
2023-05-01,APURIMAC,0.5916400595541862,0.7089709564512152,0.6981290142418317,0.0
2023-05-08,APURIMAC,0.5952593493411047,0.6274263898625725,0.6981290142418317,0.0
2023-05-15,APURIMAC,0.5980401813239913,0.6965038455460748,0.6981290142418317,0.0
2023-05-22,APURIMAC,0.5926480476636187,0.6973662724136773,0.6981290142418317,0.0
2023-05-29,APURIMAC,0.5904951297451291,0.7796385711696152,0.6981290142418317,0.0
2023-06-05,APURIMAC,0.5886115137572456,0.8244503271225667,0.6981290142418317,0.0
2023-06-12,APURIMAC,0.5913768852874621,0.8168146301330992,0.6981290142418317,0.0
2023-06-19,APURIMAC,0.5925542902825833,0.7478386946292952,0.6981290142418317,0.0
2023-06-26,APURIMAC,0.5937786166293852,0.8836892142309403,0.6981290142418317,0.4762590452741431
2023-07-03,APURIMAC,0.5923604399185205,0.9461226661049957,0.6981290142418317,0.4762590452741431
2023-07-10,APURIMAC,0.5917307447583016,0.9461226661049957,0.6981290142418317,0.952518090548286
2023-07-17,APURIMAC,0.5909761855075109,0.7229679969080658,0.6981290142418317,0.4762590452741431
2023-07-24,APURIMAC,0.5917067832025609,0.6176208677780828,0.6981290142418317,0.941678388102031
2023-07-31,APURIMAC,0.5920591963273509,0.428127160996472,0.6981290142418317,0.465419342827888
2023-08-07,APURIMAC,0.5925162438424671,0.5521938293343673,0.6981290142418317,0.465419342827888
2023-08-14,APURIMAC,0.592142819560884,0.4101395116680947,0.6981290142418317,0.23270967141394402
2023-08-21,APURIMAC,0.5919481348212268,0.40942608884745707,0.6981290142418317,0.23270967141394402
2023-08-28,APURIMAC,0.5916745835068673,0.3046348529538893,0.6981290142418317,0.23270967141394402
2023-09-04,APURIMAC,0.5918631135429409,0.34985706480794654,0.6981290142418317,0.465419342827888
2023-09-11,APURIMAC,0.5919704491812428,0.5645035554035027,0.6981290142418317,0.6981290142418319
2023-09-18,APURIMAC,0.5921341732234813,0.5995691152076252,0.6981290142418317,0.930838685655776
2023-09-25,APURIMAC,0.5920393658396375,0.5090693155058899,0.6981290142418317,0.465419342827888
2023-10-02,APURIMAC,0.5919810884591681,0.3364032750026465,0.6981290142418317,0.23270967141394402
2023-10-09,APURIMAC,0.5918847392765096,0.26497859793909906,0.6981290142418317,0.23270967141394402
2023-10-16,APURIMAC,0.5919322427678524,0.3196105124308311,0.6981290142418317,0.23270967141394402
2023-10-23,APURIMAC,0.591964113608491,0.5086557043016748,0.6981290142418317,0.6981290142418319
2023-10-30,APURIMAC,0.5920204301476621,0.5283176833603331,0.6981290142418317,0.4654193428278879
2023-11-06,APURIMAC,0.5919960725788354,0.46019980714940634,0.6981290142418317,0.465419342827888
2023-11-13,APURIMAC,0.5919790648083758,0.3579019431708178,0.6981290142418317,0.0
2023-11-20,APURIMAC,0.5919460922811419,0.41149847791905236,0.6981290142418317,0.4762590452741429
2023-11-27,APURIMAC,0.5919584641677142,0.46534519633110055,0.6981290142418317,0.4762590452741429
2023-12-04,APURIMAC,0.5919676382755177,0.47039357879074717,0.6981290142418317,0.4762590452741429
2023-12-11,APURIMAC,0.5919869116016576,0.3712740492906117,0.6981290142418317,0.23270967141394394
2023-12-18,APURIMAC,0.5919806728810688,0.3799885227660726,0.6981290142418317,0.23270967141394394
2023-12-25,APURIMAC,0.5919757768698135,0.36898390512696133,0.6981290142418317,0.6981290142418317
2023-01-02,AREQUIPA,1.605644238896825,1.534147336052757,1.5246598435377874,0.907179125892049
2023-01-09,AREQUIPA,1.605644238896825,1.4511951358311292,1.5246598435377874,1.4211972850225307
2023-01-16,AREQUIPA,1.4442876194506629,1.3837695778408041,1.5246598435377874,1.1583056305236705
2023-01-23,AREQUIPA,1.3598640303830845,1.3764391838969066,1.5246598435377874,0.8365540664893178
2023-01-30,AREQUIPA,1.3285929935054228,1.3701005851688728,1.5246598435377874,0.5791528152618355
2023-02-06,AREQUIPA,1.4108319944083982,1.3587893305237797,1.5246598435377874,0.5148025024549647
2023-02-13,AREQUIPA,1.4468653064801287,1.3228369404441223,1.5246598435377874,0.45045218964809425
2023-02-20,AREQUIPA,1.46255308178359,1.2403177227654965,1.5246598435377874,0.25740125122748264
2023-02-27,AREQUIPA,1.4163856288500436,1.2902960124317495,1.5246598435377874,0.5148025024549647
2023-03-06,AREQUIPA,1.4023410975207131,1.4298516443833105,1.5246598435377874,0.7078534408755766
2023-03-13,AREQUIPA,1.394418428225686,1.584674446460867,1.5246598435377874,0.8365540664893176
2023-03-20,AREQUIPA,1.4192998649022552,1.4802474668787569,1.5246598435377874,0.5791528152618355
2023-03-27,AREQUIPA,1.4240858595395913,1.366162294801001,1.5246598435377874,0.8365540664893176
2023-04-03,AREQUIPA,1.4285785262575312,1.2583453782282947,1.5246598435377874,0.7078534408755766
2023-04-10,AREQUIPA,1.4148677530079112,1.272485658874825,1.5246598435377874,0.643503128068706
2023-04-17,AREQUIPA,1.4138416245159804,1.1539177798163123,1.5246598435377874,0.32175156403435307
2023-04-24,AREQUIPA,1.41114148891144,1.0881391586358897,1.5246598435377874,0.45045218964809425
2023-05-01,AREQUIPA,1.4187156545261113,1.1679308231616718,1.5246598435377874,0.7722037536824471
2023-05-08,AREQUIPA,1.4183882412414976,1.387050424649284,1.5246598435377874,1.0296050049099295
2023-05-15,AREQUIPA,1.4200904466313538,1.5267207619344894,1.5246598435377874,1.3736578934341641
2023-05-22,AREQUIPA,1.415843928260034,1.5601962509396836,1.5246598435377874,1.3736578934341641
2023-05-29,AREQUIPA,1.4165265878194964,1.369563497486741,1.5246598435377874,1.244957267820423
2023-06-05,AREQUIPA,1.415426054323492,1.4215651197920613,1.5246598435377874,1.15830563052367
2023-06-12,AREQUIPA,1.4178327426334523,1.605644238896825,1.5246598435377874,1.3513565689442824
2023-06-19,AREQUIPA,1.417204958357452,1.6069208072195504,1.5246598435377874,1.5444075073648937
2023-06-26,AREQUIPA,1.4179093093372197,1.6069208072195504,1.5246598435377874,1.4157068817511527
2023-07-03,AREQUIPA,1.4165188113466138,1.6069208072195504,1.5246598435377874,1.4157068817511527
2023-07-10,AREQUIPA,1.4170087699567286,1.6069208072195504,1.5246598435377874,1.2226559433305408
2023-07-17,AREQUIPA,1.4165510693847887,1.6076739825299582,1.5246598435377874,1.0939553177167998
2023-07-24,AREQUIPA,1.4173555222203102,1.410085998648353,1.5246598435377874,0.9009043792961882
2023-07-31,AREQUIPA,1.4170005751661052,1.371772780811301,1.5246598435377874,1.2226559433305408
2023-08-07,AREQUIPA,1.4172998082180177,1.4884019991384965,1.5246598435377874,1.3513565689442824
2023-08-14,AREQUIPA,1.4168322114303353,1.5664954660212902,1.5246598435377874,1.4800571945580234
2023-08-21,AREQUIPA,1.417077272735071,1.4863035378881948,1.5246598435377874,1.2226559433305408
2023-08-28,AREQUIPA,1.4168789463821834,1.4588259509848691,1.5246598435377874,1.4157068817511527
2023-09-04,AREQUIPA,1.4171534954128853,1.3167767715582896,1.5246598435377874,1.4157068817511527
2023-09-11,AREQUIPA,1.4169878558569895,1.3251883297886522,1.5246598435377874,1.4800571945580234
2023-09-18,AREQUIPA,1.4171189085518234,1.204007794763898,1.5246598435377874,1.0939553177168002
2023-09-25,AREQUIPA,1.4169548789836672,1.1671092324750068,1.5246598435377874,0.7722037536824471
2023-10-02,AREQUIPA,1.4170639940941516,1.212156827109586,1.5246598435377874,0.7722037536824471
2023-10-09,AREQUIPA,1.4169780833062942,1.2330304223857085,1.5246598435377874,0.7722037536824471
2023-10-16,AREQUIPA,1.4170773023598278,1.170336831307707,1.5246598435377874,0.7078534408755766
2023-10-23,AREQUIPA,1.4170063182396166,1.0137812878073547,1.5246598435377874,0.5148025024549647
2023-10-30,AREQUIPA,1.4170623061413563,1.0002427542256704,1.5246598435377874,0.7722037536824471
2023-11-06,AREQUIPA,1.4170017841129487,1.1690971320521646,1.5246598435377874,0.9652546921030587
2023-11-13,AREQUIPA,1.4170475229667874,1.4133898418828372,1.5246598435377874,1.2226559433305408
2023-11-20,AREQUIPA,1.417011242992685,1.5934266992894512,1.5246598435377874,1.351356568944282
2023-11-27,AREQUIPA,1.4170484793955476,1.6081183559630987,1.5246598435377874,1.6087578201717645
2023-12-04,AREQUIPA,1.4170185481760145,1.4313032319261612,1.5246598435377874,1.2870062561374112
2023-12-11,AREQUIPA,1.41704233385633,1.3171317967943814,1.5246598435377874,1.0296050049099295
2023-12-18,AREQUIPA,1.4170189501456822,1.340437662167858,1.5246598435377874,1.0519063293998117
2023-12-25,AREQUIPA,1.4170382321019228,1.4468407878983713,1.5246598435377874,1.5246598435377874
2023-01-02,AYACUCHO,1.5400408300596036,1.6453432728896522,1.3421237467919513,1.3473957327610204
2023-01-09,AYACUCHO,1.8020302602644347,1.6087341111806865,1.3421237467919513,1.7921343220404697
2023-01-16,AYACUCHO,1.55090097571123,1.577730763327732,1.3421237467919513,1.3421237467919513
2023-01-23,AYACUCHO,1.6575640503258575,1.4550826528123206,1.3421237467919513,1.9386231898105963
2023-01-30,AYACUCHO,1.6488282034318367,1.8032864455547672,1.3421237467919513,3.42987179735721
2023-02-06,AYACUCHO,1.6267031727664274,2.0848566287977586,1.3421237467919513,5.517619847922467
2023-02-13,AYACUCHO,1.6451508049431705,2.528893664345362,1.3421237467919513,5.2193701264131445
2023-02-20,AYACUCHO,1.6378688967968213,2.539345847819038,1.3421237467919513,3.2807469366025463
2023-02-27,AYACUCHO,1.6391868926729112,2.581679105186354,1.3421237467919513,1.7894983290559345
2023-03-06,AYACUCHO,1.6413780444517387,2.879950838406524,1.3421237467919513,1.6403734683012736
2023-03-13,AYACUCHO,1.6394187897830417,3.223785221645193,1.3421237467919513,1.6403734683012736
2023-03-20,AYACUCHO,1.6402401599320293,2.979326682592603,1.3421237467919513,1.342123746791951
2023-03-27,AYACUCHO,1.6400257953250064,2.963071477369964,1.3421237467919513,1.6403734683012736
2023-04-03,AYACUCHO,1.6399054645430948,2.7846535368666716,1.3421237467919513,1.4912486075466127
2023-04-10,AYACUCHO,1.6400514001333133,2.7157994291538845,1.3421237467919513,1.3421237467919513
2023-04-17,AYACUCHO,1.6399778626469201,2.2152363647954414,1.3421237467919513,0.5964994430186448
2023-04-24,AYACUCHO,1.6408537945278372,2.132105438031806,1.3421237467919513,0.5964994430186448
2023-05-01,AYACUCHO,1.6400813653740673,2.1274132410956312,1.3421237467919513,0.8947491645279673
2023-05-08,AYACUCHO,1.6403957770244988,2.2094575577148925,1.3421237467919513,0.8947491645279673
2023-05-15,AYACUCHO,1.6403809210452693,2.180841767166099,1.3421237467919513,1.0438740252826282
2023-05-22,AYACUCHO,1.6405437079980252,2.213200141991409,1.3421237467919513,0.8947491645279673
2023-05-29,AYACUCHO,1.6403750017748475,2.6448940149474685,1.3421237467919513,1.3421237467919513
2023-06-05,AYACUCHO,1.640452014507796,2.6064619550561807,1.3421237467919513,1.1929988860372895
2023-06-12,AYACUCHO,1.6404423187927706,2.6942397736366708,1.3421237467919513,1.3421237467919513
2023-06-19,AYACUCHO,1.639963445152381,2.1895445298098584,1.3421237467919513,1.3421237467919513
2023-06-26,AYACUCHO,1.6399133666283867,2.0814740978336728,1.3421237467919513,1.3421237467919513
2023-07-03,AYACUCHO,1.6400766871382317,2.139729584690344,1.3421237467919513,1.1929988860372895
2023-07-10,AYACUCHO,1.6399727696693929,2.067684200502731,1.3421237467919513,0.7456243037733061
2023-07-17,AYACUCHO,1.640078073082508,1.6655677602775474,1.3421237467919513,0.5964994430186448
2023-07-24,AYACUCHO,1.6401162466551429,1.4524510448315877,1.3421237467919513,0.44737458226398386
2023-07-31,AYACUCHO,1.6400611081514604,1.683218444841525,1.3421237467919513,1.3421237467919513
2023-08-07,AYACUCHO,1.640090661970739,1.9625137098413417,1.3421237467919513,1.4912486075466127
2023-08-14,AYACUCHO,1.6398979824527387,2.1562970570552515,1.3421237467919513,2.0877480505652577
2023-08-21,AYACUCHO,1.6397453885852222,1.9718189323615989,1.3421237467919513,1.4912486075466118
2023-08-28,AYACUCHO,1.6399043443126469,1.9194768577225179,1.3421237467919513,1.6403734683012736
2023-09-04,AYACUCHO,1.639827225456615,1.6655940005605658,1.3421237467919513,1.0438740252826282
2023-09-11,AYACUCHO,1.639803786759587,2.0534888093099313,1.3421237467919513,0.7456243037733059
2023-09-18,AYACUCHO,1.6398886964838533,1.8649293460742729,1.3421237467919513,0.7456243037733059
2023-09-25,AYACUCHO,1.639832392466154,1.6957939522027452,1.3421237467919513,0.5964994430186448
2023-10-02,AYACUCHO,1.6398525736291294,1.3727955497378224,1.3421237467919513,1.0438740252826282
2023-10-09,AYACUCHO,1.6399506401941988,1.5343394270825188,1.3421237467919513,0.894749164527967
2023-10-16,AYACUCHO,1.6399078189517935,1.3687021938970614,1.3421237467919513,1.0438740252826282
2023-10-23,AYACUCHO,1.639915537799709,1.255889103303136,1.3421237467919513,0.5964994430186448
2023-10-30,AYACUCHO,1.63992039359983,1.3638907823030002,1.3421237467919513,0.44737458226398386
2023-11-06,AYACUCHO,1.63996342047415,1.6050630350134147,1.3421237467919513,1.342123746791951
2023-11-13,AYACUCHO,1.6399403793142966,1.6503620015314113,1.3421237467919513,1.1929988860372895
2023-11-20,AYACUCHO,1.6399469802009157,1.4085103749752843,1.3421237467919513,1.342123746791951
2023-11-27,AYACUCHO,1.6399477182902884,1.1870914498101315,1.3421237467919513,0.2982497215093221
2023-12-04,AYACUCHO,1.6399177432489846,1.425047198344949,1.3421237467919513,0.7456243037733059
2023-12-11,AYACUCHO,1.6398965115031134,1.3378017245784446,1.3421237467919513,0.7456243037733059
2023-12-18,AYACUCHO,1.6399190664253687,1.5902416580797554,1.3421237467919513,1.0438740252826282
2023-12-25,AYACUCHO,1.6399074902318431,1.5611604481382542,1.3421237467919513,1.3421237467919513
2023-01-02,CAJAMARCA,5.269949932396912e-13,0.0,0.0,0.0
2023-01-09,CAJAMARCA,5.835645391911915e-13,0.0,0.0,0.0
2023-01-16,CAJAMARCA,6.029193981829132e-13,0.0,0.0,0.0
2023-01-23,CAJAMARCA,3.107222608286857e-13,0.0,0.0,0.0
2023-01-30,CAJAMARCA,0.0,0.0,0.0,0.06876552811581764
2023-02-06,CAJAMARCA,0.0,0.019272318004982848,0.0,0.06876552811581764
2023-02-13,CAJAMARCA,0.0,0.0,0.0,0.06876552811581764
2023-02-20,CAJAMARCA,0.0,0.0,0.0,0.0
2023-02-27,CAJAMARCA,6.033373987315174e-14,0.017323320975900176,0.0,0.0
2023-03-06,CAJAMARCA,7.213910207452235e-14,0.027602578243943982,0.0,0.0
2023-03-13,CAJAMARCA,7.762292486545986e-14,0.025026049284429093,0.0,0.0
2023-03-20,CAJAMARCA,4.7351151237536914e-14,0.009268465080448873,0.0,0.0
2023-03-27,CAJAMARCA,0.004351171143828364,0.009439084008462599,0.0,0.0
2023-04-03,CAJAMARCA,0.0014657936169973813,0.0,0.0,0.0
2023-04-10,CAJAMARCA,0.0020869440365019207,0.0,0.0,0.0
2023-04-17,CAJAMARCA,0.0025758844690072715,0.0058649464759446285,0.0,0.06876552811581764
2023-04-24,CAJAMARCA,0.0022046759004698555,0.006404069545486695,0.0,0.06876552811581764
2023-05-01,CAJAMARCA,0.002496579627695926,0.01671123082152625,0.0,0.06876552811581764
2023-05-08,CAJAMARCA,0.0024103563457967144,0.0007000782568760815,0.0,0.0
2023-05-15,CAJAMARCA,0.0023780717601725302,0.0,0.0,0.0
2023-05-22,CAJAMARCA,0.0023632154269603274,0.016698499303662528,0.0,0.0
2023-05-29,CAJAMARCA,0.0013637145052295717,0.03030050491038269,0.0,0.0
2023-06-05,CAJAMARCA,0.002105782221810677,0.030148781988022174,0.0,0.0
2023-06-12,CAJAMARCA,0.0018986388186434948,0.0301527963674327,0.0,0.0
2023-06-19,CAJAMARCA,0.0018609207231182403,0.028897410952105938,0.0,0.06876552811581764
2023-06-26,CAJAMARCA,0.001871783403433882,0.09415553591627956,0.0,0.1375310562316353
2023-07-03,CAJAMARCA,0.0018758071651822084,0.11384830518882372,0.0,0.1375310562316353
2023-07-10,CAJAMARCA,0.0018696007578829564,0.09171777126645429,0.0,0.06876552811581764
2023-07-17,CAJAMARCA,0.0018716833702689224,0.05584169229748556,0.0,0.0
2023-07-24,CAJAMARCA,0.001869619403912025,0.030717947861567337,0.0,0.0
2023-07-31,CAJAMARCA,0.0018725720013315656,0.04359291422840056,0.0,0.0
2023-08-07,CAJAMARCA,0.0018719164135944809,0.02959854294411792,0.0,0.0
2023-08-14,CAJAMARCA,0.0018730373217185196,0.029729427110817,0.0,0.0
2023-08-21,CAJAMARCA,0.0018716781173870975,0.040484396907424385,0.0,0.0
2023-08-28,CAJAMARCA,0.0018718331948932628,0.05561218091796216,0.0,0.06876552811581764
2023-09-04,CAJAMARCA,0.0018712019001417592,0.07963594637530469,0.0,0.06876552811581764
2023-09-11,CAJAMARCA,0.0018718016896936917,0.0655757004071415,0.0,0.06876552811581764
2023-09-18,CAJAMARCA,0.0018718024240688812,0.0449519123774711,0.0,0.0
2023-09-25,CAJAMARCA,0.0018721681873840748,0.02865171569414522,0.0,0.0
2023-10-02,CAJAMARCA,0.001871923421908017,0.03778281956595805,0.0,0.0
2023-10-09,CAJAMARCA,0.0018718997334630004,0.020103881102511312,0.0,0.0
2023-10-16,CAJAMARCA,0.0018716904157802042,0.042417748094221955,0.0,0.0
2023-10-23,CAJAMARCA,0.001871776105858869,0.021384382060493458,0.0,0.0
2023-10-30,CAJAMARCA,0.0018717917493211976,0.050549830319145964,0.0,0.0
2023-11-06,CAJAMARCA,0.001871908716134047,0.021174803054361604,0.0,0.0
2023-11-13,CAJAMARCA,0.0018718880930165,0.019104403377527616,0.0,0.0
2023-11-20,CAJAMARCA,0.0018718835282334771,0.00466016067297194,0.0,0.0
2023-11-27,CAJAMARCA,0.0018718206601293058,0.016806617530417328,0.0,0.0
2023-12-04,CAJAMARCA,0.0018718177220260503,0.034223694188999045,0.0,0.0
2023-12-11,CAJAMARCA,0.0018718156623699518,0.028030125760923254,0.0,0.0
2023-12-18,CAJAMARCA,0.0018718483462805164,0.022391812372227222,0.0,0.0
2023-12-25,CAJAMARCA,0.0018718566187315077,0.01866998755462425,0.0,0.0
2023-01-02,CALLAO,1.3266582149500858,1.3970206714535536,1.1948981263997376,0.5176678469102918
2023-01-09,CALLAO,1.1693405430432326,1.3828195529146825,1.1948981263997376,0.25604959851422954
2023-01-16,CALLAO,1.2317607614995207,1.6722836922202213,1.1948981263997376,0.6827989293712788
2023-01-23,CALLAO,1.2366566119719709,1.863976478442662,1.1948981263997376,1.0241983940569184
2023-01-30,CALLAO,1.2155139283829102,2.5659368963972007,1.1948981263997376,1.706997323428197
2023-02-06,CALLAO,1.2265440639262422,2.580706915465081,1.1948981263997376,1.5362975910853773
2023-02-13,CALLAO,1.2254794543124796,2.425828946020008,1.1948981263997376,1.3655978587425577
2023-02-20,CALLAO,1.2229862890520962,2.027926138958074,1.1948981263997376,0.8534986617140983
2023-02-27,CALLAO,1.2241427148468427,1.794729695231009,1.1948981263997376,1.0241983940569184
2023-03-06,CALLAO,1.2242514274597265,1.6684047316896753,1.1948981263997376,0.597449063199869
2023-03-13,CALLAO,1.2238560114910904,1.5216306135682438,1.1948981263997376,0.597449063199869
2023-03-20,CALLAO,1.2240785877733087,1.6908432153787731,1.1948981263997376,0.42674933085704925
2023-03-27,CALLAO,1.2236631474694089,1.6733413409290208,1.1948981263997376,0.512099197028459
2023-04-03,CALLAO,1.2255443679772458,1.7219554065586156,1.1948981263997376,0.3413994646856395
2023-04-10,CALLAO,1.2244616907868315,1.481449034963643,1.1948981263997376,0.25604959851422954
2023-04-17,CALLAO,1.2246537385242133,1.7547519330937789,1.1948981263997376,0.2560495985142295
2023-04-24,CALLAO,1.2253305968541452,1.9434578214805716,1.1948981263997376,0.34139946468563925
2023-05-01,CALLAO,1.2240621759550594,1.948346654320476,1.1948981263997376,0.25604959851422954
2023-05-08,CALLAO,1.2246644013753598,1.8497654028746657,1.1948981263997376,0.17069973234281974
2023-05-15,CALLAO,1.2246254936907706,1.7955411089167819,1.1948981263997376,0.25604959851422954
2023-05-22,CALLAO,1.224729957626458,1.8074870039875646,1.1948981263997376,0.34139946468563925
2023-05-29,CALLAO,1.2248222201412196,1.661166969405322,1.1948981263997376,0.597449063199869
2023-06-05,CALLAO,1.2247399499293845,1.731259842169652,1.1948981263997376,0.597449063199869
2023-06-12,CALLAO,1.2247662072183587,1.8173266474568894,1.1948981263997376,0.9388485278855083
2023-06-19,CALLAO,1.2246732143952777,1.7626924926718788,1.1948981263997376,0.8534986617140983
2023-06-26,CALLAO,1.2248973645664343,1.4842006590644545,1.1948981263997376,0.6827989293712788
2023-07-03,CALLAO,1.2247866381761456,1.1402379531217663,1.1948981263997376,0.17069973234281968
2023-07-10,CALLAO,1.224798575468045,1.3228652477692404,1.1948981263997376,0.17069973234281968
2023-07-17,CALLAO,1.2248398442995652,1.585199661172643,1.1948981263997376,0.512099197028459
2023-07-24,CALLAO,1.2248484551711631,1.6691499308741515,1.1948981263997376,0.7681487955426887
2023-07-31,CALLAO,1.224833418639475,1.5098247483390486,1.1948981263997376,1.109548260228328
2023-08-07,CALLAO,1.2248402836163028,1.4223448029816073,1.1948981263997376,1.0241983940569184
2023-08-14,CALLAO,1.224780493712129,1.3702028971102815,1.1948981263997376,0.7681487955426887
2023-08-21,CALLAO,1.2247881854307332,1.3646257194441724,1.1948981263997376,0.512099197028459
2023-08-28,CALLAO,1.2247978281120204,1.4354303501674006,1.1948981263997376,0.597449063199869
2023-09-04,CALLAO,1.2247903088498822,1.211406888702066,1.1948981263997376,0.597449063199869
2023-09-11,CALLAO,1.2247588030341845,1.0323772723842186,1.1948981263997376,0.42674933085704914
2023-09-18,CALLAO,1.2248233026028146,0.7828346795821506,1.1948981263997376,0.2560495985142295
2023-09-25,CALLAO,1.2247925762943348,0.9426377761314317,1.1948981263997376,0.512099197028459
2023-10-02,CALLAO,1.2247960332079244,1.0111392750540187,1.1948981263997376,0.8534986617140983
2023-10-09,CALLAO,1.2248137046227598,1.0356788496407976,1.1948981263997376,0.8534986617140983
2023-10-16,CALLAO,1.2248110163464454,0.9292358655165014,1.1948981263997376,1.024198394056918
2023-10-23,CALLAO,1.2248086244208687,0.8434595265625118,1.1948981263997376,0.6827989293712786
2023-10-30,CALLAO,1.224810632273892,0.9842414547769907,1.1948981263997376,0.6827989293712786
2023-11-06,CALLAO,1.224813014089127,0.9880845154460969,1.1948981263997376,0.2560495985142295
2023-11-13,CALLAO,1.224824114373964,1.1266184310160083,1.1948981263997376,0.34139946468563925
2023-11-20,CALLAO,1.2248170665488658,1.0912259252387533,1.1948981263997376,0.17069973234281963
2023-11-27,CALLAO,1.224818702409748,1.4095299720829364,1.1948981263997376,0.512099197028459
2023-12-04,CALLAO,1.2248015131997345,1.2863126974023227,1.1948981263997376,0.42674933085704925
2023-12-11,CALLAO,1.224802765053293,1.3231459884911372,1.1948981263997376,0.6827989293712788
2023-12-18,CALLAO,1.2248059026188072,1.1627916989146425,1.1948981263997376,0.9388485278855081
2023-12-25,CALLAO,1.224803764572755,1.2218403433063463,1.1948981263997376,1.1948981263997376
2023-01-02,CUSCO,0.8790395953126464,0.7471440362494046,0.7243259060954923,0.14555771720742458
2023-01-09,CUSCO,0.8802208377084713,0.8387794566094262,0.7243259060954923,0.43528807964562144
2023-01-16,CUSCO,0.8177170314847546,0.9106806787987587,0.7243259060954923,0.4345955436572954
2023-01-23,CUSCO,0.870243258233452,0.7685505131211303,0.7243259060954923,0.4345955436572954
2023-01-30,CUSCO,0.8490619862644841,0.6963840399757768,0.7243259060954923,0.2897303624381968
2023-02-06,CUSCO,0.8463205146778161,0.6472131395636356,0.7243259060954923,0.43459554365729525
2023-02-13,CUSCO,0.8565707478412112,0.7525782031471284,0.7243259060954923,0.43459554365729525
2023-02-20,CUSCO,0.8489717832776287,0.8187517164639015,0.7243259060954923,0.43459554365729525
2023-02-27,CUSCO,0.8516012291003949,0.7623444801553436,0.7243259060954923,0.36216295304774604
2023-03-06,CUSCO,0.8522080791914273,0.7102105270728465,0.7243259060954923,0.2897303624381968
2023-03-13,CUSCO,0.850705790485689,0.6985425744624074,0.7243259060954923,0.36216295304774604
2023-03-20,CUSCO,0.851740360720012,0.8058154746647479,0.7243259060954923,0.4345955436572954
2023-03-27,CUSCO,0.8515859883822663,0.9713210400740566,0.7243259060954923,0.8691910873145905
2023-04-03,CUSCO,0.8517628078332751,0.9371984344293214,0.7243259060954923,0.651893315485943
2023-04-10,CUSCO,0.8516753570615052,0.9713210400740566,0.7243259060954923,0.7967584967050414
2023-04-17,CUSCO,0.8516785096681481,0.9713210400740566,0.7243259060954923,0.7967584967050414
2023-04-24,CUSCO,0.851481000966201,0.9888424837425068,0.7243259060954923,1.0140562685336891
2023-05-01,CUSCO,0.8520625248456362,0.9258997483934783,0.7243259060954923,0.7967584967050414
2023-05-08,CUSCO,0.8516566611146934,0.7702457021584392,0.7243259060954923,0.4345955436572954
2023-05-15,CUSCO,0.8517737317311493,0.7728460466765668,0.7243259060954923,0.36216295304774615
2023-05-22,CUSCO,0.8517189983348723,0.6487100133979071,0.7243259060954923,0.28973036243819683
2023-05-29,CUSCO,0.8516384882722685,0.6714938209387546,0.7243259060954923,0.36216295304774615
2023-06-05,CUSCO,0.8517243144828166,0.6182977061009449,0.7243259060954923,0.5070281342668446
2023-06-12,CUSCO,0.8516836938509147,0.777261558687738,0.7243259060954923,0.7243259060954923
2023-06-19,CUSCO,0.8515473774346141,0.773630285180887,0.7243259060954923,0.7967584967050414
2023-06-26,CUSCO,0.851592001125917,0.7661053716026696,0.7243259060954923,0.7243259060954923
2023-07-03,CUSCO,0.8516050871716472,0.722941003070791,0.7243259060954923,0.8691910873145905
2023-07-10,CUSCO,0.8515779405584576,0.8488376243652411,0.7243259060954923,0.7967584967050414
2023-07-17,CUSCO,0.8515743415872674,0.999180135506892,0.7243259060954923,1.0140562685336891
2023-07-24,CUSCO,0.8516576849105424,0.999180135506892,0.7243259060954923,0.8691910873145905
2023-07-31,CUSCO,0.8515896374752456,0.9272458401446799,0.7243259060954923,0.9416236779241398
2023-08-07,CUSCO,0.8516153536572912,0.8241156337659248,0.7243259060954923,0.8691910873145905
2023-08-14,CUSCO,0.8518933468864687,0.7152882507626304,0.7243259060954923,0.6518933154859432
2023-08-21,CUSCO,0.8514613986018891,0.7732715663226817,0.7243259060954923,0.4345955436572954
2023-08-28,CUSCO,0.851721881773539,0.6032633061697592,0.7243259060954923,0.14486518121909844
2023-09-04,CUSCO,0.8516623138616957,0.7402463702111051,0.7243259060954923,0.4345955436572954
2023-09-11,CUSCO,0.8490322066996421,0.8069238928087659,0.7243259060954923,0.5794607248763937
2023-09-18,CUSCO,0.8497576113633909,0.979299523006917,0.7243259060954923,0.6518933154859432
2023-09-25,CUSCO,0.8501066774788657,0.8335623803419687,0.7243259060954923,0.4345955436572954
2023-10-02,CUSCO,0.8495482435395003,0.8232141758784681,0.7243259060954923,0.7243259060954921
2023-10-09,CUSCO,0.8484868805832146,0.8622371195328553,0.7243259060954923,0.7967584967050414
2023-10-16,CUSCO,0.850711966216313,0.9795039467780624,0.7243259060954923,1.0140562685336887
2023-10-23,CUSCO,0.8492180398624682,0.9375011585282247,0.7243259060954923,0.8691910873145905
2023-10-30,CUSCO,0.849659286854586,0.9044076109806194,0.7243259060954923,0.9416236779241398
2023-11-06,CUSCO,0.8495453637349848,0.8711807405027916,0.7243259060954923,0.7243259060954921
2023-11-13,CUSCO,0.8482295718519635,0.8863318853074973,0.7243259060954923,0.7243259060954921
2023-11-20,CUSCO,0.8493882814859639,0.8589326519104987,0.7243259060954923,0.5794607248763937
2023-11-27,CUSCO,0.8488936082302925,0.8154499617154571,0.7243259060954923,0.7243259060954923
2023-12-04,CUSCO,0.8494186140991533,0.7083696526483232,0.7243259060954923,0.43459554365729525
2023-12-11,CUSCO,0.8480292671534657,0.6733580895906501,0.7243259060954923,0.36216295304774604
2023-12-18,CUSCO,0.8489884149006841,0.6251800861010175,0.7243259060954923,0.36216295304774604
2023-12-25,CUSCO,0.8486628220525461,0.7137211524352434,0.7243259060954923,0.7243259060954923
2023-01-02,HUANCAVELICA,0.5811924394176211,0.6270962682097485,0.5700523022987347,0.28502615114936675
2023-01-09,HUANCAVELICA,0.4888582234860248,0.9553564041176876,0.5700523022987347,0.5700523022987347
2023-01-16,HUANCAVELICA,0.5448259713345314,0.9535707793130277,0.5700523022987347,1.1401046045974703
2023-01-23,HUANCAVELICA,0.5495196155989073,1.2879451406023867,0.5700523022987347,1.7101569068962066
2023-01-30,HUANCAVELICA,0.5211788230032199,1.692713124408264,0.5700523022987347,2.5652353603443103
2023-02-06,HUANCAVELICA,0.5361914121890234,1.9931691191910406,0.5700523022987347,2.8502615114936787
2023-02-13,HUANCAVELICA,0.5388716494502443,1.7448539328072656,0.5700523022987347,3.135287662643046
2023-02-20,HUANCAVELICA,0.530355350348189,1.6236174155476562,0.5700523022987347,2.565235360344311
2023-02-27,HUANCAVELICA,0.5312164376695898,1.5767616436265564,0.5700523022987347,1.9951830580455745
2023-03-06,HUANCAVELICA,0.5342621135395531,1.2586878780910165,0.5700523022987347,1.4251307557468387
2023-03-13,HUANCAVELICA,0.5318488781056265,1.0800580902758683,0.5700523022987347,0.8550784534481026
2023-03-20,HUANCAVELICA,0.5320978289260105,1.484118353203494,0.5700523022987347,0.5700523022987345
2023-03-27,HUANCAVELICA,0.5360035294009509,1.2569430360763096,0.5700523022987347,0.0
2023-04-03,HUANCAVELICA,0.5344378082905399,1.2048536083492172,0.5700523022987347,0.0
2023-04-10,HUANCAVELICA,0.5337538029519429,1.0912524807865935,0.5700523022987347,0.0
2023-04-17,HUANCAVELICA,0.5349123733711652,1.2621813468446592,0.5700523022987347,0.0
2023-04-24,HUANCAVELICA,0.5347346363188434,1.3634190991140684,0.5700523022987347,0.0
2023-05-01,HUANCAVELICA,0.5338714034273195,1.4281788740439363,0.5700523022987347,0.0
2023-05-08,HUANCAVELICA,0.5345369791708947,1.172955947383893,0.5700523022987347,0.0
2023-05-15,HUANCAVELICA,0.5344735037781931,0.8517994269743572,0.5700523022987347,0.0
2023-05-22,HUANCAVELICA,0.5352627724245127,0.5913689979436871,0.5700523022987347,0.28502615114936675
2023-05-29,HUANCAVELICA,0.5354702673292338,0.6894518739885196,0.5700523022987347,0.5700523022987347
2023-06-05,HUANCAVELICA,0.5349741249293172,0.9538099688508486,0.5700523022987347,0.855078453448104
2023-06-12,HUANCAVELICA,0.5352221085644617,0.7703623694420674,0.5700523022987347,0.5700523022987349
2023-06-19,HUANCAVELICA,0.5345917620701337,0.6252011678953513,0.5700523022987347,0.5700523022987347
2023-06-26,HUANCAVELICA,0.5345760080290121,0.64929136308263,0.5700523022987347,0.5700523022987347
2023-07-03,HUANCAVELICA,0.5348699713977978,0.6990789883341562,0.5700523022987347,0.5700523022987347
2023-07-10,HUANCAVELICA,0.5346758532149001,0.9639494440825611,0.5700523022987347,1.1401046045974703
2023-07-17,HUANCAVELICA,0.5333230872071533,0.8455690040349912,0.5700523022987347,1.1401046045974703
2023-07-24,HUANCAVELICA,0.5333474022472209,0.7719489438564393,0.5700523022987347,1.4251307557468387
2023-07-31,HUANCAVELICA,0.5339421287970498,0.5078834196505366,0.5700523022987347,0.5700523022987347
2023-08-07,HUANCAVELICA,0.533515799552464,0.5566291010442694,0.5700523022987347,0.5700523022987347
2023-08-14,HUANCAVELICA,0.5342180103553613,0.7215457599709321,0.5700523022987347,0.5700523022987347
2023-08-21,HUANCAVELICA,0.5349132338425331,0.8834781419120301,0.5700523022987347,0.5700523022987347
2023-08-28,HUANCAVELICA,0.5341144181900177,0.9120464853396415,0.5700523022987347,1.1401046045974703
2023-09-04,HUANCAVELICA,0.5343683426819734,1.0165548208982962,0.5700523022987347,0.8550784534481026
2023-09-11,HUANCAVELICA,0.5339189497884009,0.7350260439393477,0.5700523022987347,0.8550784534481026
2023-09-18,HUANCAVELICA,0.53277396347718,0.7497872908439098,0.5700523022987347,0.28502615114936675
2023-09-25,HUANCAVELICA,0.5337983516529068,0.7055299595166331,0.5700523022987347,0.28502615114936675
2023-10-02,HUANCAVELICA,0.5335824940515468,0.5903496761813791,0.5700523022987347,0.28502615114936675
2023-10-09,HUANCAVELICA,0.5315385828798656,0.42318020952427027,0.5700523022987347,0.28502615114936675
2023-10-16,HUANCAVELICA,0.5328234687658289,0.42019666612485407,0.5700523022987347,0.28502615114936675
2023-10-23,HUANCAVELICA,0.5327963328539687,0.34667620644473074,0.5700523022987347,0.28502615114936675
2023-10-30,HUANCAVELICA,0.5322461629659403,0.5747775367231209,0.5700523022987347,0.28502615114936675
2023-11-06,HUANCAVELICA,0.5338409060450791,0.5097985090112369,0.5700523022987347,0.28502615114936675
2023-11-13,HUANCAVELICA,0.5341848241452796,0.7432438406611028,0.5700523022987347,0.8550784534481026
2023-11-20,HUANCAVELICA,0.5332038893122288,0.6718614813650889,0.5700523022987347,0.5700523022987347
2023-11-27,HUANCAVELICA,0.5337630203953594,0.6665914231259957,0.5700523022987347,0.5700523022987345
2023-12-04,HUANCAVELICA,0.5338287521242364,0.5671098952481191,0.5700523022987347,0.8550784534481026
2023-12-11,HUANCAVELICA,0.5348808541875931,0.5748699875456145,0.5700523022987347,1.1401046045974703
2023-12-18,HUANCAVELICA,0.5340882647368113,0.5092672847873616,0.5700523022987347,1.4251307557468387
2023-12-25,HUANCAVELICA,0.534193979473857,0.3519300774229898,0.5700523022987347,0.5700523022987347
2023-01-02,HUANUCO,0.14928982805002236,0.12960076448717694,0.1324129748825827,0.13224679367648717
2023-01-09,HUANUCO,0.24323173365785847,0.1347141478272324,0.1324129748825827,0.13224679367648717
2023-01-16,HUANUCO,0.17346944350669033,0.16569448782633486,0.1324129748825827,0.0
2023-01-23,HUANUCO,0.1999945299521971,0.18735659692106676,0.1324129748825827,0.0
2023-01-30,HUANUCO,0.19698054862915282,0.22077561890538827,0.13241297488258272,0.0
2023-02-06,HUANUCO,0.1927669114182344,0.26815480936179076,0.13241297488258272,0.0
2023-02-13,HUANUCO,0.1964587270849036,0.2929896843413141,0.13241297488258272,0.0
2023-02-20,HUANUCO,0.19485861294663617,0.3613310762687415,0.13241297488258272,0.1324129748825827
2023-02-27,HUANUCO,0.1952059513679807,0.2777016138144085,0.13241297488258272,0.1324129748825827
2023-03-06,HUANUCO,0.19511903269426498,0.3684769831767068,0.13241297488258272,0.2648259497651654
2023-03-13,HUANUCO,0.19509605138352154,0.319207141558267,0.13241297488258272,0.1324129748825827
2023-03-20,HUANUCO,0.19513326008715226,0.35187936931079744,0.13241297488258272,0.1324129748825827
2023-03-27,HUANUCO,0.19548166113501342,0.28084915853311354,0.13241297488258272,0.0
2023-04-03,HUANUCO,0.19512282792681462,0.30018365931905366,0.13241297488258272,0.0
2023-04-10,HUANUCO,0.1952937517186243,0.30850039380107996,0.13241297488258272,0.0
2023-04-17,HUANUCO,0.19525842876249166,0.2992974837527008,0.13241297488258272,0.0
2023-04-24,HUANUCO,0.19522987098472538,0.3770834675567061,0.13241297488258272,0.0
2023-05-01,HUANUCO,0.19533121541974302,0.39732360674328493,0.13241297488258272,0.0
2023-05-08,HUANUCO,0.1952658988029502,0.4744041862273718,0.13241297488258272,0.1324129748825827
2023-05-15,HUANUCO,0.19528825185019033,0.41274435706491336,0.13241297488258272,0.1324129748825827
2023-05-22,HUANUCO,0.1952096658128815,0.30363453029194976,0.13241297488258272,0.1324129748825827
2023-05-29,HUANUCO,0.1951987278639168,0.21571779610194125,0.13241297488258272,0.0
2023-06-05,HUANUCO,0.1952251858769531,0.17666168426661777,0.13241297488258272,0.0
2023-06-12,HUANUCO,0.19520896907002847,0.19541794211756572,0.13241297488258272,0.0
2023-06-19,HUANUCO,0.19517195707044852,0.1342380535337506,0.13241297488258272,0.0
2023-06-26,HUANUCO,0.19513641186694167,0.15752484771710415,0.13241297488258272,0.0
2023-07-03,HUANUCO,0.19517039014362683,0.2453322989243818,0.13241297488258272,0.0
2023-07-10,HUANUCO,0.1951545312678842,0.3426103204073456,0.13241297488258272,0.0
2023-07-17,HUANUCO,0.195170929568127,0.3679155563787,0.13241297488258272,0.0
2023-07-24,HUANUCO,0.19518465986541714,0.288934222451173,0.13241297488258272,0.0
2023-07-31,HUANUCO,0.19517111489148806,0.2252926493708673,0.13241297488258272,0.0
2023-08-07,HUANUCO,0.19517755336551487,0.13623137024408916,0.13241297488258272,0.0
2023-08-14,HUANUCO,0.19522624586631546,0.1423021981577387,0.13241297488258272,0.0
2023-08-21,HUANUCO,0.1951740423335058,0.12129561921613369,0.13241297488258272,0.0
2023-08-28,HUANUCO,0.19520039216453827,0.12115963552277921,0.13241297488258272,0.0
2023-09-04,HUANUCO,0.19519366247054576,0.20308951717395732,0.13241297488258272,0.39674038102946174
2023-09-11,HUANUCO,0.1951974528743376,0.20268348492984342,0.13241297488258272,0.39674038102946174
2023-09-18,HUANUCO,0.19519346902619233,0.24683273715938087,0.13241297488258272,0.5291533559120447
2023-09-25,HUANUCO,0.19519544936551667,0.15289911572016535,0.13241297488258272,0.1324129748825827
2023-10-02,HUANUCO,0.19519497574192338,0.1584255239337325,0.13241297488258272,0.1324129748825827
2023-10-09,HUANUCO,0.1951428688491081,0.09182896997133602,0.13241297488258272,0.0
2023-10-16,HUANUCO,0.1950844895477705,0.14948295076386472,0.13241297488258272,0.0
2023-10-23,HUANUCO,0.195139031373393,0.10210276917940767,0.13241297488258272,0.0
2023-10-30,HUANUCO,0.19511511056875494,0.037147047020697724,0.13241297488258272,0.0
2023-11-06,HUANUCO,0.19511566166434996,0.04072004173719944,0.13241297488258272,0.1324129748825827
2023-11-13,HUANUCO,0.19510304546374418,0.09349546082590142,0.13241297488258272,0.1324129748825827
2023-11-20,HUANUCO,0.1951117438177507,0.09335783691600529,0.13241297488258272,0.1324129748825827
2023-11-27,HUANUCO,0.19510860043067865,0.1206196188865037,0.13241297488258272,0.1324129748825827
2023-12-04,HUANUCO,0.19510579555058855,0.08580384501717632,0.13241297488258272,0.1324129748825827
2023-12-11,HUANUCO,0.19510968640444087,0.09183323641437818,0.13241297488258272,0.1324129748825827
2023-12-18,HUANUCO,0.19510760493335144,0.017929672204248553,0.13241297488258272,0.0
2023-12-25,HUANUCO,0.19510815641099055,0.04722191894903938,0.13241297488258272,0.1324129748825827
2023-01-02,ICA,2.4749496443980847,2.6347599751382256,2.3528258418704966,0.7012325667043708
2023-01-09,ICA,1.993572722781337,2.7752082744321305,2.3528258418704966,0.39713487236468586
2023-01-16,ICA,2.216810929393006,2.8612341720538472,2.3528258418704966,0.4901720503896868
2023-01-23,ICA,2.2210096967344435,3.087912961081183,2.3528258418704966,1.0783785108573114
2023-01-30,ICA,2.153311027794169,3.3243321161483514,2.3528258418704966,1.5685505612469979
2023-02-06,ICA,2.188408194763297,3.913358051509494,2.3528258418704966,1.5685505612469979
2023-02-13,ICA,2.187124788154921,4.261152631250885,2.3528258418704966,1.176412920935248
2023-02-20,ICA,2.1783553955960273,4.261152631250885,2.3528258418704966,1.176412920935248
2023-02-27,ICA,2.187150180725437,3.846339435878547,2.3528258418704966,1.2744473310131856
2023-03-06,ICA,2.1848748825100315,3.449983934652578,2.3528258418704966,1.3724817410911232
2023-03-13,ICA,2.1837844979665357,3.3135333427587614,2.3528258418704966,1.176412920935248
2023-03-20,ICA,2.185001596363197,2.937380173802137,2.3528258418704966,0.8823096907014365
2023-03-27,ICA,2.178942517320367,2.790876997804235,2.3528258418704966,0.7842752806234989
2023-04-03,ICA,2.179416365923853,2.5048105877489544,2.3528258418704966,0.5882064604676245
2023-04-10,ICA,2.1807544896841753,2.6863988001906636,2.3528258418704966,0.9803441007793738
2023-04-17,ICA,2.1798742202929446,2.82850962515099,2.3528258418704966,0.8823096907014365
2023-04-24,ICA,2.1724990590291946,2.8967777874016374,2.3528258418704966,0.9803441007793738
2023-05-01,ICA,2.1682084892114224,2.7221610263488483,2.3528258418704966,0.5882064604676245
2023-05-08,ICA,2.1726188601534124,2.7161830629656003,2.3528258418704966,0.7842752806234989
2023-05-15,ICA,2.1713819928676217,2.8053671150105215,2.3528258418704966,0.7842752806234989
2023-05-22,ICA,2.16996419246208,2.866967043555448,2.3528258418704966,0.9803441007793736
2023-05-29,ICA,2.1719351063975254,2.834586820081752,2.3528258418704966,0.9803441007793738
2023-06-05,ICA,2.1712444865227214,2.649398994141863,2.3528258418704966,0.8823096907014365
2023-06-12,ICA,2.1710580072628076,2.5099273405850706,2.3528258418704966,0.7842752806234989
2023-06-19,ICA,2.1780514013515377,2.4472401494736893,2.3528258418704966,0.7842752806234989
2023-06-26,ICA,2.177465458621198,2.424041245860907,2.3528258418704966,0.7842752806234992
2023-07-03,ICA,2.175618266033865,2.7569535478891383,2.3528258418704966,1.3724817410911232
2023-07-10,ICA,2.1768290459445594,2.633408942895285,2.3528258418704966,1.176412920935249
2023-07-17,ICA,2.1783377129946104,2.6309488293981773,2.3528258418704966,1.176412920935249
2023-07-24,ICA,2.1809173967378888,2.2071015166061576,2.3528258418704966,0.6862408705455618
2023-07-31,ICA,2.179029083900711,2.197799862438028,2.3528258418704966,0.8823096907014365
2023-08-07,ICA,2.1792942810438665,2.16358341481565,2.3528258418704966,1.176412920935249
2023-08-14,ICA,2.1741021527147892,1.887675318005129,2.3528258418704966,0.8823096907014365
2023-08-21,ICA,2.174200023539841,1.812412336265242,2.3528258418704966,0.9803441007793738
2023-08-28,ICA,2.1757051705809194,1.9084743070365566,2.3528258418704966,0.9803441007793738
2023-09-04,ICA,2.174864299871726,2.3421957127009154,2.3528258418704966,1.4705161511690603
2023-09-11,ICA,2.176540069895967,2.471239645223954,2.3528258418704966,1.9606882015587477
2023-09-18,ICA,2.175724343903024,2.4710535524540997,2.3528258418704966,1.7646193814028726
2023-09-25,ICA,2.175660207559546,2.175149254989413,2.3528258418704966,1.4705161511690608
2023-10-02,ICA,2.1759411863936915,2.0433597022387815,2.3528258418704966,0.7842752806234992
2023-10-09,ICA,2.175146119986408,1.9901953833000232,2.3528258418704966,0.7842752806234989
2023-10-16,ICA,2.1736333608250202,1.8690859960032138,2.3528258418704966,0.5882064604676245
2023-10-23,ICA,2.174678901532027,1.8426816237453156,2.3528258418704966,0.7842752806234992
2023-10-30,ICA,2.174557481828972,1.6983821269078723,2.3528258418704966,0.9803441007793738
2023-11-06,ICA,2.175155278372168,1.5879782303332077,2.3528258418704966,1.0783785108573114
2023-11-13,ICA,2.1756788486010157,1.5660850029622395,2.3528258418704966,1.1764129209352485
2023-11-20,ICA,2.1752306806534802,1.718202289695148,2.3528258418704966,0.8823096907014365
2023-11-27,ICA,2.17532529782794,1.8643615553207806,2.3528258418704966,0.8823096907014365
2023-12-04,ICA,2.174503865577238,1.7363206133338958,2.3528258418704966,0.4901720503896871
2023-12-11,ICA,2.1737581390517646,1.700583033129325,2.3528258418704966,0.7842752806234992
2023-12-18,ICA,2.174385531284645,2.010191989529053,2.3528258418704966,1.7646193814028726
2023-12-25,ICA,2.1742513546464135,2.0919532666249165,2.3528258418704966,2.3528258418704966
2023-01-02,JUNIN,0.28216936385889896,0.19551881423514345,0.21830549816950842,0.5852093069979478
2023-01-09,JUNIN,0.18798385154939795,0.22744521457826958,0.21830549816950842,0.43844778346657204
2023-01-16,JUNIN,0.23289820132731487,0.23032066242537935,0.21830549816950842,0.5334497460783192
2023-01-23,JUNIN,0.2320930103494827,0.2304240586507941,0.21830549816950842,0.6302884958176216
2023-01-30,JUNIN,0.22377961007761446,0.2638699104642791,0.21830549816950842,0.9454327437264325
2023-02-06,JUNIN,0.23359240300225237,0.29052185653375145,0.21830549816950842,0.9454327437264325
2023-02-13,JUNIN,0.22944021383210106,0.2860105650872088,0.21830549816950842,0.9454327437264325
2023-02-20,JUNIN,0.22919093604853044,0.19078562781578315,0.21830549816950842,0.6302884958176216
2023-02-27,JUNIN,0.2312897260565127,0.10942904101437242,0.21830549816950842,0.31514424790881085
2023-03-06,JUNIN,0.23160096334757718,0.10897666078837027,0.21830549816950842,0.2183054981695084
2023-03-13,JUNIN,0.23070196239031698,0.09387861745926737,0.21830549816950842,0.2183054981695084
2023-03-20,JUNIN,0.23123523345536143,0.2089107819051721,0.21830549816950842,0.5334497460783192
2023-03-27,JUNIN,0.22932341396929312,0.16484975645483316,0.21830549816950842,0.31514424790881085
2023-04-03,JUNIN,0.2305815174825679,0.22277156177096477,0.21830549816950842,0.387912747298647
2023-04-10,JUNIN,0.23027291838645325,0.07538801719151883,0.21830549816950842,0.07276849938983615
2023-04-17,JUNIN,0.2301189105282757,0.07454682415954252,0.21830549816950842,0.07276849938983615
2023-04-24,JUNIN,0.23164373482269077,0.05470595501304344,0.21830549816950842,0.0
2023-05-01,JUNIN,0.23324304050244965,0.08938006118428546,0.21830549816950842,0.07276849938983615
2023-05-08,JUNIN,0.23180159179129065,0.09387763782710681,0.21830549816950842,0.14553699877967227
2023-05-15,JUNIN,0.2322836753403244,0.05419524083676936,0.21830549816950842,0.14553699877967227
2023-05-22,JUNIN,0.2320273933852008,0.07279220444150762,0.21830549816950842,0.14553699877967227
2023-05-29,JUNIN,0.2318558032786495,0.0641839367293282,0.21830549816950842,0.14553699877967227
2023-06-05,JUNIN,0.23203727056445608,0.11507033289780638,0.21830549816950842,0.21830549816950842
2023-06-12,JUNIN,0.23196793781245634,0.11729239885475462,0.21830549816950842,0.29107399755934454
2023-06-19,JUNIN,0.23186280201721177,0.11577837473193374,0.21830549816950842,0.29107399755934454
2023-06-26,JUNIN,0.2318119989119959,0.1764739650660843,0.21830549816950842,0.2183054981695084
2023-07-03,JUNIN,0.23187469716025322,0.1756215490117394,0.21830549816950842,0.21830549816950842
2023-07-10,JUNIN,0.23184816855579335,0.21553125673317364,0.21830549816950842,0.2910739975593446
2023-07-17,JUNIN,0.23114126530773202,0.16751990766414612,0.21830549816950842,0.5093794957288531
2023-07-24,JUNIN,0.23063658660562353,0.22049995972886025,0.21830549816950842,0.6549164945085251
2023-07-31,JUNIN,0.23117966443053248,0.28119427372182093,0.21830549816950842,0.6549164945085251
2023-08-07,JUNIN,0.23095161859852717,0.25364813289685667,0.21830549816950842,0.6549164945085251
2023-08-14,JUNIN,0.23539073932870436,0.23849165880711679,0.21830549816950842,0.582147995118689
2023-08-21,JUNIN,0.2353352183491997,0.3043563224115841,0.21830549816950842,0.7517552442478277
2023-08-28,JUNIN,0.23398405968833508,0.31105763306695117,0.21830549816950842,0.7517552442478277
2023-09-04,JUNIN,0.23494404462794874,0.2566105538556271,0.21830549816950842,0.5334497460783192
2023-09-11,JUNIN,0.23504237687072438,0.14146615708153748,0.21830549816950842,0.36384249694918075
2023-09-18,JUNIN,0.23352956094251726,0.16020440721617277,0.21830549816950842,0.29107399755934454
2023-09-25,JUNIN,0.23452101258614141,0.22990126229975605,0.21830549816950842,0.43661099633901695
2023-10-02,JUNIN,0.23424622807032555,0.2686747111825695,0.21830549816950842,0.5093794957288531
2023-10-09,JUNIN,0.23372683179173534,0.3006030013433394,0.21830549816950842,0.582147995118689
2023-10-16,JUNIN,0.23428564002488647,0.25503794031032934,0.21830549816950842,0.7276849938983614
2023-10-23,JUNIN,0.23404443178653053,0.22490151044662401,0.21830549816950842,0.6549164945085251
2023-10-30,JUNIN,0.2340619095987166,0.16920525990911053,0.21830549816950842,0.6549164945085253
2023-11-06,JUNIN,0.23426105356336552,0.14742431651577545,0.21830549816950842,0.43661099633901695
2023-11-13,JUNIN,0.2345047914310124,0.17023871622474543,0.21830549816950842,0.582147995118689
2023-11-20,JUNIN,0.2342903290542795,0.19766536577201857,0.21830549816950842,0.6549164945085253
2023-11-27,JUNIN,0.23437157741893996,0.2176118012334715,0.21830549816950842,0.8004534932881975
2023-12-04,JUNIN,0.23479934944548753,0.19199953833966937,0.21830549816950842,0.6549164945085251
2023-12-11,JUNIN,0.23477194399487747,0.18977487120195297,0.21830549816950842,0.36384249694918064
2023-12-18,JUNIN,0.234683029354704,0.19794681076835188,0.21830549816950842,0.36384249694918075
2023-12-25,JUNIN,0.23474946692102155,0.19386789142148614,0.21830549816950842,0.21830549816950842
2023-01-02,LA LIBERTAD,0.16384124864116395,0.31549373361953786,0.24069184463822846,0.09805507753705285
2023-01-09,LA LIBERTAD,0.18915136097520377,0.44074820723800245,0.24069184463822846,0.09805507753705285
2023-01-16,LA LIBERTAD,0.18868580683783664,0.46545472609224564,0.24069184463822846,0.0
2023-01-23,LA LIBERTAD,0.18395741531495,0.409232651940775,0.24069184463822846,0.0
2023-01-30,LA LIBERTAD,0.18700381113901723,0.5406084950053549,0.24069184463822846,0.0
2023-02-06,LA LIBERTAD,0.18673656807953837,0.4130774349318279,0.24069184463822846,0.0
2023-02-13,LA LIBERTAD,0.1862651388499617,0.4514967489025247,0.24069184463822846,0.0
2023-02-20,LA LIBERTAD,0.18660783341385528,0.3466842492151521,0.24069184463822846,0.0
2023-02-27,LA LIBERTAD,0.18646752514613837,0.4709916848286952,0.24069184463822846,0.0
2023-03-06,LA LIBERTAD,0.18648956100838984,0.3706336627707993,0.24069184463822846,0.0
2023-03-13,LA LIBERTAD,0.1865054822077963,0.29497143127272435,0.24069184463822846,0.04813836892764592
2023-03-20,LA LIBERTAD,0.18649114695276778,0.21024837450376954,0.24069184463822846,0.04813836892764592
2023-03-27,LA LIBERTAD,0.18650846310734714,0.36133595818048436,0.24069184463822846,0.04813836892764592
2023-04-03,LA LIBERTAD,0.18649462444331938,0.37966412262725563,0.24069184463822846,0.0
2023-04-10,LA LIBERTAD,0.18649946673752987,0.4792676263759378,0.24069184463822846,0.0
2023-04-17,LA LIBERTAD,0.18649939102610347,0.5231238390050561,0.24069184463822846,0.0
2023-04-24,LA LIBERTAD,0.18653653992650118,0.6638290123920485,0.24069184463822846,0.0
2023-05-01,LA LIBERTAD,0.18649375474898439,0.7758482541719891,0.24069184463822846,0.0
2023-05-08,LA LIBERTAD,0.18651219827931348,0.7855757327393755,0.24069184463822846,0.0
2023-05-15,LA LIBERTAD,0.18650971403460467,0.9566347919418166,0.24069184463822846,0.0
2023-05-22,LA LIBERTAD,0.18497233731808757,1.0082914154417577,0.24069184463822846,0.0
2023-05-29,LA LIBERTAD,0.18700246594996045,1.121287656868569,0.24069184463822846,0.0
2023-06-05,LA LIBERTAD,0.18597830777413688,1.0639621663115304,0.24069184463822846,0.0
2023-06-12,LA LIBERTAD,0.18649464490792172,0.978030355622894,0.24069184463822846,0.04813836892764592
2023-06-19,LA LIBERTAD,0.18446254639834983,0.9111455638157009,0.24069184463822846,0.04813836892764592
2023-06-26,LA LIBERTAD,0.1849238261222778,0.7987034200008616,0.24069184463822846,0.04813836892764592
2023-07-03,LA LIBERTAD,0.1850627818103015,0.675606756455728,0.24069184463822846,0.0
2023-07-10,LA LIBERTAD,0.18488318964737419,0.4985592808721918,0.24069184463822846,0.0
2023-07-17,LA LIBERTAD,0.18496956099083775,0.450622590982899,0.24069184463822846,0.0
2023-07-24,LA LIBERTAD,0.18497899572274615,0.4717876115145776,0.24069184463822846,0.0
2023-07-31,LA LIBERTAD,0.18495521554728012,0.46308669114382434,0.24069184463822846,0.0
2023-08-07,LA LIBERTAD,0.1849676961103864,0.4007292562377736,0.24069184463822846,0.0
2023-08-14,LA LIBERTAD,0.18498916634651388,0.2963580162983467,0.24069184463822846,0.0
2023-08-21,LA LIBERTAD,0.18501314567331148,0.2668704607019868,0.24069184463822846,0.0
2023-08-28,LA LIBERTAD,0.18499421805645463,0.29647187310569617,0.24069184463822846,0.0
2023-09-04,LA LIBERTAD,0.185000547046787,0.2647049195724405,0.24069184463822846,0.0
2023-09-11,LA LIBERTAD,0.18501551942988947,0.26900195307024394,0.24069184463822846,0.0
2023-09-18,LA LIBERTAD,0.18503050117737588,0.19626879807603773,0.24069184463822846,0.0
2023-09-25,LA LIBERTAD,0.18501827994791323,0.16121920738601372,0.24069184463822846,0.0
2023-10-02,LA LIBERTAD,0.1850224975767539,0.08521971379486921,0.24069184463822846,0.0
2023-10-09,LA LIBERTAD,0.18500458541727266,0.04724699642322502,0.24069184463822846,0.04813836892764592
2023-10-16,LA LIBERTAD,0.1850106809852557,0.04593734378504153,0.24069184463822846,0.04813836892764592
2023-10-23,LA LIBERTAD,0.18501080363955044,0.08650147468537557,0.24069184463822846,0.04813836892764592
2023-10-30,LA LIBERTAD,0.18500942971674086,0.09036274818293936,0.24069184463822846,0.0
2023-11-06,LA LIBERTAD,0.18502091120993255,0.129353308357891,0.24069184463822846,0.0
2023-11-13,LA LIBERTAD,0.1850616952471347,0.05985159800904065,0.24069184463822846,0.0
2023-11-20,LA LIBERTAD,0.1850344149189636,0.14562067222056094,0.24069184463822846,0.14441510678293717
2023-11-27,LA LIBERTAD,0.18504208536057984,0.10930216724987009,0.24069184463822846,0.4332453203488109
2023-12-04,LA LIBERTAD,0.18507987555356253,0.17061042037953766,0.24069184463822846,0.48138368927645653
2023-12-11,LA LIBERTAD,0.18506436687732775,0.1228974470235258,0.24069184463822846,0.48138368927645653
2023-12-18,LA LIBERTAD,0.1850657406313677,0.0914531472300326,0.24069184463822846,0.24069184463822846
2023-12-25,LA LIBERTAD,0.1850681552524465,0.1507937764088508,0.24069184463822846,0.24069184463822846
2023-01-02,LAMBAYEQUE,0.0022859226185577325,0.01747135882269536,0.0,0.07574845151227996
2023-01-09,LAMBAYEQUE,0.002916234806344851,0.0,0.0,0.0
2023-01-16,LAMBAYEQUE,0.0016324884209575274,0.0,0.0,0.0
2023-01-23,LAMBAYEQUE,0.0023599374616812417,0.0,0.0,0.0
2023-01-30,LAMBAYEQUE,0.002524794537050464,0.016720484127470306,0.0,0.0
2023-02-06,LAMBAYEQUE,0.003064203645626902,0.019324662017946633,0.0,0.0
2023-02-13,LAMBAYEQUE,0.002510336856587443,0.006116240566402791,0.0,0.0
2023-02-20,LAMBAYEQUE,0.0025905025877858245,0.0095505244056136,0.0,0.0
2023-02-27,LAMBAYEQUE,0.0023378507161654545,0.026621727891983245,0.0,0.0
2023-03-06,LAMBAYEQUE,0.0026789362427510036,0.03263883765628549,0.0,0.0
2023-03-13,LAMBAYEQUE,0.0025412757320829606,0.05161287150807523,0.0,0.0
2023-03-20,LAMBAYEQUE,0.0026910178066535412,0.05692166336854644,0.0,0.0
2023-03-27,LAMBAYEQUE,0.002486433591761421,0.07685023120445572,0.0,0.0
2023-04-03,LAMBAYEQUE,0.0026115611865133006,0.04223118736128124,0.0,0.0
2023-04-10,LAMBAYEQUE,0.0025087298228545106,0.03970978179132021,0.0,0.0
2023-04-17,LAMBAYEQUE,0.002633780159624294,0.022230839916636512,0.0,0.0
2023-04-24,LAMBAYEQUE,0.0025383403842374965,0.02215551117865595,0.0,0.0
2023-05-01,LAMBAYEQUE,0.0026126794051282453,0.02206191899487503,0.0,0.0
2023-05-08,LAMBAYEQUE,0.0025333504250498887,0.037345663041865436,0.0,0.0
2023-05-15,LAMBAYEQUE,0.0026011360653524214,0.05037126227927643,0.0,0.0
2023-05-22,LAMBAYEQUE,0.003097012583394738,0.03221048366977614,0.0,0.0
2023-05-29,LAMBAYEQUE,0.0042736806339421785,0.03179074283480558,0.0,0.0
2023-06-05,LAMBAYEQUE,0.003333065152337133,0.03139825977044734,0.0,0.0
2023-06-12,LAMBAYEQUE,0.0034963084596309063,0.06072644336516001,0.0,0.07468293360537838
2023-06-19,LAMBAYEQUE,0.0030939106930441902,0.04255315504134205,0.0,0.07468293360537838
2023-06-26,LAMBAYEQUE,0.0036634614194451104,0.02601327338602435,0.0,0.07468293360537838
2023-07-03,LAMBAYEQUE,0.0034190635218309755,0.0,0.0,0.0
2023-07-10,LAMBAYEQUE,0.0036647796495049944,0.0,0.0,0.0
2023-07-17,LAMBAYEQUE,0.003325262933279388,0.03802436120858626,0.0,0.0
2023-07-24,LAMBAYEQUE,0.0035406023954582294,0.036760224225543855,0.0,0.0
2023-07-31,LAMBAYEQUE,0.0033688073702059294,0.035674181283479246,0.0,0.0
2023-08-07,LAMBAYEQUE,0.0035763601122008183,0.0189151724698849,0.0,0.07468293360537838
2023-08-14,LAMBAYEQUE,0.0034149898102068584,0.018822552687622663,0.0,0.07468293360537838
2023-08-21,LAMBAYEQUE,0.003539546554739598,0.01871969780376947,0.0,0.07468293360537838
2023-08-28,LAMBAYEQUE,0.003407927310721103,0.004051465488754036,0.0,0.0
2023-09-04,LAMBAYEQUE,0.003521515671628338,0.00395502869988661,0.0,0.0
2023-09-11,LAMBAYEQUE,0.003431031308615783,0.0038989063674338127,0.0,0.0
2023-09-18,LAMBAYEQUE,0.0035179652511860954,0.003944620499482185,0.0,0.0
2023-09-25,LAMBAYEQUE,0.00343975284268319,0.003986404607959197,0.0,0.0
2023-10-02,LAMBAYEQUE,0.0035043223476844826,0.0040234741607685,0.0,0.0
2023-10-09,LAMBAYEQUE,0.003443274034810479,0.022711294109449075,0.0,0.0
2023-10-16,LAMBAYEQUE,0.003498606383872505,0.02258901961284323,0.0,0.0
2023-10-23,LAMBAYEQUE,0.0034516602181915413,0.03816014848470809,0.0,0.0
2023-10-30,LAMBAYEQUE,0.003494407094070287,0.022784615806802463,0.0,0.0
2023-11-06,LAMBAYEQUE,0.0032808275110564624,0.022447384326706347,0.0,0.0
2023-11-13,LAMBAYEQUE,0.0032648574684663438,0.012682128953250148,0.0,0.0
2023-11-20,LAMBAYEQUE,0.003353064365804825,0.017180855708700853,0.0,0.0
2023-11-27,LAMBAYEQUE,0.003299412038464692,0.020721238113761593,0.0,0.0
2023-12-04,LAMBAYEQUE,0.003257525900516789,0.039597123262909276,0.0,0.0
2023-12-11,LAMBAYEQUE,0.0032324933577190297,0.03949497829617338,0.0,0.0
2023-12-18,LAMBAYEQUE,0.0032684854556145914,0.05468299167353781,0.0,0.0
2023-12-25,LAMBAYEQUE,0.0032772181273207908,0.03908055039427296,0.0,0.0
2023-01-02,LIMA,0.2558992054458272,0.2942506971026566,0.24576720602555652,0.2853284172421501
2023-01-09,LIMA,0.227807799031602,0.33331921916835205,0.24576720602555652,0.3749209198316526
2023-01-16,LIMA,0.23725415791530655,0.4322479740140103,0.24576720602555652,0.5279443684993437
2023-01-23,LIMA,0.23768138929163135,0.5560245398269528,0.24576720602555652,0.7464041071887273
2023-01-30,LIMA,0.23638803726706467,0.6491058600203654,0.2457672060255565,0.755506596300785
2023-02-06,LIMA,0.2370461019859689,0.6530292451286894,0.2457672060255565,0.6917891725163814
2023-02-13,LIMA,0.23697677521557037,0.6128995230556948,0.2457672060255565,0.4824319229390554
2023-02-20,LIMA,0.23690855682178563,0.5909391149227154,0.2457672060255565,0.4278169882667096
2023-02-27,LIMA,0.2370219427302751,0.5887678119392401,0.24576720602555646,0.3549970753702484
2023-03-06,LIMA,0.23699845801597336,0.559588183821123,0.24576720602555646,0.3549970753702484
2023-03-13,LIMA,0.23699094683634953,0.5474970298527522,0.24576720602555646,0.24576720602555652
2023-03-20,LIMA,0.23699730131520588,0.5330776764443548,0.24576720602555646,0.16384480401703772
2023-03-27,LIMA,0.2370330278046326,0.5129338743332039,0.24576720602555643,0.2275622278014413
2023-04-03,LIMA,0.23709149755886885,0.4914578316376672,0.24576720602555643,0.24576720602555652
2023-04-10,LIMA,0.2370636015314389,0.4804520162339801,0.24576720602555643,0.22756222780144125
2023-04-17,LIMA,0.2370661291922869,0.4825674372119909,0.24576720602555643,0.11833235845674948
2023-04-24,LIMA,0.2370391648976134,0.4999718211872697,0.2457672060255564,0.1365373366808648
2023-05-01,LIMA,0.23694950059840744,0.5359671828616308,0.2457672060255564,0.209357249577326
2023-05-08,LIMA,0.23698778215810742,0.5427720010625203,0.2457672060255564,0.26397218424967184
2023-05-15,LIMA,0.23698576794857307,0.539166107702564,0.2457672060255564,0.3003821406979024
2023-05-22,LIMA,0.23695819989907313,0.5221575378011147,0.24576720602555638,0.29127965158584485
2023-05-29,LIMA,0.23692893419116975,0.5029963059796658,0.24576720602555638,0.29127965158584485
2023-06-05,LIMA,0.2369440581955704,0.5189728342557685,0.24576720602555638,0.3003821406979025
2023-06-12,LIMA,0.2369423610629296,0.5238085790667593,0.24576720602555638,0.37320205359436365
2023-06-19,LIMA,0.236954388491188,0.5150688879866201,0.24576720602555638,0.41871449915465186
2023-06-26,LIMA,0.2369803601500035,0.5111792237957924,0.24576720602555638,0.5097393902752285
2023-07-03,LIMA,0.23696885140924623,0.44894007824709026,0.24576720602555638,0.5006369011631708
2023-07-10,LIMA,0.23696971459334884,0.4679489246642435,0.24576720602555638,0.5552518358355165
2023-07-17,LIMA,0.23697957098410063,0.43981006707307313,0.24576720602555638,0.46422694471494
2023-07-24,LIMA,0.23698208344221142,0.4271084760155122,0.24576720602555638,0.46422694471494
2023-07-31,LIMA,0.23697977776318802,0.39305536864331236,0.24576720602555638,0.40961201004259434
2023-08-07,LIMA,0.23698030252431926,0.3877956447336847,0.24576720602555638,0.5188418793872862
2023-08-14,LIMA,0.23696888827262055,0.3801373256275148,0.24576720602555638,0.46422694471494
2023-08-21,LIMA,0.23698053256930893,0.3721020103551295,0.24576720602555638,0.4824319229390554
2023-08-28,LIMA,0.23697771313580962,0.3395455852656049,0.24576720602555638,0.31858711892201774
2023-09-04,LIMA,0.23697717623051037,0.3324878375798922,0.24576720602555638,0.3276896080340754
2023-09-11,LIMA,0.23694646435295635,0.3562797196292682,0.24576720602555638,0.22756222780144125
2023-09-18,LIMA,0.2369928422311739,0.3886764751606248,0.24576720602555638,0.35499707537024844
2023-09-25,LIMA,0.236979240849325,0.38956304544785886,0.24576720602555638,0.33679209714613306
2023-10-02,LIMA,0.23697852717041498,0.367760520316957,0.24576720602555638,0.38230454270642134
2023-10-09,LIMA,0.23701367987588964,0.33584676857098306,0.24576720602555638,0.36409956448230607
2023-10-16,LIMA,0.23698079113934195,0.3240015522507668,0.24576720602555638,0.36409956448230607
2023-10-23,LIMA,0.23698855106339498,0.34165262563492477,0.24576720602555638,0.35499707537024844
2023-10-30,LIMA,0.23698979685331184,0.36319660664868214,0.24576720602555638,0.3276896080340753
2023-11-06,LIMA,0.23700573557282711,0.3669464979938616,0.24576720602555638,0.3549970753702484
2023-11-13,LIMA,0.2370329370531641,0.35283843566446543,0.24576720602555638,0.4278169882667096
2023-11-20,LIMA,0.23702101937482425,0.32404802039990643,0.24576720602555638,0.41871449915465186
2023-11-27,LIMA,0.23702180954611243,0.31583921080778576,0.24576720602555638,0.3549970753702484
2023-12-04,LIMA,0.2370658674646113,0.27234329021762566,0.24576720602555638,0.22756222780144125
2023-12-11,LIMA,0.23704989372488722,0.24450358136943692,0.24576720602555638,0.18204978224115304
2023-12-18,LIMA,0.23704923445930937,0.2497686946915784,0.24576720602555638,0.21845973868938362
2023-12-25,LIMA,0.23705166715972747,0.26617306008782177,0.24576720602555638,0.24576720602555652
2023-01-02,LORETO,0.015368830619423438,0.05141930118405567,0.0,0.4796899925953245
2023-01-09,LORETO,0.0025686976005304053,0.0891913046432563,0.0,0.671098799697357
2023-01-16,LORETO,0.006745442161956034,0.10314479690260163,0.0,0.8613396319591458
2023-01-23,LORETO,0.007558656836628878,0.08683028864163093,0.0,0.6699308248571134
2023-01-30,LORETO,0.005158796258365579,0.1424646642453838,0.0,0.8613396319591458
2023-02-06,LORETO,0.005494545158575486,0.17992579282841586,0.0,0.9570440355101619
2023-02-13,LORETO,0.00593302017629137,0.1838278786485568,0.0,1.148452842612194
2023-02-20,LORETO,0.005547170032036536,0.18868931754797746,0.0,1.148452842612194
2023-02-27,LORETO,0.004634754915101973,0.16100217781624138,0.0,0.9570440355101619
2023-03-06,LORETO,0.004554906030803462,0.14524318717339887,0.0,0.574226421306097
2023-03-13,LORETO,0.004856312553885183,0.13956269835187887,0.0,0.574226421306097
2023-03-20,LORETO,0.004677083575828106,0.10256724601257493,0.0,0.3828176142040646
2023-03-27,LORETO,0.005215012172817151,0.12095383623281157,0.0,0.4785220177550809
2023-04-03,LORETO,0.005785491903944123,0.1203930893500814,0.0,0.47852201775508096
2023-04-10,LORETO,0.0052620150510927595,0.142335223329595,0.0,0.7656352284081296
2023-04-17,LORETO,0.005455531149551718,0.15621770900798224,0.0,0.8613396319591458
2023-04-24,LORETO,0.005770727766928177,0.15610784679556095,0.0,0.8613396319591458
2023-05-01,LORETO,0.005739301556045934,0.14819384656195325,0.0,0.6699308248571134
2023-05-08,LORETO,0.00567555283867239,0.17383061830822563,0.0,0.574226421306097
2023-05-15,LORETO,0.005726245421825965,0.12257820810571261,0.0,0.3828176142040648
2023-05-22,LORETO,0.00549098133083107,0.14148429855889444,0.0,0.4785220177550811
2023-05-29,LORETO,0.0052767580478952055,0.14020457255625485,0.0,0.6699308248571134
2023-06-05,LORETO,0.0054817706444547625,0.12580902952714765,0.0,0.4785220177550811
2023-06-12,LORETO,0.005403142119741686,0.15570669535029263,0.0,0.2871132106530486
2023-06-19,LORETO,0.005344528802137377,0.08534138689389517,0.0,0.0
2023-06-26,LORETO,0.00555449592709769,0.07937933980506448,0.0,0.0
2023-07-03,LORETO,0.005430281965689235,0.039786669300826985,0.0,0.0
2023-07-10,LORETO,0.005456499698997629,0.0030501549571630075,0.0,0.0
2023-07-17,LORETO,0.005739002594458411,0.11408883713729764,0.0,0.19140880710203242
2023-07-24,LORETO,0.005735596734666917,0.1190058885916686,0.0,0.2871132106530486
2023-07-31,LORETO,0.005662213894859346,0.20571980502133186,0.0,0.6699308248571134
2023-08-07,LORETO,0.005711831174425384,0.10017428291861412,0.0,0.4785220177550811
2023-08-14,LORETO,0.005969805762794492,0.09130442151687633,0.0,0.574226421306097
2023-08-21,LORETO,0.006111604718968086,0.04872120061153514,0.0,0.3828176142040648
2023-08-28,LORETO,0.005948965266037956,0.08071485137740356,0.0,0.574226421306097
2023-09-04,LORETO,0.006018489552192784,0.09063513800317709,0.0,0.4785220177550811
2023-09-11,LORETO,0.00640866750529019,0.1431803994008784,0.0,0.47852201775508096
2023-09-18,LORETO,0.006816758083081368,0.17773282894176012,0.0,0.574226421306097
2023-09-25,LORETO,0.00644126985008147,0.19490913266182114,0.0,0.574226421306097
2023-10-02,LORETO,0.006581019721874746,0.20178216468283944,0.0,0.47852201775508096
2023-10-09,LORETO,0.006600792619986892,0.16147442774490606,0.0,0.1914088071020324
2023-10-16,LORETO,0.005614374984148876,0.14049711340560755,0.0,0.09570440355101616
2023-10-23,LORETO,0.006258929203778953,0.0852089725273791,0.0,0.09570440355101616
2023-10-30,LORETO,0.006084434861655254,0.11723991092362054,0.0,0.3828176142040648
2023-11-06,LORETO,0.00489769601155353,0.06826254960069658,0.0,0.3828176142040648
2023-11-13,LORETO,0.005062829559916213,0.05144467802658711,0.0,0.2871132106530486
2023-11-20,LORETO,0.005249681765469763,0.0,0.0,0.0
2023-11-27,LORETO,0.00508660459250281,0.0,0.0,0.0
2023-12-04,LORETO,0.005254081890499856,0.0,0.0,0.0
2023-12-11,LORETO,0.005432011526656054,0.002392517817262647,0.0,0.0
2023-12-18,LORETO,0.005274048628836366,0.003187149657215104,0.0,0.0
2023-12-25,LORETO,0.00533305224290304,0.00345797891381298,0.0,0.0
2023-01-02,MADRE DE DIOS,0.0,0.0,0.0,1.0927868482288021
2023-01-09,MADRE DE DIOS,0.0,0.05678110549118793,0.0,1.8361417820083181
2023-01-16,MADRE DE DIOS,0.0,0.0,0.0,1.2825024337525592
2023-01-23,MADRE DE DIOS,0.0,0.02126303062785012,0.0,1.4867098675590333
2023-01-30,MADRE DE DIOS,0.08566606192169803,0.0,0.0,0.7433549337795167
2023-02-06,MADRE DE DIOS,0.09169969155446601,0.0,0.0,1.2825024337525592
2023-02-13,MADRE DE DIOS,0.05059846559591946,0.0,0.0,1.0782949999460851
2023-02-20,MADRE DE DIOS,0.07911344816868252,0.0959732492582177,0.0,1.6174424999191275
2023-02-27,MADRE DE DIOS,0.07491898633999572,0.09743765267213683,0.0,1.6174424999191275
2023-03-06,MADRE DE DIOS,0.06575092710047616,0.0337460388186233,0.0,1.0782949999460851
2023-03-13,MADRE DE DIOS,0.07441652170227549,0.0,0.0,0.5391474999730426
2023-03-20,MADRE DE DIOS,0.07166083953899055,0.0,0.0,0.0
2023-03-27,MADRE DE DIOS,0.0684929011995491,0.0,0.0,0.0
2023-04-03,MADRE DE DIOS,0.07144331490354026,0.0,0.0,0.0
2023-04-10,MADRE DE DIOS,0.07053262786853999,0.0,0.0,0.0
2023-04-17,MADRE DE DIOS,0.06999381166590095,0.0,0.0,0.0
2023-04-24,MADRE DE DIOS,0.07092178876198846,0.04060196553495167,0.0,0.5391474999730426
2023-05-01,MADRE DE DIOS,0.07186041330389661,0.07556786160619838,0.0,1.0782949999460851
2023-05-08,MADRE DE DIOS,0.07077317701269445,0.07179064747705037,0.0,1.0782949999460851
2023-05-15,MADRE DE DIOS,0.07120168932475263,0.006183781706236261,0.0,0.5391474999730426
2023-05-22,MADRE DE DIOS,0.07245910012357192,0.13110932931171887,0.0,0.5391474999730426
2023-05-29,MADRE DE DIOS,0.07155975998644748,0.17974227089815256,0.0,0.5391474999730426
2023-06-05,MADRE DE DIOS,0.07171652665346018,0.3383348888676218,0.0,0.5391474999730426
2023-06-12,MADRE DE DIOS,0.07196762466656961,0.15153822453515925,0.0,0.5391474999730426
2023-06-19,MADRE DE DIOS,0.06887471550837082,0.1515923888746473,0.0,0.5391474999730426
2023-06-26,MADRE DE DIOS,0.07069822866070757,0.0,0.0,0.5391474999730426
2023-07-03,MADRE DE DIOS,0.07063111894427541,0.0,0.0,0.0
2023-07-10,MADRE DE DIOS,0.06991209443057056,0.0,0.0,0.0
2023-07-17,MADRE DE DIOS,0.07584886036027871,0.0,0.0,0.0
2023-07-24,MADRE DE DIOS,0.07234285835237703,0.017627546883733893,0.0,0.0
2023-07-31,MADRE DE DIOS,0.07233549726693955,0.0,0.0,0.0
2023-08-07,MADRE DE DIOS,0.07393363310800152,0.0,0.0,0.0
2023-08-14,MADRE DE DIOS,0.07389116186371052,0.0,0.0,0.0
2023-08-21,MADRE DE DIOS,0.07972530284170032,0.10060027084834634,0.0,0.0
2023-08-28,MADRE DE DIOS,0.07523781278156419,0.20810937650605008,0.0,0.5391474999730426
2023-09-04,MADRE DE DIOS,0.07610496643697237,0.21462328447990575,0.0,0.5391474999730426
2023-09-11,MADRE DE DIOS,0.0770350369295333,0.17284629354245054,0.0,1.0782949999460851
2023-09-18,MADRE DE DIOS,0.07939527503290157,0.09824346993871216,0.0,0.5391474999730426
2023-09-25,MADRE DE DIOS,0.07715981792081565,0.09307100092318983,0.0,0.5391474999730426
2023-10-02,MADRE DE DIOS,0.07782206749078714,0.0,0.0,0.0
2023-10-09,MADRE DE DIOS,0.08381008720350736,0.12189124577261733,0.0,0.0
2023-10-16,MADRE DE DIOS,0.07970676913312984,0.3328181783616865,0.0,0.5391474999730426
2023-10-23,MADRE DE DIOS,0.08015283109490218,0.33033969676733377,0.0,0.5391474999730426
2023-10-30,MADRE DE DIOS,0.08166188577704177,0.21123537198614117,0.0,0.5391474999730426
2023-11-06,MADRE DE DIOS,0.07595343445500978,0.0,0.0,0.0
2023-11-13,MADRE DE DIOS,0.07584311560784229,0.0,0.0,0.0
2023-11-20,MADRE DE DIOS,0.0785064533903348,0.0,0.0,0.0
2023-11-27,MADRE DE DIOS,0.07651188465572828,0.0,0.0,0.0
2023-12-04,MADRE DE DIOS,0.07849774186236183,0.0,0.0,0.0
2023-12-11,MADRE DE DIOS,0.08113496256943686,0.09911690812813326,0.0,0.0
2023-12-18,MADRE DE DIOS,0.07823428222079751,0.0998130532809859,0.0,0.0
2023-12-25,MADRE DE DIOS,0.0792689693864065,0.28103011254559207,0.0,0.0
2023-01-02,MOQUEGUA,0.0,0.15076773710488356,0.0,0.0
2023-01-09,MOQUEGUA,0.0,0.42724391405247547,0.0,0.506747340843329
2023-01-16,MOQUEGUA,0.0,0.5751370303709544,0.0,1.013494681686658
2023-01-23,MOQUEGUA,0.0,0.4724442525077052,0.0,1.013494681686658
2023-01-30,MOQUEGUA,0.0,0.6269176426990366,0.0,1.5202420225299873
2023-02-06,MOQUEGUA,0.012976746191552918,0.5574307513875201,0.0,1.5202420225299873
2023-02-13,MOQUEGUA,0.0,0.7971560105053972,0.0,3.5472313859033013
2023-02-20,MOQUEGUA,0.0,0.5182822631589119,0.0,2.533736704216645
2023-02-27,MOQUEGUA,0.03459072159412987,0.6270480408268426,0.0,2.0269893633733163
2023-03-06,MOQUEGUA,0.025069792190165575,0.28891396991535545,0.0,0.0
2023-03-13,MOQUEGUA,0.01754807870203064,0.4697337057477356,0.0,0.0
2023-03-20,MOQUEGUA,0.027154417711659645,0.2676503535294904,0.0,0.506747340843329
2023-03-27,MOQUEGUA,0.022343868513669485,0.26788390527149786,0.0,0.506747340843329
2023-04-03,MOQUEGUA,0.02151108331531553,0.10128679345541235,0.0,2.0269893633733163
2023-04-10,MOQUEGUA,0.02418959543442653,0.26745741279559687,0.0,1.5202420225299869
2023-04-17,MOQUEGUA,0.022509566911255153,0.36901976014719196,0.0,1.5202420225299864
2023-04-24,MOQUEGUA,0.023223235586562554,0.40256937660892,0.0,1.5202420225299869
2023-05-01,MOQUEGUA,0.02365244629626394,0.41075633456534616,0.0,1.5202420225299869
2023-05-08,MOQUEGUA,0.023019994217336213,0.3304191714496793,0.0,1.5202420225299869
2023-05-15,MOQUEGUA,0.02332278352625179,0.25898257054916696,0.0,1.013494681686658
2023-05-22,MOQUEGUA,0.022299315594677474,0.4002754239026258,0.0,1.013494681686658
2023-05-29,MOQUEGUA,0.022171841914285093,0.8593356734578563,0.0,1.013494681686658
2023-06-05,MOQUEGUA,0.022694249885236526,0.7719940118145439,0.0,0.506747340843329
2023-06-12,MOQUEGUA,0.02234687381824375,0.9066861953261498,0.0,1.5202420225299873
2023-06-19,MOQUEGUA,0.02235342701289974,0.4949378925552994,0.0,2.0269893633733163
2023-06-26,MOQUEGUA,0.022573157722680516,0.7702421244104602,0.0,1.5202420225299873
2023-07-03,MOQUEGUA,0.02240194813237328,0.415313986539153,0.0,0.506747340843329
2023-07-10,MOQUEGUA,0.0224434854188198,0.4218721542871283,0.0,0.506747340843329
2023-07-17,MOQUEGUA,0.02241513775230009,1.0369278213743716,0.0,1.5202420225299873
2023-07-24,MOQUEGUA,0.0225149315573266,1.1393738482598796,0.0,2.0269893633733163
2023-07-31,MOQUEGUA,0.022450553593735253,0.957748250718824,0.0,1.5202420225299873
2023-08-07,MOQUEGUA,0.02245817840399568,0.8338848423718754,0.0,0.506747340843329
2023-08-14,MOQUEGUA,0.022312859000574295,1.0567335529288675,0.0,0.506747340843329
2023-08-21,MOQUEGUA,0.02243064713277547,1.3505349406149598,0.0,0.506747340843329
2023-08-28,MOQUEGUA,0.02239960388086204,0.9761309467757868,0.0,1.013494681686658
2023-09-04,MOQUEGUA,0.022375234826952518,0.5705045599875997,0.0,0.506747340843329
2023-09-11,MOQUEGUA,0.022272424177297395,0.24841141180942453,0.0,0.506747340843329
2023-09-18,MOQUEGUA,0.02227505741183328,0.4538682951639399,0.0,0.0
2023-09-25,MOQUEGUA,0.022315434517210898,0.2873343570329409,0.0,0.0
2023-10-02,MOQUEGUA,0.02228338775152473,0.22617169532582,0.0,0.0
2023-10-09,MOQUEGUA,0.022297964056725936,0.0,0.0,0.0
2023-10-16,MOQUEGUA,0.022308240582229355,0.0,0.0,0.0
2023-10-23,MOQUEGUA,0.022294388105778724,0.021715337051743652,0.0,0.0
2023-10-30,MOQUEGUA,0.022300780848130457,0.0,0.0,0.0
2023-11-06,MOQUEGUA,0.02229968471927613,0.046846582292307364,0.0,0.0
2023-11-13,MOQUEGUA,0.022304564777463235,0.0,0.0,0.0
2023-11-20,MOQUEGUA,0.022301683251951337,0.01439401431939618,0.0,0.0
2023-11-27,MOQUEGUA,0.022302647204432178,0.0,0.0,0.506747340843329
2023-12-04,MOQUEGUA,0.022300902293697772,0.19188848731301686,0.0,1.013494681686658
2023-12-11,MOQUEGUA,0.022302078236812264,0.15473597719490023,0.0,1.013494681686658
2023-12-18,MOQUEGUA,0.02230153857268238,0.21196235948641143,0.0,0.506747340843329
2023-12-25,MOQUEGUA,0.022302201369298398,0.017109256835218203,0.0,0.0
2023-01-02,PASCO,0.012187567520525914,0.060598552635233977,0.0,0.0
2023-01-09,PASCO,0.0,0.13801117439576907,0.0,0.0
2023-01-16,PASCO,0.0,0.19865526654146629,0.0,0.0
2023-01-23,PASCO,0.0,0.19846701883708223,0.0,0.0
2023-01-30,PASCO,0.0,0.40317194802223133,0.0,0.3713386013902917
2023-02-06,PASCO,0.0,0.4550169193507233,0.0,0.7426772027805835
2023-02-13,PASCO,0.0,0.40646938639302355,0.0,0.7426772027805835
2023-02-20,PASCO,0.0,0.21486398345307267,0.0,0.3713386013902917
2023-02-27,PASCO,0.02191254065793765,0.028443095173501028,0.0,0.0
2023-03-06,PASCO,0.03870713588416351,0.0,0.0,0.0
2023-03-13,PASCO,0.02020870283555493,0.0,0.0,0.0
2023-03-20,PASCO,0.024620699941837652,0.0,0.0,0.0
2023-03-27,PASCO,0.029150416068152905,0.0,0.0,0.0
2023-04-03,PASCO,0.024754645301969556,0.07536950524071048,0.0,0.3713386013902917
2023-04-10,PASCO,0.025598944230531544,0.21079462754704964,0.0,0.3713386013902917
2023-04-17,PASCO,0.026794366183689883,0.21880090597874602,0.0,0.3713386013902917
2023-04-24,PASCO,0.025729853349163424,0.18177934073872196,0.0,0.0
2023-05-01,PASCO,0.02587584559930173,0.17982211045680532,0.0,0.0
2023-05-08,PASCO,0.02620029418393122,0.21680505767491867,0.0,0.0
2023-05-15,PASCO,0.025952580010814734,0.21499945970118944,0.0,0.0
2023-05-22,PASCO,0.02599139512941551,0.16759659709875743,0.0,0.0
2023-05-29,PASCO,0.02611682830554401,0.19374240547182403,0.0,0.3713386013902917
2023-06-05,PASCO,0.02602784538498845,0.23713059296803424,0.0,0.3713386013902917
2023-06-12,PASCO,0.026031906775920315,0.1877040303032962,0.0,0.3713386013902917
2023-06-19,PASCO,0.026109286575065796,0.1880977054415146,0.0,0.3713386013902917
2023-06-26,PASCO,0.02606874963287294,0.1226259046320569,0.0,0.3713386013902917
2023-07-03,PASCO,0.026062765734860407,0.11416008902406773,0.0,0.3713386013902917
2023-07-10,PASCO,0.026081955582860753,0.039707622273259156,0.0,0.0
2023-07-17,PASCO,0.02604130662569994,0.0,0.0,0.0
2023-07-24,PASCO,0.026025757253089896,0.0,0.0,0.0
2023-07-31,PASCO,0.026050642593197743,0.0,0.0,0.0
2023-08-07,PASCO,0.026041975924594462,0.0,0.0,0.0
2023-08-14,PASCO,0.026013507343236316,0.08189406189177006,0.0,0.0
2023-08-21,PASCO,0.026063308374940797,0.08171639267363087,0.0,0.0
2023-08-28,PASCO,0.026044962866702978,0.08152851781836248,0.0,0.0
2023-09-04,PASCO,0.026036513577673597,0.015269140669445931,0.0,0.0
2023-09-11,PASCO,0.02606531655738479,0.01464062450586962,0.0,0.0
2023-09-18,PASCO,0.026074035805714015,0.016670261662574952,0.0,0.0
2023-09-25,PASCO,0.026057771172136056,0.08465904636309841,0.0,0.0
2023-10-02,PASCO,0.026063981428897952,0.08624113074762058,0.0,0.0
2023-10-09,PASCO,0.02608436238536033,0.085679534534127,0.0,0.0
2023-10-16,PASCO,0.026054725054684643,0.0856701134901507,0.0,0.3713386013902917
2023-10-23,PASCO,0.026064278400050555,0.13881707548053848,0.0,0.7426772027805835
2023-10-30,PASCO,0.026070094930081465,0.13865496534414923,0.0,0.7426772027805835
2023-11-06,PASCO,0.02606027766206732,0.07193939849841015,0.0,0.3713386013902917
2023-11-13,PASCO,0.02599016038086227,0.006261899163705154,0.0,0.0
2023-11-20,PASCO,0.026034863733195822,0.07178024731501091,0.0,0.3713386013902917
2023-11-27,PASCO,0.02603546085321795,0.1410329657957773,0.0,0.3713386013902917
2023-12-04,PASCO,0.025950595372456982,0.13894220112103553,0.0,0.3713386013902917
2023-12-11,PASCO,0.026025207220407364,0.16298194765642873,0.0,0.0
2023-12-18,PASCO,0.02601421254589701,0.11047862764738804,0.0,0.0
2023-12-25,PASCO,0.025991770351007828,0.12492207319450509,0.0,0.0
2023-01-02,PIURA,0.16803182521495905,0.4873012095924036,0.14264663717685158,1.0104659016976427
2023-01-09,PIURA,0.21597881962863238,0.6707381044529475,0.14264663717685158,0.9105923669958695
2023-01-16,PIURA,0.20518976015932383,0.844284155464363,0.14264663717685158,0.9509775811790122
2023-01-23,PIURA,0.2075716701228542,0.9358823236647047,0.14264663717685158,0.6656843068253084
2023-01-30,PIURA,0.20688342150644454,1.3382049575786819,0.14264663717685158,2.377443952947531
2023-02-06,PIURA,0.20695559406921862,1.3822322349766543,0.14264663717685158,3.09067713883179
2023-02-13,PIURA,0.20693943424577052,1.37382040296227,0.14264663717685158,3.756361445657099
2023-02-20,PIURA,0.2069430524140529,1.280147036872198,0.14264663717685158,2.520090590124383
2023-02-27,PIURA,0.20691711695659337,1.1700405008766102,0.14264663717685158,1.8544062832990735
2023-03-06,PIURA,0.20694132500517723,1.1502473575261476,0.14264663717685158,1.4264663717685182
2023-03-13,PIURA,0.20693587269440755,1.0226095892551124,0.14264663717685158,1.0460753392969138
2023-03-20,PIURA,0.20693710069135327,1.005571994338847,0.14264663717685158,0.5705865487074071
2023-03-27,PIURA,0.2069494317430866,0.9211896199298164,0.14264663717685158,0.5230376696484567
2023-04-03,PIURA,0.20695786952518605,1.042156179825978,0.14264663717685158,0.5705865487074071
2023-04-10,PIURA,0.20695595526535956,0.9854301727997903,0.14264663717685158,0.5705865487074071
2023-04-17,PIURA,0.20695638954755494,0.9471455066636496,0.14264663717685158,0.38039103247160483
2023-04-24,PIURA,0.2069553841883143,0.8144012748134777,0.14264663717685158,0.047548879058950326
2023-05-01,PIURA,0.20695454120378387,0.8935523861086232,0.14264663717685158,0.09509775811790097
2023-05-08,PIURA,0.20695473218051705,1.1712617217081225,0.14264663717685158,0.23774439529475283
2023-05-15,PIURA,0.20695468891504373,1.3256121222770072,0.14264663717685158,0.23774439529475283
2023-05-22,PIURA,0.20695489538206593,1.4437023453881466,0.14264663717685158,0.14264663717685158
2023-05-29,PIURA,0.2069555161875806,1.2209408975373277,0.14264663717685158,0.0
2023-06-05,PIURA,0.20695537583227971,1.1358810883517512,0.14264663717685158,0.14264663717685158
2023-06-12,PIURA,0.20695540756461006,0.9530222089275948,0.14264663717685158,0.19019551623580222
2023-06-19,PIURA,0.2069555894080953,0.8407622775303567,0.14264663717685158,0.23774439529475283
2023-06-26,PIURA,0.20695604286098904,0.6049516654700844,0.14264663717685158,0.14264663717685191
2023-07-03,PIURA,0.20695593941476853,0.4310037572382082,0.14264663717685158,0.09509775811790097
2023-07-10,PIURA,0.2069559630139533,0.31088185004604196,0.14264663717685158,0.047548879058950326
2023-07-17,PIURA,0.20695566406477914,0.25082436019076304,0.14264663717685158,0.0
2023-07-24,PIURA,0.20695535476550084,0.2791271630715979,0.14264663717685158,0.0
2023-07-31,PIURA,0.20695542464162991,0.3067408847427964,0.14264663717685158,0.047548879058950326
2023-08-07,PIURA,0.20695540885538552,0.26315091542853125,0.14264663717685158,0.047548879058950326
2023-08-14,PIURA,0.20695529304186128,0.178587607302399,0.14264663717685158,0.047548879058950326
2023-08-21,PIURA,0.20695534762539503,0.11889828399152189,0.14264663717685158,0.047548879058950326
2023-08-28,PIURA,0.20695533505438313,0.09524192978735187,0.14264663717685158,0.047548879058950326
2023-09-04,PIURA,0.20695533794958476,0.06709161315162684,0.14264663717685158,0.047548879058950326
2023-09-11,PIURA,0.2069552729124915,0.0374499289432211,0.14264663717685158,0.0
2023-09-18,PIURA,0.20695522273396644,0.041342105485287994,0.14264663717685158,0.0
2023-09-25,PIURA,0.2069552339627938,0.08883046335931405,0.14264663717685158,0.0
2023-10-02,PIURA,0.20695523145003428,0.11691118751509048,0.14264663717685158,0.047548879058950326
2023-10-09,PIURA,0.20695520027154996,0.11591009832805924,0.14264663717685158,0.047548879058950326
2023-10-16,PIURA,0.20695520874547366,0.17256395483717485,0.14264663717685158,0.19019551623580222
2023-10-23,PIURA,0.20695520694071082,0.18054816963512846,0.14264663717685158,0.14264663717685158
2023-10-30,PIURA,0.20695520732508635,0.25424964115887494,0.14264663717685158,0.23774439529475283
2023-11-06,PIURA,0.20695520641616744,0.18528975885104654,0.14264663717685158,0.09509775811790097
2023-11-13,PIURA,0.20695520972164697,0.2510143941367195,0.14264663717685158,0.09509775811790097
2023-11-20,PIURA,0.20695520903707934,0.21498238437142003,0.14264663717685158,0.0
2023-11-27,PIURA,0.20695520917885388,0.30807367489867454,0.14264663717685158,0.047548879058950326
2023-12-04,PIURA,0.2069552078527367,0.32123514789574925,0.14264663717685158,0.19019551623580222
2023-12-11,PIURA,0.20695520803948242,0.31157315165485533,0.14264663717685158,0.19019551623580222
2023-12-18,PIURA,0.20695520800063327,0.27000013491802033,0.14264663717685158,0.14264663717685158
2023-12-25,PIURA,0.20695520800871514,0.28756563599171964,0.14264663717685158,0.14264663717685158
2023-01-02,PUNO,0.1961233939516738,0.19483582849560457,0.2446277703075705,0.0
2023-01-09,PUNO,0.19366615990432623,0.22578633178795646,0.2446277703075705,0.0815425901025235
2023-01-16,PUNO,0.21413361458814817,0.23249097285474535,0.2446277703075705,0.163085180205047
2023-01-23,PUNO,0.2024309024187882,0.2445832310835132,0.2446277703075705,0.163085180205047
2023-01-30,PUNO,0.2016213819558968,0.22330440822453593,0.24462777030757046,0.2446277703075705
2023-02-06,PUNO,0.20690477121351947,0.16579345230908088,0.24462777030757046,0.163085180205047
2023-02-13,PUNO,0.20397692338801113,0.1256228132263125,0.24462777030757046,0.16308518020504703
2023-02-20,PUNO,0.20365349969551177,0.10425457500979204,0.24462777030757046,0.0
2023-02-27,PUNO,0.2046567168005977,0.1664012787173739,0.24462777030757046,0.0
2023-03-06,PUNO,0.2038592353311989,0.22783872051412815,0.24462777030757046,0.0
2023-03-13,PUNO,0.2039424256376096,0.2795257060526503,0.24462777030757046,0.0
2023-03-20,PUNO,0.20421883525711582,0.2639649286804064,0.24462777030757046,0.0
2023-03-27,PUNO,0.20386016033814022,0.28213629841180193,0.24462777030757046,0.0
2023-04-03,PUNO,0.20371555626626012,0.22139870761361674,0.24462777030757046,0.0
2023-04-10,PUNO,0.20395297306109608,0.18981811515703131,0.24462777030757046,0.0
2023-04-17,PUNO,0.20386336963778803,0.10740246699546942,0.24462777030757046,0.0
2023-04-24,PUNO,0.2038473734228228,0.14802657463642868,0.24462777030757046,0.0
2023-05-01,PUNO,0.20391506058137787,0.17205444212738472,0.24462777030757046,0.0
2023-05-08,PUNO,0.20388015975008053,0.14884771550217443,0.24462777030757046,0.0
2023-05-15,PUNO,0.20387378183147487,0.11289967656778296,0.24462777030757046,0.0
2023-05-22,PUNO,0.2038497408320821,0.09319400417984604,0.24462777030757046,0.0
2023-05-29,PUNO,0.20401762318721536,0.14465480995278,0.24462777030757046,0.0815425901025235
2023-06-05,PUNO,0.2039240191424187,0.18071544566817432,0.24462777030757046,0.163085180205047
2023-06-12,PUNO,0.20391436490073722,0.13178259373431284,0.24462777030757046,0.163085180205047
2023-06-19,PUNO,0.2040945094383048,0.07483202197081541,0.24462777030757046,0.0815425901025235
2023-06-26,PUNO,0.20400718336571444,0.09326064811767547,0.24462777030757046,0.0
2023-07-03,PUNO,0.20398964414377488,0.11454208149305911,0.24462777030757046,0.0
2023-07-10,PUNO,0.20403509523412172,0.1352462747203467,0.24462777030757046,0.0815425901025235
2023-07-17,PUNO,0.20390195520686918,0.16858553314144742,0.24462777030757046,0.0815425901025235
2023-07-24,PUNO,0.20373938809883785,0.2612872147503253,0.24462777030757046,0.163085180205047
2023-07-31,PUNO,0.20389578522221807,0.23348303149836616,0.24462777030757046,0.2446277703075705
2023-08-07,PUNO,0.20385784101104737,0.17579378701280954,0.24462777030757046,0.24462777030757055
2023-08-14,PUNO,0.20350786197763687,0.16720694808819137,0.24462777030757046,0.4077129505126175
2023-08-21,PUNO,0.20366760901960848,0.20770595822305274,0.24462777030757046,0.2446277703075705
2023-08-28,PUNO,0.2036782752870759,0.22191130868716938,0.24462777030757046,0.2446277703075705
2023-09-04,PUNO,0.20361790577320696,0.17531519566535278,0.24462777030757046,0.0
2023-09-11,PUNO,0.20367313953266436,0.11427712884357026,0.24462777030757046,0.0
2023-09-18,PUNO,0.2036154884709108,0.12534946118958878,0.24462777030757046,0.0
2023-09-25,PUNO,0.20363511804751977,0.10353798698845117,0.24462777030757046,0.0
2023-10-02,PUNO,0.2036419068733735,0.142487029825802,0.24462777030757046,0.0
2023-10-09,PUNO,0.20372901082454864,0.14539975020855314,0.24462777030757046,0.0
2023-10-16,PUNO,0.20365661835627247,0.1782013372884994,0.24462777030757046,0.16308518020504706
2023-10-23,PUNO,0.20367636265645003,0.1577639271240531,0.24462777030757046,0.16308518020504706
2023-10-30,PUNO,0.20368785680725607,0.13912930196992607,0.24462777030757046,0.16308518020504706
2023-11-06,PUNO,0.20362524298892612,0.11870933593831971,0.24462777030757046,0.08154259010252354
2023-11-13,PUNO,0.20365971993651885,0.162664339179614,0.24462777030757046,0.16308518020504706
2023-11-20,PUNO,0.2036572647050855,0.20441851130366737,0.24462777030757046,0.4077129505126175
2023-11-27,PUNO,0.2036471529385933,0.20368194608181922,0.24462777030757046,0.326170360410094
2023-12-04,PUNO,0.203554953112634,0.16184625742913178,0.24462777030757046,0.24462777030757046
2023-12-11,PUNO,0.20330015055745462,0.22383587463238377,0.24462777030757046,0.163085180205047
2023-12-18,PUNO,0.2034981922036543,0.2433512211528276,0.24462777030757046,0.2446277703075705
2023-12-25,PUNO,0.2034636078653298,0.28853863190273954,0.24462777030757046,0.2446277703075705
2023-01-02,SAN MARTIN,1.1049147359622506,1.0459152478700235,1.0818015024059262,1.3143218236415506
2023-01-09,SAN MARTIN,0.9454374884890084,1.0064302017164883,1.0818015024059262,0.978028630552908
2023-01-16,SAN MARTIN,0.9990359664048101,1.0536811167510831,1.0818015024059262,0.9736213521653341
2023-01-23,SAN MARTIN,1.0292587559224176,1.0703277675652725,1.0818015024059262,1.0818015024059267
2023-01-30,SAN MARTIN,0.9996472117455837,0.9097198983271255,1.0818015024059262,0.5409007512029631
2023-02-06,SAN MARTIN,1.0013745754102041,0.8782678504602213,1.0818015024059262,0.5409007512029631
2023-02-13,SAN MARTIN,1.010285637969861,0.8971913751969964,1.0818015024059262,0.6490809014435559
2023-02-20,SAN MARTIN,1.0062373747094986,0.9397294714987758,1.0818015024059262,0.7572610516841485
2023-02-27,SAN MARTIN,1.0049075819640434,0.9349098260918587,1.0818015024059262,0.6490809014435559
2023-03-06,SAN MARTIN,1.0067390363657873,1.0141929613393357,1.0818015024059262,0.6490809014435559
2023-03-13,SAN MARTIN,1.0064562156760442,1.055156190189937,1.0818015024059262,0.7572610516841485
2023-03-20,SAN MARTIN,1.0059709362425338,1.0764264494876343,1.0818015024059262,0.5409007512029631
2023-03-27,SAN MARTIN,1.006250916245186,0.9541063772649903,1.0818015024059262,0.2163603004811853
2023-04-03,SAN MARTIN,1.006296258077501,1.0149474609691613,1.0818015024059262,0.2163603004811853
2023-04-10,SAN MARTIN,1.0061874986388788,1.0489947579425394,1.0818015024059262,0.43272060096237064
2023-04-17,SAN MARTIN,1.0062152277858174,1.1622693824272186,1.0818015024059262,0.7572610516841485
2023-04-24,SAN MARTIN,1.0062404784474244,1.1248908418439298,1.0818015024059262,0.6490809014435559
2023-05-01,SAN MARTIN,1.0062199236712774,1.2668196624833978,1.0818015024059262,0.7572610516841485
2023-05-08,SAN MARTIN,1.0062197395088215,1.24199641438884,1.0818015024059262,0.6490809014435559
2023-05-15,SAN MARTIN,1.006226495807339,1.381188935213355,1.0818015024059262,0.7572610516841485
2023-05-22,SAN MARTIN,1.0062222575805868,1.537259112514545,1.0818015024059262,0.7572610516841485
2023-05-29,SAN MARTIN,1.0062213387759154,1.609714203548437,1.0818015024059262,0.6490809014435559
2023-06-05,SAN MARTIN,1.006223075957958,1.717880168576143,1.0818015024059262,0.7572610516841485
2023-06-12,SAN MARTIN,1.0062226963131375,1.4574654467155677,1.0818015024059262,0.43272060096237064
2023-06-19,SAN MARTIN,1.0062220833429456,1.4109595348384891,1.0818015024059262,0.6490809014435559
2023-06-26,SAN MARTIN,1.0062223150519167,1.1061210240018116,1.0818015024059262,0.5409007512029631
2023-07-03,SAN MARTIN,1.0062224239116708,1.193401738668487,1.0818015024059262,0.7572610516841485
2023-07-10,SAN MARTIN,1.0062223060405913,1.109778575859047,1.0818015024059262,0.5409007512029631
2023-07-17,SAN MARTIN,1.0062212987677928,1.0305908835016808,1.0818015024059262,0.43272060096237064
2023-07-24,SAN MARTIN,1.0062214504609095,0.7978723984413627,1.0818015024059262,0.2163603004811853
2023-07-31,SAN MARTIN,1.0062217187790363,0.5961715343738849,1.0818015024059262,0.32454045072177795
2023-08-07,SAN MARTIN,1.006221564657054,0.6157906874478287,1.0818015024059262,0.5409007512029631
2023-08-14,SAN MARTIN,1.006221404388696,0.6530650975696961,1.0818015024059262,0.5409007512029631
2023-08-21,SAN MARTIN,1.00622154125932,0.7065304838928934,1.0818015024059262,0.5409007512029631
2023-08-28,SAN MARTIN,1.0062215399243182,0.5947825124368589,1.0818015024059262,0.32454045072177795
2023-09-04,SAN MARTIN,1.0062214959312659,0.6584387728170022,1.0818015024059262,0.7572610516841485
2023-09-11,SAN MARTIN,1.006221344191101,0.659391499090443,1.0818015024059262,0.7572610516841485
2023-09-18,SAN MARTIN,1.0062214475161992,0.7841186331067649,1.0818015024059262,0.9736213521653339
2023-09-25,SAN MARTIN,1.006221456509628,0.6955903730574511,1.0818015024059262,0.5409007512029631
2023-10-02,SAN MARTIN,1.0062214193942967,0.5845684236559228,1.0818015024059262,0.32454045072177795
2023-10-09,SAN MARTIN,1.006221294973443,0.350350237598563,1.0818015024059262,0.0
2023-10-16,SAN MARTIN,1.0062212436831723,0.3331904473434231,1.0818015024059262,0.0
2023-10-23,SAN MARTIN,1.0062213041759849,0.3951641437946917,1.0818015024059262,0.2163603004811853
2023-10-30,SAN MARTIN,1.0062212972299562,0.5486477860236041,1.0818015024059262,0.2163603004811853
2023-11-06,SAN MARTIN,1.0062212990531072,0.6746675566194307,1.0818015024059262,0.43272060096237064
2023-11-13,SAN MARTIN,1.0062212505338661,0.7008854928485451,1.0818015024059262,0.32454045072177795
2023-11-20,SAN MARTIN,1.0062212688904686,0.6971156081506245,1.0818015024059262,0.6490809014435559
2023-11-27,SAN MARTIN,1.0062212774997885,0.846182833137693,1.0818015024059262,0.9736213521653339
2023-12-04,SAN MARTIN,1.0062213861995892,0.9251337303466334,1.0818015024059262,1.189981652646519
2023-12-11,SAN MARTIN,1.0062213899511092,0.9890680056638597,1.0818015024059262,1.189981652646519
2023-12-18,SAN MARTIN,1.0062213531395776,1.0607159741336645,1.0818015024059262,1.2981618028871118
2023-12-25,SAN MARTIN,1.0062213662964554,1.034236421348338,1.0818015024059262,1.0818015024059262
2023-01-02,TACNA,0.0,0.0,0.0,0.0
2023-01-09,TACNA,0.008118976109927558,0.0,0.0,0.0
2023-01-16,TACNA,0.001198687438962133,0.0078959922251134,0.0,0.0
2023-01-23,TACNA,0.0005759488581986144,0.014790451352235645,0.0,0.0
2023-01-30,TACNA,0.004834484979284508,0.0,0.0,0.0
2023-02-06,TACNA,0.004772762226248371,0.0,0.0,0.0
2023-02-13,TACNA,0.0026659202730270736,0.0,0.0,0.0
2023-02-20,TACNA,0.004259927816552035,0.014925666212873315,0.0,0.0
2023-02-27,TACNA,0.004214766705285963,0.13324178573374593,0.0,0.0
2023-03-06,TACNA,0.005122119799247788,0.13161742469454635,0.0,0.0
2023-03-13,TACNA,0.004462081592169429,0.08746607639197132,0.0,0.0
2023-03-20,TACNA,0.004482189694536179,0.0,0.0,0.0
2023-03-27,TACNA,0.004094420984988788,0.0014545544274259241,0.0,0.0
2023-04-03,TACNA,0.004365313844459224,0.0,0.0,0.0
2023-04-10,TACNA,0.00435623423299916,0.0,0.0,0.0
2023-04-17,TACNA,0.004521898042925991,0.037227548114265395,0.0,0.0
2023-04-24,TACNA,0.004413324826267633,0.10113782106315868,0.0,0.0
2023-05-01,TACNA,0.004417467976913755,0.10090200452895673,0.0,0.0
2023-05-08,TACNA,0.004348350716889218,0.04760289093359868,0.0,0.0
2023-05-15,TACNA,0.004391785473887591,0.10065589411153648,0.0,0.0
2023-05-22,TACNA,0.0043906110320009505,0.10423448493718222,0.0,0.0
2023-05-29,TACNA,0.004421094405808388,0.07341026335590159,0.0,0.0
2023-06-05,TACNA,0.004403249777364401,0.0,0.0,0.2602662002696355
2023-06-12,TACNA,0.00440355155406303,0.07299478488461646,0.0,0.2602662002696355
2023-06-19,TACNA,0.004389718950807649,0.0762285040356232,0.0,0.2602662002696355
2023-06-26,TACNA,0.004397232558252217,0.02656680266961917,0.0,0.0
2023-07-03,TACNA,0.0043974136168590935,0.16272491520323676,0.0,0.0
2023-07-10,TACNA,0.004403681950486627,0.130461044745295,0.0,0.0
2023-07-17,TACNA,0.004400539553890908,0.12987699572261582,0.0,0.0
2023-07-24,TACNA,0.004400225263653178,0.052402272921382664,0.0,0.0
2023-07-31,TACNA,0.004397450360971597,0.09070515706330003,0.0,0.0
2023-08-07,TACNA,0.004398757626818552,0.03816097607480184,0.0,0.0
2023-08-14,TACNA,0.004399124284604371,0.1713820189526581,0.0,0.0
2023-08-21,TACNA,0.004400542677836383,0.1623647756477383,0.0,0.0
2023-08-28,TACNA,0.004400145947010753,0.2817800237927135,0.0,0.0
2023-09-04,TACNA,0.004399835420945688,0.10227373728602113,0.0,0.0
2023-09-11,TACNA,0.004399016371944005,0.10341213890313596,0.0,0.0
2023-09-18,TACNA,0.004399081058119399,0.13114475061267017,0.0,0.0
2023-09-25,TACNA,0.004399258345276358,0.1727959325777591,0.0,0.0
2023-10-02,TACNA,0.004399737303725565,0.22011830047815578,0.0,0.0
2023-10-09,TACNA,0.004399798031657686,0.15154801442163232,0.0,0.0
2023-10-16,TACNA,0.004399725278047289,0.14672776362153525,0.0,0.2602662002696355
2023-10-23,TACNA,0.004399467546156607,0.08961397859430414,0.0,0.2602662002696355
2023-10-30,TACNA,0.004399380509699158,0.14135280064200326,0.0,0.2602662002696355
2023-11-06,TACNA,0.0043993963970223385,0.14249411937454637,0.0,0.2602662002696355
2023-11-13,TACNA,0.004399529598083687,0.13763591876004486,0.0,0.2602662002696355
2023-11-20,TACNA,0.004399602606435269,0.1785244907825909,0.0,0.2602662002696355
2023-11-27,TACNA,0.00439961144331002,0.12146327874551502,0.0,0.0
2023-12-04,TACNA,0.004399547443612822,0.1219463649207491,0.0,0.0
2023-12-11,TACNA,0.004399496058671802,0.016253806605151702,0.0,0.0
2023-12-18,TACNA,0.004399479284615893,0.05756231167734341,0.0,0.0
2023-12-25,TACNA,0.00439950727428684,0.05027908626773585,0.0,0.0
2023-01-02,TUMBES,0.0,0.0,0.0,0.0
2023-01-09,TUMBES,0.0,0.0,0.0,0.0
2023-01-16,TUMBES,0.0,0.0,0.0,0.0
2023-01-23,TUMBES,0.0,0.0,0.0,0.0
2023-01-30,TUMBES,0.0,0.0,0.0,0.0
2023-02-06,TUMBES,0.0,0.0,0.0,0.0
2023-02-13,TUMBES,0.0,0.0,0.0,0.0
2023-02-20,TUMBES,0.0,0.0,0.0,0.0
2023-02-27,TUMBES,0.0,0.0,0.0,0.0
2023-03-06,TUMBES,0.0,0.0,0.0,0.0
2023-03-13,TUMBES,0.0,0.0,0.0,0.0
2023-03-20,TUMBES,0.0,0.0,0.0,0.0
2023-03-27,TUMBES,0.0,0.0,0.0,0.0
2023-04-03,TUMBES,0.0,0.0,0.0,0.0
2023-04-10,TUMBES,0.0,0.0,0.0,0.0
2023-04-17,TUMBES,0.0,0.0,0.0,0.0
2023-04-24,TUMBES,0.0,0.0,0.0,0.0
2023-05-01,TUMBES,0.0,0.0,0.0,0.0
2023-05-08,TUMBES,0.0,0.0,0.0,0.0
2023-05-15,TUMBES,0.0,0.0,0.0,0.0
2023-05-22,TUMBES,0.0,0.0,0.0,0.0
2023-05-29,TUMBES,0.0,0.0,0.0,0.0
2023-06-05,TUMBES,0.0,0.0,0.0,0.0
2023-06-12,TUMBES,0.0,0.0,0.0,0.0
2023-06-19,TUMBES,0.0,0.0,0.0,0.0
2023-06-26,TUMBES,0.0,0.0,0.0,0.0
2023-07-03,TUMBES,0.0,0.0,0.0,0.0
2023-07-10,TUMBES,0.0,0.0,0.0,0.0
2023-07-17,TUMBES,0.0,0.0,0.0,0.0
2023-07-24,TUMBES,0.0,0.0,0.0,0.0
2023-07-31,TUMBES,0.0,0.0,0.0,0.0
2023-08-07,TUMBES,0.0,0.0,0.0,0.0
2023-08-14,TUMBES,0.0,0.0,0.0,0.0
2023-08-21,TUMBES,0.0,0.0,0.0,0.0
2023-08-28,TUMBES,0.0,0.0,0.0,0.0
2023-09-04,TUMBES,0.0,0.0,0.0,0.0
2023-09-11,TUMBES,0.0,0.0,0.0,0.0
2023-09-18,TUMBES,0.0,0.0,0.0,0.0
2023-09-25,TUMBES,0.0,0.0,0.0,0.0
2023-10-02,TUMBES,0.0,0.0,0.0,0.0
2023-10-09,TUMBES,0.0,0.0,0.0,0.0
2023-10-16,TUMBES,0.0,0.0,0.0,0.0
2023-10-23,TUMBES,0.0,0.0,0.0,0.0
2023-10-30,TUMBES,0.0,0.0,0.0,0.0
2023-11-06,TUMBES,0.0,0.0,0.0,0.0
2023-11-13,TUMBES,0.0,0.0,0.0,0.0
2023-11-20,TUMBES,0.0,0.0,0.0,0.0
2023-11-27,TUMBES,0.0,0.0,0.0,0.0
2023-12-04,TUMBES,0.0,0.0,0.0,0.0
2023-12-11,TUMBES,0.0,0.0,0.0,0.0
2023-12-18,TUMBES,0.0,0.0,0.0,0.0
2023-12-25,TUMBES,0.0,0.0,0.0,0.0
2023-01-02,UCAYALI,0.21923649816857382,0.20592512769471014,0.16259528083456906,0.16259528083456906
2023-01-09,UCAYALI,0.15553117662099816,0.21134717203459724,0.16259528083456906,0.16259528083456906
2023-01-16,UCAYALI,0.16695297001746656,0.2626118888198792,0.16259528083456906,0.16259528083456906
2023-01-23,UCAYALI,0.1886620983879907,0.2618034729938499,0.16259528083456906,0.0
2023-01-30,UCAYALI,0.17249215036147958,0.2600125813830425,0.16259528083456906,0.0
2023-02-06,UCAYALI,0.17375858548784295,0.22698933366306703,0.16259528083456906,0.0
2023-02-13,UCAYALI,0.17976456870897764,0.19650063844771934,0.16259528083456906,0.0
2023-02-20,UCAYALI,0.1759022233342159,0.20219164404833248,0.16259528083456906,0.0
2023-02-27,UCAYALI,0.1761389787020866,0.15550557106662072,0.16259528083456906,0.0
2023-03-06,UCAYALI,0.1751229098898825,0.15895707556354435,0.16259528083456906,0.0
2023-03-13,UCAYALI,0.17557825973949803,0.19853375144398536,0.16259528083456906,0.0
2023-03-20,UCAYALI,0.1757506414043147,0.2334177523283721,0.16259528083456906,0.0
2023-03-27,UCAYALI,0.17486474355269285,0.23250624177858709,0.16259528083456906,0.0
2023-04-03,UCAYALI,0.17486634252273142,0.23724345674486108,0.16259528083456906,0.0
2023-04-10,UCAYALI,0.17523134647935865,0.274501384129165,0.16259528083456906,0.0
2023-04-17,UCAYALI,0.17503242379080933,0.34477762951283547,0.16259528083456906,0.0
2023-04-24,UCAYALI,0.17500544515391372,0.29877103726322923,0.16259528083456906,0.0
2023-05-01,UCAYALI,0.17595660143058037,0.21559293909955093,0.16259528083456906,0.0
2023-05-08,UCAYALI,0.17545161037218002,0.13325903699419073,0.16259528083456906,0.0
2023-05-15,UCAYALI,0.1753337515367293,0.12714462840041135,0.16259528083456906,0.0
2023-05-22,UCAYALI,0.17630277351324405,0.1266989804048142,0.16259528083456906,0.0
2023-05-29,UCAYALI,0.1760365927519752,0.1262671323642845,0.16259528083456906,0.0
2023-06-05,UCAYALI,0.17578160620602853,0.16173342819830347,0.16259528083456906,0.0
2023-06-12,UCAYALI,0.17602863230328625,0.19682282669955217,0.16259528083456906,0.16259528083456906
2023-06-19,UCAYALI,0.17496034475501718,0.2451931758283358,0.16259528083456906,0.16259528083456906
2023-06-26,UCAYALI,0.17461110746479575,0.204247568076318,0.16259528083456906,0.16259528083456906
2023-07-03,UCAYALI,0.17523857099237847,0.20339974948168155,0.16259528083456906,0.0
2023-07-10,UCAYALI,0.17504476012305187,0.2011603860114372,0.16259528083456906,0.0
2023-07-17,UCAYALI,0.17425910374953602,0.24285783853256984,0.16259528083456906,0.0
2023-07-24,UCAYALI,0.17529194766491438,0.2014983402005065,0.16259528083456906,0.0
2023-07-31,UCAYALI,0.1750610183196142,0.21086277728827077,0.16259528083456906,0.0
2023-08-07,UCAYALI,0.17476096891432513,0.17015727121386787,0.16259528083456906,0.0
2023-08-14,UCAYALI,0.1756533564504305,0.16956547330235452,0.16259528083456906,0.0
2023-08-21,UCAYALI,0.17582854234438822,0.16114898147619922,0.16259528083456906,0.0
2023-08-28,UCAYALI,0.17536907153726827,0.16009314777597822,0.16259528083456906,0.0
2023-09-04,UCAYALI,0.1755432230363226,0.22971250398022905,0.16259528083456906,0.0
2023-09-11,UCAYALI,0.17602955445439528,0.2727366987814182,0.16259528083456906,0.0
2023-09-18,UCAYALI,0.17485282202921518,0.3035131899051155,0.16259528083456906,0.0
2023-09-25,UCAYALI,0.17528059244456232,0.268559319180379,0.16259528083456906,0.0
2023-10-02,UCAYALI,0.17553176048518157,0.22380485731726402,0.16259528083456906,0.0
2023-10-09,UCAYALI,0.17445756967152265,0.21676006641832055,0.16259528083456906,0.0
2023-10-16,UCAYALI,0.17456553000825928,0.24561880479360362,0.16259528083456906,0.0
2023-10-23,UCAYALI,0.17494452177348632,0.28092894375608096,0.16259528083456906,0.16259528083456906
2023-10-30,UCAYALI,0.1747001525946827,0.3207581291789978,0.16259528083456906,0.3251905616691381
2023-11-06,UCAYALI,0.17274469301136408,0.21931075632241434,0.16259528083456906,0.3251905616691381
2023-11-13,UCAYALI,0.17432616738564263,0.17644379013327238,0.16259528083456906,0.16259528083456906
2023-11-20,UCAYALI,0.17420151567251313,0.14144693416364407,0.16259528083456906,0.0
2023-11-27,UCAYALI,0.1736660844508673,0.2449028782357119,0.16259528083456906,0.16259528083456906
2023-12-04,UCAYALI,0.17302880030043064,0.2426096899599197,0.16259528083456906,0.16259528083456906
2023-12-11,UCAYALI,0.17284187608640367,0.23964159368501725,0.16259528083456906,0.16259528083456906
2023-12-18,UCAYALI,0.1732040356558587,0.1878753968699334,0.16259528083456906,0.16259528083456906
2023-12-25,UCAYALI,0.17309616533381098,0.16548963416799076,0.16259528083456906,0.16259528083456906
