date,actual,predicted,model,region
2010-12-27,3.314444071057997,2.946172507607108,naive,ANCASH
2011-01-03,3.2147334377159695,2.946172507607108,naive,ANCASH
2011-01-10,2.4769165204009744,2.946172507607108,naive,ANCASH
2011-01-17,1.9200509087783801,2.946172507607108,naive,ANCASH
2011-01-24,1.0971719478733595,1.9200509087783804,naive,ANCASH
2011-01-31,1.9200509087783801,1.9200509087783804,naive,ANCASH
2011-02-07,2.7429298696834006,1.9200509087783804,naive,ANCASH
2011-02-14,3.0172228566517405,1.9200509087783804,naive,ANCASH
2011-02-21,2.834360865339514,3.01722285665174,naive,ANCASH
2011-02-28,1.9200509087783804,3.01722285665174,naive,ANCASH
2011-03-07,2.377205887058947,3.01722285665174,naive,ANCASH
2011-03-14,2.0114819044344934,3.01722285665174,naive,ANCASH
2011-03-21,2.102912900090607,2.011481904434494,naive,ANCASH
2011-03-28,2.834360865339514,2.011481904434494,naive,ANCASH
2011-04-04,4.2972567958373284,2.011481904434494,naive,ANCASH
2011-04-11,5.302997748054576,2.011481904434494,naive,ANCASH
2011-04-18,5.120135756742349,5.302997748054577,naive,ANCASH
2011-04-25,3.840101817556762,5.302997748054577,naive,ANCASH
2011-05-02,2.925791860995627,5.302997748054577,naive,ANCASH
2011-05-09,2.651498874027287,5.302997748054577,naive,ANCASH
2011-05-16,2.925791860995627,2.651498874027287,naive,ANCASH
2011-05-23,2.925791860995627,2.651498874027287,naive,ANCASH
2011-05-30,2.3772058870589468,2.651498874027287,naive,ANCASH
2011-06-06,2.46863688271506,2.651498874027287,naive,ANCASH
2011-06-13,2.102912900090607,2.46863688271506,naive,ANCASH
2011-06-20,2.0114819044344934,2.46863688271506,naive,ANCASH
2011-06-27,1.6457579218100398,2.46863688271506,naive,ANCASH
2011-07-04,1.8286199131222667,2.46863688271506,naive,ANCASH
2011-07-11,1.4628959304978133,1.8286199131222665,naive,ANCASH
2011-07-18,1.188602943529473,1.8286199131222665,naive,ANCASH
2011-07-25,1.005740952217246,1.8286199131222665,naive,ANCASH
2011-08-01,1.7371889174661532,1.8286199131222665,naive,ANCASH
2011-08-08,1.9200509087783801,1.7371889174661534,naive,ANCASH
2011-08-15,2.0114819044344934,1.7371889174661534,naive,ANCASH
2011-08-22,1.9200509087783801,1.7371889174661534,naive,ANCASH
2011-08-29,2.2857748914028337,1.7371889174661534,naive,ANCASH
2011-09-05,2.5600678783711737,2.2857748914028333,naive,ANCASH
2011-09-12,2.2857748914028337,2.2857748914028333,naive,ANCASH
2011-09-19,2.0114819044344934,2.2857748914028333,naive,ANCASH
2011-09-26,1.7371889174661532,2.2857748914028333,naive,ANCASH
2011-10-03,1.3714649348416996,1.7371889174661534,naive,ANCASH
2011-10-10,1.4628959304978129,1.7371889174661534,naive,ANCASH
2011-10-17,1.188602943529473,1.7371889174661534,naive,ANCASH
2011-10-24,1.3714649348416996,1.7371889174661534,naive,ANCASH
2011-10-31,1.0971719478733595,1.3714649348416996,naive,ANCASH
2011-11-07,1.4628959304978133,1.3714649348416996,naive,ANCASH
2011-11-14,1.4628959304978133,1.3714649348416996,naive,ANCASH
2011-11-21,1.7371889174661532,1.3714649348416996,naive,ANCASH
2011-11-28,1.6457579218100398,1.7371889174661534,naive,ANCASH
2011-12-05,2.011481904434494,1.7371889174661534,naive,ANCASH
2011-12-12,1.5543269261539268,1.7371889174661534,naive,ANCASH
2011-12-19,1.9200509087783804,1.7371889174661534,naive,ANCASH
2011-12-26,1.4628959304978135,1.9200509087783804,naive,ANCASH
2012-01-02,1.733420052965978,1.9200509087783804,naive,ANCASH
2012-01-09,1.7277667562157146,1.9200509087783804,naive,ANCASH
2012-01-16,2.179268437746018,1.9200509087783804,naive,ANCASH
2012-01-23,3.1780998050462768,2.1792684377460176,naive,ANCASH
2012-01-30,2.7240855471825225,2.1792684377460176,naive,ANCASH
2012-02-06,2.179268437746018,2.1792684377460176,naive,ANCASH
2012-02-13,1.6344513283095132,2.1792684377460176,naive,ANCASH
2012-02-20,2.270071289318769,1.6344513283095132,naive,ANCASH
2012-02-27,2.5424798440370213,1.6344513283095132,naive,ANCASH
2012-03-05,1.9976627346005165,1.6344513283095132,naive,ANCASH
2012-03-12,1.9976627346005167,1.6344513283095132,naive,ANCASH
2012-03-19,3.268902656619028,1.9976627346005165,naive,ANCASH
2012-03-26,3.722916914482782,1.9976627346005165,naive,ANCASH
2012-04-02,4.176931172346536,1.9976627346005165,naive,ANCASH
2012-04-09,4.086128320773785,1.9976627346005165,naive,ANCASH
2012-04-16,4.903353984928542,4.086128320773785,naive,ANCASH
2012-04-23,3.9953254692010334,4.086128320773785,naive,ANCASH
2012-04-30,3.722916914482782,4.086128320773785,naive,ANCASH
2012-05-07,3.1780998050462768,4.086128320773785,naive,ANCASH
2012-05-14,3.6321140629100306,3.1780998050462763,naive,ANCASH
2012-05-21,3.8137197660555326,3.1780998050462763,naive,ANCASH
2012-05-28,3.632114062910031,3.1780998050462763,naive,ANCASH
2012-06-04,4.449339727064788,3.1780998050462763,naive,ANCASH
2012-06-11,3.722916914482782,4.449339727064788,naive,ANCASH
2012-06-18,3.359705508191779,4.449339727064788,naive,ANCASH
2012-06-25,2.5424798440370218,4.449339727064788,naive,ANCASH
2012-07-02,2.36087414089152,4.449339727064788,naive,ANCASH
2012-07-09,2.270071289318769,2.3608741408915206,naive,ANCASH
2012-07-16,1.8160570314550153,2.3608741408915206,naive,ANCASH
2012-07-23,1.9976627346005167,2.3608741408915206,naive,ANCASH
2012-07-30,1.8160570314550153,2.3608741408915206,naive,ANCASH
2012-08-06,1.8160570314550153,1.8160570314550157,naive,ANCASH
2012-08-13,1.3620427735912612,1.8160570314550157,naive,ANCASH
2012-08-20,1.1804370704457596,1.8160570314550157,naive,ANCASH
2012-08-27,0.7264228125820057,1.8160570314550157,naive,ANCASH
2012-09-03,0.8172256641547566,0.7264228125820058,naive,ANCASH
2012-09-10,1.0896342188730088,0.7264228125820058,naive,ANCASH
2012-09-17,1.452845625164012,0.7264228125820058,naive,ANCASH
2012-09-24,1.543648476736763,0.7264228125820058,naive,ANCASH
2012-10-01,1.4528456251640123,1.543648476736763,naive,ANCASH
2012-10-08,1.543648476736763,1.543648476736763,naive,ANCASH
2012-10-15,1.1804370704457596,1.543648476736763,naive,ANCASH
2012-10-22,1.634451328309514,1.543648476736763,naive,ANCASH
2012-10-29,1.1804370704457599,1.6344513283095137,naive,ANCASH
2012-11-05,1.1804370704457599,1.6344513283095137,naive,ANCASH
2012-11-12,1.0896342188730088,1.6344513283095137,naive,ANCASH
2012-11-19,2.0884655861732675,1.6344513283095137,naive,ANCASH
2012-11-26,2.270071289318769,2.0884655861732675,naive,ANCASH
2012-12-03,2.1792684377460185,2.0884655861732675,naive,ANCASH
2012-12-10,1.8160570314550153,2.0884655861732675,naive,ANCASH
2012-12-17,2.270071289318769,2.0884655861732675,naive,ANCASH
2012-12-24,2.088465586173268,2.2700712893187696,naive,ANCASH
2012-12-31,2.7240855471825234,2.2700712893187696,naive,ANCASH
2013-01-07,2.8982573611653826,2.2700712893187696,naive,ANCASH
2013-01-14,4.338093680294771,2.2700712893187696,naive,ANCASH
2013-01-21,3.2466009891311014,4.338093680294771,naive,ANCASH
2013-01-28,3.3367843499402983,4.338093680294771,naive,ANCASH
2013-02-04,2.8858675458943117,4.338093680294771,naive,ANCASH
2013-02-11,2.705500824275917,4.338093680294771,naive,ANCASH
2013-02-18,2.0742172986115364,2.7055008242759175,naive,ANCASH
2013-02-25,1.0822003297103668,2.7055008242759175,naive,ANCASH
2013-03-04,1.7134838553747478,2.7055008242759175,naive,ANCASH
2013-03-11,1.4429337729471559,2.7055008242759175,naive,ANCASH
2013-03-18,1.6233004945655505,1.4429337729471556,naive,ANCASH
2013-03-25,1.9840339378023393,1.4429337729471556,naive,ANCASH
2013-04-01,2.3447673810391283,1.4429337729471556,naive,ANCASH
2013-04-08,2.885867545894312,1.4429337729471556,naive,ANCASH
2013-04-15,2.9760509067035095,2.8858675458943117,naive,ANCASH
2013-04-22,3.60733443236789,2.8858675458943117,naive,ANCASH
2013-04-29,3.9680678756046794,2.8858675458943117,naive,ANCASH
2013-05-06,4.6895347620782575,2.8858675458943117,naive,ANCASH
2013-05-13,4.59935140126906,4.6895347620782575,naive,ANCASH
2013-05-20,3.8778845147954826,4.6895347620782575,naive,ANCASH
2013-05-27,3.156417628321904,4.6895347620782575,naive,ANCASH
2013-06-03,3.9680678756046794,4.6895347620782575,naive,ANCASH
2013-06-10,5.230634926933441,3.96806787560468,naive,ANCASH
2013-06-17,5.411001648551836,3.96806787560468,naive,ANCASH
2013-06-24,4.779718122887455,3.96806787560468,naive,ANCASH
2013-07-01,3.4269677107494956,3.96806787560468,naive,ANCASH
2013-07-08,3.517151071558693,3.426967710749496,naive,ANCASH
2013-07-15,3.156417628321904,3.426967710749496,naive,ANCASH
2013-07-22,3.3367843499402987,3.426967710749496,naive,ANCASH
2013-07-29,2.9760509067035095,3.426967710749496,naive,ANCASH
2013-08-05,3.517151071558693,2.97605090670351,naive,ANCASH
2013-08-12,3.156417628321904,2.97605090670351,naive,ANCASH
2013-08-19,2.3447673810391283,2.97605090670351,naive,ANCASH
2013-08-26,1.0822003297103666,2.97605090670351,naive,ANCASH
2013-09-02,1.62330049456555,1.0822003297103664,naive,ANCASH
2013-09-09,1.5331171337563532,1.0822003297103664,naive,ANCASH
2013-09-16,1.5331171337563527,1.0822003297103664,naive,ANCASH
2013-09-23,0.9920169689011692,1.0822003297103664,naive,ANCASH
2013-09-30,1.3527504121379585,0.9920169689011693,naive,ANCASH
2013-10-07,1.6233004945655507,0.9920169689011693,naive,ANCASH
2013-10-14,1.8036672161839444,0.9920169689011693,naive,ANCASH
2013-10-21,1.62330049456555,0.9920169689011693,naive,ANCASH
2013-10-28,1.5331171337563527,1.6233004945655503,naive,ANCASH
2013-11-04,1.172383690519564,1.6233004945655503,naive,ANCASH
2013-11-11,1.4429337729471554,1.6233004945655503,naive,ANCASH
2013-11-18,1.984033937802339,1.6233004945655503,naive,ANCASH
2013-11-25,2.1644006594207337,1.9840339378023386,naive,ANCASH
2013-12-02,2.5251341026575225,1.9840339378023386,naive,ANCASH
2013-12-09,2.0742172986115364,1.9840339378023386,naive,ANCASH
2013-12-16,1.984033937802339,1.9840339378023386,naive,ANCASH
2013-12-23,2.1644006594207337,1.9840339378023386,naive,ANCASH
2013-12-30,2.61531746346672,1.9840339378023386,naive,ANCASH
2014-01-06,2.253972844749168,1.9840339378023386,naive,ANCASH
2014-01-13,1.7085944515286438,1.9840339378023386,naive,ANCASH
2014-01-20,1.4331549652549487,1.7085944515286435,naive,ANCASH
2014-01-27,1.522727150583383,1.7085944515286435,naive,ANCASH
2014-02-03,0.985294038612777,1.7085944515286435,naive,ANCASH
2014-02-10,0.8957218532843426,1.7085944515286435,naive,ANCASH
2014-02-17,1.7018715212402515,0.8957218532843425,naive,ANCASH
2014-02-24,2.6871655598530295,0.8957218532843425,naive,ANCASH
2014-03-03,2.6871655598530295,0.8957218532843425,naive,ANCASH
2014-03-10,2.1497324478824233,0.8957218532843425,naive,ANCASH
2014-03-17,1.4331549652549487,2.1497324478824233,naive,ANCASH
2014-03-24,1.6122993359118174,2.1497324478824233,naive,ANCASH
2014-03-31,1.7914437065686861,2.1497324478824233,naive,ANCASH
2014-04-07,2.418449003867726,2.1497324478824233,naive,ANCASH
2014-04-14,2.866309930509898,2.4184490038677264,naive,ANCASH
2014-04-21,2.3288768185392916,2.4184490038677264,naive,ANCASH
2014-04-28,1.5227271505833828,2.4184490038677264,naive,ANCASH
2014-05-05,0.26871655598530236,2.4184490038677264,naive,ANCASH
2014-05-12,0.716577482627474,0.2687165559853024,naive,ANCASH
2014-05-19,0.716577482627474,0.2687165559853024,naive,ANCASH
2014-05-26,1.3435827799265143,0.2687165559853024,naive,ANCASH
2014-06-02,1.25401059459808,0.2687165559853024,naive,ANCASH
2014-06-09,1.0748662239412112,1.2540105945980797,naive,ANCASH
2014-06-16,0.8957218532843427,1.2540105945980797,naive,ANCASH
2014-06-23,0.716577482627474,1.2540105945980797,naive,ANCASH
2014-06-30,1.0748662239412115,1.2540105945980797,naive,ANCASH
2014-07-07,1.25401059459808,1.0748662239412115,naive,ANCASH
2014-07-14,1.522727150583383,1.0748662239412115,naive,ANCASH
2014-07-21,1.4331549652549487,1.0748662239412115,naive,ANCASH
2014-07-28,0.8957218532843428,1.0748662239412115,naive,ANCASH
2014-08-04,0.5374331119706054,0.895721853284343,naive,ANCASH
2014-08-11,0.3582887413137367,0.895721853284343,naive,ANCASH
2014-08-18,0.4478609266421711,0.895721853284343,naive,ANCASH
2014-08-25,0.26871655598530236,0.895721853284343,naive,ANCASH
2014-09-01,0.6270052972990398,0.2687165559853024,naive,ANCASH
2014-09-08,0.8957218532843427,0.2687165559853024,naive,ANCASH
2014-09-15,1.0748662239412115,0.2687165559853024,naive,ANCASH
2014-09-22,0.716577482627474,0.2687165559853024,naive,ANCASH
2014-09-29,0.6270052972990396,0.716577482627474,naive,ANCASH
2014-10-06,0.6270052972990396,0.716577482627474,naive,ANCASH
2014-10-13,0.8957218532843426,0.716577482627474,naive,ANCASH
2014-10-20,0.6270052972990396,0.716577482627474,naive,ANCASH
2014-10-27,1.1644384092696456,0.6270052972990396,naive,ANCASH
2014-11-03,1.0748662239412115,0.6270052972990396,naive,ANCASH
2014-11-10,1.3435827799265143,0.6270052972990396,naive,ANCASH
2014-11-17,0.8061496679559084,0.6270052972990396,naive,ANCASH
2014-11-24,1.9705880772255544,0.8061496679559084,naive,ANCASH
2014-12-01,2.149732447882423,0.8061496679559084,naive,ANCASH
2014-12-08,2.2393046332108577,0.8061496679559084,naive,ANCASH
2014-12-15,1.6122993359118174,0.8061496679559084,naive,ANCASH
2014-12-22,1.7914437065686861,1.6122993359118172,naive,ANCASH
2014-12-29,2.060160262553989,1.6122993359118172,naive,ANCASH
2015-01-05,1.3429799117496737,1.6122993359118172,naive,ANCASH
2015-01-12,1.2491876491833567,1.6122993359118172,naive,ANCASH
2015-01-19,1.0676318058191263,1.2491876491833565,naive,ANCASH
2015-01-26,1.2455704401223142,1.2491876491833565,naive,ANCASH
2015-02-02,1.1566011229707203,1.2491876491833565,naive,ANCASH
2015-02-09,1.0676318058191265,1.2491876491833565,naive,ANCASH
2015-02-16,0.8896931715159386,1.0676318058191265,naive,ANCASH
2015-02-23,0.44484658575796887,1.0676318058191265,naive,ANCASH
2015-03-02,0.3558772686063749,1.0676318058191265,naive,ANCASH
2015-03-09,0.44484658575796887,1.0676318058191265,naive,ANCASH
2015-03-16,0.4448465857579688,0.4448465857579688,naive,ANCASH
2015-03-23,0.5338159029095628,0.4448465857579688,naive,ANCASH
2015-03-30,0.9786624886675325,0.4448465857579688,naive,ANCASH
2015-04-06,1.779386343031878,0.4448465857579688,naive,ANCASH
2015-04-13,1.8683556601834717,1.7793863430318781,naive,ANCASH
2015-04-20,1.8683556601834717,1.7793863430318781,naive,ANCASH
2015-04-27,2.2242329287898475,1.7793863430318781,naive,ANCASH
2015-05-04,2.7580488316994107,1.7793863430318781,naive,ANCASH
2015-05-11,3.7367113203669446,2.7580488316994107,naive,ANCASH
2015-05-18,3.5587726860637567,2.7580488316994107,naive,ANCASH
2015-05-25,4.181557906124914,2.7580488316994107,naive,ANCASH
2015-06-01,3.9146499546701325,2.7580488316994107,naive,ANCASH
2015-06-08,3.7367113203669446,3.914649954670132,naive,ANCASH
2015-06-15,3.291864734608975,3.914649954670132,naive,ANCASH
2015-06-22,2.5801101973962233,3.914649954670132,naive,ANCASH
2015-06-29,2.4911408802446293,3.914649954670132,naive,ANCASH
2015-07-06,1.9573249773350658,2.491140880244629,naive,ANCASH
2015-07-13,2.1352636116382535,2.491140880244629,naive,ANCASH
2015-07-20,1.512478391577096,2.491140880244629,naive,ANCASH
2015-07-27,1.5124783915770965,2.491140880244629,naive,ANCASH
2015-08-03,1.3345397572739082,1.5124783915770967,naive,ANCASH
2015-08-10,1.779386343031878,1.5124783915770967,naive,ANCASH
2015-08-17,1.6014477087286902,1.5124783915770967,naive,ANCASH
2015-08-24,1.2455704401223144,1.5124783915770967,naive,ANCASH
2015-08-31,0.8007238543643447,1.2455704401223144,naive,ANCASH
2015-09-07,0.8007238543643447,1.2455704401223144,naive,ANCASH
2015-09-14,0.5338159029095628,1.2455704401223144,naive,ANCASH
2015-09-21,1.0676318058191263,1.2455704401223144,naive,ANCASH
2015-09-28,1.0676318058191263,1.0676318058191265,naive,ANCASH
2015-10-05,1.60144770872869,1.0676318058191265,naive,ANCASH
2015-10-12,1.0676318058191265,1.0676318058191265,naive,ANCASH
2015-10-19,0.9786624886675327,1.0676318058191265,naive,ANCASH
2015-10-26,0.6227852200611569,0.9786624886675328,naive,ANCASH
2015-11-02,0.6227852200611569,0.9786624886675328,naive,ANCASH
2015-11-09,0.6227852200611569,0.9786624886675328,naive,ANCASH
2015-11-16,0.8007238543643447,0.9786624886675328,naive,ANCASH
2015-11-23,1.0676318058191265,0.8007238543643447,naive,ANCASH
2015-11-30,0.8896931715159386,0.8007238543643447,naive,ANCASH
2015-12-07,0.8896931715159386,0.8007238543643447,naive,ANCASH
2015-12-14,0.8007238543643447,0.8007238543643447,naive,ANCASH
2015-12-21,0.8896931715159386,0.8007238543643447,naive,ANCASH
2015-12-28,0.5338159029095629,0.8007238543643447,naive,ANCASH
2016-01-04,0.5314363617546719,0.8007238543643447,naive,ANCASH
2016-01-11,0.8837443186287111,0.8007238543643447,naive,ANCASH
2016-01-18,1.2372420460801956,0.8837443186287111,naive,ANCASH
2016-01-25,0.8837443186287111,0.8837443186287111,naive,ANCASH
2016-02-01,0.6186210230400975,0.8837443186287111,naive,ANCASH
2016-02-08,0.5302465911772264,0.8837443186287111,naive,ANCASH
2016-02-15,0.8837443186287111,0.5302465911772263,naive,ANCASH
2016-02-22,0.7953698867658399,0.5302465911772263,naive,ANCASH
2016-02-29,0.9721187504915821,0.5302465911772263,naive,ANCASH
2016-03-07,1.0604931823544532,0.5302465911772263,naive,ANCASH
2016-03-14,1.0604931823544532,1.0604931823544534,naive,ANCASH
2016-03-21,1.3256164779430668,1.0604931823544534,naive,ANCASH
2016-03-28,1.1488676142173244,1.0604931823544534,naive,ANCASH
2016-04-04,1.413990909805938,1.0604931823544534,naive,ANCASH
2016-04-11,0.8837443186287111,1.4139909098059378,naive,ANCASH
2016-04-18,1.413990909805938,1.4139909098059378,naive,ANCASH
2016-04-25,2.474484092160392,1.4139909098059378,naive,ANCASH
2016-05-02,2.9163562514747476,1.4139909098059378,naive,ANCASH
2016-05-09,3.1814795470633612,2.9163562514747476,naive,ANCASH
2016-05-16,2.6512329558861345,2.9163562514747476,naive,ANCASH
2016-05-23,2.8279818196118764,2.9163562514747476,naive,ANCASH
2016-05-30,3.0047306833376193,2.9163562514747476,naive,ANCASH
2016-06-06,3.1814795470633612,3.0047306833376197,naive,ANCASH
2016-06-13,3.623351706377717,3.0047306833376197,naive,ANCASH
2016-06-20,3.623351706377717,3.0047306833376197,naive,ANCASH
2016-06-27,3.2698539789262324,3.0047306833376197,naive,ANCASH
2016-07-04,2.562858524023263,3.269853978926232,naive,ANCASH
2016-07-11,1.9442375009831647,3.269853978926232,naive,ANCASH
2016-07-18,1.5023653416688092,3.269853978926232,naive,ANCASH
2016-07-25,1.6791142053945514,3.269853978926232,naive,ANCASH
2016-08-01,1.7674886372574228,1.6791142053945514,naive,ANCASH
2016-08-08,2.2977352284346493,1.6791142053945514,naive,ANCASH
2016-08-15,2.2977352284346493,1.6791142053945514,naive,ANCASH
2016-08-22,2.209360796571778,1.6791142053945514,naive,ANCASH
2016-08-29,1.6791142053945514,2.209360796571778,naive,ANCASH
2016-09-05,1.413990909805938,2.209360796571778,naive,ANCASH
2016-09-12,1.3256164779430666,2.209360796571778,naive,ANCASH
2016-09-19,1.5023653416688092,2.209360796571778,naive,ANCASH
2016-09-26,1.502365341668809,1.5023653416688094,naive,ANCASH
2016-10-03,1.0604931823544532,1.5023653416688094,naive,ANCASH
2016-10-10,0.883744318628711,1.5023653416688094,naive,ANCASH
2016-10-17,1.0604931823544532,1.5023653416688094,naive,ANCASH
2016-10-24,1.2372420460801956,1.0604931823544534,naive,ANCASH
2016-10-31,1.3256164779430668,1.0604931823544534,naive,ANCASH
2016-11-07,1.0604931823544532,1.0604931823544534,naive,ANCASH
2016-11-14,0.9721187504915821,1.0604931823544534,naive,ANCASH
2016-11-21,0.7953698867658399,0.972118750491582,naive,ANCASH
2016-11-28,1.1488676142173244,0.972118750491582,naive,ANCASH
2016-12-05,1.9442375009831647,0.972118750491582,naive,ANCASH
2016-12-12,1.9442375009831652,0.972118750491582,naive,ANCASH
2016-12-19,1.5907397735316804,1.9442375009831654,naive,ANCASH
2016-12-26,0.9721187504915821,1.9442375009831654,naive,ANCASH
2017-01-02,1.4970824961586804,1.9442375009831654,naive,ANCASH
2017-01-09,1.4947345648208454,1.9442375009831654,naive,ANCASH
2017-01-16,2.2824736747387218,1.4947345648208454,naive,ANCASH
2017-01-23,2.019111327653485,1.4947345648208454,naive,ANCASH
2017-01-30,2.370261123767134,1.4947345648208454,naive,ANCASH
2017-02-06,2.2824736747387218,1.4947345648208454,naive,ANCASH
2017-02-13,2.8091983689091964,2.2824736747387213,naive,ANCASH
2017-02-20,3.4237105121080833,2.2824736747387213,naive,ANCASH
2017-02-27,3.9504352062785575,2.2824736747387213,naive,ANCASH
2017-03-06,4.213797553363794,2.2824736747387213,naive,ANCASH
2017-03-13,4.126010104335382,4.213797553363794,naive,ANCASH
2017-03-20,3.160348165022846,4.213797553363794,naive,ANCASH
2017-03-27,2.4580485727955472,4.213797553363794,naive,ANCASH
2017-04-03,2.1946862257103095,4.213797553363794,naive,ANCASH
2017-04-10,2.370261123767134,2.1946862257103095,naive,ANCASH
2017-04-17,2.545836021823959,2.1946862257103095,naive,ANCASH
2017-04-24,2.6336234708523714,2.1946862257103095,naive,ANCASH
2017-05-01,2.8969858179376087,2.1946862257103095,naive,ANCASH
2017-05-08,3.4237105121080833,2.8969858179376082,naive,ANCASH
2017-05-15,3.774860308221733,2.8969858179376082,naive,ANCASH
2017-05-22,3.5114979611364956,2.8969858179376082,naive,ANCASH
2017-05-29,2.984773266966021,2.8969858179376082,naive,ANCASH
2017-06-05,2.019111327653485,2.984773266966021,naive,ANCASH
2017-06-12,1.8435364295966599,2.984773266966021,naive,ANCASH
2017-06-19,1.667961531539835,2.984773266966021,naive,ANCASH
2017-06-26,1.7557489805682476,2.984773266966021,naive,ANCASH
2017-07-03,1.5801740825114228,1.7557489805682476,naive,ANCASH
2017-07-10,1.667961531539835,1.7557489805682476,naive,ANCASH
2017-07-17,1.9313238786250724,1.7557489805682476,naive,ANCASH
2017-07-24,1.84353642959666,1.7557489805682476,naive,ANCASH
2017-07-31,1.4923866334830105,1.8435364295966599,naive,ANCASH
2017-08-07,1.2290242863977732,1.8435364295966599,naive,ANCASH
2017-08-14,1.1412368373693609,1.8435364295966599,naive,ANCASH
2017-08-21,1.2290242863977732,1.8435364295966599,naive,ANCASH
2017-08-28,1.0534493883409486,1.229024286397773,naive,ANCASH
2017-09-04,1.1412368373693609,1.229024286397773,naive,ANCASH
2017-09-11,0.8778744902841235,1.229024286397773,naive,ANCASH
2017-09-18,0.8778744902841235,1.229024286397773,naive,ANCASH
2017-09-25,0.8778744902841235,0.8778744902841236,naive,ANCASH
2017-10-02,1.667961531539835,0.8778744902841236,naive,ANCASH
2017-10-09,1.4923866334830105,0.8778744902841236,naive,ANCASH
2017-10-16,1.5801740825114228,0.8778744902841236,naive,ANCASH
2017-10-23,1.1412368373693607,1.580174082511423,naive,ANCASH
2017-10-30,2.370261123767134,1.580174082511423,naive,ANCASH
2017-11-06,2.370261123767134,1.580174082511423,naive,ANCASH
2017-11-13,2.106898776681897,1.580174082511423,naive,ANCASH
2017-11-20,1.3168117354261855,2.1068987766818976,naive,ANCASH
2017-11-27,1.4923866334830105,2.1068987766818976,naive,ANCASH
2017-12-04,2.8969858179376087,2.1068987766818976,naive,ANCASH
2017-12-11,2.721410919880784,2.1068987766818976,naive,ANCASH
2017-12-18,2.545836021823959,2.721410919880784,naive,ANCASH
2017-12-25,1.7557489805682476,2.721410919880784,naive,ANCASH
2018-01-01,1.664600624092876,2.721410919880784,naive,ANCASH
2018-01-08,1.4865050454508317,2.721410919880784,naive,ANCASH
2018-01-15,1.3042083325000886,1.4865050454508317,naive,ANCASH
2018-01-22,1.3042083325000886,1.4865050454508317,naive,ANCASH
2018-01-29,1.2172611103334159,1.4865050454508317,naive,ANCASH
2018-02-05,1.2172611103334159,1.4865050454508317,naive,ANCASH
2018-02-12,1.0433666660000707,1.2172611103334159,naive,ANCASH
2018-02-19,1.1303138881667432,1.2172611103334159,naive,ANCASH
2018-02-26,0.6086305551667075,1.2172611103334159,naive,ANCASH
2018-03-05,0.5216833330000349,1.2172611103334159,naive,ANCASH
2018-03-12,0.2608416665000171,0.521683333000035,naive,ANCASH
2018-03-19,0.17389444433334447,0.521683333000035,naive,ANCASH
2018-03-26,0.43473611083336233,0.521683333000035,naive,ANCASH
2018-04-02,0.521683333000035,0.521683333000035,naive,ANCASH
2018-04-09,0.7825249995000528,0.521683333000035,naive,ANCASH
2018-04-16,1.1303138881667432,0.521683333000035,naive,ANCASH
2018-04-23,2.260627776333487,0.521683333000035,naive,ANCASH
2018-04-30,2.782311109333522,0.521683333000035,naive,ANCASH
2018-05-07,4.0865194418336115,2.782311109333522,naive,ANCASH
2018-05-14,4.260413886166957,2.782311109333522,naive,ANCASH
2018-05-21,5.303780552167029,2.782311109333522,naive,ANCASH
2018-05-28,5.380214306287272,2.782311109333522,naive,ANCASH
2018-06-04,5.380214306287272,5.380214306287271,naive,ANCASH
2018-06-11,5.206319861953927,5.380214306287271,naive,ANCASH
2018-06-18,5.206319861953927,5.380214306287271,naive,ANCASH
2018-06-25,5.554108750620617,5.380214306287271,naive,ANCASH
2018-07-02,5.7280031949539625,5.5541087506206175,naive,ANCASH
2018-07-09,4.955991663500337,5.5541087506206175,naive,ANCASH
2018-07-16,4.69514999700032,5.5541087506206175,naive,ANCASH
2018-07-23,3.999572219666939,5.5541087506206175,naive,ANCASH
2018-07-30,3.651783331000249,3.9995722196669394,naive,ANCASH
2018-08-06,3.130099998000213,3.9995722196669394,naive,ANCASH
2018-08-13,2.69536388716685,3.9995722196669394,naive,ANCASH
2018-08-20,2.1736805541668143,3.9995722196669394,naive,ANCASH
2018-08-27,2.956205553666868,2.1736805541668143,naive,ANCASH
2018-09-03,2.956205553666868,2.1736805541668143,naive,ANCASH
2018-09-10,3.130099998000213,2.1736805541668143,naive,ANCASH
2018-09-17,2.1736805541668147,2.1736805541668143,naive,ANCASH
2018-09-24,2.6084166650001777,2.173680554166815,naive,ANCASH
2018-10-01,2.6084166650001777,2.173680554166815,naive,ANCASH
2018-10-08,3.217047220166886,2.173680554166815,naive,ANCASH
2018-10-15,2.434522220666832,2.173680554166815,naive,ANCASH
2018-10-22,3.0431527758335406,2.434522220666832,naive,ANCASH
2018-10-29,2.3475749985001597,2.434522220666832,naive,ANCASH
2018-11-05,2.782311109333523,2.434522220666832,naive,ANCASH
2018-11-12,2.260627776333487,2.434522220666832,naive,ANCASH
2018-11-19,2.69536388716685,2.260627776333487,naive,ANCASH
2018-11-26,2.869258331500196,2.260627776333487,naive,ANCASH
2018-12-03,2.69536388716685,2.260627776333487,naive,ANCASH
2018-12-10,2.4345222206668327,2.260627776333487,naive,ANCASH
2018-12-17,2.69536388716685,2.4345222206668327,naive,ANCASH
2018-12-24,3.4778888866669035,2.4345222206668327,naive,ANCASH
2018-12-31,2.782311109333522,2.4345222206668327,naive,ANCASH
2019-01-07,1.5642257035316272,2.4345222206668327,naive,ANCASH
2019-01-14,0.9490007846170853,1.5642257035316272,naive,ANCASH
2019-01-21,1.2918439004729003,1.5642257035316272,naive,ANCASH
2019-01-28,1.4640897538692872,1.5642257035316272,naive,ANCASH
2019-02-04,0.9473521936801269,1.5642257035316272,naive,ANCASH
2019-02-11,0.6889834135855466,0.9473521936801268,naive,ANCASH
2019-02-18,0.7751063402837399,0.9473521936801268,naive,ANCASH
2019-02-25,0.8612292669819334,0.9473521936801268,naive,ANCASH
2019-03-04,0.8612292669819334,0.9473521936801268,naive,ANCASH
2019-03-11,0.8612292669819334,0.8612292669819335,naive,ANCASH
2019-03-18,0.9473521936801269,0.8612292669819335,naive,ANCASH
2019-03-25,1.3779668271710939,0.8612292669819335,naive,ANCASH
2019-04-01,1.636335607265674,0.8612292669819335,naive,ANCASH
2019-04-08,1.4640897538692872,1.636335607265674,naive,ANCASH
2019-04-15,1.4640897538692872,1.636335607265674,naive,ANCASH
2019-04-22,0.9473521936801266,1.636335607265674,naive,ANCASH
2019-04-29,1.7224585339638674,1.636335607265674,naive,ANCASH
2019-05-06,2.066950240756641,1.7224585339638674,naive,ANCASH
2019-05-13,2.239196094153028,1.7224585339638674,naive,ANCASH
2019-05-20,2.669810727643995,1.7224585339638674,naive,ANCASH
2019-05-27,3.014302434436768,1.7224585339638674,naive,ANCASH
2019-06-03,3.7894087747205094,3.014302434436768,naive,ANCASH
2019-06-10,3.100425361134962,3.014302434436768,naive,ANCASH
2019-06-17,2.1530731674548345,3.014302434436768,naive,ANCASH
2019-06-24,1.8085814606620607,3.014302434436768,naive,ANCASH
2019-07-01,2.4975648742476078,1.8085814606620607,naive,ANCASH
2019-07-08,3.2726712145313486,1.8085814606620607,naive,ANCASH
2019-07-15,3.444917067927735,1.8085814606620607,naive,ANCASH
2019-07-22,3.100425361134962,1.8085814606620607,naive,ANCASH
2019-07-29,2.325319020851221,3.1004253611349615,naive,ANCASH
2019-08-05,1.9808273140584476,3.1004253611349615,naive,ANCASH
2019-08-12,1.2918439004729005,3.1004253611349615,naive,ANCASH
2019-08-19,1.2918439004729005,3.1004253611349615,naive,ANCASH
2019-08-26,1.1195980470765134,1.2918439004729008,naive,ANCASH
2019-09-02,1.9808273140584476,1.2918439004729008,naive,ANCASH
2019-09-09,2.066950240756641,1.2918439004729008,naive,ANCASH
2019-09-16,2.239196094153028,1.2918439004729008,naive,ANCASH
2019-09-23,1.2918439004729005,2.239196094153028,naive,ANCASH
2019-09-30,1.3779668271710939,2.239196094153028,naive,ANCASH
2019-10-07,1.1195980470765134,2.239196094153028,naive,ANCASH
2019-10-14,1.636335607265674,2.239196094153028,naive,ANCASH
2019-10-21,1.7224585339638676,1.636335607265674,naive,ANCASH
2019-10-28,1.8947043873602543,1.636335607265674,naive,ANCASH
2019-11-04,1.7224585339638676,1.636335607265674,naive,ANCASH
2019-11-11,1.2918439004729005,1.636335607265674,naive,ANCASH
2019-11-18,1.2057209737747072,1.2918439004729008,naive,ANCASH
2019-11-25,1.0334751203783203,1.2918439004729008,naive,ANCASH
2019-12-02,1.6363356072656743,1.2918439004729008,naive,ANCASH
2019-12-09,2.3253190208512216,1.2918439004729008,naive,ANCASH
2019-12-16,2.325319020851221,2.325319020851221,naive,ANCASH
2019-12-23,1.7224585339638676,2.325319020851221,naive,ANCASH
2019-12-30,1.0334751203783203,2.325319020851221,naive,ANCASH
2020-01-06,1.0294310557362698,2.325319020851221,naive,ANCASH
2020-01-13,0.9416905031812561,1.0294310557362696,naive,ANCASH
2020-01-20,1.1090834790071822,1.0294310557362696,naive,ANCASH
2020-01-27,0.9384552514676155,1.0294310557362696,naive,ANCASH
2020-02-03,0.9384552514676154,1.0294310557362696,naive,ANCASH
2020-02-10,0.7678270239280489,0.9384552514676154,naive,ANCASH
2020-02-17,0.6825129101582657,0.9384552514676154,naive,ANCASH
2020-02-24,0.5971987963884825,0.9384552514676154,naive,ANCASH
2020-03-02,1.2797117065467483,0.9384552514676154,naive,ANCASH
2020-03-09,1.7062822753956646,1.2797117065467485,naive,ANCASH
2020-03-16,1.876910502935231,1.2797117065467485,naive,ANCASH
2020-03-23,1.1943975927769654,1.2797117065467485,naive,ANCASH
2020-03-30,0.5971987963884823,1.2797117065467485,naive,ANCASH
2020-04-06,0.34125645507913255,0.5971987963884824,naive,ANCASH
2020-04-13,0.08531411376978269,0.5971987963884824,naive,ANCASH
2020-04-20,0.2559423413093493,0.5971987963884824,naive,ANCASH
2020-04-27,0.25594234130934923,0.5971987963884824,naive,ANCASH
2020-05-04,0.17062822753956594,0.25594234130934923,naive,ANCASH
2020-05-11,0.2559423413093492,0.25594234130934923,naive,ANCASH
2020-05-18,0.2559423413093492,0.25594234130934923,naive,ANCASH
2020-05-25,0.2559423413093492,0.25594234130934923,naive,ANCASH
2020-06-01,0.0,0.2559423413093492,naive,ANCASH
2020-06-08,0.0,0.2559423413093492,naive,ANCASH
2020-06-15,0.08531411376978269,0.2559423413093492,naive,ANCASH
2020-06-22,0.08531411376978269,0.2559423413093492,naive,ANCASH
2020-06-29,0.08531411376978269,0.08531411376978269,naive,ANCASH
2020-07-06,0.0,0.08531411376978269,naive,ANCASH
2020-07-13,0.0,0.08531411376978269,naive,ANCASH
2020-07-20,0.0,0.08531411376978269,naive,ANCASH
2020-07-27,0.0,0.0,naive,ANCASH
2020-08-03,0.0,0.0,naive,ANCASH
2020-08-10,0.0,0.0,naive,ANCASH
2020-08-17,0.0,0.0,naive,ANCASH
2020-08-24,0.0,0.0,naive,ANCASH
2020-08-31,0.0,0.0,naive,ANCASH
2020-09-07,0.0,0.0,naive,ANCASH
2020-09-14,0.0,0.0,naive,ANCASH
2020-09-21,0.0,0.0,naive,ANCASH
2020-09-28,0.0,0.0,naive,ANCASH
2020-10-05,0.0,0.0,naive,ANCASH
2020-10-12,0.0,0.0,naive,ANCASH
2020-10-19,0.0,0.0,naive,ANCASH
2020-10-26,0.08531411376978269,0.0,naive,ANCASH
2020-11-02,0.08531411376978269,0.0,naive,ANCASH
2020-11-09,0.08531411376978269,0.0,naive,ANCASH
2020-11-16,0.0,0.08531411376978269,naive,ANCASH
2020-11-23,0.08531411376978269,0.08531411376978269,naive,ANCASH
2020-11-30,0.08531411376978269,0.08531411376978269,naive,ANCASH
2020-12-07,0.08531411376978269,0.08531411376978269,naive,ANCASH
2020-12-14,0.0,0.08531411376978269,naive,ANCASH
2020-12-21,0.0,0.08531411376978269,naive,ANCASH
2020-12-28,0.0,0.08531411376978269,naive,ANCASH
2021-01-04,0.0,0.08531411376978269,naive,ANCASH
2021-01-11,0.08452035123277098,0.0,naive,ANCASH
2021-01-18,0.08452035123277098,0.0,naive,ANCASH
2021-01-25,0.08452035123277098,0.0,naive,ANCASH
2021-02-01,0.0,0.0,naive,ANCASH
2021-02-08,0.0,0.0,naive,ANCASH
2021-02-15,0.08452035123277098,0.0,naive,ANCASH
2021-02-22,0.08452035123277098,0.0,naive,ANCASH
2021-03-01,0.08452035123277098,0.0,naive,ANCASH
2021-03-08,0.0,0.08452035123277099,naive,ANCASH
2021-03-15,0.0,0.08452035123277099,naive,ANCASH
2021-03-22,0.0,0.08452035123277099,naive,ANCASH
2021-03-29,0.0,0.08452035123277099,naive,ANCASH
2021-04-05,0.08452035123277098,0.0,naive,ANCASH
2021-04-12,0.2535610536983141,0.0,naive,ANCASH
2021-04-19,0.5071221073966289,0.0,naive,ANCASH
2021-04-26,0.42260175616385737,0.0,naive,ANCASH
2021-05-03,0.25356105369831416,0.4226017561638574,naive,ANCASH
2021-05-10,0.0,0.4226017561638574,naive,ANCASH
2021-05-17,0.0,0.4226017561638574,naive,ANCASH
2021-05-24,0.16904070246554256,0.4226017561638574,naive,ANCASH
2021-05-31,0.2535610536983141,0.16904070246554256,naive,ANCASH
2021-06-07,0.42260175616385726,0.16904070246554256,naive,ANCASH
2021-06-14,0.5071221073966289,0.16904070246554256,naive,ANCASH
2021-06-21,0.5071221073966289,0.16904070246554256,naive,ANCASH
2021-06-28,0.42260175616385726,0.5071221073966288,naive,ANCASH
2021-07-05,0.16904070246554256,0.5071221073966288,naive,ANCASH
2021-07-12,0.16904070246554256,0.5071221073966288,naive,ANCASH
2021-07-19,0.08452035123277098,0.5071221073966288,naive,ANCASH
2021-07-26,0.08452035123277098,0.08452035123277099,naive,ANCASH
2021-08-02,0.0,0.08452035123277099,naive,ANCASH
2021-08-09,0.0,0.08452035123277099,naive,ANCASH
2021-08-16,0.16904070246554256,0.08452035123277099,naive,ANCASH
2021-08-23,0.3380814049310857,0.16904070246554256,naive,ANCASH
2021-08-30,0.42260175616385726,0.16904070246554256,naive,ANCASH
2021-09-06,0.2535610536983141,0.16904070246554256,naive,ANCASH
2021-09-13,0.2535610536983141,0.16904070246554256,naive,ANCASH
2021-09-20,0.2535610536983141,0.25356105369831405,naive,ANCASH
2021-09-27,0.3380814049310857,0.25356105369831405,naive,ANCASH
2021-10-04,0.3380814049310857,0.25356105369831405,naive,ANCASH
2021-10-11,0.2535610536983141,0.25356105369831405,naive,ANCASH
2021-10-18,0.3380814049310857,0.25356105369831405,naive,ANCASH
2021-10-25,0.4226017561638573,0.25356105369831405,naive,ANCASH
2021-11-01,0.8452035123277152,0.25356105369831405,naive,ANCASH
2021-11-08,1.1832849172588016,0.25356105369831405,naive,ANCASH
2021-11-15,1.09876456602603,1.1832849172588018,naive,ANCASH
2021-11-22,1.1832849172588016,1.1832849172588018,naive,ANCASH
2021-11-29,1.4368459709571164,1.1832849172588018,naive,ANCASH
2021-12-06,1.352325619724345,1.1832849172588018,naive,ANCASH
2021-12-13,1.4368459709571164,1.3523256197243447,naive,ANCASH
2021-12-20,1.09876456602603,1.3523256197243447,naive,ANCASH
2021-12-27,1.0142442147932584,1.3523256197243447,naive,ANCASH
2022-01-03,0.8413075198999186,1.3523256197243447,naive,ANCASH
2022-01-10,0.6699292219776974,0.8413075198999185,naive,ANCASH
2022-01-17,1.0048938329665464,0.8413075198999185,naive,ANCASH
2022-01-24,0.7536703747249097,0.8413075198999185,naive,ANCASH
2022-01-31,0.6699292219776974,0.8413075198999185,naive,ANCASH
2022-02-07,0.41870576373606067,0.6699292219776976,naive,ANCASH
2022-02-14,0.3349646109888484,0.6699292219776976,naive,ANCASH
2022-02-21,0.16748230549442386,0.6699292219776976,naive,ANCASH
2022-02-28,0.3349646109888484,0.6699292219776976,naive,ANCASH
2022-03-07,0.5024469164832729,0.3349646109888484,naive,ANCASH
2022-03-14,0.5861880692304852,0.3349646109888484,naive,ANCASH
2022-03-21,0.33496461098884844,0.3349646109888484,naive,ANCASH
2022-03-28,0.2512234582416361,0.3349646109888484,naive,ANCASH
2022-04-04,0.25122345824163617,0.2512234582416361,naive,ANCASH
2022-04-11,0.41870576373606067,0.2512234582416361,naive,ANCASH
2022-04-18,0.2512234582416361,0.2512234582416361,naive,ANCASH
2022-04-25,0.586188069230485,0.2512234582416361,naive,ANCASH
2022-05-02,0.7536703747249097,0.586188069230485,naive,ANCASH
2022-05-09,1.0886349857137587,0.586188069230485,naive,ANCASH
2022-05-16,0.8374115274721219,0.586188069230485,naive,ANCASH
2022-05-23,1.0048938329665464,0.586188069230485,naive,ANCASH
2022-05-30,1.3398584439553953,1.0048938329665464,naive,ANCASH
2022-06-06,2.1772699714275183,1.0048938329665464,naive,ANCASH
2022-06-13,2.344752276921943,1.0048938329665464,naive,ANCASH
2022-06-20,2.5959757351635795,1.0048938329665464,naive,ANCASH
2022-06-27,1.8423053604386688,2.5959757351635795,naive,ANCASH
2022-07-04,2.0097876659330933,2.5959757351635795,naive,ANCASH
2022-07-11,1.9260465131858808,2.5959757351635795,naive,ANCASH
2022-07-18,2.0097876659330933,2.5959757351635795,naive,ANCASH
2022-07-25,1.591081902197032,2.0097876659330933,naive,ANCASH
2022-08-01,0.921152680219334,2.0097876659330933,naive,ANCASH
2022-08-08,0.8374115274721218,2.0097876659330933,naive,ANCASH
2022-08-15,1.0048938329665464,2.0097876659330933,naive,ANCASH
2022-08-22,1.0886349857137587,1.0048938329665464,naive,ANCASH
2022-08-29,0.921152680219334,1.0048938329665464,naive,ANCASH
2022-09-05,0.5861880692304852,1.0048938329665464,naive,ANCASH
2022-09-12,0.3349646109888484,1.0048938329665464,naive,ANCASH
2022-09-19,0.5024469164832729,0.3349646109888484,naive,ANCASH
2022-09-26,0.41870576373606055,0.3349646109888484,naive,ANCASH
2022-10-03,0.5861880692304852,0.3349646109888484,naive,ANCASH
2022-10-10,0.5861880692304852,0.3349646109888484,naive,ANCASH
2022-10-17,0.5861880692304852,0.5861880692304853,naive,ANCASH
2022-10-24,0.586188069230485,0.5861880692304853,naive,ANCASH
2022-10-31,0.41870576373606055,0.5861880692304853,naive,ANCASH
2022-11-07,0.41870576373606055,0.5861880692304853,naive,ANCASH
2022-11-14,0.41870576373606055,0.41870576373606055,naive,ANCASH
2022-11-21,1.4235995967026076,0.41870576373606055,naive,ANCASH
2022-11-28,1.7585642076914567,0.41870576373606055,naive,ANCASH
2022-12-05,2.0097876659330933,0.41870576373606055,naive,ANCASH
2010-12-27,3.314444071057997,1.297990895521003,seasonal_naive,ANCASH
2011-01-03,3.2147334377159695,1.6617422472504448,seasonal_naive,ANCASH
2011-01-10,2.4769165204009744,1.7492899263917203,seasonal_naive,ANCASH
2011-01-17,1.9200509087783801,2.57790094415622,seasonal_naive,ANCASH
2011-01-24,1.0971719478733595,1.933425708117165,seasonal_naive,ANCASH
2011-01-31,1.9200509087783801,1.7492899263917203,seasonal_naive,ANCASH
2011-02-07,2.7429298696834006,1.8413578172544423,seasonal_naive,ANCASH
2011-02-14,3.0172228566517405,2.2096293807053313,seasonal_naive,ANCASH
2011-02-21,2.834360865339514,3.2223761801952744,seasonal_naive,ANCASH
2011-02-28,1.9200509087783804,3.3144440710579968,seasonal_naive,ANCASH
2011-03-07,2.377205887058947,3.7747835253716087,seasonal_naive,ANCASH
2011-03-14,2.0114819044344934,3.130308289332552,seasonal_naive,ANCASH
2011-03-21,2.102912900090607,3.3144440710579968,seasonal_naive,ANCASH
2011-03-28,2.834360865339514,3.7747835253716087,seasonal_naive,ANCASH
2011-04-04,4.2972567958373284,3.7747835253716087,seasonal_naive,ANCASH
2011-04-11,5.302997748054576,3.406511961920719,seasonal_naive,ANCASH
2011-04-18,5.120135756742349,3.0382403984698314,seasonal_naive,ANCASH
2011-04-25,3.840101817556762,3.130308289332554,seasonal_naive,ANCASH
2011-05-02,2.925791860995627,3.130308289332554,seasonal_naive,ANCASH
2011-05-09,2.651498874027287,3.7747835253716087,seasonal_naive,ANCASH
2011-05-16,2.925791860995627,4.838256589835378,seasonal_naive,ANCASH
2011-05-23,2.925791860995627,5.482731825874434,seasonal_naive,ANCASH
2011-05-30,2.3772058870589468,5.390663935011712,seasonal_naive,ANCASH
2011-06-06,2.46863688271506,4.143055088822496,seasonal_naive,ANCASH
2011-06-13,2.102912900090607,3.130308289332552,seasonal_naive,ANCASH
2011-06-20,2.0114819044344934,1.7492899263917199,seasonal_naive,ANCASH
2011-06-27,1.6457579218100398,1.5651541446662756,seasonal_naive,ANCASH
2011-07-04,1.8286199131222667,2.3937651624307756,seasonal_naive,ANCASH
2011-07-11,1.4628959304978133,2.57790094415622,seasonal_naive,ANCASH
2011-07-18,1.188602943529473,2.6699688350189414,seasonal_naive,ANCASH
2011-07-25,1.005740952217246,2.3937651624307756,seasonal_naive,ANCASH
2011-08-01,1.7371889174661532,2.117561489842609,seasonal_naive,ANCASH
2011-08-08,1.9200509087783801,1.7492899263917199,seasonal_naive,ANCASH
2011-08-15,2.0114819044344934,1.4730862538035536,seasonal_naive,ANCASH
2011-08-22,1.9200509087783801,1.5651541446662756,seasonal_naive,ANCASH
2011-08-29,2.2857748914028337,1.7492899263917199,seasonal_naive,ANCASH
2011-09-05,2.5600678783711737,1.5651541446662756,seasonal_naive,ANCASH
2011-09-12,2.2857748914028337,1.8413578172544423,seasonal_naive,ANCASH
2011-09-19,2.0114819044344934,1.933425708117165,seasonal_naive,ANCASH
2011-09-26,1.7371889174661532,2.57790094415622,seasonal_naive,ANCASH
2011-10-03,1.3714649348416996,2.854104616744386,seasonal_naive,ANCASH
2011-10-10,1.4628959304978129,2.854104616744386,seasonal_naive,ANCASH
2011-10-17,1.188602943529473,2.946172507607108,seasonal_naive,ANCASH
2011-10-24,1.3714649348416996,2.4858330532934976,seasonal_naive,ANCASH
2011-10-31,1.0971719478733595,2.3937651624307756,seasonal_naive,ANCASH
2011-11-07,1.4628959304978133,2.301697271568053,seasonal_naive,ANCASH
2011-11-14,1.4628959304978133,3.130308289332552,seasonal_naive,ANCASH
2011-11-21,1.7371889174661532,3.3144440710579968,seasonal_naive,ANCASH
2011-11-28,1.6457579218100398,3.2223761801952744,seasonal_naive,ANCASH
2011-12-05,2.011481904434494,2.6699688350189414,seasonal_naive,ANCASH
2011-12-12,1.5543269261539268,3.130308289332552,seasonal_naive,ANCASH
2011-12-19,1.9200509087783804,2.946172507607108,seasonal_naive,ANCASH
2011-12-26,1.4628959304978135,3.3144440710579968,seasonal_naive,ANCASH
2012-01-02,1.733420052965978,3.214733437715969,seasonal_naive,ANCASH
2012-01-09,1.7277667562157146,2.476916520400974,seasonal_naive,ANCASH
2012-01-16,2.179268437746018,1.9200509087783804,seasonal_naive,ANCASH
2012-01-23,3.1780998050462768,1.0971719478733597,seasonal_naive,ANCASH
2012-01-30,2.7240855471825225,1.9200509087783804,seasonal_naive,ANCASH
2012-02-06,2.179268437746018,2.7429298696834,seasonal_naive,ANCASH
2012-02-13,1.6344513283095132,3.01722285665174,seasonal_naive,ANCASH
2012-02-20,2.270071289318769,2.8343608653395145,seasonal_naive,ANCASH
2012-02-27,2.5424798440370213,1.9200509087783804,seasonal_naive,ANCASH
2012-03-05,1.9976627346005165,2.377205887058947,seasonal_naive,ANCASH
2012-03-12,1.9976627346005167,2.011481904434494,seasonal_naive,ANCASH
2012-03-19,3.268902656619028,2.1029129000906073,seasonal_naive,ANCASH
2012-03-26,3.722916914482782,2.8343608653395145,seasonal_naive,ANCASH
2012-04-02,4.176931172346536,4.297256795837329,seasonal_naive,ANCASH
2012-04-09,4.086128320773785,5.302997748054577,seasonal_naive,ANCASH
2012-04-16,4.903353984928542,5.12013575674235,seasonal_naive,ANCASH
2012-04-23,3.9953254692010334,3.8401018175567625,seasonal_naive,ANCASH
2012-04-30,3.722916914482782,2.925791860995627,seasonal_naive,ANCASH
2012-05-07,3.1780998050462768,2.651498874027287,seasonal_naive,ANCASH
2012-05-14,3.6321140629100306,2.925791860995627,seasonal_naive,ANCASH
2012-05-21,3.8137197660555326,2.925791860995627,seasonal_naive,ANCASH
2012-05-28,3.632114062910031,2.377205887058947,seasonal_naive,ANCASH
2012-06-04,4.449339727064788,2.46863688271506,seasonal_naive,ANCASH
2012-06-11,3.722916914482782,2.1029129000906073,seasonal_naive,ANCASH
2012-06-18,3.359705508191779,2.011481904434494,seasonal_naive,ANCASH
2012-06-25,2.5424798440370218,1.64575792181004,seasonal_naive,ANCASH
2012-07-02,2.36087414089152,1.8286199131222665,seasonal_naive,ANCASH
2012-07-09,2.270071289318769,1.462895930497813,seasonal_naive,ANCASH
2012-07-16,1.8160570314550153,1.1886029435294732,seasonal_naive,ANCASH
2012-07-23,1.9976627346005167,1.0057409522172462,seasonal_naive,ANCASH
2012-07-30,1.8160570314550153,1.7371889174661534,seasonal_naive,ANCASH
2012-08-06,1.8160570314550153,1.9200509087783804,seasonal_naive,ANCASH
2012-08-13,1.3620427735912612,2.011481904434494,seasonal_naive,ANCASH
2012-08-20,1.1804370704457596,1.9200509087783804,seasonal_naive,ANCASH
2012-08-27,0.7264228125820057,2.2857748914028333,seasonal_naive,ANCASH
2012-09-03,0.8172256641547566,2.560067878371174,seasonal_naive,ANCASH
2012-09-10,1.0896342188730088,2.2857748914028333,seasonal_naive,ANCASH
2012-09-17,1.452845625164012,2.011481904434494,seasonal_naive,ANCASH
2012-09-24,1.543648476736763,1.7371889174661534,seasonal_naive,ANCASH
2012-10-01,1.4528456251640123,1.3714649348416996,seasonal_naive,ANCASH
2012-10-08,1.543648476736763,1.462895930497813,seasonal_naive,ANCASH
2012-10-15,1.1804370704457596,1.1886029435294732,seasonal_naive,ANCASH
2012-10-22,1.634451328309514,1.3714649348416996,seasonal_naive,ANCASH
2012-10-29,1.1804370704457599,1.0971719478733597,seasonal_naive,ANCASH
2012-11-05,1.1804370704457599,1.462895930497813,seasonal_naive,ANCASH
2012-11-12,1.0896342188730088,1.462895930497813,seasonal_naive,ANCASH
2012-11-19,2.0884655861732675,1.7371889174661534,seasonal_naive,ANCASH
2012-11-26,2.270071289318769,1.64575792181004,seasonal_naive,ANCASH
2012-12-03,2.1792684377460185,2.011481904434494,seasonal_naive,ANCASH
2012-12-10,1.8160570314550153,1.554326926153927,seasonal_naive,ANCASH
2012-12-17,2.270071289318769,1.9200509087783804,seasonal_naive,ANCASH
2012-12-24,2.088465586173268,1.4628959304978135,seasonal_naive,ANCASH
2012-12-31,2.7240855471825234,1.733420052965978,seasonal_naive,ANCASH
2013-01-07,2.8982573611653826,1.7277667562157148,seasonal_naive,ANCASH
2013-01-14,4.338093680294771,2.1792684377460176,seasonal_naive,ANCASH
2013-01-21,3.2466009891311014,3.1780998050462763,seasonal_naive,ANCASH
2013-01-28,3.3367843499402983,2.7240855471825225,seasonal_naive,ANCASH
2013-02-04,2.8858675458943117,2.1792684377460176,seasonal_naive,ANCASH
2013-02-11,2.705500824275917,1.6344513283095132,seasonal_naive,ANCASH
2013-02-18,2.0742172986115364,2.2700712893187696,seasonal_naive,ANCASH
2013-02-25,1.0822003297103668,2.5424798440370213,seasonal_naive,ANCASH
2013-03-04,1.7134838553747478,1.9976627346005165,seasonal_naive,ANCASH
2013-03-11,1.4429337729471559,1.9976627346005165,seasonal_naive,ANCASH
2013-03-18,1.6233004945655505,3.268902656619029,seasonal_naive,ANCASH
2013-03-25,1.9840339378023393,3.7229169144827825,seasonal_naive,ANCASH
2013-04-01,2.3447673810391283,4.176931172346536,seasonal_naive,ANCASH
2013-04-08,2.885867545894312,4.086128320773785,seasonal_naive,ANCASH
2013-04-15,2.9760509067035095,4.9033539849285415,seasonal_naive,ANCASH
2013-04-22,3.60733443236789,3.995325469201033,seasonal_naive,ANCASH
2013-04-29,3.9680678756046794,3.7229169144827825,seasonal_naive,ANCASH
2013-05-06,4.6895347620782575,3.1780998050462763,seasonal_naive,ANCASH
2013-05-13,4.59935140126906,3.6321140629100306,seasonal_naive,ANCASH
2013-05-20,3.8778845147954826,3.8137197660555326,seasonal_naive,ANCASH
2013-05-27,3.156417628321904,3.6321140629100306,seasonal_naive,ANCASH
2013-06-03,3.9680678756046794,4.449339727064788,seasonal_naive,ANCASH
2013-06-10,5.230634926933441,3.7229169144827825,seasonal_naive,ANCASH
2013-06-17,5.411001648551836,3.3597055081917784,seasonal_naive,ANCASH
2013-06-24,4.779718122887455,2.542479844037022,seasonal_naive,ANCASH
2013-07-01,3.4269677107494956,2.3608741408915206,seasonal_naive,ANCASH
2013-07-08,3.517151071558693,2.2700712893187696,seasonal_naive,ANCASH
2013-07-15,3.156417628321904,1.8160570314550157,seasonal_naive,ANCASH
2013-07-22,3.3367843499402987,1.9976627346005165,seasonal_naive,ANCASH
2013-07-29,2.9760509067035095,1.8160570314550157,seasonal_naive,ANCASH
2013-08-05,3.517151071558693,1.8160570314550157,seasonal_naive,ANCASH
2013-08-12,3.156417628321904,1.362042773591261,seasonal_naive,ANCASH
2013-08-19,2.3447673810391283,1.1804370704457594,seasonal_naive,ANCASH
2013-08-26,1.0822003297103666,0.7264228125820058,seasonal_naive,ANCASH
2013-09-02,1.62330049456555,0.8172256641547566,seasonal_naive,ANCASH
2013-09-09,1.5331171337563532,1.0896342188730088,seasonal_naive,ANCASH
2013-09-16,1.5331171337563527,1.452845625164012,seasonal_naive,ANCASH
2013-09-23,0.9920169689011692,1.543648476736763,seasonal_naive,ANCASH
2013-09-30,1.3527504121379585,1.4528456251640125,seasonal_naive,ANCASH
2013-10-07,1.6233004945655507,1.543648476736763,seasonal_naive,ANCASH
2013-10-14,1.8036672161839444,1.1804370704457594,seasonal_naive,ANCASH
2013-10-21,1.62330049456555,1.6344513283095137,seasonal_naive,ANCASH
2013-10-28,1.5331171337563527,1.1804370704457599,seasonal_naive,ANCASH
2013-11-04,1.172383690519564,1.1804370704457599,seasonal_naive,ANCASH
2013-11-11,1.4429337729471554,1.0896342188730088,seasonal_naive,ANCASH
2013-11-18,1.984033937802339,2.0884655861732675,seasonal_naive,ANCASH
2013-11-25,2.1644006594207337,2.2700712893187696,seasonal_naive,ANCASH
2013-12-02,2.5251341026575225,2.1792684377460185,seasonal_naive,ANCASH
2013-12-09,2.0742172986115364,1.8160570314550157,seasonal_naive,ANCASH
2013-12-16,1.984033937802339,2.2700712893187696,seasonal_naive,ANCASH
2013-12-23,2.1644006594207337,2.0884655861732675,seasonal_naive,ANCASH
2013-12-30,2.61531746346672,2.7240855471825234,seasonal_naive,ANCASH
2014-01-06,2.253972844749168,2.898257361165382,seasonal_naive,ANCASH
2014-01-13,1.7085944515286438,4.338093680294771,seasonal_naive,ANCASH
2014-01-20,1.4331549652549487,3.2466009891311014,seasonal_naive,ANCASH
2014-01-27,1.522727150583383,3.3367843499402987,seasonal_naive,ANCASH
2014-02-03,0.985294038612777,2.8858675458943117,seasonal_naive,ANCASH
2014-02-10,0.8957218532843426,2.7055008242759175,seasonal_naive,ANCASH
2014-02-17,1.7018715212402515,2.0742172986115364,seasonal_naive,ANCASH
2014-02-24,2.6871655598530295,1.0822003297103668,seasonal_naive,ANCASH
2014-03-03,2.6871655598530295,1.713483855374748,seasonal_naive,ANCASH
2014-03-10,2.1497324478824233,1.4429337729471556,seasonal_naive,ANCASH
2014-03-17,1.4331549652549487,1.6233004945655503,seasonal_naive,ANCASH
2014-03-24,1.6122993359118174,1.9840339378023386,seasonal_naive,ANCASH
2014-03-31,1.7914437065686861,2.3447673810391283,seasonal_naive,ANCASH
2014-04-07,2.418449003867726,2.8858675458943117,seasonal_naive,ANCASH
2014-04-14,2.866309930509898,2.97605090670351,seasonal_naive,ANCASH
2014-04-21,2.3288768185392916,3.6073344323678906,seasonal_naive,ANCASH
2014-04-28,1.5227271505833828,3.96806787560468,seasonal_naive,ANCASH
2014-05-05,0.26871655598530236,4.6895347620782575,seasonal_naive,ANCASH
2014-05-12,0.716577482627474,4.59935140126906,seasonal_naive,ANCASH
2014-05-19,0.716577482627474,3.8778845147954826,seasonal_naive,ANCASH
2014-05-26,1.3435827799265143,3.156417628321904,seasonal_naive,ANCASH
2014-06-02,1.25401059459808,3.96806787560468,seasonal_naive,ANCASH
2014-06-09,1.0748662239412112,5.230634926933441,seasonal_naive,ANCASH
2014-06-16,0.8957218532843427,5.411001648551836,seasonal_naive,ANCASH
2014-06-23,0.716577482627474,4.779718122887456,seasonal_naive,ANCASH
2014-06-30,1.0748662239412115,3.426967710749496,seasonal_naive,ANCASH
2014-07-07,1.25401059459808,3.5171510715586933,seasonal_naive,ANCASH
2014-07-14,1.522727150583383,3.156417628321904,seasonal_naive,ANCASH
2014-07-21,1.4331549652549487,3.3367843499402987,seasonal_naive,ANCASH
2014-07-28,0.8957218532843428,2.97605090670351,seasonal_naive,ANCASH
2014-08-04,0.5374331119706054,3.5171510715586933,seasonal_naive,ANCASH
2014-08-11,0.3582887413137367,3.156417628321904,seasonal_naive,ANCASH
2014-08-18,0.4478609266421711,2.3447673810391283,seasonal_naive,ANCASH
2014-08-25,0.26871655598530236,1.0822003297103664,seasonal_naive,ANCASH
2014-09-01,0.6270052972990398,1.6233004945655503,seasonal_naive,ANCASH
2014-09-08,0.8957218532843427,1.533117133756353,seasonal_naive,ANCASH
2014-09-15,1.0748662239412115,1.533117133756353,seasonal_naive,ANCASH
2014-09-22,0.716577482627474,0.9920169689011693,seasonal_naive,ANCASH
2014-09-29,0.6270052972990396,1.3527504121379583,seasonal_naive,ANCASH
2014-10-06,0.6270052972990396,1.6233004945655507,seasonal_naive,ANCASH
2014-10-13,0.8957218532843426,1.8036672161839444,seasonal_naive,ANCASH
2014-10-20,0.6270052972990396,1.6233004945655503,seasonal_naive,ANCASH
2014-10-27,1.1644384092696456,1.533117133756353,seasonal_naive,ANCASH
2014-11-03,1.0748662239412115,1.1723836905195637,seasonal_naive,ANCASH
2014-11-10,1.3435827799265143,1.4429337729471556,seasonal_naive,ANCASH
2014-11-17,0.8061496679559084,1.9840339378023386,seasonal_naive,ANCASH
2014-11-24,1.9705880772255544,2.1644006594207332,seasonal_naive,ANCASH
2014-12-01,2.149732447882423,2.5251341026575225,seasonal_naive,ANCASH
2014-12-08,2.2393046332108577,2.0742172986115364,seasonal_naive,ANCASH
2014-12-15,1.6122993359118174,1.9840339378023386,seasonal_naive,ANCASH
2014-12-22,1.7914437065686861,2.1644006594207332,seasonal_naive,ANCASH
2014-12-29,2.060160262553989,2.6153174634667202,seasonal_naive,ANCASH
2015-01-05,1.3429799117496737,2.253972844749168,seasonal_naive,ANCASH
2015-01-12,1.2491876491833567,1.7085944515286435,seasonal_naive,ANCASH
2015-01-19,1.0676318058191263,1.433154965254949,seasonal_naive,ANCASH
2015-01-26,1.2455704401223142,1.5227271505833833,seasonal_naive,ANCASH
2015-02-02,1.1566011229707203,0.9852940386127769,seasonal_naive,ANCASH
2015-02-09,1.0676318058191265,0.8957218532843425,seasonal_naive,ANCASH
2015-02-16,0.8896931715159386,1.7018715212402515,seasonal_naive,ANCASH
2015-02-23,0.44484658575796887,2.6871655598530295,seasonal_naive,ANCASH
2015-03-02,0.3558772686063749,2.6871655598530295,seasonal_naive,ANCASH
2015-03-09,0.44484658575796887,2.1497324478824233,seasonal_naive,ANCASH
2015-03-16,0.4448465857579688,1.433154965254949,seasonal_naive,ANCASH
2015-03-23,0.5338159029095628,1.6122993359118172,seasonal_naive,ANCASH
2015-03-30,0.9786624886675325,1.7914437065686863,seasonal_naive,ANCASH
2015-04-06,1.779386343031878,2.4184490038677264,seasonal_naive,ANCASH
2015-04-13,1.8683556601834717,2.866309930509898,seasonal_naive,ANCASH
2015-04-20,1.8683556601834717,2.328876818539292,seasonal_naive,ANCASH
2015-04-27,2.2242329287898475,1.5227271505833828,seasonal_naive,ANCASH
2015-05-04,2.7580488316994107,0.2687165559853024,seasonal_naive,ANCASH
2015-05-11,3.7367113203669446,0.716577482627474,seasonal_naive,ANCASH
2015-05-18,3.5587726860637567,0.716577482627474,seasonal_naive,ANCASH
2015-05-25,4.181557906124914,1.3435827799265145,seasonal_naive,ANCASH
2015-06-01,3.9146499546701325,1.2540105945980797,seasonal_naive,ANCASH
2015-06-08,3.7367113203669446,1.074866223941211,seasonal_naive,ANCASH
2015-06-15,3.291864734608975,0.8957218532843427,seasonal_naive,ANCASH
2015-06-22,2.5801101973962233,0.716577482627474,seasonal_naive,ANCASH
2015-06-29,2.4911408802446293,1.0748662239412115,seasonal_naive,ANCASH
2015-07-06,1.9573249773350658,1.2540105945980797,seasonal_naive,ANCASH
2015-07-13,2.1352636116382535,1.5227271505833833,seasonal_naive,ANCASH
2015-07-20,1.512478391577096,1.433154965254949,seasonal_naive,ANCASH
2015-07-27,1.5124783915770965,0.895721853284343,seasonal_naive,ANCASH
2015-08-03,1.3345397572739082,0.5374331119706053,seasonal_naive,ANCASH
2015-08-10,1.779386343031878,0.3582887413137368,seasonal_naive,ANCASH
2015-08-17,1.6014477087286902,0.4478609266421712,seasonal_naive,ANCASH
2015-08-24,1.2455704401223144,0.2687165559853024,seasonal_naive,ANCASH
2015-08-31,0.8007238543643447,0.6270052972990396,seasonal_naive,ANCASH
2015-09-07,0.8007238543643447,0.8957218532843427,seasonal_naive,ANCASH
2015-09-14,0.5338159029095628,1.0748662239412115,seasonal_naive,ANCASH
2015-09-21,1.0676318058191263,0.716577482627474,seasonal_naive,ANCASH
2015-09-28,1.0676318058191263,0.6270052972990396,seasonal_naive,ANCASH
2015-10-05,1.60144770872869,0.6270052972990396,seasonal_naive,ANCASH
2015-10-12,1.0676318058191265,0.8957218532843425,seasonal_naive,ANCASH
2015-10-19,0.9786624886675327,0.6270052972990396,seasonal_naive,ANCASH
2015-10-26,0.6227852200611569,1.1644384092696454,seasonal_naive,ANCASH
2015-11-02,0.6227852200611569,1.0748662239412115,seasonal_naive,ANCASH
2015-11-09,0.6227852200611569,1.3435827799265145,seasonal_naive,ANCASH
2015-11-16,0.8007238543643447,0.8061496679559084,seasonal_naive,ANCASH
2015-11-23,1.0676318058191265,1.9705880772255542,seasonal_naive,ANCASH
2015-11-30,0.8896931715159386,2.149732447882423,seasonal_naive,ANCASH
2015-12-07,0.8896931715159386,2.2393046332108577,seasonal_naive,ANCASH
2015-12-14,0.8007238543643447,1.6122993359118172,seasonal_naive,ANCASH
2015-12-21,0.8896931715159386,1.7914437065686863,seasonal_naive,ANCASH
2015-12-28,0.5338159029095629,2.0601602625539885,seasonal_naive,ANCASH
2016-01-04,0.5314363617546719,1.3429799117496737,seasonal_naive,ANCASH
2016-01-11,0.8837443186287111,1.2491876491833565,seasonal_naive,ANCASH
2016-01-18,1.2372420460801956,1.0676318058191265,seasonal_naive,ANCASH
2016-01-25,0.8837443186287111,1.245570440122314,seasonal_naive,ANCASH
2016-02-01,0.6186210230400975,1.15660112297072,seasonal_naive,ANCASH
2016-02-08,0.5302465911772264,1.0676318058191265,seasonal_naive,ANCASH
2016-02-15,0.8837443186287111,0.8896931715159386,seasonal_naive,ANCASH
2016-02-22,0.7953698867658399,0.4448465857579688,seasonal_naive,ANCASH
2016-02-29,0.9721187504915821,0.3558772686063749,seasonal_naive,ANCASH
2016-03-07,1.0604931823544532,0.4448465857579688,seasonal_naive,ANCASH
2016-03-14,1.0604931823544532,0.44484658575796876,seasonal_naive,ANCASH
2016-03-21,1.3256164779430668,0.5338159029095628,seasonal_naive,ANCASH
2016-03-28,1.1488676142173244,0.9786624886675324,seasonal_naive,ANCASH
2016-04-04,1.413990909805938,1.7793863430318781,seasonal_naive,ANCASH
2016-04-11,0.8837443186287111,1.8683556601834717,seasonal_naive,ANCASH
2016-04-18,1.413990909805938,1.8683556601834717,seasonal_naive,ANCASH
2016-04-25,2.474484092160392,2.2242329287898475,seasonal_naive,ANCASH
2016-05-02,2.9163562514747476,2.7580488316994107,seasonal_naive,ANCASH
2016-05-09,3.1814795470633612,3.736711320366946,seasonal_naive,ANCASH
2016-05-16,2.6512329558861345,3.5587726860637563,seasonal_naive,ANCASH
2016-05-23,2.8279818196118764,4.181557906124915,seasonal_naive,ANCASH
2016-05-30,3.0047306833376193,3.914649954670132,seasonal_naive,ANCASH
2016-06-06,3.1814795470633612,3.736711320366946,seasonal_naive,ANCASH
2016-06-13,3.623351706377717,3.291864734608975,seasonal_naive,ANCASH
2016-06-20,3.623351706377717,2.5801101973962233,seasonal_naive,ANCASH
2016-06-27,3.2698539789262324,2.491140880244629,seasonal_naive,ANCASH
2016-07-04,2.562858524023263,1.957324977335066,seasonal_naive,ANCASH
2016-07-11,1.9442375009831647,2.1352636116382535,seasonal_naive,ANCASH
2016-07-18,1.5023653416688092,1.5124783915770958,seasonal_naive,ANCASH
2016-07-25,1.6791142053945514,1.5124783915770967,seasonal_naive,ANCASH
2016-08-01,1.7674886372574228,1.3345397572739084,seasonal_naive,ANCASH
2016-08-08,2.2977352284346493,1.7793863430318781,seasonal_naive,ANCASH
2016-08-15,2.2977352284346493,1.6014477087286902,seasonal_naive,ANCASH
2016-08-22,2.209360796571778,1.2455704401223144,seasonal_naive,ANCASH
2016-08-29,1.6791142053945514,0.8007238543643447,seasonal_naive,ANCASH
2016-09-05,1.413990909805938,0.8007238543643447,seasonal_naive,ANCASH
2016-09-12,1.3256164779430666,0.5338159029095628,seasonal_naive,ANCASH
2016-09-19,1.5023653416688092,1.0676318058191265,seasonal_naive,ANCASH
2016-09-26,1.502365341668809,1.0676318058191265,seasonal_naive,ANCASH
2016-10-03,1.0604931823544532,1.6014477087286898,seasonal_naive,ANCASH
2016-10-10,0.883744318628711,1.0676318058191265,seasonal_naive,ANCASH
2016-10-17,1.0604931823544532,0.9786624886675328,seasonal_naive,ANCASH
2016-10-24,1.2372420460801956,0.622785220061157,seasonal_naive,ANCASH
2016-10-31,1.3256164779430668,0.622785220061157,seasonal_naive,ANCASH
2016-11-07,1.0604931823544532,0.622785220061157,seasonal_naive,ANCASH
2016-11-14,0.9721187504915821,0.8007238543643447,seasonal_naive,ANCASH
2016-11-21,0.7953698867658399,1.0676318058191265,seasonal_naive,ANCASH
2016-11-28,1.1488676142173244,0.8896931715159386,seasonal_naive,ANCASH
2016-12-05,1.9442375009831647,0.8896931715159386,seasonal_naive,ANCASH
2016-12-12,1.9442375009831652,0.8007238543643447,seasonal_naive,ANCASH
2016-12-19,1.5907397735316804,0.8896931715159386,seasonal_naive,ANCASH
2016-12-26,0.9721187504915821,0.5338159029095628,seasonal_naive,ANCASH
2017-01-02,1.4970824961586804,0.5314363617546718,seasonal_naive,ANCASH
2017-01-09,1.4947345648208454,0.8837443186287111,seasonal_naive,ANCASH
2017-01-16,2.2824736747387218,1.2372420460801954,seasonal_naive,ANCASH
2017-01-23,2.019111327653485,0.8837443186287111,seasonal_naive,ANCASH
2017-01-30,2.370261123767134,0.6186210230400975,seasonal_naive,ANCASH
2017-02-06,2.2824736747387218,0.5302465911772263,seasonal_naive,ANCASH
2017-02-13,2.8091983689091964,0.8837443186287111,seasonal_naive,ANCASH
2017-02-20,3.4237105121080833,0.7953698867658399,seasonal_naive,ANCASH
2017-02-27,3.9504352062785575,0.972118750491582,seasonal_naive,ANCASH
2017-03-06,4.213797553363794,1.0604931823544534,seasonal_naive,ANCASH
2017-03-13,4.126010104335382,1.0604931823544534,seasonal_naive,ANCASH
2017-03-20,3.160348165022846,1.3256164779430666,seasonal_naive,ANCASH
2017-03-27,2.4580485727955472,1.1488676142173246,seasonal_naive,ANCASH
2017-04-03,2.1946862257103095,1.4139909098059378,seasonal_naive,ANCASH
2017-04-10,2.370261123767134,0.8837443186287111,seasonal_naive,ANCASH
2017-04-17,2.545836021823959,1.4139909098059378,seasonal_naive,ANCASH
2017-04-24,2.6336234708523714,2.474484092160392,seasonal_naive,ANCASH
2017-05-01,2.8969858179376087,2.9163562514747476,seasonal_naive,ANCASH
2017-05-08,3.4237105121080833,3.1814795470633612,seasonal_naive,ANCASH
2017-05-15,3.774860308221733,2.6512329558861345,seasonal_naive,ANCASH
2017-05-22,3.5114979611364956,2.827981819611877,seasonal_naive,ANCASH
2017-05-29,2.984773266966021,3.0047306833376197,seasonal_naive,ANCASH
2017-06-05,2.019111327653485,3.1814795470633612,seasonal_naive,ANCASH
2017-06-12,1.8435364295966599,3.6233517063777168,seasonal_naive,ANCASH
2017-06-19,1.667961531539835,3.6233517063777168,seasonal_naive,ANCASH
2017-06-26,1.7557489805682476,3.269853978926232,seasonal_naive,ANCASH
2017-07-03,1.5801740825114228,2.5628585240232624,seasonal_naive,ANCASH
2017-07-10,1.667961531539835,1.944237500983164,seasonal_naive,ANCASH
2017-07-17,1.9313238786250724,1.5023653416688094,seasonal_naive,ANCASH
2017-07-24,1.84353642959666,1.6791142053945514,seasonal_naive,ANCASH
2017-07-31,1.4923866334830105,1.7674886372574234,seasonal_naive,ANCASH
2017-08-07,1.2290242863977732,2.2977352284346493,seasonal_naive,ANCASH
2017-08-14,1.1412368373693609,2.2977352284346493,seasonal_naive,ANCASH
2017-08-21,1.2290242863977732,2.209360796571778,seasonal_naive,ANCASH
2017-08-28,1.0534493883409486,1.6791142053945514,seasonal_naive,ANCASH
2017-09-04,1.1412368373693609,1.4139909098059378,seasonal_naive,ANCASH
2017-09-11,0.8778744902841235,1.3256164779430666,seasonal_naive,ANCASH
2017-09-18,0.8778744902841235,1.5023653416688094,seasonal_naive,ANCASH
2017-09-25,0.8778744902841235,1.502365341668809,seasonal_naive,ANCASH
2017-10-02,1.667961531539835,1.0604931823544534,seasonal_naive,ANCASH
2017-10-09,1.4923866334830105,0.8837443186287108,seasonal_naive,ANCASH
2017-10-16,1.5801740825114228,1.0604931823544534,seasonal_naive,ANCASH
2017-10-23,1.1412368373693607,1.2372420460801954,seasonal_naive,ANCASH
2017-10-30,2.370261123767134,1.3256164779430666,seasonal_naive,ANCASH
2017-11-06,2.370261123767134,1.0604931823544534,seasonal_naive,ANCASH
2017-11-13,2.106898776681897,0.972118750491582,seasonal_naive,ANCASH
2017-11-20,1.3168117354261855,0.7953698867658399,seasonal_naive,ANCASH
2017-11-27,1.4923866334830105,1.1488676142173246,seasonal_naive,ANCASH
2017-12-04,2.8969858179376087,1.944237500983164,seasonal_naive,ANCASH
2017-12-11,2.721410919880784,1.9442375009831654,seasonal_naive,ANCASH
2017-12-18,2.545836021823959,1.5907397735316802,seasonal_naive,ANCASH
2017-12-25,1.7557489805682476,0.972118750491582,seasonal_naive,ANCASH
2018-01-01,1.664600624092876,1.4970824961586806,seasonal_naive,ANCASH
2018-01-08,1.4865050454508317,1.4947345648208454,seasonal_naive,ANCASH
2018-01-15,1.3042083325000886,2.2824736747387213,seasonal_naive,ANCASH
2018-01-22,1.3042083325000886,2.019111327653485,seasonal_naive,ANCASH
2018-01-29,1.2172611103334159,2.3702611237671345,seasonal_naive,ANCASH
2018-02-05,1.2172611103334159,2.2824736747387213,seasonal_naive,ANCASH
2018-02-12,1.0433666660000707,2.8091983689091964,seasonal_naive,ANCASH
2018-02-19,1.1303138881667432,3.4237105121080837,seasonal_naive,ANCASH
2018-02-26,0.6086305551667075,3.9504352062785575,seasonal_naive,ANCASH
2018-03-05,0.5216833330000349,4.213797553363794,seasonal_naive,ANCASH
2018-03-12,0.2608416665000171,4.126010104335382,seasonal_naive,ANCASH
2018-03-19,0.17389444433334447,3.160348165022846,seasonal_naive,ANCASH
2018-03-26,0.43473611083336233,2.4580485727955472,seasonal_naive,ANCASH
2018-04-02,0.521683333000035,2.1946862257103095,seasonal_naive,ANCASH
2018-04-09,0.7825249995000528,2.3702611237671345,seasonal_naive,ANCASH
2018-04-16,1.1303138881667432,2.545836021823959,seasonal_naive,ANCASH
2018-04-23,2.260627776333487,2.633623470852371,seasonal_naive,ANCASH
2018-04-30,2.782311109333522,2.8969858179376082,seasonal_naive,ANCASH
2018-05-07,4.0865194418336115,3.4237105121080837,seasonal_naive,ANCASH
2018-05-14,4.260413886166957,3.774860308221733,seasonal_naive,ANCASH
2018-05-21,5.303780552167029,3.511497961136495,seasonal_naive,ANCASH
2018-05-28,5.380214306287272,2.984773266966021,seasonal_naive,ANCASH
2018-06-04,5.380214306287272,2.019111327653485,seasonal_naive,ANCASH
2018-06-11,5.206319861953927,1.8435364295966599,seasonal_naive,ANCASH
2018-06-18,5.206319861953927,1.6679615315398348,seasonal_naive,ANCASH
2018-06-25,5.554108750620617,1.7557489805682476,seasonal_naive,ANCASH
2018-07-02,5.7280031949539625,1.580174082511423,seasonal_naive,ANCASH
2018-07-09,4.955991663500337,1.6679615315398348,seasonal_naive,ANCASH
2018-07-16,4.69514999700032,1.9313238786250722,seasonal_naive,ANCASH
2018-07-23,3.999572219666939,1.8435364295966599,seasonal_naive,ANCASH
2018-07-30,3.651783331000249,1.4923866334830103,seasonal_naive,ANCASH
2018-08-06,3.130099998000213,1.229024286397773,seasonal_naive,ANCASH
2018-08-13,2.69536388716685,1.1412368373693607,seasonal_naive,ANCASH
2018-08-20,2.1736805541668143,1.229024286397773,seasonal_naive,ANCASH
2018-08-27,2.956205553666868,1.0534493883409488,seasonal_naive,ANCASH
2018-09-03,2.956205553666868,1.1412368373693607,seasonal_naive,ANCASH
2018-09-10,3.130099998000213,0.8778744902841236,seasonal_naive,ANCASH
2018-09-17,2.1736805541668147,0.8778744902841236,seasonal_naive,ANCASH
2018-09-24,2.6084166650001777,0.8778744902841236,seasonal_naive,ANCASH
2018-10-01,2.6084166650001777,1.6679615315398348,seasonal_naive,ANCASH
2018-10-08,3.217047220166886,1.4923866334830103,seasonal_naive,ANCASH
2018-10-15,2.434522220666832,1.580174082511423,seasonal_naive,ANCASH
2018-10-22,3.0431527758335406,1.1412368373693607,seasonal_naive,ANCASH
2018-10-29,2.3475749985001597,2.3702611237671345,seasonal_naive,ANCASH
2018-11-05,2.782311109333523,2.3702611237671345,seasonal_naive,ANCASH
2018-11-12,2.260627776333487,2.1068987766818976,seasonal_naive,ANCASH
2018-11-19,2.69536388716685,1.3168117354261852,seasonal_naive,ANCASH
2018-11-26,2.869258331500196,1.4923866334830103,seasonal_naive,ANCASH
2018-12-03,2.69536388716685,2.8969858179376082,seasonal_naive,ANCASH
2018-12-10,2.4345222206668327,2.721410919880784,seasonal_naive,ANCASH
2018-12-17,2.69536388716685,2.545836021823959,seasonal_naive,ANCASH
2018-12-24,3.4778888866669035,1.7557489805682476,seasonal_naive,ANCASH
2018-12-31,2.782311109333522,1.6646006240928757,seasonal_naive,ANCASH
2019-01-07,1.5642257035316272,1.4865050454508317,seasonal_naive,ANCASH
2019-01-14,0.9490007846170853,1.3042083325000884,seasonal_naive,ANCASH
2019-01-21,1.2918439004729003,1.3042083325000884,seasonal_naive,ANCASH
2019-01-28,1.4640897538692872,1.2172611103334159,seasonal_naive,ANCASH
2019-02-04,0.9473521936801269,1.2172611103334159,seasonal_naive,ANCASH
2019-02-11,0.6889834135855466,1.0433666660000709,seasonal_naive,ANCASH
2019-02-18,0.7751063402837399,1.1303138881667434,seasonal_naive,ANCASH
2019-02-25,0.8612292669819334,0.6086305551667075,seasonal_naive,ANCASH
2019-03-04,0.8612292669819334,0.521683333000035,seasonal_naive,ANCASH
2019-03-11,0.8612292669819334,0.2608416665000171,seasonal_naive,ANCASH
2019-03-18,0.9473521936801269,0.17389444433334447,seasonal_naive,ANCASH
2019-03-25,1.3779668271710939,0.43473611083336233,seasonal_naive,ANCASH
2019-04-01,1.636335607265674,0.521683333000035,seasonal_naive,ANCASH
2019-04-08,1.4640897538692872,0.7825249995000527,seasonal_naive,ANCASH
2019-04-15,1.4640897538692872,1.1303138881667434,seasonal_naive,ANCASH
2019-04-22,0.9473521936801266,2.260627776333487,seasonal_naive,ANCASH
2019-04-29,1.7224585339638674,2.782311109333522,seasonal_naive,ANCASH
2019-05-06,2.066950240756641,4.0865194418336115,seasonal_naive,ANCASH
2019-05-13,2.239196094153028,4.260413886166957,seasonal_naive,ANCASH
2019-05-20,2.669810727643995,5.303780552167029,seasonal_naive,ANCASH
2019-05-27,3.014302434436768,5.380214306287271,seasonal_naive,ANCASH
2019-06-03,3.7894087747205094,5.380214306287271,seasonal_naive,ANCASH
2019-06-10,3.100425361134962,5.206319861953927,seasonal_naive,ANCASH
2019-06-17,2.1530731674548345,5.206319861953927,seasonal_naive,ANCASH
2019-06-24,1.8085814606620607,5.5541087506206175,seasonal_naive,ANCASH
2019-07-01,2.4975648742476078,5.7280031949539625,seasonal_naive,ANCASH
2019-07-08,3.2726712145313486,4.955991663500338,seasonal_naive,ANCASH
2019-07-15,3.444917067927735,4.695149997000319,seasonal_naive,ANCASH
2019-07-22,3.100425361134962,3.9995722196669394,seasonal_naive,ANCASH
2019-07-29,2.325319020851221,3.6517833310002494,seasonal_naive,ANCASH
2019-08-05,1.9808273140584476,3.1300999980002135,seasonal_naive,ANCASH
2019-08-12,1.2918439004729005,2.69536388716685,seasonal_naive,ANCASH
2019-08-19,1.2918439004729005,2.1736805541668143,seasonal_naive,ANCASH
2019-08-26,1.1195980470765134,2.9562055536668677,seasonal_naive,ANCASH
2019-09-02,1.9808273140584476,2.9562055536668677,seasonal_naive,ANCASH
2019-09-09,2.066950240756641,3.1300999980002135,seasonal_naive,ANCASH
2019-09-16,2.239196094153028,2.173680554166815,seasonal_naive,ANCASH
2019-09-23,1.2918439004729005,2.6084166650001777,seasonal_naive,ANCASH
2019-09-30,1.3779668271710939,2.6084166650001777,seasonal_naive,ANCASH
2019-10-07,1.1195980470765134,3.2170472201668865,seasonal_naive,ANCASH
2019-10-14,1.636335607265674,2.434522220666832,seasonal_naive,ANCASH
2019-10-21,1.7224585339638676,3.0431527758335406,seasonal_naive,ANCASH
2019-10-28,1.8947043873602543,2.34757499850016,seasonal_naive,ANCASH
2019-11-04,1.7224585339638676,2.782311109333523,seasonal_naive,ANCASH
2019-11-11,1.2918439004729005,2.260627776333487,seasonal_naive,ANCASH
2019-11-18,1.2057209737747072,2.69536388716685,seasonal_naive,ANCASH
2019-11-25,1.0334751203783203,2.869258331500196,seasonal_naive,ANCASH
2019-12-02,1.6363356072656743,2.69536388716685,seasonal_naive,ANCASH
2019-12-09,2.3253190208512216,2.4345222206668327,seasonal_naive,ANCASH
2019-12-16,2.325319020851221,2.69536388716685,seasonal_naive,ANCASH
2019-12-23,1.7224585339638676,3.4778888866669035,seasonal_naive,ANCASH
2019-12-30,1.0334751203783203,2.782311109333522,seasonal_naive,ANCASH
2020-01-06,1.0294310557362698,1.5642257035316272,seasonal_naive,ANCASH
2020-01-13,0.9416905031812561,0.9490007846170851,seasonal_naive,ANCASH
2020-01-20,1.1090834790071822,1.2918439004729003,seasonal_naive,ANCASH
2020-01-27,0.9384552514676155,1.4640897538692874,seasonal_naive,ANCASH
2020-02-03,0.9384552514676154,0.9473521936801268,seasonal_naive,ANCASH
2020-02-10,0.7678270239280489,0.6889834135855466,seasonal_naive,ANCASH
2020-02-17,0.6825129101582657,0.7751063402837399,seasonal_naive,ANCASH
2020-02-24,0.5971987963884825,0.8612292669819335,seasonal_naive,ANCASH
2020-03-02,1.2797117065467483,0.8612292669819335,seasonal_naive,ANCASH
2020-03-09,1.7062822753956646,0.8612292669819335,seasonal_naive,ANCASH
2020-03-16,1.876910502935231,0.9473521936801268,seasonal_naive,ANCASH
2020-03-23,1.1943975927769654,1.3779668271710936,seasonal_naive,ANCASH
2020-03-30,0.5971987963884823,1.636335607265674,seasonal_naive,ANCASH
2020-04-06,0.34125645507913255,1.4640897538692874,seasonal_naive,ANCASH
2020-04-13,0.08531411376978269,1.4640897538692874,seasonal_naive,ANCASH
2020-04-20,0.2559423413093493,0.9473521936801266,seasonal_naive,ANCASH
2020-04-27,0.25594234130934923,1.7224585339638674,seasonal_naive,ANCASH
2020-05-04,0.17062822753956594,2.066950240756641,seasonal_naive,ANCASH
2020-05-11,0.2559423413093492,2.239196094153028,seasonal_naive,ANCASH
2020-05-18,0.2559423413093492,2.6698107276439944,seasonal_naive,ANCASH
2020-05-25,0.2559423413093492,3.014302434436768,seasonal_naive,ANCASH
2020-06-01,0.0,3.7894087747205107,seasonal_naive,ANCASH
2020-06-08,0.0,3.1004253611349615,seasonal_naive,ANCASH
2020-06-15,0.08531411376978269,2.1530731674548345,seasonal_naive,ANCASH
2020-06-22,0.08531411376978269,1.8085814606620607,seasonal_naive,ANCASH
2020-06-29,0.08531411376978269,2.4975648742476078,seasonal_naive,ANCASH
2020-07-06,0.0,3.272671214531348,seasonal_naive,ANCASH
2020-07-13,0.0,3.4449170679277348,seasonal_naive,ANCASH
2020-07-20,0.0,3.1004253611349615,seasonal_naive,ANCASH
2020-07-27,0.0,2.325319020851221,seasonal_naive,ANCASH
2020-08-03,0.0,1.9808273140584474,seasonal_naive,ANCASH
2020-08-10,0.0,1.2918439004729008,seasonal_naive,ANCASH
2020-08-17,0.0,1.2918439004729008,seasonal_naive,ANCASH
2020-08-24,0.0,1.1195980470765137,seasonal_naive,ANCASH
2020-08-31,0.0,1.9808273140584474,seasonal_naive,ANCASH
2020-09-07,0.0,2.066950240756641,seasonal_naive,ANCASH
2020-09-14,0.0,2.239196094153028,seasonal_naive,ANCASH
2020-09-21,0.0,1.2918439004729008,seasonal_naive,ANCASH
2020-09-28,0.0,1.3779668271710936,seasonal_naive,ANCASH
2020-10-05,0.0,1.1195980470765137,seasonal_naive,ANCASH
2020-10-12,0.0,1.636335607265674,seasonal_naive,ANCASH
2020-10-19,0.0,1.7224585339638674,seasonal_naive,ANCASH
2020-10-26,0.08531411376978269,1.894704387360254,seasonal_naive,ANCASH
2020-11-02,0.08531411376978269,1.7224585339638674,seasonal_naive,ANCASH
2020-11-09,0.08531411376978269,1.2918439004729008,seasonal_naive,ANCASH
2020-11-16,0.0,1.2057209737747074,seasonal_naive,ANCASH
2020-11-23,0.08531411376978269,1.0334751203783203,seasonal_naive,ANCASH
2020-11-30,0.08531411376978269,1.6363356072656745,seasonal_naive,ANCASH
2020-12-07,0.08531411376978269,2.325319020851221,seasonal_naive,ANCASH
2020-12-14,0.0,2.325319020851221,seasonal_naive,ANCASH
2020-12-21,0.0,1.7224585339638674,seasonal_naive,ANCASH
2020-12-28,0.0,1.0334751203783203,seasonal_naive,ANCASH
2021-01-04,0.0,1.0294310557362696,seasonal_naive,ANCASH
2021-01-11,0.08452035123277098,0.9416905031812561,seasonal_naive,ANCASH
2021-01-18,0.08452035123277098,1.109083479007182,seasonal_naive,ANCASH
2021-01-25,0.08452035123277098,0.9384552514676157,seasonal_naive,ANCASH
2021-02-01,0.0,0.9384552514676154,seasonal_naive,ANCASH
2021-02-08,0.0,0.7678270239280489,seasonal_naive,ANCASH
2021-02-15,0.08452035123277098,0.6825129101582657,seasonal_naive,ANCASH
2021-02-22,0.08452035123277098,0.5971987963884824,seasonal_naive,ANCASH
2021-03-01,0.08452035123277098,1.2797117065467485,seasonal_naive,ANCASH
2021-03-08,0.0,1.7062822753956643,seasonal_naive,ANCASH
2021-03-15,0.0,1.8769105029352313,seasonal_naive,ANCASH
2021-03-22,0.0,1.1943975927769657,seasonal_naive,ANCASH
2021-03-29,0.0,0.5971987963884824,seasonal_naive,ANCASH
2021-04-05,0.08452035123277098,0.34125645507913255,seasonal_naive,ANCASH
2021-04-12,0.2535610536983141,0.08531411376978269,seasonal_naive,ANCASH
2021-04-19,0.5071221073966289,0.2559423413093493,seasonal_naive,ANCASH
2021-04-26,0.42260175616385737,0.25594234130934923,seasonal_naive,ANCASH
2021-05-03,0.25356105369831416,0.17062822753956597,seasonal_naive,ANCASH
2021-05-10,0.0,0.2559423413093492,seasonal_naive,ANCASH
2021-05-17,0.0,0.2559423413093492,seasonal_naive,ANCASH
2021-05-24,0.16904070246554256,0.2559423413093492,seasonal_naive,ANCASH
2021-05-31,0.2535610536983141,0.0,seasonal_naive,ANCASH
2021-06-07,0.42260175616385726,0.0,seasonal_naive,ANCASH
2021-06-14,0.5071221073966289,0.08531411376978269,seasonal_naive,ANCASH
2021-06-21,0.5071221073966289,0.08531411376978269,seasonal_naive,ANCASH
2021-06-28,0.42260175616385726,0.08531411376978269,seasonal_naive,ANCASH
2021-07-05,0.16904070246554256,0.0,seasonal_naive,ANCASH
2021-07-12,0.16904070246554256,0.0,seasonal_naive,ANCASH
2021-07-19,0.08452035123277098,0.0,seasonal_naive,ANCASH
2021-07-26,0.08452035123277098,0.0,seasonal_naive,ANCASH
2021-08-02,0.0,0.0,seasonal_naive,ANCASH
2021-08-09,0.0,0.0,seasonal_naive,ANCASH
2021-08-16,0.16904070246554256,0.0,seasonal_naive,ANCASH
2021-08-23,0.3380814049310857,0.0,seasonal_naive,ANCASH
2021-08-30,0.42260175616385726,0.0,seasonal_naive,ANCASH
2021-09-06,0.2535610536983141,0.0,seasonal_naive,ANCASH
2021-09-13,0.2535610536983141,0.0,seasonal_naive,ANCASH
2021-09-20,0.2535610536983141,0.0,seasonal_naive,ANCASH
2021-09-27,0.3380814049310857,0.0,seasonal_naive,ANCASH
2021-10-04,0.3380814049310857,0.0,seasonal_naive,ANCASH
2021-10-11,0.2535610536983141,0.0,seasonal_naive,ANCASH
2021-10-18,0.3380814049310857,0.0,seasonal_naive,ANCASH
2021-10-25,0.4226017561638573,0.08531411376978269,seasonal_naive,ANCASH
2021-11-01,0.8452035123277152,0.08531411376978269,seasonal_naive,ANCASH
2021-11-08,1.1832849172588016,0.08531411376978269,seasonal_naive,ANCASH
2021-11-15,1.09876456602603,0.0,seasonal_naive,ANCASH
2021-11-22,1.1832849172588016,0.08531411376978269,seasonal_naive,ANCASH
2021-11-29,1.4368459709571164,0.08531411376978269,seasonal_naive,ANCASH
2021-12-06,1.352325619724345,0.08531411376978269,seasonal_naive,ANCASH
2021-12-13,1.4368459709571164,0.0,seasonal_naive,ANCASH
2021-12-20,1.09876456602603,0.0,seasonal_naive,ANCASH
2021-12-27,1.0142442147932584,0.0,seasonal_naive,ANCASH
2022-01-03,0.8413075198999186,0.0,seasonal_naive,ANCASH
2022-01-10,0.6699292219776974,0.08452035123277099,seasonal_naive,ANCASH
2022-01-17,1.0048938329665464,0.08452035123277099,seasonal_naive,ANCASH
2022-01-24,0.7536703747249097,0.08452035123277099,seasonal_naive,ANCASH
2022-01-31,0.6699292219776974,0.0,seasonal_naive,ANCASH
2022-02-07,0.41870576373606067,0.0,seasonal_naive,ANCASH
2022-02-14,0.3349646109888484,0.08452035123277099,seasonal_naive,ANCASH
2022-02-21,0.16748230549442386,0.08452035123277099,seasonal_naive,ANCASH
2022-02-28,0.3349646109888484,0.08452035123277099,seasonal_naive,ANCASH
2022-03-07,0.5024469164832729,0.0,seasonal_naive,ANCASH
2022-03-14,0.5861880692304852,0.0,seasonal_naive,ANCASH
2022-03-21,0.33496461098884844,0.0,seasonal_naive,ANCASH
2022-03-28,0.2512234582416361,0.0,seasonal_naive,ANCASH
2022-04-04,0.25122345824163617,0.08452035123277099,seasonal_naive,ANCASH
2022-04-11,0.41870576373606067,0.25356105369831405,seasonal_naive,ANCASH
2022-04-18,0.2512234582416361,0.5071221073966288,seasonal_naive,ANCASH
2022-04-25,0.586188069230485,0.4226017561638574,seasonal_naive,ANCASH
2022-05-02,0.7536703747249097,0.25356105369831416,seasonal_naive,ANCASH
2022-05-09,1.0886349857137587,0.0,seasonal_naive,ANCASH
2022-05-16,0.8374115274721219,0.0,seasonal_naive,ANCASH
2022-05-23,1.0048938329665464,0.16904070246554256,seasonal_naive,ANCASH
2022-05-30,1.3398584439553953,0.25356105369831405,seasonal_naive,ANCASH
2022-06-06,2.1772699714275183,0.4226017561638573,seasonal_naive,ANCASH
2022-06-13,2.344752276921943,0.5071221073966288,seasonal_naive,ANCASH
2022-06-20,2.5959757351635795,0.5071221073966288,seasonal_naive,ANCASH
2022-06-27,1.8423053604386688,0.4226017561638573,seasonal_naive,ANCASH
2022-07-04,2.0097876659330933,0.16904070246554256,seasonal_naive,ANCASH
2022-07-11,1.9260465131858808,0.16904070246554256,seasonal_naive,ANCASH
2022-07-18,2.0097876659330933,0.08452035123277099,seasonal_naive,ANCASH
2022-07-25,1.591081902197032,0.08452035123277099,seasonal_naive,ANCASH
2022-08-01,0.921152680219334,0.0,seasonal_naive,ANCASH
2022-08-08,0.8374115274721218,0.0,seasonal_naive,ANCASH
2022-08-15,1.0048938329665464,0.16904070246554256,seasonal_naive,ANCASH
2022-08-22,1.0886349857137587,0.33808140493108574,seasonal_naive,ANCASH
2022-08-29,0.921152680219334,0.4226017561638573,seasonal_naive,ANCASH
2022-09-05,0.5861880692304852,0.25356105369831405,seasonal_naive,ANCASH
2022-09-12,0.3349646109888484,0.25356105369831405,seasonal_naive,ANCASH
2022-09-19,0.5024469164832729,0.25356105369831405,seasonal_naive,ANCASH
2022-09-26,0.41870576373606055,0.33808140493108574,seasonal_naive,ANCASH
2022-10-03,0.5861880692304852,0.33808140493108574,seasonal_naive,ANCASH
2022-10-10,0.5861880692304852,0.25356105369831405,seasonal_naive,ANCASH
2022-10-17,0.5861880692304852,0.33808140493108574,seasonal_naive,ANCASH
2022-10-24,0.586188069230485,0.42260175616385737,seasonal_naive,ANCASH
2022-10-31,0.41870576373606055,0.8452035123277153,seasonal_naive,ANCASH
2022-11-07,0.41870576373606055,1.1832849172588018,seasonal_naive,ANCASH
2022-11-14,0.41870576373606055,1.0987645660260301,seasonal_naive,ANCASH
2022-11-21,1.4235995967026076,1.1832849172588018,seasonal_naive,ANCASH
2022-11-28,1.7585642076914567,1.4368459709571164,seasonal_naive,ANCASH
2022-12-05,2.0097876659330933,1.3523256197243447,seasonal_naive,ANCASH
2010-12-27,3.314444071057997,2.9939214116501156,holt_winters,ANCASH
2011-01-03,3.2147334377159695,3.2384387343773167,holt_winters,ANCASH
2011-01-10,2.4769165204009744,2.9106715598594093,holt_winters,ANCASH
2011-01-17,1.9200509087783801,3.0825714633115204,holt_winters,ANCASH
2011-01-24,1.0971719478733595,1.7950789602106036,holt_winters,ANCASH
2011-01-31,1.9200509087783801,1.9444496721979871,holt_winters,ANCASH
2011-02-07,2.7429298696834006,1.8746925990985157,holt_winters,ANCASH
2011-02-14,3.0172228566517405,2.132800209004687,holt_winters,ANCASH
2011-02-21,2.834360865339514,3.332499892400823,holt_winters,ANCASH
2011-02-28,1.9200509087783804,3.1222399688067677,holt_winters,ANCASH
2011-03-07,2.377205887058947,2.698927382555288,holt_winters,ANCASH
2011-03-14,2.0114819044344934,2.5024611420708354,holt_winters,ANCASH
2011-03-21,2.102912900090607,2.7507644933815034,holt_winters,ANCASH
2011-03-28,2.834360865339514,3.1725317299911815,holt_winters,ANCASH
2011-04-04,4.2972567958373284,3.5450986197354153,holt_winters,ANCASH
2011-04-11,5.302997748054576,3.8421475804075813,holt_winters,ANCASH
2011-04-18,5.120135756742349,5.243932578992605,holt_winters,ANCASH
2011-04-25,3.840101817556762,5.809232392404611,holt_winters,ANCASH
2011-05-02,2.925791860995627,5.809232392404611,holt_winters,ANCASH
2011-05-09,2.651498874027287,5.809232392404611,holt_winters,ANCASH
2011-05-16,2.925791860995627,2.899306051654227,holt_winters,ANCASH
2011-05-23,2.925791860995627,2.9629084262730827,holt_winters,ANCASH
2011-05-30,2.3772058870589468,2.4533091155879534,holt_winters,ANCASH
2011-06-06,2.46863688271506,2.088900360660298,holt_winters,ANCASH
2011-06-13,2.102912900090607,2.096935043757416,holt_winters,ANCASH
2011-06-20,2.0114819044344934,1.7899290935885643,holt_winters,ANCASH
2011-06-27,1.6457579218100398,1.7482096319692242,holt_winters,ANCASH
2011-07-04,1.8286199131222667,1.8655677090822138,holt_winters,ANCASH
2011-07-11,1.4628959304978133,1.7935396149896223,holt_winters,ANCASH
2011-07-18,1.188602943529473,1.8428384901542403,holt_winters,ANCASH
2011-07-25,1.005740952217246,1.572094208271189,holt_winters,ANCASH
2011-08-01,1.7371889174661532,1.2896445512857437,holt_winters,ANCASH
2011-08-08,1.9200509087783801,1.2672158435173495,holt_winters,ANCASH
2011-08-15,2.0114819044344934,1.163695221333351,holt_winters,ANCASH
2011-08-22,1.9200509087783801,1.0980094475916053,holt_winters,ANCASH
2011-08-29,2.2857748914028337,1.287612462362949,holt_winters,ANCASH
2011-09-05,2.5600678783711737,2.2168979200883974,holt_winters,ANCASH
2011-09-12,2.2857748914028337,2.7939969255811135,holt_winters,ANCASH
2011-09-19,2.0114819044344934,2.6112373736613783,holt_winters,ANCASH
2011-09-26,1.7371889174661532,2.8071768689564465,holt_winters,ANCASH
2011-10-03,1.3714649348416996,1.499991014981397,holt_winters,ANCASH
2011-10-10,1.4628959304978129,1.6650018679196577,holt_winters,ANCASH
2011-10-17,1.188602943529473,1.4480420304320885,holt_winters,ANCASH
2011-10-24,1.3714649348416996,1.4270546908107962,holt_winters,ANCASH
2011-10-31,1.0971719478733595,1.003640616443699,holt_winters,ANCASH
2011-11-07,1.4628959304978133,1.115719543255187,holt_winters,ANCASH
2011-11-14,1.4628959304978133,1.408401339416601,holt_winters,ANCASH
2011-11-21,1.7371889174661532,1.670631812949619,holt_winters,ANCASH
2011-11-28,1.6457579218100398,1.7879226920618168,holt_winters,ANCASH
2011-12-05,2.011481904434494,1.5428925009873873,holt_winters,ANCASH
2011-12-12,1.5543269261539268,1.492491478012568,holt_winters,ANCASH
2011-12-19,1.9200509087783804,1.3845505161797602,holt_winters,ANCASH
2011-12-26,1.4628959304978135,2.0531036586556373,holt_winters,ANCASH
2012-01-02,1.733420052965978,2.114723427045884,holt_winters,ANCASH
2012-01-09,1.7277667562157146,1.863973500146388,holt_winters,ANCASH
2012-01-16,2.179268437746018,1.9465915310297564,holt_winters,ANCASH
2012-01-23,3.1780998050462768,1.9714431200564424,holt_winters,ANCASH
2012-01-30,2.7240855471825225,2.45421954374485,holt_winters,ANCASH
2012-02-06,2.179268437746018,2.5123412867133297,holt_winters,ANCASH
2012-02-13,1.6344513283095132,2.8442059292608532,holt_winters,ANCASH
2012-02-20,2.270071289318769,1.8559017865593428,holt_winters,ANCASH
2012-02-27,2.5424798440370213,1.6083807798103482,holt_winters,ANCASH
2012-03-05,1.9976627346005165,1.4701326447424101,holt_winters,ANCASH
2012-03-12,1.9976627346005167,1.2721402045593817,holt_winters,ANCASH
2012-03-19,3.268902656619028,2.588054302526758,holt_winters,ANCASH
2012-03-26,3.722916914482782,3.126147985793172,holt_winters,ANCASH
2012-04-02,4.176931172346536,3.6761972219938492,holt_winters,ANCASH
2012-04-09,4.086128320773785,3.898224452527006,holt_winters,ANCASH
2012-04-16,4.903353984928542,4.359764151027987,holt_winters,ANCASH
2012-04-23,3.9953254692010334,4.4228150500807715,holt_winters,ANCASH
2012-04-30,3.722916914482782,4.413890523639045,holt_winters,ANCASH
2012-05-07,3.1780998050462768,5.388925259036518,holt_winters,ANCASH
2012-05-14,3.6321140629100306,3.6076318055738144,holt_winters,ANCASH
2012-05-21,3.8137197660555326,3.6614241857560232,holt_winters,ANCASH
2012-05-28,3.632114062910031,2.9910981436521036,holt_winters,ANCASH
2012-06-04,4.449339727064788,2.5625643694089204,holt_winters,ANCASH
2012-06-11,3.722916914482782,3.622053536657078,holt_winters,ANCASH
2012-06-18,3.359705508191779,3.2781339226157264,holt_winters,ANCASH
2012-06-25,2.5424798440370218,3.118211816990085,holt_winters,ANCASH
2012-07-02,2.36087414089152,3.315048046581907,holt_winters,ANCASH
2012-07-09,2.270071289318769,2.271303886431906,holt_winters,ANCASH
2012-07-16,1.8160570314550153,2.323626690455214,holt_winters,ANCASH
2012-07-23,1.9976627346005167,2.0311126031542304,holt_winters,ANCASH
2012-07-30,1.8160570314550153,2.0018652644287056,holt_winters,ANCASH
2012-08-06,1.8160570314550153,1.4106745829761391,holt_winters,ANCASH
2012-08-13,1.3620427735912612,1.3614357777292474,holt_winters,ANCASH
2012-08-20,1.1804370704457596,1.2192362857812844,holt_winters,ANCASH
2012-08-27,0.7264228125820057,1.4223602463205118,holt_winters,ANCASH
2012-09-03,0.8172256641547566,0.7137963303387331,holt_winters,ANCASH
2012-09-10,1.0896342188730088,0.9611733089258954,holt_winters,ANCASH
2012-09-17,1.452845625164012,0.8818857589613609,holt_winters,ANCASH
2012-09-24,1.543648476736763,0.9701355654845196,holt_winters,ANCASH
2012-10-01,1.4528456251640123,1.343235084710714,holt_winters,ANCASH
2012-10-08,1.543648476736763,1.546595816358887,holt_winters,ANCASH
2012-10-15,1.1804370704457596,1.3590087154612887,holt_winters,ANCASH
2012-10-22,1.634451328309514,1.2891018475798028,holt_winters,ANCASH
2012-10-29,1.1804370704457599,1.2720702169563771,holt_winters,ANCASH
2012-11-05,1.1804370704457599,1.3365212925737282,holt_winters,ANCASH
2012-11-12,1.0896342188730088,1.6138525044411245,holt_winters,ANCASH
2012-11-19,2.0884655861732675,1.9673521628922508,holt_winters,ANCASH
2012-11-26,2.270071289318769,2.20582475329629,holt_winters,ANCASH
2012-12-03,2.1792684377460185,1.9948326758450303,holt_winters,ANCASH
2012-12-10,1.8160570314550153,1.8352699700680422,holt_winters,ANCASH
2012-12-17,2.270071289318769,1.8028472060854077,holt_winters,ANCASH
2012-12-24,2.088465586173268,2.28129662140386,holt_winters,ANCASH
2012-12-31,2.7240855471825234,2.3096383897190074,holt_winters,ANCASH
2013-01-07,2.8982573611653826,2.016814979936671,holt_winters,ANCASH
2013-01-14,4.338093680294771,2.199959458881446,holt_winters,ANCASH
2013-01-21,3.2466009891311014,4.0437909470241,holt_winters,ANCASH
2013-01-28,3.3367843499402983,4.561986038351629,holt_winters,ANCASH
2013-02-04,2.8858675458943117,4.627471471247045,holt_winters,ANCASH
2013-02-11,2.705500824275917,4.56842476109542,holt_winters,ANCASH
2013-02-18,2.0742172986115364,3.031546717875898,holt_winters,ANCASH
2013-02-25,1.0822003297103668,2.7336229503188916,holt_winters,ANCASH
2013-03-04,1.7134838553747478,2.555632938372608,holt_winters,ANCASH
2013-03-11,1.4429337729471559,2.2254323028699114,holt_winters,ANCASH
2013-03-18,1.6233004945655505,2.009337741803544,holt_winters,ANCASH
2013-03-25,1.9840339378023393,2.382217769337875,holt_winters,ANCASH
2013-04-01,2.3447673810391283,2.893216681352505,holt_winters,ANCASH
2013-04-08,2.885867545894312,2.9942807653103505,holt_winters,ANCASH
2013-04-15,2.9760509067035095,3.2023286957222545,holt_winters,ANCASH
2013-04-22,3.60733443236789,3.035282402369867,holt_winters,ANCASH
2013-04-29,3.9680678756046794,2.9844682854616167,holt_winters,ANCASH
2013-05-06,4.6895347620782575,3.2455613119554583,holt_winters,ANCASH
2013-05-13,4.59935140126906,5.240237366956853,holt_winters,ANCASH
2013-05-20,3.8778845147954826,5.520771467400503,holt_winters,ANCASH
2013-05-27,3.156417628321904,4.930810959045942,holt_winters,ANCASH
2013-06-03,3.9680678756046794,4.3998546691217,holt_winters,ANCASH
2013-06-10,5.230634926933441,3.2580536802841857,holt_winters,ANCASH
2013-06-17,5.411001648551836,2.7532362634037844,holt_winters,ANCASH
2013-06-24,4.779718122887455,2.481301933439372,holt_winters,ANCASH
2013-07-01,3.4269677107494956,2.5208957328402986,holt_winters,ANCASH
2013-07-08,3.517151071558693,3.2457959695243446,holt_winters,ANCASH
2013-07-15,3.156417628321904,3.0933647373315383,holt_winters,ANCASH
2013-07-22,3.3367843499402987,3.0203918111650117,holt_winters,ANCASH
2013-07-29,2.9760509067035095,2.876825078100738,holt_winters,ANCASH
2013-08-05,3.517151071558693,2.5524309342807334,holt_winters,ANCASH
2013-08-12,3.156417628321904,2.3634206222169025,holt_winters,ANCASH
2013-08-19,2.3447673810391283,2.1506819994787083,holt_winters,ANCASH
2013-08-26,1.0822003297103666,2.370807295069505,holt_winters,ANCASH
2013-09-02,1.62330049456555,1.113123077760004,holt_winters,ANCASH
2013-09-09,1.5331171337563532,1.4324169896599828,holt_winters,ANCASH
2013-09-16,1.5331171337563527,1.4334269178687693,holt_winters,ANCASH
2013-09-23,0.9920169689011692,1.5759563280027025,holt_winters,ANCASH
2013-09-30,1.3527504121379585,0.8326885007344047,holt_winters,ANCASH
2013-10-07,1.6233004945655507,0.9814572407150097,holt_winters,ANCASH
2013-10-14,1.8036672161839444,0.8607500729532236,holt_winters,ANCASH
2013-10-21,1.62330049456555,0.9034007852966981,holt_winters,ANCASH
2013-10-28,1.5331171337563527,1.13306531338455,holt_winters,ANCASH
2013-11-04,1.172383690519564,1.0890628714494444,holt_winters,ANCASH
2013-11-11,1.4429337729471554,1.2998182862691823,holt_winters,ANCASH
2013-11-18,1.984033937802339,1.7010254476531856,holt_winters,ANCASH
2013-11-25,2.1644006594207337,2.0748409502690914,holt_winters,ANCASH
2013-12-02,2.5251341026575225,1.9175796881763807,holt_winters,ANCASH
2013-12-09,2.0742172986115364,1.8199270013791513,holt_winters,ANCASH
2013-12-16,1.984033937802339,1.8354660431356669,holt_winters,ANCASH
2013-12-23,2.1644006594207337,1.7306594305807614,holt_winters,ANCASH
2013-12-30,2.61531746346672,1.962686714989276,holt_winters,ANCASH
2014-01-06,2.253972844749168,1.9341616384436908,holt_winters,ANCASH
2014-01-13,1.7085944515286438,2.1741009821241497,holt_winters,ANCASH
2014-01-20,1.4331549652549487,1.4023903097604409,holt_winters,ANCASH
2014-01-27,1.522727150583383,1.588676855605644,holt_winters,ANCASH
2014-02-03,0.985294038612777,1.588092867773117,holt_winters,ANCASH
2014-02-10,0.8957218532843426,1.5591683501720595,holt_winters,ANCASH
2014-02-17,1.7018715212402515,1.0269184767106259,holt_winters,ANCASH
2014-02-24,2.6871655598530295,0.7382999206609373,holt_winters,ANCASH
2014-03-03,2.6871655598530295,0.7694302272150191,holt_winters,ANCASH
2014-03-10,2.1497324478824233,0.6039152809042287,holt_winters,ANCASH
2014-03-17,1.4331549652549487,2.5718853015086682,holt_winters,ANCASH
2014-03-24,1.6122993359118174,2.963806855862008,holt_winters,ANCASH
2014-03-31,1.7914437065686861,3.5150451321894582,holt_winters,ANCASH
2014-04-07,2.418449003867726,3.739245406746509,holt_winters,ANCASH
2014-04-14,2.866309930509898,2.4813085825627024,holt_winters,ANCASH
2014-04-21,2.3288768185392916,2.3884987404508293,holt_winters,ANCASH
2014-04-28,1.5227271505833828,2.317922279798285,holt_winters,ANCASH
2014-05-05,0.26871655598530236,2.40868251164548,holt_winters,ANCASH
2014-05-12,0.716577482627474,0.3957298636050912,holt_winters,ANCASH
2014-05-19,0.716577482627474,0.417888101675621,holt_winters,ANCASH
2014-05-26,1.3435827799265143,0.3116614338424841,holt_winters,ANCASH
2014-06-02,1.25401059459808,0.33057240691302886,holt_winters,ANCASH
2014-06-09,1.0748662239412112,1.1257551124438745,holt_winters,ANCASH
2014-06-16,0.8957218532843427,0.9374696901432262,holt_winters,ANCASH
2014-06-23,0.716577482627474,0.7304652228010042,holt_winters,ANCASH
2014-06-30,1.0748662239412115,0.7184200147863353,holt_winters,ANCASH
2014-07-07,1.25401059459808,1.0308165450032183,holt_winters,ANCASH
2014-07-14,1.522727150583383,0.9376569522540703,holt_winters,ANCASH
2014-07-21,1.4331549652549487,0.8989685836990964,holt_winters,ANCASH
2014-07-28,0.8957218532843428,0.8606013023185428,holt_winters,ANCASH
2014-08-04,0.5374331119706054,0.9341009399432505,holt_winters,ANCASH
2014-08-11,0.3582887413137367,0.7976465786971112,holt_winters,ANCASH
2014-08-18,0.4478609266421711,0.6203213120602988,holt_winters,ANCASH
2014-08-25,0.26871655598530236,0.5028951952195793,holt_winters,ANCASH
2014-09-01,0.6270052972990398,0.37093792670913256,holt_winters,ANCASH
2014-09-08,0.8957218532843427,0.48727239773946385,holt_winters,ANCASH
2014-09-15,1.0748662239412115,0.5167323659350895,holt_winters,ANCASH
2014-09-22,0.716577482627474,0.46281971490854407,holt_winters,ANCASH
2014-09-29,0.6270052972990396,0.747062434052977,holt_winters,ANCASH
2014-10-06,0.6270052972990396,0.9179254301882733,holt_winters,ANCASH
2014-10-13,0.8957218532843426,0.8891727438190462,holt_winters,ANCASH
2014-10-20,0.6270052972990396,0.9013794857916375,holt_winters,ANCASH
2014-10-27,1.1644384092696456,0.4859940781075329,holt_winters,ANCASH
2014-11-03,1.0748662239412115,0.42659237422379104,holt_winters,ANCASH
2014-11-10,1.3435827799265143,0.6093540824047843,holt_winters,ANCASH
2014-11-17,0.8061496679559084,0.9316440497791081,holt_winters,ANCASH
2014-11-24,1.9705880772255544,0.8370074872074267,holt_winters,ANCASH
2014-12-01,2.149732447882423,0.8363326754076186,holt_winters,ANCASH
2014-12-08,2.2393046332108577,0.7628863583714198,holt_winters,ANCASH
2014-12-15,1.6122993359118174,0.8158737751627583,holt_winters,ANCASH
2014-12-22,1.7914437065686861,1.5666546476479066,holt_winters,ANCASH
2014-12-29,2.060160262553989,1.8174597324840147,holt_winters,ANCASH
2015-01-05,1.3429799117496737,1.6590826841318953,holt_winters,ANCASH
2015-01-12,1.2491876491833567,1.8334468479399955,holt_winters,ANCASH
2015-01-19,1.0676318058191263,1.0447292841744185,holt_winters,ANCASH
2015-01-26,1.2455704401223142,1.1168963545788855,holt_winters,ANCASH
2015-02-02,1.1566011229707203,1.0122859565211284,holt_winters,ANCASH
2015-02-09,1.0676318058191265,0.9686386176214996,holt_winters,ANCASH
2015-02-16,0.8896931715159386,1.252682481870448,holt_winters,ANCASH
2015-02-23,0.44484658575796887,1.1465948625301854,holt_winters,ANCASH
2015-03-02,0.3558772686063749,1.3036184367710213,holt_winters,ANCASH
2015-03-09,0.44484658575796887,1.0785639933387388,holt_winters,ANCASH
2015-03-16,0.4448465857579688,0.5224204009063516,holt_winters,ANCASH
2015-03-23,0.5338159029095628,0.7523418011786995,holt_winters,ANCASH
2015-03-30,0.9786624886675325,1.0033624304999815,holt_winters,ANCASH
2015-04-06,1.779386343031878,1.2097086095369254,holt_winters,ANCASH
2015-04-13,1.8683556601834717,1.9840735762166881,holt_winters,ANCASH
2015-04-20,1.8683556601834717,1.7024887677409244,holt_winters,ANCASH
2015-04-27,2.2242329287898475,1.4185750886438928,holt_winters,ANCASH
2015-05-04,2.7580488316994107,1.116048704586079,holt_winters,ANCASH
2015-05-11,3.7367113203669446,3.2165944264351722,holt_winters,ANCASH
2015-05-18,3.5587726860637567,3.276722618322405,holt_winters,ANCASH
2015-05-25,4.181557906124914,3.2785846509788907,holt_winters,ANCASH
2015-06-01,3.9146499546701325,3.414289834793169,holt_winters,ANCASH
2015-06-08,3.7367113203669446,3.7794342663902016,holt_winters,ANCASH
2015-06-15,3.291864734608975,3.2502993576506203,holt_winters,ANCASH
2015-06-22,2.5801101973962233,2.7569835602969293,holt_winters,ANCASH
2015-06-29,2.4911408802446293,2.9180476863920246,holt_winters,ANCASH
2015-07-06,1.9573249773350658,2.43891212694649,holt_winters,ANCASH
2015-07-13,2.1352636116382535,2.2916375380137946,holt_winters,ANCASH
2015-07-20,1.512478391577096,2.2252052579499204,holt_winters,ANCASH
2015-07-27,1.5124783915770965,2.112743158270589,holt_winters,ANCASH
2015-08-03,1.3345397572739082,1.5075035339347203,holt_winters,ANCASH
2015-08-10,1.779386343031878,1.2613276230352644,holt_winters,ANCASH
2015-08-17,1.6014477087286902,1.1405442941654353,holt_winters,ANCASH
2015-08-24,1.2455704401223144,0.8648777156889875,holt_winters,ANCASH
2015-08-31,0.8007238543643447,1.621422100926749,holt_winters,ANCASH
2015-09-07,0.8007238543643447,1.7293165323901865,holt_winters,ANCASH
2015-09-14,0.5338159029095628,1.8037158504737407,holt_winters,ANCASH
2015-09-21,1.0676318058191263,1.6207120565289825,holt_winters,ANCASH
2015-09-28,1.0676318058191263,1.0348446754962621,holt_winters,ANCASH
2015-10-05,1.60144770872869,1.1275385223157763,holt_winters,ANCASH
2015-10-12,1.0676318058191265,1.1308956605267642,holt_winters,ANCASH
2015-10-19,0.9786624886675327,1.1142036866860474,holt_winters,ANCASH
2015-10-26,0.6227852200611569,0.9504682485545317,holt_winters,ANCASH
2015-11-02,0.6227852200611569,0.9366087526203213,holt_winters,ANCASH
2015-11-09,0.6227852200611569,1.117362136438627,holt_winters,ANCASH
2015-11-16,0.8007238543643447,1.3418174531044365,holt_winters,ANCASH
2015-11-23,1.0676318058191265,1.0859706327126273,holt_winters,ANCASH
2015-11-30,0.8896931715159386,1.1652152183560363,holt_winters,ANCASH
2015-12-07,0.8896931715159386,1.06876457155838,holt_winters,ANCASH
2015-12-14,0.8007238543643447,1.082685037054803,holt_winters,ANCASH
2015-12-21,0.8896931715159386,0.7582754681881276,holt_winters,ANCASH
2015-12-28,0.5338159029095629,0.9851684591134193,holt_winters,ANCASH
2016-01-04,0.5314363617546719,0.8220244121975537,holt_winters,ANCASH
2016-01-11,0.8837443186287111,0.8752613334321953,holt_winters,ANCASH
2016-01-18,1.2372420460801956,0.8228765350439775,holt_winters,ANCASH
2016-01-25,0.8837443186287111,0.8846977529330651,holt_winters,ANCASH
2016-02-01,0.6186210230400975,0.7237899056147399,holt_winters,ANCASH
2016-02-08,0.5302465911772264,0.6022051501683592,holt_winters,ANCASH
2016-02-15,0.8837443186287111,0.6510490421399473,holt_winters,ANCASH
2016-02-22,0.7953698867658399,0.495403331709759,holt_winters,ANCASH
2016-02-29,0.9721187504915821,0.5629325315503968,holt_winters,ANCASH
2016-03-07,1.0604931823544532,0.4791464085223508,holt_winters,ANCASH
2016-03-14,1.0604931823544532,1.144569005609176,holt_winters,ANCASH
2016-03-21,1.3256164779430668,1.412588309575061,holt_winters,ANCASH
2016-03-28,1.1488676142173244,1.8685912743223585,holt_winters,ANCASH
2016-04-04,1.413990909805938,2.409145867821302,holt_winters,ANCASH
2016-04-11,0.8837443186287111,1.6273257379679027,holt_winters,ANCASH
2016-04-18,1.413990909805938,1.494921188831928,holt_winters,ANCASH
2016-04-25,2.474484092160392,1.3810588769749539,holt_winters,ANCASH
2016-05-02,2.9163562514747476,1.1546482301819299,holt_winters,ANCASH
2016-05-09,3.1814795470633612,3.5510089555114313,holt_winters,ANCASH
2016-05-16,2.6512329558861345,3.464455337397496,holt_winters,ANCASH
2016-05-23,2.8279818196118764,3.5749820867879283,holt_winters,ANCASH
2016-05-30,3.0047306833376193,3.857667688390296,holt_winters,ANCASH
2016-06-06,3.1814795470633612,2.9751747378797395,holt_winters,ANCASH
2016-06-13,3.623351706377717,2.734205520099676,holt_winters,ANCASH
2016-06-20,3.623351706377717,2.2079948381696717,holt_winters,ANCASH
2016-06-27,3.2698539789262324,2.130468224023091,holt_winters,ANCASH
2016-07-04,2.562858524023263,3.180265593214834,holt_winters,ANCASH
2016-07-11,1.9442375009831647,2.9659908511605506,holt_winters,ANCASH
2016-07-18,1.5023653416688092,2.7268193695065865,holt_winters,ANCASH
2016-07-25,1.6791142053945514,2.6176095864230344,holt_winters,ANCASH
2016-08-01,1.7674886372574228,1.5782349534339897,holt_winters,ANCASH
2016-08-08,2.2977352284346493,1.4594987318972619,holt_winters,ANCASH
2016-08-15,2.2977352284346493,1.2817120950459149,holt_winters,ANCASH
2016-08-22,2.209360796571778,0.9048230810932394,holt_winters,ANCASH
2016-08-29,1.6791142053945514,2.4510656385779774,holt_winters,ANCASH
2016-09-05,1.413990909805938,2.6624212730321988,holt_winters,ANCASH
2016-09-12,1.3256164779430666,2.733740146808747,holt_winters,ANCASH
2016-09-19,1.5023653416688092,2.6466149935424217,holt_winters,ANCASH
2016-09-26,1.502365341668809,1.5484710870581444,holt_winters,ANCASH
2016-10-03,1.0604931823544532,1.7654688707439115,holt_winters,ANCASH
2016-10-10,0.883744318628711,1.6115070039636485,holt_winters,ANCASH
2016-10-17,1.0604931823544532,1.6127040570552653,holt_winters,ANCASH
2016-10-24,1.2372420460801956,0.9941185224613573,holt_winters,ANCASH
2016-10-31,1.3256164779430668,0.9700956962612339,holt_winters,ANCASH
2016-11-07,1.0604931823544532,1.0402389446018843,holt_winters,ANCASH
2016-11-14,0.9721187504915821,1.2645165844710067,holt_winters,ANCASH
2016-11-21,0.7953698867658399,1.3854732405303736,holt_winters,ANCASH
2016-11-28,1.1488676142173244,1.4528118021735565,holt_winters,ANCASH
2016-12-05,1.9442375009831647,1.2517540920055121,holt_winters,ANCASH
2016-12-12,1.9442375009831652,1.2349057473583671,holt_winters,ANCASH
2016-12-19,1.5907397735316804,2.0358832180391877,holt_winters,ANCASH
2016-12-26,0.9721187504915821,2.1658900078895673,holt_winters,ANCASH
2017-01-02,1.4970824961586804,1.9176250172109222,holt_winters,ANCASH
2017-01-09,1.4947345648208454,2.1533203015046354,holt_winters,ANCASH
2017-01-16,2.2824736747387218,1.34795344589392,holt_winters,ANCASH
2017-01-23,2.019111327653485,1.290608916951744,holt_winters,ANCASH
2017-01-30,2.370261123767134,1.0005430837602023,holt_winters,ANCASH
2017-02-06,2.2824736747387218,0.8622082031481517,holt_winters,ANCASH
2017-02-13,2.8091983689091964,2.5220576944605244,holt_winters,ANCASH
2017-02-20,3.4237105121080833,2.3069094012852447,holt_winters,ANCASH
2017-02-27,3.9504352062785575,2.3926914190961424,holt_winters,ANCASH
2017-03-06,4.213797553363794,2.2888947347194892,holt_winters,ANCASH
2017-03-13,4.126010104335382,3.9577156612142,holt_winters,ANCASH
2017-03-20,3.160348165022846,4.51192526779149,holt_winters,ANCASH
2017-03-27,2.4580485727955472,4.830408826324304,holt_winters,ANCASH
2017-04-03,2.1946862257103095,4.830408826324304,holt_winters,ANCASH
2017-04-10,2.370261123767134,2.1374974916360667,holt_winters,ANCASH
2017-04-17,2.545836021823959,2.2801312759180377,holt_winters,ANCASH
2017-04-24,2.6336234708523714,2.5092843463885806,holt_winters,ANCASH
2017-05-01,2.8969858179376087,2.298214512807939,holt_winters,ANCASH
2017-05-08,3.4237105121080833,3.5056017485541684,holt_winters,ANCASH
2017-05-15,3.774860308221733,3.2810054016988888,holt_winters,ANCASH
2017-05-22,3.5114979611364956,3.548751678454231,holt_winters,ANCASH
2017-05-29,2.984773266966021,3.8368877636051923,holt_winters,ANCASH
2017-06-05,2.019111327653485,3.1342171398389027,holt_winters,ANCASH
2017-06-12,1.8435364295966599,3.0616919476186784,holt_winters,ANCASH
2017-06-19,1.667961531539835,2.637721334406753,holt_winters,ANCASH
2017-06-26,1.7557489805682476,2.493379285377774,holt_winters,ANCASH
2017-07-03,1.5801740825114228,1.5972326030349455,holt_winters,ANCASH
2017-07-10,1.667961531539835,1.469030903600792,holt_winters,ANCASH
2017-07-17,1.9313238786250724,1.3180037880772106,holt_winters,ANCASH
2017-07-24,1.84353642959666,1.1696634606127558,holt_winters,ANCASH
2017-07-31,1.4923866334830105,1.7589814135438058,holt_winters,ANCASH
2017-08-07,1.2290242863977732,1.7387890791647096,holt_winters,ANCASH
2017-08-14,1.1412368373693609,1.577844488323441,holt_winters,ANCASH
2017-08-21,1.2290242863977732,1.1034881823082516,holt_winters,ANCASH
2017-08-28,1.0534493883409486,1.2761701119569988,holt_winters,ANCASH
2017-09-04,1.1412368373693609,1.3024838703491235,holt_winters,ANCASH
2017-09-11,0.8778744902841235,1.2919939771907747,holt_winters,ANCASH
2017-09-18,0.8778744902841235,1.255112323503091,holt_winters,ANCASH
2017-09-25,0.8778744902841235,0.9349441910223311,holt_winters,ANCASH
2017-10-02,1.667961531539835,1.0050482717391271,holt_winters,ANCASH
2017-10-09,1.4923866334830105,0.9049771960180713,holt_winters,ANCASH
2017-10-16,1.5801740825114228,0.9103919354681833,holt_winters,ANCASH
2017-10-23,1.1412368373693607,1.6704694111408238,holt_winters,ANCASH
2017-10-30,2.370261123767134,1.5588063469236997,holt_winters,ANCASH
2017-11-06,2.370261123767134,1.5736610747129394,holt_winters,ANCASH
2017-11-13,2.106898776681897,1.7613824072717335,holt_winters,ANCASH
2017-11-20,1.3168117354261855,2.606501445393163,holt_winters,ANCASH
2017-11-27,1.4923866334830105,2.7744565485825987,holt_winters,ANCASH
2017-12-04,2.8969858179376087,2.838547562907962,holt_winters,ANCASH
2017-12-11,2.721410919880784,2.7293506637977822,holt_winters,ANCASH
2017-12-18,2.545836021823959,2.7596034468217523,holt_winters,ANCASH
2017-12-25,1.7557489805682476,2.705421691578567,holt_winters,ANCASH
2018-01-01,1.664600624092876,2.635285760824624,holt_winters,ANCASH
2018-01-08,1.4865050454508317,2.854483294846792,holt_winters,ANCASH
2018-01-15,1.3042083325000886,1.651514443550905,holt_winters,ANCASH
2018-01-22,1.3042083325000886,1.6285724034975955,holt_winters,ANCASH
2018-01-29,1.2172611103334159,1.43993098274042,holt_winters,ANCASH
2018-02-05,1.2172611103334159,1.3583190553847273,holt_winters,ANCASH
2018-02-12,1.0433666660000707,1.59190859916444,holt_winters,ANCASH
2018-02-19,1.1303138881667432,1.4686596324042576,holt_winters,ANCASH
2018-02-26,0.6086305551667075,1.6795218250085977,holt_winters,ANCASH
2018-03-05,0.5216833330000349,1.6258994112122442,holt_winters,ANCASH
2018-03-12,0.2608416665000171,0.42316582228685723,holt_winters,ANCASH
2018-03-19,0.17389444433334447,0.47565592396978895,holt_winters,ANCASH
2018-03-26,0.43473611083336233,0.5298435723387118,holt_winters,ANCASH
2018-04-02,0.521683333000035,0.7733872522135194,holt_winters,ANCASH
2018-04-09,0.7825249995000528,0.5149972808731855,holt_winters,ANCASH
2018-04-16,1.1303138881667432,0.602169075612885,holt_winters,ANCASH
2018-04-23,2.260627776333487,0.6994333582221257,holt_winters,ANCASH
2018-04-30,2.782311109333522,0.629042132947196,holt_winters,ANCASH
2018-05-07,4.0865194418336115,3.533238951930299,holt_winters,ANCASH
2018-05-14,4.260413886166957,3.335493982753021,holt_winters,ANCASH
2018-05-21,5.303780552167029,3.5868721593472053,holt_winters,ANCASH
2018-05-28,5.380214306287272,3.6043448077967994,holt_winters,ANCASH
2018-06-04,5.380214306287272,4.828066812189448,holt_winters,ANCASH
2018-06-11,5.206319861953927,4.711071306168753,holt_winters,ANCASH
2018-06-18,5.206319861953927,4.239700222775817,holt_winters,ANCASH
2018-06-25,5.554108750620617,4.101889406589403,holt_winters,ANCASH
2018-07-02,5.7280031949539625,5.016561611057165,holt_winters,ANCASH
2018-07-09,4.955991663500337,4.940847518780851,holt_winters,ANCASH
2018-07-16,4.69514999700032,4.619265020558746,holt_winters,ANCASH
2018-07-23,3.999572219666939,4.298459364881472,holt_winters,ANCASH
2018-07-30,3.651783331000249,3.527991374279252,holt_winters,ANCASH
2018-08-06,3.130099998000213,3.678058584913871,holt_winters,ANCASH
2018-08-13,2.69536388716685,3.5334829039981877,holt_winters,ANCASH
2018-08-20,2.1736805541668143,2.9723463769916134,holt_winters,ANCASH
2018-08-27,2.956205553666868,1.9873039214653807,holt_winters,ANCASH
2018-09-03,2.956205553666868,2.0240925037384323,holt_winters,ANCASH
2018-09-10,3.130099998000213,1.8861009932630877,holt_winters,ANCASH
2018-09-17,2.1736805541668147,1.8554966000098796,holt_winters,ANCASH
2018-09-24,2.6084166650001777,2.1284840083455747,holt_winters,ANCASH
2018-10-01,2.6084166650001777,2.439815036174801,holt_winters,ANCASH
2018-10-08,3.217047220166886,2.3144181013855327,holt_winters,ANCASH
2018-10-15,2.434522220666832,2.213947678723585,holt_winters,ANCASH
2018-10-22,3.0431527758335406,2.4107821793382396,holt_winters,ANCASH
2018-10-29,2.3475749985001597,2.62145738968093,holt_winters,ANCASH
2018-11-05,2.782311109333523,2.709977749754543,holt_winters,ANCASH
2018-11-12,2.260627776333487,2.65144075035687,holt_winters,ANCASH
2018-11-19,2.69536388716685,2.4600374267666147,holt_winters,ANCASH
2018-11-26,2.869258331500196,2.7101699730255584,holt_winters,ANCASH
2018-12-03,2.69536388716685,3.2430861439793652,holt_winters,ANCASH
2018-12-10,2.4345222206668327,2.977771914637939,holt_winters,ANCASH
2018-12-17,2.69536388716685,2.375316540972236,holt_winters,ANCASH
2018-12-24,3.4778888866669035,2.0562488220513426,holt_winters,ANCASH
2018-12-31,2.782311109333522,1.9596745286369632,holt_winters,ANCASH
2019-01-07,1.5642257035316272,1.9142629088609997,holt_winters,ANCASH
2019-01-14,0.9490007846170853,1.7502384142592917,holt_winters,ANCASH
2019-01-21,1.2918439004729003,1.6786986507112105,holt_winters,ANCASH
2019-01-28,1.4640897538692872,1.4948296734208086,holt_winters,ANCASH
2019-02-04,0.9473521936801269,1.4129765724915142,holt_winters,ANCASH
2019-02-11,0.6889834135855466,1.0374025536184428,holt_winters,ANCASH
2019-02-18,0.7751063402837399,1.1275186523845595,holt_winters,ANCASH
2019-02-25,0.8612292669819334,1.0814288891859336,holt_winters,ANCASH
2019-03-04,0.8612292669819334,1.0700593886286782,holt_winters,ANCASH
2019-03-11,0.8612292669819334,0.7648378049583933,holt_winters,ANCASH
2019-03-18,0.9473521936801269,0.778352650275866,holt_winters,ANCASH
2019-03-25,1.3779668271710939,0.8946278368628933,holt_winters,ANCASH
2019-04-01,1.636335607265674,1.1752527757874223,holt_winters,ANCASH
2019-04-08,1.4640897538692872,1.615429903158896,holt_winters,ANCASH
2019-04-15,1.4640897538692872,1.9842600965312558,holt_winters,ANCASH
2019-04-22,0.9473521936801266,2.583055146225868,holt_winters,ANCASH
2019-04-29,1.7224585339638674,2.5879845610805416,holt_winters,ANCASH
2019-05-06,2.066950240756641,2.2617401395973746,holt_winters,ANCASH
2019-05-13,2.239196094153028,2.184356620035465,holt_winters,ANCASH
2019-05-20,2.669810727643995,2.5608906536280727,holt_winters,ANCASH
2019-05-27,3.014302434436768,2.4164393856953175,holt_winters,ANCASH
2019-06-03,3.7894087747205094,2.751161429985381,holt_winters,ANCASH
2019-06-10,3.100425361134962,2.5928668531790446,holt_winters,ANCASH
2019-06-17,2.1530731674548345,2.3289314201572977,holt_winters,ANCASH
2019-06-24,1.8085814606620607,2.421268105624399,holt_winters,ANCASH
2019-07-01,2.4975648742476078,1.5519268032578566,holt_winters,ANCASH
2019-07-08,3.2726712145313486,1.490620558925337,holt_winters,ANCASH
2019-07-15,3.444917067927735,1.3067011162579707,holt_winters,ANCASH
2019-07-22,3.100425361134962,1.1490410060049125,holt_winters,ANCASH
2019-07-29,2.325319020851221,2.8516011592105803,holt_winters,ANCASH
2019-08-05,1.9808273140584476,2.8044548599744226,holt_winters,ANCASH
2019-08-12,1.2918439004729005,2.6505215526853325,holt_winters,ANCASH
2019-08-19,1.2918439004729005,2.3246530450580956,holt_winters,ANCASH
2019-08-26,1.1195980470765134,1.1465876242911168,holt_winters,ANCASH
2019-09-02,1.9808273140584476,1.157598135863982,holt_winters,ANCASH
2019-09-09,2.066950240756641,1.0534286395454608,holt_winters,ANCASH
2019-09-16,2.239196094153028,1.0038285627692285,holt_winters,ANCASH
2019-09-23,1.2918439004729005,2.340281360530359,holt_winters,ANCASH
2019-09-30,1.3779668271710939,2.5639426744462632,holt_winters,ANCASH
2019-10-07,1.1195980470765134,2.469903275009852,holt_winters,ANCASH
2019-10-14,1.636335607265674,2.250683762637656,holt_winters,ANCASH
2019-10-21,1.7224585339638676,1.5449082139563823,holt_winters,ANCASH
2019-10-28,1.8947043873602543,1.674735563978937,holt_winters,ANCASH
2019-11-04,1.7224585339638676,1.7354060173287031,holt_winters,ANCASH
2019-11-11,1.2918439004729005,1.5053587729453066,holt_winters,ANCASH
2019-11-18,1.2057209737747072,1.2206409497428368,holt_winters,ANCASH
2019-11-25,1.0334751203783203,1.3725526147567324,holt_winters,ANCASH
2019-12-02,1.6363356072656743,1.7824387646055304,holt_winters,ANCASH
2019-12-09,2.3253190208512216,1.6001730468054385,holt_winters,ANCASH
2019-12-16,2.325319020851221,2.275468101722216,holt_winters,ANCASH
2019-12-23,1.7224585339638676,1.9989697797909884,holt_winters,ANCASH
2019-12-30,1.0334751203783203,1.8653174397857852,holt_winters,ANCASH
2020-01-06,1.0294310557362698,1.7055417748174193,holt_winters,ANCASH
2020-01-13,0.9416905031812561,1.0784575845408626,holt_winters,ANCASH
2020-01-20,1.1090834790071822,1.0740493491292002,holt_winters,ANCASH
2020-01-27,0.9384552514676155,1.0543426386722707,holt_winters,ANCASH
2020-02-03,0.9384552514676154,0.9117530406861425,holt_winters,ANCASH
2020-02-10,0.7678270239280489,1.0010727069256382,holt_winters,ANCASH
2020-02-17,0.6825129101582657,0.9869555733474327,holt_winters,ANCASH
2020-02-24,0.5971987963884825,0.9633733618683902,holt_winters,ANCASH
2020-03-02,1.2797117065467483,1.0140161125994633,holt_winters,ANCASH
2020-03-09,1.7062822753956646,1.169152810910095,holt_winters,ANCASH
2020-03-16,1.876910502935231,1.0870895098997844,holt_winters,ANCASH
2020-03-23,1.1943975927769654,1.2079465849282158,holt_winters,ANCASH
2020-03-30,0.5971987963884823,1.4170416532782633,holt_winters,ANCASH
2020-04-06,0.34125645507913255,0.5568120439255131,holt_winters,ANCASH
2020-04-13,0.08531411376978269,0.7292624273590829,holt_winters,ANCASH
2020-04-20,0.2559423413093493,1.0051718956002214,holt_winters,ANCASH
2020-04-27,0.25594234130934923,1.3848533655311623,holt_winters,ANCASH
2020-05-04,0.17062822753956594,0.4663865467441722,holt_winters,ANCASH
2020-05-11,0.2559423413093492,0.48194659937483747,holt_winters,ANCASH
2020-05-18,0.2559423413093492,0.6319034631385478,holt_winters,ANCASH
2020-05-25,0.2559423413093492,0.639560561874233,holt_winters,ANCASH
2020-06-01,0.0,0.24304919035946446,holt_winters,ANCASH
2020-06-08,0.0,0.20948479266817907,holt_winters,ANCASH
2020-06-15,0.08531411376978269,0.11208728630687331,holt_winters,ANCASH
2020-06-22,0.08531411376978269,0.0991144585692583,holt_winters,ANCASH
2020-06-29,0.08531411376978269,0.09034763922381109,holt_winters,ANCASH
2020-07-06,0.0,0.08987849420746047,holt_winters,ANCASH
2020-07-13,0.0,0.03118995521066694,holt_winters,ANCASH
2020-07-20,0.0,0.0,holt_winters,ANCASH
2020-07-27,0.0,0.0,holt_winters,ANCASH
2020-08-03,0.0,0.0,holt_winters,ANCASH
2020-08-10,0.0,0.0,holt_winters,ANCASH
2020-08-17,0.0,0.0,holt_winters,ANCASH
2020-08-24,0.0,0.0,holt_winters,ANCASH
2020-08-31,0.0,0.03140036758168683,holt_winters,ANCASH
2020-09-07,0.0,0.0,holt_winters,ANCASH
2020-09-14,0.0,0.015254786122114646,holt_winters,ANCASH
2020-09-21,0.0,0.0,holt_winters,ANCASH
2020-09-28,0.0,0.044734596327222875,holt_winters,ANCASH
2020-10-05,0.0,0.0,holt_winters,ANCASH
2020-10-12,0.0,0.010703995337738468,holt_winters,ANCASH
2020-10-19,0.0,0.0272165082344744,holt_winters,ANCASH
2020-10-26,0.08531411376978269,0.10408239127207258,holt_winters,ANCASH
2020-11-02,0.08531411376978269,0.09013537247464441,holt_winters,ANCASH
2020-11-09,0.08531411376978269,0.01760941694053817,holt_winters,ANCASH
2020-11-16,0.0,0.007901028001850413,holt_winters,ANCASH
2020-11-23,0.08531411376978269,0.05507387175280082,holt_winters,ANCASH
2020-11-30,0.08531411376978269,0.30355686107975616,holt_winters,ANCASH
2020-12-07,0.08531411376978269,0.3381911320980233,holt_winters,ANCASH
2020-12-14,0.0,0.06378102260849393,holt_winters,ANCASH
2020-12-21,0.0,0.0,holt_winters,ANCASH
2020-12-28,0.0,0.0,holt_winters,ANCASH
2021-01-04,0.0,0.0,holt_winters,ANCASH
2021-01-11,0.08452035123277098,0.0,holt_winters,ANCASH
2021-01-18,0.08452035123277098,0.0,holt_winters,ANCASH
2021-01-25,0.08452035123277098,0.0,holt_winters,ANCASH
2021-02-01,0.0,0.0,holt_winters,ANCASH
2021-02-08,0.0,0.0,holt_winters,ANCASH
2021-02-15,0.08452035123277098,0.0,holt_winters,ANCASH
2021-02-22,0.08452035123277098,0.0,holt_winters,ANCASH
2021-03-01,0.08452035123277098,0.052129433960267126,holt_winters,ANCASH
2021-03-08,0.0,0.08099218176822374,holt_winters,ANCASH
2021-03-15,0.0,0.05634877746458068,holt_winters,ANCASH
2021-03-22,0.0,0.01894518911174309,holt_winters,ANCASH
2021-03-29,0.0,0.0,holt_winters,ANCASH
2021-04-05,0.08452035123277098,0.0,holt_winters,ANCASH
2021-04-12,0.2535610536983141,0.03180111289643387,holt_winters,ANCASH
2021-04-19,0.5071221073966289,0.17480741332183067,holt_winters,ANCASH
2021-04-26,0.42260175616385737,0.3291528716884826,holt_winters,ANCASH
2021-05-03,0.25356105369831416,0.6062704052527781,holt_winters,ANCASH
2021-05-10,0.0,0.6584452585256872,holt_winters,ANCASH
2021-05-17,0.0,0.777779578527988,holt_winters,ANCASH
2021-05-24,0.16904070246554256,0.8015638434428034,holt_winters,ANCASH
2021-05-31,0.2535610536983141,0.08095112612420649,holt_winters,ANCASH
2021-06-07,0.42260175616385726,0.05480252998982222,holt_winters,ANCASH
2021-06-14,0.5071221073966289,0.00845805623310753,holt_winters,ANCASH
2021-06-21,0.5071221073966289,0.0,holt_winters,ANCASH
2021-06-28,0.42260175616385726,0.5800708947854525,holt_winters,ANCASH
2021-07-05,0.16904070246554256,0.5337297557798362,holt_winters,ANCASH
2021-07-12,0.16904070246554256,0.5149028255513308,holt_winters,ANCASH
2021-07-19,0.08452035123277098,0.46684906626027073,holt_winters,ANCASH
2021-07-26,0.08452035123277098,0.0,holt_winters,ANCASH
2021-08-02,0.0,0.0,holt_winters,ANCASH
2021-08-09,0.0,0.0,holt_winters,ANCASH
2021-08-16,0.16904070246554256,0.0,holt_winters,ANCASH
2021-08-23,0.3380814049310857,0.18903945758498616,holt_winters,ANCASH
2021-08-30,0.42260175616385726,0.2800382542305947,holt_winters,ANCASH
2021-09-06,0.2535610536983141,0.27404761651654513,holt_winters,ANCASH
2021-09-13,0.2535610536983141,0.2550476638604689,holt_winters,ANCASH
2021-09-20,0.2535610536983141,0.18863052729387772,holt_winters,ANCASH
2021-09-27,0.3380814049310857,0.26144831881611297,holt_winters,ANCASH
2021-10-04,0.3380814049310857,0.2531174835893835,holt_winters,ANCASH
2021-10-11,0.2535610536983141,0.30561058678835223,holt_winters,ANCASH
2021-10-18,0.3380814049310857,0.26201666501218107,holt_winters,ANCASH
2021-10-25,0.4226017561638573,0.3776993105085109,holt_winters,ANCASH
2021-11-01,0.8452035123277152,0.35940825466594156,holt_winters,ANCASH
2021-11-08,1.1832849172588016,0.24223571219052886,holt_winters,ANCASH
2021-11-15,1.09876456602603,1.038307526027595,holt_winters,ANCASH
2021-11-22,1.1832849172588016,1.1246867209262454,holt_winters,ANCASH
2021-11-29,1.4368459709571164,1.5422265499538108,holt_winters,ANCASH
2021-12-06,1.352325619724345,1.5656461329158988,holt_winters,ANCASH
2021-12-13,1.4368459709571164,1.3291706455180332,holt_winters,ANCASH
2021-12-20,1.09876456602603,1.050411857301134,holt_winters,ANCASH
2021-12-27,1.0142442147932584,0.914003862495665,holt_winters,ANCASH
2022-01-03,0.8413075198999186,0.7211294765333298,holt_winters,ANCASH
2022-01-10,0.6699292219776974,0.709484197168476,holt_winters,ANCASH
2022-01-17,1.0048938329665464,0.7571914948130158,holt_winters,ANCASH
2022-01-24,0.7536703747249097,0.7727904981047427,holt_winters,ANCASH
2022-01-31,0.6699292219776974,0.6522804342734636,holt_winters,ANCASH
2022-02-07,0.41870576373606067,0.5503013602290465,holt_winters,ANCASH
2022-02-14,0.3349646109888484,0.6382080379739767,holt_winters,ANCASH
2022-02-21,0.16748230549442386,0.5844645951145122,holt_winters,ANCASH
2022-02-28,0.3349646109888484,0.7030256327896411,holt_winters,ANCASH
2022-03-07,0.5024469164832729,0.3059857051766547,holt_winters,ANCASH
2022-03-14,0.5861880692304852,0.30744749569303104,holt_winters,ANCASH
2022-03-21,0.33496461098884844,0.3312369808255103,holt_winters,ANCASH
2022-03-28,0.2512234582416361,0.300556631385815,holt_winters,ANCASH
2022-04-04,0.25122345824163617,0.25254489494411314,holt_winters,ANCASH
2022-04-11,0.41870576373606067,0.31104705671195254,holt_winters,ANCASH
2022-04-18,0.2512234582416361,0.4798680541764692,holt_winters,ANCASH
2022-04-25,0.586188069230485,0.6524094653570616,holt_winters,ANCASH
2022-05-02,0.7536703747249097,0.6777570801729225,holt_winters,ANCASH
2022-05-09,1.0886349857137587,0.7165150642689739,holt_winters,ANCASH
2022-05-16,0.8374115274721219,0.8370224697774333,holt_winters,ANCASH
2022-05-23,1.0048938329665464,0.9163306762269916,holt_winters,ANCASH
2022-05-30,1.3398584439553953,1.0190182043237859,holt_winters,ANCASH
2022-06-06,2.1772699714275183,0.9745800354749117,holt_winters,ANCASH
2022-06-13,2.344752276921943,0.9041497788071844,holt_winters,ANCASH
2022-06-20,2.5959757351635795,0.8952693829770328,holt_winters,ANCASH
2022-06-27,1.8423053604386688,2.7667531163457704,holt_winters,ANCASH
2022-07-04,2.0097876659330933,2.6042603719242354,holt_winters,ANCASH
2022-07-11,1.9260465131858808,2.636964429220751,holt_winters,ANCASH
2022-07-18,2.0097876659330933,2.389855153874399,holt_winters,ANCASH
2022-07-25,1.591081902197032,1.8059401379990558,holt_winters,ANCASH
2022-08-01,0.921152680219334,1.5751280740614426,holt_winters,ANCASH
2022-08-08,0.8374115274721218,1.3667345562468625,holt_winters,ANCASH
2022-08-15,1.0048938329665464,1.3842309214648556,holt_winters,ANCASH
2022-08-22,1.0886349857137587,1.1515319715936183,holt_winters,ANCASH
2022-08-29,0.921152680219334,1.3454055275431607,holt_winters,ANCASH
2022-09-05,0.5861880692304852,1.2543014663991254,holt_winters,ANCASH
2022-09-12,0.3349646109888484,1.1573333443172715,holt_winters,ANCASH
2022-09-19,0.5024469164832729,0.26957587102309566,holt_winters,ANCASH
2022-09-26,0.41870576373606055,0.36829225829335116,holt_winters,ANCASH
2022-10-03,0.5861880692304852,0.3446952777585593,holt_winters,ANCASH
2022-10-10,0.5861880692304852,0.3280633955265979,holt_winters,ANCASH
2022-10-17,0.5861880692304852,0.6989544129755334,holt_winters,ANCASH
2022-10-24,0.586188069230485,0.834235074387053,holt_winters,ANCASH
2022-10-31,0.41870576373606055,0.9300924698615944,holt_winters,ANCASH
2022-11-07,0.41870576373606055,0.823583220355167,holt_winters,ANCASH
2022-11-14,0.41870576373606055,0.41210794213379714,holt_winters,ANCASH
2022-11-21,1.4235995967026076,0.4428822412589298,holt_winters,ANCASH
2022-11-28,1.7585642076914567,0.6705875586369674,holt_winters,ANCASH
2022-12-05,2.0097876659330933,0.6875472813890737,holt_winters,ANCASH
2010-12-27,3.314444071057997,3.087468239254674,arima,ANCASH
2011-01-03,3.2147334377159695,2.8149384812765867,arima,ANCASH
2011-01-10,2.4769165204009744,2.9335282103059224,arima,ANCASH
2011-01-17,1.9200509087783801,2.93653281147747,arima,ANCASH
2011-01-24,1.0971719478733595,1.5449100917641312,arima,ANCASH
2011-01-31,1.9200509087783801,1.7169823560301283,arima,ANCASH
2011-02-07,2.7429298696834006,1.7193214380891253,arima,ANCASH
2011-02-14,3.0172228566517405,1.668076049636658,arima,ANCASH
2011-02-21,2.834360865339514,2.595331773939214,arima,ANCASH
2011-02-28,1.9200509087783804,2.210665965559174,arima,ANCASH
2011-03-07,2.377205887058947,2.5435125258457383,arima,ANCASH
2011-03-14,2.0114819044344934,2.4533210228307287,arima,ANCASH
2011-03-21,2.102912900090607,2.2544955339015194,arima,ANCASH
2011-03-28,2.834360865339514,2.1311543584597974,arima,ANCASH
2011-04-04,4.2972567958373284,2.134648834020065,arima,ANCASH
2011-04-11,5.302997748054576,2.1672741972604266,arima,ANCASH
2011-04-18,5.120135756742349,5.168941007924104,arima,ANCASH
2011-04-25,3.840101817556762,4.728678164006577,arima,ANCASH
2011-05-02,2.925791860995627,5.026738065603938,arima,ANCASH
2011-05-09,2.651498874027287,4.97929608490511,arima,ANCASH
2011-05-16,2.925791860995627,2.606675396913121,arima,ANCASH
2011-05-23,2.925791860995627,2.9378127796909776,arima,ANCASH
2011-05-30,2.3772058870589468,2.7533354881246037,arima,ANCASH
2011-06-06,2.46863688271506,2.76158113581495,arima,ANCASH
2011-06-13,2.102912900090607,2.727305608069657,arima,ANCASH
2011-06-20,2.0114819044344934,2.969039616399287,arima,ANCASH
2011-06-27,1.6457579218100398,2.7427046393710226,arima,ANCASH
2011-07-04,1.8286199131222667,2.8041785766180864,arima,ANCASH
2011-07-11,1.4628959304978133,1.8304743405615245,arima,ANCASH
2011-07-18,1.188602943529473,1.774960231699898,arima,ANCASH
2011-07-25,1.005740952217246,1.8077322137060534,arima,ANCASH
2011-08-01,1.7371889174661532,1.804076641347991,arima,ANCASH
2011-08-08,1.9200509087783801,2.016007646334424,arima,ANCASH
2011-08-15,2.0114819044344934,2.3718724789398102,arima,ANCASH
2011-08-22,1.9200509087783801,2.073446760503704,arima,ANCASH
2011-08-29,2.2857748914028337,2.142744067325098,arima,ANCASH
2011-09-05,2.5600678783711737,2.620474356721616,arima,ANCASH
2011-09-12,2.2857748914028337,2.529126466116492,arima,ANCASH
2011-09-19,2.0114819044344934,2.4829106822028533,arima,ANCASH
2011-09-26,1.7371889174661532,2.5358102576200077,arima,ANCASH
2011-10-03,1.3714649348416996,1.6338885870170943,arima,ANCASH
2011-10-10,1.4628959304978129,1.5833414239779215,arima,ANCASH
2011-10-17,1.188602943529473,1.6428143900323406,arima,ANCASH
2011-10-24,1.3714649348416996,1.6226849894552662,arima,ANCASH
2011-10-31,1.0971719478733595,1.229566895939711,arima,ANCASH
2011-11-07,1.4628959304978133,1.4007794547265773,arima,ANCASH
2011-11-14,1.4628959304978133,1.3366303828252453,arima,ANCASH
2011-11-21,1.7371889174661532,1.326371959825845,arima,ANCASH
2011-11-28,1.6457579218100398,1.710609942317404,arima,ANCASH
2011-12-05,2.011481904434494,1.7557833447982754,arima,ANCASH
2011-12-12,1.5543269261539268,1.7358871045154092,arima,ANCASH
2011-12-19,1.9200509087783804,1.7351884798925252,arima,ANCASH
2011-12-26,1.4628959304978135,1.7514058284198661,arima,ANCASH
2012-01-02,1.733420052965978,2.1150138589352117,arima,ANCASH
2012-01-09,1.7277667562157146,1.9414316365775406,arima,ANCASH
2012-01-16,2.179268437746018,1.937776087349143,arima,ANCASH
2012-01-23,3.1780998050462768,2.3868050159366807,arima,ANCASH
2012-01-30,2.7240855471825225,2.3445343874292885,arima,ANCASH
2012-02-06,2.179268437746018,2.30826131745236,arima,ANCASH
2012-02-13,1.6344513283095132,2.342355008109507,arima,ANCASH
2012-02-20,2.270071289318769,1.6635681873106885,arima,ANCASH
2012-02-27,2.5424798440370213,1.7854177711971477,arima,ANCASH
2012-03-05,1.9976627346005165,1.7027009954878416,arima,ANCASH
2012-03-12,1.9976627346005167,1.714828397150559,arima,ANCASH
2012-03-19,3.268902656619028,2.0448389095650454,arima,ANCASH
2012-03-26,3.722916914482782,2.432072326496767,arima,ANCASH
2012-04-02,4.176931172346536,2.1777177405830805,arima,ANCASH
2012-04-09,4.086128320773785,2.207608774155617,arima,ANCASH
2012-04-16,4.903353984928542,4.940579429621087,arima,ANCASH
2012-04-23,3.9953254692010334,4.893695497637711,arima,ANCASH
2012-04-30,3.722916914482782,4.617426042001254,arima,ANCASH
2012-05-07,3.1780998050462768,4.7985144107717215,arima,ANCASH
2012-05-14,3.6321140629100306,3.2619337680740115,arima,ANCASH
2012-05-21,3.8137197660555326,2.935638728161243,arima,ANCASH
2012-05-28,3.632114062910031,3.100897586268718,arima,ANCASH
2012-06-04,4.449339727064788,3.1164964142044695,arima,ANCASH
2012-06-11,3.722916914482782,4.427463642170599,arima,ANCASH
2012-06-18,3.359705508191779,5.155439685722875,arima,ANCASH
2012-06-25,2.5424798440370218,4.709147147895662,arima,ANCASH
2012-07-02,2.36087414089152,4.722034057417067,arima,ANCASH
2012-07-09,2.270071289318769,2.5171517203309626,arima,ANCASH
2012-07-16,1.8160570314550153,2.4011086622812194,arima,ANCASH
2012-07-23,1.9976627346005167,2.414431677761612,arima,ANCASH
2012-07-30,1.8160570314550153,2.447571011114701,arima,ANCASH
2012-08-06,1.8160570314550153,1.8439256342751396,arima,ANCASH
2012-08-13,1.3620427735912612,1.6619375125077558,arima,ANCASH
2012-08-20,1.1804370704457596,1.7619262423028959,arima,ANCASH
2012-08-27,0.7264228125820057,1.761280343240089,arima,ANCASH
2012-09-03,0.8172256641547566,0.609509431471519,arima,ANCASH
2012-09-10,1.0896342188730088,0.5567465845907253,arima,ANCASH
2012-09-17,1.452845625164012,0.6255417235650134,arima,ANCASH
2012-09-24,1.543648476736763,0.6016261674950889,arima,ANCASH
2012-10-01,1.4528456251640123,1.5092579193174527,arima,ANCASH
2012-10-08,1.543648476736763,1.57395424914972,arima,ANCASH
2012-10-15,1.1804370704457596,1.5459635929391622,arima,ANCASH
2012-10-22,1.634451328309514,1.5415134567059834,arima,ANCASH
2012-10-29,1.1804370704457599,1.7460303345424193,arima,ANCASH
2012-11-05,1.1804370704457599,2.057851160955675,arima,ANCASH
2012-11-12,1.0896342188730088,1.8275231746945084,arima,ANCASH
2012-11-19,2.0884655861732675,1.8473025307261,arima,ANCASH
2012-11-26,2.270071289318769,2.5821074727817184,arima,ANCASH
2012-12-03,2.1792684377460185,2.6166136356113,arima,ANCASH
2012-12-10,1.8160570314550153,2.397094521431784,arima,ANCASH
2012-12-17,2.270071289318769,2.511177300751003,arima,ANCASH
2012-12-24,2.088465586173268,2.3627791835517327,arima,ANCASH
2012-12-31,2.7240855471825234,2.430009819334724,arima,ANCASH
2013-01-07,2.8982573611653826,2.357716712776644,arima,ANCASH
2013-01-14,4.338093680294771,2.3772004010299503,arima,ANCASH
2013-01-21,3.2466009891311014,4.462148499366808,arima,ANCASH
2013-01-28,3.3367843499402983,4.847174226473902,arima,ANCASH
2013-02-04,2.8858675458943117,4.549050033698601,arima,ANCASH
2013-02-11,2.705500824275917,4.630777203221382,arima,ANCASH
2013-02-18,2.0742172986115364,2.425459949287253,arima,ANCASH
2013-02-25,1.0822003297103668,2.210317344886744,arima,ANCASH
2013-03-04,1.7134838553747478,2.433188014961214,arima,ANCASH
2013-03-11,1.4429337729471559,2.3530157299874124,arima,ANCASH
2013-03-18,1.6233004945655505,1.856407191256901,arima,ANCASH
2013-03-25,1.9840339378023393,1.4020087168037962,arima,ANCASH
2013-04-01,2.3447673810391283,1.5948035406897176,arima,ANCASH
2013-04-08,2.885867545894312,1.5885181010281966,arima,ANCASH
2013-04-15,2.9760509067035095,2.34940135769284,arima,ANCASH
2013-04-22,3.60733443236789,2.521114534474549,arima,ANCASH
2013-04-29,3.9680678756046794,2.61967237832468,arima,ANCASH
2013-05-06,4.6895347620782575,2.4875131576826823,arima,ANCASH
2013-05-13,4.59935140126906,5.161029987827129,arima,ANCASH
2013-05-20,3.8778845147954826,5.651342058520002,arima,ANCASH
2013-05-27,3.156417628321904,5.142011976047387,arima,ANCASH
2013-06-03,3.9680678756046794,5.2877420247602736,arima,ANCASH
2013-06-10,5.230634926933441,4.378198312621704,arima,ANCASH
2013-06-17,5.411001648551836,4.467656026511112,arima,ANCASH
2013-06-24,4.779718122887455,4.248431027161472,arima,ANCASH
2013-07-01,3.4269677107494956,4.375316436792254,arima,ANCASH
2013-07-08,3.517151071558693,3.1524798013666837,arima,ANCASH
2013-07-15,3.156417628321904,3.0067106207921936,arima,ANCASH
2013-07-22,3.3367843499402987,3.2066608907883074,arima,ANCASH
2013-07-29,2.9760509067035095,3.1127071589828414,arima,ANCASH
2013-08-05,3.517151071558693,3.078965093658101,arima,ANCASH
2013-08-12,3.156417628321904,3.07545176029321,arima,ANCASH
2013-08-19,2.3447673810391283,3.040986516428756,arima,ANCASH
2013-08-26,1.0822003297103666,3.067547272857822,arima,ANCASH
2013-09-02,1.62330049456555,0.8424348609660481,arima,ANCASH
2013-09-09,1.5331171337563532,0.7467506429646642,arima,ANCASH
2013-09-16,1.5331171337563527,0.8943714076676499,arima,ANCASH
2013-09-23,0.9920169689011692,0.8201088214433243,arima,ANCASH
2013-09-30,1.3527504121379585,0.943178325452463,arima,ANCASH
2013-10-07,1.6233004945655507,1.0523783868043508,arima,ANCASH
2013-10-14,1.8036672161839444,1.0035402679269252,arima,ANCASH
2013-10-21,1.62330049456555,0.9849694060700842,arima,ANCASH
2013-10-28,1.5331171337563527,1.6990357713454736,arima,ANCASH
2013-11-04,1.172383690519564,1.5865048644777389,arima,ANCASH
2013-11-11,1.4429337729471554,1.6387511533175858,arima,ANCASH
2013-11-18,1.984033937802339,1.6424416968177908,arima,ANCASH
2013-11-25,2.1644006594207337,2.2948703015647487,arima,ANCASH
2013-12-02,2.5251341026575225,2.2838473605340606,arima,ANCASH
2013-12-09,2.0742172986115364,2.17178186441068,arima,ANCASH
2013-12-16,1.984033937802339,2.257174405764975,arima,ANCASH
2013-12-23,2.1644006594207337,1.6893064468140562,arima,ANCASH
2013-12-30,2.61531746346672,1.7782370358895787,arima,ANCASH
2014-01-06,2.253972844749168,1.8238965694080633,arima,ANCASH
2014-01-13,1.7085944515286438,1.7550642764101032,arima,ANCASH
2014-01-20,1.4331549652549487,1.5680800564409036,arima,ANCASH
2014-01-27,1.522727150583383,1.7052111038966404,arima,ANCASH
2014-02-03,0.985294038612777,1.6587761171537911,arima,ANCASH
2014-02-10,0.8957218532843426,1.6384528637591895,arima,ANCASH
2014-02-17,1.7018715212402515,0.8051389015453907,arima,ANCASH
2014-02-24,2.6871655598530295,0.9172438154160447,arima,ANCASH
2014-03-03,2.6871655598530295,0.8701446960004562,arima,ANCASH
2014-03-10,2.1497324478824233,0.8603347615675578,arima,ANCASH
2014-03-17,1.4331549652549487,2.0877305252715486,arima,ANCASH
2014-03-24,1.6122993359118174,2.268865259807913,arima,ANCASH
2014-03-31,1.7914437065686861,2.1648654656720345,arima,ANCASH
2014-04-07,2.418449003867726,2.165632378719839,arima,ANCASH
2014-04-14,2.866309930509898,2.5261807885842886,arima,ANCASH
2014-04-21,2.3288768185392916,2.4488974571389623,arima,ANCASH
2014-04-28,1.5227271505833828,2.447997722962063,arima,ANCASH
2014-05-05,0.26871655598530236,2.483487407106342,arima,ANCASH
2014-05-12,0.716577482627474,0.040719009526657336,arima,ANCASH
2014-05-19,0.716577482627474,0.0,arima,ANCASH
2014-05-26,1.3435827799265143,0.09541747602694184,arima,ANCASH
2014-06-02,1.25401059459808,0.0365108079422134,arima,ANCASH
2014-06-09,1.0748662239412112,1.6347935042185715,arima,ANCASH
2014-06-16,0.8957218532843427,1.7279409716505594,arima,ANCASH
2014-06-23,0.716577482627474,1.4944325078264886,arima,ANCASH
2014-06-30,1.0748662239412115,1.6345981138829773,arima,ANCASH
2014-07-07,1.25401059459808,1.1014992530413004,arima,ANCASH
2014-07-14,1.522727150583383,1.029907901023174,arima,ANCASH
2014-07-21,1.4331549652549487,1.074290705137099,arima,ANCASH
2014-07-28,0.8957218532843428,1.0689898667367803,arima,ANCASH
2014-08-04,0.5374331119706054,0.6951083893712751,arima,ANCASH
2014-08-11,0.3582887413137367,0.7041314251960151,arima,ANCASH
2014-08-18,0.4478609266421711,0.7789567006687708,arima,ANCASH
2014-08-25,0.26871655598530236,0.7148117261944213,arima,ANCASH
2014-09-01,0.6270052972990398,0.2854373207913736,arima,ANCASH
2014-09-08,0.8957218532843427,0.21917979297116333,arima,ANCASH
2014-09-15,1.0748662239412115,0.2626661107251675,arima,ANCASH
2014-09-22,0.716577482627474,0.25618765331812593,arima,ANCASH
2014-09-29,0.6270052972990396,0.600834670771178,arima,ANCASH
2014-10-06,0.6270052972990396,0.6185349668302251,arima,ANCASH
2014-10-13,0.8957218532843426,0.6521237352464144,arima,ANCASH
2014-10-20,0.6270052972990396,0.6192192213295227,arima,ANCASH
2014-10-27,1.1644384092696456,0.6354922229937514,arima,ANCASH
2014-11-03,1.0748662239412115,0.5144308142998113,arima,ANCASH
2014-11-10,1.3435827799265143,0.6049519162632953,arima,ANCASH
2014-11-17,0.8061496679559084,0.5850723033018896,arima,ANCASH
2014-11-24,1.9705880772255544,0.7977646753482432,arima,ANCASH
2014-12-01,2.149732447882423,0.7599859889752347,arima,ANCASH
2014-12-08,2.2393046332108577,0.7938509345196454,arima,ANCASH
2014-12-15,1.6122993359118174,0.7825542044735363,arima,ANCASH
2014-12-22,1.7914437065686861,1.743188590669976,arima,ANCASH
2014-12-29,2.060160262553989,1.8513863604076986,arima,ANCASH
2015-01-05,1.3429799117496737,1.7049670124483702,arima,ANCASH
2015-01-12,1.2491876491833567,1.7755336976382083,arima,ANCASH
2015-01-19,1.0676318058191263,1.0976058557233275,arima,ANCASH
2015-01-26,1.2455704401223142,1.2279382926935627,arima,ANCASH
2015-02-02,1.1566011229707203,1.1890417259241155,arima,ANCASH
2015-02-09,1.0676318058191265,1.1618730876627361,arima,ANCASH
2015-02-16,0.8896931715159386,1.0540687207060588,arima,ANCASH
2015-02-23,0.44484658575796887,1.0419635428269984,arima,ANCASH
2015-03-02,0.3558772686063749,1.0577699308449584,arima,ANCASH
2015-03-09,0.44484658575796887,1.0503518545442727,arima,ANCASH
2015-03-16,0.4448465857579688,0.5796948513629714,arima,ANCASH
2015-03-23,0.5338159029095628,0.5607129089419838,arima,ANCASH
2015-03-30,0.9786624886675325,0.5153361881663245,arima,ANCASH
2015-04-06,1.779386343031878,0.5598153651036752,arima,ANCASH
2015-04-13,1.8683556601834717,1.9675838681785889,arima,ANCASH
2015-04-20,1.8683556601834717,1.8687454800409617,arima,ANCASH
2015-04-27,2.2242329287898475,1.8639496127115551,arima,ANCASH
2015-05-04,2.7580488316994107,1.9103526337180865,arima,ANCASH
2015-05-11,3.7367113203669446,2.836168196431802,arima,ANCASH
2015-05-18,3.5587726860637567,2.8117087859317262,arima,ANCASH
2015-05-25,4.181557906124914,2.796551802112449,arima,ANCASH
2015-06-01,3.9146499546701325,2.819433147444605,arima,ANCASH
2015-06-08,3.7367113203669446,4.306442255721483,arima,ANCASH
2015-06-15,3.291864734608975,4.110134528961818,arima,ANCASH
2015-06-22,2.5801101973962233,4.094274464758058,arima,ANCASH
2015-06-29,2.4911408802446293,4.190915300963806,arima,ANCASH
2015-07-06,1.9573249773350658,2.285242373424888,arima,ANCASH
2015-07-13,2.1352636116382535,2.3857927074809533,arima,ANCASH
2015-07-20,1.512478391577096,2.391368140434327,arima,ANCASH
2015-07-27,1.5124783915770965,2.343975205767797,arima,ANCASH
2015-08-03,1.3345397572739082,1.3472361363366514,arima,ANCASH
2015-08-10,1.779386343031878,1.5201481502687808,arima,ANCASH
2015-08-17,1.6014477087286902,1.4470759158028428,arima,ANCASH
2015-08-24,1.2455704401223144,1.4331672288623265,arima,ANCASH
2015-08-31,0.8007238543643447,1.0947342930657973,arima,ANCASH
2015-09-07,0.8007238543643447,1.0564041346985835,arima,ANCASH
2015-09-14,0.5338159029095628,1.1486108505964645,arima,ANCASH
2015-09-21,1.0676318058191263,1.089507893990953,arima,ANCASH
2015-09-28,1.0676318058191263,1.0463632584161395,arima,ANCASH
2015-10-05,1.60144770872869,1.3763198779393444,arima,ANCASH
2015-10-12,1.0676318058191265,1.1135444432166945,arima,ANCASH
2015-10-19,0.9786624886675327,1.1834630104754704,arima,ANCASH
2015-10-26,0.6227852200611569,0.8820577810865373,arima,ANCASH
2015-11-02,0.6227852200611569,0.8888984442566725,arima,ANCASH
2015-11-09,0.6227852200611569,0.9228892924300813,arima,ANCASH
2015-11-16,0.8007238543643447,0.8922454793282748,arima,ANCASH
2015-11-23,1.0676318058191265,0.7874896811692809,arima,ANCASH
2015-11-30,0.8896931715159386,0.8223284487094349,arima,ANCASH
2015-12-07,0.8896931715159386,0.799068850948611,arima,ANCASH
2015-12-14,0.8007238543643447,0.803970821852305,arima,ANCASH
2015-12-21,0.8896931715159386,0.9452327953632893,arima,ANCASH
2015-12-28,0.5338159029095629,0.9147403922389798,arima,ANCASH
2016-01-04,0.5314363617546719,0.8793546091223872,arima,ANCASH
2016-01-11,0.8837443186287111,0.9203736090076589,arima,ANCASH
2016-01-18,1.2372420460801956,1.0979214482848172,arima,ANCASH
2016-01-25,0.8837443186287111,1.1142951596494322,arima,ANCASH
2016-02-01,0.6186210230400975,1.012498292389787,arima,ANCASH
2016-02-08,0.5302465911772264,1.089381542840112,arima,ANCASH
2016-02-15,0.8837443186287111,0.5925631790943036,arima,ANCASH
2016-02-22,0.7953698867658399,0.5713570366575591,arima,ANCASH
2016-02-29,0.9721187504915821,0.5635521982560594,arima,ANCASH
2016-03-07,1.0604931823544532,0.5783669510818905,arima,ANCASH
2016-03-14,1.0604931823544532,1.2478612102900688,arima,ANCASH
2016-03-21,1.3256164779430668,1.2303167870407856,arima,ANCASH
2016-03-28,1.1488676142173244,1.1698420451192209,arima,ANCASH
2016-04-04,1.413990909805938,1.2249548776346866,arima,ANCASH
2016-04-11,0.8837443186287111,1.2319749957675201,arima,ANCASH
2016-04-18,1.413990909805938,1.3469212314358616,arima,ANCASH
2016-04-25,2.474484092160392,1.3244598010691209,arima,ANCASH
2016-05-02,2.9163562514747476,1.2958726672066883,arima,ANCASH
2016-05-09,3.1814795470633612,2.891621440379517,arima,ANCASH
2016-05-16,2.6512329558861345,2.5054897330655606,arima,ANCASH
2016-05-23,2.8279818196118764,2.834455978781126,arima,ANCASH
2016-05-30,3.0047306833376193,2.7176841138810817,arima,ANCASH
2016-06-06,3.1814795470633612,3.123856781706567,arima,ANCASH
2016-06-13,3.623351706377717,3.396446028937505,arima,ANCASH
2016-06-20,3.623351706377717,3.1143137396393152,arima,ANCASH
2016-06-27,3.2698539789262324,3.233480756275253,arima,ANCASH
2016-07-04,2.562858524023263,3.1956286202860165,arima,ANCASH
2016-07-11,1.9442375009831647,2.9493745746865243,arima,ANCASH
2016-07-18,1.5023653416688092,3.186051584166494,arima,ANCASH
2016-07-25,1.6791142053945514,3.0905308986544853,arima,ANCASH
2016-08-01,1.7674886372574228,1.6240130972930102,arima,ANCASH
2016-08-08,2.2977352284346493,1.8267118899392636,arima,ANCASH
2016-08-15,2.2977352284346493,1.6801805181995895,arima,ANCASH
2016-08-22,2.209360796571778,1.7147207508822202,arima,ANCASH
2016-08-29,1.6791142053945514,2.159986780221441,arima,ANCASH
2016-09-05,1.413990909805938,2.0932221698552502,arima,ANCASH
2016-09-12,1.3256164779430666,2.1692034407270224,arima,ANCASH
2016-09-19,1.5023653416688092,2.1337854958003586,arima,ANCASH
2016-09-26,1.502365341668809,1.495227430686581,arima,ANCASH
2016-10-03,1.0604931823544532,1.526426481239592,arima,ANCASH
2016-10-10,0.883744318628711,1.5034449860970933,arima,ANCASH
2016-10-17,1.0604931823544532,1.5095114131829153,arima,ANCASH
2016-10-24,1.2372420460801956,1.2609684871015716,arima,ANCASH
2016-10-31,1.3256164779430668,1.3024138347878633,arima,ANCASH
2016-11-07,1.0604931823544532,1.1818174471331755,arima,ANCASH
2016-11-14,0.9721187504915821,1.2619951331490178,arima,ANCASH
2016-11-21,0.7953698867658399,0.8754632891939818,arima,ANCASH
2016-11-28,1.1488676142173244,0.8684928717447264,arima,ANCASH
2016-12-05,1.9442375009831647,0.9143048099770039,arima,ANCASH
2016-12-12,1.9442375009831652,0.8800266005404294,arima,ANCASH
2016-12-19,1.5907397735316804,1.870979630592796,arima,ANCASH
2016-12-26,0.9721187504915821,1.6660507039423287,arima,ANCASH
2017-01-02,1.4970824961586804,1.860294159849592,arima,ANCASH
2017-01-09,1.4947345648208454,1.7910813206236496,arima,ANCASH
2017-01-16,2.2824736747387218,1.7072080380608612,arima,ANCASH
2017-01-23,2.019111327653485,1.4839193209286137,arima,ANCASH
2017-01-30,2.370261123767134,1.5700720973935711,arima,ANCASH
2017-02-06,2.2824736747387218,1.5939737269868286,arima,ANCASH
2017-02-13,2.8091983689091964,2.4046197236529534,arima,ANCASH
2017-02-20,3.4237105121080833,2.428865407346924,arima,ANCASH
2017-02-27,3.9504352062785575,2.3593594495111105,arima,ANCASH
2017-03-06,4.213797553363794,2.405738412171884,arima,ANCASH
2017-03-13,4.126010104335382,4.229708932588699,arima,ANCASH
2017-03-20,3.160348165022846,4.214927239546275,arima,ANCASH
2017-03-27,2.4580485727955472,4.220806862766277,arima,ANCASH
2017-04-03,2.1946862257103095,4.221656684155443,arima,ANCASH
2017-04-10,2.370261123767134,2.278607274006838,arima,ANCASH
2017-04-17,2.545836021823959,2.3210057276522202,arima,ANCASH
2017-04-24,2.6336234708523714,2.254807577272907,arima,ANCASH
2017-05-01,2.8969858179376087,2.2913910830506796,arima,ANCASH
2017-05-08,3.4237105121080833,2.9531183429353356,arima,ANCASH
2017-05-15,3.774860308221733,2.9817252504473366,arima,ANCASH
2017-05-22,3.5114979611364956,2.9378598989978406,arima,ANCASH
2017-05-29,2.984773266966021,2.9621532406333557,arima,ANCASH
2017-06-05,2.019111327653485,2.818403578377477,arima,ANCASH
2017-06-12,1.8435364295966599,2.8539799809056454,arima,ANCASH
2017-06-19,1.667961531539835,2.886913936353458,arima,ANCASH
2017-06-26,1.7557489805682476,2.847313325476284,arima,ANCASH
2017-07-03,1.5801740825114228,1.6564106317902234,arima,ANCASH
2017-07-10,1.667961531539835,1.6324930014043568,arima,ANCASH
2017-07-17,1.9313238786250724,1.6874335537056884,arima,ANCASH
2017-07-24,1.84353642959666,1.6528296548675576,arima,ANCASH
2017-07-31,1.4923866334830105,1.8026113698445738,arima,ANCASH
2017-08-07,1.2290242863977732,1.7235322102331767,arima,ANCASH
2017-08-14,1.1412368373693609,1.8009735506923126,arima,ANCASH
2017-08-21,1.2290242863977732,1.7688801052118004,arima,ANCASH
2017-08-28,1.0534493883409486,1.2310798106324077,arima,ANCASH
2017-09-04,1.1412368373693609,1.2615478172859893,arima,ANCASH
2017-09-11,0.8778744902841235,1.2365211687924078,arima,ANCASH
2017-09-18,0.8778744902841235,1.2449511704604825,arima,ANCASH
2017-09-25,0.8778744902841235,0.7629347054961324,arima,ANCASH
2017-10-02,1.667961531539835,0.8281673578597675,arima,ANCASH
2017-10-09,1.4923866334830105,0.8179017933323063,arima,ANCASH
2017-10-16,1.5801740825114228,0.8017704547947835,arima,ANCASH
2017-10-23,1.1412368373693607,1.3010407347053565,arima,ANCASH
2017-10-30,2.370261123767134,1.534474465917386,arima,ANCASH
2017-11-06,2.370261123767134,1.4461700224625145,arima,ANCASH
2017-11-13,2.106898776681897,1.4286366455303883,arima,ANCASH
2017-11-20,1.3168117354261855,1.6152084497199248,arima,ANCASH
2017-11-27,1.4923866334830105,1.6210834337429572,arima,ANCASH
2017-12-04,2.8969858179376087,1.791530599068643,arima,ANCASH
2017-12-11,2.721410919880784,1.6540394425484704,arima,ANCASH
2017-12-18,2.545836021823959,2.8450804100914806,arima,ANCASH
2017-12-25,1.7557489805682476,2.2860922576708536,arima,ANCASH
2018-01-01,1.664600624092876,2.6795996903812815,arima,ANCASH
2018-01-08,1.4865050454508317,2.567192621927846,arima,ANCASH
2018-01-15,1.3042083325000886,1.3895092419797952,arima,ANCASH
2018-01-22,1.3042083325000886,1.4958717988883947,arima,ANCASH
2018-01-29,1.2172611103334159,1.4484906414054257,arima,ANCASH
2018-02-05,1.2172611103334159,1.4443906726339,arima,ANCASH
2018-02-12,1.0433666660000707,1.2480570697529312,arima,ANCASH
2018-02-19,1.1303138881667432,1.2217924829493318,arima,ANCASH
2018-02-26,0.6086305551667075,1.2315817586544475,arima,ANCASH
2018-03-05,0.5216833330000349,1.2329563942312003,arima,ANCASH
2018-03-12,0.2608416665000171,0.329218944924056,arima,ANCASH
2018-03-19,0.17389444433334447,0.4551543297862109,arima,ANCASH
2018-03-26,0.43473611083336233,0.4278367227491568,arima,ANCASH
2018-04-02,0.521683333000035,0.40302402652954605,arima,ANCASH
2018-04-09,0.7825249995000528,0.7654390240773488,arima,ANCASH
2018-04-16,1.1303138881667432,0.5826198423756426,arima,ANCASH
2018-04-23,2.260627776333487,0.6218594868053866,arima,ANCASH
2018-04-30,2.782311109333522,0.6589855944446208,arima,ANCASH
2018-05-07,4.0865194418336115,2.6292254154842194,arima,ANCASH
2018-05-14,4.260413886166957,2.394657432214357,arima,ANCASH
2018-05-21,5.303780552167029,2.614964495897462,arima,ANCASH
2018-05-28,5.380214306287272,2.540178339317109,arima,ANCASH
2018-06-04,5.380214306287272,5.260624633279214,arima,ANCASH
2018-06-11,5.206319861953927,5.260624633279214,arima,ANCASH
2018-06-18,5.206319861953927,5.260624633279214,arima,ANCASH
2018-06-25,5.554108750620617,5.260624633279214,arima,ANCASH
2018-07-02,5.7280031949539625,5.33511839135633,arima,ANCASH
2018-07-09,4.955991663500337,5.33511839135633,arima,ANCASH
2018-07-16,4.69514999700032,5.33511839135633,arima,ANCASH
2018-07-23,3.999572219666939,5.33511839135633,arima,ANCASH
2018-07-30,3.651783331000249,3.845163208841319,arima,ANCASH
2018-08-06,3.130099998000213,3.77314058637962,arima,ANCASH
2018-08-13,2.69536388716685,3.8779767770282554,arima,ANCASH
2018-08-20,2.1736805541668143,3.8274558339224045,arima,ANCASH
2018-08-27,2.956205553666868,2.0623449245057754,arima,ANCASH
2018-09-03,2.956205553666868,2.0630718805780823,arima,ANCASH
2018-09-10,3.130099998000213,2.1032408861307093,arima,ANCASH
2018-09-17,2.1736805541668147,2.074361257978924,arima,ANCASH
2018-09-24,2.6084166650001777,2.184179364416224,arima,ANCASH
2018-10-01,2.6084166650001777,2.0736529428418375,arima,ANCASH
2018-10-08,3.217047220166886,2.1497875219502194,arima,ANCASH
2018-10-15,2.434522220666832,2.1325313118961664,arima,ANCASH
2018-10-22,3.0431527758335406,2.3983510964049093,arima,ANCASH
2018-10-29,2.3475749985001597,2.1324588345604734,arima,ANCASH
2018-11-05,2.782311109333523,2.3371041493734075,arima,ANCASH
2018-11-12,2.260627776333487,2.273896403969411,arima,ANCASH
2018-11-19,2.69536388716685,2.517985602028461,arima,ANCASH
2018-11-26,2.869258331500196,2.3814808660106634,arima,ANCASH
2018-12-03,2.69536388716685,2.402468269894647,arima,ANCASH
2018-12-10,2.4345222206668327,2.4286773974469202,arima,ANCASH
2018-12-17,2.69536388716685,2.1982501828941596,arima,ANCASH
2018-12-24,3.4778888866669035,2.2701132560256516,arima,ANCASH
2018-12-31,2.782311109333522,2.290143193968755,arima,ANCASH
2019-01-07,1.5642257035316272,2.2516802827777616,arima,ANCASH
2019-01-14,0.9490007846170853,1.1193741545087166,arima,ANCASH
2019-01-21,1.2918439004729003,1.1383826265539527,arima,ANCASH
2019-01-28,1.4640897538692872,1.2530917344921293,arima,ANCASH
2019-02-04,0.9473521936801269,1.1626955429435983,arima,ANCASH
2019-02-11,0.6889834135855466,0.685465771262489,arima,ANCASH
2019-02-18,0.7751063402837399,0.5781407574148896,arima,ANCASH
2019-02-25,0.8612292669819334,0.7285894909721804,arima,ANCASH
2019-03-04,0.8612292669819334,0.6522577671316834,arima,ANCASH
2019-03-11,0.8612292669819334,0.7667257347828351,arima,ANCASH
2019-03-18,0.9473521936801269,0.8815832398029577,arima,ANCASH
2019-03-25,1.3779668271710939,0.8275030482950876,arima,ANCASH
2019-04-01,1.636335607265674,0.8294356542211851,arima,ANCASH
2019-04-08,1.4640897538692872,1.9628159050881222,arima,ANCASH
2019-04-15,1.4640897538692872,1.823167127525851,arima,ANCASH
2019-04-22,0.9473521936801266,1.9040876643456062,arima,ANCASH
2019-04-29,1.7224585339638674,1.8564455796965444,arima,ANCASH
2019-05-06,2.066950240756641,1.5705959552580664,arima,ANCASH
2019-05-13,2.239196094153028,2.0390147381420674,arima,ANCASH
2019-05-20,2.669810727643995,1.7563808910363452,arima,ANCASH
2019-05-27,3.014302434436768,1.7935341065933037,arima,ANCASH
2019-06-03,3.7894087747205094,3.8848465596303052,arima,ANCASH
2019-06-10,3.100425361134962,3.6135507140864487,arima,ANCASH
2019-06-17,2.1530731674548345,3.475579167755236,arima,ANCASH
2019-06-24,1.8085814606620607,3.6635836025882016,arima,ANCASH
2019-07-01,2.4975648742476078,1.6049102160585953,arima,ANCASH
2019-07-08,3.2726712145313486,1.6487575987704388,arima,ANCASH
2019-07-15,3.444917067927735,1.6920466342850484,arima,ANCASH
2019-07-22,3.100425361134962,1.6462608807709138,arima,ANCASH
2019-07-29,2.325319020851221,3.0077953262955965,arima,ANCASH
2019-08-05,1.9808273140584476,3.296275660676689,arima,ANCASH
2019-08-12,1.2918439004729005,3.133882011532898,arima,ANCASH
2019-08-19,1.2918439004729005,3.1357858409426003,arima,ANCASH
2019-08-26,1.1195980470765134,1.2979403017698337,arima,ANCASH
2019-09-02,1.9808273140584476,1.3273629019532525,arima,ANCASH
2019-09-09,2.066950240756641,1.3053283504534225,arima,ANCASH
2019-09-16,2.239196094153028,1.3091378698290987,arima,ANCASH
2019-09-23,1.2918439004729005,1.801838547922482,arima,ANCASH
2019-09-30,1.3779668271710939,1.8394129195858526,arima,ANCASH
2019-10-07,1.1195980470765134,1.9589872999138507,arima,ANCASH
2019-10-14,1.636335607265674,1.8669190374598075,arima,ANCASH
2019-10-21,1.7224585339638676,1.5793648901351816,arima,ANCASH
2019-10-28,1.8947043873602543,1.8663034063493722,arima,ANCASH
2019-11-04,1.7224585339638676,1.6947667762074077,arima,ANCASH
2019-11-11,1.2918439004729005,1.7100246235844732,arima,ANCASH
2019-11-18,1.2057209737747072,1.2878524602283417,arima,ANCASH
2019-11-25,1.0334751203783203,1.1591803274358563,arima,ANCASH
2019-12-02,1.6363356072656743,1.2402592315305423,arima,ANCASH
2019-12-09,2.3253190208512216,1.2326482966262322,arima,ANCASH
2019-12-16,2.325319020851221,2.763351875074519,arima,ANCASH
2019-12-23,1.7224585339638676,2.7119739970135073,arima,ANCASH
2019-12-30,1.0334751203783203,2.603785369003963,arima,ANCASH
2020-01-06,1.0294310557362698,2.685752413956173,arima,ANCASH
2020-01-13,0.9416905031812561,0.9978500861738833,arima,ANCASH
2020-01-20,1.1090834790071822,1.0941151275245287,arima,ANCASH
2020-01-27,0.9384552514676155,1.0452184987774151,arima,ANCASH
2020-02-03,0.9384552514676154,1.045136154560451,arima,ANCASH
2020-02-10,0.7678270239280489,0.8729673116689203,arima,ANCASH
2020-02-17,0.6825129101582657,0.907118601799805,arima,ANCASH
2020-02-24,0.5971987963884825,0.9057356050549605,arima,ANCASH
2020-03-02,1.2797117065467483,0.8965855164446637,arima,ANCASH
2020-03-09,1.7062822753956646,1.599049971767721,arima,ANCASH
2020-03-16,1.876910502935231,1.9683765430211992,arima,ANCASH
2020-03-23,1.1943975927769654,1.6432690377569754,arima,ANCASH
2020-03-30,0.5971987963884823,1.7261341120652292,arima,ANCASH
2020-04-06,0.34125645507913255,0.45502313074543627,arima,ANCASH
2020-04-13,0.08531411376978269,0.3512802190193057,arima,ANCASH
2020-04-20,0.2559423413093493,0.447759746935745,arima,ANCASH
2020-04-27,0.25594234130934923,0.4203271788712733,arima,ANCASH
2020-05-04,0.17062822753956594,0.3487294778978667,arima,ANCASH
2020-05-11,0.2559423413093492,0.2805801575061137,arima,ANCASH
2020-05-18,0.2559423413093492,0.29446029631794485,arima,ANCASH
2020-05-25,0.2559423413093492,0.30481408388104975,arima,ANCASH
2020-06-01,0.0,0.12020562167919416,arima,ANCASH
2020-06-08,0.0,0.09308434260952349,arima,ANCASH
2020-06-15,0.08531411376978269,0.14760573989088654,arima,ANCASH
2020-06-22,0.08531411376978269,0.1227900985586895,arima,ANCASH
2020-06-29,0.08531411376978269,0.05266705265099256,arima,ANCASH
2020-07-06,0.0,0.023347931800563798,arima,ANCASH
2020-07-13,0.0,0.05056031470808113,arima,ANCASH
2020-07-20,0.0,0.0433764340864303,arima,ANCASH
2020-07-27,0.0,0.029315180997069208,arima,ANCASH
2020-08-03,0.0,0.05198790525933334,arima,ANCASH
2020-08-10,0.0,0.029352941922784787,arima,ANCASH
2020-08-17,0.0,0.035717099325775,arima,ANCASH
2020-08-24,0.0,0.009855297931908457,arima,ANCASH
2020-08-31,0.0,0.0,arima,ANCASH
2020-09-07,0.0,0.0,arima,ANCASH
2020-09-14,0.0,0.0,arima,ANCASH
2020-09-21,0.0,0.0,arima,ANCASH
2020-09-28,0.0,0.0,arima,ANCASH
2020-10-05,0.0,0.0,arima,ANCASH
2020-10-12,0.0,0.0,arima,ANCASH
2020-10-19,0.0,0.01290551649305409,arima,ANCASH
2020-10-26,0.08531411376978269,0.023661137355225365,arima,ANCASH
2020-11-02,0.08531411376978269,0.013031278476385511,arima,ANCASH
2020-11-09,0.08531411376978269,0.015558704517245702,arima,ANCASH
2020-11-16,0.0,0.04816123568045299,arima,ANCASH
2020-11-23,0.08531411376978269,0.04412162461492063,arima,ANCASH
2020-11-30,0.08531411376978269,0.05884473291521246,arima,ANCASH
2020-12-07,0.08531411376978269,0.05174461015276337,arima,ANCASH
2020-12-14,0.0,0.024139458236456798,arima,ANCASH
2020-12-21,0.0,0.03122014457627464,arima,ANCASH
2020-12-28,0.0,0.046887289305400814,arima,ANCASH
2021-01-04,0.0,0.035527003829705105,arima,ANCASH
2021-01-11,0.08452035123277098,0.0,arima,ANCASH
2021-01-18,0.08452035123277098,0.003718295548536653,arima,ANCASH
2021-01-25,0.08452035123277098,0.0012677543117347579,arima,ANCASH
2021-02-01,0.0,0.0011669729378267582,arima,ANCASH
2021-02-08,0.0,0.0,arima,ANCASH
2021-02-15,0.08452035123277098,0.0,arima,ANCASH
2021-02-22,0.08452035123277098,0.0,arima,ANCASH
2021-03-01,0.08452035123277098,0.0,arima,ANCASH
2021-03-08,0.0,0.03461458359872756,arima,ANCASH
2021-03-15,0.0,0.045779113184335044,arima,ANCASH
2021-03-22,0.0,0.05490624553576854,arima,ANCASH
2021-03-29,0.0,0.04608135159074132,arima,ANCASH
2021-04-05,0.08452035123277098,0.0,arima,ANCASH
2021-04-12,0.2535610536983141,0.0,arima,ANCASH
2021-04-19,0.5071221073966289,0.0,arima,ANCASH
2021-04-26,0.42260175616385737,0.0,arima,ANCASH
2021-05-03,0.25356105369831416,0.37552933262890875,arima,ANCASH
2021-05-10,0.0,0.2922990392086826,arima,ANCASH
2021-05-17,0.0,0.35089155675375644,arima,ANCASH
2021-05-24,0.16904070246554256,0.342994539393457,arima,ANCASH
2021-05-31,0.2535610536983141,0.2923039280358694,arima,ANCASH
2021-06-07,0.42260175616385726,0.35086036935025283,arima,ANCASH
2021-06-14,0.5071221073966289,0.2808137299202667,arima,ANCASH
2021-06-21,0.5071221073966289,0.3013685747553358,arima,ANCASH
2021-06-28,0.42260175616385726,0.4693447296893645,arima,ANCASH
2021-07-05,0.16904070246554256,0.377325200709584,arima,ANCASH
2021-07-12,0.16904070246554256,0.4379552219745715,arima,ANCASH
2021-07-19,0.08452035123277098,0.4319528306678173,arima,ANCASH
2021-07-26,0.08452035123277098,0.0992656964962338,arima,ANCASH
2021-08-02,0.0,0.07641717691895492,arima,ANCASH
2021-08-09,0.0,0.08457199338046884,arima,ANCASH
2021-08-16,0.16904070246554256,0.08687919885130292,arima,ANCASH
2021-08-23,0.3380814049310857,0.2643930014589001,arima,ANCASH
2021-08-30,0.42260175616385726,0.3298321094982581,arima,ANCASH
2021-09-06,0.2535610536983141,0.26283628337332726,arima,ANCASH
2021-09-13,0.2535610536983141,0.2796753629154001,arima,ANCASH
2021-09-20,0.2535610536983141,0.24913924538629534,arima,ANCASH
2021-09-27,0.3380814049310857,0.2969603511565955,arima,ANCASH
2021-10-04,0.3380814049310857,0.27166685972240817,arima,ANCASH
2021-10-11,0.2535610536983141,0.27126780746280293,arima,ANCASH
2021-10-18,0.3380814049310857,0.2213606116750548,arima,ANCASH
2021-10-25,0.4226017561638573,0.18239174450694684,arima,ANCASH
2021-11-01,0.8452035123277152,0.21303468628579006,arima,ANCASH
2021-11-08,1.1832849172588016,0.2072744053194459,arima,ANCASH
2021-11-15,1.09876456602603,1.3904824931879811,arima,ANCASH
2021-11-22,1.1832849172588016,1.3906384941913137,arima,ANCASH
2021-11-29,1.4368459709571164,1.3303949311125867,arima,ANCASH
2021-12-06,1.352325619724345,1.3627168772616098,arima,ANCASH
2021-12-13,1.4368459709571164,1.2667873950368889,arima,ANCASH
2021-12-20,1.09876456602603,1.0202640084671195,arima,ANCASH
2021-12-27,1.0142442147932584,1.178639952091423,arima,ANCASH
2022-01-03,0.8413075198999186,1.1609082115529863,arima,ANCASH
2022-01-10,0.6699292219776974,0.7707094171968467,arima,ANCASH
2022-01-17,1.0048938329665464,0.8582784812560522,arima,ANCASH
2022-01-24,0.7536703747249097,0.8331663890669472,arima,ANCASH
2022-01-31,0.6699292219776974,0.8184458562226979,arima,ANCASH
2022-02-07,0.41870576373606067,0.4937080511055882,arima,ANCASH
2022-02-14,0.3349646109888484,0.5352982736425604,arima,ANCASH
2022-02-21,0.16748230549442386,0.5681998487483999,arima,ANCASH
2022-02-28,0.3349646109888484,0.5360494105710734,arima,ANCASH
2022-03-07,0.5024469164832729,0.4077846875128272,arima,ANCASH
2022-03-14,0.5861880692304852,0.5553929062549643,arima,ANCASH
2022-03-21,0.33496461098884844,0.4443979722759036,arima,ANCASH
2022-03-28,0.2512234582416361,0.45664372744996806,arima,ANCASH
2022-04-04,0.25122345824163617,0.26702806853700833,arima,ANCASH
2022-04-11,0.41870576373606067,0.28875804293015345,arima,ANCASH
2022-04-18,0.2512234582416361,0.2709574102289346,arima,ANCASH
2022-04-25,0.586188069230485,0.27358319958367683,arima,ANCASH
2022-05-02,0.7536703747249097,0.5822065606043869,arima,ANCASH
2022-05-09,1.0886349857137587,0.8008396890449381,arima,ANCASH
2022-05-16,0.8374115274721219,0.6724077604250465,arima,ANCASH
2022-05-23,1.0048938329665464,0.6701588178312856,arima,ANCASH
2022-05-30,1.3398584439553953,1.0965929472934115,arima,ANCASH
2022-06-06,2.1772699714275183,1.2463574012373333,arima,ANCASH
2022-06-13,2.344752276921943,1.1243675842679366,arima,ANCASH
2022-06-20,2.5959757351635795,1.1425423204625536,arima,ANCASH
2022-06-27,1.8423053604386688,2.496581257755792,arima,ANCASH
2022-07-04,2.0097876659330933,2.554883436549792,arima,ANCASH
2022-07-11,1.9260465131858808,2.5552668188290744,arima,ANCASH
2022-07-18,2.0097876659330933,2.535188981613598,arima,ANCASH
2022-07-25,1.591081902197032,1.8253301044825982,arima,ANCASH
2022-08-01,0.921152680219334,1.7390441003594477,arima,ANCASH
2022-08-08,0.8374115274721218,1.8497943448900038,arima,ANCASH
2022-08-15,1.0048938329665464,1.813757398645429,arima,ANCASH
2022-08-22,1.0886349857137587,1.2547055664712965,arima,ANCASH
2022-08-29,0.921152680219334,1.3225580962134917,arima,ANCASH
2022-09-05,0.5861880692304852,1.1986593676572181,arima,ANCASH
2022-09-12,0.3349646109888484,1.2456612490114876,arima,ANCASH
2022-09-19,0.5024469164832729,0.26754233871821653,arima,ANCASH
2022-09-26,0.41870576373606055,0.20618525913612495,arima,ANCASH
2022-10-03,0.5861880692304852,0.2601681299251443,arima,ANCASH
2022-10-10,0.5861880692304852,0.2505550961596662,arima,ANCASH
2022-10-17,0.5861880692304852,0.6669280283964756,arima,ANCASH
2022-10-24,0.586188069230485,0.7179984495117218,arima,ANCASH
2022-10-31,0.41870576373606055,0.6617339131286646,arima,ANCASH
2022-11-07,0.41870576373606055,0.6744571678891653,arima,ANCASH
2022-11-14,0.41870576373606055,0.40080887401176324,arima,ANCASH
2022-11-21,1.4235995967026076,0.4086436605728384,arima,ANCASH
2022-11-28,1.7585642076914567,0.41021205642719083,arima,ANCASH
2022-12-05,2.0097876659330933,0.4067805433859632,arima,ANCASH
