date,actual,predicted,model,region
2010-12-27,0.9577779551440658,1.197222443930082,naive,JUNIN
2011-01-03,0.8756504697982509,1.197222443930082,naive,JUNIN
2011-01-10,0.8744941419230129,1.197222443930082,naive,JUNIN
2011-01-17,0.7923666565771978,1.197222443930082,naive,JUNIN
2011-01-24,0.9508399878926376,0.7923666565771978,naive,JUNIN
2011-01-31,1.1885499848657968,0.7923666565771978,naive,JUNIN
2011-02-07,0.9508399878926374,0.7923666565771978,naive,JUNIN
2011-02-14,0.6338933252617582,0.7923666565771978,naive,JUNIN
2011-02-21,0.6338933252617582,0.6338933252617582,naive,JUNIN
2011-02-28,0.8716033222349177,0.6338933252617582,naive,JUNIN
2011-03-07,1.5054966474966758,0.6338933252617582,naive,JUNIN
2011-03-14,1.8224433101275548,0.6338933252617582,naive,JUNIN
2011-03-21,1.6639699788121156,1.8224433101275541,naive,JUNIN
2011-03-28,1.1885499848657968,1.8224433101275541,naive,JUNIN
2011-04-04,1.8224433101275552,1.8224433101275541,naive,JUNIN
2011-04-11,2.931756629335632,1.8224433101275541,naive,JUNIN
2011-04-18,4.1203066142014295,2.931756629335632,naive,JUNIN
2011-04-25,4.358016611174588,2.931756629335632,naive,JUNIN
2011-05-02,4.437253276832308,2.931756629335632,naive,JUNIN
2011-05-09,3.5656499545973905,2.931756629335632,naive,JUNIN
2011-05-16,2.694046632362473,3.565649954597389,naive,JUNIN
2011-05-23,2.3770999697315935,3.565649954597389,naive,JUNIN
2011-05-30,2.7732832980201927,3.565649954597389,naive,JUNIN
2011-06-06,2.9317566293356325,3.565649954597389,naive,JUNIN
2011-06-13,2.694046632362473,2.931756629335632,naive,JUNIN
2011-06-20,1.9016799757852747,2.931756629335632,naive,JUNIN
2011-06-27,1.7432066444698353,2.931756629335632,naive,JUNIN
2011-07-04,1.3470233161812362,2.931756629335632,naive,JUNIN
2011-07-11,1.5054966474966758,1.3470233161812364,naive,JUNIN
2011-07-18,1.0300766535503572,1.3470233161812364,naive,JUNIN
2011-07-25,0.7923666565771977,1.3470233161812364,naive,JUNIN
2011-08-01,0.7131299909194779,1.3470233161812364,naive,JUNIN
2011-08-08,0.8716033222349177,0.7131299909194779,naive,JUNIN
2011-08-15,1.0300766535503572,0.7131299909194779,naive,JUNIN
2011-08-22,0.7131299909194779,0.7131299909194779,naive,JUNIN
2011-08-29,1.0300766535503572,0.7131299909194779,naive,JUNIN
2011-09-05,1.2677866505235167,1.0300766535503572,naive,JUNIN
2011-09-12,1.505496647496676,1.0300766535503572,naive,JUNIN
2011-09-19,1.109313319208077,1.0300766535503572,naive,JUNIN
2011-09-26,0.713129990919478,1.0300766535503572,naive,JUNIN
2011-10-03,0.8716033222349177,0.7131299909194782,naive,JUNIN
2011-10-10,0.9508399878926376,0.7131299909194782,naive,JUNIN
2011-10-17,1.0300766535503574,0.7131299909194782,naive,JUNIN
2011-10-24,0.9508399878926376,0.7131299909194782,naive,JUNIN
2011-10-31,0.713129990919478,0.9508399878926375,naive,JUNIN
2011-11-07,1.0300766535503572,0.9508399878926375,naive,JUNIN
2011-11-14,0.8716033222349178,0.9508399878926375,naive,JUNIN
2011-11-21,1.1093133192080769,0.9508399878926375,naive,JUNIN
2011-11-28,0.9508399878926372,1.1093133192080766,naive,JUNIN
2011-12-05,1.0300766535503572,1.1093133192080766,naive,JUNIN
2011-12-12,0.7131299909194779,1.1093133192080766,naive,JUNIN
2011-12-19,0.39618332828859887,1.1093133192080766,naive,JUNIN
2011-12-26,0.316946662630879,0.3961833282885988,naive,JUNIN
2012-01-02,0.3950436323870726,0.3961833282885988,naive,JUNIN
2012-01-09,0.31580696672935277,0.3961833282885988,naive,JUNIN
2012-01-16,0.23600045312086984,0.3961833282885988,naive,JUNIN
2012-01-23,0.3933340885347832,0.23600045312086984,naive,JUNIN
2012-01-30,0.5506677239486965,0.23600045312086984,naive,JUNIN
2012-02-06,0.5506677239486965,0.23600045312086984,naive,JUNIN
2012-02-13,0.47200090624173985,0.23600045312086984,naive,JUNIN
2012-02-20,0.5506677239486965,0.4720009062417399,naive,JUNIN
2012-02-27,0.6293345416556532,0.4720009062417399,naive,JUNIN
2012-03-05,0.5506677239486965,0.4720009062417399,naive,JUNIN
2012-03-12,0.31466727082782653,0.4720009062417399,naive,JUNIN
2012-03-19,0.3933340885347832,0.31466727082782653,naive,JUNIN
2012-03-26,0.3146672708278266,0.31466727082782653,naive,JUNIN
2012-04-02,0.47200090624173985,0.31466727082782653,naive,JUNIN
2012-04-09,0.9440018124834797,0.31466727082782653,naive,JUNIN
2012-04-16,1.2586690833113063,0.9440018124834797,naive,JUNIN
2012-04-23,1.65200317184609,0.9440018124834797,naive,JUNIN
2012-04-30,1.88800362496696,0.9440018124834797,naive,JUNIN
2012-05-07,2.8320054374504395,0.9440018124834797,naive,JUNIN
2012-05-14,3.618673614520007,2.8320054374504395,naive,JUNIN
2012-05-21,3.933340885347833,2.8320054374504395,naive,JUNIN
2012-05-28,3.6973404322269636,2.8320054374504395,naive,JUNIN
2012-06-04,3.5400067968130497,2.8320054374504395,naive,JUNIN
2012-06-11,3.5400067968130497,3.5400067968130493,naive,JUNIN
2012-06-18,3.6973404322269636,3.5400067968130493,naive,JUNIN
2012-06-25,2.9893390728643525,3.5400067968130493,naive,JUNIN
2012-07-02,2.4386713489156566,3.5400067968130493,naive,JUNIN
2012-07-09,1.9666704426739166,2.438671348915657,naive,JUNIN
2012-07-16,2.4386713489156566,2.438671348915657,naive,JUNIN
2012-07-23,2.5173381666226136,2.438671348915657,naive,JUNIN
2012-07-30,2.59600498432957,2.438671348915657,naive,JUNIN
2012-08-06,1.8093368072600031,2.5960049843295705,naive,JUNIN
2012-08-13,1.7306699895530464,2.5960049843295705,naive,JUNIN
2012-08-20,1.4946695364321763,2.5960049843295705,naive,JUNIN
2012-08-27,1.65200317184609,2.5960049843295705,naive,JUNIN
2012-09-03,1.3373359010182633,1.65200317184609,naive,JUNIN
2012-09-10,1.2586690833113068,1.65200317184609,naive,JUNIN
2012-09-17,1.4946695364321767,1.65200317184609,naive,JUNIN
2012-09-24,1.5733363541391334,1.65200317184609,naive,JUNIN
2012-10-01,1.3373359010182633,1.5733363541391334,naive,JUNIN
2012-10-08,0.94400181248348,1.5733363541391334,naive,JUNIN
2012-10-15,0.8653349947765232,1.5733363541391334,naive,JUNIN
2012-10-22,0.8653349947765232,1.5733363541391334,naive,JUNIN
2012-10-29,1.0226686301904366,0.8653349947765232,naive,JUNIN
2012-11-05,0.7866681770695666,0.8653349947765232,naive,JUNIN
2012-11-12,0.7080013593626099,0.8653349947765232,naive,JUNIN
2012-11-19,1.0226686301904364,0.8653349947765232,naive,JUNIN
2012-11-26,1.0226686301904366,1.0226686301904366,naive,JUNIN
2012-12-03,1.3373359010182633,1.0226686301904366,naive,JUNIN
2012-12-10,1.0226686301904364,1.0226686301904366,naive,JUNIN
2012-12-17,1.65200317184609,1.0226686301904366,naive,JUNIN
2012-12-24,1.88800362496696,1.65200317184609,naive,JUNIN
2012-12-31,2.12400407808783,1.65200317184609,naive,JUNIN
2013-01-07,1.9621767618615173,1.65200317184609,naive,JUNIN
2013-01-14,1.644139230424391,1.65200317184609,naive,JUNIN
2013-01-21,1.6402072597135415,1.6441392304243907,naive,JUNIN
2013-01-28,1.5621021521081346,1.6441392304243907,naive,JUNIN
2013-02-04,1.8745225825297618,1.6441392304243907,naive,JUNIN
2013-02-11,1.6402072597135415,1.6441392304243907,naive,JUNIN
2013-02-18,1.3277868292919146,1.6402072597135415,naive,JUNIN
2013-02-25,0.7810510760540673,1.6402072597135415,naive,JUNIN
2013-03-04,0.7029459684486606,1.6402072597135415,naive,JUNIN
2013-03-11,1.249681721686508,1.6402072597135415,naive,JUNIN
2013-03-18,1.7183123673189484,1.2496817216865082,naive,JUNIN
2013-03-25,2.108837905345982,1.2496817216865082,naive,JUNIN
2013-04-01,2.499363443373016,1.2496817216865082,naive,JUNIN
2013-04-08,3.2023094118216764,1.2496817216865082,naive,JUNIN
2013-04-15,3.436624734637897,3.202309411821677,naive,JUNIN
2013-04-22,3.1242043042162693,3.202309411821677,naive,JUNIN
2013-04-29,2.967994089005456,3.202309411821677,naive,JUNIN
2013-05-06,3.59283494984871,3.202309411821677,naive,JUNIN
2013-05-13,4.373886025902777,3.5928349498487098,naive,JUNIN
2013-05-20,3.983360487875743,3.5928349498487098,naive,JUNIN
2013-05-27,3.983360487875744,3.5928349498487098,naive,JUNIN
2013-06-03,3.8271502726649302,3.5928349498487098,naive,JUNIN
2013-06-10,4.139570703086557,3.8271502726649302,naive,JUNIN
2013-06-17,4.061465595481151,3.8271502726649302,naive,JUNIN
2013-06-24,4.373886025902777,3.8271502726649302,naive,JUNIN
2013-07-01,4.373886025902778,3.8271502726649302,naive,JUNIN
2013-07-08,3.8271502726649302,4.373886025902777,naive,JUNIN
2013-07-15,3.1242043042162693,4.373886025902777,naive,JUNIN
2013-07-22,2.655573658583829,4.373886025902777,naive,JUNIN
2013-07-29,2.889888981400049,4.373886025902777,naive,JUNIN
2013-08-05,2.811783873794642,2.8898889814000492,naive,JUNIN
2013-08-12,2.499363443373016,2.8898889814000492,naive,JUNIN
2013-08-19,1.796417474924355,2.8898889814000492,naive,JUNIN
2013-08-26,1.0934715064756941,2.8898889814000492,naive,JUNIN
2013-09-02,1.483997044502728,1.093471506475694,naive,JUNIN
2013-09-09,1.405891936897321,1.093471506475694,naive,JUNIN
2013-09-16,1.8745225825297618,1.093471506475694,naive,JUNIN
2013-09-23,1.3277868292919144,1.093471506475694,naive,JUNIN
2013-09-30,1.483997044502728,1.3277868292919144,naive,JUNIN
2013-10-07,1.3277868292919144,1.3277868292919144,naive,JUNIN
2013-10-14,1.8745225825297618,1.3277868292919144,naive,JUNIN
2013-10-21,2.1869430129513887,1.3277868292919144,naive,JUNIN
2013-10-28,2.030732797740575,2.1869430129513887,naive,JUNIN
2013-11-04,1.6402072597135415,2.1869430129513887,naive,JUNIN
2013-11-11,1.0153663988702875,2.1869430129513887,naive,JUNIN
2013-11-18,1.483997044502728,2.1869430129513887,naive,JUNIN
2013-11-25,1.7183123673189478,1.4839970445027282,naive,JUNIN
2013-12-02,2.030732797740575,1.4839970445027282,naive,JUNIN
2013-12-09,1.405891936897321,1.4839970445027282,naive,JUNIN
2013-12-16,1.0934715064756941,1.4839970445027282,naive,JUNIN
2013-12-23,1.2496817216865075,1.093471506475694,naive,JUNIN
2013-12-30,1.483997044502728,1.093471506475694,naive,JUNIN
2014-01-06,1.636884787684478,1.093471506475694,naive,JUNIN
2014-01-13,1.2446980136429129,1.093471506475694,naive,JUNIN
2014-01-20,1.1632704340084434,1.2446980136429127,naive,JUNIN
2014-01-27,1.3183731585429026,1.2446980136429127,naive,JUNIN
2014-02-03,1.4734758830773618,1.2446980136429127,naive,JUNIN
2014-02-10,1.240821796275673,1.2446980136429127,naive,JUNIN
2014-02-17,0.9306163472067546,1.240821796275673,naive,JUNIN
2014-02-24,0.9306163472067546,1.240821796275673,naive,JUNIN
2014-03-03,1.008167709473984,1.240821796275673,naive,JUNIN
2014-03-10,0.7755136226722955,1.240821796275673,naive,JUNIN
2014-03-17,0.6204108981378363,0.7755136226722954,naive,JUNIN
2014-03-24,0.6979622604050659,0.7755136226722954,naive,JUNIN
2014-03-31,0.8530649849395252,0.7755136226722954,naive,JUNIN
2014-04-07,1.3183731585429026,0.7755136226722954,naive,JUNIN
2014-04-14,1.240821796275673,1.3183731585429026,naive,JUNIN
2014-04-21,1.4734758830773618,1.3183731585429026,naive,JUNIN
2014-04-28,1.0081677094739843,1.3183731585429026,naive,JUNIN
2014-05-05,1.1632704340084434,1.3183731585429026,naive,JUNIN
2014-05-12,1.6285786076118207,1.1632704340084432,naive,JUNIN
2014-05-19,2.714297679353035,1.1632704340084432,naive,JUNIN
2014-05-26,3.877568113361479,1.1632704340084432,naive,JUNIN
2014-06-02,4.420427649232086,1.1632704340084432,naive,JUNIN
2014-06-09,4.963287185102693,4.420427649232086,naive,JUNIN
2014-06-16,4.342876286964857,4.420427649232086,naive,JUNIN
2014-06-23,4.9632871851026925,4.420427649232086,naive,JUNIN
2014-06-30,4.963287185102693,4.420427649232086,naive,JUNIN
2014-07-07,4.885735822835463,4.963287185102694,naive,JUNIN
2014-07-14,3.56736266429256,4.963287185102694,naive,JUNIN
2014-07-21,2.714297679353035,4.963287185102694,naive,JUNIN
2014-07-28,2.7142976793530345,4.963287185102694,naive,JUNIN
2014-08-04,3.2571572152236414,2.714297679353034,naive,JUNIN
2014-08-11,2.559194954818576,2.714297679353034,naive,JUNIN
2014-08-18,1.938784056680739,2.714297679353034,naive,JUNIN
2014-08-25,1.0857190717412137,2.714297679353034,naive,JUNIN
2014-09-01,1.0857190717412137,1.085719071741214,naive,JUNIN
2014-09-08,1.0857190717412137,1.085719071741214,naive,JUNIN
2014-09-15,0.8530649849395249,1.085719071741214,naive,JUNIN
2014-09-22,0.6204108981378361,1.085719071741214,naive,JUNIN
2014-09-29,0.6204108981378361,0.6204108981378362,naive,JUNIN
2014-10-06,0.6979622604050656,0.6204108981378362,naive,JUNIN
2014-10-13,1.008167709473984,0.6204108981378362,naive,JUNIN
2014-10-20,1.2408217962756727,0.6204108981378362,naive,JUNIN
2014-10-27,1.1632704340084432,1.240821796275673,naive,JUNIN
2014-11-03,1.008167709473984,1.240821796275673,naive,JUNIN
2014-11-10,1.1632704340084432,1.240821796275673,naive,JUNIN
2014-11-17,1.6285786076118207,1.240821796275673,naive,JUNIN
2014-11-24,1.8612326944135094,1.628578607611821,naive,JUNIN
2014-12-01,1.395924520810132,1.628578607611821,naive,JUNIN
2014-12-08,0.9306163472067546,1.628578607611821,naive,JUNIN
2014-12-15,0.6204108981378362,1.628578607611821,naive,JUNIN
2014-12-22,0.9306163472067546,0.6204108981378362,naive,JUNIN
2014-12-29,1.1632704340084434,0.6204108981378362,naive,JUNIN
2015-01-05,1.2391839499156874,0.6204108981378362,naive,JUNIN
2015-01-12,0.9273406544867832,0.6204108981378362,naive,JUNIN
2015-01-19,0.6930487213251092,0.9273406544867833,naive,JUNIN
2015-01-26,0.8470595482862442,0.9273406544867833,naive,JUNIN
2015-02-02,0.6930487213251088,0.9273406544867833,naive,JUNIN
2015-02-09,0.7700541348056765,0.9273406544867833,naive,JUNIN
2015-02-16,0.6160433078445412,0.7700541348056766,naive,JUNIN
2015-02-23,0.6930487213251088,0.7700541348056766,naive,JUNIN
2015-03-02,0.5390378943639734,0.7700541348056766,naive,JUNIN
2015-03-09,0.46203248088340615,0.7700541348056766,naive,JUNIN
2015-03-16,0.6930487213251088,0.46203248088340615,naive,JUNIN
2015-03-23,0.5390378943639734,0.46203248088340615,naive,JUNIN
2015-03-30,0.6160433078445412,0.46203248088340615,naive,JUNIN
2015-04-06,0.8470595482862442,0.46203248088340615,naive,JUNIN
2015-04-13,2.0791461639753273,0.8470595482862442,naive,JUNIN
2015-04-20,2.4641732313781657,0.8470595482862442,naive,JUNIN
2015-04-27,3.003211125742139,0.8470595482862442,naive,JUNIN
2015-05-04,2.618184058339301,0.8470595482862442,naive,JUNIN
2015-05-11,3.5422490201061136,2.6181840583393012,naive,JUNIN
2015-05-18,4.081286914470087,2.6181840583393012,naive,JUNIN
2015-05-25,5.082357289717467,2.6181840583393012,naive,JUNIN
2015-06-01,4.774335635795196,2.6181840583393012,naive,JUNIN
2015-06-08,3.696259847067249,4.774335635795196,naive,JUNIN
2015-06-15,2.541178644858733,4.774335635795196,naive,JUNIN
2015-06-22,1.8481299235336237,4.774335635795196,naive,JUNIN
2015-06-29,1.8481299235336237,4.774335635795196,naive,JUNIN
2015-07-06,1.6171136830919206,1.848129923533624,naive,JUNIN
2015-07-13,1.6171136830919206,1.848129923533624,naive,JUNIN
2015-07-20,1.30909202916965,1.848129923533624,naive,JUNIN
2015-07-27,1.0780757887279468,1.848129923533624,naive,JUNIN
2015-08-03,0.7700541348056761,1.0780757887279466,naive,JUNIN
2015-08-10,0.7700541348056761,1.0780757887279466,naive,JUNIN
2015-08-17,0.6160433078445408,1.0780757887279466,naive,JUNIN
2015-08-24,0.5390378943639731,1.0780757887279466,naive,JUNIN
2015-08-31,0.3850270674028377,0.5390378943639731,naive,JUNIN
2015-09-07,0.46203248088340615,0.5390378943639731,naive,JUNIN
2015-09-14,0.46203248088340615,0.5390378943639731,naive,JUNIN
2015-09-21,0.46203248088340615,0.5390378943639731,naive,JUNIN
2015-09-28,0.5390378943639731,0.46203248088340615,naive,JUNIN
2015-10-05,0.5390378943639731,0.46203248088340615,naive,JUNIN
2015-10-12,0.5390378943639731,0.46203248088340615,naive,JUNIN
2015-10-19,0.3850270674028377,0.46203248088340615,naive,JUNIN
2015-10-26,0.30802165392227,0.3850270674028377,naive,JUNIN
2015-11-02,0.5390378943639731,0.3850270674028377,naive,JUNIN
2015-11-09,0.6930487213251085,0.3850270674028377,naive,JUNIN
2015-11-16,1.2320866156890824,0.3850270674028377,naive,JUNIN
2015-11-23,1.001070375247379,1.2320866156890826,naive,JUNIN
2015-11-30,1.1550812022085146,1.2320866156890826,naive,JUNIN
2015-12-07,0.6160433078445408,1.2320866156890826,naive,JUNIN
2015-12-14,0.539037894363973,1.2320866156890826,naive,JUNIN
2015-12-21,0.23101624044170307,0.5390378943639731,naive,JUNIN
2015-12-28,0.15401082696113455,0.5390378943639731,naive,JUNIN
2016-01-04,0.22993960895493815,0.5390378943639731,naive,JUNIN
2016-01-11,0.38233548868592737,0.5390378943639731,naive,JUNIN
2016-01-18,0.8411380751090413,0.38233548868592737,naive,JUNIN
2016-01-25,0.8411380751090412,0.38233548868592737,naive,JUNIN
2016-02-01,0.8411380751090413,0.38233548868592737,naive,JUNIN
2016-02-08,0.7646709773718556,0.38233548868592737,naive,JUNIN
2016-02-15,0.9176051728462268,0.7646709773718556,naive,JUNIN
2016-02-22,1.0705393683205982,0.7646709773718556,naive,JUNIN
2016-02-29,0.8411380751090413,0.7646709773718556,naive,JUNIN
2016-03-07,0.5352696841602987,0.7646709773718556,naive,JUNIN
2016-03-14,0.4588025864231131,0.5352696841602986,naive,JUNIN
2016-03-21,0.5352696841602987,0.5352696841602986,naive,JUNIN
2016-03-28,0.7646709773718557,0.5352696841602986,naive,JUNIN
2016-04-04,0.4588025864231131,0.5352696841602986,naive,JUNIN
2016-04-11,0.5352696841602987,0.4588025864231131,naive,JUNIN
2016-04-18,0.5352696841602987,0.4588025864231131,naive,JUNIN
2016-04-25,0.6117367818974845,0.4588025864231131,naive,JUNIN
2016-05-02,0.4588025864231131,0.4588025864231131,naive,JUNIN
2016-05-09,0.38233548868592754,0.4588025864231131,naive,JUNIN
2016-05-16,0.3823354886859274,0.4588025864231131,naive,JUNIN
2016-05-23,0.30586839094874185,0.4588025864231131,naive,JUNIN
2016-05-30,0.6117367818974844,0.4588025864231131,naive,JUNIN
2016-06-06,1.147006466057784,0.6117367818974844,naive,JUNIN
2016-06-13,1.6822761502180834,0.6117367818974844,naive,JUNIN
2016-06-20,1.6822761502180834,0.6117367818974844,naive,JUNIN
2016-06-27,1.4528748570065264,0.6117367818974844,naive,JUNIN
2016-07-04,1.4528748570065264,1.4528748570065266,naive,JUNIN
2016-07-11,1.376407759269341,1.4528748570065266,naive,JUNIN
2016-07-18,1.6058090524808977,1.4528748570065266,naive,JUNIN
2016-07-25,1.91167744342964,1.4528748570065266,naive,JUNIN
2016-08-01,1.988144541166826,1.9116774434296402,naive,JUNIN
2016-08-08,1.8352103456924542,1.9116774434296402,naive,JUNIN
2016-08-15,1.1470064660577837,1.9116774434296402,naive,JUNIN
2016-08-22,0.9940722705834125,1.9116774434296402,naive,JUNIN
2016-08-29,0.9940722705834125,0.9940722705834124,naive,JUNIN
2016-09-05,1.1470064660577837,0.9940722705834124,naive,JUNIN
2016-09-12,1.1470064660577837,0.9940722705834124,naive,JUNIN
2016-09-19,1.1470064660577837,0.9940722705834124,naive,JUNIN
2016-09-26,0.9940722705834125,1.1470064660577837,naive,JUNIN
2016-10-03,1.0705393683205982,1.1470064660577837,naive,JUNIN
2016-10-10,0.9176051728462268,1.1470064660577837,naive,JUNIN
2016-10-17,0.8411380751090413,1.1470064660577837,naive,JUNIN
2016-10-24,0.7646709773718556,0.8411380751090414,naive,JUNIN
2016-10-31,0.9176051728462268,0.8411380751090414,naive,JUNIN
2016-11-07,1.1470064660577837,0.8411380751090414,naive,JUNIN
2016-11-14,0.9176051728462268,0.8411380751090414,naive,JUNIN
2016-11-21,1.2234735637949694,0.9176051728462269,naive,JUNIN
2016-11-28,0.9940722705834125,0.9176051728462269,naive,JUNIN
2016-12-05,1.1470064660577837,0.9176051728462269,naive,JUNIN
2016-12-12,0.5352696841602986,0.9176051728462269,naive,JUNIN
2016-12-19,0.5352696841602986,0.5352696841602986,naive,JUNIN
2016-12-26,0.8411380751090412,0.5352696841602986,naive,JUNIN
2017-01-02,0.9160126478422855,0.5352696841602986,naive,JUNIN
2017-01-09,1.3705685009215565,0.5352696841602986,naive,JUNIN
2017-01-16,0.8352988167612571,1.3705685009215562,naive,JUNIN
2017-01-23,1.2149800971072833,1.3705685009215562,naive,JUNIN
2017-01-30,0.7593625606920518,1.3705685009215562,naive,JUNIN
2017-02-06,1.139043841038078,1.3705685009215562,naive,JUNIN
2017-02-13,0.6834263046228465,1.1390438410380783,naive,JUNIN
2017-02-20,0.7593625606920518,1.1390438410380783,naive,JUNIN
2017-02-27,0.8352988167612571,1.1390438410380783,naive,JUNIN
2017-03-06,0.9112350728304625,1.1390438410380783,naive,JUNIN
2017-03-13,0.9871713288996675,0.9112350728304623,naive,JUNIN
2017-03-20,0.9112350728304625,0.9112350728304623,naive,JUNIN
2017-03-27,1.2149800971072835,0.9112350728304623,naive,JUNIN
2017-04-03,1.7465338895917204,0.9112350728304623,naive,JUNIN
2017-04-10,2.733705218491389,1.7465338895917202,naive,JUNIN
2017-04-17,3.1133864988374156,1.7465338895917202,naive,JUNIN
2017-04-24,4.100557827737084,1.7465338895917202,naive,JUNIN
2017-05-01,3.7208765473910574,1.7465338895917202,naive,JUNIN
2017-05-08,4.176494083806289,3.7208765473910566,naive,JUNIN
2017-05-15,3.341195267045031,3.7208765473910566,naive,JUNIN
2017-05-22,2.961513986699005,3.7208765473910566,naive,JUNIN
2017-05-29,2.1262151699377467,3.7208765473910566,naive,JUNIN
2017-06-05,2.1262151699377467,2.1262151699377467,naive,JUNIN
2017-06-12,2.202151426006952,2.1262151699377467,naive,JUNIN
2017-06-19,2.278087682076157,2.1262151699377467,naive,JUNIN
2017-06-26,1.6705976335225152,2.1262151699377467,naive,JUNIN
2017-07-03,1.290916353176489,1.6705976335225152,naive,JUNIN
2017-07-10,1.1390438410380785,1.6705976335225152,naive,JUNIN
2017-07-17,1.290916353176489,1.6705976335225152,naive,JUNIN
2017-07-24,1.59466137745331,1.6705976335225152,naive,JUNIN
2017-07-31,1.7465338895917206,1.5946613774533103,naive,JUNIN
2017-08-07,1.4427888653148992,1.5946613774533103,naive,JUNIN
2017-08-14,0.987171328899668,1.5946613774533103,naive,JUNIN
2017-08-21,0.7593625606920521,1.5946613774533103,naive,JUNIN
2017-08-28,0.8352988167612573,0.759362560692052,naive,JUNIN
2017-09-04,1.0631075849688731,0.759362560692052,naive,JUNIN
2017-09-11,0.9112350728304627,0.759362560692052,naive,JUNIN
2017-09-18,0.8352988167612573,0.759362560692052,naive,JUNIN
2017-09-25,0.6074900485536415,0.8352988167612574,naive,JUNIN
2017-10-02,0.7593625606920521,0.8352988167612574,naive,JUNIN
2017-10-09,0.8352988167612573,0.8352988167612574,naive,JUNIN
2017-10-16,0.9871713288996679,0.8352988167612574,naive,JUNIN
2017-10-23,0.6834263046228468,0.9871713288996677,naive,JUNIN
2017-10-30,0.5315537924844363,0.9871713288996677,naive,JUNIN
2017-11-06,0.2278087682076152,0.9871713288996677,naive,JUNIN
2017-11-13,0.7593625606920521,0.9871713288996677,naive,JUNIN
2017-11-20,0.9112350728304626,0.759362560692052,naive,JUNIN
2017-11-27,1.290916353176489,0.759362560692052,naive,JUNIN
2017-12-04,1.290916353176489,0.759362560692052,naive,JUNIN
2017-12-11,1.290916353176489,0.759362560692052,naive,JUNIN
2017-12-18,1.2149800971072835,1.2909163531764887,naive,JUNIN
2017-12-25,0.9112350728304631,1.2909163531764887,naive,JUNIN
2018-01-01,1.2097368809235052,1.2909163531764887,naive,JUNIN
2018-01-08,1.0565535647391502,1.2909163531764887,naive,JUNIN
2018-01-15,1.27977451878596,1.0565535647391502,naive,JUNIN
2018-01-22,0.978651102601028,1.0565535647391502,naive,JUNIN
2018-01-29,0.978651102601028,1.0565535647391502,naive,JUNIN
2018-02-05,0.752808540462329,1.0565535647391502,naive,JUNIN
2018-02-12,0.6775276864160961,0.752808540462329,naive,JUNIN
2018-02-19,0.828089394508562,0.752808540462329,naive,JUNIN
2018-02-26,0.9033702485547951,0.752808540462329,naive,JUNIN
2018-03-05,1.355055372832193,0.752808540462329,naive,JUNIN
2018-03-12,1.204493664739727,1.3550553728321932,naive,JUNIN
2018-03-19,1.2044936647397269,1.3550553728321932,naive,JUNIN
2018-03-26,0.5269659783236301,1.3550553728321932,naive,JUNIN
2018-04-02,0.7528085404623291,1.3550553728321932,naive,JUNIN
2018-04-09,0.6022468323698632,0.7528085404623293,naive,JUNIN
2018-04-16,1.355055372832193,0.7528085404623293,naive,JUNIN
2018-04-23,1.7314596430633582,0.7528085404623293,naive,JUNIN
2018-04-30,2.107863913294523,0.7528085404623293,naive,JUNIN
2018-05-07,2.258425621386989,2.107863913294523,naive,JUNIN
2018-05-14,3.0112341618493184,2.107863913294523,naive,JUNIN
2018-05-21,3.914604410404115,2.107863913294523,naive,JUNIN
2018-05-28,4.742693804912678,2.107863913294523,naive,JUNIN
2018-06-04,5.420221491328775,4.742693804912678,naive,JUNIN
2018-06-11,5.871906615606171,4.742693804912678,naive,JUNIN
2018-06-18,6.498968073940831,4.742693804912678,naive,JUNIN
2018-06-25,6.674344407998092,4.742693804912678,naive,JUNIN
2018-07-02,6.222659283720695,6.674344407998093,naive,JUNIN
2018-07-09,5.9720020956172,6.674344407998093,naive,JUNIN
2018-07-16,4.742693804912677,6.674344407998093,naive,JUNIN
2018-07-23,3.8393235563578814,6.674344407998093,naive,JUNIN
2018-07-30,3.0865150158955514,3.839323556357882,naive,JUNIN
2018-08-06,2.4089873294794546,3.839323556357882,naive,JUNIN
2018-08-13,2.03258305924829,3.839323556357882,naive,JUNIN
2018-08-20,1.580897934970892,3.839323556357882,naive,JUNIN
2018-08-27,1.731459643063358,1.580897934970892,naive,JUNIN
2018-09-03,2.258425621386989,1.580897934970892,naive,JUNIN
2018-09-10,2.03258305924829,1.580897934970892,naive,JUNIN
2018-09-17,2.03258305924829,1.580897934970892,naive,JUNIN
2018-09-24,1.806740497109591,2.0325830592482905,naive,JUNIN
2018-10-01,1.580897934970892,2.0325830592482905,naive,JUNIN
2018-10-08,1.355055372832193,2.0325830592482905,naive,JUNIN
2018-10-15,1.1292128106934942,2.0325830592482905,naive,JUNIN
2018-10-22,1.2044936647397273,1.129212810693494,naive,JUNIN
2018-10-29,1.1292128106934942,1.129212810693494,naive,JUNIN
2018-11-05,1.430336226878426,1.129212810693494,naive,JUNIN
2018-11-12,1.6561787890171251,1.129212810693494,naive,JUNIN
2018-11-19,1.806740497109591,1.6561787890171251,naive,JUNIN
2018-11-26,1.355055372832193,1.6561787890171251,naive,JUNIN
2018-12-03,1.2797745187859602,1.6561787890171251,naive,JUNIN
2018-12-10,1.1292128106934942,1.6561787890171251,naive,JUNIN
2018-12-17,1.204493664739727,1.129212810693494,naive,JUNIN
2018-12-24,1.204493664739727,1.129212810693494,naive,JUNIN
2018-12-31,1.430336226878426,1.129212810693494,naive,JUNIN
2019-01-07,1.7269503456172155,1.129212810693494,naive,JUNIN
2019-01-14,1.422606002685039,1.7269503456172153,naive,JUNIN
2019-01-21,0.970276693058192,1.7269503456172153,naive,JUNIN
2019-01-28,0.5970933495742718,1.7269503456172153,naive,JUNIN
2019-02-04,0.29854667478713565,1.7269503456172153,naive,JUNIN
2019-02-11,0.5970933495742718,0.2985466747871356,naive,JUNIN
2019-02-18,0.6717300182710558,0.2985466747871356,naive,JUNIN
2019-02-25,1.0449133617549762,0.2985466747871356,naive,JUNIN
2019-03-04,1.1195500304517603,0.2985466747871356,naive,JUNIN
2019-03-11,1.0449133617549762,1.11955003045176,naive,JUNIN
2019-03-18,0.6717300182710559,1.11955003045176,naive,JUNIN
2019-03-25,0.970276693058192,1.11955003045176,naive,JUNIN
2019-04-01,1.5673700426324644,1.11955003045176,naive,JUNIN
2019-04-08,2.388373398297089,1.5673700426324642,naive,JUNIN
2019-04-15,2.388373398297089,1.5673700426324642,naive,JUNIN
2019-04-22,2.4630100669938737,1.5673700426324642,naive,JUNIN
2019-04-29,1.9405533861163848,1.5673700426324642,naive,JUNIN
2019-05-06,2.4630100669938737,1.9405533861163846,naive,JUNIN
2019-05-13,3.0601034165681456,1.9405533861163846,naive,JUNIN
2019-05-20,3.433286760052066,1.9405533861163846,naive,JUNIN
2019-05-27,3.2093767539617137,1.9405533861163846,naive,JUNIN
2019-06-03,2.9854667478713615,3.2093767539617133,naive,JUNIN
2019-06-10,3.2093767539617137,3.2093767539617133,naive,JUNIN
2019-06-17,2.985466747871362,3.2093767539617133,naive,JUNIN
2019-06-24,2.5376467356906574,3.2093767539617133,naive,JUNIN
2019-07-01,2.388373398297089,2.537646735690657,naive,JUNIN
2019-07-08,2.8361934104777933,2.537646735690657,naive,JUNIN
2019-07-15,2.8361934104777937,2.537646735690657,naive,JUNIN
2019-07-22,2.9108300791745774,2.537646735690657,naive,JUNIN
2019-07-29,2.015190054813169,2.910830079174577,naive,JUNIN
2019-08-05,1.6420067113292485,2.910830079174577,naive,JUNIN
2019-08-12,1.3434600365421125,2.910830079174577,naive,JUNIN
2019-08-19,1.1941866991485444,2.910830079174577,naive,JUNIN
2019-08-26,0.9702766930581922,1.1941866991485446,naive,JUNIN
2019-09-02,0.7463666869678399,1.1941866991485446,naive,JUNIN
2019-09-09,0.7463666869678399,1.1941866991485446,naive,JUNIN
2019-09-16,0.970276693058192,1.1941866991485446,naive,JUNIN
2019-09-23,0.821003355664624,0.9702766930581921,naive,JUNIN
2019-09-30,0.6717300182710559,0.9702766930581921,naive,JUNIN
2019-10-07,0.5224566808774878,0.9702766930581921,naive,JUNIN
2019-10-14,0.74636668696784,0.9702766930581921,naive,JUNIN
2019-10-21,0.8956400243614081,0.74636668696784,naive,JUNIN
2019-10-28,1.0449133617549762,0.74636668696784,naive,JUNIN
2019-11-04,0.8956400243614082,0.74636668696784,naive,JUNIN
2019-11-11,0.74636668696784,0.74636668696784,naive,JUNIN
2019-11-18,0.5224566808774879,0.74636668696784,naive,JUNIN
2019-11-25,0.22391000609035164,0.74636668696784,naive,JUNIN
2019-12-02,0.1492733373935676,0.74636668696784,naive,JUNIN
2019-12-09,0.1492733373935676,0.74636668696784,naive,JUNIN
2019-12-16,0.37318334348391974,0.1492733373935676,naive,JUNIN
2019-12-23,0.74636668696784,0.1492733373935676,naive,JUNIN
2019-12-30,0.9702766930581922,0.1492733373935676,naive,JUNIN
2020-01-06,1.3383935649881022,0.1492733373935676,naive,JUNIN
2020-01-13,1.2612236605143128,1.338393564988102,naive,JUNIN
2020-01-20,1.1100503962879908,1.338393564988102,naive,JUNIN
2020-01-27,0.9620436767829253,1.338393564988102,naive,JUNIN
2020-02-03,0.740033597525327,1.338393564988102,naive,JUNIN
2020-02-10,0.5920268780202615,0.7400335975253272,naive,JUNIN
2020-02-17,0.44402015851519594,0.7400335975253272,naive,JUNIN
2020-02-24,0.6660302377727941,0.7400335975253272,naive,JUNIN
2020-03-02,0.7400335975253269,0.7400335975253272,naive,JUNIN
2020-03-09,0.6660302377727942,0.7400335975253269,naive,JUNIN
2020-03-16,0.444020158515196,0.7400335975253269,naive,JUNIN
2020-03-23,0.444020158515196,0.7400335975253269,naive,JUNIN
2020-03-30,0.5920268780202615,0.7400335975253269,naive,JUNIN
2020-04-06,0.5920268780202615,0.5920268780202615,naive,JUNIN
2020-04-13,0.444020158515196,0.5920268780202615,naive,JUNIN
2020-04-20,0.07400335975253217,0.5920268780202615,naive,JUNIN
2020-04-27,0.0,0.5920268780202615,naive,JUNIN
2020-05-04,0.07400335975253217,0.0,naive,JUNIN
2020-05-11,0.14800671950506492,0.0,naive,JUNIN
2020-05-18,0.14800671950506492,0.0,naive,JUNIN
2020-05-25,0.14800671950506492,0.0,naive,JUNIN
2020-06-01,0.14800671950506492,0.1480067195050649,naive,JUNIN
2020-06-08,0.14800671950506492,0.1480067195050649,naive,JUNIN
2020-06-15,0.22201007925759766,0.1480067195050649,naive,JUNIN
2020-06-22,0.14800671950506492,0.1480067195050649,naive,JUNIN
2020-06-29,0.14800671950506494,0.1480067195050649,naive,JUNIN
2020-07-06,0.07400335975253217,0.1480067195050649,naive,JUNIN
2020-07-13,0.14800671950506492,0.1480067195050649,naive,JUNIN
2020-07-20,0.14800671950506492,0.1480067195050649,naive,JUNIN
2020-07-27,0.22201007925759766,0.1480067195050649,naive,JUNIN
2020-08-03,0.14800671950506492,0.1480067195050649,naive,JUNIN
2020-08-10,0.14800671950506494,0.1480067195050649,naive,JUNIN
2020-08-17,0.22201007925759772,0.1480067195050649,naive,JUNIN
2020-08-24,0.2960134390101305,0.22201007925759772,naive,JUNIN
2020-08-31,0.2960134390101305,0.22201007925759772,naive,JUNIN
2020-09-07,0.14800671950506492,0.22201007925759772,naive,JUNIN
2020-09-14,0.07400335975253217,0.22201007925759772,naive,JUNIN
2020-09-21,0.07400335975253217,0.07400335975253217,naive,JUNIN
2020-09-28,0.0,0.07400335975253217,naive,JUNIN
2020-10-05,0.0,0.07400335975253217,naive,JUNIN
2020-10-12,0.0,0.07400335975253217,naive,JUNIN
2020-10-19,0.0,0.0,naive,JUNIN
2020-10-26,0.14800671950506492,0.0,naive,JUNIN
2020-11-02,0.14800671950506492,0.0,naive,JUNIN
2020-11-09,0.22201007925759766,0.0,naive,JUNIN
2020-11-16,0.22201007925759772,0.2220100792575977,naive,JUNIN
2020-11-23,0.37001679876266325,0.2220100792575977,naive,JUNIN
2020-11-30,0.29601343901013044,0.2220100792575977,naive,JUNIN
2020-12-07,0.14800671950506494,0.2220100792575977,naive,JUNIN
2020-12-14,0.07400335975253218,0.14800671950506494,naive,JUNIN
2020-12-21,0.07400335975253218,0.14800671950506494,naive,JUNIN
2020-12-28,0.07400335975253218,0.14800671950506494,naive,JUNIN
2021-01-04,0.0,0.14800671950506494,naive,JUNIN
2021-01-11,0.0,0.0,naive,JUNIN
2021-01-18,0.07338076176568732,0.0,naive,JUNIN
2021-01-25,0.07338076176568732,0.0,naive,JUNIN
2021-02-01,0.07338076176568732,0.0,naive,JUNIN
2021-02-08,0.0,0.07338076176568732,naive,JUNIN
2021-02-15,0.1467615235313752,0.07338076176568732,naive,JUNIN
2021-02-22,0.1467615235313752,0.07338076176568732,naive,JUNIN
2021-03-01,0.1467615235313752,0.07338076176568732,naive,JUNIN
2021-03-08,0.07338076176568732,0.1467615235313752,naive,JUNIN
2021-03-15,0.1467615235313752,0.1467615235313752,naive,JUNIN
2021-03-22,0.1467615235313752,0.1467615235313752,naive,JUNIN
2021-03-29,0.22014228529706312,0.1467615235313752,naive,JUNIN
2021-04-05,0.1467615235313752,0.22014228529706306,naive,JUNIN
2021-04-12,0.22014228529706312,0.22014228529706306,naive,JUNIN
2021-04-19,0.0733807617656873,0.22014228529706306,naive,JUNIN
2021-04-26,0.0733807617656873,0.22014228529706306,naive,JUNIN
2021-05-03,0.1467615235313752,0.07338076176568731,naive,JUNIN
2021-05-10,0.1467615235313752,0.07338076176568731,naive,JUNIN
2021-05-17,0.1467615235313752,0.07338076176568731,naive,JUNIN
2021-05-24,0.0,0.07338076176568731,naive,JUNIN
2021-05-31,0.22014228529706306,0.0,naive,JUNIN
2021-06-07,0.29352304706275095,0.0,naive,JUNIN
2021-06-14,0.36690380882843887,0.0,naive,JUNIN
2021-06-21,0.1467615235313752,0.0,naive,JUNIN
2021-06-28,0.1467615235313752,0.1467615235313752,naive,JUNIN
2021-07-05,0.29352304706275095,0.1467615235313752,naive,JUNIN
2021-07-12,0.36690380882843887,0.1467615235313752,naive,JUNIN
2021-07-19,0.44028457059412673,0.1467615235313752,naive,JUNIN
2021-07-26,0.29352304706275095,0.4402845705941267,naive,JUNIN
2021-08-02,0.44028457059412673,0.4402845705941267,naive,JUNIN
2021-08-09,0.36690380882843887,0.4402845705941267,naive,JUNIN
2021-08-16,0.29352304706275095,0.4402845705941267,naive,JUNIN
2021-08-23,0.29352304706275095,0.29352304706275095,naive,JUNIN
2021-08-30,0.22014228529706306,0.29352304706275095,naive,JUNIN
2021-09-06,0.29352304706275095,0.29352304706275095,naive,JUNIN
2021-09-13,0.0733807617656873,0.29352304706275095,naive,JUNIN
2021-09-20,0.1467615235313752,0.07338076176568731,naive,JUNIN
2021-09-27,0.29352304706275095,0.07338076176568731,naive,JUNIN
2021-10-04,0.36690380882843887,0.07338076176568731,naive,JUNIN
2021-10-11,0.44028457059412673,0.07338076176568731,naive,JUNIN
2021-10-18,0.5136653323598147,0.4402845705941267,naive,JUNIN
2021-10-25,0.5136653323598147,0.4402845705941267,naive,JUNIN
2021-11-01,0.5136653323598147,0.4402845705941267,naive,JUNIN
2021-11-08,0.36690380882843887,0.4402845705941267,naive,JUNIN
2021-11-15,0.5136653323598147,0.36690380882843887,naive,JUNIN
2021-11-22,0.3669038088284389,0.36690380882843887,naive,JUNIN
2021-11-29,0.22014228529706312,0.36690380882843887,naive,JUNIN
2021-12-06,0.14676152353137523,0.36690380882843887,naive,JUNIN
2021-12-13,0.22014228529706312,0.14676152353137525,naive,JUNIN
2021-12-20,0.293523047062751,0.14676152353137525,naive,JUNIN
2021-12-27,0.293523047062751,0.14676152353137525,naive,JUNIN
2022-01-03,0.3656792840767354,0.14676152353137525,naive,JUNIN
2022-01-10,0.3650670217008836,0.3656792840767355,naive,JUNIN
2022-01-17,0.5093794957288524,0.3656792840767355,naive,JUNIN
2022-01-24,0.6549164945085247,0.3656792840767355,naive,JUNIN
2022-01-31,0.800453493288197,0.3656792840767355,naive,JUNIN
2022-02-07,0.6549164945085247,0.800453493288197,naive,JUNIN
2022-02-14,0.5093794957288523,0.800453493288197,naive,JUNIN
2022-02-21,0.3638424969491802,0.800453493288197,naive,JUNIN
2022-02-28,0.291073997559344,0.800453493288197,naive,JUNIN
2022-03-07,0.4366109963390163,0.29107399755934404,naive,JUNIN
2022-03-14,0.4366109963390163,0.29107399755934404,naive,JUNIN
2022-03-21,0.6549164945085247,0.29107399755934404,naive,JUNIN
2022-03-28,0.5821479951186885,0.29107399755934404,naive,JUNIN
2022-04-04,0.5821479951186885,0.5821479951186885,naive,JUNIN
2022-04-11,0.5821479951186885,0.5821479951186885,naive,JUNIN
2022-04-18,0.6549164945085247,0.5821479951186885,naive,JUNIN
2022-04-25,0.8732219926780337,0.5821479951186885,naive,JUNIN
2022-05-02,0.6549164945085247,0.8732219926780338,naive,JUNIN
2022-05-09,0.7276849938983609,0.8732219926780338,naive,JUNIN
2022-05-16,0.8732219926780331,0.8732219926780338,naive,JUNIN
2022-05-23,1.1642959902373775,0.8732219926780338,naive,JUNIN
2022-05-30,1.0187589914577053,1.1642959902373775,naive,JUNIN
2022-06-06,1.2370644896272136,1.1642959902373775,naive,JUNIN
2022-06-13,1.7464439853560665,1.1642959902373775,naive,JUNIN
2022-06-20,2.5468974786442637,1.1642959902373775,naive,JUNIN
2022-06-27,2.2558234810849194,2.5468974786442633,naive,JUNIN
2022-07-04,1.8919809841357387,2.5468974786442633,naive,JUNIN
2022-07-11,1.2370644896272138,2.5468974786442633,naive,JUNIN
2022-07-18,1.1642959902373777,2.5468974786442633,naive,JUNIN
2022-07-25,1.746443985356067,1.164295990237378,naive,JUNIN
2022-08-01,1.6736754859662304,1.164295990237378,naive,JUNIN
2022-08-08,1.8919809841357391,1.164295990237378,naive,JUNIN
2022-08-15,1.0915274908475416,1.164295990237378,naive,JUNIN
2022-08-22,1.1642959902373777,1.0915274908475419,naive,JUNIN
2022-08-29,1.0187589914577055,1.0915274908475419,naive,JUNIN
2022-09-05,0.8732219926780332,1.0915274908475419,naive,JUNIN
2022-09-12,0.8732219926780331,1.0915274908475419,naive,JUNIN
2022-09-19,0.9459904920678692,0.8732219926780331,naive,JUNIN
2022-09-26,1.1642959902373777,0.8732219926780331,naive,JUNIN
2022-10-03,0.9459904920678693,0.8732219926780331,naive,JUNIN
2022-10-10,0.7276849938983609,0.8732219926780331,naive,JUNIN
2022-10-17,0.8732219926780331,0.7276849938983609,naive,JUNIN
2022-10-24,0.8732219926780331,0.7276849938983609,naive,JUNIN
2022-10-31,1.1642959902373775,0.7276849938983609,naive,JUNIN
2022-11-07,0.9459904920678692,0.7276849938983609,naive,JUNIN
2022-11-14,0.9459904920678692,0.9459904920678692,naive,JUNIN
2022-11-21,0.5821479951186886,0.9459904920678692,naive,JUNIN
2022-11-28,0.6549164945085248,0.9459904920678692,naive,JUNIN
2022-12-05,0.9459904920678692,0.9459904920678692,naive,JUNIN
2010-12-27,0.9577779551440658,0.5628104502644407,seasonal_naive,JUNIN
2011-01-03,0.8756504697982509,1.199569097128407,seasonal_naive,JUNIN
2011-01-10,0.8744941419230129,1.3568521031207599,seasonal_naive,JUNIN
2011-01-17,0.7923666565771978,1.7559262510974536,seasonal_naive,JUNIN
2011-01-24,0.9508399878926376,1.197222443930082,seasonal_naive,JUNIN
2011-01-31,1.1885499848657968,1.3568521031207599,seasonal_naive,JUNIN
2011-02-07,0.9508399878926374,1.3568521031207599,seasonal_naive,JUNIN
2011-02-14,0.6338933252617582,1.5962965919067762,seasonal_naive,JUNIN
2011-02-21,0.6338933252617582,1.197222443930082,seasonal_naive,JUNIN
2011-02-28,0.8716033222349177,1.4366669327160984,seasonal_naive,JUNIN
2011-03-07,1.5054966474966758,1.4366669327160984,seasonal_naive,JUNIN
2011-03-14,1.8224433101275548,1.7559262510974536,seasonal_naive,JUNIN
2011-03-21,1.6639699788121156,1.7559262510974536,seasonal_naive,JUNIN
2011-03-28,1.1885499848657968,1.277037273525421,seasonal_naive,JUNIN
2011-04-04,1.8224433101275552,1.5962965919067762,seasonal_naive,JUNIN
2011-04-11,2.931756629335632,1.6761114215021151,seasonal_naive,JUNIN
2011-04-18,4.1203066142014295,2.554074547050842,seasonal_naive,JUNIN
2011-04-25,4.358016611174588,2.2348152286694867,seasonal_naive,JUNIN
2011-05-02,4.437253276832308,2.7137042062415198,seasonal_naive,JUNIN
2011-05-09,3.5656499545973905,3.1925931838135515,seasonal_naive,JUNIN
2011-05-16,2.694046632362473,3.511852502194907,seasonal_naive,JUNIN
2011-05-23,2.3770999697315935,2.873333865432197,seasonal_naive,JUNIN
2011-05-30,2.7732832980201927,2.7137042062415198,seasonal_naive,JUNIN
2011-06-06,2.9317566293356325,3.2724080134088904,seasonal_naive,JUNIN
2011-06-13,2.694046632362473,3.591667331790246,seasonal_naive,JUNIN
2011-06-20,1.9016799757852747,3.1925931838135515,seasonal_naive,JUNIN
2011-06-27,1.7432066444698353,2.633889376646181,seasonal_naive,JUNIN
2011-07-04,1.3470233161812362,2.7935190358368587,seasonal_naive,JUNIN
2011-07-11,1.5054966474966758,2.2348152286694867,seasonal_naive,JUNIN
2011-07-18,1.0300766535503572,1.7559262510974536,seasonal_naive,JUNIN
2011-07-25,0.7923666565771977,1.197222443930082,seasonal_naive,JUNIN
2011-08-01,0.7131299909194779,1.3568521031207599,seasonal_naive,JUNIN
2011-08-08,0.8716033222349177,1.197222443930082,seasonal_naive,JUNIN
2011-08-15,1.0300766535503572,0.9577779551440657,seasonal_naive,JUNIN
2011-08-22,0.7131299909194779,0.47888897757203286,seasonal_naive,JUNIN
2011-08-29,1.0300766535503572,0.47888897757203286,seasonal_naive,JUNIN
2011-09-05,1.2677866505235167,0.47888897757203286,seasonal_naive,JUNIN
2011-09-12,1.505496647496676,0.7183334663580492,seasonal_naive,JUNIN
2011-09-19,1.109313319208077,1.4366669327160984,seasonal_naive,JUNIN
2011-09-26,0.713129990919478,1.4366669327160984,seasonal_naive,JUNIN
2011-10-03,0.8716033222349177,1.7559262510974536,seasonal_naive,JUNIN
2011-10-10,0.9508399878926376,1.197222443930082,seasonal_naive,JUNIN
2011-10-17,1.0300766535503574,1.6761114215021151,seasonal_naive,JUNIN
2011-10-24,0.9508399878926376,1.4366669327160988,seasonal_naive,JUNIN
2011-10-31,0.713129990919478,1.3568521031207599,seasonal_naive,JUNIN
2011-11-07,1.0300766535503572,1.4366669327160988,seasonal_naive,JUNIN
2011-11-14,0.8716033222349178,1.4366669327160988,seasonal_naive,JUNIN
2011-11-21,1.1093133192080769,1.5962965919067766,seasonal_naive,JUNIN
2011-11-28,0.9508399878926372,0.7981482959533881,seasonal_naive,JUNIN
2011-12-05,1.0300766535503572,1.1174076143347436,seasonal_naive,JUNIN
2011-12-12,0.7131299909194779,1.0375927847394046,seasonal_naive,JUNIN
2011-12-19,0.39618332828859887,1.197222443930082,seasonal_naive,JUNIN
2011-12-26,0.316946662630879,0.9577779551440659,seasonal_naive,JUNIN
2012-01-02,0.3950436323870726,0.875650469798251,seasonal_naive,JUNIN
2012-01-09,0.31580696672935277,0.874494141923013,seasonal_naive,JUNIN
2012-01-16,0.23600045312086984,0.7923666565771978,seasonal_naive,JUNIN
2012-01-23,0.3933340885347832,0.9508399878926375,seasonal_naive,JUNIN
2012-01-30,0.5506677239486965,1.1885499848657965,seasonal_naive,JUNIN
2012-02-06,0.5506677239486965,0.9508399878926375,seasonal_naive,JUNIN
2012-02-13,0.47200090624173985,0.6338933252617582,seasonal_naive,JUNIN
2012-02-20,0.5506677239486965,0.6338933252617582,seasonal_naive,JUNIN
2012-02-27,0.6293345416556532,0.8716033222349175,seasonal_naive,JUNIN
2012-03-05,0.5506677239486965,1.5054966474966758,seasonal_naive,JUNIN
2012-03-12,0.31466727082782653,1.8224433101275541,seasonal_naive,JUNIN
2012-03-19,0.3933340885347832,1.6639699788121156,seasonal_naive,JUNIN
2012-03-26,0.3146672708278266,1.1885499848657965,seasonal_naive,JUNIN
2012-04-02,0.47200090624173985,1.8224433101275554,seasonal_naive,JUNIN
2012-04-09,0.9440018124834797,2.931756629335632,seasonal_naive,JUNIN
2012-04-16,1.2586690833113063,4.1203066142014295,seasonal_naive,JUNIN
2012-04-23,1.65200317184609,4.358016611174588,seasonal_naive,JUNIN
2012-04-30,1.88800362496696,4.437253276832307,seasonal_naive,JUNIN
2012-05-07,2.8320054374504395,3.565649954597389,seasonal_naive,JUNIN
2012-05-14,3.618673614520007,2.6940466323624737,seasonal_naive,JUNIN
2012-05-21,3.933340885347833,2.377099969731594,seasonal_naive,JUNIN
2012-05-28,3.6973404322269636,2.7732832980201927,seasonal_naive,JUNIN
2012-06-04,3.5400067968130497,2.931756629335632,seasonal_naive,JUNIN
2012-06-11,3.5400067968130497,2.6940466323624737,seasonal_naive,JUNIN
2012-06-18,3.6973404322269636,1.901679975785274,seasonal_naive,JUNIN
2012-06-25,2.9893390728643525,1.7432066444698355,seasonal_naive,JUNIN
2012-07-02,2.4386713489156566,1.3470233161812364,seasonal_naive,JUNIN
2012-07-09,1.9666704426739166,1.5054966474966758,seasonal_naive,JUNIN
2012-07-16,2.4386713489156566,1.0300766535503572,seasonal_naive,JUNIN
2012-07-23,2.5173381666226136,0.7923666565771976,seasonal_naive,JUNIN
2012-07-30,2.59600498432957,0.7131299909194779,seasonal_naive,JUNIN
2012-08-06,1.8093368072600031,0.8716033222349175,seasonal_naive,JUNIN
2012-08-13,1.7306699895530464,1.0300766535503572,seasonal_naive,JUNIN
2012-08-20,1.4946695364321763,0.7131299909194779,seasonal_naive,JUNIN
2012-08-27,1.65200317184609,1.0300766535503572,seasonal_naive,JUNIN
2012-09-03,1.3373359010182633,1.267786650523517,seasonal_naive,JUNIN
2012-09-10,1.2586690833113068,1.5054966474966758,seasonal_naive,JUNIN
2012-09-17,1.4946695364321767,1.109313319208077,seasonal_naive,JUNIN
2012-09-24,1.5733363541391334,0.7131299909194782,seasonal_naive,JUNIN
2012-10-01,1.3373359010182633,0.8716033222349175,seasonal_naive,JUNIN
2012-10-08,0.94400181248348,0.9508399878926375,seasonal_naive,JUNIN
2012-10-15,0.8653349947765232,1.0300766535503576,seasonal_naive,JUNIN
2012-10-22,0.8653349947765232,0.9508399878926375,seasonal_naive,JUNIN
2012-10-29,1.0226686301904366,0.7131299909194782,seasonal_naive,JUNIN
2012-11-05,0.7866681770695666,1.0300766535503572,seasonal_naive,JUNIN
2012-11-12,0.7080013593626099,0.8716033222349178,seasonal_naive,JUNIN
2012-11-19,1.0226686301904364,1.1093133192080766,seasonal_naive,JUNIN
2012-11-26,1.0226686301904366,0.9508399878926372,seasonal_naive,JUNIN
2012-12-03,1.3373359010182633,1.0300766535503572,seasonal_naive,JUNIN
2012-12-10,1.0226686301904364,0.7131299909194779,seasonal_naive,JUNIN
2012-12-17,1.65200317184609,0.3961833282885988,seasonal_naive,JUNIN
2012-12-24,1.88800362496696,0.316946662630879,seasonal_naive,JUNIN
2012-12-31,2.12400407808783,0.39504363238707263,seasonal_naive,JUNIN
2013-01-07,1.9621767618615173,0.3158069667293527,seasonal_naive,JUNIN
2013-01-14,1.644139230424391,0.23600045312086984,seasonal_naive,JUNIN
2013-01-21,1.6402072597135415,0.3933340885347832,seasonal_naive,JUNIN
2013-01-28,1.5621021521081346,0.5506677239486966,seasonal_naive,JUNIN
2013-02-04,1.8745225825297618,0.5506677239486966,seasonal_naive,JUNIN
2013-02-11,1.6402072597135415,0.4720009062417399,seasonal_naive,JUNIN
2013-02-18,1.3277868292919146,0.5506677239486966,seasonal_naive,JUNIN
2013-02-25,0.7810510760540673,0.6293345416556533,seasonal_naive,JUNIN
2013-03-04,0.7029459684486606,0.5506677239486966,seasonal_naive,JUNIN
2013-03-11,1.249681721686508,0.31466727082782653,seasonal_naive,JUNIN
2013-03-18,1.7183123673189484,0.3933340885347832,seasonal_naive,JUNIN
2013-03-25,2.108837905345982,0.31466727082782653,seasonal_naive,JUNIN
2013-04-01,2.499363443373016,0.4720009062417399,seasonal_naive,JUNIN
2013-04-08,3.2023094118216764,0.9440018124834797,seasonal_naive,JUNIN
2013-04-15,3.436624734637897,1.2586690833113061,seasonal_naive,JUNIN
2013-04-22,3.1242043042162693,1.65200317184609,seasonal_naive,JUNIN
2013-04-29,2.967994089005456,1.8880036249669607,seasonal_naive,JUNIN
2013-05-06,3.59283494984871,2.8320054374504395,seasonal_naive,JUNIN
2013-05-13,4.373886025902777,3.6186736145200076,seasonal_naive,JUNIN
2013-05-20,3.983360487875743,3.9333408853478327,seasonal_naive,JUNIN
2013-05-27,3.983360487875744,3.697340432226964,seasonal_naive,JUNIN
2013-06-03,3.8271502726649302,3.5400067968130493,seasonal_naive,JUNIN
2013-06-10,4.139570703086557,3.5400067968130493,seasonal_naive,JUNIN
2013-06-17,4.061465595481151,3.697340432226964,seasonal_naive,JUNIN
2013-06-24,4.373886025902777,2.9893390728643525,seasonal_naive,JUNIN
2013-07-01,4.373886025902778,2.438671348915657,seasonal_naive,JUNIN
2013-07-08,3.8271502726649302,1.9666704426739168,seasonal_naive,JUNIN
2013-07-15,3.1242043042162693,2.438671348915657,seasonal_naive,JUNIN
2013-07-22,2.655573658583829,2.517338166622613,seasonal_naive,JUNIN
2013-07-29,2.889888981400049,2.5960049843295705,seasonal_naive,JUNIN
2013-08-05,2.811783873794642,1.809336807260003,seasonal_naive,JUNIN
2013-08-12,2.499363443373016,1.7306699895530464,seasonal_naive,JUNIN
2013-08-19,1.796417474924355,1.494669536432176,seasonal_naive,JUNIN
2013-08-26,1.0934715064756941,1.65200317184609,seasonal_naive,JUNIN
2013-09-02,1.483997044502728,1.3373359010182635,seasonal_naive,JUNIN
2013-09-09,1.405891936897321,1.258669083311307,seasonal_naive,JUNIN
2013-09-16,1.8745225825297618,1.494669536432177,seasonal_naive,JUNIN
2013-09-23,1.3277868292919144,1.5733363541391334,seasonal_naive,JUNIN
2013-09-30,1.483997044502728,1.3373359010182635,seasonal_naive,JUNIN
2013-10-07,1.3277868292919144,0.9440018124834799,seasonal_naive,JUNIN
2013-10-14,1.8745225825297618,0.8653349947765232,seasonal_naive,JUNIN
2013-10-21,2.1869430129513887,0.8653349947765232,seasonal_naive,JUNIN
2013-10-28,2.030732797740575,1.0226686301904366,seasonal_naive,JUNIN
2013-11-04,1.6402072597135415,0.7866681770695665,seasonal_naive,JUNIN
2013-11-11,1.0153663988702875,0.70800135936261,seasonal_naive,JUNIN
2013-11-18,1.483997044502728,1.0226686301904366,seasonal_naive,JUNIN
2013-11-25,1.7183123673189478,1.0226686301904366,seasonal_naive,JUNIN
2013-12-02,2.030732797740575,1.3373359010182635,seasonal_naive,JUNIN
2013-12-09,1.405891936897321,1.0226686301904366,seasonal_naive,JUNIN
2013-12-16,1.0934715064756941,1.65200317184609,seasonal_naive,JUNIN
2013-12-23,1.2496817216865075,1.8880036249669607,seasonal_naive,JUNIN
2013-12-30,1.483997044502728,2.1240040780878306,seasonal_naive,JUNIN
2014-01-06,1.636884787684478,1.9621767618615173,seasonal_naive,JUNIN
2014-01-13,1.2446980136429129,1.6441392304243907,seasonal_naive,JUNIN
2014-01-20,1.1632704340084434,1.6402072597135415,seasonal_naive,JUNIN
2014-01-27,1.3183731585429026,1.5621021521081349,seasonal_naive,JUNIN
2014-02-03,1.4734758830773618,1.874522582529762,seasonal_naive,JUNIN
2014-02-10,1.240821796275673,1.6402072597135415,seasonal_naive,JUNIN
2014-02-17,0.9306163472067546,1.3277868292919144,seasonal_naive,JUNIN
2014-02-24,0.9306163472067546,0.7810510760540674,seasonal_naive,JUNIN
2014-03-03,1.008167709473984,0.7029459684486608,seasonal_naive,JUNIN
2014-03-10,0.7755136226722955,1.2496817216865082,seasonal_naive,JUNIN
2014-03-17,0.6204108981378363,1.7183123673189487,seasonal_naive,JUNIN
2014-03-24,0.6979622604050659,2.1088379053459816,seasonal_naive,JUNIN
2014-03-31,0.8530649849395252,2.499363443373016,seasonal_naive,JUNIN
2014-04-07,1.3183731585429026,3.202309411821677,seasonal_naive,JUNIN
2014-04-14,1.240821796275673,3.4366247346378973,seasonal_naive,JUNIN
2014-04-21,1.4734758830773618,3.124204304216269,seasonal_naive,JUNIN
2014-04-28,1.0081677094739843,2.967994089005456,seasonal_naive,JUNIN
2014-05-05,1.1632704340084434,3.5928349498487098,seasonal_naive,JUNIN
2014-05-12,1.6285786076118207,4.373886025902777,seasonal_naive,JUNIN
2014-05-19,2.714297679353035,3.9833604878757427,seasonal_naive,JUNIN
2014-05-26,3.877568113361479,3.9833604878757454,seasonal_naive,JUNIN
2014-06-02,4.420427649232086,3.8271502726649302,seasonal_naive,JUNIN
2014-06-09,4.963287185102693,4.139570703086557,seasonal_naive,JUNIN
2014-06-16,4.342876286964857,4.061465595481151,seasonal_naive,JUNIN
2014-06-23,4.9632871851026925,4.373886025902777,seasonal_naive,JUNIN
2014-06-30,4.963287185102693,4.373886025902777,seasonal_naive,JUNIN
2014-07-07,4.885735822835463,3.8271502726649302,seasonal_naive,JUNIN
2014-07-14,3.56736266429256,3.124204304216269,seasonal_naive,JUNIN
2014-07-21,2.714297679353035,2.6555736585838297,seasonal_naive,JUNIN
2014-07-28,2.7142976793530345,2.8898889814000492,seasonal_naive,JUNIN
2014-08-04,3.2571572152236414,2.8117838737946417,seasonal_naive,JUNIN
2014-08-11,2.559194954818576,2.499363443373016,seasonal_naive,JUNIN
2014-08-18,1.938784056680739,1.7964174749243549,seasonal_naive,JUNIN
2014-08-25,1.0857190717412137,1.093471506475694,seasonal_naive,JUNIN
2014-09-01,1.0857190717412137,1.4839970445027282,seasonal_naive,JUNIN
2014-09-08,1.0857190717412137,1.405891936897321,seasonal_naive,JUNIN
2014-09-15,0.8530649849395249,1.874522582529762,seasonal_naive,JUNIN
2014-09-22,0.6204108981378361,1.3277868292919144,seasonal_naive,JUNIN
2014-09-29,0.6204108981378361,1.4839970445027282,seasonal_naive,JUNIN
2014-10-06,0.6979622604050656,1.3277868292919144,seasonal_naive,JUNIN
2014-10-13,1.008167709473984,1.874522582529762,seasonal_naive,JUNIN
2014-10-20,1.2408217962756727,2.1869430129513887,seasonal_naive,JUNIN
2014-10-27,1.1632704340084432,2.030732797740575,seasonal_naive,JUNIN
2014-11-03,1.008167709473984,1.6402072597135415,seasonal_naive,JUNIN
2014-11-10,1.1632704340084432,1.0153663988702877,seasonal_naive,JUNIN
2014-11-17,1.6285786076118207,1.4839970445027282,seasonal_naive,JUNIN
2014-11-24,1.8612326944135094,1.7183123673189478,seasonal_naive,JUNIN
2014-12-01,1.395924520810132,2.030732797740575,seasonal_naive,JUNIN
2014-12-08,0.9306163472067546,1.405891936897321,seasonal_naive,JUNIN
2014-12-15,0.6204108981378362,1.093471506475694,seasonal_naive,JUNIN
2014-12-22,0.9306163472067546,1.2496817216865077,seasonal_naive,JUNIN
2014-12-29,1.1632704340084434,1.4839970445027282,seasonal_naive,JUNIN
2015-01-05,1.2391839499156874,1.6368847876844783,seasonal_naive,JUNIN
2015-01-12,0.9273406544867832,1.2446980136429127,seasonal_naive,JUNIN
2015-01-19,0.6930487213251092,1.1632704340084432,seasonal_naive,JUNIN
2015-01-26,0.8470595482862442,1.3183731585429026,seasonal_naive,JUNIN
2015-02-02,0.6930487213251088,1.4734758830773615,seasonal_naive,JUNIN
2015-02-09,0.7700541348056765,1.240821796275673,seasonal_naive,JUNIN
2015-02-16,0.6160433078445412,0.9306163472067546,seasonal_naive,JUNIN
2015-02-23,0.6930487213251088,0.9306163472067546,seasonal_naive,JUNIN
2015-03-02,0.5390378943639734,1.0081677094739838,seasonal_naive,JUNIN
2015-03-09,0.46203248088340615,0.7755136226722954,seasonal_naive,JUNIN
2015-03-16,0.6930487213251088,0.6204108981378365,seasonal_naive,JUNIN
2015-03-23,0.5390378943639734,0.6979622604050659,seasonal_naive,JUNIN
2015-03-30,0.6160433078445412,0.8530649849395251,seasonal_naive,JUNIN
2015-04-06,0.8470595482862442,1.3183731585429026,seasonal_naive,JUNIN
2015-04-13,2.0791461639753273,1.240821796275673,seasonal_naive,JUNIN
2015-04-20,2.4641732313781657,1.4734758830773615,seasonal_naive,JUNIN
2015-04-27,3.003211125742139,1.0081677094739843,seasonal_naive,JUNIN
2015-05-04,2.618184058339301,1.1632704340084432,seasonal_naive,JUNIN
2015-05-11,3.5422490201061136,1.628578607611821,seasonal_naive,JUNIN
2015-05-18,4.081286914470087,2.714297679353035,seasonal_naive,JUNIN
2015-05-25,5.082357289717467,3.8775681133614786,seasonal_naive,JUNIN
2015-06-01,4.774335635795196,4.420427649232086,seasonal_naive,JUNIN
2015-06-08,3.696259847067249,4.963287185102694,seasonal_naive,JUNIN
2015-06-15,2.541178644858733,4.342876286964857,seasonal_naive,JUNIN
2015-06-22,1.8481299235336237,4.9632871851026925,seasonal_naive,JUNIN
2015-06-29,1.8481299235336237,4.963287185102694,seasonal_naive,JUNIN
2015-07-06,1.6171136830919206,4.885735822835463,seasonal_naive,JUNIN
2015-07-13,1.6171136830919206,3.5673626642925598,seasonal_naive,JUNIN
2015-07-20,1.30909202916965,2.714297679353035,seasonal_naive,JUNIN
2015-07-27,1.0780757887279468,2.714297679353034,seasonal_naive,JUNIN
2015-08-03,0.7700541348056761,3.257157215223641,seasonal_naive,JUNIN
2015-08-10,0.7700541348056761,2.5591949548185764,seasonal_naive,JUNIN
2015-08-17,0.6160433078445408,1.9387840566807397,seasonal_naive,JUNIN
2015-08-24,0.5390378943639731,1.085719071741214,seasonal_naive,JUNIN
2015-08-31,0.3850270674028377,1.085719071741214,seasonal_naive,JUNIN
2015-09-07,0.46203248088340615,1.085719071741214,seasonal_naive,JUNIN
2015-09-14,0.46203248088340615,0.8530649849395249,seasonal_naive,JUNIN
2015-09-21,0.46203248088340615,0.6204108981378362,seasonal_naive,JUNIN
2015-09-28,0.5390378943639731,0.6204108981378362,seasonal_naive,JUNIN
2015-10-05,0.5390378943639731,0.6979622604050657,seasonal_naive,JUNIN
2015-10-12,0.5390378943639731,1.0081677094739838,seasonal_naive,JUNIN
2015-10-19,0.3850270674028377,1.240821796275673,seasonal_naive,JUNIN
2015-10-26,0.30802165392227,1.1632704340084432,seasonal_naive,JUNIN
2015-11-02,0.5390378943639731,1.0081677094739838,seasonal_naive,JUNIN
2015-11-09,0.6930487213251085,1.1632704340084432,seasonal_naive,JUNIN
2015-11-16,1.2320866156890824,1.628578607611821,seasonal_naive,JUNIN
2015-11-23,1.001070375247379,1.8612326944135091,seasonal_naive,JUNIN
2015-11-30,1.1550812022085146,1.3959245208101319,seasonal_naive,JUNIN
2015-12-07,0.6160433078445408,0.9306163472067546,seasonal_naive,JUNIN
2015-12-14,0.539037894363973,0.6204108981378362,seasonal_naive,JUNIN
2015-12-21,0.23101624044170307,0.9306163472067546,seasonal_naive,JUNIN
2015-12-28,0.15401082696113455,1.1632704340084432,seasonal_naive,JUNIN
2016-01-04,0.22993960895493815,1.2391839499156871,seasonal_naive,JUNIN
2016-01-11,0.38233548868592737,0.9273406544867833,seasonal_naive,JUNIN
2016-01-18,0.8411380751090413,0.6930487213251093,seasonal_naive,JUNIN
2016-01-25,0.8411380751090412,0.8470595482862442,seasonal_naive,JUNIN
2016-02-01,0.8411380751090413,0.6930487213251089,seasonal_naive,JUNIN
2016-02-08,0.7646709773718556,0.7700541348056766,seasonal_naive,JUNIN
2016-02-15,0.9176051728462268,0.6160433078445413,seasonal_naive,JUNIN
2016-02-22,1.0705393683205982,0.6930487213251089,seasonal_naive,JUNIN
2016-02-29,0.8411380751090413,0.5390378943639735,seasonal_naive,JUNIN
2016-03-07,0.5352696841602987,0.46203248088340615,seasonal_naive,JUNIN
2016-03-14,0.4588025864231131,0.6930487213251089,seasonal_naive,JUNIN
2016-03-21,0.5352696841602987,0.5390378943639735,seasonal_naive,JUNIN
2016-03-28,0.7646709773718557,0.6160433078445413,seasonal_naive,JUNIN
2016-04-04,0.4588025864231131,0.8470595482862442,seasonal_naive,JUNIN
2016-04-11,0.5352696841602987,2.0791461639753273,seasonal_naive,JUNIN
2016-04-18,0.5352696841602987,2.464173231378166,seasonal_naive,JUNIN
2016-04-25,0.6117367818974845,3.0032111257421388,seasonal_naive,JUNIN
2016-05-02,0.4588025864231131,2.6181840583393012,seasonal_naive,JUNIN
2016-05-09,0.38233548868592754,3.542249020106114,seasonal_naive,JUNIN
2016-05-16,0.3823354886859274,4.081286914470087,seasonal_naive,JUNIN
2016-05-23,0.30586839094874185,5.082357289717468,seasonal_naive,JUNIN
2016-05-30,0.6117367818974844,4.774335635795196,seasonal_naive,JUNIN
2016-06-06,1.147006466057784,3.6962598470672496,seasonal_naive,JUNIN
2016-06-13,1.6822761502180834,2.5411786448587335,seasonal_naive,JUNIN
2016-06-20,1.6822761502180834,1.848129923533624,seasonal_naive,JUNIN
2016-06-27,1.4528748570065264,1.848129923533624,seasonal_naive,JUNIN
2016-07-04,1.4528748570065264,1.6171136830919206,seasonal_naive,JUNIN
2016-07-11,1.376407759269341,1.6171136830919206,seasonal_naive,JUNIN
2016-07-18,1.6058090524808977,1.30909202916965,seasonal_naive,JUNIN
2016-07-25,1.91167744342964,1.0780757887279466,seasonal_naive,JUNIN
2016-08-01,1.988144541166826,0.7700541348056762,seasonal_naive,JUNIN
2016-08-08,1.8352103456924542,0.7700541348056762,seasonal_naive,JUNIN
2016-08-15,1.1470064660577837,0.6160433078445409,seasonal_naive,JUNIN
2016-08-22,0.9940722705834125,0.5390378943639731,seasonal_naive,JUNIN
2016-08-29,0.9940722705834125,0.3850270674028377,seasonal_naive,JUNIN
2016-09-05,1.1470064660577837,0.46203248088340615,seasonal_naive,JUNIN
2016-09-12,1.1470064660577837,0.46203248088340615,seasonal_naive,JUNIN
2016-09-19,1.1470064660577837,0.46203248088340615,seasonal_naive,JUNIN
2016-09-26,0.9940722705834125,0.5390378943639731,seasonal_naive,JUNIN
2016-10-03,1.0705393683205982,0.5390378943639731,seasonal_naive,JUNIN
2016-10-10,0.9176051728462268,0.5390378943639731,seasonal_naive,JUNIN
2016-10-17,0.8411380751090413,0.3850270674028377,seasonal_naive,JUNIN
2016-10-24,0.7646709773718556,0.30802165392227,seasonal_naive,JUNIN
2016-10-31,0.9176051728462268,0.5390378943639731,seasonal_naive,JUNIN
2016-11-07,1.1470064660577837,0.6930487213251084,seasonal_naive,JUNIN
2016-11-14,0.9176051728462268,1.2320866156890826,seasonal_naive,JUNIN
2016-11-21,1.2234735637949694,1.0010703752473789,seasonal_naive,JUNIN
2016-11-28,0.9940722705834125,1.1550812022085144,seasonal_naive,JUNIN
2016-12-05,1.1470064660577837,0.6160433078445409,seasonal_naive,JUNIN
2016-12-12,0.5352696841602986,0.5390378943639731,seasonal_naive,JUNIN
2016-12-19,0.5352696841602986,0.23101624044170307,seasonal_naive,JUNIN
2016-12-26,0.8411380751090412,0.15401082696113455,seasonal_naive,JUNIN
2017-01-02,0.9160126478422855,0.22993960895493817,seasonal_naive,JUNIN
2017-01-09,1.3705685009215565,0.38233548868592737,seasonal_naive,JUNIN
2017-01-16,0.8352988167612571,0.8411380751090414,seasonal_naive,JUNIN
2017-01-23,1.2149800971072833,0.8411380751090412,seasonal_naive,JUNIN
2017-01-30,0.7593625606920518,0.8411380751090414,seasonal_naive,JUNIN
2017-02-06,1.139043841038078,0.7646709773718556,seasonal_naive,JUNIN
2017-02-13,0.6834263046228465,0.9176051728462269,seasonal_naive,JUNIN
2017-02-20,0.7593625606920518,1.0705393683205982,seasonal_naive,JUNIN
2017-02-27,0.8352988167612571,0.8411380751090414,seasonal_naive,JUNIN
2017-03-06,0.9112350728304625,0.5352696841602986,seasonal_naive,JUNIN
2017-03-13,0.9871713288996675,0.4588025864231131,seasonal_naive,JUNIN
2017-03-20,0.9112350728304625,0.5352696841602986,seasonal_naive,JUNIN
2017-03-27,1.2149800971072835,0.7646709773718559,seasonal_naive,JUNIN
2017-04-03,1.7465338895917204,0.4588025864231131,seasonal_naive,JUNIN
2017-04-10,2.733705218491389,0.5352696841602986,seasonal_naive,JUNIN
2017-04-17,3.1133864988374156,0.5352696841602986,seasonal_naive,JUNIN
2017-04-24,4.100557827737084,0.6117367818974846,seasonal_naive,JUNIN
2017-05-01,3.7208765473910574,0.4588025864231131,seasonal_naive,JUNIN
2017-05-08,4.176494083806289,0.38233548868592754,seasonal_naive,JUNIN
2017-05-15,3.341195267045031,0.3823354886859275,seasonal_naive,JUNIN
2017-05-22,2.961513986699005,0.30586839094874185,seasonal_naive,JUNIN
2017-05-29,2.1262151699377467,0.6117367818974844,seasonal_naive,JUNIN
2017-06-05,2.1262151699377467,1.1470064660577837,seasonal_naive,JUNIN
2017-06-12,2.202151426006952,1.6822761502180832,seasonal_naive,JUNIN
2017-06-19,2.278087682076157,1.6822761502180832,seasonal_naive,JUNIN
2017-06-26,1.6705976335225152,1.4528748570065266,seasonal_naive,JUNIN
2017-07-03,1.290916353176489,1.4528748570065266,seasonal_naive,JUNIN
2017-07-10,1.1390438410380785,1.3764077592693407,seasonal_naive,JUNIN
2017-07-17,1.290916353176489,1.6058090524808977,seasonal_naive,JUNIN
2017-07-24,1.59466137745331,1.9116774434296402,seasonal_naive,JUNIN
2017-07-31,1.7465338895917206,1.9881445411668262,seasonal_naive,JUNIN
2017-08-07,1.4427888653148992,1.8352103456924542,seasonal_naive,JUNIN
2017-08-14,0.987171328899668,1.1470064660577837,seasonal_naive,JUNIN
2017-08-21,0.7593625606920521,0.9940722705834124,seasonal_naive,JUNIN
2017-08-28,0.8352988167612573,0.9940722705834124,seasonal_naive,JUNIN
2017-09-04,1.0631075849688731,1.1470064660577837,seasonal_naive,JUNIN
2017-09-11,0.9112350728304627,1.1470064660577837,seasonal_naive,JUNIN
2017-09-18,0.8352988167612573,1.1470064660577837,seasonal_naive,JUNIN
2017-09-25,0.6074900485536415,0.9940722705834124,seasonal_naive,JUNIN
2017-10-02,0.7593625606920521,1.0705393683205982,seasonal_naive,JUNIN
2017-10-09,0.8352988167612573,0.9176051728462269,seasonal_naive,JUNIN
2017-10-16,0.9871713288996679,0.8411380751090414,seasonal_naive,JUNIN
2017-10-23,0.6834263046228468,0.7646709773718556,seasonal_naive,JUNIN
2017-10-30,0.5315537924844363,0.9176051728462269,seasonal_naive,JUNIN
2017-11-06,0.2278087682076152,1.1470064660577837,seasonal_naive,JUNIN
2017-11-13,0.7593625606920521,0.9176051728462269,seasonal_naive,JUNIN
2017-11-20,0.9112350728304626,1.2234735637949692,seasonal_naive,JUNIN
2017-11-27,1.290916353176489,0.9940722705834124,seasonal_naive,JUNIN
2017-12-04,1.290916353176489,1.1470064660577837,seasonal_naive,JUNIN
2017-12-11,1.290916353176489,0.5352696841602986,seasonal_naive,JUNIN
2017-12-18,1.2149800971072835,0.5352696841602986,seasonal_naive,JUNIN
2017-12-25,0.9112350728304631,0.8411380751090412,seasonal_naive,JUNIN
2018-01-01,1.2097368809235052,0.9160126478422856,seasonal_naive,JUNIN
2018-01-08,1.0565535647391502,1.3705685009215562,seasonal_naive,JUNIN
2018-01-15,1.27977451878596,0.8352988167612572,seasonal_naive,JUNIN
2018-01-22,0.978651102601028,1.2149800971072833,seasonal_naive,JUNIN
2018-01-29,0.978651102601028,0.7593625606920518,seasonal_naive,JUNIN
2018-02-05,0.752808540462329,1.1390438410380783,seasonal_naive,JUNIN
2018-02-12,0.6775276864160961,0.6834263046228466,seasonal_naive,JUNIN
2018-02-19,0.828089394508562,0.7593625606920518,seasonal_naive,JUNIN
2018-02-26,0.9033702485547951,0.8352988167612572,seasonal_naive,JUNIN
2018-03-05,1.355055372832193,0.9112350728304623,seasonal_naive,JUNIN
2018-03-12,1.204493664739727,0.9871713288996675,seasonal_naive,JUNIN
2018-03-19,1.2044936647397269,0.9112350728304623,seasonal_naive,JUNIN
2018-03-26,0.5269659783236301,1.2149800971072833,seasonal_naive,JUNIN
2018-04-02,0.7528085404623291,1.7465338895917202,seasonal_naive,JUNIN
2018-04-09,0.6022468323698632,2.733705218491389,seasonal_naive,JUNIN
2018-04-16,1.355055372832193,3.113386498837416,seasonal_naive,JUNIN
2018-04-23,1.7314596430633582,4.100557827737084,seasonal_naive,JUNIN
2018-04-30,2.107863913294523,3.7208765473910566,seasonal_naive,JUNIN
2018-05-07,2.258425621386989,4.176494083806289,seasonal_naive,JUNIN
2018-05-14,3.0112341618493184,3.3411952670450304,seasonal_naive,JUNIN
2018-05-21,3.914604410404115,2.961513986699005,seasonal_naive,JUNIN
2018-05-28,4.742693804912678,2.1262151699377467,seasonal_naive,JUNIN
2018-06-04,5.420221491328775,2.1262151699377467,seasonal_naive,JUNIN
2018-06-11,5.871906615606171,2.202151426006952,seasonal_naive,JUNIN
2018-06-18,6.498968073940831,2.278087682076157,seasonal_naive,JUNIN
2018-06-25,6.674344407998092,1.6705976335225152,seasonal_naive,JUNIN
2018-07-02,6.222659283720695,1.2909163531764887,seasonal_naive,JUNIN
2018-07-09,5.9720020956172,1.1390438410380788,seasonal_naive,JUNIN
2018-07-16,4.742693804912677,1.2909163531764887,seasonal_naive,JUNIN
2018-07-23,3.8393235563578814,1.5946613774533103,seasonal_naive,JUNIN
2018-07-30,3.0865150158955514,1.7465338895917202,seasonal_naive,JUNIN
2018-08-06,2.4089873294794546,1.442788865314899,seasonal_naive,JUNIN
2018-08-13,2.03258305924829,0.987171328899668,seasonal_naive,JUNIN
2018-08-20,1.580897934970892,0.759362560692052,seasonal_naive,JUNIN
2018-08-27,1.731459643063358,0.8352988167612574,seasonal_naive,JUNIN
2018-09-03,2.258425621386989,1.063107584968873,seasonal_naive,JUNIN
2018-09-10,2.03258305924829,0.9112350728304628,seasonal_naive,JUNIN
2018-09-17,2.03258305924829,0.8352988167612574,seasonal_naive,JUNIN
2018-09-24,1.806740497109591,0.6074900485536414,seasonal_naive,JUNIN
2018-10-01,1.580897934970892,0.759362560692052,seasonal_naive,JUNIN
2018-10-08,1.355055372832193,0.8352988167612574,seasonal_naive,JUNIN
2018-10-15,1.1292128106934942,0.9871713288996677,seasonal_naive,JUNIN
2018-10-22,1.2044936647397273,0.6834263046228468,seasonal_naive,JUNIN
2018-10-29,1.1292128106934942,0.5315537924844365,seasonal_naive,JUNIN
2018-11-05,1.430336226878426,0.2278087682076152,seasonal_naive,JUNIN
2018-11-12,1.6561787890171251,0.759362560692052,seasonal_naive,JUNIN
2018-11-19,1.806740497109591,0.9112350728304626,seasonal_naive,JUNIN
2018-11-26,1.355055372832193,1.2909163531764887,seasonal_naive,JUNIN
2018-12-03,1.2797745187859602,1.2909163531764887,seasonal_naive,JUNIN
2018-12-10,1.1292128106934942,1.2909163531764887,seasonal_naive,JUNIN
2018-12-17,1.204493664739727,1.2149800971072833,seasonal_naive,JUNIN
2018-12-24,1.204493664739727,0.9112350728304632,seasonal_naive,JUNIN
2018-12-31,1.430336226878426,1.2097368809235052,seasonal_naive,JUNIN
2019-01-07,1.7269503456172155,1.0565535647391502,seasonal_naive,JUNIN
2019-01-14,1.422606002685039,1.2797745187859602,seasonal_naive,JUNIN
2019-01-21,0.970276693058192,0.9786511026010281,seasonal_naive,JUNIN
2019-01-28,0.5970933495742718,0.9786511026010281,seasonal_naive,JUNIN
2019-02-04,0.29854667478713565,0.752808540462329,seasonal_naive,JUNIN
2019-02-11,0.5970933495742718,0.6775276864160962,seasonal_naive,JUNIN
2019-02-18,0.6717300182710558,0.8280893945085619,seasonal_naive,JUNIN
2019-02-25,1.0449133617549762,0.903370248554795,seasonal_naive,JUNIN
2019-03-04,1.1195500304517603,1.3550553728321932,seasonal_naive,JUNIN
2019-03-11,1.0449133617549762,1.204493664739727,seasonal_naive,JUNIN
2019-03-18,0.6717300182710559,1.204493664739727,seasonal_naive,JUNIN
2019-03-25,0.970276693058192,0.5269659783236302,seasonal_naive,JUNIN
2019-04-01,1.5673700426324644,0.7528085404623293,seasonal_naive,JUNIN
2019-04-08,2.388373398297089,0.6022468323698633,seasonal_naive,JUNIN
2019-04-15,2.388373398297089,1.3550553728321932,seasonal_naive,JUNIN
2019-04-22,2.4630100669938737,1.7314596430633578,seasonal_naive,JUNIN
2019-04-29,1.9405533861163848,2.107863913294523,seasonal_naive,JUNIN
2019-05-06,2.4630100669938737,2.258425621386989,seasonal_naive,JUNIN
2019-05-13,3.0601034165681456,3.011234161849318,seasonal_naive,JUNIN
2019-05-20,3.433286760052066,3.914604410404114,seasonal_naive,JUNIN
2019-05-27,3.2093767539617137,4.742693804912678,seasonal_naive,JUNIN
2019-06-03,2.9854667478713615,5.420221491328775,seasonal_naive,JUNIN
2019-06-10,3.2093767539617137,5.8719066156061706,seasonal_naive,JUNIN
2019-06-17,2.985466747871362,6.498968073940831,seasonal_naive,JUNIN
2019-06-24,2.5376467356906574,6.674344407998093,seasonal_naive,JUNIN
2019-07-01,2.388373398297089,6.222659283720696,seasonal_naive,JUNIN
2019-07-08,2.8361934104777933,5.972002095617201,seasonal_naive,JUNIN
2019-07-15,2.8361934104777937,4.742693804912676,seasonal_naive,JUNIN
2019-07-22,2.9108300791745774,3.839323556357882,seasonal_naive,JUNIN
2019-07-29,2.015190054813169,3.086515015895552,seasonal_naive,JUNIN
2019-08-05,1.6420067113292485,2.408987329479455,seasonal_naive,JUNIN
2019-08-12,1.3434600365421125,2.0325830592482905,seasonal_naive,JUNIN
2019-08-19,1.1941866991485444,1.580897934970892,seasonal_naive,JUNIN
2019-08-26,0.9702766930581922,1.7314596430633578,seasonal_naive,JUNIN
2019-09-02,0.7463666869678399,2.258425621386989,seasonal_naive,JUNIN
2019-09-09,0.7463666869678399,2.0325830592482905,seasonal_naive,JUNIN
2019-09-16,0.970276693058192,2.0325830592482905,seasonal_naive,JUNIN
2019-09-23,0.821003355664624,1.8067404971095908,seasonal_naive,JUNIN
2019-09-30,0.6717300182710559,1.580897934970892,seasonal_naive,JUNIN
2019-10-07,0.5224566808774878,1.3550553728321932,seasonal_naive,JUNIN
2019-10-14,0.74636668696784,1.129212810693494,seasonal_naive,JUNIN
2019-10-21,0.8956400243614081,1.204493664739727,seasonal_naive,JUNIN
2019-10-28,1.0449133617549762,1.129212810693494,seasonal_naive,JUNIN
2019-11-04,0.8956400243614082,1.4303362268784263,seasonal_naive,JUNIN
2019-11-11,0.74636668696784,1.6561787890171251,seasonal_naive,JUNIN
2019-11-18,0.5224566808774879,1.8067404971095908,seasonal_naive,JUNIN
2019-11-25,0.22391000609035164,1.3550553728321932,seasonal_naive,JUNIN
2019-12-02,0.1492733373935676,1.2797745187859602,seasonal_naive,JUNIN
2019-12-09,0.1492733373935676,1.129212810693494,seasonal_naive,JUNIN
2019-12-16,0.37318334348391974,1.204493664739727,seasonal_naive,JUNIN
2019-12-23,0.74636668696784,1.204493664739727,seasonal_naive,JUNIN
2019-12-30,0.9702766930581922,1.4303362268784263,seasonal_naive,JUNIN
2020-01-06,1.3383935649881022,1.7269503456172153,seasonal_naive,JUNIN
2020-01-13,1.2612236605143128,1.422606002685039,seasonal_naive,JUNIN
2020-01-20,1.1100503962879908,0.9702766930581921,seasonal_naive,JUNIN
2020-01-27,0.9620436767829253,0.5970933495742718,seasonal_naive,JUNIN
2020-02-03,0.740033597525327,0.2985466747871356,seasonal_naive,JUNIN
2020-02-10,0.5920268780202615,0.5970933495742718,seasonal_naive,JUNIN
2020-02-17,0.44402015851519594,0.6717300182710557,seasonal_naive,JUNIN
2020-02-24,0.6660302377727941,1.0449133617549764,seasonal_naive,JUNIN
2020-03-02,0.7400335975253269,1.11955003045176,seasonal_naive,JUNIN
2020-03-09,0.6660302377727942,1.0449133617549764,seasonal_naive,JUNIN
2020-03-16,0.444020158515196,0.6717300182710559,seasonal_naive,JUNIN
2020-03-23,0.444020158515196,0.9702766930581921,seasonal_naive,JUNIN
2020-03-30,0.5920268780202615,1.5673700426324642,seasonal_naive,JUNIN
2020-04-06,0.5920268780202615,2.3883733982970896,seasonal_naive,JUNIN
2020-04-13,0.444020158515196,2.3883733982970896,seasonal_naive,JUNIN
2020-04-20,0.07400335975253217,2.4630100669938733,seasonal_naive,JUNIN
2020-04-27,0.0,1.9405533861163846,seasonal_naive,JUNIN
2020-05-04,0.07400335975253217,2.4630100669938733,seasonal_naive,JUNIN
2020-05-11,0.14800671950506492,3.060103416568145,seasonal_naive,JUNIN
2020-05-18,0.14800671950506492,3.4332867600520665,seasonal_naive,JUNIN
2020-05-25,0.14800671950506492,3.2093767539617133,seasonal_naive,JUNIN
2020-06-01,0.14800671950506492,2.9854667478713615,seasonal_naive,JUNIN
2020-06-08,0.14800671950506492,3.2093767539617133,seasonal_naive,JUNIN
2020-06-15,0.22201007925759766,2.9854667478713623,seasonal_naive,JUNIN
2020-06-22,0.14800671950506492,2.537646735690657,seasonal_naive,JUNIN
2020-06-29,0.14800671950506494,2.3883733982970896,seasonal_naive,JUNIN
2020-07-06,0.07400335975253217,2.836193410477793,seasonal_naive,JUNIN
2020-07-13,0.14800671950506492,2.8361934104777937,seasonal_naive,JUNIN
2020-07-20,0.14800671950506492,2.910830079174577,seasonal_naive,JUNIN
2020-07-27,0.22201007925759766,2.015190054813169,seasonal_naive,JUNIN
2020-08-03,0.14800671950506492,1.6420067113292487,seasonal_naive,JUNIN
2020-08-10,0.14800671950506494,1.3434600365421123,seasonal_naive,JUNIN
2020-08-17,0.22201007925759772,1.1941866991485446,seasonal_naive,JUNIN
2020-08-24,0.2960134390101305,0.9702766930581921,seasonal_naive,JUNIN
2020-08-31,0.2960134390101305,0.7463666869678398,seasonal_naive,JUNIN
2020-09-07,0.14800671950506492,0.7463666869678398,seasonal_naive,JUNIN
2020-09-14,0.07400335975253217,0.9702766930581921,seasonal_naive,JUNIN
2020-09-21,0.07400335975253217,0.8210033556646239,seasonal_naive,JUNIN
2020-09-28,0.0,0.6717300182710559,seasonal_naive,JUNIN
2020-10-05,0.0,0.5224566808774878,seasonal_naive,JUNIN
2020-10-12,0.0,0.74636668696784,seasonal_naive,JUNIN
2020-10-19,0.0,0.895640024361408,seasonal_naive,JUNIN
2020-10-26,0.14800671950506492,1.0449133617549764,seasonal_naive,JUNIN
2020-11-02,0.14800671950506492,0.8956400243614082,seasonal_naive,JUNIN
2020-11-09,0.22201007925759766,0.74636668696784,seasonal_naive,JUNIN
2020-11-16,0.22201007925759772,0.522456680877488,seasonal_naive,JUNIN
2020-11-23,0.37001679876266325,0.22391000609035167,seasonal_naive,JUNIN
2020-11-30,0.29601343901013044,0.1492733373935676,seasonal_naive,JUNIN
2020-12-07,0.14800671950506494,0.1492733373935676,seasonal_naive,JUNIN
2020-12-14,0.07400335975253218,0.37318334348391974,seasonal_naive,JUNIN
2020-12-21,0.07400335975253218,0.74636668696784,seasonal_naive,JUNIN
2020-12-28,0.07400335975253218,0.9702766930581921,seasonal_naive,JUNIN
2021-01-04,0.0,1.338393564988102,seasonal_naive,JUNIN
2021-01-11,0.0,1.2612236605143128,seasonal_naive,JUNIN
2021-01-18,0.07338076176568732,1.110050396287991,seasonal_naive,JUNIN
2021-01-25,0.07338076176568732,0.9620436767829255,seasonal_naive,JUNIN
2021-02-01,0.07338076176568732,0.7400335975253272,seasonal_naive,JUNIN
2021-02-08,0.0,0.5920268780202615,seasonal_naive,JUNIN
2021-02-15,0.1467615235313752,0.44402015851519594,seasonal_naive,JUNIN
2021-02-22,0.1467615235313752,0.6660302377727942,seasonal_naive,JUNIN
2021-03-01,0.1467615235313752,0.7400335975253269,seasonal_naive,JUNIN
2021-03-08,0.07338076176568732,0.6660302377727942,seasonal_naive,JUNIN
2021-03-15,0.1467615235313752,0.444020158515196,seasonal_naive,JUNIN
2021-03-22,0.1467615235313752,0.444020158515196,seasonal_naive,JUNIN
2021-03-29,0.22014228529706312,0.5920268780202615,seasonal_naive,JUNIN
2021-04-05,0.1467615235313752,0.5920268780202615,seasonal_naive,JUNIN
2021-04-12,0.22014228529706312,0.444020158515196,seasonal_naive,JUNIN
2021-04-19,0.0733807617656873,0.07400335975253217,seasonal_naive,JUNIN
2021-04-26,0.0733807617656873,0.0,seasonal_naive,JUNIN
2021-05-03,0.1467615235313752,0.07400335975253217,seasonal_naive,JUNIN
2021-05-10,0.1467615235313752,0.1480067195050649,seasonal_naive,JUNIN
2021-05-17,0.1467615235313752,0.1480067195050649,seasonal_naive,JUNIN
2021-05-24,0.0,0.1480067195050649,seasonal_naive,JUNIN
2021-05-31,0.22014228529706306,0.1480067195050649,seasonal_naive,JUNIN
2021-06-07,0.29352304706275095,0.1480067195050649,seasonal_naive,JUNIN
2021-06-14,0.36690380882843887,0.2220100792575977,seasonal_naive,JUNIN
2021-06-21,0.1467615235313752,0.1480067195050649,seasonal_naive,JUNIN
2021-06-28,0.1467615235313752,0.14800671950506494,seasonal_naive,JUNIN
2021-07-05,0.29352304706275095,0.07400335975253217,seasonal_naive,JUNIN
2021-07-12,0.36690380882843887,0.1480067195050649,seasonal_naive,JUNIN
2021-07-19,0.44028457059412673,0.1480067195050649,seasonal_naive,JUNIN
2021-07-26,0.29352304706275095,0.2220100792575977,seasonal_naive,JUNIN
2021-08-02,0.44028457059412673,0.1480067195050649,seasonal_naive,JUNIN
2021-08-09,0.36690380882843887,0.14800671950506494,seasonal_naive,JUNIN
2021-08-16,0.29352304706275095,0.22201007925759772,seasonal_naive,JUNIN
2021-08-23,0.29352304706275095,0.2960134390101305,seasonal_naive,JUNIN
2021-08-30,0.22014228529706306,0.2960134390101305,seasonal_naive,JUNIN
2021-09-06,0.29352304706275095,0.1480067195050649,seasonal_naive,JUNIN
2021-09-13,0.0733807617656873,0.07400335975253217,seasonal_naive,JUNIN
2021-09-20,0.1467615235313752,0.07400335975253217,seasonal_naive,JUNIN
2021-09-27,0.29352304706275095,0.0,seasonal_naive,JUNIN
2021-10-04,0.36690380882843887,0.0,seasonal_naive,JUNIN
2021-10-11,0.44028457059412673,0.0,seasonal_naive,JUNIN
2021-10-18,0.5136653323598147,0.0,seasonal_naive,JUNIN
2021-10-25,0.5136653323598147,0.1480067195050649,seasonal_naive,JUNIN
2021-11-01,0.5136653323598147,0.1480067195050649,seasonal_naive,JUNIN
2021-11-08,0.36690380882843887,0.2220100792575977,seasonal_naive,JUNIN
2021-11-15,0.5136653323598147,0.22201007925759772,seasonal_naive,JUNIN
2021-11-22,0.3669038088284389,0.37001679876266325,seasonal_naive,JUNIN
2021-11-29,0.22014228529706312,0.2960134390101305,seasonal_naive,JUNIN
2021-12-06,0.14676152353137523,0.14800671950506494,seasonal_naive,JUNIN
2021-12-13,0.22014228529706312,0.07400335975253218,seasonal_naive,JUNIN
2021-12-20,0.293523047062751,0.07400335975253218,seasonal_naive,JUNIN
2021-12-27,0.293523047062751,0.07400335975253218,seasonal_naive,JUNIN
2022-01-03,0.3656792840767354,0.0,seasonal_naive,JUNIN
2022-01-10,0.3650670217008836,0.0,seasonal_naive,JUNIN
2022-01-17,0.5093794957288524,0.07338076176568732,seasonal_naive,JUNIN
2022-01-24,0.6549164945085247,0.07338076176568732,seasonal_naive,JUNIN
2022-01-31,0.800453493288197,0.07338076176568732,seasonal_naive,JUNIN
2022-02-07,0.6549164945085247,0.0,seasonal_naive,JUNIN
2022-02-14,0.5093794957288523,0.1467615235313752,seasonal_naive,JUNIN
2022-02-21,0.3638424969491802,0.1467615235313752,seasonal_naive,JUNIN
2022-02-28,0.291073997559344,0.1467615235313752,seasonal_naive,JUNIN
2022-03-07,0.4366109963390163,0.07338076176568732,seasonal_naive,JUNIN
2022-03-14,0.4366109963390163,0.1467615235313752,seasonal_naive,JUNIN
2022-03-21,0.6549164945085247,0.1467615235313752,seasonal_naive,JUNIN
2022-03-28,0.5821479951186885,0.22014228529706306,seasonal_naive,JUNIN
2022-04-04,0.5821479951186885,0.1467615235313752,seasonal_naive,JUNIN
2022-04-11,0.5821479951186885,0.22014228529706306,seasonal_naive,JUNIN
2022-04-18,0.6549164945085247,0.07338076176568731,seasonal_naive,JUNIN
2022-04-25,0.8732219926780337,0.07338076176568731,seasonal_naive,JUNIN
2022-05-02,0.6549164945085247,0.1467615235313752,seasonal_naive,JUNIN
2022-05-09,0.7276849938983609,0.1467615235313752,seasonal_naive,JUNIN
2022-05-16,0.8732219926780331,0.1467615235313752,seasonal_naive,JUNIN
2022-05-23,1.1642959902373775,0.0,seasonal_naive,JUNIN
2022-05-30,1.0187589914577053,0.22014228529706303,seasonal_naive,JUNIN
2022-06-06,1.2370644896272136,0.29352304706275095,seasonal_naive,JUNIN
2022-06-13,1.7464439853560665,0.36690380882843887,seasonal_naive,JUNIN
2022-06-20,2.5468974786442637,0.1467615235313752,seasonal_naive,JUNIN
2022-06-27,2.2558234810849194,0.1467615235313752,seasonal_naive,JUNIN
2022-07-04,1.8919809841357387,0.29352304706275095,seasonal_naive,JUNIN
2022-07-11,1.2370644896272138,0.36690380882843887,seasonal_naive,JUNIN
2022-07-18,1.1642959902373777,0.4402845705941267,seasonal_naive,JUNIN
2022-07-25,1.746443985356067,0.29352304706275095,seasonal_naive,JUNIN
2022-08-01,1.6736754859662304,0.4402845705941267,seasonal_naive,JUNIN
2022-08-08,1.8919809841357391,0.36690380882843887,seasonal_naive,JUNIN
2022-08-15,1.0915274908475416,0.29352304706275095,seasonal_naive,JUNIN
2022-08-22,1.1642959902373777,0.29352304706275095,seasonal_naive,JUNIN
2022-08-29,1.0187589914577055,0.22014228529706303,seasonal_naive,JUNIN
2022-09-05,0.8732219926780332,0.29352304706275095,seasonal_naive,JUNIN
2022-09-12,0.8732219926780331,0.07338076176568731,seasonal_naive,JUNIN
2022-09-19,0.9459904920678692,0.1467615235313752,seasonal_naive,JUNIN
2022-09-26,1.1642959902373777,0.29352304706275095,seasonal_naive,JUNIN
2022-10-03,0.9459904920678693,0.36690380882843887,seasonal_naive,JUNIN
2022-10-10,0.7276849938983609,0.4402845705941267,seasonal_naive,JUNIN
2022-10-17,0.8732219926780331,0.5136653323598146,seasonal_naive,JUNIN
2022-10-24,0.8732219926780331,0.5136653323598146,seasonal_naive,JUNIN
2022-10-31,1.1642959902373775,0.5136653323598146,seasonal_naive,JUNIN
2022-11-07,0.9459904920678692,0.36690380882843887,seasonal_naive,JUNIN
2022-11-14,0.9459904920678692,0.5136653323598146,seasonal_naive,JUNIN
2022-11-21,0.5821479951186886,0.366903808828439,seasonal_naive,JUNIN
2022-11-28,0.6549164945085248,0.22014228529706306,seasonal_naive,JUNIN
2022-12-05,0.9459904920678692,0.14676152353137525,seasonal_naive,JUNIN
2010-12-27,0.9577779551440658,0.9935366896256654,holt_winters,JUNIN
2011-01-03,0.8756504697982509,1.1853366113219175,holt_winters,JUNIN
2011-01-10,0.8744941419230129,1.1735437418671917,holt_winters,JUNIN
2011-01-17,0.7923666565771978,1.2746045501138217,holt_winters,JUNIN
2011-01-24,0.9508399878926376,0.5419107094530404,holt_winters,JUNIN
2011-01-31,1.1885499848657968,0.48125485200215695,holt_winters,JUNIN
2011-02-07,0.9508399878926374,0.3255992160146303,holt_winters,JUNIN
2011-02-14,0.6338933252617582,0.37923953784967146,holt_winters,JUNIN
2011-02-21,0.6338933252617582,0.7151919797704707,holt_winters,JUNIN
2011-02-28,0.8716033222349177,0.9181192934484592,holt_winters,JUNIN
2011-03-07,1.5054966474966758,0.8643258735626447,holt_winters,JUNIN
2011-03-14,1.8224433101275548,1.0196603006545977,holt_winters,JUNIN
2011-03-21,1.6639699788121156,2.0152339205304766,holt_winters,JUNIN
2011-03-28,1.1885499848657968,1.9880743152327307,holt_winters,JUNIN
2011-04-04,1.8224433101275552,2.3539342080177064,holt_winters,JUNIN
2011-04-11,2.931756629335632,2.7729677610370786,holt_winters,JUNIN
2011-04-18,4.1203066142014295,4.135348824971227,holt_winters,JUNIN
2011-04-25,4.358016611174588,4.473012521902408,holt_winters,JUNIN
2011-05-02,4.437253276832308,5.089870145918975,holt_winters,JUNIN
2011-05-09,3.5656499545973905,5.215901194894697,holt_winters,JUNIN
2011-05-16,2.694046632362473,3.61957424090503,holt_winters,JUNIN
2011-05-23,2.3770999697315935,3.258412747840672,holt_winters,JUNIN
2011-05-30,2.7732832980201927,3.3342261562941244,holt_winters,JUNIN
2011-06-06,2.9317566293356325,3.292395635726592,holt_winters,JUNIN
2011-06-13,2.694046632362473,3.150848166883085,holt_winters,JUNIN
2011-06-20,1.9016799757852747,2.6656549582949536,holt_winters,JUNIN
2011-06-27,1.7432066444698353,2.3293380788018174,holt_winters,JUNIN
2011-07-04,1.3470233161812362,1.7824277539775308,holt_winters,JUNIN
2011-07-11,1.5054966474966758,1.0996759000297365,holt_winters,JUNIN
2011-07-18,1.0300766535503572,0.8305018049425343,holt_winters,JUNIN
2011-07-25,0.7923666565771977,0.826901803661914,holt_winters,JUNIN
2011-08-01,0.7131299909194779,0.8236172321636472,holt_winters,JUNIN
2011-08-08,0.8716033222349177,0.7164372474008922,holt_winters,JUNIN
2011-08-15,1.0300766535503572,0.6284059423115744,holt_winters,JUNIN
2011-08-22,0.7131299909194779,0.5504961444808434,holt_winters,JUNIN
2011-08-29,1.0300766535503572,0.5270079078199557,holt_winters,JUNIN
2011-09-05,1.2677866505235167,1.0250440001491392,holt_winters,JUNIN
2011-09-12,1.505496647496676,1.0021102865625497,holt_winters,JUNIN
2011-09-19,1.109313319208077,1.0441902742854543,holt_winters,JUNIN
2011-09-26,0.713129990919478,1.0247383812413204,holt_winters,JUNIN
2011-10-03,0.8716033222349177,0.6962588647273964,holt_winters,JUNIN
2011-10-10,0.9508399878926376,0.6719386823158324,holt_winters,JUNIN
2011-10-17,1.0300766535503574,0.7448704674371416,holt_winters,JUNIN
2011-10-24,0.9508399878926376,0.6257285084337392,holt_winters,JUNIN
2011-10-31,0.713129990919478,0.846798405008248,holt_winters,JUNIN
2011-11-07,1.0300766535503572,1.1106975227331723,holt_winters,JUNIN
2011-11-14,0.8716033222349178,1.1948351424925319,holt_winters,JUNIN
2011-11-21,1.1093133192080769,1.236030929760994,holt_winters,JUNIN
2011-11-28,0.9508399878926372,0.7534851030657985,holt_winters,JUNIN
2011-12-05,1.0300766535503572,0.95607346872656,holt_winters,JUNIN
2011-12-12,0.7131299909194779,0.9790130129950971,holt_winters,JUNIN
2011-12-19,0.39618332828859887,0.8810671553007707,holt_winters,JUNIN
2011-12-26,0.316946662630879,0.21690984714907743,holt_winters,JUNIN
2012-01-02,0.3950436323870726,0.33694879556523816,holt_winters,JUNIN
2012-01-09,0.31580696672935277,0.31758465135802516,holt_winters,JUNIN
2012-01-16,0.23600045312086984,0.3784620659913966,holt_winters,JUNIN
2012-01-23,0.3933340885347832,0.11871473672902494,holt_winters,JUNIN
2012-01-30,0.5506677239486965,0.15197051797482597,holt_winters,JUNIN
2012-02-06,0.5506677239486965,0.016927539810784414,holt_winters,JUNIN
2012-02-13,0.47200090624173985,0.0,holt_winters,JUNIN
2012-02-20,0.5506677239486965,0.5930532484659774,holt_winters,JUNIN
2012-02-27,0.6293345416556532,0.8008988480556716,holt_winters,JUNIN
2012-03-05,0.5506677239486965,0.8512931739660328,holt_winters,JUNIN
2012-03-12,0.31466727082782653,0.9984829770362442,holt_winters,JUNIN
2012-03-19,0.3933340885347832,0.36584174272647874,holt_winters,JUNIN
2012-03-26,0.3146672708278266,0.3272443532900367,holt_winters,JUNIN
2012-04-02,0.47200090624173985,0.523621449353108,holt_winters,JUNIN
2012-04-09,0.9440018124834797,0.7467404803910653,holt_winters,JUNIN
2012-04-16,1.2586690833113063,1.592849054391631,holt_winters,JUNIN
2012-04-23,1.65200317184609,1.7239278343720876,holt_winters,JUNIN
2012-04-30,1.88800362496696,1.9892201076233058,holt_winters,JUNIN
2012-05-07,2.8320054374504395,1.9129891723744814,holt_winters,JUNIN
2012-05-14,3.618673614520007,2.583576876895708,holt_winters,JUNIN
2012-05-21,3.933340885347833,2.2571583836013245,holt_winters,JUNIN
2012-05-28,3.6973404322269636,2.36160991155118,holt_winters,JUNIN
2012-06-04,3.5400067968130497,2.445686390620095,holt_winters,JUNIN
2012-06-11,3.5400067968130497,3.7615368464781636,holt_winters,JUNIN
2012-06-18,3.6973404322269636,3.1957897805390907,holt_winters,JUNIN
2012-06-25,2.9893390728643525,2.7305082983630804,holt_winters,JUNIN
2012-07-02,2.4386713489156566,2.118546538245886,holt_winters,JUNIN
2012-07-09,1.9666704426739166,2.2735439808638196,holt_winters,JUNIN
2012-07-16,2.4386713489156566,1.7701820245380082,holt_winters,JUNIN
2012-07-23,2.5173381666226136,1.6551035496897835,holt_winters,JUNIN
2012-07-30,2.59600498432957,1.5754197026962107,holt_winters,JUNIN
2012-08-06,1.8093368072600031,2.747036919655077,holt_winters,JUNIN
2012-08-13,1.7306699895530464,2.533082165079273,holt_winters,JUNIN
2012-08-20,1.4946695364321763,2.245189630719932,holt_winters,JUNIN
2012-08-27,1.65200317184609,2.366891989644269,holt_winters,JUNIN
2012-09-03,1.3373359010182633,1.7615284449180288,holt_winters,JUNIN
2012-09-10,1.2586690833113068,1.8518917485307544,holt_winters,JUNIN
2012-09-17,1.4946695364321767,1.8622016746585714,holt_winters,JUNIN
2012-09-24,1.5733363541391334,1.6792706054837123,holt_winters,JUNIN
2012-10-01,1.3373359010182633,1.6040994733549687,holt_winters,JUNIN
2012-10-08,0.94400181248348,1.5029289984628957,holt_winters,JUNIN
2012-10-15,0.8653349947765232,1.6529595432145636,holt_winters,JUNIN
2012-10-22,0.8653349947765232,1.4763402947692454,holt_winters,JUNIN
2012-10-29,1.0226686301904366,0.7624587312531377,holt_winters,JUNIN
2012-11-05,0.7866681770695666,0.957335628659298,holt_winters,JUNIN
2012-11-12,0.7080013593626099,1.033262502547152,holt_winters,JUNIN
2012-11-19,1.0226686301904364,1.1564046012675862,holt_winters,JUNIN
2012-11-26,1.0226686301904366,0.7815686713806382,holt_winters,JUNIN
2012-12-03,1.3373359010182633,0.9103081625656007,holt_winters,JUNIN
2012-12-10,1.0226686301904364,0.848041177829217,holt_winters,JUNIN
2012-12-17,1.65200317184609,0.7975955401773014,holt_winters,JUNIN
2012-12-24,1.88800362496696,1.3522979717494197,holt_winters,JUNIN
2012-12-31,2.12400407808783,1.4748299826073032,holt_winters,JUNIN
2013-01-07,1.9621767618615173,1.4196597794286578,holt_winters,JUNIN
2013-01-14,1.644139230424391,1.4619179220836607,holt_winters,JUNIN
2013-01-21,1.6402072597135415,1.5409856542703761,holt_winters,JUNIN
2013-01-28,1.5621021521081346,1.5435783953866573,holt_winters,JUNIN
2013-02-04,1.8745225825297618,1.3369683665049314,holt_winters,JUNIN
2013-02-11,1.6402072597135415,1.33207416463735,holt_winters,JUNIN
2013-02-18,1.3277868292919146,1.7899853562094892,holt_winters,JUNIN
2013-02-25,0.7810510760540673,2.119932016061146,holt_winters,JUNIN
2013-03-04,0.7029459684486606,2.183209601983829,holt_winters,JUNIN
2013-03-11,1.249681721686508,2.3080464273992325,holt_winters,JUNIN
2013-03-18,1.7183123673189484,1.361902425471889,holt_winters,JUNIN
2013-03-25,2.108837905345982,1.2789948702430793,holt_winters,JUNIN
2013-04-01,2.499363443373016,1.5911593532380848,holt_winters,JUNIN
2013-04-08,3.2023094118216764,2.0562360085041838,holt_winters,JUNIN
2013-04-15,3.436624734637897,4.505391662658806,holt_winters,JUNIN
2013-04-22,3.1242043042162693,4.977557701316184,holt_winters,JUNIN
2013-04-29,2.967994089005456,5.596130277001351,holt_winters,JUNIN
2013-05-06,3.59283494984871,5.647002455405925,holt_winters,JUNIN
2013-05-13,4.373886025902777,3.516837275586936,holt_winters,JUNIN
2013-05-20,3.983360487875743,3.1263823212003814,holt_winters,JUNIN
2013-05-27,3.983360487875744,3.2041115179582533,holt_winters,JUNIN
2013-06-03,3.8271502726649302,3.2769766297399245,holt_winters,JUNIN
2013-06-10,4.139570703086557,3.8412619474893237,holt_winters,JUNIN
2013-06-17,4.061465595481151,3.3795176873955803,holt_winters,JUNIN
2013-06-24,4.373886025902777,2.9198231433810204,holt_winters,JUNIN
2013-07-01,4.373886025902778,2.3571391836648727,holt_winters,JUNIN
2013-07-08,3.8271502726649302,3.830182937753028,holt_winters,JUNIN
2013-07-15,3.1242043042162693,3.418289934108083,holt_winters,JUNIN
2013-07-22,2.655573658583829,3.2034146510742287,holt_winters,JUNIN
2013-07-29,2.889888981400049,3.047455576207989,holt_winters,JUNIN
2013-08-05,2.811783873794642,2.709578118268466,holt_winters,JUNIN
2013-08-12,2.499363443373016,2.449772775970163,holt_winters,JUNIN
2013-08-19,1.796417474924355,2.1793556850106666,holt_winters,JUNIN
2013-08-26,1.0934715064756941,2.2132483380014305,holt_winters,JUNIN
2013-09-02,1.483997044502728,1.1117772132491974,holt_winters,JUNIN
2013-09-09,1.405891936897321,1.1935561606948912,holt_winters,JUNIN
2013-09-16,1.8745225825297618,1.3508377533611284,holt_winters,JUNIN
2013-09-23,1.3277868292919144,1.335067443100061,holt_winters,JUNIN
2013-09-30,1.483997044502728,1.3729459650617808,holt_winters,JUNIN
2013-10-07,1.3277868292919144,1.1423412952550267,holt_winters,JUNIN
2013-10-14,1.8745225825297618,1.253841571851582,holt_winters,JUNIN
2013-10-21,2.1869430129513887,1.165443674303908,holt_winters,JUNIN
2013-10-28,2.030732797740575,2.0877528087117936,holt_winters,JUNIN
2013-11-04,1.6402072597135415,2.0959222556682024,holt_winters,JUNIN
2013-11-11,1.0153663988702875,2.1782625525347252,holt_winters,JUNIN
2013-11-18,1.483997044502728,2.506896081572787,holt_winters,JUNIN
2013-11-25,1.7183123673189478,1.166420758097821,holt_winters,JUNIN
2013-12-02,2.030732797740575,1.3697328664719142,holt_winters,JUNIN
2013-12-09,1.405891936897321,1.2755803289096121,holt_winters,JUNIN
2013-12-16,1.0934715064756941,1.395069523473702,holt_winters,JUNIN
2013-12-23,1.2496817216865075,0.9726907965813714,holt_winters,JUNIN
2013-12-30,1.483997044502728,1.169254318195577,holt_winters,JUNIN
2014-01-06,1.636884787684478,1.1351691577734924,holt_winters,JUNIN
2014-01-13,1.2446980136429129,1.161016524106011,holt_winters,JUNIN
2014-01-20,1.1632704340084434,1.2284160674126023,holt_winters,JUNIN
2014-01-27,1.3183731585429026,1.2788648189945504,holt_winters,JUNIN
2014-02-03,1.4734758830773618,1.23207099093462,holt_winters,JUNIN
2014-02-10,1.240821796275673,1.103948602032633,holt_winters,JUNIN
2014-02-17,0.9306163472067546,1.1112485720080625,holt_winters,JUNIN
2014-02-24,0.9306163472067546,1.1371473397748897,holt_winters,JUNIN
2014-03-03,1.008167709473984,1.2261640261852702,holt_winters,JUNIN
2014-03-10,0.7755136226722955,1.3959594941618212,holt_winters,JUNIN
2014-03-17,0.6204108981378363,0.8630526815189645,holt_winters,JUNIN
2014-03-24,0.6979622604050659,0.7666078099160889,holt_winters,JUNIN
2014-03-31,0.8530649849395252,1.0379685166360537,holt_winters,JUNIN
2014-04-07,1.3183731585429026,1.4101119106893791,holt_winters,JUNIN
2014-04-14,1.240821796275673,1.80007951434947,holt_winters,JUNIN
2014-04-21,1.4734758830773618,1.9297023716398094,holt_winters,JUNIN
2014-04-28,1.0081677094739843,2.2236374428310826,holt_winters,JUNIN
2014-05-05,1.1632704340084434,2.448784519373825,holt_winters,JUNIN
2014-05-12,1.6285786076118207,1.281484557746316,holt_winters,JUNIN
2014-05-19,2.714297679353035,1.1139570978643167,holt_winters,JUNIN
2014-05-26,3.877568113361479,1.1798054776058717,holt_winters,JUNIN
2014-06-02,4.420427649232086,1.2787872342988744,holt_winters,JUNIN
2014-06-09,4.963287185102693,4.373886025902777,holt_winters,JUNIN
2014-06-16,4.342876286964857,4.074573502131688,holt_winters,JUNIN
2014-06-23,4.9632871851026925,3.6927081486074185,holt_winters,JUNIN
2014-06-30,4.963287185102693,3.2889739637141915,holt_winters,JUNIN
2014-07-07,4.885735822835463,4.451864073668247,holt_winters,JUNIN
2014-07-14,3.56736266429256,3.956802295667492,holt_winters,JUNIN
2014-07-21,2.714297679353035,3.5381019856495275,holt_winters,JUNIN
2014-07-28,2.7142976793530345,3.5825824656945526,holt_winters,JUNIN
2014-08-04,3.2571572152236414,2.479920606138281,holt_winters,JUNIN
2014-08-11,2.559194954818576,2.278287806796297,holt_winters,JUNIN
2014-08-18,1.938784056680739,1.7800946408688176,holt_winters,JUNIN
2014-08-25,1.0857190717412137,1.6798524227743283,holt_winters,JUNIN
2014-09-01,1.0857190717412137,1.167543688439212,holt_winters,JUNIN
2014-09-08,1.0857190717412137,1.2642678541430827,holt_winters,JUNIN
2014-09-15,0.8530649849395249,1.4962028176235065,holt_winters,JUNIN
2014-09-22,0.6204108981378361,1.3043109087113773,holt_winters,JUNIN
2014-09-29,0.6204108981378361,0.6976757446254866,holt_winters,JUNIN
2014-10-06,0.6979622604050656,0.5213204923666614,holt_winters,JUNIN
2014-10-13,1.008167709473984,0.6779418297607114,holt_winters,JUNIN
2014-10-20,1.2408217962756727,0.6633803987272078,holt_winters,JUNIN
2014-10-27,1.1632704340084432,1.1690843560567887,holt_winters,JUNIN
2014-11-03,1.008167709473984,1.128014076212509,holt_winters,JUNIN
2014-11-10,1.1632704340084432,0.9334455732480262,holt_winters,JUNIN
2014-11-17,1.6285786076118207,1.192894625754175,holt_winters,JUNIN
2014-11-24,1.8612326944135094,1.4058487848188395,holt_winters,JUNIN
2014-12-01,1.395924520810132,1.6491327785156242,holt_winters,JUNIN
2014-12-08,0.9306163472067546,1.3283457139953025,holt_winters,JUNIN
2014-12-15,0.6204108981378362,1.3264893593695395,holt_winters,JUNIN
2014-12-22,0.9306163472067546,0.6189165399364158,holt_winters,JUNIN
2014-12-29,1.1632704340084434,0.7554479141729367,holt_winters,JUNIN
2015-01-05,1.2391839499156874,0.7260842972043196,holt_winters,JUNIN
2015-01-12,0.9273406544867832,0.6243881618999436,holt_winters,JUNIN
2015-01-19,0.6930487213251092,1.0089037387106838,holt_winters,JUNIN
2015-01-26,0.8470595482862442,1.1485598444363152,holt_winters,JUNIN
2015-02-02,0.6930487213251088,1.1785737545985158,holt_winters,JUNIN
2015-02-09,0.7700541348056765,1.0467608990992834,holt_winters,JUNIN
2015-02-16,0.6160433078445412,0.6743356625063774,holt_winters,JUNIN
2015-02-23,0.6930487213251088,0.6868011271174261,holt_winters,JUNIN
2015-03-02,0.5390378943639734,0.773987801694757,holt_winters,JUNIN
2015-03-09,0.46203248088340615,0.8637762536584344,holt_winters,JUNIN
2015-03-16,0.6930487213251088,0.4991159689909774,holt_winters,JUNIN
2015-03-23,0.5390378943639734,0.4513132086369856,holt_winters,JUNIN
2015-03-30,0.6160433078445412,0.698632863901764,holt_winters,JUNIN
2015-04-06,0.8470595482862442,1.122249877999912,holt_winters,JUNIN
2015-04-13,2.0791461639753273,1.0616292279424675,holt_winters,JUNIN
2015-04-20,2.4641732313781657,1.1358305821659451,holt_winters,JUNIN
2015-04-27,3.003211125742139,1.1469375983993895,holt_winters,JUNIN
2015-05-04,2.618184058339301,1.3638497090239636,holt_winters,JUNIN
2015-05-11,3.5422490201061136,2.919928887279357,holt_winters,JUNIN
2015-05-18,4.081286914470087,3.0642050616914904,holt_winters,JUNIN
2015-05-25,5.082357289717467,3.367978343318457,holt_winters,JUNIN
2015-06-01,4.774335635795196,3.614216388877738,holt_winters,JUNIN
2015-06-08,3.696259847067249,4.901221666567401,holt_winters,JUNIN
2015-06-15,2.541178644858733,4.458719515491289,holt_winters,JUNIN
2015-06-22,1.8481299235336237,4.278777179255441,holt_winters,JUNIN
2015-06-29,1.8481299235336237,4.028196329215198,holt_winters,JUNIN
2015-07-06,1.6171136830919206,1.7106053339007503,holt_winters,JUNIN
2015-07-13,1.6171136830919206,1.3881812213300457,holt_winters,JUNIN
2015-07-20,1.30909202916965,1.095001774310827,holt_winters,JUNIN
2015-07-27,1.0780757887279468,1.1417292585922847,holt_winters,JUNIN
2015-08-03,0.7700541348056761,1.0605135839400397,holt_winters,JUNIN
2015-08-10,0.7700541348056761,0.919851435421263,holt_winters,JUNIN
2015-08-17,0.6160433078445408,0.5782239142128092,holt_winters,JUNIN
2015-08-24,0.5390378943639731,0.4505177421789712,holt_winters,JUNIN
2015-08-31,0.3850270674028377,0.6058152879244745,holt_winters,JUNIN
2015-09-07,0.46203248088340615,0.6160990418602177,holt_winters,JUNIN
2015-09-14,0.46203248088340615,0.6880559982203571,holt_winters,JUNIN
2015-09-21,0.46203248088340615,0.4929936209102161,holt_winters,JUNIN
2015-09-28,0.5390378943639731,0.48481340790104727,holt_winters,JUNIN
2015-10-05,0.5390378943639731,0.3962390709888137,holt_winters,JUNIN
2015-10-12,0.5390378943639731,0.586704394828029,holt_winters,JUNIN
2015-10-19,0.3850270674028377,0.6292048818039282,holt_winters,JUNIN
2015-10-26,0.30802165392227,0.3418056566790895,holt_winters,JUNIN
2015-11-02,0.5390378943639731,0.31084843488361596,holt_winters,JUNIN
2015-11-09,0.6930487213251085,0.23310346803057788,holt_winters,JUNIN
2015-11-16,1.2320866156890824,0.43894855135190414,holt_winters,JUNIN
2015-11-23,1.001070375247379,1.2889950292870105,holt_winters,JUNIN
2015-11-30,1.1550812022085146,1.3799731222193317,holt_winters,JUNIN
2015-12-07,0.6160433078445408,1.0013879391737652,holt_winters,JUNIN
2015-12-14,0.539037894363973,0.913285487269591,holt_winters,JUNIN
2015-12-21,0.23101624044170307,0.6500135672078304,holt_winters,JUNIN
2015-12-28,0.15401082696113455,0.7530745464408675,holt_winters,JUNIN
2016-01-04,0.22993960895493815,0.7459316263985043,holt_winters,JUNIN
2016-01-11,0.38233548868592737,0.5692346913335942,holt_winters,JUNIN
2016-01-18,0.8411380751090413,0.368877631721169,holt_winters,JUNIN
2016-01-25,0.8411380751090412,0.4644442899993169,holt_winters,JUNIN
2016-02-01,0.8411380751090413,0.45577952689029955,holt_winters,JUNIN
2016-02-08,0.7646709773718556,0.3510485060024007,holt_winters,JUNIN
2016-02-15,0.9176051728462268,0.6368716014554154,holt_winters,JUNIN
2016-02-22,1.0705393683205982,0.5852157360687285,holt_winters,JUNIN
2016-02-29,0.8411380751090413,0.5993666909595108,holt_winters,JUNIN
2016-03-07,0.5352696841602987,0.5939624303340969,holt_winters,JUNIN
2016-03-14,0.4588025864231131,0.6544561796886537,holt_winters,JUNIN
2016-03-21,0.5352696841602987,0.6158687970195835,holt_winters,JUNIN
2016-03-28,0.7646709773718557,0.8471166272995567,holt_winters,JUNIN
2016-04-04,0.4588025864231131,1.344929254673843,holt_winters,JUNIN
2016-04-11,0.5352696841602987,0.7297362480501772,holt_winters,JUNIN
2016-04-18,0.5352696841602987,0.9166564099675989,holt_winters,JUNIN
2016-04-25,0.6117367818974845,0.9696139635683885,holt_winters,JUNIN
2016-05-02,0.4588025864231131,1.1104485925510121,holt_winters,JUNIN
2016-05-09,0.38233548868592754,0.7691320585508972,holt_winters,JUNIN
2016-05-16,0.3823354886859274,0.9374325184397179,holt_winters,JUNIN
2016-05-23,0.30586839094874185,1.180888964834168,holt_winters,JUNIN
2016-05-30,0.6117367818974844,1.2214014684896255,holt_winters,JUNIN
2016-06-06,1.147006466057784,0.5995518844170726,holt_winters,JUNIN
2016-06-13,1.6822761502180834,0.41833894262796,holt_winters,JUNIN
2016-06-20,1.6822761502180834,0.3481433785425393,holt_winters,JUNIN
2016-06-27,1.4528748570065264,0.2720212585078814,holt_winters,JUNIN
2016-07-04,1.4528748570065264,1.2504299748274956,holt_winters,JUNIN
2016-07-11,1.376407759269341,1.0437126374897603,holt_winters,JUNIN
2016-07-18,1.6058090524808977,0.8264805043622725,holt_winters,JUNIN
2016-07-25,1.91167744342964,0.7999575900747322,holt_winters,JUNIN
2016-08-01,1.988144541166826,1.7107717200428496,holt_winters,JUNIN
2016-08-08,1.8352103456924542,1.5354773229112952,holt_winters,JUNIN
2016-08-15,1.1470064660577837,1.1331260162471875,holt_winters,JUNIN
2016-08-22,0.9940722705834125,0.9197780762689403,holt_winters,JUNIN
2016-08-29,0.9940722705834125,0.9623456667614914,holt_winters,JUNIN
2016-09-05,1.1470064660577837,1.0105139863460666,holt_winters,JUNIN
2016-09-12,1.1470064660577837,1.017119890921538,holt_winters,JUNIN
2016-09-19,1.1470064660577837,0.8264659031076944,holt_winters,JUNIN
2016-09-26,0.9940722705834125,1.1549006869612408,holt_winters,JUNIN
2016-10-03,1.0705393683205982,1.0907701026172956,holt_winters,JUNIN
2016-10-10,0.9176051728462268,1.2583816508008079,holt_winters,JUNIN
2016-10-17,0.8411380751090413,1.2922336827194871,holt_winters,JUNIN
2016-10-24,0.7646709773718556,0.8137228095875781,holt_winters,JUNIN
2016-10-31,0.9176051728462268,0.8106334824406687,holt_winters,JUNIN
2016-11-07,1.1470064660577837,0.7288994454928648,holt_winters,JUNIN
2016-11-14,0.9176051728462268,1.0968528039807155,holt_winters,JUNIN
2016-11-21,1.2234735637949694,0.9477883904097084,holt_winters,JUNIN
2016-11-28,0.9940722705834125,1.0355912305688388,holt_winters,JUNIN
2016-12-05,1.1470064660577837,0.6582284546703694,holt_winters,JUNIN
2016-12-12,0.5352696841602986,0.5684324063372219,holt_winters,JUNIN
2016-12-19,0.5352696841602986,0.5795115789366367,holt_winters,JUNIN
2016-12-26,0.8411380751090412,0.665799972169492,holt_winters,JUNIN
2017-01-02,0.9160126478422855,0.6754269114080564,holt_winters,JUNIN
2017-01-09,1.3705685009215565,0.5506906706654717,holt_winters,JUNIN
2017-01-16,0.8352988167612571,1.4415801211652353,holt_winters,JUNIN
2017-01-23,1.2149800971072833,1.5392142557844783,holt_winters,JUNIN
2017-01-30,0.7593625606920518,1.568720900842302,holt_winters,JUNIN
2017-02-06,1.139043841038078,1.4353117725186344,holt_winters,JUNIN
2017-02-13,0.6834263046228465,0.9940317082056465,holt_winters,JUNIN
2017-02-20,0.7593625606920518,0.9487307433901688,holt_winters,JUNIN
2017-02-27,0.8352988167612571,0.8401989308865172,holt_winters,JUNIN
2017-03-06,0.9112350728304625,0.7467750507297461,holt_winters,JUNIN
2017-03-13,0.9871713288996675,1.006864948049286,holt_winters,JUNIN
2017-03-20,0.9112350728304625,1.0176533541707649,holt_winters,JUNIN
2017-03-27,1.2149800971072835,1.2126408906867105,holt_winters,JUNIN
2017-04-03,1.7465338895917204,1.4889531144882953,holt_winters,JUNIN
2017-04-10,2.733705218491389,2.180025551505831,holt_winters,JUNIN
2017-04-17,3.1133864988374156,2.309704900985575,holt_winters,JUNIN
2017-04-24,4.100557827737084,2.27600337649576,holt_winters,JUNIN
2017-05-01,3.7208765473910574,2.4352139341668537,holt_winters,JUNIN
2017-05-08,4.176494083806289,4.368593728626642,holt_winters,JUNIN
2017-05-15,3.341195267045031,4.961914986074954,holt_winters,JUNIN
2017-05-22,2.961513986699005,4.963287185102693,holt_winters,JUNIN
2017-05-29,2.1262151699377467,4.963287185102693,holt_winters,JUNIN
2017-06-05,2.1262151699377467,2.3216415150812,holt_winters,JUNIN
2017-06-12,2.202151426006952,2.237363430114156,holt_winters,JUNIN
2017-06-19,2.278087682076157,2.1149486288266814,holt_winters,JUNIN
2017-06-26,1.6705976335225152,1.979580820999038,holt_winters,JUNIN
2017-07-03,1.290916353176489,1.5455348782670861,holt_winters,JUNIN
2017-07-10,1.1390438410380785,1.3559925441410954,holt_winters,JUNIN
2017-07-17,1.290916353176489,1.1710798962188012,holt_winters,JUNIN
2017-07-24,1.59466137745331,1.1866523517079735,holt_winters,JUNIN
2017-07-31,1.7465338895917206,1.5879582518551594,holt_winters,JUNIN
2017-08-07,1.4427888653148992,1.3867750776816457,holt_winters,JUNIN
2017-08-14,0.987171328899668,0.9852716808727859,holt_winters,JUNIN
2017-08-21,0.7593625606920521,0.7159707440527636,holt_winters,JUNIN
2017-08-28,0.8352988167612573,0.789693451615423,holt_winters,JUNIN
2017-09-04,1.0631075849688731,0.8214871907954253,holt_winters,JUNIN
2017-09-11,0.9112350728304627,0.8885859572417238,holt_winters,JUNIN
2017-09-18,0.8352988167612573,0.7800773620169756,holt_winters,JUNIN
2017-09-25,0.6074900485536415,0.8533449904231507,holt_winters,JUNIN
2017-10-02,0.7593625606920521,0.8211198822384911,holt_winters,JUNIN
2017-10-09,0.8352988167612573,0.9421747271304686,holt_winters,JUNIN
2017-10-16,0.9871713288996679,0.9873293408003612,holt_winters,JUNIN
2017-10-23,0.6834263046228468,0.9004700881803471,holt_winters,JUNIN
2017-10-30,0.5315537924844363,0.8610995456824273,holt_winters,JUNIN
2017-11-06,0.2278087682076152,0.844443607919352,holt_winters,JUNIN
2017-11-13,0.7593625606920521,1.1322716416134693,holt_winters,JUNIN
2017-11-20,0.9112350728304626,0.8634985659687231,holt_winters,JUNIN
2017-11-27,1.290916353176489,0.8282216491633712,holt_winters,JUNIN
2017-12-04,1.290916353176489,0.5235576366148436,holt_winters,JUNIN
2017-12-11,1.290916353176489,0.3760442151313152,holt_winters,JUNIN
2017-12-18,1.2149800971072835,1.3038554318844646,holt_winters,JUNIN
2017-12-25,0.9112350728304631,1.5287799942453018,holt_winters,JUNIN
2018-01-01,1.2097368809235052,1.6267960418551315,holt_winters,JUNIN
2018-01-08,1.0565535647391502,1.5961375651437217,holt_winters,JUNIN
2018-01-15,1.27977451878596,0.9888529398067747,holt_winters,JUNIN
2018-01-22,0.978651102601028,1.120225122360372,holt_winters,JUNIN
2018-01-29,0.978651102601028,1.064959592669089,holt_winters,JUNIN
2018-02-05,0.752808540462329,1.072844690396102,holt_winters,JUNIN
2018-02-12,0.6775276864160961,0.5884964439366076,holt_winters,JUNIN
2018-02-19,0.828089394508562,0.5584242922707965,holt_winters,JUNIN
2018-02-26,0.9033702485547951,0.5059377329094765,holt_winters,JUNIN
2018-03-05,1.355055372832193,0.496179462780211,holt_winters,JUNIN
2018-03-12,1.204493664739727,1.3797857216838216,holt_winters,JUNIN
2018-03-19,1.2044936647397269,1.4296829087287972,holt_winters,JUNIN
2018-03-26,0.5269659783236301,1.7106339679873481,holt_winters,JUNIN
2018-04-02,0.7528085404623291,2.038617329861021,holt_winters,JUNIN
2018-04-09,0.6022468323698632,1.164148417601555,holt_winters,JUNIN
2018-04-16,1.355055372832193,1.301753103484229,holt_winters,JUNIN
2018-04-23,1.7314596430633582,1.4039172593593423,holt_winters,JUNIN
2018-04-30,2.107863913294523,1.3984840304283046,holt_winters,JUNIN
2018-05-07,2.258425621386989,2.4883656444212363,holt_winters,JUNIN
2018-05-14,3.0112341618493184,2.6894986312210767,holt_winters,JUNIN
2018-05-21,3.914604410404115,2.9674834469110682,holt_winters,JUNIN
2018-05-28,4.742693804912678,3.001831452101139,holt_winters,JUNIN
2018-06-04,5.420221491328775,4.963287185102693,holt_winters,JUNIN
2018-06-11,5.871906615606171,4.801124096455564,holt_winters,JUNIN
2018-06-18,6.498968073940831,4.770885244894586,holt_winters,JUNIN
2018-06-25,6.674344407998092,4.43916680939413,holt_winters,JUNIN
2018-07-02,6.222659283720695,5.605412392282519,holt_winters,JUNIN
2018-07-09,5.9720020956172,5.485634664507134,holt_winters,JUNIN
2018-07-16,4.742693804912677,5.115033581106695,holt_winters,JUNIN
2018-07-23,3.8393235563578814,5.351286987723942,holt_winters,JUNIN
2018-07-30,3.0865150158955514,3.902369722708454,holt_winters,JUNIN
2018-08-06,2.4089873294794546,3.492022148218152,holt_winters,JUNIN
2018-08-13,2.03258305924829,2.68205474155361,holt_winters,JUNIN
2018-08-20,1.580897934970892,2.087917089218644,holt_winters,JUNIN
2018-08-27,1.731459643063358,1.5383298885009515,holt_winters,JUNIN
2018-09-03,2.258425621386989,1.6500728526683335,holt_winters,JUNIN
2018-09-10,2.03258305924829,1.6423331673206736,holt_winters,JUNIN
2018-09-17,2.03258305924829,1.4471822478352099,holt_winters,JUNIN
2018-09-24,1.806740497109591,1.912091032144445,holt_winters,JUNIN
2018-10-01,1.580897934970892,1.978223001574281,holt_winters,JUNIN
2018-10-08,1.355055372832193,2.1919223829615433,holt_winters,JUNIN
2018-10-15,1.1292128106934942,2.287869226806564,holt_winters,JUNIN
2018-10-22,1.2044936647397273,0.973453112864819,holt_winters,JUNIN
2018-10-29,1.1292128106934942,0.9948015118395253,holt_winters,JUNIN
2018-11-05,1.430336226878426,0.9486646089571362,holt_winters,JUNIN
2018-11-12,1.6561787890171251,1.3798630586220364,holt_winters,JUNIN
2018-11-19,1.806740497109591,1.7950328964923443,holt_winters,JUNIN
2018-11-26,1.355055372832193,1.8396377006763083,holt_winters,JUNIN
2018-12-03,1.2797745187859602,1.4887275097451829,holt_winters,JUNIN
2018-12-10,1.1292128106934942,1.1647488144546347,holt_winters,JUNIN
2018-12-17,1.204493664739727,1.0847049697716376,holt_winters,JUNIN
2018-12-24,1.204493664739727,1.1714410756109053,holt_winters,JUNIN
2018-12-31,1.430336226878426,1.3343148113237806,holt_winters,JUNIN
2019-01-07,1.7269503456172155,1.3171742376004962,holt_winters,JUNIN
2019-01-14,1.422606002685039,1.7259139249467554,holt_winters,JUNIN
2019-01-21,0.970276693058192,1.8367389657420565,holt_winters,JUNIN
2019-01-28,0.5970933495742718,1.6951152330619745,holt_winters,JUNIN
2019-02-04,0.29854667478713565,1.6811147736574168,holt_winters,JUNIN
2019-02-11,0.5970933495742718,0.2093451620587583,holt_winters,JUNIN
2019-02-18,0.6717300182710558,0.2748962084329937,holt_winters,JUNIN
2019-02-25,1.0449133617549762,0.254582154066724,holt_winters,JUNIN
2019-03-04,1.1195500304517603,0.23164296452650793,holt_winters,JUNIN
2019-03-11,1.0449133617549762,1.1566832369740867,holt_winters,JUNIN
2019-03-18,0.6717300182710559,1.1248677602829678,holt_winters,JUNIN
2019-03-25,0.970276693058192,1.1344186235953977,holt_winters,JUNIN
2019-04-01,1.5673700426324644,1.3546146295549457,holt_winters,JUNIN
2019-04-08,2.388373398297089,2.118451689422513,holt_winters,JUNIN
2019-04-15,2.388373398297089,2.567731681478962,holt_winters,JUNIN
2019-04-22,2.4630100669938737,2.807188665397499,holt_winters,JUNIN
2019-04-29,1.9405533861163848,2.734743574098952,holt_winters,JUNIN
2019-05-06,2.4630100669938737,2.19100202758692,holt_winters,JUNIN
2019-05-13,3.0601034165681456,2.40247475404541,holt_winters,JUNIN
2019-05-20,3.433286760052066,2.667173320930946,holt_winters,JUNIN
2019-05-27,3.2093767539617137,2.726162739473477,holt_winters,JUNIN
2019-06-03,2.9854667478713615,3.412983783149982,holt_winters,JUNIN
2019-06-10,3.2093767539617137,3.3650734344979094,holt_winters,JUNIN
2019-06-17,2.985466747871362,3.386598422352778,holt_winters,JUNIN
2019-06-24,2.5376467356906574,3.172105179366195,holt_winters,JUNIN
2019-07-01,2.388373398297089,2.281877741931826,holt_winters,JUNIN
2019-07-08,2.8361934104777933,2.116935779236017,holt_winters,JUNIN
2019-07-15,2.8361934104777937,1.958745368929352,holt_winters,JUNIN
2019-07-22,2.9108300791745774,1.9839484695155054,holt_winters,JUNIN
2019-07-29,2.015190054813169,2.6699836936941566,holt_winters,JUNIN
2019-08-05,1.6420067113292485,2.3673047442275217,holt_winters,JUNIN
2019-08-12,1.3434600365421125,1.86611358028629,holt_winters,JUNIN
2019-08-19,1.1941866991485444,1.4979091786945973,holt_winters,JUNIN
2019-08-26,0.9702766930581922,1.1887888002180178,holt_winters,JUNIN
2019-09-02,0.7463666869678399,1.3825349951664134,holt_winters,JUNIN
2019-09-09,0.7463666869678399,1.2599582010553068,holt_winters,JUNIN
2019-09-16,0.970276693058192,1.1833498329922039,holt_winters,JUNIN
2019-09-23,0.821003355664624,0.8617736925748825,holt_winters,JUNIN
2019-09-30,0.6717300182710559,0.8647747450358412,holt_winters,JUNIN
2019-10-07,0.5224566808774878,0.8561260411241713,holt_winters,JUNIN
2019-10-14,0.74636668696784,0.8162340941015587,holt_winters,JUNIN
2019-10-21,0.8956400243614081,0.64838268512842,holt_winters,JUNIN
2019-10-28,1.0449133617549762,0.6747786727233018,holt_winters,JUNIN
2019-11-04,0.8956400243614082,0.752364198307208,holt_winters,JUNIN
2019-11-11,0.74636668696784,1.070859649482255,holt_winters,JUNIN
2019-11-18,0.5224566808774879,0.8252673230918162,holt_winters,JUNIN
2019-11-25,0.22391000609035164,0.7831446034322296,holt_winters,JUNIN
2019-12-02,0.1492733373935676,0.6492026318057729,holt_winters,JUNIN
2019-12-09,0.1492733373935676,0.47144393970120224,holt_winters,JUNIN
2019-12-16,0.37318334348391974,0.0887318306779665,holt_winters,JUNIN
2019-12-23,0.74636668696784,0.1119799803296989,holt_winters,JUNIN
2019-12-30,0.9702766930581922,0.20511036588221504,holt_winters,JUNIN
2020-01-06,1.3383935649881022,0.2652873325947523,holt_winters,JUNIN
2020-01-13,1.2612236605143128,1.3467982571677672,holt_winters,JUNIN
2020-01-20,1.1100503962879908,1.2873407069219152,holt_winters,JUNIN
2020-01-27,0.9620436767829253,1.0402354883330651,holt_winters,JUNIN
2020-02-03,0.740033597525327,0.9734792784891588,holt_winters,JUNIN
2020-02-10,0.5920268780202615,0.7418491639396099,holt_winters,JUNIN
2020-02-17,0.44402015851519594,0.8492043286252016,holt_winters,JUNIN
2020-02-24,0.6660302377727941,0.8757510232805104,holt_winters,JUNIN
2020-03-02,0.7400335975253269,0.8969467725513582,holt_winters,JUNIN
2020-03-09,0.6660302377727942,0.6936158531265939,holt_winters,JUNIN
2020-03-16,0.444020158515196,0.5824905718082822,holt_winters,JUNIN
2020-03-23,0.444020158515196,0.6112746305944674,holt_winters,JUNIN
2020-03-30,0.5920268780202615,0.7907754017197082,holt_winters,JUNIN
2020-04-06,0.5920268780202615,0.824940096851043,holt_winters,JUNIN
2020-04-13,0.444020158515196,1.0710894034007863,holt_winters,JUNIN
2020-04-20,0.07400335975253217,1.339618450817372,holt_winters,JUNIN
2020-04-27,0.0,1.2106941884200366,holt_winters,JUNIN
2020-05-04,0.07400335975253217,0.06701815986970987,holt_winters,JUNIN
2020-05-11,0.14800671950506492,0.15616214493401043,holt_winters,JUNIN
2020-05-18,0.14800671950506492,0.2555453475876279,holt_winters,JUNIN
2020-05-25,0.14800671950506492,0.2829446372310219,holt_winters,JUNIN
2020-06-01,0.14800671950506492,0.2528133258651705,holt_winters,JUNIN
2020-06-08,0.14800671950506492,0.3292237948788974,holt_winters,JUNIN
2020-06-15,0.22201007925759766,0.331025544737282,holt_winters,JUNIN
2020-06-22,0.14800671950506492,0.26496422210903453,holt_winters,JUNIN
2020-06-29,0.14800671950506494,0.0812194147159098,holt_winters,JUNIN
2020-07-06,0.07400335975253217,0.08234460264003342,holt_winters,JUNIN
2020-07-13,0.14800671950506492,0.05208744805432778,holt_winters,JUNIN
2020-07-20,0.14800671950506492,0.051014105950030315,holt_winters,JUNIN
2020-07-27,0.22201007925759766,0.05718981364501758,holt_winters,JUNIN
2020-08-03,0.14800671950506492,0.0,holt_winters,JUNIN
2020-08-10,0.14800671950506494,0.0,holt_winters,JUNIN
2020-08-17,0.22201007925759772,0.0,holt_winters,JUNIN
2020-08-24,0.2960134390101305,0.22148008483693982,holt_winters,JUNIN
2020-08-31,0.2960134390101305,0.29089270445638227,holt_winters,JUNIN
2020-09-07,0.14800671950506492,0.24808734518933281,holt_winters,JUNIN
2020-09-14,0.07400335975253217,0.2640014661409937,holt_winters,JUNIN
2020-09-21,0.07400335975253217,0.0,holt_winters,JUNIN
2020-09-28,0.0,0.0,holt_winters,JUNIN
2020-10-05,0.0,0.0,holt_winters,JUNIN
2020-10-12,0.0,0.0,holt_winters,JUNIN
2020-10-19,0.0,0.0,holt_winters,JUNIN
2020-10-26,0.14800671950506492,0.004686077074836298,holt_winters,JUNIN
2020-11-02,0.14800671950506492,0.0022993662572238552,holt_winters,JUNIN
2020-11-09,0.22201007925759766,0.10510673809879051,holt_winters,JUNIN
2020-11-16,0.22201007925759772,0.271596462696323,holt_winters,JUNIN
2020-11-23,0.37001679876266325,0.22587496398702495,holt_winters,JUNIN
2020-11-30,0.29601343901013044,0.16437862744539264,holt_winters,JUNIN
2020-12-07,0.14800671950506494,0.07265259743196759,holt_winters,JUNIN
2020-12-14,0.07400335975253218,0.2022071269411661,holt_winters,JUNIN
2020-12-21,0.07400335975253218,0.25222386992856655,holt_winters,JUNIN
2020-12-28,0.07400335975253218,0.3731860073659394,holt_winters,JUNIN
2021-01-04,0.0,0.5294411201662161,holt_winters,JUNIN
2021-01-11,0.0,0.0,holt_winters,JUNIN
2021-01-18,0.07338076176568732,0.0,holt_winters,JUNIN
2021-01-25,0.07338076176568732,0.0,holt_winters,JUNIN
2021-02-01,0.07338076176568732,0.0,holt_winters,JUNIN
2021-02-08,0.0,0.03269194960479618,holt_winters,JUNIN
2021-02-15,0.1467615235313752,0.09205837572405096,holt_winters,JUNIN
2021-02-22,0.1467615235313752,0.18526260949621165,holt_winters,JUNIN
2021-03-01,0.1467615235313752,0.24133412628992895,holt_winters,JUNIN
2021-03-08,0.07338076176568732,0.11630491793206667,holt_winters,JUNIN
2021-03-15,0.1467615235313752,0.04666440997426632,holt_winters,JUNIN
2021-03-22,0.1467615235313752,0.06630447338233972,holt_winters,JUNIN
2021-03-29,0.22014228529706312,0.18627296837839158,holt_winters,JUNIN
2021-04-05,0.1467615235313752,0.37777368000744754,holt_winters,JUNIN
2021-04-12,0.22014228529706312,0.4973256569968011,holt_winters,JUNIN
2021-04-19,0.0733807617656873,0.5468516142421427,holt_winters,JUNIN
2021-04-26,0.0733807617656873,0.4675229825864803,holt_winters,JUNIN
2021-05-03,0.1467615235313752,0.18437089693814626,holt_winters,JUNIN
2021-05-10,0.1467615235313752,0.2332358197935686,holt_winters,JUNIN
2021-05-17,0.1467615235313752,0.25652502931947463,holt_winters,JUNIN
2021-05-24,0.0,0.26516895362135273,holt_winters,JUNIN
2021-05-31,0.22014228529706306,0.011518503615440982,holt_winters,JUNIN
2021-06-07,0.29352304706275095,0.06792254376501076,holt_winters,JUNIN
2021-06-14,0.36690380882843887,0.07756592010221841,holt_winters,JUNIN
2021-06-21,0.1467615235313752,0.0,holt_winters,JUNIN
2021-06-28,0.1467615235313752,0.07924969314905957,holt_winters,JUNIN
2021-07-05,0.29352304706275095,0.053909893738510295,holt_winters,JUNIN
2021-07-12,0.36690380882843887,0.054986987445173156,holt_winters,JUNIN
2021-07-19,0.44028457059412673,0.06883760427086838,holt_winters,JUNIN
2021-07-26,0.29352304706275095,0.3362336584827478,holt_winters,JUNIN
2021-08-02,0.44028457059412673,0.2010249434207177,holt_winters,JUNIN
2021-08-09,0.36690380882843887,0.042201939321940926,holt_winters,JUNIN
2021-08-16,0.29352304706275095,0.0,holt_winters,JUNIN
2021-08-23,0.29352304706275095,0.3118373787076667,holt_winters,JUNIN
2021-08-30,0.22014228529706306,0.3801266942570895,holt_winters,JUNIN
2021-09-06,0.29352304706275095,0.3095239935340394,holt_winters,JUNIN
2021-09-13,0.0733807617656873,0.31487815058880314,holt_winters,JUNIN
2021-09-20,0.1467615235313752,0.000785881996668206,holt_winters,JUNIN
2021-09-27,0.29352304706275095,0.0,holt_winters,JUNIN
2021-10-04,0.36690380882843887,0.0,holt_winters,JUNIN
2021-10-11,0.44028457059412673,0.0,holt_winters,JUNIN
2021-10-18,0.5136653323598147,0.425273473124274,holt_winters,JUNIN
2021-10-25,0.5136653323598147,0.47180994490924505,holt_winters,JUNIN
2021-11-01,0.5136653323598147,0.4550217971954419,holt_winters,JUNIN
2021-11-08,0.36690380882843887,0.5485052714071843,holt_winters,JUNIN
2021-11-15,0.5136653323598147,0.36341436427296503,holt_winters,JUNIN
2021-11-22,0.3669038088284389,0.3173006002953388,holt_winters,JUNIN
2021-11-29,0.22014228529706312,0.3047167166970006,holt_winters,JUNIN
2021-12-06,0.14676152353137523,0.18039730585588248,holt_winters,JUNIN
2021-12-13,0.22014228529706312,0.17644289996617787,holt_winters,JUNIN
2021-12-20,0.293523047062751,0.22213311924023518,holt_winters,JUNIN
2021-12-27,0.293523047062751,0.30771766614372675,holt_winters,JUNIN
2022-01-03,0.3656792840767354,0.39048496610825517,holt_winters,JUNIN
2022-01-10,0.3650670217008836,0.34865099093266966,holt_winters,JUNIN
2022-01-17,0.5093794957288524,0.2808570002748073,holt_winters,JUNIN
2022-01-24,0.6549164945085247,0.13846328830331123,holt_winters,JUNIN
2022-01-31,0.800453493288197,0.06987797535068892,holt_winters,JUNIN
2022-02-07,0.6549164945085247,0.9062479054284247,holt_winters,JUNIN
2022-02-14,0.5093794957288523,1.0753965586836354,holt_winters,JUNIN
2022-02-21,0.3638424969491802,1.3371815130615428,holt_winters,JUNIN
2022-02-28,0.291073997559344,1.5650601082599556,holt_winters,JUNIN
2022-03-07,0.4366109963390163,0.1892994986013227,holt_winters,JUNIN
2022-03-14,0.4366109963390163,0.06290264367355822,holt_winters,JUNIN
2022-03-21,0.6549164945085247,0.011874944930368716,holt_winters,JUNIN
2022-03-28,0.5821479951186885,0.1477203790464095,holt_winters,JUNIN
2022-04-04,0.5821479951186885,0.634299070418932,holt_winters,JUNIN
2022-04-11,0.5821479951186885,0.8057623652094872,holt_winters,JUNIN
2022-04-18,0.6549164945085247,0.8092932331481697,holt_winters,JUNIN
2022-04-25,0.8732219926780337,0.7601469354744612,holt_winters,JUNIN
2022-05-02,0.6549164945085247,1.0535904492980777,holt_winters,JUNIN
2022-05-09,0.7276849938983609,1.2762938412388891,holt_winters,JUNIN
2022-05-16,0.8732219926780331,1.467948569909833,holt_winters,JUNIN
2022-05-23,1.1642959902373775,1.4155816560502346,holt_winters,JUNIN
2022-05-30,1.0187589914577053,1.311177238484445,holt_winters,JUNIN
2022-06-06,1.2370644896272136,1.4361325937227258,holt_winters,JUNIN
2022-06-13,1.7464439853560665,1.5459621098227125,holt_winters,JUNIN
2022-06-20,2.5468974786442637,1.302959801590533,holt_winters,JUNIN
2022-06-27,2.2558234810849194,2.4554979307582254,holt_winters,JUNIN
2022-07-04,1.8919809841357387,2.491530844882643,holt_winters,JUNIN
2022-07-11,1.2370644896272138,2.4743123145875363,holt_winters,JUNIN
2022-07-18,1.1642959902373777,2.4775983601769753,holt_winters,JUNIN
2022-07-25,1.746443985356067,0.9196986511464047,holt_winters,JUNIN
2022-08-01,1.6736754859662304,0.7951282822731105,holt_winters,JUNIN
2022-08-08,1.8919809841357391,0.6389106998407101,holt_winters,JUNIN
2022-08-15,1.0915274908475416,0.5407104594779251,holt_winters,JUNIN
2022-08-22,1.1642959902373777,1.0975596460661365,holt_winters,JUNIN
2022-08-29,1.0187589914577055,1.13968873001456,holt_winters,JUNIN
2022-09-05,0.8732219926780332,1.0454517219576007,holt_winters,JUNIN
2022-09-12,0.8732219926780331,0.9706371211682698,holt_winters,JUNIN
2022-09-19,0.9459904920678692,0.8341408125772325,holt_winters,JUNIN
2022-09-26,1.1642959902373777,0.815201106680407,holt_winters,JUNIN
2022-10-03,0.9459904920678693,0.7764311135332258,holt_winters,JUNIN
2022-10-10,0.7276849938983609,0.8303010876927723,holt_winters,JUNIN
2022-10-17,0.8732219926780331,0.8040453670379559,holt_winters,JUNIN
2022-10-24,0.8732219926780331,0.8276498189742787,holt_winters,JUNIN
2022-10-31,1.1642959902373775,0.7620929426866465,holt_winters,JUNIN
2022-11-07,0.9459904920678692,0.8749292417626555,holt_winters,JUNIN
2022-11-14,0.9459904920678692,0.9587935089421287,holt_winters,JUNIN
2022-11-21,0.5821479951186886,0.8513780128193777,holt_winters,JUNIN
2022-11-28,0.6549164945085248,0.7336894839241501,holt_winters,JUNIN
2022-12-05,0.9459904920678692,0.6323598759604381,holt_winters,JUNIN
2010-12-27,0.9577779551440658,0.9194000822521999,arima,JUNIN
2011-01-03,0.8756504697982509,0.8335886383559181,arima,JUNIN
2011-01-10,0.8744941419230129,0.9589827791574501,arima,JUNIN
2011-01-17,0.7923666565771978,0.9135610800450276,arima,JUNIN
2011-01-24,0.9508399878926376,0.7454348943598936,arima,JUNIN
2011-01-31,1.1885499848657968,0.8169762964242846,arima,JUNIN
2011-02-07,0.9508399878926374,0.7907225715426729,arima,JUNIN
2011-02-14,0.6338933252617582,0.7832046043833982,arima,JUNIN
2011-02-21,0.6338933252617582,0.4908370105483726,arima,JUNIN
2011-02-28,0.8716033222349177,0.5124738052998097,arima,JUNIN
2011-03-07,1.5054966474966758,0.5410836612062666,arima,JUNIN
2011-03-14,1.8224433101275548,0.51754016240256,arima,JUNIN
2011-03-21,1.6639699788121156,2.0581189561913535,arima,JUNIN
2011-03-28,1.1885499848657968,1.9770251938156114,arima,JUNIN
2011-04-04,1.8224433101275552,1.9622675002523966,arima,JUNIN
2011-04-11,2.931756629335632,1.9931273736618347,arima,JUNIN
2011-04-18,4.1203066142014295,3.9014425145528433,arima,JUNIN
2011-04-25,4.358016611174588,3.5905331289313303,arima,JUNIN
2011-05-02,4.437253276832308,3.458687334893373,arima,JUNIN
2011-05-09,3.5656499545973905,3.627716433970382,arima,JUNIN
2011-05-16,2.694046632362473,3.0087294177200725,arima,JUNIN
2011-05-23,2.3770999697315935,2.756828244504684,arima,JUNIN
2011-05-30,2.7732832980201927,3.0679829127399056,arima,JUNIN
2011-06-06,2.9317566293356325,2.942216783026716,arima,JUNIN
2011-06-13,2.694046632362473,2.93200522940715,arima,JUNIN
2011-06-20,1.9016799757852747,2.9334999364040453,arima,JUNIN
2011-06-27,1.7432066444698353,2.932554737974963,arima,JUNIN
2011-07-04,1.3470233161812362,2.9326350315006873,arima,JUNIN
2011-07-11,1.5054966474966758,1.438022492990878,arima,JUNIN
2011-07-18,1.0300766535503572,1.2428031546315497,arima,JUNIN
2011-07-25,0.7923666565771977,1.3291571001213924,arima,JUNIN
2011-08-01,0.7131299909194779,1.3355804330556804,arima,JUNIN
2011-08-08,0.8716033222349177,0.7337344837716142,arima,JUNIN
2011-08-15,1.0300766535503572,0.8199519687436432,arima,JUNIN
2011-08-22,0.7131299909194779,0.763765202383381,arima,JUNIN
2011-08-29,1.0300766535503572,0.766504031158783,arima,JUNIN
2011-09-05,1.2677866505235167,1.1311043460631516,arima,JUNIN
2011-09-12,1.505496647496676,1.4763497221712778,arima,JUNIN
2011-09-19,1.109313319208077,1.236190693192765,arima,JUNIN
2011-09-26,0.713129990919478,1.2517163487386296,arima,JUNIN
2011-10-03,0.8716033222349177,0.6916777914703676,arima,JUNIN
2011-10-10,0.9508399878926376,0.6065576947152986,arima,JUNIN
2011-10-17,1.0300766535503574,0.661536498012558,arima,JUNIN
2011-10-24,0.9508399878926376,0.6600427688859187,arima,JUNIN
2011-10-31,0.713129990919478,0.8683404356312259,arima,JUNIN
2011-11-07,1.0300766535503572,0.9307736225266643,arima,JUNIN
2011-11-14,0.8716033222349178,0.9242309465403482,arima,JUNIN
2011-11-21,1.1093133192080769,0.905811325250623,arima,JUNIN
2011-11-28,0.9508399878926372,0.9657747335419737,arima,JUNIN
2011-12-05,1.0300766535503572,1.1078778468565051,arima,JUNIN
2011-12-12,0.7131299909194779,1.0715808147145602,arima,JUNIN
2011-12-19,0.39618332828859887,1.045340954640309,arima,JUNIN
2011-12-26,0.316946662630879,0.2761121629111775,arima,JUNIN
2012-01-02,0.3950436323870726,0.2580553802680181,arima,JUNIN
2012-01-09,0.31580696672935277,0.30250796423447107,arima,JUNIN
2012-01-16,0.23600045312086984,0.2815031367546806,arima,JUNIN
2012-01-23,0.3933340885347832,0.1445262641231423,arima,JUNIN
2012-01-30,0.5506677239486965,0.201692888971377,arima,JUNIN
2012-02-06,0.5506677239486965,0.19614939323596434,arima,JUNIN
2012-02-13,0.47200090624173985,0.18227122106517013,arima,JUNIN
2012-02-20,0.5506677239486965,0.5039857472259808,arima,JUNIN
2012-02-27,0.6293345416556532,0.5927090477567907,arima,JUNIN
2012-03-05,0.5506677239486965,0.5323727187693561,arima,JUNIN
2012-03-12,0.31466727082782653,0.5405565144624096,arima,JUNIN
2012-03-19,0.3933340885347832,0.2612189334579281,arima,JUNIN
2012-03-26,0.3146672708278266,0.18844890298024616,arima,JUNIN
2012-04-02,0.47200090624173985,0.2431192524066562,arima,JUNIN
2012-04-09,0.9440018124834797,0.2336228889043505,arima,JUNIN
2012-04-16,1.2586690833113063,1.2462523748282694,arima,JUNIN
2012-04-23,1.65200317184609,1.538480986380164,arima,JUNIN
2012-04-30,1.88800362496696,1.2672948871132,arima,JUNIN
2012-05-07,2.8320054374504395,1.3221780914744876,arima,JUNIN
2012-05-14,3.618673614520007,3.456731633860051,arima,JUNIN
2012-05-21,3.933340885347833,3.422035474412744,arima,JUNIN
2012-05-28,3.6973404322269636,3.2324252033450085,arima,JUNIN
2012-06-04,3.5400067968130497,3.345371329733841,arima,JUNIN
2012-06-11,3.5400067968130497,3.2862457596052534,arima,JUNIN
2012-06-18,3.6973404322269636,3.241597564124226,arima,JUNIN
2012-06-25,2.9893390728643525,3.344046667409783,arima,JUNIN
2012-07-02,2.4386713489156566,3.302491336975698,arima,JUNIN
2012-07-09,1.9666704426739166,2.0810499631183745,arima,JUNIN
2012-07-16,2.4386713489156566,2.2916510595778083,arima,JUNIN
2012-07-23,2.5173381666226136,2.291644875516137,arima,JUNIN
2012-07-30,2.59600498432957,2.219377008107513,arima,JUNIN
2012-08-06,1.8093368072600031,2.510926505550615,arima,JUNIN
2012-08-13,1.7306699895530464,2.5111108639199373,arima,JUNIN
2012-08-20,1.4946695364321763,2.5391567410649873,arima,JUNIN
2012-08-27,1.65200317184609,2.52344305567582,arima,JUNIN
2012-09-03,1.3373359010182633,1.5199793774073607,arima,JUNIN
2012-09-10,1.2586690833113068,1.4958174838601548,arima,JUNIN
2012-09-17,1.4946695364321767,1.5510896086506425,arima,JUNIN
2012-09-24,1.5733363541391334,1.5288750058251748,arima,JUNIN
2012-10-01,1.3373359010182633,1.6391634205073191,arima,JUNIN
2012-10-08,0.94400181248348,1.5175072626875723,arima,JUNIN
2012-10-15,0.8653349947765232,1.5628349380706297,arima,JUNIN
2012-10-22,0.8653349947765232,1.577036235445418,arima,JUNIN
2012-10-29,1.0226686301904366,0.8973745161240154,arima,JUNIN
2012-11-05,0.7866681770695666,0.8481323734023802,arima,JUNIN
2012-11-12,0.7080013593626099,0.8646001542067516,arima,JUNIN
2012-11-19,1.0226686301904364,0.871141656480843,arima,JUNIN
2012-11-26,1.0226686301904366,1.278323317070091,arima,JUNIN
2012-12-03,1.3373359010182633,1.5456583516669364,arima,JUNIN
2012-12-10,1.0226686301904364,1.3045962307805223,arima,JUNIN
2012-12-17,1.65200317184609,1.348803574928347,arima,JUNIN
2012-12-24,1.88800362496696,1.7755532110749384,arima,JUNIN
2012-12-31,2.12400407808783,1.9605518280507614,arima,JUNIN
2013-01-07,1.9621767618615173,1.8142183211265164,arima,JUNIN
2013-01-14,1.644139230424391,1.8383916388437305,arima,JUNIN
2013-01-21,1.6402072597135415,1.5637443926038381,arima,JUNIN
2013-01-28,1.5621021521081346,1.4596395381563156,arima,JUNIN
2013-02-04,1.8745225825297618,1.5420499846501632,arima,JUNIN
2013-02-11,1.6402072597135415,1.5279495313173181,arima,JUNIN
2013-02-18,1.3277868292919146,1.613856759345349,arima,JUNIN
2013-02-25,0.7810510760540673,1.4739661618239182,arima,JUNIN
2013-03-04,0.7029459684486606,1.5612801851465337,arima,JUNIN
2013-03-11,1.249681721686508,1.5544062389350906,arima,JUNIN
2013-03-18,1.7183123673189484,1.650460402025793,arima,JUNIN
2013-03-25,2.108837905345982,1.921011709861863,arima,JUNIN
2013-04-01,2.499363443373016,1.6254559327373386,arima,JUNIN
2013-04-08,3.2023094118216764,1.6997540459845526,arima,JUNIN
2013-04-15,3.436624734637897,3.720964998953967,arima,JUNIN
2013-04-22,3.1242043042162693,3.472452241952819,arima,JUNIN
2013-04-29,2.967994089005456,3.440230834354163,arima,JUNIN
2013-05-06,3.59283494984871,3.5372228304540627,arima,JUNIN
2013-05-13,4.373886025902777,3.6790415020884364,arima,JUNIN
2013-05-20,3.983360487875743,3.853727973592469,arima,JUNIN
2013-05-27,3.983360487875744,3.7252801430945395,arima,JUNIN
2013-06-03,3.8271502726649302,3.7397636842369915,arima,JUNIN
2013-06-10,4.139570703086557,4.372263812326728,arima,JUNIN
2013-06-17,4.061465595481151,4.413641262937786,arima,JUNIN
2013-06-24,4.373886025902777,4.200365503812918,arima,JUNIN
2013-07-01,4.373886025902778,4.3067355602402015,arima,JUNIN
2013-07-08,3.8271502726649302,4.464465977390075,arima,JUNIN
2013-07-15,3.1242043042162693,4.075127349563163,arima,JUNIN
2013-07-22,2.655573658583829,4.262524314717355,arima,JUNIN
2013-07-29,2.889888981400049,4.283014882704771,arima,JUNIN
2013-08-05,2.811783873794642,2.79305701032329,arima,JUNIN
2013-08-12,2.499363443373016,2.97466885912338,arima,JUNIN
2013-08-19,1.796417474924355,2.9088504069592465,arima,JUNIN
2013-08-26,1.0934715064756941,2.880549681513507,arima,JUNIN
2013-09-02,1.483997044502728,0.9536189437292073,arima,JUNIN
2013-09-09,1.405891936897321,0.9126698068484216,arima,JUNIN
2013-09-16,1.8745225825297618,0.980047083070464,arima,JUNIN
2013-09-23,1.3277868292919144,0.9584760309640157,arima,JUNIN
2013-09-30,1.483997044502728,1.4051077542469383,arima,JUNIN
2013-10-07,1.3277868292919144,1.273338967209591,arima,JUNIN
2013-10-14,1.8745225825297618,1.3199665026672842,arima,JUNIN
2013-10-21,2.1869430129513887,1.3383690353266626,arima,JUNIN
2013-10-28,2.030732797740575,2.4665855208599443,arima,JUNIN
2013-11-04,1.6402072597135415,2.3362354686250426,arima,JUNIN
2013-11-11,1.0153663988702875,2.3153980524085602,arima,JUNIN
2013-11-18,1.483997044502728,2.3699383785703043,arima,JUNIN
2013-11-25,1.7183123673189478,1.518751209999118,arima,JUNIN
2013-12-02,2.030732797740575,1.8986414265215465,arima,JUNIN
2013-12-09,1.405891936897321,1.6612975501574132,arima,JUNIN
2013-12-16,1.0934715064756941,1.6706011898119524,arima,JUNIN
2013-12-23,1.2496817216865075,1.0593202270433872,arima,JUNIN
2013-12-30,1.483997044502728,1.1079361523683473,arima,JUNIN
2014-01-06,1.636884787684478,1.0915216335994784,arima,JUNIN
2014-01-13,1.2446980136429129,1.084560769960322,arima,JUNIN
2014-01-20,1.1632704340084434,1.1213274100136035,arima,JUNIN
2014-01-27,1.3183731585429026,1.0087874888975081,arima,JUNIN
2014-02-03,1.4734758830773618,1.1108630484272197,arima,JUNIN
2014-02-10,1.240821796275673,1.089317714699821,arima,JUNIN
2014-02-17,0.9306163472067546,1.0153681686899159,arima,JUNIN
2014-02-24,0.9306163472067546,1.001282081776215,arima,JUNIN
2014-03-03,1.008167709473984,1.0836782551347652,arima,JUNIN
2014-03-10,0.7755136226722955,1.0406912331875136,arima,JUNIN
2014-03-17,0.6204108981378363,0.6763229920577476,arima,JUNIN
2014-03-24,0.6979622604050659,0.6038548804228354,arima,JUNIN
2014-03-31,0.8530649849395252,0.6784850425408973,arima,JUNIN
2014-04-07,1.3183731585429026,0.6602989989492385,arima,JUNIN
2014-04-14,1.240821796275673,1.384611649172149,arima,JUNIN
2014-04-21,1.4734758830773618,1.5703152298373007,arima,JUNIN
2014-04-28,1.0081677094739843,1.4386292536089464,arima,JUNIN
2014-05-05,1.1632704340084434,1.4480623178090353,arima,JUNIN
2014-05-12,1.6285786076118207,1.1017921882774298,arima,JUNIN
2014-05-19,2.714297679353035,1.2608377011375511,arima,JUNIN
2014-05-26,3.877568113361479,1.188435845397767,arima,JUNIN
2014-06-02,4.420427649232086,1.1742336630344172,arima,JUNIN
2014-06-09,4.963287185102693,4.373886025902777,arima,JUNIN
2014-06-16,4.342876286964857,4.373886025902777,arima,JUNIN
2014-06-23,4.9632871851026925,4.373886025902777,arima,JUNIN
2014-06-30,4.963287185102693,4.373886025902777,arima,JUNIN
2014-07-07,4.885735822835463,4.6529271792231786,arima,JUNIN
2014-07-14,3.56736266429256,4.6529271792231786,arima,JUNIN
2014-07-21,2.714297679353035,4.6529271792231786,arima,JUNIN
2014-07-28,2.7142976793530345,4.6529271792231786,arima,JUNIN
2014-08-04,3.2571572152236414,2.7249373159060415,arima,JUNIN
2014-08-11,2.559194954818576,2.837930740146867,arima,JUNIN
2014-08-18,1.938784056680739,2.769304721341053,arima,JUNIN
2014-08-25,1.0857190717412137,2.769982707576524,arima,JUNIN
2014-09-01,1.0857190717412137,1.0838933689661046,arima,JUNIN
2014-09-08,1.0857190717412137,1.0332445562818164,arima,JUNIN
2014-09-15,0.8530649849395249,1.0621496102278662,arima,JUNIN
2014-09-22,0.6204108981378361,1.062551937657572,arima,JUNIN
2014-09-29,0.6204108981378361,0.4631766350189807,arima,JUNIN
2014-10-06,0.6979622604050656,0.4894357258966587,arima,JUNIN
2014-10-13,1.008167709473984,0.5258728667161849,arima,JUNIN
2014-10-20,1.2408217962756727,0.4964392629004857,arima,JUNIN
2014-10-27,1.1632704340084432,1.4832977922686306,arima,JUNIN
2014-11-03,1.008167709473984,1.5449664185396603,arima,JUNIN
2014-11-10,1.1632704340084432,1.4239475965826855,arima,JUNIN
2014-11-17,1.6285786076118207,1.4697226953854567,arima,JUNIN
2014-11-24,1.8612326944135094,1.9447197415991853,arima,JUNIN
2014-12-01,1.395924520810132,1.7590697719997275,arima,JUNIN
2014-12-08,0.9306163472067546,1.7480689965182585,arima,JUNIN
2014-12-15,0.6204108981378362,1.817154817036414,arima,JUNIN
2014-12-22,0.9306163472067546,0.4909595382084646,arima,JUNIN
2014-12-29,1.1632704340084434,0.4970696991110348,arima,JUNIN
2015-01-05,1.2391839499156874,0.5369616053991333,arima,JUNIN
2015-01-12,0.9273406544867832,0.5135410284345423,arima,JUNIN
2015-01-19,0.6930487213251092,0.8565877635787298,arima,JUNIN
2015-01-26,0.8470595482862442,0.838858081779696,arima,JUNIN
2015-02-02,0.6930487213251088,0.8653222648253664,arima,JUNIN
2015-02-09,0.7700541348056765,0.8533510206306207,arima,JUNIN
2015-02-16,0.6160433078445412,0.6656046779476736,arima,JUNIN
2015-02-23,0.6930487213251088,0.7268843644498728,arima,JUNIN
2015-03-02,0.5390378943639734,0.7229401376082769,arima,JUNIN
2015-03-09,0.46203248088340615,0.7064231740682199,arima,JUNIN
2015-03-16,0.6930487213251088,0.36084072104330156,arima,JUNIN
2015-03-23,0.5390378943639734,0.38333358252532657,arima,JUNIN
2015-03-30,0.6160433078445412,0.4069346909474067,arima,JUNIN
2015-04-06,0.8470595482862442,0.3865170014465642,arima,JUNIN
2015-04-13,2.0791461639753273,1.2415792719459917,arima,JUNIN
2015-04-20,2.4641732313781657,1.4491006319095692,arima,JUNIN
2015-04-27,3.003211125742139,1.1861973556635044,arima,JUNIN
2015-05-04,2.618184058339301,1.2418411134588796,arima,JUNIN
2015-05-11,3.5422490201061136,3.0126964313192044,arima,JUNIN
2015-05-18,4.081286914470087,2.6984561811489716,arima,JUNIN
2015-05-25,5.082357289717467,2.7261169147817674,arima,JUNIN
2015-06-01,4.774335635795196,2.810597016149378,arima,JUNIN
2015-06-08,3.696259847067249,4.373978471930688,arima,JUNIN
2015-06-15,2.541178644858733,4.133136674001639,arima,JUNIN
2015-06-22,1.8481299235336237,4.36567821899181,arima,JUNIN
2015-06-29,1.8481299235336237,4.320928429511558,arima,JUNIN
2015-07-06,1.6171136830919206,1.9282057118167413,arima,JUNIN
2015-07-13,1.6171136830919206,2.125402580927248,arima,JUNIN
2015-07-20,1.30909202916965,2.0048940254768897,arima,JUNIN
2015-07-27,1.0780757887279468,2.0051269514250087,arima,JUNIN
2015-08-03,0.7700541348056761,0.9753482673639415,arima,JUNIN
2015-08-10,0.7700541348056761,0.8884608756782213,arima,JUNIN
2015-08-17,0.6160433078445408,0.9564317664280146,arima,JUNIN
2015-08-24,0.5390378943639731,0.9485129756141462,arima,JUNIN
2015-08-31,0.3850270674028377,0.3804393120176584,arima,JUNIN
2015-09-07,0.46203248088340615,0.3992182498026257,arima,JUNIN
2015-09-14,0.46203248088340615,0.4331434134335563,arima,JUNIN
2015-09-21,0.46203248088340615,0.4121340936883027,arima,JUNIN
2015-09-28,0.5390378943639731,0.43781209250907926,arima,JUNIN
2015-10-05,0.5390378943639731,0.47090075058600006,arima,JUNIN
2015-10-12,0.5390378943639731,0.46233305935181623,arima,JUNIN
2015-10-19,0.3850270674028377,0.45692821129613875,arima,JUNIN
2015-10-26,0.30802165392227,0.3769691664781625,arima,JUNIN
2015-11-02,0.5390378943639731,0.34579559937432924,arima,JUNIN
2015-11-09,0.6930487213251085,0.36220621367211475,arima,JUNIN
2015-11-16,1.2320866156890824,0.3636577824794012,arima,JUNIN
2015-11-23,1.001070375247379,1.2945665759390925,arima,JUNIN
2015-11-30,1.1550812022085146,1.4541713090683626,arima,JUNIN
2015-12-07,0.6160433078445408,1.3688101022182324,arima,JUNIN
2015-12-14,0.539037894363973,1.3613288406480426,arima,JUNIN
2015-12-21,0.23101624044170307,0.3875991319478796,arima,JUNIN
2015-12-28,0.15401082696113455,0.46380189447570175,arima,JUNIN
2016-01-04,0.22993960895493815,0.4656299986823605,arima,JUNIN
2016-01-11,0.38233548868592737,0.44643359211764305,arima,JUNIN
2016-01-18,0.8411380751090413,0.5377287224431198,arima,JUNIN
2016-01-25,0.8411380751090412,0.5042293106137457,arima,JUNIN
2016-02-01,0.8411380751090413,0.48107390272431594,arima,JUNIN
2016-02-08,0.7646709773718556,0.4980614942668929,arima,JUNIN
2016-02-15,0.9176051728462268,0.8110640276665331,arima,JUNIN
2016-02-22,1.0705393683205982,0.8672056315945933,arima,JUNIN
2016-02-29,0.8411380751090413,0.8335194285737875,arima,JUNIN
2016-03-07,0.5352696841602987,0.8342800022138335,arima,JUNIN
2016-03-14,0.4588025864231131,0.3733964328268013,arima,JUNIN
2016-03-21,0.5352696841602987,0.3605773580089454,arima,JUNIN
2016-03-28,0.7646709773718557,0.39895727560065336,arima,JUNIN
2016-04-04,0.4588025864231131,0.38604225014023447,arima,JUNIN
2016-04-11,0.5352696841602987,0.35128333245854915,arima,JUNIN
2016-04-18,0.5352696841602987,0.2184660491898597,arima,JUNIN
2016-04-25,0.6117367818974845,0.2945272952798978,arima,JUNIN
2016-05-02,0.4588025864231131,0.2919143957739279,arima,JUNIN
2016-05-09,0.38233548868592754,0.3492224695313398,arima,JUNIN
2016-05-16,0.3823354886859274,0.37848070185357735,arima,JUNIN
2016-05-23,0.30586839094874185,0.39156681081209077,arima,JUNIN
2016-05-30,0.6117367818974844,0.37874521517594745,arima,JUNIN
2016-06-06,1.147006466057784,0.7849934951036646,arima,JUNIN
2016-06-13,1.6822761502180834,1.0285140520698608,arima,JUNIN
2016-06-20,1.6822761502180834,0.8696146449344959,arima,JUNIN
2016-06-27,1.4528748570065264,0.8876516261569181,arima,JUNIN
2016-07-04,1.4528748570065264,1.4418698460682644,arima,JUNIN
2016-07-11,1.376407759269341,1.3943174420413218,arima,JUNIN
2016-07-18,1.6058090524808977,1.417567301153222,arima,JUNIN
2016-07-25,1.91167744342964,1.4182225087061666,arima,JUNIN
2016-08-01,1.988144541166826,2.137054339942866,arima,JUNIN
2016-08-08,1.8352103456924542,2.1717241253801856,arima,JUNIN
2016-08-15,1.1470064660577837,2.1052784780722833,arima,JUNIN
2016-08-22,0.9940722705834125,2.1276405838809356,arima,JUNIN
2016-08-29,0.9940722705834125,0.8582297054384278,arima,JUNIN
2016-09-05,1.1470064660577837,0.982566627792975,arima,JUNIN
2016-09-12,1.1470064660577837,0.9557018234495245,arima,JUNIN
2016-09-19,1.1470064660577837,0.9404834265829776,arima,JUNIN
2016-09-26,0.9940722705834125,1.217727137440912,arima,JUNIN
2016-10-03,1.0705393683205982,1.263020930978938,arima,JUNIN
2016-10-10,0.9176051728462268,1.2274089971763797,arima,JUNIN
2016-10-17,0.8411380751090413,1.2333210197346687,arima,JUNIN
2016-10-24,0.7646709773718556,0.7127472326268809,arima,JUNIN
2016-10-31,0.9176051728462268,0.6687661451207165,arima,JUNIN
2016-11-07,1.1470064660577837,0.7136792193262489,arima,JUNIN
2016-11-14,0.9176051728462268,0.7040995851560083,arima,JUNIN
2016-11-21,1.2234735637949694,0.7649281540407573,arima,JUNIN
2016-11-28,0.9940722705834125,0.6574138691003752,arima,JUNIN
2016-12-05,1.1470064660577837,0.7325989027921387,arima,JUNIN
2016-12-12,0.5352696841602986,0.7219848865079519,arima,JUNIN
2016-12-19,0.5352696841602986,0.4817254072399691,arima,JUNIN
2016-12-26,0.8411380751090412,0.3578991341682265,arima,JUNIN
2017-01-02,0.9160126478422855,0.4258718067529223,arima,JUNIN
2017-01-09,1.3705685009215565,0.4141316229260971,arima,JUNIN
2017-01-16,0.8352988167612571,1.247117273163942,arima,JUNIN
2017-01-23,1.2149800971072833,1.5706656848314076,arima,JUNIN
2017-01-30,0.7593625606920518,1.432522005334838,arima,JUNIN
2017-02-06,1.139043841038078,1.4321560780209825,arima,JUNIN
2017-02-13,0.6834263046228465,1.0157763831086717,arima,JUNIN
2017-02-20,0.7593625606920518,1.2395519200213996,arima,JUNIN
2017-02-27,0.8352988167612571,1.134511121511789,arima,JUNIN
2017-03-06,0.9112350728304625,1.1555081540057062,arima,JUNIN
2017-03-13,0.9871713288996675,0.9458843239828028,arima,JUNIN
2017-03-20,0.9112350728304625,0.760031572674144,arima,JUNIN
2017-03-27,1.2149800971072835,0.8542305580450724,arima,JUNIN
2017-04-03,1.7465338895917204,0.8284902036223893,arima,JUNIN
2017-04-10,2.733705218491389,1.9942024528375897,arima,JUNIN
2017-04-17,3.1133864988374156,2.2104141822774763,arima,JUNIN
2017-04-24,4.100557827737084,2.0490704194835456,arima,JUNIN
2017-05-01,3.7208765473910574,2.100315570205883,arima,JUNIN
2017-05-08,4.176494083806289,4.202665699810647,arima,JUNIN
2017-05-15,3.341195267045031,3.720004564969286,arima,JUNIN
2017-05-22,2.961513986699005,3.9000813096833706,arima,JUNIN
2017-05-29,2.1262151699377467,3.8728194774028797,arima,JUNIN
2017-06-05,2.1262151699377467,1.8608628643659744,arima,JUNIN
2017-06-12,2.202151426006952,1.7200819882066174,arima,JUNIN
2017-06-19,2.278087682076157,1.8265124299993714,arima,JUNIN
2017-06-26,1.6705976335225152,1.788798622997489,arima,JUNIN
2017-07-03,1.290916353176489,1.4265636210462747,arima,JUNIN
2017-07-10,1.1390438410380785,1.3152390654111543,arima,JUNIN
2017-07-17,1.290916353176489,1.4053455085909108,arima,JUNIN
2017-07-24,1.59466137745331,1.371954049470078,arima,JUNIN
2017-07-31,1.7465338895917206,1.7606171124252605,arima,JUNIN
2017-08-07,1.4427888653148992,1.8457207642893203,arima,JUNIN
2017-08-14,0.987171328899668,1.776012742294529,arima,JUNIN
2017-08-21,0.7593625606920521,1.8008225243006835,arima,JUNIN
2017-08-28,0.8352988167612573,0.724078627740077,arima,JUNIN
2017-09-04,1.0631075849688731,0.7514519338851351,arima,JUNIN
2017-09-11,0.9112350728304627,0.7419013693665093,arima,JUNIN
2017-09-18,0.8352988167612573,0.7432495297682509,arima,JUNIN
2017-09-25,0.6074900485536415,0.6875482706221796,arima,JUNIN
2017-10-02,0.7593625606920521,0.7617016289075582,arima,JUNIN
2017-10-09,0.8352988167612573,0.7428937189445881,arima,JUNIN
2017-10-16,0.9871713288996679,0.7425263398001958,arima,JUNIN
2017-10-23,0.6834263046228468,0.9988469509533575,arima,JUNIN
2017-10-30,0.5315537924844363,0.9927025561825698,arima,JUNIN
2017-11-06,0.2278087682076152,0.9943239329142408,arima,JUNIN
2017-11-13,0.7593625606920521,0.9942755153840459,arima,JUNIN
2017-11-20,0.9112350728304626,0.8874970410868586,arima,JUNIN
2017-11-27,1.290916353176489,1.3673675019440337,arima,JUNIN
2017-12-04,1.290916353176489,1.087054634026392,arima,JUNIN
2017-12-11,1.290916353176489,1.171854916182847,arima,JUNIN
2017-12-18,1.2149800971072835,1.410784739528121,arima,JUNIN
2017-12-25,0.9112350728304631,1.2193904388506471,arima,JUNIN
2018-01-01,1.2097368809235052,1.2992730940250445,arima,JUNIN
2018-01-08,1.0565535647391502,1.2834460896989937,arima,JUNIN
2018-01-15,1.27977451878596,1.1027218175665099,arima,JUNIN
2018-01-22,0.978651102601028,0.8757396570910989,arima,JUNIN
2018-01-29,0.978651102601028,0.9885476680339234,arima,JUNIN
2018-02-05,0.752808540462329,0.9556016161394791,arima,JUNIN
2018-02-12,0.6775276864160961,0.7275797254619008,arima,JUNIN
2018-02-19,0.828089394508562,0.7352636533310786,arima,JUNIN
2018-02-26,0.9033702485547951,0.7340340124761282,arima,JUNIN
2018-03-05,1.355055372832193,0.7338137211727553,arima,JUNIN
2018-03-12,1.204493664739727,1.421498194261964,arima,JUNIN
2018-03-19,1.2044936647397269,1.6564607030360765,arima,JUNIN
2018-03-26,0.5269659783236301,1.5322425393301424,arima,JUNIN
2018-04-02,0.7528085404623291,1.5957350983057395,arima,JUNIN
2018-04-09,0.6022468323698632,0.6462396950517508,arima,JUNIN
2018-04-16,1.355055372832193,1.0135263999262416,arima,JUNIN
2018-04-23,1.7314596430633582,0.8074379838168599,arima,JUNIN
2018-04-30,2.107863913294523,0.9151621979132385,arima,JUNIN
2018-05-07,2.258425621386989,1.9995935170217374,arima,JUNIN
2018-05-14,3.0112341618493184,1.7758573073609685,arima,JUNIN
2018-05-21,3.914604410404115,1.8929835045869594,arima,JUNIN
2018-05-28,4.742693804912678,1.829934913150821,arima,JUNIN
2018-06-04,5.420221491328775,4.622038102958747,arima,JUNIN
2018-06-11,5.871906615606171,4.927412392148082,arima,JUNIN
2018-06-18,6.498968073940831,4.765755405838023,arima,JUNIN
2018-06-25,6.674344407998092,4.84970846894485,arima,JUNIN
2018-07-02,6.222659283720695,5.605412392282519,arima,JUNIN
2018-07-09,5.9720020956172,5.605412392282519,arima,JUNIN
2018-07-16,4.742693804912677,5.605412392282519,arima,JUNIN
2018-07-23,3.8393235563578814,5.605412392282519,arima,JUNIN
2018-07-30,3.0865150158955514,3.0987989310517943,arima,JUNIN
2018-08-06,2.4089873294794546,2.9286371892115906,arima,JUNIN
2018-08-13,2.03258305924829,3.0156504143434395,arima,JUNIN
2018-08-20,1.580897934970892,2.9704569395628386,arima,JUNIN
2018-08-27,1.731459643063358,1.5346920540155078,arima,JUNIN
2018-09-03,2.258425621386989,1.477934117286249,arima,JUNIN
2018-09-10,2.03258305924829,1.5070223157298566,arima,JUNIN
2018-09-17,2.03258305924829,1.4919900711486633,arima,JUNIN
2018-09-24,1.806740497109591,1.6424379451408555,arima,JUNIN
2018-10-01,1.580897934970892,1.863563767860911,arima,JUNIN
2018-10-08,1.355055372832193,1.7494077089710354,arima,JUNIN
2018-10-15,1.1292128106934942,1.806614008571704,arima,JUNIN
2018-10-22,1.2044936647397273,1.2356334637821438,arima,JUNIN
2018-10-29,1.1292128106934942,1.1861741337749456,arima,JUNIN
2018-11-05,1.430336226878426,1.2109710616718363,arima,JUNIN
2018-11-12,1.6561787890171251,1.1984345780900383,arima,JUNIN
2018-11-19,1.806740497109591,1.9099934239899428,arima,JUNIN
2018-11-26,1.355055372832193,1.868434247894705,arima,JUNIN
2018-12-03,1.2797745187859602,1.8896542229663007,arima,JUNIN
2018-12-10,1.1292128106934942,1.8787617041363642,arima,JUNIN
2018-12-17,1.204493664739727,1.249517892255553,arima,JUNIN
2018-12-24,1.204493664739727,1.1694546706545705,arima,JUNIN
2018-12-31,1.430336226878426,1.2099333452701653,arima,JUNIN
2019-01-07,1.7269503456172155,1.18919117448779,arima,JUNIN
2019-01-14,1.422606002685039,1.8828762008567281,arima,JUNIN
2019-01-21,0.970276693058192,1.9440610151098348,arima,JUNIN
2019-01-28,0.5970933495742718,1.9126724052778834,arima,JUNIN
2019-02-04,0.29854667478713565,1.9286507743521155,arima,JUNIN
2019-02-11,0.5970933495742718,0.21047939468993082,arima,JUNIN
2019-02-18,0.6717300182710558,0.11273291977376086,arima,JUNIN
2019-02-25,1.0449133617549762,0.1612562917906956,arima,JUNIN
2019-03-04,1.1195500304517603,0.13639886073709004,arima,JUNIN
2019-03-11,1.0449133617549762,1.3219275020552268,arima,JUNIN
2019-03-18,0.6717300182710559,1.4299234867368296,arima,JUNIN
2019-03-25,0.970276693058192,1.3752391978998184,arima,JUNIN
2019-04-01,1.5673700426324644,1.4024625243587523,arima,JUNIN
2019-04-08,2.388373398297089,2.3660723031568693,arima,JUNIN
2019-04-15,2.388373398297089,2.3536471814554383,arima,JUNIN
2019-04-22,2.4630100669938737,2.360000029892832,arima,JUNIN
2019-04-29,1.9405533861163848,2.3567474408134457,arima,JUNIN
2019-05-06,2.4630100669938737,1.778672586826743,arima,JUNIN
2019-05-13,3.0601034165681456,1.5448820863048436,arima,JUNIN
2019-05-20,3.433286760052066,1.6644030689147802,arima,JUNIN
2019-05-27,3.2093767539617137,1.6013050223902585,arima,JUNIN
2019-06-03,2.9854667478713615,2.974391996671077,arima,JUNIN
2019-06-10,3.2093767539617137,3.0912663527612994,arima,JUNIN
2019-06-17,2.985466747871362,3.026229910781817,arima,JUNIN
2019-06-24,2.5376467356906574,3.0620586831634915,arima,JUNIN
2019-07-01,2.388373398297089,2.2641537256779483,arima,JUNIN
2019-07-08,2.8361934104777933,2.133169711746827,arima,JUNIN
2019-07-15,2.8361934104777937,2.2039243714683057,arima,JUNIN
2019-07-22,2.9108300791745774,2.165148990057764,arima,JUNIN
2019-07-29,2.015190054813169,2.6350342874312567,arima,JUNIN
2019-08-05,1.6420067113292485,2.807503854840471,arima,JUNIN
2019-08-12,1.3434600365421125,2.7088620623595507,arima,JUNIN
2019-08-19,1.1941866991485444,2.7643999040927016,arima,JUNIN
2019-08-26,0.9702766930581922,1.150537698305555,arima,JUNIN
2019-09-02,0.7463666869678399,1.0425801780658408,arima,JUNIN
2019-09-09,0.7463666869678399,1.1007051023501648,arima,JUNIN
2019-09-16,0.970276693058192,1.0688367088960673,arima,JUNIN
2019-09-23,0.821003355664624,1.1026660254289697,arima,JUNIN
2019-09-30,0.6717300182710559,1.2083009118929828,arima,JUNIN
2019-10-07,0.5224566808774878,1.1504607218287473,arima,JUNIN
2019-10-14,0.74636668696784,1.1815886684735624,arima,JUNIN
2019-10-21,0.8956400243614081,0.8410504323473091,arima,JUNIN
2019-10-28,1.0449133617549762,0.9348469744973193,arima,JUNIN
2019-11-04,0.8956400243614082,0.8832830415307213,arima,JUNIN
2019-11-11,0.74636668696784,0.9111394641990334,arima,JUNIN
2019-11-18,0.5224566808774879,0.6299379201758928,arima,JUNIN
2019-11-25,0.22391000609035164,0.6103710766990422,arima,JUNIN
2019-12-02,0.1492733373935676,0.6210500230338316,arima,JUNIN
2019-12-09,0.1492733373935676,0.615197078141297,arima,JUNIN
2019-12-16,0.37318334348391974,0.24679525141456696,arima,JUNIN
2019-12-23,0.74636668696784,0.24805043933060567,arima,JUNIN
2019-12-30,0.9702766930581922,0.2473649998788506,arima,JUNIN
2020-01-06,1.3383935649881022,0.24773917601324427,arima,JUNIN
2020-01-13,1.2612236605143128,1.3215216269877152,arima,JUNIN
2020-01-20,1.1100503962879908,1.4919602247507981,arima,JUNIN
2020-01-27,0.9620436767829253,1.3992159297411138,arima,JUNIN
2020-02-03,0.740033597525327,1.4484286705056113,arima,JUNIN
2020-02-10,0.5920268780202615,0.7423199366682565,arima,JUNIN
2020-02-17,0.44402015851519594,0.6329513623863909,arima,JUNIN
2020-02-24,0.6660302377727941,0.6894326621430387,arima,JUNIN
2020-03-02,0.7400335975253269,0.6595677561585072,arima,JUNIN
2020-03-09,0.6660302377727942,0.8631591322857401,arima,JUNIN
2020-03-16,0.444020158515196,0.767629761372449,arima,JUNIN
2020-03-23,0.444020158515196,0.8164476874554409,arima,JUNIN
2020-03-30,0.5920268780202615,0.7910136141586639,arima,JUNIN
2020-04-06,0.5920268780202615,0.6966861030014702,arima,JUNIN
2020-04-13,0.444020158515196,0.7474303669145375,arima,JUNIN
2020-04-20,0.07400335975253217,0.7207046807332147,arima,JUNIN
2020-04-27,0.0,0.7346308039942524,arima,JUNIN
2020-05-04,0.07400335975253217,0.0,arima,JUNIN
2020-05-11,0.14800671950506492,0.0,arima,JUNIN
2020-05-18,0.14800671950506492,0.0,arima,JUNIN
2020-05-25,0.14800671950506492,0.0,arima,JUNIN
2020-06-01,0.14800671950506492,0.19184543874094656,arima,JUNIN
2020-06-08,0.14800671950506492,0.21891490785920267,arima,JUNIN
2020-06-15,0.22201007925759766,0.20485850331691716,arima,JUNIN
2020-06-22,0.14800671950506492,0.21209782293087648,arima,JUNIN
2020-06-29,0.14800671950506494,0.1522546250061111,arima,JUNIN
2020-07-06,0.07400335975253217,0.06727761276871326,arima,JUNIN
2020-07-13,0.14800671950506492,0.11119405120840718,arima,JUNIN
2020-07-20,0.14800671950506492,0.08785759691527352,arima,JUNIN
2020-07-27,0.22201007925759766,0.17350054432913758,arima,JUNIN
2020-08-03,0.14800671950506492,0.16464353530545298,arima,JUNIN
2020-08-10,0.14800671950506494,0.16930462061206822,arima,JUNIN
2020-08-17,0.22201007925759772,0.1668449585712087,arima,JUNIN
2020-08-24,0.2960134390101305,0.3029355121814093,arima,JUNIN
2020-08-31,0.2960134390101305,0.3577837643179526,arima,JUNIN
2020-09-07,0.14800671950506492,0.32841988145938866,arima,JUNIN
2020-09-14,0.07400335975253217,0.3439096016183174,arima,JUNIN
2020-09-21,0.07400335975253217,0.022844223610082315,arima,JUNIN
2020-09-28,0.0,0.027689267322115914,arima,JUNIN
2020-10-05,0.0,0.025119989025280638,arima,JUNIN
2020-10-12,0.0,0.026480138281614725,arima,JUNIN
2020-10-19,0.0,0.057497190744676664,arima,JUNIN
2020-10-26,0.14800671950506492,0.06582490117051988,arima,JUNIN
2020-11-02,0.14800671950506492,0.06142165430182797,arima,JUNIN
2020-11-09,0.22201007925759766,0.06374327975711022,arima,JUNIN
2020-11-16,0.22201007925759772,0.14479555693501422,arima,JUNIN
2020-11-23,0.37001679876266325,0.16752238421910687,arima,JUNIN
2020-11-30,0.29601343901013044,0.15560106401500018,arima,JUNIN
2020-12-07,0.14800671950506494,0.16180987616227702,arima,JUNIN
2020-12-14,0.07400335975253218,0.03880528078516483,arima,JUNIN
2020-12-21,0.07400335975253218,0.01737764442910849,arima,JUNIN
2020-12-28,0.07400335975253218,0.02844272142864318,arima,JUNIN
2021-01-04,0.0,0.022685065719644862,arima,JUNIN
2021-01-11,0.0,0.0,arima,JUNIN
2021-01-18,0.07338076176568732,0.0,arima,JUNIN
2021-01-25,0.07338076176568732,0.0,arima,JUNIN
2021-02-01,0.07338076176568732,0.0,arima,JUNIN
2021-02-08,0.0,0.029393101128220755,arima,JUNIN
2021-02-15,0.1467615235313752,0.046915587648722036,arima,JUNIN
2021-02-22,0.1467615235313752,0.03765679625216375,arima,JUNIN
2021-03-01,0.1467615235313752,0.04251936271435038,arima,JUNIN
2021-03-08,0.07338076176568732,0.06495018587014154,arima,JUNIN
2021-03-15,0.1467615235313752,0.05936750721066979,arima,JUNIN
2021-03-22,0.1467615235313752,0.062343077134914146,arima,JUNIN
2021-03-29,0.22014228529706312,0.06075411248727479,arima,JUNIN
2021-04-05,0.1467615235313752,0.20097736993535958,arima,JUNIN
2021-04-12,0.22014228529706312,0.2454268955634568,arima,JUNIN
2021-04-19,0.0733807617656873,0.22206380405649015,arima,JUNIN
2021-04-26,0.0733807617656873,0.23418253721307267,arima,JUNIN
2021-05-03,0.1467615235313752,0.0,arima,JUNIN
2021-05-10,0.1467615235313752,0.03180285481787998,arima,JUNIN
2021-05-17,0.1467615235313752,0.013871017595289505,arima,JUNIN
2021-05-24,0.0,0.023156213376909214,arima,JUNIN
2021-05-31,0.22014228529706306,0.0019308067033533432,arima,JUNIN
2021-06-07,0.29352304706275095,0.0,arima,JUNIN
2021-06-14,0.36690380882843887,0.0,arima,JUNIN
2021-06-21,0.1467615235313752,0.0,arima,JUNIN
2021-06-28,0.1467615235313752,0.09372606198155697,arima,JUNIN
2021-07-05,0.29352304706275095,0.04647003925132166,arima,JUNIN
2021-07-12,0.36690380882843887,0.07159660462973345,arima,JUNIN
2021-07-19,0.44028457059412673,0.05802441200605771,arima,JUNIN
2021-07-26,0.29352304706275095,0.38425101753205293,arima,JUNIN
2021-08-02,0.44028457059412673,0.43237288401392565,arima,JUNIN
2021-08-09,0.36690380882843887,0.406021679355542,arima,JUNIN
2021-08-16,0.29352304706275095,0.42027904183360343,arima,JUNIN
2021-08-23,0.29352304706275095,0.17450364429731918,arima,JUNIN
2021-08-30,0.22014228529706306,0.14253121589875764,arima,JUNIN
2021-09-06,0.29352304706275095,0.15988885210332937,arima,JUNIN
2021-09-13,0.0733807617656873,0.15037367772327848,arima,JUNIN
2021-09-20,0.1467615235313752,0.0758157098085851,arima,JUNIN
2021-09-27,0.29352304706275095,0.0,arima,JUNIN
2021-10-04,0.36690380882843887,0.03480728752687354,arima,JUNIN
2021-10-11,0.44028457059412673,0.008075370560053197,arima,JUNIN
2021-10-18,0.5136653323598147,0.35987360811201763,arima,JUNIN
2021-10-25,0.5136653323598147,0.43424487925618216,arima,JUNIN
2021-11-01,0.5136653323598147,0.3988880170395634,arima,JUNIN
2021-11-08,0.36690380882843887,0.41038573896650565,arima,JUNIN
2021-11-15,0.5136653323598147,0.4018152776680726,arima,JUNIN
2021-11-22,0.3669038088284389,0.3561403195538693,arima,JUNIN
2021-11-29,0.22014228529706312,0.3790272102189713,arima,JUNIN
2021-12-06,0.14676152353137523,0.37116351202837233,arima,JUNIN
2021-12-13,0.22014228529706312,0.1402444918925672,arima,JUNIN
2021-12-20,0.293523047062751,0.1948313770756531,arima,JUNIN
2021-12-27,0.293523047062751,0.1629559215528892,arima,JUNIN
2022-01-03,0.3656792840767354,0.17417675593046758,arima,JUNIN
2022-01-10,0.3650670217008836,0.40806547067991455,arima,JUNIN
2022-01-17,0.5093794957288524,0.44433776927414215,arima,JUNIN
2022-01-24,0.6549164945085247,0.4159489565660236,arima,JUNIN
2022-01-31,0.800453493288197,0.42653619461677533,arima,JUNIN
2022-02-07,0.6549164945085247,0.8190139900458979,arima,JUNIN
2022-02-14,0.5093794957288523,0.7890144532810099,arima,JUNIN
2022-02-21,0.3638424969491802,0.801965872029283,arima,JUNIN
2022-02-28,0.291073997559344,0.7995877414090755,arima,JUNIN
2022-03-07,0.4366109963390163,0.24642535974644367,arima,JUNIN
2022-03-14,0.4366109963390163,0.24124486893788466,arima,JUNIN
2022-03-21,0.6549164945085247,0.2503692150869953,arima,JUNIN
2022-03-28,0.5821479951186885,0.24634235044705935,arima,JUNIN
2022-04-04,0.5821479951186885,0.671045544509365,arima,JUNIN
2022-04-11,0.5821479951186885,0.6112420178592799,arima,JUNIN
2022-04-18,0.6549164945085247,0.6286218685537877,arima,JUNIN
2022-04-25,0.8732219926780337,0.6291244427864151,arima,JUNIN
2022-05-02,0.6549164945085247,0.9092164192122574,arima,JUNIN
2022-05-09,0.7276849938983609,0.9547193260201912,arima,JUNIN
2022-05-16,0.8732219926780331,0.9231501988564461,arima,JUNIN
2022-05-23,1.1642959902373775,0.9318866532841938,arima,JUNIN
2022-05-30,1.0187589914577053,1.2239781853086251,arima,JUNIN
2022-06-06,1.2370644896272136,1.182853660933327,arima,JUNIN
2022-06-13,1.7464439853560665,1.193727074638527,arima,JUNIN
2022-06-20,2.5468974786442637,1.195940053883675,arima,JUNIN
2022-06-27,2.2558234810849194,2.7310998355169067,arima,JUNIN
2022-07-04,1.8919809841357387,2.735284009716246,arima,JUNIN
2022-07-11,1.2370644896272138,2.6922744161798913,arima,JUNIN
2022-07-18,1.1642959902373777,2.7153934481126965,arima,JUNIN
2022-07-25,1.746443985356067,1.057794949781699,arima,JUNIN
2022-08-01,1.6736754859662304,1.1454965527657865,arima,JUNIN
2022-08-08,1.8919809841357391,1.1179148389653788,arima,JUNIN
2022-08-15,1.0915274908475416,1.1150164252536783,arima,JUNIN
2022-08-22,1.1642959902373777,1.1523815982298746,arima,JUNIN
2022-08-29,1.0187589914577055,0.9571304856583918,arima,JUNIN
2022-09-05,0.8732219926780332,1.059021823491796,arima,JUNIN
2022-09-12,0.8732219926780331,1.0400530730799988,arima,JUNIN
2022-09-19,0.9459904920678692,0.7895572028035087,arima,JUNIN
2022-09-26,1.1642959902373777,0.9015290634023037,arima,JUNIN
2022-10-03,0.9459904920678693,0.8539371435500971,arima,JUNIN
2022-10-10,0.7276849938983609,0.8547822644889,arima,JUNIN
2022-10-17,0.8732219926780331,0.6373846708949029,arima,JUNIN
2022-10-24,0.8732219926780331,0.6540676544236104,arima,JUNIN
2022-10-31,1.1642959902373775,0.6656096642105365,arima,JUNIN
2022-11-07,0.9459904920678692,0.6546180647846354,arima,JUNIN
2022-11-14,0.9459904920678692,1.02419548723881,arima,JUNIN
2022-11-21,0.5821479951186886,0.9100047798954043,arima,JUNIN
2022-11-28,0.6549164945085248,0.9596474375502555,arima,JUNIN
2022-12-05,0.9459904920678692,0.9552549357897879,arima,JUNIN
