date,actual,predicted,model,region
2010-12-27,0.0,0.0,naive,LORETO
2011-01-03,0.0,0.0,naive,LORETO
2011-01-10,0.0,0.0,naive,LORETO
2011-01-17,0.0,0.0,naive,LORETO
2011-01-24,0.0,0.0,naive,LORETO
2011-01-31,0.0,0.0,naive,LORETO
2011-02-07,0.0,0.0,naive,LORETO
2011-02-14,0.0,0.0,naive,LORETO
2011-02-21,0.0,0.0,naive,LORETO
2011-02-28,0.0,0.0,naive,LORETO
2011-03-07,0.0,0.0,naive,LORETO
2011-03-14,0.0,0.0,naive,LORETO
2011-03-21,0.10778208187558068,0.0,naive,LORETO
2011-03-28,0.10778208187558068,0.0,naive,LORETO
2011-04-04,0.10778208187558068,0.0,naive,LORETO
2011-04-11,0.0,0.0,naive,LORETO
2011-04-18,0.0,0.0,naive,LORETO
2011-04-25,0.0,0.0,naive,LORETO
2011-05-02,0.0,0.0,naive,LORETO
2011-05-09,0.0,0.0,naive,LORETO
2011-05-16,0.10778208187558068,0.0,naive,LORETO
2011-05-23,0.10778208187558068,0.0,naive,LORETO
2011-05-30,0.21556416375116136,0.0,naive,LORETO
2011-06-06,0.10778208187558068,0.0,naive,LORETO
2011-06-13,0.21556416375116136,0.10778208187558067,naive,LORETO
2011-06-20,0.10778208187558068,0.10778208187558067,naive,LORETO
2011-06-27,0.10778208187558068,0.10778208187558067,naive,LORETO
2011-07-04,0.0,0.10778208187558067,naive,LORETO
2011-07-11,0.0,0.0,naive,LORETO
2011-07-18,0.0,0.0,naive,LORETO
2011-07-25,0.0,0.0,naive,LORETO
2011-08-01,0.0,0.0,naive,LORETO
2011-08-08,0.0,0.0,naive,LORETO
2011-08-15,0.0,0.0,naive,LORETO
2011-08-22,0.10778208187558068,0.0,naive,LORETO
2011-08-29,0.10778208187558068,0.0,naive,LORETO
2011-09-05,0.10778208187558068,0.10778208187558067,naive,LORETO
2011-09-12,0.0,0.10778208187558067,naive,LORETO
2011-09-19,0.0,0.10778208187558067,naive,LORETO
2011-09-26,0.0,0.10778208187558067,naive,LORETO
2011-10-03,0.0,0.0,naive,LORETO
2011-10-10,0.0,0.0,naive,LORETO
2011-10-17,0.0,0.0,naive,LORETO
2011-10-24,0.0,0.0,naive,LORETO
2011-10-31,0.0,0.0,naive,LORETO
2011-11-07,0.0,0.0,naive,LORETO
2011-11-14,0.10778208187558068,0.0,naive,LORETO
2011-11-21,0.10778208187558068,0.0,naive,LORETO
2011-11-28,0.10778208187558068,0.10778208187558067,naive,LORETO
2011-12-05,0.0,0.10778208187558067,naive,LORETO
2011-12-12,0.10778208187558068,0.10778208187558067,naive,LORETO
2011-12-19,0.10778208187558068,0.10778208187558067,naive,LORETO
2011-12-26,0.10778208187558068,0.10778208187558067,naive,LORETO
2012-01-02,0.0,0.10778208187558067,naive,LORETO
2012-01-09,0.10674477537696918,0.10778208187558067,naive,LORETO
2012-01-16,0.10674477537696918,0.10778208187558067,naive,LORETO
2012-01-23,0.10674477537696918,0.10674477537696918,naive,LORETO
2012-01-30,0.0,0.10674477537696918,naive,LORETO
2012-02-06,0.0,0.10674477537696918,naive,LORETO
2012-02-13,0.0,0.10674477537696918,naive,LORETO
2012-02-20,0.10674477537696918,0.0,naive,LORETO
2012-02-27,0.21348955075393836,0.0,naive,LORETO
2012-03-05,0.21348955075393836,0.0,naive,LORETO
2012-03-12,0.10674477537696918,0.0,naive,LORETO
2012-03-19,0.0,0.10674477537696918,naive,LORETO
2012-03-26,0.0,0.10674477537696918,naive,LORETO
2012-04-02,0.0,0.10674477537696918,naive,LORETO
2012-04-09,0.10674477537696918,0.10674477537696918,naive,LORETO
2012-04-16,0.10674477537696918,0.10674477537696918,naive,LORETO
2012-04-23,0.10674477537696918,0.10674477537696918,naive,LORETO
2012-04-30,0.0,0.10674477537696918,naive,LORETO
2012-05-07,0.0,0.10674477537696918,naive,LORETO
2012-05-14,0.0,0.0,naive,LORETO
2012-05-21,0.10674477537696918,0.0,naive,LORETO
2012-05-28,0.10674477537696918,0.0,naive,LORETO
2012-06-04,0.10674477537696918,0.0,naive,LORETO
2012-06-11,0.0,0.10674477537696918,naive,LORETO
2012-06-18,0.0,0.10674477537696918,naive,LORETO
2012-06-25,0.10674477537696918,0.10674477537696918,naive,LORETO
2012-07-02,0.10674477537696918,0.10674477537696918,naive,LORETO
2012-07-09,0.10674477537696918,0.10674477537696918,naive,LORETO
2012-07-16,0.0,0.10674477537696918,naive,LORETO
2012-07-23,0.0,0.10674477537696918,naive,LORETO
2012-07-30,0.10674477537696918,0.10674477537696918,naive,LORETO
2012-08-06,0.10674477537696918,0.10674477537696918,naive,LORETO
2012-08-13,0.21348955075393836,0.10674477537696918,naive,LORETO
2012-08-20,0.10674477537696918,0.10674477537696918,naive,LORETO
2012-08-27,0.10674477537696918,0.10674477537696918,naive,LORETO
2012-09-03,0.0,0.10674477537696918,naive,LORETO
2012-09-10,0.10674477537696918,0.10674477537696918,naive,LORETO
2012-09-17,0.10674477537696918,0.10674477537696918,naive,LORETO
2012-09-24,0.10674477537696918,0.10674477537696918,naive,LORETO
2012-10-01,0.0,0.10674477537696918,naive,LORETO
2012-10-08,0.10674477537696918,0.10674477537696918,naive,LORETO
2012-10-15,0.21348955075393836,0.10674477537696918,naive,LORETO
2012-10-22,0.21348955075393836,0.10674477537696918,naive,LORETO
2012-10-29,0.21348955075393836,0.21348955075393833,naive,LORETO
2012-11-05,0.10674477537696918,0.21348955075393833,naive,LORETO
2012-11-12,0.10674477537696918,0.21348955075393833,naive,LORETO
2012-11-19,0.0,0.21348955075393833,naive,LORETO
2012-11-26,0.10674477537696918,0.0,naive,LORETO
2012-12-03,0.10674477537696918,0.0,naive,LORETO
2012-12-10,0.21348955075393836,0.0,naive,LORETO
2012-12-17,0.10674477537696918,0.0,naive,LORETO
2012-12-24,0.10674477537696918,0.10674477537696918,naive,LORETO
2012-12-31,0.0,0.10674477537696918,naive,LORETO
2013-01-07,0.1057271330713415,0.10674477537696918,naive,LORETO
2013-01-14,0.1057271330713415,0.10674477537696918,naive,LORETO
2013-01-21,0.211454266142683,0.1057271330713415,naive,LORETO
2013-01-28,0.3171813992140245,0.1057271330713415,naive,LORETO
2013-02-04,0.3171813992140245,0.1057271330713415,naive,LORETO
2013-02-11,0.21145426614268295,0.1057271330713415,naive,LORETO
2013-02-18,0.0,0.21145426614268298,naive,LORETO
2013-02-25,0.0,0.21145426614268298,naive,LORETO
2013-03-04,0.1057271330713415,0.21145426614268298,naive,LORETO
2013-03-11,0.1057271330713415,0.21145426614268298,naive,LORETO
2013-03-18,0.1057271330713415,0.1057271330713415,naive,LORETO
2013-03-25,0.0,0.1057271330713415,naive,LORETO
2013-04-01,0.0,0.1057271330713415,naive,LORETO
2013-04-08,0.0,0.1057271330713415,naive,LORETO
2013-04-15,0.0,0.0,naive,LORETO
2013-04-22,0.0,0.0,naive,LORETO
2013-04-29,0.1057271330713415,0.0,naive,LORETO
2013-05-06,0.1057271330713415,0.0,naive,LORETO
2013-05-13,0.211454266142683,0.1057271330713415,naive,LORETO
2013-05-20,0.1057271330713415,0.1057271330713415,naive,LORETO
2013-05-27,0.1057271330713415,0.1057271330713415,naive,LORETO
2013-06-03,0.0,0.1057271330713415,naive,LORETO
2013-06-10,0.0,0.0,naive,LORETO
2013-06-17,0.1057271330713415,0.0,naive,LORETO
2013-06-24,0.1057271330713415,0.0,naive,LORETO
2013-07-01,0.1057271330713415,0.0,naive,LORETO
2013-07-08,0.0,0.1057271330713415,naive,LORETO
2013-07-15,0.0,0.1057271330713415,naive,LORETO
2013-07-22,0.1057271330713415,0.1057271330713415,naive,LORETO
2013-07-29,0.1057271330713415,0.1057271330713415,naive,LORETO
2013-08-05,0.1057271330713415,0.1057271330713415,naive,LORETO
2013-08-12,0.0,0.1057271330713415,naive,LORETO
2013-08-19,0.0,0.1057271330713415,naive,LORETO
2013-08-26,0.0,0.1057271330713415,naive,LORETO
2013-09-02,0.0,0.0,naive,LORETO
2013-09-09,0.0,0.0,naive,LORETO
2013-09-16,0.0,0.0,naive,LORETO
2013-09-23,0.211454266142683,0.0,naive,LORETO
2013-09-30,0.211454266142683,0.211454266142683,naive,LORETO
2013-10-07,0.211454266142683,0.211454266142683,naive,LORETO
2013-10-14,0.0,0.211454266142683,naive,LORETO
2013-10-21,0.0,0.211454266142683,naive,LORETO
2013-10-28,0.0,0.0,naive,LORETO
2013-11-04,0.0,0.0,naive,LORETO
2013-11-11,0.0,0.0,naive,LORETO
2013-11-18,0.0,0.0,naive,LORETO
2013-11-25,0.0,0.0,naive,LORETO
2013-12-02,0.1057271330713415,0.0,naive,LORETO
2013-12-09,0.1057271330713415,0.0,naive,LORETO
2013-12-16,0.1057271330713415,0.0,naive,LORETO
2013-12-23,0.0,0.1057271330713415,naive,LORETO
2013-12-30,0.0,0.1057271330713415,naive,LORETO
2014-01-06,0.0,0.1057271330713415,naive,LORETO
2014-01-13,0.0,0.1057271330713415,naive,LORETO
2014-01-20,0.0,0.0,naive,LORETO
2014-01-27,0.0,0.0,naive,LORETO
2014-02-03,0.0,0.0,naive,LORETO
2014-02-10,0.0,0.0,naive,LORETO
2014-02-17,0.0,0.0,naive,LORETO
2014-02-24,0.0,0.0,naive,LORETO
2014-03-03,0.0,0.0,naive,LORETO
2014-03-10,0.0,0.0,naive,LORETO
2014-03-17,0.0,0.0,naive,LORETO
2014-03-24,0.0,0.0,naive,LORETO
2014-03-31,0.20945764085764526,0.0,naive,LORETO
2014-04-07,0.20945764085764526,0.0,naive,LORETO
2014-04-14,0.20945764085764526,0.20945764085764526,naive,LORETO
2014-04-21,0.0,0.20945764085764526,naive,LORETO
2014-04-28,0.0,0.20945764085764526,naive,LORETO
2014-05-05,0.0,0.20945764085764526,naive,LORETO
2014-05-12,0.0,0.0,naive,LORETO
2014-05-19,0.0,0.0,naive,LORETO
2014-05-26,0.0,0.0,naive,LORETO
2014-06-02,0.0,0.0,naive,LORETO
2014-06-09,0.0,0.0,naive,LORETO
2014-06-16,0.0,0.0,naive,LORETO
2014-06-23,0.0,0.0,naive,LORETO
2014-06-30,0.0,0.0,naive,LORETO
2014-07-07,0.0,0.0,naive,LORETO
2014-07-14,0.0,0.0,naive,LORETO
2014-07-21,0.20945764085764526,0.0,naive,LORETO
2014-07-28,0.3141864612864679,0.0,naive,LORETO
2014-08-04,0.3141864612864679,0.3141864612864679,naive,LORETO
2014-08-11,0.10472882042882263,0.3141864612864679,naive,LORETO
2014-08-18,0.0,0.3141864612864679,naive,LORETO
2014-08-25,0.10472882042882263,0.3141864612864679,naive,LORETO
2014-09-01,0.10472882042882263,0.10472882042882264,naive,LORETO
2014-09-08,0.10472882042882263,0.10472882042882264,naive,LORETO
2014-09-15,0.0,0.10472882042882264,naive,LORETO
2014-09-22,0.0,0.10472882042882264,naive,LORETO
2014-09-29,0.10472882042882263,0.0,naive,LORETO
2014-10-06,0.10472882042882263,0.0,naive,LORETO
2014-10-13,0.10472882042882263,0.0,naive,LORETO
2014-10-20,0.0,0.0,naive,LORETO
2014-10-27,0.10472882042882263,0.0,naive,LORETO
2014-11-03,0.10472882042882263,0.0,naive,LORETO
2014-11-10,0.10472882042882263,0.0,naive,LORETO
2014-11-17,0.0,0.0,naive,LORETO
2014-11-24,0.0,0.0,naive,LORETO
2014-12-01,0.10472882042882263,0.0,naive,LORETO
2014-12-08,0.10472882042882263,0.0,naive,LORETO
2014-12-15,0.10472882042882263,0.0,naive,LORETO
2014-12-22,0.0,0.10472882042882264,naive,LORETO
2014-12-29,0.0,0.10472882042882264,naive,LORETO
2015-01-05,0.0,0.10472882042882264,naive,LORETO
2015-01-12,0.0,0.10472882042882264,naive,LORETO
2015-01-19,0.0,0.0,naive,LORETO
2015-01-26,0.0,0.0,naive,LORETO
2015-02-02,0.0,0.0,naive,LORETO
2015-02-09,0.0,0.0,naive,LORETO
2015-02-16,0.0,0.0,naive,LORETO
2015-02-23,0.0,0.0,naive,LORETO
2015-03-02,0.0,0.0,naive,LORETO
2015-03-09,0.0,0.0,naive,LORETO
2015-03-16,0.0,0.0,naive,LORETO
2015-03-23,0.0,0.0,naive,LORETO
2015-03-30,0.0,0.0,naive,LORETO
2015-04-06,0.0,0.0,naive,LORETO
2015-04-13,0.0,0.0,naive,LORETO
2015-04-20,0.0,0.0,naive,LORETO
2015-04-27,0.0,0.0,naive,LORETO
2015-05-04,0.0,0.0,naive,LORETO
2015-05-11,0.0,0.0,naive,LORETO
2015-05-18,0.0,0.0,naive,LORETO
2015-05-25,0.0,0.0,naive,LORETO
2015-06-01,0.0,0.0,naive,LORETO
2015-06-08,0.0,0.0,naive,LORETO
2015-06-15,0.0,0.0,naive,LORETO
2015-06-22,0.0,0.0,naive,LORETO
2015-06-29,0.10374907663321796,0.0,naive,LORETO
2015-07-06,0.10374907663321796,0.10374907663321797,naive,LORETO
2015-07-13,0.20749815326643592,0.10374907663321797,naive,LORETO
2015-07-20,0.20749815326643592,0.10374907663321797,naive,LORETO
2015-07-27,0.20749815326643592,0.10374907663321797,naive,LORETO
2015-08-03,0.10374907663321796,0.2074981532664359,naive,LORETO
2015-08-10,0.0,0.2074981532664359,naive,LORETO
2015-08-17,0.0,0.2074981532664359,naive,LORETO
2015-08-24,0.0,0.2074981532664359,naive,LORETO
2015-08-31,0.0,0.0,naive,LORETO
2015-09-07,0.0,0.0,naive,LORETO
2015-09-14,0.0,0.0,naive,LORETO
2015-09-21,0.10374907663321796,0.0,naive,LORETO
2015-09-28,0.10374907663321796,0.10374907663321797,naive,LORETO
2015-10-05,0.10374907663321796,0.10374907663321797,naive,LORETO
2015-10-12,0.0,0.10374907663321797,naive,LORETO
2015-10-19,0.0,0.10374907663321797,naive,LORETO
2015-10-26,0.0,0.0,naive,LORETO
2015-11-02,0.0,0.0,naive,LORETO
2015-11-09,0.0,0.0,naive,LORETO
2015-11-16,0.0,0.0,naive,LORETO
2015-11-23,0.0,0.0,naive,LORETO
2015-11-30,0.0,0.0,naive,LORETO
2015-12-07,0.0,0.0,naive,LORETO
2015-12-14,0.0,0.0,naive,LORETO
2015-12-21,0.0,0.0,naive,LORETO
2015-12-28,0.0,0.0,naive,LORETO
2016-01-04,0.0,0.0,naive,LORETO
2016-01-11,0.0,0.0,naive,LORETO
2016-01-18,0.0,0.0,naive,LORETO
2016-01-25,0.0,0.0,naive,LORETO
2016-02-01,0.0,0.0,naive,LORETO
2016-02-08,0.0,0.0,naive,LORETO
2016-02-15,0.0,0.0,naive,LORETO
2016-02-22,0.0,0.0,naive,LORETO
2016-02-29,0.0,0.0,naive,LORETO
2016-03-07,0.0,0.0,naive,LORETO
2016-03-14,0.0,0.0,naive,LORETO
2016-03-21,0.0,0.0,naive,LORETO
2016-03-28,0.0,0.0,naive,LORETO
2016-04-04,0.0,0.0,naive,LORETO
2016-04-11,0.10278759970397171,0.0,naive,LORETO
2016-04-18,0.10278759970397171,0.0,naive,LORETO
2016-04-25,0.10278759970397171,0.0,naive,LORETO
2016-05-02,0.10278759970397171,0.0,naive,LORETO
2016-05-09,0.10278759970397171,0.1027875997039717,naive,LORETO
2016-05-16,0.10278759970397171,0.1027875997039717,naive,LORETO
2016-05-23,0.0,0.1027875997039717,naive,LORETO
2016-05-30,0.0,0.1027875997039717,naive,LORETO
2016-06-06,0.0,0.0,naive,LORETO
2016-06-13,0.10278759970397171,0.0,naive,LORETO
2016-06-20,0.10278759970397171,0.0,naive,LORETO
2016-06-27,0.10278759970397171,0.0,naive,LORETO
2016-07-04,0.10278759970397171,0.1027875997039717,naive,LORETO
2016-07-11,0.10278759970397171,0.1027875997039717,naive,LORETO
2016-07-18,0.10278759970397171,0.1027875997039717,naive,LORETO
2016-07-25,0.0,0.1027875997039717,naive,LORETO
2016-08-01,0.0,0.0,naive,LORETO
2016-08-08,0.0,0.0,naive,LORETO
2016-08-15,0.0,0.0,naive,LORETO
2016-08-22,0.0,0.0,naive,LORETO
2016-08-29,0.0,0.0,naive,LORETO
2016-09-05,0.0,0.0,naive,LORETO
2016-09-12,0.0,0.0,naive,LORETO
2016-09-19,0.0,0.0,naive,LORETO
2016-09-26,0.10278759970397171,0.0,naive,LORETO
2016-10-03,0.10278759970397171,0.0,naive,LORETO
2016-10-10,0.10278759970397171,0.0,naive,LORETO
2016-10-17,0.0,0.0,naive,LORETO
2016-10-24,0.0,0.0,naive,LORETO
2016-10-31,0.0,0.0,naive,LORETO
2016-11-07,0.0,0.0,naive,LORETO
2016-11-14,0.0,0.0,naive,LORETO
2016-11-21,0.0,0.0,naive,LORETO
2016-11-28,0.0,0.0,naive,LORETO
2016-12-05,0.0,0.0,naive,LORETO
2016-12-12,0.0,0.0,naive,LORETO
2016-12-19,0.0,0.0,naive,LORETO
2016-12-26,0.0,0.0,naive,LORETO
2017-01-02,0.0,0.0,naive,LORETO
2017-01-09,0.0,0.0,naive,LORETO
2017-01-16,0.0,0.0,naive,LORETO
2017-01-23,0.0,0.0,naive,LORETO
2017-01-30,0.0,0.0,naive,LORETO
2017-02-06,0.0,0.0,naive,LORETO
2017-02-13,0.0,0.0,naive,LORETO
2017-02-20,0.0,0.0,naive,LORETO
2017-02-27,0.0,0.0,naive,LORETO
2017-03-06,0.0,0.0,naive,LORETO
2017-03-13,0.0,0.0,naive,LORETO
2017-03-20,0.0,0.0,naive,LORETO
2017-03-27,0.0,0.0,naive,LORETO
2017-04-03,0.0,0.0,naive,LORETO
2017-04-10,0.0,0.0,naive,LORETO
2017-04-17,0.10184367606785642,0.0,naive,LORETO
2017-04-24,0.10184367606785642,0.0,naive,LORETO
2017-05-01,0.10184367606785642,0.0,naive,LORETO
2017-05-08,0.0,0.10184367606785641,naive,LORETO
2017-05-15,0.0,0.10184367606785641,naive,LORETO
2017-05-22,0.10184367606785642,0.10184367606785641,naive,LORETO
2017-05-29,0.20368735213571285,0.10184367606785641,naive,LORETO
2017-06-05,0.4073747042714257,0.20368735213571285,naive,LORETO
2017-06-12,0.4073747042714257,0.20368735213571285,naive,LORETO
2017-06-19,0.30553102820356925,0.20368735213571285,naive,LORETO
2017-06-26,0.10184367606785642,0.20368735213571285,naive,LORETO
2017-07-03,0.0,0.10184367606785641,naive,LORETO
2017-07-10,0.0,0.10184367606785641,naive,LORETO
2017-07-17,0.10184367606785642,0.10184367606785641,naive,LORETO
2017-07-24,0.20368735213571285,0.10184367606785641,naive,LORETO
2017-07-31,0.20368735213571285,0.20368735213571285,naive,LORETO
2017-08-07,0.10184367606785642,0.20368735213571285,naive,LORETO
2017-08-14,0.10184367606785642,0.20368735213571285,naive,LORETO
2017-08-21,0.20368735213571285,0.20368735213571285,naive,LORETO
2017-08-28,0.30553102820356925,0.20368735213571285,naive,LORETO
2017-09-04,0.20368735213571285,0.20368735213571285,naive,LORETO
2017-09-11,0.10184367606785642,0.20368735213571285,naive,LORETO
2017-09-18,0.0,0.20368735213571285,naive,LORETO
2017-09-25,0.0,0.0,naive,LORETO
2017-10-02,0.0,0.0,naive,LORETO
2017-10-09,0.0,0.0,naive,LORETO
2017-10-16,0.0,0.0,naive,LORETO
2017-10-23,0.10184367606785642,0.0,naive,LORETO
2017-10-30,0.10184367606785642,0.0,naive,LORETO
2017-11-06,0.20368735213571285,0.0,naive,LORETO
2017-11-13,0.10184367606785642,0.0,naive,LORETO
2017-11-20,0.10184367606785642,0.10184367606785641,naive,LORETO
2017-11-27,0.10184367606785642,0.10184367606785641,naive,LORETO
2017-12-04,0.4846612902719212,0.10184367606785641,naive,LORETO
2017-12-11,0.4846612902719212,0.10184367606785641,naive,LORETO
2017-12-18,0.38281761420406474,0.48466129027192123,naive,LORETO
2017-12-25,0.0,0.48466129027192123,naive,LORETO
2018-01-01,0.10055364838802446,0.48466129027192123,naive,LORETO
2018-01-08,0.2011072967760489,0.48466129027192123,naive,LORETO
2018-01-15,0.2011072967760489,0.2011072967760489,naive,LORETO
2018-01-22,0.10055364838802446,0.2011072967760489,naive,LORETO
2018-01-29,0.10055364838802446,0.2011072967760489,naive,LORETO
2018-02-05,0.10055364838802446,0.2011072967760489,naive,LORETO
2018-02-12,0.10055364838802446,0.10055364838802444,naive,LORETO
2018-02-19,0.0,0.10055364838802444,naive,LORETO
2018-02-26,0.0,0.10055364838802444,naive,LORETO
2018-03-05,0.0,0.10055364838802444,naive,LORETO
2018-03-12,0.10055364838802446,0.0,naive,LORETO
2018-03-19,0.10055364838802446,0.0,naive,LORETO
2018-03-26,0.10055364838802446,0.0,naive,LORETO
2018-04-02,0.0,0.0,naive,LORETO
2018-04-09,0.0,0.0,naive,LORETO
2018-04-16,0.0,0.0,naive,LORETO
2018-04-23,0.0,0.0,naive,LORETO
2018-04-30,0.0,0.0,naive,LORETO
2018-05-07,0.0,0.0,naive,LORETO
2018-05-14,0.0,0.0,naive,LORETO
2018-05-21,0.0,0.0,naive,LORETO
2018-05-28,0.0,0.0,naive,LORETO
2018-06-04,0.0,0.0,naive,LORETO
2018-06-11,0.0,0.0,naive,LORETO
2018-06-18,0.0,0.0,naive,LORETO
2018-06-25,0.0,0.0,naive,LORETO
2018-07-02,0.0,0.0,naive,LORETO
2018-07-09,0.10055364838802446,0.0,naive,LORETO
2018-07-16,0.10055364838802446,0.0,naive,LORETO
2018-07-23,0.10055364838802446,0.0,naive,LORETO
2018-07-30,0.0,0.10055364838802444,naive,LORETO
2018-08-06,0.10055364838802446,0.10055364838802444,naive,LORETO
2018-08-13,0.10055364838802446,0.10055364838802444,naive,LORETO
2018-08-20,0.10055364838802446,0.10055364838802444,naive,LORETO
2018-08-27,0.0,0.10055364838802444,naive,LORETO
2018-09-03,0.0,0.10055364838802444,naive,LORETO
2018-09-10,0.0,0.10055364838802444,naive,LORETO
2018-09-17,0.10055364838802446,0.10055364838802444,naive,LORETO
2018-09-24,0.10055364838802446,0.10055364838802444,naive,LORETO
2018-10-01,0.10055364838802446,0.10055364838802444,naive,LORETO
2018-10-08,0.10055364838802446,0.10055364838802444,naive,LORETO
2018-10-15,0.10055364838802446,0.10055364838802444,naive,LORETO
2018-10-22,0.10055364838802446,0.10055364838802444,naive,LORETO
2018-10-29,0.0,0.10055364838802444,naive,LORETO
2018-11-05,0.0,0.10055364838802444,naive,LORETO
2018-11-12,0.0,0.10055364838802444,naive,LORETO
2018-11-19,0.0,0.0,naive,LORETO
2018-11-26,0.0,0.0,naive,LORETO
2018-12-03,0.0,0.0,naive,LORETO
2018-12-10,0.0,0.0,naive,LORETO
2018-12-17,0.10055364838802446,0.0,naive,LORETO
2018-12-24,0.10055364838802446,0.0,naive,LORETO
2018-12-31,0.10055364838802446,0.0,naive,LORETO
2019-01-07,0.0,0.0,naive,LORETO
2019-01-14,0.0,0.0,naive,LORETO
2019-01-21,0.0,0.0,naive,LORETO
2019-01-28,0.0,0.0,naive,LORETO
2019-02-04,0.09929589282398511,0.0,naive,LORETO
2019-02-11,0.19859178564797023,0.0992958928239851,naive,LORETO
2019-02-18,0.19859178564797023,0.0992958928239851,naive,LORETO
2019-02-25,0.09929589282398511,0.0992958928239851,naive,LORETO
2019-03-04,0.0,0.0992958928239851,naive,LORETO
2019-03-11,0.0,0.0,naive,LORETO
2019-03-18,0.0,0.0,naive,LORETO
2019-03-25,0.0,0.0,naive,LORETO
2019-04-01,0.0,0.0,naive,LORETO
2019-04-08,0.0,0.0,naive,LORETO
2019-04-15,0.0,0.0,naive,LORETO
2019-04-22,0.09929589282398511,0.0,naive,LORETO
2019-04-29,0.09929589282398511,0.0,naive,LORETO
2019-05-06,0.09929589282398511,0.0992958928239851,naive,LORETO
2019-05-13,0.09929589282398511,0.0992958928239851,naive,LORETO
2019-05-20,0.09929589282398511,0.0992958928239851,naive,LORETO
2019-05-27,0.09929589282398511,0.0992958928239851,naive,LORETO
2019-06-03,0.0,0.0992958928239851,naive,LORETO
2019-06-10,0.0,0.0992958928239851,naive,LORETO
2019-06-17,0.09929589282398511,0.0992958928239851,naive,LORETO
2019-06-24,0.09929589282398511,0.0992958928239851,naive,LORETO
2019-07-01,0.09929589282398511,0.0992958928239851,naive,LORETO
2019-07-08,0.0,0.0992958928239851,naive,LORETO
2019-07-15,0.0,0.0992958928239851,naive,LORETO
2019-07-22,0.09929589282398511,0.0992958928239851,naive,LORETO
2019-07-29,0.09929589282398511,0.0992958928239851,naive,LORETO
2019-08-05,0.09929589282398511,0.0992958928239851,naive,LORETO
2019-08-12,0.0,0.0992958928239851,naive,LORETO
2019-08-19,0.0,0.0992958928239851,naive,LORETO
2019-08-26,0.0,0.0,naive,LORETO
2019-09-02,0.0,0.0,naive,LORETO
2019-09-09,0.0,0.0,naive,LORETO
2019-09-16,0.09929589282398511,0.0,naive,LORETO
2019-09-23,0.19859178564797023,0.0992958928239851,naive,LORETO
2019-09-30,0.29788767847195535,0.0992958928239851,naive,LORETO
2019-10-07,0.19859178564797028,0.0992958928239851,naive,LORETO
2019-10-14,0.29788767847195535,0.0992958928239851,naive,LORETO
2019-10-21,0.1985917856479702,0.29788767847195535,naive,LORETO
2019-10-28,0.1985917856479702,0.29788767847195535,naive,LORETO
2019-11-04,0.09929589282398511,0.29788767847195535,naive,LORETO
2019-11-11,0.09929589282398511,0.29788767847195535,naive,LORETO
2019-11-18,0.19859178564797023,0.0992958928239851,naive,LORETO
2019-11-25,0.19859178564797023,0.0992958928239851,naive,LORETO
2019-12-02,0.19859178564797023,0.0992958928239851,naive,LORETO
2019-12-09,0.19859178564797023,0.0992958928239851,naive,LORETO
2019-12-16,0.09929589282398511,0.1985917856479702,naive,LORETO
2019-12-23,0.09929589282398511,0.1985917856479702,naive,LORETO
2019-12-30,0.0,0.1985917856479702,naive,LORETO
2020-01-06,0.0,0.1985917856479702,naive,LORETO
2020-01-13,0.0,0.0,naive,LORETO
2020-01-20,0.0,0.0,naive,LORETO
2020-01-27,0.0,0.0,naive,LORETO
2020-02-03,0.0,0.0,naive,LORETO
2020-02-10,0.0,0.0,naive,LORETO
2020-02-17,0.0,0.0,naive,LORETO
2020-02-24,0.0,0.0,naive,LORETO
2020-03-02,0.09806911715238666,0.0,naive,LORETO
2020-03-09,0.09806911715238666,0.09806911715238667,naive,LORETO
2020-03-16,0.09806911715238666,0.09806911715238667,naive,LORETO
2020-03-23,0.0,0.09806911715238667,naive,LORETO
2020-03-30,0.0,0.09806911715238667,naive,LORETO
2020-04-06,0.0,0.0,naive,LORETO
2020-04-13,0.0,0.0,naive,LORETO
2020-04-20,0.0,0.0,naive,LORETO
2020-04-27,0.0,0.0,naive,LORETO
2020-05-04,0.0,0.0,naive,LORETO
2020-05-11,0.1961382343047733,0.0,naive,LORETO
2020-05-18,0.1961382343047733,0.0,naive,LORETO
2020-05-25,0.1961382343047733,0.0,naive,LORETO
2020-06-01,0.0,0.19613823430477337,naive,LORETO
2020-06-08,0.0,0.19613823430477337,naive,LORETO
2020-06-15,0.0,0.19613823430477337,naive,LORETO
2020-06-22,0.0,0.19613823430477337,naive,LORETO
2020-06-29,0.0,0.0,naive,LORETO
2020-07-06,0.09806911715238666,0.0,naive,LORETO
2020-07-13,0.09806911715238666,0.0,naive,LORETO
2020-07-20,0.3922764686095466,0.0,naive,LORETO
2020-07-27,0.29420735145716,0.3922764686095466,naive,LORETO
2020-08-03,0.2942073514571599,0.3922764686095466,naive,LORETO
2020-08-10,0.0,0.3922764686095466,naive,LORETO
2020-08-17,0.0,0.3922764686095466,naive,LORETO
2020-08-24,0.0,0.0,naive,LORETO
2020-08-31,0.0,0.0,naive,LORETO
2020-09-07,0.0,0.0,naive,LORETO
2020-09-14,0.09806911715238666,0.0,naive,LORETO
2020-09-21,0.09806911715238666,0.09806911715238667,naive,LORETO
2020-09-28,0.1961382343047733,0.09806911715238667,naive,LORETO
2020-10-05,0.29420735145716,0.09806911715238667,naive,LORETO
2020-10-12,0.29420735145716,0.09806911715238667,naive,LORETO
2020-10-19,0.39227646860954657,0.29420735145716,naive,LORETO
2020-10-26,0.1961382343047733,0.29420735145716,naive,LORETO
2020-11-02,0.1961382343047733,0.29420735145716,naive,LORETO
2020-11-09,0.0,0.29420735145716,naive,LORETO
2020-11-16,0.0,0.0,naive,LORETO
2020-11-23,0.0,0.0,naive,LORETO
2020-11-30,0.0,0.0,naive,LORETO
2020-12-07,0.0,0.0,naive,LORETO
2020-12-14,0.0,0.0,naive,LORETO
2020-12-21,0.0,0.0,naive,LORETO
2020-12-28,0.0,0.0,naive,LORETO
2021-01-04,0.0,0.0,naive,LORETO
2021-01-11,0.0,0.0,naive,LORETO
2021-01-18,0.0,0.0,naive,LORETO
2021-01-25,0.0,0.0,naive,LORETO
2021-02-01,0.0,0.0,naive,LORETO
2021-02-08,0.0,0.0,naive,LORETO
2021-02-15,0.0,0.0,naive,LORETO
2021-02-22,0.09687237839125978,0.0,naive,LORETO
2021-03-01,0.09687237839125978,0.0,naive,LORETO
2021-03-08,0.19374475678251957,0.09687237839125978,naive,LORETO
2021-03-15,0.19374475678251957,0.09687237839125978,naive,LORETO
2021-03-22,0.29061713517377935,0.09687237839125978,naive,LORETO
2021-03-29,0.29061713517377935,0.09687237839125978,naive,LORETO
2021-04-05,0.29061713517377935,0.2906171351737793,naive,LORETO
2021-04-12,0.19374475678251954,0.2906171351737793,naive,LORETO
2021-04-19,0.09687237839125978,0.2906171351737793,naive,LORETO
2021-04-26,0.09687237839125978,0.2906171351737793,naive,LORETO
2021-05-03,0.19374475678251957,0.09687237839125978,naive,LORETO
2021-05-10,0.19374475678251957,0.09687237839125978,naive,LORETO
2021-05-17,0.09687237839125978,0.09687237839125978,naive,LORETO
2021-05-24,0.09687237839125978,0.09687237839125978,naive,LORETO
2021-05-31,0.29061713517377935,0.09687237839125978,naive,LORETO
2021-06-07,0.38748951356503913,0.09687237839125978,naive,LORETO
2021-06-14,0.6734347493778441,0.09687237839125978,naive,LORETO
2021-06-21,0.6734347493778441,0.09687237839125978,naive,LORETO
2021-06-28,0.6734347493778441,0.6734347493778441,naive,LORETO
2021-07-05,0.29061713517377935,0.6734347493778441,naive,LORETO
2021-07-12,0.09687237839125978,0.6734347493778441,naive,LORETO
2021-07-19,0.0,0.6734347493778441,naive,LORETO
2021-07-26,0.09687237839125978,0.0,naive,LORETO
2021-08-02,0.09687237839125978,0.0,naive,LORETO
2021-08-09,0.09687237839125978,0.0,naive,LORETO
2021-08-16,0.0,0.0,naive,LORETO
2021-08-23,0.0,0.0,naive,LORETO
2021-08-30,0.0,0.0,naive,LORETO
2021-09-06,0.09687237839125978,0.0,naive,LORETO
2021-09-13,0.09687237839125978,0.0,naive,LORETO
2021-09-20,0.09687237839125978,0.09687237839125978,naive,LORETO
2021-09-27,0.0,0.09687237839125978,naive,LORETO
2021-10-04,0.09687237839125978,0.09687237839125978,naive,LORETO
2021-10-11,0.09687237839125978,0.09687237839125978,naive,LORETO
2021-10-18,0.09687237839125978,0.09687237839125978,naive,LORETO
2021-10-25,0.09687237839125978,0.09687237839125978,naive,LORETO
2021-11-01,0.09687237839125978,0.09687237839125978,naive,LORETO
2021-11-08,0.09687237839125978,0.09687237839125978,naive,LORETO
2021-11-15,0.0,0.09687237839125978,naive,LORETO
2021-11-22,0.0,0.09687237839125978,naive,LORETO
2021-11-29,0.0,0.09687237839125978,naive,LORETO
2021-12-06,0.0,0.09687237839125978,naive,LORETO
2021-12-13,0.0,0.0,naive,LORETO
2021-12-20,0.0,0.0,naive,LORETO
2021-12-27,0.09687237839125978,0.0,naive,LORETO
2022-01-03,0.4796899925953246,0.0,naive,LORETO
2022-01-10,0.671098799697357,0.4796899925953245,naive,LORETO
2022-01-17,0.8613396319591456,0.4796899925953245,naive,LORETO
2022-01-24,0.6699308248571133,0.4796899925953245,naive,LORETO
2022-01-31,0.8613396319591459,0.4796899925953245,naive,LORETO
2022-02-07,0.9570440355101618,0.8613396319591458,naive,LORETO
2022-02-14,1.1484528426121943,0.8613396319591458,naive,LORETO
2022-02-21,1.1484528426121943,0.8613396319591458,naive,LORETO
2022-02-28,0.9570440355101618,0.8613396319591458,naive,LORETO
2022-03-07,0.5742264213060971,0.9570440355101619,naive,LORETO
2022-03-14,0.5742264213060971,0.9570440355101619,naive,LORETO
2022-03-21,0.3828176142040647,0.9570440355101619,naive,LORETO
2022-03-28,0.47852201775508085,0.9570440355101619,naive,LORETO
2022-04-04,0.4785220177550809,0.4785220177550809,naive,LORETO
2022-04-11,0.7656352284081295,0.4785220177550809,naive,LORETO
2022-04-18,0.8613396319591456,0.4785220177550809,naive,LORETO
2022-04-25,0.8613396319591459,0.4785220177550809,naive,LORETO
2022-05-02,0.6699308248571133,0.8613396319591458,naive,LORETO
2022-05-09,0.5742264213060971,0.8613396319591458,naive,LORETO
2022-05-16,0.38281761420406474,0.8613396319591458,naive,LORETO
2022-05-23,0.478522017755081,0.8613396319591458,naive,LORETO
2022-05-30,0.6699308248571133,0.4785220177550811,naive,LORETO
2022-06-06,0.478522017755081,0.4785220177550811,naive,LORETO
2022-06-13,0.28711321065304857,0.4785220177550811,naive,LORETO
2022-06-20,0.0,0.4785220177550811,naive,LORETO
2022-06-27,0.0,0.0,naive,LORETO
2022-07-04,0.0,0.0,naive,LORETO
2022-07-11,0.0,0.0,naive,LORETO
2022-07-18,0.19140880710203237,0.0,naive,LORETO
2022-07-25,0.28711321065304857,0.19140880710203242,naive,LORETO
2022-08-01,0.6699308248571133,0.19140880710203242,naive,LORETO
2022-08-08,0.478522017755081,0.19140880710203242,naive,LORETO
2022-08-15,0.5742264213060971,0.19140880710203242,naive,LORETO
2022-08-22,0.38281761420406474,0.574226421306097,naive,LORETO
2022-08-29,0.5742264213060971,0.574226421306097,naive,LORETO
2022-09-05,0.478522017755081,0.574226421306097,naive,LORETO
2022-09-12,0.4785220177550809,0.574226421306097,naive,LORETO
2022-09-19,0.5742264213060971,0.47852201775508096,naive,LORETO
2022-09-26,0.5742264213060971,0.47852201775508096,naive,LORETO
2022-10-03,0.4785220177550809,0.47852201775508096,naive,LORETO
2022-10-10,0.19140880710203234,0.47852201775508096,naive,LORETO
2022-10-17,0.09570440355101616,0.1914088071020324,naive,LORETO
2022-10-24,0.09570440355101616,0.1914088071020324,naive,LORETO
2022-10-31,0.38281761420406474,0.1914088071020324,naive,LORETO
2022-11-07,0.38281761420406474,0.1914088071020324,naive,LORETO
2022-11-14,0.28711321065304857,0.3828176142040648,naive,LORETO
2022-11-21,0.0,0.3828176142040648,naive,LORETO
2022-11-28,0.0,0.3828176142040648,naive,LORETO
2022-12-05,0.0,0.3828176142040648,naive,LORETO
2010-12-27,0.0,0.0,seasonal_naive,LORETO
2011-01-03,0.0,0.0,seasonal_naive,LORETO
2011-01-10,0.0,0.10883986499503144,seasonal_naive,LORETO
2011-01-17,0.0,0.10883986499503144,seasonal_naive,LORETO
2011-01-24,0.0,0.10883986499503144,seasonal_naive,LORETO
2011-01-31,0.0,0.0,seasonal_naive,LORETO
2011-02-07,0.0,0.0,seasonal_naive,LORETO
2011-02-14,0.0,0.0,seasonal_naive,LORETO
2011-02-21,0.0,0.0,seasonal_naive,LORETO
2011-02-28,0.0,0.0,seasonal_naive,LORETO
2011-03-07,0.0,0.0,seasonal_naive,LORETO
2011-03-14,0.0,0.0,seasonal_naive,LORETO
2011-03-21,0.10778208187558068,0.0,seasonal_naive,LORETO
2011-03-28,0.10778208187558068,0.0,seasonal_naive,LORETO
2011-04-04,0.10778208187558068,0.0,seasonal_naive,LORETO
2011-04-11,0.0,0.0,seasonal_naive,LORETO
2011-04-18,0.0,0.0,seasonal_naive,LORETO
2011-04-25,0.0,0.0,seasonal_naive,LORETO
2011-05-02,0.0,0.0,seasonal_naive,LORETO
2011-05-09,0.0,0.0,seasonal_naive,LORETO
2011-05-16,0.10778208187558068,0.0,seasonal_naive,LORETO
2011-05-23,0.10778208187558068,0.0,seasonal_naive,LORETO
2011-05-30,0.21556416375116136,0.0,seasonal_naive,LORETO
2011-06-06,0.10778208187558068,0.0,seasonal_naive,LORETO
2011-06-13,0.21556416375116136,0.0,seasonal_naive,LORETO
2011-06-20,0.10778208187558068,0.0,seasonal_naive,LORETO
2011-06-27,0.10778208187558068,0.0,seasonal_naive,LORETO
2011-07-04,0.0,0.0,seasonal_naive,LORETO
2011-07-11,0.0,0.0,seasonal_naive,LORETO
2011-07-18,0.0,0.0,seasonal_naive,LORETO
2011-07-25,0.0,0.0,seasonal_naive,LORETO
2011-08-01,0.0,0.0,seasonal_naive,LORETO
2011-08-08,0.0,0.0,seasonal_naive,LORETO
2011-08-15,0.0,0.0,seasonal_naive,LORETO
2011-08-22,0.10778208187558068,0.0,seasonal_naive,LORETO
2011-08-29,0.10778208187558068,0.0,seasonal_naive,LORETO
2011-09-05,0.10778208187558068,0.0,seasonal_naive,LORETO
2011-09-12,0.0,0.0,seasonal_naive,LORETO
2011-09-19,0.0,0.0,seasonal_naive,LORETO
2011-09-26,0.0,0.0,seasonal_naive,LORETO
2011-10-03,0.0,0.0,seasonal_naive,LORETO
2011-10-10,0.0,0.0,seasonal_naive,LORETO
2011-10-17,0.0,0.0,seasonal_naive,LORETO
2011-10-24,0.0,0.0,seasonal_naive,LORETO
2011-10-31,0.0,0.0,seasonal_naive,LORETO
2011-11-07,0.0,0.0,seasonal_naive,LORETO
2011-11-14,0.10778208187558068,0.0,seasonal_naive,LORETO
2011-11-21,0.10778208187558068,0.0,seasonal_naive,LORETO
2011-11-28,0.10778208187558068,0.0,seasonal_naive,LORETO
2011-12-05,0.0,0.0,seasonal_naive,LORETO
2011-12-12,0.10778208187558068,0.0,seasonal_naive,LORETO
2011-12-19,0.10778208187558068,0.0,seasonal_naive,LORETO
2011-12-26,0.10778208187558068,0.0,seasonal_naive,LORETO
2012-01-02,0.0,0.0,seasonal_naive,LORETO
2012-01-09,0.10674477537696918,0.0,seasonal_naive,LORETO
2012-01-16,0.10674477537696918,0.0,seasonal_naive,LORETO
2012-01-23,0.10674477537696918,0.0,seasonal_naive,LORETO
2012-01-30,0.0,0.0,seasonal_naive,LORETO
2012-02-06,0.0,0.0,seasonal_naive,LORETO
2012-02-13,0.0,0.0,seasonal_naive,LORETO
2012-02-20,0.10674477537696918,0.0,seasonal_naive,LORETO
2012-02-27,0.21348955075393836,0.0,seasonal_naive,LORETO
2012-03-05,0.21348955075393836,0.0,seasonal_naive,LORETO
2012-03-12,0.10674477537696918,0.0,seasonal_naive,LORETO
2012-03-19,0.0,0.10778208187558067,seasonal_naive,LORETO
2012-03-26,0.0,0.10778208187558067,seasonal_naive,LORETO
2012-04-02,0.0,0.10778208187558067,seasonal_naive,LORETO
2012-04-09,0.10674477537696918,0.0,seasonal_naive,LORETO
2012-04-16,0.10674477537696918,0.0,seasonal_naive,LORETO
2012-04-23,0.10674477537696918,0.0,seasonal_naive,LORETO
2012-04-30,0.0,0.0,seasonal_naive,LORETO
2012-05-07,0.0,0.0,seasonal_naive,LORETO
2012-05-14,0.0,0.10778208187558067,seasonal_naive,LORETO
2012-05-21,0.10674477537696918,0.10778208187558067,seasonal_naive,LORETO
2012-05-28,0.10674477537696918,0.21556416375116133,seasonal_naive,LORETO
2012-06-04,0.10674477537696918,0.10778208187558067,seasonal_naive,LORETO
2012-06-11,0.0,0.21556416375116133,seasonal_naive,LORETO
2012-06-18,0.0,0.10778208187558067,seasonal_naive,LORETO
2012-06-25,0.10674477537696918,0.10778208187558067,seasonal_naive,LORETO
2012-07-02,0.10674477537696918,0.0,seasonal_naive,LORETO
2012-07-09,0.10674477537696918,0.0,seasonal_naive,LORETO
2012-07-16,0.0,0.0,seasonal_naive,LORETO
2012-07-23,0.0,0.0,seasonal_naive,LORETO
2012-07-30,0.10674477537696918,0.0,seasonal_naive,LORETO
2012-08-06,0.10674477537696918,0.0,seasonal_naive,LORETO
2012-08-13,0.21348955075393836,0.0,seasonal_naive,LORETO
2012-08-20,0.10674477537696918,0.10778208187558067,seasonal_naive,LORETO
2012-08-27,0.10674477537696918,0.10778208187558067,seasonal_naive,LORETO
2012-09-03,0.0,0.10778208187558067,seasonal_naive,LORETO
2012-09-10,0.10674477537696918,0.0,seasonal_naive,LORETO
2012-09-17,0.10674477537696918,0.0,seasonal_naive,LORETO
2012-09-24,0.10674477537696918,0.0,seasonal_naive,LORETO
2012-10-01,0.0,0.0,seasonal_naive,LORETO
2012-10-08,0.10674477537696918,0.0,seasonal_naive,LORETO
2012-10-15,0.21348955075393836,0.0,seasonal_naive,LORETO
2012-10-22,0.21348955075393836,0.0,seasonal_naive,LORETO
2012-10-29,0.21348955075393836,0.0,seasonal_naive,LORETO
2012-11-05,0.10674477537696918,0.0,seasonal_naive,LORETO
2012-11-12,0.10674477537696918,0.10778208187558067,seasonal_naive,LORETO
2012-11-19,0.0,0.10778208187558067,seasonal_naive,LORETO
2012-11-26,0.10674477537696918,0.10778208187558067,seasonal_naive,LORETO
2012-12-03,0.10674477537696918,0.0,seasonal_naive,LORETO
2012-12-10,0.21348955075393836,0.10778208187558067,seasonal_naive,LORETO
2012-12-17,0.10674477537696918,0.10778208187558067,seasonal_naive,LORETO
2012-12-24,0.10674477537696918,0.10778208187558067,seasonal_naive,LORETO
2012-12-31,0.0,0.0,seasonal_naive,LORETO
2013-01-07,0.1057271330713415,0.10674477537696918,seasonal_naive,LORETO
2013-01-14,0.1057271330713415,0.10674477537696918,seasonal_naive,LORETO
2013-01-21,0.211454266142683,0.10674477537696918,seasonal_naive,LORETO
2013-01-28,0.3171813992140245,0.0,seasonal_naive,LORETO
2013-02-04,0.3171813992140245,0.0,seasonal_naive,LORETO
2013-02-11,0.21145426614268295,0.0,seasonal_naive,LORETO
2013-02-18,0.0,0.10674477537696918,seasonal_naive,LORETO
2013-02-25,0.0,0.21348955075393833,seasonal_naive,LORETO
2013-03-04,0.1057271330713415,0.21348955075393833,seasonal_naive,LORETO
2013-03-11,0.1057271330713415,0.10674477537696918,seasonal_naive,LORETO
2013-03-18,0.1057271330713415,0.0,seasonal_naive,LORETO
2013-03-25,0.0,0.0,seasonal_naive,LORETO
2013-04-01,0.0,0.0,seasonal_naive,LORETO
2013-04-08,0.0,0.10674477537696918,seasonal_naive,LORETO
2013-04-15,0.0,0.10674477537696918,seasonal_naive,LORETO
2013-04-22,0.0,0.10674477537696918,seasonal_naive,LORETO
2013-04-29,0.1057271330713415,0.0,seasonal_naive,LORETO
2013-05-06,0.1057271330713415,0.0,seasonal_naive,LORETO
2013-05-13,0.211454266142683,0.0,seasonal_naive,LORETO
2013-05-20,0.1057271330713415,0.10674477537696918,seasonal_naive,LORETO
2013-05-27,0.1057271330713415,0.10674477537696918,seasonal_naive,LORETO
2013-06-03,0.0,0.10674477537696918,seasonal_naive,LORETO
2013-06-10,0.0,0.0,seasonal_naive,LORETO
2013-06-17,0.1057271330713415,0.0,seasonal_naive,LORETO
2013-06-24,0.1057271330713415,0.10674477537696918,seasonal_naive,LORETO
2013-07-01,0.1057271330713415,0.10674477537696918,seasonal_naive,LORETO
2013-07-08,0.0,0.10674477537696918,seasonal_naive,LORETO
2013-07-15,0.0,0.0,seasonal_naive,LORETO
2013-07-22,0.1057271330713415,0.0,seasonal_naive,LORETO
2013-07-29,0.1057271330713415,0.10674477537696918,seasonal_naive,LORETO
2013-08-05,0.1057271330713415,0.10674477537696918,seasonal_naive,LORETO
2013-08-12,0.0,0.21348955075393833,seasonal_naive,LORETO
2013-08-19,0.0,0.10674477537696918,seasonal_naive,LORETO
2013-08-26,0.0,0.10674477537696918,seasonal_naive,LORETO
2013-09-02,0.0,0.0,seasonal_naive,LORETO
2013-09-09,0.0,0.10674477537696918,seasonal_naive,LORETO
2013-09-16,0.0,0.10674477537696918,seasonal_naive,LORETO
2013-09-23,0.211454266142683,0.10674477537696918,seasonal_naive,LORETO
2013-09-30,0.211454266142683,0.0,seasonal_naive,LORETO
2013-10-07,0.211454266142683,0.10674477537696918,seasonal_naive,LORETO
2013-10-14,0.0,0.21348955075393833,seasonal_naive,LORETO
2013-10-21,0.0,0.21348955075393833,seasonal_naive,LORETO
2013-10-28,0.0,0.21348955075393833,seasonal_naive,LORETO
2013-11-04,0.0,0.10674477537696918,seasonal_naive,LORETO
2013-11-11,0.0,0.10674477537696918,seasonal_naive,LORETO
2013-11-18,0.0,0.0,seasonal_naive,LORETO
2013-11-25,0.0,0.10674477537696918,seasonal_naive,LORETO
2013-12-02,0.1057271330713415,0.10674477537696918,seasonal_naive,LORETO
2013-12-09,0.1057271330713415,0.21348955075393833,seasonal_naive,LORETO
2013-12-16,0.1057271330713415,0.10674477537696918,seasonal_naive,LORETO
2013-12-23,0.0,0.10674477537696918,seasonal_naive,LORETO
2013-12-30,0.0,0.0,seasonal_naive,LORETO
2014-01-06,0.0,0.1057271330713415,seasonal_naive,LORETO
2014-01-13,0.0,0.1057271330713415,seasonal_naive,LORETO
2014-01-20,0.0,0.211454266142683,seasonal_naive,LORETO
2014-01-27,0.0,0.3171813992140245,seasonal_naive,LORETO
2014-02-03,0.0,0.3171813992140245,seasonal_naive,LORETO
2014-02-10,0.0,0.21145426614268298,seasonal_naive,LORETO
2014-02-17,0.0,0.0,seasonal_naive,LORETO
2014-02-24,0.0,0.0,seasonal_naive,LORETO
2014-03-03,0.0,0.1057271330713415,seasonal_naive,LORETO
2014-03-10,0.0,0.1057271330713415,seasonal_naive,LORETO
2014-03-17,0.0,0.1057271330713415,seasonal_naive,LORETO
2014-03-24,0.0,0.0,seasonal_naive,LORETO
2014-03-31,0.20945764085764526,0.0,seasonal_naive,LORETO
2014-04-07,0.20945764085764526,0.0,seasonal_naive,LORETO
2014-04-14,0.20945764085764526,0.0,seasonal_naive,LORETO
2014-04-21,0.0,0.0,seasonal_naive,LORETO
2014-04-28,0.0,0.1057271330713415,seasonal_naive,LORETO
2014-05-05,0.0,0.1057271330713415,seasonal_naive,LORETO
2014-05-12,0.0,0.211454266142683,seasonal_naive,LORETO
2014-05-19,0.0,0.1057271330713415,seasonal_naive,LORETO
2014-05-26,0.0,0.1057271330713415,seasonal_naive,LORETO
2014-06-02,0.0,0.0,seasonal_naive,LORETO
2014-06-09,0.0,0.0,seasonal_naive,LORETO
2014-06-16,0.0,0.1057271330713415,seasonal_naive,LORETO
2014-06-23,0.0,0.1057271330713415,seasonal_naive,LORETO
2014-06-30,0.0,0.1057271330713415,seasonal_naive,LORETO
2014-07-07,0.0,0.0,seasonal_naive,LORETO
2014-07-14,0.0,0.0,seasonal_naive,LORETO
2014-07-21,0.20945764085764526,0.1057271330713415,seasonal_naive,LORETO
2014-07-28,0.3141864612864679,0.1057271330713415,seasonal_naive,LORETO
2014-08-04,0.3141864612864679,0.1057271330713415,seasonal_naive,LORETO
2014-08-11,0.10472882042882263,0.0,seasonal_naive,LORETO
2014-08-18,0.0,0.0,seasonal_naive,LORETO
2014-08-25,0.10472882042882263,0.0,seasonal_naive,LORETO
2014-09-01,0.10472882042882263,0.0,seasonal_naive,LORETO
2014-09-08,0.10472882042882263,0.0,seasonal_naive,LORETO
2014-09-15,0.0,0.0,seasonal_naive,LORETO
2014-09-22,0.0,0.211454266142683,seasonal_naive,LORETO
2014-09-29,0.10472882042882263,0.211454266142683,seasonal_naive,LORETO
2014-10-06,0.10472882042882263,0.211454266142683,seasonal_naive,LORETO
2014-10-13,0.10472882042882263,0.0,seasonal_naive,LORETO
2014-10-20,0.0,0.0,seasonal_naive,LORETO
2014-10-27,0.10472882042882263,0.0,seasonal_naive,LORETO
2014-11-03,0.10472882042882263,0.0,seasonal_naive,LORETO
2014-11-10,0.10472882042882263,0.0,seasonal_naive,LORETO
2014-11-17,0.0,0.0,seasonal_naive,LORETO
2014-11-24,0.0,0.0,seasonal_naive,LORETO
2014-12-01,0.10472882042882263,0.1057271330713415,seasonal_naive,LORETO
2014-12-08,0.10472882042882263,0.1057271330713415,seasonal_naive,LORETO
2014-12-15,0.10472882042882263,0.1057271330713415,seasonal_naive,LORETO
2014-12-22,0.0,0.0,seasonal_naive,LORETO
2014-12-29,0.0,0.0,seasonal_naive,LORETO
2015-01-05,0.0,0.0,seasonal_naive,LORETO
2015-01-12,0.0,0.0,seasonal_naive,LORETO
2015-01-19,0.0,0.0,seasonal_naive,LORETO
2015-01-26,0.0,0.0,seasonal_naive,LORETO
2015-02-02,0.0,0.0,seasonal_naive,LORETO
2015-02-09,0.0,0.0,seasonal_naive,LORETO
2015-02-16,0.0,0.0,seasonal_naive,LORETO
2015-02-23,0.0,0.0,seasonal_naive,LORETO
2015-03-02,0.0,0.0,seasonal_naive,LORETO
2015-03-09,0.0,0.0,seasonal_naive,LORETO
2015-03-16,0.0,0.0,seasonal_naive,LORETO
2015-03-23,0.0,0.0,seasonal_naive,LORETO
2015-03-30,0.0,0.20945764085764526,seasonal_naive,LORETO
2015-04-06,0.0,0.20945764085764526,seasonal_naive,LORETO
2015-04-13,0.0,0.20945764085764526,seasonal_naive,LORETO
2015-04-20,0.0,0.0,seasonal_naive,LORETO
2015-04-27,0.0,0.0,seasonal_naive,LORETO
2015-05-04,0.0,0.0,seasonal_naive,LORETO
2015-05-11,0.0,0.0,seasonal_naive,LORETO
2015-05-18,0.0,0.0,seasonal_naive,LORETO
2015-05-25,0.0,0.0,seasonal_naive,LORETO
2015-06-01,0.0,0.0,seasonal_naive,LORETO
2015-06-08,0.0,0.0,seasonal_naive,LORETO
2015-06-15,0.0,0.0,seasonal_naive,LORETO
2015-06-22,0.0,0.0,seasonal_naive,LORETO
2015-06-29,0.10374907663321796,0.0,seasonal_naive,LORETO
2015-07-06,0.10374907663321796,0.0,seasonal_naive,LORETO
2015-07-13,0.20749815326643592,0.0,seasonal_naive,LORETO
2015-07-20,0.20749815326643592,0.20945764085764526,seasonal_naive,LORETO
2015-07-27,0.20749815326643592,0.3141864612864679,seasonal_naive,LORETO
2015-08-03,0.10374907663321796,0.3141864612864679,seasonal_naive,LORETO
2015-08-10,0.0,0.10472882042882264,seasonal_naive,LORETO
2015-08-17,0.0,0.0,seasonal_naive,LORETO
2015-08-24,0.0,0.10472882042882264,seasonal_naive,LORETO
2015-08-31,0.0,0.10472882042882264,seasonal_naive,LORETO
2015-09-07,0.0,0.10472882042882264,seasonal_naive,LORETO
2015-09-14,0.0,0.0,seasonal_naive,LORETO
2015-09-21,0.10374907663321796,0.0,seasonal_naive,LORETO
2015-09-28,0.10374907663321796,0.10472882042882264,seasonal_naive,LORETO
2015-10-05,0.10374907663321796,0.10472882042882264,seasonal_naive,LORETO
2015-10-12,0.0,0.10472882042882264,seasonal_naive,LORETO
2015-10-19,0.0,0.0,seasonal_naive,LORETO
2015-10-26,0.0,0.10472882042882264,seasonal_naive,LORETO
2015-11-02,0.0,0.10472882042882264,seasonal_naive,LORETO
2015-11-09,0.0,0.10472882042882264,seasonal_naive,LORETO
2015-11-16,0.0,0.0,seasonal_naive,LORETO
2015-11-23,0.0,0.0,seasonal_naive,LORETO
2015-11-30,0.0,0.10472882042882264,seasonal_naive,LORETO
2015-12-07,0.0,0.10472882042882264,seasonal_naive,LORETO
2015-12-14,0.0,0.10472882042882264,seasonal_naive,LORETO
2015-12-21,0.0,0.0,seasonal_naive,LORETO
2015-12-28,0.0,0.0,seasonal_naive,LORETO
2016-01-04,0.0,0.0,seasonal_naive,LORETO
2016-01-11,0.0,0.0,seasonal_naive,LORETO
2016-01-18,0.0,0.0,seasonal_naive,LORETO
2016-01-25,0.0,0.0,seasonal_naive,LORETO
2016-02-01,0.0,0.0,seasonal_naive,LORETO
2016-02-08,0.0,0.0,seasonal_naive,LORETO
2016-02-15,0.0,0.0,seasonal_naive,LORETO
2016-02-22,0.0,0.0,seasonal_naive,LORETO
2016-02-29,0.0,0.0,seasonal_naive,LORETO
2016-03-07,0.0,0.0,seasonal_naive,LORETO
2016-03-14,0.0,0.0,seasonal_naive,LORETO
2016-03-21,0.0,0.0,seasonal_naive,LORETO
2016-03-28,0.0,0.0,seasonal_naive,LORETO
2016-04-04,0.0,0.0,seasonal_naive,LORETO
2016-04-11,0.10278759970397171,0.0,seasonal_naive,LORETO
2016-04-18,0.10278759970397171,0.0,seasonal_naive,LORETO
2016-04-25,0.10278759970397171,0.0,seasonal_naive,LORETO
2016-05-02,0.10278759970397171,0.0,seasonal_naive,LORETO
2016-05-09,0.10278759970397171,0.0,seasonal_naive,LORETO
2016-05-16,0.10278759970397171,0.0,seasonal_naive,LORETO
2016-05-23,0.0,0.0,seasonal_naive,LORETO
2016-05-30,0.0,0.0,seasonal_naive,LORETO
2016-06-06,0.0,0.0,seasonal_naive,LORETO
2016-06-13,0.10278759970397171,0.0,seasonal_naive,LORETO
2016-06-20,0.10278759970397171,0.0,seasonal_naive,LORETO
2016-06-27,0.10278759970397171,0.10374907663321797,seasonal_naive,LORETO
2016-07-04,0.10278759970397171,0.10374907663321797,seasonal_naive,LORETO
2016-07-11,0.10278759970397171,0.2074981532664359,seasonal_naive,LORETO
2016-07-18,0.10278759970397171,0.2074981532664359,seasonal_naive,LORETO
2016-07-25,0.0,0.2074981532664359,seasonal_naive,LORETO
2016-08-01,0.0,0.10374907663321797,seasonal_naive,LORETO
2016-08-08,0.0,0.0,seasonal_naive,LORETO
2016-08-15,0.0,0.0,seasonal_naive,LORETO
2016-08-22,0.0,0.0,seasonal_naive,LORETO
2016-08-29,0.0,0.0,seasonal_naive,LORETO
2016-09-05,0.0,0.0,seasonal_naive,LORETO
2016-09-12,0.0,0.0,seasonal_naive,LORETO
2016-09-19,0.0,0.10374907663321797,seasonal_naive,LORETO
2016-09-26,0.10278759970397171,0.10374907663321797,seasonal_naive,LORETO
2016-10-03,0.10278759970397171,0.10374907663321797,seasonal_naive,LORETO
2016-10-10,0.10278759970397171,0.0,seasonal_naive,LORETO
2016-10-17,0.0,0.0,seasonal_naive,LORETO
2016-10-24,0.0,0.0,seasonal_naive,LORETO
2016-10-31,0.0,0.0,seasonal_naive,LORETO
2016-11-07,0.0,0.0,seasonal_naive,LORETO
2016-11-14,0.0,0.0,seasonal_naive,LORETO
2016-11-21,0.0,0.0,seasonal_naive,LORETO
2016-11-28,0.0,0.0,seasonal_naive,LORETO
2016-12-05,0.0,0.0,seasonal_naive,LORETO
2016-12-12,0.0,0.0,seasonal_naive,LORETO
2016-12-19,0.0,0.0,seasonal_naive,LORETO
2016-12-26,0.0,0.0,seasonal_naive,LORETO
2017-01-02,0.0,0.0,seasonal_naive,LORETO
2017-01-09,0.0,0.0,seasonal_naive,LORETO
2017-01-16,0.0,0.0,seasonal_naive,LORETO
2017-01-23,0.0,0.0,seasonal_naive,LORETO
2017-01-30,0.0,0.0,seasonal_naive,LORETO
2017-02-06,0.0,0.0,seasonal_naive,LORETO
2017-02-13,0.0,0.0,seasonal_naive,LORETO
2017-02-20,0.0,0.0,seasonal_naive,LORETO
2017-02-27,0.0,0.0,seasonal_naive,LORETO
2017-03-06,0.0,0.0,seasonal_naive,LORETO
2017-03-13,0.0,0.0,seasonal_naive,LORETO
2017-03-20,0.0,0.0,seasonal_naive,LORETO
2017-03-27,0.0,0.0,seasonal_naive,LORETO
2017-04-03,0.0,0.0,seasonal_naive,LORETO
2017-04-10,0.0,0.1027875997039717,seasonal_naive,LORETO
2017-04-17,0.10184367606785642,0.1027875997039717,seasonal_naive,LORETO
2017-04-24,0.10184367606785642,0.1027875997039717,seasonal_naive,LORETO
2017-05-01,0.10184367606785642,0.1027875997039717,seasonal_naive,LORETO
2017-05-08,0.0,0.1027875997039717,seasonal_naive,LORETO
2017-05-15,0.0,0.1027875997039717,seasonal_naive,LORETO
2017-05-22,0.10184367606785642,0.0,seasonal_naive,LORETO
2017-05-29,0.20368735213571285,0.0,seasonal_naive,LORETO
2017-06-05,0.4073747042714257,0.0,seasonal_naive,LORETO
2017-06-12,0.4073747042714257,0.1027875997039717,seasonal_naive,LORETO
2017-06-19,0.30553102820356925,0.1027875997039717,seasonal_naive,LORETO
2017-06-26,0.10184367606785642,0.1027875997039717,seasonal_naive,LORETO
2017-07-03,0.0,0.1027875997039717,seasonal_naive,LORETO
2017-07-10,0.0,0.1027875997039717,seasonal_naive,LORETO
2017-07-17,0.10184367606785642,0.1027875997039717,seasonal_naive,LORETO
2017-07-24,0.20368735213571285,0.0,seasonal_naive,LORETO
2017-07-31,0.20368735213571285,0.0,seasonal_naive,LORETO
2017-08-07,0.10184367606785642,0.0,seasonal_naive,LORETO
2017-08-14,0.10184367606785642,0.0,seasonal_naive,LORETO
2017-08-21,0.20368735213571285,0.0,seasonal_naive,LORETO
2017-08-28,0.30553102820356925,0.0,seasonal_naive,LORETO
2017-09-04,0.20368735213571285,0.0,seasonal_naive,LORETO
2017-09-11,0.10184367606785642,0.0,seasonal_naive,LORETO
2017-09-18,0.0,0.0,seasonal_naive,LORETO
2017-09-25,0.0,0.1027875997039717,seasonal_naive,LORETO
2017-10-02,0.0,0.1027875997039717,seasonal_naive,LORETO
2017-10-09,0.0,0.1027875997039717,seasonal_naive,LORETO
2017-10-16,0.0,0.0,seasonal_naive,LORETO
2017-10-23,0.10184367606785642,0.0,seasonal_naive,LORETO
2017-10-30,0.10184367606785642,0.0,seasonal_naive,LORETO
2017-11-06,0.20368735213571285,0.0,seasonal_naive,LORETO
2017-11-13,0.10184367606785642,0.0,seasonal_naive,LORETO
2017-11-20,0.10184367606785642,0.0,seasonal_naive,LORETO
2017-11-27,0.10184367606785642,0.0,seasonal_naive,LORETO
2017-12-04,0.4846612902719212,0.0,seasonal_naive,LORETO
2017-12-11,0.4846612902719212,0.0,seasonal_naive,LORETO
2017-12-18,0.38281761420406474,0.0,seasonal_naive,LORETO
2017-12-25,0.0,0.0,seasonal_naive,LORETO
2018-01-01,0.10055364838802446,0.0,seasonal_naive,LORETO
2018-01-08,0.2011072967760489,0.0,seasonal_naive,LORETO
2018-01-15,0.2011072967760489,0.0,seasonal_naive,LORETO
2018-01-22,0.10055364838802446,0.0,seasonal_naive,LORETO
2018-01-29,0.10055364838802446,0.0,seasonal_naive,LORETO
2018-02-05,0.10055364838802446,0.0,seasonal_naive,LORETO
2018-02-12,0.10055364838802446,0.0,seasonal_naive,LORETO
2018-02-19,0.0,0.0,seasonal_naive,LORETO
2018-02-26,0.0,0.0,seasonal_naive,LORETO
2018-03-05,0.0,0.0,seasonal_naive,LORETO
2018-03-12,0.10055364838802446,0.0,seasonal_naive,LORETO
2018-03-19,0.10055364838802446,0.0,seasonal_naive,LORETO
2018-03-26,0.10055364838802446,0.0,seasonal_naive,LORETO
2018-04-02,0.0,0.0,seasonal_naive,LORETO
2018-04-09,0.0,0.0,seasonal_naive,LORETO
2018-04-16,0.0,0.10184367606785641,seasonal_naive,LORETO
2018-04-23,0.0,0.10184367606785641,seasonal_naive,LORETO
2018-04-30,0.0,0.10184367606785641,seasonal_naive,LORETO
2018-05-07,0.0,0.0,seasonal_naive,LORETO
2018-05-14,0.0,0.0,seasonal_naive,LORETO
2018-05-21,0.0,0.10184367606785641,seasonal_naive,LORETO
2018-05-28,0.0,0.20368735213571285,seasonal_naive,LORETO
2018-06-04,0.0,0.40737470427142564,seasonal_naive,LORETO
2018-06-11,0.0,0.40737470427142564,seasonal_naive,LORETO
2018-06-18,0.0,0.30553102820356925,seasonal_naive,LORETO
2018-06-25,0.0,0.10184367606785641,seasonal_naive,LORETO
2018-07-02,0.0,0.0,seasonal_naive,LORETO
2018-07-09,0.10055364838802446,0.0,seasonal_naive,LORETO
2018-07-16,0.10055364838802446,0.10184367606785641,seasonal_naive,LORETO
2018-07-23,0.10055364838802446,0.20368735213571285,seasonal_naive,LORETO
2018-07-30,0.0,0.20368735213571285,seasonal_naive,LORETO
2018-08-06,0.10055364838802446,0.10184367606785641,seasonal_naive,LORETO
2018-08-13,0.10055364838802446,0.10184367606785641,seasonal_naive,LORETO
2018-08-20,0.10055364838802446,0.20368735213571285,seasonal_naive,LORETO
2018-08-27,0.0,0.30553102820356925,seasonal_naive,LORETO
2018-09-03,0.0,0.20368735213571285,seasonal_naive,LORETO
2018-09-10,0.0,0.10184367606785641,seasonal_naive,LORETO
2018-09-17,0.10055364838802446,0.0,seasonal_naive,LORETO
2018-09-24,0.10055364838802446,0.0,seasonal_naive,LORETO
2018-10-01,0.10055364838802446,0.0,seasonal_naive,LORETO
2018-10-08,0.10055364838802446,0.0,seasonal_naive,LORETO
2018-10-15,0.10055364838802446,0.0,seasonal_naive,LORETO
2018-10-22,0.10055364838802446,0.10184367606785641,seasonal_naive,LORETO
2018-10-29,0.0,0.10184367606785641,seasonal_naive,LORETO
2018-11-05,0.0,0.20368735213571285,seasonal_naive,LORETO
2018-11-12,0.0,0.10184367606785641,seasonal_naive,LORETO
2018-11-19,0.0,0.10184367606785641,seasonal_naive,LORETO
2018-11-26,0.0,0.10184367606785641,seasonal_naive,LORETO
2018-12-03,0.0,0.48466129027192123,seasonal_naive,LORETO
2018-12-10,0.0,0.48466129027192123,seasonal_naive,LORETO
2018-12-17,0.10055364838802446,0.3828176142040648,seasonal_naive,LORETO
2018-12-24,0.10055364838802446,0.0,seasonal_naive,LORETO
2018-12-31,0.10055364838802446,0.10055364838802444,seasonal_naive,LORETO
2019-01-07,0.0,0.2011072967760489,seasonal_naive,LORETO
2019-01-14,0.0,0.2011072967760489,seasonal_naive,LORETO
2019-01-21,0.0,0.10055364838802444,seasonal_naive,LORETO
2019-01-28,0.0,0.10055364838802444,seasonal_naive,LORETO
2019-02-04,0.09929589282398511,0.10055364838802444,seasonal_naive,LORETO
2019-02-11,0.19859178564797023,0.10055364838802444,seasonal_naive,LORETO
2019-02-18,0.19859178564797023,0.0,seasonal_naive,LORETO
2019-02-25,0.09929589282398511,0.0,seasonal_naive,LORETO
2019-03-04,0.0,0.0,seasonal_naive,LORETO
2019-03-11,0.0,0.10055364838802444,seasonal_naive,LORETO
2019-03-18,0.0,0.10055364838802444,seasonal_naive,LORETO
2019-03-25,0.0,0.10055364838802444,seasonal_naive,LORETO
2019-04-01,0.0,0.0,seasonal_naive,LORETO
2019-04-08,0.0,0.0,seasonal_naive,LORETO
2019-04-15,0.0,0.0,seasonal_naive,LORETO
2019-04-22,0.09929589282398511,0.0,seasonal_naive,LORETO
2019-04-29,0.09929589282398511,0.0,seasonal_naive,LORETO
2019-05-06,0.09929589282398511,0.0,seasonal_naive,LORETO
2019-05-13,0.09929589282398511,0.0,seasonal_naive,LORETO
2019-05-20,0.09929589282398511,0.0,seasonal_naive,LORETO
2019-05-27,0.09929589282398511,0.0,seasonal_naive,LORETO
2019-06-03,0.0,0.0,seasonal_naive,LORETO
2019-06-10,0.0,0.0,seasonal_naive,LORETO
2019-06-17,0.09929589282398511,0.0,seasonal_naive,LORETO
2019-06-24,0.09929589282398511,0.0,seasonal_naive,LORETO
2019-07-01,0.09929589282398511,0.0,seasonal_naive,LORETO
2019-07-08,0.0,0.10055364838802444,seasonal_naive,LORETO
2019-07-15,0.0,0.10055364838802444,seasonal_naive,LORETO
2019-07-22,0.09929589282398511,0.10055364838802444,seasonal_naive,LORETO
2019-07-29,0.09929589282398511,0.0,seasonal_naive,LORETO
2019-08-05,0.09929589282398511,0.10055364838802444,seasonal_naive,LORETO
2019-08-12,0.0,0.10055364838802444,seasonal_naive,LORETO
2019-08-19,0.0,0.10055364838802444,seasonal_naive,LORETO
2019-08-26,0.0,0.0,seasonal_naive,LORETO
2019-09-02,0.0,0.0,seasonal_naive,LORETO
2019-09-09,0.0,0.0,seasonal_naive,LORETO
2019-09-16,0.09929589282398511,0.10055364838802444,seasonal_naive,LORETO
2019-09-23,0.19859178564797023,0.10055364838802444,seasonal_naive,LORETO
2019-09-30,0.29788767847195535,0.10055364838802444,seasonal_naive,LORETO
2019-10-07,0.19859178564797028,0.10055364838802444,seasonal_naive,LORETO
2019-10-14,0.29788767847195535,0.10055364838802444,seasonal_naive,LORETO
2019-10-21,0.1985917856479702,0.10055364838802444,seasonal_naive,LORETO
2019-10-28,0.1985917856479702,0.0,seasonal_naive,LORETO
2019-11-04,0.09929589282398511,0.0,seasonal_naive,LORETO
2019-11-11,0.09929589282398511,0.0,seasonal_naive,LORETO
2019-11-18,0.19859178564797023,0.0,seasonal_naive,LORETO
2019-11-25,0.19859178564797023,0.0,seasonal_naive,LORETO
2019-12-02,0.19859178564797023,0.0,seasonal_naive,LORETO
2019-12-09,0.19859178564797023,0.0,seasonal_naive,LORETO
2019-12-16,0.09929589282398511,0.10055364838802444,seasonal_naive,LORETO
2019-12-23,0.09929589282398511,0.10055364838802444,seasonal_naive,LORETO
2019-12-30,0.0,0.10055364838802444,seasonal_naive,LORETO
2020-01-06,0.0,0.0,seasonal_naive,LORETO
2020-01-13,0.0,0.0,seasonal_naive,LORETO
2020-01-20,0.0,0.0,seasonal_naive,LORETO
2020-01-27,0.0,0.0,seasonal_naive,LORETO
2020-02-03,0.0,0.0992958928239851,seasonal_naive,LORETO
2020-02-10,0.0,0.1985917856479702,seasonal_naive,LORETO
2020-02-17,0.0,0.1985917856479702,seasonal_naive,LORETO
2020-02-24,0.0,0.0992958928239851,seasonal_naive,LORETO
2020-03-02,0.09806911715238666,0.0,seasonal_naive,LORETO
2020-03-09,0.09806911715238666,0.0,seasonal_naive,LORETO
2020-03-16,0.09806911715238666,0.0,seasonal_naive,LORETO
2020-03-23,0.0,0.0,seasonal_naive,LORETO
2020-03-30,0.0,0.0,seasonal_naive,LORETO
2020-04-06,0.0,0.0,seasonal_naive,LORETO
2020-04-13,0.0,0.0,seasonal_naive,LORETO
2020-04-20,0.0,0.0992958928239851,seasonal_naive,LORETO
2020-04-27,0.0,0.0992958928239851,seasonal_naive,LORETO
2020-05-04,0.0,0.0992958928239851,seasonal_naive,LORETO
2020-05-11,0.1961382343047733,0.0992958928239851,seasonal_naive,LORETO
2020-05-18,0.1961382343047733,0.0992958928239851,seasonal_naive,LORETO
2020-05-25,0.1961382343047733,0.0992958928239851,seasonal_naive,LORETO
2020-06-01,0.0,0.0,seasonal_naive,LORETO
2020-06-08,0.0,0.0,seasonal_naive,LORETO
2020-06-15,0.0,0.0992958928239851,seasonal_naive,LORETO
2020-06-22,0.0,0.0992958928239851,seasonal_naive,LORETO
2020-06-29,0.0,0.0992958928239851,seasonal_naive,LORETO
2020-07-06,0.09806911715238666,0.0,seasonal_naive,LORETO
2020-07-13,0.09806911715238666,0.0,seasonal_naive,LORETO
2020-07-20,0.3922764686095466,0.0992958928239851,seasonal_naive,LORETO
2020-07-27,0.29420735145716,0.0992958928239851,seasonal_naive,LORETO
2020-08-03,0.2942073514571599,0.0992958928239851,seasonal_naive,LORETO
2020-08-10,0.0,0.0,seasonal_naive,LORETO
2020-08-17,0.0,0.0,seasonal_naive,LORETO
2020-08-24,0.0,0.0,seasonal_naive,LORETO
2020-08-31,0.0,0.0,seasonal_naive,LORETO
2020-09-07,0.0,0.0,seasonal_naive,LORETO
2020-09-14,0.09806911715238666,0.0992958928239851,seasonal_naive,LORETO
2020-09-21,0.09806911715238666,0.1985917856479702,seasonal_naive,LORETO
2020-09-28,0.1961382343047733,0.29788767847195535,seasonal_naive,LORETO
2020-10-05,0.29420735145716,0.19859178564797025,seasonal_naive,LORETO
2020-10-12,0.29420735145716,0.29788767847195535,seasonal_naive,LORETO
2020-10-19,0.39227646860954657,0.19859178564797017,seasonal_naive,LORETO
2020-10-26,0.1961382343047733,0.19859178564797017,seasonal_naive,LORETO
2020-11-02,0.1961382343047733,0.0992958928239851,seasonal_naive,LORETO
2020-11-09,0.0,0.0992958928239851,seasonal_naive,LORETO
2020-11-16,0.0,0.1985917856479702,seasonal_naive,LORETO
2020-11-23,0.0,0.1985917856479702,seasonal_naive,LORETO
2020-11-30,0.0,0.1985917856479702,seasonal_naive,LORETO
2020-12-07,0.0,0.1985917856479702,seasonal_naive,LORETO
2020-12-14,0.0,0.0992958928239851,seasonal_naive,LORETO
2020-12-21,0.0,0.0992958928239851,seasonal_naive,LORETO
2020-12-28,0.0,0.0,seasonal_naive,LORETO
2021-01-04,0.0,0.0,seasonal_naive,LORETO
2021-01-11,0.0,0.0,seasonal_naive,LORETO
2021-01-18,0.0,0.0,seasonal_naive,LORETO
2021-01-25,0.0,0.0,seasonal_naive,LORETO
2021-02-01,0.0,0.0,seasonal_naive,LORETO
2021-02-08,0.0,0.0,seasonal_naive,LORETO
2021-02-15,0.0,0.0,seasonal_naive,LORETO
2021-02-22,0.09687237839125978,0.0,seasonal_naive,LORETO
2021-03-01,0.09687237839125978,0.09806911715238667,seasonal_naive,LORETO
2021-03-08,0.19374475678251957,0.09806911715238667,seasonal_naive,LORETO
2021-03-15,0.19374475678251957,0.09806911715238667,seasonal_naive,LORETO
2021-03-22,0.29061713517377935,0.0,seasonal_naive,LORETO
2021-03-29,0.29061713517377935,0.0,seasonal_naive,LORETO
2021-04-05,0.29061713517377935,0.0,seasonal_naive,LORETO
2021-04-12,0.19374475678251954,0.0,seasonal_naive,LORETO
2021-04-19,0.09687237839125978,0.0,seasonal_naive,LORETO
2021-04-26,0.09687237839125978,0.0,seasonal_naive,LORETO
2021-05-03,0.19374475678251957,0.0,seasonal_naive,LORETO
2021-05-10,0.19374475678251957,0.19613823430477337,seasonal_naive,LORETO
2021-05-17,0.09687237839125978,0.19613823430477337,seasonal_naive,LORETO
2021-05-24,0.09687237839125978,0.19613823430477337,seasonal_naive,LORETO
2021-05-31,0.29061713517377935,0.0,seasonal_naive,LORETO
2021-06-07,0.38748951356503913,0.0,seasonal_naive,LORETO
2021-06-14,0.6734347493778441,0.0,seasonal_naive,LORETO
2021-06-21,0.6734347493778441,0.0,seasonal_naive,LORETO
2021-06-28,0.6734347493778441,0.0,seasonal_naive,LORETO
2021-07-05,0.29061713517377935,0.09806911715238667,seasonal_naive,LORETO
2021-07-12,0.09687237839125978,0.09806911715238667,seasonal_naive,LORETO
2021-07-19,0.0,0.3922764686095466,seasonal_naive,LORETO
2021-07-26,0.09687237839125978,0.29420735145716,seasonal_naive,LORETO
2021-08-02,0.09687237839125978,0.2942073514571599,seasonal_naive,LORETO
2021-08-09,0.09687237839125978,0.0,seasonal_naive,LORETO
2021-08-16,0.0,0.0,seasonal_naive,LORETO
2021-08-23,0.0,0.0,seasonal_naive,LORETO
2021-08-30,0.0,0.0,seasonal_naive,LORETO
2021-09-06,0.09687237839125978,0.0,seasonal_naive,LORETO
2021-09-13,0.09687237839125978,0.09806911715238667,seasonal_naive,LORETO
2021-09-20,0.09687237839125978,0.09806911715238667,seasonal_naive,LORETO
2021-09-27,0.0,0.19613823430477337,seasonal_naive,LORETO
2021-10-04,0.09687237839125978,0.29420735145716,seasonal_naive,LORETO
2021-10-11,0.09687237839125978,0.29420735145716,seasonal_naive,LORETO
2021-10-18,0.09687237839125978,0.39227646860954657,seasonal_naive,LORETO
2021-10-25,0.09687237839125978,0.19613823430477337,seasonal_naive,LORETO
2021-11-01,0.09687237839125978,0.19613823430477337,seasonal_naive,LORETO
2021-11-08,0.09687237839125978,0.0,seasonal_naive,LORETO
2021-11-15,0.0,0.0,seasonal_naive,LORETO
2021-11-22,0.0,0.0,seasonal_naive,LORETO
2021-11-29,0.0,0.0,seasonal_naive,LORETO
2021-12-06,0.0,0.0,seasonal_naive,LORETO
2021-12-13,0.0,0.0,seasonal_naive,LORETO
2021-12-20,0.0,0.0,seasonal_naive,LORETO
2021-12-27,0.09687237839125978,0.0,seasonal_naive,LORETO
2022-01-03,0.4796899925953246,0.0,seasonal_naive,LORETO
2022-01-10,0.671098799697357,0.0,seasonal_naive,LORETO
2022-01-17,0.8613396319591456,0.0,seasonal_naive,LORETO
2022-01-24,0.6699308248571133,0.0,seasonal_naive,LORETO
2022-01-31,0.8613396319591459,0.0,seasonal_naive,LORETO
2022-02-07,0.9570440355101618,0.0,seasonal_naive,LORETO
2022-02-14,1.1484528426121943,0.0,seasonal_naive,LORETO
2022-02-21,1.1484528426121943,0.09687237839125978,seasonal_naive,LORETO
2022-02-28,0.9570440355101618,0.09687237839125978,seasonal_naive,LORETO
2022-03-07,0.5742264213060971,0.19374475678251957,seasonal_naive,LORETO
2022-03-14,0.5742264213060971,0.19374475678251957,seasonal_naive,LORETO
2022-03-21,0.3828176142040647,0.2906171351737793,seasonal_naive,LORETO
2022-03-28,0.47852201775508085,0.2906171351737793,seasonal_naive,LORETO
2022-04-04,0.4785220177550809,0.2906171351737793,seasonal_naive,LORETO
2022-04-11,0.7656352284081295,0.19374475678251957,seasonal_naive,LORETO
2022-04-18,0.8613396319591456,0.09687237839125978,seasonal_naive,LORETO
2022-04-25,0.8613396319591459,0.09687237839125978,seasonal_naive,LORETO
2022-05-02,0.6699308248571133,0.19374475678251957,seasonal_naive,LORETO
2022-05-09,0.5742264213060971,0.19374475678251957,seasonal_naive,LORETO
2022-05-16,0.38281761420406474,0.09687237839125978,seasonal_naive,LORETO
2022-05-23,0.478522017755081,0.09687237839125978,seasonal_naive,LORETO
2022-05-30,0.6699308248571133,0.2906171351737793,seasonal_naive,LORETO
2022-06-06,0.478522017755081,0.38748951356503913,seasonal_naive,LORETO
2022-06-13,0.28711321065304857,0.6734347493778441,seasonal_naive,LORETO
2022-06-20,0.0,0.6734347493778441,seasonal_naive,LORETO
2022-06-27,0.0,0.6734347493778441,seasonal_naive,LORETO
2022-07-04,0.0,0.2906171351737793,seasonal_naive,LORETO
2022-07-11,0.0,0.09687237839125978,seasonal_naive,LORETO
2022-07-18,0.19140880710203237,0.0,seasonal_naive,LORETO
2022-07-25,0.28711321065304857,0.09687237839125978,seasonal_naive,LORETO
2022-08-01,0.6699308248571133,0.09687237839125978,seasonal_naive,LORETO
2022-08-08,0.478522017755081,0.09687237839125978,seasonal_naive,LORETO
2022-08-15,0.5742264213060971,0.0,seasonal_naive,LORETO
2022-08-22,0.38281761420406474,0.0,seasonal_naive,LORETO
2022-08-29,0.5742264213060971,0.0,seasonal_naive,LORETO
2022-09-05,0.478522017755081,0.09687237839125978,seasonal_naive,LORETO
2022-09-12,0.4785220177550809,0.09687237839125978,seasonal_naive,LORETO
2022-09-19,0.5742264213060971,0.09687237839125978,seasonal_naive,LORETO
2022-09-26,0.5742264213060971,0.0,seasonal_naive,LORETO
2022-10-03,0.4785220177550809,0.09687237839125978,seasonal_naive,LORETO
2022-10-10,0.19140880710203234,0.09687237839125978,seasonal_naive,LORETO
2022-10-17,0.09570440355101616,0.09687237839125978,seasonal_naive,LORETO
2022-10-24,0.09570440355101616,0.09687237839125978,seasonal_naive,LORETO
2022-10-31,0.38281761420406474,0.09687237839125978,seasonal_naive,LORETO
2022-11-07,0.38281761420406474,0.09687237839125978,seasonal_naive,LORETO
2022-11-14,0.28711321065304857,0.0,seasonal_naive,LORETO
2022-11-21,0.0,0.0,seasonal_naive,LORETO
2022-11-28,0.0,0.0,seasonal_naive,LORETO
2022-12-05,0.0,0.0,seasonal_naive,LORETO
2010-12-27,0.0,4.589128193459285e-05,holt_winters,LORETO
2011-01-03,0.0,0.019078713509428056,holt_winters,LORETO
2011-01-10,0.0,0.020691998631651644,holt_winters,LORETO
2011-01-17,0.0,0.04013623538309161,holt_winters,LORETO
2011-01-24,0.0,0.000422015279533992,holt_winters,LORETO
2011-01-31,0.0,0.0,holt_winters,LORETO
2011-02-07,0.0,0.0,holt_winters,LORETO
2011-02-14,0.0,0.0,holt_winters,LORETO
2011-02-21,0.0,0.0,holt_winters,LORETO
2011-02-28,0.0,0.022649266126093994,holt_winters,LORETO
2011-03-07,0.0,0.02388301142005348,holt_winters,LORETO
2011-03-14,0.0,0.024835439183981827,holt_winters,LORETO
2011-03-21,0.10778208187558068,0.0,holt_winters,LORETO
2011-03-28,0.10778208187558068,0.0,holt_winters,LORETO
2011-04-04,0.10778208187558068,0.0,holt_winters,LORETO
2011-04-11,0.0,0.0,holt_winters,LORETO
2011-04-18,0.0,0.0463330080199382,holt_winters,LORETO
2011-04-25,0.0,0.07715586862875853,holt_winters,LORETO
2011-05-02,0.0,0.0599789085067369,holt_winters,LORETO
2011-05-09,0.0,0.024214682683300383,holt_winters,LORETO
2011-05-16,0.10778208187558068,0.0,holt_winters,LORETO
2011-05-23,0.10778208187558068,0.0,holt_winters,LORETO
2011-05-30,0.21556416375116136,0.0,holt_winters,LORETO
2011-06-06,0.10778208187558068,0.0,holt_winters,LORETO
2011-06-13,0.21556416375116136,0.10711916052834108,holt_winters,LORETO
2011-06-20,0.10778208187558068,0.10752350970563412,holt_winters,LORETO
2011-06-27,0.10778208187558068,0.10775621953873019,holt_winters,LORETO
2011-07-04,0.0,0.10784905200921745,holt_winters,LORETO
2011-07-11,0.0,0.0,holt_winters,LORETO
2011-07-18,0.0,0.0020171561348460254,holt_winters,LORETO
2011-07-25,0.0,0.044530165085656,holt_winters,LORETO
2011-08-01,0.0,0.04598603562027761,holt_winters,LORETO
2011-08-08,0.0,0.027220520738466744,holt_winters,LORETO
2011-08-15,0.0,0.024880378507624205,holt_winters,LORETO
2011-08-22,0.10778208187558068,0.022918467603032067,holt_winters,LORETO
2011-08-29,0.10778208187558068,0.0,holt_winters,LORETO
2011-09-05,0.10778208187558068,0.08188661316772432,holt_winters,LORETO
2011-09-12,0.0,0.08149678048522573,holt_winters,LORETO
2011-09-19,0.0,0.08110959477927858,holt_winters,LORETO
2011-09-26,0.0,0.05821437630153553,holt_winters,LORETO
2011-10-03,0.0,0.026603022288172833,holt_winters,LORETO
2011-10-10,0.0,0.02644584735798015,holt_winters,LORETO
2011-10-17,0.0,0.048688285506880084,holt_winters,LORETO
2011-10-24,0.0,0.0266863036927935,holt_winters,LORETO
2011-10-31,0.0,0.0,holt_winters,LORETO
2011-11-07,0.0,0.0,holt_winters,LORETO
2011-11-14,0.10778208187558068,0.0,holt_winters,LORETO
2011-11-21,0.10778208187558068,0.0,holt_winters,LORETO
2011-11-28,0.10778208187558068,0.10740049026020967,holt_winters,LORETO
2011-12-05,0.0,0.10704111360184113,holt_winters,LORETO
2011-12-12,0.10778208187558068,0.10668096935010751,holt_winters,LORETO
2011-12-19,0.10778208187558068,0.12985936975873333,holt_winters,LORETO
2011-12-26,0.10778208187558068,0.10748567935542115,holt_winters,LORETO
2012-01-02,0.0,0.1282584804834077,holt_winters,LORETO
2012-01-09,0.10674477537696918,0.12973569773369933,holt_winters,LORETO
2012-01-16,0.10674477537696918,0.15094517658955015,holt_winters,LORETO
2012-01-23,0.10674477537696918,0.1066753642765533,holt_winters,LORETO
2012-01-30,0.0,0.08024077487101709,holt_winters,LORETO
2012-02-06,0.0,0.057041782916173664,holt_winters,LORETO
2012-02-13,0.0,0.03287889356379481,holt_winters,LORETO
2012-02-20,0.10674477537696918,0.0,holt_winters,LORETO
2012-02-27,0.21348955075393836,0.023118046146118454,holt_winters,LORETO
2012-03-05,0.21348955075393836,0.02477616659277887,holt_winters,LORETO
2012-03-12,0.10674477537696918,0.02606273520781052,holt_winters,LORETO
2012-03-19,0.0,0.10564224771864142,holt_winters,LORETO
2012-03-26,0.0,0.10532172373261432,holt_winters,LORETO
2012-04-02,0.0,0.10500426507921795,holt_winters,LORETO
2012-04-09,0.10674477537696918,0.10511026275050392,holt_winters,LORETO
2012-04-16,0.10674477537696918,0.15745382365768376,holt_winters,LORETO
2012-04-23,0.10674477537696918,0.19157921190169794,holt_winters,LORETO
2012-04-30,0.0,0.17248960114971396,holt_winters,LORETO
2012-05-07,0.0,0.13275486762038988,holt_winters,LORETO
2012-05-14,0.0,0.0,holt_winters,LORETO
2012-05-21,0.10674477537696918,0.0,holt_winters,LORETO
2012-05-28,0.10674477537696918,0.0,holt_winters,LORETO
2012-06-04,0.10674477537696918,0.0,holt_winters,LORETO
2012-06-11,0.0,0.13241633731342015,holt_winters,LORETO
2012-06-18,0.0,0.10843473475547072,holt_winters,LORETO
2012-06-25,0.10674477537696918,0.10587311012017464,holt_winters,LORETO
2012-07-02,0.10674477537696918,0.0814118732416709,holt_winters,LORETO
2012-07-09,0.10674477537696918,0.10637691441456307,holt_winters,LORETO
2012-07-16,0.0,0.106027900596024,holt_winters,LORETO
2012-07-23,0.0,0.15050917088366222,holt_winters,LORETO
2012-07-30,0.10674477537696918,0.15015033508353118,holt_winters,LORETO
2012-08-06,0.10674477537696918,0.10618665305791618,holt_winters,LORETO
2012-08-13,0.21348955075393836,0.1106074397668814,holt_winters,LORETO
2012-08-20,0.10674477537696918,0.1371063540840986,holt_winters,LORETO
2012-08-27,0.10674477537696918,0.11587364351405106,holt_winters,LORETO
2012-09-03,0.0,0.0810836011809296,holt_winters,LORETO
2012-09-10,0.10674477537696918,0.05663037672777824,holt_winters,LORETO
2012-09-17,0.10674477537696918,0.05457730927435154,holt_winters,LORETO
2012-09-24,0.10674477537696918,0.03098049153978964,holt_winters,LORETO
2012-10-01,0.0,0.13587293472770082,holt_winters,LORETO
2012-10-08,0.10674477537696918,0.13545195414146274,holt_winters,LORETO
2012-10-15,0.21348955075393836,0.13503632444443497,holt_winters,LORETO
2012-10-22,0.21348955075393836,0.11098346753226108,holt_winters,LORETO
2012-10-29,0.21348955075393836,0.21243948059329446,holt_winters,LORETO
2012-11-05,0.10674477537696918,0.21170388836514736,holt_winters,LORETO
2012-11-12,0.10674477537696918,0.23601703967326684,holt_winters,LORETO
2012-11-19,0.0,0.2352698817543524,holt_winters,LORETO
2012-11-26,0.10674477537696918,6.011290844348421e-05,holt_winters,LORETO
2012-12-03,0.10674477537696918,0.0,holt_winters,LORETO
2012-12-10,0.21348955075393836,1.4490495872109686e-05,holt_winters,LORETO
2012-12-17,0.10674477537696918,0.021269716511666512,holt_winters,LORETO
2012-12-24,0.10674477537696918,0.10877842073970291,holt_winters,LORETO
2012-12-31,0.0,0.1062677371460935,holt_winters,LORETO
2013-01-07,0.1057271330713415,0.13000359707517561,holt_winters,LORETO
2013-01-14,0.1057271330713415,0.15082047553164027,holt_winters,LORETO
2013-01-21,0.211454266142683,0.10656962968933797,holt_winters,LORETO
2013-01-28,0.3171813992140245,0.05594420313420261,holt_winters,LORETO
2013-02-04,0.3171813992140245,0.03136336382893452,holt_winters,LORETO
2013-02-11,0.21145426614268295,0.006351762148689932,holt_winters,LORETO
2013-02-18,0.0,0.24211597380938873,holt_winters,LORETO
2013-02-25,0.0,0.29077303889714995,holt_winters,LORETO
2013-03-04,0.1057271330713415,0.2894423431459724,holt_winters,LORETO
2013-03-11,0.1057271330713415,0.264627358020334,holt_winters,LORETO
2013-03-18,0.1057271330713415,0.1056725974507562,holt_winters,LORETO
2013-03-25,0.0,0.10533881695089206,holt_winters,LORETO
2013-04-01,0.0,0.10500407558241052,holt_winters,LORETO
2013-04-08,0.0,0.12774264596036655,holt_winters,LORETO
2013-04-15,0.0,0.04647880065612392,holt_winters,LORETO
2013-04-22,0.0,0.07774221106599805,holt_winters,LORETO
2013-04-29,0.1057271330713415,0.03955575611846684,holt_winters,LORETO
2013-05-06,0.1057271330713415,0.004670973809742061,holt_winters,LORETO
2013-05-13,0.211454266142683,0.07914299440356483,holt_winters,LORETO
2013-05-20,0.1057271330713415,0.10075871275662188,holt_winters,LORETO
2013-05-27,0.1057271330713415,0.12089390784381443,holt_winters,LORETO
2013-06-03,0.0,0.09979719340158415,holt_winters,LORETO
2013-06-10,0.0,0.0,holt_winters,LORETO
2013-06-17,0.1057271330713415,0.0,holt_winters,LORETO
2013-06-24,0.1057271330713415,0.0,holt_winters,LORETO
2013-07-01,0.1057271330713415,0.0,holt_winters,LORETO
2013-07-08,0.0,0.1054223010853242,holt_winters,LORETO
2013-07-15,0.0,0.08241412298284749,holt_winters,LORETO
2013-07-22,0.1057271330713415,0.1254880136575808,holt_winters,LORETO
2013-07-29,0.1057271330713415,0.14775278102162975,holt_winters,LORETO
2013-08-05,0.1057271330713415,0.10581954192682434,holt_winters,LORETO
2013-08-12,0.0,0.12275587750654453,holt_winters,LORETO
2013-08-19,0.0,0.12195996648306076,holt_winters,LORETO
2013-08-26,0.0,0.11930072633998183,holt_winters,LORETO
2013-09-02,0.0,0.0,holt_winters,LORETO
2013-09-09,0.0,0.0,holt_winters,LORETO
2013-09-16,0.0,0.0,holt_winters,LORETO
2013-09-23,0.211454266142683,0.0,holt_winters,LORETO
2013-09-30,0.211454266142683,0.1798636825939102,holt_winters,LORETO
2013-10-07,0.211454266142683,0.21084586818529522,holt_winters,LORETO
2013-10-14,0.0,0.2387061537595754,holt_winters,LORETO
2013-10-21,0.0,0.21690356599826371,holt_winters,LORETO
2013-10-28,0.0,0.0004460887054229227,holt_winters,LORETO
2013-11-04,0.0,0.0,holt_winters,LORETO
2013-11-11,0.0,0.0,holt_winters,LORETO
2013-11-18,0.0,0.0,holt_winters,LORETO
2013-11-25,0.0,0.02622875851275585,holt_winters,LORETO
2013-12-02,0.1057271330713415,0.00033615746595571196,holt_winters,LORETO
2013-12-09,0.1057271330713415,0.0358765832914133,holt_winters,LORETO
2013-12-16,0.1057271330713415,0.035404087537282816,holt_winters,LORETO
2013-12-23,0.0,0.10556794496209852,holt_winters,LORETO
2013-12-30,0.0,0.08185637812701602,holt_winters,LORETO
2014-01-06,0.0,0.12846507101660243,holt_winters,LORETO
2014-01-13,0.0,0.15019410380822512,holt_winters,LORETO
2014-01-20,0.0,0.023266412417194512,holt_winters,LORETO
2014-01-27,0.0,0.004497774002008174,holt_winters,LORETO
2014-02-03,0.0,0.0,holt_winters,LORETO
2014-02-10,0.0,0.0,holt_winters,LORETO
2014-02-17,0.0,0.0,holt_winters,LORETO
2014-02-24,0.0,0.0,holt_winters,LORETO
2014-03-03,0.0,0.013622360826049838,holt_winters,LORETO
2014-03-10,0.0,0.0,holt_winters,LORETO
2014-03-17,0.0,0.0013277472225867203,holt_winters,LORETO
2014-03-24,0.0,0.0,holt_winters,LORETO
2014-03-31,0.20945764085764526,0.0,holt_winters,LORETO
2014-04-07,0.20945764085764526,0.0,holt_winters,LORETO
2014-04-14,0.20945764085764526,0.20762588170942556,holt_winters,LORETO
2014-04-21,0.0,0.25422559496507285,holt_winters,LORETO
2014-04-28,0.0,0.2433717210683666,holt_winters,LORETO
2014-05-05,0.0,0.20922149827209363,holt_winters,LORETO
2014-05-12,0.0,0.050041962679400954,holt_winters,LORETO
2014-05-19,0.0,0.04995495453058263,holt_winters,LORETO
2014-05-26,0.0,0.06765714414097503,holt_winters,LORETO
2014-06-02,0.0,0.025519623122193007,holt_winters,LORETO
2014-06-09,0.0,0.0,holt_winters,LORETO
2014-06-16,0.0,0.0,holt_winters,LORETO
2014-06-23,0.0,0.01267855855366914,holt_winters,LORETO
2014-06-30,0.0,0.0,holt_winters,LORETO
2014-07-07,0.0,0.0,holt_winters,LORETO
2014-07-14,0.0,0.0,holt_winters,LORETO
2014-07-21,0.20945764085764526,0.002422358340933719,holt_winters,LORETO
2014-07-28,0.3141864612864679,0.01889672224575056,holt_winters,LORETO
2014-08-04,0.3141864612864679,0.2585202737415029,holt_winters,LORETO
2014-08-11,0.10472882042882263,0.2585202737415029,holt_winters,LORETO
2014-08-18,0.0,0.2585202737415029,holt_winters,LORETO
2014-08-25,0.10472882042882263,0.2585202737415029,holt_winters,LORETO
2014-09-01,0.10472882042882263,0.07451801475603642,holt_winters,LORETO
2014-09-08,0.10472882042882263,0.07402299069626998,holt_winters,LORETO
2014-09-15,0.0,0.07372721254327708,holt_winters,LORETO
2014-09-22,0.0,0.11541123980302563,holt_winters,LORETO
2014-09-29,0.10472882042882263,0.0,holt_winters,LORETO
2014-10-06,0.10472882042882263,0.0,holt_winters,LORETO
2014-10-13,0.10472882042882263,0.0,holt_winters,LORETO
2014-10-20,0.0,0.0,holt_winters,LORETO
2014-10-27,0.10472882042882263,0.00231928476068674,holt_winters,LORETO
2014-11-03,0.10472882042882263,0.0,holt_winters,LORETO
2014-11-10,0.10472882042882263,0.004318626020036854,holt_winters,LORETO
2014-11-17,0.0,0.0,holt_winters,LORETO
2014-11-24,0.0,0.027915604341583612,holt_winters,LORETO
2014-12-01,0.10472882042882263,0.027412448797577225,holt_winters,LORETO
2014-12-08,0.10472882042882263,0.0680269290612984,holt_winters,LORETO
2014-12-15,0.10472882042882263,0.04841581476297722,holt_winters,LORETO
2014-12-22,0.0,0.07581996725765378,holt_winters,LORETO
2014-12-29,0.0,0.03261979597823971,holt_winters,LORETO
2015-01-05,0.0,0.0973721409418593,holt_winters,LORETO
2015-01-12,0.0,0.09712177983162064,holt_winters,LORETO
2015-01-19,0.0,0.023666674607539212,holt_winters,LORETO
2015-01-26,0.0,0.004669401076637532,holt_winters,LORETO
2015-02-02,0.0,0.00903122807501955,holt_winters,LORETO
2015-02-09,0.0,0.0,holt_winters,LORETO
2015-02-16,0.0,0.0,holt_winters,LORETO
2015-02-23,0.0,0.0,holt_winters,LORETO
2015-03-02,0.0,0.015419630676295697,holt_winters,LORETO
2015-03-09,0.0,0.0,holt_winters,LORETO
2015-03-16,0.0,0.0,holt_winters,LORETO
2015-03-23,0.0,0.0,holt_winters,LORETO
2015-03-30,0.0,0.01694105750262533,holt_winters,LORETO
2015-04-06,0.0,0.016729059449850352,holt_winters,LORETO
2015-04-13,0.0,0.0,holt_winters,LORETO
2015-04-20,0.0,0.0,holt_winters,LORETO
2015-04-27,0.0,0.0,holt_winters,LORETO
2015-05-04,0.0,0.0,holt_winters,LORETO
2015-05-11,0.0,0.04959244199962612,holt_winters,LORETO
2015-05-18,0.0,0.0513511006527781,holt_winters,LORETO
2015-05-25,0.0,0.0706992002944452,holt_winters,LORETO
2015-06-01,0.0,0.02975430106781482,holt_winters,LORETO
2015-06-08,0.0,0.0,holt_winters,LORETO
2015-06-15,0.0,0.0,holt_winters,LORETO
2015-06-22,0.0,0.01734203178532413,holt_winters,LORETO
2015-06-29,0.10374907663321796,0.0,holt_winters,LORETO
2015-07-06,0.10374907663321796,0.06803595381869025,holt_winters,LORETO
2015-07-13,0.20749815326643592,0.046402930813878675,holt_winters,LORETO
2015-07-20,0.20749815326643592,0.10883815221750621,holt_winters,LORETO
2015-07-27,0.20749815326643592,0.15031015119386143,holt_winters,LORETO
2015-08-03,0.10374907663321796,0.21008174553219597,holt_winters,LORETO
2015-08-10,0.0,0.16164616513693772,holt_winters,LORETO
2015-08-17,0.0,0.1369589758248525,holt_winters,LORETO
2015-08-24,0.0,0.15640723358088515,holt_winters,LORETO
2015-08-31,0.0,0.0,holt_winters,LORETO
2015-09-07,0.0,0.0,holt_winters,LORETO
2015-09-14,0.0,0.0,holt_winters,LORETO
2015-09-21,0.10374907663321796,0.0,holt_winters,LORETO
2015-09-28,0.10374907663321796,0.10073265635799768,holt_winters,LORETO
2015-10-05,0.10374907663321796,0.12249198886604742,holt_winters,LORETO
2015-10-12,0.0,0.09956366659938291,holt_winters,LORETO
2015-10-19,0.0,0.07715798494722953,holt_winters,LORETO
2015-10-26,0.0,0.02425768811915606,holt_winters,LORETO
2015-11-02,0.0,0.005102791856899276,holt_winters,LORETO
2015-11-09,0.0,0.025443174103228446,holt_winters,LORETO
2015-11-16,0.0,0.0,holt_winters,LORETO
2015-11-23,0.0,0.02381823976539397,holt_winters,LORETO
2015-11-30,0.0,0.04371640381901546,holt_winters,LORETO
2015-12-07,0.0,0.08479118702869021,holt_winters,LORETO
2015-12-14,0.0,0.06470630996785603,holt_winters,LORETO
2015-12-21,0.0,0.0,holt_winters,LORETO
2015-12-28,0.0,0.0,holt_winters,LORETO
2016-01-04,0.0,0.0,holt_winters,LORETO
2016-01-11,0.0,0.0,holt_winters,LORETO
2016-01-18,0.0,0.023565033366310332,holt_winters,LORETO
2016-01-25,0.0,0.017989640453893157,holt_winters,LORETO
2016-02-01,0.0,0.0163210221060639,holt_winters,LORETO
2016-02-08,0.0,0.0,holt_winters,LORETO
2016-02-15,0.0,0.0,holt_winters,LORETO
2016-02-22,0.0,0.0,holt_winters,LORETO
2016-02-29,0.0,0.014263799111230144,holt_winters,LORETO
2016-03-07,0.0,0.0,holt_winters,LORETO
2016-03-14,0.0,0.0,holt_winters,LORETO
2016-03-21,0.0,0.0,holt_winters,LORETO
2016-03-28,0.0,0.0,holt_winters,LORETO
2016-04-04,0.0,0.0019345947059039106,holt_winters,LORETO
2016-04-11,0.10278759970397171,0.0022170345377204,holt_winters,LORETO
2016-04-18,0.10278759970397171,0.0,holt_winters,LORETO
2016-04-25,0.10278759970397171,0.0,holt_winters,LORETO
2016-05-02,0.10278759970397171,0.0,holt_winters,LORETO
2016-05-09,0.10278759970397171,0.1276750819193133,holt_winters,LORETO
2016-05-16,0.10278759970397171,0.13082715309531529,holt_winters,LORETO
2016-05-23,0.0,0.15281001603149416,holt_winters,LORETO
2016-05-30,0.0,0.10975000910049938,holt_winters,LORETO
2016-06-06,0.0,0.0,holt_winters,LORETO
2016-06-13,0.10278759970397171,0.0,holt_winters,LORETO
2016-06-20,0.10278759970397171,0.021284943231572786,holt_winters,LORETO
2016-06-27,0.10278759970397171,0.02978419134805753,holt_winters,LORETO
2016-07-04,0.10278759970397171,0.07606562846114945,holt_winters,LORETO
2016-07-11,0.10278759970397171,0.07291709742697998,holt_winters,LORETO
2016-07-18,0.10278759970397171,0.13646612937452127,holt_winters,LORETO
2016-07-25,0.0,0.17850464623478038,holt_winters,LORETO
2016-08-01,0.0,0.0,holt_winters,LORETO
2016-08-08,0.0,0.0,holt_winters,LORETO
2016-08-15,0.0,0.0,holt_winters,LORETO
2016-08-22,0.0,0.0,holt_winters,LORETO
2016-08-29,0.0,0.0,holt_winters,LORETO
2016-09-05,0.0,0.0,holt_winters,LORETO
2016-09-12,0.0,0.0,holt_winters,LORETO
2016-09-19,0.0,0.03468252272613233,holt_winters,LORETO
2016-09-26,0.10278759970397171,0.0023668594243338582,holt_winters,LORETO
2016-10-03,0.10278759970397171,0.019870431771140337,holt_winters,LORETO
2016-10-10,0.10278759970397171,0.0,holt_winters,LORETO
2016-10-17,0.0,0.0,holt_winters,LORETO
2016-10-24,0.0,0.029246419810203456,holt_winters,LORETO
2016-10-31,0.0,0.004208684684079004,holt_winters,LORETO
2016-11-07,0.0,0.020006981693700833,holt_winters,LORETO
2016-11-14,0.0,0.0,holt_winters,LORETO
2016-11-21,0.0,0.02423062505688744,holt_winters,LORETO
2016-11-28,0.0,0.048720352772655996,holt_winters,LORETO
2016-12-05,0.0,0.09384469991471614,holt_winters,LORETO
2016-12-12,0.0,0.07664614998384268,holt_winters,LORETO
2016-12-19,0.0,0.0,holt_winters,LORETO
2016-12-26,0.0,0.0,holt_winters,LORETO
2017-01-02,0.0,0.0,holt_winters,LORETO
2017-01-09,0.0,0.0,holt_winters,LORETO
2017-01-16,0.0,0.024076140727044535,holt_winters,LORETO
2017-01-23,0.0,0.020825198930897362,holt_winters,LORETO
2017-01-30,0.0,0.02120005780015308,holt_winters,LORETO
2017-02-06,0.0,0.004616036548694889,holt_winters,LORETO
2017-02-13,0.0,0.0,holt_winters,LORETO
2017-02-20,0.0,0.0,holt_winters,LORETO
2017-02-27,0.0,0.0,holt_winters,LORETO
2017-03-06,0.0,0.0,holt_winters,LORETO
2017-03-13,0.0,0.0002260395866075032,holt_winters,LORETO
2017-03-20,0.0,0.0,holt_winters,LORETO
2017-03-27,0.0,0.014955623203466224,holt_winters,LORETO
2017-04-03,0.0,0.03459459684890411,holt_winters,LORETO
2017-04-10,0.0,0.024667115662841684,holt_winters,LORETO
2017-04-17,0.10184367606785642,0.0,holt_winters,LORETO
2017-04-24,0.10184367606785642,0.0,holt_winters,LORETO
2017-05-01,0.10184367606785642,0.0,holt_winters,LORETO
2017-05-08,0.0,0.12673721318069628,holt_winters,LORETO
2017-05-15,0.0,0.12105088282930715,holt_winters,LORETO
2017-05-22,0.10184367606785642,0.09317691375760458,holt_winters,LORETO
2017-05-29,0.20368735213571285,0.06668019383448584,holt_winters,LORETO
2017-06-05,0.4073747042714257,0.1979681580292915,holt_winters,LORETO
2017-06-12,0.4073747042714257,0.24462955739053752,holt_winters,LORETO
2017-06-19,0.30553102820356925,0.26836767284212176,holt_winters,LORETO
2017-06-26,0.10184367606785642,0.2919423596983992,holt_winters,LORETO
2017-07-03,0.0,0.07452384607773395,holt_winters,LORETO
2017-07-10,0.0,0.07219971945754625,holt_winters,LORETO
2017-07-17,0.10184367606785642,0.13655028804211206,holt_winters,LORETO
2017-07-24,0.20368735213571285,0.15659143848109966,holt_winters,LORETO
2017-07-31,0.20368735213571285,0.1775772056860434,holt_winters,LORETO
2017-08-07,0.10184367606785642,0.10607765057185892,holt_winters,LORETO
2017-08-14,0.10184367606785642,0.05906153524799797,holt_winters,LORETO
2017-08-21,0.20368735213571285,0.07605682975138965,holt_winters,LORETO
2017-08-28,0.30553102820356925,0.20351701636082212,holt_winters,LORETO
2017-09-04,0.20368735213571285,0.2204527073681539,holt_winters,LORETO
2017-09-11,0.10184367606785642,0.1903294023659543,holt_winters,LORETO
2017-09-18,0.0,0.2564101179768714,holt_winters,LORETO
2017-09-25,0.0,0.05221549639900213,holt_winters,LORETO
2017-10-02,0.0,0.05923364904932693,holt_winters,LORETO
2017-10-09,0.0,0.007217083783217385,holt_winters,LORETO
2017-10-16,0.0,0.0,holt_winters,LORETO
2017-10-23,0.10184367606785642,0.025208909173997766,holt_winters,LORETO
2017-10-30,0.10184367606785642,0.013229537847144535,holt_winters,LORETO
2017-11-06,0.20368735213571285,0.018643697088097183,holt_winters,LORETO
2017-11-13,0.10184367606785642,0.0,holt_winters,LORETO
2017-11-20,0.10184367606785642,0.10155625087721191,holt_winters,LORETO
2017-11-27,0.10184367606785642,0.14698519069805926,holt_winters,LORETO
2017-12-04,0.4846612902719212,0.16873815249471183,holt_winters,LORETO
2017-12-11,0.4846612902719212,0.14780288953098505,holt_winters,LORETO
2017-12-18,0.38281761420406474,0.40737470427142564,holt_winters,LORETO
2017-12-25,0.0,0.3810583696783183,holt_winters,LORETO
2018-01-01,0.10055364838802446,0.40737470427142564,holt_winters,LORETO
2018-01-08,0.2011072967760489,0.40721182803940403,holt_winters,LORETO
2018-01-15,0.2011072967760489,0.19999420494392123,holt_winters,LORETO
2018-01-22,0.10055364838802446,0.22369848849847745,holt_winters,LORETO
2018-01-29,0.10055364838802446,0.2267940111812862,holt_winters,LORETO
2018-02-05,0.10055364838802446,0.20914945620166125,holt_winters,LORETO
2018-02-12,0.10055364838802446,0.10037689151044947,holt_winters,LORETO
2018-02-19,0.0,0.09743131042433252,holt_winters,LORETO
2018-02-26,0.0,0.11729139353981256,holt_winters,LORETO
2018-03-05,0.0,0.11533368611760988,holt_winters,LORETO
2018-03-12,0.10055364838802446,0.0,holt_winters,LORETO
2018-03-19,0.10055364838802446,0.0,holt_winters,LORETO
2018-03-26,0.10055364838802446,0.03140465717106564,holt_winters,LORETO
2018-04-02,0.0,0.03623609270760256,holt_winters,LORETO
2018-04-09,0.0,0.025468266884747945,holt_winters,LORETO
2018-04-16,0.0,0.00038187103392083147,holt_winters,LORETO
2018-04-23,0.0,0.01580985227023832,holt_winters,LORETO
2018-04-30,0.0,0.012029711496785358,holt_winters,LORETO
2018-05-07,0.0,0.0,holt_winters,LORETO
2018-05-14,0.0,0.0,holt_winters,LORETO
2018-05-21,0.0,0.0,holt_winters,LORETO
2018-05-28,0.0,0.0,holt_winters,LORETO
2018-06-04,0.0,0.04023371098533073,holt_winters,LORETO
2018-06-11,0.0,0.07767365100602987,holt_winters,LORETO
2018-06-18,0.0,0.05800934886701083,holt_winters,LORETO
2018-06-25,0.0,0.040341183306049855,holt_winters,LORETO
2018-07-02,0.0,0.0,holt_winters,LORETO
2018-07-09,0.10055364838802446,0.0,holt_winters,LORETO
2018-07-16,0.10055364838802446,0.07350415226194501,holt_winters,LORETO
2018-07-23,0.10055364838802446,0.08914656690945384,holt_winters,LORETO
2018-07-30,0.0,0.07645195392049979,holt_winters,LORETO
2018-08-06,0.10055364838802446,0.0,holt_winters,LORETO
2018-08-13,0.10055364838802446,0.0,holt_winters,LORETO
2018-08-20,0.10055364838802446,0.0,holt_winters,LORETO
2018-08-27,0.0,0.12350582500488994,holt_winters,LORETO
2018-09-03,0.0,0.09744013059062084,holt_winters,LORETO
2018-09-10,0.0,0.05089969444480231,holt_winters,LORETO
2018-09-17,0.10055364838802446,0.08743915553812003,holt_winters,LORETO
2018-09-24,0.10055364838802446,0.15534372846581454,holt_winters,LORETO
2018-10-01,0.10055364838802446,0.16432825542087753,holt_winters,LORETO
2018-10-08,0.10055364838802446,0.10529011115406628,holt_winters,LORETO
2018-10-15,0.10055364838802446,0.0675332846260077,holt_winters,LORETO
2018-10-22,0.10055364838802446,0.15553227544989362,holt_winters,LORETO
2018-10-29,0.0,0.15395122071801712,holt_winters,LORETO
2018-11-05,0.0,0.17302869638181886,holt_winters,LORETO
2018-11-12,0.0,0.12838032075724812,holt_winters,LORETO
2018-11-19,0.0,0.00011449524729153795,holt_winters,LORETO
2018-11-26,0.0,0.0401534365787667,holt_winters,LORETO
2018-12-03,0.0,0.10341685246581567,holt_winters,LORETO
2018-12-10,0.0,0.10291095888020725,holt_winters,LORETO
2018-12-17,0.10055364838802446,0.0,holt_winters,LORETO
2018-12-24,0.10055364838802446,0.0,holt_winters,LORETO
2018-12-31,0.10055364838802446,0.0,holt_winters,LORETO
2019-01-07,0.0,0.0,holt_winters,LORETO
2019-01-14,0.0,0.00031586925088465515,holt_winters,LORETO
2019-01-21,0.0,0.0,holt_winters,LORETO
2019-01-28,0.0,0.0,holt_winters,LORETO
2019-02-04,0.09929589282398511,0.0,holt_winters,LORETO
2019-02-11,0.19859178564797023,0.09920048232029638,holt_winters,LORETO
2019-02-18,0.19859178564797023,0.07508677657985764,holt_winters,LORETO
2019-02-25,0.09929589282398511,0.0724739059691039,holt_winters,LORETO
2019-03-04,0.0,0.07036777769806525,holt_winters,LORETO
2019-03-11,0.0,0.024706677490185926,holt_winters,LORETO
2019-03-18,0.0,0.020117885425120843,holt_winters,LORETO
2019-03-25,0.0,0.05594479651927648,holt_winters,LORETO
2019-04-01,0.0,0.03307229772149642,holt_winters,LORETO
2019-04-08,0.0,0.023776869619251486,holt_winters,LORETO
2019-04-15,0.0,0.018883247842383672,holt_winters,LORETO
2019-04-22,0.09929589282398511,0.030064139315695793,holt_winters,LORETO
2019-04-29,0.09929589282398511,0.038947284370979794,holt_winters,LORETO
2019-05-06,0.09929589282398511,0.07273045254673677,holt_winters,LORETO
2019-05-13,0.09929589282398511,0.0722085640454418,holt_winters,LORETO
2019-05-20,0.09929589282398511,0.07152613542604713,holt_winters,LORETO
2019-05-27,0.09929589282398511,0.09015501133934095,holt_winters,LORETO
2019-06-03,0.0,0.14306958840606515,holt_winters,LORETO
2019-06-10,0.0,0.16170462671399533,holt_winters,LORETO
2019-06-17,0.09929589282398511,0.140995478797213,holt_winters,LORETO
2019-06-24,0.09929589282398511,0.12203093706982283,holt_winters,LORETO
2019-07-01,0.09929589282398511,0.07339252868974847,holt_winters,LORETO
2019-07-08,0.0,0.10748534486899279,holt_winters,LORETO
2019-07-15,0.0,0.16753920533552422,holt_winters,LORETO
2019-07-22,0.09929589282398511,0.180551954494089,holt_winters,LORETO
2019-07-29,0.09929589282398511,0.04889258390171882,holt_winters,LORETO
2019-08-05,0.09929589282398511,0.007677740192583673,holt_winters,LORETO
2019-08-12,0.0,0.0,holt_winters,LORETO
2019-08-19,0.0,0.04463277392461913,holt_winters,LORETO
2019-08-26,0.0,0.0,holt_winters,LORETO
2019-09-02,0.0,0.0,holt_winters,LORETO
2019-09-09,0.0,0.0,holt_winters,LORETO
2019-09-16,0.09929589282398511,0.0,holt_winters,LORETO
2019-09-23,0.19859178564797023,0.12613831827410873,holt_winters,LORETO
2019-09-30,0.29788767847195535,0.12653836773208182,holt_winters,LORETO
2019-10-07,0.19859178564797028,0.10487998744583861,holt_winters,LORETO
2019-10-14,0.29788767847195535,0.06241007423583267,holt_winters,LORETO
2019-10-21,0.1985917856479702,0.32808856250473417,holt_winters,LORETO
2019-10-28,0.1985917856479702,0.3042350263287011,holt_winters,LORETO
2019-11-04,0.09929589282398511,0.32852087702983074,holt_winters,LORETO
2019-11-11,0.09929589282398511,0.28017520630566495,holt_winters,LORETO
2019-11-18,0.19859178564797023,0.09900757262040213,holt_winters,LORETO
2019-11-25,0.19859178564797023,0.12081607687797197,holt_winters,LORETO
2019-12-02,0.19859178564797023,0.18937180943528148,holt_winters,LORETO
2019-12-09,0.19859178564797023,0.1890551604629771,holt_winters,LORETO
2019-12-16,0.09929589282398511,0.2056774192850884,holt_winters,LORETO
2019-12-23,0.09929589282398511,0.1240853351533201,holt_winters,LORETO
2019-12-30,0.0,0.14098353690378276,holt_winters,LORETO
2020-01-06,0.0,0.1351622323902695,holt_winters,LORETO
2020-01-13,0.0,7.816893024187945e-05,holt_winters,LORETO
2020-01-20,0.0,0.0,holt_winters,LORETO
2020-01-27,0.0,0.0,holt_winters,LORETO
2020-02-03,0.0,0.0013766374072846747,holt_winters,LORETO
2020-02-10,0.0,0.022095153691247586,holt_winters,LORETO
2020-02-17,0.0,3.293837037190424e-05,holt_winters,LORETO
2020-02-24,0.0,0.0,holt_winters,LORETO
2020-03-02,0.09806911715238666,0.0,holt_winters,LORETO
2020-03-09,0.09806911715238666,0.12431422457410621,holt_winters,LORETO
2020-03-16,0.09806911715238666,0.12392475591751252,holt_winters,LORETO
2020-03-23,0.0,0.12353591051407134,holt_winters,LORETO
2020-03-30,0.0,0.10183379259887129,holt_winters,LORETO
2020-04-06,0.0,0.024733631270303893,holt_winters,LORETO
2020-04-13,0.0,0.04474781856228212,holt_winters,LORETO
2020-04-20,0.0,0.06465802063397819,holt_winters,LORETO
2020-04-27,0.0,0.06459799019879571,holt_winters,LORETO
2020-05-04,0.0,0.0,holt_winters,LORETO
2020-05-11,0.1961382343047733,0.0,holt_winters,LORETO
2020-05-18,0.1961382343047733,0.0,holt_winters,LORETO
2020-05-25,0.1961382343047733,0.0,holt_winters,LORETO
2020-06-01,0.0,0.21433416527326105,holt_winters,LORETO
2020-06-08,0.0,0.23163327204558332,holt_winters,LORETO
2020-06-15,0.0,0.23103777044372553,holt_winters,LORETO
2020-06-22,0.0,0.20938161911938627,holt_winters,LORETO
2020-06-29,0.0,0.0,holt_winters,LORETO
2020-07-06,0.09806911715238666,0.0,holt_winters,LORETO
2020-07-13,0.09806911715238666,0.01698915006554654,holt_winters,LORETO
2020-07-20,0.3922764686095466,0.03606387399793418,holt_winters,LORETO
2020-07-27,0.29420735145716,0.35713742946610677,holt_winters,LORETO
2020-08-03,0.2942073514571599,0.33783843567687616,holt_winters,LORETO
2020-08-10,0.0,0.31654691527687345,holt_winters,LORETO
2020-08-17,0.0,0.34278671899562757,holt_winters,LORETO
2020-08-24,0.0,0.0,holt_winters,LORETO
2020-08-31,0.0,0.0,holt_winters,LORETO
2020-09-07,0.0,0.0,holt_winters,LORETO
2020-09-14,0.09806911715238666,0.0006633755436843451,holt_winters,LORETO
2020-09-21,0.09806911715238666,0.14893888215007997,holt_winters,LORETO
2020-09-28,0.1961382343047733,0.17252941021282725,holt_winters,LORETO
2020-10-05,0.29420735145716,0.1353009733121619,holt_winters,LORETO
2020-10-12,0.29420735145716,0.13409741739191217,holt_winters,LORETO
2020-10-19,0.39227646860954657,0.29876511213350465,holt_winters,LORETO
2020-10-26,0.1961382343047733,0.271694676885777,holt_winters,LORETO
2020-11-02,0.1961382343047733,0.26986840560661707,holt_winters,LORETO
2020-11-09,0.0,0.24543243439318657,holt_winters,LORETO
2020-11-16,0.0,0.021918064707894345,holt_winters,LORETO
2020-11-23,0.0,0.02164022935076087,holt_winters,LORETO
2020-11-30,0.0,0.08414228432816949,holt_winters,LORETO
2020-12-07,0.0,0.0838655204012185,holt_winters,LORETO
2020-12-14,0.0,0.0,holt_winters,LORETO
2020-12-21,0.0,0.0,holt_winters,LORETO
2020-12-28,0.0,0.0,holt_winters,LORETO
2021-01-04,0.0,0.0,holt_winters,LORETO
2021-01-11,0.0,0.0001774956871081525,holt_winters,LORETO
2021-01-18,0.0,0.0,holt_winters,LORETO
2021-01-25,0.0,0.0,holt_winters,LORETO
2021-02-01,0.0,0.0,holt_winters,LORETO
2021-02-08,0.0,0.02218712222261752,holt_winters,LORETO
2021-02-15,0.0,0.0,holt_winters,LORETO
2021-02-22,0.09687237839125978,0.0,holt_winters,LORETO
2021-03-01,0.09687237839125978,0.0,holt_winters,LORETO
2021-03-08,0.19374475678251957,0.12335817169409435,holt_winters,LORETO
2021-03-15,0.19374475678251957,0.11891748146801188,holt_winters,LORETO
2021-03-22,0.29061713517377935,0.09468625864809244,holt_winters,LORETO
2021-03-29,0.29061713517377935,0.07115686149391522,holt_winters,LORETO
2021-04-05,0.29061713517377935,0.28881658062566773,holt_winters,LORETO
2021-04-12,0.19374475678251954,0.31863534811845917,holt_winters,LORETO
2021-04-19,0.09687237839125978,0.34745075488033483,holt_winters,LORETO
2021-04-26,0.09687237839125978,0.35018659690763937,holt_winters,LORETO
2021-05-03,0.19374475678251957,0.06978716649607195,holt_winters,LORETO
2021-05-10,0.19374475678251957,0.11648765093010464,holt_winters,LORETO
2021-05-17,0.09687237839125978,0.12234265721505842,holt_winters,LORETO
2021-05-24,0.09687237839125978,0.14717196953620862,holt_winters,LORETO
2021-05-31,0.29061713517377935,0.06554955264092624,holt_winters,LORETO
2021-06-07,0.38748951356503913,0.08072163012365269,holt_winters,LORETO
2021-06-14,0.6734347493778441,0.08031884752843915,holt_winters,LORETO
2021-06-21,0.6734347493778441,0.0407760981054151,holt_winters,LORETO
2021-06-28,0.6734347493778441,0.48466129027192123,holt_winters,LORETO
2021-07-05,0.29061713517377935,0.48466129027192123,holt_winters,LORETO
2021-07-12,0.09687237839125978,0.48466129027192123,holt_winters,LORETO
2021-07-19,0.0,0.48466129027192123,holt_winters,LORETO
2021-07-26,0.09687237839125978,0.0,holt_winters,LORETO
2021-08-02,0.09687237839125978,0.0,holt_winters,LORETO
2021-08-09,0.09687237839125978,0.0,holt_winters,LORETO
2021-08-16,0.0,0.0,holt_winters,LORETO
2021-08-23,0.0,0.0,holt_winters,LORETO
2021-08-30,0.0,0.0,holt_winters,LORETO
2021-09-06,0.09687237839125978,0.0,holt_winters,LORETO
2021-09-13,0.09687237839125978,0.0,holt_winters,LORETO
2021-09-20,0.09687237839125978,0.11991480999278938,holt_winters,LORETO
2021-09-27,0.0,0.16414744425024633,holt_winters,LORETO
2021-10-04,0.09687237839125978,0.16913434057056378,holt_winters,LORETO
2021-10-11,0.09687237839125978,0.16885502599559318,holt_winters,LORETO
2021-10-18,0.09687237839125978,0.12214801907866832,holt_winters,LORETO
2021-10-25,0.09687237839125978,0.06153098325323645,holt_winters,LORETO
2021-11-01,0.09687237839125978,0.05688502219880437,holt_winters,LORETO
2021-11-08,0.09687237839125978,0.0,holt_winters,LORETO
2021-11-15,0.0,0.12055901922960556,holt_winters,LORETO
2021-11-22,0.0,0.11958839461005041,holt_winters,LORETO
2021-11-29,0.0,0.18739385744961304,holt_winters,LORETO
2021-12-06,0.0,0.18642675953559895,holt_winters,LORETO
2021-12-13,0.0,0.0,holt_winters,LORETO
2021-12-20,0.0,0.0,holt_winters,LORETO
2021-12-27,0.09687237839125978,0.0,holt_winters,LORETO
2022-01-03,0.4796899925953246,0.0,holt_winters,LORETO
2022-01-10,0.671098799697357,0.477566190174443,holt_winters,LORETO
2022-01-17,0.8613396319591456,0.4486437526654499,holt_winters,LORETO
2022-01-24,0.6699308248571133,0.4454317284875228,holt_winters,LORETO
2022-01-31,0.8613396319591459,0.46987800092912824,holt_winters,LORETO
2022-02-07,0.9570440355101618,0.6734347493778441,holt_winters,LORETO
2022-02-14,1.1484528426121943,0.6734347493778441,holt_winters,LORETO
2022-02-21,1.1484528426121943,0.6734347493778441,holt_winters,LORETO
2022-02-28,0.9570440355101618,0.6734347493778441,holt_winters,LORETO
2022-03-07,0.5742264213060971,0.9570440355101619,holt_winters,LORETO
2022-03-14,0.5742264213060971,0.9570440355101619,holt_winters,LORETO
2022-03-21,0.3828176142040647,0.9570440355101619,holt_winters,LORETO
2022-03-28,0.47852201775508085,0.9570440355101619,holt_winters,LORETO
2022-04-04,0.4785220177550809,0.4770605367468862,holt_winters,LORETO
2022-04-11,0.7656352284081295,0.4704936150181168,holt_winters,LORETO
2022-04-18,0.8613396319591456,0.46353305850651394,holt_winters,LORETO
2022-04-25,0.8613396319591459,0.4554249470535545,holt_winters,LORETO
2022-05-02,0.6699308248571133,0.8972573942548143,holt_winters,LORETO
2022-05-09,0.5742264213060971,0.9464356942241627,holt_winters,LORETO
2022-05-16,0.38281761420406474,0.9347158726609777,holt_winters,LORETO
2022-05-23,0.478522017755081,0.9552168001438632,holt_winters,LORETO
2022-05-30,0.6699308248571133,0.4352246088263689,holt_winters,LORETO
2022-06-06,0.478522017755081,0.4764254279046185,holt_winters,LORETO
2022-06-13,0.28711321065304857,0.5554396602560918,holt_winters,LORETO
2022-06-20,0.0,0.5160664845965246,holt_winters,LORETO
2022-06-27,0.0,0.00138622112005201,holt_winters,LORETO
2022-07-04,0.0,0.0,holt_winters,LORETO
2022-07-11,0.0,0.0,holt_winters,LORETO
2022-07-18,0.19140880710203237,0.0,holt_winters,LORETO
2022-07-25,0.28711321065304857,0.16843392038099478,holt_winters,LORETO
2022-08-01,0.6699308248571133,0.1712069377210682,holt_winters,LORETO
2022-08-08,0.478522017755081,0.09237646623113387,holt_winters,LORETO
2022-08-15,0.5742264213060971,0.09234614386200267,holt_winters,LORETO
2022-08-22,0.38281761420406474,0.5325172574477979,holt_winters,LORETO
2022-08-29,0.5742264213060971,0.5314539188810266,holt_winters,LORETO
2022-09-05,0.478522017755081,0.5511593265284389,holt_winters,LORETO
2022-09-12,0.4785220177550809,0.6250234752319392,holt_winters,LORETO
2022-09-19,0.5742264213060971,0.5091465857243256,holt_winters,LORETO
2022-09-26,0.5742264213060971,0.5224311071232872,holt_winters,LORETO
2022-10-03,0.4785220177550809,0.5427044529830691,holt_winters,LORETO
2022-10-10,0.19140880710203234,0.5603669636880093,holt_winters,LORETO
2022-10-17,0.09570440355101616,0.19053404266133236,holt_winters,LORETO
2022-10-24,0.09570440355101616,0.12172779924498699,holt_winters,LORETO
2022-10-31,0.38281761420406474,0.11337988937852492,holt_winters,LORETO
2022-11-07,0.38281761420406474,0.04892007696190257,holt_winters,LORETO
2022-11-14,0.28711321065304857,0.37863730876199225,holt_winters,LORETO
2022-11-21,0.0,0.37839629416148046,holt_winters,LORETO
2022-11-28,0.0,0.4627776925184889,holt_winters,LORETO
2022-12-05,0.0,0.4623898234496189,holt_winters,LORETO
2010-12-27,0.0,9.763007793788209e-05,arima,LORETO
2011-01-03,0.0,0.0014244209632268202,arima,LORETO
2011-01-10,0.0,0.0005464859124725594,arima,LORETO
2011-01-17,0.0,0.0005957388698272089,arima,LORETO
2011-01-24,0.0,0.0011364912057728004,arima,LORETO
2011-01-31,0.0,0.0003250955001761336,arima,LORETO
2011-02-07,0.0,0.00040495188264014177,arima,LORETO
2011-02-14,0.0,0.0006641574050616042,arima,LORETO
2011-02-21,0.0,0.0,arima,LORETO
2011-02-28,0.0,0.0,arima,LORETO
2011-03-07,0.0,0.0,arima,LORETO
2011-03-14,0.0,0.0,arima,LORETO
2011-03-21,0.10778208187558068,9.606490091096739e-05,arima,LORETO
2011-03-28,0.10778208187558068,0.0008967606126222571,arima,LORETO
2011-04-04,0.10778208187558068,0.0003527374291319306,arima,LORETO
2011-04-11,0.0,0.0003915738933756425,arima,LORETO
2011-04-18,0.0,0.0,arima,LORETO
2011-04-25,0.0,0.0,arima,LORETO
2011-05-02,0.0,0.0,arima,LORETO
2011-05-09,0.0,0.0,arima,LORETO
2011-05-16,0.10778208187558068,0.0,arima,LORETO
2011-05-23,0.10778208187558068,0.0010200162282258092,arima,LORETO
2011-05-30,0.21556416375116136,0.0,arima,LORETO
2011-06-06,0.10778208187558068,0.0,arima,LORETO
2011-06-13,0.21556416375116136,0.14101287952731334,arima,LORETO
2011-06-20,0.10778208187558068,0.09257673783236096,arima,LORETO
2011-06-27,0.10778208187558068,0.11252760112096905,arima,LORETO
2011-07-04,0.0,0.11696562787442431,arima,LORETO
2011-07-11,0.0,0.0,arima,LORETO
2011-07-18,0.0,0.0,arima,LORETO
2011-07-25,0.0,0.0,arima,LORETO
2011-08-01,0.0,0.0,arima,LORETO
2011-08-08,0.0,0.0,arima,LORETO
2011-08-15,0.0,0.0,arima,LORETO
2011-08-22,0.10778208187558068,0.0,arima,LORETO
2011-08-29,0.10778208187558068,0.0,arima,LORETO
2011-09-05,0.10778208187558068,0.1538333114735819,arima,LORETO
2011-09-12,0.0,0.10061801518629929,arima,LORETO
2011-09-19,0.0,0.12116467035061049,arima,LORETO
2011-09-26,0.0,0.12511814528454324,arima,LORETO
2011-10-03,0.0,0.0046158590728708326,arima,LORETO
2011-10-10,0.0,0.0,arima,LORETO
2011-10-17,0.0,0.0007770678212887875,arima,LORETO
2011-10-24,0.0,0.0009755464052785818,arima,LORETO
2011-10-31,0.0,0.0,arima,LORETO
2011-11-07,0.0,0.0,arima,LORETO
2011-11-14,0.10778208187558068,0.0,arima,LORETO
2011-11-21,0.10778208187558068,0.0,arima,LORETO
2011-11-28,0.10778208187558068,0.14597636430536529,arima,LORETO
2011-12-05,0.0,0.09680656670679988,arima,LORETO
2011-12-12,0.10778208187558068,0.11719708772437591,arima,LORETO
2011-12-19,0.10778208187558068,0.11981419932916441,arima,LORETO
2011-12-26,0.10778208187558068,0.15337814374702768,arima,LORETO
2012-01-02,0.0,0.09526881198055515,arima,LORETO
2012-01-09,0.10674477537696918,0.1200718676679532,arima,LORETO
2012-01-16,0.10674477537696918,0.1222160942502576,arima,LORETO
2012-01-23,0.10674477537696918,0.1407146425795371,arima,LORETO
2012-01-30,0.0,0.08551993993177133,arima,LORETO
2012-02-06,0.0,0.1119795867644604,arima,LORETO
2012-02-13,0.0,0.11285123089140547,arima,LORETO
2012-02-20,0.10674477537696918,0.00408237583045195,arima,LORETO
2012-02-27,0.21348955075393836,0.005616510221257924,arima,LORETO
2012-03-05,0.21348955075393836,0.003121483490780942,arima,LORETO
2012-03-12,0.10674477537696918,0.0043141261399735524,arima,LORETO
2012-03-19,0.0,0.05212415806694343,arima,LORETO
2012-03-26,0.0,0.05836264336962886,arima,LORETO
2012-04-02,0.0,0.07291994872948332,arima,LORETO
2012-04-09,0.10674477537696918,0.06092974937538018,arima,LORETO
2012-04-16,0.10674477537696918,0.13212940715315316,arima,LORETO
2012-04-23,0.10674477537696918,0.17176487450557487,arima,LORETO
2012-04-30,0.0,0.1366262475788018,arima,LORETO
2012-05-07,0.0,0.1466959432381716,arima,LORETO
2012-05-14,0.0,0.0,arima,LORETO
2012-05-21,0.10674477537696918,0.00776865881157885,arima,LORETO
2012-05-28,0.10674477537696918,0.0006420765313819296,arima,LORETO
2012-06-04,0.10674477537696918,0.0008729138481284642,arima,LORETO
2012-06-11,0.0,0.0583812406511445,arima,LORETO
2012-06-18,0.0,0.06587365238983536,arima,LORETO
2012-06-25,0.10674477537696918,0.07632032683365438,arima,LORETO
2012-07-02,0.10674477537696918,0.06694292669841481,arima,LORETO
2012-07-09,0.10674477537696918,0.12814311320248564,arima,LORETO
2012-07-16,0.0,0.06329278400618146,arima,LORETO
2012-07-23,0.0,0.09891764936847523,arima,LORETO
2012-07-30,0.10674477537696918,0.09673489028888577,arima,LORETO
2012-08-06,0.10674477537696918,0.14211510976607367,arima,LORETO
2012-08-13,0.21348955075393836,0.2014960397644448,arima,LORETO
2012-08-20,0.10674477537696918,0.1487436679934133,arima,LORETO
2012-08-27,0.10674477537696918,0.16290910459850422,arima,LORETO
2012-09-03,0.0,0.05949666172279428,arima,LORETO
2012-09-10,0.10674477537696918,0.06174403777312173,arima,LORETO
2012-09-17,0.10674477537696918,0.07560775129084076,arima,LORETO
2012-09-24,0.10674477537696918,0.06536385283806509,arima,LORETO
2012-10-01,0.0,0.029502856179247774,arima,LORETO
2012-10-08,0.10674477537696918,0.03257562291442863,arima,LORETO
2012-10-15,0.21348955075393836,0.055820399729052235,arima,LORETO
2012-10-22,0.21348955075393836,0.03869212453434673,arima,LORETO
2012-10-29,0.21348955075393836,0.17102123984228101,arima,LORETO
2012-11-05,0.10674477537696918,0.14495227601692115,arima,LORETO
2012-11-12,0.10674477537696918,0.17688360379451917,arima,LORETO
2012-11-19,0.0,0.16390657343942155,arima,LORETO
2012-11-26,0.10674477537696918,0.013599733189466258,arima,LORETO
2012-12-03,0.10674477537696918,0.0003559847887187061,arima,LORETO
2012-12-10,0.21348955075393836,0.004980971206890589,arima,LORETO
2012-12-17,0.10674477537696918,0.006165929272938642,arima,LORETO
2012-12-24,0.10674477537696918,0.124963744034789,arima,LORETO
2012-12-31,0.0,0.07235861609530787,arima,LORETO
2013-01-07,0.1057271330713415,0.10343234773657467,arima,LORETO
2013-01-14,0.1057271330713415,0.097979821301904,arima,LORETO
2013-01-21,0.211454266142683,0.1597542910256696,arima,LORETO
2013-01-28,0.3171813992140245,0.1136025156610961,arima,LORETO
2013-02-04,0.3171813992140245,0.12926587860661745,arima,LORETO
2013-02-11,0.21145426614268295,0.13235111299330943,arima,LORETO
2013-02-18,0.0,0.10068014009346545,arima,LORETO
2013-02-25,0.0,0.10744804132370978,arima,LORETO
2013-03-04,0.1057271330713415,0.1381087452907577,arima,LORETO
2013-03-11,0.1057271330713415,0.11402341113717991,arima,LORETO
2013-03-18,0.1057271330713415,0.11853484496790508,arima,LORETO
2013-03-25,0.0,0.05376078461145037,arima,LORETO
2013-04-01,0.0,0.09413255384713684,arima,LORETO
2013-04-08,0.0,0.0872191168694612,arima,LORETO
2013-04-15,0.0,0.002887601666735909,arima,LORETO
2013-04-22,0.0,0.02351769939762229,arima,LORETO
2013-04-29,0.1057271330713415,0.008208206852834542,arima,LORETO
2013-05-06,0.1057271330713415,0.011936837271272469,arima,LORETO
2013-05-13,0.211454266142683,0.16220824208078205,arima,LORETO
2013-05-20,0.1057271330713415,0.08809119749555251,arima,LORETO
2013-05-27,0.1057271330713415,0.12015528326987535,arima,LORETO
2013-06-03,0.0,0.12314107236810105,arima,LORETO
2013-06-10,0.0,0.0,arima,LORETO
2013-06-17,0.1057271330713415,0.0,arima,LORETO
2013-06-24,0.1057271330713415,0.0,arima,LORETO
2013-07-01,0.1057271330713415,0.0,arima,LORETO
2013-07-08,0.0,0.03959807645391347,arima,LORETO
2013-07-15,0.0,0.07650118732282188,arima,LORETO
2013-07-22,0.1057271330713415,0.0734632493998927,arima,LORETO
2013-07-29,0.1057271330713415,0.06236466492341419,arima,LORETO
2013-08-05,0.1057271330713415,0.16931039070129109,arima,LORETO
2013-08-12,0.0,0.09027490910087574,arima,LORETO
2013-08-19,0.0,0.1232932906035988,arima,LORETO
2013-08-26,0.0,0.12813660712847133,arima,LORETO
2013-09-02,0.0,0.0,arima,LORETO
2013-09-09,0.0,0.0,arima,LORETO
2013-09-16,0.0,0.0,arima,LORETO
2013-09-23,0.211454266142683,0.0,arima,LORETO
2013-09-30,0.211454266142683,0.2868006490725518,arima,LORETO
2013-10-07,0.211454266142683,0.32233677492210516,arima,LORETO
2013-10-14,0.0,0.2934618662658345,arima,LORETO
2013-10-21,0.0,0.32233677492210516,arima,LORETO
2013-10-28,0.0,0.015706614283112805,arima,LORETO
2013-11-04,0.0,0.0,arima,LORETO
2013-11-11,0.0,0.004763473427123158,arima,LORETO
2013-11-18,0.0,0.006751917142314845,arima,LORETO
2013-11-25,0.0,0.0,arima,LORETO
2013-12-02,0.1057271330713415,0.0,arima,LORETO
2013-12-09,0.1057271330713415,0.0,arima,LORETO
2013-12-16,0.1057271330713415,0.0,arima,LORETO
2013-12-23,0.0,0.05082966016038619,arima,LORETO
2013-12-30,0.0,0.07067292764073421,arima,LORETO
2014-01-06,0.0,0.07566844041004336,arima,LORETO
2014-01-13,0.0,0.0648667577218077,arima,LORETO
2014-01-20,0.0,0.002659374589506439,arima,LORETO
2014-01-27,0.0,0.0,arima,LORETO
2014-02-03,0.0,0.0,arima,LORETO
2014-02-10,0.0,0.0,arima,LORETO
2014-02-17,0.0,0.0,arima,LORETO
2014-02-24,0.0,0.0,arima,LORETO
2014-03-03,0.0,0.0,arima,LORETO
2014-03-10,0.0,0.0,arima,LORETO
2014-03-17,0.0,0.007954102158100853,arima,LORETO
2014-03-24,0.0,0.009203157822631411,arima,LORETO
2014-03-31,0.20945764085764526,0.005729213832720873,arima,LORETO
2014-04-07,0.20945764085764526,0.00772087933609481,arima,LORETO
2014-04-14,0.20945764085764526,0.20941123438887715,arima,LORETO
2014-04-21,0.0,0.09403119913399718,arima,LORETO
2014-04-28,0.0,0.09254174315315238,arima,LORETO
2014-05-05,0.0,0.09252397415599047,arima,LORETO
2014-05-12,0.0,0.10797806624182128,arima,LORETO
2014-05-19,0.0,0.11095881653828071,arima,LORETO
2014-05-26,0.0,0.11019225593560789,arima,LORETO
2014-06-02,0.0,0.05057678615244412,arima,LORETO
2014-06-09,0.0,1.4849615196858414e-05,arima,LORETO
2014-06-16,0.0,1.5177600623029118e-05,arima,LORETO
2014-06-23,0.0,1.5093246723550916e-05,arima,LORETO
2014-06-30,0.0,7.460699334532061e-06,arima,LORETO
2014-07-07,0.0,5.754982437297471e-09,arima,LORETO
2014-07-14,0.0,5.929746304583427e-09,arima,LORETO
2014-07-21,0.20945764085764526,5.887916572752092e-09,arima,LORETO
2014-07-28,0.3141864612864679,2.7770753031526465e-09,arima,LORETO
2014-08-04,0.3141864612864679,0.2585202737415029,arima,LORETO
2014-08-11,0.10472882042882263,0.17468041914428561,arima,LORETO
2014-08-18,0.0,0.12035781479360726,arima,LORETO
2014-08-25,0.10472882042882263,0.12531451145354955,arima,LORETO
2014-09-01,0.10472882042882263,0.22032316940798746,arima,LORETO
2014-09-08,0.10472882042882263,0.2926171637963369,arima,LORETO
2014-09-15,0.0,0.2163324989988848,arima,LORETO
2014-09-22,0.0,0.14273475416526377,arima,LORETO
2014-09-29,0.10472882042882263,0.003579426591836342,arima,LORETO
2014-10-06,0.10472882042882263,0.061847595389870814,arima,LORETO
2014-10-13,0.10472882042882263,0.061279748082319584,arima,LORETO
2014-10-20,0.0,0.05713771024708268,arima,LORETO
2014-10-27,0.10472882042882263,0.003945979035102679,arima,LORETO
2014-11-03,0.10472882042882263,0.00833366975216906,arima,LORETO
2014-11-10,0.10472882042882263,0.06656953480219649,arima,LORETO
2014-11-17,0.0,0.06348732582042804,arima,LORETO
2014-11-24,0.0,0.005773908424692689,arima,LORETO
2014-12-01,0.10472882042882263,0.0106981273975503,arima,LORETO
2014-12-08,0.10472882042882263,0.06876746021188422,arima,LORETO
2014-12-15,0.10472882042882263,0.06283447101784917,arima,LORETO
2014-12-22,0.0,0.043861295369358476,arima,LORETO
2014-12-29,0.0,0.04580454928319224,arima,LORETO
2015-01-05,0.0,0.04942138806579558,arima,LORETO
2015-01-12,0.0,0.08344422596342001,arima,LORETO
2015-01-19,0.0,0.0031989718464534135,arima,LORETO
2015-01-26,0.0,0.0030850995455185696,arima,LORETO
2015-02-02,0.0,0.0028924839969382255,arima,LORETO
2015-02-09,0.0,0.0011131011941426518,arima,LORETO
2015-02-16,0.0,3.049251720629616e-08,arima,LORETO
2015-02-23,0.0,2.9387455655352617e-08,arima,LORETO
2015-03-02,0.0,2.7553204398628628e-08,arima,LORETO
2015-03-09,0.0,1.0596318833810958e-08,arima,LORETO
2015-03-16,0.0,2.9955507008752724e-13,arima,LORETO
2015-03-23,0.0,2.887109270657828e-13,arima,LORETO
2015-03-30,0.0,2.70698529722927e-13,arima,LORETO
2015-04-06,0.0,1.0411406490098872e-13,arima,LORETO
2015-04-13,0.0,2.9122761633683592e-18,arima,LORETO
2015-04-20,0.0,2.8068641374416327e-18,arima,LORETO
2015-04-27,0.0,2.6316520952423768e-18,arima,LORETO
2015-05-04,0.0,1.012099396281906e-18,arima,LORETO
2015-05-11,0.0,2.832099694064822e-23,arima,LORETO
2015-05-18,0.0,2.7295399268432396e-23,arima,LORETO
2015-05-25,0.0,2.5592312965672293e-23,arima,LORETO
2015-06-01,0.0,9.842158942937878e-24,arima,LORETO
2015-06-08,0.0,2.7830984268176146e-28,arima,LORETO
2015-06-15,0.0,2.682304276222495e-28,arima,LORETO
2015-06-22,0.0,2.5149003440516587e-28,arima,LORETO
2015-06-29,0.10374907663321796,9.672423066899894e-29,arima,LORETO
2015-07-06,0.10374907663321796,0.09376277277201604,arima,LORETO
2015-07-13,0.20749815326643592,0.08750577123598186,arima,LORETO
2015-07-20,0.20749815326643592,0.029768348510919976,arima,LORETO
2015-07-27,0.20749815326643592,0.03744007425306087,arima,LORETO
2015-08-03,0.10374907663321796,0.14861639222494233,arima,LORETO
2015-08-10,0.0,0.15087700521177308,arima,LORETO
2015-08-17,0.0,0.15368431196792953,arima,LORETO
2015-08-24,0.0,0.18582010843833846,arima,LORETO
2015-08-31,0.0,0.0585975885136979,arima,LORETO
2015-09-07,0.0,0.05722393242882006,arima,LORETO
2015-09-14,0.0,0.054703853629293114,arima,LORETO
2015-09-21,0.10374907663321796,0.022213744324351904,arima,LORETO
2015-09-28,0.10374907663321796,0.0967356410515899,arima,LORETO
2015-10-05,0.10374907663321796,0.0923127599231543,arima,LORETO
2015-10-12,0.0,0.03544991392200108,arima,LORETO
2015-10-19,0.0,0.04097796731600711,arima,LORETO
2015-10-26,0.0,0.004369941391941631,arima,LORETO
2015-11-02,0.0,0.060287874804445384,arima,LORETO
2015-11-09,0.0,0.05835148916623764,arima,LORETO
2015-11-16,0.0,0.053435774951367934,arima,LORETO
2015-11-23,0.0,1.829341578429594e-06,arima,LORETO
2015-11-30,0.0,1.7731990782400469e-06,arima,LORETO
2015-12-07,0.0,1.6980748145744664e-06,arima,LORETO
2015-12-14,0.0,7.064671939815322e-07,arima,LORETO
2015-12-21,0.0,1.984244805343319e-12,arima,LORETO
2015-12-28,0.0,1.9232821341552914e-12,arima,LORETO
2016-01-04,0.0,1.8417764156643243e-12,arima,LORETO
2016-01-11,0.0,7.662341722523917e-13,arima,LORETO
2016-01-18,0.0,2.396447351305279e-18,arima,LORETO
2016-01-25,0.0,2.323690304811606e-18,arima,LORETO
2016-02-01,0.0,2.2252605115102984e-18,arima,LORETO
2016-02-08,0.0,9.265363124415139e-19,arima,LORETO
2016-02-15,0.0,3.0563408788857814e-24,arima,LORETO
2016-02-22,0.0,2.963624444407872e-24,arima,LORETO
2016-02-29,0.0,2.8380852342166785e-24,arima,LORETO
2016-03-07,0.0,1.1813363441050595e-24,arima,LORETO
2016-03-14,0.0,2.771412053225386e-30,arima,LORETO
2016-03-21,0.0,2.6849743118514686e-30,arima,LORETO
2016-03-28,0.0,2.56982554282882e-30,arima,LORETO
2016-04-04,0.0,1.0653944337392308e-30,arima,LORETO
2016-04-11,0.10278759970397171,2.3743288799175545e-36,arima,LORETO
2016-04-18,0.10278759970397171,2.2978660643876102e-36,arima,LORETO
2016-04-25,0.10278759970397171,2.198082867933314e-36,arima,LORETO
2016-05-02,0.10278759970397171,9.086864637490495e-37,arima,LORETO
2016-05-09,0.10278759970397171,0.10019571611144758,arima,LORETO
2016-05-16,0.10278759970397171,0.10027293359225797,arima,LORETO
2016-05-23,0.0,0.10039722547356753,arima,LORETO
2016-05-30,0.0,0.1018045869001004,arima,LORETO
2016-06-06,0.0,0.005903292903235809,arima,LORETO
2016-06-13,0.10278759970397171,0.060664271082951284,arima,LORETO
2016-06-20,0.10278759970397171,0.059221963741406966,arima,LORETO
2016-06-27,0.10278759970397171,0.05264802908396548,arima,LORETO
2016-07-04,0.10278759970397171,0.0449400032827465,arima,LORETO
2016-07-11,0.10278759970397171,0.04588767420284681,arima,LORETO
2016-07-18,0.10278759970397171,0.049687536936314745,arima,LORETO
2016-07-25,0.0,0.08098279794916541,arima,LORETO
2016-08-01,0.0,0.00624800385625376,arima,LORETO
2016-08-08,0.0,0.012967206287749371,arima,LORETO
2016-08-15,0.0,0.06818960796774573,arima,LORETO
2016-08-22,0.0,0.06329506071282474,arima,LORETO
2016-08-29,0.0,0.00010879108968098339,arima,LORETO
2016-09-05,0.0,0.00010695126210571295,arima,LORETO
2016-09-12,0.0,9.954936765821834e-05,arima,LORETO
2016-09-19,0.0,4.147677371674537e-05,arima,LORETO
2016-09-26,0.10278759970397171,4.2289278533297103e-10,arima,LORETO
2016-10-03,0.10278759970397171,4.1549384342752856e-10,arima,LORETO
2016-10-10,0.10278759970397171,3.8673057168772966e-10,arima,LORETO
2016-10-17,0.0,1.6064905614889637e-10,arima,LORETO
2016-10-24,0.0,0.003700945512114514,arima,LORETO
2016-10-31,0.0,0.010393451031463316,arima,LORETO
2016-11-07,0.0,0.06565583980639571,arima,LORETO
2016-11-14,0.0,0.06202326835168202,arima,LORETO
2016-11-21,0.0,0.0001781075638213574,arima,LORETO
2016-11-28,0.0,0.00017671949874577055,arima,LORETO
2016-12-05,0.0,0.00016565821204471691,arima,LORETO
2016-12-12,0.0,6.930000647399908e-05,arima,LORETO
2016-12-19,0.0,1.4190126260328165e-08,arima,LORETO
2016-12-26,0.0,1.4464408014866102e-08,arima,LORETO
2017-01-02,0.0,1.366434688741899e-08,arima,LORETO
2017-01-09,0.0,5.960603780198659e-09,arima,LORETO
2017-01-16,0.0,3.377848493338107e-12,arima,LORETO
2017-01-23,0.0,3.5227035444808126e-12,arima,LORETO
2017-01-30,0.0,3.3311477288324e-12,arima,LORETO
2017-02-06,0.0,1.511650993947534e-12,arima,LORETO
2017-02-13,0.0,6.4453878162951585e-18,arima,LORETO
2017-02-20,0.0,6.577842297072036e-18,arima,LORETO
2017-02-27,0.0,6.158224137201043e-18,arima,LORETO
2017-03-06,0.0,2.7261539858368213e-18,arima,LORETO
2017-03-13,0.0,5.0131159197404105e-24,arima,LORETO
2017-03-20,0.0,5.0078131913578765e-24,arima,LORETO
2017-03-27,0.0,4.693187192944545e-24,arima,LORETO
2017-04-03,0.0,2.0795900098411688e-24,arima,LORETO
2017-04-10,0.0,5.406403170518495e-29,arima,LORETO
2017-04-17,0.10184367606785642,5.399801625211794e-29,arima,LORETO
2017-04-24,0.10184367606785642,5.051845966949639e-29,arima,LORETO
2017-05-01,0.10184367606785642,2.265868787716987e-29,arima,LORETO
2017-05-08,0.0,0.0483741478056171,arima,LORETO
2017-05-15,0.0,0.04849144203794233,arima,LORETO
2017-05-22,0.10184367606785642,0.051851486214709454,arima,LORETO
2017-05-29,0.20368735213571285,0.07880989235385848,arima,LORETO
2017-06-05,0.4073747042714257,0.19377577305934113,arima,LORETO
2017-06-12,0.4073747042714257,0.12874987382531144,arima,LORETO
2017-06-19,0.30553102820356925,0.07886141737344737,arima,LORETO
2017-06-26,0.10184367606785642,0.0875825203103553,arima,LORETO
2017-07-03,0.0,0.1005109251366254,arima,LORETO
2017-07-10,0.0,0.15364079141297987,arima,LORETO
2017-07-17,0.10184367606785642,0.265727762918138,arima,LORETO
2017-07-24,0.20368735213571285,0.27108075165414647,arima,LORETO
2017-07-31,0.20368735213571285,0.20722907513464245,arima,LORETO
2017-08-07,0.10184367606785642,0.1447132296166298,arima,LORETO
2017-08-14,0.10184367606785642,0.0876072346125213,arima,LORETO
2017-08-21,0.20368735213571285,0.08277058204490109,arima,LORETO
2017-08-28,0.30553102820356925,0.2635279534089346,arima,LORETO
2017-09-04,0.20368735213571285,0.2638432245211111,arima,LORETO
2017-09-11,0.10184367606785642,0.20504957030630352,arima,LORETO
2017-09-18,0.0,0.17046148349949583,arima,LORETO
2017-09-25,0.0,0.0,arima,LORETO
2017-10-02,0.0,0.0,arima,LORETO
2017-10-09,0.0,0.0,arima,LORETO
2017-10-16,0.0,0.0,arima,LORETO
2017-10-23,0.10184367606785642,1.983195656025951e-07,arima,LORETO
2017-10-30,0.10184367606785642,2.1020631331619398e-07,arima,LORETO
2017-11-06,0.20368735213571285,2.052735698501502e-07,arima,LORETO
2017-11-13,0.10184367606785642,1.0123340805552514e-07,arima,LORETO
2017-11-20,0.10184367606785642,0.09176030969387178,arima,LORETO
2017-11-27,0.10184367606785642,0.04638618920845533,arima,LORETO
2017-12-04,0.4846612902719212,0.09101339604399585,arima,LORETO
2017-12-11,0.4846612902719212,0.10137570839124399,arima,LORETO
2017-12-18,0.38281761420406474,0.40737470427142564,arima,LORETO
2017-12-25,0.0,0.25448553304790306,arima,LORETO
2018-01-01,0.10055364838802446,0.24673361568788504,arima,LORETO
2018-01-08,0.2011072967760489,0.2625623104168287,arima,LORETO
2018-01-15,0.2011072967760489,0.40737470427142564,arima,LORETO
2018-01-22,0.10055364838802446,0.3465645628788869,arima,LORETO
2018-01-29,0.10055364838802446,0.2640965699801929,arima,LORETO
2018-02-05,0.10055364838802446,0.14322024610330245,arima,LORETO
2018-02-12,0.10055364838802446,0.13047076145887365,arima,LORETO
2018-02-19,0.0,0.06349586444543755,arima,LORETO
2018-02-26,0.0,0.0919833956728024,arima,LORETO
2018-03-05,0.0,0.09881685723127058,arima,LORETO
2018-03-12,0.10055364838802446,0.0,arima,LORETO
2018-03-19,0.10055364838802446,0.0,arima,LORETO
2018-03-26,0.10055364838802446,0.0,arima,LORETO
2018-04-02,0.0,0.0,arima,LORETO
2018-04-09,0.0,0.0,arima,LORETO
2018-04-16,0.0,0.0,arima,LORETO
2018-04-23,0.0,0.0,arima,LORETO
2018-04-30,0.0,0.0,arima,LORETO
2018-05-07,0.0,0.0,arima,LORETO
2018-05-14,0.0,0.005159625263700822,arima,LORETO
2018-05-21,0.0,0.002140678766975521,arima,LORETO
2018-05-28,0.0,0.0015949327205415915,arima,LORETO
2018-06-04,0.0,0.005323014345583387,arima,LORETO
2018-06-11,0.0,0.0025998653272419833,arima,LORETO
2018-06-18,0.0,0.0022071916340878264,arima,LORETO
2018-06-25,0.0,0.003347400263813058,arima,LORETO
2018-07-02,0.0,0.0,arima,LORETO
2018-07-09,0.10055364838802446,0.0,arima,LORETO
2018-07-16,0.10055364838802446,0.0,arima,LORETO
2018-07-23,0.10055364838802446,0.0,arima,LORETO
2018-07-30,0.0,0.03857054892102683,arima,LORETO
2018-08-06,0.10055364838802446,0.055382266708697746,arima,LORETO
2018-08-13,0.10055364838802446,0.06802426337936968,arima,LORETO
2018-08-20,0.10055364838802446,0.05524840559431331,arima,LORETO
2018-08-27,0.0,0.033130280735963906,arima,LORETO
2018-09-03,0.0,0.04135678773118984,arima,LORETO
2018-09-10,0.0,0.04542241299062855,arima,LORETO
2018-09-17,0.10055364838802446,0.08226295064841953,arima,LORETO
2018-09-24,0.10055364838802446,0.0971585899387048,arima,LORETO
2018-10-01,0.10055364838802446,0.08878913230943965,arima,LORETO
2018-10-08,0.10055364838802446,0.033585475527074846,arima,LORETO
2018-10-15,0.10055364838802446,0.04316225541116873,arima,LORETO
2018-10-22,0.10055364838802446,0.09789895247145494,arima,LORETO
2018-10-29,0.0,0.09823864546355751,arima,LORETO
2018-11-05,0.0,0.09841663689691879,arima,LORETO
2018-11-12,0.0,0.09982689355401848,arima,LORETO
2018-11-19,0.0,0.05258452041113456,arima,LORETO
2018-11-26,0.0,0.045686582172941664,arima,LORETO
2018-12-03,0.0,0.042127258746790096,arima,LORETO
2018-12-10,0.0,0.013804272202076983,arima,LORETO
2018-12-17,0.10055364838802446,0.0,arima,LORETO
2018-12-24,0.10055364838802446,0.0,arima,LORETO
2018-12-31,0.10055364838802446,0.0,arima,LORETO
2019-01-07,0.0,0.0,arima,LORETO
2019-01-14,0.0,0.002534628484742198,arima,LORETO
2019-01-21,0.0,0.01027807324135727,arima,LORETO
2019-01-28,0.0,0.06372881214931313,arima,LORETO
2019-02-04,0.09929589282398511,0.05457445495134757,arima,LORETO
2019-02-11,0.19859178564797023,0.15377110947274267,arima,LORETO
2019-02-18,0.19859178564797023,0.1909896955373024,arima,LORETO
2019-02-25,0.09929589282398511,0.15021465383534244,arima,LORETO
2019-03-04,0.0,0.15828679551724303,arima,LORETO
2019-03-11,0.0,0.007517792677010118,arima,LORETO
2019-03-18,0.0,0.06633406869776297,arima,LORETO
2019-03-25,0.0,0.11791285204193892,arima,LORETO
2019-04-01,0.0,0.1019256882807759,arima,LORETO
2019-04-08,0.0,0.0,arima,LORETO
2019-04-15,0.0,0.007129034938066002,arima,LORETO
2019-04-22,0.09929589282398511,0.0026706068475267587,arima,LORETO
2019-04-29,0.09929589282398511,0.00031999256554763163,arima,LORETO
2019-05-06,0.09929589282398511,0.08797977860770448,arima,LORETO
2019-05-13,0.09929589282398511,0.03456048168636173,arima,LORETO
2019-05-20,0.09929589282398511,0.0417167851796187,arima,LORETO
2019-05-27,0.09929589282398511,0.051190263615953004,arima,LORETO
2019-06-03,0.0,0.09993392693339226,arima,LORETO
2019-06-10,0.0,0.09985810621289452,arima,LORETO
2019-06-17,0.09929589282398511,0.09981360914420427,arima,LORETO
2019-06-24,0.09929589282398511,0.0994813573017863,arima,LORETO
2019-07-01,0.09929589282398511,0.07466442925140897,arima,LORETO
2019-07-08,0.0,0.0218437154618804,arima,LORETO
2019-07-15,0.0,0.03010437104881024,arima,LORETO
2019-07-22,0.09929589282398511,0.04798613358096017,arima,LORETO
2019-07-29,0.09929589282398511,0.1672307776424485,arima,LORETO
2019-08-05,0.09929589282398511,0.14657381534551917,arima,LORETO
2019-08-12,0.0,0.0833670980887855,arima,LORETO
2019-08-19,0.0,0.057547219225271846,arima,LORETO
2019-08-26,0.0,0.008487098580149632,arima,LORETO
2019-09-02,0.0,0.06043361185919317,arima,LORETO
2019-09-09,0.0,0.052862082175652185,arima,LORETO
2019-09-16,0.09929589282398511,0.044079691120763445,arima,LORETO
2019-09-23,0.19859178564797023,0.10848138037000453,arima,LORETO
2019-09-30,0.29788767847195535,0.09898866255920455,arima,LORETO
2019-10-07,0.19859178564797028,0.04490006255541578,arima,LORETO
2019-10-14,0.29788767847195535,0.04796706871153934,arima,LORETO
2019-10-21,0.1985917856479702,0.33625485607403566,arima,LORETO
2019-10-28,0.1985917856479702,0.40737470427142564,arima,LORETO
2019-11-04,0.09929589282398511,0.35535413569544255,arima,LORETO
2019-11-11,0.09929589282398511,0.3585296828035288,arima,LORETO
2019-11-18,0.19859178564797023,0.09005633720711141,arima,LORETO
2019-11-25,0.19859178564797023,0.14277260399175576,arima,LORETO
2019-12-02,0.19859178564797023,0.1359695125847004,arima,LORETO
2019-12-09,0.19859178564797023,0.14015806375416032,arima,LORETO
2019-12-16,0.09929589282398511,0.20974088796296192,arima,LORETO
2019-12-23,0.09929589282398511,0.20845782482193445,arima,LORETO
2019-12-30,0.0,0.2080609455099766,arima,LORETO
2020-01-06,0.0,0.20242996851490774,arima,LORETO
2020-01-13,0.0,0.0,arima,LORETO
2020-01-20,0.0,0.0,arima,LORETO
2020-01-27,0.0,0.0,arima,LORETO
2020-02-03,0.0,0.0,arima,LORETO
2020-02-10,0.0,0.0024691580349711193,arima,LORETO
2020-02-17,0.0,0.005489105237523945,arima,LORETO
2020-02-24,0.0,0.002702840975923716,arima,LORETO
2020-03-02,0.09806911715238666,0.003158249364314062,arima,LORETO
2020-03-09,0.09806911715238666,0.13905299550119254,arima,LORETO
2020-03-16,0.09806911715238666,0.17044582105673556,arima,LORETO
2020-03-23,0.0,0.1355174441858619,arima,LORETO
2020-03-30,0.0,0.14342219479365234,arima,LORETO
2020-04-06,0.0,0.0,arima,LORETO
2020-04-13,0.0,2.9099312213806688e-05,arima,LORETO
2020-04-20,0.0,0.0,arima,LORETO
2020-04-27,0.0,0.0,arima,LORETO
2020-05-04,0.0,0.00498528026629168,arima,LORETO
2020-05-11,0.1961382343047733,0.005608255241811598,arima,LORETO
2020-05-18,0.1961382343047733,0.003267454791244056,arima,LORETO
2020-05-25,0.1961382343047733,0.0044040096015698004,arima,LORETO
2020-06-01,0.0,0.08497787185351209,arima,LORETO
2020-06-08,0.0,0.10541056052488762,arima,LORETO
2020-06-15,0.0,0.13667160562619854,arima,LORETO
2020-06-22,0.0,0.10928121716227024,arima,LORETO
2020-06-29,0.0,0.0,arima,LORETO
2020-07-06,0.09806911715238666,0.0,arima,LORETO
2020-07-13,0.09806911715238666,0.0,arima,LORETO
2020-07-20,0.3922764686095466,0.0,arima,LORETO
2020-07-27,0.29420735145716,0.40737470427142564,arima,LORETO
2020-08-03,0.2942073514571599,0.40737470427142564,arima,LORETO
2020-08-10,0.0,0.40737470427142564,arima,LORETO
2020-08-17,0.0,0.40737470427142564,arima,LORETO
2020-08-24,0.0,0.003318621294428166,arima,LORETO
2020-08-31,0.0,0.02331900259058037,arima,LORETO
2020-09-07,0.0,0.009330692314933596,arima,LORETO
2020-09-14,0.09806911715238666,0.010682858714973724,arima,LORETO
2020-09-21,0.09806911715238666,0.15466154651355693,arima,LORETO
2020-09-28,0.1961382343047733,0.17825253966050625,arima,LORETO
2020-10-05,0.29420735145716,0.14081030996100255,arima,LORETO
2020-10-12,0.29420735145716,0.15560678027546607,arima,LORETO
2020-10-19,0.39227646860954657,0.26699131453950053,arima,LORETO
2020-10-26,0.1961382343047733,0.17724827439885738,arima,LORETO
2020-11-02,0.1961382343047733,0.24362466443568134,arima,LORETO
2020-11-09,0.0,0.23614620902308067,arima,LORETO
2020-11-16,0.0,0.0,arima,LORETO
2020-11-23,0.0,0.0,arima,LORETO
2020-11-30,0.0,0.0,arima,LORETO
2020-12-07,0.0,0.0,arima,LORETO
2020-12-14,0.0,0.005052415177192752,arima,LORETO
2020-12-21,0.0,0.017557371195541533,arima,LORETO
2020-12-28,0.0,0.007582165656008548,arima,LORETO
2021-01-04,0.0,0.009369031555927282,arima,LORETO
2021-01-11,0.0,0.011009170650010397,arima,LORETO
2021-01-18,0.0,0.00028075769179742156,arima,LORETO
2021-01-25,0.0,0.0030987847902185905,arima,LORETO
2021-02-01,0.0,0.005242549889733148,arima,LORETO
2021-02-08,0.0,0.0,arima,LORETO
2021-02-15,0.0,0.0,arima,LORETO
2021-02-22,0.09687237839125978,0.0,arima,LORETO
2021-03-01,0.09687237839125978,0.0,arima,LORETO
2021-03-08,0.19374475678251957,0.12281230771748251,arima,LORETO
2021-03-15,0.19374475678251957,0.08888267900675424,arima,LORETO
2021-03-22,0.29061713517377935,0.10001982444852345,arima,LORETO
2021-03-29,0.29061713517377935,0.10581525761199395,arima,LORETO
2021-04-05,0.29061713517377935,0.30123658669761727,arima,LORETO
2021-04-12,0.19374475678251954,0.29630799864348734,arima,LORETO
2021-04-19,0.09687237839125978,0.2951995705591614,arima,LORETO
2021-04-26,0.09687237839125978,0.2977759061726489,arima,LORETO
2021-05-03,0.19374475678251957,0.11196934634797528,arima,LORETO
2021-05-10,0.19374475678251957,0.14692621568504255,arima,LORETO
2021-05-17,0.09687237839125978,0.11972599359271725,arima,LORETO
2021-05-24,0.09687237839125978,0.12333191889667568,arima,LORETO
2021-05-31,0.29061713517377935,0.1255478991851765,arima,LORETO
2021-06-07,0.38748951356503913,0.18073343243894552,arima,LORETO
2021-06-14,0.6734347493778441,0.13559751547557458,arima,LORETO
2021-06-21,0.6734347493778441,0.1409541360450707,arima,LORETO
2021-06-28,0.6734347493778441,0.48466129027192123,arima,LORETO
2021-07-05,0.29061713517377935,0.48466129027192123,arima,LORETO
2021-07-12,0.09687237839125978,0.48466129027192123,arima,LORETO
2021-07-19,0.0,0.48466129027192123,arima,LORETO
2021-07-26,0.09687237839125978,0.0,arima,LORETO
2021-08-02,0.09687237839125978,0.0,arima,LORETO
2021-08-09,0.09687237839125978,0.0,arima,LORETO
2021-08-16,0.0,0.0,arima,LORETO
2021-08-23,0.0,0.0,arima,LORETO
2021-08-30,0.0,0.013836642339294013,arima,LORETO
2021-09-06,0.09687237839125978,0.005205080582144384,arima,LORETO
2021-09-13,0.09687237839125978,0.005771034055026564,arima,LORETO
2021-09-20,0.09687237839125978,0.14118403069346824,arima,LORETO
2021-09-27,0.0,0.08393497896182683,arima,LORETO
2021-10-04,0.09687237839125978,0.10402956721629918,arima,LORETO
2021-10-11,0.09687237839125978,0.11049427790694723,arima,LORETO
2021-10-18,0.09687237839125978,0.11631424035015613,arima,LORETO
2021-10-25,0.09687237839125978,0.06157832500081612,arima,LORETO
2021-11-01,0.09687237839125978,0.08926121024698533,arima,LORETO
2021-11-08,0.09687237839125978,0.09010585971331923,arima,LORETO
2021-11-15,0.0,0.042432157319887885,arima,LORETO
2021-11-22,0.0,0.06162046916318621,arima,LORETO
2021-11-29,0.0,0.06822577794080446,arima,LORETO
2021-12-06,0.0,0.057213221860840775,arima,LORETO
2021-12-13,0.0,0.00348379378402979,arima,LORETO
2021-12-20,0.0,0.0,arima,LORETO
2021-12-27,0.09687237839125978,0.0,arima,LORETO
2022-01-03,0.4796899925953246,0.0,arima,LORETO
2022-01-10,0.671098799697357,0.5620584085053544,arima,LORETO
2022-01-17,0.8613396319591456,0.5620584085053544,arima,LORETO
2022-01-24,0.6699308248571133,0.5620584085053544,arima,LORETO
2022-01-31,0.8613396319591459,0.5620584085053544,arima,LORETO
2022-02-07,0.9570440355101618,0.6734347493778441,arima,LORETO
2022-02-14,1.1484528426121943,0.6734347493778441,arima,LORETO
2022-02-21,1.1484528426121943,0.6734347493778441,arima,LORETO
2022-02-28,0.9570440355101618,0.6734347493778441,arima,LORETO
2022-03-07,0.5742264213060971,0.8550040485666246,arima,LORETO
2022-03-14,0.5742264213060971,0.7903047532461109,arima,LORETO
2022-03-21,0.3828176142040647,0.8604228485757337,arima,LORETO
2022-03-28,0.47852201775508085,0.8384263247635759,arima,LORETO
2022-04-04,0.4785220177550809,0.33217350686614744,arima,LORETO
2022-04-11,0.7656352284081295,0.4254643519704593,arima,LORETO
2022-04-18,0.8613396319591456,0.41155321882613427,arima,LORETO
2022-04-25,0.8613396319591459,0.39077971706212933,arima,LORETO
2022-05-02,0.6699308248571133,0.8689503999674608,arima,LORETO
2022-05-09,0.5742264213060971,0.9100246522801783,arima,LORETO
2022-05-16,0.38281761420406474,0.8820861080539177,arima,LORETO
2022-05-23,0.478522017755081,0.8863949738747423,arima,LORETO
2022-05-30,0.6699308248571133,0.4869368776373162,arima,LORETO
2022-06-06,0.478522017755081,0.5335637479553665,arima,LORETO
2022-06-13,0.28711321065304857,0.5013950522143105,arima,LORETO
2022-06-20,0.0,0.5064795166761187,arima,LORETO
2022-06-27,0.0,0.0120154460635978,arima,LORETO
2022-07-04,0.0,0.0,arima,LORETO
2022-07-11,0.0,0.0,arima,LORETO
2022-07-18,0.19140880710203237,0.0,arima,LORETO
2022-07-25,0.28711321065304857,0.23467351244481074,arima,LORETO
2022-08-01,0.6699308248571133,0.3342508468639114,arima,LORETO
2022-08-08,0.478522017755081,0.2568545598541097,arima,LORETO
2022-08-15,0.5742264213060971,0.2732173070277908,arima,LORETO
2022-08-22,0.38281761420406474,0.4333374938668118,arima,LORETO
2022-08-29,0.5742264213060971,0.5518604043257895,arima,LORETO
2022-09-05,0.478522017755081,0.518069329869925,arima,LORETO
2022-09-12,0.4785220177550809,0.5029882911706016,arima,LORETO
2022-09-19,0.5742264213060971,0.41972216617323077,arima,LORETO
2022-09-26,0.5742264213060971,0.4355882719441586,arima,LORETO
2022-10-03,0.4785220177550809,0.4420553715513984,arima,LORETO
2022-10-10,0.19140880710203234,0.43332935278755613,arima,LORETO
2022-10-17,0.09570440355101616,0.13226286003587473,arima,LORETO
2022-10-24,0.09570440355101616,0.11348882315765405,arima,LORETO
2022-10-31,0.38281761420406474,0.14188328198033906,arima,LORETO
2022-11-07,0.38281761420406474,0.12905793309198982,arima,LORETO
2022-11-14,0.28711321065304857,0.4469462188303295,arima,LORETO
2022-11-21,0.0,0.29106368275371286,arima,LORETO
2022-11-28,0.0,0.37463641994589425,arima,LORETO
2022-12-05,0.0,0.3628551446808472,arima,LORETO
