date,actual,predicted,model,region
2010-12-27,0.0,0.0,naive,UCAYALI
2011-01-03,0.6264434300701199,0.0,naive,UCAYALI
2011-01-10,0.6264434300701199,0.0,naive,UCAYALI
2011-01-17,0.8352579067601599,0.0,naive,UCAYALI
2011-01-24,0.20881447669004005,0.83525790676016,naive,UCAYALI
2011-01-31,0.20881447669004005,0.83525790676016,naive,UCAYALI
2011-02-07,0.0,0.83525790676016,naive,UCAYALI
2011-02-14,0.0,0.83525790676016,naive,UCAYALI
2011-02-21,0.0,0.0,naive,UCAYALI
2011-02-28,0.20881447669004005,0.0,naive,UCAYALI
2011-03-07,1.0440723834502,0.0,naive,UCAYALI
2011-03-14,1.4617013368302798,0.0,naive,UCAYALI
2011-03-21,1.2528868601402399,1.4617013368302798,naive,UCAYALI
2011-03-28,0.8352579067601599,1.4617013368302798,naive,UCAYALI
2011-04-04,0.8352579067601599,1.4617013368302798,naive,UCAYALI
2011-04-11,1.8793302902103595,1.4617013368302798,naive,UCAYALI
2011-04-18,1.6705158135203195,1.8793302902103592,naive,UCAYALI
2011-04-25,1.4617013368302798,1.8793302902103592,naive,UCAYALI
2011-05-02,0.41762895338007994,1.8793302902103592,naive,UCAYALI
2011-05-09,0.20881447669003997,1.8793302902103592,naive,UCAYALI
2011-05-16,0.41762895338007994,0.20881447669003997,naive,UCAYALI
2011-05-23,0.41762895338007994,0.20881447669003997,naive,UCAYALI
2011-05-30,0.6264434300701199,0.20881447669003997,naive,UCAYALI
2011-06-06,0.20881447669003997,0.20881447669003997,naive,UCAYALI
2011-06-13,1.0440723834502,0.20881447669003997,naive,UCAYALI
2011-06-20,0.8352579067601599,0.20881447669003997,naive,UCAYALI
2011-06-27,1.2528868601402399,0.20881447669003997,naive,UCAYALI
2011-07-04,0.41762895338007994,0.20881447669003997,naive,UCAYALI
2011-07-11,0.41762895338007994,0.41762895338008,naive,UCAYALI
2011-07-18,0.20881447669003997,0.41762895338008,naive,UCAYALI
2011-07-25,0.41762895338007994,0.41762895338008,naive,UCAYALI
2011-08-01,1.0440723834501997,0.41762895338008,naive,UCAYALI
2011-08-08,0.8352579067601598,1.0440723834501995,naive,UCAYALI
2011-08-15,1.0440723834501997,1.0440723834501995,naive,UCAYALI
2011-08-22,0.41762895338007994,1.0440723834501995,naive,UCAYALI
2011-08-29,0.6264434300701199,1.0440723834501995,naive,UCAYALI
2011-09-05,0.20881447669003997,0.62644343007012,naive,UCAYALI
2011-09-12,0.41762895338007994,0.62644343007012,naive,UCAYALI
2011-09-19,0.20881447669003997,0.62644343007012,naive,UCAYALI
2011-09-26,0.41762895338007994,0.62644343007012,naive,UCAYALI
2011-10-03,0.20881447669003997,0.41762895338008,naive,UCAYALI
2011-10-10,0.20881447669003997,0.41762895338008,naive,UCAYALI
2011-10-17,0.0,0.41762895338008,naive,UCAYALI
2011-10-24,0.20881447669003997,0.41762895338008,naive,UCAYALI
2011-10-31,0.41762895338007994,0.20881447669003997,naive,UCAYALI
2011-11-07,1.2528868601402399,0.20881447669003997,naive,UCAYALI
2011-11-14,1.0440723834502,0.20881447669003997,naive,UCAYALI
2011-11-21,0.8352579067601601,0.20881447669003997,naive,UCAYALI
2011-11-28,0.8352579067601599,0.83525790676016,naive,UCAYALI
2011-12-05,1.4617013368302798,0.83525790676016,naive,UCAYALI
2011-12-12,2.2969592435904396,0.83525790676016,naive,UCAYALI
2011-12-19,1.6705158135203195,0.83525790676016,naive,UCAYALI
2011-12-26,1.0440723834502,1.6705158135203195,naive,UCAYALI
2012-01-02,0.20881447669003997,1.6705158135203195,naive,UCAYALI
2012-01-09,0.6115235497719017,1.6705158135203195,naive,UCAYALI
2012-01-16,1.2230470995438034,1.6705158135203195,naive,UCAYALI
2012-01-23,1.8345706493157052,1.2230470995438032,naive,UCAYALI
2012-01-30,1.2230470995438034,1.2230470995438032,naive,UCAYALI
2012-02-06,1.0192059162865028,1.2230470995438032,naive,UCAYALI
2012-02-13,0.40768236651460116,1.2230470995438032,naive,UCAYALI
2012-02-20,1.2230470995438034,0.40768236651460116,naive,UCAYALI
2012-02-27,1.0192059162865028,0.40768236651460116,naive,UCAYALI
2012-03-05,1.2230470995438036,0.40768236651460116,naive,UCAYALI
2012-03-12,1.0192059162865028,0.40768236651460116,naive,UCAYALI
2012-03-19,0.8153647330292023,1.019205916286503,naive,UCAYALI
2012-03-26,0.6115235497719017,1.019205916286503,naive,UCAYALI
2012-04-02,0.40768236651460116,1.019205916286503,naive,UCAYALI
2012-04-09,0.40768236651460116,1.019205916286503,naive,UCAYALI
2012-04-16,0.40768236651460116,0.40768236651460116,naive,UCAYALI
2012-04-23,0.0,0.40768236651460116,naive,UCAYALI
2012-04-30,0.0,0.40768236651460116,naive,UCAYALI
2012-05-07,0.0,0.40768236651460116,naive,UCAYALI
2012-05-14,0.0,0.0,naive,UCAYALI
2012-05-21,0.0,0.0,naive,UCAYALI
2012-05-28,0.0,0.0,naive,UCAYALI
2012-06-04,0.6115235497719017,0.0,naive,UCAYALI
2012-06-11,0.6115235497719017,0.6115235497719018,naive,UCAYALI
2012-06-18,0.8153647330292023,0.6115235497719018,naive,UCAYALI
2012-06-25,0.20384118325730058,0.6115235497719018,naive,UCAYALI
2012-07-02,0.40768236651460116,0.6115235497719018,naive,UCAYALI
2012-07-09,0.40768236651460116,0.40768236651460116,naive,UCAYALI
2012-07-16,1.5498453930795024,0.40768236651460116,naive,UCAYALI
2012-07-23,1.753686576336803,0.40768236651460116,naive,UCAYALI
2012-07-30,2.161368942851404,0.40768236651460116,naive,UCAYALI
2012-08-06,1.0192059162865028,2.1613689428514036,naive,UCAYALI
2012-08-13,1.0192059162865028,2.1613689428514036,naive,UCAYALI
2012-08-20,1.0192059162865028,2.1613689428514036,naive,UCAYALI
2012-08-27,1.2230470995438034,2.1613689428514036,naive,UCAYALI
2012-09-03,0.8153647330292024,1.2230470995438032,naive,UCAYALI
2012-09-10,0.6115235497719017,1.2230470995438032,naive,UCAYALI
2012-09-17,0.40768236651460105,1.2230470995438032,naive,UCAYALI
2012-09-24,0.40768236651460105,1.2230470995438032,naive,UCAYALI
2012-10-01,0.0,0.4076823665146011,naive,UCAYALI
2012-10-08,0.0,0.4076823665146011,naive,UCAYALI
2012-10-15,0.0,0.4076823665146011,naive,UCAYALI
2012-10-22,0.0,0.4076823665146011,naive,UCAYALI
2012-10-29,0.0,0.0,naive,UCAYALI
2012-11-05,0.0,0.0,naive,UCAYALI
2012-11-12,0.20384118325730058,0.0,naive,UCAYALI
2012-11-19,0.40768236651460116,0.0,naive,UCAYALI
2012-11-26,0.40768236651460116,0.40768236651460116,naive,UCAYALI
2012-12-03,0.20384118325730058,0.40768236651460116,naive,UCAYALI
2012-12-10,0.0,0.40768236651460116,naive,UCAYALI
2012-12-17,0.0,0.40768236651460116,naive,UCAYALI
2012-12-24,0.0,0.0,naive,UCAYALI
2012-12-31,0.0,0.0,naive,UCAYALI
2013-01-07,0.0,0.0,naive,UCAYALI
2013-01-14,0.19909927488044088,0.0,naive,UCAYALI
2013-01-21,0.5972978246413226,0.19909927488044085,naive,UCAYALI
2013-01-28,0.5972978246413226,0.19909927488044085,naive,UCAYALI
2013-02-04,0.5972978246413225,0.19909927488044085,naive,UCAYALI
2013-02-11,0.39819854976088176,0.19909927488044085,naive,UCAYALI
2013-02-18,0.5972978246413226,0.39819854976088176,naive,UCAYALI
2013-02-25,0.5972978246413226,0.39819854976088176,naive,UCAYALI
2013-03-04,0.7963970995217635,0.39819854976088176,naive,UCAYALI
2013-03-11,0.5972978246413226,0.39819854976088176,naive,UCAYALI
2013-03-18,0.39819854976088176,0.5972978246413225,naive,UCAYALI
2013-03-25,0.19909927488044088,0.5972978246413225,naive,UCAYALI
2013-04-01,0.39819854976088176,0.5972978246413225,naive,UCAYALI
2013-04-08,0.39819854976088176,0.5972978246413225,naive,UCAYALI
2013-04-15,0.19909927488044088,0.39819854976088176,naive,UCAYALI
2013-04-22,0.0,0.39819854976088176,naive,UCAYALI
2013-04-29,0.0,0.39819854976088176,naive,UCAYALI
2013-05-06,0.5972978246413226,0.39819854976088176,naive,UCAYALI
2013-05-13,0.5972978246413226,0.5972978246413225,naive,UCAYALI
2013-05-20,0.7963970995217635,0.5972978246413225,naive,UCAYALI
2013-05-27,0.39819854976088176,0.5972978246413225,naive,UCAYALI
2013-06-03,0.5972978246413226,0.5972978246413225,naive,UCAYALI
2013-06-10,0.7963970995217635,0.5972978246413225,naive,UCAYALI
2013-06-17,0.7963970995217635,0.5972978246413225,naive,UCAYALI
2013-06-24,0.5972978246413226,0.5972978246413225,naive,UCAYALI
2013-07-01,0.9954963744022044,0.5972978246413225,naive,UCAYALI
2013-07-08,0.9954963744022044,0.9954963744022043,naive,UCAYALI
2013-07-15,1.592794199043527,0.9954963744022043,naive,UCAYALI
2013-07-22,0.7963970995217635,0.9954963744022043,naive,UCAYALI
2013-07-29,1.1945956492826453,0.9954963744022043,naive,UCAYALI
2013-08-05,0.7963970995217635,1.194595649282645,naive,UCAYALI
2013-08-12,0.7963970995217635,1.194595649282645,naive,UCAYALI
2013-08-19,0.5972978246413226,1.194595649282645,naive,UCAYALI
2013-08-26,0.3981985497608817,1.194595649282645,naive,UCAYALI
2013-09-02,0.7963970995217634,0.3981985497608817,naive,UCAYALI
2013-09-09,0.5972978246413226,0.3981985497608817,naive,UCAYALI
2013-09-16,1.1945956492826453,0.3981985497608817,naive,UCAYALI
2013-09-23,0.9954963744022042,0.3981985497608817,naive,UCAYALI
2013-09-30,1.1945956492826453,0.9954963744022043,naive,UCAYALI
2013-10-07,0.5972978246413226,0.9954963744022043,naive,UCAYALI
2013-10-14,0.5972978246413226,0.9954963744022043,naive,UCAYALI
2013-10-21,0.39819854976088176,0.9954963744022043,naive,UCAYALI
2013-10-28,0.39819854976088176,0.39819854976088176,naive,UCAYALI
2013-11-04,0.39819854976088176,0.39819854976088176,naive,UCAYALI
2013-11-11,0.19909927488044088,0.39819854976088176,naive,UCAYALI
2013-11-18,0.19909927488044088,0.39819854976088176,naive,UCAYALI
2013-11-25,0.19909927488044088,0.19909927488044085,naive,UCAYALI
2013-12-02,0.5972978246413226,0.19909927488044085,naive,UCAYALI
2013-12-09,0.5972978246413226,0.19909927488044085,naive,UCAYALI
2013-12-16,0.3981985497608817,0.19909927488044085,naive,UCAYALI
2013-12-23,0.0,0.3981985497608817,naive,UCAYALI
2013-12-30,0.0,0.3981985497608817,naive,UCAYALI
2014-01-06,0.19457297070120205,0.3981985497608817,naive,UCAYALI
2014-01-13,0.19457297070120205,0.3981985497608817,naive,UCAYALI
2014-01-20,0.19457297070120205,0.19457297070120208,naive,UCAYALI
2014-01-27,0.0,0.19457297070120208,naive,UCAYALI
2014-02-03,0.0,0.19457297070120208,naive,UCAYALI
2014-02-10,0.0,0.19457297070120208,naive,UCAYALI
2014-02-17,0.0,0.0,naive,UCAYALI
2014-02-24,0.0,0.0,naive,UCAYALI
2014-03-03,0.0,0.0,naive,UCAYALI
2014-03-10,0.0,0.0,naive,UCAYALI
2014-03-17,0.19457297070120205,0.0,naive,UCAYALI
2014-03-24,0.19457297070120205,0.0,naive,UCAYALI
2014-03-31,0.19457297070120205,0.0,naive,UCAYALI
2014-04-07,0.19457297070120205,0.0,naive,UCAYALI
2014-04-14,0.3891459414024041,0.19457297070120208,naive,UCAYALI
2014-04-21,0.5837189121036062,0.19457297070120208,naive,UCAYALI
2014-04-28,0.3891459414024041,0.19457297070120208,naive,UCAYALI
2014-05-05,0.19457297070120205,0.19457297070120208,naive,UCAYALI
2014-05-12,0.0,0.19457297070120208,naive,UCAYALI
2014-05-19,0.0,0.19457297070120208,naive,UCAYALI
2014-05-26,0.3891459414024041,0.19457297070120208,naive,UCAYALI
2014-06-02,0.3891459414024041,0.19457297070120208,naive,UCAYALI
2014-06-09,0.3891459414024041,0.3891459414024041,naive,UCAYALI
2014-06-16,0.0,0.3891459414024041,naive,UCAYALI
2014-06-23,0.0,0.3891459414024041,naive,UCAYALI
2014-06-30,0.0,0.3891459414024041,naive,UCAYALI
2014-07-07,0.0,0.0,naive,UCAYALI
2014-07-14,0.19457297070120205,0.0,naive,UCAYALI
2014-07-21,0.19457297070120205,0.0,naive,UCAYALI
2014-07-28,0.5837189121036062,0.0,naive,UCAYALI
2014-08-04,0.5837189121036062,0.5837189121036062,naive,UCAYALI
2014-08-11,0.5837189121036062,0.5837189121036062,naive,UCAYALI
2014-08-18,0.3891459414024041,0.5837189121036062,naive,UCAYALI
2014-08-25,0.3891459414024041,0.5837189121036062,naive,UCAYALI
2014-09-01,0.5837189121036062,0.3891459414024041,naive,UCAYALI
2014-09-08,0.3891459414024041,0.3891459414024041,naive,UCAYALI
2014-09-15,0.19457297070120205,0.3891459414024041,naive,UCAYALI
2014-09-22,0.0,0.3891459414024041,naive,UCAYALI
2014-09-29,0.0,0.0,naive,UCAYALI
2014-10-06,0.19457297070120205,0.0,naive,UCAYALI
2014-10-13,0.19457297070120205,0.0,naive,UCAYALI
2014-10-20,0.19457297070120205,0.0,naive,UCAYALI
2014-10-27,0.0,0.19457297070120208,naive,UCAYALI
2014-11-03,0.0,0.19457297070120208,naive,UCAYALI
2014-11-10,0.0,0.19457297070120208,naive,UCAYALI
2014-11-17,0.0,0.19457297070120208,naive,UCAYALI
2014-11-24,0.0,0.0,naive,UCAYALI
2014-12-01,0.19457297070120205,0.0,naive,UCAYALI
2014-12-08,0.3891459414024041,0.0,naive,UCAYALI
2014-12-15,0.3891459414024041,0.0,naive,UCAYALI
2014-12-22,0.19457297070120205,0.3891459414024041,naive,UCAYALI
2014-12-29,0.0,0.3891459414024041,naive,UCAYALI
2015-01-05,0.19024789300458497,0.3891459414024041,naive,UCAYALI
2015-01-12,0.19024789300458497,0.3891459414024041,naive,UCAYALI
2015-01-19,0.5707436790137549,0.19024789300458497,naive,UCAYALI
2015-01-26,0.38049578600916995,0.19024789300458497,naive,UCAYALI
2015-02-02,0.38049578600916983,0.19024789300458497,naive,UCAYALI
2015-02-09,0.0,0.19024789300458497,naive,UCAYALI
2015-02-16,0.0,0.0,naive,UCAYALI
2015-02-23,0.19024789300458497,0.0,naive,UCAYALI
2015-03-02,0.19024789300458497,0.0,naive,UCAYALI
2015-03-09,0.19024789300458497,0.0,naive,UCAYALI
2015-03-16,0.0,0.19024789300458497,naive,UCAYALI
2015-03-23,0.19024789300458497,0.19024789300458497,naive,UCAYALI
2015-03-30,0.38049578600916995,0.19024789300458497,naive,UCAYALI
2015-04-06,0.5707436790137549,0.19024789300458497,naive,UCAYALI
2015-04-13,0.7609915720183399,0.5707436790137548,naive,UCAYALI
2015-04-20,0.5707436790137549,0.5707436790137548,naive,UCAYALI
2015-04-27,0.38049578600916983,0.5707436790137548,naive,UCAYALI
2015-05-04,0.0,0.5707436790137548,naive,UCAYALI
2015-05-11,0.19024789300458497,0.0,naive,UCAYALI
2015-05-18,0.19024789300458497,0.0,naive,UCAYALI
2015-05-25,0.38049578600916995,0.0,naive,UCAYALI
2015-06-01,0.19024789300458497,0.0,naive,UCAYALI
2015-06-08,0.38049578600916995,0.19024789300458497,naive,UCAYALI
2015-06-15,0.5707436790137549,0.19024789300458497,naive,UCAYALI
2015-06-22,0.5707436790137549,0.19024789300458497,naive,UCAYALI
2015-06-29,0.38049578600916983,0.19024789300458497,naive,UCAYALI
2015-07-06,0.19024789300458497,0.3804957860091699,naive,UCAYALI
2015-07-13,0.5707436790137549,0.3804957860091699,naive,UCAYALI
2015-07-20,0.7609915720183399,0.3804957860091699,naive,UCAYALI
2015-07-27,0.5707436790137549,0.3804957860091699,naive,UCAYALI
2015-08-03,0.1902478930045849,0.5707436790137548,naive,UCAYALI
2015-08-10,0.0,0.5707436790137548,naive,UCAYALI
2015-08-17,0.0,0.5707436790137548,naive,UCAYALI
2015-08-24,0.38049578600916983,0.5707436790137548,naive,UCAYALI
2015-08-31,0.38049578600916983,0.3804957860091699,naive,UCAYALI
2015-09-07,0.38049578600916983,0.3804957860091699,naive,UCAYALI
2015-09-14,0.0,0.3804957860091699,naive,UCAYALI
2015-09-21,0.0,0.3804957860091699,naive,UCAYALI
2015-09-28,0.0,0.0,naive,UCAYALI
2015-10-05,0.0,0.0,naive,UCAYALI
2015-10-12,0.1902478930045849,0.0,naive,UCAYALI
2015-10-19,0.1902478930045849,0.0,naive,UCAYALI
2015-10-26,0.1902478930045849,0.1902478930045849,naive,UCAYALI
2015-11-02,0.0,0.1902478930045849,naive,UCAYALI
2015-11-09,0.0,0.1902478930045849,naive,UCAYALI
2015-11-16,0.0,0.1902478930045849,naive,UCAYALI
2015-11-23,0.0,0.0,naive,UCAYALI
2015-11-30,0.1902478930045849,0.0,naive,UCAYALI
2015-12-07,0.1902478930045849,0.0,naive,UCAYALI
2015-12-14,0.38049578600916983,0.0,naive,UCAYALI
2015-12-21,0.1902478930045849,0.3804957860091699,naive,UCAYALI
2015-12-28,0.1902478930045849,0.3804957860091699,naive,UCAYALI
2016-01-04,0.0,0.3804957860091699,naive,UCAYALI
2016-01-11,0.0,0.3804957860091699,naive,UCAYALI
2016-01-18,0.0,0.0,naive,UCAYALI
2016-01-25,0.0,0.0,naive,UCAYALI
2016-02-01,0.0,0.0,naive,UCAYALI
2016-02-08,0.0,0.0,naive,UCAYALI
2016-02-15,0.0,0.0,naive,UCAYALI
2016-02-22,0.0,0.0,naive,UCAYALI
2016-02-29,0.0,0.0,naive,UCAYALI
2016-03-07,0.5583327439821034,0.0,naive,UCAYALI
2016-03-14,0.5583327439821034,0.5583327439821035,naive,UCAYALI
2016-03-21,0.5583327439821034,0.5583327439821035,naive,UCAYALI
2016-03-28,0.0,0.5583327439821035,naive,UCAYALI
2016-04-04,0.0,0.5583327439821035,naive,UCAYALI
2016-04-11,0.1861109146607011,0.0,naive,UCAYALI
2016-04-18,0.1861109146607011,0.0,naive,UCAYALI
2016-04-25,0.1861109146607011,0.0,naive,UCAYALI
2016-05-02,0.0,0.0,naive,UCAYALI
2016-05-09,0.0,0.0,naive,UCAYALI
2016-05-16,0.0,0.0,naive,UCAYALI
2016-05-23,0.0,0.0,naive,UCAYALI
2016-05-30,0.0,0.0,naive,UCAYALI
2016-06-06,0.0,0.0,naive,UCAYALI
2016-06-13,0.0,0.0,naive,UCAYALI
2016-06-20,0.0,0.0,naive,UCAYALI
2016-06-27,0.0,0.0,naive,UCAYALI
2016-07-04,0.1861109146607011,0.0,naive,UCAYALI
2016-07-11,0.3722218293214023,0.0,naive,UCAYALI
2016-07-18,0.3722218293214023,0.0,naive,UCAYALI
2016-07-25,0.1861109146607011,0.0,naive,UCAYALI
2016-08-01,0.0,0.1861109146607011,naive,UCAYALI
2016-08-08,0.0,0.1861109146607011,naive,UCAYALI
2016-08-15,0.0,0.1861109146607011,naive,UCAYALI
2016-08-22,0.3722218293214023,0.1861109146607011,naive,UCAYALI
2016-08-29,0.3722218293214023,0.37222182932140224,naive,UCAYALI
2016-09-05,0.3722218293214023,0.37222182932140224,naive,UCAYALI
2016-09-12,0.1861109146607011,0.37222182932140224,naive,UCAYALI
2016-09-19,0.3722218293214023,0.37222182932140224,naive,UCAYALI
2016-09-26,0.5583327439821035,0.37222182932140224,naive,UCAYALI
2016-10-03,0.3722218293214023,0.37222182932140224,naive,UCAYALI
2016-10-10,0.1861109146607011,0.37222182932140224,naive,UCAYALI
2016-10-17,0.0,0.37222182932140224,naive,UCAYALI
2016-10-24,0.0,0.0,naive,UCAYALI
2016-10-31,0.0,0.0,naive,UCAYALI
2016-11-07,0.0,0.0,naive,UCAYALI
2016-11-14,0.0,0.0,naive,UCAYALI
2016-11-21,0.0,0.0,naive,UCAYALI
2016-11-28,0.0,0.0,naive,UCAYALI
2016-12-05,0.0,0.0,naive,UCAYALI
2016-12-12,0.0,0.0,naive,UCAYALI
2016-12-19,0.0,0.0,naive,UCAYALI
2016-12-26,0.1861109146607011,0.0,naive,UCAYALI
2017-01-02,0.1861109146607011,0.0,naive,UCAYALI
2017-01-09,0.1861109146607011,0.0,naive,UCAYALI
2017-01-16,0.0,0.1861109146607011,naive,UCAYALI
2017-01-23,0.0,0.1861109146607011,naive,UCAYALI
2017-01-30,0.0,0.1861109146607011,naive,UCAYALI
2017-02-06,0.0,0.1861109146607011,naive,UCAYALI
2017-02-13,0.0,0.0,naive,UCAYALI
2017-02-20,0.0,0.0,naive,UCAYALI
2017-02-27,0.0,0.0,naive,UCAYALI
2017-03-06,0.0,0.0,naive,UCAYALI
2017-03-13,0.0,0.0,naive,UCAYALI
2017-03-20,0.0,0.0,naive,UCAYALI
2017-03-27,0.18215002604745364,0.0,naive,UCAYALI
2017-04-03,0.36430005209490735,0.0,naive,UCAYALI
2017-04-10,0.36430005209490735,0.3643000520949073,naive,UCAYALI
2017-04-17,0.36430005209490735,0.3643000520949073,naive,UCAYALI
2017-04-24,0.18215002604745364,0.3643000520949073,naive,UCAYALI
2017-05-01,0.18215002604745364,0.3643000520949073,naive,UCAYALI
2017-05-08,0.0,0.18215002604745367,naive,UCAYALI
2017-05-15,0.36430005209490735,0.18215002604745367,naive,UCAYALI
2017-05-22,0.36430005209490735,0.18215002604745367,naive,UCAYALI
2017-05-29,0.546450078142361,0.18215002604745367,naive,UCAYALI
2017-06-05,0.18215002604745364,0.5464500781423611,naive,UCAYALI
2017-06-12,0.18215002604745364,0.5464500781423611,naive,UCAYALI
2017-06-19,0.36430005209490735,0.5464500781423611,naive,UCAYALI
2017-06-26,0.546450078142361,0.5464500781423611,naive,UCAYALI
2017-07-03,1.0929001562847223,0.5464500781423611,naive,UCAYALI
2017-07-10,0.9107501302372686,0.5464500781423611,naive,UCAYALI
2017-07-17,0.9107501302372686,0.5464500781423611,naive,UCAYALI
2017-07-24,0.5464500781423611,0.5464500781423611,naive,UCAYALI
2017-07-31,0.5464500781423611,0.5464500781423611,naive,UCAYALI
2017-08-07,0.7286001041898148,0.5464500781423611,naive,UCAYALI
2017-08-14,0.7286001041898148,0.5464500781423611,naive,UCAYALI
2017-08-21,0.546450078142361,0.5464500781423611,naive,UCAYALI
2017-08-28,0.36430005209490735,0.5464500781423611,naive,UCAYALI
2017-09-04,0.36430005209490735,0.5464500781423611,naive,UCAYALI
2017-09-11,0.5464500781423611,0.5464500781423611,naive,UCAYALI
2017-09-18,0.7286001041898148,0.5464500781423611,naive,UCAYALI
2017-09-25,0.7286001041898148,0.7286001041898149,naive,UCAYALI
2017-10-02,0.7286001041898148,0.7286001041898149,naive,UCAYALI
2017-10-09,0.36430005209490735,0.7286001041898149,naive,UCAYALI
2017-10-16,0.18215002604745364,0.7286001041898149,naive,UCAYALI
2017-10-23,0.7286001041898148,0.18215002604745367,naive,UCAYALI
2017-10-30,1.0929001562847223,0.18215002604745367,naive,UCAYALI
2017-11-06,1.4572002083796296,0.18215002604745367,naive,UCAYALI
2017-11-13,0.7286001041898148,0.18215002604745367,naive,UCAYALI
2017-11-20,0.9107501302372686,0.7286001041898149,naive,UCAYALI
2017-11-27,1.0929001562847225,0.7286001041898149,naive,UCAYALI
2017-12-04,1.8215002604745372,0.7286001041898149,naive,UCAYALI
2017-12-11,2.185800312569445,0.7286001041898149,naive,UCAYALI
2017-12-18,1.8215002604745374,2.185800312569445,naive,UCAYALI
2017-12-25,1.275050182332176,2.185800312569445,naive,UCAYALI
2018-01-01,1.2536585222560415,2.185800312569445,naive,UCAYALI
2018-01-08,1.782995272337495,2.185800312569445,naive,UCAYALI
2018-01-15,2.490203716451175,1.7829952723374953,naive,UCAYALI
2018-01-22,1.956588634354495,1.7829952723374953,naive,UCAYALI
2018-01-29,1.2451018582255875,1.7829952723374953,naive,UCAYALI
2018-02-05,0.3557433880644536,1.7829952723374953,naive,UCAYALI
2018-02-12,0.1778716940322268,0.3557433880644536,naive,UCAYALI
2018-02-19,1.2451018582255875,0.3557433880644536,naive,UCAYALI
2018-02-26,1.778716940322268,0.3557433880644536,naive,UCAYALI
2018-03-05,1.9565886343544945,0.3557433880644536,naive,UCAYALI
2018-03-12,1.600845246290041,1.9565886343544943,naive,UCAYALI
2018-03-19,1.4229735522578144,1.9565886343544943,naive,UCAYALI
2018-03-26,1.2451018582255877,1.9565886343544943,naive,UCAYALI
2018-04-02,1.2451018582255877,1.9565886343544943,naive,UCAYALI
2018-04-09,0.889358470161134,1.2451018582255875,naive,UCAYALI
2018-04-16,1.0672301641933608,1.2451018582255875,naive,UCAYALI
2018-04-23,0.3557433880644536,1.2451018582255875,naive,UCAYALI
2018-04-30,0.3557433880644536,1.2451018582255875,naive,UCAYALI
2018-05-07,0.0,0.3557433880644536,naive,UCAYALI
2018-05-14,0.0,0.3557433880644536,naive,UCAYALI
2018-05-21,0.3557433880644536,0.3557433880644536,naive,UCAYALI
2018-05-28,0.5336150820966804,0.3557433880644536,naive,UCAYALI
2018-06-04,0.7114867761289072,0.5336150820966803,naive,UCAYALI
2018-06-11,0.889358470161134,0.5336150820966803,naive,UCAYALI
2018-06-18,1.4229735522578144,0.5336150820966803,naive,UCAYALI
2018-06-25,1.600845246290041,0.5336150820966803,naive,UCAYALI
2018-07-02,1.0672301641933608,1.6008452462900409,naive,UCAYALI
2018-07-09,0.7114867761289072,1.6008452462900409,naive,UCAYALI
2018-07-16,0.7114867761289072,1.6008452462900409,naive,UCAYALI
2018-07-23,1.0672301641933608,1.6008452462900409,naive,UCAYALI
2018-07-30,0.7114867761289073,1.0672301641933606,naive,UCAYALI
2018-08-06,0.3557433880644536,1.0672301641933606,naive,UCAYALI
2018-08-13,0.1778716940322268,1.0672301641933606,naive,UCAYALI
2018-08-20,0.1778716940322268,1.0672301641933606,naive,UCAYALI
2018-08-27,0.1778716940322268,0.1778716940322268,naive,UCAYALI
2018-09-03,0.7114867761289072,0.1778716940322268,naive,UCAYALI
2018-09-10,1.4229735522578144,0.1778716940322268,naive,UCAYALI
2018-09-17,1.4229735522578144,0.1778716940322268,naive,UCAYALI
2018-09-24,1.0672301641933608,1.4229735522578144,naive,UCAYALI
2018-10-01,0.3557433880644536,1.4229735522578144,naive,UCAYALI
2018-10-08,0.7114867761289072,1.4229735522578144,naive,UCAYALI
2018-10-15,0.5336150820966804,1.4229735522578144,naive,UCAYALI
2018-10-22,0.7114867761289072,0.5336150820966803,naive,UCAYALI
2018-10-29,0.5336150820966804,0.5336150820966803,naive,UCAYALI
2018-11-05,0.7114867761289072,0.5336150820966803,naive,UCAYALI
2018-11-12,0.889358470161134,0.5336150820966803,naive,UCAYALI
2018-11-19,0.889358470161134,0.8893584701611339,naive,UCAYALI
2018-11-26,0.7114867761289071,0.8893584701611339,naive,UCAYALI
2018-12-03,1.2451018582255875,0.8893584701611339,naive,UCAYALI
2018-12-10,1.2451018582255875,0.8893584701611339,naive,UCAYALI
2018-12-17,1.0672301641933606,1.2451018582255875,naive,UCAYALI
2018-12-24,0.5336150820966803,1.2451018582255875,naive,UCAYALI
2018-12-31,1.4979064146293546,1.2451018582255875,naive,UCAYALI
2019-01-07,1.845485871293148,1.2451018582255875,naive,UCAYALI
2019-01-14,1.6635322115605906,1.8454858712931483,naive,UCAYALI
2019-01-21,0.868948641659483,1.8454858712931483,naive,UCAYALI
2019-01-28,1.2165280983232762,1.8454858712931483,naive,UCAYALI
2019-02-04,1.3903178266551732,1.8454858712931483,naive,UCAYALI
2019-02-11,1.737897283318966,1.3903178266551732,naive,UCAYALI
2019-02-18,2.1849013965562807,1.3903178266551732,naive,UCAYALI
2019-02-25,2.532480853220074,1.3903178266551732,naive,UCAYALI
2019-03-04,2.1849013965562807,1.3903178266551732,naive,UCAYALI
2019-03-11,1.2165280983232762,2.1849013965562807,naive,UCAYALI
2019-03-18,1.6635322115605906,2.1849013965562807,naive,UCAYALI
2019-03-25,1.8373219398924876,2.1849013965562807,naive,UCAYALI
2019-04-01,2.532480853220074,2.1849013965562807,naive,UCAYALI
2019-04-08,2.433056196646553,2.5324808532200747,naive,UCAYALI
2019-04-15,2.954425381642243,2.5324808532200747,naive,UCAYALI
2019-04-22,3.227639766547661,2.5324808532200747,naive,UCAYALI
2019-04-29,2.532480853220074,2.5324808532200747,naive,UCAYALI
2019-05-06,2.3586911248881774,2.5324808532200747,naive,UCAYALI
2019-05-13,1.5641075549870695,2.5324808532200747,naive,UCAYALI
2019-05-20,2.259266468314656,2.5324808532200747,naive,UCAYALI
2019-05-27,2.433056196646553,2.5324808532200747,naive,UCAYALI
2019-06-03,2.7806356533103465,2.4330561966465534,naive,UCAYALI
2019-06-10,2.433056196646553,2.4330561966465534,naive,UCAYALI
2019-06-17,2.08547673998276,2.4330561966465534,naive,UCAYALI
2019-06-24,1.911687011650863,2.4330561966465534,naive,UCAYALI
2019-07-01,1.737897283318966,1.9116870116508626,naive,UCAYALI
2019-07-08,1.2165280983232762,1.9116870116508626,naive,UCAYALI
2019-07-15,1.0427383699913797,1.9116870116508626,naive,UCAYALI
2019-07-22,1.0427383699913797,1.9116870116508626,naive,UCAYALI
2019-07-29,1.2165280983232762,1.0427383699913797,naive,UCAYALI
2019-08-05,1.0427383699913797,1.0427383699913797,naive,UCAYALI
2019-08-12,0.8689486416594829,1.0427383699913797,naive,UCAYALI
2019-08-19,1.6635322115605906,1.0427383699913797,naive,UCAYALI
2019-08-26,1.8373219398924874,1.6635322115605908,naive,UCAYALI
2019-09-02,1.489742483228694,1.6635322115605908,naive,UCAYALI
2019-09-09,0.5213691849956895,1.6635322115605908,naive,UCAYALI
2019-09-16,0.5213691849956895,1.6635322115605908,naive,UCAYALI
2019-09-23,0.5213691849956895,0.5213691849956894,naive,UCAYALI
2019-09-30,0.6951589133275862,0.5213691849956894,naive,UCAYALI
2019-10-07,0.34757945666379286,0.5213691849956894,naive,UCAYALI
2019-10-14,0.5213691849956895,0.5213691849956894,naive,UCAYALI
2019-10-21,0.6951589133275862,0.5213691849956894,naive,UCAYALI
2019-10-28,0.8689486416594829,0.5213691849956894,naive,UCAYALI
2019-11-04,0.6951589133275863,0.5213691849956894,naive,UCAYALI
2019-11-11,0.3475794566637929,0.5213691849956894,naive,UCAYALI
2019-11-18,0.6951589133275863,0.3475794566637929,naive,UCAYALI
2019-11-25,1.0427383699913797,0.3475794566637929,naive,UCAYALI
2019-12-02,1.2165280983232762,0.3475794566637929,naive,UCAYALI
2019-12-09,0.6951589133275863,0.3475794566637929,naive,UCAYALI
2019-12-16,1.0427383699913797,0.6951589133275864,naive,UCAYALI
2019-12-23,1.2165280983232762,0.6951589133275864,naive,UCAYALI
2019-12-30,1.5641075549870695,0.6951589133275864,naive,UCAYALI
2020-01-06,0.8689486416594828,0.6951589133275864,naive,UCAYALI
2020-01-13,0.5174703697085268,0.8689486416594827,naive,UCAYALI
2020-01-20,0.8494545652236694,0.8689486416594827,naive,UCAYALI
2020-01-27,1.529018217402605,0.8689486416594827,naive,UCAYALI
2020-02-03,1.698909130447339,0.8689486416594827,naive,UCAYALI
2020-02-10,1.359127304357871,1.6989091304473387,naive,UCAYALI
2020-02-17,0.8494545652236692,1.6989091304473387,naive,UCAYALI
2020-02-24,0.6795636521789352,1.6989091304473387,naive,UCAYALI
2020-03-02,0.33978182608946733,1.6989091304473387,naive,UCAYALI
2020-03-09,0.33978182608946733,0.33978182608946733,naive,UCAYALI
2020-03-16,0.33978182608946733,0.33978182608946733,naive,UCAYALI
2020-03-23,0.8494545652236694,0.33978182608946733,naive,UCAYALI
2020-03-30,0.8494545652236692,0.33978182608946733,naive,UCAYALI
2020-04-06,1.0193454782684033,0.8494545652236691,naive,UCAYALI
2020-04-13,0.8494545652236692,0.8494545652236691,naive,UCAYALI
2020-04-20,0.8494545652236692,0.8494545652236691,naive,UCAYALI
2020-04-27,0.5096727391342014,0.8494545652236691,naive,UCAYALI
2020-05-04,0.16989091304473344,0.5096727391342015,naive,UCAYALI
2020-05-11,0.0,0.5096727391342015,naive,UCAYALI
2020-05-18,0.0,0.5096727391342015,naive,UCAYALI
2020-05-25,0.16989091304473344,0.5096727391342015,naive,UCAYALI
2020-06-01,0.5096727391342014,0.16989091304473342,naive,UCAYALI
2020-06-08,0.6795636521789352,0.16989091304473342,naive,UCAYALI
2020-06-15,1.0193454782684033,0.16989091304473342,naive,UCAYALI
2020-06-22,0.8494545652236694,0.16989091304473342,naive,UCAYALI
2020-06-29,0.6795636521789353,0.8494545652236694,naive,UCAYALI
2020-07-06,0.8494545652236692,0.8494545652236694,naive,UCAYALI
2020-07-13,1.1892363913131372,0.8494545652236694,naive,UCAYALI
2020-07-20,1.6989091304473394,0.8494545652236694,naive,UCAYALI
2020-07-27,1.0193454782684033,1.6989091304473392,naive,UCAYALI
2020-08-03,1.6518357656991025,1.6989091304473392,naive,UCAYALI
2020-08-10,1.4819448526543686,1.6989091304473392,naive,UCAYALI
2020-08-17,1.4819448526543686,1.6989091304473392,naive,UCAYALI
2020-08-24,0.6795636521789352,1.4819448526543684,naive,UCAYALI
2020-08-31,0.33978182608946733,1.4819448526543684,naive,UCAYALI
2020-09-07,0.5096727391342012,1.4819448526543684,naive,UCAYALI
2020-09-14,0.5096727391342013,1.4819448526543684,naive,UCAYALI
2020-09-21,1.0193454782684033,0.5096727391342013,naive,UCAYALI
2020-09-28,1.529018217402605,0.5096727391342013,naive,UCAYALI
2020-10-05,1.359127304357871,0.5096727391342013,naive,UCAYALI
2020-10-12,1.529018217402605,0.5096727391342013,naive,UCAYALI
2020-10-19,1.3591273043578713,1.529018217402605,naive,UCAYALI
2020-10-26,1.868800043492073,1.529018217402605,naive,UCAYALI
2020-11-02,1.529018217402605,1.529018217402605,naive,UCAYALI
2020-11-09,1.019345478268403,1.529018217402605,naive,UCAYALI
2020-11-16,0.6795636521789352,1.019345478268403,naive,UCAYALI
2020-11-23,0.33978182608946733,1.019345478268403,naive,UCAYALI
2020-11-30,0.6795636521789352,1.019345478268403,naive,UCAYALI
2020-12-07,1.019345478268403,1.019345478268403,naive,UCAYALI
2020-12-14,1.0193454782684033,1.019345478268403,naive,UCAYALI
2020-12-21,1.5290182174026052,1.019345478268403,naive,UCAYALI
2020-12-28,1.3591273043578713,1.019345478268403,naive,UCAYALI
2021-01-04,1.5252904965521894,1.019345478268403,naive,UCAYALI
2021-01-11,1.174325507911473,1.5252904965521892,naive,UCAYALI
2021-01-18,0.8308159609715888,1.5252904965521892,naive,UCAYALI
2021-01-25,0.664652768777271,1.5252904965521892,naive,UCAYALI
2021-02-01,0.664652768777271,1.5252904965521892,naive,UCAYALI
2021-02-08,0.9969791531659068,0.664652768777271,naive,UCAYALI
2021-02-15,1.3293055375545426,0.664652768777271,naive,UCAYALI
2021-02-22,1.1631423453602245,0.664652768777271,naive,UCAYALI
2021-03-01,1.1631423453602245,0.664652768777271,naive,UCAYALI
2021-03-08,0.9969791531659068,1.1631423453602245,naive,UCAYALI
2021-03-15,1.1631423453602245,1.1631423453602245,naive,UCAYALI
2021-03-22,0.6646527687772709,1.1631423453602245,naive,UCAYALI
2021-03-29,0.8308159609715888,1.1631423453602245,naive,UCAYALI
2021-04-05,0.3323263843886352,0.8308159609715888,naive,UCAYALI
2021-04-12,0.8308159609715888,0.8308159609715888,naive,UCAYALI
2021-04-19,0.664652768777271,0.8308159609715888,naive,UCAYALI
2021-04-26,0.8308159609715888,0.8308159609715888,naive,UCAYALI
2021-05-03,0.664652768777271,0.8308159609715888,naive,UCAYALI
2021-05-10,0.8308159609715888,0.8308159609715888,naive,UCAYALI
2021-05-17,1.806815795342172,0.8308159609715888,naive,UCAYALI
2021-05-24,1.97297898753649,0.8308159609715888,naive,UCAYALI
2021-05-31,1.8068157953421717,1.9729789875364903,naive,UCAYALI
2021-06-07,0.6646527687772709,1.9729789875364903,naive,UCAYALI
2021-06-14,0.49848957658295295,1.9729789875364903,naive,UCAYALI
2021-06-21,0.49848957658295295,1.9729789875364903,naive,UCAYALI
2021-06-28,0.49848957658295295,0.49848957658295295,naive,UCAYALI
2021-07-05,0.16616319219431716,0.49848957658295295,naive,UCAYALI
2021-07-12,0.16616319219431716,0.49848957658295295,naive,UCAYALI
2021-07-19,0.49848957658295295,0.49848957658295295,naive,UCAYALI
2021-07-26,0.49848957658295295,0.49848957658295295,naive,UCAYALI
2021-08-02,0.49848957658295295,0.49848957658295295,naive,UCAYALI
2021-08-09,0.49848957658295295,0.49848957658295295,naive,UCAYALI
2021-08-16,0.6646527687772709,0.49848957658295295,naive,UCAYALI
2021-08-23,0.6646527687772709,0.6646527687772708,naive,UCAYALI
2021-08-30,0.4984895765829537,0.6646527687772708,naive,UCAYALI
2021-09-06,0.6646527687772709,0.6646527687772708,naive,UCAYALI
2021-09-13,0.9969791531659066,0.6646527687772708,naive,UCAYALI
2021-09-20,1.1631423453602243,0.9969791531659065,naive,UCAYALI
2021-09-27,0.8308159609715887,0.9969791531659065,naive,UCAYALI
2021-10-04,0.49848957658295295,0.9969791531659065,naive,UCAYALI
2021-10-11,0.6646527687772708,0.9969791531659065,naive,UCAYALI
2021-10-18,1.3293055375545422,0.6646527687772708,naive,UCAYALI
2021-10-25,1.1631423453602245,0.6646527687772708,naive,UCAYALI
2021-11-01,1.806815795342172,0.6646527687772708,naive,UCAYALI
2021-11-08,1.1421630265649003,0.6646527687772708,naive,UCAYALI
2021-11-15,1.806815795342172,1.1421630265649005,naive,UCAYALI
2021-11-22,0.8308159609715887,1.1421630265649005,naive,UCAYALI
2021-11-29,1.1631423453602245,1.1421630265649005,naive,UCAYALI
2021-12-06,0.49848957658295295,1.1421630265649005,naive,UCAYALI
2021-12-13,0.8308159609715887,0.49848957658295295,naive,UCAYALI
2021-12-20,0.6646527687772709,0.49848957658295295,naive,UCAYALI
2021-12-27,1.6616319219431783,0.49848957658295295,naive,UCAYALI
2022-01-03,2.3013093112022074,0.49848957658295295,naive,UCAYALI
2022-01-10,2.9481225231807353,2.3013093112022074,naive,UCAYALI
2022-01-17,2.764119774187673,2.3013093112022074,naive,UCAYALI
2022-01-24,2.113738650849397,2.3013093112022074,naive,UCAYALI
2022-01-31,1.788548089180259,2.3013093112022074,naive,UCAYALI
2022-02-07,1.1381669658419826,1.7885480891802592,naive,UCAYALI
2022-02-14,0.8129764041728446,1.7885480891802592,naive,UCAYALI
2022-02-21,0.6503811233382756,1.7885480891802592,naive,UCAYALI
2022-02-28,0.6503811233382756,1.7885480891802592,naive,UCAYALI
2022-03-07,0.8129764041728448,0.6503811233382757,naive,UCAYALI
2022-03-14,0.6503811233382756,0.6503811233382757,naive,UCAYALI
2022-03-21,0.8129764041728448,0.6503811233382757,naive,UCAYALI
2022-03-28,0.8129764041728446,0.6503811233382757,naive,UCAYALI
2022-04-04,0.8129764041728446,0.8129764041728447,naive,UCAYALI
2022-04-11,0.9755716850074135,0.8129764041728447,naive,UCAYALI
2022-04-18,0.8129764041728446,0.8129764041728447,naive,UCAYALI
2022-04-25,0.6503811233382755,0.8129764041728447,naive,UCAYALI
2022-05-02,0.4877858425037065,0.6503811233382755,naive,UCAYALI
2022-05-09,0.4877858425037065,0.6503811233382755,naive,UCAYALI
2022-05-16,0.4877858425037065,0.6503811233382755,naive,UCAYALI
2022-05-23,0.3251905616691374,0.6503811233382755,naive,UCAYALI
2022-05-30,0.6503811233382755,0.32519056166913735,naive,UCAYALI
2022-06-06,0.6503811233382755,0.32519056166913735,naive,UCAYALI
2022-06-13,0.8129764041728446,0.32519056166913735,naive,UCAYALI
2022-06-20,0.6503811233382756,0.32519056166913735,naive,UCAYALI
2022-06-27,0.8129764041728446,0.6503811233382757,naive,UCAYALI
2022-07-04,0.6503811233382756,0.6503811233382757,naive,UCAYALI
2022-07-11,0.4877858425037072,0.6503811233382757,naive,UCAYALI
2022-07-18,0.4877858425037072,0.6503811233382757,naive,UCAYALI
2022-07-25,0.3251905616691374,0.48778584250370716,naive,UCAYALI
2022-08-01,0.3251905616691374,0.48778584250370716,naive,UCAYALI
2022-08-08,0.16259528083456834,0.48778584250370716,naive,UCAYALI
2022-08-15,0.16259528083456834,0.48778584250370716,naive,UCAYALI
2022-08-22,0.3251905616691374,0.16259528083456834,naive,UCAYALI
2022-08-29,0.6503811233382756,0.16259528083456834,naive,UCAYALI
2022-09-05,0.6503811233382756,0.16259528083456834,naive,UCAYALI
2022-09-12,0.3251905616691374,0.16259528083456834,naive,UCAYALI
2022-09-19,0.0,0.32519056166913735,naive,UCAYALI
2022-09-26,0.0,0.32519056166913735,naive,UCAYALI
2022-10-03,0.3251905616691374,0.32519056166913735,naive,UCAYALI
2022-10-10,0.3251905616691374,0.32519056166913735,naive,UCAYALI
2022-10-17,0.3251905616691374,0.32519056166913735,naive,UCAYALI
2022-10-24,0.16259528083456834,0.32519056166913735,naive,UCAYALI
2022-10-31,0.8129764041728446,0.32519056166913735,naive,UCAYALI
2022-11-07,0.8129764041728446,0.32519056166913735,naive,UCAYALI
2022-11-14,0.6503811233382756,0.8129764041728447,naive,UCAYALI
2022-11-21,0.16259528083456834,0.8129764041728447,naive,UCAYALI
2022-11-28,0.4877858425037065,0.8129764041728447,naive,UCAYALI
2022-12-05,0.8129764041728446,0.8129764041728447,naive,UCAYALI
2010-12-27,0.0,0.0,seasonal_naive,UCAYALI
2011-01-03,0.6264434300701199,0.0,seasonal_naive,UCAYALI
2011-01-10,0.6264434300701199,0.21403651462939585,seasonal_naive,UCAYALI
2011-01-17,0.8352579067601599,0.42807302925879154,seasonal_naive,UCAYALI
2011-01-24,0.20881447669004005,0.42807302925879154,seasonal_naive,UCAYALI
2011-01-31,0.20881447669004005,0.21403651462939585,seasonal_naive,UCAYALI
2011-02-07,0.0,0.0,seasonal_naive,UCAYALI
2011-02-14,0.0,0.6421095438881874,seasonal_naive,UCAYALI
2011-02-21,0.0,1.2842190877763748,seasonal_naive,UCAYALI
2011-02-28,0.20881447669004005,1.4982556024057705,seasonal_naive,UCAYALI
2011-03-07,1.0440723834502,0.8561460585175831,seasonal_naive,UCAYALI
2011-03-14,1.4617013368302798,0.21403651462939585,seasonal_naive,UCAYALI
2011-03-21,1.2528868601402399,0.21403651462939585,seasonal_naive,UCAYALI
2011-03-28,0.8352579067601599,0.21403651462939585,seasonal_naive,UCAYALI
2011-04-04,0.8352579067601599,0.21403651462939585,seasonal_naive,UCAYALI
2011-04-11,1.8793302902103595,0.0,seasonal_naive,UCAYALI
2011-04-18,1.6705158135203195,0.0,seasonal_naive,UCAYALI
2011-04-25,1.4617013368302798,0.0,seasonal_naive,UCAYALI
2011-05-02,0.41762895338007994,0.0,seasonal_naive,UCAYALI
2011-05-09,0.20881447669003997,0.0,seasonal_naive,UCAYALI
2011-05-16,0.41762895338007994,0.0,seasonal_naive,UCAYALI
2011-05-23,0.41762895338007994,0.0,seasonal_naive,UCAYALI
2011-05-30,0.6264434300701199,0.0,seasonal_naive,UCAYALI
2011-06-06,0.20881447669003997,0.0,seasonal_naive,UCAYALI
2011-06-13,1.0440723834502,0.21403651462939585,seasonal_naive,UCAYALI
2011-06-20,0.8352579067601599,0.42807302925879154,seasonal_naive,UCAYALI
2011-06-27,1.2528868601402399,0.42807302925879154,seasonal_naive,UCAYALI
2011-07-04,0.41762895338007994,0.21403651462939585,seasonal_naive,UCAYALI
2011-07-11,0.41762895338007994,0.0,seasonal_naive,UCAYALI
2011-07-18,0.20881447669003997,0.0,seasonal_naive,UCAYALI
2011-07-25,0.41762895338007994,0.0,seasonal_naive,UCAYALI
2011-08-01,1.0440723834501997,0.42807302925879154,seasonal_naive,UCAYALI
2011-08-08,0.8352579067601598,0.6421095438881874,seasonal_naive,UCAYALI
2011-08-15,1.0440723834501997,0.6421095438881874,seasonal_naive,UCAYALI
2011-08-22,0.41762895338007994,0.21403651462939585,seasonal_naive,UCAYALI
2011-08-29,0.6264434300701199,0.0,seasonal_naive,UCAYALI
2011-09-05,0.20881447669003997,0.21403651462939585,seasonal_naive,UCAYALI
2011-09-12,0.41762895338007994,0.6421095438881874,seasonal_naive,UCAYALI
2011-09-19,0.20881447669003997,1.0701825731469792,seasonal_naive,UCAYALI
2011-09-26,0.41762895338007994,1.0701825731469792,seasonal_naive,UCAYALI
2011-10-03,0.20881447669003997,0.8561460585175833,seasonal_naive,UCAYALI
2011-10-10,0.20881447669003997,0.6421095438881874,seasonal_naive,UCAYALI
2011-10-17,0.0,0.42807302925879154,seasonal_naive,UCAYALI
2011-10-24,0.20881447669003997,0.42807302925879154,seasonal_naive,UCAYALI
2011-10-31,0.41762895338007994,0.42807302925879154,seasonal_naive,UCAYALI
2011-11-07,1.2528868601402399,0.42807302925879154,seasonal_naive,UCAYALI
2011-11-14,1.0440723834502,0.21403651462939585,seasonal_naive,UCAYALI
2011-11-21,0.8352579067601601,0.0,seasonal_naive,UCAYALI
2011-11-28,0.8352579067601599,0.0,seasonal_naive,UCAYALI
2011-12-05,1.4617013368302798,0.0,seasonal_naive,UCAYALI
2011-12-12,2.2969592435904396,0.0,seasonal_naive,UCAYALI
2011-12-19,1.6705158135203195,0.0,seasonal_naive,UCAYALI
2011-12-26,1.0440723834502,0.0,seasonal_naive,UCAYALI
2012-01-02,0.20881447669003997,0.62644343007012,seasonal_naive,UCAYALI
2012-01-09,0.6115235497719017,0.62644343007012,seasonal_naive,UCAYALI
2012-01-16,1.2230470995438034,0.83525790676016,seasonal_naive,UCAYALI
2012-01-23,1.8345706493157052,0.2088144766900401,seasonal_naive,UCAYALI
2012-01-30,1.2230470995438034,0.2088144766900401,seasonal_naive,UCAYALI
2012-02-06,1.0192059162865028,0.0,seasonal_naive,UCAYALI
2012-02-13,0.40768236651460116,0.0,seasonal_naive,UCAYALI
2012-02-20,1.2230470995438034,0.0,seasonal_naive,UCAYALI
2012-02-27,1.0192059162865028,0.2088144766900401,seasonal_naive,UCAYALI
2012-03-05,1.2230470995438036,1.0440723834502,seasonal_naive,UCAYALI
2012-03-12,1.0192059162865028,1.4617013368302798,seasonal_naive,UCAYALI
2012-03-19,0.8153647330292023,1.2528868601402396,seasonal_naive,UCAYALI
2012-03-26,0.6115235497719017,0.83525790676016,seasonal_naive,UCAYALI
2012-04-02,0.40768236651460116,0.83525790676016,seasonal_naive,UCAYALI
2012-04-09,0.40768236651460116,1.8793302902103592,seasonal_naive,UCAYALI
2012-04-16,0.40768236651460116,1.6705158135203195,seasonal_naive,UCAYALI
2012-04-23,0.0,1.4617013368302798,seasonal_naive,UCAYALI
2012-04-30,0.0,0.41762895338008,seasonal_naive,UCAYALI
2012-05-07,0.0,0.20881447669003997,seasonal_naive,UCAYALI
2012-05-14,0.0,0.41762895338008,seasonal_naive,UCAYALI
2012-05-21,0.0,0.41762895338008,seasonal_naive,UCAYALI
2012-05-28,0.0,0.62644343007012,seasonal_naive,UCAYALI
2012-06-04,0.6115235497719017,0.20881447669003997,seasonal_naive,UCAYALI
2012-06-11,0.6115235497719017,1.0440723834502,seasonal_naive,UCAYALI
2012-06-18,0.8153647330292023,0.83525790676016,seasonal_naive,UCAYALI
2012-06-25,0.20384118325730058,1.2528868601402396,seasonal_naive,UCAYALI
2012-07-02,0.40768236651460116,0.41762895338008,seasonal_naive,UCAYALI
2012-07-09,0.40768236651460116,0.41762895338008,seasonal_naive,UCAYALI
2012-07-16,1.5498453930795024,0.20881447669003997,seasonal_naive,UCAYALI
2012-07-23,1.753686576336803,0.41762895338008,seasonal_naive,UCAYALI
2012-07-30,2.161368942851404,1.0440723834501995,seasonal_naive,UCAYALI
2012-08-06,1.0192059162865028,0.8352579067601598,seasonal_naive,UCAYALI
2012-08-13,1.0192059162865028,1.0440723834501995,seasonal_naive,UCAYALI
2012-08-20,1.0192059162865028,0.41762895338008,seasonal_naive,UCAYALI
2012-08-27,1.2230470995438034,0.62644343007012,seasonal_naive,UCAYALI
2012-09-03,0.8153647330292024,0.20881447669003997,seasonal_naive,UCAYALI
2012-09-10,0.6115235497719017,0.41762895338008,seasonal_naive,UCAYALI
2012-09-17,0.40768236651460105,0.20881447669003997,seasonal_naive,UCAYALI
2012-09-24,0.40768236651460105,0.41762895338008,seasonal_naive,UCAYALI
2012-10-01,0.0,0.20881447669003997,seasonal_naive,UCAYALI
2012-10-08,0.0,0.20881447669003997,seasonal_naive,UCAYALI
2012-10-15,0.0,0.0,seasonal_naive,UCAYALI
2012-10-22,0.0,0.20881447669003997,seasonal_naive,UCAYALI
2012-10-29,0.0,0.41762895338008,seasonal_naive,UCAYALI
2012-11-05,0.0,1.2528868601402396,seasonal_naive,UCAYALI
2012-11-12,0.20384118325730058,1.0440723834502,seasonal_naive,UCAYALI
2012-11-19,0.40768236651460116,0.83525790676016,seasonal_naive,UCAYALI
2012-11-26,0.40768236651460116,0.83525790676016,seasonal_naive,UCAYALI
2012-12-03,0.20384118325730058,1.4617013368302798,seasonal_naive,UCAYALI
2012-12-10,0.0,2.2969592435904396,seasonal_naive,UCAYALI
2012-12-17,0.0,1.6705158135203195,seasonal_naive,UCAYALI
2012-12-24,0.0,1.0440723834502,seasonal_naive,UCAYALI
2012-12-31,0.0,0.20881447669003997,seasonal_naive,UCAYALI
2013-01-07,0.0,0.6115235497719018,seasonal_naive,UCAYALI
2013-01-14,0.19909927488044088,1.2230470995438032,seasonal_naive,UCAYALI
2013-01-21,0.5972978246413226,1.8345706493157055,seasonal_naive,UCAYALI
2013-01-28,0.5972978246413226,1.2230470995438032,seasonal_naive,UCAYALI
2013-02-04,0.5972978246413225,1.019205916286503,seasonal_naive,UCAYALI
2013-02-11,0.39819854976088176,0.40768236651460116,seasonal_naive,UCAYALI
2013-02-18,0.5972978246413226,1.2230470995438032,seasonal_naive,UCAYALI
2013-02-25,0.5972978246413226,1.019205916286503,seasonal_naive,UCAYALI
2013-03-04,0.7963970995217635,1.2230470995438036,seasonal_naive,UCAYALI
2013-03-11,0.5972978246413226,1.019205916286503,seasonal_naive,UCAYALI
2013-03-18,0.39819854976088176,0.8153647330292022,seasonal_naive,UCAYALI
2013-03-25,0.19909927488044088,0.6115235497719018,seasonal_naive,UCAYALI
2013-04-01,0.39819854976088176,0.40768236651460116,seasonal_naive,UCAYALI
2013-04-08,0.39819854976088176,0.40768236651460116,seasonal_naive,UCAYALI
2013-04-15,0.19909927488044088,0.40768236651460116,seasonal_naive,UCAYALI
2013-04-22,0.0,0.0,seasonal_naive,UCAYALI
2013-04-29,0.0,0.0,seasonal_naive,UCAYALI
2013-05-06,0.5972978246413226,0.0,seasonal_naive,UCAYALI
2013-05-13,0.5972978246413226,0.0,seasonal_naive,UCAYALI
2013-05-20,0.7963970995217635,0.0,seasonal_naive,UCAYALI
2013-05-27,0.39819854976088176,0.0,seasonal_naive,UCAYALI
2013-06-03,0.5972978246413226,0.6115235497719018,seasonal_naive,UCAYALI
2013-06-10,0.7963970995217635,0.6115235497719018,seasonal_naive,UCAYALI
2013-06-17,0.7963970995217635,0.8153647330292022,seasonal_naive,UCAYALI
2013-06-24,0.5972978246413226,0.20384118325730058,seasonal_naive,UCAYALI
2013-07-01,0.9954963744022044,0.40768236651460116,seasonal_naive,UCAYALI
2013-07-08,0.9954963744022044,0.40768236651460116,seasonal_naive,UCAYALI
2013-07-15,1.592794199043527,1.5498453930795022,seasonal_naive,UCAYALI
2013-07-22,0.7963970995217635,1.7536865763368032,seasonal_naive,UCAYALI
2013-07-29,1.1945956492826453,2.1613689428514036,seasonal_naive,UCAYALI
2013-08-05,0.7963970995217635,1.019205916286503,seasonal_naive,UCAYALI
2013-08-12,0.7963970995217635,1.019205916286503,seasonal_naive,UCAYALI
2013-08-19,0.5972978246413226,1.019205916286503,seasonal_naive,UCAYALI
2013-08-26,0.3981985497608817,1.2230470995438032,seasonal_naive,UCAYALI
2013-09-02,0.7963970995217634,0.8153647330292024,seasonal_naive,UCAYALI
2013-09-09,0.5972978246413226,0.6115235497719018,seasonal_naive,UCAYALI
2013-09-16,1.1945956492826453,0.4076823665146011,seasonal_naive,UCAYALI
2013-09-23,0.9954963744022042,0.4076823665146011,seasonal_naive,UCAYALI
2013-09-30,1.1945956492826453,0.0,seasonal_naive,UCAYALI
2013-10-07,0.5972978246413226,0.0,seasonal_naive,UCAYALI
2013-10-14,0.5972978246413226,0.0,seasonal_naive,UCAYALI
2013-10-21,0.39819854976088176,0.0,seasonal_naive,UCAYALI
2013-10-28,0.39819854976088176,0.0,seasonal_naive,UCAYALI
2013-11-04,0.39819854976088176,0.0,seasonal_naive,UCAYALI
2013-11-11,0.19909927488044088,0.20384118325730058,seasonal_naive,UCAYALI
2013-11-18,0.19909927488044088,0.40768236651460116,seasonal_naive,UCAYALI
2013-11-25,0.19909927488044088,0.40768236651460116,seasonal_naive,UCAYALI
2013-12-02,0.5972978246413226,0.20384118325730058,seasonal_naive,UCAYALI
2013-12-09,0.5972978246413226,0.0,seasonal_naive,UCAYALI
2013-12-16,0.3981985497608817,0.0,seasonal_naive,UCAYALI
2013-12-23,0.0,0.0,seasonal_naive,UCAYALI
2013-12-30,0.0,0.0,seasonal_naive,UCAYALI
2014-01-06,0.19457297070120205,0.0,seasonal_naive,UCAYALI
2014-01-13,0.19457297070120205,0.19909927488044085,seasonal_naive,UCAYALI
2014-01-20,0.19457297070120205,0.5972978246413225,seasonal_naive,UCAYALI
2014-01-27,0.0,0.5972978246413225,seasonal_naive,UCAYALI
2014-02-03,0.0,0.5972978246413225,seasonal_naive,UCAYALI
2014-02-10,0.0,0.39819854976088176,seasonal_naive,UCAYALI
2014-02-17,0.0,0.5972978246413225,seasonal_naive,UCAYALI
2014-02-24,0.0,0.5972978246413225,seasonal_naive,UCAYALI
2014-03-03,0.0,0.7963970995217635,seasonal_naive,UCAYALI
2014-03-10,0.0,0.5972978246413225,seasonal_naive,UCAYALI
2014-03-17,0.19457297070120205,0.39819854976088176,seasonal_naive,UCAYALI
2014-03-24,0.19457297070120205,0.19909927488044085,seasonal_naive,UCAYALI
2014-03-31,0.19457297070120205,0.39819854976088176,seasonal_naive,UCAYALI
2014-04-07,0.19457297070120205,0.39819854976088176,seasonal_naive,UCAYALI
2014-04-14,0.3891459414024041,0.19909927488044085,seasonal_naive,UCAYALI
2014-04-21,0.5837189121036062,0.0,seasonal_naive,UCAYALI
2014-04-28,0.3891459414024041,0.0,seasonal_naive,UCAYALI
2014-05-05,0.19457297070120205,0.5972978246413225,seasonal_naive,UCAYALI
2014-05-12,0.0,0.5972978246413225,seasonal_naive,UCAYALI
2014-05-19,0.0,0.7963970995217635,seasonal_naive,UCAYALI
2014-05-26,0.3891459414024041,0.39819854976088176,seasonal_naive,UCAYALI
2014-06-02,0.3891459414024041,0.5972978246413225,seasonal_naive,UCAYALI
2014-06-09,0.3891459414024041,0.7963970995217635,seasonal_naive,UCAYALI
2014-06-16,0.0,0.7963970995217635,seasonal_naive,UCAYALI
2014-06-23,0.0,0.5972978246413225,seasonal_naive,UCAYALI
2014-06-30,0.0,0.9954963744022043,seasonal_naive,UCAYALI
2014-07-07,0.0,0.9954963744022043,seasonal_naive,UCAYALI
2014-07-14,0.19457297070120205,1.592794199043527,seasonal_naive,UCAYALI
2014-07-21,0.19457297070120205,0.7963970995217635,seasonal_naive,UCAYALI
2014-07-28,0.5837189121036062,1.194595649282645,seasonal_naive,UCAYALI
2014-08-04,0.5837189121036062,0.7963970995217635,seasonal_naive,UCAYALI
2014-08-11,0.5837189121036062,0.7963970995217635,seasonal_naive,UCAYALI
2014-08-18,0.3891459414024041,0.5972978246413225,seasonal_naive,UCAYALI
2014-08-25,0.3891459414024041,0.3981985497608817,seasonal_naive,UCAYALI
2014-09-01,0.5837189121036062,0.7963970995217633,seasonal_naive,UCAYALI
2014-09-08,0.3891459414024041,0.5972978246413225,seasonal_naive,UCAYALI
2014-09-15,0.19457297070120205,1.194595649282645,seasonal_naive,UCAYALI
2014-09-22,0.0,0.9954963744022043,seasonal_naive,UCAYALI
2014-09-29,0.0,1.194595649282645,seasonal_naive,UCAYALI
2014-10-06,0.19457297070120205,0.5972978246413225,seasonal_naive,UCAYALI
2014-10-13,0.19457297070120205,0.5972978246413225,seasonal_naive,UCAYALI
2014-10-20,0.19457297070120205,0.39819854976088176,seasonal_naive,UCAYALI
2014-10-27,0.0,0.39819854976088176,seasonal_naive,UCAYALI
2014-11-03,0.0,0.39819854976088176,seasonal_naive,UCAYALI
2014-11-10,0.0,0.19909927488044085,seasonal_naive,UCAYALI
2014-11-17,0.0,0.19909927488044085,seasonal_naive,UCAYALI
2014-11-24,0.0,0.19909927488044085,seasonal_naive,UCAYALI
2014-12-01,0.19457297070120205,0.5972978246413225,seasonal_naive,UCAYALI
2014-12-08,0.3891459414024041,0.5972978246413225,seasonal_naive,UCAYALI
2014-12-15,0.3891459414024041,0.3981985497608817,seasonal_naive,UCAYALI
2014-12-22,0.19457297070120205,0.0,seasonal_naive,UCAYALI
2014-12-29,0.0,0.0,seasonal_naive,UCAYALI
2015-01-05,0.19024789300458497,0.19457297070120208,seasonal_naive,UCAYALI
2015-01-12,0.19024789300458497,0.19457297070120208,seasonal_naive,UCAYALI
2015-01-19,0.5707436790137549,0.19457297070120208,seasonal_naive,UCAYALI
2015-01-26,0.38049578600916995,0.0,seasonal_naive,UCAYALI
2015-02-02,0.38049578600916983,0.0,seasonal_naive,UCAYALI
2015-02-09,0.0,0.0,seasonal_naive,UCAYALI
2015-02-16,0.0,0.0,seasonal_naive,UCAYALI
2015-02-23,0.19024789300458497,0.0,seasonal_naive,UCAYALI
2015-03-02,0.19024789300458497,0.0,seasonal_naive,UCAYALI
2015-03-09,0.19024789300458497,0.0,seasonal_naive,UCAYALI
2015-03-16,0.0,0.19457297070120208,seasonal_naive,UCAYALI
2015-03-23,0.19024789300458497,0.19457297070120208,seasonal_naive,UCAYALI
2015-03-30,0.38049578600916995,0.19457297070120208,seasonal_naive,UCAYALI
2015-04-06,0.5707436790137549,0.19457297070120208,seasonal_naive,UCAYALI
2015-04-13,0.7609915720183399,0.3891459414024041,seasonal_naive,UCAYALI
2015-04-20,0.5707436790137549,0.5837189121036062,seasonal_naive,UCAYALI
2015-04-27,0.38049578600916983,0.3891459414024041,seasonal_naive,UCAYALI
2015-05-04,0.0,0.19457297070120208,seasonal_naive,UCAYALI
2015-05-11,0.19024789300458497,0.0,seasonal_naive,UCAYALI
2015-05-18,0.19024789300458497,0.0,seasonal_naive,UCAYALI
2015-05-25,0.38049578600916995,0.3891459414024041,seasonal_naive,UCAYALI
2015-06-01,0.19024789300458497,0.3891459414024041,seasonal_naive,UCAYALI
2015-06-08,0.38049578600916995,0.3891459414024041,seasonal_naive,UCAYALI
2015-06-15,0.5707436790137549,0.0,seasonal_naive,UCAYALI
2015-06-22,0.5707436790137549,0.0,seasonal_naive,UCAYALI
2015-06-29,0.38049578600916983,0.0,seasonal_naive,UCAYALI
2015-07-06,0.19024789300458497,0.0,seasonal_naive,UCAYALI
2015-07-13,0.5707436790137549,0.19457297070120208,seasonal_naive,UCAYALI
2015-07-20,0.7609915720183399,0.19457297070120208,seasonal_naive,UCAYALI
2015-07-27,0.5707436790137549,0.5837189121036062,seasonal_naive,UCAYALI
2015-08-03,0.1902478930045849,0.5837189121036062,seasonal_naive,UCAYALI
2015-08-10,0.0,0.5837189121036062,seasonal_naive,UCAYALI
2015-08-17,0.0,0.3891459414024041,seasonal_naive,UCAYALI
2015-08-24,0.38049578600916983,0.3891459414024041,seasonal_naive,UCAYALI
2015-08-31,0.38049578600916983,0.5837189121036062,seasonal_naive,UCAYALI
2015-09-07,0.38049578600916983,0.3891459414024041,seasonal_naive,UCAYALI
2015-09-14,0.0,0.19457297070120208,seasonal_naive,UCAYALI
2015-09-21,0.0,0.0,seasonal_naive,UCAYALI
2015-09-28,0.0,0.0,seasonal_naive,UCAYALI
2015-10-05,0.0,0.19457297070120208,seasonal_naive,UCAYALI
2015-10-12,0.1902478930045849,0.19457297070120208,seasonal_naive,UCAYALI
2015-10-19,0.1902478930045849,0.19457297070120208,seasonal_naive,UCAYALI
2015-10-26,0.1902478930045849,0.0,seasonal_naive,UCAYALI
2015-11-02,0.0,0.0,seasonal_naive,UCAYALI
2015-11-09,0.0,0.0,seasonal_naive,UCAYALI
2015-11-16,0.0,0.0,seasonal_naive,UCAYALI
2015-11-23,0.0,0.0,seasonal_naive,UCAYALI
2015-11-30,0.1902478930045849,0.19457297070120208,seasonal_naive,UCAYALI
2015-12-07,0.1902478930045849,0.3891459414024041,seasonal_naive,UCAYALI
2015-12-14,0.38049578600916983,0.3891459414024041,seasonal_naive,UCAYALI
2015-12-21,0.1902478930045849,0.19457297070120208,seasonal_naive,UCAYALI
2015-12-28,0.1902478930045849,0.0,seasonal_naive,UCAYALI
2016-01-04,0.0,0.19024789300458497,seasonal_naive,UCAYALI
2016-01-11,0.0,0.19024789300458497,seasonal_naive,UCAYALI
2016-01-18,0.0,0.5707436790137548,seasonal_naive,UCAYALI
2016-01-25,0.0,0.3804957860091699,seasonal_naive,UCAYALI
2016-02-01,0.0,0.3804957860091699,seasonal_naive,UCAYALI
2016-02-08,0.0,0.0,seasonal_naive,UCAYALI
2016-02-15,0.0,0.0,seasonal_naive,UCAYALI
2016-02-22,0.0,0.19024789300458497,seasonal_naive,UCAYALI
2016-02-29,0.0,0.19024789300458497,seasonal_naive,UCAYALI
2016-03-07,0.5583327439821034,0.19024789300458497,seasonal_naive,UCAYALI
2016-03-14,0.5583327439821034,0.0,seasonal_naive,UCAYALI
2016-03-21,0.5583327439821034,0.19024789300458497,seasonal_naive,UCAYALI
2016-03-28,0.0,0.3804957860091699,seasonal_naive,UCAYALI
2016-04-04,0.0,0.5707436790137548,seasonal_naive,UCAYALI
2016-04-11,0.1861109146607011,0.7609915720183398,seasonal_naive,UCAYALI
2016-04-18,0.1861109146607011,0.5707436790137548,seasonal_naive,UCAYALI
2016-04-25,0.1861109146607011,0.3804957860091699,seasonal_naive,UCAYALI
2016-05-02,0.0,0.0,seasonal_naive,UCAYALI
2016-05-09,0.0,0.19024789300458497,seasonal_naive,UCAYALI
2016-05-16,0.0,0.19024789300458497,seasonal_naive,UCAYALI
2016-05-23,0.0,0.3804957860091699,seasonal_naive,UCAYALI
2016-05-30,0.0,0.19024789300458497,seasonal_naive,UCAYALI
2016-06-06,0.0,0.3804957860091699,seasonal_naive,UCAYALI
2016-06-13,0.0,0.5707436790137548,seasonal_naive,UCAYALI
2016-06-20,0.0,0.5707436790137548,seasonal_naive,UCAYALI
2016-06-27,0.0,0.3804957860091699,seasonal_naive,UCAYALI
2016-07-04,0.1861109146607011,0.19024789300458497,seasonal_naive,UCAYALI
2016-07-11,0.3722218293214023,0.5707436790137548,seasonal_naive,UCAYALI
2016-07-18,0.3722218293214023,0.7609915720183398,seasonal_naive,UCAYALI
2016-07-25,0.1861109146607011,0.5707436790137548,seasonal_naive,UCAYALI
2016-08-01,0.0,0.1902478930045849,seasonal_naive,UCAYALI
2016-08-08,0.0,0.0,seasonal_naive,UCAYALI
2016-08-15,0.0,0.0,seasonal_naive,UCAYALI
2016-08-22,0.3722218293214023,0.3804957860091699,seasonal_naive,UCAYALI
2016-08-29,0.3722218293214023,0.3804957860091699,seasonal_naive,UCAYALI
2016-09-05,0.3722218293214023,0.3804957860091699,seasonal_naive,UCAYALI
2016-09-12,0.1861109146607011,0.0,seasonal_naive,UCAYALI
2016-09-19,0.3722218293214023,0.0,seasonal_naive,UCAYALI
2016-09-26,0.5583327439821035,0.0,seasonal_naive,UCAYALI
2016-10-03,0.3722218293214023,0.0,seasonal_naive,UCAYALI
2016-10-10,0.1861109146607011,0.1902478930045849,seasonal_naive,UCAYALI
2016-10-17,0.0,0.1902478930045849,seasonal_naive,UCAYALI
2016-10-24,0.0,0.1902478930045849,seasonal_naive,UCAYALI
2016-10-31,0.0,0.0,seasonal_naive,UCAYALI
2016-11-07,0.0,0.0,seasonal_naive,UCAYALI
2016-11-14,0.0,0.0,seasonal_naive,UCAYALI
2016-11-21,0.0,0.0,seasonal_naive,UCAYALI
2016-11-28,0.0,0.1902478930045849,seasonal_naive,UCAYALI
2016-12-05,0.0,0.1902478930045849,seasonal_naive,UCAYALI
2016-12-12,0.0,0.3804957860091699,seasonal_naive,UCAYALI
2016-12-19,0.0,0.1902478930045849,seasonal_naive,UCAYALI
2016-12-26,0.1861109146607011,0.1902478930045849,seasonal_naive,UCAYALI
2017-01-02,0.1861109146607011,0.0,seasonal_naive,UCAYALI
2017-01-09,0.1861109146607011,0.0,seasonal_naive,UCAYALI
2017-01-16,0.0,0.0,seasonal_naive,UCAYALI
2017-01-23,0.0,0.0,seasonal_naive,UCAYALI
2017-01-30,0.0,0.0,seasonal_naive,UCAYALI
2017-02-06,0.0,0.0,seasonal_naive,UCAYALI
2017-02-13,0.0,0.0,seasonal_naive,UCAYALI
2017-02-20,0.0,0.0,seasonal_naive,UCAYALI
2017-02-27,0.0,0.0,seasonal_naive,UCAYALI
2017-03-06,0.0,0.5583327439821035,seasonal_naive,UCAYALI
2017-03-13,0.0,0.5583327439821035,seasonal_naive,UCAYALI
2017-03-20,0.0,0.5583327439821035,seasonal_naive,UCAYALI
2017-03-27,0.18215002604745364,0.0,seasonal_naive,UCAYALI
2017-04-03,0.36430005209490735,0.0,seasonal_naive,UCAYALI
2017-04-10,0.36430005209490735,0.1861109146607011,seasonal_naive,UCAYALI
2017-04-17,0.36430005209490735,0.1861109146607011,seasonal_naive,UCAYALI
2017-04-24,0.18215002604745364,0.1861109146607011,seasonal_naive,UCAYALI
2017-05-01,0.18215002604745364,0.0,seasonal_naive,UCAYALI
2017-05-08,0.0,0.0,seasonal_naive,UCAYALI
2017-05-15,0.36430005209490735,0.0,seasonal_naive,UCAYALI
2017-05-22,0.36430005209490735,0.0,seasonal_naive,UCAYALI
2017-05-29,0.546450078142361,0.0,seasonal_naive,UCAYALI
2017-06-05,0.18215002604745364,0.0,seasonal_naive,UCAYALI
2017-06-12,0.18215002604745364,0.0,seasonal_naive,UCAYALI
2017-06-19,0.36430005209490735,0.0,seasonal_naive,UCAYALI
2017-06-26,0.546450078142361,0.0,seasonal_naive,UCAYALI
2017-07-03,1.0929001562847223,0.1861109146607011,seasonal_naive,UCAYALI
2017-07-10,0.9107501302372686,0.37222182932140224,seasonal_naive,UCAYALI
2017-07-17,0.9107501302372686,0.37222182932140224,seasonal_naive,UCAYALI
2017-07-24,0.5464500781423611,0.1861109146607011,seasonal_naive,UCAYALI
2017-07-31,0.5464500781423611,0.0,seasonal_naive,UCAYALI
2017-08-07,0.7286001041898148,0.0,seasonal_naive,UCAYALI
2017-08-14,0.7286001041898148,0.0,seasonal_naive,UCAYALI
2017-08-21,0.546450078142361,0.37222182932140224,seasonal_naive,UCAYALI
2017-08-28,0.36430005209490735,0.37222182932140224,seasonal_naive,UCAYALI
2017-09-04,0.36430005209490735,0.37222182932140224,seasonal_naive,UCAYALI
2017-09-11,0.5464500781423611,0.1861109146607011,seasonal_naive,UCAYALI
2017-09-18,0.7286001041898148,0.37222182932140224,seasonal_naive,UCAYALI
2017-09-25,0.7286001041898148,0.5583327439821035,seasonal_naive,UCAYALI
2017-10-02,0.7286001041898148,0.37222182932140224,seasonal_naive,UCAYALI
2017-10-09,0.36430005209490735,0.1861109146607011,seasonal_naive,UCAYALI
2017-10-16,0.18215002604745364,0.0,seasonal_naive,UCAYALI
2017-10-23,0.7286001041898148,0.0,seasonal_naive,UCAYALI
2017-10-30,1.0929001562847223,0.0,seasonal_naive,UCAYALI
2017-11-06,1.4572002083796296,0.0,seasonal_naive,UCAYALI
2017-11-13,0.7286001041898148,0.0,seasonal_naive,UCAYALI
2017-11-20,0.9107501302372686,0.0,seasonal_naive,UCAYALI
2017-11-27,1.0929001562847225,0.0,seasonal_naive,UCAYALI
2017-12-04,1.8215002604745372,0.0,seasonal_naive,UCAYALI
2017-12-11,2.185800312569445,0.0,seasonal_naive,UCAYALI
2017-12-18,1.8215002604745374,0.0,seasonal_naive,UCAYALI
2017-12-25,1.275050182332176,0.1861109146607011,seasonal_naive,UCAYALI
2018-01-01,1.2536585222560415,0.1861109146607011,seasonal_naive,UCAYALI
2018-01-08,1.782995272337495,0.1861109146607011,seasonal_naive,UCAYALI
2018-01-15,2.490203716451175,0.0,seasonal_naive,UCAYALI
2018-01-22,1.956588634354495,0.0,seasonal_naive,UCAYALI
2018-01-29,1.2451018582255875,0.0,seasonal_naive,UCAYALI
2018-02-05,0.3557433880644536,0.0,seasonal_naive,UCAYALI
2018-02-12,0.1778716940322268,0.0,seasonal_naive,UCAYALI
2018-02-19,1.2451018582255875,0.0,seasonal_naive,UCAYALI
2018-02-26,1.778716940322268,0.0,seasonal_naive,UCAYALI
2018-03-05,1.9565886343544945,0.0,seasonal_naive,UCAYALI
2018-03-12,1.600845246290041,0.0,seasonal_naive,UCAYALI
2018-03-19,1.4229735522578144,0.0,seasonal_naive,UCAYALI
2018-03-26,1.2451018582255877,0.18215002604745367,seasonal_naive,UCAYALI
2018-04-02,1.2451018582255877,0.3643000520949073,seasonal_naive,UCAYALI
2018-04-09,0.889358470161134,0.3643000520949073,seasonal_naive,UCAYALI
2018-04-16,1.0672301641933608,0.3643000520949073,seasonal_naive,UCAYALI
2018-04-23,0.3557433880644536,0.18215002604745367,seasonal_naive,UCAYALI
2018-04-30,0.3557433880644536,0.18215002604745367,seasonal_naive,UCAYALI
2018-05-07,0.0,0.0,seasonal_naive,UCAYALI
2018-05-14,0.0,0.3643000520949073,seasonal_naive,UCAYALI
2018-05-21,0.3557433880644536,0.3643000520949073,seasonal_naive,UCAYALI
2018-05-28,0.5336150820966804,0.5464500781423611,seasonal_naive,UCAYALI
2018-06-04,0.7114867761289072,0.18215002604745367,seasonal_naive,UCAYALI
2018-06-11,0.889358470161134,0.18215002604745367,seasonal_naive,UCAYALI
2018-06-18,1.4229735522578144,0.3643000520949073,seasonal_naive,UCAYALI
2018-06-25,1.600845246290041,0.5464500781423611,seasonal_naive,UCAYALI
2018-07-02,1.0672301641933608,1.0929001562847223,seasonal_naive,UCAYALI
2018-07-09,0.7114867761289072,0.9107501302372685,seasonal_naive,UCAYALI
2018-07-16,0.7114867761289072,0.9107501302372685,seasonal_naive,UCAYALI
2018-07-23,1.0672301641933608,0.5464500781423611,seasonal_naive,UCAYALI
2018-07-30,0.7114867761289073,0.5464500781423611,seasonal_naive,UCAYALI
2018-08-06,0.3557433880644536,0.7286001041898149,seasonal_naive,UCAYALI
2018-08-13,0.1778716940322268,0.7286001041898149,seasonal_naive,UCAYALI
2018-08-20,0.1778716940322268,0.5464500781423611,seasonal_naive,UCAYALI
2018-08-27,0.1778716940322268,0.3643000520949073,seasonal_naive,UCAYALI
2018-09-03,0.7114867761289072,0.3643000520949073,seasonal_naive,UCAYALI
2018-09-10,1.4229735522578144,0.5464500781423611,seasonal_naive,UCAYALI
2018-09-17,1.4229735522578144,0.7286001041898149,seasonal_naive,UCAYALI
2018-09-24,1.0672301641933608,0.7286001041898149,seasonal_naive,UCAYALI
2018-10-01,0.3557433880644536,0.7286001041898149,seasonal_naive,UCAYALI
2018-10-08,0.7114867761289072,0.3643000520949073,seasonal_naive,UCAYALI
2018-10-15,0.5336150820966804,0.18215002604745367,seasonal_naive,UCAYALI
2018-10-22,0.7114867761289072,0.7286001041898149,seasonal_naive,UCAYALI
2018-10-29,0.5336150820966804,1.0929001562847223,seasonal_naive,UCAYALI
2018-11-05,0.7114867761289072,1.4572002083796298,seasonal_naive,UCAYALI
2018-11-12,0.889358470161134,0.7286001041898149,seasonal_naive,UCAYALI
2018-11-19,0.889358470161134,0.9107501302372685,seasonal_naive,UCAYALI
2018-11-26,0.7114867761289071,1.0929001562847227,seasonal_naive,UCAYALI
2018-12-03,1.2451018582255875,1.8215002604745374,seasonal_naive,UCAYALI
2018-12-10,1.2451018582255875,2.185800312569445,seasonal_naive,UCAYALI
2018-12-17,1.0672301641933606,1.8215002604745374,seasonal_naive,UCAYALI
2018-12-24,0.5336150820966803,1.2750501823321758,seasonal_naive,UCAYALI
2018-12-31,1.4979064146293546,1.2536585222560412,seasonal_naive,UCAYALI
2019-01-07,1.845485871293148,1.7829952723374953,seasonal_naive,UCAYALI
2019-01-14,1.6635322115605906,2.490203716451175,seasonal_naive,UCAYALI
2019-01-21,0.868948641659483,1.9565886343544947,seasonal_naive,UCAYALI
2019-01-28,1.2165280983232762,1.2451018582255875,seasonal_naive,UCAYALI
2019-02-04,1.3903178266551732,0.3557433880644536,seasonal_naive,UCAYALI
2019-02-11,1.737897283318966,0.1778716940322268,seasonal_naive,UCAYALI
2019-02-18,2.1849013965562807,1.2451018582255875,seasonal_naive,UCAYALI
2019-02-25,2.532480853220074,1.7787169403222682,seasonal_naive,UCAYALI
2019-03-04,2.1849013965562807,1.9565886343544943,seasonal_naive,UCAYALI
2019-03-11,1.2165280983232762,1.6008452462900409,seasonal_naive,UCAYALI
2019-03-18,1.6635322115605906,1.4229735522578144,seasonal_naive,UCAYALI
2019-03-25,1.8373219398924876,1.2451018582255875,seasonal_naive,UCAYALI
2019-04-01,2.532480853220074,1.2451018582255875,seasonal_naive,UCAYALI
2019-04-08,2.433056196646553,0.8893584701611339,seasonal_naive,UCAYALI
2019-04-15,2.954425381642243,1.0672301641933606,seasonal_naive,UCAYALI
2019-04-22,3.227639766547661,0.3557433880644536,seasonal_naive,UCAYALI
2019-04-29,2.532480853220074,0.3557433880644536,seasonal_naive,UCAYALI
2019-05-06,2.3586911248881774,0.0,seasonal_naive,UCAYALI
2019-05-13,1.5641075549870695,0.0,seasonal_naive,UCAYALI
2019-05-20,2.259266468314656,0.3557433880644536,seasonal_naive,UCAYALI
2019-05-27,2.433056196646553,0.5336150820966803,seasonal_naive,UCAYALI
2019-06-03,2.7806356533103465,0.7114867761289072,seasonal_naive,UCAYALI
2019-06-10,2.433056196646553,0.8893584701611339,seasonal_naive,UCAYALI
2019-06-17,2.08547673998276,1.4229735522578144,seasonal_naive,UCAYALI
2019-06-24,1.911687011650863,1.6008452462900409,seasonal_naive,UCAYALI
2019-07-01,1.737897283318966,1.0672301641933606,seasonal_naive,UCAYALI
2019-07-08,1.2165280983232762,0.7114867761289072,seasonal_naive,UCAYALI
2019-07-15,1.0427383699913797,0.7114867761289072,seasonal_naive,UCAYALI
2019-07-22,1.0427383699913797,1.0672301641933606,seasonal_naive,UCAYALI
2019-07-29,1.2165280983232762,0.7114867761289074,seasonal_naive,UCAYALI
2019-08-05,1.0427383699913797,0.3557433880644536,seasonal_naive,UCAYALI
2019-08-12,0.8689486416594829,0.1778716940322268,seasonal_naive,UCAYALI
2019-08-19,1.6635322115605906,0.1778716940322268,seasonal_naive,UCAYALI
2019-08-26,1.8373219398924874,0.1778716940322268,seasonal_naive,UCAYALI
2019-09-02,1.489742483228694,0.7114867761289072,seasonal_naive,UCAYALI
2019-09-09,0.5213691849956895,1.4229735522578144,seasonal_naive,UCAYALI
2019-09-16,0.5213691849956895,1.4229735522578144,seasonal_naive,UCAYALI
2019-09-23,0.5213691849956895,1.0672301641933606,seasonal_naive,UCAYALI
2019-09-30,0.6951589133275862,0.3557433880644536,seasonal_naive,UCAYALI
2019-10-07,0.34757945666379286,0.7114867761289072,seasonal_naive,UCAYALI
2019-10-14,0.5213691849956895,0.5336150820966803,seasonal_naive,UCAYALI
2019-10-21,0.6951589133275862,0.7114867761289072,seasonal_naive,UCAYALI
2019-10-28,0.8689486416594829,0.5336150820966803,seasonal_naive,UCAYALI
2019-11-04,0.6951589133275863,0.7114867761289072,seasonal_naive,UCAYALI
2019-11-11,0.3475794566637929,0.8893584701611339,seasonal_naive,UCAYALI
2019-11-18,0.6951589133275863,0.8893584701611339,seasonal_naive,UCAYALI
2019-11-25,1.0427383699913797,0.711486776128907,seasonal_naive,UCAYALI
2019-12-02,1.2165280983232762,1.2451018582255875,seasonal_naive,UCAYALI
2019-12-09,0.6951589133275863,1.2451018582255875,seasonal_naive,UCAYALI
2019-12-16,1.0427383699913797,1.0672301641933606,seasonal_naive,UCAYALI
2019-12-23,1.2165280983232762,0.5336150820966803,seasonal_naive,UCAYALI
2019-12-30,1.5641075549870695,1.4979064146293548,seasonal_naive,UCAYALI
2020-01-06,0.8689486416594828,1.8454858712931483,seasonal_naive,UCAYALI
2020-01-13,0.5174703697085268,1.6635322115605908,seasonal_naive,UCAYALI
2020-01-20,0.8494545652236694,0.8689486416594832,seasonal_naive,UCAYALI
2020-01-27,1.529018217402605,1.2165280983232765,seasonal_naive,UCAYALI
2020-02-03,1.698909130447339,1.3903178266551732,seasonal_naive,UCAYALI
2020-02-10,1.359127304357871,1.7378972833189659,seasonal_naive,UCAYALI
2020-02-17,0.8494545652236692,2.1849013965562807,seasonal_naive,UCAYALI
2020-02-24,0.6795636521789352,2.5324808532200747,seasonal_naive,UCAYALI
2020-03-02,0.33978182608946733,2.1849013965562807,seasonal_naive,UCAYALI
2020-03-09,0.33978182608946733,1.2165280983232765,seasonal_naive,UCAYALI
2020-03-16,0.33978182608946733,1.6635322115605908,seasonal_naive,UCAYALI
2020-03-23,0.8494545652236694,1.8373219398924876,seasonal_naive,UCAYALI
2020-03-30,0.8494545652236692,2.5324808532200747,seasonal_naive,UCAYALI
2020-04-06,1.0193454782684033,2.4330561966465534,seasonal_naive,UCAYALI
2020-04-13,0.8494545652236692,2.9544253816422437,seasonal_naive,UCAYALI
2020-04-20,0.8494545652236692,3.227639766547661,seasonal_naive,UCAYALI
2020-04-27,0.5096727391342014,2.5324808532200747,seasonal_naive,UCAYALI
2020-05-04,0.16989091304473344,2.3586911248881774,seasonal_naive,UCAYALI
2020-05-11,0.0,1.5641075549870695,seasonal_naive,UCAYALI
2020-05-18,0.0,2.259266468314656,seasonal_naive,UCAYALI
2020-05-25,0.16989091304473344,2.4330561966465534,seasonal_naive,UCAYALI
2020-06-01,0.5096727391342014,2.7806356533103465,seasonal_naive,UCAYALI
2020-06-08,0.6795636521789352,2.4330561966465534,seasonal_naive,UCAYALI
2020-06-15,1.0193454782684033,2.08547673998276,seasonal_naive,UCAYALI
2020-06-22,0.8494545652236694,1.9116870116508626,seasonal_naive,UCAYALI
2020-06-29,0.6795636521789353,1.7378972833189659,seasonal_naive,UCAYALI
2020-07-06,0.8494545652236692,1.2165280983232765,seasonal_naive,UCAYALI
2020-07-13,1.1892363913131372,1.0427383699913797,seasonal_naive,UCAYALI
2020-07-20,1.6989091304473394,1.0427383699913797,seasonal_naive,UCAYALI
2020-07-27,1.0193454782684033,1.2165280983232765,seasonal_naive,UCAYALI
2020-08-03,1.6518357656991025,1.0427383699913797,seasonal_naive,UCAYALI
2020-08-10,1.4819448526543686,0.8689486416594829,seasonal_naive,UCAYALI
2020-08-17,1.4819448526543686,1.6635322115605908,seasonal_naive,UCAYALI
2020-08-24,0.6795636521789352,1.8373219398924876,seasonal_naive,UCAYALI
2020-08-31,0.33978182608946733,1.489742483228694,seasonal_naive,UCAYALI
2020-09-07,0.5096727391342012,0.5213691849956894,seasonal_naive,UCAYALI
2020-09-14,0.5096727391342013,0.5213691849956894,seasonal_naive,UCAYALI
2020-09-21,1.0193454782684033,0.5213691849956894,seasonal_naive,UCAYALI
2020-09-28,1.529018217402605,0.6951589133275862,seasonal_naive,UCAYALI
2020-10-05,1.359127304357871,0.34757945666379286,seasonal_naive,UCAYALI
2020-10-12,1.529018217402605,0.5213691849956894,seasonal_naive,UCAYALI
2020-10-19,1.3591273043578713,0.6951589133275862,seasonal_naive,UCAYALI
2020-10-26,1.868800043492073,0.8689486416594829,seasonal_naive,UCAYALI
2020-11-02,1.529018217402605,0.6951589133275864,seasonal_naive,UCAYALI
2020-11-09,1.019345478268403,0.3475794566637929,seasonal_naive,UCAYALI
2020-11-16,0.6795636521789352,0.6951589133275864,seasonal_naive,UCAYALI
2020-11-23,0.33978182608946733,1.0427383699913797,seasonal_naive,UCAYALI
2020-11-30,0.6795636521789352,1.2165280983232765,seasonal_naive,UCAYALI
2020-12-07,1.019345478268403,0.6951589133275864,seasonal_naive,UCAYALI
2020-12-14,1.0193454782684033,1.0427383699913797,seasonal_naive,UCAYALI
2020-12-21,1.5290182174026052,1.2165280983232765,seasonal_naive,UCAYALI
2020-12-28,1.3591273043578713,1.5641075549870695,seasonal_naive,UCAYALI
2021-01-04,1.5252904965521894,0.8689486416594827,seasonal_naive,UCAYALI
2021-01-11,1.174325507911473,0.5174703697085268,seasonal_naive,UCAYALI
2021-01-18,0.8308159609715888,0.8494545652236694,seasonal_naive,UCAYALI
2021-01-25,0.664652768777271,1.529018217402605,seasonal_naive,UCAYALI
2021-02-01,0.664652768777271,1.6989091304473387,seasonal_naive,UCAYALI
2021-02-08,0.9969791531659068,1.3591273043578709,seasonal_naive,UCAYALI
2021-02-15,1.3293055375545426,0.8494545652236691,seasonal_naive,UCAYALI
2021-02-22,1.1631423453602245,0.6795636521789352,seasonal_naive,UCAYALI
2021-03-01,1.1631423453602245,0.33978182608946733,seasonal_naive,UCAYALI
2021-03-08,0.9969791531659068,0.33978182608946733,seasonal_naive,UCAYALI
2021-03-15,1.1631423453602245,0.33978182608946733,seasonal_naive,UCAYALI
2021-03-22,0.6646527687772709,0.8494545652236694,seasonal_naive,UCAYALI
2021-03-29,0.8308159609715888,0.8494545652236691,seasonal_naive,UCAYALI
2021-04-05,0.3323263843886352,1.0193454782684035,seasonal_naive,UCAYALI
2021-04-12,0.8308159609715888,0.8494545652236691,seasonal_naive,UCAYALI
2021-04-19,0.664652768777271,0.8494545652236691,seasonal_naive,UCAYALI
2021-04-26,0.8308159609715888,0.5096727391342015,seasonal_naive,UCAYALI
2021-05-03,0.664652768777271,0.16989091304473342,seasonal_naive,UCAYALI
2021-05-10,0.8308159609715888,0.0,seasonal_naive,UCAYALI
2021-05-17,1.806815795342172,0.0,seasonal_naive,UCAYALI
2021-05-24,1.97297898753649,0.16989091304473342,seasonal_naive,UCAYALI
2021-05-31,1.8068157953421717,0.5096727391342015,seasonal_naive,UCAYALI
2021-06-07,0.6646527687772709,0.6795636521789352,seasonal_naive,UCAYALI
2021-06-14,0.49848957658295295,1.0193454782684035,seasonal_naive,UCAYALI
2021-06-21,0.49848957658295295,0.8494545652236694,seasonal_naive,UCAYALI
2021-06-28,0.49848957658295295,0.6795636521789352,seasonal_naive,UCAYALI
2021-07-05,0.16616319219431716,0.8494545652236691,seasonal_naive,UCAYALI
2021-07-12,0.16616319219431716,1.1892363913131372,seasonal_naive,UCAYALI
2021-07-19,0.49848957658295295,1.6989091304473392,seasonal_naive,UCAYALI
2021-07-26,0.49848957658295295,1.0193454782684035,seasonal_naive,UCAYALI
2021-08-02,0.49848957658295295,1.6518357656991025,seasonal_naive,UCAYALI
2021-08-09,0.49848957658295295,1.4819448526543684,seasonal_naive,UCAYALI
2021-08-16,0.6646527687772709,1.4819448526543684,seasonal_naive,UCAYALI
2021-08-23,0.6646527687772709,0.6795636521789352,seasonal_naive,UCAYALI
2021-08-30,0.4984895765829537,0.33978182608946733,seasonal_naive,UCAYALI
2021-09-06,0.6646527687772709,0.5096727391342011,seasonal_naive,UCAYALI
2021-09-13,0.9969791531659066,0.5096727391342013,seasonal_naive,UCAYALI
2021-09-20,1.1631423453602243,1.0193454782684035,seasonal_naive,UCAYALI
2021-09-27,0.8308159609715887,1.529018217402605,seasonal_naive,UCAYALI
2021-10-04,0.49848957658295295,1.3591273043578709,seasonal_naive,UCAYALI
2021-10-11,0.6646527687772708,1.529018217402605,seasonal_naive,UCAYALI
2021-10-18,1.3293055375545422,1.3591273043578713,seasonal_naive,UCAYALI
2021-10-25,1.1631423453602245,1.8688000434920733,seasonal_naive,UCAYALI
2021-11-01,1.806815795342172,1.529018217402605,seasonal_naive,UCAYALI
2021-11-08,1.1421630265649003,1.019345478268403,seasonal_naive,UCAYALI
2021-11-15,1.806815795342172,0.6795636521789352,seasonal_naive,UCAYALI
2021-11-22,0.8308159609715887,0.33978182608946733,seasonal_naive,UCAYALI
2021-11-29,1.1631423453602245,0.6795636521789352,seasonal_naive,UCAYALI
2021-12-06,0.49848957658295295,1.019345478268403,seasonal_naive,UCAYALI
2021-12-13,0.8308159609715887,1.0193454782684035,seasonal_naive,UCAYALI
2021-12-20,0.6646527687772709,1.5290182174026055,seasonal_naive,UCAYALI
2021-12-27,1.6616319219431783,1.3591273043578713,seasonal_naive,UCAYALI
2022-01-03,2.3013093112022074,1.5252904965521892,seasonal_naive,UCAYALI
2022-01-10,2.9481225231807353,1.174325507911473,seasonal_naive,UCAYALI
2022-01-17,2.764119774187673,0.8308159609715888,seasonal_naive,UCAYALI
2022-01-24,2.113738650849397,0.664652768777271,seasonal_naive,UCAYALI
2022-01-31,1.788548089180259,0.664652768777271,seasonal_naive,UCAYALI
2022-02-07,1.1381669658419826,0.9969791531659069,seasonal_naive,UCAYALI
2022-02-14,0.8129764041728446,1.3293055375545424,seasonal_naive,UCAYALI
2022-02-21,0.6503811233382756,1.1631423453602245,seasonal_naive,UCAYALI
2022-02-28,0.6503811233382756,1.1631423453602245,seasonal_naive,UCAYALI
2022-03-07,0.8129764041728448,0.9969791531659069,seasonal_naive,UCAYALI
2022-03-14,0.6503811233382756,1.1631423453602245,seasonal_naive,UCAYALI
2022-03-21,0.8129764041728448,0.6646527687772708,seasonal_naive,UCAYALI
2022-03-28,0.8129764041728446,0.8308159609715888,seasonal_naive,UCAYALI
2022-04-04,0.8129764041728446,0.33232638438863515,seasonal_naive,UCAYALI
2022-04-11,0.9755716850074135,0.8308159609715888,seasonal_naive,UCAYALI
2022-04-18,0.8129764041728446,0.664652768777271,seasonal_naive,UCAYALI
2022-04-25,0.6503811233382755,0.8308159609715888,seasonal_naive,UCAYALI
2022-05-02,0.4877858425037065,0.664652768777271,seasonal_naive,UCAYALI
2022-05-09,0.4877858425037065,0.8308159609715888,seasonal_naive,UCAYALI
2022-05-16,0.4877858425037065,1.806815795342172,seasonal_naive,UCAYALI
2022-05-23,0.3251905616691374,1.9729789875364903,seasonal_naive,UCAYALI
2022-05-30,0.6503811233382755,1.806815795342172,seasonal_naive,UCAYALI
2022-06-06,0.6503811233382755,0.6646527687772708,seasonal_naive,UCAYALI
2022-06-13,0.8129764041728446,0.49848957658295295,seasonal_naive,UCAYALI
2022-06-20,0.6503811233382756,0.49848957658295295,seasonal_naive,UCAYALI
2022-06-27,0.8129764041728446,0.49848957658295295,seasonal_naive,UCAYALI
2022-07-04,0.6503811233382756,0.16616319219431713,seasonal_naive,UCAYALI
2022-07-11,0.4877858425037072,0.16616319219431713,seasonal_naive,UCAYALI
2022-07-18,0.4877858425037072,0.49848957658295295,seasonal_naive,UCAYALI
2022-07-25,0.3251905616691374,0.49848957658295295,seasonal_naive,UCAYALI
2022-08-01,0.3251905616691374,0.49848957658295295,seasonal_naive,UCAYALI
2022-08-08,0.16259528083456834,0.49848957658295295,seasonal_naive,UCAYALI
2022-08-15,0.16259528083456834,0.6646527687772708,seasonal_naive,UCAYALI
2022-08-22,0.3251905616691374,0.6646527687772708,seasonal_naive,UCAYALI
2022-08-29,0.6503811233382756,0.4984895765829537,seasonal_naive,UCAYALI
2022-09-05,0.6503811233382756,0.6646527687772708,seasonal_naive,UCAYALI
2022-09-12,0.3251905616691374,0.9969791531659065,seasonal_naive,UCAYALI
2022-09-19,0.0,1.1631423453602245,seasonal_naive,UCAYALI
2022-09-26,0.0,0.8308159609715886,seasonal_naive,UCAYALI
2022-10-03,0.3251905616691374,0.49848957658295295,seasonal_naive,UCAYALI
2022-10-10,0.3251905616691374,0.6646527687772708,seasonal_naive,UCAYALI
2022-10-17,0.3251905616691374,1.3293055375545424,seasonal_naive,UCAYALI
2022-10-24,0.16259528083456834,1.1631423453602245,seasonal_naive,UCAYALI
2022-10-31,0.8129764041728446,1.806815795342172,seasonal_naive,UCAYALI
2022-11-07,0.8129764041728446,1.1421630265649005,seasonal_naive,UCAYALI
2022-11-14,0.6503811233382756,1.806815795342172,seasonal_naive,UCAYALI
2022-11-21,0.16259528083456834,0.8308159609715886,seasonal_naive,UCAYALI
2022-11-28,0.4877858425037065,1.1631423453602245,seasonal_naive,UCAYALI
2022-12-05,0.8129764041728446,0.49848957658295295,seasonal_naive,UCAYALI
2010-12-27,0.0,0.0881356093804643,holt_winters,UCAYALI
2011-01-03,0.6264434300701199,0.0,holt_winters,UCAYALI
2011-01-10,0.6264434300701199,0.011275120159385012,holt_winters,UCAYALI
2011-01-17,0.8352579067601599,0.0,holt_winters,UCAYALI
2011-01-24,0.20881447669004005,0.8323969104665867,holt_winters,UCAYALI
2011-01-31,0.20881447669004005,0.6986038340380831,holt_winters,UCAYALI
2011-02-07,0.0,0.6311610009410327,holt_winters,UCAYALI
2011-02-14,0.0,0.8727447532525603,holt_winters,UCAYALI
2011-02-21,0.0,0.08664177225274604,holt_winters,UCAYALI
2011-02-28,0.20881447669004005,0.0979100700358998,holt_winters,UCAYALI
2011-03-07,1.0440723834502,0.0,holt_winters,UCAYALI
2011-03-14,1.4617013368302798,0.0,holt_winters,UCAYALI
2011-03-21,1.2528868601402399,1.476688585716232,holt_winters,UCAYALI
2011-03-28,0.8352579067601599,1.476688585716232,holt_winters,UCAYALI
2011-04-04,0.8352579067601599,1.476688585716232,holt_winters,UCAYALI
2011-04-11,1.8793302902103595,1.4659190940196085,holt_winters,UCAYALI
2011-04-18,1.6705158135203195,1.548078228844582,holt_winters,UCAYALI
2011-04-25,1.4617013368302798,1.548078228844582,holt_winters,UCAYALI
2011-05-02,0.41762895338007994,1.548078228844582,holt_winters,UCAYALI
2011-05-09,0.20881447669003997,1.548078228844582,holt_winters,UCAYALI
2011-05-16,0.41762895338007994,0.15428614653230327,holt_winters,UCAYALI
2011-05-23,0.41762895338007994,0.29334359390757525,holt_winters,UCAYALI
2011-05-30,0.6264434300701199,0.4201418645940237,holt_winters,UCAYALI
2011-06-06,0.20881447669003997,0.5141234143293736,holt_winters,UCAYALI
2011-06-13,1.0440723834502,0.31327688290773714,holt_winters,UCAYALI
2011-06-20,0.8352579067601599,0.26517546657612034,holt_winters,UCAYALI
2011-06-27,1.2528868601402399,0.20746349757979948,holt_winters,UCAYALI
2011-07-04,0.41762895338007994,0.05659816505350351,holt_winters,UCAYALI
2011-07-11,0.41762895338007994,0.4198458897604128,holt_winters,UCAYALI
2011-07-18,0.20881447669003997,0.37401469766525425,holt_winters,UCAYALI
2011-07-25,0.41762895338007994,0.37034755574307027,holt_winters,UCAYALI
2011-08-01,1.0440723834501997,0.46776542417719014,holt_winters,UCAYALI
2011-08-08,0.8352579067601598,1.025453632843853,holt_winters,UCAYALI
2011-08-15,1.0440723834501997,1.0140292628182226,holt_winters,UCAYALI
2011-08-22,0.41762895338007994,0.7367986806635323,holt_winters,UCAYALI
2011-08-29,0.6264434300701199,0.6620721367957978,holt_winters,UCAYALI
2011-09-05,0.20881447669003997,1.0485918275673476,holt_winters,UCAYALI
2011-09-12,0.41762895338007994,1.1627759390670267,holt_winters,UCAYALI
2011-09-19,0.20881447669003997,1.3477989760827604,holt_winters,UCAYALI
2011-09-26,0.41762895338007994,1.3275631527342004,holt_winters,UCAYALI
2011-10-03,0.20881447669003997,0.5513270113310278,holt_winters,UCAYALI
2011-10-10,0.20881447669003997,0.5141250166031608,holt_winters,UCAYALI
2011-10-17,0.0,0.3062491974040562,holt_winters,UCAYALI
2011-10-24,0.20881447669003997,0.28588495578037776,holt_winters,UCAYALI
2011-10-31,0.41762895338007994,0.13283947509163443,holt_winters,UCAYALI
2011-11-07,1.2528868601402399,0.07669031306740179,holt_winters,UCAYALI
2011-11-14,1.0440723834502,0.0,holt_winters,UCAYALI
2011-11-21,0.8352579067601601,0.0,holt_winters,UCAYALI
2011-11-28,0.8352579067601599,1.0100737233141897,holt_winters,UCAYALI
2011-12-05,1.4617013368302798,0.9274712902273134,holt_winters,UCAYALI
2011-12-12,2.2969592435904396,1.059682288710166,holt_winters,UCAYALI
2011-12-19,1.6705158135203195,0.8790007264414537,holt_winters,UCAYALI
2011-12-26,1.0440723834502,1.7445842424629068,holt_winters,UCAYALI
2012-01-02,0.20881447669003997,1.7445842424629068,holt_winters,UCAYALI
2012-01-09,0.6115235497719017,1.7445842424629068,holt_winters,UCAYALI
2012-01-16,1.2230470995438034,1.7445842424629068,holt_winters,UCAYALI
2012-01-23,1.8345706493157052,0.994868220871767,holt_winters,UCAYALI
2012-01-30,1.2230470995438034,0.8716702718381857,holt_winters,UCAYALI
2012-02-06,1.0192059162865028,0.7467573619794698,holt_winters,UCAYALI
2012-02-13,0.40768236651460116,1.0199584479586927,holt_winters,UCAYALI
2012-02-20,1.2230470995438034,0.5287788942291207,holt_winters,UCAYALI
2012-02-27,1.0192059162865028,0.6033456799129224,holt_winters,UCAYALI
2012-03-05,1.2230470995438036,0.599434838300732,holt_winters,UCAYALI
2012-03-12,1.0192059162865028,0.5146265306924642,holt_winters,UCAYALI
2012-03-19,0.8153647330292023,1.0771721436890345,holt_winters,UCAYALI
2012-03-26,0.6115235497719017,0.9445097853728894,holt_winters,UCAYALI
2012-04-02,0.40768236651460116,0.9863280896347792,holt_winters,UCAYALI
2012-04-09,0.40768236651460116,0.9745695280102382,holt_winters,UCAYALI
2012-04-16,0.40768236651460116,0.3843318028600106,holt_winters,UCAYALI
2012-04-23,0.0,0.380777199836497,holt_winters,UCAYALI
2012-04-30,0.0,0.21656921029235168,holt_winters,UCAYALI
2012-05-07,0.0,0.16359764759143422,holt_winters,UCAYALI
2012-05-14,0.0,0.09960010300066408,holt_winters,UCAYALI
2012-05-21,0.0,0.17835039278117815,holt_winters,UCAYALI
2012-05-28,0.0,0.2846153554564309,holt_winters,UCAYALI
2012-06-04,0.6115235497719017,0.2045149901933532,holt_winters,UCAYALI
2012-06-11,0.6115235497719017,1.0808231529704027,holt_winters,UCAYALI
2012-06-18,0.8153647330292023,1.0122417834292308,holt_winters,UCAYALI
2012-06-25,0.20384118325730058,1.1297008983907406,holt_winters,UCAYALI
2012-07-02,0.40768236651460116,0.7257580101613674,holt_winters,UCAYALI
2012-07-09,0.40768236651460116,0.4067885930894987,holt_winters,UCAYALI
2012-07-16,1.5498453930795024,0.3618229581136197,holt_winters,UCAYALI
2012-07-23,1.753686576336803,0.43874630912700063,holt_winters,UCAYALI
2012-07-30,2.161368942851404,0.6925364705380797,holt_winters,UCAYALI
2012-08-06,1.0192059162865028,1.8529221020825146,holt_winters,UCAYALI
2012-08-13,1.0192059162865028,1.8529221020825146,holt_winters,UCAYALI
2012-08-20,1.0192059162865028,1.4949853929181556,holt_winters,UCAYALI
2012-08-27,1.2230470995438034,1.46025059162592,holt_winters,UCAYALI
2012-09-03,0.8153647330292024,1.5971645198557258,holt_winters,UCAYALI
2012-09-10,0.6115235497719017,1.7992857793135446,holt_winters,UCAYALI
2012-09-17,0.40768236651460105,1.8529221020825146,holt_winters,UCAYALI
2012-09-24,0.40768236651460105,1.8529221020825146,holt_winters,UCAYALI
2012-10-01,0.0,0.42922775026661625,holt_winters,UCAYALI
2012-10-08,0.0,0.46598810315929057,holt_winters,UCAYALI
2012-10-15,0.0,0.2670287323337378,holt_winters,UCAYALI
2012-10-22,0.0,0.2817764332254399,holt_winters,UCAYALI
2012-10-29,0.0,0.0,holt_winters,UCAYALI
2012-11-05,0.0,0.03506528555711552,holt_winters,UCAYALI
2012-11-12,0.20384118325730058,0.0,holt_winters,UCAYALI
2012-11-19,0.40768236651460116,0.0,holt_winters,UCAYALI
2012-11-26,0.40768236651460116,0.47721341747123824,holt_winters,UCAYALI
2012-12-03,0.20384118325730058,0.5965435872530227,holt_winters,UCAYALI
2012-12-10,0.0,0.7165850585994302,holt_winters,UCAYALI
2012-12-17,0.0,0.5437274189082513,holt_winters,UCAYALI
2012-12-24,0.0,0.0,holt_winters,UCAYALI
2012-12-31,0.0,0.0,holt_winters,UCAYALI
2013-01-07,0.0,0.0025617318779820844,holt_winters,UCAYALI
2013-01-14,0.19909927488044088,0.09371394646838527,holt_winters,UCAYALI
2013-01-21,0.5972978246413226,0.14884345612416183,holt_winters,UCAYALI
2013-01-28,0.5972978246413226,0.046773511721971965,holt_winters,UCAYALI
2013-02-04,0.5972978246413225,0.0,holt_winters,UCAYALI
2013-02-11,0.39819854976088176,0.0005950349445155084,holt_winters,UCAYALI
2013-02-18,0.5972978246413226,0.700499070198811,holt_winters,UCAYALI
2013-02-25,0.5972978246413226,0.7596525222322867,holt_winters,UCAYALI
2013-03-04,0.7963970995217635,0.7986448865088882,holt_winters,UCAYALI
2013-03-11,0.5972978246413226,0.6783903619242391,holt_winters,UCAYALI
2013-03-18,0.39819854976088176,0.5211310856124483,holt_winters,UCAYALI
2013-03-25,0.19909927488044088,0.4191058092775412,holt_winters,UCAYALI
2013-04-01,0.39819854976088176,0.37563643052574086,holt_winters,UCAYALI
2013-04-08,0.39819854976088176,0.3853668420828805,holt_winters,UCAYALI
2013-04-15,0.19909927488044088,0.37350672862883977,holt_winters,UCAYALI
2013-04-22,0.0,0.23669389435092494,holt_winters,UCAYALI
2013-04-29,0.0,0.08983274164198361,holt_winters,UCAYALI
2013-05-06,0.5972978246413226,0.042359095469748385,holt_winters,UCAYALI
2013-05-13,0.5972978246413226,0.6581231309940716,holt_winters,UCAYALI
2013-05-20,0.7963970995217635,0.6591390000084199,holt_winters,UCAYALI
2013-05-27,0.39819854976088176,0.706176596943632,holt_winters,UCAYALI
2013-06-03,0.5972978246413226,0.769480128301445,holt_winters,UCAYALI
2013-06-10,0.7963970995217635,0.9077339475050767,holt_winters,UCAYALI
2013-06-17,0.7963970995217635,0.998087894278815,holt_winters,UCAYALI
2013-06-24,0.5972978246413226,0.8795374523972062,holt_winters,UCAYALI
2013-07-01,0.9954963744022044,0.5992369207989781,holt_winters,UCAYALI
2013-07-08,0.9954963744022044,0.89551242133923,holt_winters,UCAYALI
2013-07-15,1.592794199043527,1.148043098830894,holt_winters,UCAYALI
2013-07-22,0.7963970995217635,1.2587896748832348,holt_winters,UCAYALI
2013-07-29,1.1945956492826453,1.6881336148500359,holt_winters,UCAYALI
2013-08-05,0.7963970995217635,0.9758368860579478,holt_winters,UCAYALI
2013-08-12,0.7963970995217635,0.9999896331368607,holt_winters,UCAYALI
2013-08-19,0.5972978246413226,0.6666673134385808,holt_winters,UCAYALI
2013-08-26,0.3981985497608817,0.6682798213608356,holt_winters,UCAYALI
2013-09-02,0.7963970995217634,0.4174432032390235,holt_winters,UCAYALI
2013-09-09,0.5972978246413226,0.5205786160698549,holt_winters,UCAYALI
2013-09-16,1.1945956492826453,0.5040638042466614,holt_winters,UCAYALI
2013-09-23,0.9954963744022042,0.4546032096319036,holt_winters,UCAYALI
2013-09-30,1.1945956492826453,0.7820314285646945,holt_winters,UCAYALI
2013-10-07,0.5972978246413226,0.8386091826433153,holt_winters,UCAYALI
2013-10-14,0.5972978246413226,0.6678218644601506,holt_winters,UCAYALI
2013-10-21,0.39819854976088176,0.6670471512542138,holt_winters,UCAYALI
2013-10-28,0.39819854976088176,0.4625113174616489,holt_winters,UCAYALI
2013-11-04,0.39819854976088176,0.5846875065275301,holt_winters,UCAYALI
2013-11-11,0.19909927488044088,0.524278019797531,holt_winters,UCAYALI
2013-11-18,0.19909927488044088,0.49972421117244914,holt_winters,UCAYALI
2013-11-25,0.19909927488044088,0.194873214951428,holt_winters,UCAYALI
2013-12-02,0.5972978246413226,0.2361290098183037,holt_winters,UCAYALI
2013-12-09,0.5972978246413226,0.3135776908981464,holt_winters,UCAYALI
2013-12-16,0.3981985497608817,0.2236075523198752,holt_winters,UCAYALI
2013-12-23,0.0,0.30947210168941286,holt_winters,UCAYALI
2013-12-30,0.0,0.2775459241191367,holt_winters,UCAYALI
2014-01-06,0.19457297070120205,0.43285943982889574,holt_winters,UCAYALI
2014-01-13,0.19457297070120205,0.7008748370556055,holt_winters,UCAYALI
2014-01-20,0.19457297070120205,0.24042670257077417,holt_winters,UCAYALI
2014-01-27,0.0,0.14172981349996197,holt_winters,UCAYALI
2014-02-03,0.0,0.03542061915749017,holt_winters,UCAYALI
2014-02-10,0.0,0.03406482758026116,holt_winters,UCAYALI
2014-02-17,0.0,0.25925819054926896,holt_winters,UCAYALI
2014-02-24,0.0,0.30336850173795615,holt_winters,UCAYALI
2014-03-03,0.0,0.4207965757241574,holt_winters,UCAYALI
2014-03-10,0.0,0.2952698299584734,holt_winters,UCAYALI
2014-03-17,0.19457297070120205,0.0,holt_winters,UCAYALI
2014-03-24,0.19457297070120205,0.0,holt_winters,UCAYALI
2014-03-31,0.19457297070120205,0.0,holt_winters,UCAYALI
2014-04-07,0.19457297070120205,0.0,holt_winters,UCAYALI
2014-04-14,0.3891459414024041,0.13039533625440194,holt_winters,UCAYALI
2014-04-21,0.5837189121036062,0.0005465125016586106,holt_winters,UCAYALI
2014-04-28,0.3891459414024041,0.0,holt_winters,UCAYALI
2014-05-05,0.19457297070120205,0.0,holt_winters,UCAYALI
2014-05-12,0.0,0.2566642291114617,holt_winters,UCAYALI
2014-05-19,0.0,0.2856219492623726,holt_winters,UCAYALI
2014-05-26,0.3891459414024041,0.25595096969795644,holt_winters,UCAYALI
2014-06-02,0.3891459414024041,0.33627646597475824,holt_winters,UCAYALI
2014-06-09,0.3891459414024041,0.716402151595668,holt_winters,UCAYALI
2014-06-16,0.0,0.7701118034336509,holt_winters,UCAYALI
2014-06-23,0.0,0.6529885040208119,holt_winters,UCAYALI
2014-06-30,0.0,0.5676405565532641,holt_winters,UCAYALI
2014-07-07,0.0,0.0,holt_winters,UCAYALI
2014-07-14,0.19457297070120205,0.0943878328701717,holt_winters,UCAYALI
2014-07-21,0.19457297070120205,0.06567540001912814,holt_winters,UCAYALI
2014-07-28,0.5837189121036062,0.3169317440816858,holt_winters,UCAYALI
2014-08-04,0.5837189121036062,0.3593107044246378,holt_winters,UCAYALI
2014-08-11,0.5837189121036062,0.3614139923440144,holt_winters,UCAYALI
2014-08-18,0.3891459414024041,0.14521240827728243,holt_winters,UCAYALI
2014-08-25,0.3891459414024041,0.11000663782856648,holt_winters,UCAYALI
2014-09-01,0.5837189121036062,0.3680246587842696,holt_winters,UCAYALI
2014-09-08,0.3891459414024041,0.4423005227702969,holt_winters,UCAYALI
2014-09-15,0.19457297070120205,0.5271362567580871,holt_winters,UCAYALI
2014-09-22,0.0,0.5037627251943158,holt_winters,UCAYALI
2014-09-29,0.0,0.0,holt_winters,UCAYALI
2014-10-06,0.19457297070120205,0.0,holt_winters,UCAYALI
2014-10-13,0.19457297070120205,0.0,holt_winters,UCAYALI
2014-10-20,0.19457297070120205,0.0,holt_winters,UCAYALI
2014-10-27,0.0,0.2438790321492128,holt_winters,UCAYALI
2014-11-03,0.0,0.3624675605991899,holt_winters,UCAYALI
2014-11-10,0.0,0.29979420119609934,holt_winters,UCAYALI
2014-11-17,0.0,0.26066780619464736,holt_winters,UCAYALI
2014-11-24,0.0,0.0006213852682424283,holt_winters,UCAYALI
2014-12-01,0.19457297070120205,0.08552596182119869,holt_winters,UCAYALI
2014-12-08,0.3891459414024041,0.10571187134765044,holt_winters,UCAYALI
2014-12-15,0.3891459414024041,0.029638434342344738,holt_winters,UCAYALI
2014-12-22,0.19457297070120205,0.19275848556107023,holt_winters,UCAYALI
2014-12-29,0.0,0.17467237146450254,holt_winters,UCAYALI
2015-01-05,0.19024789300458497,0.33224719959070104,holt_winters,UCAYALI
2015-01-12,0.19024789300458497,0.5517538499223964,holt_winters,UCAYALI
2015-01-19,0.5707436790137549,0.23145847152610705,holt_winters,UCAYALI
2015-01-26,0.38049578600916995,0.08939061163801296,holt_winters,UCAYALI
2015-02-02,0.38049578600916983,0.0,holt_winters,UCAYALI
2015-02-09,0.0,0.0,holt_winters,UCAYALI
2015-02-16,0.0,0.1666433813351172,holt_winters,UCAYALI
2015-02-23,0.19024789300458497,0.25923838116102843,holt_winters,UCAYALI
2015-03-02,0.19024789300458497,0.4196746015410597,holt_winters,UCAYALI
2015-03-09,0.19024789300458497,0.3296861653014102,holt_winters,UCAYALI
2015-03-16,0.0,0.14647077608922215,holt_winters,UCAYALI
2015-03-23,0.19024789300458497,0.041253247684417245,holt_winters,UCAYALI
2015-03-30,0.38049578600916995,0.04439738293112635,holt_winters,UCAYALI
2015-04-06,0.5707436790137549,0.09868710047783996,holt_winters,UCAYALI
2015-04-13,0.7609915720183399,0.5368151402342398,holt_winters,UCAYALI
2015-04-20,0.5707436790137549,0.37665280708620485,holt_winters,UCAYALI
2015-04-27,0.38049578600916983,0.18624833860174955,holt_winters,UCAYALI
2015-05-04,0.0,0.2123468523640628,holt_winters,UCAYALI
2015-05-11,0.19024789300458497,0.018476400670011967,holt_winters,UCAYALI
2015-05-18,0.19024789300458497,0.0417014015840454,holt_winters,UCAYALI
2015-05-25,0.38049578600916995,0.08659681291843532,holt_winters,UCAYALI
2015-06-01,0.19024789300458497,0.15592673646418148,holt_winters,UCAYALI
2015-06-08,0.38049578600916995,0.41690417314674005,holt_winters,UCAYALI
2015-06-15,0.5707436790137549,0.36873839121252955,holt_winters,UCAYALI
2015-06-22,0.5707436790137549,0.27877190908480104,holt_winters,UCAYALI
2015-06-29,0.38049578600916983,0.2134473742793726,holt_winters,UCAYALI
2015-07-06,0.19024789300458497,0.39868352030674276,holt_winters,UCAYALI
2015-07-13,0.5707436790137549,0.6556737707871618,holt_winters,UCAYALI
2015-07-20,0.7609915720183399,0.6036836631076039,holt_winters,UCAYALI
2015-07-27,0.5707436790137549,1.0864349257288475,holt_winters,UCAYALI
2015-08-03,0.1902478930045849,0.3446910639389447,holt_winters,UCAYALI
2015-08-10,0.0,0.37343525411229694,holt_winters,UCAYALI
2015-08-17,0.0,0.14304337538777992,holt_winters,UCAYALI
2015-08-24,0.38049578600916983,0.12161716998415757,holt_winters,UCAYALI
2015-08-31,0.38049578600916983,0.3029877903117725,holt_winters,UCAYALI
2015-09-07,0.38049578600916983,0.2920432129385754,holt_winters,UCAYALI
2015-09-14,0.0,0.29147861869754593,holt_winters,UCAYALI
2015-09-21,0.0,0.2419092658546038,holt_winters,UCAYALI
2015-09-28,0.0,0.0,holt_winters,UCAYALI
2015-10-05,0.0,0.0,holt_winters,UCAYALI
2015-10-12,0.1902478930045849,0.0,holt_winters,UCAYALI
2015-10-19,0.1902478930045849,0.0,holt_winters,UCAYALI
2015-10-26,0.1902478930045849,0.1811836407855936,holt_winters,UCAYALI
2015-11-02,0.0,0.32385425339999124,holt_winters,UCAYALI
2015-11-09,0.0,0.28636045147492134,holt_winters,UCAYALI
2015-11-16,0.0,0.26606131531639643,holt_winters,UCAYALI
2015-11-23,0.0,0.00890064838169606,holt_winters,UCAYALI
2015-11-30,0.1902478930045849,0.13089115504561352,holt_winters,UCAYALI
2015-12-07,0.1902478930045849,0.18402497657508846,holt_winters,UCAYALI
2015-12-14,0.38049578600916983,0.09979769212306366,holt_winters,UCAYALI
2015-12-21,0.1902478930045849,0.09484305850474631,holt_winters,UCAYALI
2015-12-28,0.1902478930045849,0.03202047029090113,holt_winters,UCAYALI
2016-01-04,0.0,0.15850379972137862,holt_winters,UCAYALI
2016-01-11,0.0,0.30008244361456604,holt_winters,UCAYALI
2016-01-18,0.0,0.25530206753207874,holt_winters,UCAYALI
2016-01-25,0.0,0.10552346833649774,holt_winters,UCAYALI
2016-02-01,0.0,0.029336026297845486,holt_winters,UCAYALI
2016-02-08,0.0,0.0,holt_winters,UCAYALI
2016-02-15,0.0,0.13478974293433074,holt_winters,UCAYALI
2016-02-22,0.0,0.1508296680363497,holt_winters,UCAYALI
2016-02-29,0.0,0.2935799553986738,holt_winters,UCAYALI
2016-03-07,0.5583327439821034,0.2559761285420192,holt_winters,UCAYALI
2016-03-14,0.5583327439821034,0.3683878875000977,holt_winters,UCAYALI
2016-03-21,0.5583327439821034,0.2993630879235565,holt_winters,UCAYALI
2016-03-28,0.0,0.3543113013711287,holt_winters,UCAYALI
2016-04-04,0.0,0.5318877858308129,holt_winters,UCAYALI
2016-04-11,0.1861109146607011,0.04066082290837398,holt_winters,UCAYALI
2016-04-18,0.1861109146607011,0.0,holt_winters,UCAYALI
2016-04-25,0.1861109146607011,0.0,holt_winters,UCAYALI
2016-05-02,0.0,0.0,holt_winters,UCAYALI
2016-05-09,0.0,0.0222375845126359,holt_winters,UCAYALI
2016-05-16,0.0,0.05266706567718628,holt_winters,UCAYALI
2016-05-23,0.0,0.1377623991081837,holt_winters,UCAYALI
2016-05-30,0.0,0.1810207664867145,holt_winters,UCAYALI
2016-06-06,0.0,0.08392507016265507,holt_winters,UCAYALI
2016-06-13,0.0,0.060147056686971394,holt_winters,UCAYALI
2016-06-20,0.0,0.006363917184648952,holt_winters,UCAYALI
2016-06-27,0.0,0.0,holt_winters,UCAYALI
2016-07-04,0.1861109146607011,0.0,holt_winters,UCAYALI
2016-07-11,0.3722218293214023,0.2306737143863773,holt_winters,UCAYALI
2016-07-18,0.3722218293214023,0.22681594856647327,holt_winters,UCAYALI
2016-07-25,0.1861109146607011,0.46085078666943435,holt_winters,UCAYALI
2016-08-01,0.0,0.0,holt_winters,UCAYALI
2016-08-08,0.0,0.0,holt_winters,UCAYALI
2016-08-15,0.0,0.0,holt_winters,UCAYALI
2016-08-22,0.3722218293214023,0.0,holt_winters,UCAYALI
2016-08-29,0.3722218293214023,0.414475781761246,holt_winters,UCAYALI
2016-09-05,0.3722218293214023,0.32929819436287283,holt_winters,UCAYALI
2016-09-12,0.1861109146607011,0.19424754050349877,holt_winters,UCAYALI
2016-09-19,0.3722218293214023,0.15094509550969645,holt_winters,UCAYALI
2016-09-26,0.5583327439821035,0.27818743659707273,holt_winters,UCAYALI
2016-10-03,0.3722218293214023,0.22497813226978206,holt_winters,UCAYALI
2016-10-10,0.1861109146607011,0.20646728181271293,holt_winters,UCAYALI
2016-10-17,0.0,0.20795385483868348,holt_winters,UCAYALI
2016-10-24,0.0,0.0,holt_winters,UCAYALI
2016-10-31,0.0,0.0026152821581524833,holt_winters,UCAYALI
2016-11-07,0.0,0.0,holt_winters,UCAYALI
2016-11-14,0.0,0.0,holt_winters,UCAYALI
2016-11-21,0.0,0.004716824499873648,holt_winters,UCAYALI
2016-11-28,0.0,0.16756414858131277,holt_winters,UCAYALI
2016-12-05,0.0,0.22516105452936855,holt_winters,UCAYALI
2016-12-12,0.0,0.17574158740263074,holt_winters,UCAYALI
2016-12-19,0.0,0.0,holt_winters,UCAYALI
2016-12-26,0.1861109146607011,0.0,holt_winters,UCAYALI
2017-01-02,0.1861109146607011,0.0,holt_winters,UCAYALI
2017-01-09,0.1861109146607011,0.0,holt_winters,UCAYALI
2017-01-16,0.0,0.3708948242597559,holt_winters,UCAYALI
2017-01-23,0.0,0.25373615825709356,holt_winters,UCAYALI
2017-01-30,0.0,0.25181313695355645,holt_winters,UCAYALI
2017-02-06,0.0,0.07950324863100065,holt_winters,UCAYALI
2017-02-13,0.0,0.028835821740603305,holt_winters,UCAYALI
2017-02-20,0.0,0.07105472868920128,holt_winters,UCAYALI
2017-02-27,0.0,0.14103304495529045,holt_winters,UCAYALI
2017-03-06,0.0,0.21544456551671012,holt_winters,UCAYALI
2017-03-13,0.0,0.0,holt_winters,UCAYALI
2017-03-20,0.0,0.0,holt_winters,UCAYALI
2017-03-27,0.18215002604745364,0.0,holt_winters,UCAYALI
2017-04-03,0.36430005209490735,0.0,holt_winters,UCAYALI
2017-04-10,0.36430005209490735,0.4608311857763435,holt_winters,UCAYALI
2017-04-17,0.36430005209490735,0.3188466325436543,holt_winters,UCAYALI
2017-04-24,0.18215002604745364,0.25091158586214346,holt_winters,UCAYALI
2017-05-01,0.18215002604745364,0.2067465854177522,holt_winters,UCAYALI
2017-05-08,0.0,0.18186441171097398,holt_winters,UCAYALI
2017-05-15,0.36430005209490735,0.1924233425668421,holt_winters,UCAYALI
2017-05-22,0.36430005209490735,0.23282582735653704,holt_winters,UCAYALI
2017-05-29,0.546450078142361,0.33905590719708384,holt_winters,UCAYALI
2017-06-05,0.18215002604745364,0.6405081370891734,holt_winters,UCAYALI
2017-06-12,0.18215002604745364,0.614313411538556,holt_winters,UCAYALI
2017-06-19,0.36430005209490735,0.4524527045131328,holt_winters,UCAYALI
2017-06-26,0.546450078142361,0.5268649404507186,holt_winters,UCAYALI
2017-07-03,1.0929001562847223,0.5520735923141347,holt_winters,UCAYALI
2017-07-10,0.9107501302372686,1.0348192135562644,holt_winters,UCAYALI
2017-07-17,0.9107501302372686,0.9331999879109953,holt_winters,UCAYALI
2017-07-24,0.5464500781423611,1.0517647004981932,holt_winters,UCAYALI
2017-07-31,0.5464500781423611,0.33381979345044144,holt_winters,UCAYALI
2017-08-07,0.7286001041898148,0.30277545534538197,holt_winters,UCAYALI
2017-08-14,0.7286001041898148,0.2518632667137232,holt_winters,UCAYALI
2017-08-21,0.546450078142361,0.4242118960680816,holt_winters,UCAYALI
2017-08-28,0.36430005209490735,0.7264073003916032,holt_winters,UCAYALI
2017-09-04,0.36430005209490735,0.6249170497756176,holt_winters,UCAYALI
2017-09-11,0.5464500781423611,0.5041527205242962,holt_winters,UCAYALI
2017-09-18,0.7286001041898148,0.4779755078413928,holt_winters,UCAYALI
2017-09-25,0.7286001041898148,0.8141344679461067,holt_winters,UCAYALI
2017-10-02,0.7286001041898148,0.6987366423341708,holt_winters,UCAYALI
2017-10-09,0.36430005209490735,0.6897593347016067,holt_winters,UCAYALI
2017-10-16,0.18215002604745364,0.574627612342649,holt_winters,UCAYALI
2017-10-23,0.7286001041898148,0.13640215062229516,holt_winters,UCAYALI
2017-10-30,1.0929001562847223,0.08372250934994648,holt_winters,UCAYALI
2017-11-06,1.4572002083796296,0.07986383218065943,holt_winters,UCAYALI
2017-11-13,0.7286001041898148,0.10552068991182394,holt_winters,UCAYALI
2017-11-20,0.9107501302372686,0.7511473337410126,holt_winters,UCAYALI
2017-11-27,1.0929001562847225,0.9639857282581508,holt_winters,UCAYALI
2017-12-04,1.8215002604745372,0.9779810218834859,holt_winters,UCAYALI
2017-12-11,2.185800312569445,1.0052052295365548,holt_winters,UCAYALI
2017-12-18,1.8215002604745374,1.5127937445518311,holt_winters,UCAYALI
2017-12-25,1.275050182332176,1.5127937445518311,holt_winters,UCAYALI
2018-01-01,1.2536585222560415,1.5127937445518311,holt_winters,UCAYALI
2018-01-08,1.782995272337495,1.5127937445518311,holt_winters,UCAYALI
2018-01-15,2.490203716451175,1.795593105045767,holt_winters,UCAYALI
2018-01-22,1.956588634354495,1.624892980865226,holt_winters,UCAYALI
2018-01-29,1.2451018582255875,1.6205634630261332,holt_winters,UCAYALI
2018-02-05,0.3557433880644536,1.388335267287638,holt_winters,UCAYALI
2018-02-12,0.1778716940322268,0.3799387663565214,holt_winters,UCAYALI
2018-02-19,1.2451018582255875,0.4489044942625934,holt_winters,UCAYALI
2018-02-26,1.778716940322268,0.49978617912399576,holt_winters,UCAYALI
2018-03-05,1.9565886343544945,0.6148391692838397,holt_winters,UCAYALI
2018-03-12,1.600845246290041,1.954819731498803,holt_winters,UCAYALI
2018-03-19,1.4229735522578144,1.9565886343544945,holt_winters,UCAYALI
2018-03-26,1.2451018582255877,1.9565886343544945,holt_winters,UCAYALI
2018-04-02,1.2451018582255877,1.9565886343544945,holt_winters,UCAYALI
2018-04-09,0.889358470161134,1.513733111620307,holt_winters,UCAYALI
2018-04-16,1.0672301641933608,1.3832435094233184,holt_winters,UCAYALI
2018-04-23,0.3557433880644536,1.1610885480596496,holt_winters,UCAYALI
2018-04-30,0.3557433880644536,1.0564971793276827,holt_winters,UCAYALI
2018-05-07,0.0,0.2869852622744511,holt_winters,UCAYALI
2018-05-14,0.0,0.40614744853875434,holt_winters,UCAYALI
2018-05-21,0.3557433880644536,0.47539785226122433,holt_winters,UCAYALI
2018-05-28,0.5336150820966804,0.5123070199768103,holt_winters,UCAYALI
2018-06-04,0.7114867761289072,0.4761059331644381,holt_winters,UCAYALI
2018-06-11,0.889358470161134,0.4221663311280854,holt_winters,UCAYALI
2018-06-18,1.4229735522578144,0.43321366220012303,holt_winters,UCAYALI
2018-06-25,1.600845246290041,0.5010041817487876,holt_winters,UCAYALI
2018-07-02,1.0672301641933608,1.805896106442678,holt_winters,UCAYALI
2018-07-09,0.7114867761289072,1.9565886343544945,holt_winters,UCAYALI
2018-07-16,0.7114867761289072,1.9565886343544945,holt_winters,UCAYALI
2018-07-23,1.0672301641933608,1.9565886343544945,holt_winters,UCAYALI
2018-07-30,0.7114867761289073,0.8450416695912806,holt_winters,UCAYALI
2018-08-06,0.3557433880644536,0.8266129382285679,holt_winters,UCAYALI
2018-08-13,0.1778716940322268,0.742076110114217,holt_winters,UCAYALI
2018-08-20,0.1778716940322268,0.8890955113492001,holt_winters,UCAYALI
2018-08-27,0.1778716940322268,0.1802279665617793,holt_winters,UCAYALI
2018-09-03,0.7114867761289072,0.12729010276567157,holt_winters,UCAYALI
2018-09-10,1.4229735522578144,0.09227600609548624,holt_winters,UCAYALI
2018-09-17,1.4229735522578144,0.09267018722467554,holt_winters,UCAYALI
2018-09-24,1.0672301641933608,1.4912889962310243,holt_winters,UCAYALI
2018-10-01,0.3557433880644536,1.4219378804473735,holt_winters,UCAYALI
2018-10-08,0.7114867761289072,1.3688827831667343,holt_winters,UCAYALI
2018-10-15,0.5336150820966804,1.198868209417327,holt_winters,UCAYALI
2018-10-22,0.7114867761289072,0.6095264823879456,holt_winters,UCAYALI
2018-10-29,0.5336150820966804,0.6273656102829657,holt_winters,UCAYALI
2018-11-05,0.7114867761289072,0.6398855452989185,holt_winters,UCAYALI
2018-11-12,0.889358470161134,0.5363322017190673,holt_winters,UCAYALI
2018-11-19,0.889358470161134,0.9309408220139945,holt_winters,UCAYALI
2018-11-26,0.7114867761289071,1.2420693420658395,holt_winters,UCAYALI
2018-12-03,1.2451018582255875,1.4591861704355726,holt_winters,UCAYALI
2018-12-10,1.2451018582255875,1.5317019068083235,holt_winters,UCAYALI
2018-12-17,1.0672301641933606,1.0167544165951474,holt_winters,UCAYALI
2018-12-24,0.5336150820966803,0.9055824331590887,holt_winters,UCAYALI
2018-12-31,1.4979064146293546,0.9509918275529117,holt_winters,UCAYALI
2019-01-07,1.845485871293148,1.0180025833775725,holt_winters,UCAYALI
2019-01-14,1.6635322115605906,1.9565886343544945,holt_winters,UCAYALI
2019-01-21,0.868948641659483,1.786562475470268,holt_winters,UCAYALI
2019-01-28,1.2165280983232762,1.6216825856774144,holt_winters,UCAYALI
2019-02-04,1.3903178266551732,1.2094305799642187,holt_winters,UCAYALI
2019-02-11,1.737897283318966,1.2956364028293015,holt_winters,UCAYALI
2019-02-18,2.1849013965562807,1.7213810898033404,holt_winters,UCAYALI
2019-02-25,2.532480853220074,1.851894713135982,holt_winters,UCAYALI
2019-03-04,2.1849013965562807,1.9565886343544945,holt_winters,UCAYALI
2019-03-11,1.2165280983232762,1.9452605967409866,holt_winters,UCAYALI
2019-03-18,1.6635322115605906,1.9987041433011514,holt_winters,UCAYALI
2019-03-25,1.8373219398924876,1.8710082072624763,holt_winters,UCAYALI
2019-04-01,2.532480853220074,2.023718001537003,holt_winters,UCAYALI
2019-04-08,2.433056196646553,2.3106057081609617,holt_winters,UCAYALI
2019-04-15,2.954425381642243,2.3106057081609617,holt_winters,UCAYALI
2019-04-22,3.227639766547661,2.077856323801954,holt_winters,UCAYALI
2019-04-29,2.532480853220074,1.6859459382954465,holt_winters,UCAYALI
2019-05-06,2.3586911248881774,2.2664620583781994,holt_winters,UCAYALI
2019-05-13,1.5641075549870695,2.462973771369636,holt_winters,UCAYALI
2019-05-20,2.259266468314656,2.5324808532200747,holt_winters,UCAYALI
2019-05-27,2.433056196646553,2.5324808532200747,holt_winters,UCAYALI
2019-06-03,2.7806356533103465,2.4002943660596454,holt_winters,UCAYALI
2019-06-10,2.433056196646553,2.3877916514036097,holt_winters,UCAYALI
2019-06-17,2.08547673998276,2.5324808532200747,holt_winters,UCAYALI
2019-06-24,1.911687011650863,2.5324808532200747,holt_winters,UCAYALI
2019-07-01,1.737897283318966,1.9758989402530975,holt_winters,UCAYALI
2019-07-08,1.2165280983232762,2.085290628328945,holt_winters,UCAYALI
2019-07-15,1.0427383699913797,2.0854640190394576,holt_winters,UCAYALI
2019-07-22,1.0427383699913797,2.028197335411265,holt_winters,UCAYALI
2019-07-29,1.2165280983232762,0.7375079999386194,holt_winters,UCAYALI
2019-08-05,1.0427383699913797,0.6505548823035558,holt_winters,UCAYALI
2019-08-12,0.8689486416594829,0.5738169459400257,holt_winters,UCAYALI
2019-08-19,1.6635322115605906,0.759060554744015,holt_winters,UCAYALI
2019-08-26,1.8373219398924874,1.5670952699525365,holt_winters,UCAYALI
2019-09-02,1.489742483228694,1.7557530585937435,holt_winters,UCAYALI
2019-09-09,0.5213691849956895,1.722339860045763,holt_winters,UCAYALI
2019-09-16,0.5213691849956895,1.801312426432189,holt_winters,UCAYALI
2019-09-23,0.5213691849956895,0.5094603304528516,holt_winters,UCAYALI
2019-09-30,0.6951589133275862,0.3779456542069189,holt_winters,UCAYALI
2019-10-07,0.34757945666379286,0.3661852287589368,holt_winters,UCAYALI
2019-10-14,0.5213691849956895,0.24167777420271913,holt_winters,UCAYALI
2019-10-21,0.6951589133275862,0.715987906795567,holt_winters,UCAYALI
2019-10-28,0.8689486416594829,0.6781031886610429,holt_winters,UCAYALI
2019-11-04,0.6951589133275863,0.764934236072013,holt_winters,UCAYALI
2019-11-11,0.3475794566637929,0.6721804212683731,holt_winters,UCAYALI
2019-11-18,0.6951589133275863,0.3806246424157809,holt_winters,UCAYALI
2019-11-25,1.0427383699913797,0.4694825939025809,holt_winters,UCAYALI
2019-12-02,1.2165280983232762,0.6884981618196688,holt_winters,UCAYALI
2019-12-09,0.6951589133275863,0.7743050564602509,holt_winters,UCAYALI
2019-12-16,1.0427383699913797,0.5508615337303528,holt_winters,UCAYALI
2019-12-23,1.2165280983232762,0.3942408500780682,holt_winters,UCAYALI
2019-12-30,1.5641075549870695,0.5309888000996037,holt_winters,UCAYALI
2020-01-06,0.8689486416594828,0.6359061936994692,holt_winters,UCAYALI
2020-01-13,0.5174703697085268,0.8605573037815915,holt_winters,UCAYALI
2020-01-20,0.8494545652236694,0.6461005334871481,holt_winters,UCAYALI
2020-01-27,1.529018217402605,0.62105086213461,holt_winters,UCAYALI
2020-02-03,1.698909130447339,0.40071821375188627,holt_winters,UCAYALI
2020-02-10,1.359127304357871,1.6841580805219358,holt_winters,UCAYALI
2020-02-17,0.8494545652236692,2.243045707421267,holt_winters,UCAYALI
2020-02-24,0.6795636521789352,2.4385310611373288,holt_winters,UCAYALI
2020-03-02,0.33978182608946733,2.634224321257092,holt_winters,UCAYALI
2020-03-09,0.33978182608946733,0.18743989653732077,holt_winters,UCAYALI
2020-03-16,0.33978182608946733,0.23093126610427486,holt_winters,UCAYALI
2020-03-23,0.8494545652236694,0.17672570285032396,holt_winters,UCAYALI
2020-03-30,0.8494545652236692,0.28132349687725616,holt_winters,UCAYALI
2020-04-06,1.0193454782684033,0.8320857669982826,holt_winters,UCAYALI
2020-04-13,0.8494545652236692,0.8981219474370723,holt_winters,UCAYALI
2020-04-20,0.8494545652236692,0.6899277585653465,holt_winters,UCAYALI
2020-04-27,0.5096727391342014,0.4877900881283843,holt_winters,UCAYALI
2020-05-04,0.16989091304473344,0.3228380154437908,holt_winters,UCAYALI
2020-05-11,0.0,0.3356059916413892,holt_winters,UCAYALI
2020-05-18,0.0,0.5360400405017653,holt_winters,UCAYALI
2020-05-25,0.16989091304473344,0.5854058711702756,holt_winters,UCAYALI
2020-06-01,0.5096727391342014,0.1516865365903363,holt_winters,UCAYALI
2020-06-08,0.6795636521789352,0.18515238207340723,holt_winters,UCAYALI
2020-06-15,1.0193454782684033,0.25752573104554155,holt_winters,UCAYALI
2020-06-22,0.8494545652236694,0.26245147590243323,holt_winters,UCAYALI
2020-06-29,0.6795636521789353,0.9360659879857685,holt_winters,UCAYALI
2020-07-06,0.8494545652236692,0.8698228446742715,holt_winters,UCAYALI
2020-07-13,1.1892363913131372,0.850486936479421,holt_winters,UCAYALI
2020-07-20,1.6989091304473394,0.725287052623653,holt_winters,UCAYALI
2020-07-27,1.0193454782684033,1.5076469119520213,holt_winters,UCAYALI
2020-08-03,1.6518357656991025,1.3214792640066464,holt_winters,UCAYALI
2020-08-10,1.4819448526543686,1.2133895368944585,holt_winters,UCAYALI
2020-08-17,1.4819448526543686,1.635329778900449,holt_winters,UCAYALI
2020-08-24,0.6795636521789352,1.4325713843830896,holt_winters,UCAYALI
2020-08-31,0.33978182608946733,1.5841393899236489,holt_winters,UCAYALI
2020-09-07,0.5096727391342012,1.364535721234108,holt_winters,UCAYALI
2020-09-14,0.5096727391342013,1.5049580599157615,holt_winters,UCAYALI
2020-09-21,1.0193454782684033,0.49756432056309935,holt_winters,UCAYALI
2020-09-28,1.529018217402605,0.3506862893046949,holt_winters,UCAYALI
2020-10-05,1.359127304357871,0.28095411391789765,holt_winters,UCAYALI
2020-10-12,1.529018217402605,0.19416955248739734,holt_winters,UCAYALI
2020-10-19,1.3591273043578713,1.9192735277460726,holt_winters,UCAYALI
2020-10-26,1.868800043492073,1.9484803920458629,holt_winters,UCAYALI
2020-11-02,1.529018217402605,2.0710951542621197,holt_winters,UCAYALI
2020-11-09,1.019345478268403,1.799917328205765,holt_winters,UCAYALI
2020-11-16,0.6795636521789352,1.184651856613836,holt_winters,UCAYALI
2020-11-23,0.33978182608946733,1.3371300179835663,holt_winters,UCAYALI
2020-11-30,0.6795636521789352,1.6543052300230148,holt_winters,UCAYALI
2020-12-07,1.019345478268403,1.6469349789684062,holt_winters,UCAYALI
2020-12-14,1.0193454782684033,1.0036869114763944,holt_winters,UCAYALI
2020-12-21,1.5290182174026052,0.9106999585728468,holt_winters,UCAYALI
2020-12-28,1.3591273043578713,1.097460977905342,holt_winters,UCAYALI
2021-01-04,1.5252904965521894,1.1123623137623797,holt_winters,UCAYALI
2021-01-11,1.174325507911473,1.3839620695363974,holt_winters,UCAYALI
2021-01-18,0.8308159609715888,1.2068903141892604,holt_winters,UCAYALI
2021-01-25,0.664652768777271,1.2763148635864292,holt_winters,UCAYALI
2021-02-01,0.664652768777271,1.0974880403660512,holt_winters,UCAYALI
2021-02-08,0.9969791531659068,0.6046379207368289,holt_winters,UCAYALI
2021-02-15,1.3293055375545426,0.7835989286633449,holt_winters,UCAYALI
2021-02-22,1.1631423453602245,0.8562352816813474,holt_winters,UCAYALI
2021-03-01,1.1631423453602245,0.915725521217535,holt_winters,UCAYALI
2021-03-08,0.9969791531659068,0.9050821877432553,holt_winters,UCAYALI
2021-03-15,1.1631423453602245,0.9975563542523231,holt_winters,UCAYALI
2021-03-22,0.6646527687772709,1.0497084013298075,holt_winters,UCAYALI
2021-03-29,0.8308159609715888,1.2362576136824495,holt_winters,UCAYALI
2021-04-05,0.3323263843886352,0.7785330547944516,holt_winters,UCAYALI
2021-04-12,0.8308159609715888,0.8269477611068683,holt_winters,UCAYALI
2021-04-19,0.664652768777271,0.650646833189662,holt_winters,UCAYALI
2021-04-26,0.8308159609715888,0.47511042890240734,holt_winters,UCAYALI
2021-05-03,0.664652768777271,0.5066042667297517,holt_winters,UCAYALI
2021-05-10,0.8308159609715888,0.47059927414877856,holt_winters,UCAYALI
2021-05-17,1.806815795342172,0.6381646132705523,holt_winters,UCAYALI
2021-05-24,1.97297898753649,0.7934187667360728,holt_winters,UCAYALI
2021-05-31,1.8068157953421717,2.111320908855949,holt_winters,UCAYALI
2021-06-07,0.6646527687772709,2.1690676584595545,holt_winters,UCAYALI
2021-06-14,0.49848957658295295,2.469260385465783,holt_winters,UCAYALI
2021-06-21,0.49848957658295295,2.492500362452071,holt_winters,UCAYALI
2021-06-28,0.49848957658295295,0.46721559398993295,holt_winters,UCAYALI
2021-07-05,0.16616319219431716,0.393836157993884,holt_winters,UCAYALI
2021-07-12,0.16616319219431716,0.4162393903607431,holt_winters,UCAYALI
2021-07-19,0.49848957658295295,0.42584907815465867,holt_winters,UCAYALI
2021-07-26,0.49848957658295295,0.35663764545924875,holt_winters,UCAYALI
2021-08-02,0.49848957658295295,0.37260351123709845,holt_winters,UCAYALI
2021-08-09,0.49848957658295295,0.2910830557363324,holt_winters,UCAYALI
2021-08-16,0.6646527687772709,0.44099128830516066,holt_winters,UCAYALI
2021-08-23,0.6646527687772709,0.4828640480710307,holt_winters,UCAYALI
2021-08-30,0.4984895765829537,0.49956824129627514,holt_winters,UCAYALI
2021-09-06,0.6646527687772709,0.495849977614082,holt_winters,UCAYALI
2021-09-13,0.9969791531659066,0.5838484316520325,holt_winters,UCAYALI
2021-09-20,1.1631423453602243,1.0553584505982654,holt_winters,UCAYALI
2021-09-27,0.8308159609715887,1.009341650839684,holt_winters,UCAYALI
2021-10-04,0.49848957658295295,0.8661249067813541,holt_winters,UCAYALI
2021-10-11,0.6646527687772708,0.8025503409944152,holt_winters,UCAYALI
2021-10-18,1.3293055375545422,0.8931948224315789,holt_winters,UCAYALI
2021-10-25,1.1631423453602245,1.0413785034100127,holt_winters,UCAYALI
2021-11-01,1.806815795342172,1.0600183662994858,holt_winters,UCAYALI
2021-11-08,1.1421630265649003,0.7869552382120946,holt_winters,UCAYALI
2021-11-15,1.806815795342172,1.2110101143067946,holt_winters,UCAYALI
2021-11-22,0.8308159609715887,1.1985395047692253,holt_winters,UCAYALI
2021-11-29,1.1631423453602245,1.6264778722759905,holt_winters,UCAYALI
2021-12-06,0.49848957658295295,1.6491141948112116,holt_winters,UCAYALI
2021-12-13,0.8308159609715887,0.49249647295339144,holt_winters,UCAYALI
2021-12-20,0.6646527687772709,0.47533369701316963,holt_winters,UCAYALI
2021-12-27,1.6616319219431783,0.641583208589126,holt_winters,UCAYALI
2022-01-03,2.3013093112022074,0.6658057586064674,holt_winters,UCAYALI
2022-01-10,2.9481225231807353,2.135352127060329,holt_winters,UCAYALI
2022-01-17,2.764119774187673,1.8136594764457175,holt_winters,UCAYALI
2022-01-24,2.113738650849397,1.8520958754629824,holt_winters,UCAYALI
2022-01-31,1.788548089180259,1.6288789576462777,holt_winters,UCAYALI
2022-02-07,1.1381669658419826,1.8116573709152721,holt_winters,UCAYALI
2022-02-14,0.8129764041728446,2.214647032976586,holt_winters,UCAYALI
2022-02-21,0.6503811233382756,2.2864510024293603,holt_winters,UCAYALI
2022-02-28,0.6503811233382756,2.0935151894062365,holt_winters,UCAYALI
2022-03-07,0.8129764041728448,0.43252931400316913,holt_winters,UCAYALI
2022-03-14,0.6503811233382756,0.4776390296587838,holt_winters,UCAYALI
2022-03-21,0.8129764041728448,0.5317110371309732,holt_winters,UCAYALI
2022-03-28,0.8129764041728446,0.6676358039038495,holt_winters,UCAYALI
2022-04-04,0.8129764041728446,0.6286302774147436,holt_winters,UCAYALI
2022-04-11,0.9755716850074135,0.781434838792308,holt_winters,UCAYALI
2022-04-18,0.8129764041728446,0.5781558860434233,holt_winters,UCAYALI
2022-04-25,0.6503811233382755,0.4864875242274136,holt_winters,UCAYALI
2022-05-02,0.4877858425037065,0.3839398286342325,holt_winters,UCAYALI
2022-05-09,0.4877858425037065,0.3587744578547482,holt_winters,UCAYALI
2022-05-16,0.4877858425037065,0.6316613716870867,holt_winters,UCAYALI
2022-05-23,0.3251905616691374,0.7924554834642608,holt_winters,UCAYALI
2022-05-30,0.6503811233382755,0.46951522870602314,holt_winters,UCAYALI
2022-06-06,0.6503811233382755,0.3166494660456536,holt_winters,UCAYALI
2022-06-13,0.8129764041728446,0.38630153879236406,holt_winters,UCAYALI
2022-06-20,0.6503811233382756,0.37717060736869096,holt_winters,UCAYALI
2022-06-27,0.8129764041728446,0.49867967200888197,holt_winters,UCAYALI
2022-07-04,0.6503811233382756,0.3302129190433119,holt_winters,UCAYALI
2022-07-11,0.4877858425037072,0.3643979478695239,holt_winters,UCAYALI
2022-07-18,0.4877858425037072,0.4987684624270359,holt_winters,UCAYALI
2022-07-25,0.3251905616691374,0.3490732374746351,holt_winters,UCAYALI
2022-08-01,0.3251905616691374,0.36486691793227105,holt_winters,UCAYALI
2022-08-08,0.16259528083456834,0.2840880342052109,holt_winters,UCAYALI
2022-08-15,0.16259528083456834,0.3745399592026828,holt_winters,UCAYALI
2022-08-22,0.3251905616691374,0.07395516266758231,holt_winters,UCAYALI
2022-08-29,0.6503811233382756,0.048913814401554054,holt_winters,UCAYALI
2022-09-05,0.6503811233382756,0.0875400147349093,holt_winters,UCAYALI
2022-09-12,0.3251905616691374,0.14880153273865493,holt_winters,UCAYALI
2022-09-19,0.0,0.3997173060240009,holt_winters,UCAYALI
2022-09-26,0.0,0.32749792683962664,holt_winters,UCAYALI
2022-10-03,0.3251905616691374,0.1986039307600193,holt_winters,UCAYALI
2022-10-10,0.3251905616691374,0.20748154359642135,holt_winters,UCAYALI
2022-10-17,0.3251905616691374,0.49988437119684964,holt_winters,UCAYALI
2022-10-24,0.16259528083456834,0.5695164161801178,holt_winters,UCAYALI
2022-10-31,0.8129764041728446,0.650057066925847,holt_winters,UCAYALI
2022-11-07,0.8129764041728446,0.3453283463194898,holt_winters,UCAYALI
2022-11-14,0.6503811233382756,0.9655153784732229,holt_winters,UCAYALI
2022-11-21,0.16259528083456834,0.7600596478831363,holt_winters,UCAYALI
2022-11-28,0.4877858425037065,1.1429647503933218,holt_winters,UCAYALI
2022-12-05,0.8129764041728446,0.9875719786715382,holt_winters,UCAYALI
2010-12-27,0.0,0.019006196693950702,arima,UCAYALI
2011-01-03,0.6264434300701199,0.05933002532972749,arima,UCAYALI
2011-01-10,0.6264434300701199,0.033701840194163404,arima,UCAYALI
2011-01-17,0.8352579067601599,0.02735022599390534,arima,UCAYALI
2011-01-24,0.20881447669004005,0.6149370417574993,arima,UCAYALI
2011-01-31,0.20881447669004005,0.6761690234774169,arima,UCAYALI
2011-02-07,0.0,0.7521106370033441,arima,UCAYALI
2011-02-14,0.0,0.6932500750003516,arima,UCAYALI
2011-02-21,0.0,0.0,arima,UCAYALI
2011-02-28,0.20881447669004005,0.0,arima,UCAYALI
2011-03-07,1.0440723834502,0.0,arima,UCAYALI
2011-03-14,1.4617013368302798,0.0,arima,UCAYALI
2011-03-21,1.2528868601402399,1.476688585716232,arima,UCAYALI
2011-03-28,0.8352579067601599,1.475509832262298,arima,UCAYALI
2011-04-04,0.8352579067601599,1.4601662359892842,arima,UCAYALI
2011-04-11,1.8793302902103595,1.476688585716232,arima,UCAYALI
2011-04-18,1.6705158135203195,1.548078228844582,arima,UCAYALI
2011-04-25,1.4617013368302798,1.548078228844582,arima,UCAYALI
2011-05-02,0.41762895338007994,1.548078228844582,arima,UCAYALI
2011-05-09,0.20881447669003997,1.548078228844582,arima,UCAYALI
2011-05-16,0.41762895338007994,0.08551014168835615,arima,UCAYALI
2011-05-23,0.41762895338007994,0.12432746521150786,arima,UCAYALI
2011-05-30,0.6264434300701199,0.16015697606001858,arima,UCAYALI
2011-06-06,0.20881447669003997,0.1311264378561302,arima,UCAYALI
2011-06-13,1.0440723834502,0.1839016770673167,arima,UCAYALI
2011-06-20,0.8352579067601599,0.15306389790918554,arima,UCAYALI
2011-06-27,1.2528868601402399,0.17424768275994768,arima,UCAYALI
2011-07-04,0.41762895338007994,0.1794548176881446,arima,UCAYALI
2011-07-11,0.41762895338007994,0.4310166475309129,arima,UCAYALI
2011-07-18,0.20881447669003997,0.3042863537345833,arima,UCAYALI
2011-07-25,0.41762895338007994,0.364185502212681,arima,UCAYALI
2011-08-01,1.0440723834501997,0.37287988199739225,arima,UCAYALI
2011-08-08,0.8352579067601598,1.4314490231077341,arima,UCAYALI
2011-08-15,1.0440723834501997,1.640578263594193,arima,UCAYALI
2011-08-22,0.41762895338007994,1.4053221346134923,arima,UCAYALI
2011-08-29,0.6264434300701199,1.4607836516946988,arima,UCAYALI
2011-09-05,0.20881447669003997,0.48904494762224826,arima,UCAYALI
2011-09-12,0.41762895338007994,0.5527907077582466,arima,UCAYALI
2011-09-19,0.20881447669003997,0.5607867634696639,arima,UCAYALI
2011-09-26,0.41762895338007994,0.535879217112299,arima,UCAYALI
2011-10-03,0.20881447669003997,0.28585348765055585,arima,UCAYALI
2011-10-10,0.20881447669003997,0.3850237036306895,arima,UCAYALI
2011-10-17,0.0,0.3675540605763758,arima,UCAYALI
2011-10-24,0.20881447669003997,0.34729406492819115,arima,UCAYALI
2011-10-31,0.41762895338007994,0.27061007289782196,arima,UCAYALI
2011-11-07,1.2528868601402399,0.45342590599516125,arima,UCAYALI
2011-11-14,1.0440723834502,0.32651609654216357,arima,UCAYALI
2011-11-21,0.8352579067601601,0.3447549374759501,arima,UCAYALI
2011-11-28,0.8352579067601599,0.5400273869685082,arima,UCAYALI
2011-12-05,1.4617013368302798,0.5242749135950295,arima,UCAYALI
2011-12-12,2.2969592435904396,0.6151978017834541,arima,UCAYALI
2011-12-19,1.6705158135203195,0.5702385179949083,arima,UCAYALI
2011-12-26,1.0440723834502,1.3475932690460244,arima,UCAYALI
2012-01-02,0.20881447669003997,1.1382440112699928,arima,UCAYALI
2012-01-09,0.6115235497719017,1.334626818333489,arima,UCAYALI
2012-01-16,1.2230470995438034,1.2968292734011517,arima,UCAYALI
2012-01-23,1.8345706493157052,1.7445842424629068,arima,UCAYALI
2012-01-30,1.2230470995438034,1.7445842424629068,arima,UCAYALI
2012-02-06,1.0192059162865028,1.7445842424629068,arima,UCAYALI
2012-02-13,0.40768236651460116,1.7445842424629068,arima,UCAYALI
2012-02-20,1.2230470995438034,0.5827364330882954,arima,UCAYALI
2012-02-27,1.0192059162865028,0.6835957242568325,arima,UCAYALI
2012-03-05,1.2230470995438036,1.024549153692242,arima,UCAYALI
2012-03-12,1.0192059162865028,0.8956034510006192,arima,UCAYALI
2012-03-19,0.8153647330292023,1.1435240666985833,arima,UCAYALI
2012-03-26,0.6115235497719017,1.0416412143461735,arima,UCAYALI
2012-04-02,0.40768236651460116,1.1457463049339784,arima,UCAYALI
2012-04-09,0.40768236651460116,1.0801659457567694,arima,UCAYALI
2012-04-16,0.40768236651460116,0.501540315232502,arima,UCAYALI
2012-04-23,0.0,0.6105745205973307,arima,UCAYALI
2012-04-30,0.0,0.6049534751581804,arima,UCAYALI
2012-05-07,0.0,0.5475311757978119,arima,UCAYALI
2012-05-14,0.0,0.20446199479591853,arima,UCAYALI
2012-05-21,0.0,0.20691926131890814,arima,UCAYALI
2012-05-28,0.0,0.20243577313946176,arima,UCAYALI
2012-06-04,0.6115235497719017,0.08628043418517366,arima,UCAYALI
2012-06-11,0.6115235497719017,0.6450583202009472,arima,UCAYALI
2012-06-18,0.8153647330292023,0.6361384660897209,arima,UCAYALI
2012-06-25,0.20384118325730058,0.27255051351083226,arima,UCAYALI
2012-07-02,0.40768236651460116,0.26542072552899687,arima,UCAYALI
2012-07-09,0.40768236651460116,0.3336963353398938,arima,UCAYALI
2012-07-16,1.5498453930795024,0.6617015005190354,arima,UCAYALI
2012-07-23,1.753686576336803,0.5223034418529859,arima,UCAYALI
2012-07-30,2.161368942851404,0.5658675725107822,arima,UCAYALI
2012-08-06,1.0192059162865028,1.2890636257159414,arima,UCAYALI
2012-08-13,1.0192059162865028,1.2053859984100064,arima,UCAYALI
2012-08-20,1.0192059162865028,1.0417094101157929,arima,UCAYALI
2012-08-27,1.2230470995438034,1.4443060434533201,arima,UCAYALI
2012-09-03,0.8153647330292024,1.1986585545498047,arima,UCAYALI
2012-09-10,0.6115235497719017,1.1980449815199106,arima,UCAYALI
2012-09-17,0.40768236651460105,1.0825080955999424,arima,UCAYALI
2012-09-24,0.40768236651460105,1.0972081630659138,arima,UCAYALI
2012-10-01,0.0,0.4911552200881626,arima,UCAYALI
2012-10-08,0.0,0.604522619493769,arima,UCAYALI
2012-10-15,0.0,0.6008900996394648,arima,UCAYALI
2012-10-22,0.0,0.5506095251165046,arima,UCAYALI
2012-10-29,0.0,0.0,arima,UCAYALI
2012-11-05,0.0,0.0,arima,UCAYALI
2012-11-12,0.20384118325730058,0.0,arima,UCAYALI
2012-11-19,0.40768236651460116,0.0,arima,UCAYALI
2012-11-26,0.40768236651460116,0.42127799030535334,arima,UCAYALI
2012-12-03,0.20384118325730058,0.2865291313156071,arima,UCAYALI
2012-12-10,0.0,0.18483251578755824,arima,UCAYALI
2012-12-17,0.0,0.18004266145406117,arima,UCAYALI
2012-12-24,0.0,0.08664844613054991,arima,UCAYALI
2012-12-31,0.0,0.2011225637119735,arima,UCAYALI
2013-01-07,0.0,0.20057419365461704,arima,UCAYALI
2013-01-14,0.19909927488044088,0.14907337277381913,arima,UCAYALI
2013-01-21,0.5972978246413226,0.21215867268192673,arima,UCAYALI
2013-01-28,0.5972978246413226,0.21603439112467895,arima,UCAYALI
2013-02-04,0.5972978246413225,0.10109625282763582,arima,UCAYALI
2013-02-11,0.39819854976088176,0.09745358314673852,arima,UCAYALI
2013-02-18,0.5972978246413226,0.4044896091942144,arima,UCAYALI
2013-02-25,0.5972978246413226,0.40023132778625253,arima,UCAYALI
2013-03-04,0.7963970995217635,0.5054398170870076,arima,UCAYALI
2013-03-11,0.5972978246413226,0.4990448518449891,arima,UCAYALI
2013-03-18,0.39819854976088176,0.6007925053133847,arima,UCAYALI
2013-03-25,0.19909927488044088,0.4965376035572133,arima,UCAYALI
2013-04-01,0.39819854976088176,0.598628897778233,arima,UCAYALI
2013-04-08,0.39819854976088176,0.5907452976809511,arima,UCAYALI
2013-04-15,0.19909927488044088,0.5160642026340805,arima,UCAYALI
2013-04-22,0.0,0.3908930627702667,arima,UCAYALI
2013-04-29,0.0,0.39730164206447316,arima,UCAYALI
2013-05-06,0.5972978246413226,0.3335914468206116,arima,UCAYALI
2013-05-13,0.5972978246413226,0.8111367521431332,arima,UCAYALI
2013-05-20,0.7963970995217635,0.8185849817691588,arima,UCAYALI
2013-05-27,0.39819854976088176,0.4059943222771784,arima,UCAYALI
2013-06-03,0.5972978246413226,0.3197798754039489,arima,UCAYALI
2013-06-10,0.7963970995217635,0.49860757975654046,arima,UCAYALI
2013-06-17,0.7963970995217635,0.7300192094783013,arima,UCAYALI
2013-06-24,0.5972978246413226,0.598464623623052,arima,UCAYALI
2013-07-01,0.9954963744022044,0.6651924531232742,arima,UCAYALI
2013-07-08,0.9954963744022044,1.0305781210078382,arima,UCAYALI
2013-07-15,1.592794199043527,1.1780133847174197,arima,UCAYALI
2013-07-22,0.7963970995217635,0.9257539023099712,arima,UCAYALI
2013-07-29,1.1945956492826453,0.9189497025732574,arima,UCAYALI
2013-08-05,0.7963970995217635,0.8916975801699596,arima,UCAYALI
2013-08-12,0.7963970995217635,1.3533575097547383,arima,UCAYALI
2013-08-19,0.5972978246413226,1.0711788648528353,arima,UCAYALI
2013-08-26,0.3981985497608817,1.2816779815785977,arima,UCAYALI
2013-09-02,0.7963970995217634,0.3670351984568214,arima,UCAYALI
2013-09-09,0.5972978246413226,0.4502105295228685,arima,UCAYALI
2013-09-16,1.1945956492826453,0.5549979520244157,arima,UCAYALI
2013-09-23,0.9954963744022042,0.5747687176323206,arima,UCAYALI
2013-09-30,1.1945956492826453,1.1750149620314225,arima,UCAYALI
2013-10-07,0.5972978246413226,0.8133424694799036,arima,UCAYALI
2013-10-14,0.5972978246413226,0.9281419216250959,arima,UCAYALI
2013-10-21,0.39819854976088176,0.8188897403112398,arima,UCAYALI
2013-10-28,0.39819854976088176,0.6682860173107965,arima,UCAYALI
2013-11-04,0.39819854976088176,0.6479639042669436,arima,UCAYALI
2013-11-11,0.19909927488044088,0.7890035007994254,arima,UCAYALI
2013-11-18,0.19909927488044088,0.6163381800277086,arima,UCAYALI
2013-11-25,0.19909927488044088,0.19139860612630474,arima,UCAYALI
2013-12-02,0.5972978246413226,0.2954983640037291,arima,UCAYALI
2013-12-09,0.5972978246413226,0.2908622093628559,arima,UCAYALI
2013-12-16,0.3981985497608817,0.3006942529205022,arima,UCAYALI
2013-12-23,0.0,0.18870244998561322,arima,UCAYALI
2013-12-30,0.0,0.19014072582519895,arima,UCAYALI
2014-01-06,0.19457297070120205,0.27183256263772637,arima,UCAYALI
2014-01-13,0.19457297070120205,0.3862434653036829,arima,UCAYALI
2014-01-20,0.19457297070120205,0.18465293639716532,arima,UCAYALI
2014-01-27,0.0,0.07522455625672231,arima,UCAYALI
2014-02-03,0.0,0.07935680267283286,arima,UCAYALI
2014-02-10,0.0,0.08051247264199071,arima,UCAYALI
2014-02-17,0.0,0.10299929489359078,arima,UCAYALI
2014-02-24,0.0,0.09850786428987524,arima,UCAYALI
2014-03-03,0.0,0.10240406299524846,arima,UCAYALI
2014-03-10,0.0,0.04436965503926838,arima,UCAYALI
2014-03-17,0.19457297070120205,3.425916232913201e-06,arima,UCAYALI
2014-03-24,0.19457297070120205,3.282954218545804e-06,arima,UCAYALI
2014-03-31,0.19457297070120205,3.4067988530885896e-06,arima,UCAYALI
2014-04-07,0.19457297070120205,1.5233719841170361e-06,arima,UCAYALI
2014-04-14,0.3891459414024041,0.20356051503653672,arima,UCAYALI
2014-04-21,0.5837189121036062,0.20318112801664198,arima,UCAYALI
2014-04-28,0.3891459414024041,0.20350651833919392,arima,UCAYALI
2014-05-05,0.19457297070120205,0.19857444225427978,arima,UCAYALI
2014-05-12,0.0,0.10880639522531875,arima,UCAYALI
2014-05-19,0.0,0.18942239662670307,arima,UCAYALI
2014-05-26,0.3891459414024041,0.2846807299721301,arima,UCAYALI
2014-06-02,0.3891459414024041,0.3364521419871237,arima,UCAYALI
2014-06-09,0.3891459414024041,0.3915604262724027,arima,UCAYALI
2014-06-16,0.0,0.161704862566279,arima,UCAYALI
2014-06-23,0.0,0.17010894769524754,arima,UCAYALI
2014-06-30,0.0,0.16262130870933206,arima,UCAYALI
2014-07-07,0.0,0.20063786561447458,arima,UCAYALI
2014-07-14,0.19457297070120205,0.19218866001583815,arima,UCAYALI
2014-07-21,0.19457297070120205,0.1986967957503505,arima,UCAYALI
2014-07-28,0.5837189121036062,0.0827322569958129,arima,UCAYALI
2014-08-04,0.5837189121036062,0.4492021403765518,arima,UCAYALI
2014-08-11,0.5837189121036062,0.4672815978371845,arima,UCAYALI
2014-08-18,0.3891459414024041,0.25315531713662615,arima,UCAYALI
2014-08-25,0.3891459414024041,0.32301948072200987,arima,UCAYALI
2014-09-01,0.5837189121036062,0.3825914154219598,arima,UCAYALI
2014-09-08,0.3891459414024041,0.485799091661569,arima,UCAYALI
2014-09-15,0.19457297070120205,0.48266538329716363,arima,UCAYALI
2014-09-22,0.0,0.49021813835219213,arima,UCAYALI
2014-09-29,0.0,0.06737987742780362,arima,UCAYALI
2014-10-06,0.19457297070120205,0.151484467146988,arima,UCAYALI
2014-10-13,0.19457297070120205,0.2710285095689616,arima,UCAYALI
2014-10-20,0.19457297070120205,0.22681390823778902,arima,UCAYALI
2014-10-27,0.0,0.08314899993342495,arima,UCAYALI
2014-11-03,0.0,0.08544581903640072,arima,UCAYALI
2014-11-10,0.0,0.08186311608793106,arima,UCAYALI
2014-11-17,0.0,0.14195263602335104,arima,UCAYALI
2014-11-24,0.0,0.0,arima,UCAYALI
2014-12-01,0.19457297070120205,0.0,arima,UCAYALI
2014-12-08,0.3891459414024041,0.0,arima,UCAYALI
2014-12-15,0.3891459414024041,0.0,arima,UCAYALI
2014-12-22,0.19457297070120205,0.2641163428184708,arima,UCAYALI
2014-12-29,0.0,0.16480809554818662,arima,UCAYALI
2015-01-05,0.19024789300458497,0.163143531949008,arima,UCAYALI
2015-01-12,0.19024789300458497,0.222409933382475,arima,UCAYALI
2015-01-19,0.5707436790137549,0.31998356001686373,arima,UCAYALI
2015-01-26,0.38049578600916995,0.1946377926304641,arima,UCAYALI
2015-02-02,0.38049578600916983,0.2002582727687949,arima,UCAYALI
2015-02-09,0.0,0.12776931315105722,arima,UCAYALI
2015-02-16,0.0,0.07295821671899883,arima,UCAYALI
2015-02-23,0.19024789300458497,0.05560907935319328,arima,UCAYALI
2015-03-02,0.19024789300458497,0.26844561558439606,arima,UCAYALI
2015-03-09,0.19024789300458497,0.21431834664295638,arima,UCAYALI
2015-03-16,0.0,0.0807218127985674,arima,UCAYALI
2015-03-23,0.19024789300458497,0.08198829656154956,arima,UCAYALI
2015-03-30,0.38049578600916995,0.0773201226401258,arima,UCAYALI
2015-04-06,0.5707436790137549,0.13659859450884063,arima,UCAYALI
2015-04-13,0.7609915720183399,0.4329052833599416,arima,UCAYALI
2015-04-20,0.5707436790137549,0.32866717062549955,arima,UCAYALI
2015-04-27,0.38049578600916983,0.23332071643330923,arima,UCAYALI
2015-05-04,0.0,0.2952283628127004,arima,UCAYALI
2015-05-11,0.19024789300458497,0.05493412522331965,arima,UCAYALI
2015-05-18,0.19024789300458497,0.11604486710486056,arima,UCAYALI
2015-05-25,0.38049578600916995,0.33870916886706803,arima,UCAYALI
2015-06-01,0.19024789300458497,0.3022655327749444,arima,UCAYALI
2015-06-08,0.38049578600916995,0.1990253858552764,arima,UCAYALI
2015-06-15,0.5707436790137549,0.09625129127973837,arima,UCAYALI
2015-06-22,0.5707436790137549,0.19243069403173388,arima,UCAYALI
2015-06-29,0.38049578600916983,0.18166748657085524,arima,UCAYALI
2015-07-06,0.19024789300458497,0.28701143689939673,arima,UCAYALI
2015-07-13,0.5707436790137549,0.2817418649007548,arima,UCAYALI
2015-07-20,0.7609915720183399,0.37250823301510544,arima,UCAYALI
2015-07-27,0.5707436790137549,0.4244711434392321,arima,UCAYALI
2015-08-03,0.1902478930045849,0.35055024712826865,arima,UCAYALI
2015-08-10,0.0,0.27111866056044714,arima,UCAYALI
2015-08-17,0.0,0.34941883766408244,arima,UCAYALI
2015-08-24,0.38049578600916983,0.45948302506672406,arima,UCAYALI
2015-08-31,0.38049578600916983,0.5136371424096617,arima,UCAYALI
2015-09-07,0.38049578600916983,0.5249520615819085,arima,UCAYALI
2015-09-14,0.0,0.280362569543132,arima,UCAYALI
2015-09-21,0.0,0.22391889361952727,arima,UCAYALI
2015-09-28,0.0,0.0,arima,UCAYALI
2015-10-05,0.0,0.1824127661138708,arima,UCAYALI
2015-10-12,0.1902478930045849,0.17289844123417344,arima,UCAYALI
2015-10-19,0.1902478930045849,0.1860338688068813,arima,UCAYALI
2015-10-26,0.1902478930045849,0.19618592635669144,arima,UCAYALI
2015-11-02,0.0,0.0872581596093149,arima,UCAYALI
2015-11-09,0.0,0.09115857352805325,arima,UCAYALI
2015-11-16,0.0,0.08511706621224001,arima,UCAYALI
2015-11-23,0.0,0.10037020802531577,arima,UCAYALI
2015-11-30,0.1902478930045849,0.09644023912341773,arima,UCAYALI
2015-12-07,0.1902478930045849,0.0995158895887086,arima,UCAYALI
2015-12-14,0.38049578600916983,0.04309393946609461,arima,UCAYALI
2015-12-21,0.1902478930045849,0.2476926714923046,arima,UCAYALI
2015-12-28,0.1902478930045849,0.2582292434600659,arima,UCAYALI
2016-01-04,0.0,0.1537414990800231,arima,UCAYALI
2016-01-11,0.0,0.22560074381478035,arima,UCAYALI
2016-01-18,0.0,0.0,arima,UCAYALI
2016-01-25,0.0,0.09552589951461794,arima,UCAYALI
2016-02-01,0.0,0.09133362479445653,arima,UCAYALI
2016-02-08,0.0,0.09679167993752198,arima,UCAYALI
2016-02-15,0.0,0.0,arima,UCAYALI
2016-02-22,0.0,0.0,arima,UCAYALI
2016-02-29,0.0,0.0,arima,UCAYALI
2016-03-07,0.5583327439821034,0.0,arima,UCAYALI
2016-03-14,0.5583327439821034,0.5292302760602967,arima,UCAYALI
2016-03-21,0.5583327439821034,0.5388769315541286,arima,UCAYALI
2016-03-28,0.0,0.19713611162538153,arima,UCAYALI
2016-04-04,0.0,0.22272856885839726,arima,UCAYALI
2016-04-11,0.1861109146607011,0.0,arima,UCAYALI
2016-04-18,0.1861109146607011,0.28008027973303934,arima,UCAYALI
2016-04-25,0.1861109146607011,0.2672231994612462,arima,UCAYALI
2016-05-02,0.0,0.27791835845355994,arima,UCAYALI
2016-05-09,0.0,0.009327561871523208,arima,UCAYALI
2016-05-16,0.0,0.0059583706778369265,arima,UCAYALI
2016-05-23,0.0,0.10689754559890495,arima,UCAYALI
2016-05-30,0.0,0.09537097486114314,arima,UCAYALI
2016-06-06,0.0,1.7580684657981723e-10,arima,UCAYALI
2016-06-13,0.0,1.680695595951466e-10,arima,UCAYALI
2016-06-20,0.0,1.7134717860048292e-10,arima,UCAYALI
2016-06-27,0.0,7.306027863470491e-11,arima,UCAYALI
2016-07-04,0.1861109146607011,1.4295507254657193e-10,arima,UCAYALI
2016-07-11,0.3722218293214023,1.349446731815322e-10,arima,UCAYALI
2016-07-18,0.3722218293214023,1.3523482376080796e-10,arima,UCAYALI
2016-07-25,0.1861109146607011,5.539096144096721e-11,arima,UCAYALI
2016-08-01,0.0,0.1014361592388697,arima,UCAYALI
2016-08-08,0.0,0.10554526387767647,arima,UCAYALI
2016-08-15,0.0,0.19806696682797897,arima,UCAYALI
2016-08-22,0.3722218293214023,0.24194395032270535,arima,UCAYALI
2016-08-29,0.3722218293214023,0.36208334043340984,arima,UCAYALI
2016-09-05,0.3722218293214023,0.3611293425051477,arima,UCAYALI
2016-09-12,0.1861109146607011,0.14173527647964282,arima,UCAYALI
2016-09-19,0.3722218293214023,0.1560739003667588,arima,UCAYALI
2016-09-26,0.5583327439821035,0.3718952875722918,arima,UCAYALI
2016-10-03,0.3722218293214023,0.484505042730431,arima,UCAYALI
2016-10-10,0.1861109146607011,0.3648889884650808,arima,UCAYALI
2016-10-17,0.0,0.3695373113688412,arima,UCAYALI
2016-10-24,0.0,0.08276505200579652,arima,UCAYALI
2016-10-31,0.0,0.1745821225522507,arima,UCAYALI
2016-11-07,0.0,0.28297204865612285,arima,UCAYALI
2016-11-14,0.0,0.2197446523310585,arima,UCAYALI
2016-11-21,0.0,9.859355043355044e-06,arima,UCAYALI
2016-11-28,0.0,9.640857908546972e-06,arima,UCAYALI
2016-12-05,0.0,9.50655725156222e-06,arima,UCAYALI
2016-12-12,0.0,4.0355426779264265e-06,arima,UCAYALI
2016-12-19,0.0,0.008994512577606273,arima,UCAYALI
2016-12-26,0.1861109146607011,0.02258116328816223,arima,UCAYALI
2017-01-02,0.1861109146607011,0.010927961625676854,arima,UCAYALI
2017-01-09,0.1861109146607011,0.014939199492998973,arima,UCAYALI
2017-01-16,0.0,0.07530737584760909,arima,UCAYALI
2017-01-23,0.0,0.07139812918465985,arima,UCAYALI
2017-01-30,0.0,0.10385990097783408,arima,UCAYALI
2017-02-06,0.0,0.08297677099922934,arima,UCAYALI
2017-02-13,0.0,0.0,arima,UCAYALI
2017-02-20,0.0,0.0,arima,UCAYALI
2017-02-27,0.0,0.0,arima,UCAYALI
2017-03-06,0.0,0.0,arima,UCAYALI
2017-03-13,0.0,0.0010502209868236282,arima,UCAYALI
2017-03-20,0.0,0.019168207363261684,arima,UCAYALI
2017-03-27,0.18215002604745364,0.007208797270571002,arima,UCAYALI
2017-04-03,0.36430005209490735,0.010086071512450945,arima,UCAYALI
2017-04-10,0.36430005209490735,0.5456137415585864,arima,UCAYALI
2017-04-17,0.36430005209490735,0.5006637428551481,arima,UCAYALI
2017-04-24,0.18215002604745364,0.48239066653912155,arima,UCAYALI
2017-05-01,0.18215002604745364,0.5050386312768231,arima,UCAYALI
2017-05-08,0.0,0.058409038588457834,arima,UCAYALI
2017-05-15,0.36430005209490735,0.06851685085877297,arima,UCAYALI
2017-05-22,0.36430005209490735,0.09155079642666873,arima,UCAYALI
2017-05-29,0.546450078142361,0.0742394861727097,arima,UCAYALI
2017-06-05,0.18215002604745364,0.3101962761363269,arima,UCAYALI
2017-06-12,0.18215002604745364,0.4076936376430408,arima,UCAYALI
2017-06-19,0.36430005209490735,0.4025527581848194,arima,UCAYALI
2017-06-26,0.546450078142361,0.3795008180479582,arima,UCAYALI
2017-07-03,1.0929001562847223,0.7550651478737951,arima,UCAYALI
2017-07-10,0.9107501302372686,0.6532935498043899,arima,UCAYALI
2017-07-17,0.9107501302372686,0.6599098986870691,arima,UCAYALI
2017-07-24,0.5464500781423611,0.6826729245114909,arima,UCAYALI
2017-07-31,0.5464500781423611,0.5202421626164984,arima,UCAYALI
2017-08-07,0.7286001041898148,0.47982441855055213,arima,UCAYALI
2017-08-14,0.7286001041898148,0.5147802459993576,arima,UCAYALI
2017-08-21,0.546450078142361,0.5041679513800992,arima,UCAYALI
2017-08-28,0.36430005209490735,0.37402529690941616,arima,UCAYALI
2017-09-04,0.36430005209490735,0.3509270187160469,arima,UCAYALI
2017-09-11,0.5464500781423611,0.4144431324968665,arima,UCAYALI
2017-09-18,0.7286001041898148,0.3791211835544503,arima,UCAYALI
2017-09-25,0.7286001041898148,0.8288175884251019,arima,UCAYALI
2017-10-02,0.7286001041898148,0.8747994197668105,arima,UCAYALI
2017-10-09,0.36430005209490735,0.8174266997718072,arima,UCAYALI
2017-10-16,0.18215002604745364,0.8415628718331492,arima,UCAYALI
2017-10-23,0.7286001041898148,0.04903820464104711,arima,UCAYALI
2017-10-30,1.0929001562847223,0.05297526278755016,arima,UCAYALI
2017-11-06,1.4572002083796296,0.0842715295739829,arima,UCAYALI
2017-11-13,0.7286001041898148,0.06329121431583361,arima,UCAYALI
2017-11-20,0.9107501302372686,0.5487570434266686,arima,UCAYALI
2017-11-27,1.0929001562847225,0.4395085642328927,arima,UCAYALI
2017-12-04,1.8215002604745372,0.7490317470127541,arima,UCAYALI
2017-12-11,2.185800312569445,0.8722771938027463,arima,UCAYALI
2017-12-18,1.8215002604745374,1.5127937445518311,arima,UCAYALI
2017-12-25,1.275050182332176,1.5002967524851623,arima,UCAYALI
2018-01-01,1.2536585222560415,1.345119102399086,arima,UCAYALI
2018-01-08,1.782995272337495,1.4588071569470387,arima,UCAYALI
2018-01-15,2.490203716451175,1.7987823174736834,arima,UCAYALI
2018-01-22,1.956588634354495,1.7987823174736834,arima,UCAYALI
2018-01-29,1.2451018582255875,1.723956987730939,arima,UCAYALI
2018-02-05,0.3557433880644536,1.5657230348531868,arima,UCAYALI
2018-02-12,0.1778716940322268,0.5435137152440521,arima,UCAYALI
2018-02-19,1.2451018582255875,0.8728567961508402,arima,UCAYALI
2018-02-26,1.778716940322268,1.4879149549418593,arima,UCAYALI
2018-03-05,1.9565886343544945,1.294528888792784,arima,UCAYALI
2018-03-12,1.600845246290041,1.006077821504586,arima,UCAYALI
2018-03-19,1.4229735522578144,0.729273374510887,arima,UCAYALI
2018-03-26,1.2451018582255877,0.7117868981780144,arima,UCAYALI
2018-04-02,1.2451018582255877,1.1657783652651923,arima,UCAYALI
2018-04-09,0.889358470161134,1.371027587050762,arima,UCAYALI
2018-04-16,1.0672301641933608,1.483777963271752,arima,UCAYALI
2018-04-23,0.3557433880644536,1.481985073363301,arima,UCAYALI
2018-04-30,0.3557433880644536,1.3991211040254892,arima,UCAYALI
2018-05-07,0.0,0.33883276190731393,arima,UCAYALI
2018-05-14,0.0,0.6825996576180386,arima,UCAYALI
2018-05-21,0.3557433880644536,0.7085899895739587,arima,UCAYALI
2018-05-28,0.5336150820966804,0.7003828339652574,arima,UCAYALI
2018-06-04,0.7114867761289072,0.5358718378399496,arima,UCAYALI
2018-06-11,0.889358470161134,0.2957274315257207,arima,UCAYALI
2018-06-18,1.4229735522578144,0.1938299859784901,arima,UCAYALI
2018-06-25,1.600845246290041,0.19348573762256133,arima,UCAYALI
2018-07-02,1.0672301641933608,1.4383493172300805,arima,UCAYALI
2018-07-09,0.7114867761289072,1.1269403198500672,arima,UCAYALI
2018-07-16,0.7114867761289072,1.0313441766220564,arima,UCAYALI
2018-07-23,1.0672301641933608,1.1008563462902887,arima,UCAYALI
2018-07-30,0.7114867761289073,1.3108596774191716,arima,UCAYALI
2018-08-06,0.3557433880644536,1.3070933167257373,arima,UCAYALI
2018-08-13,0.1778716940322268,1.0769563166418292,arima,UCAYALI
2018-08-20,0.1778716940322268,0.9416183373503888,arima,UCAYALI
2018-08-27,0.1778716940322268,0.34378303355427176,arima,UCAYALI
2018-09-03,0.7114867761289072,0.45790968414780936,arima,UCAYALI
2018-09-10,1.4229735522578144,0.4535989366970382,arima,UCAYALI
2018-09-17,1.4229735522578144,0.3508597790984415,arima,UCAYALI
2018-09-24,1.0672301641933608,0.9561172409926848,arima,UCAYALI
2018-10-01,0.3557433880644536,0.6053544153016255,arima,UCAYALI
2018-10-08,0.7114867761289072,0.5962730729090862,arima,UCAYALI
2018-10-15,0.5336150820966804,0.8029046618533073,arima,UCAYALI
2018-10-22,0.7114867761289072,0.8718163979502527,arima,UCAYALI
2018-10-29,0.5336150820966804,0.7117255911363543,arima,UCAYALI
2018-11-05,0.7114867761289072,0.7671209270709392,arima,UCAYALI
2018-11-12,0.889358470161134,0.612738516131627,arima,UCAYALI
2018-11-19,0.889358470161134,0.9856241002425443,arima,UCAYALI
2018-11-26,0.7114867761289071,0.8751476556862383,arima,UCAYALI
2018-12-03,1.2451018582255875,0.7659443260496768,arima,UCAYALI
2018-12-10,1.2451018582255875,0.7186445830880157,arima,UCAYALI
2018-12-17,1.0672301641933606,1.3149059112525614,arima,UCAYALI
2018-12-24,0.5336150820966803,1.0320707648459417,arima,UCAYALI
2018-12-31,1.4979064146293546,0.9998333654667053,arima,UCAYALI
2019-01-07,1.845485871293148,0.9846173932199362,arima,UCAYALI
2019-01-14,1.6635322115605906,1.9565886343544945,arima,UCAYALI
2019-01-21,0.868948641659483,1.506819417942932,arima,UCAYALI
2019-01-28,1.2165280983232762,1.2877910882329147,arima,UCAYALI
2019-02-04,1.3903178266551732,1.1851582352458339,arima,UCAYALI
2019-02-11,1.737897283318966,1.8108328251888652,arima,UCAYALI
2019-02-18,2.1849013965562807,1.5796660470267647,arima,UCAYALI
2019-02-25,2.532480853220074,1.4405297185250134,arima,UCAYALI
2019-03-04,2.1849013965562807,1.2661558298084743,arima,UCAYALI
2019-03-11,1.2165280983232762,1.9151795098833784,arima,UCAYALI
2019-03-18,1.6635322115605906,1.78447610994394,arima,UCAYALI
2019-03-25,1.8373219398924876,1.9443990115656473,arima,UCAYALI
2019-04-01,2.532480853220074,2.0968214178634845,arima,UCAYALI
2019-04-08,2.433056196646553,2.242055430623925,arima,UCAYALI
2019-04-15,2.954425381642243,2.0620432708995633,arima,UCAYALI
2019-04-22,3.227639766547661,1.761991107035779,arima,UCAYALI
2019-04-29,2.532480853220074,1.87996124206854,arima,UCAYALI
2019-05-06,2.3586911248881774,2.2621131644989907,arima,UCAYALI
2019-05-13,1.5641075549870695,2.1961530680453847,arima,UCAYALI
2019-05-20,2.259266468314656,2.5085044873837083,arima,UCAYALI
2019-05-27,2.433056196646553,2.5324808532200747,arima,UCAYALI
2019-06-03,2.7806356533103465,2.5324808532200747,arima,UCAYALI
2019-06-10,2.433056196646553,2.429927428541683,arima,UCAYALI
2019-06-17,2.08547673998276,2.2911781223350487,arima,UCAYALI
2019-06-24,1.911687011650863,2.139771239837065,arima,UCAYALI
2019-07-01,1.737897283318966,2.0738293132079644,arima,UCAYALI
2019-07-08,1.2165280983232762,2.263831102722035,arima,UCAYALI
2019-07-15,1.0427383699913797,2.3520769590417014,arima,UCAYALI
2019-07-22,1.0427383699913797,2.251434024385123,arima,UCAYALI
2019-07-29,1.2165280983232762,1.2782733797892956,arima,UCAYALI
2019-08-05,1.0427383699913797,1.3808115672260417,arima,UCAYALI
2019-08-12,0.8689486416594829,1.36250771550813,arima,UCAYALI
2019-08-19,1.6635322115605906,1.232453445833614,arima,UCAYALI
2019-08-26,1.8373219398924874,1.8218514549467062,arima,UCAYALI
2019-09-02,1.489742483228694,1.8581775411817905,arima,UCAYALI
2019-09-09,0.5213691849956895,1.401362915968806,arima,UCAYALI
2019-09-16,0.5213691849956895,1.3150440221187258,arima,UCAYALI
2019-09-23,0.5213691849956895,0.7037533814809658,arima,UCAYALI
2019-09-30,0.6951589133275862,1.1775655788620796,arima,UCAYALI
2019-10-07,0.34757945666379286,1.1666047992473327,arima,UCAYALI
2019-10-14,0.5213691849956895,0.999863577965326,arima,UCAYALI
2019-10-21,0.6951589133275862,0.48022834247152457,arima,UCAYALI
2019-10-28,0.8689486416594829,0.6371208556058283,arima,UCAYALI
2019-11-04,0.6951589133275863,0.5462358967172218,arima,UCAYALI
2019-11-11,0.3475794566637929,0.553820367057912,arima,UCAYALI
2019-11-18,0.6951589133275863,0.2891745565336031,arima,UCAYALI
2019-11-25,1.0427383699913797,0.3823900413069071,arima,UCAYALI
2019-12-02,1.2165280983232762,0.5527347752098049,arima,UCAYALI
2019-12-09,0.6951589133275863,0.5761211642393107,arima,UCAYALI
2019-12-16,1.0427383699913797,0.5332821807028683,arima,UCAYALI
2019-12-23,1.2165280983232762,0.5172198621848161,arima,UCAYALI
2019-12-30,1.5641075549870695,0.7489190821969043,arima,UCAYALI
2020-01-06,0.8689486416594828,0.8320301867573698,arima,UCAYALI
2020-01-13,0.5174703697085268,0.7676852599124113,arima,UCAYALI
2020-01-20,0.8494545652236694,0.7086585231891889,arima,UCAYALI
2020-01-27,1.529018217402605,1.007327611256327,arima,UCAYALI
2020-02-03,1.698909130447339,1.0505050052421776,arima,UCAYALI
2020-02-10,1.359127304357871,1.3472294097541262,arima,UCAYALI
2020-02-17,0.8494545652236692,1.0148665936773407,arima,UCAYALI
2020-02-24,0.6795636521789352,1.0037272376413795,arima,UCAYALI
2020-03-02,0.33978182608946733,1.1864988316326848,arima,UCAYALI
2020-03-09,0.33978182608946733,0.4911755245618885,arima,UCAYALI
2020-03-16,0.33978182608946733,0.593591696916222,arima,UCAYALI
2020-03-23,0.8494545652236694,0.7521621722170919,arima,UCAYALI
2020-03-30,0.8494545652236692,0.644063393783916,arima,UCAYALI
2020-04-06,1.0193454782684033,0.7841345153109149,arima,UCAYALI
2020-04-13,0.8494545652236692,0.52483511700532,arima,UCAYALI
2020-04-20,0.8494545652236692,0.5467184448637596,arima,UCAYALI
2020-04-27,0.5096727391342014,0.6003521558955858,arima,UCAYALI
2020-05-04,0.16989091304473344,0.5640404942757931,arima,UCAYALI
2020-05-11,0.0,0.5947886365759989,arima,UCAYALI
2020-05-18,0.0,0.7507660541007652,arima,UCAYALI
2020-05-25,0.16989091304473344,0.7078498837093941,arima,UCAYALI
2020-06-01,0.5096727391342014,0.25687483033391717,arima,UCAYALI
2020-06-08,0.6795636521789352,0.23296923177800868,arima,UCAYALI
2020-06-15,1.0193454782684033,0.13641830893123166,arima,UCAYALI
2020-06-22,0.8494545652236694,0.10456680975050217,arima,UCAYALI
2020-06-29,0.6795636521789353,0.7379135479246648,arima,UCAYALI
2020-07-06,0.8494545652236692,0.6046081001127748,arima,UCAYALI
2020-07-13,1.1892363913131372,0.6853340219390698,arima,UCAYALI
2020-07-20,1.6989091304473394,0.7456542440557996,arima,UCAYALI
2020-07-27,1.0193454782684033,1.5777911691237194,arima,UCAYALI
2020-08-03,1.6518357656991025,1.343706483295957,arima,UCAYALI
2020-08-10,1.4819448526543686,1.1393638687064054,arima,UCAYALI
2020-08-17,1.4819448526543686,1.2110623377538965,arima,UCAYALI
2020-08-24,0.6795636521789352,1.1739558947889637,arima,UCAYALI
2020-08-31,0.33978182608946733,1.256264468827725,arima,UCAYALI
2020-09-07,0.5096727391342012,1.2754780901486868,arima,UCAYALI
2020-09-14,0.5096727391342013,1.408933471081498,arima,UCAYALI
2020-09-21,1.0193454782684033,0.6125648819097902,arima,UCAYALI
2020-09-28,1.529018217402605,0.5213706881755475,arima,UCAYALI
2020-10-05,1.359127304357871,0.5190245475914044,arima,UCAYALI
2020-10-12,1.529018217402605,0.4806757278254976,arima,UCAYALI
2020-10-19,1.3591273043578713,1.3513356566134331,arima,UCAYALI
2020-10-26,1.868800043492073,1.4174685257743684,arima,UCAYALI
2020-11-02,1.529018217402605,1.3547760938349596,arima,UCAYALI
2020-11-09,1.019345478268403,1.4287624790501092,arima,UCAYALI
2020-11-16,0.6795636521789352,0.8317100057549514,arima,UCAYALI
2020-11-23,0.33978182608946733,0.978185116865574,arima,UCAYALI
2020-11-30,0.6795636521789352,1.1966105256217499,arima,UCAYALI
2020-12-07,1.019345478268403,1.271925299416702,arima,UCAYALI
2020-12-14,1.0193454782684033,1.2036855592977131,arima,UCAYALI
2020-12-21,1.5290182174026052,0.9627206727258819,arima,UCAYALI
2020-12-28,1.3591273043578713,0.8002072191360674,arima,UCAYALI
2021-01-04,1.5252904965521894,0.7499548786337671,arima,UCAYALI
2021-01-11,1.174325507911473,1.320675900369522,arima,UCAYALI
2021-01-18,0.8308159609715888,1.380541357526364,arima,UCAYALI
2021-01-25,0.664652768777271,1.3257646255433828,arima,UCAYALI
2021-02-01,0.664652768777271,1.4076202454616547,arima,UCAYALI
2021-02-08,0.9969791531659068,0.7959990688071334,arima,UCAYALI
2021-02-15,1.3293055375545426,0.8726583491246913,arima,UCAYALI
2021-02-22,1.1631423453602245,0.8628132768693526,arima,UCAYALI
2021-03-01,1.1631423453602245,0.7965374111387258,arima,UCAYALI
2021-03-08,0.9969791531659068,1.053464531085465,arima,UCAYALI
2021-03-15,1.1631423453602245,1.117792785498473,arima,UCAYALI
2021-03-22,0.6646527687772709,1.1270406734634175,arima,UCAYALI
2021-03-29,0.8308159609715888,1.169326113288934,arima,UCAYALI
2021-04-05,0.3323263843886352,0.812712844492772,arima,UCAYALI
2021-04-12,0.8308159609715888,1.0159241201960136,arima,UCAYALI
2021-04-19,0.664652768777271,0.9361495206493919,arima,UCAYALI
2021-04-26,0.8308159609715888,0.9317080598157663,arima,UCAYALI
2021-05-03,0.664652768777271,0.5900995640959708,arima,UCAYALI
2021-05-10,0.8308159609715888,0.6569782154417898,arima,UCAYALI
2021-05-17,1.806815795342172,0.5972284342325662,arima,UCAYALI
2021-05-24,1.97297898753649,0.6982999677418775,arima,UCAYALI
2021-05-31,1.8068157953421717,1.7859166974389167,arima,UCAYALI
2021-06-07,0.6646527687772709,1.309001499476555,arima,UCAYALI
2021-06-14,0.49848957658295295,1.26281601442825,arima,UCAYALI
2021-06-21,0.49848957658295295,1.3507647471867354,arima,UCAYALI
2021-06-28,0.49848957658295295,0.9000318458771419,arima,UCAYALI
2021-07-05,0.16616319219431716,0.9947070875094859,arima,UCAYALI
2021-07-12,0.16616319219431716,0.9709779994715793,arima,UCAYALI
2021-07-19,0.49848957658295295,0.7665258994359694,arima,UCAYALI
2021-07-26,0.49848957658295295,0.7022710353876311,arima,UCAYALI
2021-08-02,0.49848957658295295,0.6724668854846334,arima,UCAYALI
2021-08-09,0.49848957658295295,0.4908064733787698,arima,UCAYALI
2021-08-16,0.6646527687772709,0.4175554724806754,arima,UCAYALI
2021-08-23,0.6646527687772709,0.6761828674016648,arima,UCAYALI
2021-08-30,0.4984895765829537,0.6664618649051908,arima,UCAYALI
2021-09-06,0.6646527687772709,0.5935927289888974,arima,UCAYALI
2021-09-13,0.9969791531659066,0.5918040208588733,arima,UCAYALI
2021-09-20,1.1631423453602243,1.1033294592901246,arima,UCAYALI
2021-09-27,0.8308159609715887,0.9891396743628784,arima,UCAYALI
2021-10-04,0.49848957658295295,0.8401616680356849,arima,UCAYALI
2021-10-11,0.6646527687772708,0.810313263041639,arima,UCAYALI
2021-10-18,1.3293055375545422,0.8304321131001005,arima,UCAYALI
2021-10-25,1.1631423453602245,0.9738090654393838,arima,UCAYALI
2021-11-01,1.806815795342172,0.8706499202344333,arima,UCAYALI
2021-11-08,1.1421630265649003,0.7920166736421068,arima,UCAYALI
2021-11-15,1.806815795342172,1.168579890311809,arima,UCAYALI
2021-11-22,0.8308159609715887,0.9672686179120331,arima,UCAYALI
2021-11-29,1.1631423453602245,1.2154445064490655,arima,UCAYALI
2021-12-06,0.49848957658295295,1.2060075512629287,arima,UCAYALI
2021-12-13,0.8308159609715887,0.4978078714809691,arima,UCAYALI
2021-12-20,0.6646527687772709,0.3400934274197247,arima,UCAYALI
2021-12-27,1.6616319219431783,0.44208372404033286,arima,UCAYALI
2022-01-03,2.3013093112022074,0.4408901909968597,arima,UCAYALI
2022-01-10,2.9481225231807353,2.634224321257092,arima,UCAYALI
2022-01-17,2.764119774187673,2.634224321257092,arima,UCAYALI
2022-01-24,2.113738650849397,2.604946415395588,arima,UCAYALI
2022-01-31,1.788548089180259,2.634224321257092,arima,UCAYALI
2022-02-07,1.1381669658419826,1.615145258720469,arima,UCAYALI
2022-02-14,0.8129764041728446,1.6203200063876042,arima,UCAYALI
2022-02-21,0.6503811233382756,1.6841696833282804,arima,UCAYALI
2022-02-28,0.6503811233382756,1.6402814451087515,arima,UCAYALI
2022-03-07,0.8129764041728448,0.6694152489004686,arima,UCAYALI
2022-03-14,0.6503811233382756,0.6526230551963321,arima,UCAYALI
2022-03-21,0.8129764041728448,0.6563380690113367,arima,UCAYALI
2022-03-28,0.8129764041728446,0.6602883992145017,arima,UCAYALI
2022-04-04,0.8129764041728446,0.9576920678056151,arima,UCAYALI
2022-04-11,0.9755716850074135,0.9062601066710134,arima,UCAYALI
2022-04-18,0.8129764041728446,0.8852297657710553,arima,UCAYALI
2022-04-25,0.6503811233382755,0.9181232502271501,arima,UCAYALI
2022-05-02,0.4877858425037065,0.46450811223191113,arima,UCAYALI
2022-05-09,0.4877858425037065,0.4385008957020735,arima,UCAYALI
2022-05-16,0.4877858425037065,0.5266606401327287,arima,UCAYALI
2022-05-23,0.3251905616691374,0.4797086707231067,arima,UCAYALI
2022-05-30,0.6503811233382755,0.2688685603165691,arima,UCAYALI
2022-06-06,0.6503811233382755,0.2929901135504315,arima,UCAYALI
2022-06-13,0.8129764041728446,0.299952169337209,arima,UCAYALI
2022-06-20,0.6503811233382756,0.2856562168188634,arima,UCAYALI
2022-06-27,0.8129764041728446,0.7653201504274036,arima,UCAYALI
2022-07-04,0.6503811233382756,0.7663428614268755,arima,UCAYALI
2022-07-11,0.4877858425037072,0.7187609416126246,arima,UCAYALI
2022-07-18,0.4877858425037072,0.7496138918957544,arima,UCAYALI
2022-07-25,0.3251905616691374,0.5174299316851392,arima,UCAYALI
2022-08-01,0.3251905616691374,0.5497047016680014,arima,UCAYALI
2022-08-08,0.16259528083456834,0.5163358777550273,arima,UCAYALI
2022-08-15,0.16259528083456834,0.5267080750806992,arima,UCAYALI
2022-08-22,0.3251905616691374,0.1121174362406957,arima,UCAYALI
2022-08-29,0.6503811233382756,0.11586920771232692,arima,UCAYALI
2022-09-05,0.6503811233382756,0.13182659805624375,arima,UCAYALI
2022-09-12,0.3251905616691374,0.11929217072269332,arima,UCAYALI
2022-09-19,0.0,0.1861778485649318,arima,UCAYALI
2022-09-26,0.0,0.1987491251964221,arima,UCAYALI
2022-10-03,0.3251905616691374,0.2394929361489359,arima,UCAYALI
2022-10-10,0.3251905616691374,0.2060150645868072,arima,UCAYALI
2022-10-17,0.3251905616691374,0.36154840177886977,arima,UCAYALI
2022-10-24,0.16259528083456834,0.20910306770771758,arima,UCAYALI
2022-10-31,0.8129764041728446,0.3039625159746283,arima,UCAYALI
2022-11-07,0.8129764041728446,0.29062091907748183,arima,UCAYALI
2022-11-14,0.6503811233382756,0.9251075571687937,arima,UCAYALI
2022-11-21,0.16259528083456834,0.6881102449652743,arima,UCAYALI
2022-11-28,0.4877858425037065,0.8134597440979248,arima,UCAYALI
2022-12-05,0.8129764041728446,0.8079841477117997,arima,UCAYALI
