date,actual,predicted,model,region
2010-12-27,0.7000627722952494,0.4667085148634997,naive,HUANCAVELICA
2011-01-03,0.23335425743174998,0.4667085148634997,naive,HUANCAVELICA
2011-01-10,0.47157484493136287,0.4667085148634997,naive,HUANCAVELICA
2011-01-17,0.23822058749961317,0.4667085148634997,naive,HUANCAVELICA
2011-01-24,0.23822058749961317,0.23822058749961317,naive,HUANCAVELICA
2011-01-31,0.0,0.23822058749961317,naive,HUANCAVELICA
2011-02-07,0.0,0.23822058749961317,naive,HUANCAVELICA
2011-02-14,0.0,0.23822058749961317,naive,HUANCAVELICA
2011-02-21,0.23822058749961317,0.0,naive,HUANCAVELICA
2011-02-28,0.23822058749961317,0.0,naive,HUANCAVELICA
2011-03-07,0.23822058749961317,0.0,naive,HUANCAVELICA
2011-03-14,0.23822058749961317,0.0,naive,HUANCAVELICA
2011-03-21,0.23822058749961317,0.23822058749961317,naive,HUANCAVELICA
2011-03-28,0.23822058749961317,0.23822058749961317,naive,HUANCAVELICA
2011-04-04,0.0,0.23822058749961317,naive,HUANCAVELICA
2011-04-11,0.0,0.23822058749961317,naive,HUANCAVELICA
2011-04-18,0.0,0.0,naive,HUANCAVELICA
2011-04-25,0.0,0.0,naive,HUANCAVELICA
2011-05-02,0.0,0.0,naive,HUANCAVELICA
2011-05-09,0.47644117499922606,0.0,naive,HUANCAVELICA
2011-05-16,0.47644117499922606,0.476441174999226,naive,HUANCAVELICA
2011-05-23,0.47644117499922606,0.476441174999226,naive,HUANCAVELICA
2011-05-30,0.0,0.476441174999226,naive,HUANCAVELICA
2011-06-06,0.0,0.476441174999226,naive,HUANCAVELICA
2011-06-13,0.23822058749961317,0.0,naive,HUANCAVELICA
2011-06-20,0.23822058749961317,0.0,naive,HUANCAVELICA
2011-06-27,0.23822058749961317,0.0,naive,HUANCAVELICA
2011-07-04,0.0,0.0,naive,HUANCAVELICA
2011-07-11,0.0,0.0,naive,HUANCAVELICA
2011-07-18,0.23822058749961317,0.0,naive,HUANCAVELICA
2011-07-25,0.47644117499922606,0.0,naive,HUANCAVELICA
2011-08-01,0.47644117499922606,0.0,naive,HUANCAVELICA
2011-08-08,0.23822058749961317,0.476441174999226,naive,HUANCAVELICA
2011-08-15,0.0,0.476441174999226,naive,HUANCAVELICA
2011-08-22,0.0,0.476441174999226,naive,HUANCAVELICA
2011-08-29,0.0,0.476441174999226,naive,HUANCAVELICA
2011-09-05,0.0,0.0,naive,HUANCAVELICA
2011-09-12,0.0,0.0,naive,HUANCAVELICA
2011-09-19,0.0,0.0,naive,HUANCAVELICA
2011-09-26,0.0,0.0,naive,HUANCAVELICA
2011-10-03,0.0,0.0,naive,HUANCAVELICA
2011-10-10,0.0,0.0,naive,HUANCAVELICA
2011-10-17,0.23822058749961317,0.0,naive,HUANCAVELICA
2011-10-24,0.23822058749961317,0.0,naive,HUANCAVELICA
2011-10-31,0.23822058749961317,0.23822058749961317,naive,HUANCAVELICA
2011-11-07,0.0,0.23822058749961317,naive,HUANCAVELICA
2011-11-14,0.23822058749961317,0.23822058749961317,naive,HUANCAVELICA
2011-11-21,0.23822058749961317,0.23822058749961317,naive,HUANCAVELICA
2011-11-28,0.23822058749961317,0.23822058749961317,naive,HUANCAVELICA
2011-12-05,0.0,0.23822058749961317,naive,HUANCAVELICA
2011-12-12,0.23822058749961317,0.23822058749961317,naive,HUANCAVELICA
2011-12-19,0.23822058749961317,0.23822058749961317,naive,HUANCAVELICA
2011-12-26,0.47644117499922606,0.23822058749961317,naive,HUANCAVELICA
2012-01-02,0.48151538293734913,0.23822058749961317,naive,HUANCAVELICA
2012-01-09,0.7248101783750852,0.23822058749961317,naive,HUANCAVELICA
2012-01-16,0.4865895908754723,0.23822058749961317,naive,HUANCAVELICA
2012-01-23,0.4865895908754723,0.4865895908754723,naive,HUANCAVELICA
2012-01-30,0.4865895908754723,0.4865895908754723,naive,HUANCAVELICA
2012-02-06,0.7298843863132081,0.4865895908754723,naive,HUANCAVELICA
2012-02-13,0.4865895908754723,0.4865895908754723,naive,HUANCAVELICA
2012-02-20,0.24329479543773633,0.4865895908754723,naive,HUANCAVELICA
2012-02-27,0.0,0.4865895908754723,naive,HUANCAVELICA
2012-03-05,0.0,0.4865895908754723,naive,HUANCAVELICA
2012-03-12,0.0,0.4865895908754723,naive,HUANCAVELICA
2012-03-19,0.0,0.0,naive,HUANCAVELICA
2012-03-26,0.0,0.0,naive,HUANCAVELICA
2012-04-02,0.0,0.0,naive,HUANCAVELICA
2012-04-09,0.0,0.0,naive,HUANCAVELICA
2012-04-16,0.0,0.0,naive,HUANCAVELICA
2012-04-23,0.0,0.0,naive,HUANCAVELICA
2012-04-30,0.0,0.0,naive,HUANCAVELICA
2012-05-07,0.0,0.0,naive,HUANCAVELICA
2012-05-14,0.24329479543773633,0.0,naive,HUANCAVELICA
2012-05-21,0.24329479543773633,0.0,naive,HUANCAVELICA
2012-05-28,0.24329479543773633,0.0,naive,HUANCAVELICA
2012-06-04,0.0,0.0,naive,HUANCAVELICA
2012-06-11,0.24329479543773633,0.0,naive,HUANCAVELICA
2012-06-18,0.24329479543773633,0.0,naive,HUANCAVELICA
2012-06-25,0.24329479543773633,0.0,naive,HUANCAVELICA
2012-07-02,0.0,0.0,naive,HUANCAVELICA
2012-07-09,0.24329479543773633,0.0,naive,HUANCAVELICA
2012-07-16,0.24329479543773633,0.0,naive,HUANCAVELICA
2012-07-23,0.24329479543773633,0.0,naive,HUANCAVELICA
2012-07-30,0.24329479543773633,0.0,naive,HUANCAVELICA
2012-08-06,0.24329479543773633,0.2432947954377363,naive,HUANCAVELICA
2012-08-13,0.24329479543773633,0.2432947954377363,naive,HUANCAVELICA
2012-08-20,0.0,0.2432947954377363,naive,HUANCAVELICA
2012-08-27,0.0,0.2432947954377363,naive,HUANCAVELICA
2012-09-03,0.0,0.0,naive,HUANCAVELICA
2012-09-10,0.24329479543773633,0.0,naive,HUANCAVELICA
2012-09-17,0.24329479543773633,0.0,naive,HUANCAVELICA
2012-09-24,0.24329479543773633,0.0,naive,HUANCAVELICA
2012-10-01,0.0,0.2432947954377363,naive,HUANCAVELICA
2012-10-08,0.0,0.2432947954377363,naive,HUANCAVELICA
2012-10-15,0.0,0.2432947954377363,naive,HUANCAVELICA
2012-10-22,0.0,0.2432947954377363,naive,HUANCAVELICA
2012-10-29,0.24329479543773633,0.0,naive,HUANCAVELICA
2012-11-05,0.24329479543773633,0.0,naive,HUANCAVELICA
2012-11-12,0.24329479543773633,0.0,naive,HUANCAVELICA
2012-11-19,0.0,0.0,naive,HUANCAVELICA
2012-11-26,0.0,0.0,naive,HUANCAVELICA
2012-12-03,0.0,0.0,naive,HUANCAVELICA
2012-12-10,0.0,0.0,naive,HUANCAVELICA
2012-12-17,0.0,0.0,naive,HUANCAVELICA
2012-12-24,0.0,0.0,naive,HUANCAVELICA
2012-12-31,0.0,0.0,naive,HUANCAVELICA
2013-01-07,0.24858925597235718,0.0,naive,HUANCAVELICA
2013-01-14,0.24858925597235718,0.0,naive,HUANCAVELICA
2013-01-21,0.24858925597235718,0.24858925597235718,naive,HUANCAVELICA
2013-01-28,0.0,0.24858925597235718,naive,HUANCAVELICA
2013-02-04,0.0,0.24858925597235718,naive,HUANCAVELICA
2013-02-11,0.0,0.24858925597235718,naive,HUANCAVELICA
2013-02-18,0.24858925597235718,0.0,naive,HUANCAVELICA
2013-02-25,0.24858925597235718,0.0,naive,HUANCAVELICA
2013-03-04,0.24858925597235718,0.0,naive,HUANCAVELICA
2013-03-11,0.0,0.0,naive,HUANCAVELICA
2013-03-18,0.0,0.0,naive,HUANCAVELICA
2013-03-25,0.0,0.0,naive,HUANCAVELICA
2013-04-01,0.0,0.0,naive,HUANCAVELICA
2013-04-08,0.0,0.0,naive,HUANCAVELICA
2013-04-15,0.0,0.0,naive,HUANCAVELICA
2013-04-22,0.0,0.0,naive,HUANCAVELICA
2013-04-29,0.0,0.0,naive,HUANCAVELICA
2013-05-06,0.24858925597235718,0.0,naive,HUANCAVELICA
2013-05-13,0.24858925597235718,0.24858925597235718,naive,HUANCAVELICA
2013-05-20,0.745767767917071,0.24858925597235718,naive,HUANCAVELICA
2013-05-27,0.4971785119447141,0.24858925597235718,naive,HUANCAVELICA
2013-06-03,0.745767767917071,0.24858925597235718,naive,HUANCAVELICA
2013-06-10,0.24858925597235718,0.7457677679170709,naive,HUANCAVELICA
2013-06-17,0.24858925597235718,0.7457677679170709,naive,HUANCAVELICA
2013-06-24,0.24858925597235718,0.7457677679170709,naive,HUANCAVELICA
2013-07-01,0.4971785119447141,0.7457677679170709,naive,HUANCAVELICA
2013-07-08,0.4971785119447141,0.497178511944714,naive,HUANCAVELICA
2013-07-15,0.24858925597235718,0.497178511944714,naive,HUANCAVELICA
2013-07-22,0.0,0.497178511944714,naive,HUANCAVELICA
2013-07-29,0.0,0.497178511944714,naive,HUANCAVELICA
2013-08-05,0.24858925597235718,0.0,naive,HUANCAVELICA
2013-08-12,0.24858925597235718,0.0,naive,HUANCAVELICA
2013-08-19,0.24858925597235718,0.0,naive,HUANCAVELICA
2013-08-26,0.24858925597235718,0.0,naive,HUANCAVELICA
2013-09-02,0.4971785119447141,0.24858925597235718,naive,HUANCAVELICA
2013-09-09,0.7457677679170707,0.24858925597235718,naive,HUANCAVELICA
2013-09-16,0.4971785119447141,0.24858925597235718,naive,HUANCAVELICA
2013-09-23,0.24858925597235718,0.24858925597235718,naive,HUANCAVELICA
2013-09-30,0.0,0.24858925597235718,naive,HUANCAVELICA
2013-10-07,0.0,0.24858925597235718,naive,HUANCAVELICA
2013-10-14,0.24858925597235718,0.24858925597235718,naive,HUANCAVELICA
2013-10-21,0.9155182480425714,0.24858925597235718,naive,HUANCAVELICA
2013-10-28,1.4126967599872853,0.9155182480425714,naive,HUANCAVELICA
2013-11-04,1.1641075040149282,0.9155182480425714,naive,HUANCAVELICA
2013-11-11,0.4971785119447141,0.9155182480425714,naive,HUANCAVELICA
2013-11-18,0.0,0.9155182480425714,naive,HUANCAVELICA
2013-11-25,0.24858925597235718,0.0,naive,HUANCAVELICA
2013-12-02,0.24858925597235718,0.0,naive,HUANCAVELICA
2013-12-09,0.24858925597235718,0.0,naive,HUANCAVELICA
2013-12-16,0.24858925597235718,0.0,naive,HUANCAVELICA
2013-12-23,0.24858925597235718,0.24858925597235718,naive,HUANCAVELICA
2013-12-30,0.24858925597235718,0.24858925597235718,naive,HUANCAVELICA
2014-01-06,0.254119919189866,0.24858925597235718,naive,HUANCAVELICA
2014-01-13,0.254119919189866,0.24858925597235718,naive,HUANCAVELICA
2014-01-20,0.254119919189866,0.254119919189866,naive,HUANCAVELICA
2014-01-27,0.0,0.254119919189866,naive,HUANCAVELICA
2014-02-03,0.0,0.254119919189866,naive,HUANCAVELICA
2014-02-10,0.0,0.254119919189866,naive,HUANCAVELICA
2014-02-17,0.0,0.0,naive,HUANCAVELICA
2014-02-24,0.254119919189866,0.0,naive,HUANCAVELICA
2014-03-03,0.254119919189866,0.0,naive,HUANCAVELICA
2014-03-10,0.254119919189866,0.0,naive,HUANCAVELICA
2014-03-17,0.0,0.254119919189866,naive,HUANCAVELICA
2014-03-24,0.0,0.254119919189866,naive,HUANCAVELICA
2014-03-31,0.0,0.254119919189866,naive,HUANCAVELICA
2014-04-07,0.0,0.254119919189866,naive,HUANCAVELICA
2014-04-14,0.0,0.0,naive,HUANCAVELICA
2014-04-21,0.0,0.0,naive,HUANCAVELICA
2014-04-28,0.0,0.0,naive,HUANCAVELICA
2014-05-05,0.0,0.0,naive,HUANCAVELICA
2014-05-12,0.0,0.0,naive,HUANCAVELICA
2014-05-19,0.0,0.0,naive,HUANCAVELICA
2014-05-26,0.5082398383797316,0.0,naive,HUANCAVELICA
2014-06-02,0.7623597575695973,0.0,naive,HUANCAVELICA
2014-06-09,1.016479676759463,0.7623597575695973,naive,HUANCAVELICA
2014-06-16,0.7623597575695971,0.7623597575695973,naive,HUANCAVELICA
2014-06-23,0.5082398383797316,0.7623597575695973,naive,HUANCAVELICA
2014-06-30,0.254119919189866,0.7623597575695973,naive,HUANCAVELICA
2014-07-07,0.0,0.254119919189866,naive,HUANCAVELICA
2014-07-14,0.0,0.254119919189866,naive,HUANCAVELICA
2014-07-21,0.0,0.254119919189866,naive,HUANCAVELICA
2014-07-28,0.5082398383797316,0.254119919189866,naive,HUANCAVELICA
2014-08-04,0.5082398383797316,0.5082398383797315,naive,HUANCAVELICA
2014-08-11,0.5082398383797316,0.5082398383797315,naive,HUANCAVELICA
2014-08-18,0.0,0.5082398383797315,naive,HUANCAVELICA
2014-08-25,0.0,0.5082398383797315,naive,HUANCAVELICA
2014-09-01,0.0,0.0,naive,HUANCAVELICA
2014-09-08,0.0,0.0,naive,HUANCAVELICA
2014-09-15,0.0,0.0,naive,HUANCAVELICA
2014-09-22,0.0,0.0,naive,HUANCAVELICA
2014-09-29,0.254119919189866,0.0,naive,HUANCAVELICA
2014-10-06,0.254119919189866,0.0,naive,HUANCAVELICA
2014-10-13,0.254119919189866,0.0,naive,HUANCAVELICA
2014-10-20,0.254119919189866,0.0,naive,HUANCAVELICA
2014-10-27,0.254119919189866,0.254119919189866,naive,HUANCAVELICA
2014-11-03,0.254119919189866,0.254119919189866,naive,HUANCAVELICA
2014-11-10,0.0,0.254119919189866,naive,HUANCAVELICA
2014-11-17,0.0,0.254119919189866,naive,HUANCAVELICA
2014-11-24,0.0,0.0,naive,HUANCAVELICA
2014-12-01,0.0,0.0,naive,HUANCAVELICA
2014-12-08,0.0,0.0,naive,HUANCAVELICA
2014-12-15,0.0,0.0,naive,HUANCAVELICA
2014-12-22,0.0,0.0,naive,HUANCAVELICA
2014-12-29,0.0,0.0,naive,HUANCAVELICA
2015-01-05,0.0,0.0,naive,HUANCAVELICA
2015-01-12,0.25990160125376566,0.0,naive,HUANCAVELICA
2015-01-19,0.25990160125376566,0.25990160125376566,naive,HUANCAVELICA
2015-01-26,0.519803202507531,0.25990160125376566,naive,HUANCAVELICA
2015-02-02,0.519803202507531,0.25990160125376566,naive,HUANCAVELICA
2015-02-09,0.519803202507531,0.25990160125376566,naive,HUANCAVELICA
2015-02-16,0.25990160125376566,0.519803202507531,naive,HUANCAVELICA
2015-02-23,0.25990160125376566,0.519803202507531,naive,HUANCAVELICA
2015-03-02,0.25990160125376566,0.519803202507531,naive,HUANCAVELICA
2015-03-09,0.25990160125376566,0.519803202507531,naive,HUANCAVELICA
2015-03-16,0.0,0.25990160125376566,naive,HUANCAVELICA
2015-03-23,0.0,0.25990160125376566,naive,HUANCAVELICA
2015-03-30,0.0,0.25990160125376566,naive,HUANCAVELICA
2015-04-06,0.0,0.25990160125376566,naive,HUANCAVELICA
2015-04-13,0.25990160125376566,0.0,naive,HUANCAVELICA
2015-04-20,0.25990160125376566,0.0,naive,HUANCAVELICA
2015-04-27,0.519803202507531,0.0,naive,HUANCAVELICA
2015-05-04,0.25990160125376566,0.0,naive,HUANCAVELICA
2015-05-11,0.25990160125376566,0.25990160125376566,naive,HUANCAVELICA
2015-05-18,0.0,0.25990160125376566,naive,HUANCAVELICA
2015-05-25,0.0,0.25990160125376566,naive,HUANCAVELICA
2015-06-01,0.25990160125376566,0.25990160125376566,naive,HUANCAVELICA
2015-06-08,0.519803202507531,0.25990160125376566,naive,HUANCAVELICA
2015-06-15,0.519803202507531,0.25990160125376566,naive,HUANCAVELICA
2015-06-22,0.25990160125376566,0.25990160125376566,naive,HUANCAVELICA
2015-06-29,0.25990160125376566,0.25990160125376566,naive,HUANCAVELICA
2015-07-06,0.519803202507531,0.25990160125376566,naive,HUANCAVELICA
2015-07-13,0.519803202507531,0.25990160125376566,naive,HUANCAVELICA
2015-07-20,0.519803202507531,0.25990160125376566,naive,HUANCAVELICA
2015-07-27,0.519803202507531,0.25990160125376566,naive,HUANCAVELICA
2015-08-03,0.519803202507531,0.519803202507531,naive,HUANCAVELICA
2015-08-10,0.25990160125376566,0.519803202507531,naive,HUANCAVELICA
2015-08-17,0.0,0.519803202507531,naive,HUANCAVELICA
2015-08-24,0.0,0.519803202507531,naive,HUANCAVELICA
2015-08-31,0.25990160125376566,0.0,naive,HUANCAVELICA
2015-09-07,0.25990160125376566,0.0,naive,HUANCAVELICA
2015-09-14,0.519803202507531,0.0,naive,HUANCAVELICA
2015-09-21,0.25990160125376566,0.0,naive,HUANCAVELICA
2015-09-28,0.519803202507531,0.25990160125376566,naive,HUANCAVELICA
2015-10-05,0.25990160125376566,0.25990160125376566,naive,HUANCAVELICA
2015-10-12,0.519803202507531,0.25990160125376566,naive,HUANCAVELICA
2015-10-19,0.25990160125376566,0.25990160125376566,naive,HUANCAVELICA
2015-10-26,0.25990160125376566,0.25990160125376566,naive,HUANCAVELICA
2015-11-02,0.0,0.25990160125376566,naive,HUANCAVELICA
2015-11-09,0.0,0.25990160125376566,naive,HUANCAVELICA
2015-11-16,0.0,0.25990160125376566,naive,HUANCAVELICA
2015-11-23,0.0,0.0,naive,HUANCAVELICA
2015-11-30,0.0,0.0,naive,HUANCAVELICA
2015-12-07,0.0,0.0,naive,HUANCAVELICA
2015-12-14,0.0,0.0,naive,HUANCAVELICA
2015-12-21,0.0,0.0,naive,HUANCAVELICA
2015-12-28,0.0,0.0,naive,HUANCAVELICA
2016-01-04,0.0,0.0,naive,HUANCAVELICA
2016-01-11,0.0,0.0,naive,HUANCAVELICA
2016-01-18,0.0,0.0,naive,HUANCAVELICA
2016-01-25,0.0,0.0,naive,HUANCAVELICA
2016-02-01,0.0,0.0,naive,HUANCAVELICA
2016-02-08,0.26595320287442253,0.0,naive,HUANCAVELICA
2016-02-15,0.5319064057488447,0.2659532028744225,naive,HUANCAVELICA
2016-02-22,0.5319064057488447,0.2659532028744225,naive,HUANCAVELICA
2016-02-29,0.26595320287442253,0.2659532028744225,naive,HUANCAVELICA
2016-03-07,0.0,0.2659532028744225,naive,HUANCAVELICA
2016-03-14,0.0,0.0,naive,HUANCAVELICA
2016-03-21,0.0,0.0,naive,HUANCAVELICA
2016-03-28,0.0,0.0,naive,HUANCAVELICA
2016-04-04,0.0,0.0,naive,HUANCAVELICA
2016-04-11,0.0,0.0,naive,HUANCAVELICA
2016-04-18,0.0,0.0,naive,HUANCAVELICA
2016-04-25,0.0,0.0,naive,HUANCAVELICA
2016-05-02,0.0,0.0,naive,HUANCAVELICA
2016-05-09,0.0,0.0,naive,HUANCAVELICA
2016-05-16,0.0,0.0,naive,HUANCAVELICA
2016-05-23,0.0,0.0,naive,HUANCAVELICA
2016-05-30,0.26595320287442253,0.0,naive,HUANCAVELICA
2016-06-06,0.26595320287442253,0.2659532028744225,naive,HUANCAVELICA
2016-06-13,0.26595320287442253,0.2659532028744225,naive,HUANCAVELICA
2016-06-20,0.0,0.2659532028744225,naive,HUANCAVELICA
2016-06-27,0.0,0.2659532028744225,naive,HUANCAVELICA
2016-07-04,0.0,0.0,naive,HUANCAVELICA
2016-07-11,0.5319064057488447,0.0,naive,HUANCAVELICA
2016-07-18,0.5319064057488447,0.0,naive,HUANCAVELICA
2016-07-25,0.7978596086232669,0.0,naive,HUANCAVELICA
2016-08-01,0.26595320287442253,0.797859608623267,naive,HUANCAVELICA
2016-08-08,0.5319064057488447,0.797859608623267,naive,HUANCAVELICA
2016-08-15,0.26595320287442253,0.797859608623267,naive,HUANCAVELICA
2016-08-22,0.26595320287442253,0.797859608623267,naive,HUANCAVELICA
2016-08-29,0.0,0.2659532028744225,naive,HUANCAVELICA
2016-09-05,0.0,0.2659532028744225,naive,HUANCAVELICA
2016-09-12,0.0,0.2659532028744225,naive,HUANCAVELICA
2016-09-19,0.0,0.2659532028744225,naive,HUANCAVELICA
2016-09-26,0.0,0.0,naive,HUANCAVELICA
2016-10-03,0.26595320287442253,0.0,naive,HUANCAVELICA
2016-10-10,0.26595320287442253,0.0,naive,HUANCAVELICA
2016-10-17,0.26595320287442253,0.0,naive,HUANCAVELICA
2016-10-24,0.0,0.2659532028744225,naive,HUANCAVELICA
2016-10-31,0.0,0.2659532028744225,naive,HUANCAVELICA
2016-11-07,0.0,0.2659532028744225,naive,HUANCAVELICA
2016-11-14,0.0,0.2659532028744225,naive,HUANCAVELICA
2016-11-21,0.0,0.0,naive,HUANCAVELICA
2016-11-28,0.0,0.0,naive,HUANCAVELICA
2016-12-05,0.26595320287442253,0.0,naive,HUANCAVELICA
2016-12-12,0.26595320287442253,0.0,naive,HUANCAVELICA
2016-12-19,0.26595320287442253,0.2659532028744225,naive,HUANCAVELICA
2016-12-26,0.26595320287442253,0.2659532028744225,naive,HUANCAVELICA
2017-01-02,0.26595320287442253,0.2659532028744225,naive,HUANCAVELICA
2017-01-09,0.5382457976050162,0.2659532028744225,naive,HUANCAVELICA
2017-01-16,0.27229259473059403,0.5382457976050161,naive,HUANCAVELICA
2017-01-23,0.27229259473059403,0.5382457976050161,naive,HUANCAVELICA
2017-01-30,0.0,0.5382457976050161,naive,HUANCAVELICA
2017-02-06,0.0,0.5382457976050161,naive,HUANCAVELICA
2017-02-13,0.0,0.0,naive,HUANCAVELICA
2017-02-20,0.0,0.0,naive,HUANCAVELICA
2017-02-27,0.5445851894611877,0.0,naive,HUANCAVELICA
2017-03-06,0.8168777841917815,0.0,naive,HUANCAVELICA
2017-03-13,1.0891703789223752,0.8168777841917814,naive,HUANCAVELICA
2017-03-20,0.8168777841917811,0.8168777841917814,naive,HUANCAVELICA
2017-03-27,0.5445851894611877,0.8168777841917814,naive,HUANCAVELICA
2017-04-03,0.27229259473059403,0.8168777841917814,naive,HUANCAVELICA
2017-04-10,0.0,0.272292594730594,naive,HUANCAVELICA
2017-04-17,0.0,0.272292594730594,naive,HUANCAVELICA
2017-04-24,0.27229259473059403,0.272292594730594,naive,HUANCAVELICA
2017-05-01,0.27229259473059403,0.272292594730594,naive,HUANCAVELICA
2017-05-08,0.27229259473059403,0.272292594730594,naive,HUANCAVELICA
2017-05-15,0.0,0.272292594730594,naive,HUANCAVELICA
2017-05-22,0.0,0.272292594730594,naive,HUANCAVELICA
2017-05-29,0.6669289920702145,0.272292594730594,naive,HUANCAVELICA
2017-06-05,0.6669289920702145,0.6669289920702146,naive,HUANCAVELICA
2017-06-12,0.6669289920702145,0.6669289920702146,naive,HUANCAVELICA
2017-06-19,0.0,0.6669289920702146,naive,HUANCAVELICA
2017-06-26,0.0,0.6669289920702146,naive,HUANCAVELICA
2017-07-03,0.27229259473059403,0.0,naive,HUANCAVELICA
2017-07-10,0.27229259473059403,0.0,naive,HUANCAVELICA
2017-07-17,0.27229259473059403,0.0,naive,HUANCAVELICA
2017-07-24,0.27229259473059403,0.0,naive,HUANCAVELICA
2017-07-31,0.27229259473059403,0.272292594730594,naive,HUANCAVELICA
2017-08-07,0.27229259473059403,0.272292594730594,naive,HUANCAVELICA
2017-08-14,0.27229259473059403,0.272292594730594,naive,HUANCAVELICA
2017-08-21,0.27229259473059403,0.272292594730594,naive,HUANCAVELICA
2017-08-28,0.27229259473059403,0.272292594730594,naive,HUANCAVELICA
2017-09-04,0.27229259473059403,0.272292594730594,naive,HUANCAVELICA
2017-09-11,0.27229259473059403,0.272292594730594,naive,HUANCAVELICA
2017-09-18,0.27229259473059403,0.272292594730594,naive,HUANCAVELICA
2017-09-25,0.27229259473059403,0.272292594730594,naive,HUANCAVELICA
2017-10-02,0.27229259473059403,0.272292594730594,naive,HUANCAVELICA
2017-10-09,0.27229259473059403,0.272292594730594,naive,HUANCAVELICA
2017-10-16,0.0,0.272292594730594,naive,HUANCAVELICA
2017-10-23,0.0,0.0,naive,HUANCAVELICA
2017-10-30,0.0,0.0,naive,HUANCAVELICA
2017-11-06,0.0,0.0,naive,HUANCAVELICA
2017-11-13,0.0,0.0,naive,HUANCAVELICA
2017-11-20,0.27229259473059403,0.0,naive,HUANCAVELICA
2017-11-27,0.27229259473059403,0.0,naive,HUANCAVELICA
2017-12-04,0.27229259473059403,0.0,naive,HUANCAVELICA
2017-12-11,0.27229259473059403,0.0,naive,HUANCAVELICA
2017-12-18,0.27229259473059403,0.272292594730594,naive,HUANCAVELICA
2017-12-25,0.27229259473059403,0.272292594730594,naive,HUANCAVELICA
2018-01-01,0.27474791878451554,0.272292594730594,naive,HUANCAVELICA
2018-01-08,0.27474791878451554,0.272292594730594,naive,HUANCAVELICA
2018-01-15,0.27474791878451554,0.27474791878451554,naive,HUANCAVELICA
2018-01-22,0.0,0.27474791878451554,naive,HUANCAVELICA
2018-01-29,0.0,0.27474791878451554,naive,HUANCAVELICA
2018-02-05,0.0,0.27474791878451554,naive,HUANCAVELICA
2018-02-12,0.0,0.0,naive,HUANCAVELICA
2018-02-19,0.0,0.0,naive,HUANCAVELICA
2018-02-26,0.0,0.0,naive,HUANCAVELICA
2018-03-05,0.0,0.0,naive,HUANCAVELICA
2018-03-12,0.0,0.0,naive,HUANCAVELICA
2018-03-19,0.0,0.0,naive,HUANCAVELICA
2018-03-26,0.0,0.0,naive,HUANCAVELICA
2018-04-02,0.0,0.0,naive,HUANCAVELICA
2018-04-09,0.27474791878451554,0.0,naive,HUANCAVELICA
2018-04-16,0.27474791878451554,0.0,naive,HUANCAVELICA
2018-04-23,0.27474791878451554,0.0,naive,HUANCAVELICA
2018-04-30,0.0,0.0,naive,HUANCAVELICA
2018-05-07,0.0,0.0,naive,HUANCAVELICA
2018-05-14,0.0,0.0,naive,HUANCAVELICA
2018-05-21,0.0,0.0,naive,HUANCAVELICA
2018-05-28,0.0,0.0,naive,HUANCAVELICA
2018-06-04,0.27474791878451554,0.0,naive,HUANCAVELICA
2018-06-11,0.27474791878451554,0.0,naive,HUANCAVELICA
2018-06-18,0.27474791878451554,0.0,naive,HUANCAVELICA
2018-06-25,0.0,0.0,naive,HUANCAVELICA
2018-07-02,0.0,0.0,naive,HUANCAVELICA
2018-07-09,0.0,0.0,naive,HUANCAVELICA
2018-07-16,0.27474791878451554,0.0,naive,HUANCAVELICA
2018-07-23,0.5494958375690308,0.0,naive,HUANCAVELICA
2018-07-30,0.8242437563535457,0.5494958375690309,naive,HUANCAVELICA
2018-08-06,0.5494958375690309,0.5494958375690309,naive,HUANCAVELICA
2018-08-13,0.5494958375690308,0.5494958375690309,naive,HUANCAVELICA
2018-08-20,0.27474791878451554,0.5494958375690309,naive,HUANCAVELICA
2018-08-27,0.27474791878451554,0.27474791878451554,naive,HUANCAVELICA
2018-09-03,0.0,0.27474791878451554,naive,HUANCAVELICA
2018-09-10,0.0,0.27474791878451554,naive,HUANCAVELICA
2018-09-17,0.0,0.27474791878451554,naive,HUANCAVELICA
2018-09-24,0.0,0.0,naive,HUANCAVELICA
2018-10-01,0.0,0.0,naive,HUANCAVELICA
2018-10-08,0.0,0.0,naive,HUANCAVELICA
2018-10-15,0.0,0.0,naive,HUANCAVELICA
2018-10-22,0.0,0.0,naive,HUANCAVELICA
2018-10-29,0.0,0.0,naive,HUANCAVELICA
2018-11-05,0.0,0.0,naive,HUANCAVELICA
2018-11-12,0.0,0.0,naive,HUANCAVELICA
2018-11-19,0.0,0.0,naive,HUANCAVELICA
2018-11-26,0.0,0.0,naive,HUANCAVELICA
2018-12-03,0.0,0.0,naive,HUANCAVELICA
2018-12-10,0.0,0.0,naive,HUANCAVELICA
2018-12-17,0.0,0.0,naive,HUANCAVELICA
2018-12-24,0.0,0.0,naive,HUANCAVELICA
2018-12-31,0.0,0.0,naive,HUANCAVELICA
2019-01-07,0.27724715752351775,0.0,naive,HUANCAVELICA
2019-01-14,0.27724715752351775,0.2772471575235178,naive,HUANCAVELICA
2019-01-21,0.5544943150470353,0.2772471575235178,naive,HUANCAVELICA
2019-01-28,0.27724715752351775,0.2772471575235178,naive,HUANCAVELICA
2019-02-04,0.5544943150470353,0.2772471575235178,naive,HUANCAVELICA
2019-02-11,0.27724715752351775,0.5544943150470354,naive,HUANCAVELICA
2019-02-18,0.27724715752351775,0.5544943150470354,naive,HUANCAVELICA
2019-02-25,0.0,0.5544943150470354,naive,HUANCAVELICA
2019-03-04,0.0,0.5544943150470354,naive,HUANCAVELICA
2019-03-11,0.0,0.0,naive,HUANCAVELICA
2019-03-18,0.0,0.0,naive,HUANCAVELICA
2019-03-25,0.0,0.0,naive,HUANCAVELICA
2019-04-01,0.0,0.0,naive,HUANCAVELICA
2019-04-08,0.0,0.0,naive,HUANCAVELICA
2019-04-15,0.0,0.0,naive,HUANCAVELICA
2019-04-22,0.0,0.0,naive,HUANCAVELICA
2019-04-29,0.0,0.0,naive,HUANCAVELICA
2019-05-06,0.27724715752351775,0.0,naive,HUANCAVELICA
2019-05-13,0.27724715752351775,0.0,naive,HUANCAVELICA
2019-05-20,0.27724715752351775,0.0,naive,HUANCAVELICA
2019-05-27,0.0,0.0,naive,HUANCAVELICA
2019-06-03,0.0,0.0,naive,HUANCAVELICA
2019-06-10,0.0,0.0,naive,HUANCAVELICA
2019-06-17,0.0,0.0,naive,HUANCAVELICA
2019-06-24,0.0,0.0,naive,HUANCAVELICA
2019-07-01,0.0,0.0,naive,HUANCAVELICA
2019-07-08,0.0,0.0,naive,HUANCAVELICA
2019-07-15,0.0,0.0,naive,HUANCAVELICA
2019-07-22,0.0,0.0,naive,HUANCAVELICA
2019-07-29,0.0,0.0,naive,HUANCAVELICA
2019-08-05,0.0,0.0,naive,HUANCAVELICA
2019-08-12,0.0,0.0,naive,HUANCAVELICA
2019-08-19,0.27724715752351775,0.0,naive,HUANCAVELICA
2019-08-26,0.27724715752351775,0.2772471575235178,naive,HUANCAVELICA
2019-09-02,0.27724715752351775,0.2772471575235178,naive,HUANCAVELICA
2019-09-09,0.0,0.2772471575235178,naive,HUANCAVELICA
2019-09-16,0.0,0.2772471575235178,naive,HUANCAVELICA
2019-09-23,0.27724715752351775,0.0,naive,HUANCAVELICA
2019-09-30,0.27724715752351775,0.0,naive,HUANCAVELICA
2019-10-07,0.27724715752351775,0.0,naive,HUANCAVELICA
2019-10-14,0.0,0.0,naive,HUANCAVELICA
2019-10-21,0.0,0.0,naive,HUANCAVELICA
2019-10-28,0.0,0.0,naive,HUANCAVELICA
2019-11-04,0.0,0.0,naive,HUANCAVELICA
2019-11-11,0.0,0.0,naive,HUANCAVELICA
2019-11-18,0.0,0.0,naive,HUANCAVELICA
2019-11-25,0.0,0.0,naive,HUANCAVELICA
2019-12-02,0.0,0.0,naive,HUANCAVELICA
2019-12-09,0.0,0.0,naive,HUANCAVELICA
2019-12-16,0.0,0.0,naive,HUANCAVELICA
2019-12-23,0.0,0.0,naive,HUANCAVELICA
2019-12-30,0.0,0.0,naive,HUANCAVELICA
2020-01-06,0.0,0.0,naive,HUANCAVELICA
2020-01-13,0.0,0.0,naive,HUANCAVELICA
2020-01-20,0.0,0.0,naive,HUANCAVELICA
2020-01-27,0.0,0.0,naive,HUANCAVELICA
2020-02-03,0.0,0.0,naive,HUANCAVELICA
2020-02-10,0.0,0.0,naive,HUANCAVELICA
2020-02-17,0.0,0.0,naive,HUANCAVELICA
2020-02-24,0.0,0.0,naive,HUANCAVELICA
2020-03-02,0.0,0.0,naive,HUANCAVELICA
2020-03-09,0.0,0.0,naive,HUANCAVELICA
2020-03-16,0.0,0.0,naive,HUANCAVELICA
2020-03-23,0.0,0.0,naive,HUANCAVELICA
2020-03-30,0.0,0.0,naive,HUANCAVELICA
2020-04-06,0.0,0.0,naive,HUANCAVELICA
2020-04-13,0.0,0.0,naive,HUANCAVELICA
2020-04-20,0.0,0.0,naive,HUANCAVELICA
2020-04-27,0.0,0.0,naive,HUANCAVELICA
2020-05-04,0.0,0.0,naive,HUANCAVELICA
2020-05-11,0.0,0.0,naive,HUANCAVELICA
2020-05-18,0.0,0.0,naive,HUANCAVELICA
2020-05-25,0.0,0.0,naive,HUANCAVELICA
2020-06-01,0.0,0.0,naive,HUANCAVELICA
2020-06-08,0.0,0.0,naive,HUANCAVELICA
2020-06-15,0.0,0.0,naive,HUANCAVELICA
2020-06-22,0.0,0.0,naive,HUANCAVELICA
2020-06-29,0.0,0.0,naive,HUANCAVELICA
2020-07-06,0.0,0.0,naive,HUANCAVELICA
2020-07-13,0.0,0.0,naive,HUANCAVELICA
2020-07-20,0.0,0.0,naive,HUANCAVELICA
2020-07-27,0.0,0.0,naive,HUANCAVELICA
2020-08-03,0.0,0.0,naive,HUANCAVELICA
2020-08-10,0.0,0.0,naive,HUANCAVELICA
2020-08-17,0.0,0.0,naive,HUANCAVELICA
2020-08-24,0.0,0.0,naive,HUANCAVELICA
2020-08-31,0.0,0.0,naive,HUANCAVELICA
2020-09-07,0.0,0.0,naive,HUANCAVELICA
2020-09-14,0.0,0.0,naive,HUANCAVELICA
2020-09-21,0.0,0.0,naive,HUANCAVELICA
2020-09-28,0.0,0.0,naive,HUANCAVELICA
2020-10-05,0.0,0.0,naive,HUANCAVELICA
2020-10-12,0.0,0.0,naive,HUANCAVELICA
2020-10-19,0.0,0.0,naive,HUANCAVELICA
2020-10-26,0.0,0.0,naive,HUANCAVELICA
2020-11-02,0.27979306504908996,0.0,naive,HUANCAVELICA
2020-11-09,0.27979306504908996,0.0,naive,HUANCAVELICA
2020-11-16,0.27979306504908996,0.27979306504908996,naive,HUANCAVELICA
2020-11-23,0.0,0.27979306504908996,naive,HUANCAVELICA
2020-11-30,0.0,0.27979306504908996,naive,HUANCAVELICA
2020-12-07,0.0,0.27979306504908996,naive,HUANCAVELICA
2020-12-14,0.0,0.0,naive,HUANCAVELICA
2020-12-21,0.0,0.0,naive,HUANCAVELICA
2020-12-28,0.0,0.0,naive,HUANCAVELICA
2021-01-04,0.0,0.0,naive,HUANCAVELICA
2021-01-11,0.0,0.0,naive,HUANCAVELICA
2021-01-18,0.0,0.0,naive,HUANCAVELICA
2021-01-25,0.0,0.0,naive,HUANCAVELICA
2021-02-01,0.0,0.0,naive,HUANCAVELICA
2021-02-08,0.0,0.0,naive,HUANCAVELICA
2021-02-15,0.0,0.0,naive,HUANCAVELICA
2021-02-22,0.0,0.0,naive,HUANCAVELICA
2021-03-01,0.0,0.0,naive,HUANCAVELICA
2021-03-08,0.0,0.0,naive,HUANCAVELICA
2021-03-15,0.0,0.0,naive,HUANCAVELICA
2021-03-22,0.0,0.0,naive,HUANCAVELICA
2021-03-29,0.0,0.0,naive,HUANCAVELICA
2021-04-05,0.0,0.0,naive,HUANCAVELICA
2021-04-12,0.0,0.0,naive,HUANCAVELICA
2021-04-19,0.0,0.0,naive,HUANCAVELICA
2021-04-26,0.0,0.0,naive,HUANCAVELICA
2021-05-03,0.0,0.0,naive,HUANCAVELICA
2021-05-10,0.0,0.0,naive,HUANCAVELICA
2021-05-17,0.0,0.0,naive,HUANCAVELICA
2021-05-24,0.0,0.0,naive,HUANCAVELICA
2021-05-31,0.0,0.0,naive,HUANCAVELICA
2021-06-07,0.0,0.0,naive,HUANCAVELICA
2021-06-14,0.28238536566081024,0.0,naive,HUANCAVELICA
2021-06-21,0.28238536566081024,0.0,naive,HUANCAVELICA
2021-06-28,0.28238536566081024,0.28238536566081024,naive,HUANCAVELICA
2021-07-05,0.0,0.28238536566081024,naive,HUANCAVELICA
2021-07-12,0.0,0.28238536566081024,naive,HUANCAVELICA
2021-07-19,0.0,0.28238536566081024,naive,HUANCAVELICA
2021-07-26,0.0,0.0,naive,HUANCAVELICA
2021-08-02,0.0,0.0,naive,HUANCAVELICA
2021-08-09,0.0,0.0,naive,HUANCAVELICA
2021-08-16,0.0,0.0,naive,HUANCAVELICA
2021-08-23,0.0,0.0,naive,HUANCAVELICA
2021-08-30,0.0,0.0,naive,HUANCAVELICA
2021-09-06,0.0,0.0,naive,HUANCAVELICA
2021-09-13,0.28238536566081024,0.0,naive,HUANCAVELICA
2021-09-20,0.28238536566081024,0.28238536566081024,naive,HUANCAVELICA
2021-09-27,0.28238536566081024,0.28238536566081024,naive,HUANCAVELICA
2021-10-04,0.0,0.28238536566081024,naive,HUANCAVELICA
2021-10-11,0.0,0.28238536566081024,naive,HUANCAVELICA
2021-10-18,0.0,0.0,naive,HUANCAVELICA
2021-10-25,0.0,0.0,naive,HUANCAVELICA
2021-11-01,0.0,0.0,naive,HUANCAVELICA
2021-11-08,0.0,0.0,naive,HUANCAVELICA
2021-11-15,0.0,0.0,naive,HUANCAVELICA
2021-11-22,0.28238536566081024,0.0,naive,HUANCAVELICA
2021-11-29,0.28238536566081024,0.0,naive,HUANCAVELICA
2021-12-06,0.28238536566081024,0.0,naive,HUANCAVELICA
2021-12-13,0.0,0.28238536566081024,naive,HUANCAVELICA
2021-12-20,0.0,0.28238536566081024,naive,HUANCAVELICA
2021-12-27,0.0,0.28238536566081024,naive,HUANCAVELICA
2022-01-03,0.0,0.28238536566081024,naive,HUANCAVELICA
2022-01-10,0.0,0.0,naive,HUANCAVELICA
2022-01-17,0.0,0.0,naive,HUANCAVELICA
2022-01-24,0.0,0.0,naive,HUANCAVELICA
2022-01-31,0.0,0.0,naive,HUANCAVELICA
2022-02-07,0.0,0.0,naive,HUANCAVELICA
2022-02-14,0.0,0.0,naive,HUANCAVELICA
2022-02-21,0.0,0.0,naive,HUANCAVELICA
2022-02-28,0.0,0.0,naive,HUANCAVELICA
2022-03-07,0.0,0.0,naive,HUANCAVELICA
2022-03-14,0.0,0.0,naive,HUANCAVELICA
2022-03-21,0.0,0.0,naive,HUANCAVELICA
2022-03-28,0.0,0.0,naive,HUANCAVELICA
2022-04-04,0.0,0.0,naive,HUANCAVELICA
2022-04-11,0.0,0.0,naive,HUANCAVELICA
2022-04-18,0.0,0.0,naive,HUANCAVELICA
2022-04-25,0.0,0.0,naive,HUANCAVELICA
2022-05-02,0.28502615114936825,0.0,naive,HUANCAVELICA
2022-05-09,0.28502615114936825,0.0,naive,HUANCAVELICA
2022-05-16,0.28502615114936825,0.0,naive,HUANCAVELICA
2022-05-23,0.0,0.0,naive,HUANCAVELICA
2022-05-30,0.0,0.0,naive,HUANCAVELICA
2022-06-06,0.28502615114936825,0.0,naive,HUANCAVELICA
2022-06-13,0.28502615114936825,0.0,naive,HUANCAVELICA
2022-06-20,0.28502615114936825,0.0,naive,HUANCAVELICA
2022-06-27,0.0,0.28502615114936825,naive,HUANCAVELICA
2022-07-04,0.0,0.28502615114936825,naive,HUANCAVELICA
2022-07-11,0.0,0.28502615114936825,naive,HUANCAVELICA
2022-07-18,0.28502615114936825,0.28502615114936825,naive,HUANCAVELICA
2022-07-25,0.28502615114936825,0.28502615114936825,naive,HUANCAVELICA
2022-08-01,0.28502615114936825,0.28502615114936825,naive,HUANCAVELICA
2022-08-08,0.0,0.28502615114936825,naive,HUANCAVELICA
2022-08-15,0.0,0.28502615114936825,naive,HUANCAVELICA
2022-08-22,0.0,0.0,naive,HUANCAVELICA
2022-08-29,0.0,0.0,naive,HUANCAVELICA
2022-09-05,0.0,0.0,naive,HUANCAVELICA
2022-09-12,0.0,0.0,naive,HUANCAVELICA
2022-09-19,0.0,0.0,naive,HUANCAVELICA
2022-09-26,0.0,0.0,naive,HUANCAVELICA
2022-10-03,0.0,0.0,naive,HUANCAVELICA
2022-10-10,0.0,0.0,naive,HUANCAVELICA
2022-10-17,0.0,0.0,naive,HUANCAVELICA
2022-10-24,0.0,0.0,naive,HUANCAVELICA
2022-10-31,0.0,0.0,naive,HUANCAVELICA
2022-11-07,0.0,0.0,naive,HUANCAVELICA
2022-11-14,0.0,0.0,naive,HUANCAVELICA
2022-11-21,0.0,0.0,naive,HUANCAVELICA
2022-11-28,0.0,0.0,naive,HUANCAVELICA
2022-12-05,0.0,0.0,naive,HUANCAVELICA
2010-12-27,0.7000627722952494,0.0,seasonal_naive,HUANCAVELICA
2011-01-03,0.23335425743174998,0.0,seasonal_naive,HUANCAVELICA
2011-01-10,0.47157484493136287,0.0,seasonal_naive,HUANCAVELICA
2011-01-17,0.23822058749961317,0.0,seasonal_naive,HUANCAVELICA
2011-01-24,0.23822058749961317,0.23335425743174998,seasonal_naive,HUANCAVELICA
2011-01-31,0.0,0.23335425743174998,seasonal_naive,HUANCAVELICA
2011-02-07,0.0,0.4667085148634997,seasonal_naive,HUANCAVELICA
2011-02-14,0.0,0.4667085148634997,seasonal_naive,HUANCAVELICA
2011-02-21,0.23822058749961317,0.4667085148634997,seasonal_naive,HUANCAVELICA
2011-02-28,0.23822058749961317,0.4667085148634997,seasonal_naive,HUANCAVELICA
2011-03-07,0.23822058749961317,0.4667085148634997,seasonal_naive,HUANCAVELICA
2011-03-14,0.23822058749961317,0.4667085148634997,seasonal_naive,HUANCAVELICA
2011-03-21,0.23822058749961317,0.7000627722952493,seasonal_naive,HUANCAVELICA
2011-03-28,0.23822058749961317,0.4667085148634997,seasonal_naive,HUANCAVELICA
2011-04-04,0.0,0.4667085148634997,seasonal_naive,HUANCAVELICA
2011-04-11,0.0,0.0,seasonal_naive,HUANCAVELICA
2011-04-18,0.0,0.0,seasonal_naive,HUANCAVELICA
2011-04-25,0.0,0.0,seasonal_naive,HUANCAVELICA
2011-05-02,0.0,0.23335425743174998,seasonal_naive,HUANCAVELICA
2011-05-09,0.47644117499922606,0.4667085148634997,seasonal_naive,HUANCAVELICA
2011-05-16,0.47644117499922606,0.700062772295249,seasonal_naive,HUANCAVELICA
2011-05-23,0.47644117499922606,0.4667085148634997,seasonal_naive,HUANCAVELICA
2011-05-30,0.0,0.23335425743174998,seasonal_naive,HUANCAVELICA
2011-06-06,0.0,0.6669289920702146,seasonal_naive,HUANCAVELICA
2011-06-13,0.23822058749961317,0.6669289920702146,seasonal_naive,HUANCAVELICA
2011-06-20,0.23822058749961317,0.6669289920702146,seasonal_naive,HUANCAVELICA
2011-06-27,0.23822058749961317,0.4667085148634997,seasonal_naive,HUANCAVELICA
2011-07-04,0.0,0.4667085148634997,seasonal_naive,HUANCAVELICA
2011-07-11,0.0,0.7000627722952493,seasonal_naive,HUANCAVELICA
2011-07-18,0.23822058749961317,0.23335425743174998,seasonal_naive,HUANCAVELICA
2011-07-25,0.47644117499922606,0.23335425743174998,seasonal_naive,HUANCAVELICA
2011-08-01,0.47644117499922606,0.23335425743174998,seasonal_naive,HUANCAVELICA
2011-08-08,0.23822058749961317,0.23335425743174998,seasonal_naive,HUANCAVELICA
2011-08-15,0.0,0.23335425743174998,seasonal_naive,HUANCAVELICA
2011-08-22,0.0,0.0,seasonal_naive,HUANCAVELICA
2011-08-29,0.0,0.0,seasonal_naive,HUANCAVELICA
2011-09-05,0.0,0.0,seasonal_naive,HUANCAVELICA
2011-09-12,0.0,0.0,seasonal_naive,HUANCAVELICA
2011-09-19,0.0,0.0,seasonal_naive,HUANCAVELICA
2011-09-26,0.0,0.0,seasonal_naive,HUANCAVELICA
2011-10-03,0.0,0.0,seasonal_naive,HUANCAVELICA
2011-10-10,0.0,0.0,seasonal_naive,HUANCAVELICA
2011-10-17,0.23822058749961317,0.0,seasonal_naive,HUANCAVELICA
2011-10-24,0.23822058749961317,0.23335425743174998,seasonal_naive,HUANCAVELICA
2011-10-31,0.23822058749961317,0.4667085148634997,seasonal_naive,HUANCAVELICA
2011-11-07,0.0,0.700062772295249,seasonal_naive,HUANCAVELICA
2011-11-14,0.23822058749961317,0.4667085148634997,seasonal_naive,HUANCAVELICA
2011-11-21,0.23822058749961317,0.7000627722952493,seasonal_naive,HUANCAVELICA
2011-11-28,0.23822058749961317,0.4667085148634997,seasonal_naive,HUANCAVELICA
2011-12-05,0.0,0.4667085148634997,seasonal_naive,HUANCAVELICA
2011-12-12,0.23822058749961317,0.4667085148634997,seasonal_naive,HUANCAVELICA
2011-12-19,0.23822058749961317,0.4667085148634997,seasonal_naive,HUANCAVELICA
2011-12-26,0.47644117499922606,0.7000627722952493,seasonal_naive,HUANCAVELICA
2012-01-02,0.48151538293734913,0.23335425743174998,seasonal_naive,HUANCAVELICA
2012-01-09,0.7248101783750852,0.4715748449313629,seasonal_naive,HUANCAVELICA
2012-01-16,0.4865895908754723,0.23822058749961317,seasonal_naive,HUANCAVELICA
2012-01-23,0.4865895908754723,0.23822058749961317,seasonal_naive,HUANCAVELICA
2012-01-30,0.4865895908754723,0.0,seasonal_naive,HUANCAVELICA
2012-02-06,0.7298843863132081,0.0,seasonal_naive,HUANCAVELICA
2012-02-13,0.4865895908754723,0.0,seasonal_naive,HUANCAVELICA
2012-02-20,0.24329479543773633,0.23822058749961317,seasonal_naive,HUANCAVELICA
2012-02-27,0.0,0.23822058749961317,seasonal_naive,HUANCAVELICA
2012-03-05,0.0,0.23822058749961317,seasonal_naive,HUANCAVELICA
2012-03-12,0.0,0.23822058749961317,seasonal_naive,HUANCAVELICA
2012-03-19,0.0,0.23822058749961317,seasonal_naive,HUANCAVELICA
2012-03-26,0.0,0.23822058749961317,seasonal_naive,HUANCAVELICA
2012-04-02,0.0,0.0,seasonal_naive,HUANCAVELICA
2012-04-09,0.0,0.0,seasonal_naive,HUANCAVELICA
2012-04-16,0.0,0.0,seasonal_naive,HUANCAVELICA
2012-04-23,0.0,0.0,seasonal_naive,HUANCAVELICA
2012-04-30,0.0,0.0,seasonal_naive,HUANCAVELICA
2012-05-07,0.0,0.476441174999226,seasonal_naive,HUANCAVELICA
2012-05-14,0.24329479543773633,0.476441174999226,seasonal_naive,HUANCAVELICA
2012-05-21,0.24329479543773633,0.476441174999226,seasonal_naive,HUANCAVELICA
2012-05-28,0.24329479543773633,0.0,seasonal_naive,HUANCAVELICA
2012-06-04,0.0,0.0,seasonal_naive,HUANCAVELICA
2012-06-11,0.24329479543773633,0.23822058749961317,seasonal_naive,HUANCAVELICA
2012-06-18,0.24329479543773633,0.23822058749961317,seasonal_naive,HUANCAVELICA
2012-06-25,0.24329479543773633,0.23822058749961317,seasonal_naive,HUANCAVELICA
2012-07-02,0.0,0.0,seasonal_naive,HUANCAVELICA
2012-07-09,0.24329479543773633,0.0,seasonal_naive,HUANCAVELICA
2012-07-16,0.24329479543773633,0.23822058749961317,seasonal_naive,HUANCAVELICA
2012-07-23,0.24329479543773633,0.476441174999226,seasonal_naive,HUANCAVELICA
2012-07-30,0.24329479543773633,0.476441174999226,seasonal_naive,HUANCAVELICA
2012-08-06,0.24329479543773633,0.23822058749961317,seasonal_naive,HUANCAVELICA
2012-08-13,0.24329479543773633,0.0,seasonal_naive,HUANCAVELICA
2012-08-20,0.0,0.0,seasonal_naive,HUANCAVELICA
2012-08-27,0.0,0.0,seasonal_naive,HUANCAVELICA
2012-09-03,0.0,0.0,seasonal_naive,HUANCAVELICA
2012-09-10,0.24329479543773633,0.0,seasonal_naive,HUANCAVELICA
2012-09-17,0.24329479543773633,0.0,seasonal_naive,HUANCAVELICA
2012-09-24,0.24329479543773633,0.0,seasonal_naive,HUANCAVELICA
2012-10-01,0.0,0.0,seasonal_naive,HUANCAVELICA
2012-10-08,0.0,0.0,seasonal_naive,HUANCAVELICA
2012-10-15,0.0,0.23822058749961317,seasonal_naive,HUANCAVELICA
2012-10-22,0.0,0.23822058749961317,seasonal_naive,HUANCAVELICA
2012-10-29,0.24329479543773633,0.23822058749961317,seasonal_naive,HUANCAVELICA
2012-11-05,0.24329479543773633,0.0,seasonal_naive,HUANCAVELICA
2012-11-12,0.24329479543773633,0.23822058749961317,seasonal_naive,HUANCAVELICA
2012-11-19,0.0,0.23822058749961317,seasonal_naive,HUANCAVELICA
2012-11-26,0.0,0.23822058749961317,seasonal_naive,HUANCAVELICA
2012-12-03,0.0,0.0,seasonal_naive,HUANCAVELICA
2012-12-10,0.0,0.23822058749961317,seasonal_naive,HUANCAVELICA
2012-12-17,0.0,0.23822058749961317,seasonal_naive,HUANCAVELICA
2012-12-24,0.0,0.476441174999226,seasonal_naive,HUANCAVELICA
2012-12-31,0.0,0.48151538293734913,seasonal_naive,HUANCAVELICA
2013-01-07,0.24858925597235718,0.7248101783750853,seasonal_naive,HUANCAVELICA
2013-01-14,0.24858925597235718,0.4865895908754723,seasonal_naive,HUANCAVELICA
2013-01-21,0.24858925597235718,0.4865895908754723,seasonal_naive,HUANCAVELICA
2013-01-28,0.0,0.4865895908754723,seasonal_naive,HUANCAVELICA
2013-02-04,0.0,0.7298843863132081,seasonal_naive,HUANCAVELICA
2013-02-11,0.0,0.4865895908754723,seasonal_naive,HUANCAVELICA
2013-02-18,0.24858925597235718,0.2432947954377363,seasonal_naive,HUANCAVELICA
2013-02-25,0.24858925597235718,0.0,seasonal_naive,HUANCAVELICA
2013-03-04,0.24858925597235718,0.0,seasonal_naive,HUANCAVELICA
2013-03-11,0.0,0.0,seasonal_naive,HUANCAVELICA
2013-03-18,0.0,0.0,seasonal_naive,HUANCAVELICA
2013-03-25,0.0,0.0,seasonal_naive,HUANCAVELICA
2013-04-01,0.0,0.0,seasonal_naive,HUANCAVELICA
2013-04-08,0.0,0.0,seasonal_naive,HUANCAVELICA
2013-04-15,0.0,0.0,seasonal_naive,HUANCAVELICA
2013-04-22,0.0,0.0,seasonal_naive,HUANCAVELICA
2013-04-29,0.0,0.0,seasonal_naive,HUANCAVELICA
2013-05-06,0.24858925597235718,0.0,seasonal_naive,HUANCAVELICA
2013-05-13,0.24858925597235718,0.2432947954377363,seasonal_naive,HUANCAVELICA
2013-05-20,0.745767767917071,0.2432947954377363,seasonal_naive,HUANCAVELICA
2013-05-27,0.4971785119447141,0.2432947954377363,seasonal_naive,HUANCAVELICA
2013-06-03,0.745767767917071,0.0,seasonal_naive,HUANCAVELICA
2013-06-10,0.24858925597235718,0.2432947954377363,seasonal_naive,HUANCAVELICA
2013-06-17,0.24858925597235718,0.2432947954377363,seasonal_naive,HUANCAVELICA
2013-06-24,0.24858925597235718,0.2432947954377363,seasonal_naive,HUANCAVELICA
2013-07-01,0.4971785119447141,0.0,seasonal_naive,HUANCAVELICA
2013-07-08,0.4971785119447141,0.2432947954377363,seasonal_naive,HUANCAVELICA
2013-07-15,0.24858925597235718,0.2432947954377363,seasonal_naive,HUANCAVELICA
2013-07-22,0.0,0.2432947954377363,seasonal_naive,HUANCAVELICA
2013-07-29,0.0,0.2432947954377363,seasonal_naive,HUANCAVELICA
2013-08-05,0.24858925597235718,0.2432947954377363,seasonal_naive,HUANCAVELICA
2013-08-12,0.24858925597235718,0.2432947954377363,seasonal_naive,HUANCAVELICA
2013-08-19,0.24858925597235718,0.0,seasonal_naive,HUANCAVELICA
2013-08-26,0.24858925597235718,0.0,seasonal_naive,HUANCAVELICA
2013-09-02,0.4971785119447141,0.0,seasonal_naive,HUANCAVELICA
2013-09-09,0.7457677679170707,0.2432947954377363,seasonal_naive,HUANCAVELICA
2013-09-16,0.4971785119447141,0.2432947954377363,seasonal_naive,HUANCAVELICA
2013-09-23,0.24858925597235718,0.2432947954377363,seasonal_naive,HUANCAVELICA
2013-09-30,0.0,0.0,seasonal_naive,HUANCAVELICA
2013-10-07,0.0,0.0,seasonal_naive,HUANCAVELICA
2013-10-14,0.24858925597235718,0.0,seasonal_naive,HUANCAVELICA
2013-10-21,0.9155182480425714,0.0,seasonal_naive,HUANCAVELICA
2013-10-28,1.4126967599872853,0.2432947954377363,seasonal_naive,HUANCAVELICA
2013-11-04,1.1641075040149282,0.2432947954377363,seasonal_naive,HUANCAVELICA
2013-11-11,0.4971785119447141,0.2432947954377363,seasonal_naive,HUANCAVELICA
2013-11-18,0.0,0.0,seasonal_naive,HUANCAVELICA
2013-11-25,0.24858925597235718,0.0,seasonal_naive,HUANCAVELICA
2013-12-02,0.24858925597235718,0.0,seasonal_naive,HUANCAVELICA
2013-12-09,0.24858925597235718,0.0,seasonal_naive,HUANCAVELICA
2013-12-16,0.24858925597235718,0.0,seasonal_naive,HUANCAVELICA
2013-12-23,0.24858925597235718,0.0,seasonal_naive,HUANCAVELICA
2013-12-30,0.24858925597235718,0.0,seasonal_naive,HUANCAVELICA
2014-01-06,0.254119919189866,0.24858925597235718,seasonal_naive,HUANCAVELICA
2014-01-13,0.254119919189866,0.24858925597235718,seasonal_naive,HUANCAVELICA
2014-01-20,0.254119919189866,0.24858925597235718,seasonal_naive,HUANCAVELICA
2014-01-27,0.0,0.0,seasonal_naive,HUANCAVELICA
2014-02-03,0.0,0.0,seasonal_naive,HUANCAVELICA
2014-02-10,0.0,0.0,seasonal_naive,HUANCAVELICA
2014-02-17,0.0,0.24858925597235718,seasonal_naive,HUANCAVELICA
2014-02-24,0.254119919189866,0.24858925597235718,seasonal_naive,HUANCAVELICA
2014-03-03,0.254119919189866,0.24858925597235718,seasonal_naive,HUANCAVELICA
2014-03-10,0.254119919189866,0.0,seasonal_naive,HUANCAVELICA
2014-03-17,0.0,0.0,seasonal_naive,HUANCAVELICA
2014-03-24,0.0,0.0,seasonal_naive,HUANCAVELICA
2014-03-31,0.0,0.0,seasonal_naive,HUANCAVELICA
2014-04-07,0.0,0.0,seasonal_naive,HUANCAVELICA
2014-04-14,0.0,0.0,seasonal_naive,HUANCAVELICA
2014-04-21,0.0,0.0,seasonal_naive,HUANCAVELICA
2014-04-28,0.0,0.0,seasonal_naive,HUANCAVELICA
2014-05-05,0.0,0.24858925597235718,seasonal_naive,HUANCAVELICA
2014-05-12,0.0,0.24858925597235718,seasonal_naive,HUANCAVELICA
2014-05-19,0.0,0.7457677679170709,seasonal_naive,HUANCAVELICA
2014-05-26,0.5082398383797316,0.497178511944714,seasonal_naive,HUANCAVELICA
2014-06-02,0.7623597575695973,0.7457677679170709,seasonal_naive,HUANCAVELICA
2014-06-09,1.016479676759463,0.24858925597235718,seasonal_naive,HUANCAVELICA
2014-06-16,0.7623597575695971,0.24858925597235718,seasonal_naive,HUANCAVELICA
2014-06-23,0.5082398383797316,0.24858925597235718,seasonal_naive,HUANCAVELICA
2014-06-30,0.254119919189866,0.497178511944714,seasonal_naive,HUANCAVELICA
2014-07-07,0.0,0.497178511944714,seasonal_naive,HUANCAVELICA
2014-07-14,0.0,0.24858925597235718,seasonal_naive,HUANCAVELICA
2014-07-21,0.0,0.0,seasonal_naive,HUANCAVELICA
2014-07-28,0.5082398383797316,0.0,seasonal_naive,HUANCAVELICA
2014-08-04,0.5082398383797316,0.24858925597235718,seasonal_naive,HUANCAVELICA
2014-08-11,0.5082398383797316,0.24858925597235718,seasonal_naive,HUANCAVELICA
2014-08-18,0.0,0.24858925597235718,seasonal_naive,HUANCAVELICA
2014-08-25,0.0,0.24858925597235718,seasonal_naive,HUANCAVELICA
2014-09-01,0.0,0.497178511944714,seasonal_naive,HUANCAVELICA
2014-09-08,0.0,0.7457677679170707,seasonal_naive,HUANCAVELICA
2014-09-15,0.0,0.497178511944714,seasonal_naive,HUANCAVELICA
2014-09-22,0.0,0.24858925597235718,seasonal_naive,HUANCAVELICA
2014-09-29,0.254119919189866,0.0,seasonal_naive,HUANCAVELICA
2014-10-06,0.254119919189866,0.0,seasonal_naive,HUANCAVELICA
2014-10-13,0.254119919189866,0.24858925597235718,seasonal_naive,HUANCAVELICA
2014-10-20,0.254119919189866,0.9155182480425714,seasonal_naive,HUANCAVELICA
2014-10-27,0.254119919189866,1.4126967599872855,seasonal_naive,HUANCAVELICA
2014-11-03,0.254119919189866,1.164107504014928,seasonal_naive,HUANCAVELICA
2014-11-10,0.0,0.497178511944714,seasonal_naive,HUANCAVELICA
2014-11-17,0.0,0.0,seasonal_naive,HUANCAVELICA
2014-11-24,0.0,0.24858925597235718,seasonal_naive,HUANCAVELICA
2014-12-01,0.0,0.24858925597235718,seasonal_naive,HUANCAVELICA
2014-12-08,0.0,0.24858925597235718,seasonal_naive,HUANCAVELICA
2014-12-15,0.0,0.24858925597235718,seasonal_naive,HUANCAVELICA
2014-12-22,0.0,0.24858925597235718,seasonal_naive,HUANCAVELICA
2014-12-29,0.0,0.24858925597235718,seasonal_naive,HUANCAVELICA
2015-01-05,0.0,0.254119919189866,seasonal_naive,HUANCAVELICA
2015-01-12,0.25990160125376566,0.254119919189866,seasonal_naive,HUANCAVELICA
2015-01-19,0.25990160125376566,0.254119919189866,seasonal_naive,HUANCAVELICA
2015-01-26,0.519803202507531,0.0,seasonal_naive,HUANCAVELICA
2015-02-02,0.519803202507531,0.0,seasonal_naive,HUANCAVELICA
2015-02-09,0.519803202507531,0.0,seasonal_naive,HUANCAVELICA
2015-02-16,0.25990160125376566,0.0,seasonal_naive,HUANCAVELICA
2015-02-23,0.25990160125376566,0.254119919189866,seasonal_naive,HUANCAVELICA
2015-03-02,0.25990160125376566,0.254119919189866,seasonal_naive,HUANCAVELICA
2015-03-09,0.25990160125376566,0.254119919189866,seasonal_naive,HUANCAVELICA
2015-03-16,0.0,0.0,seasonal_naive,HUANCAVELICA
2015-03-23,0.0,0.0,seasonal_naive,HUANCAVELICA
2015-03-30,0.0,0.0,seasonal_naive,HUANCAVELICA
2015-04-06,0.0,0.0,seasonal_naive,HUANCAVELICA
2015-04-13,0.25990160125376566,0.0,seasonal_naive,HUANCAVELICA
2015-04-20,0.25990160125376566,0.0,seasonal_naive,HUANCAVELICA
2015-04-27,0.519803202507531,0.0,seasonal_naive,HUANCAVELICA
2015-05-04,0.25990160125376566,0.0,seasonal_naive,HUANCAVELICA
2015-05-11,0.25990160125376566,0.0,seasonal_naive,HUANCAVELICA
2015-05-18,0.0,0.0,seasonal_naive,HUANCAVELICA
2015-05-25,0.0,0.5082398383797315,seasonal_naive,HUANCAVELICA
2015-06-01,0.25990160125376566,0.7623597575695973,seasonal_naive,HUANCAVELICA
2015-06-08,0.519803202507531,1.016479676759463,seasonal_naive,HUANCAVELICA
2015-06-15,0.519803202507531,0.7623597575695971,seasonal_naive,HUANCAVELICA
2015-06-22,0.25990160125376566,0.5082398383797315,seasonal_naive,HUANCAVELICA
2015-06-29,0.25990160125376566,0.254119919189866,seasonal_naive,HUANCAVELICA
2015-07-06,0.519803202507531,0.0,seasonal_naive,HUANCAVELICA
2015-07-13,0.519803202507531,0.0,seasonal_naive,HUANCAVELICA
2015-07-20,0.519803202507531,0.0,seasonal_naive,HUANCAVELICA
2015-07-27,0.519803202507531,0.5082398383797315,seasonal_naive,HUANCAVELICA
2015-08-03,0.519803202507531,0.5082398383797315,seasonal_naive,HUANCAVELICA
2015-08-10,0.25990160125376566,0.5082398383797315,seasonal_naive,HUANCAVELICA
2015-08-17,0.0,0.0,seasonal_naive,HUANCAVELICA
2015-08-24,0.0,0.0,seasonal_naive,HUANCAVELICA
2015-08-31,0.25990160125376566,0.0,seasonal_naive,HUANCAVELICA
2015-09-07,0.25990160125376566,0.0,seasonal_naive,HUANCAVELICA
2015-09-14,0.519803202507531,0.0,seasonal_naive,HUANCAVELICA
2015-09-21,0.25990160125376566,0.0,seasonal_naive,HUANCAVELICA
2015-09-28,0.519803202507531,0.254119919189866,seasonal_naive,HUANCAVELICA
2015-10-05,0.25990160125376566,0.254119919189866,seasonal_naive,HUANCAVELICA
2015-10-12,0.519803202507531,0.254119919189866,seasonal_naive,HUANCAVELICA
2015-10-19,0.25990160125376566,0.254119919189866,seasonal_naive,HUANCAVELICA
2015-10-26,0.25990160125376566,0.254119919189866,seasonal_naive,HUANCAVELICA
2015-11-02,0.0,0.254119919189866,seasonal_naive,HUANCAVELICA
2015-11-09,0.0,0.0,seasonal_naive,HUANCAVELICA
2015-11-16,0.0,0.0,seasonal_naive,HUANCAVELICA
2015-11-23,0.0,0.0,seasonal_naive,HUANCAVELICA
2015-11-30,0.0,0.0,seasonal_naive,HUANCAVELICA
2015-12-07,0.0,0.0,seasonal_naive,HUANCAVELICA
2015-12-14,0.0,0.0,seasonal_naive,HUANCAVELICA
2015-12-21,0.0,0.0,seasonal_naive,HUANCAVELICA
2015-12-28,0.0,0.0,seasonal_naive,HUANCAVELICA
2016-01-04,0.0,0.0,seasonal_naive,HUANCAVELICA
2016-01-11,0.0,0.25990160125376566,seasonal_naive,HUANCAVELICA
2016-01-18,0.0,0.25990160125376566,seasonal_naive,HUANCAVELICA
2016-01-25,0.0,0.519803202507531,seasonal_naive,HUANCAVELICA
2016-02-01,0.0,0.519803202507531,seasonal_naive,HUANCAVELICA
2016-02-08,0.26595320287442253,0.519803202507531,seasonal_naive,HUANCAVELICA
2016-02-15,0.5319064057488447,0.25990160125376566,seasonal_naive,HUANCAVELICA
2016-02-22,0.5319064057488447,0.25990160125376566,seasonal_naive,HUANCAVELICA
2016-02-29,0.26595320287442253,0.25990160125376566,seasonal_naive,HUANCAVELICA
2016-03-07,0.0,0.25990160125376566,seasonal_naive,HUANCAVELICA
2016-03-14,0.0,0.0,seasonal_naive,HUANCAVELICA
2016-03-21,0.0,0.0,seasonal_naive,HUANCAVELICA
2016-03-28,0.0,0.0,seasonal_naive,HUANCAVELICA
2016-04-04,0.0,0.0,seasonal_naive,HUANCAVELICA
2016-04-11,0.0,0.25990160125376566,seasonal_naive,HUANCAVELICA
2016-04-18,0.0,0.25990160125376566,seasonal_naive,HUANCAVELICA
2016-04-25,0.0,0.519803202507531,seasonal_naive,HUANCAVELICA
2016-05-02,0.0,0.25990160125376566,seasonal_naive,HUANCAVELICA
2016-05-09,0.0,0.25990160125376566,seasonal_naive,HUANCAVELICA
2016-05-16,0.0,0.0,seasonal_naive,HUANCAVELICA
2016-05-23,0.0,0.0,seasonal_naive,HUANCAVELICA
2016-05-30,0.26595320287442253,0.25990160125376566,seasonal_naive,HUANCAVELICA
2016-06-06,0.26595320287442253,0.519803202507531,seasonal_naive,HUANCAVELICA
2016-06-13,0.26595320287442253,0.519803202507531,seasonal_naive,HUANCAVELICA
2016-06-20,0.0,0.25990160125376566,seasonal_naive,HUANCAVELICA
2016-06-27,0.0,0.25990160125376566,seasonal_naive,HUANCAVELICA
2016-07-04,0.0,0.519803202507531,seasonal_naive,HUANCAVELICA
2016-07-11,0.5319064057488447,0.519803202507531,seasonal_naive,HUANCAVELICA
2016-07-18,0.5319064057488447,0.519803202507531,seasonal_naive,HUANCAVELICA
2016-07-25,0.7978596086232669,0.519803202507531,seasonal_naive,HUANCAVELICA
2016-08-01,0.26595320287442253,0.519803202507531,seasonal_naive,HUANCAVELICA
2016-08-08,0.5319064057488447,0.25990160125376566,seasonal_naive,HUANCAVELICA
2016-08-15,0.26595320287442253,0.0,seasonal_naive,HUANCAVELICA
2016-08-22,0.26595320287442253,0.0,seasonal_naive,HUANCAVELICA
2016-08-29,0.0,0.25990160125376566,seasonal_naive,HUANCAVELICA
2016-09-05,0.0,0.25990160125376566,seasonal_naive,HUANCAVELICA
2016-09-12,0.0,0.519803202507531,seasonal_naive,HUANCAVELICA
2016-09-19,0.0,0.25990160125376566,seasonal_naive,HUANCAVELICA
2016-09-26,0.0,0.519803202507531,seasonal_naive,HUANCAVELICA
2016-10-03,0.26595320287442253,0.25990160125376566,seasonal_naive,HUANCAVELICA
2016-10-10,0.26595320287442253,0.519803202507531,seasonal_naive,HUANCAVELICA
2016-10-17,0.26595320287442253,0.25990160125376566,seasonal_naive,HUANCAVELICA
2016-10-24,0.0,0.25990160125376566,seasonal_naive,HUANCAVELICA
2016-10-31,0.0,0.0,seasonal_naive,HUANCAVELICA
2016-11-07,0.0,0.0,seasonal_naive,HUANCAVELICA
2016-11-14,0.0,0.0,seasonal_naive,HUANCAVELICA
2016-11-21,0.0,0.0,seasonal_naive,HUANCAVELICA
2016-11-28,0.0,0.0,seasonal_naive,HUANCAVELICA
2016-12-05,0.26595320287442253,0.0,seasonal_naive,HUANCAVELICA
2016-12-12,0.26595320287442253,0.0,seasonal_naive,HUANCAVELICA
2016-12-19,0.26595320287442253,0.0,seasonal_naive,HUANCAVELICA
2016-12-26,0.26595320287442253,0.0,seasonal_naive,HUANCAVELICA
2017-01-02,0.26595320287442253,0.0,seasonal_naive,HUANCAVELICA
2017-01-09,0.5382457976050162,0.0,seasonal_naive,HUANCAVELICA
2017-01-16,0.27229259473059403,0.0,seasonal_naive,HUANCAVELICA
2017-01-23,0.27229259473059403,0.0,seasonal_naive,HUANCAVELICA
2017-01-30,0.0,0.0,seasonal_naive,HUANCAVELICA
2017-02-06,0.0,0.2659532028744225,seasonal_naive,HUANCAVELICA
2017-02-13,0.0,0.5319064057488447,seasonal_naive,HUANCAVELICA
2017-02-20,0.0,0.5319064057488447,seasonal_naive,HUANCAVELICA
2017-02-27,0.5445851894611877,0.2659532028744225,seasonal_naive,HUANCAVELICA
2017-03-06,0.8168777841917815,0.0,seasonal_naive,HUANCAVELICA
2017-03-13,1.0891703789223752,0.0,seasonal_naive,HUANCAVELICA
2017-03-20,0.8168777841917811,0.0,seasonal_naive,HUANCAVELICA
2017-03-27,0.5445851894611877,0.0,seasonal_naive,HUANCAVELICA
2017-04-03,0.27229259473059403,0.0,seasonal_naive,HUANCAVELICA
2017-04-10,0.0,0.0,seasonal_naive,HUANCAVELICA
2017-04-17,0.0,0.0,seasonal_naive,HUANCAVELICA
2017-04-24,0.27229259473059403,0.0,seasonal_naive,HUANCAVELICA
2017-05-01,0.27229259473059403,0.0,seasonal_naive,HUANCAVELICA
2017-05-08,0.27229259473059403,0.0,seasonal_naive,HUANCAVELICA
2017-05-15,0.0,0.0,seasonal_naive,HUANCAVELICA
2017-05-22,0.0,0.0,seasonal_naive,HUANCAVELICA
2017-05-29,0.6669289920702145,0.2659532028744225,seasonal_naive,HUANCAVELICA
2017-06-05,0.6669289920702145,0.2659532028744225,seasonal_naive,HUANCAVELICA
2017-06-12,0.6669289920702145,0.2659532028744225,seasonal_naive,HUANCAVELICA
2017-06-19,0.0,0.0,seasonal_naive,HUANCAVELICA
2017-06-26,0.0,0.0,seasonal_naive,HUANCAVELICA
2017-07-03,0.27229259473059403,0.0,seasonal_naive,HUANCAVELICA
2017-07-10,0.27229259473059403,0.5319064057488447,seasonal_naive,HUANCAVELICA
2017-07-17,0.27229259473059403,0.5319064057488447,seasonal_naive,HUANCAVELICA
2017-07-24,0.27229259473059403,0.797859608623267,seasonal_naive,HUANCAVELICA
2017-07-31,0.27229259473059403,0.2659532028744225,seasonal_naive,HUANCAVELICA
2017-08-07,0.27229259473059403,0.5319064057488447,seasonal_naive,HUANCAVELICA
2017-08-14,0.27229259473059403,0.2659532028744225,seasonal_naive,HUANCAVELICA
2017-08-21,0.27229259473059403,0.2659532028744225,seasonal_naive,HUANCAVELICA
2017-08-28,0.27229259473059403,0.0,seasonal_naive,HUANCAVELICA
2017-09-04,0.27229259473059403,0.0,seasonal_naive,HUANCAVELICA
2017-09-11,0.27229259473059403,0.0,seasonal_naive,HUANCAVELICA
2017-09-18,0.27229259473059403,0.0,seasonal_naive,HUANCAVELICA
2017-09-25,0.27229259473059403,0.0,seasonal_naive,HUANCAVELICA
2017-10-02,0.27229259473059403,0.2659532028744225,seasonal_naive,HUANCAVELICA
2017-10-09,0.27229259473059403,0.2659532028744225,seasonal_naive,HUANCAVELICA
2017-10-16,0.0,0.2659532028744225,seasonal_naive,HUANCAVELICA
2017-10-23,0.0,0.0,seasonal_naive,HUANCAVELICA
2017-10-30,0.0,0.0,seasonal_naive,HUANCAVELICA
2017-11-06,0.0,0.0,seasonal_naive,HUANCAVELICA
2017-11-13,0.0,0.0,seasonal_naive,HUANCAVELICA
2017-11-20,0.27229259473059403,0.0,seasonal_naive,HUANCAVELICA
2017-11-27,0.27229259473059403,0.0,seasonal_naive,HUANCAVELICA
2017-12-04,0.27229259473059403,0.2659532028744225,seasonal_naive,HUANCAVELICA
2017-12-11,0.27229259473059403,0.2659532028744225,seasonal_naive,HUANCAVELICA
2017-12-18,0.27229259473059403,0.2659532028744225,seasonal_naive,HUANCAVELICA
2017-12-25,0.27229259473059403,0.2659532028744225,seasonal_naive,HUANCAVELICA
2018-01-01,0.27474791878451554,0.2659532028744225,seasonal_naive,HUANCAVELICA
2018-01-08,0.27474791878451554,0.5382457976050161,seasonal_naive,HUANCAVELICA
2018-01-15,0.27474791878451554,0.272292594730594,seasonal_naive,HUANCAVELICA
2018-01-22,0.0,0.272292594730594,seasonal_naive,HUANCAVELICA
2018-01-29,0.0,0.0,seasonal_naive,HUANCAVELICA
2018-02-05,0.0,0.0,seasonal_naive,HUANCAVELICA
2018-02-12,0.0,0.0,seasonal_naive,HUANCAVELICA
2018-02-19,0.0,0.0,seasonal_naive,HUANCAVELICA
2018-02-26,0.0,0.5445851894611877,seasonal_naive,HUANCAVELICA
2018-03-05,0.0,0.8168777841917814,seasonal_naive,HUANCAVELICA
2018-03-12,0.0,1.0891703789223754,seasonal_naive,HUANCAVELICA
2018-03-19,0.0,0.8168777841917811,seasonal_naive,HUANCAVELICA
2018-03-26,0.0,0.5445851894611877,seasonal_naive,HUANCAVELICA
2018-04-02,0.0,0.272292594730594,seasonal_naive,HUANCAVELICA
2018-04-09,0.27474791878451554,0.0,seasonal_naive,HUANCAVELICA
2018-04-16,0.27474791878451554,0.0,seasonal_naive,HUANCAVELICA
2018-04-23,0.27474791878451554,0.272292594730594,seasonal_naive,HUANCAVELICA
2018-04-30,0.0,0.272292594730594,seasonal_naive,HUANCAVELICA
2018-05-07,0.0,0.272292594730594,seasonal_naive,HUANCAVELICA
2018-05-14,0.0,0.0,seasonal_naive,HUANCAVELICA
2018-05-21,0.0,0.0,seasonal_naive,HUANCAVELICA
2018-05-28,0.0,0.6669289920702146,seasonal_naive,HUANCAVELICA
2018-06-04,0.27474791878451554,0.6669289920702146,seasonal_naive,HUANCAVELICA
2018-06-11,0.27474791878451554,0.6669289920702146,seasonal_naive,HUANCAVELICA
2018-06-18,0.27474791878451554,0.0,seasonal_naive,HUANCAVELICA
2018-06-25,0.0,0.0,seasonal_naive,HUANCAVELICA
2018-07-02,0.0,0.272292594730594,seasonal_naive,HUANCAVELICA
2018-07-09,0.0,0.272292594730594,seasonal_naive,HUANCAVELICA
2018-07-16,0.27474791878451554,0.272292594730594,seasonal_naive,HUANCAVELICA
2018-07-23,0.5494958375690308,0.272292594730594,seasonal_naive,HUANCAVELICA
2018-07-30,0.8242437563535457,0.272292594730594,seasonal_naive,HUANCAVELICA
2018-08-06,0.5494958375690309,0.272292594730594,seasonal_naive,HUANCAVELICA
2018-08-13,0.5494958375690308,0.272292594730594,seasonal_naive,HUANCAVELICA
2018-08-20,0.27474791878451554,0.272292594730594,seasonal_naive,HUANCAVELICA
2018-08-27,0.27474791878451554,0.272292594730594,seasonal_naive,HUANCAVELICA
2018-09-03,0.0,0.272292594730594,seasonal_naive,HUANCAVELICA
2018-09-10,0.0,0.272292594730594,seasonal_naive,HUANCAVELICA
2018-09-17,0.0,0.272292594730594,seasonal_naive,HUANCAVELICA
2018-09-24,0.0,0.272292594730594,seasonal_naive,HUANCAVELICA
2018-10-01,0.0,0.272292594730594,seasonal_naive,HUANCAVELICA
2018-10-08,0.0,0.272292594730594,seasonal_naive,HUANCAVELICA
2018-10-15,0.0,0.0,seasonal_naive,HUANCAVELICA
2018-10-22,0.0,0.0,seasonal_naive,HUANCAVELICA
2018-10-29,0.0,0.0,seasonal_naive,HUANCAVELICA
2018-11-05,0.0,0.0,seasonal_naive,HUANCAVELICA
2018-11-12,0.0,0.0,seasonal_naive,HUANCAVELICA
2018-11-19,0.0,0.272292594730594,seasonal_naive,HUANCAVELICA
2018-11-26,0.0,0.272292594730594,seasonal_naive,HUANCAVELICA
2018-12-03,0.0,0.272292594730594,seasonal_naive,HUANCAVELICA
2018-12-10,0.0,0.272292594730594,seasonal_naive,HUANCAVELICA
2018-12-17,0.0,0.272292594730594,seasonal_naive,HUANCAVELICA
2018-12-24,0.0,0.272292594730594,seasonal_naive,HUANCAVELICA
2018-12-31,0.0,0.27474791878451554,seasonal_naive,HUANCAVELICA
2019-01-07,0.27724715752351775,0.27474791878451554,seasonal_naive,HUANCAVELICA
2019-01-14,0.27724715752351775,0.27474791878451554,seasonal_naive,HUANCAVELICA
2019-01-21,0.5544943150470353,0.0,seasonal_naive,HUANCAVELICA
2019-01-28,0.27724715752351775,0.0,seasonal_naive,HUANCAVELICA
2019-02-04,0.5544943150470353,0.0,seasonal_naive,HUANCAVELICA
2019-02-11,0.27724715752351775,0.0,seasonal_naive,HUANCAVELICA
2019-02-18,0.27724715752351775,0.0,seasonal_naive,HUANCAVELICA
2019-02-25,0.0,0.0,seasonal_naive,HUANCAVELICA
2019-03-04,0.0,0.0,seasonal_naive,HUANCAVELICA
2019-03-11,0.0,0.0,seasonal_naive,HUANCAVELICA
2019-03-18,0.0,0.0,seasonal_naive,HUANCAVELICA
2019-03-25,0.0,0.0,seasonal_naive,HUANCAVELICA
2019-04-01,0.0,0.0,seasonal_naive,HUANCAVELICA
2019-04-08,0.0,0.27474791878451554,seasonal_naive,HUANCAVELICA
2019-04-15,0.0,0.27474791878451554,seasonal_naive,HUANCAVELICA
2019-04-22,0.0,0.27474791878451554,seasonal_naive,HUANCAVELICA
2019-04-29,0.0,0.0,seasonal_naive,HUANCAVELICA
2019-05-06,0.27724715752351775,0.0,seasonal_naive,HUANCAVELICA
2019-05-13,0.27724715752351775,0.0,seasonal_naive,HUANCAVELICA
2019-05-20,0.27724715752351775,0.0,seasonal_naive,HUANCAVELICA
2019-05-27,0.0,0.0,seasonal_naive,HUANCAVELICA
2019-06-03,0.0,0.27474791878451554,seasonal_naive,HUANCAVELICA
2019-06-10,0.0,0.27474791878451554,seasonal_naive,HUANCAVELICA
2019-06-17,0.0,0.27474791878451554,seasonal_naive,HUANCAVELICA
2019-06-24,0.0,0.0,seasonal_naive,HUANCAVELICA
2019-07-01,0.0,0.0,seasonal_naive,HUANCAVELICA
2019-07-08,0.0,0.0,seasonal_naive,HUANCAVELICA
2019-07-15,0.0,0.27474791878451554,seasonal_naive,HUANCAVELICA
2019-07-22,0.0,0.5494958375690309,seasonal_naive,HUANCAVELICA
2019-07-29,0.0,0.8242437563535459,seasonal_naive,HUANCAVELICA
2019-08-05,0.0,0.5494958375690309,seasonal_naive,HUANCAVELICA
2019-08-12,0.0,0.5494958375690309,seasonal_naive,HUANCAVELICA
2019-08-19,0.27724715752351775,0.27474791878451554,seasonal_naive,HUANCAVELICA
2019-08-26,0.27724715752351775,0.27474791878451554,seasonal_naive,HUANCAVELICA
2019-09-02,0.27724715752351775,0.0,seasonal_naive,HUANCAVELICA
2019-09-09,0.0,0.0,seasonal_naive,HUANCAVELICA
2019-09-16,0.0,0.0,seasonal_naive,HUANCAVELICA
2019-09-23,0.27724715752351775,0.0,seasonal_naive,HUANCAVELICA
2019-09-30,0.27724715752351775,0.0,seasonal_naive,HUANCAVELICA
2019-10-07,0.27724715752351775,0.0,seasonal_naive,HUANCAVELICA
2019-10-14,0.0,0.0,seasonal_naive,HUANCAVELICA
2019-10-21,0.0,0.0,seasonal_naive,HUANCAVELICA
2019-10-28,0.0,0.0,seasonal_naive,HUANCAVELICA
2019-11-04,0.0,0.0,seasonal_naive,HUANCAVELICA
2019-11-11,0.0,0.0,seasonal_naive,HUANCAVELICA
2019-11-18,0.0,0.0,seasonal_naive,HUANCAVELICA
2019-11-25,0.0,0.0,seasonal_naive,HUANCAVELICA
2019-12-02,0.0,0.0,seasonal_naive,HUANCAVELICA
2019-12-09,0.0,0.0,seasonal_naive,HUANCAVELICA
2019-12-16,0.0,0.0,seasonal_naive,HUANCAVELICA
2019-12-23,0.0,0.0,seasonal_naive,HUANCAVELICA
2019-12-30,0.0,0.0,seasonal_naive,HUANCAVELICA
2020-01-06,0.0,0.2772471575235178,seasonal_naive,HUANCAVELICA
2020-01-13,0.0,0.2772471575235178,seasonal_naive,HUANCAVELICA
2020-01-20,0.0,0.5544943150470354,seasonal_naive,HUANCAVELICA
2020-01-27,0.0,0.2772471575235178,seasonal_naive,HUANCAVELICA
2020-02-03,0.0,0.5544943150470354,seasonal_naive,HUANCAVELICA
2020-02-10,0.0,0.2772471575235178,seasonal_naive,HUANCAVELICA
2020-02-17,0.0,0.2772471575235178,seasonal_naive,HUANCAVELICA
2020-02-24,0.0,0.0,seasonal_naive,HUANCAVELICA
2020-03-02,0.0,0.0,seasonal_naive,HUANCAVELICA
2020-03-09,0.0,0.0,seasonal_naive,HUANCAVELICA
2020-03-16,0.0,0.0,seasonal_naive,HUANCAVELICA
2020-03-23,0.0,0.0,seasonal_naive,HUANCAVELICA
2020-03-30,0.0,0.0,seasonal_naive,HUANCAVELICA
2020-04-06,0.0,0.0,seasonal_naive,HUANCAVELICA
2020-04-13,0.0,0.0,seasonal_naive,HUANCAVELICA
2020-04-20,0.0,0.0,seasonal_naive,HUANCAVELICA
2020-04-27,0.0,0.0,seasonal_naive,HUANCAVELICA
2020-05-04,0.0,0.2772471575235178,seasonal_naive,HUANCAVELICA
2020-05-11,0.0,0.2772471575235178,seasonal_naive,HUANCAVELICA
2020-05-18,0.0,0.2772471575235178,seasonal_naive,HUANCAVELICA
2020-05-25,0.0,0.0,seasonal_naive,HUANCAVELICA
2020-06-01,0.0,0.0,seasonal_naive,HUANCAVELICA
2020-06-08,0.0,0.0,seasonal_naive,HUANCAVELICA
2020-06-15,0.0,0.0,seasonal_naive,HUANCAVELICA
2020-06-22,0.0,0.0,seasonal_naive,HUANCAVELICA
2020-06-29,0.0,0.0,seasonal_naive,HUANCAVELICA
2020-07-06,0.0,0.0,seasonal_naive,HUANCAVELICA
2020-07-13,0.0,0.0,seasonal_naive,HUANCAVELICA
2020-07-20,0.0,0.0,seasonal_naive,HUANCAVELICA
2020-07-27,0.0,0.0,seasonal_naive,HUANCAVELICA
2020-08-03,0.0,0.0,seasonal_naive,HUANCAVELICA
2020-08-10,0.0,0.0,seasonal_naive,HUANCAVELICA
2020-08-17,0.0,0.2772471575235178,seasonal_naive,HUANCAVELICA
2020-08-24,0.0,0.2772471575235178,seasonal_naive,HUANCAVELICA
2020-08-31,0.0,0.2772471575235178,seasonal_naive,HUANCAVELICA
2020-09-07,0.0,0.0,seasonal_naive,HUANCAVELICA
2020-09-14,0.0,0.0,seasonal_naive,HUANCAVELICA
2020-09-21,0.0,0.2772471575235178,seasonal_naive,HUANCAVELICA
2020-09-28,0.0,0.2772471575235178,seasonal_naive,HUANCAVELICA
2020-10-05,0.0,0.2772471575235178,seasonal_naive,HUANCAVELICA
2020-10-12,0.0,0.0,seasonal_naive,HUANCAVELICA
2020-10-19,0.0,0.0,seasonal_naive,HUANCAVELICA
2020-10-26,0.0,0.0,seasonal_naive,HUANCAVELICA
2020-11-02,0.27979306504908996,0.0,seasonal_naive,HUANCAVELICA
2020-11-09,0.27979306504908996,0.0,seasonal_naive,HUANCAVELICA
2020-11-16,0.27979306504908996,0.0,seasonal_naive,HUANCAVELICA
2020-11-23,0.0,0.0,seasonal_naive,HUANCAVELICA
2020-11-30,0.0,0.0,seasonal_naive,HUANCAVELICA
2020-12-07,0.0,0.0,seasonal_naive,HUANCAVELICA
2020-12-14,0.0,0.0,seasonal_naive,HUANCAVELICA
2020-12-21,0.0,0.0,seasonal_naive,HUANCAVELICA
2020-12-28,0.0,0.0,seasonal_naive,HUANCAVELICA
2021-01-04,0.0,0.0,seasonal_naive,HUANCAVELICA
2021-01-11,0.0,0.0,seasonal_naive,HUANCAVELICA
2021-01-18,0.0,0.0,seasonal_naive,HUANCAVELICA
2021-01-25,0.0,0.0,seasonal_naive,HUANCAVELICA
2021-02-01,0.0,0.0,seasonal_naive,HUANCAVELICA
2021-02-08,0.0,0.0,seasonal_naive,HUANCAVELICA
2021-02-15,0.0,0.0,seasonal_naive,HUANCAVELICA
2021-02-22,0.0,0.0,seasonal_naive,HUANCAVELICA
2021-03-01,0.0,0.0,seasonal_naive,HUANCAVELICA
2021-03-08,0.0,0.0,seasonal_naive,HUANCAVELICA
2021-03-15,0.0,0.0,seasonal_naive,HUANCAVELICA
2021-03-22,0.0,0.0,seasonal_naive,HUANCAVELICA
2021-03-29,0.0,0.0,seasonal_naive,HUANCAVELICA
2021-04-05,0.0,0.0,seasonal_naive,HUANCAVELICA
2021-04-12,0.0,0.0,seasonal_naive,HUANCAVELICA
2021-04-19,0.0,0.0,seasonal_naive,HUANCAVELICA
2021-04-26,0.0,0.0,seasonal_naive,HUANCAVELICA
2021-05-03,0.0,0.0,seasonal_naive,HUANCAVELICA
2021-05-10,0.0,0.0,seasonal_naive,HUANCAVELICA
2021-05-17,0.0,0.0,seasonal_naive,HUANCAVELICA
2021-05-24,0.0,0.0,seasonal_naive,HUANCAVELICA
2021-05-31,0.0,0.0,seasonal_naive,HUANCAVELICA
2021-06-07,0.0,0.0,seasonal_naive,HUANCAVELICA
2021-06-14,0.28238536566081024,0.0,seasonal_naive,HUANCAVELICA
2021-06-21,0.28238536566081024,0.0,seasonal_naive,HUANCAVELICA
2021-06-28,0.28238536566081024,0.0,seasonal_naive,HUANCAVELICA
2021-07-05,0.0,0.0,seasonal_naive,HUANCAVELICA
2021-07-12,0.0,0.0,seasonal_naive,HUANCAVELICA
2021-07-19,0.0,0.0,seasonal_naive,HUANCAVELICA
2021-07-26,0.0,0.0,seasonal_naive,HUANCAVELICA
2021-08-02,0.0,0.0,seasonal_naive,HUANCAVELICA
2021-08-09,0.0,0.0,seasonal_naive,HUANCAVELICA
2021-08-16,0.0,0.0,seasonal_naive,HUANCAVELICA
2021-08-23,0.0,0.0,seasonal_naive,HUANCAVELICA
2021-08-30,0.0,0.0,seasonal_naive,HUANCAVELICA
2021-09-06,0.0,0.0,seasonal_naive,HUANCAVELICA
2021-09-13,0.28238536566081024,0.0,seasonal_naive,HUANCAVELICA
2021-09-20,0.28238536566081024,0.0,seasonal_naive,HUANCAVELICA
2021-09-27,0.28238536566081024,0.0,seasonal_naive,HUANCAVELICA
2021-10-04,0.0,0.0,seasonal_naive,HUANCAVELICA
2021-10-11,0.0,0.0,seasonal_naive,HUANCAVELICA
2021-10-18,0.0,0.0,seasonal_naive,HUANCAVELICA
2021-10-25,0.0,0.0,seasonal_naive,HUANCAVELICA
2021-11-01,0.0,0.27979306504908996,seasonal_naive,HUANCAVELICA
2021-11-08,0.0,0.27979306504908996,seasonal_naive,HUANCAVELICA
2021-11-15,0.0,0.27979306504908996,seasonal_naive,HUANCAVELICA
2021-11-22,0.28238536566081024,0.0,seasonal_naive,HUANCAVELICA
2021-11-29,0.28238536566081024,0.0,seasonal_naive,HUANCAVELICA
2021-12-06,0.28238536566081024,0.0,seasonal_naive,HUANCAVELICA
2021-12-13,0.0,0.0,seasonal_naive,HUANCAVELICA
2021-12-20,0.0,0.0,seasonal_naive,HUANCAVELICA
2021-12-27,0.0,0.0,seasonal_naive,HUANCAVELICA
2022-01-03,0.0,0.0,seasonal_naive,HUANCAVELICA
2022-01-10,0.0,0.0,seasonal_naive,HUANCAVELICA
2022-01-17,0.0,0.0,seasonal_naive,HUANCAVELICA
2022-01-24,0.0,0.0,seasonal_naive,HUANCAVELICA
2022-01-31,0.0,0.0,seasonal_naive,HUANCAVELICA
2022-02-07,0.0,0.0,seasonal_naive,HUANCAVELICA
2022-02-14,0.0,0.0,seasonal_naive,HUANCAVELICA
2022-02-21,0.0,0.0,seasonal_naive,HUANCAVELICA
2022-02-28,0.0,0.0,seasonal_naive,HUANCAVELICA
2022-03-07,0.0,0.0,seasonal_naive,HUANCAVELICA
2022-03-14,0.0,0.0,seasonal_naive,HUANCAVELICA
2022-03-21,0.0,0.0,seasonal_naive,HUANCAVELICA
2022-03-28,0.0,0.0,seasonal_naive,HUANCAVELICA
2022-04-04,0.0,0.0,seasonal_naive,HUANCAVELICA
2022-04-11,0.0,0.0,seasonal_naive,HUANCAVELICA
2022-04-18,0.0,0.0,seasonal_naive,HUANCAVELICA
2022-04-25,0.0,0.0,seasonal_naive,HUANCAVELICA
2022-05-02,0.28502615114936825,0.0,seasonal_naive,HUANCAVELICA
2022-05-09,0.28502615114936825,0.0,seasonal_naive,HUANCAVELICA
2022-05-16,0.28502615114936825,0.0,seasonal_naive,HUANCAVELICA
2022-05-23,0.0,0.0,seasonal_naive,HUANCAVELICA
2022-05-30,0.0,0.0,seasonal_naive,HUANCAVELICA
2022-06-06,0.28502615114936825,0.0,seasonal_naive,HUANCAVELICA
2022-06-13,0.28502615114936825,0.28238536566081024,seasonal_naive,HUANCAVELICA
2022-06-20,0.28502615114936825,0.28238536566081024,seasonal_naive,HUANCAVELICA
2022-06-27,0.0,0.28238536566081024,seasonal_naive,HUANCAVELICA
2022-07-04,0.0,0.0,seasonal_naive,HUANCAVELICA
2022-07-11,0.0,0.0,seasonal_naive,HUANCAVELICA
2022-07-18,0.28502615114936825,0.0,seasonal_naive,HUANCAVELICA
2022-07-25,0.28502615114936825,0.0,seasonal_naive,HUANCAVELICA
2022-08-01,0.28502615114936825,0.0,seasonal_naive,HUANCAVELICA
2022-08-08,0.0,0.0,seasonal_naive,HUANCAVELICA
2022-08-15,0.0,0.0,seasonal_naive,HUANCAVELICA
2022-08-22,0.0,0.0,seasonal_naive,HUANCAVELICA
2022-08-29,0.0,0.0,seasonal_naive,HUANCAVELICA
2022-09-05,0.0,0.0,seasonal_naive,HUANCAVELICA
2022-09-12,0.0,0.28238536566081024,seasonal_naive,HUANCAVELICA
2022-09-19,0.0,0.28238536566081024,seasonal_naive,HUANCAVELICA
2022-09-26,0.0,0.28238536566081024,seasonal_naive,HUANCAVELICA
2022-10-03,0.0,0.0,seasonal_naive,HUANCAVELICA
2022-10-10,0.0,0.0,seasonal_naive,HUANCAVELICA
2022-10-17,0.0,0.0,seasonal_naive,HUANCAVELICA
2022-10-24,0.0,0.0,seasonal_naive,HUANCAVELICA
2022-10-31,0.0,0.0,seasonal_naive,HUANCAVELICA
2022-11-07,0.0,0.0,seasonal_naive,HUANCAVELICA
2022-11-14,0.0,0.0,seasonal_naive,HUANCAVELICA
2022-11-21,0.0,0.28238536566081024,seasonal_naive,HUANCAVELICA
2022-11-28,0.0,0.28238536566081024,seasonal_naive,HUANCAVELICA
2022-12-05,0.0,0.28238536566081024,seasonal_naive,HUANCAVELICA
2010-12-27,0.7000627722952494,0.42203559380437605,holt_winters,HUANCAVELICA
2011-01-03,0.23335425743174998,0.5111553288419597,holt_winters,HUANCAVELICA
2011-01-10,0.47157484493136287,0.4832077559629638,holt_winters,HUANCAVELICA
2011-01-17,0.23822058749961317,0.5023695808017621,holt_winters,HUANCAVELICA
2011-01-24,0.23822058749961317,0.31090026712459673,holt_winters,HUANCAVELICA
2011-01-31,0.0,0.3816951058364362,holt_winters,HUANCAVELICA
2011-02-07,0.0,0.3776335317198615,holt_winters,HUANCAVELICA
2011-02-14,0.0,0.29422833778235524,holt_winters,HUANCAVELICA
2011-02-21,0.23822058749961317,0.0,holt_winters,HUANCAVELICA
2011-02-28,0.23822058749961317,0.0,holt_winters,HUANCAVELICA
2011-03-07,0.23822058749961317,0.0,holt_winters,HUANCAVELICA
2011-03-14,0.23822058749961317,0.03271927297043966,holt_winters,HUANCAVELICA
2011-03-21,0.23822058749961317,0.23385323467240718,holt_winters,HUANCAVELICA
2011-03-28,0.23822058749961317,0.16929751710680035,holt_winters,HUANCAVELICA
2011-04-04,0.0,0.03161664521492957,holt_winters,HUANCAVELICA
2011-04-11,0.0,0.011393845148698302,holt_winters,HUANCAVELICA
2011-04-18,0.0,0.245914348595902,holt_winters,HUANCAVELICA
2011-04-25,0.0,0.30544216076494224,holt_winters,HUANCAVELICA
2011-05-02,0.0,0.3451403553589788,holt_winters,HUANCAVELICA
2011-05-09,0.47644117499922606,0.2927168206278641,holt_winters,HUANCAVELICA
2011-05-16,0.47644117499922606,0.5295744712685488,holt_winters,HUANCAVELICA
2011-05-23,0.47644117499922606,0.6442287242421287,holt_winters,HUANCAVELICA
2011-05-30,0.0,0.6782994622240521,holt_winters,HUANCAVELICA
2011-06-06,0.0,0.8927924551030553,holt_winters,HUANCAVELICA
2011-06-13,0.23822058749961317,0.0,holt_winters,HUANCAVELICA
2011-06-20,0.23822058749961317,0.0,holt_winters,HUANCAVELICA
2011-06-27,0.23822058749961317,0.0,holt_winters,HUANCAVELICA
2011-07-04,0.0,0.10945808990925603,holt_winters,HUANCAVELICA
2011-07-11,0.0,0.0,holt_winters,HUANCAVELICA
2011-07-18,0.23822058749961317,0.0,holt_winters,HUANCAVELICA
2011-07-25,0.47644117499922606,0.0,holt_winters,HUANCAVELICA
2011-08-01,0.47644117499922606,0.0,holt_winters,HUANCAVELICA
2011-08-08,0.23822058749961317,0.5820135004567628,holt_winters,HUANCAVELICA
2011-08-15,0.0,0.41182099038745557,holt_winters,HUANCAVELICA
2011-08-22,0.0,0.47573194453310547,holt_winters,HUANCAVELICA
2011-08-29,0.0,0.5944488466389308,holt_winters,HUANCAVELICA
2011-09-05,0.0,0.0,holt_winters,HUANCAVELICA
2011-09-12,0.0,0.0,holt_winters,HUANCAVELICA
2011-09-19,0.0,0.0,holt_winters,HUANCAVELICA
2011-09-26,0.0,0.0,holt_winters,HUANCAVELICA
2011-10-03,0.0,0.0,holt_winters,HUANCAVELICA
2011-10-10,0.0,0.0,holt_winters,HUANCAVELICA
2011-10-17,0.23822058749961317,0.04062139583193398,holt_winters,HUANCAVELICA
2011-10-24,0.23822058749961317,0.1398403033295357,holt_winters,HUANCAVELICA
2011-10-31,0.23822058749961317,0.48144572665902785,holt_winters,HUANCAVELICA
2011-11-07,0.0,0.47602232599769195,holt_winters,HUANCAVELICA
2011-11-14,0.23822058749961317,0.398731778244755,holt_winters,HUANCAVELICA
2011-11-21,0.23822058749961317,0.4103548185305928,holt_winters,HUANCAVELICA
2011-11-28,0.23822058749961317,0.1267660529240434,holt_winters,HUANCAVELICA
2011-12-05,0.0,0.09232731280282713,holt_winters,HUANCAVELICA
2011-12-12,0.23822058749961317,0.019929821763056747,holt_winters,HUANCAVELICA
2011-12-19,0.23822058749961317,0.0,holt_winters,HUANCAVELICA
2011-12-26,0.47644117499922606,0.18645587122609547,holt_winters,HUANCAVELICA
2012-01-02,0.48151538293734913,0.163319530005658,holt_winters,HUANCAVELICA
2012-01-09,0.7248101783750852,0.17088980464313075,holt_winters,HUANCAVELICA
2012-01-16,0.4865895908754723,0.16021602196056622,holt_winters,HUANCAVELICA
2012-01-23,0.4865895908754723,0.6367125950849162,holt_winters,HUANCAVELICA
2012-01-30,0.4865895908754723,0.6500858150153068,holt_winters,HUANCAVELICA
2012-02-06,0.7298843863132081,0.690411457476158,holt_winters,HUANCAVELICA
2012-02-13,0.4865895908754723,0.6397542325751953,holt_winters,HUANCAVELICA
2012-02-20,0.24329479543773633,0.4472432506289648,holt_winters,HUANCAVELICA
2012-02-27,0.0,0.4070739012247261,holt_winters,HUANCAVELICA
2012-03-05,0.0,0.4118603969122401,holt_winters,HUANCAVELICA
2012-03-12,0.0,0.579114519835578,holt_winters,HUANCAVELICA
2012-03-19,0.0,0.0021627125959561553,holt_winters,HUANCAVELICA
2012-03-26,0.0,0.0,holt_winters,HUANCAVELICA
2012-04-02,0.0,0.0,holt_winters,HUANCAVELICA
2012-04-09,0.0,0.0,holt_winters,HUANCAVELICA
2012-04-16,0.0,0.09370302883450352,holt_winters,HUANCAVELICA
2012-04-23,0.0,0.10484664017245814,holt_winters,HUANCAVELICA
2012-04-30,0.0,0.1617271806386203,holt_winters,HUANCAVELICA
2012-05-07,0.0,0.19610387134332535,holt_winters,HUANCAVELICA
2012-05-14,0.24329479543773633,0.04236307608902012,holt_winters,HUANCAVELICA
2012-05-21,0.24329479543773633,0.09952528481366067,holt_winters,HUANCAVELICA
2012-05-28,0.24329479543773633,0.023213317847959086,holt_winters,HUANCAVELICA
2012-06-04,0.0,0.14135782266695293,holt_winters,HUANCAVELICA
2012-06-11,0.24329479543773633,0.0,holt_winters,HUANCAVELICA
2012-06-18,0.24329479543773633,0.0,holt_winters,HUANCAVELICA
2012-06-25,0.24329479543773633,0.0,holt_winters,HUANCAVELICA
2012-07-02,0.0,0.03631316273426081,holt_winters,HUANCAVELICA
2012-07-09,0.24329479543773633,0.06452166157735313,holt_winters,HUANCAVELICA
2012-07-16,0.24329479543773633,0.0,holt_winters,HUANCAVELICA
2012-07-23,0.24329479543773633,0.0,holt_winters,HUANCAVELICA
2012-07-30,0.24329479543773633,0.0,holt_winters,HUANCAVELICA
2012-08-06,0.24329479543773633,0.32012326305842925,holt_winters,HUANCAVELICA
2012-08-13,0.24329479543773633,0.18640448021754014,holt_winters,HUANCAVELICA
2012-08-20,0.0,0.20065750026955634,holt_winters,HUANCAVELICA
2012-08-27,0.0,0.1966627141063321,holt_winters,HUANCAVELICA
2012-09-03,0.0,0.0,holt_winters,HUANCAVELICA
2012-09-10,0.24329479543773633,0.0,holt_winters,HUANCAVELICA
2012-09-17,0.24329479543773633,0.0,holt_winters,HUANCAVELICA
2012-09-24,0.24329479543773633,0.0,holt_winters,HUANCAVELICA
2012-10-01,0.0,0.24269180936963938,holt_winters,HUANCAVELICA
2012-10-08,0.0,0.18877055443350446,holt_winters,HUANCAVELICA
2012-10-15,0.0,0.3163766269673143,holt_winters,HUANCAVELICA
2012-10-22,0.0,0.4665669026143056,holt_winters,HUANCAVELICA
2012-10-29,0.24329479543773633,0.15231082786317376,holt_winters,HUANCAVELICA
2012-11-05,0.24329479543773633,0.17284400112420975,holt_winters,HUANCAVELICA
2012-11-12,0.24329479543773633,0.1621600316426978,holt_winters,HUANCAVELICA
2012-11-19,0.0,0.13537196441903085,holt_winters,HUANCAVELICA
2012-11-26,0.0,0.0,holt_winters,HUANCAVELICA
2012-12-03,0.0,0.0,holt_winters,HUANCAVELICA
2012-12-10,0.0,0.0,holt_winters,HUANCAVELICA
2012-12-17,0.0,0.0,holt_winters,HUANCAVELICA
2012-12-24,0.0,0.002076716080330181,holt_winters,HUANCAVELICA
2012-12-31,0.0,0.0,holt_winters,HUANCAVELICA
2013-01-07,0.24858925597235718,0.0,holt_winters,HUANCAVELICA
2013-01-14,0.24858925597235718,0.0,holt_winters,HUANCAVELICA
2013-01-21,0.24858925597235718,0.36549337906348717,holt_winters,HUANCAVELICA
2013-01-28,0.0,0.3608334324632389,holt_winters,HUANCAVELICA
2013-02-04,0.0,0.39257397440417136,holt_winters,HUANCAVELICA
2013-02-11,0.0,0.3218397847701874,holt_winters,HUANCAVELICA
2013-02-18,0.24858925597235718,0.0,holt_winters,HUANCAVELICA
2013-02-25,0.24858925597235718,0.0,holt_winters,HUANCAVELICA
2013-03-04,0.24858925597235718,0.0,holt_winters,HUANCAVELICA
2013-03-11,0.0,0.002209969836058386,holt_winters,HUANCAVELICA
2013-03-18,0.0,0.06272347377002517,holt_winters,HUANCAVELICA
2013-03-25,0.0,0.054869659472595776,holt_winters,HUANCAVELICA
2013-04-01,0.0,0.0,holt_winters,HUANCAVELICA
2013-04-08,0.0,0.0,holt_winters,HUANCAVELICA
2013-04-15,0.0,0.0,holt_winters,HUANCAVELICA
2013-04-22,0.0,0.0,holt_winters,HUANCAVELICA
2013-04-29,0.0,0.030273478832636622,holt_winters,HUANCAVELICA
2013-05-06,0.24858925597235718,0.09551993253821055,holt_winters,HUANCAVELICA
2013-05-13,0.24858925597235718,0.305361558350243,holt_winters,HUANCAVELICA
2013-05-20,0.745767767917071,0.3380677431014436,holt_winters,HUANCAVELICA
2013-05-27,0.4971785119447141,0.28064614546817157,holt_winters,HUANCAVELICA
2013-06-03,0.745767767917071,0.3286800784528507,holt_winters,HUANCAVELICA
2013-06-10,0.24858925597235718,0.8160738143588773,holt_winters,HUANCAVELICA
2013-06-17,0.24858925597235718,0.713581746587417,holt_winters,HUANCAVELICA
2013-06-24,0.24858925597235718,0.6591442929915488,holt_winters,HUANCAVELICA
2013-07-01,0.4971785119447141,0.6962695863153412,holt_winters,HUANCAVELICA
2013-07-08,0.4971785119447141,0.5657842592258762,holt_winters,HUANCAVELICA
2013-07-15,0.24858925597235718,0.45819161438181916,holt_winters,HUANCAVELICA
2013-07-22,0.0,0.4682645797055328,holt_winters,HUANCAVELICA
2013-07-29,0.0,0.4277854073463334,holt_winters,HUANCAVELICA
2013-08-05,0.24858925597235718,0.0,holt_winters,HUANCAVELICA
2013-08-12,0.24858925597235718,0.0,holt_winters,HUANCAVELICA
2013-08-19,0.24858925597235718,0.0,holt_winters,HUANCAVELICA
2013-08-26,0.24858925597235718,0.0,holt_winters,HUANCAVELICA
2013-09-02,0.4971785119447141,0.20607714386140047,holt_winters,HUANCAVELICA
2013-09-09,0.7457677679170707,0.27676551637466335,holt_winters,HUANCAVELICA
2013-09-16,0.4971785119447141,0.21162519762858692,holt_winters,HUANCAVELICA
2013-09-23,0.24858925597235718,0.221761392083196,holt_winters,HUANCAVELICA
2013-09-30,0.0,0.14828051048596597,holt_winters,HUANCAVELICA
2013-10-07,0.0,0.11166075126055962,holt_winters,HUANCAVELICA
2013-10-14,0.24858925597235718,0.24304166258467857,holt_winters,HUANCAVELICA
2013-10-21,0.9155182480425714,0.2978172754667678,holt_winters,HUANCAVELICA
2013-10-28,1.4126967599872853,1.0584057713619135,holt_winters,HUANCAVELICA
2013-11-04,1.1641075040149282,1.043717677573103,holt_winters,HUANCAVELICA
2013-11-11,0.4971785119447141,1.0251196677783012,holt_winters,HUANCAVELICA
2013-11-18,0.0,0.893999447857498,holt_winters,HUANCAVELICA
2013-11-25,0.24858925597235718,0.0,holt_winters,HUANCAVELICA
2013-12-02,0.24858925597235718,0.0,holt_winters,HUANCAVELICA
2013-12-09,0.24858925597235718,0.0025277572372638325,holt_winters,HUANCAVELICA
2013-12-16,0.24858925597235718,0.0,holt_winters,HUANCAVELICA
2013-12-23,0.24858925597235718,0.35450326039081914,holt_winters,HUANCAVELICA
2013-12-30,0.24858925597235718,0.265003544278604,holt_winters,HUANCAVELICA
2014-01-06,0.254119919189866,0.35049810387673064,holt_winters,HUANCAVELICA
2014-01-13,0.254119919189866,0.3604028557313535,holt_winters,HUANCAVELICA
2014-01-20,0.254119919189866,0.31708283450162106,holt_winters,HUANCAVELICA
2014-01-27,0.0,0.24999258074635286,holt_winters,HUANCAVELICA
2014-02-03,0.0,0.27261177284520716,holt_winters,HUANCAVELICA
2014-02-10,0.0,0.2004326334591662,holt_winters,HUANCAVELICA
2014-02-17,0.0,0.06874734114390847,holt_winters,HUANCAVELICA
2014-02-24,0.254119919189866,0.0,holt_winters,HUANCAVELICA
2014-03-03,0.254119919189866,0.0,holt_winters,HUANCAVELICA
2014-03-10,0.254119919189866,0.0,holt_winters,HUANCAVELICA
2014-03-17,0.0,0.2992909082611876,holt_winters,HUANCAVELICA
2014-03-24,0.0,0.2995294039048771,holt_winters,HUANCAVELICA
2014-03-31,0.0,0.21005412690548553,holt_winters,HUANCAVELICA
2014-04-07,0.0,0.1546097383858923,holt_winters,HUANCAVELICA
2014-04-14,0.0,0.0006371446325359575,holt_winters,HUANCAVELICA
2014-04-21,0.0,0.010833944296340789,holt_winters,HUANCAVELICA
2014-04-28,0.0,0.06283896345262471,holt_winters,HUANCAVELICA
2014-05-05,0.0,0.25183637988466867,holt_winters,HUANCAVELICA
2014-05-12,0.0,0.10484661405893841,holt_winters,HUANCAVELICA
2014-05-19,0.0,0.1570196008570136,holt_winters,HUANCAVELICA
2014-05-26,0.5082398383797316,0.05986633142520558,holt_winters,HUANCAVELICA
2014-06-02,0.7623597575695973,0.0945857190856705,holt_winters,HUANCAVELICA
2014-06-09,1.016479676759463,0.8015830019936085,holt_winters,HUANCAVELICA
2014-06-16,0.7623597575695971,0.753980091497179,holt_winters,HUANCAVELICA
2014-06-23,0.5082398383797316,0.7603413486203177,holt_winters,HUANCAVELICA
2014-06-30,0.254119919189866,0.7569462405281753,holt_winters,HUANCAVELICA
2014-07-07,0.0,0.37410449806744267,holt_winters,HUANCAVELICA
2014-07-14,0.0,0.2709219615260323,holt_winters,HUANCAVELICA
2014-07-21,0.0,0.22894399620778125,holt_winters,HUANCAVELICA
2014-07-28,0.5082398383797316,0.23440665650543385,holt_winters,HUANCAVELICA
2014-08-04,0.5082398383797316,0.5245123261780451,holt_winters,HUANCAVELICA
2014-08-11,0.5082398383797316,0.46542394206929,holt_winters,HUANCAVELICA
2014-08-18,0.0,0.34932492858340075,holt_winters,HUANCAVELICA
2014-08-25,0.0,0.3530039213786212,holt_winters,HUANCAVELICA
2014-09-01,0.0,0.0463693476244419,holt_winters,HUANCAVELICA
2014-09-08,0.0,0.16949727058721972,holt_winters,HUANCAVELICA
2014-09-15,0.0,0.10920220686982669,holt_winters,HUANCAVELICA
2014-09-22,0.0,0.07625117513383052,holt_winters,HUANCAVELICA
2014-09-29,0.254119919189866,0.0,holt_winters,HUANCAVELICA
2014-10-06,0.254119919189866,0.0,holt_winters,HUANCAVELICA
2014-10-13,0.254119919189866,0.03476597265780705,holt_winters,HUANCAVELICA
2014-10-20,0.254119919189866,0.18559470739894776,holt_winters,HUANCAVELICA
2014-10-27,0.254119919189866,0.4633408104866168,holt_winters,HUANCAVELICA
2014-11-03,0.254119919189866,0.3773765718789435,holt_winters,HUANCAVELICA
2014-11-10,0.0,0.252527247121037,holt_winters,HUANCAVELICA
2014-11-17,0.0,0.1451712189412771,holt_winters,HUANCAVELICA
2014-11-24,0.0,0.020231027139196396,holt_winters,HUANCAVELICA
2014-12-01,0.0,0.0,holt_winters,HUANCAVELICA
2014-12-08,0.0,0.012112643827840077,holt_winters,HUANCAVELICA
2014-12-15,0.0,0.008688938307898054,holt_winters,HUANCAVELICA
2014-12-22,0.0,0.08658744007251194,holt_winters,HUANCAVELICA
2014-12-29,0.0,0.00642708276459197,holt_winters,HUANCAVELICA
2015-01-05,0.0,0.11225053418122474,holt_winters,HUANCAVELICA
2015-01-12,0.25990160125376566,0.03343907209407125,holt_winters,HUANCAVELICA
2015-01-19,0.25990160125376566,0.25257853776985023,holt_winters,HUANCAVELICA
2015-01-26,0.519803202507531,0.07882930156791683,holt_winters,HUANCAVELICA
2015-02-02,0.519803202507531,0.13618436598027386,holt_winters,HUANCAVELICA
2015-02-09,0.519803202507531,0.09108986184727322,holt_winters,HUANCAVELICA
2015-02-16,0.25990160125376566,0.6171587214873495,holt_winters,HUANCAVELICA
2015-02-23,0.25990160125376566,0.6203612111730952,holt_winters,HUANCAVELICA
2015-03-02,0.25990160125376566,0.6206859483606688,holt_winters,HUANCAVELICA
2015-03-09,0.25990160125376566,0.550559040488892,holt_winters,HUANCAVELICA
2015-03-16,0.0,0.1878624847492889,holt_winters,HUANCAVELICA
2015-03-23,0.0,0.17668603783020465,holt_winters,HUANCAVELICA
2015-03-30,0.0,0.14556971433550325,holt_winters,HUANCAVELICA
2015-04-06,0.0,0.0745792916004032,holt_winters,HUANCAVELICA
2015-04-13,0.25990160125376566,0.0013893812517097488,holt_winters,HUANCAVELICA
2015-04-20,0.25990160125376566,0.0,holt_winters,HUANCAVELICA
2015-04-27,0.519803202507531,0.027953822311293366,holt_winters,HUANCAVELICA
2015-05-04,0.25990160125376566,0.19628747494189486,holt_winters,HUANCAVELICA
2015-05-11,0.25990160125376566,0.34585503544121254,holt_winters,HUANCAVELICA
2015-05-18,0.0,0.41740461754148533,holt_winters,HUANCAVELICA
2015-05-25,0.0,0.3485525502842035,holt_winters,HUANCAVELICA
2015-06-01,0.25990160125376566,0.4718763839596488,holt_winters,HUANCAVELICA
2015-06-08,0.519803202507531,0.328863561311204,holt_winters,HUANCAVELICA
2015-06-15,0.519803202507531,0.29881558555852433,holt_winters,HUANCAVELICA
2015-06-22,0.25990160125376566,0.23167964908785088,holt_winters,HUANCAVELICA
2015-06-29,0.25990160125376566,0.1329197625024845,holt_winters,HUANCAVELICA
2015-07-06,0.519803202507531,0.2538704330800834,holt_winters,HUANCAVELICA
2015-07-13,0.519803202507531,0.21439666152570577,holt_winters,HUANCAVELICA
2015-07-20,0.519803202507531,0.22798321209259084,holt_winters,HUANCAVELICA
2015-07-27,0.519803202507531,0.3546455649701549,holt_winters,HUANCAVELICA
2015-08-03,0.519803202507531,0.5366059748724585,holt_winters,HUANCAVELICA
2015-08-10,0.25990160125376566,0.4691864811383754,holt_winters,HUANCAVELICA
2015-08-17,0.0,0.23987051247072058,holt_winters,HUANCAVELICA
2015-08-24,0.0,0.23752265899421787,holt_winters,HUANCAVELICA
2015-08-31,0.25990160125376566,0.04716622834971225,holt_winters,HUANCAVELICA
2015-09-07,0.25990160125376566,0.12431959982953854,holt_winters,HUANCAVELICA
2015-09-14,0.519803202507531,0.0872378893738907,holt_winters,HUANCAVELICA
2015-09-21,0.25990160125376566,0.04585269706312336,holt_winters,HUANCAVELICA
2015-09-28,0.519803202507531,0.1977829452882768,holt_winters,HUANCAVELICA
2015-10-05,0.25990160125376566,0.1893588961348035,holt_winters,HUANCAVELICA
2015-10-12,0.519803202507531,0.29000180267855813,holt_winters,HUANCAVELICA
2015-10-19,0.25990160125376566,0.45825802625027573,holt_winters,HUANCAVELICA
2015-10-26,0.25990160125376566,0.4272291948798706,holt_winters,HUANCAVELICA
2015-11-02,0.0,0.3587773338014437,holt_winters,HUANCAVELICA
2015-11-09,0.0,0.2089819228132368,holt_winters,HUANCAVELICA
2015-11-16,0.0,0.0904066304237089,holt_winters,HUANCAVELICA
2015-11-23,0.0,0.05459377240784897,holt_winters,HUANCAVELICA
2015-11-30,0.0,0.01681834763426384,holt_winters,HUANCAVELICA
2015-12-07,0.0,0.06729595585080345,holt_winters,HUANCAVELICA
2015-12-14,0.0,0.072860365964437,holt_winters,HUANCAVELICA
2015-12-21,0.0,0.04434581230532355,holt_winters,HUANCAVELICA
2015-12-28,0.0,0.006587536226757796,holt_winters,HUANCAVELICA
2016-01-04,0.0,0.14886759330192995,holt_winters,HUANCAVELICA
2016-01-11,0.0,0.14743613878813086,holt_winters,HUANCAVELICA
2016-01-18,0.0,0.001093329581815756,holt_winters,HUANCAVELICA
2016-01-25,0.0,0.0,holt_winters,HUANCAVELICA
2016-02-01,0.0,0.0,holt_winters,HUANCAVELICA
2016-02-08,0.26595320287442253,0.0,holt_winters,HUANCAVELICA
2016-02-15,0.5319064057488447,0.22082374517348563,holt_winters,HUANCAVELICA
2016-02-22,0.5319064057488447,0.22370149924440316,holt_winters,HUANCAVELICA
2016-02-29,0.26595320287442253,0.22440975215162431,holt_winters,HUANCAVELICA
2016-03-07,0.0,0.1718645972707043,holt_winters,HUANCAVELICA
2016-03-14,0.0,0.0,holt_winters,HUANCAVELICA
2016-03-21,0.0,0.0,holt_winters,HUANCAVELICA
2016-03-28,0.0,0.0,holt_winters,HUANCAVELICA
2016-04-04,0.0,0.0,holt_winters,HUANCAVELICA
2016-04-11,0.0,0.05934052425944306,holt_winters,HUANCAVELICA
2016-04-18,0.0,0.05881348543432074,holt_winters,HUANCAVELICA
2016-04-25,0.0,0.09876098382703076,holt_winters,HUANCAVELICA
2016-05-02,0.0,0.19547553443752533,holt_winters,HUANCAVELICA
2016-05-09,0.0,0.054720298159014275,holt_winters,HUANCAVELICA
2016-05-16,0.0,0.10098389509253292,holt_winters,HUANCAVELICA
2016-05-23,0.0,0.09115262045197939,holt_winters,HUANCAVELICA
2016-05-30,0.26595320287442253,0.1800549807676582,holt_winters,HUANCAVELICA
2016-06-06,0.26595320287442253,0.3328521105053305,holt_winters,HUANCAVELICA
2016-06-13,0.26595320287442253,0.29062632606725386,holt_winters,HUANCAVELICA
2016-06-20,0.0,0.20000090697199,holt_winters,HUANCAVELICA
2016-06-27,0.0,0.09655785208017731,holt_winters,HUANCAVELICA
2016-07-04,0.0,0.047620804594106184,holt_winters,HUANCAVELICA
2016-07-11,0.5319064057488447,0.03821252292252379,holt_winters,HUANCAVELICA
2016-07-18,0.5319064057488447,0.01636002120913213,holt_winters,HUANCAVELICA
2016-07-25,0.7978596086232669,0.09313434139580823,holt_winters,HUANCAVELICA
2016-08-01,0.26595320287442253,0.897242692550122,holt_winters,HUANCAVELICA
2016-08-08,0.5319064057488447,0.7460997129927578,holt_winters,HUANCAVELICA
2016-08-15,0.26595320287442253,0.4663142349190687,holt_winters,HUANCAVELICA
2016-08-22,0.26595320287442253,0.4624966171236994,holt_winters,HUANCAVELICA
2016-08-29,0.0,0.4036605179289415,holt_winters,HUANCAVELICA
2016-09-05,0.0,0.5053971958576531,holt_winters,HUANCAVELICA
2016-09-12,0.0,0.5095949576493894,holt_winters,HUANCAVELICA
2016-09-19,0.0,0.3969522756979092,holt_winters,HUANCAVELICA
2016-09-26,0.0,0.0,holt_winters,HUANCAVELICA
2016-10-03,0.26595320287442253,0.0,holt_winters,HUANCAVELICA
2016-10-10,0.26595320287442253,0.06913016036020408,holt_winters,HUANCAVELICA
2016-10-17,0.26595320287442253,0.11623134801604648,holt_winters,HUANCAVELICA
2016-10-24,0.0,0.4234619942965088,holt_winters,HUANCAVELICA
2016-10-31,0.0,0.2540916602047425,holt_winters,HUANCAVELICA
2016-11-07,0.0,0.14748843992323282,holt_winters,HUANCAVELICA
2016-11-14,0.0,0.0034625176341952085,holt_winters,HUANCAVELICA
2016-11-21,0.0,0.0540199071204155,holt_winters,HUANCAVELICA
2016-11-28,0.0,0.011572657328312691,holt_winters,HUANCAVELICA
2016-12-05,0.26595320287442253,0.05738636967418534,holt_winters,HUANCAVELICA
2016-12-12,0.26595320287442253,0.0589622471123331,holt_winters,HUANCAVELICA
2016-12-19,0.26595320287442253,0.26400110445131714,holt_winters,HUANCAVELICA
2016-12-26,0.26595320287442253,0.27217921881230656,holt_winters,HUANCAVELICA
2017-01-02,0.26595320287442253,0.379424318937583,holt_winters,HUANCAVELICA
2017-01-09,0.5382457976050162,0.40902861070710045,holt_winters,HUANCAVELICA
2017-01-16,0.27229259473059403,0.5309223711535962,holt_winters,HUANCAVELICA
2017-01-23,0.27229259473059403,0.4618207010416796,holt_winters,HUANCAVELICA
2017-01-30,0.0,0.5146308483456106,holt_winters,HUANCAVELICA
2017-02-06,0.0,0.5472518059434326,holt_winters,HUANCAVELICA
2017-02-13,0.0,0.062534367502499,holt_winters,HUANCAVELICA
2017-02-20,0.0,0.0723187839505916,holt_winters,HUANCAVELICA
2017-02-27,0.5445851894611877,0.03831374675402029,holt_winters,HUANCAVELICA
2017-03-06,0.8168777841917815,0.0,holt_winters,HUANCAVELICA
2017-03-13,1.0891703789223752,0.6067918392194975,holt_winters,HUANCAVELICA
2017-03-20,0.8168777841917811,0.6057859944028217,holt_winters,HUANCAVELICA
2017-03-27,0.5445851894611877,0.6044722132303384,holt_winters,HUANCAVELICA
2017-04-03,0.27229259473059403,0.6029129303193672,holt_winters,HUANCAVELICA
2017-04-10,0.0,0.3468381193767307,holt_winters,HUANCAVELICA
2017-04-17,0.0,0.3456767788799777,holt_winters,HUANCAVELICA
2017-04-24,0.27229259473059403,0.3959045297505525,holt_winters,HUANCAVELICA
2017-05-01,0.27229259473059403,0.4043474744118803,holt_winters,HUANCAVELICA
2017-05-08,0.27229259473059403,0.27013560224133515,holt_winters,HUANCAVELICA
2017-05-15,0.0,0.3122033404420137,holt_winters,HUANCAVELICA
2017-05-22,0.0,0.39417532465379024,holt_winters,HUANCAVELICA
2017-05-29,0.6669289920702145,0.5699109114162393,holt_winters,HUANCAVELICA
2017-06-05,0.6669289920702145,0.6606381777476276,holt_winters,HUANCAVELICA
2017-06-12,0.6669289920702145,0.6048409130134806,holt_winters,HUANCAVELICA
2017-06-19,0.0,0.4209613964067056,holt_winters,HUANCAVELICA
2017-06-26,0.0,0.35311247471741186,holt_winters,HUANCAVELICA
2017-07-03,0.27229259473059403,0.0,holt_winters,HUANCAVELICA
2017-07-10,0.27229259473059403,0.047342032320402655,holt_winters,HUANCAVELICA
2017-07-17,0.27229259473059403,0.0072555456174722525,holt_winters,HUANCAVELICA
2017-07-24,0.27229259473059403,0.13403344283073063,holt_winters,HUANCAVELICA
2017-07-31,0.27229259473059403,0.23243485709972497,holt_winters,HUANCAVELICA
2017-08-07,0.27229259473059403,0.23281437231577468,holt_winters,HUANCAVELICA
2017-08-14,0.27229259473059403,0.0,holt_winters,HUANCAVELICA
2017-08-21,0.27229259473059403,0.0,holt_winters,HUANCAVELICA
2017-08-28,0.27229259473059403,0.32918716225943995,holt_winters,HUANCAVELICA
2017-09-04,0.27229259473059403,0.42035801131361333,holt_winters,HUANCAVELICA
2017-09-11,0.27229259473059403,0.4208814165279162,holt_winters,HUANCAVELICA
2017-09-18,0.27229259473059403,0.31290594613230416,holt_winters,HUANCAVELICA
2017-09-25,0.27229259473059403,0.33409135848155763,holt_winters,HUANCAVELICA
2017-10-02,0.27229259473059403,0.34372697184435125,holt_winters,HUANCAVELICA
2017-10-09,0.27229259473059403,0.45499215437191903,holt_winters,HUANCAVELICA
2017-10-16,0.0,0.5232186640908638,holt_winters,HUANCAVELICA
2017-10-23,0.0,0.000509712922370971,holt_winters,HUANCAVELICA
2017-10-30,0.0,0.0,holt_winters,HUANCAVELICA
2017-11-06,0.0,0.0,holt_winters,HUANCAVELICA
2017-11-13,0.0,0.0,holt_winters,HUANCAVELICA
2017-11-20,0.27229259473059403,0.05706122278982602,holt_winters,HUANCAVELICA
2017-11-27,0.27229259473059403,0.05647382046177766,holt_winters,HUANCAVELICA
2017-12-04,0.27229259473059403,0.10690886153367678,holt_winters,HUANCAVELICA
2017-12-11,0.27229259473059403,0.10634246136301383,holt_winters,HUANCAVELICA
2017-12-18,0.27229259473059403,0.27166615696540636,holt_winters,HUANCAVELICA
2017-12-25,0.27229259473059403,0.2642068579276721,holt_winters,HUANCAVELICA
2018-01-01,0.27474791878451554,0.31645947568896343,holt_winters,HUANCAVELICA
2018-01-08,0.27474791878451554,0.42790725902906046,holt_winters,HUANCAVELICA
2018-01-15,0.27474791878451554,0.21438697683608746,holt_winters,HUANCAVELICA
2018-01-22,0.0,0.16321840335389312,holt_winters,HUANCAVELICA
2018-01-29,0.0,0.11644344544057281,holt_winters,HUANCAVELICA
2018-02-05,0.0,0.17685225028370008,holt_winters,HUANCAVELICA
2018-02-12,0.0,0.0006745936334258588,holt_winters,HUANCAVELICA
2018-02-19,0.0,0.05718767353987106,holt_winters,HUANCAVELICA
2018-02-26,0.0,0.11865331272643798,holt_winters,HUANCAVELICA
2018-03-05,0.0,0.060957808258740656,holt_winters,HUANCAVELICA
2018-03-12,0.0,0.0,holt_winters,HUANCAVELICA
2018-03-19,0.0,0.0,holt_winters,HUANCAVELICA
2018-03-26,0.0,0.0,holt_winters,HUANCAVELICA
2018-04-02,0.0,0.0,holt_winters,HUANCAVELICA
2018-04-09,0.27474791878451554,0.0,holt_winters,HUANCAVELICA
2018-04-16,0.27474791878451554,0.0,holt_winters,HUANCAVELICA
2018-04-23,0.27474791878451554,0.07483809593450666,holt_winters,HUANCAVELICA
2018-04-30,0.0,0.07790134535347822,holt_winters,HUANCAVELICA
2018-05-07,0.0,0.0007363864241518627,holt_winters,HUANCAVELICA
2018-05-14,0.0,0.0,holt_winters,HUANCAVELICA
2018-05-21,0.0,0.02741815978672343,holt_winters,HUANCAVELICA
2018-05-28,0.0,0.33049820246677175,holt_winters,HUANCAVELICA
2018-06-04,0.27474791878451554,0.0868118233758245,holt_winters,HUANCAVELICA
2018-06-11,0.27474791878451554,0.042625146806892715,holt_winters,HUANCAVELICA
2018-06-18,0.27474791878451554,0.0,holt_winters,HUANCAVELICA
2018-06-25,0.0,0.0,holt_winters,HUANCAVELICA
2018-07-02,0.0,0.05083103427984574,holt_winters,HUANCAVELICA
2018-07-09,0.0,0.12712304621716483,holt_winters,HUANCAVELICA
2018-07-16,0.27474791878451554,0.09636064241686822,holt_winters,HUANCAVELICA
2018-07-23,0.5494958375690308,0.24537110458471362,holt_winters,HUANCAVELICA
2018-07-30,0.8242437563535457,0.4211505352907428,holt_winters,HUANCAVELICA
2018-08-06,0.5494958375690309,0.4015490518273933,holt_winters,HUANCAVELICA
2018-08-13,0.5494958375690308,0.17307914433705857,holt_winters,HUANCAVELICA
2018-08-20,0.27474791878451554,0.16264964410778687,holt_winters,HUANCAVELICA
2018-08-27,0.27474791878451554,0.2726001287435776,holt_winters,HUANCAVELICA
2018-09-03,0.0,0.31662322627638007,holt_winters,HUANCAVELICA
2018-09-10,0.0,0.3296390427464042,holt_winters,HUANCAVELICA
2018-09-17,0.0,0.23851555192882606,holt_winters,HUANCAVELICA
2018-09-24,0.0,0.11216483635692541,holt_winters,HUANCAVELICA
2018-10-01,0.0,0.09394035241464113,holt_winters,HUANCAVELICA
2018-10-08,0.0,0.16325383341029057,holt_winters,HUANCAVELICA
2018-10-15,0.0,0.14480219321277785,holt_winters,HUANCAVELICA
2018-10-22,0.0,0.0,holt_winters,HUANCAVELICA
2018-10-29,0.0,0.0,holt_winters,HUANCAVELICA
2018-11-05,0.0,0.0,holt_winters,HUANCAVELICA
2018-11-12,0.0,0.0,holt_winters,HUANCAVELICA
2018-11-19,0.0,0.06117423065206767,holt_winters,HUANCAVELICA
2018-11-26,0.0,0.06689218865719031,holt_winters,HUANCAVELICA
2018-12-03,0.0,0.12367153174363948,holt_winters,HUANCAVELICA
2018-12-10,0.0,0.12827076719560096,holt_winters,HUANCAVELICA
2018-12-17,0.0,0.0,holt_winters,HUANCAVELICA
2018-12-24,0.0,0.007207182712208887,holt_winters,HUANCAVELICA
2018-12-31,0.0,0.014573656615244653,holt_winters,HUANCAVELICA
2019-01-07,0.27724715752351775,0.11027778095595324,holt_winters,HUANCAVELICA
2019-01-14,0.27724715752351775,0.21006961702186808,holt_winters,HUANCAVELICA
2019-01-21,0.5544943150470353,0.15395797797119354,holt_winters,HUANCAVELICA
2019-01-28,0.27724715752351775,0.10731958071106709,holt_winters,HUANCAVELICA
2019-02-04,0.5544943150470353,0.1670350619069311,holt_winters,HUANCAVELICA
2019-02-11,0.27724715752351775,0.5404926222401258,holt_winters,HUANCAVELICA
2019-02-18,0.27724715752351775,0.5964604469835679,holt_winters,HUANCAVELICA
2019-02-25,0.0,0.663235320487803,holt_winters,HUANCAVELICA
2019-03-04,0.0,0.6284792251552958,holt_winters,HUANCAVELICA
2019-03-11,0.0,0.0,holt_winters,HUANCAVELICA
2019-03-18,0.0,0.0,holt_winters,HUANCAVELICA
2019-03-25,0.0,0.0,holt_winters,HUANCAVELICA
2019-04-01,0.0,0.0,holt_winters,HUANCAVELICA
2019-04-08,0.0,0.05831671442286075,holt_winters,HUANCAVELICA
2019-04-15,0.0,0.052006296582333855,holt_winters,HUANCAVELICA
2019-04-22,0.0,0.14049671732848393,holt_winters,HUANCAVELICA
2019-04-29,0.0,0.04226165966694561,holt_winters,HUANCAVELICA
2019-05-06,0.27724715752351775,0.0,holt_winters,HUANCAVELICA
2019-05-13,0.27724715752351775,0.0,holt_winters,HUANCAVELICA
2019-05-20,0.27724715752351775,0.0,holt_winters,HUANCAVELICA
2019-05-27,0.0,0.185579622342783,holt_winters,HUANCAVELICA
2019-06-03,0.0,0.14271951128729685,holt_winters,HUANCAVELICA
2019-06-10,0.0,0.13752257114486277,holt_winters,HUANCAVELICA
2019-06-17,0.0,0.0,holt_winters,HUANCAVELICA
2019-06-24,0.0,0.0,holt_winters,HUANCAVELICA
2019-07-01,0.0,0.11124667148038472,holt_winters,HUANCAVELICA
2019-07-08,0.0,0.20742006339890953,holt_winters,HUANCAVELICA
2019-07-15,0.0,0.26477936418929066,holt_winters,HUANCAVELICA
2019-07-22,0.0,0.47130040570867804,holt_winters,HUANCAVELICA
2019-07-29,0.0,0.0,holt_winters,HUANCAVELICA
2019-08-05,0.0,0.0,holt_winters,HUANCAVELICA
2019-08-12,0.0,0.0,holt_winters,HUANCAVELICA
2019-08-19,0.27724715752351775,0.0,holt_winters,HUANCAVELICA
2019-08-26,0.27724715752351775,0.2646414553044273,holt_winters,HUANCAVELICA
2019-09-02,0.27724715752351775,0.19274435019740785,holt_winters,HUANCAVELICA
2019-09-09,0.0,0.2284980014083054,holt_winters,HUANCAVELICA
2019-09-16,0.0,0.17576148409965855,holt_winters,HUANCAVELICA
2019-09-23,0.27724715752351775,0.04743110639229026,holt_winters,HUANCAVELICA
2019-09-30,0.27724715752351775,0.059382041736608625,holt_winters,HUANCAVELICA
2019-10-07,0.27724715752351775,0.10157411783692896,holt_winters,HUANCAVELICA
2019-10-14,0.0,0.0125658642379022,holt_winters,HUANCAVELICA
2019-10-21,0.0,0.0,holt_winters,HUANCAVELICA
2019-10-28,0.0,0.0,holt_winters,HUANCAVELICA
2019-11-04,0.0,0.0,holt_winters,HUANCAVELICA
2019-11-11,0.0,0.0,holt_winters,HUANCAVELICA
2019-11-18,0.0,0.0625213872916491,holt_winters,HUANCAVELICA
2019-11-25,0.0,0.060698280372686285,holt_winters,HUANCAVELICA
2019-12-02,0.0,0.11017709983910164,holt_winters,HUANCAVELICA
2019-12-09,0.0,0.10858079710775016,holt_winters,HUANCAVELICA
2019-12-16,0.0,0.001675360958080942,holt_winters,HUANCAVELICA
2019-12-23,0.0,0.0,holt_winters,HUANCAVELICA
2019-12-30,0.0,0.0,holt_winters,HUANCAVELICA
2020-01-06,0.0,0.12107588378019736,holt_winters,HUANCAVELICA
2020-01-13,0.0,0.0,holt_winters,HUANCAVELICA
2020-01-20,0.0,0.0,holt_winters,HUANCAVELICA
2020-01-27,0.0,0.0,holt_winters,HUANCAVELICA
2020-02-03,0.0,0.0,holt_winters,HUANCAVELICA
2020-02-10,0.0,0.0038010691993488246,holt_winters,HUANCAVELICA
2020-02-17,0.0,0.004453667654915546,holt_winters,HUANCAVELICA
2020-02-24,0.0,0.0049817921398814585,holt_winters,HUANCAVELICA
2020-03-02,0.0,0.0,holt_winters,HUANCAVELICA
2020-03-09,0.0,0.036734513645141,holt_winters,HUANCAVELICA
2020-03-16,0.0,0.0,holt_winters,HUANCAVELICA
2020-03-23,0.0,0.0,holt_winters,HUANCAVELICA
2020-03-30,0.0,0.0,holt_winters,HUANCAVELICA
2020-04-06,0.0,0.0,holt_winters,HUANCAVELICA
2020-04-13,0.0,0.00045238191844967955,holt_winters,HUANCAVELICA
2020-04-20,0.0,0.09197023110496894,holt_winters,HUANCAVELICA
2020-04-27,0.0,0.0037205517713159056,holt_winters,HUANCAVELICA
2020-05-04,0.0,0.062398529703776545,holt_winters,HUANCAVELICA
2020-05-11,0.0,0.0,holt_winters,HUANCAVELICA
2020-05-18,0.0,0.0,holt_winters,HUANCAVELICA
2020-05-25,0.0,0.12287169422047076,holt_winters,HUANCAVELICA
2020-06-01,0.0,0.07061599019526668,holt_winters,HUANCAVELICA
2020-06-08,0.0,0.07345097377803148,holt_winters,HUANCAVELICA
2020-06-15,0.0,0.0,holt_winters,HUANCAVELICA
2020-06-22,0.0,0.0,holt_winters,HUANCAVELICA
2020-06-29,0.0,0.05794774874735413,holt_winters,HUANCAVELICA
2020-07-06,0.0,0.1725177461000248,holt_winters,HUANCAVELICA
2020-07-13,0.0,0.24813690615343725,holt_winters,HUANCAVELICA
2020-07-20,0.0,0.35498181908502724,holt_winters,HUANCAVELICA
2020-07-27,0.0,0.0,holt_winters,HUANCAVELICA
2020-08-03,0.0,0.0,holt_winters,HUANCAVELICA
2020-08-10,0.0,0.0,holt_winters,HUANCAVELICA
2020-08-17,0.0,0.0,holt_winters,HUANCAVELICA
2020-08-24,0.0,0.0,holt_winters,HUANCAVELICA
2020-08-31,0.0,0.0,holt_winters,HUANCAVELICA
2020-09-07,0.0,0.0,holt_winters,HUANCAVELICA
2020-09-14,0.0,0.0,holt_winters,HUANCAVELICA
2020-09-21,0.0,0.06414266427965458,holt_winters,HUANCAVELICA
2020-09-28,0.0,0.09092154553024563,holt_winters,HUANCAVELICA
2020-10-05,0.0,0.14643825584396583,holt_winters,HUANCAVELICA
2020-10-12,0.0,0.011804393814628599,holt_winters,HUANCAVELICA
2020-10-19,0.0,0.0,holt_winters,HUANCAVELICA
2020-10-26,0.0,0.0,holt_winters,HUANCAVELICA
2020-11-02,0.27979306504908996,0.0,holt_winters,HUANCAVELICA
2020-11-09,0.27979306504908996,0.0,holt_winters,HUANCAVELICA
2020-11-16,0.27979306504908996,0.3577103655490832,holt_winters,HUANCAVELICA
2020-11-23,0.0,0.35540895974123726,holt_winters,HUANCAVELICA
2020-11-30,0.0,0.41852257112540714,holt_winters,HUANCAVELICA
2020-12-07,0.0,0.4162216058630034,holt_winters,HUANCAVELICA
2020-12-14,0.0,0.0007618130241761935,holt_winters,HUANCAVELICA
2020-12-21,0.0,0.0,holt_winters,HUANCAVELICA
2020-12-28,0.0,0.0,holt_winters,HUANCAVELICA
2021-01-04,0.0,0.08901426634761181,holt_winters,HUANCAVELICA
2021-01-11,0.0,0.0,holt_winters,HUANCAVELICA
2021-01-18,0.0,0.0,holt_winters,HUANCAVELICA
2021-01-25,0.0,0.0,holt_winters,HUANCAVELICA
2021-02-01,0.0,0.0,holt_winters,HUANCAVELICA
2021-02-08,0.0,0.0,holt_winters,HUANCAVELICA
2021-02-15,0.0,0.0,holt_winters,HUANCAVELICA
2021-02-22,0.0,0.0,holt_winters,HUANCAVELICA
2021-03-01,0.0,0.0,holt_winters,HUANCAVELICA
2021-03-08,0.0,0.03886730535641249,holt_winters,HUANCAVELICA
2021-03-15,0.0,0.005063794591562372,holt_winters,HUANCAVELICA
2021-03-22,0.0,0.0,holt_winters,HUANCAVELICA
2021-03-29,0.0,0.0,holt_winters,HUANCAVELICA
2021-04-05,0.0,0.0,holt_winters,HUANCAVELICA
2021-04-12,0.0,0.0,holt_winters,HUANCAVELICA
2021-04-19,0.0,0.04546866002417233,holt_winters,HUANCAVELICA
2021-04-26,0.0,0.0,holt_winters,HUANCAVELICA
2021-05-03,0.0,0.06103044191368447,holt_winters,HUANCAVELICA
2021-05-10,0.0,0.0015511497853633984,holt_winters,HUANCAVELICA
2021-05-17,0.0,0.0,holt_winters,HUANCAVELICA
2021-05-24,0.0,0.09273440130728425,holt_winters,HUANCAVELICA
2021-05-31,0.0,0.06657638193478019,holt_winters,HUANCAVELICA
2021-06-07,0.0,0.06712313329203044,holt_winters,HUANCAVELICA
2021-06-14,0.28238536566081024,0.0,holt_winters,HUANCAVELICA
2021-06-21,0.28238536566081024,0.0,holt_winters,HUANCAVELICA
2021-06-28,0.28238536566081024,0.35791397820586696,holt_winters,HUANCAVELICA
2021-07-05,0.0,0.45416416244603003,holt_winters,HUANCAVELICA
2021-07-12,0.0,0.5063232897012893,holt_winters,HUANCAVELICA
2021-07-19,0.0,0.6002307356662573,holt_winters,HUANCAVELICA
2021-07-26,0.0,0.042844809156852584,holt_winters,HUANCAVELICA
2021-08-02,0.0,0.04899270797047809,holt_winters,HUANCAVELICA
2021-08-09,0.0,0.010158908344075925,holt_winters,HUANCAVELICA
2021-08-16,0.0,0.020667242724710842,holt_winters,HUANCAVELICA
2021-08-23,0.0,0.0013155676145821611,holt_winters,HUANCAVELICA
2021-08-30,0.0,0.0,holt_winters,HUANCAVELICA
2021-09-06,0.0,0.0,holt_winters,HUANCAVELICA
2021-09-13,0.28238536566081024,0.0,holt_winters,HUANCAVELICA
2021-09-20,0.28238536566081024,0.36362010399398914,holt_winters,HUANCAVELICA
2021-09-27,0.28238536566081024,0.4093236797663085,holt_winters,HUANCAVELICA
2021-10-04,0.0,0.3934556352805837,holt_winters,HUANCAVELICA
2021-10-11,0.0,0.25315564649335087,holt_winters,HUANCAVELICA
2021-10-18,0.0,0.000788115988466564,holt_winters,HUANCAVELICA
2021-10-25,0.0,0.0,holt_winters,HUANCAVELICA
2021-11-01,0.0,0.04750431949610317,holt_winters,HUANCAVELICA
2021-11-08,0.0,0.04584690562454824,holt_winters,HUANCAVELICA
2021-11-15,0.0,0.06393619361414066,holt_winters,HUANCAVELICA
2021-11-22,0.28238536566081024,0.0,holt_winters,HUANCAVELICA
2021-11-29,0.28238536566081024,0.03232917067048563,holt_winters,HUANCAVELICA
2021-12-06,0.28238536566081024,0.02253005956178522,holt_winters,HUANCAVELICA
2021-12-13,0.0,0.2819292244992536,holt_winters,HUANCAVELICA
2021-12-20,0.0,0.2820255775937206,holt_winters,HUANCAVELICA
2021-12-27,0.0,0.2826123108941838,holt_winters,HUANCAVELICA
2022-01-03,0.0,0.40055674466946023,holt_winters,HUANCAVELICA
2022-01-10,0.0,0.0014799695897264823,holt_winters,HUANCAVELICA
2022-01-17,0.0,0.0,holt_winters,HUANCAVELICA
2022-01-24,0.0,0.0,holt_winters,HUANCAVELICA
2022-01-31,0.0,0.0,holt_winters,HUANCAVELICA
2022-02-07,0.0,0.0,holt_winters,HUANCAVELICA
2022-02-14,0.0,0.0,holt_winters,HUANCAVELICA
2022-02-21,0.0,0.0,holt_winters,HUANCAVELICA
2022-02-28,0.0,0.0,holt_winters,HUANCAVELICA
2022-03-07,0.0,0.0,holt_winters,HUANCAVELICA
2022-03-14,0.0,0.004850173641392467,holt_winters,HUANCAVELICA
2022-03-21,0.0,0.0,holt_winters,HUANCAVELICA
2022-03-28,0.0,0.0,holt_winters,HUANCAVELICA
2022-04-04,0.0,0.06440767514576676,holt_winters,HUANCAVELICA
2022-04-11,0.0,0.051504486472440734,holt_winters,HUANCAVELICA
2022-04-18,0.0,0.09290155601436581,holt_winters,HUANCAVELICA
2022-04-25,0.0,0.033399984084281686,holt_winters,HUANCAVELICA
2022-05-02,0.28502615114936825,0.06304352472614456,holt_winters,HUANCAVELICA
2022-05-09,0.28502615114936825,0.014043093055141165,holt_winters,HUANCAVELICA
2022-05-16,0.28502615114936825,0.015012412161330764,holt_winters,HUANCAVELICA
2022-05-23,0.0,0.0715360293052087,holt_winters,HUANCAVELICA
2022-05-30,0.0,0.06856661960224174,holt_winters,HUANCAVELICA
2022-06-06,0.28502615114936825,0.09197511708607492,holt_winters,HUANCAVELICA
2022-06-13,0.28502615114936825,0.054208530858253924,holt_winters,HUANCAVELICA
2022-06-20,0.28502615114936825,0.018122696902010252,holt_winters,HUANCAVELICA
2022-06-27,0.0,0.2819128828670988,holt_winters,HUANCAVELICA
2022-07-04,0.0,0.22049777064599987,holt_winters,HUANCAVELICA
2022-07-11,0.0,0.2819845487800842,holt_winters,HUANCAVELICA
2022-07-18,0.28502615114936825,0.33375915528259964,holt_winters,HUANCAVELICA
2022-07-25,0.28502615114936825,0.3258016751990711,holt_winters,HUANCAVELICA
2022-08-01,0.28502615114936825,0.2830817647105828,holt_winters,HUANCAVELICA
2022-08-08,0.0,0.2829463734964904,holt_winters,HUANCAVELICA
2022-08-15,0.0,0.29557687807474375,holt_winters,HUANCAVELICA
2022-08-22,0.0,0.0013116298764540913,holt_winters,HUANCAVELICA
2022-08-29,0.0,0.0,holt_winters,HUANCAVELICA
2022-09-05,0.0,0.0,holt_winters,HUANCAVELICA
2022-09-12,0.0,0.0,holt_winters,HUANCAVELICA
2022-09-19,0.0,0.06661144576544796,holt_winters,HUANCAVELICA
2022-09-26,0.0,0.07026556136959822,holt_winters,HUANCAVELICA
2022-10-03,0.0,0.02118828687169133,holt_winters,HUANCAVELICA
2022-10-10,0.0,0.0,holt_winters,HUANCAVELICA
2022-10-17,0.0,0.0,holt_winters,HUANCAVELICA
2022-10-24,0.0,0.0,holt_winters,HUANCAVELICA
2022-10-31,0.0,0.04114199536557594,holt_winters,HUANCAVELICA
2022-11-07,0.0,0.038562943424919754,holt_winters,HUANCAVELICA
2022-11-14,0.0,0.00046866145994412764,holt_winters,HUANCAVELICA
2022-11-21,0.0,0.0036224552331106923,holt_winters,HUANCAVELICA
2022-11-28,0.0,0.006197420316506636,holt_winters,HUANCAVELICA
2022-12-05,0.0,0.008611144556550767,holt_winters,HUANCAVELICA
2010-12-27,0.7000627722952494,0.47493074477630476,arima,HUANCAVELICA
2011-01-03,0.23335425743174998,0.4761935495546054,arima,HUANCAVELICA
2011-01-10,0.47157484493136287,0.476128670218648,arima,HUANCAVELICA
2011-01-17,0.23822058749961317,0.47236230647198496,arima,HUANCAVELICA
2011-01-24,0.23822058749961317,0.40846875657872816,arima,HUANCAVELICA
2011-01-31,0.0,0.3368954175239443,arima,HUANCAVELICA
2011-02-07,0.0,0.42775529716327504,arima,HUANCAVELICA
2011-02-14,0.0,0.364842020373201,arima,HUANCAVELICA
2011-02-21,0.23822058749961317,0.10514961706989426,arima,HUANCAVELICA
2011-02-28,0.23822058749961317,0.12609901957255495,arima,HUANCAVELICA
2011-03-07,0.23822058749961317,0.12809802925144367,arima,HUANCAVELICA
2011-03-14,0.23822058749961317,0.07773326136531947,arima,HUANCAVELICA
2011-03-21,0.23822058749961317,0.21920147305465104,arima,HUANCAVELICA
2011-03-28,0.23822058749961317,0.21567066273489519,arima,HUANCAVELICA
2011-04-04,0.0,0.21544033498997586,arima,HUANCAVELICA
2011-04-11,0.0,0.22399722067403013,arima,HUANCAVELICA
2011-04-18,0.0,0.006422030081023015,arima,HUANCAVELICA
2011-04-25,0.0,0.11041624978925285,arima,HUANCAVELICA
2011-05-02,0.0,0.13234942753606269,arima,HUANCAVELICA
2011-05-09,0.47644117499922606,0.12984266762569693,arima,HUANCAVELICA
2011-05-16,0.47644117499922606,0.4857335442915982,arima,HUANCAVELICA
2011-05-23,0.47644117499922606,0.46430751823534877,arima,HUANCAVELICA
2011-05-30,0.0,0.2279173259205024,arima,HUANCAVELICA
2011-06-06,0.0,0.17743954686172728,arima,HUANCAVELICA
2011-06-13,0.23822058749961317,0.005937463462388716,arima,HUANCAVELICA
2011-06-20,0.23822058749961317,0.20662681153575022,arima,HUANCAVELICA
2011-06-27,0.23822058749961317,0.25505154215368503,arima,HUANCAVELICA
2011-07-04,0.0,0.2537798333790772,arima,HUANCAVELICA
2011-07-11,0.0,0.0,arima,HUANCAVELICA
2011-07-18,0.23822058749961317,0.0,arima,HUANCAVELICA
2011-07-25,0.47644117499922606,0.08665467474742333,arima,HUANCAVELICA
2011-08-01,0.47644117499922606,0.11603332036429,arima,HUANCAVELICA
2011-08-08,0.23822058749961317,0.3257810499730416,arima,HUANCAVELICA
2011-08-15,0.0,0.201516598300697,arima,HUANCAVELICA
2011-08-22,0.0,0.1899492118983028,arima,HUANCAVELICA
2011-08-29,0.0,0.25547601715046153,arima,HUANCAVELICA
2011-09-05,0.0,0.11721503548316875,arima,HUANCAVELICA
2011-09-12,0.0,0.1382068855597799,arima,HUANCAVELICA
2011-09-19,0.0,0.13706136409438863,arima,HUANCAVELICA
2011-09-26,0.0,0.08043502082873756,arima,HUANCAVELICA
2011-10-03,0.0,1.4086426176051948e-05,arima,HUANCAVELICA
2011-10-10,0.0,1.5670593213536572e-05,arima,HUANCAVELICA
2011-10-17,0.23822058749961317,1.52697520537255e-05,arima,HUANCAVELICA
2011-10-24,0.23822058749961317,9.004084411488032e-06,arima,HUANCAVELICA
2011-10-31,0.23822058749961317,0.22951259601300605,arima,HUANCAVELICA
2011-11-07,0.0,0.12577718781135455,arima,HUANCAVELICA
2011-11-14,0.23822058749961317,0.11779725306505374,arima,HUANCAVELICA
2011-11-21,0.23822058749961317,0.12340902338774672,arima,HUANCAVELICA
2011-11-28,0.23822058749961317,0.3463261894756803,arima,HUANCAVELICA
2011-12-05,0.0,0.23760102049704335,arima,HUANCAVELICA
2011-12-12,0.23822058749961317,0.2294388849039598,arima,HUANCAVELICA
2011-12-19,0.23822058749961317,0.1893436325009905,arima,HUANCAVELICA
2011-12-26,0.47644117499922606,0.34738543235606373,arima,HUANCAVELICA
2012-01-02,0.48151538293734913,0.23567542339109615,arima,HUANCAVELICA
2012-01-09,0.7248101783750852,0.2306531931203887,arima,HUANCAVELICA
2012-01-16,0.4865895908754723,0.19004732648350514,arima,HUANCAVELICA
2012-01-23,0.4865895908754723,0.4858938589715178,arima,HUANCAVELICA
2012-01-30,0.4865895908754723,0.396981661474906,arima,HUANCAVELICA
2012-02-06,0.7298843863132081,0.48636714110329843,arima,HUANCAVELICA
2012-02-13,0.4865895908754723,0.48764776172453744,arima,HUANCAVELICA
2012-02-20,0.24329479543773633,0.48965802692889404,arima,HUANCAVELICA
2012-02-27,0.0,0.40309634776896425,arima,HUANCAVELICA
2012-03-05,0.0,0.4952394539783288,arima,HUANCAVELICA
2012-03-12,0.0,0.49460354436804327,arima,HUANCAVELICA
2012-03-19,0.0,0.02905809978839346,arima,HUANCAVELICA
2012-03-26,0.0,0.0,arima,HUANCAVELICA
2012-04-02,0.0,0.005616354296313382,arima,HUANCAVELICA
2012-04-09,0.0,0.01186975177061131,arima,HUANCAVELICA
2012-04-16,0.0,0.0,arima,HUANCAVELICA
2012-04-23,0.0,0.0,arima,HUANCAVELICA
2012-04-30,0.0,0.0,arima,HUANCAVELICA
2012-05-07,0.0,0.0,arima,HUANCAVELICA
2012-05-14,0.24329479543773633,0.017599474107140967,arima,HUANCAVELICA
2012-05-21,0.24329479543773633,0.044461009264444996,arima,HUANCAVELICA
2012-05-28,0.24329479543773633,0.015485280639592054,arima,HUANCAVELICA
2012-06-04,0.0,0.024856541287415188,arima,HUANCAVELICA
2012-06-11,0.24329479543773633,0.01880618198602601,arima,HUANCAVELICA
2012-06-18,0.24329479543773633,0.0,arima,HUANCAVELICA
2012-06-25,0.24329479543773633,0.0008689197790071621,arima,HUANCAVELICA
2012-07-02,0.0,0.0041576022157909145,arima,HUANCAVELICA
2012-07-09,0.24329479543773633,0.005893012114997531,arima,HUANCAVELICA
2012-07-16,0.24329479543773633,0.009376992415152765,arima,HUANCAVELICA
2012-07-23,0.24329479543773633,0.10416657855949715,arima,HUANCAVELICA
2012-07-30,0.24329479543773633,0.09809161519600812,arima,HUANCAVELICA
2012-08-06,0.24329479543773633,0.24323541925577077,arima,HUANCAVELICA
2012-08-13,0.24329479543773633,0.24323767216118722,arima,HUANCAVELICA
2012-08-20,0.0,0.24323874334634277,arima,HUANCAVELICA
2012-08-27,0.0,0.24326348952503507,arima,HUANCAVELICA
2012-09-03,0.0,0.015669046740870468,arima,HUANCAVELICA
2012-09-10,0.24329479543773633,0.0,arima,HUANCAVELICA
2012-09-17,0.24329479543773633,0.0027052771194248045,arima,HUANCAVELICA
2012-09-24,0.24329479543773633,0.006238143892534729,arima,HUANCAVELICA
2012-10-01,0.0,0.09282259432816665,arima,HUANCAVELICA
2012-10-08,0.0,0.12584287505577704,arima,HUANCAVELICA
2012-10-15,0.0,0.1715009700293867,arima,HUANCAVELICA
2012-10-22,0.0,0.12050227524095986,arima,HUANCAVELICA
2012-10-29,0.24329479543773633,0.009994296223163938,arima,HUANCAVELICA
2012-11-05,0.24329479543773633,0.02342983153619249,arima,HUANCAVELICA
2012-11-12,0.24329479543773633,0.008119964237580317,arima,HUANCAVELICA
2012-11-19,0.0,0.013207784086631936,arima,HUANCAVELICA
2012-11-26,0.0,0.009969105219498307,arima,HUANCAVELICA
2012-12-03,0.0,0.017012458643792142,arima,HUANCAVELICA
2012-12-10,0.0,0.11546240240073413,arima,HUANCAVELICA
2012-12-17,0.0,0.10616918807187957,arima,HUANCAVELICA
2012-12-24,0.0,1.0734478681310595e-05,arima,HUANCAVELICA
2012-12-31,0.0,1.0279251512602038e-05,arima,HUANCAVELICA
2013-01-07,0.24858925597235718,9.938576674086769e-06,arima,HUANCAVELICA
2013-01-14,0.24858925597235718,5.388124683699689e-06,arima,HUANCAVELICA
2013-01-21,0.24858925597235718,0.23970618523495582,arima,HUANCAVELICA
2013-01-28,0.0,0.12776000575442645,arima,HUANCAVELICA
2013-02-04,0.0,0.13311505742302313,arima,HUANCAVELICA
2013-02-11,0.0,0.13976806683082746,arima,HUANCAVELICA
2013-02-18,0.24858925597235718,0.09892594630392974,arima,HUANCAVELICA
2013-02-25,0.24858925597235718,0.09372686414029431,arima,HUANCAVELICA
2013-03-04,0.24858925597235718,0.09054938926649755,arima,HUANCAVELICA
2013-03-11,0.0,0.04805301076316326,arima,HUANCAVELICA
2013-03-18,0.0,0.012805207217537909,arima,HUANCAVELICA
2013-03-25,0.0,0.021842445266346072,arima,HUANCAVELICA
2013-04-01,0.0,0.12429575665663817,arima,HUANCAVELICA
2013-04-08,0.0,0.11050658285143619,arima,HUANCAVELICA
2013-04-15,0.0,3.5090777143961135e-08,arima,HUANCAVELICA
2013-04-22,0.0,3.349886346452753e-08,arima,HUANCAVELICA
2013-04-29,0.0,3.272932950207569e-08,arima,HUANCAVELICA
2013-05-06,0.24858925597235718,1.7756351590789314e-08,arima,HUANCAVELICA
2013-05-13,0.24858925597235718,0.3261000743453922,arima,HUANCAVELICA
2013-05-20,0.745767767917071,0.40876792980036475,arima,HUANCAVELICA
2013-05-27,0.4971785119447141,0.3078598720815954,arima,HUANCAVELICA
2013-06-03,0.745767767917071,0.3453758940056259,arima,HUANCAVELICA
2013-06-10,0.24858925597235718,0.5432256756316685,arima,HUANCAVELICA
2013-06-17,0.24858925597235718,0.6406741195578243,arima,HUANCAVELICA
2013-06-24,0.24858925597235718,0.6483427890287463,arima,HUANCAVELICA
2013-07-01,0.4971785119447141,0.5992233143030667,arima,HUANCAVELICA
2013-07-08,0.4971785119447141,0.5774228028382415,arima,HUANCAVELICA
2013-07-15,0.24858925597235718,0.5899308645036059,arima,HUANCAVELICA
2013-07-22,0.0,0.5443041861144113,arima,HUANCAVELICA
2013-07-29,0.0,0.5740920100627762,arima,HUANCAVELICA
2013-08-05,0.24858925597235718,0.014688109231785824,arima,HUANCAVELICA
2013-08-12,0.24858925597235718,0.0559912332007202,arima,HUANCAVELICA
2013-08-19,0.24858925597235718,0.017637352519739073,arima,HUANCAVELICA
2013-08-26,0.24858925597235718,0.029647241873028606,arima,HUANCAVELICA
2013-09-02,0.4971785119447141,0.3272654206472967,arima,HUANCAVELICA
2013-09-09,0.7457677679170707,0.3776311217269824,arima,HUANCAVELICA
2013-09-16,0.4971785119447141,0.3009490398780393,arima,HUANCAVELICA
2013-09-23,0.24858925597235718,0.33525292931525785,arima,HUANCAVELICA
2013-09-30,0.0,0.12658262693330646,arima,HUANCAVELICA
2013-10-07,0.0,0.13844323680855466,arima,HUANCAVELICA
2013-10-14,0.24858925597235718,0.1840378373059991,arima,HUANCAVELICA
2013-10-21,0.9155182480425714,0.14409167882583118,arima,HUANCAVELICA
2013-10-28,1.4126967599872853,1.1321317452109279,arima,HUANCAVELICA
2013-11-04,1.1641075040149282,1.1321317452109279,arima,HUANCAVELICA
2013-11-11,0.4971785119447141,1.1053164042091264,arima,HUANCAVELICA
2013-11-18,0.0,1.1321317452109279,arima,HUANCAVELICA
2013-11-25,0.24858925597235718,0.04670043864358011,arima,HUANCAVELICA
2013-12-02,0.24858925597235718,0.2728514990877938,arima,HUANCAVELICA
2013-12-09,0.24858925597235718,0.5898719554699079,arima,HUANCAVELICA
2013-12-16,0.24858925597235718,0.5773760461340025,arima,HUANCAVELICA
2013-12-23,0.24858925597235718,0.2475996517641666,arima,HUANCAVELICA
2013-12-30,0.24858925597235718,0.24760220308546776,arima,HUANCAVELICA
2014-01-06,0.254119919189866,0.24762088657837936,arima,HUANCAVELICA
2014-01-13,0.254119919189866,0.24810989942469064,arima,HUANCAVELICA
2014-01-20,0.254119919189866,0.25398720951907033,arima,HUANCAVELICA
2014-01-27,0.0,0.25133956953730924,arima,HUANCAVELICA
2014-02-03,0.0,0.2513569944315214,arima,HUANCAVELICA
2014-02-10,0.0,0.25148359895748723,arima,HUANCAVELICA
2014-02-17,0.0,0.11381836279088255,arima,HUANCAVELICA
2014-02-24,0.254119919189866,0.11011751033924809,arima,HUANCAVELICA
2014-03-03,0.254119919189866,0.10612222462192605,arima,HUANCAVELICA
2014-03-10,0.254119919189866,0.05096788796998743,arima,HUANCAVELICA
2014-03-17,0.0,0.12833606327011413,arima,HUANCAVELICA
2014-03-24,0.0,0.12822247759320404,arima,HUANCAVELICA
2014-03-31,0.0,0.13328680596572562,arima,HUANCAVELICA
2014-04-07,0.0,0.19042127470113096,arima,HUANCAVELICA
2014-04-14,0.0,0.0035160184986101806,arima,HUANCAVELICA
2014-04-21,0.0,0.0035577549059342536,arima,HUANCAVELICA
2014-04-28,0.0,0.003385582927620416,arima,HUANCAVELICA
2014-05-05,0.0,0.001752718206764158,arima,HUANCAVELICA
2014-05-12,0.0,1.538827680169912e-08,arima,HUANCAVELICA
2014-05-19,0.0,1.5842450050899118e-08,arima,HUANCAVELICA
2014-05-26,0.5082398383797316,1.522533726461239e-08,arima,HUANCAVELICA
2014-06-02,0.7623597575695973,7.76823222644165e-09,arima,HUANCAVELICA
2014-06-09,1.016479676759463,0.745163574873295,arima,HUANCAVELICA
2014-06-16,0.7623597575695971,0.43560211980183605,arima,HUANCAVELICA
2014-06-23,0.5082398383797316,0.3194153315989352,arima,HUANCAVELICA
2014-06-30,0.254119919189866,0.32369044573917427,arima,HUANCAVELICA
2014-07-07,0.0,0.13701179173244882,arima,HUANCAVELICA
2014-07-14,0.0,0.13002868967099107,arima,HUANCAVELICA
2014-07-21,0.0,0.1893551362931608,arima,HUANCAVELICA
2014-07-28,0.5082398383797316,0.14694945241870055,arima,HUANCAVELICA
2014-08-04,0.5082398383797316,0.5984529908391638,arima,HUANCAVELICA
2014-08-11,0.5082398383797316,0.8333917486916473,arima,HUANCAVELICA
2014-08-18,0.0,0.6074438182242674,arima,HUANCAVELICA
2014-08-25,0.0,0.6660401175872106,arima,HUANCAVELICA
2014-09-01,0.0,0.0,arima,HUANCAVELICA
2014-09-08,0.0,0.20593114859570452,arima,HUANCAVELICA
2014-09-15,0.0,0.23115946636499082,arima,HUANCAVELICA
2014-09-22,0.0,0.2480392363970944,arima,HUANCAVELICA
2014-09-29,0.254119919189866,0.026014300638341932,arima,HUANCAVELICA
2014-10-06,0.254119919189866,0.0005837731984264134,arima,HUANCAVELICA
2014-10-13,0.254119919189866,0.007799569816779636,arima,HUANCAVELICA
2014-10-20,0.254119919189866,0.013664962569116711,arima,HUANCAVELICA
2014-10-27,0.254119919189866,0.2852206996655862,arima,HUANCAVELICA
2014-11-03,0.254119919189866,0.3729758564600673,arima,HUANCAVELICA
2014-11-10,0.0,0.29431969587621454,arima,HUANCAVELICA
2014-11-17,0.0,0.3125410044956799,arima,HUANCAVELICA
2014-11-24,0.0,0.0,arima,HUANCAVELICA
2014-12-01,0.0,0.03004456747352417,arima,HUANCAVELICA
2014-12-08,0.0,0.006403105346209247,arima,HUANCAVELICA
2014-12-15,0.0,0.008333538594669374,arima,HUANCAVELICA
2014-12-22,0.0,0.033075981356051616,arima,HUANCAVELICA
2014-12-29,0.0,0.012253884577797513,arima,HUANCAVELICA
2015-01-05,0.0,0.012977200729444284,arima,HUANCAVELICA
2015-01-12,0.25990160125376566,0.02152955260739075,arima,HUANCAVELICA
2015-01-19,0.25990160125376566,0.2621112148387743,arima,HUANCAVELICA
2015-01-26,0.519803202507531,0.2669167744689234,arima,HUANCAVELICA
2015-02-02,0.519803202507531,0.13659709128962688,arima,HUANCAVELICA
2015-02-09,0.519803202507531,0.12372588573363844,arima,HUANCAVELICA
2015-02-16,0.25990160125376566,0.4602342662952894,arima,HUANCAVELICA
2015-02-23,0.25990160125376566,0.39400555749144267,arima,HUANCAVELICA
2015-03-02,0.25990160125376566,0.46786139010558675,arima,HUANCAVELICA
2015-03-09,0.25990160125376566,0.4424842687713047,arima,HUANCAVELICA
2015-03-16,0.0,0.26921598056780566,arima,HUANCAVELICA
2015-03-23,0.0,0.2701058043199953,arima,HUANCAVELICA
2015-03-30,0.0,0.27043111439739276,arima,HUANCAVELICA
2015-04-06,0.0,0.26605191426734937,arima,HUANCAVELICA
2015-04-13,0.25990160125376566,0.0,arima,HUANCAVELICA
2015-04-20,0.25990160125376566,0.0,arima,HUANCAVELICA
2015-04-27,0.519803202507531,0.0,arima,HUANCAVELICA
2015-05-04,0.25990160125376566,0.0,arima,HUANCAVELICA
2015-05-11,0.25990160125376566,0.3214169327422312,arima,HUANCAVELICA
2015-05-18,0.0,0.2710104479631113,arima,HUANCAVELICA
2015-05-25,0.0,0.28167027070426076,arima,HUANCAVELICA
2015-06-01,0.25990160125376566,0.2946389222846598,arima,HUANCAVELICA
2015-06-08,0.519803202507531,0.4337331839769549,arima,HUANCAVELICA
2015-06-15,0.519803202507531,0.5018428327925448,arima,HUANCAVELICA
2015-06-22,0.25990160125376566,0.3750027004561807,arima,HUANCAVELICA
2015-06-29,0.25990160125376566,0.4372928675606737,arima,HUANCAVELICA
2015-07-06,0.519803202507531,0.2656528394328639,arima,HUANCAVELICA
2015-07-13,0.519803202507531,0.2929042377770871,arima,HUANCAVELICA
2015-07-20,0.519803202507531,0.2713407332415087,arima,HUANCAVELICA
2015-07-27,0.519803202507531,0.27586288087978333,arima,HUANCAVELICA
2015-08-03,0.519803202507531,0.6273986558648623,arima,HUANCAVELICA
2015-08-10,0.25990160125376566,0.695973373010683,arima,HUANCAVELICA
2015-08-17,0.0,0.6033867979386212,arima,HUANCAVELICA
2015-08-24,0.0,0.6406931826828555,arima,HUANCAVELICA
2015-08-31,0.25990160125376566,0.05947036926196177,arima,HUANCAVELICA
2015-09-07,0.25990160125376566,0.06892190285404758,arima,HUANCAVELICA
2015-09-14,0.519803202507531,0.03829266719308174,arima,HUANCAVELICA
2015-09-21,0.25990160125376566,0.05553371355393754,arima,HUANCAVELICA
2015-09-28,0.519803202507531,0.32782342980170587,arima,HUANCAVELICA
2015-10-05,0.25990160125376566,0.17395054884812236,arima,HUANCAVELICA
2015-10-12,0.519803202507531,0.2536720726718985,arima,HUANCAVELICA
2015-10-19,0.25990160125376566,0.25683365547992787,arima,HUANCAVELICA
2015-10-26,0.25990160125376566,0.3948447168251543,arima,HUANCAVELICA
2015-11-02,0.0,0.2599324766531615,arima,HUANCAVELICA
2015-11-09,0.0,0.38908677795016305,arima,HUANCAVELICA
2015-11-16,0.0,0.31726750604610515,arima,HUANCAVELICA
2015-11-23,0.0,0.1265830423135878,arima,HUANCAVELICA
2015-11-30,0.0,0.13205972945512856,arima,HUANCAVELICA
2015-12-07,0.0,0.13802337660128963,arima,HUANCAVELICA
2015-12-14,0.0,0.07054133425060746,arima,HUANCAVELICA
2015-12-21,0.0,1.6370425542697257e-07,arima,HUANCAVELICA
2015-12-28,0.0,1.6491217363373227e-07,arima,HUANCAVELICA
2016-01-04,0.0,1.7353468875125258e-07,arima,HUANCAVELICA
2016-01-11,0.0,8.775895806966798e-08,arima,HUANCAVELICA
2016-01-18,0.0,6.375115398565243e-16,arima,HUANCAVELICA
2016-01-25,0.0,6.596396802434965e-16,arima,HUANCAVELICA
2016-02-01,0.0,6.821043414273925e-16,arima,HUANCAVELICA
2016-02-08,0.26595320287442253,3.50720665357901e-16,arima,HUANCAVELICA
2016-02-15,0.5319064057488447,0.2814427190963381,arima,HUANCAVELICA
2016-02-22,0.5319064057488447,0.2923563727367781,arima,HUANCAVELICA
2016-02-29,0.26595320287442253,0.14461571048644753,arima,HUANCAVELICA
2016-03-07,0.0,0.13295343063768833,arima,HUANCAVELICA
2016-03-14,0.0,0.0,arima,HUANCAVELICA
2016-03-21,0.0,0.07667810913778857,arima,HUANCAVELICA
2016-03-28,0.0,0.22464925075430078,arima,HUANCAVELICA
2016-04-04,0.0,0.24793607514532814,arima,HUANCAVELICA
2016-04-11,0.0,0.00014959380806220084,arima,HUANCAVELICA
2016-04-18,0.0,0.00015476305254601686,arima,HUANCAVELICA
2016-04-25,0.0,0.0001603157778440073,arima,HUANCAVELICA
2016-05-02,0.0,8.020865795558371e-05,arima,HUANCAVELICA
2016-05-09,0.0,1.1488350969897599e-10,arima,HUANCAVELICA
2016-05-16,0.0,1.1927452587789559e-10,arima,HUANCAVELICA
2016-05-23,0.0,1.2366446439130772e-10,arima,HUANCAVELICA
2016-05-30,0.26595320287442253,6.386321056482342e-11,arima,HUANCAVELICA
2016-06-06,0.26595320287442253,0.2919084028653347,arima,HUANCAVELICA
2016-06-13,0.26595320287442253,0.30995318062833005,arima,HUANCAVELICA
2016-06-20,0.0,0.15896632271834513,arima,HUANCAVELICA
2016-06-27,0.0,0.14249923128658004,arima,HUANCAVELICA
2016-07-04,0.0,0.0,arima,HUANCAVELICA
2016-07-11,0.5319064057488447,0.11734364803019622,arima,HUANCAVELICA
2016-07-18,0.5319064057488447,0.12300111898542582,arima,HUANCAVELICA
2016-07-25,0.7978596086232669,0.14053925180546661,arima,HUANCAVELICA
2016-08-01,0.26595320287442253,0.4433593096812478,arima,HUANCAVELICA
2016-08-08,0.5319064057488447,0.44955992417530904,arima,HUANCAVELICA
2016-08-15,0.26595320287442253,0.3072034634645055,arima,HUANCAVELICA
2016-08-22,0.26595320287442253,0.4667205579651089,arima,HUANCAVELICA
2016-08-29,0.0,0.1140215644801162,arima,HUANCAVELICA
2016-09-05,0.0,0.23203701450769473,arima,HUANCAVELICA
2016-09-12,0.0,0.22110791297409216,arima,HUANCAVELICA
2016-09-19,0.0,0.31895769617452396,arima,HUANCAVELICA
2016-09-26,0.0,0.0,arima,HUANCAVELICA
2016-10-03,0.26595320287442253,0.0,arima,HUANCAVELICA
2016-10-10,0.26595320287442253,0.0,arima,HUANCAVELICA
2016-10-17,0.26595320287442253,0.0,arima,HUANCAVELICA
2016-10-24,0.0,0.11343692173753768,arima,HUANCAVELICA
2016-10-31,0.0,0.11050700470801156,arima,HUANCAVELICA
2016-11-07,0.0,0.0974864304257522,arima,HUANCAVELICA
2016-11-14,0.0,0.17573029949971816,arima,HUANCAVELICA
2016-11-21,0.0,0.0,arima,HUANCAVELICA
2016-11-28,0.0,0.0,arima,HUANCAVELICA
2016-12-05,0.26595320287442253,0.0,arima,HUANCAVELICA
2016-12-12,0.26595320287442253,0.0,arima,HUANCAVELICA
2016-12-19,0.26595320287442253,0.2918498788355019,arima,HUANCAVELICA
2016-12-26,0.26595320287442253,0.13893176846232957,arima,HUANCAVELICA
2017-01-02,0.26595320287442253,0.13289873356818305,arima,HUANCAVELICA
2017-01-09,0.5382457976050162,0.10809963553648114,arima,HUANCAVELICA
2017-01-16,0.27229259473059403,0.5576577135649772,arima,HUANCAVELICA
2017-01-23,0.27229259473059403,0.5861811165759478,arima,HUANCAVELICA
2017-01-30,0.0,0.4326724926934357,arima,HUANCAVELICA
2017-02-06,0.0,0.413849470113164,arima,HUANCAVELICA
2017-02-13,0.0,0.0,arima,HUANCAVELICA
2017-02-20,0.0,0.11955250629280267,arima,HUANCAVELICA
2017-02-27,0.5445851894611877,0.13289693890299054,arima,HUANCAVELICA
2017-03-06,0.8168777841917815,0.15639088219812955,arima,HUANCAVELICA
2017-03-13,1.0891703789223752,0.8968288775380535,arima,HUANCAVELICA
2017-03-20,0.8168777841917811,0.5335681348906984,arima,HUANCAVELICA
2017-03-27,0.5445851894611877,0.36131636256237026,arima,HUANCAVELICA
2017-04-03,0.27229259473059403,0.28133372412882923,arima,HUANCAVELICA
2017-04-10,0.0,0.3184494981753862,arima,HUANCAVELICA
2017-04-17,0.0,0.4234329387100769,arima,HUANCAVELICA
2017-04-24,0.27229259473059403,0.6091170982164786,arima,HUANCAVELICA
2017-05-01,0.27229259473059403,0.628549637339147,arima,HUANCAVELICA
2017-05-08,0.27229259473059403,0.45025189984938263,arima,HUANCAVELICA
2017-05-15,0.0,0.40999529042461696,arima,HUANCAVELICA
2017-05-22,0.0,0.3993840909828706,arima,HUANCAVELICA
2017-05-29,0.6669289920702145,0.3104427941617628,arima,HUANCAVELICA
2017-06-05,0.6669289920702145,0.9217999750331609,arima,HUANCAVELICA
2017-06-12,0.6669289920702145,1.046282864646259,arima,HUANCAVELICA
2017-06-19,0.0,0.6148591636126595,arima,HUANCAVELICA
2017-06-26,0.0,0.420759591062513,arima,HUANCAVELICA
2017-07-03,0.27229259473059403,0.0,arima,HUANCAVELICA
2017-07-10,0.27229259473059403,0.25184922161331236,arima,HUANCAVELICA
2017-07-17,0.27229259473059403,0.31272732659678715,arima,HUANCAVELICA
2017-07-24,0.27229259473059403,0.38879226496639663,arima,HUANCAVELICA
2017-07-31,0.27229259473059403,0.24651216585791408,arima,HUANCAVELICA
2017-08-07,0.27229259473059403,0.24135380778872428,arima,HUANCAVELICA
2017-08-14,0.27229259473059403,0.23909855354043555,arima,HUANCAVELICA
2017-08-21,0.27229259473059403,0.2516154964117308,arima,HUANCAVELICA
2017-08-28,0.27229259473059403,0.2722601334373643,arima,HUANCAVELICA
2017-09-04,0.27229259473059403,0.27225330599381886,arima,HUANCAVELICA
2017-09-11,0.27229259473059403,0.2722503352490345,arima,HUANCAVELICA
2017-09-18,0.27229259473059403,0.272266089513526,arima,HUANCAVELICA
2017-09-25,0.27229259473059403,0.2722925887808847,arima,HUANCAVELICA
2017-10-02,0.27229259473059403,0.2722925876803253,arima,HUANCAVELICA
2017-10-09,0.27229259473059403,0.2722925871847705,arima,HUANCAVELICA
2017-10-16,0.0,0.27229259008001555,arima,HUANCAVELICA
2017-10-23,0.0,0.0,arima,HUANCAVELICA
2017-10-30,0.0,0.0,arima,HUANCAVELICA
2017-11-06,0.0,0.10338857790933369,arima,HUANCAVELICA
2017-11-13,0.0,0.1325034932690776,arima,HUANCAVELICA
2017-11-20,0.27229259473059403,0.0027860744477660043,arima,HUANCAVELICA
2017-11-27,0.27229259473059403,0.0033084246609985627,arima,HUANCAVELICA
2017-12-04,0.27229259473059403,0.0035428507949696827,arima,HUANCAVELICA
2017-12-11,0.27229259473059403,0.0022001722062591775,arima,HUANCAVELICA
2017-12-18,0.27229259473059403,0.2460309451068761,arima,HUANCAVELICA
2017-12-25,0.27229259473059403,0.24075581894646755,arima,HUANCAVELICA
2018-01-01,0.27474791878451554,0.23844768929603932,arima,HUANCAVELICA
2018-01-08,0.27474791878451554,0.2508240919004352,arima,HUANCAVELICA
2018-01-15,0.27474791878451554,0.2748463979245823,arima,HUANCAVELICA
2018-01-22,0.0,0.2736384469233102,arima,HUANCAVELICA
2018-01-29,0.0,0.2733875562995173,arima,HUANCAVELICA
2018-02-05,0.0,0.27322812517693296,arima,HUANCAVELICA
2018-02-12,0.0,0.1235661524516833,arima,HUANCAVELICA
2018-02-19,0.0,0.1540529623797074,arima,HUANCAVELICA
2018-02-26,0.0,0.16733816909082008,arima,HUANCAVELICA
2018-03-05,0.0,0.10676776571926787,arima,HUANCAVELICA
2018-03-12,0.0,0.0,arima,HUANCAVELICA
2018-03-19,0.0,0.0,arima,HUANCAVELICA
2018-03-26,0.0,0.0,arima,HUANCAVELICA
2018-04-02,0.0,0.0,arima,HUANCAVELICA
2018-04-09,0.27474791878451554,0.0,arima,HUANCAVELICA
2018-04-16,0.27474791878451554,0.0026992186185442247,arima,HUANCAVELICA
2018-04-23,0.27474791878451554,0.0,arima,HUANCAVELICA
2018-04-30,0.0,0.0,arima,HUANCAVELICA
2018-05-07,0.0,0.0,arima,HUANCAVELICA
2018-05-14,0.0,0.0,arima,HUANCAVELICA
2018-05-21,0.0,0.07329462717974314,arima,HUANCAVELICA
2018-05-28,0.0,0.11794143313226635,arima,HUANCAVELICA
2018-06-04,0.27474791878451554,0.04483211108566931,arima,HUANCAVELICA
2018-06-11,0.27474791878451554,0.08060643583678631,arima,HUANCAVELICA
2018-06-18,0.27474791878451554,0.10663409794802668,arima,HUANCAVELICA
2018-06-25,0.0,0.11060574472650972,arima,HUANCAVELICA
2018-07-02,0.0,0.0,arima,HUANCAVELICA
2018-07-09,0.0,0.0,arima,HUANCAVELICA
2018-07-16,0.27474791878451554,0.003958860408604336,arima,HUANCAVELICA
2018-07-23,0.5494958375690308,0.06690434918889569,arima,HUANCAVELICA
2018-07-30,0.8242437563535457,0.517597248905451,arima,HUANCAVELICA
2018-08-06,0.5494958375690309,0.3691571017017407,arima,HUANCAVELICA
2018-08-13,0.5494958375690308,0.18866871467108154,arima,HUANCAVELICA
2018-08-20,0.27474791878451554,0.08133118152975365,arima,HUANCAVELICA
2018-08-27,0.27474791878451554,0.18737289051678535,arima,HUANCAVELICA
2018-09-03,0.0,0.1301675473900835,arima,HUANCAVELICA
2018-09-10,0.0,0.17256137768375845,arima,HUANCAVELICA
2018-09-17,0.0,0.23579526304177892,arima,HUANCAVELICA
2018-09-24,0.0,0.08575271568115339,arima,HUANCAVELICA
2018-10-01,0.0,0.160804025100734,arima,HUANCAVELICA
2018-10-08,0.0,0.2255749326245928,arima,HUANCAVELICA
2018-10-15,0.0,0.24984564512285373,arima,HUANCAVELICA
2018-10-22,0.0,0.01573119850824427,arima,HUANCAVELICA
2018-10-29,0.0,0.0,arima,HUANCAVELICA
2018-11-05,0.0,0.0,arima,HUANCAVELICA
2018-11-12,0.0,0.0,arima,HUANCAVELICA
2018-11-19,0.0,0.07669091532767354,arima,HUANCAVELICA
2018-11-26,0.0,0.14128436450817583,arima,HUANCAVELICA
2018-12-03,0.0,0.19992268048318027,arima,HUANCAVELICA
2018-12-10,0.0,0.223952218449225,arima,HUANCAVELICA
2018-12-17,0.0,0.0737597561702315,arima,HUANCAVELICA
2018-12-24,0.0,0.13605285752530938,arima,HUANCAVELICA
2018-12-31,0.0,0.19266489476941717,arima,HUANCAVELICA
2019-01-07,0.27724715752351775,0.21657099177551745,arima,HUANCAVELICA
2019-01-14,0.27724715752351775,0.3035348551646569,arima,HUANCAVELICA
2019-01-21,0.5544943150470353,0.3433779553375116,arima,HUANCAVELICA
2019-01-28,0.27724715752351775,0.2771611140419788,arima,HUANCAVELICA
2019-02-04,0.5544943150470353,0.22138180942929986,arima,HUANCAVELICA
2019-02-11,0.27724715752351775,0.4353769447802033,arima,HUANCAVELICA
2019-02-18,0.27724715752351775,0.5801733113321634,arima,HUANCAVELICA
2019-02-25,0.0,0.5161809457910416,arima,HUANCAVELICA
2019-03-04,0.0,0.507105931669543,arima,HUANCAVELICA
2019-03-11,0.0,0.0,arima,HUANCAVELICA
2019-03-18,0.0,0.01554499159311294,arima,HUANCAVELICA
2019-03-25,0.0,0.0,arima,HUANCAVELICA
2019-04-01,0.0,0.0,arima,HUANCAVELICA
2019-04-08,0.0,0.034992338762528184,arima,HUANCAVELICA
2019-04-15,0.0,0.024391259998151515,arima,HUANCAVELICA
2019-04-22,0.0,0.019729991212599364,arima,HUANCAVELICA
2019-04-29,0.0,0.02689482373698761,arima,HUANCAVELICA
2019-05-06,0.27724715752351775,0.0,arima,HUANCAVELICA
2019-05-13,0.27724715752351775,0.0,arima,HUANCAVELICA
2019-05-20,0.27724715752351775,0.0,arima,HUANCAVELICA
2019-05-27,0.0,0.0,arima,HUANCAVELICA
2019-06-03,0.0,0.0,arima,HUANCAVELICA
2019-06-10,0.0,0.0,arima,HUANCAVELICA
2019-06-17,0.0,0.0,arima,HUANCAVELICA
2019-06-24,0.0,0.0,arima,HUANCAVELICA
2019-07-01,0.0,0.007596994204897123,arima,HUANCAVELICA
2019-07-08,0.0,0.0127556732043074,arima,HUANCAVELICA
2019-07-15,0.0,0.006098700258383595,arima,HUANCAVELICA
2019-07-22,0.0,0.009228595371438612,arima,HUANCAVELICA
2019-07-29,0.0,0.004515914429406241,arima,HUANCAVELICA
2019-08-05,0.0,0.0,arima,HUANCAVELICA
2019-08-12,0.0,0.0008753333230647349,arima,HUANCAVELICA
2019-08-19,0.27724715752351775,0.0004048042804617784,arima,HUANCAVELICA
2019-08-26,0.27724715752351775,0.3326067018777802,arima,HUANCAVELICA
2019-09-02,0.27724715752351775,0.4662292000946074,arima,HUANCAVELICA
2019-09-09,0.0,0.3420641552789583,arima,HUANCAVELICA
2019-09-16,0.0,0.38482309284495364,arima,HUANCAVELICA
2019-09-23,0.27724715752351775,0.0,arima,HUANCAVELICA
2019-09-30,0.27724715752351775,0.007577882982312433,arima,HUANCAVELICA
2019-10-07,0.27724715752351775,0.0,arima,HUANCAVELICA
2019-10-14,0.0,0.0,arima,HUANCAVELICA
2019-10-21,0.0,0.011225085250853454,arima,HUANCAVELICA
2019-10-28,0.0,0.0,arima,HUANCAVELICA
2019-11-04,0.0,0.0022693043052685003,arima,HUANCAVELICA
2019-11-11,0.0,0.0015510162933617634,arima,HUANCAVELICA
2019-11-18,0.0,0.0,arima,HUANCAVELICA
2019-11-25,0.0,0.0,arima,HUANCAVELICA
2019-12-02,0.0,0.0,arima,HUANCAVELICA
2019-12-09,0.0,0.0,arima,HUANCAVELICA
2019-12-16,0.0,0.00893671787417071,arima,HUANCAVELICA
2019-12-23,0.0,0.017040572029999174,arima,HUANCAVELICA
2019-12-30,0.0,0.00750165606258026,arima,HUANCAVELICA
2020-01-06,0.0,0.011676113445992628,arima,HUANCAVELICA
2020-01-13,0.0,0.005410469058650802,arima,HUANCAVELICA
2020-01-20,0.0,0.0,arima,HUANCAVELICA
2020-01-27,0.0,0.0006385620204614408,arima,HUANCAVELICA
2020-02-03,0.0,0.0,arima,HUANCAVELICA
2020-02-10,0.0,0.0,arima,HUANCAVELICA
2020-02-17,0.0,0.0,arima,HUANCAVELICA
2020-02-24,0.0,0.0,arima,HUANCAVELICA
2020-03-02,0.0,0.0,arima,HUANCAVELICA
2020-03-09,0.0,0.00527658782124585,arima,HUANCAVELICA
2020-03-16,0.0,0.010821281796028362,arima,HUANCAVELICA
2020-03-23,0.0,0.004895435435235878,arima,HUANCAVELICA
2020-03-30,0.0,0.00727587792196252,arima,HUANCAVELICA
2020-04-06,0.0,0.004070142186363917,arima,HUANCAVELICA
2020-04-13,0.0,0.0,arima,HUANCAVELICA
2020-04-20,0.0,0.0008277578011501604,arima,HUANCAVELICA
2020-04-27,0.0,0.0007125900943294511,arima,HUANCAVELICA
2020-05-04,0.0,0.0,arima,HUANCAVELICA
2020-05-11,0.0,0.0,arima,HUANCAVELICA
2020-05-18,0.0,0.0,arima,HUANCAVELICA
2020-05-25,0.0,0.0,arima,HUANCAVELICA
2020-06-01,0.0,0.0035317877676895788,arima,HUANCAVELICA
2020-06-08,0.0,0.006224313355013709,arima,HUANCAVELICA
2020-06-15,0.0,0.0028571175692502556,arima,HUANCAVELICA
2020-06-22,0.0,0.004374054299618328,arima,HUANCAVELICA
2020-06-29,0.0,0.002269296770809608,arima,HUANCAVELICA
2020-07-06,0.0,0.0,arima,HUANCAVELICA
2020-07-13,0.0,0.0005926516975635262,arima,HUANCAVELICA
2020-07-20,0.0,0.0005892056246048865,arima,HUANCAVELICA
2020-07-27,0.0,0.0,arima,HUANCAVELICA
2020-08-03,0.0,0.0,arima,HUANCAVELICA
2020-08-10,0.0,0.0,arima,HUANCAVELICA
2020-08-17,0.0,0.0,arima,HUANCAVELICA
2020-08-24,0.0,0.0012132031368294808,arima,HUANCAVELICA
2020-08-31,0.0,0.003147619094949402,arima,HUANCAVELICA
2020-09-07,0.0,0.0012601181601637047,arima,HUANCAVELICA
2020-09-14,0.0,0.0019770622402570572,arima,HUANCAVELICA
2020-09-21,0.0,0.001808952460997134,arima,HUANCAVELICA
2020-09-28,0.0,0.00028864634475085876,arima,HUANCAVELICA
2020-10-05,0.0,0.0007359773858455231,arima,HUANCAVELICA
2020-10-12,0.0,0.0009600720100793236,arima,HUANCAVELICA
2020-10-19,0.0,0.0,arima,HUANCAVELICA
2020-10-26,0.0,0.0,arima,HUANCAVELICA
2020-11-02,0.27979306504908996,0.0,arima,HUANCAVELICA
2020-11-09,0.27979306504908996,0.0,arima,HUANCAVELICA
2020-11-16,0.27979306504908996,0.38608009092694373,arima,HUANCAVELICA
2020-11-23,0.0,0.24859018953021045,arima,HUANCAVELICA
2020-11-30,0.0,0.3042376701651187,arima,HUANCAVELICA
2020-12-07,0.0,0.3149859068941089,arima,HUANCAVELICA
2020-12-14,0.0,0.020055735801013524,arima,HUANCAVELICA
2020-12-21,0.0,0.012623429049325036,arima,HUANCAVELICA
2020-12-28,0.0,0.010375051240830171,arima,HUANCAVELICA
2021-01-04,0.0,0.014636522924952914,arima,HUANCAVELICA
2021-01-11,0.0,0.0,arima,HUANCAVELICA
2021-01-18,0.0,0.0,arima,HUANCAVELICA
2021-01-25,0.0,0.0,arima,HUANCAVELICA
2021-02-01,0.0,0.0,arima,HUANCAVELICA
2021-02-08,0.0,0.0,arima,HUANCAVELICA
2021-02-15,0.0,0.0053572739332309795,arima,HUANCAVELICA
2021-02-22,0.0,0.0,arima,HUANCAVELICA
2021-03-01,0.0,0.0,arima,HUANCAVELICA
2021-03-08,0.0,0.01083345376730772,arima,HUANCAVELICA
2021-03-15,0.0,0.008717496369861443,arima,HUANCAVELICA
2021-03-22,0.0,0.006065467955408615,arima,HUANCAVELICA
2021-03-29,0.0,0.008770224823264325,arima,HUANCAVELICA
2021-04-05,0.0,0.0,arima,HUANCAVELICA
2021-04-12,0.0,0.0,arima,HUANCAVELICA
2021-04-19,0.0,0.0,arima,HUANCAVELICA
2021-04-26,0.0,0.0,arima,HUANCAVELICA
2021-05-03,0.0,0.0,arima,HUANCAVELICA
2021-05-10,0.0,0.001893741892295257,arima,HUANCAVELICA
2021-05-17,0.0,0.0,arima,HUANCAVELICA
2021-05-24,0.0,0.0,arima,HUANCAVELICA
2021-05-31,0.0,0.007918133988973328,arima,HUANCAVELICA
2021-06-07,0.0,0.006608595234574015,arima,HUANCAVELICA
2021-06-14,0.28238536566081024,0.004440125933587232,arima,HUANCAVELICA
2021-06-21,0.28238536566081024,0.006525307245624783,arima,HUANCAVELICA
2021-06-28,0.28238536566081024,0.39238784887471645,arima,HUANCAVELICA
2021-07-05,0.0,0.24133882396458342,arima,HUANCAVELICA
2021-07-12,0.0,0.30701234791375553,arima,HUANCAVELICA
2021-07-19,0.0,0.3171492059576996,arima,HUANCAVELICA
2021-07-26,0.0,0.10969254440481317,arima,HUANCAVELICA
2021-08-02,0.0,0.13879792254517584,arima,HUANCAVELICA
2021-08-09,0.0,0.14963723933528428,arima,HUANCAVELICA
2021-08-16,0.0,0.10233697204047265,arima,HUANCAVELICA
2021-08-23,0.0,0.00016785705505985575,arima,HUANCAVELICA
2021-08-30,0.0,0.0002001427836082256,arima,HUANCAVELICA
2021-09-06,0.0,0.00020868971354006074,arima,HUANCAVELICA
2021-09-13,0.28238536566081024,0.00014041503912081663,arima,HUANCAVELICA
2021-09-20,0.28238536566081024,0.2508473027297833,arima,HUANCAVELICA
2021-09-27,0.28238536566081024,0.1753872896941011,arima,HUANCAVELICA
2021-10-04,0.0,0.10273649107764236,arima,HUANCAVELICA
2021-10-11,0.0,0.05231444776132021,arima,HUANCAVELICA
2021-10-18,0.0,0.0,arima,HUANCAVELICA
2021-10-25,0.0,0.10348478435912396,arima,HUANCAVELICA
2021-11-01,0.0,0.12424133695623304,arima,HUANCAVELICA
2021-11-08,0.0,0.1331933381920639,arima,HUANCAVELICA
2021-11-15,0.0,0.020118316628245293,arima,HUANCAVELICA
2021-11-22,0.28238536566081024,0.037295929151239984,arima,HUANCAVELICA
2021-11-29,0.28238536566081024,0.04807753683809574,arima,HUANCAVELICA
2021-12-06,0.28238536566081024,0.05234891086218235,arima,HUANCAVELICA
2021-12-13,0.0,0.1888486338060922,arima,HUANCAVELICA
2021-12-20,0.0,0.10880307599899378,arima,HUANCAVELICA
2021-12-27,0.0,0.05758652092938632,arima,HUANCAVELICA
2022-01-03,0.0,0.034575241381521564,arima,HUANCAVELICA
2022-01-10,0.0,0.01972380197269736,arima,HUANCAVELICA
2022-01-17,0.0,0.023367210017921598,arima,HUANCAVELICA
2022-01-24,0.0,0.024077971816250997,arima,HUANCAVELICA
2022-01-31,0.0,0.01562891089218272,arima,HUANCAVELICA
2022-02-07,0.0,3.3625295238661143e-07,arima,HUANCAVELICA
2022-02-14,0.0,3.6881203443341103e-07,arima,HUANCAVELICA
2022-02-21,0.0,3.701084843258237e-07,arima,HUANCAVELICA
2022-02-28,0.0,2.124574095224072e-07,arima,HUANCAVELICA
2022-03-07,0.0,1.623041998030832e-18,arima,HUANCAVELICA
2022-03-14,0.0,1.6460564678002974e-18,arima,HUANCAVELICA
2022-03-21,0.0,1.618057942500579e-18,arima,HUANCAVELICA
2022-03-28,0.0,8.958752896660018e-19,arima,HUANCAVELICA
2022-04-04,0.0,6.692956746678222e-23,arima,HUANCAVELICA
2022-04-11,0.0,6.586082675670304e-23,arima,HUANCAVELICA
2022-04-18,0.0,6.376936333350532e-23,arima,HUANCAVELICA
2022-04-25,0.0,3.2937455406117026e-23,arima,HUANCAVELICA
2022-05-02,0.28502615114936825,0.0,arima,HUANCAVELICA
2022-05-09,0.28502615114936825,0.0,arima,HUANCAVELICA
2022-05-16,0.28502615114936825,0.0,arima,HUANCAVELICA
2022-05-23,0.0,0.0,arima,HUANCAVELICA
2022-05-30,0.0,0.0,arima,HUANCAVELICA
2022-06-06,0.28502615114936825,0.0,arima,HUANCAVELICA
2022-06-13,0.28502615114936825,0.0,arima,HUANCAVELICA
2022-06-20,0.28502615114936825,0.0,arima,HUANCAVELICA
2022-06-27,0.0,0.1374395429754743,arima,HUANCAVELICA
2022-07-04,0.0,0.17388903172630515,arima,HUANCAVELICA
2022-07-11,0.0,0.2165104087583015,arima,HUANCAVELICA
2022-07-18,0.28502615114936825,0.16571020008897883,arima,HUANCAVELICA
2022-07-25,0.28502615114936825,0.28459289906367524,arima,HUANCAVELICA
2022-08-01,0.28502615114936825,0.3013383500312857,arima,HUANCAVELICA
2022-08-08,0.0,0.15292336899600542,arima,HUANCAVELICA
2022-08-15,0.0,0.15543941051834462,arima,HUANCAVELICA
2022-08-22,0.0,0.0,arima,HUANCAVELICA
2022-08-29,0.0,0.11898352305599091,arima,HUANCAVELICA
2022-09-05,0.0,0.1169465582412363,arima,HUANCAVELICA
2022-09-12,0.0,0.13091434574562422,arima,HUANCAVELICA
2022-09-19,0.0,0.01609898570226123,arima,HUANCAVELICA
2022-09-26,0.0,0.014486489679343455,arima,HUANCAVELICA
2022-10-03,0.0,0.00960977197575413,arima,HUANCAVELICA
2022-10-10,0.0,0.013593391075534901,arima,HUANCAVELICA
2022-10-17,0.0,0.0,arima,HUANCAVELICA
2022-10-24,0.0,0.0,arima,HUANCAVELICA
2022-10-31,0.0,0.0,arima,HUANCAVELICA
2022-11-07,0.0,0.0,arima,HUANCAVELICA
2022-11-14,0.0,0.0,arima,HUANCAVELICA
2022-11-21,0.0,0.0,arima,HUANCAVELICA
2022-11-28,0.0,0.0,arima,HUANCAVELICA
2022-12-05,0.0,0.0,arima,HUANCAVELICA
