date,actual,predicted,model,region
2010-12-27,0.35977046644240973,0.35977046644240973,naive,PASCO
2011-01-03,0.35977046644240973,0.35977046644240973,naive,PASCO
2011-01-10,0.0,0.35977046644240973,naive,PASCO
2011-01-17,0.0,0.35977046644240973,naive,PASCO
2011-01-24,0.0,0.0,naive,PASCO
2011-01-31,0.0,0.0,naive,PASCO
2011-02-07,0.0,0.0,naive,PASCO
2011-02-14,0.0,0.0,naive,PASCO
2011-02-21,0.0,0.0,naive,PASCO
2011-02-28,0.0,0.0,naive,PASCO
2011-03-07,0.0,0.0,naive,PASCO
2011-03-14,0.0,0.0,naive,PASCO
2011-03-21,0.0,0.0,naive,PASCO
2011-03-28,0.36085059702731276,0.0,naive,PASCO
2011-04-04,1.0791622473947855,0.0,naive,PASCO
2011-04-11,1.0791622473947855,0.0,naive,PASCO
2011-04-18,1.0791622473947855,1.0791622473947853,naive,PASCO
2011-04-25,0.36085059702731276,1.0791622473947853,naive,PASCO
2011-05-02,0.36085059702731276,1.0791622473947853,naive,PASCO
2011-05-09,0.36085059702731276,1.0791622473947853,naive,PASCO
2011-05-16,0.36085059702731276,0.36085059702731276,naive,PASCO
2011-05-23,0.7217011940546255,0.36085059702731276,naive,PASCO
2011-05-30,0.36085059702731276,0.36085059702731276,naive,PASCO
2011-06-06,0.36085059702731276,0.36085059702731276,naive,PASCO
2011-06-13,0.0,0.36085059702731276,naive,PASCO
2011-06-20,0.0,0.36085059702731276,naive,PASCO
2011-06-27,0.0,0.36085059702731276,naive,PASCO
2011-07-04,0.0,0.36085059702731276,naive,PASCO
2011-07-11,0.0,0.0,naive,PASCO
2011-07-18,0.0,0.0,naive,PASCO
2011-07-25,0.0,0.0,naive,PASCO
2011-08-01,0.0,0.0,naive,PASCO
2011-08-08,0.0,0.0,naive,PASCO
2011-08-15,0.0,0.0,naive,PASCO
2011-08-22,0.0,0.0,naive,PASCO
2011-08-29,0.0,0.0,naive,PASCO
2011-09-05,0.0,0.0,naive,PASCO
2011-09-12,0.0,0.0,naive,PASCO
2011-09-19,0.0,0.0,naive,PASCO
2011-09-26,0.0,0.0,naive,PASCO
2011-10-03,0.0,0.0,naive,PASCO
2011-10-10,0.0,0.0,naive,PASCO
2011-10-17,0.0,0.0,naive,PASCO
2011-10-24,0.0,0.0,naive,PASCO
2011-10-31,0.0,0.0,naive,PASCO
2011-11-07,0.0,0.0,naive,PASCO
2011-11-14,0.0,0.0,naive,PASCO
2011-11-21,0.0,0.0,naive,PASCO
2011-11-28,0.0,0.0,naive,PASCO
2011-12-05,0.0,0.0,naive,PASCO
2011-12-12,0.0,0.0,naive,PASCO
2011-12-19,0.0,0.0,naive,PASCO
2011-12-26,0.0,0.0,naive,PASCO
2012-01-02,0.3619359228642161,0.0,naive,PASCO
2012-01-09,0.3619359228642161,0.0,naive,PASCO
2012-01-16,0.3619359228642161,0.0,naive,PASCO
2012-01-23,0.0,0.36193592286421616,naive,PASCO
2012-01-30,0.3619359228642161,0.36193592286421616,naive,PASCO
2012-02-06,0.7238718457284322,0.36193592286421616,naive,PASCO
2012-02-13,0.7238718457284322,0.36193592286421616,naive,PASCO
2012-02-20,0.3619359228642161,0.7238718457284323,naive,PASCO
2012-02-27,0.0,0.7238718457284323,naive,PASCO
2012-03-05,0.0,0.7238718457284323,naive,PASCO
2012-03-12,0.0,0.7238718457284323,naive,PASCO
2012-03-19,0.0,0.0,naive,PASCO
2012-03-26,0.0,0.0,naive,PASCO
2012-04-02,0.0,0.0,naive,PASCO
2012-04-09,0.0,0.0,naive,PASCO
2012-04-16,0.0,0.0,naive,PASCO
2012-04-23,0.0,0.0,naive,PASCO
2012-04-30,0.0,0.0,naive,PASCO
2012-05-07,0.0,0.0,naive,PASCO
2012-05-14,0.0,0.0,naive,PASCO
2012-05-21,0.3619359228642161,0.0,naive,PASCO
2012-05-28,0.7238718457284322,0.0,naive,PASCO
2012-06-04,0.7238718457284322,0.0,naive,PASCO
2012-06-11,0.7238718457284322,0.7238718457284323,naive,PASCO
2012-06-18,0.3619359228642161,0.7238718457284323,naive,PASCO
2012-06-25,0.3619359228642161,0.7238718457284323,naive,PASCO
2012-07-02,0.0,0.7238718457284323,naive,PASCO
2012-07-09,0.0,0.0,naive,PASCO
2012-07-16,0.3619359228642161,0.0,naive,PASCO
2012-07-23,0.3619359228642161,0.0,naive,PASCO
2012-07-30,0.3619359228642161,0.0,naive,PASCO
2012-08-06,0.0,0.36193592286421616,naive,PASCO
2012-08-13,0.0,0.36193592286421616,naive,PASCO
2012-08-20,0.0,0.36193592286421616,naive,PASCO
2012-08-27,0.0,0.36193592286421616,naive,PASCO
2012-09-03,0.0,0.0,naive,PASCO
2012-09-10,0.0,0.0,naive,PASCO
2012-09-17,0.0,0.0,naive,PASCO
2012-09-24,0.0,0.0,naive,PASCO
2012-10-01,0.3619359228642161,0.0,naive,PASCO
2012-10-08,0.7238718457284322,0.0,naive,PASCO
2012-10-15,0.7238718457284322,0.0,naive,PASCO
2012-10-22,0.3619359228642161,0.0,naive,PASCO
2012-10-29,0.7183116503674728,0.36193592286421616,naive,PASCO
2012-11-05,1.080247573231689,0.36193592286421616,naive,PASCO
2012-11-12,1.080247573231689,0.36193592286421616,naive,PASCO
2012-11-19,0.3619359228642161,0.36193592286421616,naive,PASCO
2012-11-26,0.0,0.36193592286421616,naive,PASCO
2012-12-03,0.0,0.36193592286421616,naive,PASCO
2012-12-10,0.0,0.36193592286421616,naive,PASCO
2012-12-17,0.0,0.36193592286421616,naive,PASCO
2012-12-24,0.0,0.0,naive,PASCO
2012-12-31,0.0,0.0,naive,PASCO
2013-01-07,0.0,0.0,naive,PASCO
2013-01-14,0.0,0.0,naive,PASCO
2013-01-21,0.36302779703841925,0.0,naive,PASCO
2013-01-28,0.7260555940768385,0.0,naive,PASCO
2013-02-04,1.0890833911152578,0.0,naive,PASCO
2013-02-11,0.7260555940768384,0.0,naive,PASCO
2013-02-18,0.36302779703841925,0.7260555940768383,naive,PASCO
2013-02-25,0.0,0.7260555940768383,naive,PASCO
2013-03-04,0.0,0.7260555940768383,naive,PASCO
2013-03-11,0.0,0.7260555940768383,naive,PASCO
2013-03-18,0.0,0.0,naive,PASCO
2013-03-25,0.36302779703841925,0.0,naive,PASCO
2013-04-01,0.36302779703841925,0.0,naive,PASCO
2013-04-08,0.7260555940768385,0.0,naive,PASCO
2013-04-15,0.7260555940768385,0.7260555940768385,naive,PASCO
2013-04-22,0.7260555940768385,0.7260555940768385,naive,PASCO
2013-04-29,0.36302779703841925,0.7260555940768385,naive,PASCO
2013-05-06,0.0,0.7260555940768385,naive,PASCO
2013-05-13,0.0,0.0,naive,PASCO
2013-05-20,0.0,0.0,naive,PASCO
2013-05-27,0.0,0.0,naive,PASCO
2013-06-03,0.0,0.0,naive,PASCO
2013-06-10,0.36302779703841925,0.0,naive,PASCO
2013-06-17,0.36302779703841925,0.0,naive,PASCO
2013-06-24,0.7260555940768385,0.0,naive,PASCO
2013-07-01,0.36302779703841925,0.0,naive,PASCO
2013-07-08,0.36302779703841925,0.3630277970384193,naive,PASCO
2013-07-15,0.0,0.3630277970384193,naive,PASCO
2013-07-22,0.36302779703841925,0.3630277970384193,naive,PASCO
2013-07-29,1.081339447405892,0.3630277970384193,naive,PASCO
2013-08-05,1.0813394474058922,1.0813394474058917,naive,PASCO
2013-08-12,1.0813394474058924,1.0813394474058917,naive,PASCO
2013-08-19,0.36302779703841925,1.0813394474058917,naive,PASCO
2013-08-26,0.36302779703841925,1.0813394474058917,naive,PASCO
2013-09-02,0.0,0.3630277970384193,naive,PASCO
2013-09-09,0.0,0.3630277970384193,naive,PASCO
2013-09-16,0.0,0.3630277970384193,naive,PASCO
2013-09-23,0.0,0.3630277970384193,naive,PASCO
2013-09-30,0.0,0.0,naive,PASCO
2013-10-07,0.0,0.0,naive,PASCO
2013-10-14,0.0,0.0,naive,PASCO
2013-10-21,0.0,0.0,naive,PASCO
2013-10-28,0.0,0.0,naive,PASCO
2013-11-04,0.0,0.0,naive,PASCO
2013-11-11,0.0,0.0,naive,PASCO
2013-11-18,0.36302779703841925,0.0,naive,PASCO
2013-11-25,0.36302779703841925,0.3630277970384193,naive,PASCO
2013-12-02,0.36302779703841925,0.3630277970384193,naive,PASCO
2013-12-09,0.0,0.3630277970384193,naive,PASCO
2013-12-16,0.0,0.3630277970384193,naive,PASCO
2013-12-23,0.0,0.0,naive,PASCO
2013-12-30,0.36302779703841925,0.0,naive,PASCO
2014-01-06,0.36302779703841925,0.0,naive,PASCO
2014-01-13,0.36302779703841925,0.0,naive,PASCO
2014-01-20,0.0,0.3630277970384193,naive,PASCO
2014-01-27,0.0,0.3630277970384193,naive,PASCO
2014-02-03,0.0,0.3630277970384193,naive,PASCO
2014-02-10,0.0,0.3630277970384193,naive,PASCO
2014-02-17,0.0,0.0,naive,PASCO
2014-02-24,0.0,0.0,naive,PASCO
2014-03-03,0.0,0.0,naive,PASCO
2014-03-10,0.7183116503674728,0.0,naive,PASCO
2014-03-17,0.7183116503674728,0.7183116503674729,naive,PASCO
2014-03-24,0.7183116503674728,0.7183116503674729,naive,PASCO
2014-03-31,0.0,0.7183116503674729,naive,PASCO
2014-04-07,0.36412760487785345,0.7183116503674729,naive,PASCO
2014-04-14,0.36412760487785345,0.3641276048778535,naive,PASCO
2014-04-21,0.36412760487785345,0.3641276048778535,naive,PASCO
2014-04-28,0.0,0.3641276048778535,naive,PASCO
2014-05-05,0.7183116503674728,0.3641276048778535,naive,PASCO
2014-05-12,0.7183116503674728,0.7183116503674729,naive,PASCO
2014-05-19,0.7183116503674728,0.7183116503674729,naive,PASCO
2014-05-26,0.0,0.7183116503674729,naive,PASCO
2014-06-02,0.0,0.7183116503674729,naive,PASCO
2014-06-09,0.0,0.0,naive,PASCO
2014-06-16,0.0,0.0,naive,PASCO
2014-06-23,0.0,0.0,naive,PASCO
2014-06-30,0.0,0.0,naive,PASCO
2014-07-07,0.0,0.0,naive,PASCO
2014-07-14,0.0,0.0,naive,PASCO
2014-07-21,0.0,0.0,naive,PASCO
2014-07-28,0.0,0.0,naive,PASCO
2014-08-04,0.0,0.0,naive,PASCO
2014-08-11,0.0,0.0,naive,PASCO
2014-08-18,0.0,0.0,naive,PASCO
2014-08-25,0.0,0.0,naive,PASCO
2014-09-01,0.0,0.0,naive,PASCO
2014-09-08,0.0,0.0,naive,PASCO
2014-09-15,0.0,0.0,naive,PASCO
2014-09-22,0.0,0.0,naive,PASCO
2014-09-29,0.0,0.0,naive,PASCO
2014-10-06,0.0,0.0,naive,PASCO
2014-10-13,0.0,0.0,naive,PASCO
2014-10-20,0.0,0.0,naive,PASCO
2014-10-27,0.0,0.0,naive,PASCO
2014-11-03,0.36412760487785345,0.0,naive,PASCO
2014-11-10,0.36412760487785345,0.0,naive,PASCO
2014-11-17,0.36412760487785345,0.0,naive,PASCO
2014-11-24,0.0,0.3641276048778535,naive,PASCO
2014-12-01,0.0,0.3641276048778535,naive,PASCO
2014-12-08,0.0,0.3641276048778535,naive,PASCO
2014-12-15,0.0,0.3641276048778535,naive,PASCO
2014-12-22,0.0,0.0,naive,PASCO
2014-12-29,0.0,0.0,naive,PASCO
2015-01-05,0.36523276283975775,0.0,naive,PASCO
2015-01-12,0.36523276283975775,0.0,naive,PASCO
2015-01-19,0.36523276283975775,0.36523276283975775,naive,PASCO
2015-01-26,0.0,0.36523276283975775,naive,PASCO
2015-02-02,0.0,0.36523276283975775,naive,PASCO
2015-02-09,0.0,0.36523276283975775,naive,PASCO
2015-02-16,0.36523276283975775,0.0,naive,PASCO
2015-02-23,0.36523276283975775,0.0,naive,PASCO
2015-03-02,0.36523276283975775,0.0,naive,PASCO
2015-03-09,0.0,0.0,naive,PASCO
2015-03-16,0.36523276283975775,0.0,naive,PASCO
2015-03-23,0.36523276283975775,0.0,naive,PASCO
2015-03-30,0.7304655256795155,0.0,naive,PASCO
2015-04-06,0.36523276283975775,0.0,naive,PASCO
2015-04-13,0.36523276283975775,0.36523276283975775,naive,PASCO
2015-04-20,0.0,0.36523276283975775,naive,PASCO
2015-04-27,0.0,0.36523276283975775,naive,PASCO
2015-05-04,0.0,0.36523276283975775,naive,PASCO
2015-05-11,0.0,0.0,naive,PASCO
2015-05-18,0.0,0.0,naive,PASCO
2015-05-25,0.7183116503674728,0.0,naive,PASCO
2015-06-01,0.7183116503674728,0.0,naive,PASCO
2015-06-08,1.0835444132072307,0.7183116503674729,naive,PASCO
2015-06-15,0.36523276283975775,0.7183116503674729,naive,PASCO
2015-06-22,0.36523276283975775,0.7183116503674729,naive,PASCO
2015-06-29,0.0,0.7183116503674729,naive,PASCO
2015-07-06,0.0,0.0,naive,PASCO
2015-07-13,0.0,0.0,naive,PASCO
2015-07-20,0.36523276283975775,0.0,naive,PASCO
2015-07-27,0.7304655256795155,0.0,naive,PASCO
2015-08-03,0.7304655256795155,0.7304655256795154,naive,PASCO
2015-08-10,0.36523276283975775,0.7304655256795154,naive,PASCO
2015-08-17,0.0,0.7304655256795154,naive,PASCO
2015-08-24,0.0,0.7304655256795154,naive,PASCO
2015-08-31,0.0,0.0,naive,PASCO
2015-09-07,0.0,0.0,naive,PASCO
2015-09-14,0.0,0.0,naive,PASCO
2015-09-21,0.0,0.0,naive,PASCO
2015-09-28,0.0,0.0,naive,PASCO
2015-10-05,0.0,0.0,naive,PASCO
2015-10-12,0.0,0.0,naive,PASCO
2015-10-19,0.36523276283975775,0.0,naive,PASCO
2015-10-26,0.7304655256795155,0.36523276283975775,naive,PASCO
2015-11-02,1.0956982885192732,0.36523276283975775,naive,PASCO
2015-11-09,0.7304655256795156,0.36523276283975775,naive,PASCO
2015-11-16,0.36523276283975775,0.36523276283975775,naive,PASCO
2015-11-23,0.0,0.36523276283975775,naive,PASCO
2015-11-30,0.0,0.36523276283975775,naive,PASCO
2015-12-07,0.0,0.36523276283975775,naive,PASCO
2015-12-14,0.0,0.36523276283975775,naive,PASCO
2015-12-21,0.0,0.0,naive,PASCO
2015-12-28,0.0,0.0,naive,PASCO
2016-01-04,0.0,0.0,naive,PASCO
2016-01-11,0.0,0.0,naive,PASCO
2016-01-18,0.3663446497195631,0.0,naive,PASCO
2016-01-25,0.3663446497195631,0.0,naive,PASCO
2016-02-01,0.3663446497195631,0.0,naive,PASCO
2016-02-08,0.0,0.0,naive,PASCO
2016-02-15,0.3663446497195631,0.0,naive,PASCO
2016-02-22,0.3663446497195631,0.0,naive,PASCO
2016-02-29,0.7326892994391262,0.0,naive,PASCO
2016-03-07,0.3663446497195631,0.0,naive,PASCO
2016-03-14,0.3663446497195631,0.36634464971956315,naive,PASCO
2016-03-21,0.0,0.36634464971956315,naive,PASCO
2016-03-28,0.0,0.36634464971956315,naive,PASCO
2016-04-04,0.0,0.36634464971956315,naive,PASCO
2016-04-11,0.0,0.0,naive,PASCO
2016-04-18,0.0,0.0,naive,PASCO
2016-04-25,0.0,0.0,naive,PASCO
2016-05-02,0.0,0.0,naive,PASCO
2016-05-09,0.0,0.0,naive,PASCO
2016-05-16,0.0,0.0,naive,PASCO
2016-05-23,0.0,0.0,naive,PASCO
2016-05-30,0.0,0.0,naive,PASCO
2016-06-06,0.0,0.0,naive,PASCO
2016-06-13,0.0,0.0,naive,PASCO
2016-06-20,0.0,0.0,naive,PASCO
2016-06-27,0.0,0.0,naive,PASCO
2016-07-04,0.0,0.0,naive,PASCO
2016-07-11,0.0,0.0,naive,PASCO
2016-07-18,0.0,0.0,naive,PASCO
2016-07-25,0.0,0.0,naive,PASCO
2016-08-01,0.0,0.0,naive,PASCO
2016-08-08,0.0,0.0,naive,PASCO
2016-08-15,0.0,0.0,naive,PASCO
2016-08-22,0.3663446497195631,0.0,naive,PASCO
2016-08-29,0.3663446497195631,0.36634464971956315,naive,PASCO
2016-09-05,0.3663446497195631,0.36634464971956315,naive,PASCO
2016-09-12,0.0,0.36634464971956315,naive,PASCO
2016-09-19,0.0,0.36634464971956315,naive,PASCO
2016-09-26,0.0,0.0,naive,PASCO
2016-10-03,0.0,0.0,naive,PASCO
2016-10-10,0.0,0.0,naive,PASCO
2016-10-17,0.0,0.0,naive,PASCO
2016-10-24,0.0,0.0,naive,PASCO
2016-10-31,0.0,0.0,naive,PASCO
2016-11-07,0.0,0.0,naive,PASCO
2016-11-14,0.0,0.0,naive,PASCO
2016-11-21,0.0,0.0,naive,PASCO
2016-11-28,0.0,0.0,naive,PASCO
2016-12-05,0.0,0.0,naive,PASCO
2016-12-12,0.0,0.0,naive,PASCO
2016-12-19,0.0,0.0,naive,PASCO
2016-12-26,0.0,0.0,naive,PASCO
2017-01-02,0.0,0.0,naive,PASCO
2017-01-09,0.0,0.0,naive,PASCO
2017-01-16,0.0,0.0,naive,PASCO
2017-01-23,0.0,0.0,naive,PASCO
2017-01-30,0.0,0.0,naive,PASCO
2017-02-06,0.0,0.0,naive,PASCO
2017-02-13,0.0,0.0,naive,PASCO
2017-02-20,0.0,0.0,naive,PASCO
2017-02-27,0.0,0.0,naive,PASCO
2017-03-06,0.0,0.0,naive,PASCO
2017-03-13,0.0,0.0,naive,PASCO
2017-03-20,0.0,0.0,naive,PASCO
2017-03-27,0.0,0.0,naive,PASCO
2017-04-03,0.0,0.0,naive,PASCO
2017-04-10,0.36746332715994945,0.0,naive,PASCO
2017-04-17,0.36746332715994945,0.0,naive,PASCO
2017-04-24,0.36746332715994945,0.0,naive,PASCO
2017-05-01,0.0,0.0,naive,PASCO
2017-05-08,0.36746332715994945,0.0,naive,PASCO
2017-05-15,0.36746332715994945,0.0,naive,PASCO
2017-05-22,0.36746332715994945,0.0,naive,PASCO
2017-05-29,0.0,0.0,naive,PASCO
2017-06-05,0.0,0.0,naive,PASCO
2017-06-12,0.0,0.0,naive,PASCO
2017-06-19,0.36746332715994945,0.0,naive,PASCO
2017-06-26,0.36746332715994945,0.0,naive,PASCO
2017-07-03,0.36746332715994945,0.3674633271599495,naive,PASCO
2017-07-10,0.0,0.3674633271599495,naive,PASCO
2017-07-17,0.0,0.3674633271599495,naive,PASCO
2017-07-24,0.0,0.3674633271599495,naive,PASCO
2017-07-31,0.0,0.0,naive,PASCO
2017-08-07,0.0,0.0,naive,PASCO
2017-08-14,0.0,0.0,naive,PASCO
2017-08-21,0.0,0.0,naive,PASCO
2017-08-28,0.0,0.0,naive,PASCO
2017-09-04,0.0,0.0,naive,PASCO
2017-09-11,0.0,0.0,naive,PASCO
2017-09-18,0.0,0.0,naive,PASCO
2017-09-25,0.0,0.0,naive,PASCO
2017-10-02,0.0,0.0,naive,PASCO
2017-10-09,0.0,0.0,naive,PASCO
2017-10-16,0.0,0.0,naive,PASCO
2017-10-23,0.0,0.0,naive,PASCO
2017-10-30,0.0,0.0,naive,PASCO
2017-11-06,0.0,0.0,naive,PASCO
2017-11-13,0.0,0.0,naive,PASCO
2017-11-20,0.0,0.0,naive,PASCO
2017-11-27,0.0,0.0,naive,PASCO
2017-12-04,0.0,0.0,naive,PASCO
2017-12-11,0.0,0.0,naive,PASCO
2017-12-18,0.36746332715994945,0.0,naive,PASCO
2017-12-25,0.36746332715994945,0.0,naive,PASCO
2018-01-01,0.36746332715994945,0.0,naive,PASCO
2018-01-08,0.0,0.0,naive,PASCO
2018-01-15,0.0,0.0,naive,PASCO
2018-01-22,0.0,0.0,naive,PASCO
2018-01-29,0.0,0.0,naive,PASCO
2018-02-05,0.0,0.0,naive,PASCO
2018-02-12,0.0,0.0,naive,PASCO
2018-02-19,0.0,0.0,naive,PASCO
2018-02-26,0.0,0.0,naive,PASCO
2018-03-05,0.0,0.0,naive,PASCO
2018-03-12,0.0,0.0,naive,PASCO
2018-03-19,0.0,0.0,naive,PASCO
2018-03-26,0.0,0.0,naive,PASCO
2018-04-02,0.0,0.0,naive,PASCO
2018-04-09,0.0,0.0,naive,PASCO
2018-04-16,0.0,0.0,naive,PASCO
2018-04-23,0.3682318977199081,0.0,naive,PASCO
2018-04-30,0.3682318977199081,0.0,naive,PASCO
2018-05-07,0.3682318977199081,0.3682318977199081,naive,PASCO
2018-05-14,0.0,0.3682318977199081,naive,PASCO
2018-05-21,0.0,0.3682318977199081,naive,PASCO
2018-05-28,0.0,0.3682318977199081,naive,PASCO
2018-06-04,0.0,0.0,naive,PASCO
2018-06-11,0.3682318977199081,0.0,naive,PASCO
2018-06-18,0.7364637954398162,0.0,naive,PASCO
2018-06-25,0.7364637954398162,0.0,naive,PASCO
2018-07-02,0.3682318977199081,0.7364637954398161,naive,PASCO
2018-07-09,0.3682318977199081,0.7364637954398161,naive,PASCO
2018-07-16,0.3682318977199081,0.7364637954398161,naive,PASCO
2018-07-23,0.3682318977199081,0.7364637954398161,naive,PASCO
2018-07-30,0.0,0.3682318977199081,naive,PASCO
2018-08-06,0.0,0.3682318977199081,naive,PASCO
2018-08-13,0.0,0.3682318977199081,naive,PASCO
2018-08-20,0.0,0.3682318977199081,naive,PASCO
2018-08-27,0.0,0.0,naive,PASCO
2018-09-03,0.3682318977199081,0.0,naive,PASCO
2018-09-10,0.3682318977199081,0.0,naive,PASCO
2018-09-17,0.7364637954398162,0.0,naive,PASCO
2018-09-24,0.3682318977199081,0.7364637954398161,naive,PASCO
2018-10-01,0.3682318977199081,0.7364637954398161,naive,PASCO
2018-10-08,0.0,0.7364637954398161,naive,PASCO
2018-10-15,0.0,0.7364637954398161,naive,PASCO
2018-10-22,0.3682318977199081,0.0,naive,PASCO
2018-10-29,0.3682318977199081,0.0,naive,PASCO
2018-11-05,0.3682318977199081,0.0,naive,PASCO
2018-11-12,0.0,0.0,naive,PASCO
2018-11-19,0.0,0.0,naive,PASCO
2018-11-26,0.0,0.0,naive,PASCO
2018-12-03,0.3682318977199081,0.0,naive,PASCO
2018-12-10,0.3682318977199081,0.0,naive,PASCO
2018-12-17,0.3682318977199081,0.3682318977199081,naive,PASCO
2018-12-24,0.0,0.3682318977199081,naive,PASCO
2018-12-31,0.0,0.3682318977199081,naive,PASCO
2019-01-07,0.0,0.3682318977199081,naive,PASCO
2019-01-14,0.0,0.0,naive,PASCO
2019-01-21,0.0,0.0,naive,PASCO
2019-01-28,0.3690036900369003,0.0,naive,PASCO
2019-02-04,0.3690036900369003,0.0,naive,PASCO
2019-02-11,0.3690036900369003,0.3690036900369003,naive,PASCO
2019-02-18,0.0,0.3690036900369003,naive,PASCO
2019-02-25,0.0,0.3690036900369003,naive,PASCO
2019-03-04,0.0,0.3690036900369003,naive,PASCO
2019-03-11,0.0,0.0,naive,PASCO
2019-03-18,0.0,0.0,naive,PASCO
2019-03-25,0.0,0.0,naive,PASCO
2019-04-01,0.0,0.0,naive,PASCO
2019-04-08,0.0,0.0,naive,PASCO
2019-04-15,0.0,0.0,naive,PASCO
2019-04-22,0.0,0.0,naive,PASCO
2019-04-29,0.0,0.0,naive,PASCO
2019-05-06,0.3690036900369003,0.0,naive,PASCO
2019-05-13,0.3690036900369003,0.0,naive,PASCO
2019-05-20,0.3690036900369003,0.0,naive,PASCO
2019-05-27,0.0,0.0,naive,PASCO
2019-06-03,0.0,0.0,naive,PASCO
2019-06-10,0.0,0.0,naive,PASCO
2019-06-17,0.0,0.0,naive,PASCO
2019-06-24,0.3690036900369003,0.0,naive,PASCO
2019-07-01,0.7380073800738006,0.3690036900369003,naive,PASCO
2019-07-08,0.7380073800738006,0.3690036900369003,naive,PASCO
2019-07-15,0.7380073800738006,0.3690036900369003,naive,PASCO
2019-07-22,0.7380073800738006,0.3690036900369003,naive,PASCO
2019-07-29,0.7380073800738006,0.7380073800738005,naive,PASCO
2019-08-05,0.3690036900369003,0.7380073800738005,naive,PASCO
2019-08-12,0.0,0.7380073800738005,naive,PASCO
2019-08-19,0.0,0.7380073800738005,naive,PASCO
2019-08-26,0.0,0.0,naive,PASCO
2019-09-02,0.0,0.0,naive,PASCO
2019-09-09,0.0,0.0,naive,PASCO
2019-09-16,0.0,0.0,naive,PASCO
2019-09-23,0.0,0.0,naive,PASCO
2019-09-30,0.0,0.0,naive,PASCO
2019-10-07,0.0,0.0,naive,PASCO
2019-10-14,0.0,0.0,naive,PASCO
2019-10-21,0.0,0.0,naive,PASCO
2019-10-28,0.0,0.0,naive,PASCO
2019-11-04,0.0,0.0,naive,PASCO
2019-11-11,0.0,0.0,naive,PASCO
2019-11-18,0.0,0.0,naive,PASCO
2019-11-25,0.0,0.0,naive,PASCO
2019-12-02,0.0,0.0,naive,PASCO
2019-12-09,0.0,0.0,naive,PASCO
2019-12-16,0.0,0.0,naive,PASCO
2019-12-23,0.0,0.0,naive,PASCO
2019-12-30,0.0,0.0,naive,PASCO
2020-01-06,0.0,0.0,naive,PASCO
2020-01-13,0.0,0.0,naive,PASCO
2020-01-20,0.0,0.0,naive,PASCO
2020-01-27,0.0,0.0,naive,PASCO
2020-02-03,0.0,0.0,naive,PASCO
2020-02-10,0.0,0.0,naive,PASCO
2020-02-17,0.0,0.0,naive,PASCO
2020-02-24,0.0,0.0,naive,PASCO
2020-03-02,0.0,0.0,naive,PASCO
2020-03-09,0.0,0.0,naive,PASCO
2020-03-16,0.0,0.0,naive,PASCO
2020-03-23,0.0,0.0,naive,PASCO
2020-03-30,0.0,0.0,naive,PASCO
2020-04-06,0.0,0.0,naive,PASCO
2020-04-13,0.0,0.0,naive,PASCO
2020-04-20,0.7183116503674728,0.0,naive,PASCO
2020-04-27,0.7183116503674728,0.0,naive,PASCO
2020-05-04,0.7183116503674728,0.7183116503674729,naive,PASCO
2020-05-11,0.0,0.7183116503674729,naive,PASCO
2020-05-18,0.0,0.7183116503674729,naive,PASCO
2020-05-25,0.0,0.7183116503674729,naive,PASCO
2020-06-01,0.0,0.0,naive,PASCO
2020-06-08,0.0,0.0,naive,PASCO
2020-06-15,0.0,0.0,naive,PASCO
2020-06-22,0.0,0.0,naive,PASCO
2020-06-29,0.36977872441131227,0.0,naive,PASCO
2020-07-06,0.36977872441131227,0.0,naive,PASCO
2020-07-13,0.36977872441131227,0.0,naive,PASCO
2020-07-20,0.0,0.0,naive,PASCO
2020-07-27,0.0,0.0,naive,PASCO
2020-08-03,0.0,0.0,naive,PASCO
2020-08-10,0.0,0.0,naive,PASCO
2020-08-17,0.0,0.0,naive,PASCO
2020-08-24,0.0,0.0,naive,PASCO
2020-08-31,0.0,0.0,naive,PASCO
2020-09-07,0.0,0.0,naive,PASCO
2020-09-14,0.0,0.0,naive,PASCO
2020-09-21,0.0,0.0,naive,PASCO
2020-09-28,0.0,0.0,naive,PASCO
2020-10-05,0.0,0.0,naive,PASCO
2020-10-12,0.0,0.0,naive,PASCO
2020-10-19,0.0,0.0,naive,PASCO
2020-10-26,0.0,0.0,naive,PASCO
2020-11-02,0.0,0.0,naive,PASCO
2020-11-09,0.0,0.0,naive,PASCO
2020-11-16,0.0,0.0,naive,PASCO
2020-11-23,0.0,0.0,naive,PASCO
2020-11-30,0.0,0.0,naive,PASCO
2020-12-07,0.0,0.0,naive,PASCO
2020-12-14,0.0,0.0,naive,PASCO
2020-12-21,0.0,0.0,naive,PASCO
2020-12-28,0.0,0.0,naive,PASCO
2021-01-04,0.0,0.0,naive,PASCO
2021-01-11,0.0,0.0,naive,PASCO
2021-01-18,0.0,0.0,naive,PASCO
2021-01-25,0.0,0.0,naive,PASCO
2021-02-01,0.0,0.0,naive,PASCO
2021-02-08,0.0,0.0,naive,PASCO
2021-02-15,0.0,0.0,naive,PASCO
2021-02-22,0.0,0.0,naive,PASCO
2021-03-01,0.0,0.0,naive,PASCO
2021-03-08,0.0,0.0,naive,PASCO
2021-03-15,0.0,0.0,naive,PASCO
2021-03-22,0.0,0.0,naive,PASCO
2021-03-29,0.0,0.0,naive,PASCO
2021-04-05,0.0,0.0,naive,PASCO
2021-04-12,0.0,0.0,naive,PASCO
2021-04-19,0.0,0.0,naive,PASCO
2021-04-26,0.0,0.0,naive,PASCO
2021-05-03,0.0,0.0,naive,PASCO
2021-05-10,0.0,0.0,naive,PASCO
2021-05-17,0.0,0.0,naive,PASCO
2021-05-24,0.0,0.0,naive,PASCO
2021-05-31,0.0,0.0,naive,PASCO
2021-06-07,0.0,0.0,naive,PASCO
2021-06-14,0.0,0.0,naive,PASCO
2021-06-21,0.0,0.0,naive,PASCO
2021-06-28,0.0,0.0,naive,PASCO
2021-07-05,0.0,0.0,naive,PASCO
2021-07-12,0.37055702131443985,0.0,naive,PASCO
2021-07-19,0.37055702131443985,0.0,naive,PASCO
2021-07-26,0.37055702131443985,0.37055702131443985,naive,PASCO
2021-08-02,0.0,0.37055702131443985,naive,PASCO
2021-08-09,0.0,0.37055702131443985,naive,PASCO
2021-08-16,0.0,0.37055702131443985,naive,PASCO
2021-08-23,0.0,0.0,naive,PASCO
2021-08-30,0.0,0.0,naive,PASCO
2021-09-06,0.0,0.0,naive,PASCO
2021-09-13,0.0,0.0,naive,PASCO
2021-09-20,0.0,0.0,naive,PASCO
2021-09-27,0.0,0.0,naive,PASCO
2021-10-04,0.0,0.0,naive,PASCO
2021-10-11,0.0,0.0,naive,PASCO
2021-10-18,0.0,0.0,naive,PASCO
2021-10-25,0.0,0.0,naive,PASCO
2021-11-01,0.0,0.0,naive,PASCO
2021-11-08,0.0,0.0,naive,PASCO
2021-11-15,0.0,0.0,naive,PASCO
2021-11-22,0.0,0.0,naive,PASCO
2021-11-29,0.0,0.0,naive,PASCO
2021-12-06,0.0,0.0,naive,PASCO
2021-12-13,0.0,0.0,naive,PASCO
2021-12-20,0.0,0.0,naive,PASCO
2021-12-27,0.0,0.0,naive,PASCO
2022-01-03,0.0,0.0,naive,PASCO
2022-01-10,0.0,0.0,naive,PASCO
2022-01-17,0.0,0.0,naive,PASCO
2022-01-24,0.0,0.0,naive,PASCO
2022-01-31,0.0,0.0,naive,PASCO
2022-02-07,0.0,0.0,naive,PASCO
2022-02-14,0.0,0.0,naive,PASCO
2022-02-21,0.0,0.0,naive,PASCO
2022-02-28,0.0,0.0,naive,PASCO
2022-03-07,0.0,0.0,naive,PASCO
2022-03-14,0.37133860139029173,0.0,naive,PASCO
2022-03-21,0.37133860139029173,0.0,naive,PASCO
2022-03-28,0.37133860139029173,0.0,naive,PASCO
2022-04-04,0.37133860139029173,0.3713386013902917,naive,PASCO
2022-04-11,0.37133860139029173,0.3713386013902917,naive,PASCO
2022-04-18,0.37133860139029173,0.3713386013902917,naive,PASCO
2022-04-25,0.0,0.3713386013902917,naive,PASCO
2022-05-02,0.0,0.0,naive,PASCO
2022-05-09,0.0,0.0,naive,PASCO
2022-05-16,0.0,0.0,naive,PASCO
2022-05-23,0.0,0.0,naive,PASCO
2022-05-30,0.0,0.0,naive,PASCO
2022-06-06,0.0,0.0,naive,PASCO
2022-06-13,0.37133860139029173,0.0,naive,PASCO
2022-06-20,0.37133860139029173,0.0,naive,PASCO
2022-06-27,0.37133860139029173,0.3713386013902917,naive,PASCO
2022-07-04,0.0,0.3713386013902917,naive,PASCO
2022-07-11,0.0,0.3713386013902917,naive,PASCO
2022-07-18,0.37133860139029173,0.3713386013902917,naive,PASCO
2022-07-25,0.37133860139029173,0.3713386013902917,naive,PASCO
2022-08-01,0.37133860139029173,0.3713386013902917,naive,PASCO
2022-08-08,0.37133860139029173,0.3713386013902917,naive,PASCO
2022-08-15,0.37133860139029173,0.3713386013902917,naive,PASCO
2022-08-22,0.37133860139029173,0.3713386013902917,naive,PASCO
2022-08-29,0.0,0.3713386013902917,naive,PASCO
2022-09-05,0.0,0.3713386013902917,naive,PASCO
2022-09-12,0.0,0.3713386013902917,naive,PASCO
2022-09-19,0.0,0.0,naive,PASCO
2022-09-26,0.0,0.0,naive,PASCO
2022-10-03,0.0,0.0,naive,PASCO
2022-10-10,0.0,0.0,naive,PASCO
2022-10-17,0.0,0.0,naive,PASCO
2022-10-24,0.0,0.0,naive,PASCO
2022-10-31,0.0,0.0,naive,PASCO
2022-11-07,0.0,0.0,naive,PASCO
2022-11-14,0.0,0.0,naive,PASCO
2022-11-21,0.0,0.0,naive,PASCO
2022-11-28,0.0,0.0,naive,PASCO
2022-12-05,0.0,0.0,naive,PASCO
2010-12-27,0.35977046644240973,0.0,seasonal_naive,PASCO
2011-01-03,0.35977046644240973,0.0,seasonal_naive,PASCO
2011-01-10,0.0,0.0,seasonal_naive,PASCO
2011-01-17,0.0,0.35977046644240973,seasonal_naive,PASCO
2011-01-24,0.0,0.35977046644240973,seasonal_naive,PASCO
2011-01-31,0.0,0.35977046644240973,seasonal_naive,PASCO
2011-02-07,0.0,0.0,seasonal_naive,PASCO
2011-02-14,0.0,0.35977046644240973,seasonal_naive,PASCO
2011-02-21,0.0,0.7195409328848195,seasonal_naive,PASCO
2011-02-28,0.0,0.7195409328848195,seasonal_naive,PASCO
2011-03-07,0.0,0.35977046644240973,seasonal_naive,PASCO
2011-03-14,0.0,0.0,seasonal_naive,PASCO
2011-03-21,0.0,0.0,seasonal_naive,PASCO
2011-03-28,0.36085059702731276,0.35977046644240973,seasonal_naive,PASCO
2011-04-04,1.0791622473947855,0.35977046644240973,seasonal_naive,PASCO
2011-04-11,1.0791622473947855,0.35977046644240973,seasonal_naive,PASCO
2011-04-18,1.0791622473947855,0.0,seasonal_naive,PASCO
2011-04-25,0.36085059702731276,0.35977046644240973,seasonal_naive,PASCO
2011-05-02,0.36085059702731276,0.35977046644240973,seasonal_naive,PASCO
2011-05-09,0.36085059702731276,0.35977046644240973,seasonal_naive,PASCO
2011-05-16,0.36085059702731276,0.0,seasonal_naive,PASCO
2011-05-23,0.7217011940546255,0.35977046644240973,seasonal_naive,PASCO
2011-05-30,0.36085059702731276,0.35977046644240973,seasonal_naive,PASCO
2011-06-06,0.36085059702731276,0.7195409328848195,seasonal_naive,PASCO
2011-06-13,0.0,0.35977046644240973,seasonal_naive,PASCO
2011-06-20,0.0,0.35977046644240973,seasonal_naive,PASCO
2011-06-27,0.0,0.0,seasonal_naive,PASCO
2011-07-04,0.0,0.0,seasonal_naive,PASCO
2011-07-11,0.0,0.0,seasonal_naive,PASCO
2011-07-18,0.0,0.0,seasonal_naive,PASCO
2011-07-25,0.0,0.0,seasonal_naive,PASCO
2011-08-01,0.0,0.0,seasonal_naive,PASCO
2011-08-08,0.0,0.0,seasonal_naive,PASCO
2011-08-15,0.0,0.0,seasonal_naive,PASCO
2011-08-22,0.0,0.0,seasonal_naive,PASCO
2011-08-29,0.0,0.0,seasonal_naive,PASCO
2011-09-05,0.0,0.0,seasonal_naive,PASCO
2011-09-12,0.0,0.0,seasonal_naive,PASCO
2011-09-19,0.0,0.0,seasonal_naive,PASCO
2011-09-26,0.0,0.0,seasonal_naive,PASCO
2011-10-03,0.0,0.35977046644240973,seasonal_naive,PASCO
2011-10-10,0.0,0.35977046644240973,seasonal_naive,PASCO
2011-10-17,0.0,0.7195409328848195,seasonal_naive,PASCO
2011-10-24,0.0,0.35977046644240973,seasonal_naive,PASCO
2011-10-31,0.0,0.35977046644240973,seasonal_naive,PASCO
2011-11-07,0.0,0.0,seasonal_naive,PASCO
2011-11-14,0.0,0.0,seasonal_naive,PASCO
2011-11-21,0.0,0.0,seasonal_naive,PASCO
2011-11-28,0.0,0.0,seasonal_naive,PASCO
2011-12-05,0.0,0.0,seasonal_naive,PASCO
2011-12-12,0.0,0.0,seasonal_naive,PASCO
2011-12-19,0.0,0.35977046644240973,seasonal_naive,PASCO
2011-12-26,0.0,0.35977046644240973,seasonal_naive,PASCO
2012-01-02,0.3619359228642161,0.35977046644240973,seasonal_naive,PASCO
2012-01-09,0.3619359228642161,0.0,seasonal_naive,PASCO
2012-01-16,0.3619359228642161,0.0,seasonal_naive,PASCO
2012-01-23,0.0,0.0,seasonal_naive,PASCO
2012-01-30,0.3619359228642161,0.0,seasonal_naive,PASCO
2012-02-06,0.7238718457284322,0.0,seasonal_naive,PASCO
2012-02-13,0.7238718457284322,0.0,seasonal_naive,PASCO
2012-02-20,0.3619359228642161,0.0,seasonal_naive,PASCO
2012-02-27,0.0,0.0,seasonal_naive,PASCO
2012-03-05,0.0,0.0,seasonal_naive,PASCO
2012-03-12,0.0,0.0,seasonal_naive,PASCO
2012-03-19,0.0,0.0,seasonal_naive,PASCO
2012-03-26,0.0,0.36085059702731276,seasonal_naive,PASCO
2012-04-02,0.0,1.0791622473947853,seasonal_naive,PASCO
2012-04-09,0.0,1.0791622473947853,seasonal_naive,PASCO
2012-04-16,0.0,1.0791622473947853,seasonal_naive,PASCO
2012-04-23,0.0,0.36085059702731276,seasonal_naive,PASCO
2012-04-30,0.0,0.36085059702731276,seasonal_naive,PASCO
2012-05-07,0.0,0.36085059702731276,seasonal_naive,PASCO
2012-05-14,0.0,0.36085059702731276,seasonal_naive,PASCO
2012-05-21,0.3619359228642161,0.7217011940546254,seasonal_naive,PASCO
2012-05-28,0.7238718457284322,0.36085059702731276,seasonal_naive,PASCO
2012-06-04,0.7238718457284322,0.36085059702731276,seasonal_naive,PASCO
2012-06-11,0.7238718457284322,0.0,seasonal_naive,PASCO
2012-06-18,0.3619359228642161,0.0,seasonal_naive,PASCO
2012-06-25,0.3619359228642161,0.0,seasonal_naive,PASCO
2012-07-02,0.0,0.0,seasonal_naive,PASCO
2012-07-09,0.0,0.0,seasonal_naive,PASCO
2012-07-16,0.3619359228642161,0.0,seasonal_naive,PASCO
2012-07-23,0.3619359228642161,0.0,seasonal_naive,PASCO
2012-07-30,0.3619359228642161,0.0,seasonal_naive,PASCO
2012-08-06,0.0,0.0,seasonal_naive,PASCO
2012-08-13,0.0,0.0,seasonal_naive,PASCO
2012-08-20,0.0,0.0,seasonal_naive,PASCO
2012-08-27,0.0,0.0,seasonal_naive,PASCO
2012-09-03,0.0,0.0,seasonal_naive,PASCO
2012-09-10,0.0,0.0,seasonal_naive,PASCO
2012-09-17,0.0,0.0,seasonal_naive,PASCO
2012-09-24,0.0,0.0,seasonal_naive,PASCO
2012-10-01,0.3619359228642161,0.0,seasonal_naive,PASCO
2012-10-08,0.7238718457284322,0.0,seasonal_naive,PASCO
2012-10-15,0.7238718457284322,0.0,seasonal_naive,PASCO
2012-10-22,0.3619359228642161,0.0,seasonal_naive,PASCO
2012-10-29,0.7183116503674728,0.0,seasonal_naive,PASCO
2012-11-05,1.080247573231689,0.0,seasonal_naive,PASCO
2012-11-12,1.080247573231689,0.0,seasonal_naive,PASCO
2012-11-19,0.3619359228642161,0.0,seasonal_naive,PASCO
2012-11-26,0.0,0.0,seasonal_naive,PASCO
2012-12-03,0.0,0.0,seasonal_naive,PASCO
2012-12-10,0.0,0.0,seasonal_naive,PASCO
2012-12-17,0.0,0.0,seasonal_naive,PASCO
2012-12-24,0.0,0.0,seasonal_naive,PASCO
2012-12-31,0.0,0.36193592286421616,seasonal_naive,PASCO
2013-01-07,0.0,0.36193592286421616,seasonal_naive,PASCO
2013-01-14,0.0,0.36193592286421616,seasonal_naive,PASCO
2013-01-21,0.36302779703841925,0.0,seasonal_naive,PASCO
2013-01-28,0.7260555940768385,0.36193592286421616,seasonal_naive,PASCO
2013-02-04,1.0890833911152578,0.7238718457284323,seasonal_naive,PASCO
2013-02-11,0.7260555940768384,0.7238718457284323,seasonal_naive,PASCO
2013-02-18,0.36302779703841925,0.36193592286421616,seasonal_naive,PASCO
2013-02-25,0.0,0.0,seasonal_naive,PASCO
2013-03-04,0.0,0.0,seasonal_naive,PASCO
2013-03-11,0.0,0.0,seasonal_naive,PASCO
2013-03-18,0.0,0.0,seasonal_naive,PASCO
2013-03-25,0.36302779703841925,0.0,seasonal_naive,PASCO
2013-04-01,0.36302779703841925,0.0,seasonal_naive,PASCO
2013-04-08,0.7260555940768385,0.0,seasonal_naive,PASCO
2013-04-15,0.7260555940768385,0.0,seasonal_naive,PASCO
2013-04-22,0.7260555940768385,0.0,seasonal_naive,PASCO
2013-04-29,0.36302779703841925,0.0,seasonal_naive,PASCO
2013-05-06,0.0,0.0,seasonal_naive,PASCO
2013-05-13,0.0,0.0,seasonal_naive,PASCO
2013-05-20,0.0,0.36193592286421616,seasonal_naive,PASCO
2013-05-27,0.0,0.7238718457284323,seasonal_naive,PASCO
2013-06-03,0.0,0.7238718457284323,seasonal_naive,PASCO
2013-06-10,0.36302779703841925,0.7238718457284323,seasonal_naive,PASCO
2013-06-17,0.36302779703841925,0.36193592286421616,seasonal_naive,PASCO
2013-06-24,0.7260555940768385,0.36193592286421616,seasonal_naive,PASCO
2013-07-01,0.36302779703841925,0.0,seasonal_naive,PASCO
2013-07-08,0.36302779703841925,0.0,seasonal_naive,PASCO
2013-07-15,0.0,0.36193592286421616,seasonal_naive,PASCO
2013-07-22,0.36302779703841925,0.36193592286421616,seasonal_naive,PASCO
2013-07-29,1.081339447405892,0.36193592286421616,seasonal_naive,PASCO
2013-08-05,1.0813394474058922,0.0,seasonal_naive,PASCO
2013-08-12,1.0813394474058924,0.0,seasonal_naive,PASCO
2013-08-19,0.36302779703841925,0.0,seasonal_naive,PASCO
2013-08-26,0.36302779703841925,0.0,seasonal_naive,PASCO
2013-09-02,0.0,0.0,seasonal_naive,PASCO
2013-09-09,0.0,0.0,seasonal_naive,PASCO
2013-09-16,0.0,0.0,seasonal_naive,PASCO
2013-09-23,0.0,0.0,seasonal_naive,PASCO
2013-09-30,0.0,0.36193592286421616,seasonal_naive,PASCO
2013-10-07,0.0,0.7238718457284323,seasonal_naive,PASCO
2013-10-14,0.0,0.7238718457284323,seasonal_naive,PASCO
2013-10-21,0.0,0.36193592286421616,seasonal_naive,PASCO
2013-10-28,0.0,0.7183116503674729,seasonal_naive,PASCO
2013-11-04,0.0,1.0802475732316892,seasonal_naive,PASCO
2013-11-11,0.0,1.0802475732316892,seasonal_naive,PASCO
2013-11-18,0.36302779703841925,0.36193592286421616,seasonal_naive,PASCO
2013-11-25,0.36302779703841925,0.0,seasonal_naive,PASCO
2013-12-02,0.36302779703841925,0.0,seasonal_naive,PASCO
2013-12-09,0.0,0.0,seasonal_naive,PASCO
2013-12-16,0.0,0.0,seasonal_naive,PASCO
2013-12-23,0.0,0.0,seasonal_naive,PASCO
2013-12-30,0.36302779703841925,0.0,seasonal_naive,PASCO
2014-01-06,0.36302779703841925,0.0,seasonal_naive,PASCO
2014-01-13,0.36302779703841925,0.0,seasonal_naive,PASCO
2014-01-20,0.0,0.3630277970384193,seasonal_naive,PASCO
2014-01-27,0.0,0.7260555940768385,seasonal_naive,PASCO
2014-02-03,0.0,1.0890833911152575,seasonal_naive,PASCO
2014-02-10,0.0,0.7260555940768383,seasonal_naive,PASCO
2014-02-17,0.0,0.3630277970384193,seasonal_naive,PASCO
2014-02-24,0.0,0.0,seasonal_naive,PASCO
2014-03-03,0.0,0.0,seasonal_naive,PASCO
2014-03-10,0.7183116503674728,0.0,seasonal_naive,PASCO
2014-03-17,0.7183116503674728,0.0,seasonal_naive,PASCO
2014-03-24,0.7183116503674728,0.3630277970384193,seasonal_naive,PASCO
2014-03-31,0.0,0.3630277970384193,seasonal_naive,PASCO
2014-04-07,0.36412760487785345,0.7260555940768385,seasonal_naive,PASCO
2014-04-14,0.36412760487785345,0.7260555940768385,seasonal_naive,PASCO
2014-04-21,0.36412760487785345,0.7260555940768385,seasonal_naive,PASCO
2014-04-28,0.0,0.3630277970384193,seasonal_naive,PASCO
2014-05-05,0.7183116503674728,0.0,seasonal_naive,PASCO
2014-05-12,0.7183116503674728,0.0,seasonal_naive,PASCO
2014-05-19,0.7183116503674728,0.0,seasonal_naive,PASCO
2014-05-26,0.0,0.0,seasonal_naive,PASCO
2014-06-02,0.0,0.0,seasonal_naive,PASCO
2014-06-09,0.0,0.3630277970384193,seasonal_naive,PASCO
2014-06-16,0.0,0.3630277970384193,seasonal_naive,PASCO
2014-06-23,0.0,0.7260555940768385,seasonal_naive,PASCO
2014-06-30,0.0,0.3630277970384193,seasonal_naive,PASCO
2014-07-07,0.0,0.3630277970384193,seasonal_naive,PASCO
2014-07-14,0.0,0.0,seasonal_naive,PASCO
2014-07-21,0.0,0.3630277970384193,seasonal_naive,PASCO
2014-07-28,0.0,1.0813394474058917,seasonal_naive,PASCO
2014-08-04,0.0,1.0813394474058922,seasonal_naive,PASCO
2014-08-11,0.0,1.0813394474058922,seasonal_naive,PASCO
2014-08-18,0.0,0.3630277970384193,seasonal_naive,PASCO
2014-08-25,0.0,0.3630277970384193,seasonal_naive,PASCO
2014-09-01,0.0,0.0,seasonal_naive,PASCO
2014-09-08,0.0,0.0,seasonal_naive,PASCO
2014-09-15,0.0,0.0,seasonal_naive,PASCO
2014-09-22,0.0,0.0,seasonal_naive,PASCO
2014-09-29,0.0,0.0,seasonal_naive,PASCO
2014-10-06,0.0,0.0,seasonal_naive,PASCO
2014-10-13,0.0,0.0,seasonal_naive,PASCO
2014-10-20,0.0,0.0,seasonal_naive,PASCO
2014-10-27,0.0,0.0,seasonal_naive,PASCO
2014-11-03,0.36412760487785345,0.0,seasonal_naive,PASCO
2014-11-10,0.36412760487785345,0.0,seasonal_naive,PASCO
2014-11-17,0.36412760487785345,0.3630277970384193,seasonal_naive,PASCO
2014-11-24,0.0,0.3630277970384193,seasonal_naive,PASCO
2014-12-01,0.0,0.3630277970384193,seasonal_naive,PASCO
2014-12-08,0.0,0.0,seasonal_naive,PASCO
2014-12-15,0.0,0.0,seasonal_naive,PASCO
2014-12-22,0.0,0.0,seasonal_naive,PASCO
2014-12-29,0.0,0.3630277970384193,seasonal_naive,PASCO
2015-01-05,0.36523276283975775,0.3630277970384193,seasonal_naive,PASCO
2015-01-12,0.36523276283975775,0.3630277970384193,seasonal_naive,PASCO
2015-01-19,0.36523276283975775,0.0,seasonal_naive,PASCO
2015-01-26,0.0,0.0,seasonal_naive,PASCO
2015-02-02,0.0,0.0,seasonal_naive,PASCO
2015-02-09,0.0,0.0,seasonal_naive,PASCO
2015-02-16,0.36523276283975775,0.0,seasonal_naive,PASCO
2015-02-23,0.36523276283975775,0.0,seasonal_naive,PASCO
2015-03-02,0.36523276283975775,0.0,seasonal_naive,PASCO
2015-03-09,0.0,0.7183116503674729,seasonal_naive,PASCO
2015-03-16,0.36523276283975775,0.7183116503674729,seasonal_naive,PASCO
2015-03-23,0.36523276283975775,0.7183116503674729,seasonal_naive,PASCO
2015-03-30,0.7304655256795155,0.0,seasonal_naive,PASCO
2015-04-06,0.36523276283975775,0.3641276048778535,seasonal_naive,PASCO
2015-04-13,0.36523276283975775,0.3641276048778535,seasonal_naive,PASCO
2015-04-20,0.0,0.3641276048778535,seasonal_naive,PASCO
2015-04-27,0.0,0.0,seasonal_naive,PASCO
2015-05-04,0.0,0.7183116503674729,seasonal_naive,PASCO
2015-05-11,0.0,0.7183116503674729,seasonal_naive,PASCO
2015-05-18,0.0,0.7183116503674729,seasonal_naive,PASCO
2015-05-25,0.7183116503674728,0.0,seasonal_naive,PASCO
2015-06-01,0.7183116503674728,0.0,seasonal_naive,PASCO
2015-06-08,1.0835444132072307,0.0,seasonal_naive,PASCO
2015-06-15,0.36523276283975775,0.0,seasonal_naive,PASCO
2015-06-22,0.36523276283975775,0.0,seasonal_naive,PASCO
2015-06-29,0.0,0.0,seasonal_naive,PASCO
2015-07-06,0.0,0.0,seasonal_naive,PASCO
2015-07-13,0.0,0.0,seasonal_naive,PASCO
2015-07-20,0.36523276283975775,0.0,seasonal_naive,PASCO
2015-07-27,0.7304655256795155,0.0,seasonal_naive,PASCO
2015-08-03,0.7304655256795155,0.0,seasonal_naive,PASCO
2015-08-10,0.36523276283975775,0.0,seasonal_naive,PASCO
2015-08-17,0.0,0.0,seasonal_naive,PASCO
2015-08-24,0.0,0.0,seasonal_naive,PASCO
2015-08-31,0.0,0.0,seasonal_naive,PASCO
2015-09-07,0.0,0.0,seasonal_naive,PASCO
2015-09-14,0.0,0.0,seasonal_naive,PASCO
2015-09-21,0.0,0.0,seasonal_naive,PASCO
2015-09-28,0.0,0.0,seasonal_naive,PASCO
2015-10-05,0.0,0.0,seasonal_naive,PASCO
2015-10-12,0.0,0.0,seasonal_naive,PASCO
2015-10-19,0.36523276283975775,0.0,seasonal_naive,PASCO
2015-10-26,0.7304655256795155,0.0,seasonal_naive,PASCO
2015-11-02,1.0956982885192732,0.3641276048778535,seasonal_naive,PASCO
2015-11-09,0.7304655256795156,0.3641276048778535,seasonal_naive,PASCO
2015-11-16,0.36523276283975775,0.3641276048778535,seasonal_naive,PASCO
2015-11-23,0.0,0.0,seasonal_naive,PASCO
2015-11-30,0.0,0.0,seasonal_naive,PASCO
2015-12-07,0.0,0.0,seasonal_naive,PASCO
2015-12-14,0.0,0.0,seasonal_naive,PASCO
2015-12-21,0.0,0.0,seasonal_naive,PASCO
2015-12-28,0.0,0.0,seasonal_naive,PASCO
2016-01-04,0.0,0.36523276283975775,seasonal_naive,PASCO
2016-01-11,0.0,0.36523276283975775,seasonal_naive,PASCO
2016-01-18,0.3663446497195631,0.36523276283975775,seasonal_naive,PASCO
2016-01-25,0.3663446497195631,0.0,seasonal_naive,PASCO
2016-02-01,0.3663446497195631,0.0,seasonal_naive,PASCO
2016-02-08,0.0,0.0,seasonal_naive,PASCO
2016-02-15,0.3663446497195631,0.36523276283975775,seasonal_naive,PASCO
2016-02-22,0.3663446497195631,0.36523276283975775,seasonal_naive,PASCO
2016-02-29,0.7326892994391262,0.36523276283975775,seasonal_naive,PASCO
2016-03-07,0.3663446497195631,0.0,seasonal_naive,PASCO
2016-03-14,0.3663446497195631,0.36523276283975775,seasonal_naive,PASCO
2016-03-21,0.0,0.36523276283975775,seasonal_naive,PASCO
2016-03-28,0.0,0.7304655256795154,seasonal_naive,PASCO
2016-04-04,0.0,0.36523276283975775,seasonal_naive,PASCO
2016-04-11,0.0,0.36523276283975775,seasonal_naive,PASCO
2016-04-18,0.0,0.0,seasonal_naive,PASCO
2016-04-25,0.0,0.0,seasonal_naive,PASCO
2016-05-02,0.0,0.0,seasonal_naive,PASCO
2016-05-09,0.0,0.0,seasonal_naive,PASCO
2016-05-16,0.0,0.0,seasonal_naive,PASCO
2016-05-23,0.0,0.7183116503674729,seasonal_naive,PASCO
2016-05-30,0.0,0.7183116503674729,seasonal_naive,PASCO
2016-06-06,0.0,1.083544413207231,seasonal_naive,PASCO
2016-06-13,0.0,0.36523276283975775,seasonal_naive,PASCO
2016-06-20,0.0,0.36523276283975775,seasonal_naive,PASCO
2016-06-27,0.0,0.0,seasonal_naive,PASCO
2016-07-04,0.0,0.0,seasonal_naive,PASCO
2016-07-11,0.0,0.0,seasonal_naive,PASCO
2016-07-18,0.0,0.36523276283975775,seasonal_naive,PASCO
2016-07-25,0.0,0.7304655256795154,seasonal_naive,PASCO
2016-08-01,0.0,0.7304655256795154,seasonal_naive,PASCO
2016-08-08,0.0,0.36523276283975775,seasonal_naive,PASCO
2016-08-15,0.0,0.0,seasonal_naive,PASCO
2016-08-22,0.3663446497195631,0.0,seasonal_naive,PASCO
2016-08-29,0.3663446497195631,0.0,seasonal_naive,PASCO
2016-09-05,0.3663446497195631,0.0,seasonal_naive,PASCO
2016-09-12,0.0,0.0,seasonal_naive,PASCO
2016-09-19,0.0,0.0,seasonal_naive,PASCO
2016-09-26,0.0,0.0,seasonal_naive,PASCO
2016-10-03,0.0,0.0,seasonal_naive,PASCO
2016-10-10,0.0,0.0,seasonal_naive,PASCO
2016-10-17,0.0,0.36523276283975775,seasonal_naive,PASCO
2016-10-24,0.0,0.7304655256795154,seasonal_naive,PASCO
2016-10-31,0.0,1.0956982885192734,seasonal_naive,PASCO
2016-11-07,0.0,0.7304655256795156,seasonal_naive,PASCO
2016-11-14,0.0,0.36523276283975775,seasonal_naive,PASCO
2016-11-21,0.0,0.0,seasonal_naive,PASCO
2016-11-28,0.0,0.0,seasonal_naive,PASCO
2016-12-05,0.0,0.0,seasonal_naive,PASCO
2016-12-12,0.0,0.0,seasonal_naive,PASCO
2016-12-19,0.0,0.0,seasonal_naive,PASCO
2016-12-26,0.0,0.0,seasonal_naive,PASCO
2017-01-02,0.0,0.0,seasonal_naive,PASCO
2017-01-09,0.0,0.0,seasonal_naive,PASCO
2017-01-16,0.0,0.36634464971956315,seasonal_naive,PASCO
2017-01-23,0.0,0.36634464971956315,seasonal_naive,PASCO
2017-01-30,0.0,0.36634464971956315,seasonal_naive,PASCO
2017-02-06,0.0,0.0,seasonal_naive,PASCO
2017-02-13,0.0,0.36634464971956315,seasonal_naive,PASCO
2017-02-20,0.0,0.36634464971956315,seasonal_naive,PASCO
2017-02-27,0.0,0.7326892994391263,seasonal_naive,PASCO
2017-03-06,0.0,0.36634464971956315,seasonal_naive,PASCO
2017-03-13,0.0,0.36634464971956315,seasonal_naive,PASCO
2017-03-20,0.0,0.0,seasonal_naive,PASCO
2017-03-27,0.0,0.0,seasonal_naive,PASCO
2017-04-03,0.0,0.0,seasonal_naive,PASCO
2017-04-10,0.36746332715994945,0.0,seasonal_naive,PASCO
2017-04-17,0.36746332715994945,0.0,seasonal_naive,PASCO
2017-04-24,0.36746332715994945,0.0,seasonal_naive,PASCO
2017-05-01,0.0,0.0,seasonal_naive,PASCO
2017-05-08,0.36746332715994945,0.0,seasonal_naive,PASCO
2017-05-15,0.36746332715994945,0.0,seasonal_naive,PASCO
2017-05-22,0.36746332715994945,0.0,seasonal_naive,PASCO
2017-05-29,0.0,0.0,seasonal_naive,PASCO
2017-06-05,0.0,0.0,seasonal_naive,PASCO
2017-06-12,0.0,0.0,seasonal_naive,PASCO
2017-06-19,0.36746332715994945,0.0,seasonal_naive,PASCO
2017-06-26,0.36746332715994945,0.0,seasonal_naive,PASCO
2017-07-03,0.36746332715994945,0.0,seasonal_naive,PASCO
2017-07-10,0.0,0.0,seasonal_naive,PASCO
2017-07-17,0.0,0.0,seasonal_naive,PASCO
2017-07-24,0.0,0.0,seasonal_naive,PASCO
2017-07-31,0.0,0.0,seasonal_naive,PASCO
2017-08-07,0.0,0.0,seasonal_naive,PASCO
2017-08-14,0.0,0.0,seasonal_naive,PASCO
2017-08-21,0.0,0.36634464971956315,seasonal_naive,PASCO
2017-08-28,0.0,0.36634464971956315,seasonal_naive,PASCO
2017-09-04,0.0,0.36634464971956315,seasonal_naive,PASCO
2017-09-11,0.0,0.0,seasonal_naive,PASCO
2017-09-18,0.0,0.0,seasonal_naive,PASCO
2017-09-25,0.0,0.0,seasonal_naive,PASCO
2017-10-02,0.0,0.0,seasonal_naive,PASCO
2017-10-09,0.0,0.0,seasonal_naive,PASCO
2017-10-16,0.0,0.0,seasonal_naive,PASCO
2017-10-23,0.0,0.0,seasonal_naive,PASCO
2017-10-30,0.0,0.0,seasonal_naive,PASCO
2017-11-06,0.0,0.0,seasonal_naive,PASCO
2017-11-13,0.0,0.0,seasonal_naive,PASCO
2017-11-20,0.0,0.0,seasonal_naive,PASCO
2017-11-27,0.0,0.0,seasonal_naive,PASCO
2017-12-04,0.0,0.0,seasonal_naive,PASCO
2017-12-11,0.0,0.0,seasonal_naive,PASCO
2017-12-18,0.36746332715994945,0.0,seasonal_naive,PASCO
2017-12-25,0.36746332715994945,0.0,seasonal_naive,PASCO
2018-01-01,0.36746332715994945,0.0,seasonal_naive,PASCO
2018-01-08,0.0,0.0,seasonal_naive,PASCO
2018-01-15,0.0,0.0,seasonal_naive,PASCO
2018-01-22,0.0,0.0,seasonal_naive,PASCO
2018-01-29,0.0,0.0,seasonal_naive,PASCO
2018-02-05,0.0,0.0,seasonal_naive,PASCO
2018-02-12,0.0,0.0,seasonal_naive,PASCO
2018-02-19,0.0,0.0,seasonal_naive,PASCO
2018-02-26,0.0,0.0,seasonal_naive,PASCO
2018-03-05,0.0,0.0,seasonal_naive,PASCO
2018-03-12,0.0,0.0,seasonal_naive,PASCO
2018-03-19,0.0,0.0,seasonal_naive,PASCO
2018-03-26,0.0,0.0,seasonal_naive,PASCO
2018-04-02,0.0,0.0,seasonal_naive,PASCO
2018-04-09,0.0,0.3674633271599495,seasonal_naive,PASCO
2018-04-16,0.0,0.3674633271599495,seasonal_naive,PASCO
2018-04-23,0.3682318977199081,0.3674633271599495,seasonal_naive,PASCO
2018-04-30,0.3682318977199081,0.0,seasonal_naive,PASCO
2018-05-07,0.3682318977199081,0.3674633271599495,seasonal_naive,PASCO
2018-05-14,0.0,0.3674633271599495,seasonal_naive,PASCO
2018-05-21,0.0,0.3674633271599495,seasonal_naive,PASCO
2018-05-28,0.0,0.0,seasonal_naive,PASCO
2018-06-04,0.0,0.0,seasonal_naive,PASCO
2018-06-11,0.3682318977199081,0.0,seasonal_naive,PASCO
2018-06-18,0.7364637954398162,0.3674633271599495,seasonal_naive,PASCO
2018-06-25,0.7364637954398162,0.3674633271599495,seasonal_naive,PASCO
2018-07-02,0.3682318977199081,0.3674633271599495,seasonal_naive,PASCO
2018-07-09,0.3682318977199081,0.0,seasonal_naive,PASCO
2018-07-16,0.3682318977199081,0.0,seasonal_naive,PASCO
2018-07-23,0.3682318977199081,0.0,seasonal_naive,PASCO
2018-07-30,0.0,0.0,seasonal_naive,PASCO
2018-08-06,0.0,0.0,seasonal_naive,PASCO
2018-08-13,0.0,0.0,seasonal_naive,PASCO
2018-08-20,0.0,0.0,seasonal_naive,PASCO
2018-08-27,0.0,0.0,seasonal_naive,PASCO
2018-09-03,0.3682318977199081,0.0,seasonal_naive,PASCO
2018-09-10,0.3682318977199081,0.0,seasonal_naive,PASCO
2018-09-17,0.7364637954398162,0.0,seasonal_naive,PASCO
2018-09-24,0.3682318977199081,0.0,seasonal_naive,PASCO
2018-10-01,0.3682318977199081,0.0,seasonal_naive,PASCO
2018-10-08,0.0,0.0,seasonal_naive,PASCO
2018-10-15,0.0,0.0,seasonal_naive,PASCO
2018-10-22,0.3682318977199081,0.0,seasonal_naive,PASCO
2018-10-29,0.3682318977199081,0.0,seasonal_naive,PASCO
2018-11-05,0.3682318977199081,0.0,seasonal_naive,PASCO
2018-11-12,0.0,0.0,seasonal_naive,PASCO
2018-11-19,0.0,0.0,seasonal_naive,PASCO
2018-11-26,0.0,0.0,seasonal_naive,PASCO
2018-12-03,0.3682318977199081,0.0,seasonal_naive,PASCO
2018-12-10,0.3682318977199081,0.0,seasonal_naive,PASCO
2018-12-17,0.3682318977199081,0.3674633271599495,seasonal_naive,PASCO
2018-12-24,0.0,0.3674633271599495,seasonal_naive,PASCO
2018-12-31,0.0,0.3674633271599495,seasonal_naive,PASCO
2019-01-07,0.0,0.0,seasonal_naive,PASCO
2019-01-14,0.0,0.0,seasonal_naive,PASCO
2019-01-21,0.0,0.0,seasonal_naive,PASCO
2019-01-28,0.3690036900369003,0.0,seasonal_naive,PASCO
2019-02-04,0.3690036900369003,0.0,seasonal_naive,PASCO
2019-02-11,0.3690036900369003,0.0,seasonal_naive,PASCO
2019-02-18,0.0,0.0,seasonal_naive,PASCO
2019-02-25,0.0,0.0,seasonal_naive,PASCO
2019-03-04,0.0,0.0,seasonal_naive,PASCO
2019-03-11,0.0,0.0,seasonal_naive,PASCO
2019-03-18,0.0,0.0,seasonal_naive,PASCO
2019-03-25,0.0,0.0,seasonal_naive,PASCO
2019-04-01,0.0,0.0,seasonal_naive,PASCO
2019-04-08,0.0,0.0,seasonal_naive,PASCO
2019-04-15,0.0,0.0,seasonal_naive,PASCO
2019-04-22,0.0,0.3682318977199081,seasonal_naive,PASCO
2019-04-29,0.0,0.3682318977199081,seasonal_naive,PASCO
2019-05-06,0.3690036900369003,0.3682318977199081,seasonal_naive,PASCO
2019-05-13,0.3690036900369003,0.0,seasonal_naive,PASCO
2019-05-20,0.3690036900369003,0.0,seasonal_naive,PASCO
2019-05-27,0.0,0.0,seasonal_naive,PASCO
2019-06-03,0.0,0.0,seasonal_naive,PASCO
2019-06-10,0.0,0.3682318977199081,seasonal_naive,PASCO
2019-06-17,0.0,0.7364637954398161,seasonal_naive,PASCO
2019-06-24,0.3690036900369003,0.7364637954398161,seasonal_naive,PASCO
2019-07-01,0.7380073800738006,0.3682318977199081,seasonal_naive,PASCO
2019-07-08,0.7380073800738006,0.3682318977199081,seasonal_naive,PASCO
2019-07-15,0.7380073800738006,0.3682318977199081,seasonal_naive,PASCO
2019-07-22,0.7380073800738006,0.3682318977199081,seasonal_naive,PASCO
2019-07-29,0.7380073800738006,0.0,seasonal_naive,PASCO
2019-08-05,0.3690036900369003,0.0,seasonal_naive,PASCO
2019-08-12,0.0,0.0,seasonal_naive,PASCO
2019-08-19,0.0,0.0,seasonal_naive,PASCO
2019-08-26,0.0,0.0,seasonal_naive,PASCO
2019-09-02,0.0,0.3682318977199081,seasonal_naive,PASCO
2019-09-09,0.0,0.3682318977199081,seasonal_naive,PASCO
2019-09-16,0.0,0.7364637954398161,seasonal_naive,PASCO
2019-09-23,0.0,0.3682318977199081,seasonal_naive,PASCO
2019-09-30,0.0,0.3682318977199081,seasonal_naive,PASCO
2019-10-07,0.0,0.0,seasonal_naive,PASCO
2019-10-14,0.0,0.0,seasonal_naive,PASCO
2019-10-21,0.0,0.3682318977199081,seasonal_naive,PASCO
2019-10-28,0.0,0.3682318977199081,seasonal_naive,PASCO
2019-11-04,0.0,0.3682318977199081,seasonal_naive,PASCO
2019-11-11,0.0,0.0,seasonal_naive,PASCO
2019-11-18,0.0,0.0,seasonal_naive,PASCO
2019-11-25,0.0,0.0,seasonal_naive,PASCO
2019-12-02,0.0,0.3682318977199081,seasonal_naive,PASCO
2019-12-09,0.0,0.3682318977199081,seasonal_naive,PASCO
2019-12-16,0.0,0.3682318977199081,seasonal_naive,PASCO
2019-12-23,0.0,0.0,seasonal_naive,PASCO
2019-12-30,0.0,0.0,seasonal_naive,PASCO
2020-01-06,0.0,0.0,seasonal_naive,PASCO
2020-01-13,0.0,0.0,seasonal_naive,PASCO
2020-01-20,0.0,0.0,seasonal_naive,PASCO
2020-01-27,0.0,0.3690036900369003,seasonal_naive,PASCO
2020-02-03,0.0,0.3690036900369003,seasonal_naive,PASCO
2020-02-10,0.0,0.3690036900369003,seasonal_naive,PASCO
2020-02-17,0.0,0.0,seasonal_naive,PASCO
2020-02-24,0.0,0.0,seasonal_naive,PASCO
2020-03-02,0.0,0.0,seasonal_naive,PASCO
2020-03-09,0.0,0.0,seasonal_naive,PASCO
2020-03-16,0.0,0.0,seasonal_naive,PASCO
2020-03-23,0.0,0.0,seasonal_naive,PASCO
2020-03-30,0.0,0.0,seasonal_naive,PASCO
2020-04-06,0.0,0.0,seasonal_naive,PASCO
2020-04-13,0.0,0.0,seasonal_naive,PASCO
2020-04-20,0.7183116503674728,0.0,seasonal_naive,PASCO
2020-04-27,0.7183116503674728,0.0,seasonal_naive,PASCO
2020-05-04,0.7183116503674728,0.3690036900369003,seasonal_naive,PASCO
2020-05-11,0.0,0.3690036900369003,seasonal_naive,PASCO
2020-05-18,0.0,0.3690036900369003,seasonal_naive,PASCO
2020-05-25,0.0,0.0,seasonal_naive,PASCO
2020-06-01,0.0,0.0,seasonal_naive,PASCO
2020-06-08,0.0,0.0,seasonal_naive,PASCO
2020-06-15,0.0,0.0,seasonal_naive,PASCO
2020-06-22,0.0,0.3690036900369003,seasonal_naive,PASCO
2020-06-29,0.36977872441131227,0.7380073800738005,seasonal_naive,PASCO
2020-07-06,0.36977872441131227,0.7380073800738005,seasonal_naive,PASCO
2020-07-13,0.36977872441131227,0.7380073800738005,seasonal_naive,PASCO
2020-07-20,0.0,0.7380073800738005,seasonal_naive,PASCO
2020-07-27,0.0,0.7380073800738005,seasonal_naive,PASCO
2020-08-03,0.0,0.3690036900369003,seasonal_naive,PASCO
2020-08-10,0.0,0.0,seasonal_naive,PASCO
2020-08-17,0.0,0.0,seasonal_naive,PASCO
2020-08-24,0.0,0.0,seasonal_naive,PASCO
2020-08-31,0.0,0.0,seasonal_naive,PASCO
2020-09-07,0.0,0.0,seasonal_naive,PASCO
2020-09-14,0.0,0.0,seasonal_naive,PASCO
2020-09-21,0.0,0.0,seasonal_naive,PASCO
2020-09-28,0.0,0.0,seasonal_naive,PASCO
2020-10-05,0.0,0.0,seasonal_naive,PASCO
2020-10-12,0.0,0.0,seasonal_naive,PASCO
2020-10-19,0.0,0.0,seasonal_naive,PASCO
2020-10-26,0.0,0.0,seasonal_naive,PASCO
2020-11-02,0.0,0.0,seasonal_naive,PASCO
2020-11-09,0.0,0.0,seasonal_naive,PASCO
2020-11-16,0.0,0.0,seasonal_naive,PASCO
2020-11-23,0.0,0.0,seasonal_naive,PASCO
2020-11-30,0.0,0.0,seasonal_naive,PASCO
2020-12-07,0.0,0.0,seasonal_naive,PASCO
2020-12-14,0.0,0.0,seasonal_naive,PASCO
2020-12-21,0.0,0.0,seasonal_naive,PASCO
2020-12-28,0.0,0.0,seasonal_naive,PASCO
2021-01-04,0.0,0.0,seasonal_naive,PASCO
2021-01-11,0.0,0.0,seasonal_naive,PASCO
2021-01-18,0.0,0.0,seasonal_naive,PASCO
2021-01-25,0.0,0.0,seasonal_naive,PASCO
2021-02-01,0.0,0.0,seasonal_naive,PASCO
2021-02-08,0.0,0.0,seasonal_naive,PASCO
2021-02-15,0.0,0.0,seasonal_naive,PASCO
2021-02-22,0.0,0.0,seasonal_naive,PASCO
2021-03-01,0.0,0.0,seasonal_naive,PASCO
2021-03-08,0.0,0.0,seasonal_naive,PASCO
2021-03-15,0.0,0.0,seasonal_naive,PASCO
2021-03-22,0.0,0.0,seasonal_naive,PASCO
2021-03-29,0.0,0.0,seasonal_naive,PASCO
2021-04-05,0.0,0.0,seasonal_naive,PASCO
2021-04-12,0.0,0.0,seasonal_naive,PASCO
2021-04-19,0.0,0.7183116503674729,seasonal_naive,PASCO
2021-04-26,0.0,0.7183116503674729,seasonal_naive,PASCO
2021-05-03,0.0,0.7183116503674729,seasonal_naive,PASCO
2021-05-10,0.0,0.0,seasonal_naive,PASCO
2021-05-17,0.0,0.0,seasonal_naive,PASCO
2021-05-24,0.0,0.0,seasonal_naive,PASCO
2021-05-31,0.0,0.0,seasonal_naive,PASCO
2021-06-07,0.0,0.0,seasonal_naive,PASCO
2021-06-14,0.0,0.0,seasonal_naive,PASCO
2021-06-21,0.0,0.0,seasonal_naive,PASCO
2021-06-28,0.0,0.3697787244113124,seasonal_naive,PASCO
2021-07-05,0.0,0.3697787244113124,seasonal_naive,PASCO
2021-07-12,0.37055702131443985,0.3697787244113124,seasonal_naive,PASCO
2021-07-19,0.37055702131443985,0.0,seasonal_naive,PASCO
2021-07-26,0.37055702131443985,0.0,seasonal_naive,PASCO
2021-08-02,0.0,0.0,seasonal_naive,PASCO
2021-08-09,0.0,0.0,seasonal_naive,PASCO
2021-08-16,0.0,0.0,seasonal_naive,PASCO
2021-08-23,0.0,0.0,seasonal_naive,PASCO
2021-08-30,0.0,0.0,seasonal_naive,PASCO
2021-09-06,0.0,0.0,seasonal_naive,PASCO
2021-09-13,0.0,0.0,seasonal_naive,PASCO
2021-09-20,0.0,0.0,seasonal_naive,PASCO
2021-09-27,0.0,0.0,seasonal_naive,PASCO
2021-10-04,0.0,0.0,seasonal_naive,PASCO
2021-10-11,0.0,0.0,seasonal_naive,PASCO
2021-10-18,0.0,0.0,seasonal_naive,PASCO
2021-10-25,0.0,0.0,seasonal_naive,PASCO
2021-11-01,0.0,0.0,seasonal_naive,PASCO
2021-11-08,0.0,0.0,seasonal_naive,PASCO
2021-11-15,0.0,0.0,seasonal_naive,PASCO
2021-11-22,0.0,0.0,seasonal_naive,PASCO
2021-11-29,0.0,0.0,seasonal_naive,PASCO
2021-12-06,0.0,0.0,seasonal_naive,PASCO
2021-12-13,0.0,0.0,seasonal_naive,PASCO
2021-12-20,0.0,0.0,seasonal_naive,PASCO
2021-12-27,0.0,0.0,seasonal_naive,PASCO
2022-01-03,0.0,0.0,seasonal_naive,PASCO
2022-01-10,0.0,0.0,seasonal_naive,PASCO
2022-01-17,0.0,0.0,seasonal_naive,PASCO
2022-01-24,0.0,0.0,seasonal_naive,PASCO
2022-01-31,0.0,0.0,seasonal_naive,PASCO
2022-02-07,0.0,0.0,seasonal_naive,PASCO
2022-02-14,0.0,0.0,seasonal_naive,PASCO
2022-02-21,0.0,0.0,seasonal_naive,PASCO
2022-02-28,0.0,0.0,seasonal_naive,PASCO
2022-03-07,0.0,0.0,seasonal_naive,PASCO
2022-03-14,0.37133860139029173,0.0,seasonal_naive,PASCO
2022-03-21,0.37133860139029173,0.0,seasonal_naive,PASCO
2022-03-28,0.37133860139029173,0.0,seasonal_naive,PASCO
2022-04-04,0.37133860139029173,0.0,seasonal_naive,PASCO
2022-04-11,0.37133860139029173,0.0,seasonal_naive,PASCO
2022-04-18,0.37133860139029173,0.0,seasonal_naive,PASCO
2022-04-25,0.0,0.0,seasonal_naive,PASCO
2022-05-02,0.0,0.0,seasonal_naive,PASCO
2022-05-09,0.0,0.0,seasonal_naive,PASCO
2022-05-16,0.0,0.0,seasonal_naive,PASCO
2022-05-23,0.0,0.0,seasonal_naive,PASCO
2022-05-30,0.0,0.0,seasonal_naive,PASCO
2022-06-06,0.0,0.0,seasonal_naive,PASCO
2022-06-13,0.37133860139029173,0.0,seasonal_naive,PASCO
2022-06-20,0.37133860139029173,0.0,seasonal_naive,PASCO
2022-06-27,0.37133860139029173,0.0,seasonal_naive,PASCO
2022-07-04,0.0,0.0,seasonal_naive,PASCO
2022-07-11,0.0,0.37055702131443985,seasonal_naive,PASCO
2022-07-18,0.37133860139029173,0.37055702131443985,seasonal_naive,PASCO
2022-07-25,0.37133860139029173,0.37055702131443985,seasonal_naive,PASCO
2022-08-01,0.37133860139029173,0.0,seasonal_naive,PASCO
2022-08-08,0.37133860139029173,0.0,seasonal_naive,PASCO
2022-08-15,0.37133860139029173,0.0,seasonal_naive,PASCO
2022-08-22,0.37133860139029173,0.0,seasonal_naive,PASCO
2022-08-29,0.0,0.0,seasonal_naive,PASCO
2022-09-05,0.0,0.0,seasonal_naive,PASCO
2022-09-12,0.0,0.0,seasonal_naive,PASCO
2022-09-19,0.0,0.0,seasonal_naive,PASCO
2022-09-26,0.0,0.0,seasonal_naive,PASCO
2022-10-03,0.0,0.0,seasonal_naive,PASCO
2022-10-10,0.0,0.0,seasonal_naive,PASCO
2022-10-17,0.0,0.0,seasonal_naive,PASCO
2022-10-24,0.0,0.0,seasonal_naive,PASCO
2022-10-31,0.0,0.0,seasonal_naive,PASCO
2022-11-07,0.0,0.0,seasonal_naive,PASCO
2022-11-14,0.0,0.0,seasonal_naive,PASCO
2022-11-21,0.0,0.0,seasonal_naive,PASCO
2022-11-28,0.0,0.0,seasonal_naive,PASCO
2022-12-05,0.0,0.0,seasonal_naive,PASCO
2010-12-27,0.35977046644240973,0.27100166890131633,holt_winters,PASCO
2011-01-03,0.35977046644240973,0.2695048818145227,holt_winters,PASCO
2011-01-10,0.0,0.3479854468346534,holt_winters,PASCO
2011-01-17,0.0,0.34706933286256864,holt_winters,PASCO
2011-01-24,0.0,0.1171138089152075,holt_winters,PASCO
2011-01-31,0.0,0.04974925652831195,holt_winters,PASCO
2011-02-07,0.0,0.04898713706785391,holt_winters,PASCO
2011-02-14,0.0,0.048161688046522176,holt_winters,PASCO
2011-02-21,0.0,0.149115631421745,holt_winters,PASCO
2011-02-28,0.0,0.16442658513883296,holt_winters,PASCO
2011-03-07,0.0,0.12299657035354573,holt_winters,PASCO
2011-03-14,0.0,0.0019170557677867341,holt_winters,PASCO
2011-03-21,0.0,0.040896524685262434,holt_winters,PASCO
2011-03-28,0.36085059702731276,0.28849527740731923,holt_winters,PASCO
2011-04-04,1.0791622473947855,0.3348345917929679,holt_winters,PASCO
2011-04-11,1.0791622473947855,0.33180104563233437,holt_winters,PASCO
2011-04-18,1.0791622473947855,0.5466908006443596,holt_winters,PASCO
2011-04-25,0.36085059702731276,0.5263543493164797,holt_winters,PASCO
2011-05-02,0.36085059702731276,0.33560719687458657,holt_winters,PASCO
2011-05-09,0.36085059702731276,0.49704912182544575,holt_winters,PASCO
2011-05-16,0.36085059702731276,0.6053756387615354,holt_winters,PASCO
2011-05-23,0.7217011940546255,0.8928078567837399,holt_winters,PASCO
2011-05-30,0.36085059702731276,0.8481467187817346,holt_winters,PASCO
2011-06-06,0.36085059702731276,0.6784306283288488,holt_winters,PASCO
2011-06-13,0.0,0.26629967638600066,holt_winters,PASCO
2011-06-20,0.0,0.2810028329323688,holt_winters,PASCO
2011-06-27,0.0,0.27358325527359295,holt_winters,PASCO
2011-07-04,0.0,0.2530649701277421,holt_winters,PASCO
2011-07-11,0.0,0.039580423532348655,holt_winters,PASCO
2011-07-18,0.0,0.0,holt_winters,PASCO
2011-07-25,0.0,0.0,holt_winters,PASCO
2011-08-01,0.0,0.0,holt_winters,PASCO
2011-08-08,0.0,0.021376146522665965,holt_winters,PASCO
2011-08-15,0.0,0.0,holt_winters,PASCO
2011-08-22,0.0,0.0,holt_winters,PASCO
2011-08-29,0.0,0.0,holt_winters,PASCO
2011-09-05,0.0,0.0,holt_winters,PASCO
2011-09-12,0.0,0.09544072623181166,holt_winters,PASCO
2011-09-19,0.0,0.09859409766392932,holt_winters,PASCO
2011-09-26,0.0,0.2854023599396806,holt_winters,PASCO
2011-10-03,0.0,0.006204178738844009,holt_winters,PASCO
2011-10-10,0.0,0.056796793462884354,holt_winters,PASCO
2011-10-17,0.0,0.0,holt_winters,PASCO
2011-10-24,0.0,0.0,holt_winters,PASCO
2011-10-31,0.0,0.0,holt_winters,PASCO
2011-11-07,0.0,0.0,holt_winters,PASCO
2011-11-14,0.0,0.0,holt_winters,PASCO
2011-11-21,0.0,0.0,holt_winters,PASCO
2011-11-28,0.0,0.06486722540223869,holt_winters,PASCO
2011-12-05,0.0,0.0,holt_winters,PASCO
2011-12-12,0.0,0.0,holt_winters,PASCO
2011-12-19,0.0,0.0,holt_winters,PASCO
2011-12-26,0.0,0.0,holt_winters,PASCO
2012-01-02,0.3619359228642161,0.00792422834860771,holt_winters,PASCO
2012-01-09,0.3619359228642161,0.019898523771134078,holt_winters,PASCO
2012-01-16,0.3619359228642161,0.03028008228276165,holt_winters,PASCO
2012-01-23,0.0,0.48821254148212007,holt_winters,PASCO
2012-01-30,0.3619359228642161,0.37718158496856635,holt_winters,PASCO
2012-02-06,0.7238718457284322,0.278230220783011,holt_winters,PASCO
2012-02-13,0.7238718457284322,0.26511979065196056,holt_winters,PASCO
2012-02-20,0.3619359228642161,0.7274209501066644,holt_winters,PASCO
2012-02-27,0.0,0.8351287886562349,holt_winters,PASCO
2012-03-05,0.0,0.7494975300582234,holt_winters,PASCO
2012-03-12,0.0,0.5465445983487143,holt_winters,PASCO
2012-03-19,0.0,0.0,holt_winters,PASCO
2012-03-26,0.0,0.3173420899300933,holt_winters,PASCO
2012-04-02,0.0,0.5044594493674386,holt_winters,PASCO
2012-04-09,0.0,0.5169218928358443,holt_winters,PASCO
2012-04-16,0.0,0.0,holt_winters,PASCO
2012-04-23,0.0,0.0,holt_winters,PASCO
2012-04-30,0.0,0.0,holt_winters,PASCO
2012-05-07,0.0,0.0,holt_winters,PASCO
2012-05-14,0.0,0.024431452352133155,holt_winters,PASCO
2012-05-21,0.3619359228642161,0.24625570978966846,holt_winters,PASCO
2012-05-28,0.7238718457284322,0.20271561159098347,holt_winters,PASCO
2012-06-04,0.7238718457284322,0.08295832703251296,holt_winters,PASCO
2012-06-11,0.7238718457284322,0.3465740179192661,holt_winters,PASCO
2012-06-18,0.3619359228642161,0.32926982642050767,holt_winters,PASCO
2012-06-25,0.3619359228642161,0.3791680420060997,holt_winters,PASCO
2012-07-02,0.0,0.3371029420262206,holt_winters,PASCO
2012-07-09,0.0,0.14064291097813694,holt_winters,PASCO
2012-07-16,0.3619359228642161,0.07076611372487801,holt_winters,PASCO
2012-07-23,0.3619359228642161,0.10356255935315835,holt_winters,PASCO
2012-07-30,0.3619359228642161,0.08478714866485908,holt_winters,PASCO
2012-08-06,0.0,0.4406872054671113,holt_winters,PASCO
2012-08-13,0.0,0.3190761103182058,holt_winters,PASCO
2012-08-20,0.0,0.2604600850261048,holt_winters,PASCO
2012-08-27,0.0,0.27605817203388555,holt_winters,PASCO
2012-09-03,0.0,0.015128035846186567,holt_winters,PASCO
2012-09-10,0.0,0.1150833434898324,holt_winters,PASCO
2012-09-17,0.0,0.052372631327639696,holt_winters,PASCO
2012-09-24,0.0,0.21774104237980155,holt_winters,PASCO
2012-10-01,0.3619359228642161,0.0,holt_winters,PASCO
2012-10-08,0.7238718457284322,0.0,holt_winters,PASCO
2012-10-15,0.7238718457284322,0.0,holt_winters,PASCO
2012-10-22,0.3619359228642161,0.0,holt_winters,PASCO
2012-10-29,0.7183116503674728,0.43502733272133925,holt_winters,PASCO
2012-11-05,1.080247573231689,0.3538147598055814,holt_winters,PASCO
2012-11-12,1.080247573231689,0.27688680032063867,holt_winters,PASCO
2012-11-19,0.3619359228642161,0.27999889428257907,holt_winters,PASCO
2012-11-26,0.0,0.6533093775328758,holt_winters,PASCO
2012-12-03,0.0,0.5732774092675783,holt_winters,PASCO
2012-12-10,0.0,0.5869414178023167,holt_winters,PASCO
2012-12-17,0.0,0.5974862773317235,holt_winters,PASCO
2012-12-24,0.0,0.002987314651118719,holt_winters,PASCO
2012-12-31,0.0,0.06234442126274064,holt_winters,PASCO
2013-01-07,0.0,0.05846380318509802,holt_winters,PASCO
2013-01-14,0.0,0.12264782621814238,holt_winters,PASCO
2013-01-21,0.36302779703841925,0.02481422572977533,holt_winters,PASCO
2013-01-28,0.7260555940768385,0.04062131695576579,holt_winters,PASCO
2013-02-04,1.0890833911152578,0.037791362834973606,holt_winters,PASCO
2013-02-11,0.7260555940768384,0.047515896274099904,holt_winters,PASCO
2013-02-18,0.36302779703841925,0.7787145875461252,holt_winters,PASCO
2013-02-25,0.0,0.7496217486976906,holt_winters,PASCO
2013-03-04,0.0,0.6478616920495179,holt_winters,PASCO
2013-03-11,0.0,0.5333865837865255,holt_winters,PASCO
2013-03-18,0.0,0.0,holt_winters,PASCO
2013-03-25,0.36302779703841925,0.22099912920572032,holt_winters,PASCO
2013-04-01,0.36302779703841925,0.3194727869540904,holt_winters,PASCO
2013-04-08,0.7260555940768385,0.3628673332451876,holt_winters,PASCO
2013-04-15,0.7260555940768385,0.537165484453519,holt_winters,PASCO
2013-04-22,0.7260555940768385,0.5063145747753464,holt_winters,PASCO
2013-04-29,0.36302779703841925,0.335718149506949,holt_winters,PASCO
2013-05-06,0.0,0.42249269138390005,holt_winters,PASCO
2013-05-13,0.0,0.0,holt_winters,PASCO
2013-05-20,0.0,0.2726365812480438,holt_winters,PASCO
2013-05-27,0.0,0.2910282003296987,holt_winters,PASCO
2013-06-03,0.0,0.2970344460637918,holt_winters,PASCO
2013-06-10,0.36302779703841925,0.0,holt_winters,PASCO
2013-06-17,0.36302779703841925,0.0,holt_winters,PASCO
2013-06-24,0.7260555940768385,0.0,holt_winters,PASCO
2013-07-01,0.36302779703841925,0.0,holt_winters,PASCO
2013-07-08,0.36302779703841925,0.37093054870037834,holt_winters,PASCO
2013-07-15,0.0,0.31319167756056987,holt_winters,PASCO
2013-07-22,0.36302779703841925,0.4004765240870975,holt_winters,PASCO
2013-07-29,1.081339447405892,0.32093757064265677,holt_winters,PASCO
2013-08-05,1.0813394474058922,0.8889602637336642,holt_winters,PASCO
2013-08-12,1.0813394474058924,0.7879437597142791,holt_winters,PASCO
2013-08-19,0.36302779703841925,0.7971881222816817,holt_winters,PASCO
2013-08-26,0.36302779703841925,0.8048877185859014,holt_winters,PASCO
2013-09-02,0.0,0.36285904343935915,holt_winters,PASCO
2013-09-09,0.0,0.5156382604624441,holt_winters,PASCO
2013-09-16,0.0,0.4437858066976991,holt_winters,PASCO
2013-09-23,0.0,0.510516260503787,holt_winters,PASCO
2013-09-30,0.0,0.10318868725564061,holt_winters,PASCO
2013-10-07,0.0,0.15368236603296656,holt_winters,PASCO
2013-10-14,0.0,0.1347113263005784,holt_winters,PASCO
2013-10-21,0.0,0.09584397274651914,holt_winters,PASCO
2013-10-28,0.0,0.05996807274295833,holt_winters,PASCO
2013-11-04,0.0,0.024781048117725562,holt_winters,PASCO
2013-11-11,0.0,0.0,holt_winters,PASCO
2013-11-18,0.36302779703841925,0.0,holt_winters,PASCO
2013-11-25,0.36302779703841925,0.3483407617083111,holt_winters,PASCO
2013-12-02,0.36302779703841925,0.3448909022608118,holt_winters,PASCO
2013-12-09,0.0,0.3416038589961262,holt_winters,PASCO
2013-12-16,0.0,0.33866153939028526,holt_winters,PASCO
2013-12-23,0.0,0.0013362028853898243,holt_winters,PASCO
2013-12-30,0.36302779703841925,0.06319904250999422,holt_winters,PASCO
2014-01-06,0.36302779703841925,0.0,holt_winters,PASCO
2014-01-13,0.36302779703841925,0.059825990346920224,holt_winters,PASCO
2014-01-20,0.0,0.3627530784590611,holt_winters,PASCO
2014-01-27,0.0,0.5350694110881191,holt_winters,PASCO
2014-02-03,0.0,0.5844725062823359,holt_winters,PASCO
2014-02-10,0.0,0.5346133970470319,holt_winters,PASCO
2014-02-17,0.0,0.0,holt_winters,PASCO
2014-02-24,0.0,0.0,holt_winters,PASCO
2014-03-03,0.0,0.0,holt_winters,PASCO
2014-03-10,0.7183116503674728,0.0,holt_winters,PASCO
2014-03-17,0.7183116503674728,0.7126044506154592,holt_winters,PASCO
2014-03-24,0.7183116503674728,1.081339447405892,holt_winters,PASCO
2014-03-31,0.0,1.081339447405892,holt_winters,PASCO
2014-04-07,0.36412760487785345,1.081339447405892,holt_winters,PASCO
2014-04-14,0.36412760487785345,0.26479377792760156,holt_winters,PASCO
2014-04-21,0.36412760487785345,0.22924318015441794,holt_winters,PASCO
2014-04-28,0.0,0.09826645339407855,holt_winters,PASCO
2014-05-05,0.7183116503674728,0.094008127583689,holt_winters,PASCO
2014-05-12,0.7183116503674728,0.5705959029044572,holt_winters,PASCO
2014-05-19,0.7183116503674728,1.0277245741404197,holt_winters,PASCO
2014-05-26,0.0,0.9530677268445118,holt_winters,PASCO
2014-06-02,0.0,1.047492663326039,holt_winters,PASCO
2014-06-09,0.0,0.0,holt_winters,PASCO
2014-06-16,0.0,0.0,holt_winters,PASCO
2014-06-23,0.0,0.0,holt_winters,PASCO
2014-06-30,0.0,0.0,holt_winters,PASCO
2014-07-07,0.0,0.0,holt_winters,PASCO
2014-07-14,0.0,0.0,holt_winters,PASCO
2014-07-21,0.0,0.06485976345900417,holt_winters,PASCO
2014-07-28,0.0,0.17904597886185689,holt_winters,PASCO
2014-08-04,0.0,0.0,holt_winters,PASCO
2014-08-11,0.0,0.0,holt_winters,PASCO
2014-08-18,0.0,0.0,holt_winters,PASCO
2014-08-25,0.0,0.0,holt_winters,PASCO
2014-09-01,0.0,0.0,holt_winters,PASCO
2014-09-08,0.0,0.0,holt_winters,PASCO
2014-09-15,0.0,0.0,holt_winters,PASCO
2014-09-22,0.0,0.0,holt_winters,PASCO
2014-09-29,0.0,0.16603948456465095,holt_winters,PASCO
2014-10-06,0.0,0.23369568488404488,holt_winters,PASCO
2014-10-13,0.0,0.225080715874429,holt_winters,PASCO
2014-10-20,0.0,0.19249207158207493,holt_winters,PASCO
2014-10-27,0.0,0.06045264547817437,holt_winters,PASCO
2014-11-03,0.36412760487785345,0.04164039188864797,holt_winters,PASCO
2014-11-10,0.36412760487785345,0.0,holt_winters,PASCO
2014-11-17,0.36412760487785345,0.0,holt_winters,PASCO
2014-11-24,0.0,0.26155598660820356,holt_winters,PASCO
2014-12-01,0.0,0.27417995489708236,holt_winters,PASCO
2014-12-08,0.0,0.20703954482710077,holt_winters,PASCO
2014-12-15,0.0,0.21460471679600296,holt_winters,PASCO
2014-12-22,0.0,0.0007185712869649517,holt_winters,PASCO
2014-12-29,0.0,0.12779213606223588,holt_winters,PASCO
2015-01-05,0.36523276283975775,0.05692734241590529,holt_winters,PASCO
2015-01-12,0.36523276283975775,0.12078368437719483,holt_winters,PASCO
2015-01-19,0.36523276283975775,0.2623953600541576,holt_winters,PASCO
2015-01-26,0.0,0.4234661901736944,holt_winters,PASCO
2015-02-02,0.0,0.4705503869310956,holt_winters,PASCO
2015-02-09,0.0,0.5154431414820801,holt_winters,PASCO
2015-02-16,0.36523276283975775,0.0,holt_winters,PASCO
2015-02-23,0.36523276283975775,0.0,holt_winters,PASCO
2015-03-02,0.36523276283975775,0.0,holt_winters,PASCO
2015-03-09,0.0,0.0,holt_winters,PASCO
2015-03-16,0.36523276283975775,0.0009054208685264795,holt_winters,PASCO
2015-03-23,0.36523276283975775,0.19637063017829157,holt_winters,PASCO
2015-03-30,0.7304655256795155,0.16256101749625887,holt_winters,PASCO
2015-04-06,0.36523276283975775,0.2917023859292909,holt_winters,PASCO
2015-04-13,0.36523276283975775,0.36819153135183014,holt_winters,PASCO
2015-04-20,0.0,0.29933095610142335,holt_winters,PASCO
2015-04-27,0.0,0.13904978222831196,holt_winters,PASCO
2015-05-04,0.0,0.1723322236884994,holt_winters,PASCO
2015-05-11,0.0,0.0020348619331806424,holt_winters,PASCO
2015-05-18,0.0,0.17010131381970664,holt_winters,PASCO
2015-05-25,0.7183116503674728,0.03775002231049438,holt_winters,PASCO
2015-06-01,0.7183116503674728,0.07771973148166636,holt_winters,PASCO
2015-06-08,1.0835444132072307,0.714287749850405,holt_winters,PASCO
2015-06-15,0.36523276283975775,0.6497162049015952,holt_winters,PASCO
2015-06-22,0.36523276283975775,0.6371948432218171,holt_winters,PASCO
2015-06-29,0.0,0.47532700480737705,holt_winters,PASCO
2015-07-06,0.0,0.00026534625445747627,holt_winters,PASCO
2015-07-13,0.0,0.0,holt_winters,PASCO
2015-07-20,0.36523276283975775,0.06308852844804462,holt_winters,PASCO
2015-07-27,0.7304655256795155,0.15656404811765184,holt_winters,PASCO
2015-08-03,0.7304655256795155,0.6004793190199884,holt_winters,PASCO
2015-08-10,0.36523276283975775,0.5820110684688908,holt_winters,PASCO
2015-08-17,0.0,0.439819615361061,holt_winters,PASCO
2015-08-24,0.0,0.42858666092852105,holt_winters,PASCO
2015-08-31,0.0,0.0,holt_winters,PASCO
2015-09-07,0.0,0.0,holt_winters,PASCO
2015-09-14,0.0,0.0,holt_winters,PASCO
2015-09-21,0.0,0.0,holt_winters,PASCO
2015-09-28,0.0,0.07978917191061537,holt_winters,PASCO
2015-10-05,0.0,0.14132059661741544,holt_winters,PASCO
2015-10-12,0.0,0.20473932743872975,holt_winters,PASCO
2015-10-19,0.36523276283975775,0.10332023682222505,holt_winters,PASCO
2015-10-26,0.7304655256795155,0.44295714971947553,holt_winters,PASCO
2015-11-02,1.0956982885192732,0.5279953021650718,holt_winters,PASCO
2015-11-09,0.7304655256795156,0.5499608703053345,holt_winters,PASCO
2015-11-16,0.36523276283975775,0.5317730098618862,holt_winters,PASCO
2015-11-23,0.0,0.1693999393139816,holt_winters,PASCO
2015-11-30,0.0,0.1620981120760537,holt_winters,PASCO
2015-12-07,0.0,0.08683442439350739,holt_winters,PASCO
2015-12-14,0.0,0.15110241475294098,holt_winters,PASCO
2015-12-21,0.0,0.0,holt_winters,PASCO
2015-12-28,0.0,0.16118648701839283,holt_winters,PASCO
2016-01-04,0.0,0.18782204195975094,holt_winters,PASCO
2016-01-11,0.0,0.20839541728218552,holt_winters,PASCO
2016-01-18,0.3663446497195631,0.0,holt_winters,PASCO
2016-01-25,0.3663446497195631,0.0,holt_winters,PASCO
2016-02-01,0.3663446497195631,0.05355904961230064,holt_winters,PASCO
2016-02-08,0.0,0.012595812780399415,holt_winters,PASCO
2016-02-15,0.3663446497195631,0.0,holt_winters,PASCO
2016-02-22,0.3663446497195631,0.0,holt_winters,PASCO
2016-02-29,0.7326892994391262,0.0,holt_winters,PASCO
2016-03-07,0.3663446497195631,0.0,holt_winters,PASCO
2016-03-14,0.3663446497195631,0.4795814448943373,holt_winters,PASCO
2016-03-21,0.0,0.626111569594223,holt_winters,PASCO
2016-03-28,0.0,0.6275740964532375,holt_winters,PASCO
2016-04-04,0.0,0.700434562412144,holt_winters,PASCO
2016-04-11,0.0,0.0003092377180067319,holt_winters,PASCO
2016-04-18,0.0,0.0,holt_winters,PASCO
2016-04-25,0.0,0.0,holt_winters,PASCO
2016-05-02,0.0,0.0,holt_winters,PASCO
2016-05-09,0.0,0.0,holt_winters,PASCO
2016-05-16,0.0,0.1299706899018948,holt_winters,PASCO
2016-05-23,0.0,0.1430358606215916,holt_winters,PASCO
2016-05-30,0.0,0.15377241195343974,holt_winters,PASCO
2016-06-06,0.0,0.13520047438631544,holt_winters,PASCO
2016-06-13,0.0,0.0,holt_winters,PASCO
2016-06-20,0.0,0.017666004039418617,holt_winters,PASCO
2016-06-27,0.0,0.0,holt_winters,PASCO
2016-07-04,0.0,0.0,holt_winters,PASCO
2016-07-11,0.0,0.005448690905542671,holt_winters,PASCO
2016-07-18,0.0,0.14414861078257551,holt_winters,PASCO
2016-07-25,0.0,0.3107672359561179,holt_winters,PASCO
2016-08-01,0.0,0.0,holt_winters,PASCO
2016-08-08,0.0,0.0,holt_winters,PASCO
2016-08-15,0.0,0.0,holt_winters,PASCO
2016-08-22,0.3663446497195631,0.0,holt_winters,PASCO
2016-08-29,0.3663446497195631,0.2623368529698108,holt_winters,PASCO
2016-09-05,0.3663446497195631,0.26693342547903853,holt_winters,PASCO
2016-09-12,0.0,0.2703410630111336,holt_winters,PASCO
2016-09-19,0.0,0.2727829866538115,holt_winters,PASCO
2016-09-26,0.0,0.07899765351717843,holt_winters,PASCO
2016-10-03,0.0,0.13753264616689578,holt_winters,PASCO
2016-10-10,0.0,0.14251696252579096,holt_winters,PASCO
2016-10-17,0.0,0.1637826636961159,holt_winters,PASCO
2016-10-24,0.0,0.12559661573175085,holt_winters,PASCO
2016-10-31,0.0,0.28642244395040684,holt_winters,PASCO
2016-11-07,0.0,0.23246335650352878,holt_winters,PASCO
2016-11-14,0.0,0.1442641385667482,holt_winters,PASCO
2016-11-21,0.0,0.0,holt_winters,PASCO
2016-11-28,0.0,0.0,holt_winters,PASCO
2016-12-05,0.0,0.0,holt_winters,PASCO
2016-12-12,0.0,0.0,holt_winters,PASCO
2016-12-19,0.0,0.00013306867218255752,holt_winters,PASCO
2016-12-26,0.0,0.13159045514896797,holt_winters,PASCO
2017-01-02,0.0,0.20403896224565155,holt_winters,PASCO
2017-01-09,0.0,0.20381460829690876,holt_winters,PASCO
2017-01-16,0.0,0.08328767188753239,holt_winters,PASCO
2017-01-23,0.0,0.11500329621164875,holt_winters,PASCO
2017-01-30,0.0,0.19742721500603372,holt_winters,PASCO
2017-02-06,0.0,0.07110668841163711,holt_winters,PASCO
2017-02-13,0.0,0.10033435176993893,holt_winters,PASCO
2017-02-20,0.0,0.0,holt_winters,PASCO
2017-02-27,0.0,0.05221811974389583,holt_winters,PASCO
2017-03-06,0.0,0.06216872192233824,holt_winters,PASCO
2017-03-13,0.0,0.0826393223120188,holt_winters,PASCO
2017-03-20,0.0,0.07511161901398583,holt_winters,PASCO
2017-03-27,0.0,0.005816440122694826,holt_winters,PASCO
2017-04-03,0.0,0.0646111349695129,holt_winters,PASCO
2017-04-10,0.36746332715994945,0.0024077489690798575,holt_winters,PASCO
2017-04-17,0.36746332715994945,0.0,holt_winters,PASCO
2017-04-24,0.36746332715994945,0.0,holt_winters,PASCO
2017-05-01,0.0,0.0,holt_winters,PASCO
2017-05-08,0.36746332715994945,0.002787770563781287,holt_winters,PASCO
2017-05-15,0.36746332715994945,0.04460727780659871,holt_winters,PASCO
2017-05-22,0.36746332715994945,0.07732229422641033,holt_winters,PASCO
2017-05-29,0.0,0.06385650054053423,holt_winters,PASCO
2017-06-05,0.0,0.13375520870112895,holt_winters,PASCO
2017-06-12,0.0,0.0110457105872559,holt_winters,PASCO
2017-06-19,0.36746332715994945,0.07455783070148517,holt_winters,PASCO
2017-06-26,0.36746332715994945,0.0,holt_winters,PASCO
2017-07-03,0.36746332715994945,0.366809190386839,holt_winters,PASCO
2017-07-10,0.0,0.3543025796321443,holt_winters,PASCO
2017-07-17,0.0,0.5222619304674416,holt_winters,PASCO
2017-07-24,0.0,0.7269726765407571,holt_winters,PASCO
2017-07-31,0.0,0.002682501714666145,holt_winters,PASCO
2017-08-07,0.0,0.0,holt_winters,PASCO
2017-08-14,0.0,0.0,holt_winters,PASCO
2017-08-21,0.0,0.0,holt_winters,PASCO
2017-08-28,0.0,0.0,holt_winters,PASCO
2017-09-04,0.0,0.0,holt_winters,PASCO
2017-09-11,0.0,0.0,holt_winters,PASCO
2017-09-18,0.0,0.0,holt_winters,PASCO
2017-09-25,0.0,0.00040010249162771586,holt_winters,PASCO
2017-10-02,0.0,0.0517912691751507,holt_winters,PASCO
2017-10-09,0.0,0.05478357973746272,holt_winters,PASCO
2017-10-16,0.0,0.07378280041684687,holt_winters,PASCO
2017-10-23,0.0,0.06127904438045813,holt_winters,PASCO
2017-10-30,0.0,0.23806725790482888,holt_winters,PASCO
2017-11-06,0.0,0.20683418308441429,holt_winters,PASCO
2017-11-13,0.0,0.13695053613772137,holt_winters,PASCO
2017-11-20,0.0,0.0,holt_winters,PASCO
2017-11-27,0.0,0.0,holt_winters,PASCO
2017-12-04,0.0,0.0,holt_winters,PASCO
2017-12-11,0.0,0.0,holt_winters,PASCO
2017-12-18,0.36746332715994945,0.000657190171270488,holt_winters,PASCO
2017-12-25,0.36746332715994945,0.0608566306322918,holt_winters,PASCO
2018-01-01,0.36746332715994945,0.1257085688370281,holt_winters,PASCO
2018-01-08,0.0,0.12298517653314472,holt_winters,PASCO
2018-01-15,0.0,0.0012083266910233857,holt_winters,PASCO
2018-01-22,0.0,0.0,holt_winters,PASCO
2018-01-29,0.0,0.02622688161113378,holt_winters,PASCO
2018-02-05,0.0,0.0,holt_winters,PASCO
2018-02-12,0.0,0.16643240678249072,holt_winters,PASCO
2018-02-19,0.0,0.1110405692634928,holt_winters,PASCO
2018-02-26,0.0,0.17737040013944033,holt_winters,PASCO
2018-03-05,0.0,0.18531584612276675,holt_winters,PASCO
2018-03-12,0.0,0.08302838732687824,holt_winters,PASCO
2018-03-19,0.0,0.05238598960378735,holt_winters,PASCO
2018-03-26,0.0,0.0,holt_winters,PASCO
2018-04-02,0.0,0.013070225407105977,holt_winters,PASCO
2018-04-09,0.0,0.08088873181118329,holt_winters,PASCO
2018-04-16,0.0,0.0331554894720896,holt_winters,PASCO
2018-04-23,0.3682318977199081,0.0,holt_winters,PASCO
2018-04-30,0.3682318977199081,0.0,holt_winters,PASCO
2018-05-07,0.3682318977199081,0.4845760105439133,holt_winters,PASCO
2018-05-14,0.0,0.4609689196151259,holt_winters,PASCO
2018-05-21,0.0,0.44161848692729566,holt_winters,PASCO
2018-05-28,0.0,0.33922669169721864,holt_winters,PASCO
2018-06-04,0.0,0.04700511971512436,holt_winters,PASCO
2018-06-11,0.3682318977199081,0.0,holt_winters,PASCO
2018-06-18,0.7364637954398162,0.060781205384590066,holt_winters,PASCO
2018-06-25,0.7364637954398162,0.0,holt_winters,PASCO
2018-07-02,0.3682318977199081,0.7302356118192608,holt_winters,PASCO
2018-07-09,0.3682318977199081,0.5275433466997275,holt_winters,PASCO
2018-07-16,0.3682318977199081,0.7292683895334195,holt_winters,PASCO
2018-07-23,0.3682318977199081,0.973074421269527,holt_winters,PASCO
2018-07-30,0.0,0.3683467457041503,holt_winters,PASCO
2018-08-06,0.0,0.34271553609297284,holt_winters,PASCO
2018-08-13,0.0,0.1856908204132826,holt_winters,PASCO
2018-08-20,0.0,0.2847361144671299,holt_winters,PASCO
2018-08-27,0.0,0.005095921801781235,holt_winters,PASCO
2018-09-03,0.3682318977199081,0.0026289114694866204,holt_winters,PASCO
2018-09-10,0.3682318977199081,0.0,holt_winters,PASCO
2018-09-17,0.7364637954398162,0.0,holt_winters,PASCO
2018-09-24,0.3682318977199081,0.7112589750026366,holt_winters,PASCO
2018-10-01,0.3682318977199081,0.7064930548183916,holt_winters,PASCO
2018-10-08,0.0,0.7018354513294143,holt_winters,PASCO
2018-10-15,0.0,0.7364637954398161,holt_winters,PASCO
2018-10-22,0.3682318977199081,0.07033437763292066,holt_winters,PASCO
2018-10-29,0.3682318977199081,0.17206498508297308,holt_winters,PASCO
2018-11-05,0.3682318977199081,0.11947194531542367,holt_winters,PASCO
2018-11-12,0.0,0.12905708938221308,holt_winters,PASCO
2018-11-19,0.0,0.0,holt_winters,PASCO
2018-11-26,0.0,0.0,holt_winters,PASCO
2018-12-03,0.3682318977199081,0.0,holt_winters,PASCO
2018-12-10,0.3682318977199081,0.0,holt_winters,PASCO
2018-12-17,0.3682318977199081,0.4701970284764389,holt_winters,PASCO
2018-12-24,0.0,0.5477777358056537,holt_winters,PASCO
2018-12-31,0.0,0.6332663495141801,holt_winters,PASCO
2019-01-07,0.0,0.5236338827180529,holt_winters,PASCO
2019-01-14,0.0,0.07719974202884948,holt_winters,PASCO
2019-01-21,0.0,0.002893023725242859,holt_winters,PASCO
2019-01-28,0.3690036900369003,0.0,holt_winters,PASCO
2019-02-04,0.3690036900369003,0.0,holt_winters,PASCO
2019-02-11,0.3690036900369003,0.5928980886164621,holt_winters,PASCO
2019-02-18,0.0,0.5632683666959222,holt_winters,PASCO
2019-02-25,0.0,0.6148845531060418,holt_winters,PASCO
2019-03-04,0.0,0.5931875704687948,holt_winters,PASCO
2019-03-11,0.0,0.07429525540882022,holt_winters,PASCO
2019-03-18,0.0,0.02613701284437632,holt_winters,PASCO
2019-03-25,0.0,0.0,holt_winters,PASCO
2019-04-01,0.0,0.004117900495487106,holt_winters,PASCO
2019-04-08,0.0,0.08130160483408101,holt_winters,PASCO
2019-04-15,0.0,0.02078405771042958,holt_winters,PASCO
2019-04-22,0.0,0.025727014298228962,holt_winters,PASCO
2019-04-29,0.0,0.07778528000242067,holt_winters,PASCO
2019-05-06,0.3690036900369003,0.07983152279785158,holt_winters,PASCO
2019-05-13,0.3690036900369003,0.04441026430621641,holt_winters,PASCO
2019-05-20,0.3690036900369003,0.06898035082331555,holt_winters,PASCO
2019-05-27,0.0,0.022748291981988196,holt_winters,PASCO
2019-06-03,0.0,0.05001466538574396,holt_winters,PASCO
2019-06-10,0.0,0.02580723102656628,holt_winters,PASCO
2019-06-17,0.0,0.14379044815707281,holt_winters,PASCO
2019-06-24,0.3690036900369003,0.07333691260706277,holt_winters,PASCO
2019-07-01,0.7380073800738006,0.28953614178402537,holt_winters,PASCO
2019-07-08,0.7380073800738006,0.20802796690896316,holt_winters,PASCO
2019-07-15,0.7380073800738006,0.2823411335785422,holt_winters,PASCO
2019-07-22,0.7380073800738006,0.3413279909233608,holt_winters,PASCO
2019-07-29,0.7380073800738006,0.6051615387270173,holt_winters,PASCO
2019-08-05,0.3690036900369003,0.5243081816483723,holt_winters,PASCO
2019-08-12,0.0,0.4265009281297522,holt_winters,PASCO
2019-08-19,0.0,0.5125530612008873,holt_winters,PASCO
2019-08-26,0.0,0.000576318987356002,holt_winters,PASCO
2019-09-02,0.0,0.06417795671069931,holt_winters,PASCO
2019-09-09,0.0,0.0,holt_winters,PASCO
2019-09-16,0.0,0.04657591000646425,holt_winters,PASCO
2019-09-23,0.0,0.0,holt_winters,PASCO
2019-09-30,0.0,0.0,holt_winters,PASCO
2019-10-07,0.0,0.0,holt_winters,PASCO
2019-10-14,0.0,0.0,holt_winters,PASCO
2019-10-21,0.0,0.14941033605804635,holt_winters,PASCO
2019-10-28,0.0,0.2485785467801969,holt_winters,PASCO
2019-11-04,0.0,0.18511720155272052,holt_winters,PASCO
2019-11-11,0.0,0.05010059786063491,holt_winters,PASCO
2019-11-18,0.0,0.0,holt_winters,PASCO
2019-11-25,0.0,0.0,holt_winters,PASCO
2019-12-02,0.0,0.0,holt_winters,PASCO
2019-12-09,0.0,0.0,holt_winters,PASCO
2019-12-16,0.0,0.08327864128227369,holt_winters,PASCO
2019-12-23,0.0,0.000806207931366568,holt_winters,PASCO
2019-12-30,0.0,0.05145270052085615,holt_winters,PASCO
2020-01-06,0.0,0.0,holt_winters,PASCO
2020-01-13,0.0,0.08057234858851921,holt_winters,PASCO
2020-01-20,0.0,0.02914881439845382,holt_winters,PASCO
2020-01-27,0.0,0.10767761949160659,holt_winters,PASCO
2020-02-03,0.0,0.04951588188603136,holt_winters,PASCO
2020-02-10,0.0,0.0818816064125771,holt_winters,PASCO
2020-02-17,0.0,0.01733188906734156,holt_winters,PASCO
2020-02-24,0.0,0.06819007558903747,holt_winters,PASCO
2020-03-02,0.0,0.0,holt_winters,PASCO
2020-03-09,0.0,0.0005317679066228143,holt_winters,PASCO
2020-03-16,0.0,0.0,holt_winters,PASCO
2020-03-23,0.0,0.0,holt_winters,PASCO
2020-03-30,0.0,0.0,holt_winters,PASCO
2020-04-06,0.0,0.08047840102781186,holt_winters,PASCO
2020-04-13,0.0,0.03139734038860604,holt_winters,PASCO
2020-04-20,0.7183116503674728,0.11193612624884787,holt_winters,PASCO
2020-04-27,0.7183116503674728,0.054813554278909965,holt_winters,PASCO
2020-05-04,0.7183116503674728,0.7380073800738005,holt_winters,PASCO
2020-05-11,0.0,0.7380073800738005,holt_winters,PASCO
2020-05-18,0.0,0.7380073800738005,holt_winters,PASCO
2020-05-25,0.0,0.7259073543197025,holt_winters,PASCO
2020-06-01,0.0,0.0,holt_winters,PASCO
2020-06-08,0.0,0.02430269796185247,holt_winters,PASCO
2020-06-15,0.0,0.18833332824606416,holt_winters,PASCO
2020-06-22,0.0,0.22547088103220886,holt_winters,PASCO
2020-06-29,0.36977872441131227,0.0030854848488362846,holt_winters,PASCO
2020-07-06,0.36977872441131227,0.0,holt_winters,PASCO
2020-07-13,0.36977872441131227,0.0,holt_winters,PASCO
2020-07-20,0.0,0.0,holt_winters,PASCO
2020-07-27,0.0,0.0,holt_winters,PASCO
2020-08-03,0.0,0.0,holt_winters,PASCO
2020-08-10,0.0,0.0,holt_winters,PASCO
2020-08-17,0.0,0.0,holt_winters,PASCO
2020-08-24,0.0,0.001049457319900608,holt_winters,PASCO
2020-08-31,0.0,0.06092633202051801,holt_winters,PASCO
2020-09-07,0.0,0.0,holt_winters,PASCO
2020-09-14,0.0,0.03778497401464339,holt_winters,PASCO
2020-09-21,0.0,0.0,holt_winters,PASCO
2020-09-28,0.0,0.0,holt_winters,PASCO
2020-10-05,0.0,0.0,holt_winters,PASCO
2020-10-12,0.0,0.0,holt_winters,PASCO
2020-10-19,0.0,0.08124781356241742,holt_winters,PASCO
2020-10-26,0.0,0.13947650135579587,holt_winters,PASCO
2020-11-02,0.0,0.11009623932984802,holt_winters,PASCO
2020-11-09,0.0,0.004808250167608422,holt_winters,PASCO
2020-11-16,0.0,0.00019850433122829198,holt_winters,PASCO
2020-11-23,0.0,0.0,holt_winters,PASCO
2020-11-30,0.0,0.06343764301437059,holt_winters,PASCO
2020-12-07,0.0,0.06284488692457146,holt_winters,PASCO
2020-12-14,0.0,0.08312967501515281,holt_winters,PASCO
2020-12-21,0.0,0.0018419646731914346,holt_winters,PASCO
2020-12-28,0.0,0.0,holt_winters,PASCO
2021-01-04,0.0,0.0,holt_winters,PASCO
2021-01-11,0.0,0.0,holt_winters,PASCO
2021-01-18,0.0,0.006212860040326293,holt_winters,PASCO
2021-01-25,0.0,0.07802243802960675,holt_winters,PASCO
2021-02-01,0.0,0.018452092356787877,holt_winters,PASCO
2021-02-08,0.0,0.0,holt_winters,PASCO
2021-02-15,0.0,0.0,holt_winters,PASCO
2021-02-22,0.0,0.0,holt_winters,PASCO
2021-03-01,0.0,0.0,holt_winters,PASCO
2021-03-08,0.0,0.0,holt_winters,PASCO
2021-03-15,0.0,0.0,holt_winters,PASCO
2021-03-22,0.0,0.0,holt_winters,PASCO
2021-03-29,0.0,0.0,holt_winters,PASCO
2021-04-05,0.0,0.08118872007942861,holt_winters,PASCO
2021-04-12,0.0,0.08081380045013906,holt_winters,PASCO
2021-04-19,0.0,0.28191099304351785,holt_winters,PASCO
2021-04-26,0.0,0.20373604769500886,holt_winters,PASCO
2021-05-03,0.0,0.17120991637213576,holt_winters,PASCO
2021-05-10,0.0,0.0,holt_winters,PASCO
2021-05-17,0.0,0.0,holt_winters,PASCO
2021-05-24,0.0,0.0,holt_winters,PASCO
2021-05-31,0.0,0.0,holt_winters,PASCO
2021-06-07,0.0,0.07505403318422381,holt_winters,PASCO
2021-06-14,0.0,0.21080968214397314,holt_winters,PASCO
2021-06-21,0.0,0.2979619532462881,holt_winters,PASCO
2021-06-28,0.0,0.08376089735470531,holt_winters,PASCO
2021-07-05,0.0,0.0022655231010980676,holt_winters,PASCO
2021-07-12,0.37055702131443985,0.0,holt_winters,PASCO
2021-07-19,0.37055702131443985,0.0,holt_winters,PASCO
2021-07-26,0.37055702131443985,0.2678543531926315,holt_winters,PASCO
2021-08-02,0.0,0.19298204434966013,holt_winters,PASCO
2021-08-09,0.0,0.10871863328599315,holt_winters,PASCO
2021-08-16,0.0,0.17042071178829446,holt_winters,PASCO
2021-08-23,0.0,0.0,holt_winters,PASCO
2021-08-30,0.0,0.08673729667707071,holt_winters,PASCO
2021-09-06,0.0,0.03867148140597666,holt_winters,PASCO
2021-09-13,0.0,0.10424361262000208,holt_winters,PASCO
2021-09-20,0.0,0.0,holt_winters,PASCO
2021-09-27,0.0,0.0,holt_winters,PASCO
2021-10-04,0.0,0.0,holt_winters,PASCO
2021-10-11,0.0,0.0,holt_winters,PASCO
2021-10-18,0.0,0.08152841713899023,holt_winters,PASCO
2021-10-25,0.0,0.08000900065778663,holt_winters,PASCO
2021-11-01,0.0,0.07861899448310543,holt_winters,PASCO
2021-11-08,0.0,0.011874504441132548,holt_winters,PASCO
2021-11-15,0.0,0.0,holt_winters,PASCO
2021-11-22,0.0,0.0,holt_winters,PASCO
2021-11-29,0.0,0.06471586055099622,holt_winters,PASCO
2021-12-06,0.0,0.06472772642624436,holt_winters,PASCO
2021-12-13,0.0,0.08205969388535135,holt_winters,PASCO
2021-12-20,0.0,0.008286701360564171,holt_winters,PASCO
2021-12-27,0.0,0.002002458944089814,holt_winters,PASCO
2022-01-03,0.0,0.0,holt_winters,PASCO
2022-01-10,0.0,5.4090098994773484e-05,holt_winters,PASCO
2022-01-17,0.0,7.881527497285884e-06,holt_winters,PASCO
2022-01-24,0.0,0.06479590560914969,holt_winters,PASCO
2022-01-31,0.0,0.06475666938541694,holt_winters,PASCO
2022-02-07,0.0,0.0008516766682104524,holt_winters,PASCO
2022-02-14,0.0,0.0,holt_winters,PASCO
2022-02-21,0.0,0.0,holt_winters,PASCO
2022-02-28,0.0,0.0,holt_winters,PASCO
2022-03-07,0.0,8.808807094380532e-05,holt_winters,PASCO
2022-03-14,0.37133860139029173,8.171617772958459e-06,holt_winters,PASCO
2022-03-21,0.37133860139029173,0.0,holt_winters,PASCO
2022-03-28,0.37133860139029173,0.0,holt_winters,PASCO
2022-04-04,0.37133860139029173,0.3686719373337695,holt_winters,PASCO
2022-04-11,0.37133860139029173,0.38878495364010623,holt_winters,PASCO
2022-04-18,0.37133860139029173,0.6665520018879507,holt_winters,PASCO
2022-04-25,0.0,0.5792324738729704,holt_winters,PASCO
2022-05-02,0.0,0.08254152022681731,holt_winters,PASCO
2022-05-09,0.0,0.0,holt_winters,PASCO
2022-05-16,0.0,0.0,holt_winters,PASCO
2022-05-23,0.0,0.0,holt_winters,PASCO
2022-05-30,0.0,0.0,holt_winters,PASCO
2022-06-06,0.0,0.06747855282177412,holt_winters,PASCO
2022-06-13,0.37133860139029173,0.1949345018143179,holt_winters,PASCO
2022-06-20,0.37133860139029173,0.2750038003132465,holt_winters,PASCO
2022-06-27,0.37133860139029173,0.48051510827831617,holt_winters,PASCO
2022-07-04,0.0,0.40879756315002,holt_winters,PASCO
2022-07-11,0.0,0.5155675486729594,holt_winters,PASCO
2022-07-18,0.37133860139029173,0.4340956967197513,holt_winters,PASCO
2022-07-25,0.37133860139029173,0.2683973166799227,holt_winters,PASCO
2022-08-01,0.37133860139029173,0.12167097329526624,holt_winters,PASCO
2022-08-08,0.37133860139029173,0.043239164289171184,holt_winters,PASCO
2022-08-15,0.37133860139029173,0.03524962218952437,holt_winters,PASCO
2022-08-22,0.37133860139029173,0.3695588862462614,holt_winters,PASCO
2022-08-29,0.0,0.45605675554124936,holt_winters,PASCO
2022-09-05,0.0,0.45394840969898925,holt_winters,PASCO
2022-09-12,0.0,0.5227478057961701,holt_winters,PASCO
2022-09-19,0.0,0.0,holt_winters,PASCO
2022-09-26,0.0,0.0,holt_winters,PASCO
2022-10-03,0.0,0.0,holt_winters,PASCO
2022-10-10,0.0,0.0,holt_winters,PASCO
2022-10-17,0.0,0.08183173367059741,holt_winters,PASCO
2022-10-24,0.0,0.0772935202246247,holt_winters,PASCO
2022-10-31,0.0,0.0735525200516233,holt_winters,PASCO
2022-11-07,0.0,0.005407433922523397,holt_winters,PASCO
2022-11-14,0.0,0.0003553563199011468,holt_winters,PASCO
2022-11-21,0.0,0.0,holt_winters,PASCO
2022-11-28,0.0,0.06015078976672003,holt_winters,PASCO
2022-12-05,0.0,0.05847347040079104,holt_winters,PASCO
2010-12-27,0.35977046644240973,0.29321506468707925,arima,PASCO
2011-01-03,0.35977046644240973,0.27646524506687004,arima,PASCO
2011-01-10,0.0,0.10009043349345181,arima,PASCO
2011-01-17,0.0,0.1540461904552819,arima,PASCO
2011-01-24,0.0,0.02181924848762908,arima,PASCO
2011-01-31,0.0,0.1919983339658381,arima,PASCO
2011-02-07,0.0,0.16462173022608323,arima,PASCO
2011-02-14,0.0,0.14371476102064987,arima,PASCO
2011-02-21,0.0,6.538153167965157e-07,arima,PASCO
2011-02-28,0.0,5.576072914241534e-07,arima,PASCO
2011-03-07,0.0,5.283105983139737e-07,arima,PASCO
2011-03-14,0.0,2.1147432353999514e-07,arima,PASCO
2011-03-21,0.0,4.46099941352317e-14,arima,PASCO
2011-03-28,0.36085059702731276,3.804524223971379e-14,arima,PASCO
2011-04-04,1.0791622473947855,3.6046665153446096e-14,arima,PASCO
2011-04-11,1.0791622473947855,1.4426320021530448e-14,arima,PASCO
2011-04-18,1.0791622473947855,0.7318638593975191,arima,PASCO
2011-04-25,0.36085059702731276,0.4329560487697822,arima,PASCO
2011-05-02,0.36085059702731276,0.48731910895762603,arima,PASCO
2011-05-09,0.36085059702731276,0.6424887027582784,arima,PASCO
2011-05-16,0.36085059702731276,0.6874420475051015,arima,PASCO
2011-05-23,0.7217011940546255,0.6434755284579565,arima,PASCO
2011-05-30,0.36085059702731276,0.6303887792366725,arima,PASCO
2011-06-06,0.36085059702731276,0.46570879512418245,arima,PASCO
2011-06-13,0.0,0.2251376659189281,arima,PASCO
2011-06-20,0.0,0.39223418373560726,arima,PASCO
2011-06-27,0.0,0.3828011395763638,arima,PASCO
2011-07-04,0.0,0.44980073007225757,arima,PASCO
2011-07-11,0.0,0.011718143118590327,arima,PASCO
2011-07-18,0.0,0.01068412116328158,arima,PASCO
2011-07-25,0.0,0.010293607591291214,arima,PASCO
2011-08-01,0.0,0.004523279884681268,arima,PASCO
2011-08-08,0.0,3.692089180780167e-07,arima,PASCO
2011-08-15,0.0,3.368087081880538e-07,arima,PASCO
2011-08-22,0.0,3.245571048334095e-07,arima,PASCO
2011-08-29,0.0,1.4303020909000572e-07,arima,PASCO
2011-09-05,0.0,1.0593437017950407e-10,arima,PASCO
2011-09-12,0.0,9.748463802992795e-11,arima,PASCO
2011-09-19,0.0,9.292993805724838e-11,arima,PASCO
2011-09-26,0.0,3.9882199845569935e-11,arima,PASCO
2011-10-03,0.0,1.6260868291555981e-15,arima,PASCO
2011-10-10,0.0,1.4806840039150781e-15,arima,PASCO
2011-10-17,0.0,1.4115477674303413e-15,arima,PASCO
2011-10-24,0.0,5.860461356990414e-16,arima,PASCO
2011-10-31,0.0,1.1571446975377616e-17,arima,PASCO
2011-11-07,0.0,1.0887366389036631e-17,arima,PASCO
2011-11-14,0.0,1.0364064955945917e-17,arima,PASCO
2011-11-21,0.0,4.396731774134934e-18,arima,PASCO
2011-11-28,0.0,2.3869283911288462e-24,arima,PASCO
2011-12-05,0.0,2.189312026690493e-24,arima,PASCO
2011-12-12,0.0,2.081336227697683e-24,arima,PASCO
2011-12-19,0.0,8.683676920075886e-25,arima,PASCO
2011-12-26,0.0,5.740238006847445e-29,arima,PASCO
2012-01-02,0.3619359228642161,5.248551323000317e-29,arima,PASCO
2012-01-09,0.3619359228642161,4.9856771301358615e-29,arima,PASCO
2012-01-16,0.3619359228642161,2.068282981133913e-29,arima,PASCO
2012-01-23,0.0,0.15920244558175667,arima,PASCO
2012-01-30,0.3619359228642161,0.17578918417566985,arima,PASCO
2012-02-06,0.7238718457284322,0.18448950056662608,arima,PASCO
2012-02-13,0.7238718457284322,0.285546167448471,arima,PASCO
2012-02-20,0.3619359228642161,0.4550196437197105,arima,PASCO
2012-02-27,0.0,0.30903203501000737,arima,PASCO
2012-03-05,0.0,0.3380751744878898,arima,PASCO
2012-03-12,0.0,0.46864084313432736,arima,PASCO
2012-03-19,0.0,0.1891115462477059,arima,PASCO
2012-03-26,0.0,0.17243203230351042,arima,PASCO
2012-04-02,0.0,0.1612475785912969,arima,PASCO
2012-04-09,0.0,0.06250302936270086,arima,PASCO
2012-04-16,0.0,3.1556532969414293e-07,arima,PASCO
2012-04-23,0.0,2.737168908865048e-07,arima,PASCO
2012-04-30,0.0,2.5584972762058797e-07,arima,PASCO
2012-05-07,0.0,9.899727496602724e-08,arima,PASCO
2012-05-14,0.0,5.9413750428720456e-12,arima,PASCO
2012-05-21,0.3619359228642161,5.17712204871827e-12,arima,PASCO
2012-05-28,0.7238718457284322,4.8426936429174424e-12,arima,PASCO
2012-06-04,0.7238718457284322,1.9956526603064578e-12,arima,PASCO
2012-06-11,0.7238718457284322,0.4538813844669062,arima,PASCO
2012-06-18,0.3619359228642161,0.3222994322534062,arima,PASCO
2012-06-25,0.3619359228642161,0.35405262005144494,arima,PASCO
2012-07-02,0.0,0.4795142832183246,arima,PASCO
2012-07-09,0.0,0.17497608247760651,arima,PASCO
2012-07-16,0.3619359228642161,0.16613293544016672,arima,PASCO
2012-07-23,0.3619359228642161,0.35248181959912694,arima,PASCO
2012-07-30,0.3619359228642161,0.2238633302776344,arima,PASCO
2012-08-06,0.0,0.16542377007716996,arima,PASCO
2012-08-13,0.0,0.1840323258035345,arima,PASCO
2012-08-20,0.0,0.19472954283076904,arima,PASCO
2012-08-27,0.0,0.2893475296842278,arima,PASCO
2012-09-03,0.0,0.010678082288935471,arima,PASCO
2012-09-10,0.0,0.009608144659328686,arima,PASCO
2012-09-17,0.0,0.008971938678186742,arima,PASCO
2012-09-24,0.0,0.003548692098508607,arima,PASCO
2012-10-01,0.3619359228642161,4.7227721190307703e-07,arima,PASCO
2012-10-08,0.7238718457284322,4.281299115030935e-07,arima,PASCO
2012-10-15,0.7238718457284322,4.0347067916758216e-07,arima,PASCO
2012-10-22,0.3619359228642161,1.6951852537573328e-07,arima,PASCO
2012-10-29,0.7183116503674728,0.23744500184902922,arima,PASCO
2012-11-05,1.080247573231689,0.26571282938304325,arima,PASCO
2012-11-12,1.080247573231689,0.4321125739711629,arima,PASCO
2012-11-19,0.3619359228642161,0.4850885217540368,arima,PASCO
2012-11-26,0.0,0.306387172842643,arima,PASCO
2012-12-03,0.0,0.359928654040286,arima,PASCO
2012-12-10,0.0,0.686562238143267,arima,PASCO
2012-12-17,0.0,0.6687459008642795,arima,PASCO
2012-12-24,0.0,0.0,arima,PASCO
2012-12-31,0.0,0.0,arima,PASCO
2013-01-07,0.0,0.0,arima,PASCO
2013-01-14,0.0,0.0,arima,PASCO
2013-01-21,0.36302779703841925,0.0,arima,PASCO
2013-01-28,0.7260555940768385,0.0,arima,PASCO
2013-02-04,1.0890833911152578,0.0,arima,PASCO
2013-02-11,0.7260555940768384,0.0,arima,PASCO
2013-02-18,0.36302779703841925,0.5533908298757539,arima,PASCO
2013-02-25,0.0,0.44694313374307115,arima,PASCO
2013-03-04,0.0,0.6150776659585029,arima,PASCO
2013-03-11,0.0,0.6861739171194405,arima,PASCO
2013-03-18,0.0,0.1708503937863767,arima,PASCO
2013-03-25,0.36302779703841925,0.15022420752141125,arima,PASCO
2013-04-01,0.36302779703841925,0.1436607745686878,arima,PASCO
2013-04-08,0.7260555940768385,0.05504396742415966,arima,PASCO
2013-04-15,0.7260555940768385,0.4518703131729964,arima,PASCO
2013-04-22,0.7260555940768385,0.46220692536233915,arima,PASCO
2013-04-29,0.36302779703841925,0.312718503485638,arima,PASCO
2013-05-06,0.0,0.45036446150890397,arima,PASCO
2013-05-13,0.0,0.0016870798253290566,arima,PASCO
2013-05-20,0.0,0.0,arima,PASCO
2013-05-27,0.0,0.0,arima,PASCO
2013-06-03,0.0,0.0,arima,PASCO
2013-06-10,0.36302779703841925,0.0,arima,PASCO
2013-06-17,0.36302779703841925,0.0,arima,PASCO
2013-06-24,0.7260555940768385,0.0,arima,PASCO
2013-07-01,0.36302779703841925,0.0,arima,PASCO
2013-07-08,0.36302779703841925,0.5309196558309466,arima,PASCO
2013-07-15,0.0,0.36796366007752335,arima,PASCO
2013-07-22,0.36302779703841925,0.43427288155248456,arima,PASCO
2013-07-29,1.081339447405892,0.4382020619170025,arima,PASCO
2013-08-05,1.0813394474058922,1.0802475732316892,arima,PASCO
2013-08-12,1.0813394474058924,0.9659771824747545,arima,PASCO
2013-08-19,0.36302779703841925,0.6047488289847174,arima,PASCO
2013-08-26,0.36302779703841925,0.542578420974384,arima,PASCO
2013-09-02,0.0,0.3834949139219791,arima,PASCO
2013-09-09,0.0,0.7033084062260921,arima,PASCO
2013-09-16,0.0,0.690685709851937,arima,PASCO
2013-09-23,0.0,0.6665489370505457,arima,PASCO
2013-09-30,0.0,0.03275767037661609,arima,PASCO
2013-10-07,0.0,0.004867201048052117,arima,PASCO
2013-10-14,0.0,0.015288420256445884,arima,PASCO
2013-10-21,0.0,0.016466495910932577,arima,PASCO
2013-10-28,0.0,0.0,arima,PASCO
2013-11-04,0.0,0.0,arima,PASCO
2013-11-11,0.0,0.0,arima,PASCO
2013-11-18,0.36302779703841925,0.0,arima,PASCO
2013-11-25,0.36302779703841925,0.48197262131768637,arima,PASCO
2013-12-02,0.36302779703841925,0.6717743729983252,arima,PASCO
2013-12-09,0.0,0.48553046573716235,arima,PASCO
2013-12-16,0.0,0.5602368473069372,arima,PASCO
2013-12-23,0.0,0.0,arima,PASCO
2013-12-30,0.36302779703841925,0.0,arima,PASCO
2014-01-06,0.36302779703841925,0.0,arima,PASCO
2014-01-13,0.36302779703841925,0.0,arima,PASCO
2014-01-20,0.0,0.18881310408310553,arima,PASCO
2014-01-27,0.0,0.2402251274093224,arima,PASCO
2014-02-03,0.0,0.2562524043307193,arima,PASCO
2014-02-10,0.0,0.22727203013749764,arima,PASCO
2014-02-17,0.0,0.00279010185147426,arima,PASCO
2014-02-24,0.0,0.0,arima,PASCO
2014-03-03,0.0,0.0,arima,PASCO
2014-03-10,0.7183116503674728,0.0,arima,PASCO
2014-03-17,0.7183116503674728,0.8845416679746003,arima,PASCO
2014-03-24,0.7183116503674728,1.081339447405892,arima,PASCO
2014-03-31,0.0,0.9123182518031614,arima,PASCO
2014-04-07,0.36412760487785345,1.081339447405892,arima,PASCO
2014-04-14,0.36412760487785345,0.42003621578068434,arima,PASCO
2014-04-21,0.36412760487785345,0.6505449831562808,arima,PASCO
2014-04-28,0.0,0.44793637086591365,arima,PASCO
2014-05-05,0.7183116503674728,0.5316152999791097,arima,PASCO
2014-05-12,0.7183116503674728,0.9606812619845988,arima,PASCO
2014-05-19,0.7183116503674728,1.081339447405892,arima,PASCO
2014-05-26,0.0,0.9647933355104714,arima,PASCO
2014-06-02,0.0,1.081339447405892,arima,PASCO
2014-06-09,0.0,0.0,arima,PASCO
2014-06-16,0.0,0.0,arima,PASCO
2014-06-23,0.0,0.0,arima,PASCO
2014-06-30,0.0,0.0,arima,PASCO
2014-07-07,0.0,0.041041154193127864,arima,PASCO
2014-07-14,0.0,0.05018379624230813,arima,PASCO
2014-07-21,0.0,0.030531323549476568,arima,PASCO
2014-07-28,0.0,0.04273137314892718,arima,PASCO
2014-08-04,0.0,0.0,arima,PASCO
2014-08-11,0.0,0.0,arima,PASCO
2014-08-18,0.0,0.0,arima,PASCO
2014-08-25,0.0,0.0,arima,PASCO
2014-09-01,0.0,0.0,arima,PASCO
2014-09-08,0.0,0.0037668274059471534,arima,PASCO
2014-09-15,0.0,0.0,arima,PASCO
2014-09-22,0.0,0.0,arima,PASCO
2014-09-29,0.0,0.020616175523518476,arima,PASCO
2014-10-06,0.0,0.012344608326421615,arima,PASCO
2014-10-13,0.0,0.012008135640368801,arima,PASCO
2014-10-20,0.0,0.01486387139865858,arima,PASCO
2014-10-27,0.0,0.0,arima,PASCO
2014-11-03,0.36412760487785345,0.0,arima,PASCO
2014-11-10,0.36412760487785345,0.0,arima,PASCO
2014-11-17,0.36412760487785345,0.0,arima,PASCO
2014-11-24,0.0,0.16444639169571332,arima,PASCO
2014-12-01,0.0,0.23727400864867118,arima,PASCO
2014-12-08,0.0,0.2434608544721222,arima,PASCO
2014-12-15,0.0,0.21438970443850644,arima,PASCO
2014-12-22,0.0,0.00451772655779488,arima,PASCO
2014-12-29,0.0,0.0,arima,PASCO
2015-01-05,0.36523276283975775,0.0,arima,PASCO
2015-01-12,0.36523276283975775,0.0,arima,PASCO
2015-01-19,0.36523276283975775,0.45842359810462985,arima,PASCO
2015-01-26,0.0,0.28341747739314826,arima,PASCO
2015-02-02,0.0,0.3799066682780136,arima,PASCO
2015-02-09,0.0,0.3615192004925335,arima,PASCO
2015-02-16,0.36523276283975775,0.06249135951727535,arima,PASCO
2015-02-23,0.36523276283975775,0.07162389973965189,arima,PASCO
2015-03-02,0.36523276283975775,0.04526483056572835,arima,PASCO
2015-03-09,0.0,0.06212701834615619,arima,PASCO
2015-03-16,0.36523276283975775,0.0,arima,PASCO
2015-03-23,0.36523276283975775,0.0,arima,PASCO
2015-03-30,0.7304655256795155,0.0,arima,PASCO
2015-04-06,0.36523276283975775,0.0,arima,PASCO
2015-04-13,0.36523276283975775,0.4372671641322512,arima,PASCO
2015-04-20,0.0,0.3427007397838698,arima,PASCO
2015-04-27,0.0,0.3920226592864556,arima,PASCO
2015-05-04,0.0,0.38163848521593624,arima,PASCO
2015-05-11,0.0,0.11540410142239937,arima,PASCO
2015-05-18,0.0,0.09086110902520818,arima,PASCO
2015-05-25,0.7183116503674728,0.07546049257886114,arima,PASCO
2015-06-01,0.7183116503674728,0.09334271804627756,arima,PASCO
2015-06-08,1.0835444132072307,0.9105775160617438,arima,PASCO
2015-06-15,0.36523276283975775,0.44153791029372896,arima,PASCO
2015-06-22,0.36523276283975775,0.7248173188318239,arima,PASCO
2015-06-29,0.0,0.6464910672917901,arima,PASCO
2015-07-06,0.0,0.0,arima,PASCO
2015-07-13,0.0,0.0,arima,PASCO
2015-07-20,0.36523276283975775,0.0,arima,PASCO
2015-07-27,0.7304655256795155,0.0,arima,PASCO
2015-08-03,0.7304655256795155,1.0791351197939578,arima,PASCO
2015-08-10,0.36523276283975775,0.9922583948056447,arima,PASCO
2015-08-17,0.0,0.9526651598041678,arima,PASCO
2015-08-24,0.0,1.0056743103522217,arima,PASCO
2015-08-31,0.0,0.0,arima,PASCO
2015-09-07,0.0,0.0,arima,PASCO
2015-09-14,0.0,0.0,arima,PASCO
2015-09-21,0.0,0.0,arima,PASCO
2015-09-28,0.0,0.04829352320169067,arima,PASCO
2015-10-05,0.0,0.04306845612174063,arima,PASCO
2015-10-12,0.0,0.03288790687951527,arima,PASCO
2015-10-19,0.36523276283975775,0.041609625759235526,arima,PASCO
2015-10-26,0.7304655256795155,0.45940830069628014,arima,PASCO
2015-11-02,1.0956982885192732,0.6026490553585928,arima,PASCO
2015-11-09,0.7304655256795156,0.4691700266739974,arima,PASCO
2015-11-16,0.36523276283975775,0.5228091553721688,arima,PASCO
2015-11-23,0.0,0.2160962141737155,arima,PASCO
2015-11-30,0.0,0.2027872052624377,arima,PASCO
2015-12-07,0.0,0.2520618656322958,arima,PASCO
2015-12-14,0.0,0.22180506608083536,arima,PASCO
2015-12-21,0.0,0.0,arima,PASCO
2015-12-28,0.0,0.0,arima,PASCO
2016-01-04,0.0,0.0,arima,PASCO
2016-01-11,0.0,0.0,arima,PASCO
2016-01-18,0.3663446497195631,0.005328047142712233,arima,PASCO
2016-01-25,0.3663446497195631,0.05227817841985807,arima,PASCO
2016-02-01,0.3663446497195631,0.018073351135436275,arima,PASCO
2016-02-08,0.0,0.028086452993486492,arima,PASCO
2016-02-15,0.3663446497195631,0.03354306606600987,arima,PASCO
2016-02-22,0.3663446497195631,0.0,arima,PASCO
2016-02-29,0.7326892994391262,0.004052616974192786,arima,PASCO
2016-03-07,0.3663446497195631,0.0,arima,PASCO
2016-03-14,0.3663446497195631,0.41484553222091697,arima,PASCO
2016-03-21,0.0,0.28747374326965636,arima,PASCO
2016-03-28,0.0,0.36299041893310485,arima,PASCO
2016-04-04,0.0,0.34278749178388573,arima,PASCO
2016-04-11,0.0,0.1014182240269314,arima,PASCO
2016-04-18,0.0,0.10228379724977282,arima,PASCO
2016-04-25,0.0,0.07337952549726026,arima,PASCO
2016-05-02,0.0,0.09389447241884849,arima,PASCO
2016-05-09,0.0,0.0,arima,PASCO
2016-05-16,0.0,0.0,arima,PASCO
2016-05-23,0.0,0.0,arima,PASCO
2016-05-30,0.0,0.0,arima,PASCO
2016-06-06,0.0,0.0,arima,PASCO
2016-06-13,0.0,0.02798349735857252,arima,PASCO
2016-06-20,0.0,0.0,arima,PASCO
2016-06-27,0.0,0.007118612767102131,arima,PASCO
2016-07-04,0.0,0.04047632267181445,arima,PASCO
2016-07-11,0.0,0.018371725897574652,arima,PASCO
2016-07-18,0.0,0.023080474151516477,arima,PASCO
2016-07-25,0.0,0.025624456596172775,arima,PASCO
2016-08-01,0.0,0.0,arima,PASCO
2016-08-08,0.0,0.0,arima,PASCO
2016-08-15,0.0,0.0,arima,PASCO
2016-08-22,0.3663446497195631,0.0,arima,PASCO
2016-08-29,0.3663446497195631,0.5137083594457692,arima,PASCO
2016-09-05,0.3663446497195631,0.7323881742561391,arima,PASCO
2016-09-12,0.0,0.5325540211366433,arima,PASCO
2016-09-19,0.0,0.6127209648084668,arima,PASCO
2016-09-26,0.0,0.0,arima,PASCO
2016-10-03,0.0,0.0,arima,PASCO
2016-10-10,0.0,0.0,arima,PASCO
2016-10-17,0.0,0.0,arima,PASCO
2016-10-24,0.0,0.01854015328986056,arima,PASCO
2016-10-31,0.0,0.02452599144981731,arima,PASCO
2016-11-07,0.0,0.015284873182584962,arima,PASCO
2016-11-14,0.0,0.020188308739524305,arima,PASCO
2016-11-21,0.0,0.0,arima,PASCO
2016-11-28,0.0,0.0,arima,PASCO
2016-12-05,0.0,0.0,arima,PASCO
2016-12-12,0.0,0.0,arima,PASCO
2016-12-19,0.0,0.0,arima,PASCO
2016-12-26,0.0,0.0008938466813048916,arima,PASCO
2017-01-02,0.0,0.0,arima,PASCO
2017-01-09,0.0,0.0,arima,PASCO
2017-01-16,0.0,0.00794164389931829,arima,PASCO
2017-01-23,0.0,0.006402886063523717,arima,PASCO
2017-01-30,0.0,0.005350902114673385,arima,PASCO
2017-02-06,0.0,0.0064847294874710104,arima,PASCO
2017-02-13,0.0,0.0,arima,PASCO
2017-02-20,0.0,0.0,arima,PASCO
2017-02-27,0.0,0.0,arima,PASCO
2017-03-06,0.0,0.0,arima,PASCO
2017-03-13,0.0,0.0,arima,PASCO
2017-03-20,0.0,0.003030115670729277,arima,PASCO
2017-03-27,0.0,0.0006174968548354685,arima,PASCO
2017-04-03,0.0,0.0013109046271308773,arima,PASCO
2017-04-10,0.36746332715994945,0.0031138860792995046,arima,PASCO
2017-04-17,0.36746332715994945,0.0009691993533180632,arima,PASCO
2017-04-24,0.36746332715994945,0.001642106511884064,arima,PASCO
2017-05-01,0.0,0.0017468676682371688,arima,PASCO
2017-05-08,0.36746332715994945,0.0008637382966755091,arima,PASCO
2017-05-15,0.36746332715994945,0.0,arima,PASCO
2017-05-22,0.36746332715994945,0.0,arima,PASCO
2017-05-29,0.0,0.0,arima,PASCO
2017-06-05,0.0,0.0,arima,PASCO
2017-06-12,0.0,0.0,arima,PASCO
2017-06-19,0.36746332715994945,0.0,arima,PASCO
2017-06-26,0.36746332715994945,0.0,arima,PASCO
2017-07-03,0.36746332715994945,0.40250636484408575,arima,PASCO
2017-07-10,0.0,0.18615873422772594,arima,PASCO
2017-07-17,0.0,0.2144448384929808,arima,PASCO
2017-07-24,0.0,0.17967445233786075,arima,PASCO
2017-07-31,0.0,0.18583504881232812,arima,PASCO
2017-08-07,0.0,0.16002448471986877,arima,PASCO
2017-08-14,0.0,0.17826777060153937,arima,PASCO
2017-08-21,0.0,0.07339365185144577,arima,PASCO
2017-08-28,0.0,0.0005688548207215771,arima,PASCO
2017-09-04,0.0,0.0004946834340135066,arima,PASCO
2017-09-11,0.0,0.0005469721439756535,arima,PASCO
2017-09-18,0.0,0.0002397543326301759,arima,PASCO
2017-09-25,0.0,1.028378925464936e-06,arima,PASCO
2017-10-02,0.0,9.03889903683739e-07,arima,PASCO
2017-10-09,0.0,9.90999145461899e-07,arima,PASCO
2017-10-16,0.0,4.329642370982859e-07,arima,PASCO
2017-10-23,0.0,2.756860088111561e-10,arima,PASCO
2017-10-30,0.0,2.53316176855411e-10,arima,PASCO
2017-11-06,0.0,2.790964944322832e-10,arima,PASCO
2017-11-13,0.0,1.2702536452016468e-10,arima,PASCO
2017-11-20,0.0,5.3451631270928464e-14,arima,PASCO
2017-11-27,0.0,4.905984365014632e-14,arima,PASCO
2017-12-04,0.0,5.4252769940869955e-14,arima,PASCO
2017-12-11,0.0,2.4910597094282205e-14,arima,PASCO
2017-12-18,0.36746332715994945,5.1640956958961436e-17,arima,PASCO
2017-12-25,0.36746332715994945,4.732400446154387e-17,arima,PASCO
2018-01-01,0.36746332715994945,5.2351577279025857e-17,arima,PASCO
2018-01-08,0.0,2.3993063592002617e-17,arima,PASCO
2018-01-15,0.0,0.004906510757844972,arima,PASCO
2018-01-22,0.0,0.0,arima,PASCO
2018-01-29,0.0,0.16811015397955917,arima,PASCO
2018-02-05,0.0,0.1461924830854305,arima,PASCO
2018-02-12,0.0,0.003333897907211894,arima,PASCO
2018-02-19,0.0,0.003015963424403389,arima,PASCO
2018-02-26,0.0,0.0032764359629570724,arima,PASCO
2018-03-05,0.0,0.0014474724822023787,arima,PASCO
2018-03-12,0.0,4.512247087937632e-06,arima,PASCO
2018-03-19,0.0,3.970528613654556e-06,arima,PASCO
2018-03-26,0.0,4.340865017325616e-06,arima,PASCO
2018-04-02,0.0,1.806215226740136e-06,arima,PASCO
2018-04-09,0.0,9.81559954218652e-09,arima,PASCO
2018-04-16,0.0,8.523759646025451e-09,arima,PASCO
2018-04-23,0.3682318977199081,9.183747260805198e-09,arima,PASCO
2018-04-30,0.3682318977199081,3.634618092981861e-09,arima,PASCO
2018-05-07,0.3682318977199081,0.3866111213229755,arima,PASCO
2018-05-14,0.0,0.16494714345520367,arima,PASCO
2018-05-21,0.0,0.19229855248628203,arima,PASCO
2018-05-28,0.0,0.16994630685652753,arima,PASCO
2018-06-04,0.0,0.19751016846091188,arima,PASCO
2018-06-11,0.3682318977199081,0.16871110874138334,arima,PASCO
2018-06-18,0.7364637954398162,0.18124496464769543,arima,PASCO
2018-06-25,0.7364637954398162,0.06407251946452791,arima,PASCO
2018-07-02,0.3682318977199081,0.4558310429359526,arima,PASCO
2018-07-09,0.3682318977199081,0.30008990683556275,arima,PASCO
2018-07-16,0.3682318977199081,0.3129057365276049,arima,PASCO
2018-07-23,0.3682318977199081,0.4455422383037439,arima,PASCO
2018-07-30,0.0,0.32393817078837117,arima,PASCO
2018-08-06,0.0,0.33203364280970205,arima,PASCO
2018-08-13,0.0,0.32832125079567365,arima,PASCO
2018-08-20,0.0,0.35334019273216416,arima,PASCO
2018-08-27,0.0,0.0,arima,PASCO
2018-09-03,0.3682318977199081,0.0,arima,PASCO
2018-09-10,0.3682318977199081,0.0,arima,PASCO
2018-09-17,0.7364637954398162,0.0,arima,PASCO
2018-09-24,0.3682318977199081,0.48949649721012684,arima,PASCO
2018-10-01,0.3682318977199081,0.5521996576531203,arima,PASCO
2018-10-08,0.0,0.34506215120397976,arima,PASCO
2018-10-15,0.0,0.508924188268925,arima,PASCO
2018-10-22,0.3682318977199081,0.0,arima,PASCO
2018-10-29,0.3682318977199081,0.13779116449561937,arima,PASCO
2018-11-05,0.3682318977199081,0.09388542329835453,arima,PASCO
2018-11-12,0.0,0.14594470826145953,arima,PASCO
2018-11-19,0.0,0.022318398082155712,arima,PASCO
2018-11-26,0.0,0.009813240154920364,arima,PASCO
2018-12-03,0.3682318977199081,0.20335844767692596,arima,PASCO
2018-12-10,0.3682318977199081,0.15216369635824784,arima,PASCO
2018-12-17,0.3682318977199081,0.38738696790718674,arima,PASCO
2018-12-24,0.0,0.16455987580206735,arima,PASCO
2018-12-31,0.0,0.20163887023047727,arima,PASCO
2019-01-07,0.0,0.18033263788528678,arima,PASCO
2019-01-14,0.0,0.19231967531475888,arima,PASCO
2019-01-21,0.0,0.15632717795792317,arima,PASCO
2019-01-28,0.3690036900369003,0.16790006937209598,arima,PASCO
2019-02-04,0.3690036900369003,0.057254597358505174,arima,PASCO
2019-02-11,0.3690036900369003,0.37407738448372335,arima,PASCO
2019-02-18,0.0,0.14880097505438847,arima,PASCO
2019-02-25,0.0,0.18745904317264847,arima,PASCO
2019-03-04,0.0,0.17270041469455658,arima,PASCO
2019-03-11,0.0,0.19839868376369585,arima,PASCO
2019-03-18,0.0,0.16139599471350527,arima,PASCO
2019-03-25,0.0,0.17681889286237917,arima,PASCO
2019-04-01,0.0,0.05899597566420481,arima,PASCO
2019-04-08,0.0,3.721449845474752e-05,arima,PASCO
2019-04-15,0.0,3.453141665276126e-05,arima,PASCO
2019-04-22,0.0,3.73742751738746e-05,arima,PASCO
2019-04-29,0.0,1.5125008753361597e-05,arima,PASCO
2019-05-06,0.3690036900369003,2.9066672360417654e-10,arima,PASCO
2019-05-13,0.3690036900369003,2.8472665146745224e-10,arima,PASCO
2019-05-20,0.3690036900369003,3.090817199319927e-10,arima,PASCO
2019-05-27,0.0,1.4272369061010228e-10,arima,PASCO
2019-06-03,0.0,0.0,arima,PASCO
2019-06-10,0.0,0.0,arima,PASCO
2019-06-17,0.0,0.1630850970232579,arima,PASCO
2019-06-24,0.3690036900369003,0.15969534680413683,arima,PASCO
2019-07-01,0.7380073800738006,0.3856621860891806,arima,PASCO
2019-07-08,0.7380073800738006,0.4220420570346431,arima,PASCO
2019-07-15,0.7380073800738006,0.19048498491802135,arima,PASCO
2019-07-22,0.7380073800738006,0.17956239450637074,arima,PASCO
2019-07-29,0.7380073800738006,0.7380073800738005,arima,PASCO
2019-08-05,0.3690036900369003,0.7380073800738005,arima,PASCO
2019-08-12,0.0,0.7380073800738005,arima,PASCO
2019-08-19,0.0,0.7380073800738005,arima,PASCO
2019-08-26,0.0,0.1153205542144044,arima,PASCO
2019-09-02,0.0,0.32499309318616004,arima,PASCO
2019-09-09,0.0,0.3350476272518114,arima,PASCO
2019-09-16,0.0,0.27558625303694284,arima,PASCO
2019-09-23,0.0,0.0,arima,PASCO
2019-09-30,0.0,0.0,arima,PASCO
2019-10-07,0.0,0.0,arima,PASCO
2019-10-14,0.0,0.0,arima,PASCO
2019-10-21,0.0,0.0,arima,PASCO
2019-10-28,0.0,0.0,arima,PASCO
2019-11-04,0.0,0.0,arima,PASCO
2019-11-11,0.0,0.0,arima,PASCO
2019-11-18,0.0,0.0,arima,PASCO
2019-11-25,0.0,0.0,arima,PASCO
2019-12-02,0.0,0.0,arima,PASCO
2019-12-09,0.0,0.0,arima,PASCO
2019-12-16,0.0,0.0,arima,PASCO
2019-12-23,0.0,0.0,arima,PASCO
2019-12-30,0.0,0.0,arima,PASCO
2020-01-06,0.0,0.0,arima,PASCO
2020-01-13,0.0,0.0,arima,PASCO
2020-01-20,0.0,0.0,arima,PASCO
2020-01-27,0.0,0.0,arima,PASCO
2020-02-03,0.0,0.0,arima,PASCO
2020-02-10,0.0,0.0,arima,PASCO
2020-02-17,0.0,0.0,arima,PASCO
2020-02-24,0.0,0.0,arima,PASCO
2020-03-02,0.0,0.0,arima,PASCO
2020-03-09,0.0,0.0,arima,PASCO
2020-03-16,0.0,0.0,arima,PASCO
2020-03-23,0.0,0.0,arima,PASCO
2020-03-30,0.0,0.0,arima,PASCO
2020-04-06,0.0,0.0,arima,PASCO
2020-04-13,0.0,0.0,arima,PASCO
2020-04-20,0.7183116503674728,0.0,arima,PASCO
2020-04-27,0.7183116503674728,0.0,arima,PASCO
2020-05-04,0.7183116503674728,0.7380073800738005,arima,PASCO
2020-05-11,0.0,0.3419345652095562,arima,PASCO
2020-05-18,0.0,0.3481665664210875,arima,PASCO
2020-05-25,0.0,0.2724255871206938,arima,PASCO
2020-06-01,0.0,0.3537010598068372,arima,PASCO
2020-06-08,0.0,0.3460367777446573,arima,PASCO
2020-06-15,0.0,0.38039158985135246,arima,PASCO
2020-06-22,0.0,0.16745872741346982,arima,PASCO
2020-06-29,0.36977872441131227,7.638757136361773e-05,arima,PASCO
2020-07-06,0.36977872441131227,7.429253314322159e-05,arima,PASCO
2020-07-13,0.36977872441131227,7.801544201835851e-05,arima,PASCO
2020-07-20,0.0,3.86529059585974e-05,arima,PASCO
2020-07-27,0.0,0.0,arima,PASCO
2020-08-03,0.0,0.0,arima,PASCO
2020-08-10,0.0,0.0,arima,PASCO
2020-08-17,0.0,0.0,arima,PASCO
2020-08-24,0.0,0.0024999036767782753,arima,PASCO
2020-08-31,0.0,0.0023745252546867666,arima,PASCO
2020-09-07,0.0,0.0025093714622388824,arima,PASCO
2020-09-14,0.0,0.0012572695085558145,arima,PASCO
2020-09-21,0.0,2.8636684106183443e-07,arima,PASCO
2020-09-28,0.0,2.7561497589219496e-07,arima,PASCO
2020-10-05,0.0,2.9071069297069214e-07,arima,PASCO
2020-10-12,0.0,1.4481118491736627e-07,arima,PASCO
2020-10-19,0.0,1.6802404903285038e-10,arima,PASCO
2020-10-26,0.0,1.5587839524728615e-10,arima,PASCO
2020-11-02,0.0,1.6264826085234004e-10,arima,PASCO
2020-11-09,0.0,7.795068806470721e-11,arima,PASCO
2020-11-16,0.0,1.4164660168500635e-15,arima,PASCO
2020-11-23,0.0,1.308557449913147e-15,arima,PASCO
2020-11-30,0.0,1.3484195648815884e-15,arima,PASCO
2020-12-07,0.0,6.397999714293849e-16,arima,PASCO
2020-12-14,0.0,2.5444204809980047e-19,arima,PASCO
2020-12-21,0.0,2.3440528185269214e-19,arima,PASCO
2020-12-28,0.0,2.4165387228412737e-19,arima,PASCO
2021-01-04,0.0,1.1434738227726845e-19,arima,PASCO
2021-01-11,0.0,6.514322550664049e-27,arima,PASCO
2021-01-18,0.0,6.155763408730534e-27,arima,PASCO
2021-01-25,0.0,6.32705331879287e-27,arima,PASCO
2021-02-01,0.0,3.064729077767849e-27,arima,PASCO
2021-02-08,0.0,2.6947836249534163e-34,arima,PASCO
2021-02-15,0.0,2.6146245084592155e-34,arima,PASCO
2021-02-22,0.0,2.6889657475135184e-34,arima,PASCO
2021-03-01,0.0,1.3677242081223885e-34,arima,PASCO
2021-03-08,0.0,1.4560689866601136e-35,arima,PASCO
2021-03-15,0.0,1.4008769230031935e-35,arima,PASCO
2021-03-22,0.0,1.41521183944145e-35,arima,PASCO
2021-03-29,0.0,7.12599084981839e-36,arima,PASCO
2021-04-05,0.0,4.0863037239729415e-40,arima,PASCO
2021-04-12,0.0,3.931714021365736e-40,arima,PASCO
2021-04-19,0.0,3.971852647102101e-40,arima,PASCO
2021-04-26,0.0,1.9993520424644724e-40,arima,PASCO
2021-05-03,0.0,1.1840503514039886e-44,arima,PASCO
2021-05-10,0.0,1.1392637491896865e-44,arima,PASCO
2021-05-17,0.0,1.1508856043109163e-44,arima,PASCO
2021-05-24,0.0,5.793230974233922e-45,arima,PASCO
2021-05-31,0.0,3.507812420467619e-49,arima,PASCO
2021-06-07,0.0,3.3749999173627818e-49,arima,PASCO
2021-06-14,0.0,3.409468329698511e-49,arima,PASCO
2021-06-21,0.0,1.7161959959201764e-49,arima,PASCO
2021-06-28,0.0,1.0443163705653964e-53,arima,PASCO
2021-07-05,0.0,1.0047129943992389e-53,arima,PASCO
2021-07-12,0.37055702131443985,1.0150223602120336e-53,arima,PASCO
2021-07-19,0.37055702131443985,5.109030921694994e-54,arima,PASCO
2021-07-26,0.37055702131443985,0.37314110874158596,arima,PASCO
2021-08-02,0.0,0.17477689951382167,arima,PASCO
2021-08-09,0.0,0.1818837238889122,arima,PASCO
2021-08-16,0.0,0.17893162110588842,arima,PASCO
2021-08-23,0.0,0.16908373496215617,arima,PASCO
2021-08-30,0.0,0.16207184830371538,arima,PASCO
2021-09-06,0.0,0.1639112890122243,arima,PASCO
2021-09-13,0.0,0.07718555099920592,arima,PASCO
2021-09-20,0.0,4.387078312482242e-06,arima,PASCO
2021-09-27,0.0,4.221388669869521e-06,arima,PASCO
2021-10-04,0.0,4.2644308070683605e-06,arima,PASCO
2021-10-11,0.0,2.146693749558366e-06,arima,PASCO
2021-10-18,0.0,1.2689954183758136e-10,arima,PASCO
2021-10-25,0.0,1.2210296248826663e-10,arima,PASCO
2021-11-01,0.0,1.233483361758206e-10,arima,PASCO
2021-11-08,0.0,6.209136994684305e-11,arima,PASCO
2021-11-15,0.0,3.660856569242511e-15,arima,PASCO
2021-11-22,0.0,3.522507832170339e-15,arima,PASCO
2021-11-29,0.0,3.558426269026655e-15,arima,PASCO
2021-12-06,0.0,1.79125782904096e-15,arima,PASCO
2021-12-13,0.0,1.0483006483104899e-19,arima,PASCO
2021-12-20,0.0,1.0087091978940014e-19,arima,PASCO
2021-12-27,0.0,1.0189969685726239e-19,arima,PASCO
2022-01-03,0.0,5.129664112853832e-20,arima,PASCO
2022-01-10,0.0,3.0372276690099876e-24,arima,PASCO
2022-01-17,0.0,2.9224728840198913e-24,arima,PASCO
2022-01-24,0.0,2.9522735840551397e-24,arima,PASCO
2022-01-31,0.0,1.4861501058074354e-24,arima,PASCO
2022-02-07,0.0,8.864870292162007e-29,arima,PASCO
2022-02-14,0.0,8.529615476333662e-29,arima,PASCO
2022-02-21,0.0,8.616633197200582e-29,arima,PASCO
2022-02-28,0.0,4.337392932335201e-29,arima,PASCO
2022-03-07,0.0,9.111095563318814e-33,arima,PASCO
2022-03-14,0.37133860139029173,8.743114889465203e-33,arima,PASCO
2022-03-21,0.37133860139029173,8.83486731231647e-33,arima,PASCO
2022-03-28,0.37133860139029173,4.436416991514447e-33,arima,PASCO
2022-04-04,0.37133860139029173,0.17788722323839246,arima,PASCO
2022-04-11,0.37133860139029173,0.17730080488486327,arima,PASCO
2022-04-18,0.37133860139029173,0.175942113918576,arima,PASCO
2022-04-25,0.0,0.26524667838278304,arima,PASCO
2022-05-02,0.0,0.0,arima,PASCO
2022-05-09,0.0,0.0,arima,PASCO
2022-05-16,0.0,0.14076239939048704,arima,PASCO
2022-05-23,0.0,0.1644502744366099,arima,PASCO
2022-05-30,0.0,0.03776800316223542,arima,PASCO
2022-06-06,0.0,0.06827665005545068,arima,PASCO
2022-06-13,0.37133860139029173,0.09185657905234144,arima,PASCO
2022-06-20,0.37133860139029173,0.09935978925379327,arima,PASCO
2022-06-27,0.37133860139029173,0.33750904184335356,arima,PASCO
2022-07-04,0.0,0.21024564629110432,arima,PASCO
2022-07-11,0.0,0.11982314444539649,arima,PASCO
2022-07-18,0.37133860139029173,0.06357438722974607,arima,PASCO
2022-07-25,0.37133860139029173,0.5875596099141227,arima,PASCO
2022-08-01,0.37133860139029173,0.608749169956109,arima,PASCO
2022-08-08,0.37133860139029173,0.4023376521243624,arima,PASCO
2022-08-15,0.37133860139029173,0.2939573910413201,arima,PASCO
2022-08-22,0.37133860139029173,0.28124276262943315,arima,PASCO
2022-08-29,0.0,0.21747266372503268,arima,PASCO
2022-09-05,0.0,0.17584136895235994,arima,PASCO
2022-09-12,0.0,0.16813697656901935,arima,PASCO
2022-09-19,0.0,0.08040343366843207,arima,PASCO
2022-09-26,0.0,0.14649264117964578,arima,PASCO
2022-10-03,0.0,0.1951289899376708,arima,PASCO
2022-10-10,0.0,0.20756653197118413,arima,PASCO
2022-10-17,0.0,0.050443870684830035,arima,PASCO
2022-10-24,0.0,0.09227600900165692,arima,PASCO
2022-10-31,0.0,0.12364221422848884,arima,PASCO
2022-11-07,0.0,0.1345864159289385,arima,PASCO
2022-11-14,0.0,0.03939610449639579,arima,PASCO
2022-11-21,0.0,0.07208171433365346,arima,PASCO
2022-11-28,0.0,0.09667875544940856,arima,PASCO
2022-12-05,0.0,0.10588632678316874,arima,PASCO
