date,region,actual,arima,holt_winters,naive,seasonal_naive,arima_error,arima_abs_error,arima_pct_error,holt_winters_error,holt_winters_abs_error,holt_winters_pct_error,naive_error,naive_abs_error,naive_pct_error,seasonal_naive_error,seasonal_naive_abs_error,seasonal_naive_pct_error,best_model
2010-12-27,PUNO,3.18474126763849,2.7621785109132504,2.5596825378358057,2.7866486091836795,0.6348500960210766,-0.423,0.423,13.3,-0.625,0.625,19.6,-0.398,0.398,12.5,-2.55,2.55,80.1,naive
2011-01-03,PUNO,2.4692302632559198,2.6697267583921156,2.868788250553988,2.7866486091836795,1.1133480952318329,0.2,0.2,8.1,0.4,0.4,16.2,0.317,0.317,12.8,-1.356,1.356,54.9,arima
2011-01-10,PUNO,2.3118408163371527,2.7026057673305273,2.9083165401587947,2.7866486091836795,1.1942779753644333,0.391,0.391,16.9,0.596,0.596,25.8,0.475,0.475,20.5,-1.118,1.118,48.4,arima
2011-01-17,PUNO,1.1982371534997707,2.6907851739463418,3.1033842178646385,2.7866486091836795,1.4331335704373198,1.493,1.493,124.6,1.905,1.905,159.0,1.588,1.588,132.5,0.235,0.235,19.6,seasonal_naive
2011-01-24,PUNO,0.8787072458998318,1.2174737633923556,1.018551238169883,1.1982371534997704,1.1942779753644337,0.339,0.339,38.6,0.14,0.14,15.9,0.32,0.32,36.4,0.316,0.316,36.0,holt_winters
2011-01-31,PUNO,0.6390598151998775,1.0518940984799405,0.974513852361647,1.1982371534997704,1.035040911982509,0.413,0.413,64.6,0.335,0.335,52.4,0.559,0.559,87.5,0.396,0.396,62.0,holt_winters
2011-02-07,PUNO,0.39941238449992333,1.1265584289002852,0.8552187896325261,1.1982371534997704,1.1146594436734714,0.727,0.727,182.0,0.456,0.456,114.2,0.799,0.799,200.0,0.715,0.715,179.0,holt_winters
2011-02-14,PUNO,1.4378845841997248,1.1570722342846107,1.0211833818501375,1.1982371534997704,1.353515038746358,-0.281,0.281,19.5,-0.417,0.417,29.0,-0.24,0.24,16.7,-0.084,0.084,5.8,seasonal_naive
2011-02-21,PUNO,1.757414491799664,1.7586303161518715,1.492405288148825,1.437884584199725,1.592370633819245,0.001,0.001,0.1,-0.265,0.265,15.1,-0.32,0.32,18.2,-0.165,0.165,9.4,arima
2011-02-28,PUNO,1.8372969686996485,2.5962113855156024,1.5168548896653862,1.437884584199725,1.592370633819245,0.759,0.759,41.3,-0.32,0.32,17.4,-0.399,0.399,21.7,-0.245,0.245,13.3,seasonal_naive
2011-03-07,PUNO,1.1982371534997707,2.0238296788079335,1.4324551500632912,1.437884584199725,1.1942779753644337,0.826,0.826,68.9,0.234,0.234,19.5,0.24,0.24,20.0,-0.004,0.004,0.3,seasonal_naive
2011-03-14,PUNO,1.1982371534997707,2.000259394731687,1.344367112065382,1.437884584199725,0.9554223802915474,0.802,0.802,66.9,0.146,0.146,12.2,0.24,0.24,20.0,-0.243,0.243,20.3,holt_winters
2011-03-21,PUNO,1.5976495379996944,1.644643733629306,1.165213779368055,1.1982371534997704,1.035040911982509,0.047,0.047,2.9,-0.432,0.432,27.0,-0.399,0.399,25.0,-0.563,0.563,35.2,arima
2011-03-28,PUNO,1.9171794455996334,1.6244540862957302,1.0276801157931312,1.1982371534997704,1.1942779753644337,-0.293,0.293,15.3,-0.889,0.889,46.4,-0.719,0.719,37.5,-0.723,0.723,37.7,arima
2011-04-04,PUNO,2.6361217376994963,1.4533795287507996,1.0927253472436749,1.1982371534997704,1.353515038746358,-1.183,1.183,44.9,-1.543,1.543,58.5,-1.438,1.438,54.5,-1.283,1.283,48.7,arima
2011-04-11,PUNO,3.275181552899374,1.5427459389769154,1.3606177276406966,1.1982371534997704,1.4331335704373207,-1.732,1.732,52.9,-1.915,1.915,58.5,-2.077,2.077,63.4,-1.842,1.842,56.2,arima
2011-04-18,PUNO,3.9142413680992525,3.442460360473034,3.5625225848476383,3.275181552899374,1.353515038746358,-0.472,0.472,12.1,-0.352,0.352,9.0,-0.639,0.639,16.3,-2.561,2.561,65.4,holt_winters
2011-04-25,PUNO,4.713066137099099,2.982304304844343,4.298839317372381,3.275181552899374,1.592370633819245,-1.731,1.731,36.7,-0.414,0.414,8.8,-1.438,1.438,30.5,-3.121,3.121,66.2,holt_winters
2011-05-02,PUNO,5.272243475398992,3.125597627163975,4.786859065069904,3.275181552899374,1.7516076972011696,-2.147,2.147,40.7,-0.485,0.485,9.2,-1.997,1.997,37.9,-3.521,3.521,66.8,holt_winters
2011-05-09,PUNO,6.390598151998778,3.2295974976178536,5.67903934833049,3.275181552899374,1.9904632922740566,-3.161,3.161,49.5,-0.712,0.712,11.1,-3.115,3.115,48.7,-4.4,4.4,68.9,holt_winters
2011-05-16,PUNO,5.991185767498855,5.951538083793271,7.298908994279216,6.390598151998778,3.18474126763849,-0.04,0.04,0.7,1.308,1.308,21.8,0.399,0.399,6.7,-2.806,2.806,46.8,arima
2011-05-23,PUNO,5.671655859898916,6.558556057191101,7.298908994279216,6.390598151998778,4.458637774693886,0.887,0.887,15.6,1.627,1.627,28.7,0.719,0.719,12.7,-1.213,1.213,21.4,naive
2011-05-30,PUNO,4.792948613999084,6.445537586772965,7.298908994279216,6.390598151998778,5.015967496530622,1.653,1.653,34.5,2.506,2.506,52.3,1.598,1.598,33.3,0.223,0.223,4.7,seasonal_naive
2011-06-06,PUNO,4.872831090899069,6.264612633414562,7.298908994279216,6.390598151998778,4.697493369766773,1.392,1.392,28.6,2.426,2.426,49.8,1.518,1.518,31.2,-0.175,0.175,3.6,seasonal_naive
2011-06-13,PUNO,4.55330118329913,5.27731157123362,5.284511043535009,4.872831090899068,5.285437307285084,0.724,0.724,15.9,0.731,0.731,16.1,0.32,0.32,7.0,0.732,0.732,16.1,naive
2011-06-20,PUNO,3.594711460499313,5.61347239006069,5.494795378975086,4.872831090899068,6.47971528264952,2.019,2.019,56.2,1.9,1.9,52.9,1.278,1.278,35.6,2.885,2.885,80.3,naive
2011-06-27,PUNO,3.1154165990994045,5.319860300889468,5.520245068125822,4.872831090899068,6.798189409413369,2.204,2.204,70.7,2.405,2.405,77.2,1.757,1.757,56.4,3.683,3.683,118.2,naive
2011-07-04,PUNO,2.636121737699496,5.331961888350775,5.116860095794296,4.872831090899068,6.289864003586017,2.696,2.696,102.3,2.481,2.481,94.1,2.237,2.237,84.9,3.654,3.654,138.6,naive
2011-07-11,PUNO,3.03553412219942,2.75589502723803,2.5532582278805442,2.6361217376994954,5.732534281749284,-0.28,0.28,9.2,-0.482,0.482,15.9,-0.399,0.399,13.1,2.697,2.697,88.8,arima
2011-07-18,PUNO,2.3165918300995565,2.488073668577784,2.3908007391550576,2.6361217376994954,6.210245471895058,0.171,0.171,7.4,0.074,0.074,3.2,0.32,0.32,13.8,3.894,3.894,168.1,holt_winters
2011-07-25,PUNO,2.636121737699496,2.5612972331727084,2.19709795924414,2.6361217376994954,5.891771345131208,-0.075,0.075,2.8,-0.439,0.439,16.7,-0.0,0.0,0.0,3.256,3.256,123.5,naive
2011-08-01,PUNO,3.03553412219942,2.614879996287611,2.0122139407194664,2.6361217376994954,5.334441623294471,-0.421,0.421,13.9,-1.023,1.023,33.7,-0.399,0.399,13.1,2.299,2.299,75.7,naive
2011-08-08,PUNO,2.955651645299435,3.493697019018465,2.4369589707441435,3.0355341221994205,3.9013080528571518,0.538,0.538,18.2,-0.519,0.519,17.6,0.08,0.08,2.7,0.946,0.946,32.0,naive
2011-08-15,PUNO,2.7160042145994807,3.5349953686527797,2.1082723275136264,3.0355341221994205,3.18474126763849,0.819,0.819,30.2,-0.608,0.608,22.4,0.32,0.32,11.8,0.469,0.469,17.3,naive
2011-08-22,PUNO,1.7574144917996637,3.3475726703446114,2.073517653210728,3.0355341221994205,3.1847412676384916,1.59,1.59,90.5,0.316,0.316,18.0,1.278,1.278,72.7,1.427,1.427,81.2,holt_winters
2011-08-29,PUNO,1.8372969686996485,3.4143452746497225,2.2948977310669476,3.0355341221994205,4.0605451162390755,1.577,1.577,85.8,0.458,0.458,24.9,1.198,1.198,65.2,2.223,2.223,121.0,holt_winters
2011-09-05,PUNO,1.677532014899679,1.7452096638582897,1.6409858764834824,1.8372969686996488,3.8216895211661885,0.068,0.068,4.1,-0.037,0.037,2.2,0.16,0.16,9.5,2.144,2.144,127.8,holt_winters
2011-09-12,PUNO,1.9171794455996334,1.9295821544477905,1.3462179545306414,1.8372969686996488,3.18474126763849,0.012,0.012,0.6,-0.571,0.571,29.8,-0.08,0.08,4.2,1.268,1.268,66.1,arima
2011-09-19,PUNO,1.7574144917996637,1.8772358307945156,1.2286965921630837,1.8372969686996488,2.070081823965018,0.12,0.12,6.8,-0.529,0.529,30.1,0.08,0.08,4.6,0.313,0.313,17.8,naive
2011-09-26,PUNO,1.5177670610997094,1.8376557258378794,1.2643482360030385,1.8372969686996488,2.3885559507288674,0.32,0.32,21.1,-0.253,0.253,16.7,0.32,0.32,21.1,0.871,0.871,57.4,holt_winters
2011-10-03,PUNO,0.8787072458998315,1.4027170335459411,1.7181697931325752,1.5177670610997094,3.4235968627113778,0.524,0.524,59.6,0.839,0.839,95.5,0.639,0.639,72.7,2.545,2.545,289.6,arima
2011-10-10,PUNO,0.8787072458998315,1.3598234324200145,1.544818764871199,1.5177670610997094,3.5828339260933024,0.481,0.481,54.7,0.666,0.666,75.8,0.639,0.639,72.7,2.704,2.704,307.7,arima
2011-10-17,PUNO,0.7988247689998468,1.4167810315153524,1.4334044088741118,1.5177670610997094,3.1051227359475284,0.618,0.618,77.4,0.635,0.635,79.5,0.719,0.719,90.0,2.306,2.306,288.7,arima
2011-10-24,PUNO,0.9585897227998164,1.4065469323732622,1.2394820726845364,1.5177670610997094,2.2293188873469427,0.448,0.448,46.7,0.281,0.281,29.3,0.559,0.559,58.3,1.271,1.271,132.6,holt_winters
2011-10-31,PUNO,0.5591773382998926,0.836143074501323,0.8607838282752012,0.9585897227998164,1.831226228892132,0.277,0.277,49.5,0.302,0.302,54.0,0.399,0.399,71.4,1.272,1.272,227.5,arima
2011-11-07,PUNO,0.3994123844999231,0.8080962041892719,0.9222694407054903,0.9585897227998164,1.831226228892132,0.409,0.409,102.4,0.523,0.523,130.9,0.559,0.559,140.0,1.432,1.432,358.5,arima
2011-11-14,PUNO,0.5591773382998926,0.8594641008435326,0.9435359337629701,0.9585897227998164,1.5127521021282826,0.3,0.3,53.7,0.384,0.384,68.7,0.399,0.399,71.4,0.954,0.954,170.6,arima
2011-11-21,PUNO,0.7988247689998468,0.84648778663218,1.0654138860498858,0.9585897227998164,1.592370633819245,0.048,0.048,6.0,0.267,0.267,33.4,0.16,0.16,20.0,0.794,0.794,99.4,arima
2011-11-28,PUNO,1.038472199699801,0.9316086702672635,0.9913299836502767,0.7988247689998469,1.9904632922740566,-0.107,0.107,10.3,-0.047,0.047,4.5,-0.24,0.24,23.1,0.952,0.952,91.7,holt_winters
2011-12-05,PUNO,1.35800210729974,0.854274424871428,0.9326699402900043,0.7988247689998469,2.547793014110793,-0.504,0.504,37.1,-0.425,0.425,31.3,-0.559,0.559,41.2,1.19,1.19,87.6,holt_winters
2011-12-12,PUNO,1.35800210729974,0.8419869717338286,0.8426840887275024,0.7988247689998469,3.025504204256565,-0.516,0.516,38.0,-0.515,0.515,37.9,-0.559,0.559,41.2,1.668,1.668,122.8,holt_winters
2011-12-19,PUNO,1.2781196303997553,0.8728877413421892,0.6533818002430045,0.7988247689998469,2.7866486091836795,-0.405,0.405,31.7,-0.625,0.625,48.9,-0.479,0.479,37.5,1.509,1.509,118.1,arima
2011-12-26,PUNO,1.5177670610997094,1.0355044643002924,1.1708369239714496,1.2781196303997553,3.18474126763849,-0.482,0.482,31.8,-0.347,0.347,22.9,-0.24,0.24,15.8,1.667,1.667,109.8,naive
2012-01-02,PUNO,1.278385395688523,1.052301841056086,1.30140993876956,1.2781196303997553,2.4692302632559198,-0.226,0.226,17.7,0.023,0.023,1.8,-0.0,0.0,0.0,1.191,1.191,93.2,naive
2012-01-09,PUNO,1.6799239024985873,1.1247928479962352,1.388328036781739,1.2781196303997553,2.311840816337153,-0.555,0.555,33.0,-0.292,0.292,17.4,-0.402,0.402,23.9,0.632,0.632,37.6,holt_winters
2012-01-16,PUNO,1.2022236328312843,1.0870535991391614,1.2975423686741188,1.2781196303997553,1.1982371534997704,-0.115,0.115,9.6,0.095,0.095,7.9,0.076,0.076,6.3,-0.004,0.004,0.3,seasonal_naive
2012-01-23,PUNO,1.6029648437750457,1.3696523982127826,1.0132502804401127,1.2022236328312843,0.8787072458998317,-0.233,0.233,14.5,-0.59,0.59,36.8,-0.401,0.401,25.0,-0.724,0.724,45.2,arima
2012-01-30,PUNO,1.5228166015862936,1.255526936462481,0.866145837044406,1.2022236328312843,0.6390598151998774,-0.267,0.267,17.5,-0.657,0.657,43.1,-0.321,0.321,21.1,-0.884,0.884,58.1,arima
2012-02-06,PUNO,1.4426683593975411,1.2503082970037247,0.7629014170104931,1.2022236328312843,0.3994123844999233,-0.192,0.192,13.3,-0.68,0.68,47.1,-0.24,0.24,16.6,-1.043,1.043,72.3,arima
2012-02-13,PUNO,1.4426683593975413,1.292201149350435,1.1422234904926771,1.2022236328312843,1.437884584199725,-0.15,0.15,10.4,-0.3,0.3,20.8,-0.24,0.24,16.6,-0.005,0.005,0.3,seasonal_naive
2012-02-20,PUNO,1.5228166015862934,1.4390125547288335,1.6836231877706278,1.4426683593975413,1.757414491799664,-0.084,0.084,5.5,0.161,0.161,10.6,-0.08,0.08,5.3,0.235,0.235,15.4,naive
2012-02-27,PUNO,2.2441507812850645,1.540026444611486,1.5977845052901287,1.4426683593975413,1.8372969686996488,-0.704,0.704,31.4,-0.646,0.646,28.8,-0.801,0.801,35.7,-0.407,0.407,18.1,seasonal_naive
2012-03-05,PUNO,2.404447265662569,1.494762018337258,1.2552804793917276,1.4426683593975413,1.1982371534997704,-0.91,0.91,37.8,-1.149,1.149,47.8,-0.962,0.962,40.0,-1.206,1.206,50.2,arima
2012-03-12,PUNO,2.5647437500400736,1.478935975904482,1.1683833964834798,1.4426683593975413,1.1982371534997704,-1.086,1.086,42.3,-1.396,1.396,54.4,-1.122,1.122,43.7,-1.367,1.367,53.3,arima
2012-03-19,PUNO,1.8434095703413025,2.3493416647481973,2.5811163432836643,2.564743750040073,1.5976495379996942,0.506,0.506,27.4,0.738,0.738,40.0,0.721,0.721,39.1,-0.246,0.246,13.3,seasonal_naive
2012-03-26,PUNO,2.3242990234738166,2.4001838532759106,2.6338788636395787,2.564743750040073,1.9171794455996332,0.076,0.076,3.3,0.31,0.31,13.3,0.24,0.24,10.3,-0.407,0.407,17.5,arima
2012-04-02,PUNO,2.404447265662569,2.4512770686282175,2.8916527726305525,2.564743750040073,2.6361217376994963,0.047,0.047,2.0,0.487,0.487,20.3,0.16,0.16,6.7,0.232,0.232,9.6,arima
2012-04-09,PUNO,3.5265226563051013,2.4100787066426514,3.4429847349952896,2.564743750040073,3.275181552899374,-1.116,1.116,31.6,-0.084,0.084,2.4,-0.962,0.962,27.3,-0.251,0.251,7.1,holt_winters
2012-04-16,PUNO,3.6868191406826054,3.507856684174694,4.048572250541872,3.526522656305101,3.914241368099253,-0.179,0.179,4.9,0.362,0.362,9.8,-0.16,0.16,4.3,0.227,0.227,6.2,naive
2012-04-23,PUNO,4.88904277351389,3.800562010912489,4.637697011084755,3.526522656305101,4.713066137099098,-1.088,1.088,22.3,-0.251,0.251,5.1,-1.363,1.363,27.9,-0.176,0.176,3.6,seasonal_naive
2012-04-30,PUNO,4.087560351626368,3.669919756615542,5.315860741859712,3.526522656305101,5.272243475398992,-0.418,0.418,10.2,1.228,1.228,30.0,-0.561,0.561,13.7,1.185,1.185,29.0,arima
2012-05-07,PUNO,3.6066708984938542,3.631125758788148,6.241307549300621,3.526522656305101,6.390598151998778,0.024,0.024,0.7,2.635,2.635,73.1,-0.08,0.08,2.2,2.784,2.784,77.2,arima
2012-05-14,PUNO,2.644891992228826,3.0420970577522075,4.1258249790716865,3.6066708984938547,5.991185767498855,0.397,0.397,15.0,1.481,1.481,56.0,0.962,0.962,36.4,3.346,3.346,126.5,arima
2012-05-21,PUNO,3.3662261719275968,3.2287774692002316,4.632509095832172,3.6066708984938547,5.671655859898916,-0.137,0.137,4.1,1.266,1.266,37.6,0.24,0.24,7.1,2.305,2.305,68.5,arima
2012-05-28,PUNO,4.087560351626368,3.3304049006259984,4.870439903496888,3.6066708984938547,4.792948613999084,-0.757,0.757,18.5,0.783,0.783,19.2,-0.481,0.481,11.8,0.705,0.705,17.2,naive
2012-06-04,PUNO,5.2096357422689,3.2143981798459054,4.996641802437278,3.6066708984938547,4.872831090899068,-1.995,1.995,38.3,-0.213,0.213,4.1,-1.603,1.603,30.8,-0.337,0.337,6.5,holt_winters
2012-06-11,PUNO,6.25156289072268,5.318797782440821,5.359145724739013,5.2096357422689,4.553301183299129,-0.933,0.933,14.9,-0.892,0.892,14.3,-1.042,1.042,16.7,-1.698,1.698,27.2,holt_winters
2012-06-18,PUNO,7.053045312610203,5.334755638568868,5.404368551506429,5.2096357422689,3.5947114604993136,-1.718,1.718,24.4,-1.649,1.649,23.4,-1.843,1.843,26.1,-3.458,3.458,49.0,holt_winters
2012-06-25,PUNO,6.011118164156422,5.29010319662719,5.160621994286935,5.2096357422689,3.1154165990994045,-0.721,0.721,12.0,-0.85,0.85,14.1,-0.801,0.801,13.3,-2.896,2.896,48.2,arima
2012-07-02,PUNO,5.129487500080147,5.305821535782215,4.798652706841714,5.2096357422689,2.6361217376994954,0.176,0.176,3.4,-0.331,0.331,6.5,0.08,0.08,1.6,-2.493,2.493,48.6,naive
2012-07-09,PUNO,3.7669673828713583,4.5428928963714,5.228533192843823,5.129487500080147,3.0355341221994205,0.776,0.776,20.6,1.462,1.462,38.8,1.363,1.363,36.2,-0.731,0.731,19.4,seasonal_naive
2012-07-16,PUNO,3.7669673828713583,4.941988124297269,4.767180668428686,5.129487500080147,2.3165918300995565,1.175,1.175,31.2,1.0,1.0,26.5,1.363,1.363,36.2,-1.45,1.45,38.5,holt_winters
2012-07-23,PUNO,2.965484960983835,4.95075481184495,4.493462414961987,5.129487500080147,2.6361217376994954,1.985,1.985,66.9,1.528,1.528,51.5,2.164,2.164,73.0,-0.329,0.329,11.1,seasonal_naive
2012-07-30,PUNO,2.8051884766063306,4.808083687461332,4.163981775737393,5.129487500080147,3.0355341221994205,2.003,2.003,71.4,1.359,1.359,48.4,2.324,2.324,82.8,0.23,0.23,8.2,seasonal_naive
2012-08-06,PUNO,2.484595507851321,2.6342921466488365,2.2399115725881518,2.805188476606331,2.955651645299435,0.15,0.15,6.0,-0.245,0.245,9.9,0.321,0.321,12.9,0.471,0.471,19.0,arima
2012-08-13,PUNO,2.7250402344175786,2.7183797766765303,1.9495345476572319,2.805188476606331,2.7160042145994807,-0.007,0.007,0.3,-0.776,0.776,28.5,0.08,0.08,2.9,-0.009,0.009,0.3,arima
2012-08-20,PUNO,3.446374414116349,2.7321378882882255,1.7795512754619391,2.805188476606331,1.757414491799664,-0.714,0.714,20.7,-1.667,1.667,48.4,-0.641,0.641,18.6,-1.689,1.689,49.0,naive
2012-08-27,PUNO,3.0456332031725872,2.6989724839796287,2.005423084128227,2.805188476606331,1.8372969686996488,-0.347,0.347,11.4,-1.04,1.04,34.1,-0.24,0.24,7.9,-1.208,1.208,39.7,naive
2012-09-03,PUNO,2.725040234417578,2.9325233781554387,2.904352024939681,3.045633203172587,1.677532014899679,0.207,0.207,7.6,0.179,0.179,6.6,0.321,0.321,11.8,-1.048,1.048,38.5,holt_winters
2012-09-10,PUNO,1.9235578125300552,2.45501842007476,2.5915724860356595,3.045633203172587,1.9171794455996332,0.531,0.531,27.6,0.668,0.668,34.7,1.122,1.122,58.3,-0.006,0.006,0.3,seasonal_naive
2012-09-17,PUNO,1.7632613281525502,2.7012985918733974,2.2454981876063553,3.045633203172587,1.757414491799664,0.938,0.938,53.2,0.482,0.482,27.3,1.282,1.282,72.7,-0.006,0.006,0.3,seasonal_naive
2012-09-24,PUNO,2.164002539096312,2.7289453292188646,2.2619269066822856,3.045633203172587,1.5177670610997094,0.565,0.565,26.1,0.098,0.098,4.5,0.882,0.882,40.8,-0.646,0.646,29.9,holt_winters
2012-10-01,PUNO,2.564743750040074,2.3184959104795495,2.2048452375297005,2.164002539096312,0.8787072458998315,-0.246,0.246,9.6,-0.36,0.36,14.0,-0.401,0.401,15.6,-1.686,1.686,65.7,arima
2012-10-08,PUNO,2.965484960983835,2.6437558720188363,2.0872645442206457,2.164002539096312,0.8787072458998315,-0.322,0.322,10.9,-0.878,0.878,29.6,-0.801,0.801,27.0,-2.087,2.087,70.4,arima
2012-10-15,PUNO,2.644891992228826,2.4433877852735493,1.9394377461399408,2.164002539096312,0.7988247689998469,-0.202,0.202,7.6,-0.705,0.705,26.7,-0.481,0.481,18.2,-1.846,1.846,69.8,arima
2012-10-22,PUNO,2.4044472656625686,2.4363305205799515,1.803708978353089,2.164002539096312,0.9585897227998164,0.032,0.032,1.3,-0.601,0.601,25.0,-0.24,0.24,10.0,-1.446,1.446,60.1,arima
2012-10-29,PUNO,2.564743750040073,2.3981175938857997,2.0886455128533017,2.404447265662569,0.5591773382998926,-0.167,0.167,6.5,-0.476,0.476,18.6,-0.16,0.16,6.2,-2.006,2.006,78.2,naive
2012-11-05,PUNO,2.404447265662569,2.423365794854966,2.1216404613883046,2.404447265662569,0.39941238449992317,0.019,0.019,0.8,-0.283,0.283,11.8,0.0,0.0,0.0,-2.005,2.005,83.4,naive
2012-11-12,PUNO,2.324299023473817,2.4137839685444127,2.1618678077369404,2.404447265662569,0.5591773382998926,0.089,0.089,3.8,-0.162,0.162,7.0,0.08,0.08,3.4,-1.765,1.765,75.9,naive
2012-11-19,PUNO,2.003706054718807,2.4105424322492057,2.4333726633488313,2.404447265662569,0.7988247689998469,0.407,0.407,20.3,0.43,0.43,21.5,0.401,0.401,20.0,-1.205,1.205,60.1,naive
2012-11-26,PUNO,1.6831130859637982,2.001901078739401,2.4008485170733054,2.003706054718807,1.0384721996998008,0.319,0.319,19.0,0.718,0.718,42.7,0.321,0.321,19.1,-0.645,0.645,38.3,arima
2012-12-03,PUNO,1.2823718750200366,1.9543409989297946,2.5681900940985143,2.003706054718807,1.3580021072997397,0.672,0.672,52.4,1.286,1.286,100.3,0.721,0.721,56.2,0.076,0.076,5.9,seasonal_naive
2012-12-10,PUNO,1.0419271484537795,1.976654804375511,2.481775072969533,2.003706054718807,1.3580021072997397,0.935,0.935,89.7,1.44,1.44,138.2,0.962,0.962,92.3,0.316,0.316,30.3,seasonal_naive
2012-12-17,PUNO,1.2823718750200366,1.9807410261168914,2.021857330917636,2.003706054718807,1.2781196303997553,0.698,0.698,54.4,0.739,0.739,57.6,0.721,0.721,56.2,-0.004,0.004,0.3,seasonal_naive
2012-12-24,PUNO,1.362520117208789,1.4895253422082089,1.2695239061956998,1.2823718750200368,1.5177670610997094,0.127,0.127,9.3,-0.093,0.093,6.8,-0.08,0.08,5.9,0.155,0.155,11.4,naive
2012-12-31,PUNO,1.7632613281525504,1.7197766120509912,1.333538055600302,1.2823718750200368,1.278385395688523,-0.043,0.043,2.4,-0.43,0.43,24.4,-0.481,0.481,27.3,-0.485,0.485,27.5,arima
2013-01-07,PUNO,1.6043022182866542,1.6404935684446045,1.5234156595370183,1.2823718750200368,1.679923902498587,0.036,0.036,2.2,-0.081,0.081,5.0,-0.322,0.322,20.1,0.076,0.076,4.7,arima
2013-01-14,PUNO,1.8471542189738066,1.6667484705949303,1.2708002345353098,1.2823718750200368,1.2022236328312843,-0.18,0.18,9.7,-0.576,0.576,31.2,-0.565,0.565,30.6,-0.645,0.645,34.9,arima
2013-01-21,PUNO,2.251640078550072,1.7685669870804346,1.7230347074462267,1.8471542189738064,1.6029648437750459,-0.483,0.483,21.5,-0.529,0.529,23.5,-0.404,0.404,17.9,-0.649,0.649,28.8,naive
2013-01-28,PUNO,2.41247151273222,1.8506984292895354,1.49884886226535,1.8471542189738064,1.5228166015862934,-0.562,0.562,23.3,-0.914,0.914,37.9,-0.565,0.565,23.4,-0.89,0.89,36.9,arima
2013-02-04,PUNO,2.492887229823294,1.8357193745167542,1.4814392511981227,1.8471542189738064,1.442668359397541,-0.657,0.657,26.4,-1.011,1.011,40.6,-0.646,0.646,25.9,-1.05,1.05,42.1,naive
2013-02-11,PUNO,2.01039292727685,1.8174641349822016,1.9434223934910637,1.8471542189738064,1.4426683593975413,-0.193,0.193,9.6,-0.067,0.067,3.3,-0.163,0.163,8.1,-0.568,0.568,28.3,holt_winters
2013-02-18,PUNO,1.9299772101857762,1.988968465319069,2.2424183875264396,2.01039292727685,1.5228166015862934,0.059,0.059,3.1,0.312,0.312,16.2,0.08,0.08,4.1,-0.407,0.407,21.1,arima
2013-02-25,PUNO,1.4474829076393316,1.9662950462308033,2.4547155047408244,2.01039292727685,2.244150781285064,0.519,0.519,35.9,1.007,1.007,69.6,0.563,0.563,38.9,0.797,0.797,55.1,arima
2013-03-04,PUNO,1.2866514734571837,1.9841151217478106,2.065652432622172,2.01039292727685,2.404447265662569,0.697,0.697,54.2,0.779,0.779,60.5,0.724,0.724,56.3,1.118,1.118,86.9,arima
2013-03-11,PUNO,1.2062357563661097,1.9827681898423375,1.963189514735292,2.01039292727685,2.564743750040073,0.777,0.777,64.4,0.757,0.757,62.8,0.804,0.804,66.7,1.359,1.359,112.7,holt_winters
2013-03-18,PUNO,1.5278986247304058,1.3497019660165184,1.1152539093582017,1.2062357563661097,1.8434095703413025,-0.178,0.178,11.6,-0.413,0.413,27.0,-0.322,0.322,21.1,0.316,0.316,20.7,arima
2013-03-25,PUNO,1.6083143418214796,1.3569482040720646,1.2741351583435545,1.2062357563661097,2.324299023473817,-0.251,0.251,15.6,-0.334,0.334,20.8,-0.402,0.402,25.0,0.716,0.716,44.5,arima
2013-04-01,PUNO,2.332055795641146,1.3059832563922464,1.432846209115512,1.2062357563661097,2.404447265662569,-1.026,1.026,44.0,-0.899,0.899,38.5,-1.126,1.126,48.3,0.072,0.072,3.1,seasonal_naive
2013-04-08,PUNO,3.2166286836429596,1.3284787852571123,1.9925514106939275,1.2062357563661097,3.526522656305101,-1.888,1.888,58.7,-1.224,1.224,38.1,-2.01,2.01,62.5,0.31,0.31,9.6,seasonal_naive
2013-04-15,PUNO,3.2166286836429596,3.980608877350936,3.5512675120406954,3.2166286836429583,3.686819140682605,0.764,0.764,23.8,0.335,0.335,10.4,-0.0,0.0,0.0,0.47,0.47,14.6,naive
2013-04-22,PUNO,3.297044400734034,3.9158624392329964,4.387038398738683,3.2166286836429583,4.88904277351389,0.619,0.619,18.8,1.09,1.09,33.1,-0.08,0.08,2.4,1.592,1.592,48.3,naive
2013-04-29,PUNO,3.0557972494608117,3.6859042603124923,4.45498996149279,3.2166286836429583,4.087560351626369,0.63,0.63,20.6,1.399,1.399,45.8,0.161,0.161,5.3,1.032,1.032,33.8,naive
2013-05-06,PUNO,4.342448722917997,3.817812626206199,4.831992359109293,3.2166286836429583,3.6066708984938547,-0.525,0.525,12.1,0.49,0.49,11.3,-1.126,1.126,25.9,-0.736,0.736,16.9,holt_winters
2013-05-13,PUNO,5.635001664653292,4.495006837629954,4.646691261557936,4.342448722917996,2.644891992228826,-1.14,1.14,20.2,-0.988,0.988,17.5,-1.293,1.293,22.9,-2.99,2.99,53.1,holt_winters
2013-05-20,PUNO,6.197911684290811,4.657616902683843,5.309743826080766,4.342448722917996,3.3662261719275968,-1.54,1.54,24.8,-0.888,0.888,14.3,-1.855,1.855,29.9,-2.832,2.832,45.7,holt_winters
2013-05-27,PUNO,6.439158835564033,4.523507988681385,5.523384872282547,4.342448722917996,4.087560351626369,-1.916,1.916,29.8,-0.916,0.916,14.2,-2.097,2.097,32.6,-2.352,2.352,36.5,holt_winters
2013-06-03,PUNO,6.439158835564032,4.535733481469666,5.844372077473017,4.342448722917996,5.2096357422689,-1.903,1.903,29.6,-0.595,0.595,9.2,-2.097,2.097,32.6,-1.23,1.23,19.1,holt_winters
2013-06-10,PUNO,5.876248815926513,6.790288919694472,6.822698477697009,6.439158835564032,6.25156289072268,0.914,0.914,15.6,0.946,0.946,16.1,0.563,0.563,9.6,0.375,0.375,6.4,seasonal_naive
2013-06-17,PUNO,5.554585947562219,7.158448410534557,6.823059785979451,6.439158835564032,7.0530453126102,1.604,1.604,28.9,1.268,1.268,22.8,0.885,0.885,15.9,1.498,1.498,27.0,naive
2013-06-24,PUNO,4.181617288735848,6.854344523635587,6.142330034472147,6.439158835564032,6.011118164156422,2.673,2.673,63.9,1.961,1.961,46.9,2.258,2.258,54.0,1.83,1.83,43.8,seasonal_naive
2013-07-01,PUNO,4.262033005826923,6.882383603757256,5.435915355219665,6.439158835564032,5.129487500080147,2.62,2.62,61.5,1.174,1.174,27.5,2.177,2.177,51.1,0.867,0.867,20.3,seasonal_naive
2013-07-08,PUNO,3.5382915520072564,3.917610742389683,3.922456965519558,4.262033005826923,3.766967382871359,0.379,0.379,10.7,0.384,0.384,10.9,0.724,0.724,20.5,0.229,0.229,6.5,seasonal_naive
2013-07-15,PUNO,3.61870726909833,4.252260679169815,3.7188451502544773,4.262033005826923,3.766967382871359,0.634,0.634,17.5,0.1,0.1,2.8,0.643,0.643,17.8,0.148,0.148,4.1,holt_winters
2013-07-22,PUNO,3.1362129665518865,4.134322904443693,3.492263467860629,4.262033005826923,2.965484960983835,0.998,0.998,31.8,0.356,0.356,11.4,1.126,1.126,35.9,-0.171,0.171,5.5,seasonal_naive
2013-07-29,PUNO,2.9753815323697386,4.174704279373185,3.171616597271374,4.262033005826923,2.805188476606331,1.199,1.199,40.3,0.196,0.196,6.6,1.287,1.287,43.3,-0.17,0.17,5.7,seasonal_naive
2013-08-05,PUNO,2.975381532369738,2.7584462475560385,2.5251436345570832,2.9753815323697386,2.4845955078513215,-0.217,0.217,7.3,-0.45,0.45,15.1,0.0,0.0,0.0,-0.491,0.491,16.5,naive
2013-08-12,PUNO,2.5733029469143682,2.6697150648359176,2.1902717427852907,2.9753815323697386,2.725040234417578,0.096,0.096,3.7,-0.383,0.383,14.9,0.402,0.402,15.6,0.152,0.152,5.9,arima
2013-08-19,PUNO,1.9299772101857762,2.783226407039012,2.117393345170602,2.9753815323697386,3.446374414116349,0.853,0.853,44.2,0.187,0.187,9.7,1.045,1.045,54.1,1.516,1.516,78.6,holt_winters
2013-08-26,PUNO,0.8845728880018139,2.754938004746652,2.255652109021649,2.9753815323697386,3.045633203172587,1.87,1.87,211.4,1.371,1.371,155.0,2.091,2.091,236.4,2.161,2.161,244.3,holt_winters
2013-09-02,PUNO,0.7237414538196658,0.5849126429726628,0.7772769773040633,0.884572888001814,2.725040234417578,-0.139,0.139,19.2,0.054,0.054,7.5,0.161,0.161,22.2,2.001,2.001,276.5,holt_winters
2013-09-09,PUNO,0.5629100196375177,0.5184027216639517,0.6066226106057133,0.884572888001814,1.9235578125300559,-0.045,0.045,8.0,0.044,0.044,7.8,0.322,0.322,57.2,1.361,1.361,241.8,holt_winters
2013-09-16,PUNO,0.7237414538196658,0.637229379907621,0.44003818921959786,0.884572888001814,1.7632613281525509,-0.087,0.087,12.0,-0.284,0.284,39.2,0.161,0.161,22.2,1.04,1.04,143.7,arima
2013-09-23,PUNO,0.4824943025464437,0.5996904888911956,0.477966707855749,0.884572888001814,2.164002539096312,0.117,0.117,24.2,-0.005,0.005,1.0,0.402,0.402,83.3,1.682,1.682,348.6,holt_winters
2013-09-30,PUNO,0.8041571709107399,0.48240415104759593,0.6027055782472082,0.4824943025464437,2.564743750040074,-0.322,0.322,40.0,-0.201,0.201,25.0,-0.322,0.322,40.0,1.761,1.761,219.0,holt_winters
2013-10-07,PUNO,0.8845728880018141,0.45240586282810274,0.6030569372336108,0.4824943025464437,2.965484960983835,-0.432,0.432,48.8,-0.282,0.282,31.9,-0.402,0.402,45.4,2.081,2.081,235.3,holt_winters
2013-10-14,PUNO,1.2866514734571841,0.46724111245104655,0.5281428899014009,0.4824943025464437,2.644891992228826,-0.819,0.819,63.7,-0.759,0.759,59.0,-0.804,0.804,62.5,1.358,1.358,105.5,holt_winters
2013-10-21,PUNO,1.125820039275036,0.46924228419296143,0.44423879094395774,0.4824943025464437,2.404447265662569,-0.657,0.657,58.4,-0.682,0.682,60.6,-0.643,0.643,57.1,1.279,1.279,113.6,naive
2013-10-28,PUNO,0.8845728880018138,1.2004589008779902,0.9306279671825495,1.1258200392750362,2.564743750040073,0.316,0.316,35.7,0.046,0.046,5.2,0.241,0.241,27.2,1.68,1.68,189.9,holt_winters
2013-11-04,PUNO,0.8041571709107399,1.1202314244938045,0.909041575958579,1.1258200392750362,2.404447265662569,0.316,0.316,39.3,0.105,0.105,13.1,0.322,0.322,40.0,1.6,1.6,199.0,holt_winters
2013-11-11,PUNO,0.8845728880018139,1.1371849611673794,0.8936223391775624,1.1258200392750362,2.324299023473817,0.253,0.253,28.6,0.009,0.009,1.0,0.241,0.241,27.2,1.44,1.44,162.8,holt_winters
2013-11-18,PUNO,1.20623575636611,1.153289678194501,1.0025484644553653,1.1258200392750362,2.003706054718807,-0.053,0.053,4.4,-0.204,0.204,16.9,-0.08,0.08,6.6,0.797,0.797,66.1,arima
2013-11-25,PUNO,1.286651473457184,1.2499069102609455,1.4443813679900424,1.2062357563661101,1.683113085963798,-0.037,0.037,2.9,0.158,0.158,12.3,-0.08,0.08,6.2,0.396,0.396,30.8,arima
2013-12-02,PUNO,0.9649886050928879,1.207922937934859,1.5356623899351542,1.2062357563661101,1.2823718750200368,0.243,0.243,25.2,0.571,0.571,59.2,0.241,0.241,25.0,0.317,0.317,32.9,naive
2013-12-09,PUNO,0.4824943025464438,1.2152212760080237,1.4617347300999546,1.2062357563661101,1.0419271484537793,0.733,0.733,151.9,0.979,0.979,202.9,0.724,0.724,150.1,0.559,0.559,115.9,seasonal_naive
2013-12-16,PUNO,0.0,1.2246969671559627,1.274571067772916,1.2062357563661101,1.2823718750200368,1.225,1.225,,1.275,1.275,,1.206,1.206,,1.282,1.282,,naive
2013-12-23,PUNO,0.0,0.0,0.030249353839653024,0.0,1.3625201172087893,0.0,0.0,,0.03,0.03,,0.0,0.0,,1.363,1.363,,arima
2013-12-30,PUNO,0.08041571709107372,0.0,0.0841000371060074,0.0,1.7632613281525509,-0.08,0.08,99.5,0.004,0.004,5.0,-0.08,0.08,99.5,1.683,1.683,2092.9,holt_winters
2014-01-06,PUNO,0.16110076542545193,0.0,0.12536763942448156,0.0,1.6043022182866542,-0.161,0.161,99.9,-0.036,0.036,22.3,-0.161,0.161,99.9,1.443,1.443,895.7,holt_winters
2014-01-13,PUNO,0.24178581375983013,0.0,0.03457305934466574,0.0,1.8471542189738064,-0.242,0.242,100.1,-0.207,0.207,85.6,-0.242,0.242,100.1,1.605,1.605,663.8,holt_winters
2014-01-20,PUNO,0.24205514500313463,0.26134191352891173,0.25745364420865885,0.24178581375983016,2.2516400785500723,0.019,0.019,7.8,0.015,0.015,6.2,-0.0,0.0,0.0,2.01,2.01,830.4,naive
2014-01-27,PUNO,0.16137009666875612,0.40822371145852115,0.19058492532218965,0.24178581375983016,2.41247151273222,0.247,0.247,153.1,0.029,0.029,18.0,0.08,0.08,49.6,2.251,2.251,1394.9,holt_winters
2014-02-03,PUNO,0.08068504833437791,0.3255234182702927,0.17360892290045205,0.24178581375983016,2.4928872298232942,0.245,0.245,303.6,0.093,0.093,115.3,0.161,0.161,199.5,2.412,2.412,2989.4,holt_winters
2014-02-10,PUNO,0.3227401933375125,0.31957681952994,0.32918166677913546,0.24178581375983016,2.01039292727685,-0.003,0.003,0.9,0.006,0.006,1.9,-0.081,0.081,25.1,1.688,1.688,523.0,arima
2014-02-17,PUNO,0.6454803866750254,0.6169121068533174,0.4028791896644136,0.3227401933375125,1.929977210185776,-0.029,0.029,4.5,-0.243,0.243,37.6,-0.323,0.323,50.0,1.284,1.284,198.9,arima
2014-02-24,PUNO,0.7261654350094036,0.7094337782472349,0.4519675961090031,0.3227401933375125,1.4474829076393316,-0.017,0.017,2.3,-0.274,0.274,37.7,-0.403,0.403,55.5,0.721,0.721,99.3,arima
2014-03-03,PUNO,0.4034252416718907,0.550705062933375,0.29207933246361567,0.3227401933375125,1.2866514734571837,0.147,0.147,36.4,-0.111,0.111,27.5,-0.081,0.081,20.1,0.883,0.883,218.9,naive
2014-03-10,PUNO,0.08068504833437791,0.5987485571936209,0.27332339227483404,0.3227401933375125,1.2062357563661097,0.518,0.518,642.0,0.193,0.193,239.2,0.242,0.242,299.9,1.126,1.126,1395.5,holt_winters
2014-03-17,PUNO,0.08068504833437791,0.0,0.11725970473070557,0.0806850483343779,1.5278986247304056,-0.081,0.081,100.4,0.037,0.037,45.9,-0.0,0.0,0.0,1.447,1.447,1793.4,naive
2014-03-24,PUNO,0.08068504833437791,0.0,0.21102073761332413,0.0806850483343779,1.6083143418214796,-0.081,0.081,100.4,0.13,0.13,161.1,-0.0,0.0,0.0,1.528,1.528,1893.8,naive
2014-03-31,PUNO,0.16137009666875612,0.0,0.36155157014932576,0.0806850483343779,2.3320557956411454,-0.161,0.161,99.8,0.2,0.2,123.9,-0.081,0.081,50.2,2.171,2.171,1345.4,naive
2014-04-07,PUNO,0.16137009666875612,0.0,0.6663235440189181,0.0806850483343779,3.2166286836429583,-0.161,0.161,99.8,0.505,0.505,312.9,-0.081,0.081,50.2,3.055,3.055,1893.2,naive
2014-04-14,PUNO,0.24205514500313463,0.14099002938666957,0.21140026164989661,0.16137009666875612,3.2166286836429583,-0.101,0.101,41.7,-0.031,0.031,12.8,-0.081,0.081,33.5,2.975,2.975,1229.1,holt_winters
2014-04-21,PUNO,0.24205514500313463,0.20591786083779573,0.37432866979745627,0.16137009666875612,3.297044400734034,-0.036,0.036,14.9,0.132,0.132,54.5,-0.081,0.081,33.5,3.055,3.055,1262.1,arima
2014-04-28,PUNO,0.24205514500313463,0.18029175249962942,0.38988314419489195,0.16137009666875612,3.055797249460811,-0.062,0.062,25.6,0.148,0.148,61.1,-0.081,0.081,33.5,2.814,2.814,1162.5,arima
2014-05-05,PUNO,0.24205514500313463,0.17234794835329675,0.5735103170397104,0.16137009666875612,4.342448722917996,-0.07,0.07,28.9,0.331,0.331,136.7,-0.081,0.081,33.5,4.1,4.1,1693.8,arima
2014-05-12,PUNO,0.16137009666875612,0.3326113754495002,0.3333654498672475,0.24205514500313463,5.635001664653292,0.171,0.171,106.0,0.172,0.172,106.6,0.081,0.081,50.2,5.474,5.474,3392.2,naive
2014-05-19,PUNO,0.6454803866750254,0.3533593450274374,0.5209681867834921,0.24205514500313463,6.197911684290811,-0.292,0.292,45.2,-0.125,0.125,19.4,-0.403,0.403,62.4,5.552,5.552,860.1,holt_winters
2014-05-26,PUNO,1.1295906766812946,0.31320182367230376,0.5972797189154231,0.24205514500313463,6.439158835564032,-0.816,0.816,72.2,-0.532,0.532,47.1,-0.888,0.888,78.6,5.31,5.31,470.1,holt_winters
2014-06-02,PUNO,1.4523308700188073,0.3263948884894965,0.6716439826191043,0.24205514500313463,6.439158835564032,-1.126,1.126,77.5,-0.781,0.781,53.8,-1.21,1.21,83.3,4.987,4.987,343.4,holt_winters
2014-06-09,PUNO,1.0489056283469163,1.2657799786787298,1.534605889840892,1.4523308700188071,5.876248815926514,0.217,0.217,20.7,0.486,0.486,46.3,0.403,0.403,38.4,4.827,4.827,460.2,arima
2014-06-16,PUNO,0.8875355316781599,1.0589392803597848,1.547473510479222,1.4523308700188071,5.554585947562219,0.171,0.171,19.3,0.66,0.66,74.4,0.565,0.565,63.7,4.667,4.667,525.8,arima
2014-06-23,PUNO,1.0489056283469163,1.1967843020718005,1.3310274306122376,1.4523308700188071,4.181617288735849,0.148,0.148,14.1,0.282,0.282,26.9,0.403,0.403,38.4,3.133,3.133,298.7,arima
2014-06-30,PUNO,1.3716458216844292,1.1931141286797273,1.1473438952765496,1.4523308700188071,4.262033005826923,-0.179,0.179,13.1,-0.224,0.224,16.3,0.081,0.081,5.9,2.89,2.89,210.7,naive
2014-07-07,PUNO,1.6943860150219419,1.3974500111607502,1.164732000022295,1.3716458216844294,3.538291552007257,-0.297,0.297,17.5,-0.53,0.53,31.3,-0.323,0.323,19.1,1.844,1.844,108.8,arima
2014-07-14,PUNO,1.6943860150219419,1.4601849733173946,1.0792176118238705,1.3716458216844294,3.61870726909833,-0.234,0.234,13.8,-0.615,0.615,36.3,-0.323,0.323,19.1,1.924,1.924,113.6,arima
2014-07-21,PUNO,2.0171262083594548,1.4248221038417999,1.0107315821022143,1.3716458216844294,3.136212966551886,-0.592,0.592,29.3,-1.006,1.006,49.9,-0.645,0.645,32.0,1.119,1.119,55.5,arima
2014-07-28,PUNO,1.6943860150219419,1.4222267376266111,0.9612589104645377,1.3716458216844294,2.9753815323697386,-0.272,0.272,16.1,-0.733,0.733,43.3,-0.323,0.323,19.1,1.281,1.281,75.6,arima
2014-08-04,PUNO,2.0171262083594548,1.7639888376260986,1.4654136578653345,1.694386015021942,2.9753815323697386,-0.253,0.253,12.5,-0.552,0.552,27.4,-0.323,0.323,16.0,0.958,0.958,47.5,arima
2014-08-11,PUNO,1.8557561116906982,1.5989609162722314,1.2130840601962523,1.694386015021942,2.5733029469143682,-0.257,0.257,13.8,-0.643,0.643,34.6,-0.161,0.161,8.7,0.718,0.718,38.7,naive
2014-08-18,PUNO,2.0978112566938325,1.6492894231444049,1.0898077390318583,1.694386015021942,1.929977210185776,-0.449,0.449,21.4,-1.008,1.008,48.1,-0.403,0.403,19.2,-0.168,0.168,8.0,seasonal_naive
2014-08-25,PUNO,1.8557561116906982,1.673561955805618,0.9742199755050427,1.694386015021942,0.884572888001814,-0.182,0.182,9.8,-0.882,0.882,47.5,-0.161,0.161,8.7,-0.971,0.971,52.3,naive
2014-09-01,PUNO,1.6137009666875635,1.8187538917354784,1.6661883832279898,1.855756111690698,0.7237414538196658,0.205,0.205,12.7,0.052,0.052,3.2,0.242,0.242,15.0,-0.89,0.89,55.2,holt_winters
2014-09-08,PUNO,1.1295906766812942,1.7324673008697595,1.3483756480599038,1.855756111690698,0.5629100196375176,0.603,0.603,53.4,0.219,0.219,19.4,0.726,0.726,64.3,-0.567,0.567,50.2,holt_winters
2014-09-15,PUNO,1.1295906766812942,1.779412446540868,1.1646907485817883,1.855756111690698,0.7237414538196658,0.65,0.65,57.5,0.035,0.035,3.1,0.726,0.726,64.3,-0.406,0.406,35.9,holt_winters
2014-09-22,PUNO,0.968220580012538,1.7825123803899383,1.176867500494167,1.855756111690698,0.4824943025464437,0.814,0.814,84.1,0.209,0.209,21.6,0.888,0.888,91.7,-0.486,0.486,50.2,holt_winters
2014-09-29,PUNO,1.1295906766812942,1.0727132943468627,1.1189904009751714,0.9682205800125379,0.80415717091074,-0.057,0.057,5.0,-0.011,0.011,1.0,-0.161,0.161,14.3,-0.325,0.325,28.8,holt_winters
2014-10-06,PUNO,0.645480386675025,0.9614143554702888,1.1987035444493288,0.9682205800125379,0.884572888001814,0.316,0.316,49.0,0.553,0.553,85.7,0.323,0.323,50.0,0.239,0.239,37.0,seasonal_naive
2014-10-13,PUNO,0.645480386675025,0.9987041715846146,1.1506708927499574,0.9682205800125379,1.2866514734571841,0.353,0.353,54.7,0.505,0.505,78.2,0.323,0.323,50.0,0.641,0.641,99.3,naive
2014-10-20,PUNO,0.645480386675025,0.9859008705230716,0.9987147307533175,0.9682205800125379,1.1258200392750362,0.34,0.34,52.7,0.353,0.353,54.7,0.323,0.323,50.0,0.48,0.48,74.4,naive
2014-10-27,PUNO,0.645480386675025,0.8299966281916316,0.48023087674532683,0.6454803866750249,0.8845728880018138,0.185,0.185,28.7,-0.165,0.165,25.6,-0.0,0.0,0.0,0.239,0.239,37.0,naive
2014-11-03,PUNO,1.048905628346916,0.8552946225964364,0.4432342062623644,0.6454803866750249,0.80415717091074,-0.194,0.194,18.5,-0.606,0.606,57.8,-0.403,0.403,38.4,-0.245,0.245,23.4,arima
2014-11-10,PUNO,0.8875355316781596,0.7917783909936722,0.42318902580898904,0.6454803866750249,0.884572888001814,-0.096,0.096,10.8,-0.464,0.464,52.3,-0.242,0.242,27.3,-0.003,0.003,0.3,seasonal_naive
2014-11-17,PUNO,0.8875355316781598,0.8134213893652915,0.5121113647262838,0.6454803866750249,1.2062357563661101,-0.074,0.074,8.3,-0.375,0.375,42.3,-0.242,0.242,27.3,0.319,0.319,35.9,arima
2014-11-24,PUNO,0.7261654350094032,0.637343278006893,0.9807848502674421,0.8875355316781597,1.2866514734571837,-0.089,0.089,12.3,0.255,0.255,35.1,0.161,0.161,22.2,0.56,0.56,77.1,arima
2014-12-01,PUNO,0.8068504833437814,0.6063609890366126,0.990984626654061,0.8875355316781597,0.964988605092888,-0.2,0.2,24.8,0.184,0.184,22.8,0.081,0.081,10.0,0.158,0.158,19.6,naive
2014-12-08,PUNO,1.048905628346916,0.6877053905697093,0.8806449955898941,0.8875355316781597,0.4824943025464439,-0.361,0.361,34.4,-0.168,0.168,16.0,-0.161,0.161,15.3,-0.566,0.566,54.0,naive
2014-12-15,PUNO,0.5647953383406468,0.6592034450275406,0.6455468322016591,0.8875355316781597,0.0,0.094,0.094,16.6,0.081,0.081,14.3,0.323,0.323,57.2,-0.565,0.565,100.0,holt_winters
2014-12-22,PUNO,0.8875355316781596,0.4154453654049736,0.6637318817184306,0.5647953383406468,0.0,-0.472,0.472,53.2,-0.224,0.224,25.2,-0.323,0.323,36.4,-0.888,0.888,100.1,holt_winters
2014-12-29,PUNO,0.8068504833437814,0.27013364028832676,0.6971028580326137,0.5647953383406468,0.0804157170910737,-0.537,0.537,66.6,-0.11,0.11,13.6,-0.242,0.242,30.0,-0.726,0.726,90.0,holt_winters
2015-01-05,PUNO,0.9687627317625059,0.3694597192036193,0.7262561075819371,0.5647953383406468,0.16110076542545196,-0.599,0.599,61.8,-0.243,0.243,25.1,-0.404,0.404,41.7,-0.808,0.808,83.4,holt_winters
2015-01-12,PUNO,0.7277918902593075,0.36066018884240914,0.5905975189504378,0.5647953383406468,0.24178581375983016,-0.367,0.367,50.4,-0.137,0.137,18.8,-0.163,0.163,22.4,-0.486,0.486,66.8,holt_winters
2015-01-19,PUNO,0.9714734905123462,0.6879471327873872,0.7934888095387864,0.7277918902593075,0.24205514500313463,-0.284,0.284,29.2,-0.178,0.178,18.3,-0.244,0.244,25.1,-0.729,0.729,75.0,holt_winters
2015-01-26,PUNO,0.9714734905123463,0.76767578221662,0.7018256861225411,0.7277918902593075,0.16137009666875612,-0.204,0.204,21.0,-0.27,0.27,27.8,-0.244,0.244,25.1,-0.81,0.81,83.4,arima
2015-02-02,PUNO,0.9714734905123463,0.7379523425256556,0.6348575224312225,0.7277918902593075,0.0806850483343779,-0.234,0.234,24.1,-0.337,0.337,34.7,-0.244,0.244,25.1,-0.891,0.891,91.7,arima
2015-02-09,PUNO,0.6476489936748974,0.7319786769920995,0.8864899279510354,0.7277918902593075,0.3227401933375125,0.084,0.084,13.0,0.239,0.239,36.9,0.08,0.08,12.4,-0.325,0.325,50.2,naive
2015-02-16,PUNO,0.566692869465535,0.6594723985076987,0.7981213110063616,0.6476489936748975,0.6454803866750254,0.093,0.093,16.4,0.231,0.231,40.8,0.081,0.081,14.3,0.079,0.079,13.9,seasonal_naive
2015-02-23,PUNO,0.32382449683744835,0.6051602793926247,0.8693094034547897,0.6476489936748975,0.7261654350094036,0.281,0.281,86.8,0.545,0.545,168.3,0.324,0.324,100.1,0.402,0.402,124.1,arima
2015-03-02,PUNO,0.32382449683744835,0.6297113892662229,0.6542502941260147,0.6476489936748975,0.4034252416718907,0.306,0.306,94.5,0.33,0.33,101.9,0.324,0.324,100.1,0.08,0.08,24.7,seasonal_naive
2015-03-09,PUNO,0.40478062104681056,0.6310834643349676,0.5468250702381483,0.6476489936748975,0.0806850483343779,0.226,0.226,55.8,0.142,0.142,35.1,0.243,0.243,60.0,-0.324,0.324,80.0,holt_winters
2015-03-16,PUNO,0.40478062104681056,0.5024337889024642,0.43641885709249917,0.40478062104681056,0.0806850483343779,0.098,0.098,24.2,0.032,0.032,7.9,0.0,0.0,0.0,-0.324,0.324,80.0,naive
2015-03-23,PUNO,0.4857367452561728,0.512897408492436,0.5476914695309669,0.40478062104681056,0.0806850483343779,0.027,0.027,5.6,0.062,0.062,12.8,-0.081,0.081,16.7,-0.405,0.405,83.4,arima
2015-03-30,PUNO,0.40478062104681056,0.48131768882962833,0.7542135813989543,0.40478062104681056,0.16137009666875612,0.077,0.077,19.0,0.349,0.349,86.2,0.0,0.0,0.0,-0.243,0.243,60.0,naive
2015-04-06,PUNO,0.8905173663029841,0.4949970427601674,1.0225155009618527,0.40478062104681056,0.16137009666875612,-0.396,0.396,44.5,0.132,0.132,14.8,-0.486,0.486,54.6,-0.729,0.729,81.9,holt_winters
2015-04-13,PUNO,1.1333857389310709,0.9900099942500047,1.017629635016275,0.8905173663029842,0.24205514500313463,-0.143,0.143,12.6,-0.116,0.116,10.2,-0.243,0.243,21.4,-0.891,0.891,78.6,holt_winters
2015-04-20,PUNO,1.2952979873497954,1.2177145706948425,1.1898420558163187,0.8905173663029842,0.24205514500313463,-0.078,0.078,6.0,-0.105,0.105,8.1,-0.405,0.405,31.3,-1.053,1.053,81.3,arima
2015-04-27,PUNO,1.214341863140433,1.0698836155818885,1.1365377621168729,0.8905173663029842,0.24205514500313463,-0.144,0.144,11.9,-0.078,0.078,6.4,-0.324,0.324,26.7,-0.972,0.972,80.0,holt_winters
2015-05-04,PUNO,1.7810347326059688,1.0888431204910347,1.297293217395635,0.8905173663029842,0.24205514500313463,-0.692,0.692,38.9,-0.484,0.484,27.2,-0.891,0.891,50.0,-1.539,1.539,86.4,holt_winters
2015-05-11,PUNO,2.6715520989089536,2.172545818569127,1.6959733995114807,1.7810347326059688,0.16137009666875612,-0.499,0.499,18.7,-0.976,0.976,36.5,-0.891,0.891,33.4,-2.51,2.51,94.0,arima
2015-05-18,PUNO,3.076332719955765,2.4347487308305666,2.143288622962874,1.7810347326059688,0.6454803866750254,-0.642,0.642,20.9,-0.933,0.933,30.3,-1.295,1.295,42.1,-2.431,2.431,79.0,arima
2015-05-25,PUNO,2.3477276020715045,2.182902696777395,2.3735515293974636,1.7810347326059688,1.1295906766812944,-0.165,0.165,7.0,0.026,0.026,1.1,-0.567,0.567,24.2,-1.218,1.218,51.9,holt_winters
2015-06-01,PUNO,1.9429469810246933,2.24601533757838,2.5577878993393655,1.7810347326059688,1.4523308700188071,0.303,0.303,15.6,0.615,0.615,31.7,-0.162,0.162,8.3,-0.491,0.491,25.3,naive
2015-06-08,PUNO,2.3477276020715045,1.7939643901493687,1.8450187088510628,1.9429469810246935,1.0489056283469163,-0.554,0.554,23.6,-0.503,0.503,21.4,-0.405,0.405,17.3,-1.299,1.299,55.3,naive
2015-06-15,PUNO,2.5905959746995912,1.879607182487363,1.784808775427834,1.9429469810246935,0.8875355316781599,-0.711,0.711,27.4,-0.806,0.806,31.1,-0.648,0.648,25.0,-1.703,1.703,65.7,naive
2015-06-22,PUNO,2.428683726280867,1.8722551355395454,1.56640124453408,1.9429469810246935,1.0489056283469163,-0.556,0.556,22.9,-0.862,0.862,35.5,-0.486,0.486,20.0,-1.38,1.38,56.8,naive
2015-06-29,PUNO,1.3762541115591578,1.8541322133350695,1.4668738466158833,1.9429469810246935,1.3716458216844294,0.478,0.478,34.7,0.091,0.091,6.6,0.567,0.567,41.2,-0.005,0.005,0.4,seasonal_naive
2015-07-06,PUNO,1.2143418631404332,1.1184829278571922,1.2841485654178126,1.3762541115591578,1.694386015021942,-0.096,0.096,7.9,0.07,0.07,5.8,0.162,0.162,13.3,0.48,0.48,39.5,holt_winters
2015-07-13,PUNO,0.9714734905123462,0.9875648035840545,1.2408354183191284,1.3762541115591578,1.694386015021942,0.016,0.016,1.6,0.269,0.269,27.7,0.405,0.405,41.7,0.723,0.723,74.4,arima
2015-07-20,PUNO,1.0524296147217085,1.1146133213002773,1.1876101076218446,1.3762541115591578,2.0171262083594548,0.062,0.062,5.9,0.135,0.135,12.8,0.324,0.324,30.8,0.965,0.965,91.7,arima
2015-07-27,PUNO,1.3762541115591576,1.0819088711156786,1.1187112948366895,1.3762541115591578,1.694386015021942,-0.294,0.294,21.4,-0.258,0.258,18.7,0.0,0.0,0.0,0.318,0.318,23.1,naive
2015-08-03,PUNO,1.3762541115591576,1.5802791500583546,1.3893401380196257,1.3762541115591573,2.0171262083594548,0.204,0.204,14.8,0.013,0.013,0.9,-0.0,0.0,0.0,0.641,0.641,46.6,naive
2015-08-10,PUNO,1.2952979873497952,1.8198951450144638,1.2373239567426868,1.3762541115591573,1.855756111690698,0.525,0.525,40.5,-0.058,0.058,4.5,0.081,0.081,6.3,0.56,0.56,43.2,holt_winters
2015-08-17,PUNO,0.6476489936748973,1.6336317752014802,1.130034031122436,1.3762541115591573,2.0978112566938325,0.986,0.986,152.2,0.482,0.482,74.4,0.729,0.729,112.6,1.45,1.45,223.9,holt_winters
2015-08-24,PUNO,0.6476489936748973,1.6698221724186202,0.9658862733812281,1.3762541115591573,1.855756111690698,1.022,1.022,157.8,0.318,0.318,49.1,0.729,0.729,112.6,1.208,1.208,186.5,holt_winters
2015-08-31,PUNO,0.6476489936748973,0.6151719846090185,0.5269223892153274,0.6476489936748973,1.6137009666875635,-0.032,0.032,4.9,-0.121,0.121,18.7,0.0,0.0,0.0,0.966,0.966,149.2,naive
2015-09-07,PUNO,1.0524296147217085,0.7258971780413757,0.3675167335885357,0.6476489936748973,1.129590676681294,-0.327,0.327,31.1,-0.685,0.685,65.1,-0.405,0.405,38.5,0.077,0.077,7.3,seasonal_naive
2015-09-14,PUNO,1.0524296147217085,0.6736471711554273,0.2936542959575042,0.6476489936748973,1.129590676681294,-0.379,0.379,36.0,-0.759,0.759,72.1,-0.405,0.405,38.5,0.077,0.077,7.3,seasonal_naive
2015-09-21,PUNO,1.0524296147217085,0.6732148942476996,0.2828002308111788,0.6476489936748973,0.9682205800125379,-0.379,0.379,36.0,-0.77,0.77,73.2,-0.405,0.405,38.5,-0.084,0.084,8.0,seasonal_naive
2015-09-28,PUNO,0.9714734905123463,0.9369609213963124,1.108708274019175,1.0524296147217087,1.129590676681294,-0.035,0.035,3.6,0.137,0.137,14.1,0.081,0.081,8.3,0.158,0.158,16.3,arima
2015-10-05,PUNO,0.9714734905123463,0.9402943142561471,1.1109365096975155,1.0524296147217087,0.6454803866750249,-0.031,0.031,3.2,0.139,0.139,14.3,0.081,0.081,8.3,-0.326,0.326,33.6,arima
2015-10-12,PUNO,0.8905173663029841,0.9633777081120605,1.1196450427327953,1.0524296147217087,0.6454803866750249,0.073,0.073,8.2,0.229,0.229,25.7,0.162,0.162,18.2,-0.245,0.245,27.5,arima
2015-10-19,PUNO,0.4857367452561728,0.9496283340486402,1.0197407930118385,1.0524296147217087,0.6454803866750249,0.464,0.464,95.5,0.534,0.534,109.9,0.567,0.567,116.7,0.16,0.16,32.9,seasonal_naive
2015-10-26,PUNO,0.32382449683744835,0.3634378536860125,0.3798669050008913,0.48573674525617283,0.6454803866750249,0.04,0.04,12.4,0.056,0.056,17.3,0.162,0.162,50.0,0.322,0.322,99.4,arima
2015-11-02,PUNO,0.4857367452561728,0.2807935651464533,0.38853256119765145,0.48573674525617283,1.0489056283469163,-0.205,0.205,42.2,-0.097,0.097,20.0,0.0,0.0,0.0,0.563,0.563,115.9,naive
2015-11-09,PUNO,0.5666928694655351,0.354532270207416,0.3709408104610057,0.48573674525617283,0.8875355316781597,-0.212,0.212,37.4,-0.196,0.196,34.6,-0.081,0.081,14.3,0.321,0.321,56.6,naive
2015-11-16,PUNO,0.7286051178842596,0.3298089728695057,0.43835272730038577,0.48573674525617283,0.8875355316781597,-0.399,0.399,54.8,-0.29,0.29,39.8,-0.243,0.243,33.4,0.159,0.159,21.8,seasonal_naive
2015-11-23,PUNO,0.4857367452561729,0.6139958539747912,0.7177981882731659,0.7286051178842596,0.7261654350094033,0.128,0.128,26.4,0.232,0.232,47.8,0.243,0.243,50.0,0.24,0.24,49.4,arima
2015-11-30,PUNO,0.5666928694655351,0.7166305914915911,0.7201135099843219,0.7286051178842596,0.8068504833437815,0.15,0.15,26.5,0.153,0.153,27.0,0.162,0.162,28.6,0.24,0.24,42.4,arima
2015-12-07,PUNO,0.32382449683744835,0.682074580807037,0.6621355687222743,0.7286051178842596,1.0489056283469163,0.358,0.358,110.6,0.338,0.338,104.4,0.405,0.405,125.1,0.725,0.725,223.9,holt_winters
2015-12-14,PUNO,0.32382449683744835,0.677075237779798,0.4540949915210921,0.7286051178842596,0.5647953383406468,0.353,0.353,109.0,0.13,0.13,40.1,0.405,0.405,125.1,0.241,0.241,74.4,holt_winters
2015-12-21,PUNO,0.24286837262808675,0.25506589527412693,0.4349570911387019,0.32382449683744835,0.8875355316781597,0.012,0.012,4.9,0.192,0.192,79.1,0.081,0.081,33.4,0.645,0.645,265.6,arima
2015-12-28,PUNO,0.16191224841872384,0.30808393406025525,0.46775289881055204,0.32382449683744835,0.8068504833437815,0.146,0.146,90.2,0.306,0.306,189.0,0.162,0.162,100.1,0.645,0.645,398.4,arima
2016-01-04,PUNO,0.4871015925194553,0.2915619502339361,0.5844868172871398,0.32382449683744835,0.9687627317625058,-0.196,0.196,40.2,0.097,0.097,19.9,-0.163,0.163,33.5,0.482,0.482,99.0,holt_winters
2016-01-11,PUNO,0.5686036556341305,0.288972456171743,0.44933260721550666,0.32382449683744835,0.7277918902593075,-0.28,0.28,49.2,-0.119,0.119,20.9,-0.245,0.245,43.1,0.159,0.159,28.0,holt_winters
2016-01-18,PUNO,0.5686036556341305,0.8405129527216506,0.752772540594524,0.5686036556341305,0.9714734905123461,0.272,0.272,47.8,0.184,0.184,32.4,0.0,0.0,0.0,0.403,0.403,70.9,naive
2016-01-25,PUNO,0.32491637464807427,0.6312507595459971,0.6694525863270795,0.5686036556341305,0.9714734905123463,0.306,0.306,94.2,0.345,0.345,106.2,0.244,0.244,75.1,0.647,0.647,199.1,naive
2016-02-01,PUNO,0.1624581873240368,0.6979087162036541,0.5762237109494504,0.5686036556341305,0.9714734905123463,0.535,0.535,329.3,0.414,0.414,254.8,0.406,0.406,249.9,0.809,0.809,498.0,naive
2016-02-08,PUNO,0.24368728098605555,0.6992427504300731,0.7035415788628268,0.5686036556341305,0.6476489936748975,0.456,0.456,187.1,0.46,0.46,188.8,0.325,0.325,133.4,0.404,0.404,165.8,naive
2016-02-15,PUNO,0.1624581873240368,0.17858546400204542,0.3041984264704314,0.2436872809860556,0.5666928694655349,0.016,0.016,9.8,0.142,0.142,87.4,0.081,0.081,49.9,0.404,0.404,248.7,arima
2016-02-22,PUNO,0.1624581873240368,0.25071666849505225,0.29761706096202095,0.2436872809860556,0.32382449683744835,0.088,0.088,54.2,0.135,0.135,83.1,0.081,0.081,49.9,0.161,0.161,99.1,naive
2016-02-29,PUNO,0.08122909366201807,0.22020572837094277,0.17811251319301935,0.2436872809860556,0.32382449683744835,0.139,0.139,171.1,0.097,0.097,119.4,0.162,0.162,199.4,0.243,0.243,299.2,holt_winters
2016-03-07,PUNO,0.0,0.2225156722464308,0.13421952910713603,0.2436872809860556,0.40478062104681056,0.223,0.223,,0.134,0.134,,0.244,0.244,,0.405,0.405,,holt_winters
2016-03-14,PUNO,0.24368728098605552,0.0,0.0,0.0,0.40478062104681056,-0.244,0.244,100.1,-0.244,0.244,100.1,-0.244,0.244,100.1,0.161,0.161,66.1,seasonal_naive
2016-03-21,PUNO,0.40614546831009296,0.0,0.05613761795366487,0.0,0.48573674525617283,-0.406,0.406,100.0,-0.35,0.35,86.2,-0.406,0.406,100.0,0.08,0.08,19.7,seasonal_naive
2016-03-28,PUNO,0.5686036556341305,0.0,0.17155485051885033,0.0,0.40478062104681056,-0.569,0.569,100.1,-0.397,0.397,69.8,-0.569,0.569,100.1,-0.164,0.164,28.8,seasonal_naive
2016-04-04,PUNO,0.32491637464807427,0.0,0.42886619026521533,0.0,0.8905173663029842,-0.325,0.325,100.0,0.104,0.104,32.0,-0.325,0.325,100.0,0.566,0.566,174.2,holt_winters
2016-04-11,PUNO,0.24368728098605555,0.2668296966841794,0.4057058655101814,0.3249163746480742,1.133385738931071,0.023,0.023,9.4,0.162,0.162,66.5,0.081,0.081,33.2,0.89,0.89,365.2,arima
2016-04-18,PUNO,0.32491637464807427,0.23274705166809057,0.5615136826009723,0.3249163746480742,1.2952979873497954,-0.092,0.092,28.3,0.237,0.237,72.9,-0.0,0.0,0.0,0.97,0.97,298.5,naive
2016-04-25,PUNO,0.731061842958168,0.26650044769003417,0.5321299182903623,0.3249163746480742,1.214341863140433,-0.465,0.465,63.6,-0.199,0.199,27.2,-0.406,0.406,55.5,0.483,0.483,66.1,holt_winters
2016-05-02,PUNO,0.8935200302822054,0.2533204416505094,0.7333817654358434,0.3249163746480742,1.7810347326059688,-0.64,0.64,71.6,-0.16,0.16,17.9,-0.569,0.569,63.7,0.888,0.888,99.4,holt_winters
2016-05-09,PUNO,1.2184364049302803,0.981913474801914,0.9901608093615615,0.8935200302822053,2.6715520989089536,-0.237,0.237,19.5,-0.228,0.228,18.7,-0.325,0.325,26.7,1.453,1.453,119.3,holt_winters
2016-05-16,PUNO,2.1931855288745052,0.8564378010509355,1.3649760593873053,0.8935200302822053,3.076332719955765,-1.337,1.337,61.0,-0.828,0.828,37.8,-1.3,1.3,59.3,0.883,0.883,40.3,holt_winters
2016-05-23,PUNO,2.4368728098605614,0.912941610830079,1.4924299306327757,0.8935200302822053,2.347727602071505,-1.524,1.524,62.5,-0.944,0.944,38.7,-1.543,1.543,63.3,-0.089,0.089,3.7,seasonal_naive
2016-05-30,PUNO,2.680560090846617,0.9064758688668844,1.6741596853776621,0.8935200302822053,1.9429469810246935,-1.774,1.774,66.2,-1.006,1.006,37.5,-1.787,1.787,66.7,-0.738,0.738,27.5,seasonal_naive
2016-06-06,PUNO,1.8682691542264305,2.099961231657546,2.7057328027265144,2.680560090846617,2.347727602071505,0.232,0.232,12.4,0.837,0.837,44.8,0.812,0.812,43.5,0.479,0.479,25.6,arima
2016-06-13,PUNO,1.9494982478884493,2.40311293070237,2.6473371840757,2.680560090846617,2.5905959746995912,0.454,0.454,23.3,0.698,0.698,35.8,0.731,0.731,37.5,0.641,0.641,32.9,arima
2016-06-20,PUNO,1.7870400605644117,2.34684772576851,2.3699973631400124,2.680560090846617,2.4286837262808674,0.56,0.56,31.3,0.583,0.583,32.6,0.894,0.894,50.0,0.642,0.642,35.9,arima
2016-06-27,PUNO,1.9494982478884493,2.305455265100889,2.0979154672750386,2.680560090846617,1.3762541115591578,0.356,0.356,18.3,0.148,0.148,7.6,0.731,0.731,37.5,-0.573,0.573,29.4,holt_winters
2016-07-04,PUNO,1.705810966902393,2.0563598112387025,1.7111288439477113,1.9494982478884495,1.214341863140433,0.351,0.351,20.6,0.005,0.005,0.3,0.244,0.244,14.3,-0.491,0.491,28.8,holt_winters
2016-07-11,PUNO,1.3808945922543179,2.1003500885630664,1.5711962917320212,1.9494982478884495,0.9714734905123461,0.719,0.719,52.1,0.19,0.19,13.8,0.569,0.569,41.2,-0.409,0.409,29.6,holt_winters
2016-07-18,PUNO,1.5433527795783555,2.0479101942135327,1.5588126822037927,1.9494982478884495,1.0524296147217087,0.505,0.505,32.7,0.015,0.015,1.0,0.406,0.406,26.3,-0.491,0.491,31.8,holt_winters
2016-07-25,PUNO,1.5433527795783555,2.0699436412597962,1.5988634645569522,1.9494982478884495,1.3762541115591573,0.527,0.527,34.1,0.056,0.056,3.6,0.406,0.406,26.3,-0.167,0.167,10.8,holt_winters
2016-08-01,PUNO,1.5433527795783555,1.704723589453085,1.561740859091405,1.5433527795783553,1.3762541115591573,0.161,0.161,10.4,0.018,0.018,1.2,-0.0,0.0,0.0,-0.167,0.167,10.8,naive
2016-08-08,PUNO,1.2996654985922993,1.4754200103095787,1.4908224809574673,1.5433527795783553,1.295297987349795,0.176,0.176,13.5,0.191,0.191,14.7,0.244,0.244,18.8,-0.004,0.004,0.3,seasonal_naive
2016-08-15,PUNO,1.4621236859163365,1.5792820057417152,1.2412310602237429,1.5433527795783553,0.6476489936748973,0.117,0.117,8.0,-0.221,0.221,15.1,0.081,0.081,5.5,-0.814,0.814,55.7,naive
2016-08-22,PUNO,1.2996654985922993,1.565004862730552,1.0061101328795168,1.5433527795783553,0.6476489936748973,0.265,0.265,20.4,-0.294,0.294,22.6,0.244,0.244,18.8,-0.652,0.652,50.2,naive
2016-08-29,PUNO,1.299665498592299,1.2316030904401747,1.155374694449832,1.299665498592299,0.6476489936748973,-0.068,0.068,5.2,-0.144,0.144,11.1,0.0,0.0,0.0,-0.652,0.652,50.2,naive
2016-09-05,PUNO,1.0559782176062429,1.1329213487799668,1.0674380126869618,1.299665498592299,1.0524296147217087,0.077,0.077,7.3,0.011,0.011,1.0,0.244,0.244,23.1,-0.004,0.004,0.4,seasonal_naive
2016-09-12,PUNO,1.1372073112682617,1.2111012893577908,1.0719762325687108,1.299665498592299,1.0524296147217087,0.074,0.074,6.5,-0.065,0.065,5.7,0.162,0.162,14.2,-0.085,0.085,7.5,holt_winters
2016-09-19,PUNO,0.5686036556341305,1.1844575831301927,1.0050943274896662,1.299665498592299,1.0524296147217087,0.616,0.616,108.3,0.436,0.436,76.7,0.731,0.731,128.6,0.484,0.484,85.1,holt_winters
2016-09-26,PUNO,0.3249163746480743,0.4872159001192145,0.719639709979478,0.5686036556341305,0.9714734905123463,0.162,0.162,49.9,0.395,0.395,121.6,0.244,0.244,75.1,0.647,0.647,199.1,arima
2016-10-03,PUNO,0.3249163746480743,0.3318089793313298,0.6737491492678191,0.5686036556341305,0.9714734905123463,0.007,0.007,2.2,0.349,0.349,107.4,0.244,0.244,75.1,0.647,0.647,199.1,arima
2016-10-10,PUNO,0.6498327492961493,0.4491872481117236,0.6732820770918042,0.5686036556341305,0.8905173663029842,-0.201,0.201,30.9,0.023,0.023,3.5,-0.081,0.081,12.5,0.241,0.241,37.1,holt_winters
2016-10-17,PUNO,0.9747491239442243,0.41036327209868634,0.5696005725653246,0.5686036556341305,0.48573674525617283,-0.564,0.564,57.9,-0.405,0.405,41.5,-0.406,0.406,41.7,-0.489,0.489,50.2,holt_winters
2016-10-24,PUNO,1.380894592254318,0.9946576186405847,0.8889965097476118,0.9747491239442243,0.32382449683744835,-0.386,0.386,28.0,-0.492,0.492,35.6,-0.406,0.406,29.4,-1.057,1.057,76.5,arima
2016-10-31,PUNO,1.2184364049302805,1.017333841688374,0.9178587469392281,0.9747491239442243,0.48573674525617283,-0.201,0.201,16.5,-0.301,0.301,24.7,-0.244,0.244,20.0,-0.733,0.733,60.2,arima
2016-11-07,PUNO,0.8935200302822054,0.9991075712671147,0.9348523732774834,0.9747491239442243,0.5666928694655351,0.106,0.106,11.9,0.041,0.041,4.6,0.081,0.081,9.1,-0.327,0.327,36.6,holt_winters
2016-11-14,PUNO,0.40614546831009307,1.0054670127767245,1.033411654468284,0.9747491239442243,0.7286051178842596,0.599,0.599,147.5,0.627,0.627,154.4,0.569,0.569,140.1,0.322,0.322,79.3,seasonal_naive
2016-11-21,PUNO,0.16245818732403688,0.33913153603208573,0.3052256338855274,0.40614546831009307,0.4857367452561729,0.177,0.177,109.0,0.143,0.143,88.0,0.244,0.244,150.2,0.323,0.323,198.8,holt_winters
2016-11-28,PUNO,0.24368728098605563,0.3195537266934562,0.2622868979404373,0.40614546831009307,0.5666928694655351,0.076,0.076,31.2,0.019,0.019,7.8,0.162,0.162,66.5,0.323,0.323,132.5,holt_winters
2016-12-05,PUNO,0.2436872809860556,0.3444918242343687,0.13979638702551683,0.40614546831009307,0.32382449683744835,0.101,0.101,41.4,-0.104,0.104,42.7,0.162,0.162,66.5,0.08,0.08,32.8,seasonal_naive
2016-12-12,PUNO,0.2436872809860556,0.3334700021705183,0.0024370140131816723,0.40614546831009307,0.32382449683744835,0.09,0.09,36.9,-0.241,0.241,98.9,0.162,0.162,66.5,0.08,0.08,32.8,seasonal_naive
2016-12-19,PUNO,0.40614546831009307,0.13807550487268944,0.2981896720409074,0.24368728098605563,0.24286837262808675,-0.268,0.268,66.0,-0.108,0.108,26.6,-0.162,0.162,39.9,-0.163,0.163,40.1,holt_winters
2016-12-26,PUNO,0.5686036556341305,0.11922959194789194,0.30763826550893864,0.24368728098605563,0.16191224841872384,-0.449,0.449,79.0,-0.261,0.261,45.9,-0.325,0.325,57.2,-0.407,0.407,71.6,holt_winters
2017-01-02,PUNO,0.8946190305192102,0.1503485437683861,0.4511948007378282,0.24368728098605563,0.4871015925194553,-0.744,0.744,83.2,-0.443,0.443,49.5,-0.651,0.651,72.8,-0.408,0.408,45.6,seasonal_naive
2017-01-09,PUNO,0.7324355932544239,0.13592197048686205,0.4212898239143277,0.24368728098605563,0.5686036556341305,-0.597,0.597,81.5,-0.311,0.311,42.5,-0.489,0.489,66.8,-0.164,0.164,22.4,seasonal_naive
2017-01-16,PUNO,0.8965422809339683,0.7534770487832987,0.8575339601730809,0.7324355932544238,0.5686036556341305,-0.143,0.143,16.0,-0.039,0.039,4.4,-0.164,0.164,18.3,-0.328,0.328,36.6,holt_winters
2017-01-23,PUNO,0.6520307497701585,0.6988920331377535,0.7608943994620612,0.7324355932544238,0.3249163746480742,0.047,0.047,7.2,0.109,0.109,16.7,0.08,0.08,12.3,-0.327,0.327,50.2,arima
2017-01-30,PUNO,0.6520307497701586,0.7253518701740211,0.6750832799142648,0.7324355932544238,0.16245818732403683,0.073,0.073,11.2,0.023,0.023,3.5,0.08,0.08,12.3,-0.49,0.49,75.1,holt_winters
2017-02-06,PUNO,0.40751921860634893,0.7212452415491866,0.6458744404209262,0.7324355932544238,0.2436872809860556,0.314,0.314,77.1,0.238,0.238,58.4,0.325,0.325,79.8,-0.164,0.164,40.2,seasonal_naive
2017-02-13,PUNO,0.326015374885079,0.4327155529752237,0.44191315346927224,0.4075192186063489,0.16245818732403683,0.107,0.107,32.8,0.116,0.116,35.6,0.082,0.082,25.2,-0.164,0.164,50.3,naive
2017-02-20,PUNO,0.40751921860634893,0.3685563094826881,0.3978513320948452,0.4075192186063489,0.16245818732403683,-0.039,0.039,9.6,-0.01,0.01,2.5,-0.0,0.0,0.0,-0.245,0.245,60.1,naive
2017-02-27,PUNO,0.24451153116380908,0.3999601891523307,0.2957115317562851,0.4075192186063489,0.08122909366201807,0.155,0.155,63.4,0.051,0.051,20.9,0.163,0.163,66.7,-0.163,0.163,66.7,holt_winters
2017-03-06,PUNO,0.40751921860634893,0.3940792500049884,0.21309495495285127,0.4075192186063489,0.0,-0.013,0.013,3.2,-0.194,0.194,47.6,-0.0,0.0,0.0,-0.408,0.408,100.1,naive
2017-03-13,PUNO,0.8150384372126984,0.30862568356819353,0.5397295828704094,0.4075192186063489,0.24368728098605552,-0.506,0.506,62.1,-0.275,0.275,33.7,-0.408,0.408,50.1,-0.571,0.571,70.1,holt_winters
2017-03-20,PUNO,0.8150384372126984,0.4560037588414656,0.6609126874819424,0.4075192186063489,0.40614546831009296,-0.359,0.359,44.0,-0.154,0.154,18.9,-0.408,0.408,50.1,-0.409,0.409,50.2,holt_winters
2017-03-27,PUNO,0.8965422809339683,0.3901151373134873,0.8015162522495445,0.4075192186063489,0.5686036556341305,-0.506,0.506,56.4,-0.095,0.095,10.6,-0.489,0.489,54.5,-0.328,0.328,36.6,holt_winters
2017-04-03,PUNO,0.6520307497701586,0.3970866835387737,1.0559791021949096,0.4075192186063489,0.3249163746480742,-0.255,0.255,39.1,0.404,0.404,62.0,-0.245,0.245,37.6,-0.327,0.327,50.2,naive
2017-04-10,PUNO,1.2225576558190479,0.8540405893028205,0.7085869305823533,0.6520307497701585,0.2436872809860556,-0.369,0.369,30.2,-0.514,0.514,42.0,-0.571,0.571,46.7,-0.979,0.979,80.1,arima
2017-04-17,PUNO,1.3040614995403177,0.8269001354025776,0.8772017195136264,0.6520307497701585,0.3249163746480742,-0.477,0.477,36.6,-0.427,0.427,32.7,-0.652,0.652,50.0,-0.979,0.979,75.1,holt_winters
2017-04-24,PUNO,1.7930845618679367,0.7895943289813885,0.9159642166944997,0.6520307497701585,0.7310618429581679,-1.003,1.003,55.9,-0.877,0.877,48.9,-1.141,1.141,63.6,-1.062,1.062,59.2,holt_winters
2017-05-01,PUNO,1.7115807181466671,0.8167001800022915,1.1423342072026776,0.6520307497701585,0.8935200302822053,-0.895,0.895,52.3,-0.569,0.569,33.2,-1.06,1.06,61.9,-0.818,0.818,47.8,holt_winters
2017-05-08,PUNO,2.1190999367530163,1.8542175010661595,2.147323722658429,1.7115807181466671,1.2184364049302805,-0.265,0.265,12.5,0.028,0.028,1.3,-0.408,0.408,19.3,-0.901,0.901,42.5,holt_winters
2017-05-15,PUNO,1.7930845618679367,1.700672321394944,2.8527034092843238,1.7115807181466671,2.1931855288745057,-0.092,0.092,5.1,1.06,1.06,59.1,-0.082,0.082,4.6,0.4,0.4,22.3,naive
2017-05-22,PUNO,2.1190999367530163,1.7534751922602623,3.0647878914197166,1.7115807181466671,2.4368728098605614,-0.366,0.366,17.3,0.946,0.946,44.6,-0.408,0.408,19.3,0.318,0.318,15.0,seasonal_naive
2017-05-29,PUNO,2.282107624195556,1.7576349597842973,3.2647559045252468,1.7115807181466671,2.680560090846617,-0.524,0.524,23.0,0.983,0.983,43.1,-0.571,0.571,25.0,0.398,0.398,17.4,seasonal_naive
2017-06-05,PUNO,2.7711306865231755,2.5690555910945108,1.9932807987511971,2.2821076241955556,1.8682691542264305,-0.202,0.202,7.3,-0.778,0.778,28.1,-0.489,0.489,17.6,-0.903,0.903,32.6,arima
2017-06-12,PUNO,2.363611467916826,2.5702861819916403,2.074066861698209,2.2821076241955556,1.9494982478884495,0.207,0.207,8.8,-0.29,0.29,12.3,-0.082,0.082,3.5,-0.414,0.414,17.5,naive
2017-06-19,PUNO,2.0375960930317465,2.497293616357756,1.8711965068085883,2.2821076241955556,1.7870400605644114,0.46,0.46,22.6,-0.166,0.166,8.1,0.245,0.245,12.0,-0.251,0.251,12.3,holt_winters
2017-06-26,PUNO,1.5485730307041272,2.5386596763694973,1.7388510961896202,2.2821076241955556,1.9494982478884495,0.99,0.99,63.9,0.19,0.19,12.3,0.734,0.734,47.4,0.401,0.401,25.9,holt_winters
2017-07-03,PUNO,1.0595499683765077,1.5131326979352369,1.4416346778009492,1.548573030704127,1.7058109669023929,0.454,0.454,42.8,0.382,0.382,36.1,0.489,0.489,46.2,0.646,0.646,61.0,holt_winters
2017-07-10,PUNO,1.1410538120977778,1.4335627963309183,1.3383821537006835,1.548573030704127,1.380894592254318,0.293,0.293,25.7,0.197,0.197,17.3,0.408,0.408,35.8,0.24,0.24,21.0,holt_winters
2017-07-17,PUNO,1.0595499683765077,1.4871441250687276,1.3083715996577756,1.548573030704127,1.5433527795783553,0.428,0.428,40.4,0.249,0.249,23.5,0.489,0.489,46.2,0.484,0.484,45.7,holt_winters
2017-07-24,PUNO,1.7115807181466671,1.4758674535249159,1.2912570090354634,1.548573030704127,1.5433527795783553,-0.236,0.236,13.8,-0.42,0.42,24.5,-0.163,0.163,9.5,-0.168,0.168,9.8,naive
2017-07-31,PUNO,1.2225576558190476,1.6863999001116148,1.7907474955026146,1.7115807181466671,1.5433527795783553,0.464,0.464,38.0,0.568,0.568,46.5,0.489,0.489,40.0,0.321,0.321,26.3,seasonal_naive
2017-08-07,PUNO,0.978046124655238,1.930446672900303,1.6667052722221447,1.7115807181466671,1.299665498592299,0.952,0.952,97.3,0.689,0.689,70.4,0.734,0.734,75.0,0.322,0.322,32.9,seasonal_naive
2017-08-14,PUNO,0.4890230623276194,1.7960337590522628,1.5619045665296238,1.7115807181466671,1.4621236859163362,1.307,1.307,267.3,1.073,1.073,219.4,1.223,1.223,250.1,0.973,0.973,199.0,seasonal_naive
2017-08-21,PUNO,0.32601537488507887,1.8133139398054596,1.2350260077636475,1.7115807181466671,1.299665498592299,1.487,1.487,456.1,0.909,0.909,278.8,1.386,1.386,425.1,0.974,0.974,298.8,holt_winters
2017-08-28,PUNO,0.40751921860634877,0.2726364483535113,0.2716353160234205,0.32601537488507887,1.299665498592299,-0.135,0.135,33.1,-0.136,0.136,33.4,-0.082,0.082,20.1,0.892,0.892,218.9,naive
2017-09-04,PUNO,0.32601537488507887,0.24868104843041272,0.1691480434996253,0.32601537488507887,1.0559782176062429,-0.077,0.077,23.6,-0.157,0.157,48.2,0.0,0.0,0.0,0.73,0.73,223.9,naive
2017-09-11,PUNO,0.32601537488507887,0.27407589948312266,0.19216102268332688,0.32601537488507887,1.137207311268262,-0.052,0.052,16.0,-0.134,0.134,41.1,0.0,0.0,0.0,0.811,0.811,248.8,naive
2017-09-18,PUNO,0.24451153116380894,0.2651356560639674,0.10349419193371985,0.32601537488507887,0.5686036556341305,0.021,0.021,8.6,-0.141,0.141,57.7,0.082,0.082,33.5,0.324,0.324,132.5,arima
2017-09-25,PUNO,0.4075192186063487,0.27367304105630647,0.2690187749833272,0.24451153116380892,0.3249163746480743,-0.134,0.134,32.9,-0.139,0.139,34.1,-0.163,0.163,40.0,-0.083,0.083,20.4,seasonal_naive
2017-10-02,PUNO,0.4890230623276186,0.2891796430634916,0.24785378651706727,0.24451153116380892,0.3249163746480743,-0.2,0.2,40.9,-0.241,0.241,49.3,-0.245,0.245,50.1,-0.164,0.164,33.5,seasonal_naive
2017-10-09,PUNO,0.4890230623276186,0.27306398159223993,0.32763790712747903,0.24451153116380892,0.6498327492961493,-0.216,0.216,44.2,-0.161,0.161,32.9,-0.245,0.245,50.1,0.161,0.161,32.9,holt_winters
2017-10-16,PUNO,0.4890230623276186,0.2787631555414109,0.2808886233997714,0.24451153116380892,0.9747491239442243,-0.21,0.21,42.9,-0.208,0.208,42.5,-0.245,0.245,50.1,0.486,0.486,99.4,holt_winters
2017-10-23,PUNO,0.7335345934914282,0.4985968372864691,0.4745800815486336,0.4890230623276186,1.380894592254318,-0.235,0.235,32.0,-0.259,0.259,35.3,-0.245,0.245,33.4,0.647,0.647,88.2,arima
2017-10-30,PUNO,0.8150384372126981,0.5326233279070807,0.5339388968262893,0.4890230623276186,1.2184364049302805,-0.282,0.282,34.6,-0.281,0.281,34.5,-0.326,0.326,40.0,0.403,0.403,49.4,holt_winters
2017-11-06,PUNO,0.6520307497701584,0.5106952775213964,0.4901075065792592,0.4890230623276186,0.8935200302822053,-0.141,0.141,21.6,-0.162,0.162,24.8,-0.163,0.163,25.0,0.241,0.241,37.0,arima
2017-11-13,PUNO,0.5705269060488886,0.5154209425829215,0.4545388489859628,0.4890230623276186,0.40614546831009307,-0.055,0.055,9.6,-0.116,0.116,20.3,-0.082,0.082,14.4,-0.164,0.164,28.7,arima
2017-11-20,PUNO,0.6520307497701584,0.5550386371815104,0.4249902277475343,0.5705269060488887,0.16245818732403688,-0.097,0.097,14.9,-0.227,0.227,34.8,-0.082,0.082,12.6,-0.49,0.49,75.1,naive
2017-11-27,PUNO,0.7335345934914282,0.6399714159914114,0.3872411831543911,0.5705269060488887,0.24368728098605566,-0.094,0.094,12.8,-0.346,0.346,47.2,-0.163,0.163,22.2,-0.49,0.49,66.8,arima
2017-12-04,PUNO,0.7335345934914282,0.5941340500397914,0.27467568834601225,0.5705269060488887,0.24368728098605563,-0.139,0.139,18.9,-0.459,0.459,62.6,-0.163,0.163,22.2,-0.49,0.49,66.8,arima
2017-12-11,PUNO,0.5705269060488886,0.5997764672959698,0.14431215662753671,0.5705269060488887,0.24368728098605563,0.029,0.029,5.1,-0.426,0.426,74.7,0.0,0.0,0.0,-0.327,0.327,57.3,naive
2017-12-18,PUNO,0.8965422809339681,0.5645211473276157,0.6748927649200569,0.5705269060488887,0.40614546831009307,-0.332,0.332,37.0,-0.222,0.222,24.8,-0.326,0.326,36.4,-0.49,0.49,54.7,holt_winters
2017-12-25,PUNO,0.8150384372126983,0.5060189521148406,0.7449239723961407,0.5705269060488887,0.5686036556341305,-0.309,0.309,37.9,-0.07,0.07,8.6,-0.245,0.245,30.1,-0.246,0.246,30.2,holt_winters
2018-01-01,PUNO,1.059588832910377,0.5411928740821434,0.9339097715047731,0.5705269060488887,0.8946190305192101,-0.518,0.518,48.9,-0.126,0.126,11.9,-0.489,0.489,46.1,-0.165,0.165,15.6,holt_winters
2018-01-08,PUNO,1.0596354703510202,0.535138705149742,0.9245300150828402,0.5705269060488887,0.7324355932544238,-0.524,0.524,49.5,-0.135,0.135,12.7,-0.489,0.489,46.1,-0.327,0.327,30.9,holt_winters
2018-01-15,PUNO,1.1411626327926117,1.2263758879343647,1.1829785885582695,1.0596354703510205,0.8965422809339683,0.085,0.085,7.4,0.042,0.042,3.7,-0.082,0.082,7.2,-0.245,0.245,21.5,holt_winters
2018-01-22,PUNO,0.8966277829084804,1.2501885027567106,1.0393019713199378,1.0596354703510205,0.6520307497701585,0.354,0.354,39.5,0.143,0.143,15.9,0.163,0.163,18.2,-0.245,0.245,27.3,holt_winters
2018-01-29,PUNO,1.0596510161645678,1.1926241254383547,0.9635636606945275,1.0596354703510205,0.6520307497701585,0.133,0.133,12.6,-0.096,0.096,9.1,-0.0,0.0,0.0,-0.408,0.408,38.5,naive
2018-02-05,PUNO,0.8966277829084803,1.2202196340234552,0.8773967720421523,1.0596354703510205,0.4075192186063489,0.324,0.324,36.1,-0.019,0.019,2.1,0.163,0.163,18.2,-0.489,0.489,54.5,holt_winters
2018-02-12,PUNO,0.8966277829084803,0.999001681086517,0.9162168779782587,0.8966277829084803,0.326015374885079,0.102,0.102,11.4,0.02,0.02,2.2,0.0,0.0,0.0,-0.571,0.571,63.7,naive
2018-02-19,PUNO,0.48906969976826176,0.79803836966277,0.8327802014195567,0.8966277829084803,0.4075192186063489,0.309,0.309,63.2,0.344,0.344,70.3,0.408,0.408,83.4,-0.082,0.082,16.8,seasonal_naive
2018-02-26,PUNO,0.40755808314021796,0.8894108022507916,0.6741061534222732,0.8966277829084803,0.24451153116380905,0.482,0.482,118.3,0.267,0.267,65.5,0.489,0.489,120.0,-0.163,0.163,40.0,seasonal_naive
2018-03-05,PUNO,0.3260464665121742,0.8842052715497017,0.6163309617288615,0.8966277829084803,0.4075192186063489,0.558,0.558,171.1,0.29,0.29,88.9,0.571,0.571,175.1,0.081,0.081,24.8,seasonal_naive
2018-03-12,PUNO,0.16302323325608672,0.3246701911512629,0.49846301982862845,0.32604646651217417,0.8150384372126984,0.162,0.162,99.4,0.335,0.335,205.5,0.163,0.163,100.0,0.652,0.652,399.9,arima
2018-03-19,PUNO,0.16302323325608672,0.3312104287114931,0.5467335428140772,0.32604646651217417,0.8150384372126984,0.168,0.168,103.1,0.384,0.384,235.5,0.163,0.163,100.0,0.652,0.652,399.9,naive
2018-03-26,PUNO,0.16302323325608672,0.32769117679151005,0.6675904698127442,0.32604646651217417,0.8965422809339683,0.165,0.165,101.2,0.505,0.505,309.8,0.163,0.163,100.0,0.734,0.734,450.2,naive
2018-04-02,PUNO,0.24453484988413046,0.328157786409756,0.7351353020078093,0.32604646651217417,0.6520307497701585,0.084,0.084,34.4,0.491,0.491,200.8,0.082,0.082,33.5,0.407,0.407,166.4,naive
2018-04-09,PUNO,0.5705813163963054,0.23525855557206732,0.38485546652966923,0.2445348498841305,1.222557655819048,-0.335,0.335,58.7,-0.186,0.186,32.6,-0.326,0.326,57.1,0.652,0.652,114.3,holt_winters
2018-04-16,PUNO,1.0596510161645678,0.2214906625582089,0.4534227676990232,0.2445348498841305,1.304061499540318,-0.838,0.838,79.1,-0.606,0.606,57.2,-0.815,0.815,76.9,0.244,0.244,23.0,seasonal_naive
2018-04-23,PUNO,1.1411626327926117,0.23216221250524846,0.5790504214910326,0.2445348498841305,1.7930845618679365,-0.909,0.909,79.7,-0.562,0.562,49.2,-0.897,0.897,78.6,0.652,0.652,57.1,holt_winters
2018-04-30,PUNO,0.9781393995365243,0.22918820613264854,0.7839013783355893,0.2445348498841305,1.7115807181466671,-0.749,0.749,76.6,-0.194,0.194,19.8,-0.734,0.734,75.0,0.733,0.733,74.9,holt_winters
2018-05-07,PUNO,0.733604549652393,0.796526537628895,1.2464942877286953,0.9781393995365242,2.1190999367530163,0.063,0.063,8.6,0.513,0.513,69.9,0.245,0.245,33.4,1.385,1.385,188.8,arima
2018-05-14,PUNO,0.733604549652393,0.8898682929719057,1.6695321246562251,0.9781393995365242,1.7930845618679365,0.156,0.156,21.3,0.936,0.936,127.6,0.245,0.245,33.4,1.059,1.059,144.4,arima
2018-05-21,PUNO,1.2226742494206553,0.8807357024243538,1.8617682923371306,0.9781393995365242,2.1190999367530163,-0.342,0.342,28.0,0.639,0.639,52.3,-0.245,0.245,20.0,0.896,0.896,73.3,naive
2018-05-28,PUNO,1.3856974826767428,0.8607086370261252,1.9768779244721126,0.9781393995365242,2.2821076241955556,-0.525,0.525,37.9,0.591,0.591,42.7,-0.408,0.408,29.4,0.896,0.896,64.7,naive
2018-06-04,PUNO,2.037790415701093,1.6718500516587902,1.2925855820300285,1.385697482676743,2.7711306865231755,-0.366,0.366,18.0,-0.745,0.745,36.6,-0.652,0.652,32.0,0.733,0.733,36.0,arima
2018-06-11,PUNO,2.5268601154693555,1.4386674882235608,1.2618666511606889,1.385697482676743,2.363611467916826,-1.088,1.088,43.1,-1.265,1.265,50.1,-1.141,1.141,45.2,-0.163,0.163,6.5,seasonal_naive
2018-06-18,PUNO,2.6898833487254428,1.4992861159648507,1.1367789314596881,1.385697482676743,2.0375960930317465,-1.191,1.191,44.3,-1.553,1.553,57.7,-1.304,1.304,48.5,-0.652,0.652,24.2,seasonal_naive
2018-06-25,PUNO,2.6898833487254428,1.5233606906702666,1.0302433062017644,1.385697482676743,1.548573030704127,-1.167,1.167,43.4,-1.66,1.66,61.7,-1.304,1.304,48.5,-1.141,1.141,42.4,seasonal_naive
2018-07-02,PUNO,2.1193020323291365,2.362333158739181,2.4650001979309932,2.6898833487254423,1.0595499683765075,0.243,0.243,11.5,0.346,0.346,16.3,0.571,0.571,26.9,-1.06,1.06,50.0,arima
2018-07-09,PUNO,2.037790415701093,2.5085229067903483,2.3788984847715544,2.6898833487254423,1.1410538120977778,0.471,0.471,23.1,0.341,0.341,16.7,0.652,0.652,32.0,-0.897,0.897,44.0,holt_winters
2018-07-16,PUNO,2.6898833487254428,2.5109113098312643,2.46485929837169,2.6898833487254423,1.0595499683765075,-0.179,0.179,6.7,-0.225,0.225,8.4,-0.0,0.0,0.0,-1.63,1.63,60.6,naive
2018-07-23,PUNO,3.994069214774143,2.469304085504532,2.692520556170634,2.6898833487254423,1.7115807181466671,-1.525,1.525,38.2,-1.302,1.302,32.6,-1.304,1.304,32.6,-2.282,2.282,57.1,holt_winters
2018-07-30,PUNO,4.320115681286318,2.8548735333202715,2.8548735333202715,3.994069214774143,1.2225576558190476,-1.465,1.465,33.9,-1.465,1.465,33.9,-0.326,0.326,7.5,-3.098,3.098,71.7,naive
2018-08-06,PUNO,4.15709244803023,2.8548735333202715,2.8548735333202715,3.994069214774143,0.9780461246552379,-1.302,1.302,31.3,-1.302,1.302,31.3,-0.163,0.163,3.9,-3.179,3.179,76.5,naive
2018-08-13,PUNO,2.8529065819815305,2.8548735333202715,2.8548735333202715,3.994069214774143,0.4890230623276194,0.002,0.002,0.1,0.002,0.002,0.1,1.141,1.141,40.0,-2.364,2.364,82.9,arima
2018-08-20,PUNO,3.3419762817497927,2.8548735333202715,2.569297565473554,3.994069214774143,0.32601537488507887,-0.487,0.487,14.6,-0.773,0.773,23.1,0.652,0.652,19.5,-3.016,3.016,90.2,arima
2018-08-27,PUNO,2.771394965353487,3.2099702632593976,3.2966027279564942,3.341976281749792,0.40751921860634877,0.439,0.439,15.8,0.525,0.525,18.9,0.571,0.571,20.6,-2.364,2.364,85.3,arima
2018-09-03,PUNO,2.608371732097399,3.590482569763168,3.0351799620440305,3.341976281749792,0.32601537488507887,0.982,0.982,37.6,0.427,0.427,16.4,0.734,0.734,28.1,-2.282,2.282,87.5,holt_winters
2018-09-10,PUNO,1.7932555658169615,3.4106175861201518,3.1057469455771063,3.341976281749792,0.32601537488507887,1.617,1.617,90.2,1.312,1.312,73.2,1.549,1.549,86.4,-1.467,1.467,81.8,holt_winters
2018-09-17,PUNO,1.7932555658169615,3.396779734004129,2.60880947151189,3.341976281749792,0.24451153116380892,1.604,1.604,89.4,0.816,0.816,45.5,1.549,1.549,86.4,-1.549,1.549,86.4,holt_winters
2018-09-24,PUNO,1.956278799073049,1.7930155866295978,1.7805551084136035,1.7932555658169615,0.4075192186063487,-0.163,0.163,8.3,-0.176,0.176,9.0,-0.163,0.163,8.3,-1.549,1.549,79.2,arima
2018-10-01,PUNO,1.54872071593283,1.9159670638860349,1.6931716916794208,1.7932555658169615,0.4890230623276186,0.367,0.367,23.7,0.144,0.144,9.3,0.245,0.245,15.8,-1.06,1.06,68.4,holt_winters
2018-10-08,PUNO,0.8966277829084802,1.845736084265058,1.8992010573741274,1.7932555658169615,0.4890230623276186,0.949,0.949,105.8,1.003,1.003,111.9,0.897,0.897,100.0,-0.408,0.408,45.5,seasonal_naive
2018-10-15,PUNO,0.8966277829084802,1.8463575485689776,1.8209420601465136,1.7932555658169615,0.4890230623276186,0.95,0.95,106.0,0.924,0.924,103.1,0.897,0.897,100.0,-0.408,0.408,45.5,seasonal_naive
2018-10-22,PUNO,0.978139399536524,0.9925293146690191,1.0022262760804161,0.8966277829084801,0.7335345934914284,0.014,0.014,1.4,0.024,0.024,2.5,-0.082,0.082,8.4,-0.245,0.245,25.0,arima
2018-10-29,PUNO,1.2226742494206553,1.2126287011035077,1.120709789385724,0.8966277829084801,0.8150384372126982,-0.01,0.01,0.8,-0.102,0.102,8.3,-0.326,0.326,26.7,-0.408,0.408,33.4,arima
2018-11-05,PUNO,1.2226742494206553,1.0549155062117168,1.0297210513977624,0.8966277829084801,0.6520307497701583,-0.168,0.168,13.7,-0.193,0.193,15.8,-0.326,0.326,26.7,-0.571,0.571,46.7,arima
2018-11-12,PUNO,1.5487207159328304,1.070437224115878,0.9991049448754201,0.8966277829084801,0.5705269060488887,-0.478,0.478,30.9,-0.55,0.55,35.5,-0.652,0.652,42.1,-0.978,0.978,63.1,arima
2018-11-19,PUNO,1.2226742494206553,1.7256990527298983,1.3056007276767336,1.5487207159328302,0.6520307497701583,0.503,0.503,41.1,0.083,0.083,6.8,0.326,0.326,26.7,-0.571,0.571,46.7,holt_winters
2018-11-26,PUNO,0.978139399536524,1.7048242239786715,1.4257312709400503,1.5487207159328302,0.7335345934914284,0.727,0.727,74.3,0.448,0.448,45.8,0.571,0.571,58.4,-0.245,0.245,25.0,seasonal_naive
2018-12-03,PUNO,0.8151161662804366,1.6582076971324695,1.3419526550048615,1.5487207159328302,0.7335345934914284,0.843,0.843,103.4,0.527,0.527,64.7,0.734,0.734,90.0,-0.082,0.082,10.1,seasonal_naive
2018-12-10,PUNO,1.0596510161645678,1.692013494329097,1.0576418969514525,1.5487207159328302,0.5705269060488887,0.632,0.632,59.6,-0.002,0.002,0.2,0.489,0.489,46.1,-0.489,0.489,46.1,holt_winters
2018-12-17,PUNO,0.8151161662804364,1.0865314604105238,1.2910960219564274,1.0596510161645676,0.8965422809339683,0.271,0.271,33.2,0.476,0.476,58.4,0.245,0.245,30.1,0.081,0.081,9.9,seasonal_naive
2018-12-24,PUNO,0.5705813163963053,1.0897209536685049,1.2780741661440134,1.0596510161645676,0.8150384372126982,0.519,0.519,91.0,0.707,0.707,123.9,0.489,0.489,85.7,0.244,0.244,42.8,seasonal_naive
2018-12-31,PUNO,0.5705813163963053,1.0782696240569023,1.6034698716582167,1.0596510161645676,1.0595888329103769,0.508,0.508,89.0,1.033,1.033,181.0,0.489,0.489,85.7,0.489,0.489,85.7,naive
2019-01-07,PUNO,0.7336278728208855,1.084286767427955,1.5290249208103974,1.0596510161645676,1.0596354703510205,0.351,0.351,47.8,0.795,0.795,108.4,0.326,0.326,44.4,0.326,0.326,44.4,naive
2019-01-14,PUNO,0.6521240305823394,0.8543733765012271,0.8505146897246858,0.7336278728208854,1.1411626327926117,0.202,0.202,31.0,0.198,0.198,30.4,0.082,0.082,12.6,0.489,0.489,75.0,naive
2019-01-21,PUNO,0.5706357371227885,0.8110351178953983,0.6502843068307227,0.7336278728208854,0.8966277829084806,0.24,0.24,42.1,0.08,0.08,14.0,0.163,0.163,28.6,0.326,0.326,57.1,holt_winters
2019-01-28,PUNO,0.7336745191578712,0.7938134764132734,0.5912225998528573,0.7336278728208854,1.0596510161645676,0.06,0.06,8.2,-0.142,0.142,19.4,-0.0,0.0,0.0,0.326,0.326,44.4,naive
2019-02-04,PUNO,0.9782326922104952,0.8200109606495201,0.5282314369855075,0.7336278728208854,0.8966277829084803,-0.158,0.158,16.2,-0.45,0.45,46.0,-0.245,0.245,25.0,-0.082,0.082,8.4,seasonal_naive
2019-02-11,PUNO,0.8967133011929539,1.0514821523081523,0.8867148787688035,0.9782326922104951,0.8966277829084803,0.155,0.155,17.3,-0.01,0.01,1.1,0.082,0.082,9.1,-0.0,0.0,0.0,seasonal_naive
2019-02-18,PUNO,0.6521551281403297,0.9683563874542356,0.7990269304345092,0.9782326922104951,0.4890696997682617,0.316,0.316,48.5,0.147,0.147,22.5,0.326,0.326,50.0,-0.163,0.163,25.0,holt_winters
2019-02-25,PUNO,0.32607756407016436,0.9933238341615025,0.658660747632273,0.9782326922104951,0.40755808314021796,0.667,0.667,204.6,0.333,0.333,102.1,0.652,0.652,200.0,0.081,0.081,24.8,seasonal_naive
2019-03-04,PUNO,0.40759695508770566,1.0082594621569565,0.6018276130484672,0.9782326922104951,0.32604646651217417,0.601,0.601,147.4,0.194,0.194,47.6,0.571,0.571,140.1,-0.082,0.082,20.1,seasonal_naive
2019-03-11,PUNO,0.24455817305262298,0.37826069462378376,0.5291128137381103,0.4075969550877057,0.1630232332560867,0.134,0.134,54.8,0.285,0.285,116.5,0.163,0.163,66.7,-0.082,0.082,33.5,seasonal_naive
2019-03-18,PUNO,0.48911634610524707,0.4987892692376257,0.5925098145845478,0.4075969550877057,0.1630232332560867,0.01,0.01,2.0,0.103,0.103,21.1,-0.082,0.082,16.8,-0.326,0.326,66.7,arima
2019-03-25,PUNO,0.40759695508770566,0.43288974364709215,0.6531006947032221,0.4075969550877057,0.1630232332560867,0.025,0.025,6.1,0.246,0.246,60.4,0.0,0.0,0.0,-0.245,0.245,60.1,naive
2019-04-01,PUNO,0.7336745191578711,0.42991515632708927,0.6763512064356993,0.4075969550877057,0.2445348498841305,-0.304,0.304,41.4,-0.057,0.057,7.8,-0.326,0.326,44.4,-0.489,0.489,66.7,holt_winters
2019-04-08,PUNO,0.6521551281403298,0.7456061596322172,1.0011479770520446,0.7336745191578711,0.5705813163963054,0.093,0.093,14.3,0.349,0.349,53.5,0.082,0.082,12.6,-0.082,0.082,12.6,naive
2019-04-15,PUNO,0.8151939101754125,0.8263069196180184,1.1983036638713367,0.7336745191578711,1.0596510161645676,0.011,0.011,1.3,0.383,0.383,47.0,-0.082,0.082,10.1,0.244,0.244,29.9,arima
2019-04-22,PUNO,0.6521551281403297,0.7700386596249986,1.4203956033966931,0.7336745191578711,1.1411626327926117,0.118,0.118,18.1,0.768,0.768,117.8,0.082,0.082,12.6,0.489,0.489,75.0,naive
2019-04-29,PUNO,0.7336745191578711,0.7773486580450235,1.5297563158547316,0.7336745191578711,0.9781393995365242,0.044,0.044,6.0,0.796,0.796,108.5,0.0,0.0,0.0,0.244,0.244,33.3,naive
2019-05-06,PUNO,0.978232692210495,0.6792213939413538,0.9406839735109973,0.7336745191578711,0.7336045496523929,-0.299,0.299,30.6,-0.038,0.038,3.9,-0.245,0.245,25.0,-0.245,0.245,25.0,holt_winters
2019-05-13,PUNO,1.2227908652631192,0.7216662997850019,1.161443511893451,0.7336745191578711,0.7336045496523929,-0.501,0.501,41.0,-0.061,0.061,5.0,-0.489,0.489,40.0,-0.489,0.489,40.0,holt_winters
2019-05-20,PUNO,1.5488684293332848,0.7131109770786481,1.322965402280313,0.7336745191578711,1.2226742494206553,-0.836,0.836,54.0,-0.226,0.226,14.6,-0.815,0.815,52.6,-0.326,0.326,21.0,holt_winters
2019-05-27,PUNO,1.385829647298202,0.7041020452523652,1.3686484340286196,0.7336745191578711,1.385697482676743,-0.682,0.682,49.2,-0.017,0.017,1.2,-0.652,0.652,47.0,-0.0,0.0,0.0,seasonal_naive
2019-06-03,PUNO,1.9564653844209914,1.4273617866115136,1.5511883375727975,1.385829647298202,2.037790415701093,-0.529,0.529,27.0,-0.405,0.405,20.7,-0.571,0.571,29.2,0.081,0.081,4.1,seasonal_naive
2019-06-10,PUNO,2.1195041664560743,1.3639666027754176,1.5334920442665076,1.385829647298202,2.5268601154693555,-0.756,0.756,35.7,-0.586,0.586,27.6,-0.734,0.734,34.6,0.407,0.407,19.2,seasonal_naive
2019-06-17,PUNO,3.0162174676490285,1.3903713607800636,1.4589010085555145,1.385829647298202,2.6898833487254423,-1.626,1.626,53.9,-1.557,1.557,51.6,-1.63,1.63,54.0,-0.326,0.326,10.8,seasonal_naive
2019-06-24,PUNO,2.8531786856139463,1.395551185708825,1.2701851955520165,1.385829647298202,2.6898833487254423,-1.458,1.458,51.1,-1.583,1.583,55.5,-1.467,1.467,51.4,-0.163,0.163,5.7,seasonal_naive
2019-07-01,PUNO,3.6683725957893594,3.0602992542038168,2.365642154329085,2.8531786856139463,2.1193020323291365,-0.608,0.608,16.6,-1.303,1.303,35.5,-0.815,0.815,22.2,-1.549,1.549,42.2,arima
2019-07-08,PUNO,3.0162174676490285,2.8568212461239066,2.204444091465809,2.8531786856139463,2.037790415701093,-0.159,0.159,5.3,-0.812,0.812,26.9,-0.163,0.163,5.4,-0.978,0.978,32.4,arima
2019-07-15,PUNO,2.771659294596405,2.9189108623934183,2.4460521806831497,2.8531786856139463,2.6898833487254423,0.147,0.147,5.3,-0.326,0.326,11.8,0.082,0.082,3.0,-0.082,0.082,3.0,naive
2019-07-22,PUNO,2.1195041664560743,2.945980933626895,2.88629926871466,2.8531786856139463,3.994069214774143,0.826,0.826,39.0,0.767,0.767,36.2,0.734,0.734,34.6,1.875,1.875,88.5,naive
2019-07-29,PUNO,2.1195041664560743,2.104550484125284,2.0151881869635306,2.1195041664560743,4.320115681286318,-0.015,0.015,0.7,-0.104,0.104,4.9,0.0,0.0,0.0,2.201,2.201,103.8,naive
2019-08-05,PUNO,2.934698076631488,2.1026724653585713,1.8183366724582126,2.1195041664560743,4.15709244803023,-0.832,0.832,28.4,-1.116,1.116,38.0,-0.815,0.815,27.8,1.222,1.222,41.6,naive
2019-08-12,PUNO,3.260775640701653,2.1088784675241534,1.4223724433747384,2.1195041664560743,2.85290658198153,-1.152,1.152,35.3,-1.838,1.838,56.4,-1.141,1.141,35.0,-0.408,0.408,12.5,seasonal_naive
2019-08-19,PUNO,3.1792562496841117,2.1054389864433793,1.352832544207791,2.1195041664560743,3.341976281749792,-1.074,1.074,33.8,-1.826,1.826,57.4,-1.06,1.06,33.3,0.163,0.163,5.1,seasonal_naive
2019-08-26,PUNO,2.282542948491157,2.779615929668505,3.081057331193347,3.179256249684112,2.771394965353487,0.497,0.497,21.8,0.799,0.799,35.0,0.897,0.897,39.3,0.489,0.489,21.4,seasonal_naive
2019-09-02,PUNO,1.1412714742455778,2.722347215675788,2.953520079674376,3.179256249684112,2.608371732097399,1.581,1.581,138.5,1.812,1.812,158.8,2.038,2.038,178.6,1.467,1.467,128.5,seasonal_naive
2019-09-09,PUNO,0.8151939101754125,2.8913946108554405,2.8089308992812954,3.179256249684112,1.7932555658169615,2.076,2.076,254.7,1.994,1.994,244.6,2.364,2.364,290.0,0.978,0.978,120.0,seasonal_naive
2019-09-16,PUNO,0.4891163461052472,2.800501118324834,2.4954005986454817,3.179256249684112,1.7932555658169615,2.311,2.311,472.5,2.006,2.006,410.1,2.69,2.69,550.0,1.304,1.304,266.6,seasonal_naive
2019-09-23,PUNO,0.4891163461052472,0.590967601592141,0.4788136314868602,0.4891163461052472,1.9562787990730488,0.102,0.102,20.9,-0.01,0.01,2.0,0.0,0.0,0.0,1.467,1.467,299.9,naive
2019-09-30,PUNO,0.4891163461052472,0.5267766815211476,0.3951620586458383,0.4891163461052472,1.5487207159328302,0.038,0.038,7.8,-0.094,0.094,19.2,0.0,0.0,0.0,1.06,1.06,216.7,naive
2019-10-07,PUNO,0.8151939101754125,0.5334403008349633,0.37555006192989393,0.4891163461052472,0.8966277829084801,-0.282,0.282,34.6,-0.44,0.44,54.0,-0.326,0.326,40.0,0.081,0.081,9.9,seasonal_naive
2019-10-14,PUNO,0.8967133011929539,0.5492204957713263,0.369238016706029,0.4891163461052472,0.8966277829084801,-0.347,0.347,38.7,-0.527,0.527,58.8,-0.408,0.408,45.5,-0.0,0.0,0.0,seasonal_naive
2019-10-21,PUNO,0.9782326922104952,0.9321624304352032,1.0282962311758372,0.896713301192954,0.978139399536524,-0.046,0.046,4.7,0.05,0.05,5.1,-0.082,0.082,8.4,-0.0,0.0,0.0,seasonal_naive
2019-10-28,PUNO,0.9782326922104952,0.7754873861906553,1.1803203363223722,0.896713301192954,1.2226742494206553,-0.203,0.203,20.8,0.202,0.202,20.6,-0.082,0.082,8.4,0.244,0.244,24.9,naive
2019-11-04,PUNO,0.9782326922104952,0.8564804060825213,1.03983109013714,0.896713301192954,1.2226742494206553,-0.122,0.122,12.5,0.062,0.062,6.3,-0.082,0.082,8.4,0.244,0.244,24.9,holt_winters
2019-11-11,PUNO,0.9782326922104952,0.8560120111860505,0.9780741710309255,0.896713301192954,1.5487207159328302,-0.122,0.122,12.5,-0.0,0.0,0.0,-0.082,0.082,8.4,0.57,0.57,58.3,holt_winters
2019-11-18,PUNO,0.5706357371227885,0.8559720698224205,0.7765659561218023,0.9782326922104951,1.2226742494206553,0.285,0.285,49.9,0.206,0.206,36.1,0.408,0.408,71.5,0.652,0.652,114.3,holt_winters
2019-11-25,PUNO,0.9782326922104954,0.932880397570881,0.8121378578042349,0.9782326922104951,0.978139399536524,-0.045,0.045,4.6,-0.166,0.166,17.0,-0.0,0.0,0.0,-0.0,0.0,0.0,naive
2019-12-02,PUNO,1.0597520832280367,0.9234218304336228,0.7664690056524495,0.9782326922104951,0.8151161662804365,-0.136,0.136,12.8,-0.293,0.293,27.6,-0.082,0.082,7.7,-0.245,0.245,23.1,naive
2019-12-09,PUNO,1.3043102562806608,0.9062878758608339,0.6833740187593076,0.9782326922104951,1.0596510161645676,-0.398,0.398,30.5,-0.621,0.621,47.6,-0.326,0.326,25.0,-0.245,0.245,18.8,seasonal_naive
2019-12-16,PUNO,1.385829647298202,1.1270930395941874,1.3709157761243396,1.3043102562806608,0.8151161662804365,-0.259,0.259,18.7,-0.015,0.015,1.1,-0.082,0.082,5.9,-0.571,0.571,41.2,holt_winters
2019-12-23,PUNO,1.1412714742455778,1.104013824646508,1.2833939809890933,1.3043102562806608,0.5705813163963052,-0.037,0.037,3.2,0.142,0.142,12.4,0.163,0.163,14.3,-0.571,0.571,50.0,arima
2019-12-30,PUNO,1.3043102562806608,1.1704397846221362,1.6002072762547366,1.3043102562806608,0.5705813163963052,-0.134,0.134,10.3,0.296,0.296,22.7,0.0,0.0,0.0,-0.734,0.734,56.3,naive
2020-01-06,PUNO,1.7935345340686544,1.138817417076818,1.5658494604670987,1.3043102562806608,0.7336278728208854,-0.655,0.655,36.5,-0.228,0.228,12.7,-0.489,0.489,27.3,-1.06,1.06,59.1,holt_winters
2020-01-13,PUNO,2.0381312541508305,2.268562212806657,1.8446575535868215,1.793534534068654,0.6521240305823393,0.23,0.23,11.3,-0.193,0.193,9.5,-0.245,0.245,12.0,-1.386,1.386,68.0,holt_winters
2020-01-20,PUNO,1.6305420084690343,2.5669411895031153,1.5825176326446817,1.793534534068654,0.5706357371227884,0.936,0.936,57.4,-0.048,0.048,2.9,0.163,0.163,10.0,-1.06,1.06,65.0,holt_winters
2020-01-27,PUNO,0.4891626025407097,2.2184692269376995,1.6061879976406317,1.793534534068654,0.7336745191578713,1.729,1.729,353.5,1.117,1.117,228.3,1.304,1.304,266.6,0.245,0.245,50.1,seasonal_naive
2020-02-03,PUNO,0.16305420084690264,2.324191513915146,1.4902814840464504,1.793534534068654,0.9782326922104951,2.161,2.161,1325.3,1.327,1.327,813.8,1.63,1.63,999.7,0.815,0.815,499.8,seasonal_naive
2020-02-10,PUNO,0.16305420084690264,0.05915467670382978,0.11616565759293533,0.16305420084690264,0.896713301192954,-0.104,0.104,63.8,-0.047,0.047,28.8,0.0,0.0,0.0,0.734,0.734,450.2,naive
2020-02-17,PUNO,0.32610840169380617,0.10608027701207659,0.014109858228040782,0.16305420084690264,0.6521551281403297,-0.22,0.22,67.5,-0.312,0.312,95.7,-0.163,0.163,50.0,0.326,0.326,100.0,naive
2020-02-24,PUNO,0.40763550211725796,0.11128438430498896,0.0,0.16305420084690264,0.32607756407016436,-0.296,0.296,72.6,-0.408,0.408,100.1,-0.245,0.245,60.1,-0.082,0.082,20.1,seasonal_naive
2020-03-02,PUNO,0.5706897029641614,0.09372831799581466,0.0,0.16305420084690264,0.4075969550877057,-0.477,0.477,83.6,-0.571,0.571,100.1,-0.408,0.408,71.5,-0.163,0.163,28.6,seasonal_naive
2020-03-09,PUNO,0.6522168033876133,0.6422479086787707,0.6585850353816158,0.5706897029641613,0.24455817305262295,-0.01,0.01,1.5,0.006,0.006,0.9,-0.082,0.082,12.6,-0.408,0.408,62.6,holt_winters
2020-03-16,PUNO,0.6522168033876132,0.7424355230528532,0.770787472764179,0.5706897029641613,0.4891163461052471,0.09,0.09,13.8,0.119,0.119,18.2,-0.082,0.082,12.6,-0.163,0.163,25.0,naive
2020-03-23,PUNO,0.40763550211725796,0.6635903481707266,0.776508401163946,0.5706897029641613,0.4075969550877057,0.256,0.256,62.8,0.369,0.369,90.5,0.163,0.163,40.0,-0.0,0.0,0.0,seasonal_naive
2020-03-30,PUNO,0.16305420084690264,0.6755436499724738,0.8662102273773429,0.5706897029641613,0.7336745191578711,0.512,0.512,314.0,0.703,0.703,431.1,0.408,0.408,250.2,0.571,0.571,350.2,naive
2020-04-06,PUNO,0.0,0.10217936393919072,0.29134773145819365,0.16305420084690264,0.6521551281403297,0.102,0.102,,0.291,0.291,,0.163,0.163,,0.652,0.652,,arima
2020-04-13,PUNO,0.0,0.06631991502374601,0.4481141705312597,0.16305420084690264,0.8151939101754124,0.066,0.066,,0.448,0.448,,0.163,0.163,,0.815,0.815,,arima
2020-04-20,PUNO,0.08152710042345088,0.10462224459645379,0.5691724432972805,0.16305420084690264,0.6521551281403297,0.023,0.023,28.2,0.488,0.488,598.6,0.082,0.082,100.6,0.571,0.571,700.4,arima
2020-04-27,PUNO,0.16305420084690264,0.09468974773926946,0.6620744848420796,0.16305420084690264,0.7336745191578711,-0.068,0.068,41.7,0.499,0.499,306.0,0.0,0.0,0.0,0.571,0.571,350.2,naive
2020-05-04,PUNO,0.2445813012703553,0.1520785369361366,0.25436231847610435,0.16305420084690264,0.9782326922104951,-0.093,0.093,38.0,0.01,0.01,4.1,-0.082,0.082,33.5,0.734,0.734,300.1,holt_winters
2020-05-11,PUNO,0.2445813012703553,0.14059213816291125,0.42199894062206134,0.16305420084690264,1.2227908652631192,-0.104,0.104,42.5,0.177,0.177,72.4,-0.082,0.082,33.5,0.978,0.978,399.9,naive
2020-05-18,PUNO,0.16305420084690264,0.15033117434571824,0.5713564659797554,0.16305420084690264,1.548868429333285,-0.013,0.013,8.0,0.408,0.408,250.2,0.0,0.0,0.0,1.386,1.386,850.0,naive
2020-05-25,PUNO,0.08152710042345088,0.14853821444391485,0.6034898356795104,0.16305420084690264,1.385829647298202,0.067,0.067,82.2,0.522,0.522,640.3,0.082,0.082,100.6,1.304,1.304,1599.5,arima
2020-06-01,PUNO,0.2445813012703544,0.04838688879041659,0.18254033730388652,0.08152710042345089,1.9564653844209916,-0.196,0.196,80.1,-0.062,0.062,25.3,-0.163,0.163,66.6,1.712,1.712,700.0,holt_winters
2020-06-08,PUNO,0.32610840169380617,0.08440106132058936,0.2522611957072766,0.08152710042345089,2.1195041664560743,-0.242,0.242,74.2,-0.074,0.074,22.7,-0.245,0.245,75.1,1.793,1.793,549.8,holt_winters
2020-06-15,PUNO,0.40763550211725796,0.07467352872632067,0.2969433745034187,0.08152710042345089,3.016217467649028,-0.333,0.333,81.7,-0.111,0.111,27.2,-0.326,0.326,80.0,2.609,2.609,640.0,holt_winters
2020-06-22,PUNO,0.16305420084690264,0.06879171428519187,0.18319166840659692,0.08152710042345089,2.8531786856139463,-0.094,0.094,57.6,0.02,0.02,12.3,-0.082,0.082,50.3,2.69,2.69,1649.8,holt_winters
2020-06-29,PUNO,0.08152710042345088,0.14562007833726393,0.08983780863218807,0.16305420084690264,3.668372595789359,0.064,0.064,78.5,0.008,0.008,9.8,0.082,0.082,100.6,3.587,3.587,4399.8,holt_winters
2020-07-06,PUNO,0.0,0.0955405533682185,0.011933098893186427,0.16305420084690264,3.016217467649028,0.096,0.096,,0.012,0.012,,0.163,0.163,,3.016,3.016,,holt_winters
2020-07-13,PUNO,0.08152710042345088,0.12821365113340497,0.05546333038458187,0.16305420084690264,2.7716592945964047,0.047,0.047,57.6,-0.026,0.026,31.9,0.082,0.082,100.6,2.69,2.69,3299.5,holt_winters
2020-07-20,PUNO,0.16305420084690264,0.12498412232331074,0.17724436693665696,0.16305420084690264,2.1195041664560743,-0.038,0.038,23.3,0.014,0.014,8.6,0.0,0.0,0.0,1.956,1.956,1199.6,naive
2020-07-27,PUNO,0.16305420084690264,0.20046083150811572,0.12875498285145098,0.16305420084690264,2.1195041664560743,0.037,0.037,22.7,-0.034,0.034,20.9,0.0,0.0,0.0,1.956,1.956,1199.6,naive
2020-08-03,PUNO,0.2445813012703544,0.18950570798623556,0.12009137334048967,0.16305420084690264,2.934698076631488,-0.055,0.055,22.5,-0.124,0.124,50.7,-0.082,0.082,33.5,2.69,2.69,1099.8,arima
2020-08-10,PUNO,0.16305420084690264,0.1841726770391282,0.0,0.16305420084690264,3.2607756407016524,0.021,0.021,12.9,-0.163,0.163,100.0,0.0,0.0,0.0,3.098,3.098,1900.0,naive
2020-08-17,PUNO,0.24458130127035438,0.19050174264540345,0.0,0.16305420084690264,3.179256249684112,-0.054,0.054,22.1,-0.245,0.245,100.2,-0.082,0.082,33.5,2.935,2.935,1200.0,arima
2020-08-24,PUNO,0.08152710042345088,0.18982030301563382,0.1540146816209082,0.2445813012703544,2.282542948491157,0.108,0.108,132.5,0.072,0.072,88.3,0.163,0.163,199.9,2.201,2.201,2699.7,holt_winters
2020-08-31,PUNO,0.2445813012703544,0.24225150889211913,0.03479540894399657,0.2445813012703544,1.1412714742455776,-0.002,0.002,0.8,-0.21,0.21,85.9,0.0,0.0,0.0,0.897,0.897,366.7,naive
2020-09-07,PUNO,0.2445813012703544,0.22979765605424224,0.0,0.2445813012703544,0.8151939101754124,-0.015,0.015,6.1,-0.245,0.245,100.2,0.0,0.0,0.0,0.571,0.571,233.5,naive
2020-09-14,PUNO,0.2445813012703544,0.22062978188372268,0.0,0.2445813012703544,0.4891163461052472,-0.024,0.024,9.8,-0.245,0.245,100.2,0.0,0.0,0.0,0.245,0.245,100.2,naive
2020-09-21,PUNO,0.08152710042345086,0.17109336736098657,0.24795059792706287,0.24458130127035443,0.4891163461052472,0.09,0.09,110.4,0.166,0.166,203.6,0.163,0.163,199.9,0.408,0.408,500.4,arima
2020-09-28,PUNO,0.08152710042345086,0.14095086072461976,0.24776154161105968,0.24458130127035443,0.4891163461052472,0.059,0.059,72.4,0.166,0.166,203.6,0.163,0.163,199.9,0.408,0.408,500.4,arima
2020-10-05,PUNO,0.08152710042345086,0.1796531867718783,0.28659982046213517,0.24458130127035443,0.8151939101754124,0.098,0.098,120.2,0.205,0.205,251.5,0.163,0.163,199.9,0.734,0.734,900.3,arima
2020-10-12,PUNO,0.1630542008469026,0.1673144731811154,0.29737433151814097,0.24458130127035443,0.896713301192954,0.004,0.004,2.5,0.134,0.134,82.2,0.082,0.082,50.3,0.734,0.734,450.2,arima
2020-10-19,PUNO,0.1630542008469026,0.1435237009043188,0.2951375586811074,0.1630542008469026,0.9782326922104951,-0.02,0.02,12.3,0.132,0.132,81.0,0.0,0.0,0.0,0.815,0.815,499.8,naive
2020-10-26,PUNO,0.2445813012703553,0.17506547274925138,0.33343701614027293,0.1630542008469026,0.9782326922104951,-0.07,0.07,28.6,0.089,0.089,36.4,-0.082,0.082,33.5,0.734,0.734,300.1,arima
2020-11-02,PUNO,0.1630542008469026,0.16409826435737035,0.26911278196204214,0.1630542008469026,0.9782326922104951,0.001,0.001,0.6,0.106,0.106,65.0,0.0,0.0,0.0,0.815,0.815,499.8,naive
2020-11-09,PUNO,0.08152710042345086,0.16036416935466238,0.23165377389563663,0.1630542008469026,0.9782326922104951,0.079,0.079,96.9,0.15,0.15,184.0,0.082,0.082,100.6,0.897,0.897,1100.2,arima
2020-11-16,PUNO,0.08152710042345086,0.026717131226100498,0.0,0.08152710042345088,0.5706357371227884,-0.055,0.055,67.5,-0.082,0.082,100.6,0.0,0.0,0.0,0.489,0.489,599.8,naive
2020-11-23,PUNO,0.08152710042345086,0.03325854003704154,0.022018842156430223,0.08152710042345088,0.9782326922104954,-0.048,0.048,58.9,-0.06,0.06,73.6,0.0,0.0,0.0,0.897,0.897,1100.2,naive
2020-11-30,PUNO,0.08152710042345086,0.046305508951221735,0.0,0.08152710042345088,1.059752083228037,-0.035,0.035,42.9,-0.082,0.082,100.6,0.0,0.0,0.0,0.978,0.978,1199.6,naive
2020-12-07,PUNO,0.0,0.0371972337209255,0.026320034626932994,0.08152710042345088,1.3043102562806608,0.037,0.037,,0.026,0.026,,0.082,0.082,,1.304,1.304,,holt_winters
2020-12-14,PUNO,0.0,0.0,0.059190715505084396,0.0,1.385829647298202,0.0,0.0,,0.059,0.059,,0.0,0.0,,1.386,1.386,,arima
2020-12-21,PUNO,0.0,0.0,0.0033486348731249366,0.0,1.1412714742455776,0.0,0.0,,0.003,0.003,,0.0,0.0,,1.141,1.141,,arima
2020-12-28,PUNO,0.0,0.0,0.13606623274967963,0.0,1.3043102562806608,0.0,0.0,,0.136,0.136,,0.0,0.0,,1.304,1.304,,arima
2021-01-04,PUNO,0.0,0.0,0.1925300998315316,0.0,1.793534534068654,0.0,0.0,,0.193,0.193,,0.0,0.0,,1.794,1.794,,arima
2021-01-11,PUNO,0.08153487776698709,0.003722925055095704,0.04561330539301632,0.0,2.0381312541508305,-0.078,0.078,95.7,-0.036,0.036,44.2,-0.082,0.082,100.6,1.957,1.957,2400.2,holt_winters
2021-01-18,PUNO,0.08153487776698709,0.011870835166287353,0.0,0.0,1.630542008469034,-0.07,0.07,85.9,-0.082,0.082,100.6,-0.082,0.082,100.6,1.549,1.549,1899.8,arima
2021-01-25,PUNO,0.08153487776698709,0.00661792769251128,0.0,0.0,0.48916260254070976,-0.075,0.075,92.0,-0.082,0.082,100.6,-0.082,0.082,100.6,0.408,0.408,500.4,arima
2021-02-01,PUNO,0.0,0.0066427940247055905,0.0,0.0,0.16305420084690264,0.007,0.007,,0.0,0.0,,0.0,0.0,,0.163,0.163,,holt_winters
2021-02-08,PUNO,0.08153487776698709,0.0,0.0,0.0,0.16305420084690264,-0.082,0.082,100.6,-0.082,0.082,100.6,-0.082,0.082,100.6,0.082,0.082,100.6,arima
2021-02-15,PUNO,0.1630697555339751,0.0,0.0,0.0,0.3261084016938061,-0.163,0.163,100.0,-0.163,0.163,100.0,-0.163,0.163,100.0,0.163,0.163,100.0,arima
2021-02-22,PUNO,0.1630697555339751,0.0,0.0,0.0,0.407635502117258,-0.163,0.163,100.0,-0.163,0.163,100.0,-0.163,0.163,100.0,0.245,0.245,150.2,arima
2021-03-01,PUNO,0.1630697555339751,0.0,0.0,0.0,0.5706897029641613,-0.163,0.163,100.0,-0.163,0.163,100.0,-0.163,0.163,100.0,0.408,0.408,250.2,arima
2021-03-08,PUNO,0.08153487776698709,0.13405384235897203,0.17977064964074968,0.1630697555339751,0.6522168033876132,0.053,0.053,65.0,0.098,0.098,120.2,0.082,0.082,100.6,0.571,0.571,700.3,arima
2021-03-15,PUNO,0.08153487776698709,0.17783213324438607,0.24303770495315202,0.1630697555339751,0.6522168033876132,0.096,0.096,117.7,0.162,0.162,198.7,0.082,0.082,100.6,0.571,0.571,700.3,naive
2021-03-22,PUNO,0.08153487776698709,0.16492742744034516,0.21935201717337907,0.1630697555339751,0.407635502117258,0.083,0.083,101.8,0.138,0.138,169.3,0.082,0.082,100.6,0.326,0.326,399.8,naive
2021-03-29,PUNO,0.1630697555339751,0.1573332923275583,0.1603776707460034,0.1630697555339751,0.16305420084690264,-0.006,0.006,3.7,-0.003,0.003,1.8,0.0,0.0,0.0,-0.0,0.0,0.0,naive
2021-04-05,PUNO,0.1630697555339751,0.21985601501265392,0.26619880559525316,0.1630697555339751,0.0,0.057,0.057,35.0,0.103,0.103,63.2,0.0,0.0,0.0,-0.163,0.163,100.0,naive
2021-04-12,PUNO,0.1630697555339751,0.22834476132441175,0.3636051672051648,0.1630697555339751,0.0,0.065,0.065,39.9,0.201,0.201,123.3,0.0,0.0,0.0,-0.163,0.163,100.0,naive
2021-04-19,PUNO,0.24460463330096308,0.20660496822148097,0.4800228330509903,0.1630697555339751,0.08152710042345089,-0.038,0.038,15.5,0.235,0.235,96.1,-0.082,0.082,33.5,-0.163,0.163,66.6,arima
2021-04-26,PUNO,0.40767438883493906,0.21490888389642573,0.4934088242302215,0.1630697555339751,0.16305420084690264,-0.193,0.193,47.3,0.086,0.086,21.1,-0.245,0.245,60.1,-0.245,0.245,60.1,holt_winters
2021-05-03,PUNO,0.3261395110679511,0.5005515973488772,0.4849158144349586,0.4076743888349391,0.2445813012703553,0.174,0.174,53.4,0.159,0.159,48.8,0.082,0.082,25.1,-0.082,0.082,25.1,naive
2021-05-10,PUNO,0.24460463330096308,0.47577622157394744,0.6027179213964287,0.4076743888349391,0.2445813012703553,0.231,0.231,94.4,0.358,0.358,146.4,0.163,0.163,66.6,-0.0,0.0,0.0,seasonal_naive
2021-05-17,PUNO,0.1630697555339751,0.4579429474962572,0.7757526800151489,0.4076743888349391,0.16305420084690264,0.295,0.295,180.9,0.613,0.613,375.9,0.245,0.245,150.2,-0.0,0.0,0.0,seasonal_naive
2021-05-24,PUNO,0.1630697555339751,0.4740816278818662,0.7980092541650443,0.4076743888349391,0.08152710042345089,0.311,0.311,190.7,0.635,0.635,389.4,0.245,0.245,150.2,-0.082,0.082,50.3,seasonal_naive
2021-05-31,PUNO,0.1630697555339751,0.13559473233459912,0.4007989302181415,0.1630697555339751,0.24458130127035443,-0.027,0.027,16.6,0.238,0.238,145.9,0.0,0.0,0.0,0.082,0.082,50.3,naive
2021-06-07,PUNO,0.24460463330096308,0.10301177763080555,0.45525258665254786,0.1630697555339751,0.3261084016938061,-0.142,0.142,58.1,0.211,0.211,86.3,-0.082,0.082,33.5,0.082,0.082,33.5,naive
2021-06-14,PUNO,0.5707441443689151,0.12788151247951562,0.5175555033097015,0.1630697555339751,0.407635502117258,-0.443,0.443,77.6,-0.053,0.053,9.3,-0.408,0.408,71.5,-0.163,0.163,28.6,holt_winters
2021-06-21,PUNO,0.896883655436867,0.12636642339746826,0.4176463631527188,0.1630697555339751,0.16305420084690264,-0.771,0.771,86.0,-0.479,0.479,53.4,-0.734,0.734,81.8,-0.734,0.734,81.8,holt_winters
2021-06-28,PUNO,0.733813899902891,1.0312638153986682,0.7785977541350426,0.8968836554368671,0.08152710042345089,0.297,0.297,40.5,0.045,0.045,6.1,0.163,0.163,22.2,-0.652,0.652,88.9,holt_winters
2021-07-05,PUNO,0.6522790221359029,1.021367350032635,0.6750428849443608,0.8968836554368671,0.0,0.369,0.369,56.6,0.023,0.023,3.5,0.245,0.245,37.6,-0.652,0.652,100.0,holt_winters
2021-07-12,PUNO,0.326139511067951,0.9811571330648119,0.7692783855063849,0.8968836554368671,0.08152710042345089,0.655,0.655,200.8,0.443,0.443,135.8,0.571,0.571,175.1,-0.245,0.245,75.1,seasonal_naive
2021-07-19,PUNO,0.407674388834939,1.003218648866806,0.9516639289478224,0.8968836554368671,0.16305420084690264,0.596,0.596,146.2,0.544,0.544,133.4,0.489,0.489,119.9,-0.245,0.245,60.1,seasonal_naive
2021-07-26,PUNO,0.16306975553397504,0.34234100784773835,0.3647424456617451,0.40767438883493906,0.16305420084690264,0.179,0.179,109.8,0.202,0.202,123.9,0.245,0.245,150.2,-0.0,0.0,0.0,seasonal_naive
2021-08-02,PUNO,0.326139511067951,0.4031915283888252,0.3824310746217386,0.40767438883493906,0.24458130127035443,0.077,0.077,23.6,0.056,0.056,17.2,0.082,0.082,25.1,-0.082,0.082,25.1,holt_winters
2021-08-09,PUNO,0.407674388834939,0.39469350573421275,0.25521898170491725,0.40767438883493906,0.16305420084690264,-0.013,0.013,3.2,-0.152,0.152,37.3,0.0,0.0,0.0,-0.245,0.245,60.1,naive
2021-08-16,PUNO,0.570744144368915,0.37900275611731316,0.254311506319899,0.40767438883493906,0.2445813012703544,-0.192,0.192,33.6,-0.316,0.316,55.4,-0.163,0.163,28.6,-0.326,0.326,57.1,naive
2021-08-23,PUNO,0.407674388834939,0.546936877278307,0.40137324409172154,0.570744144368915,0.08152710042345089,0.139,0.139,34.1,-0.006,0.006,1.5,0.163,0.163,40.0,-0.326,0.326,80.0,holt_winters
2021-08-30,PUNO,0.24460463330096296,0.49709950897753385,0.274692527797394,0.570744144368915,0.24458130127035443,0.252,0.252,103.0,0.03,0.03,12.3,0.326,0.326,133.3,-0.0,0.0,0.0,seasonal_naive
2021-09-06,PUNO,0.407674388834939,0.5287705043194049,0.18684774772213994,0.570744144368915,0.24458130127035443,0.121,0.121,29.7,-0.221,0.221,54.2,0.163,0.163,40.0,-0.163,0.163,40.0,arima
2021-09-13,PUNO,0.489209266601927,0.5274853776685413,0.06361408343778528,0.570744144368915,0.24458130127035443,0.038,0.038,7.8,-0.426,0.426,87.1,0.082,0.082,16.8,-0.245,0.245,50.1,arima
2021-09-20,PUNO,0.489209266601927,0.6006425209941377,0.5057636376638763,0.489209266601927,0.08152710042345088,0.111,0.111,22.7,0.017,0.017,3.5,0.0,0.0,0.0,-0.408,0.408,83.4,naive
2021-09-27,PUNO,0.24460463330096296,0.503998382989661,0.4575490921248819,0.489209266601927,0.08152710042345088,0.259,0.259,105.9,0.213,0.213,87.1,0.245,0.245,100.2,-0.163,0.163,66.6,seasonal_naive
2021-10-04,PUNO,0.081534877766987,0.5191450605367811,0.4770082705929363,0.489209266601927,0.08152710042345088,0.438,0.438,537.2,0.395,0.395,484.5,0.408,0.408,500.4,-0.0,0.0,0.0,seasonal_naive
2021-10-11,PUNO,0.16306975553397499,0.5399474018971393,0.55364248063103,0.489209266601927,0.1630542008469026,0.377,0.377,231.2,0.391,0.391,239.8,0.326,0.326,199.9,-0.0,0.0,0.0,seasonal_naive
2021-10-18,PUNO,0.16306975553397499,0.1852633040676525,0.23345787609683086,0.16306975553397496,0.1630542008469026,0.022,0.022,13.5,0.07,0.07,42.9,-0.0,0.0,0.0,-0.0,0.0,0.0,naive
2021-10-25,PUNO,0.32613951106795097,0.26170201759342987,0.3102934088164618,0.16306975553397496,0.2445813012703553,-0.064,0.064,19.6,-0.016,0.016,4.9,-0.163,0.163,50.0,-0.082,0.082,25.1,holt_winters
2021-11-01,PUNO,0.32613951106795097,0.21465642049963973,0.2573069370309739,0.16306975553397496,0.1630542008469026,-0.111,0.111,34.0,-0.069,0.069,21.2,-0.163,0.163,50.0,-0.163,0.163,50.0,holt_winters
2021-11-08,PUNO,0.489209266601927,0.21517453525840696,0.2096607391218944,0.16306975553397496,0.08152710042345088,-0.274,0.274,56.0,-0.28,0.28,57.2,-0.326,0.326,66.6,-0.408,0.408,83.4,arima
2021-11-15,PUNO,0.570744144368915,0.5181389889294095,0.3781588763205674,0.489209266601927,0.08152710042345088,-0.053,0.053,9.3,-0.193,0.193,33.8,-0.082,0.082,14.4,-0.489,0.489,85.7,arima
2021-11-22,PUNO,0.6522790221359029,0.54830491333835,0.4303453346855106,0.489209266601927,0.08152710042345088,-0.104,0.104,15.9,-0.222,0.222,34.0,-0.163,0.163,25.0,-0.571,0.571,87.5,arima
2021-11-29,PUNO,0.407674388834939,0.5235312407285777,0.40627027455785336,0.489209266601927,0.08152710042345088,0.116,0.116,28.5,-0.001,0.001,0.2,0.082,0.082,20.1,-0.326,0.326,80.0,holt_winters
2021-12-06,PUNO,0.32613951106795097,0.5275555601631434,0.41375631398366125,0.489209266601927,0.0,0.201,0.201,61.6,0.088,0.088,27.0,0.163,0.163,50.0,-0.326,0.326,100.0,holt_winters
2021-12-13,PUNO,0.489209266601927,0.2369175396810594,0.36156764368407485,0.32613951106795097,0.0,-0.252,0.252,51.5,-0.128,0.128,26.2,-0.163,0.163,33.3,-0.489,0.489,100.0,holt_winters
2021-12-20,PUNO,0.6522790221359029,0.3077601976830997,0.2924133791126454,0.32613951106795097,0.0,-0.345,0.345,52.9,-0.36,0.36,55.2,-0.326,0.326,50.0,-0.652,0.652,100.0,naive
2021-12-27,PUNO,0.5707441443689151,0.2971871943132933,0.38106818555708727,0.32613951106795097,0.0,-0.274,0.274,48.0,-0.19,0.19,33.3,-0.245,0.245,42.9,-0.571,0.571,100.0,holt_winters
2022-01-03,PUNO,0.3261472234034865,0.28095305649915653,0.4254093199184786,0.32613951106795097,0.0,-0.045,0.045,13.8,0.099,0.099,30.4,-0.0,0.0,0.0,-0.326,0.326,100.0,naive
2022-01-10,PUNO,0.407705238177081,0.2751977079041722,0.38129534032873585,0.3261472234034865,0.0815348777669871,-0.133,0.133,32.6,-0.026,0.026,6.4,-0.082,0.082,20.1,-0.326,0.326,80.0,holt_winters
2022-01-17,PUNO,0.8154259010252339,0.31372832043887094,0.2585288100723326,0.3261472234034865,0.0815348777669871,-0.502,0.502,61.6,-0.557,0.557,68.3,-0.489,0.489,60.0,-0.734,0.734,90.0,naive
2022-01-24,PUNO,1.304681441640375,0.30936813663107404,0.1624632018401777,0.3261472234034865,0.0815348777669871,-0.995,0.995,76.3,-1.142,1.142,87.5,-0.979,0.979,75.0,-1.223,1.223,93.7,naive
2022-01-31,PUNO,1.4677666218454217,0.29948669352579826,0.06378988446923532,0.3261472234034865,0.0,-1.168,1.168,79.6,-1.404,1.404,95.7,-1.142,1.142,77.8,-1.468,1.468,100.0,naive
2022-02-07,PUNO,0.978511081230281,1.462938658897213,1.4896462430373796,1.467766621845422,0.0815348777669871,0.484,0.484,49.5,0.511,0.511,52.2,0.489,0.489,50.0,-0.897,0.897,91.7,arima
2022-02-14,PUNO,0.7338833109227106,1.3782792600106704,1.3816408076105122,1.467766621845422,0.1630697555339751,0.644,0.644,87.8,0.648,0.648,88.3,0.734,0.734,100.0,-0.571,0.571,77.8,seasonal_naive
2022-02-21,PUNO,0.5707981307176636,1.419424099051135,1.1870851466385095,1.467766621845422,0.1630697555339751,0.849,0.849,148.7,0.616,0.616,107.9,0.897,0.897,157.1,-0.408,0.408,71.5,seasonal_naive
2022-02-28,PUNO,0.8969684911277577,1.4254044735076352,1.2589178931737082,1.467766621845422,0.1630697555339751,0.528,0.528,58.9,0.362,0.362,40.4,0.571,0.571,63.7,-0.734,0.734,81.8,holt_winters
2022-03-07,PUNO,0.652340720820187,0.9669498595029178,0.7692928664841048,0.8969684911277576,0.0815348777669871,0.315,0.315,48.3,0.117,0.117,17.9,0.245,0.245,37.6,-0.571,0.571,87.5,holt_winters
2022-03-14,PUNO,0.7338833109227106,1.0492450512476315,0.8361349055553551,0.8969684911277576,0.0815348777669871,0.315,0.315,42.9,0.102,0.102,13.9,0.163,0.163,22.2,-0.652,0.652,88.8,holt_winters
2022-03-21,PUNO,0.6523407208201871,0.9884032525973288,0.7758504899135974,0.8969684911277576,0.0815348777669871,0.336,0.336,51.5,0.124,0.124,19.0,0.245,0.245,37.6,-0.571,0.571,87.5,holt_winters
2022-03-28,PUNO,0.5707981307176636,0.9909465132213493,0.784827832452629,0.8969684911277576,0.1630697555339751,0.42,0.42,73.6,0.214,0.214,37.5,0.326,0.326,57.1,-0.408,0.408,71.5,holt_winters
2022-04-04,PUNO,0.7338833109227104,0.4708023348531195,0.5832352941894847,0.5707981307176637,0.1630697555339751,-0.263,0.263,35.8,-0.151,0.151,20.6,-0.163,0.163,22.2,-0.571,0.571,77.8,holt_winters
2022-04-11,PUNO,0.48925554061514,0.34846761716870506,0.7252834446491574,0.5707981307176637,0.1630697555339751,-0.141,0.141,28.8,0.236,0.236,48.2,0.082,0.082,16.8,-0.326,0.326,66.6,naive
2022-04-18,PUNO,0.652340720820187,0.43540848937522597,0.8355650617631172,0.5707981307176637,0.24460463330096313,-0.217,0.217,33.3,0.183,0.183,28.1,-0.082,0.082,12.6,-0.408,0.408,62.5,naive
2022-04-25,PUNO,0.24462777030756955,0.4301616460834458,0.8952108836182848,0.5707981307176637,0.4076743888349391,0.186,0.186,76.0,0.651,0.651,266.1,0.326,0.326,133.3,0.163,0.163,66.6,seasonal_naive
2022-05-02,PUNO,0.48925554061514004,0.2092636066240767,0.24749039719653676,0.24462777030756958,0.3261395110679511,-0.28,0.28,57.2,-0.242,0.242,49.5,-0.245,0.245,50.1,-0.163,0.163,33.3,seasonal_naive
2022-05-09,PUNO,0.978511081230281,0.13085242651165596,0.25656937256764467,0.24462777030756958,0.24460463330096313,-0.848,0.848,86.7,-0.722,0.722,73.8,-0.734,0.734,75.0,-0.734,0.734,75.0,holt_winters
2022-05-16,PUNO,1.3862240317428984,0.179323193438609,0.3732993087822988,0.24462777030756958,0.1630697555339751,-1.207,1.207,87.1,-1.013,1.013,73.1,-1.142,1.142,82.4,-1.223,1.223,88.2,holt_winters
2022-05-23,PUNO,1.9570221624605633,0.17742880567739883,0.3893320317125089,0.24462777030756958,0.1630697555339751,-1.78,1.78,91.0,-1.568,1.568,80.1,-1.712,1.712,87.5,-1.794,1.794,91.7,holt_winters
2022-05-30,PUNO,1.5493092119479455,1.8468777195871704,2.4173317253764917,1.9570221624605635,0.1630697555339751,0.298,0.298,19.2,0.868,0.868,56.0,0.408,0.408,26.3,-1.386,1.386,89.5,arima
2022-06-06,PUNO,1.5493092119479455,2.2292811886221218,2.70653534867658,1.9570221624605635,0.24460463330096313,0.68,0.68,43.9,1.157,1.157,74.7,0.408,0.408,26.3,-1.305,1.305,84.2,naive
2022-06-13,PUNO,2.0385647525630866,2.067522992691969,3.2074704755152403,1.9570221624605635,0.570744144368915,0.029,0.029,1.4,1.169,1.169,57.3,-0.082,0.082,4.0,-1.468,1.468,72.0,arima
2022-06-20,PUNO,2.2016499327681336,2.028289640535713,3.1190360964262602,1.9570221624605635,0.8968836554368671,-0.173,0.173,7.9,0.917,0.917,41.7,-0.245,0.245,11.1,-1.305,1.305,59.3,arima
2022-06-27,PUNO,2.12010734266561,2.7103307983884575,2.0897746874166954,2.2016499327681336,0.7338138999028911,0.59,0.59,27.8,-0.03,0.03,1.4,0.082,0.082,3.9,-1.386,1.386,65.4,holt_winters
2022-07-04,PUNO,1.2231388515378525,2.2419598499355473,1.922065490072276,2.2016499327681336,0.6522790221359029,1.019,1.019,83.3,0.699,0.699,57.1,0.979,0.979,80.0,-0.571,0.571,46.7,seasonal_naive
2022-07-11,PUNO,1.3046814416403751,2.311292523356526,1.885675567413493,2.2016499327681336,0.326139511067951,1.007,1.007,77.2,0.581,0.581,44.5,0.897,0.897,68.8,-0.979,0.979,75.0,holt_winters
2022-07-18,PUNO,1.5493092119479455,2.4267205029491663,2.193385038051845,2.2016499327681336,0.40767438883493906,0.877,0.877,56.6,0.644,0.644,41.6,0.652,0.652,42.1,-1.142,1.142,73.7,holt_winters
2022-07-25,PUNO,1.6308518020504692,1.712612790709405,1.4618456225617091,1.5493092119479455,0.163069755533975,0.082,0.082,5.0,-0.169,0.169,10.4,-0.082,0.082,5.0,-1.468,1.468,90.0,arima
2022-08-01,PUNO,1.6308518020504688,1.5353151592551417,1.6539055621144536,1.5493092119479455,0.326139511067951,-0.096,0.096,5.9,0.023,0.023,1.4,-0.082,0.082,5.0,-1.305,1.305,80.0,holt_winters
2022-08-08,PUNO,1.304681441640375,1.5607926887167833,1.433905368871462,1.5493092119479455,0.40767438883493906,0.256,0.256,19.6,0.129,0.129,9.9,0.245,0.245,18.8,-0.897,0.897,68.8,holt_winters
2022-08-15,PUNO,0.8969684911277575,1.6146996564207838,1.5414898041441156,1.5493092119479455,0.570744144368915,0.718,0.718,80.0,0.645,0.645,71.9,0.652,0.652,72.7,-0.326,0.326,36.3,seasonal_naive
2022-08-22,PUNO,0.7338833109227106,0.6304920214168974,0.6227184114914608,0.8969684911277576,0.40767438883493906,-0.103,0.103,14.0,-0.111,0.111,15.1,0.163,0.163,22.2,-0.326,0.326,44.4,arima
2022-08-29,PUNO,1.2231388515378514,0.5944192917464213,0.4449217120016759,0.8969684911277576,0.24460463330096302,-0.629,0.629,51.4,-0.778,0.778,63.6,-0.326,0.326,26.7,-0.979,0.979,80.0,naive
2022-09-05,PUNO,1.4677666218454217,0.7006351803079267,0.3459817546989509,0.8969684911277576,0.40767438883493906,-0.767,0.767,52.3,-1.122,1.122,76.4,-0.571,0.571,38.9,-1.06,1.06,72.2,naive
2022-09-12,PUNO,1.304681441640375,0.6566424350227598,0.27956652465606424,0.8969684911277576,0.489209266601927,-0.648,0.648,49.7,-1.025,1.025,78.6,-0.408,0.408,31.3,-0.815,0.815,62.5,naive
2022-09-19,PUNO,1.141596261435328,1.0092387544298114,1.2557953749601865,1.304681441640375,0.489209266601927,-0.132,0.132,11.6,0.114,0.114,10.0,0.163,0.163,14.3,-0.652,0.652,57.1,holt_winters
2022-09-26,PUNO,1.141596261435328,1.0868967530406604,1.1051863902138552,1.304681441640375,0.24460463330096302,-0.055,0.055,4.8,-0.036,0.036,3.2,0.163,0.163,14.3,-0.897,0.897,78.6,holt_winters
2022-10-03,PUNO,1.3862240317428984,1.1603373013752813,0.9835507932123162,1.304681441640375,0.08153487776698702,-0.226,0.226,16.3,-0.403,0.403,29.1,-0.082,0.082,5.9,-1.305,1.305,94.1,naive
2022-10-10,PUNO,1.304681441640375,1.0907889373703514,1.0403480873858801,1.304681441640375,0.16306975553397496,-0.214,0.214,16.4,-0.264,0.264,20.2,0.0,0.0,0.0,-1.142,1.142,87.5,naive
2022-10-17,PUNO,1.6308518020504688,1.4102829678608395,1.3514704688159478,1.304681441640375,0.16306975553397496,-0.221,0.221,13.6,-0.279,0.279,17.1,-0.326,0.326,20.0,-1.468,1.468,90.0,arima
2022-10-24,PUNO,1.7123943921529925,1.3903123748160087,1.5229207922080437,1.304681441640375,0.32613951106795097,-0.322,0.322,18.8,-0.189,0.189,11.0,-0.408,0.408,23.8,-1.386,1.386,80.9,holt_winters
2022-10-31,PUNO,1.8754795723580395,1.3628481709371774,1.4380169044780553,1.304681441640375,0.32613951106795097,-0.513,0.513,27.4,-0.437,0.437,23.3,-0.571,0.571,30.4,-1.549,1.549,82.6,holt_winters
2022-11-07,PUNO,1.7123943921529925,1.385536232453735,1.4974972314033077,1.304681441640375,0.489209266601927,-0.327,0.327,19.1,-0.215,0.215,12.6,-0.408,0.408,23.8,-1.223,1.223,71.4,holt_winters
2022-11-14,PUNO,2.0385647525630866,1.697944762806113,1.5055662976380892,1.7123943921529925,0.570744144368915,-0.341,0.341,16.7,-0.533,0.533,26.1,-0.326,0.326,16.0,-1.468,1.468,72.0,naive
2022-11-21,PUNO,1.8754795723580395,1.6246874956141353,1.6047109260145196,1.7123943921529925,0.6522790221359029,-0.251,0.251,13.4,-0.271,0.271,14.4,-0.163,0.163,8.7,-1.223,1.223,65.2,naive
2022-11-28,PUNO,1.8754795723580393,1.67002425093176,1.4906322796688367,1.7123943921529925,0.40767438883493906,-0.205,0.205,10.9,-0.385,0.385,20.5,-0.163,0.163,8.7,-1.468,1.468,78.3,naive
2022-12-05,PUNO,1.6308518020504692,1.671167115307219,1.4829438790888685,1.7123943921529925,0.32613951106795097,0.04,0.04,2.5,-0.148,0.148,9.1,0.082,0.082,5.0,-1.305,1.305,80.0,arima
