date,actual,predicted,model,region
2010-12-27,2.43777577338437,2.6815533507228064,naive,APURIMAC
2011-01-03,1.9502206187074975,2.6815533507228064,naive,APURIMAC
2011-01-10,1.4567309489849294,2.6815533507228064,naive,APURIMAC
2011-01-17,1.698134720305088,2.6815533507228064,naive,APURIMAC
2011-01-24,1.698134720305088,1.698134720305088,naive,APURIMAC
2011-01-31,0.4851813486586008,1.698134720305088,naive,APURIMAC
2011-02-07,0.7277720229878982,1.698134720305088,naive,APURIMAC
2011-02-14,2.183316068963683,1.698134720305088,naive,APURIMAC
2011-02-21,2.183316068963683,2.183316068963683,naive,APURIMAC
2011-02-28,1.4555440459757907,2.183316068963683,naive,APURIMAC
2011-03-07,0.4851813486586008,2.183316068963683,naive,APURIMAC
2011-03-14,0.9703626973171957,2.183316068963683,naive,APURIMAC
2011-03-21,1.212953371646493,0.9703626973171957,naive,APURIMAC
2011-03-28,0.9703626973171957,0.9703626973171957,naive,APURIMAC
2011-04-04,0.9703626973171957,0.9703626973171957,naive,APURIMAC
2011-04-11,1.698134720305088,0.9703626973171957,naive,APURIMAC
2011-04-18,2.911088091951575,1.698134720305088,naive,APURIMAC
2011-04-25,3.6388601149394675,1.698134720305088,naive,APURIMAC
2011-05-02,4.851813486585955,1.698134720305088,naive,APURIMAC
2011-05-09,4.851813486585955,1.698134720305088,naive,APURIMAC
2011-05-16,4.609222812256657,4.851813486585955,naive,APURIMAC
2011-05-23,4.609222812256657,4.851813486585955,naive,APURIMAC
2011-05-30,5.33699483524455,4.851813486585955,naive,APURIMAC
2011-06-06,6.064766858232442,4.851813486585955,naive,APURIMAC
2011-06-13,6.549948206891037,6.064766858232442,naive,APURIMAC
2011-06-20,7.035129555549632,6.064766858232442,naive,APURIMAC
2011-06-27,7.035129555549632,6.064766858232442,naive,APURIMAC
2011-07-04,5.579585509573847,6.064766858232442,naive,APURIMAC
2011-07-11,4.124041463598062,5.579585509573846,naive,APURIMAC
2011-07-18,3.3962694406101703,5.579585509573846,naive,APURIMAC
2011-07-25,3.6388601149394675,5.579585509573846,naive,APURIMAC
2011-08-01,3.6388601149394675,5.579585509573846,naive,APURIMAC
2011-08-08,3.1536787662808727,3.638860114939467,naive,APURIMAC
2011-08-15,2.183316068963683,3.638860114939467,naive,APURIMAC
2011-08-22,1.9407253946343854,3.638860114939467,naive,APURIMAC
2011-08-29,1.9407253946343854,3.638860114939467,naive,APURIMAC
2011-09-05,1.9407253946343854,1.9407253946343856,naive,APURIMAC
2011-09-12,1.9407253946343854,1.9407253946343856,naive,APURIMAC
2011-09-19,1.9407253946343854,1.9407253946343856,naive,APURIMAC
2011-09-26,2.4259067432929804,1.9407253946343856,naive,APURIMAC
2011-10-03,1.4555440459757907,2.4259067432929804,naive,APURIMAC
2011-10-10,1.212953371646493,2.4259067432929804,naive,APURIMAC
2011-10-17,0.24259067432930337,2.4259067432929804,naive,APURIMAC
2011-10-24,0.7277720229878982,2.4259067432929804,naive,APURIMAC
2011-10-31,0.4851813486586008,0.7277720229878983,naive,APURIMAC
2011-11-07,1.212953371646493,0.7277720229878983,naive,APURIMAC
2011-11-14,0.7277720229878982,0.7277720229878983,naive,APURIMAC
2011-11-21,1.4555440459757907,0.7277720229878983,naive,APURIMAC
2011-11-28,0.9703626973171957,1.4555440459757905,naive,APURIMAC
2011-12-05,0.9703626973171957,1.4555440459757905,naive,APURIMAC
2011-12-12,0.4851813486586008,1.4555440459757905,naive,APURIMAC
2011-12-19,0.24259067432930337,1.4555440459757905,naive,APURIMAC
2011-12-26,0.4851813486586008,0.2425906743293034,naive,APURIMAC
2012-01-02,0.4840059472251279,0.2425906743293034,naive,APURIMAC
2012-01-09,0.7254212201209524,0.2425906743293034,naive,APURIMAC
2012-01-16,0.7242458186874735,0.2425906743293034,naive,APURIMAC
2012-01-23,0.7242458186874735,0.7242458186874736,naive,APURIMAC
2012-01-30,0.4828305457916549,0.7242458186874736,naive,APURIMAC
2012-02-06,0.7242458186874794,0.7242458186874736,naive,APURIMAC
2012-02-13,0.9656610915833039,0.7242458186874736,naive,APURIMAC
2012-02-20,1.448491637374947,0.9656610915833039,naive,APURIMAC
2012-02-27,1.448491637374947,0.9656610915833039,naive,APURIMAC
2012-03-05,1.2070763644791285,0.9656610915833039,naive,APURIMAC
2012-03-12,1.2070763644791285,0.9656610915833039,naive,APURIMAC
2012-03-19,1.4484916373749528,1.2070763644791285,naive,APURIMAC
2012-03-26,1.6899069102707776,1.2070763644791285,naive,APURIMAC
2012-04-02,2.6555680018540753,1.2070763644791285,naive,APURIMAC
2012-04-09,2.8969832747499,1.2070763644791285,naive,APURIMAC
2012-04-16,3.6212290934373734,2.8969832747499,naive,APURIMAC
2012-04-23,2.8969832747499,2.8969832747499,naive,APURIMAC
2012-04-30,4.345474912124846,2.8969832747499,naive,APURIMAC
2012-05-07,4.828305457916495,2.8969832747499,naive,APURIMAC
2012-05-14,7.24245818687474,4.828305457916495,naive,APURIMAC
2012-05-21,5.552551276603968,4.828305457916495,naive,APURIMAC
2012-05-28,4.345474912124847,4.828305457916495,naive,APURIMAC
2012-06-04,5.311136003708145,4.828305457916495,naive,APURIMAC
2012-06-11,5.793966549499795,5.311136003708145,naive,APURIMAC
2012-06-18,7.2424581868747415,5.311136003708145,naive,APURIMAC
2012-06-25,3.8626443663331984,5.311136003708145,naive,APURIMAC
2012-07-02,2.8969832747499003,5.311136003708145,naive,APURIMAC
2012-07-09,1.2070763644791291,2.8969832747499007,naive,APURIMAC
2012-07-16,1.9313221831666025,2.8969832747499007,naive,APURIMAC
2012-07-23,1.6899069102707782,2.8969832747499007,naive,APURIMAC
2012-07-30,1.9313221831666025,2.8969832747499007,naive,APURIMAC
2012-08-06,0.9656610915833045,1.9313221831666025,naive,APURIMAC
2012-08-13,2.4141527289582516,1.9313221831666025,naive,APURIMAC
2012-08-20,2.8969832747499003,1.9313221831666025,naive,APURIMAC
2012-08-27,2.4141527289582516,1.9313221831666025,naive,APURIMAC
2012-09-03,1.4484916373749537,2.4141527289582516,naive,APURIMAC
2012-09-10,0.9656610915833048,2.4141527289582516,naive,APURIMAC
2012-09-17,0.9656610915833048,2.4141527289582516,naive,APURIMAC
2012-09-24,0.7242458186874803,2.4141527289582516,naive,APURIMAC
2012-10-01,0.2414152728958313,0.7242458186874803,naive,APURIMAC
2012-10-08,0.2414152728958313,0.7242458186874803,naive,APURIMAC
2012-10-15,1.6899069102707782,0.7242458186874803,naive,APURIMAC
2012-10-22,2.655568001854076,0.7242458186874803,naive,APURIMAC
2012-10-29,2.8969832747499003,2.655568001854076,naive,APURIMAC
2012-11-05,1.4484916373749537,2.655568001854076,naive,APURIMAC
2012-11-12,0.4828305457916558,2.655568001854076,naive,APURIMAC
2012-11-19,2.8969832747499003,2.655568001854076,naive,APURIMAC
2012-11-26,2.655568001854076,2.8969832747499007,naive,APURIMAC
2012-12-03,3.6212290934373743,2.8969832747499007,naive,APURIMAC
2012-12-10,1.2070763644791294,2.8969832747499007,naive,APURIMAC
2012-12-17,1.6899069102707784,2.8969832747499007,naive,APURIMAC
2012-12-24,1.4484916373749537,1.6899069102707784,naive,APURIMAC
2012-12-31,1.9313221831666028,1.6899069102707784,naive,APURIMAC
2013-01-07,2.409496464021696,1.6899069102707784,naive,APURIMAC
2013-01-14,2.4060042653192784,1.6899069102707784,naive,APURIMAC
2013-01-21,1.681758446631805,2.4060042653192784,naive,APURIMAC
2013-01-28,0.7207536199850632,2.4060042653192784,naive,APURIMAC
2013-02-04,0.0,2.4060042653192784,naive,APURIMAC
2013-02-11,0.0,2.4060042653192784,naive,APURIMAC
2013-02-18,0.24025120666169228,0.0,naive,APURIMAC
2013-02-25,0.24025120666169228,0.0,naive,APURIMAC
2013-03-04,0.24025120666169228,0.0,naive,APURIMAC
2013-03-11,0.48050241332337773,0.0,naive,APURIMAC
2013-03-18,0.7207536199850632,0.4805024133233778,naive,APURIMAC
2013-03-25,0.9610048266467487,0.4805024133233778,naive,APURIMAC
2013-04-01,0.7207536199850564,0.4805024133233778,naive,APURIMAC
2013-04-08,1.4415072399701196,0.4805024133233778,naive,APURIMAC
2013-04-15,2.8830144799402326,1.4415072399701199,naive,APURIMAC
2013-04-22,3.8440193065869743,1.4415072399701199,naive,APURIMAC
2013-04-29,3.363516893263603,1.4415072399701199,naive,APURIMAC
2013-05-06,2.4025120666168616,1.4415072399701199,naive,APURIMAC
2013-05-13,2.162260859955176,2.402512066616861,naive,APURIMAC
2013-05-20,5.285526546557087,2.402512066616861,naive,APURIMAC
2013-05-27,6.7270337865272,2.402512066616861,naive,APURIMAC
2013-06-03,6.967284993188886,2.402512066616861,naive,APURIMAC
2013-06-10,4.324521719910345,6.967284993188885,naive,APURIMAC
2013-06-17,4.56477292657203,6.967284993188885,naive,APURIMAC
2013-06-24,6.006280166542143,6.967284993188885,naive,APURIMAC
2013-07-01,5.525777753218772,6.967284993188885,naive,APURIMAC
2013-07-08,3.8440193065869743,5.525777753218772,naive,APURIMAC
2013-07-15,3.6037680999252886,5.525777753218772,naive,APURIMAC
2013-07-22,3.8440193065869743,5.525777753218772,naive,APURIMAC
2013-07-29,4.0842705132486605,5.525777753218772,naive,APURIMAC
2013-08-05,2.6427632732785473,4.0842705132486605,naive,APURIMAC
2013-08-12,2.1622608599551763,4.0842705132486605,naive,APURIMAC
2013-08-19,1.4415072399701199,4.0842705132486605,naive,APURIMAC
2013-08-26,0.7207536199850564,4.0842705132486605,naive,APURIMAC
2013-09-02,0.9610048266467489,0.7207536199850564,naive,APURIMAC
2013-09-09,0.7207536199850635,0.7207536199850564,naive,APURIMAC
2013-09-16,0.480502413323378,0.7207536199850564,naive,APURIMAC
2013-09-23,0.24025120666169256,0.7207536199850564,naive,APURIMAC
2013-09-30,0.480502413323378,0.24025120666169256,naive,APURIMAC
2013-10-07,0.480502413323378,0.24025120666169256,naive,APURIMAC
2013-10-14,0.24025120666169256,0.24025120666169256,naive,APURIMAC
2013-10-21,0.24025120666169256,0.24025120666169256,naive,APURIMAC
2013-10-28,0.24025120666169256,0.24025120666169256,naive,APURIMAC
2013-11-04,0.480502413323378,0.24025120666169256,naive,APURIMAC
2013-11-11,0.7207536199850635,0.24025120666169256,naive,APURIMAC
2013-11-18,0.7207536199850635,0.24025120666169256,naive,APURIMAC
2013-11-25,1.4415072399701199,0.7207536199850635,naive,APURIMAC
2013-12-02,1.2012560333084343,0.7207536199850635,naive,APURIMAC
2013-12-09,1.2012560333084343,0.7207536199850635,naive,APURIMAC
2013-12-16,1.2012560333084343,0.7207536199850635,naive,APURIMAC
2013-12-23,2.1622608599551763,1.2012560333084346,naive,APURIMAC
2013-12-30,2.8830144799402326,1.2012560333084346,naive,APURIMAC
2014-01-06,2.1611079657376018,1.2012560333084346,naive,APURIMAC
2014-01-13,0.9598519324291743,1.2012560333084346,naive,APURIMAC
2014-01-20,0.4781966248882286,0.9598519324291743,naive,APURIMAC
2014-01-27,0.23909831244411786,0.9598519324291743,naive,APURIMAC
2014-02-03,0.4781966248882286,0.9598519324291743,naive,APURIMAC
2014-02-10,0.4781966248882286,0.9598519324291743,naive,APURIMAC
2014-02-17,0.4781966248882286,0.47819662488822867,naive,APURIMAC
2014-02-24,0.4781966248882286,0.47819662488822867,naive,APURIMAC
2014-03-03,0.7172949373323393,0.47819662488822867,naive,APURIMAC
2014-03-10,1.4345898746646715,0.47819662488822867,naive,APURIMAC
2014-03-17,2.3909831244411146,1.4345898746646712,naive,APURIMAC
2014-03-24,2.151884811997004,1.4345898746646712,naive,APURIMAC
2014-03-31,1.434589874664672,1.4345898746646712,naive,APURIMAC
2014-04-07,0.23909831244411786,1.4345898746646712,naive,APURIMAC
2014-04-14,0.23909831244411786,0.23909831244411786,naive,APURIMAC
2014-04-21,0.23909831244411786,0.23909831244411786,naive,APURIMAC
2014-04-28,0.23909831244411786,0.23909831244411786,naive,APURIMAC
2014-05-05,0.23909831244411786,0.23909831244411786,naive,APURIMAC
2014-05-12,1.6736881871087823,0.23909831244411786,naive,APURIMAC
2014-05-19,1.6736881871087823,0.23909831244411786,naive,APURIMAC
2014-05-26,1.6736881871087823,0.23909831244411786,naive,APURIMAC
2014-06-02,0.4781966248882286,0.23909831244411786,naive,APURIMAC
2014-06-09,0.4781966248882286,0.47819662488822867,naive,APURIMAC
2014-06-16,0.23909831244411786,0.47819662488822867,naive,APURIMAC
2014-06-23,0.7172949373323393,0.47819662488822867,naive,APURIMAC
2014-06-30,1.6736881871087823,0.47819662488822867,naive,APURIMAC
2014-07-07,2.869179749329336,1.673688187108782,naive,APURIMAC
2014-07-14,3.108278061773447,1.673688187108782,naive,APURIMAC
2014-07-21,2.6300814368852254,1.673688187108782,naive,APURIMAC
2014-07-28,1.4345898746646715,1.673688187108782,naive,APURIMAC
2014-08-04,0.7172949373323393,1.4345898746646712,naive,APURIMAC
2014-08-11,0.23909831244411786,1.4345898746646712,naive,APURIMAC
2014-08-18,0.7172949373323393,1.4345898746646712,naive,APURIMAC
2014-08-25,0.4781966248882286,1.4345898746646712,naive,APURIMAC
2014-09-01,0.4781966248882286,0.47819662488822867,naive,APURIMAC
2014-09-08,0.4781966248882286,0.47819662488822867,naive,APURIMAC
2014-09-15,0.9563932497764501,0.47819662488822867,naive,APURIMAC
2014-09-22,1.195491562220561,0.47819662488822867,naive,APURIMAC
2014-09-29,1.195491562220561,1.1954915622205609,naive,APURIMAC
2014-10-06,0.7172949373323393,1.1954915622205609,naive,APURIMAC
2014-10-13,0.4781966248882286,1.1954915622205609,naive,APURIMAC
2014-10-20,0.4781966248882286,1.1954915622205609,naive,APURIMAC
2014-10-27,0.9563932497764501,0.47819662488822867,naive,APURIMAC
2014-11-03,1.9127864995528931,0.47819662488822867,naive,APURIMAC
2014-11-10,1.9127864995528931,0.47819662488822867,naive,APURIMAC
2014-11-17,2.1518848119970038,0.47819662488822867,naive,APURIMAC
2014-11-24,2.1518848119970038,2.151884811997004,naive,APURIMAC
2014-12-01,1.912786499552893,2.151884811997004,naive,APURIMAC
2014-12-08,1.195491562220561,2.151884811997004,naive,APURIMAC
2014-12-15,1.6736881871087823,2.151884811997004,naive,APURIMAC
2014-12-22,2.1518848119970038,1.673688187108782,naive,APURIMAC
2014-12-29,2.1518848119970038,1.673688187108782,naive,APURIMAC
2015-01-05,0.7172949373323393,1.673688187108782,naive,APURIMAC
2015-01-12,0.23795643017764156,1.673688187108782,naive,APURIMAC
2015-01-19,0.7138692905329105,0.2379564301776415,naive,APURIMAC
2015-01-26,2.1416078715987177,0.2379564301776415,naive,APURIMAC
2015-02-02,2.6175207319539866,0.2379564301776415,naive,APURIMAC
2015-02-09,2.6175207319539866,0.2379564301776415,naive,APURIMAC
2015-02-16,1.6656950112434483,2.617520731953987,naive,APURIMAC
2015-02-23,1.1897821508881794,2.617520731953987,naive,APURIMAC
2015-03-02,0.9518257207105449,2.617520731953987,naive,APURIMAC
2015-03-09,1.1897821508881796,2.617520731953987,naive,APURIMAC
2015-03-16,1.1897821508881796,1.1897821508881798,naive,APURIMAC
2015-03-23,1.1897821508881796,1.1897821508881798,naive,APURIMAC
2015-03-30,0.7138692905329034,1.1897821508881798,naive,APURIMAC
2015-04-06,1.903651441421083,1.1897821508881798,naive,APURIMAC
2015-04-13,2.1416078715987177,1.9036514414210823,naive,APURIMAC
2015-04-20,4.283215743197427,1.9036514414210823,naive,APURIMAC
2015-04-27,4.045259313019794,1.9036514414210823,naive,APURIMAC
2015-05-04,4.759128603552696,1.9036514414210823,naive,APURIMAC
2015-05-11,3.093433592309255,4.759128603552696,naive,APURIMAC
2015-05-18,2.3795643017763517,4.759128603552696,naive,APURIMAC
2015-05-25,1.6656950112434483,4.759128603552696,naive,APURIMAC
2015-06-01,2.1416078715987172,4.759128603552696,naive,APURIMAC
2015-06-08,1.6656950112434483,2.141607871598717,naive,APURIMAC
2015-06-15,1.9036514414210828,2.141607871598717,naive,APURIMAC
2015-06-22,0.951825720710545,2.141607871598717,naive,APURIMAC
2015-06-29,1.1897821508881796,2.141607871598717,naive,APURIMAC
2015-07-06,0.9518257207105449,1.1897821508881798,naive,APURIMAC
2015-07-13,1.9036514414210828,1.1897821508881798,naive,APURIMAC
2015-07-20,2.3795643017763517,1.1897821508881798,naive,APURIMAC
2015-07-27,2.6175207319539866,1.1897821508881798,naive,APURIMAC
2015-08-03,2.1416078715987106,2.617520731953987,naive,APURIMAC
2015-08-10,1.665695011243449,2.617520731953987,naive,APURIMAC
2015-08-17,1.1897821508881796,2.617520731953987,naive,APURIMAC
2015-08-24,0.475912860355276,2.617520731953987,naive,APURIMAC
2015-08-31,0.951825720710545,0.475912860355276,naive,APURIMAC
2015-09-07,0.951825720710545,0.475912860355276,naive,APURIMAC
2015-09-14,1.1897821508881796,0.475912860355276,naive,APURIMAC
2015-09-21,1.1897821508881796,0.475912860355276,naive,APURIMAC
2015-09-28,1.1897821508881796,1.1897821508881798,naive,APURIMAC
2015-10-05,1.6656950112434485,1.1897821508881798,naive,APURIMAC
2015-10-12,1.4277385810658139,1.1897821508881798,naive,APURIMAC
2015-10-19,1.1897821508881796,1.1897821508881798,naive,APURIMAC
2015-10-26,0.475912860355276,1.1897821508881798,naive,APURIMAC
2015-11-02,0.23795643017764156,1.1897821508881798,naive,APURIMAC
2015-11-09,0.23795643017764156,1.1897821508881798,naive,APURIMAC
2015-11-16,0.475912860355276,1.1897821508881798,naive,APURIMAC
2015-11-23,0.23795643017764156,0.475912860355276,naive,APURIMAC
2015-11-30,0.951825720710545,0.475912860355276,naive,APURIMAC
2015-12-07,0.951825720710545,0.475912860355276,naive,APURIMAC
2015-12-14,0.951825720710545,0.475912860355276,naive,APURIMAC
2015-12-21,0.475912860355276,0.9518257207105452,naive,APURIMAC
2015-12-28,0.23795643017764156,0.9518257207105452,naive,APURIMAC
2016-01-04,0.23795643017764156,0.9518257207105452,naive,APURIMAC
2016-01-11,0.0,0.9518257207105452,naive,APURIMAC
2016-01-18,0.47365080568002754,0.0,naive,APURIMAC
2016-01-25,0.47365080568002754,0.0,naive,APURIMAC
2016-02-01,0.947301611360048,0.0,naive,APURIMAC
2016-02-08,1.4209524170400687,0.0,naive,APURIMAC
2016-02-15,1.4209524170400687,1.420952417040069,naive,APURIMAC
2016-02-22,1.1841270142000582,1.420952417040069,naive,APURIMAC
2016-02-29,0.47365080568002754,1.420952417040069,naive,APURIMAC
2016-03-07,0.7104762085200307,1.420952417040069,naive,APURIMAC
2016-03-14,0.47365080568002754,0.7104762085200307,naive,APURIMAC
2016-03-21,0.23682540284001732,0.7104762085200307,naive,APURIMAC
2016-03-28,0.23682540284001732,0.7104762085200307,naive,APURIMAC
2016-04-04,0.47365080568002754,0.7104762085200307,naive,APURIMAC
2016-04-11,1.1841270142000584,0.4736508056800276,naive,APURIMAC
2016-04-18,0.947301611360048,0.4736508056800276,naive,APURIMAC
2016-04-25,1.1841270142000584,0.4736508056800276,naive,APURIMAC
2016-05-02,1.4209524170400687,0.4736508056800276,naive,APURIMAC
2016-05-09,1.8946032227200889,1.420952417040069,naive,APURIMAC
2016-05-16,2.1314286255600994,1.420952417040069,naive,APURIMAC
2016-05-23,1.4209524170400687,1.420952417040069,naive,APURIMAC
2016-05-30,3.5523810426001603,1.420952417040069,naive,APURIMAC
2016-06-06,4.026031848280181,3.5523810426001603,naive,APURIMAC
2016-06-13,4.499682653960201,3.5523810426001603,naive,APURIMAC
2016-06-20,2.60507943124012,3.5523810426001603,naive,APURIMAC
2016-06-27,2.3682540284001097,3.5523810426001603,naive,APURIMAC
2016-07-04,2.60507943124012,2.3682540284001097,naive,APURIMAC
2016-07-11,3.0787302369201406,2.3682540284001097,naive,APURIMAC
2016-07-18,2.8419048340801303,2.3682540284001097,naive,APURIMAC
2016-07-25,3.315555639760151,2.3682540284001097,naive,APURIMAC
2016-08-01,3.315555639760151,3.3155556397601504,naive,APURIMAC
2016-08-08,2.8419048340801303,3.3155556397601504,naive,APURIMAC
2016-08-15,2.6050794312401195,3.3155556397601504,naive,APURIMAC
2016-08-22,1.6577778198800788,3.3155556397601504,naive,APURIMAC
2016-08-29,3.5523810426001607,1.6577778198800788,naive,APURIMAC
2016-09-05,2.60507943124012,1.6577778198800788,naive,APURIMAC
2016-09-12,2.6050794312401204,1.6577778198800788,naive,APURIMAC
2016-09-19,1.8946032227200895,1.6577778198800788,naive,APURIMAC
2016-09-26,1.6577778198800794,1.8946032227200895,naive,APURIMAC
2016-10-03,2.1314286255601,1.8946032227200895,naive,APURIMAC
2016-10-10,1.4209524170400691,1.8946032227200895,naive,APURIMAC
2016-10-17,2.6050794312401204,1.8946032227200895,naive,APURIMAC
2016-10-24,2.1314286255601,2.6050794312401204,naive,APURIMAC
2016-10-31,2.3682540284001097,2.6050794312401204,naive,APURIMAC
2016-11-07,1.8946032227200895,2.6050794312401204,naive,APURIMAC
2016-11-14,2.1314286255601,2.6050794312401204,naive,APURIMAC
2016-11-21,1.4209524170400691,2.1314286255601,naive,APURIMAC
2016-11-28,1.1841270142000588,2.1314286255601,naive,APURIMAC
2016-12-05,1.1841270142000588,2.1314286255601,naive,APURIMAC
2016-12-12,0.9473016113600486,2.1314286255601,naive,APURIMAC
2016-12-19,0.9473016113600486,0.9473016113600485,naive,APURIMAC
2016-12-26,0.47365080568002815,0.9473016113600485,naive,APURIMAC
2017-01-02,0.9450609584404882,0.9473016113600485,naive,APURIMAC
2017-01-09,0.9428203055209278,0.9473016113600485,naive,APURIMAC
2017-01-16,0.9428203055209278,0.9428203055209277,naive,APURIMAC
2017-01-23,0.7071152291406978,0.9428203055209277,naive,APURIMAC
2017-01-30,1.1785253819011576,0.9428203055209277,naive,APURIMAC
2017-02-06,1.1785253819011579,0.9428203055209277,naive,APURIMAC
2017-02-13,1.4142304582813878,1.1785253819011579,naive,APURIMAC
2017-02-20,0.9428203055209279,1.1785253819011579,naive,APURIMAC
2017-02-27,2.357050763802308,1.1785253819011579,naive,APURIMAC
2017-03-06,2.828460916562768,1.1785253819011579,naive,APURIMAC
2017-03-13,3.2998710693232276,2.828460916562768,naive,APURIMAC
2017-03-20,2.3570507638023077,2.828460916562768,naive,APURIMAC
2017-03-27,2.1213456874220777,2.828460916562768,naive,APURIMAC
2017-04-03,1.8856406110418478,2.828460916562768,naive,APURIMAC
2017-04-10,2.12134568742207,1.8856406110418478,naive,APURIMAC
2017-04-17,2.5927558401825377,1.8856406110418478,naive,APURIMAC
2017-04-24,3.5355761457034576,1.8856406110418478,naive,APURIMAC
2017-05-01,3.2998710693232276,1.8856406110418478,naive,APURIMAC
2017-05-08,2.828460916562767,3.2998710693232276,naive,APURIMAC
2017-05-15,1.4142304582813878,3.2998710693232276,naive,APURIMAC
2017-05-22,1.1785253819011576,3.2998710693232276,naive,APURIMAC
2017-05-29,2.1213456874220777,3.2998710693232276,naive,APURIMAC
2017-06-05,3.2998710693232276,2.121345687422078,naive,APURIMAC
2017-06-12,3.771281222083688,2.121345687422078,naive,APURIMAC
2017-06-19,2.828460916562768,2.121345687422078,naive,APURIMAC
2017-06-26,1.8856406110418478,2.121345687422078,naive,APURIMAC
2017-07-03,1.649935534661618,1.8856406110418478,naive,APURIMAC
2017-07-10,1.1785253819011576,1.8856406110418478,naive,APURIMAC
2017-07-17,1.1785253819011579,1.8856406110418478,naive,APURIMAC
2017-07-24,0.9428203055209278,1.8856406110418478,naive,APURIMAC
2017-07-31,0.7071152291406978,0.9428203055209277,naive,APURIMAC
2017-08-07,0.7071152291406978,0.9428203055209277,naive,APURIMAC
2017-08-14,0.7071152291406978,0.9428203055209277,naive,APURIMAC
2017-08-21,0.7071152291406978,0.9428203055209277,naive,APURIMAC
2017-08-28,0.23570507638023772,0.7071152291406977,naive,APURIMAC
2017-09-04,0.0,0.7071152291406977,naive,APURIMAC
2017-09-11,0.0,0.7071152291406977,naive,APURIMAC
2017-09-18,0.0,0.7071152291406977,naive,APURIMAC
2017-09-25,0.23570507638023772,0.0,naive,APURIMAC
2017-10-02,0.23570507638023772,0.0,naive,APURIMAC
2017-10-09,0.23570507638023772,0.0,naive,APURIMAC
2017-10-16,0.23570507638023772,0.0,naive,APURIMAC
2017-10-23,0.7071152291406978,0.23570507638023774,naive,APURIMAC
2017-10-30,1.4142304582813878,0.23570507638023774,naive,APURIMAC
2017-11-06,1.649935534661618,0.23570507638023774,naive,APURIMAC
2017-11-13,1.649935534661618,0.23570507638023774,naive,APURIMAC
2017-11-20,0.9428203055209278,1.6499355346616178,naive,APURIMAC
2017-11-27,0.4714101527604677,1.6499355346616178,naive,APURIMAC
2017-12-04,0.7071152291406978,1.6499355346616178,naive,APURIMAC
2017-12-11,1.8856406110418478,1.6499355346616178,naive,APURIMAC
2017-12-18,2.5927558401825377,1.8856406110418478,naive,APURIMAC
2017-12-25,2.1213456874220777,1.8856406110418478,naive,APURIMAC
2018-01-01,1.1779202582658372,1.8856406110418478,naive,APURIMAC
2018-01-08,0.47080502912514716,1.8856406110418478,naive,APURIMAC
2018-01-15,0.23509995274491716,0.4708050291251472,naive,APURIMAC
2018-01-22,0.9403998109796455,0.4708050291251472,naive,APURIMAC
2018-01-29,1.175499763724555,0.4708050291251472,naive,APURIMAC
2018-02-05,1.645699669214374,0.4708050291251472,naive,APURIMAC
2018-02-12,0.7052998582347362,1.6456996692143742,naive,APURIMAC
2018-02-19,0.4701999054898267,1.6456996692143742,naive,APURIMAC
2018-02-26,0.7052998582347362,1.6456996692143742,naive,APURIMAC
2018-03-05,1.175499763724555,1.6456996692143742,naive,APURIMAC
2018-03-12,1.4105997164694646,1.175499763724555,naive,APURIMAC
2018-03-19,1.175499763724555,1.175499763724555,naive,APURIMAC
2018-03-26,1.175499763724555,1.175499763724555,naive,APURIMAC
2018-04-02,0.9403998109796454,1.175499763724555,naive,APURIMAC
2018-04-09,0.47019990548982665,0.9403998109796454,naive,APURIMAC
2018-04-16,0.47019990548982665,0.9403998109796454,naive,APURIMAC
2018-04-23,1.175499763724555,0.9403998109796454,naive,APURIMAC
2018-04-30,1.8807996219592835,0.9403998109796454,naive,APURIMAC
2018-05-07,2.1158995747041853,1.8807996219592833,naive,APURIMAC
2018-05-14,2.3509995274491025,1.8807996219592833,naive,APURIMAC
2018-05-21,3.2913993384287408,1.8807996219592833,naive,APURIMAC
2018-05-28,4.231799149408379,1.8807996219592833,naive,APURIMAC
2018-06-04,4.466899102153288,4.231799149408379,naive,APURIMAC
2018-06-11,4.466899102153288,4.231799149408379,naive,APURIMAC
2018-06-18,4.231799149408379,4.231799149408379,naive,APURIMAC
2018-06-25,3.056299385683831,4.231799149408379,naive,APURIMAC
2018-07-02,1.4105997164694646,3.0562993856838307,naive,APURIMAC
2018-07-09,0.7052998582347362,3.0562993856838307,naive,APURIMAC
2018-07-16,3.056299385683831,3.0562993856838307,naive,APURIMAC
2018-07-23,3.056299385683831,3.0562993856838307,naive,APURIMAC
2018-07-30,4.9370990076431065,3.0562993856838307,naive,APURIMAC
2018-08-06,3.761599243918559,3.0562993856838307,naive,APURIMAC
2018-08-13,4.9370990076431065,3.0562993856838307,naive,APURIMAC
2018-08-20,2.8211994329389216,3.0562993856838307,naive,APURIMAC
2018-08-27,2.586099480194012,2.8211994329389216,naive,APURIMAC
2018-09-03,2.3509995274491025,2.8211994329389216,naive,APURIMAC
2018-09-10,1.8807996219592837,2.8211994329389216,naive,APURIMAC
2018-09-17,2.115899574704193,2.8211994329389216,naive,APURIMAC
2018-09-24,1.4105997164694646,2.1158995747041933,naive,APURIMAC
2018-10-01,1.4105997164694646,2.1158995747041933,naive,APURIMAC
2018-10-08,0.7052998582347362,2.1158995747041933,naive,APURIMAC
2018-10-15,1.1754997637245552,2.1158995747041933,naive,APURIMAC
2018-10-22,2.3509995274491025,1.1754997637245554,naive,APURIMAC
2018-10-29,2.1158995747041933,1.1754997637245554,naive,APURIMAC
2018-11-05,2.115899574704193,1.1754997637245554,naive,APURIMAC
2018-11-12,0.9403998109796455,1.1754997637245554,naive,APURIMAC
2018-11-19,1.4105997164694646,0.9403998109796456,naive,APURIMAC
2018-11-26,0.9403998109796455,0.9403998109796456,naive,APURIMAC
2018-12-03,2.586099480194012,0.9403998109796456,naive,APURIMAC
2018-12-10,2.115899574704193,0.9403998109796456,naive,APURIMAC
2018-12-17,1.8807996219592835,2.1158995747041933,naive,APURIMAC
2018-12-24,0.4701999054898263,2.1158995747041933,naive,APURIMAC
2018-12-31,0.4701999054898263,2.1158995747041933,naive,APURIMAC
2019-01-07,0.9391957619114347,2.1158995747041933,naive,APURIMAC
2019-01-14,0.9385937373773295,0.9391957619114348,naive,APURIMAC
2019-01-21,0.70349378463242,0.9391957619114348,naive,APURIMAC
2019-01-28,0.23449792821081164,0.9391957619114348,naive,APURIMAC
2019-02-04,0.0,0.9391957619114348,naive,APURIMAC
2019-02-11,0.0,0.0,naive,APURIMAC
2019-02-18,0.0,0.0,naive,APURIMAC
2019-02-25,0.23449792821081164,0.0,naive,APURIMAC
2019-03-04,0.23449792821081164,0.0,naive,APURIMAC
2019-03-11,0.4689958564216159,0.2344979282108116,naive,APURIMAC
2019-03-18,0.4689958564216159,0.2344979282108116,naive,APURIMAC
2019-03-25,0.4689958564216159,0.2344979282108116,naive,APURIMAC
2019-04-01,0.4689958564216159,0.2344979282108116,naive,APURIMAC
2019-04-08,1.4069875692648328,0.46899585642161595,naive,APURIMAC
2019-04-15,1.8759834256864416,0.46899585642161595,naive,APURIMAC
2019-04-22,2.5794772103188546,0.46899585642161595,naive,APURIMAC
2019-04-29,2.3449792821080497,0.46899585642161595,naive,APURIMAC
2019-05-06,2.3449792821080497,2.3449792821080497,naive,APURIMAC
2019-05-13,1.6414854974756372,2.3449792821080497,naive,APURIMAC
2019-05-20,1.1724896410540286,2.3449792821080497,naive,APURIMAC
2019-05-27,2.3449792821080497,2.3449792821080497,naive,APURIMAC
2019-06-03,3.7519668513728757,2.3449792821080497,naive,APURIMAC
2019-06-10,4.220962707794484,2.3449792821080497,naive,APURIMAC
2019-06-17,3.9864647795836796,2.3449792821080497,naive,APURIMAC
2019-06-24,2.579477210318854,2.3449792821080497,naive,APURIMAC
2019-07-01,2.579477210318854,2.579477210318854,naive,APURIMAC
2019-07-08,1.641485497475637,2.579477210318854,naive,APURIMAC
2019-07-15,3.048473066740463,2.579477210318854,naive,APURIMAC
2019-07-22,2.3449792821080497,2.579477210318854,naive,APURIMAC
2019-07-29,2.3449792821080497,2.3449792821080497,naive,APURIMAC
2019-08-05,1.641485497475637,2.3449792821080497,naive,APURIMAC
2019-08-12,2.579477210318854,2.3449792821080497,naive,APURIMAC
2019-08-19,2.579477210318854,2.3449792821080497,naive,APURIMAC
2019-08-26,2.3449792821080497,2.579477210318854,naive,APURIMAC
2019-09-02,1.641485497475637,2.579477210318854,naive,APURIMAC
2019-09-09,1.1724896410540284,2.579477210318854,naive,APURIMAC
2019-09-16,0.4689958564216156,2.579477210318854,naive,APURIMAC
2019-09-23,0.0,0.4689958564216156,naive,APURIMAC
2019-09-30,0.23449792821081136,0.4689958564216156,naive,APURIMAC
2019-10-07,0.23449792821081136,0.4689958564216156,naive,APURIMAC
2019-10-14,0.23449792821081136,0.4689958564216156,naive,APURIMAC
2019-10-21,0.0,0.23449792821081133,naive,APURIMAC
2019-10-28,0.0,0.23449792821081133,naive,APURIMAC
2019-11-04,0.23449792821081136,0.23449792821081133,naive,APURIMAC
2019-11-11,0.23449792821081136,0.23449792821081133,naive,APURIMAC
2019-11-18,0.7034937846324198,0.23449792821081133,naive,APURIMAC
2019-11-25,0.4689958564216156,0.23449792821081133,naive,APURIMAC
2019-12-02,0.7034937846324198,0.23449792821081133,naive,APURIMAC
2019-12-09,0.23449792821081136,0.23449792821081133,naive,APURIMAC
2019-12-16,0.23449792821081136,0.23449792821081133,naive,APURIMAC
2019-12-23,0.4689958564216156,0.23449792821081133,naive,APURIMAC
2019-12-30,0.9379917128432241,0.23449792821081133,naive,APURIMAC
2020-01-06,1.8735876289670503,0.23449792821081133,naive,APURIMAC
2020-01-13,1.4045917725454418,1.8735876289670506,naive,APURIMAC
2020-01-20,0.9355959161238333,1.8735876289670506,naive,APURIMAC
2020-01-27,0.4677979580619202,1.8735876289670506,naive,APURIMAC
2020-02-03,1.4033938741857463,1.8735876289670506,naive,APURIMAC
2020-02-10,2.105090811278616,1.4033938741857463,naive,APURIMAC
2020-02-17,2.105090811278616,1.4033938741857463,naive,APURIMAC
2020-02-24,1.4033938741857463,1.4033938741857463,naive,APURIMAC
2020-03-02,1.1694948951547899,1.4033938741857463,naive,APURIMAC
2020-03-09,0.9355959161238333,1.16949489515479,naive,APURIMAC
2020-03-16,1.4033938741857463,1.16949489515479,naive,APURIMAC
2020-03-23,0.9355959161238333,1.16949489515479,naive,APURIMAC
2020-03-30,1.1694948951547899,1.16949489515479,naive,APURIMAC
2020-04-06,0.7016969370928767,1.16949489515479,naive,APURIMAC
2020-04-13,0.7016969370928767,1.16949489515479,naive,APURIMAC
2020-04-20,0.23389897903096366,1.16949489515479,naive,APURIMAC
2020-04-27,0.23389897903096366,1.16949489515479,naive,APURIMAC
2020-05-04,0.4677979580619202,0.23389897903096368,naive,APURIMAC
2020-05-11,0.4677979580619202,0.23389897903096368,naive,APURIMAC
2020-05-18,0.23389897903096366,0.23389897903096368,naive,APURIMAC
2020-05-25,0.0,0.23389897903096368,naive,APURIMAC
2020-06-01,0.0,0.0,naive,APURIMAC
2020-06-08,0.0,0.0,naive,APURIMAC
2020-06-15,0.0,0.0,naive,APURIMAC
2020-06-22,0.0,0.0,naive,APURIMAC
2020-06-29,0.0,0.0,naive,APURIMAC
2020-07-06,0.0,0.0,naive,APURIMAC
2020-07-13,0.0,0.0,naive,APURIMAC
2020-07-20,0.0,0.0,naive,APURIMAC
2020-07-27,0.23389897903096366,0.0,naive,APURIMAC
2020-08-03,0.23389897903096366,0.0,naive,APURIMAC
2020-08-10,0.4677979580619202,0.0,naive,APURIMAC
2020-08-17,0.23389897903096366,0.0,naive,APURIMAC
2020-08-24,0.23389897903096366,0.23389897903096368,naive,APURIMAC
2020-08-31,0.0,0.23389897903096368,naive,APURIMAC
2020-09-07,0.0,0.23389897903096368,naive,APURIMAC
2020-09-14,0.0,0.23389897903096368,naive,APURIMAC
2020-09-21,0.0,0.0,naive,APURIMAC
2020-09-28,0.0,0.0,naive,APURIMAC
2020-10-05,0.0,0.0,naive,APURIMAC
2020-10-12,0.0,0.0,naive,APURIMAC
2020-10-19,0.0,0.0,naive,APURIMAC
2020-10-26,0.0,0.0,naive,APURIMAC
2020-11-02,0.0,0.0,naive,APURIMAC
2020-11-09,0.0,0.0,naive,APURIMAC
2020-11-16,0.23389897903096366,0.0,naive,APURIMAC
2020-11-23,0.23389897903096366,0.0,naive,APURIMAC
2020-11-30,0.23389897903096366,0.0,naive,APURIMAC
2020-12-07,0.0,0.0,naive,APURIMAC
2020-12-14,0.0,0.0,naive,APURIMAC
2020-12-21,0.0,0.0,naive,APURIMAC
2020-12-28,0.0,0.0,naive,APURIMAC
2021-01-04,0.0,0.0,naive,APURIMAC
2021-01-11,0.0,0.0,naive,APURIMAC
2021-01-18,0.0,0.0,naive,APURIMAC
2021-01-25,0.46660616340081945,0.0,naive,APURIMAC
2021-02-01,0.46660616340081945,0.0,naive,APURIMAC
2021-02-08,0.46660616340081945,0.4666061634008195,naive,APURIMAC
2021-02-15,0.0,0.4666061634008195,naive,APURIMAC
2021-02-22,0.0,0.4666061634008195,naive,APURIMAC
2021-03-01,0.0,0.4666061634008195,naive,APURIMAC
2021-03-08,0.46660616340081945,0.0,naive,APURIMAC
2021-03-15,0.46660616340081945,0.0,naive,APURIMAC
2021-03-22,0.6999092451012258,0.0,naive,APURIMAC
2021-03-29,0.23330308170041328,0.0,naive,APURIMAC
2021-04-05,0.46660616340081945,0.23330308170041325,naive,APURIMAC
2021-04-12,0.23330308170041328,0.23330308170041325,naive,APURIMAC
2021-04-19,0.23330308170041328,0.23330308170041325,naive,APURIMAC
2021-04-26,0.23330308170041328,0.23330308170041325,naive,APURIMAC
2021-05-03,0.23330308170041328,0.23330308170041325,naive,APURIMAC
2021-05-10,0.23330308170041328,0.23330308170041325,naive,APURIMAC
2021-05-17,0.0,0.23330308170041325,naive,APURIMAC
2021-05-24,0.0,0.23330308170041325,naive,APURIMAC
2021-05-31,0.23330308170041328,0.0,naive,APURIMAC
2021-06-07,0.23330308170041328,0.0,naive,APURIMAC
2021-06-14,0.46660616340081945,0.0,naive,APURIMAC
2021-06-21,0.23330308170041328,0.0,naive,APURIMAC
2021-06-28,0.23330308170041328,0.23330308170041325,naive,APURIMAC
2021-07-05,0.23330308170041328,0.23330308170041325,naive,APURIMAC
2021-07-12,0.23330308170041328,0.23330308170041325,naive,APURIMAC
2021-07-19,0.23330308170041328,0.23330308170041325,naive,APURIMAC
2021-07-26,0.0,0.23330308170041325,naive,APURIMAC
2021-08-02,0.0,0.23330308170041325,naive,APURIMAC
2021-08-09,0.0,0.23330308170041325,naive,APURIMAC
2021-08-16,0.0,0.23330308170041325,naive,APURIMAC
2021-08-23,0.23330308170041328,0.0,naive,APURIMAC
2021-08-30,0.23330308170041328,0.0,naive,APURIMAC
2021-09-06,0.46660616340081945,0.0,naive,APURIMAC
2021-09-13,0.23330308170041328,0.0,naive,APURIMAC
2021-09-20,0.23330308170041328,0.23330308170041325,naive,APURIMAC
2021-09-27,0.46660616340081945,0.23330308170041325,naive,APURIMAC
2021-10-04,0.9332123268016318,0.23330308170041325,naive,APURIMAC
2021-10-11,0.9332123268016318,0.23330308170041325,naive,APURIMAC
2021-10-18,0.9332123268016318,0.9332123268016319,naive,APURIMAC
2021-10-25,0.46660616340081945,0.9332123268016319,naive,APURIMAC
2021-11-01,0.46660616340081945,0.9332123268016319,naive,APURIMAC
2021-11-08,0.0,0.9332123268016319,naive,APURIMAC
2021-11-15,0.0,0.0,naive,APURIMAC
2021-11-22,0.0,0.0,naive,APURIMAC
2021-11-29,0.46660616340081945,0.0,naive,APURIMAC
2021-12-06,1.166515408502038,0.0,naive,APURIMAC
2021-12-13,2.333030817004069,1.166515408502038,naive,APURIMAC
2021-12-20,1.8664246536032565,1.166515408502038,naive,APURIMAC
2021-12-27,1.3998184902024444,1.166515408502038,naive,APURIMAC
2022-01-03,0.9314320959422452,1.166515408502038,naive,APURIMAC
2022-01-10,0.9314320959422452,0.9314320959422451,naive,APURIMAC
2022-01-17,1.3962580284836708,0.9314320959422451,naive,APURIMAC
2022-01-24,1.396258028483671,0.9314320959422451,naive,APURIMAC
2022-01-31,2.5598063855533906,0.9314320959422451,naive,APURIMAC
2022-02-07,2.3270967141394467,2.5598063855533906,naive,APURIMAC
2022-02-14,1.8616773713115586,2.5598063855533906,naive,APURIMAC
2022-02-21,0.9308386856557829,2.5598063855533906,naive,APURIMAC
2022-02-28,0.6981290142418318,2.5598063855533906,naive,APURIMAC
2022-03-07,0.9308386856557829,0.6981290142418317,naive,APURIMAC
2022-03-14,0.6981290142418389,0.6981290142418317,naive,APURIMAC
2022-03-21,0.930838685655783,0.6981290142418317,naive,APURIMAC
2022-03-28,1.6289676998976148,0.6981290142418317,naive,APURIMAC
2022-04-04,2.7925160569673344,1.6289676998976148,naive,APURIMAC
2022-04-11,2.3270967141394467,1.6289676998976148,naive,APURIMAC
2022-04-18,1.6289676998976148,1.6289676998976148,naive,APURIMAC
2022-04-25,1.163548357069727,1.6289676998976148,naive,APURIMAC
2022-05-02,2.3270967141394467,1.1635483570697267,naive,APURIMAC
2022-05-09,2.0943870427255025,1.1635483570697267,naive,APURIMAC
2022-05-16,3.2579353997952225,1.1635483570697267,naive,APURIMAC
2022-05-23,4.654193428278886,1.1635483570697267,naive,APURIMAC
2022-05-30,5.119612771106774,4.654193428278886,naive,APURIMAC
2022-06-06,3.956064414037055,4.654193428278886,naive,APURIMAC
2022-06-13,2.5598063855533906,4.654193428278886,naive,APURIMAC
2022-06-20,3.2579353997952225,4.654193428278886,naive,APURIMAC
2022-06-27,3.956064414037055,3.2579353997952225,naive,APURIMAC
2022-07-04,5.119612771106774,3.2579353997952225,naive,APURIMAC
2022-07-11,5.352322442520719,3.2579353997952225,naive,APURIMAC
2022-07-18,6.050451456762549,3.2579353997952225,naive,APURIMAC
2022-07-25,5.585032113934662,6.0504514567625485,naive,APURIMAC
2022-08-01,5.119612771106774,6.0504514567625485,naive,APURIMAC
2022-08-08,3.72335474262311,6.0504514567625485,naive,APURIMAC
2022-08-15,2.094387042725503,6.0504514567625485,naive,APURIMAC
2022-08-22,1.6289676998976148,2.094387042725503,naive,APURIMAC
2022-08-29,1.396258028483671,2.094387042725503,naive,APURIMAC
2022-09-05,1.8616773713115589,2.094387042725503,naive,APURIMAC
2022-09-12,1.163548357069727,2.094387042725503,naive,APURIMAC
2022-09-19,0.6981290142418389,1.1635483570697267,naive,APURIMAC
2022-09-26,0.23270967141395105,1.1635483570697267,naive,APURIMAC
2022-10-03,0.930838685655783,1.1635483570697267,naive,APURIMAC
2022-10-10,1.163548357069727,1.1635483570697267,naive,APURIMAC
2022-10-17,1.6289676998976148,1.1635483570697267,naive,APURIMAC
2022-10-24,1.163548357069727,1.1635483570697267,naive,APURIMAC
2022-10-31,0.930838685655783,1.1635483570697267,naive,APURIMAC
2022-11-07,0.465419342827895,1.1635483570697267,naive,APURIMAC
2022-11-14,0.465419342827895,0.465419342827895,naive,APURIMAC
2022-11-21,0.465419342827895,0.465419342827895,naive,APURIMAC
2022-11-28,0.23270967141395105,0.465419342827895,naive,APURIMAC
2022-12-05,0.465419342827895,0.465419342827895,naive,APURIMAC
2010-12-27,2.43777577338437,0.9799046062865828,seasonal_naive,APURIMAC
2011-01-03,1.9502206187074975,1.4650626124970394,seasonal_naive,APURIMAC
2011-01-10,1.4567309489849294,2.193998196045932,seasonal_naive,APURIMAC
2011-01-17,1.698134720305088,2.925330928061242,seasonal_naive,APURIMAC
2011-01-24,1.698134720305088,2.6815533507228047,seasonal_naive,APURIMAC
2011-01-31,0.4851813486586008,1.9502206187074957,seasonal_naive,APURIMAC
2011-02-07,0.7277720229878982,2.437775773384369,seasonal_naive,APURIMAC
2011-02-14,2.183316068963683,2.6815533507228047,seasonal_naive,APURIMAC
2011-02-21,2.183316068963683,4.631773969430297,seasonal_naive,APURIMAC
2011-02-28,1.4555440459757907,4.875551546768733,seasonal_naive,APURIMAC
2011-03-07,0.4851813486586008,5.363106701445607,seasonal_naive,APURIMAC
2011-03-14,0.9703626973171957,4.144218814753423,seasonal_naive,APURIMAC
2011-03-21,1.212953371646493,4.38799639209186,seasonal_naive,APURIMAC
2011-03-28,0.9703626973171957,5.606884278784041,seasonal_naive,APURIMAC
2011-04-04,0.9703626973171957,6.338217010799351,seasonal_naive,APURIMAC
2011-04-11,1.698134720305088,8.288437629506841,seasonal_naive,APURIMAC
2011-04-18,2.911088091951575,8.775992784183714,seasonal_naive,APURIMAC
2011-04-25,3.6388601149394675,9.994880670875897,seasonal_naive,APURIMAC
2011-05-02,4.851813486585955,11.213768557568075,seasonal_naive,APURIMAC
2011-05-09,4.851813486585955,11.701323712244953,seasonal_naive,APURIMAC
2011-05-16,4.609222812256657,13.651544330952444,seasonal_naive,APURIMAC
2011-05-23,4.609222812256657,14.139099485629318,seasonal_naive,APURIMAC
2011-05-30,5.33699483524455,15.845542526998369,seasonal_naive,APURIMAC
2011-06-06,6.064766858232442,14.139099485629318,seasonal_naive,APURIMAC
2011-06-13,6.549948206891037,12.920211598937135,seasonal_naive,APURIMAC
2011-06-20,7.035129555549632,9.994880670875897,seasonal_naive,APURIMAC
2011-06-27,7.035129555549632,9.263547938860588,seasonal_naive,APURIMAC
2011-07-04,5.579585509573847,7.800882474829967,seasonal_naive,APURIMAC
2011-07-11,4.124041463598062,6.581994588137787,seasonal_naive,APURIMAC
2011-07-18,3.3962694406101703,5.850661856122479,seasonal_naive,APURIMAC
2011-07-25,3.6388601149394675,5.850661856122479,seasonal_naive,APURIMAC
2011-08-01,3.6388601149394675,8.775992784183718,seasonal_naive,APURIMAC
2011-08-08,3.1536787662808727,8.775992784183718,seasonal_naive,APURIMAC
2011-08-15,2.183316068963683,7.069549742814662,seasonal_naive,APURIMAC
2011-08-22,1.9407253946343854,5.11932912410717,seasonal_naive,APURIMAC
2011-08-29,1.9407253946343854,5.11932912410717,seasonal_naive,APURIMAC
2011-09-05,1.9407253946343854,7.8008824748299705,seasonal_naive,APURIMAC
2011-09-12,1.9407253946343854,6.3382170107993545,seasonal_naive,APURIMAC
2011-09-19,1.9407253946343854,6.338217010799353,seasonal_naive,APURIMAC
2011-09-26,2.4259067432929804,4.875551546768734,seasonal_naive,APURIMAC
2011-10-03,1.4555440459757907,5.606884278784045,seasonal_naive,APURIMAC
2011-10-10,1.212953371646493,5.11932912410717,seasonal_naive,APURIMAC
2011-10-17,0.24259067432930337,3.6566636600765516,seasonal_naive,APURIMAC
2011-10-24,0.7277720229878982,2.6815533507228064,seasonal_naive,APURIMAC
2011-10-31,0.4851813486586008,2.193998196045934,seasonal_naive,APURIMAC
2011-11-07,1.212953371646493,3.169108505399679,seasonal_naive,APURIMAC
2011-11-14,0.7277720229878982,3.169108505399679,seasonal_naive,APURIMAC
2011-11-21,1.4555440459757907,3.9004412374149897,seasonal_naive,APURIMAC
2011-11-28,0.9703626973171957,2.193998196045934,seasonal_naive,APURIMAC
2011-12-05,0.9703626973171957,2.193998196045934,seasonal_naive,APURIMAC
2011-12-12,0.4851813486586008,0.9751103093537516,seasonal_naive,APURIMAC
2011-12-19,0.24259067432930337,2.6815533507228064,seasonal_naive,APURIMAC
2011-12-26,0.4851813486586008,2.43777577338437,seasonal_naive,APURIMAC
2012-01-02,0.4840059472251279,1.950220618707498,seasonal_naive,APURIMAC
2012-01-09,0.7254212201209524,1.4567309489849296,seasonal_naive,APURIMAC
2012-01-16,0.7242458186874735,1.698134720305088,seasonal_naive,APURIMAC
2012-01-23,0.7242458186874735,1.698134720305088,seasonal_naive,APURIMAC
2012-01-30,0.4828305457916549,0.4851813486586008,seasonal_naive,APURIMAC
2012-02-06,0.7242458186874794,0.7277720229878983,seasonal_naive,APURIMAC
2012-02-13,0.9656610915833039,2.183316068963683,seasonal_naive,APURIMAC
2012-02-20,1.448491637374947,2.183316068963683,seasonal_naive,APURIMAC
2012-02-27,1.448491637374947,1.4555440459757905,seasonal_naive,APURIMAC
2012-03-05,1.2070763644791285,0.4851813486586008,seasonal_naive,APURIMAC
2012-03-12,1.2070763644791285,0.9703626973171957,seasonal_naive,APURIMAC
2012-03-19,1.4484916373749528,1.2129533716464933,seasonal_naive,APURIMAC
2012-03-26,1.6899069102707776,0.9703626973171957,seasonal_naive,APURIMAC
2012-04-02,2.6555680018540753,0.9703626973171957,seasonal_naive,APURIMAC
2012-04-09,2.8969832747499,1.698134720305088,seasonal_naive,APURIMAC
2012-04-16,3.6212290934373734,2.9110880919515747,seasonal_naive,APURIMAC
2012-04-23,2.8969832747499,3.638860114939467,seasonal_naive,APURIMAC
2012-04-30,4.345474912124846,4.851813486585955,seasonal_naive,APURIMAC
2012-05-07,4.828305457916495,4.851813486585955,seasonal_naive,APURIMAC
2012-05-14,7.24245818687474,4.609222812256657,seasonal_naive,APURIMAC
2012-05-21,5.552551276603968,4.609222812256657,seasonal_naive,APURIMAC
2012-05-28,4.345474912124847,5.336994835244551,seasonal_naive,APURIMAC
2012-06-04,5.311136003708145,6.064766858232442,seasonal_naive,APURIMAC
2012-06-11,5.793966549499795,6.549948206891038,seasonal_naive,APURIMAC
2012-06-18,7.2424581868747415,7.035129555549631,seasonal_naive,APURIMAC
2012-06-25,3.8626443663331984,7.035129555549631,seasonal_naive,APURIMAC
2012-07-02,2.8969832747499003,5.579585509573846,seasonal_naive,APURIMAC
2012-07-09,1.2070763644791291,4.124041463598062,seasonal_naive,APURIMAC
2012-07-16,1.9313221831666025,3.3962694406101708,seasonal_naive,APURIMAC
2012-07-23,1.6899069102707782,3.638860114939467,seasonal_naive,APURIMAC
2012-07-30,1.9313221831666025,3.638860114939467,seasonal_naive,APURIMAC
2012-08-06,0.9656610915833045,3.1536787662808727,seasonal_naive,APURIMAC
2012-08-13,2.4141527289582516,2.183316068963683,seasonal_naive,APURIMAC
2012-08-20,2.8969832747499003,1.9407253946343856,seasonal_naive,APURIMAC
2012-08-27,2.4141527289582516,1.9407253946343856,seasonal_naive,APURIMAC
2012-09-03,1.4484916373749537,1.9407253946343856,seasonal_naive,APURIMAC
2012-09-10,0.9656610915833048,1.9407253946343856,seasonal_naive,APURIMAC
2012-09-17,0.9656610915833048,1.9407253946343856,seasonal_naive,APURIMAC
2012-09-24,0.7242458186874803,2.4259067432929804,seasonal_naive,APURIMAC
2012-10-01,0.2414152728958313,1.4555440459757905,seasonal_naive,APURIMAC
2012-10-08,0.2414152728958313,1.2129533716464933,seasonal_naive,APURIMAC
2012-10-15,1.6899069102707782,0.2425906743293034,seasonal_naive,APURIMAC
2012-10-22,2.655568001854076,0.7277720229878983,seasonal_naive,APURIMAC
2012-10-29,2.8969832747499003,0.4851813486586008,seasonal_naive,APURIMAC
2012-11-05,1.4484916373749537,1.2129533716464933,seasonal_naive,APURIMAC
2012-11-12,0.4828305457916558,0.7277720229878983,seasonal_naive,APURIMAC
2012-11-19,2.8969832747499003,1.4555440459757905,seasonal_naive,APURIMAC
2012-11-26,2.655568001854076,0.9703626973171957,seasonal_naive,APURIMAC
2012-12-03,3.6212290934373743,0.9703626973171957,seasonal_naive,APURIMAC
2012-12-10,1.2070763644791294,0.4851813486586008,seasonal_naive,APURIMAC
2012-12-17,1.6899069102707784,0.2425906743293034,seasonal_naive,APURIMAC
2012-12-24,1.4484916373749537,0.4851813486586008,seasonal_naive,APURIMAC
2012-12-31,1.9313221831666028,0.48400594722512785,seasonal_naive,APURIMAC
2013-01-07,2.409496464021696,0.7254212201209524,seasonal_naive,APURIMAC
2013-01-14,2.4060042653192784,0.7242458186874736,seasonal_naive,APURIMAC
2013-01-21,1.681758446631805,0.7242458186874736,seasonal_naive,APURIMAC
2013-01-28,0.7207536199850632,0.48283054579165496,seasonal_naive,APURIMAC
2013-02-04,0.0,0.7242458186874794,seasonal_naive,APURIMAC
2013-02-11,0.0,0.9656610915833039,seasonal_naive,APURIMAC
2013-02-18,0.24025120666169228,1.4484916373749468,seasonal_naive,APURIMAC
2013-02-25,0.24025120666169228,1.4484916373749468,seasonal_naive,APURIMAC
2013-03-04,0.24025120666169228,1.2070763644791285,seasonal_naive,APURIMAC
2013-03-11,0.48050241332337773,1.2070763644791285,seasonal_naive,APURIMAC
2013-03-18,0.7207536199850632,1.448491637374953,seasonal_naive,APURIMAC
2013-03-25,0.9610048266467487,1.6899069102707776,seasonal_naive,APURIMAC
2013-04-01,0.7207536199850564,2.6555680018540753,seasonal_naive,APURIMAC
2013-04-08,1.4415072399701196,2.8969832747499,seasonal_naive,APURIMAC
2013-04-15,2.8830144799402326,3.621229093437373,seasonal_naive,APURIMAC
2013-04-22,3.8440193065869743,2.8969832747499,seasonal_naive,APURIMAC
2013-04-29,3.363516893263603,4.345474912124846,seasonal_naive,APURIMAC
2013-05-06,2.4025120666168616,4.828305457916495,seasonal_naive,APURIMAC
2013-05-13,2.162260859955176,7.242458186874737,seasonal_naive,APURIMAC
2013-05-20,5.285526546557087,5.552551276603969,seasonal_naive,APURIMAC
2013-05-27,6.7270337865272,4.345474912124847,seasonal_naive,APURIMAC
2013-06-03,6.967284993188886,5.311136003708145,seasonal_naive,APURIMAC
2013-06-10,4.324521719910345,5.793966549499795,seasonal_naive,APURIMAC
2013-06-17,4.56477292657203,7.242458186874741,seasonal_naive,APURIMAC
2013-06-24,6.006280166542143,3.862644366333198,seasonal_naive,APURIMAC
2013-07-01,5.525777753218772,2.8969832747499007,seasonal_naive,APURIMAC
2013-07-08,3.8440193065869743,1.207076364479129,seasonal_naive,APURIMAC
2013-07-15,3.6037680999252886,1.9313221831666025,seasonal_naive,APURIMAC
2013-07-22,3.8440193065869743,1.6899069102707784,seasonal_naive,APURIMAC
2013-07-29,4.0842705132486605,1.9313221831666025,seasonal_naive,APURIMAC
2013-08-05,2.6427632732785473,0.9656610915833046,seasonal_naive,APURIMAC
2013-08-12,2.1622608599551763,2.4141527289582516,seasonal_naive,APURIMAC
2013-08-19,1.4415072399701199,2.8969832747499007,seasonal_naive,APURIMAC
2013-08-26,0.7207536199850564,2.4141527289582516,seasonal_naive,APURIMAC
2013-09-02,0.9610048266467489,1.448491637374954,seasonal_naive,APURIMAC
2013-09-09,0.7207536199850635,0.9656610915833048,seasonal_naive,APURIMAC
2013-09-16,0.480502413323378,0.9656610915833048,seasonal_naive,APURIMAC
2013-09-23,0.24025120666169256,0.7242458186874803,seasonal_naive,APURIMAC
2013-09-30,0.480502413323378,0.24141527289583128,seasonal_naive,APURIMAC
2013-10-07,0.480502413323378,0.24141527289583128,seasonal_naive,APURIMAC
2013-10-14,0.24025120666169256,1.6899069102707784,seasonal_naive,APURIMAC
2013-10-21,0.24025120666169256,2.655568001854076,seasonal_naive,APURIMAC
2013-10-28,0.24025120666169256,2.8969832747499007,seasonal_naive,APURIMAC
2013-11-04,0.480502413323378,1.448491637374954,seasonal_naive,APURIMAC
2013-11-11,0.7207536199850635,0.4828305457916558,seasonal_naive,APURIMAC
2013-11-18,0.7207536199850635,2.8969832747499007,seasonal_naive,APURIMAC
2013-11-25,1.4415072399701199,2.655568001854076,seasonal_naive,APURIMAC
2013-12-02,1.2012560333084343,3.6212290934373748,seasonal_naive,APURIMAC
2013-12-09,1.2012560333084343,1.2070763644791294,seasonal_naive,APURIMAC
2013-12-16,1.2012560333084343,1.6899069102707784,seasonal_naive,APURIMAC
2013-12-23,2.1622608599551763,1.448491637374954,seasonal_naive,APURIMAC
2013-12-30,2.8830144799402326,1.9313221831666025,seasonal_naive,APURIMAC
2014-01-06,2.1611079657376018,2.4094964640216956,seasonal_naive,APURIMAC
2014-01-13,0.9598519324291743,2.4060042653192784,seasonal_naive,APURIMAC
2014-01-20,0.4781966248882286,1.6817584466318047,seasonal_naive,APURIMAC
2014-01-27,0.23909831244411786,0.7207536199850633,seasonal_naive,APURIMAC
2014-02-03,0.4781966248882286,0.0,seasonal_naive,APURIMAC
2014-02-10,0.4781966248882286,0.0,seasonal_naive,APURIMAC
2014-02-17,0.4781966248882286,0.24025120666169228,seasonal_naive,APURIMAC
2014-02-24,0.4781966248882286,0.24025120666169228,seasonal_naive,APURIMAC
2014-03-03,0.7172949373323393,0.24025120666169228,seasonal_naive,APURIMAC
2014-03-10,1.4345898746646715,0.4805024133233778,seasonal_naive,APURIMAC
2014-03-17,2.3909831244411146,0.7207536199850633,seasonal_naive,APURIMAC
2014-03-24,2.151884811997004,0.9610048266467486,seasonal_naive,APURIMAC
2014-03-31,1.434589874664672,0.7207536199850564,seasonal_naive,APURIMAC
2014-04-07,0.23909831244411786,1.4415072399701199,seasonal_naive,APURIMAC
2014-04-14,0.23909831244411786,2.883014479940233,seasonal_naive,APURIMAC
2014-04-21,0.23909831244411786,3.844019306586974,seasonal_naive,APURIMAC
2014-04-28,0.23909831244411786,3.3635168932636024,seasonal_naive,APURIMAC
2014-05-05,0.23909831244411786,2.402512066616861,seasonal_naive,APURIMAC
2014-05-12,1.6736881871087823,2.162260859955176,seasonal_naive,APURIMAC
2014-05-19,1.6736881871087823,5.285526546557087,seasonal_naive,APURIMAC
2014-05-26,1.6736881871087823,6.727033786527199,seasonal_naive,APURIMAC
2014-06-02,0.4781966248882286,6.967284993188885,seasonal_naive,APURIMAC
2014-06-09,0.4781966248882286,4.324521719910345,seasonal_naive,APURIMAC
2014-06-16,0.23909831244411786,4.56477292657203,seasonal_naive,APURIMAC
2014-06-23,0.7172949373323393,6.006280166542143,seasonal_naive,APURIMAC
2014-06-30,1.6736881871087823,5.525777753218772,seasonal_naive,APURIMAC
2014-07-07,2.869179749329336,3.844019306586974,seasonal_naive,APURIMAC
2014-07-14,3.108278061773447,3.603768099925289,seasonal_naive,APURIMAC
2014-07-21,2.6300814368852254,3.844019306586974,seasonal_naive,APURIMAC
2014-07-28,1.4345898746646715,4.0842705132486605,seasonal_naive,APURIMAC
2014-08-04,0.7172949373323393,2.6427632732785473,seasonal_naive,APURIMAC
2014-08-11,0.23909831244411786,2.162260859955176,seasonal_naive,APURIMAC
2014-08-18,0.7172949373323393,1.4415072399701199,seasonal_naive,APURIMAC
2014-08-25,0.4781966248882286,0.7207536199850564,seasonal_naive,APURIMAC
2014-09-01,0.4781966248882286,0.961004826646749,seasonal_naive,APURIMAC
2014-09-08,0.4781966248882286,0.7207536199850635,seasonal_naive,APURIMAC
2014-09-15,0.9563932497764501,0.480502413323378,seasonal_naive,APURIMAC
2014-09-22,1.195491562220561,0.24025120666169256,seasonal_naive,APURIMAC
2014-09-29,1.195491562220561,0.480502413323378,seasonal_naive,APURIMAC
2014-10-06,0.7172949373323393,0.480502413323378,seasonal_naive,APURIMAC
2014-10-13,0.4781966248882286,0.24025120666169256,seasonal_naive,APURIMAC
2014-10-20,0.4781966248882286,0.24025120666169256,seasonal_naive,APURIMAC
2014-10-27,0.9563932497764501,0.24025120666169256,seasonal_naive,APURIMAC
2014-11-03,1.9127864995528931,0.480502413323378,seasonal_naive,APURIMAC
2014-11-10,1.9127864995528931,0.7207536199850635,seasonal_naive,APURIMAC
2014-11-17,2.1518848119970038,0.7207536199850635,seasonal_naive,APURIMAC
2014-11-24,2.1518848119970038,1.4415072399701199,seasonal_naive,APURIMAC
2014-12-01,1.912786499552893,1.2012560333084346,seasonal_naive,APURIMAC
2014-12-08,1.195491562220561,1.2012560333084346,seasonal_naive,APURIMAC
2014-12-15,1.6736881871087823,1.2012560333084346,seasonal_naive,APURIMAC
2014-12-22,2.1518848119970038,2.162260859955176,seasonal_naive,APURIMAC
2014-12-29,2.1518848119970038,2.883014479940233,seasonal_naive,APURIMAC
2015-01-05,0.7172949373323393,2.1611079657376018,seasonal_naive,APURIMAC
2015-01-12,0.23795643017764156,0.9598519324291743,seasonal_naive,APURIMAC
2015-01-19,0.7138692905329105,0.47819662488822867,seasonal_naive,APURIMAC
2015-01-26,2.1416078715987177,0.23909831244411786,seasonal_naive,APURIMAC
2015-02-02,2.6175207319539866,0.47819662488822867,seasonal_naive,APURIMAC
2015-02-09,2.6175207319539866,0.47819662488822867,seasonal_naive,APURIMAC
2015-02-16,1.6656950112434483,0.47819662488822867,seasonal_naive,APURIMAC
2015-02-23,1.1897821508881794,0.47819662488822867,seasonal_naive,APURIMAC
2015-03-02,0.9518257207105449,0.7172949373323394,seasonal_naive,APURIMAC
2015-03-09,1.1897821508881796,1.4345898746646712,seasonal_naive,APURIMAC
2015-03-16,1.1897821508881796,2.390983124441115,seasonal_naive,APURIMAC
2015-03-23,1.1897821508881796,2.151884811997004,seasonal_naive,APURIMAC
2015-03-30,0.7138692905329034,1.4345898746646721,seasonal_naive,APURIMAC
2015-04-06,1.903651441421083,0.23909831244411786,seasonal_naive,APURIMAC
2015-04-13,2.1416078715987177,0.23909831244411786,seasonal_naive,APURIMAC
2015-04-20,4.283215743197427,0.23909831244411786,seasonal_naive,APURIMAC
2015-04-27,4.045259313019794,0.23909831244411786,seasonal_naive,APURIMAC
2015-05-04,4.759128603552696,0.23909831244411786,seasonal_naive,APURIMAC
2015-05-11,3.093433592309255,1.673688187108782,seasonal_naive,APURIMAC
2015-05-18,2.3795643017763517,1.673688187108782,seasonal_naive,APURIMAC
2015-05-25,1.6656950112434483,1.673688187108782,seasonal_naive,APURIMAC
2015-06-01,2.1416078715987172,0.47819662488822867,seasonal_naive,APURIMAC
2015-06-08,1.6656950112434483,0.47819662488822867,seasonal_naive,APURIMAC
2015-06-15,1.9036514414210828,0.23909831244411786,seasonal_naive,APURIMAC
2015-06-22,0.951825720710545,0.7172949373323394,seasonal_naive,APURIMAC
2015-06-29,1.1897821508881796,1.673688187108782,seasonal_naive,APURIMAC
2015-07-06,0.9518257207105449,2.8691797493293354,seasonal_naive,APURIMAC
2015-07-13,1.9036514414210828,3.108278061773447,seasonal_naive,APURIMAC
2015-07-20,2.3795643017763517,2.630081436885226,seasonal_naive,APURIMAC
2015-07-27,2.6175207319539866,1.4345898746646712,seasonal_naive,APURIMAC
2015-08-03,2.1416078715987106,0.7172949373323394,seasonal_naive,APURIMAC
2015-08-10,1.665695011243449,0.23909831244411786,seasonal_naive,APURIMAC
2015-08-17,1.1897821508881796,0.7172949373323394,seasonal_naive,APURIMAC
2015-08-24,0.475912860355276,0.47819662488822867,seasonal_naive,APURIMAC
2015-08-31,0.951825720710545,0.47819662488822867,seasonal_naive,APURIMAC
2015-09-07,0.951825720710545,0.47819662488822867,seasonal_naive,APURIMAC
2015-09-14,1.1897821508881796,0.9563932497764502,seasonal_naive,APURIMAC
2015-09-21,1.1897821508881796,1.1954915622205609,seasonal_naive,APURIMAC
2015-09-28,1.1897821508881796,1.1954915622205609,seasonal_naive,APURIMAC
2015-10-05,1.6656950112434485,0.7172949373323394,seasonal_naive,APURIMAC
2015-10-12,1.4277385810658139,0.47819662488822867,seasonal_naive,APURIMAC
2015-10-19,1.1897821508881796,0.47819662488822867,seasonal_naive,APURIMAC
2015-10-26,0.475912860355276,0.9563932497764502,seasonal_naive,APURIMAC
2015-11-02,0.23795643017764156,1.912786499552893,seasonal_naive,APURIMAC
2015-11-09,0.23795643017764156,1.912786499552893,seasonal_naive,APURIMAC
2015-11-16,0.475912860355276,2.151884811997004,seasonal_naive,APURIMAC
2015-11-23,0.23795643017764156,2.151884811997004,seasonal_naive,APURIMAC
2015-11-30,0.951825720710545,1.912786499552893,seasonal_naive,APURIMAC
2015-12-07,0.951825720710545,1.1954915622205609,seasonal_naive,APURIMAC
2015-12-14,0.951825720710545,1.673688187108782,seasonal_naive,APURIMAC
2015-12-21,0.475912860355276,2.151884811997004,seasonal_naive,APURIMAC
2015-12-28,0.23795643017764156,2.151884811997004,seasonal_naive,APURIMAC
2016-01-04,0.23795643017764156,0.7172949373323394,seasonal_naive,APURIMAC
2016-01-11,0.0,0.2379564301776415,seasonal_naive,APURIMAC
2016-01-18,0.47365080568002754,0.7138692905329105,seasonal_naive,APURIMAC
2016-01-25,0.47365080568002754,2.1416078715987177,seasonal_naive,APURIMAC
2016-02-01,0.947301611360048,2.617520731953987,seasonal_naive,APURIMAC
2016-02-08,1.4209524170400687,2.617520731953987,seasonal_naive,APURIMAC
2016-02-15,1.4209524170400687,1.6656950112434483,seasonal_naive,APURIMAC
2016-02-22,1.1841270142000582,1.1897821508881794,seasonal_naive,APURIMAC
2016-02-29,0.47365080568002754,0.9518257207105449,seasonal_naive,APURIMAC
2016-03-07,0.7104762085200307,1.1897821508881798,seasonal_naive,APURIMAC
2016-03-14,0.47365080568002754,1.1897821508881798,seasonal_naive,APURIMAC
2016-03-21,0.23682540284001732,1.1897821508881798,seasonal_naive,APURIMAC
2016-03-28,0.23682540284001732,0.7138692905329034,seasonal_naive,APURIMAC
2016-04-04,0.47365080568002754,1.9036514414210823,seasonal_naive,APURIMAC
2016-04-11,1.1841270142000584,2.1416078715987177,seasonal_naive,APURIMAC
2016-04-18,0.947301611360048,4.283215743197428,seasonal_naive,APURIMAC
2016-04-25,1.1841270142000584,4.045259313019794,seasonal_naive,APURIMAC
2016-05-02,1.4209524170400687,4.759128603552696,seasonal_naive,APURIMAC
2016-05-09,1.8946032227200889,3.093433592309255,seasonal_naive,APURIMAC
2016-05-16,2.1314286255600994,2.3795643017763517,seasonal_naive,APURIMAC
2016-05-23,1.4209524170400687,1.6656950112434483,seasonal_naive,APURIMAC
2016-05-30,3.5523810426001603,2.141607871598717,seasonal_naive,APURIMAC
2016-06-06,4.026031848280181,1.6656950112434483,seasonal_naive,APURIMAC
2016-06-13,4.499682653960201,1.9036514414210823,seasonal_naive,APURIMAC
2016-06-20,2.60507943124012,0.9518257207105452,seasonal_naive,APURIMAC
2016-06-27,2.3682540284001097,1.1897821508881798,seasonal_naive,APURIMAC
2016-07-04,2.60507943124012,0.9518257207105449,seasonal_naive,APURIMAC
2016-07-11,3.0787302369201406,1.9036514414210823,seasonal_naive,APURIMAC
2016-07-18,2.8419048340801303,2.3795643017763517,seasonal_naive,APURIMAC
2016-07-25,3.315555639760151,2.617520731953987,seasonal_naive,APURIMAC
2016-08-01,3.315555639760151,2.1416078715987106,seasonal_naive,APURIMAC
2016-08-08,2.8419048340801303,1.6656950112434488,seasonal_naive,APURIMAC
2016-08-15,2.6050794312401195,1.1897821508881798,seasonal_naive,APURIMAC
2016-08-22,1.6577778198800788,0.475912860355276,seasonal_naive,APURIMAC
2016-08-29,3.5523810426001607,0.9518257207105452,seasonal_naive,APURIMAC
2016-09-05,2.60507943124012,0.9518257207105452,seasonal_naive,APURIMAC
2016-09-12,2.6050794312401204,1.1897821508881798,seasonal_naive,APURIMAC
2016-09-19,1.8946032227200895,1.1897821508881798,seasonal_naive,APURIMAC
2016-09-26,1.6577778198800794,1.1897821508881798,seasonal_naive,APURIMAC
2016-10-03,2.1314286255601,1.6656950112434488,seasonal_naive,APURIMAC
2016-10-10,1.4209524170400691,1.4277385810658139,seasonal_naive,APURIMAC
2016-10-17,2.6050794312401204,1.1897821508881798,seasonal_naive,APURIMAC
2016-10-24,2.1314286255601,0.475912860355276,seasonal_naive,APURIMAC
2016-10-31,2.3682540284001097,0.2379564301776415,seasonal_naive,APURIMAC
2016-11-07,1.8946032227200895,0.2379564301776415,seasonal_naive,APURIMAC
2016-11-14,2.1314286255601,0.475912860355276,seasonal_naive,APURIMAC
2016-11-21,1.4209524170400691,0.2379564301776415,seasonal_naive,APURIMAC
2016-11-28,1.1841270142000588,0.9518257207105452,seasonal_naive,APURIMAC
2016-12-05,1.1841270142000588,0.9518257207105452,seasonal_naive,APURIMAC
2016-12-12,0.9473016113600486,0.9518257207105452,seasonal_naive,APURIMAC
2016-12-19,0.9473016113600486,0.475912860355276,seasonal_naive,APURIMAC
2016-12-26,0.47365080568002815,0.2379564301776415,seasonal_naive,APURIMAC
2017-01-02,0.9450609584404882,0.2379564301776415,seasonal_naive,APURIMAC
2017-01-09,0.9428203055209278,0.0,seasonal_naive,APURIMAC
2017-01-16,0.9428203055209278,0.4736508056800276,seasonal_naive,APURIMAC
2017-01-23,0.7071152291406978,0.4736508056800276,seasonal_naive,APURIMAC
2017-01-30,1.1785253819011576,0.9473016113600481,seasonal_naive,APURIMAC
2017-02-06,1.1785253819011579,1.420952417040069,seasonal_naive,APURIMAC
2017-02-13,1.4142304582813878,1.420952417040069,seasonal_naive,APURIMAC
2017-02-20,0.9428203055209279,1.1841270142000582,seasonal_naive,APURIMAC
2017-02-27,2.357050763802308,0.4736508056800276,seasonal_naive,APURIMAC
2017-03-06,2.828460916562768,0.7104762085200307,seasonal_naive,APURIMAC
2017-03-13,3.2998710693232276,0.4736508056800276,seasonal_naive,APURIMAC
2017-03-20,2.3570507638023077,0.23682540284001732,seasonal_naive,APURIMAC
2017-03-27,2.1213456874220777,0.23682540284001732,seasonal_naive,APURIMAC
2017-04-03,1.8856406110418478,0.4736508056800276,seasonal_naive,APURIMAC
2017-04-10,2.12134568742207,1.1841270142000582,seasonal_naive,APURIMAC
2017-04-17,2.5927558401825377,0.9473016113600481,seasonal_naive,APURIMAC
2017-04-24,3.5355761457034576,1.1841270142000582,seasonal_naive,APURIMAC
2017-05-01,3.2998710693232276,1.420952417040069,seasonal_naive,APURIMAC
2017-05-08,2.828460916562767,1.8946032227200882,seasonal_naive,APURIMAC
2017-05-15,1.4142304582813878,2.1314286255600994,seasonal_naive,APURIMAC
2017-05-22,1.1785253819011576,1.420952417040069,seasonal_naive,APURIMAC
2017-05-29,2.1213456874220777,3.5523810426001603,seasonal_naive,APURIMAC
2017-06-05,3.2998710693232276,4.026031848280181,seasonal_naive,APURIMAC
2017-06-12,3.771281222083688,4.499682653960201,seasonal_naive,APURIMAC
2017-06-19,2.828460916562768,2.6050794312401204,seasonal_naive,APURIMAC
2017-06-26,1.8856406110418478,2.3682540284001097,seasonal_naive,APURIMAC
2017-07-03,1.649935534661618,2.6050794312401204,seasonal_naive,APURIMAC
2017-07-10,1.1785253819011576,3.0787302369201406,seasonal_naive,APURIMAC
2017-07-17,1.1785253819011579,2.8419048340801307,seasonal_naive,APURIMAC
2017-07-24,0.9428203055209278,3.3155556397601504,seasonal_naive,APURIMAC
2017-07-31,0.7071152291406978,3.3155556397601504,seasonal_naive,APURIMAC
2017-08-07,0.7071152291406978,2.8419048340801307,seasonal_naive,APURIMAC
2017-08-14,0.7071152291406978,2.6050794312401195,seasonal_naive,APURIMAC
2017-08-21,0.7071152291406978,1.6577778198800788,seasonal_naive,APURIMAC
2017-08-28,0.23570507638023772,3.5523810426001603,seasonal_naive,APURIMAC
2017-09-04,0.0,2.6050794312401204,seasonal_naive,APURIMAC
2017-09-11,0.0,2.6050794312401204,seasonal_naive,APURIMAC
2017-09-18,0.0,1.8946032227200895,seasonal_naive,APURIMAC
2017-09-25,0.23570507638023772,1.6577778198800797,seasonal_naive,APURIMAC
2017-10-02,0.23570507638023772,2.1314286255601,seasonal_naive,APURIMAC
2017-10-09,0.23570507638023772,1.4209524170400694,seasonal_naive,APURIMAC
2017-10-16,0.23570507638023772,2.6050794312401204,seasonal_naive,APURIMAC
2017-10-23,0.7071152291406978,2.1314286255601,seasonal_naive,APURIMAC
2017-10-30,1.4142304582813878,2.3682540284001097,seasonal_naive,APURIMAC
2017-11-06,1.649935534661618,1.8946032227200895,seasonal_naive,APURIMAC
2017-11-13,1.649935534661618,2.1314286255601,seasonal_naive,APURIMAC
2017-11-20,0.9428203055209278,1.4209524170400694,seasonal_naive,APURIMAC
2017-11-27,0.4714101527604677,1.1841270142000586,seasonal_naive,APURIMAC
2017-12-04,0.7071152291406978,1.1841270142000586,seasonal_naive,APURIMAC
2017-12-11,1.8856406110418478,0.9473016113600485,seasonal_naive,APURIMAC
2017-12-18,2.5927558401825377,0.9473016113600485,seasonal_naive,APURIMAC
2017-12-25,2.1213456874220777,0.4736508056800281,seasonal_naive,APURIMAC
2018-01-01,1.1779202582658372,0.9450609584404883,seasonal_naive,APURIMAC
2018-01-08,0.47080502912514716,0.9428203055209277,seasonal_naive,APURIMAC
2018-01-15,0.23509995274491716,0.9428203055209277,seasonal_naive,APURIMAC
2018-01-22,0.9403998109796455,0.7071152291406977,seasonal_naive,APURIMAC
2018-01-29,1.175499763724555,1.1785253819011579,seasonal_naive,APURIMAC
2018-02-05,1.645699669214374,1.1785253819011579,seasonal_naive,APURIMAC
2018-02-12,0.7052998582347362,1.4142304582813878,seasonal_naive,APURIMAC
2018-02-19,0.4701999054898267,0.9428203055209279,seasonal_naive,APURIMAC
2018-02-26,0.7052998582347362,2.357050763802308,seasonal_naive,APURIMAC
2018-03-05,1.175499763724555,2.828460916562768,seasonal_naive,APURIMAC
2018-03-12,1.4105997164694646,3.2998710693232276,seasonal_naive,APURIMAC
2018-03-19,1.175499763724555,2.3570507638023073,seasonal_naive,APURIMAC
2018-03-26,1.175499763724555,2.121345687422078,seasonal_naive,APURIMAC
2018-04-02,0.9403998109796454,1.8856406110418478,seasonal_naive,APURIMAC
2018-04-09,0.47019990548982665,2.1213456874220706,seasonal_naive,APURIMAC
2018-04-16,0.47019990548982665,2.5927558401825377,seasonal_naive,APURIMAC
2018-04-23,1.175499763724555,3.535576145703457,seasonal_naive,APURIMAC
2018-04-30,1.8807996219592835,3.2998710693232276,seasonal_naive,APURIMAC
2018-05-07,2.1158995747041853,2.828460916562767,seasonal_naive,APURIMAC
2018-05-14,2.3509995274491025,1.4142304582813878,seasonal_naive,APURIMAC
2018-05-21,3.2913993384287408,1.1785253819011579,seasonal_naive,APURIMAC
2018-05-28,4.231799149408379,2.121345687422078,seasonal_naive,APURIMAC
2018-06-04,4.466899102153288,3.2998710693232276,seasonal_naive,APURIMAC
2018-06-11,4.466899102153288,3.7712812220836884,seasonal_naive,APURIMAC
2018-06-18,4.231799149408379,2.828460916562768,seasonal_naive,APURIMAC
2018-06-25,3.056299385683831,1.8856406110418478,seasonal_naive,APURIMAC
2018-07-02,1.4105997164694646,1.6499355346616178,seasonal_naive,APURIMAC
2018-07-09,0.7052998582347362,1.1785253819011579,seasonal_naive,APURIMAC
2018-07-16,3.056299385683831,1.1785253819011579,seasonal_naive,APURIMAC
2018-07-23,3.056299385683831,0.9428203055209277,seasonal_naive,APURIMAC
2018-07-30,4.9370990076431065,0.7071152291406977,seasonal_naive,APURIMAC
2018-08-06,3.761599243918559,0.7071152291406977,seasonal_naive,APURIMAC
2018-08-13,4.9370990076431065,0.7071152291406977,seasonal_naive,APURIMAC
2018-08-20,2.8211994329389216,0.7071152291406977,seasonal_naive,APURIMAC
2018-08-27,2.586099480194012,0.23570507638023774,seasonal_naive,APURIMAC
2018-09-03,2.3509995274491025,0.0,seasonal_naive,APURIMAC
2018-09-10,1.8807996219592837,0.0,seasonal_naive,APURIMAC
2018-09-17,2.115899574704193,0.0,seasonal_naive,APURIMAC
2018-09-24,1.4105997164694646,0.23570507638023774,seasonal_naive,APURIMAC
2018-10-01,1.4105997164694646,0.23570507638023774,seasonal_naive,APURIMAC
2018-10-08,0.7052998582347362,0.23570507638023774,seasonal_naive,APURIMAC
2018-10-15,1.1754997637245552,0.23570507638023774,seasonal_naive,APURIMAC
2018-10-22,2.3509995274491025,0.7071152291406977,seasonal_naive,APURIMAC
2018-10-29,2.1158995747041933,1.4142304582813878,seasonal_naive,APURIMAC
2018-11-05,2.115899574704193,1.6499355346616178,seasonal_naive,APURIMAC
2018-11-12,0.9403998109796455,1.6499355346616178,seasonal_naive,APURIMAC
2018-11-19,1.4105997164694646,0.9428203055209277,seasonal_naive,APURIMAC
2018-11-26,0.9403998109796455,0.47141015276046766,seasonal_naive,APURIMAC
2018-12-03,2.586099480194012,0.7071152291406977,seasonal_naive,APURIMAC
2018-12-10,2.115899574704193,1.8856406110418478,seasonal_naive,APURIMAC
2018-12-17,1.8807996219592835,2.5927558401825377,seasonal_naive,APURIMAC
2018-12-24,0.4701999054898263,2.121345687422078,seasonal_naive,APURIMAC
2018-12-31,0.4701999054898263,1.177920258265837,seasonal_naive,APURIMAC
2019-01-07,0.9391957619114347,0.4708050291251472,seasonal_naive,APURIMAC
2019-01-14,0.9385937373773295,0.23509995274491718,seasonal_naive,APURIMAC
2019-01-21,0.70349378463242,0.9403998109796456,seasonal_naive,APURIMAC
2019-01-28,0.23449792821081164,1.175499763724555,seasonal_naive,APURIMAC
2019-02-04,0.0,1.6456996692143742,seasonal_naive,APURIMAC
2019-02-11,0.0,0.7052998582347361,seasonal_naive,APURIMAC
2019-02-18,0.0,0.4701999054898267,seasonal_naive,APURIMAC
2019-02-25,0.23449792821081164,0.7052998582347361,seasonal_naive,APURIMAC
2019-03-04,0.23449792821081164,1.175499763724555,seasonal_naive,APURIMAC
2019-03-11,0.4689958564216159,1.4105997164694646,seasonal_naive,APURIMAC
2019-03-18,0.4689958564216159,1.175499763724555,seasonal_naive,APURIMAC
2019-03-25,0.4689958564216159,1.175499763724555,seasonal_naive,APURIMAC
2019-04-01,0.4689958564216159,0.9403998109796454,seasonal_naive,APURIMAC
2019-04-08,1.4069875692648328,0.47019990548982665,seasonal_naive,APURIMAC
2019-04-15,1.8759834256864416,0.47019990548982665,seasonal_naive,APURIMAC
2019-04-22,2.5794772103188546,1.175499763724555,seasonal_naive,APURIMAC
2019-04-29,2.3449792821080497,1.8807996219592833,seasonal_naive,APURIMAC
2019-05-06,2.3449792821080497,2.1158995747041853,seasonal_naive,APURIMAC
2019-05-13,1.6414854974756372,2.350999527449103,seasonal_naive,APURIMAC
2019-05-20,1.1724896410540286,3.291399338428741,seasonal_naive,APURIMAC
2019-05-27,2.3449792821080497,4.231799149408379,seasonal_naive,APURIMAC
2019-06-03,3.7519668513728757,4.466899102153287,seasonal_naive,APURIMAC
2019-06-10,4.220962707794484,4.466899102153287,seasonal_naive,APURIMAC
2019-06-17,3.9864647795836796,4.231799149408379,seasonal_naive,APURIMAC
2019-06-24,2.579477210318854,3.0562993856838307,seasonal_naive,APURIMAC
2019-07-01,2.579477210318854,1.4105997164694646,seasonal_naive,APURIMAC
2019-07-08,1.641485497475637,0.7052998582347361,seasonal_naive,APURIMAC
2019-07-15,3.048473066740463,3.0562993856838307,seasonal_naive,APURIMAC
2019-07-22,2.3449792821080497,3.0562993856838307,seasonal_naive,APURIMAC
2019-07-29,2.3449792821080497,4.9370990076431065,seasonal_naive,APURIMAC
2019-08-05,1.641485497475637,3.7615992439185586,seasonal_naive,APURIMAC
2019-08-12,2.579477210318854,4.9370990076431065,seasonal_naive,APURIMAC
2019-08-19,2.579477210318854,2.8211994329389216,seasonal_naive,APURIMAC
2019-08-26,2.3449792821080497,2.586099480194012,seasonal_naive,APURIMAC
2019-09-02,1.641485497475637,2.350999527449103,seasonal_naive,APURIMAC
2019-09-09,1.1724896410540284,1.8807996219592833,seasonal_naive,APURIMAC
2019-09-16,0.4689958564216156,2.1158995747041933,seasonal_naive,APURIMAC
2019-09-23,0.0,1.4105997164694646,seasonal_naive,APURIMAC
2019-09-30,0.23449792821081136,1.4105997164694646,seasonal_naive,APURIMAC
2019-10-07,0.23449792821081136,0.7052998582347361,seasonal_naive,APURIMAC
2019-10-14,0.23449792821081136,1.1754997637245554,seasonal_naive,APURIMAC
2019-10-21,0.0,2.350999527449103,seasonal_naive,APURIMAC
2019-10-28,0.0,2.1158995747041933,seasonal_naive,APURIMAC
2019-11-04,0.23449792821081136,2.1158995747041933,seasonal_naive,APURIMAC
2019-11-11,0.23449792821081136,0.9403998109796456,seasonal_naive,APURIMAC
2019-11-18,0.7034937846324198,1.4105997164694646,seasonal_naive,APURIMAC
2019-11-25,0.4689958564216156,0.9403998109796456,seasonal_naive,APURIMAC
2019-12-02,0.7034937846324198,2.586099480194012,seasonal_naive,APURIMAC
2019-12-09,0.23449792821081136,2.1158995747041933,seasonal_naive,APURIMAC
2019-12-16,0.23449792821081136,1.8807996219592833,seasonal_naive,APURIMAC
2019-12-23,0.4689958564216156,0.4701999054898263,seasonal_naive,APURIMAC
2019-12-30,0.9379917128432241,0.4701999054898263,seasonal_naive,APURIMAC
2020-01-06,1.8735876289670503,0.9391957619114348,seasonal_naive,APURIMAC
2020-01-13,1.4045917725454418,0.9385937373773297,seasonal_naive,APURIMAC
2020-01-20,0.9355959161238333,0.7034937846324201,seasonal_naive,APURIMAC
2020-01-27,0.4677979580619202,0.2344979282108116,seasonal_naive,APURIMAC
2020-02-03,1.4033938741857463,0.0,seasonal_naive,APURIMAC
2020-02-10,2.105090811278616,0.0,seasonal_naive,APURIMAC
2020-02-17,2.105090811278616,0.0,seasonal_naive,APURIMAC
2020-02-24,1.4033938741857463,0.2344979282108116,seasonal_naive,APURIMAC
2020-03-02,1.1694948951547899,0.2344979282108116,seasonal_naive,APURIMAC
2020-03-09,0.9355959161238333,0.46899585642161595,seasonal_naive,APURIMAC
2020-03-16,1.4033938741857463,0.46899585642161595,seasonal_naive,APURIMAC
2020-03-23,0.9355959161238333,0.46899585642161595,seasonal_naive,APURIMAC
2020-03-30,1.1694948951547899,0.46899585642161595,seasonal_naive,APURIMAC
2020-04-06,0.7016969370928767,1.406987569264833,seasonal_naive,APURIMAC
2020-04-13,0.7016969370928767,1.8759834256864414,seasonal_naive,APURIMAC
2020-04-20,0.23389897903096366,2.579477210318855,seasonal_naive,APURIMAC
2020-04-27,0.23389897903096366,2.3449792821080497,seasonal_naive,APURIMAC
2020-05-04,0.4677979580619202,2.3449792821080497,seasonal_naive,APURIMAC
2020-05-11,0.4677979580619202,1.6414854974756374,seasonal_naive,APURIMAC
2020-05-18,0.23389897903096366,1.1724896410540286,seasonal_naive,APURIMAC
2020-05-25,0.0,2.3449792821080497,seasonal_naive,APURIMAC
2020-06-01,0.0,3.7519668513728757,seasonal_naive,APURIMAC
2020-06-08,0.0,4.220962707794484,seasonal_naive,APURIMAC
2020-06-15,0.0,3.986464779583679,seasonal_naive,APURIMAC
2020-06-22,0.0,2.579477210318854,seasonal_naive,APURIMAC
2020-06-29,0.0,2.579477210318854,seasonal_naive,APURIMAC
2020-07-06,0.0,1.641485497475637,seasonal_naive,APURIMAC
2020-07-13,0.0,3.0484730667404634,seasonal_naive,APURIMAC
2020-07-20,0.0,2.3449792821080497,seasonal_naive,APURIMAC
2020-07-27,0.23389897903096366,2.3449792821080497,seasonal_naive,APURIMAC
2020-08-03,0.23389897903096366,1.641485497475637,seasonal_naive,APURIMAC
2020-08-10,0.4677979580619202,2.579477210318854,seasonal_naive,APURIMAC
2020-08-17,0.23389897903096366,2.579477210318854,seasonal_naive,APURIMAC
2020-08-24,0.23389897903096366,2.3449792821080497,seasonal_naive,APURIMAC
2020-08-31,0.0,1.641485497475637,seasonal_naive,APURIMAC
2020-09-07,0.0,1.1724896410540286,seasonal_naive,APURIMAC
2020-09-14,0.0,0.4689958564216156,seasonal_naive,APURIMAC
2020-09-21,0.0,0.0,seasonal_naive,APURIMAC
2020-09-28,0.0,0.23449792821081133,seasonal_naive,APURIMAC
2020-10-05,0.0,0.23449792821081133,seasonal_naive,APURIMAC
2020-10-12,0.0,0.23449792821081133,seasonal_naive,APURIMAC
2020-10-19,0.0,0.0,seasonal_naive,APURIMAC
2020-10-26,0.0,0.0,seasonal_naive,APURIMAC
2020-11-02,0.0,0.23449792821081133,seasonal_naive,APURIMAC
2020-11-09,0.0,0.23449792821081133,seasonal_naive,APURIMAC
2020-11-16,0.23389897903096366,0.7034937846324198,seasonal_naive,APURIMAC
2020-11-23,0.23389897903096366,0.4689958564216156,seasonal_naive,APURIMAC
2020-11-30,0.23389897903096366,0.7034937846324198,seasonal_naive,APURIMAC
2020-12-07,0.0,0.23449792821081133,seasonal_naive,APURIMAC
2020-12-14,0.0,0.23449792821081133,seasonal_naive,APURIMAC
2020-12-21,0.0,0.4689958564216156,seasonal_naive,APURIMAC
2020-12-28,0.0,0.937991712843224,seasonal_naive,APURIMAC
2021-01-04,0.0,1.8735876289670506,seasonal_naive,APURIMAC
2021-01-11,0.0,1.4045917725454418,seasonal_naive,APURIMAC
2021-01-18,0.0,0.9355959161238332,seasonal_naive,APURIMAC
2021-01-25,0.46660616340081945,0.4677979580619202,seasonal_naive,APURIMAC
2021-02-01,0.46660616340081945,1.4033938741857463,seasonal_naive,APURIMAC
2021-02-08,0.46660616340081945,2.105090811278616,seasonal_naive,APURIMAC
2021-02-15,0.0,2.105090811278616,seasonal_naive,APURIMAC
2021-02-22,0.0,1.4033938741857463,seasonal_naive,APURIMAC
2021-03-01,0.0,1.16949489515479,seasonal_naive,APURIMAC
2021-03-08,0.46660616340081945,0.9355959161238332,seasonal_naive,APURIMAC
2021-03-15,0.46660616340081945,1.4033938741857463,seasonal_naive,APURIMAC
2021-03-22,0.6999092451012258,0.9355959161238332,seasonal_naive,APURIMAC
2021-03-29,0.23330308170041328,1.16949489515479,seasonal_naive,APURIMAC
2021-04-05,0.46660616340081945,0.7016969370928767,seasonal_naive,APURIMAC
2021-04-12,0.23330308170041328,0.7016969370928767,seasonal_naive,APURIMAC
2021-04-19,0.23330308170041328,0.23389897903096368,seasonal_naive,APURIMAC
2021-04-26,0.23330308170041328,0.23389897903096368,seasonal_naive,APURIMAC
2021-05-03,0.23330308170041328,0.4677979580619202,seasonal_naive,APURIMAC
2021-05-10,0.23330308170041328,0.4677979580619202,seasonal_naive,APURIMAC
2021-05-17,0.0,0.23389897903096368,seasonal_naive,APURIMAC
2021-05-24,0.0,0.0,seasonal_naive,APURIMAC
2021-05-31,0.23330308170041328,0.0,seasonal_naive,APURIMAC
2021-06-07,0.23330308170041328,0.0,seasonal_naive,APURIMAC
2021-06-14,0.46660616340081945,0.0,seasonal_naive,APURIMAC
2021-06-21,0.23330308170041328,0.0,seasonal_naive,APURIMAC
2021-06-28,0.23330308170041328,0.0,seasonal_naive,APURIMAC
2021-07-05,0.23330308170041328,0.0,seasonal_naive,APURIMAC
2021-07-12,0.23330308170041328,0.0,seasonal_naive,APURIMAC
2021-07-19,0.23330308170041328,0.0,seasonal_naive,APURIMAC
2021-07-26,0.0,0.23389897903096368,seasonal_naive,APURIMAC
2021-08-02,0.0,0.23389897903096368,seasonal_naive,APURIMAC
2021-08-09,0.0,0.4677979580619202,seasonal_naive,APURIMAC
2021-08-16,0.0,0.23389897903096368,seasonal_naive,APURIMAC
2021-08-23,0.23330308170041328,0.23389897903096368,seasonal_naive,APURIMAC
2021-08-30,0.23330308170041328,0.0,seasonal_naive,APURIMAC
2021-09-06,0.46660616340081945,0.0,seasonal_naive,APURIMAC
2021-09-13,0.23330308170041328,0.0,seasonal_naive,APURIMAC
2021-09-20,0.23330308170041328,0.0,seasonal_naive,APURIMAC
2021-09-27,0.46660616340081945,0.0,seasonal_naive,APURIMAC
2021-10-04,0.9332123268016318,0.0,seasonal_naive,APURIMAC
2021-10-11,0.9332123268016318,0.0,seasonal_naive,APURIMAC
2021-10-18,0.9332123268016318,0.0,seasonal_naive,APURIMAC
2021-10-25,0.46660616340081945,0.0,seasonal_naive,APURIMAC
2021-11-01,0.46660616340081945,0.0,seasonal_naive,APURIMAC
2021-11-08,0.0,0.0,seasonal_naive,APURIMAC
2021-11-15,0.0,0.23389897903096368,seasonal_naive,APURIMAC
2021-11-22,0.0,0.23389897903096368,seasonal_naive,APURIMAC
2021-11-29,0.46660616340081945,0.23389897903096368,seasonal_naive,APURIMAC
2021-12-06,1.166515408502038,0.0,seasonal_naive,APURIMAC
2021-12-13,2.333030817004069,0.0,seasonal_naive,APURIMAC
2021-12-20,1.8664246536032565,0.0,seasonal_naive,APURIMAC
2021-12-27,1.3998184902024444,0.0,seasonal_naive,APURIMAC
2022-01-03,0.9314320959422452,0.0,seasonal_naive,APURIMAC
2022-01-10,0.9314320959422452,0.0,seasonal_naive,APURIMAC
2022-01-17,1.3962580284836708,0.0,seasonal_naive,APURIMAC
2022-01-24,1.396258028483671,0.4666061634008195,seasonal_naive,APURIMAC
2022-01-31,2.5598063855533906,0.4666061634008195,seasonal_naive,APURIMAC
2022-02-07,2.3270967141394467,0.4666061634008195,seasonal_naive,APURIMAC
2022-02-14,1.8616773713115586,0.0,seasonal_naive,APURIMAC
2022-02-21,0.9308386856557829,0.0,seasonal_naive,APURIMAC
2022-02-28,0.6981290142418318,0.0,seasonal_naive,APURIMAC
2022-03-07,0.9308386856557829,0.4666061634008195,seasonal_naive,APURIMAC
2022-03-14,0.6981290142418389,0.4666061634008195,seasonal_naive,APURIMAC
2022-03-21,0.930838685655783,0.6999092451012259,seasonal_naive,APURIMAC
2022-03-28,1.6289676998976148,0.23330308170041325,seasonal_naive,APURIMAC
2022-04-04,2.7925160569673344,0.4666061634008195,seasonal_naive,APURIMAC
2022-04-11,2.3270967141394467,0.23330308170041325,seasonal_naive,APURIMAC
2022-04-18,1.6289676998976148,0.23330308170041325,seasonal_naive,APURIMAC
2022-04-25,1.163548357069727,0.23330308170041325,seasonal_naive,APURIMAC
2022-05-02,2.3270967141394467,0.23330308170041325,seasonal_naive,APURIMAC
2022-05-09,2.0943870427255025,0.23330308170041325,seasonal_naive,APURIMAC
2022-05-16,3.2579353997952225,0.0,seasonal_naive,APURIMAC
2022-05-23,4.654193428278886,0.0,seasonal_naive,APURIMAC
2022-05-30,5.119612771106774,0.23330308170041325,seasonal_naive,APURIMAC
2022-06-06,3.956064414037055,0.23330308170041325,seasonal_naive,APURIMAC
2022-06-13,2.5598063855533906,0.4666061634008195,seasonal_naive,APURIMAC
2022-06-20,3.2579353997952225,0.23330308170041325,seasonal_naive,APURIMAC
2022-06-27,3.956064414037055,0.23330308170041325,seasonal_naive,APURIMAC
2022-07-04,5.119612771106774,0.23330308170041325,seasonal_naive,APURIMAC
2022-07-11,5.352322442520719,0.23330308170041325,seasonal_naive,APURIMAC
2022-07-18,6.050451456762549,0.23330308170041325,seasonal_naive,APURIMAC
2022-07-25,5.585032113934662,0.0,seasonal_naive,APURIMAC
2022-08-01,5.119612771106774,0.0,seasonal_naive,APURIMAC
2022-08-08,3.72335474262311,0.0,seasonal_naive,APURIMAC
2022-08-15,2.094387042725503,0.0,seasonal_naive,APURIMAC
2022-08-22,1.6289676998976148,0.23330308170041325,seasonal_naive,APURIMAC
2022-08-29,1.396258028483671,0.23330308170041325,seasonal_naive,APURIMAC
2022-09-05,1.8616773713115589,0.4666061634008195,seasonal_naive,APURIMAC
2022-09-12,1.163548357069727,0.23330308170041325,seasonal_naive,APURIMAC
2022-09-19,0.6981290142418389,0.23330308170041325,seasonal_naive,APURIMAC
2022-09-26,0.23270967141395105,0.4666061634008195,seasonal_naive,APURIMAC
2022-10-03,0.930838685655783,0.9332123268016319,seasonal_naive,APURIMAC
2022-10-10,1.163548357069727,0.9332123268016319,seasonal_naive,APURIMAC
2022-10-17,1.6289676998976148,0.9332123268016319,seasonal_naive,APURIMAC
2022-10-24,1.163548357069727,0.4666061634008195,seasonal_naive,APURIMAC
2022-10-31,0.930838685655783,0.4666061634008195,seasonal_naive,APURIMAC
2022-11-07,0.465419342827895,0.0,seasonal_naive,APURIMAC
2022-11-14,0.465419342827895,0.0,seasonal_naive,APURIMAC
2022-11-21,0.465419342827895,0.0,seasonal_naive,APURIMAC
2022-11-28,0.23270967141395105,0.4666061634008195,seasonal_naive,APURIMAC
2022-12-05,0.465419342827895,1.166515408502038,seasonal_naive,APURIMAC
2010-12-27,2.43777577338437,2.1800104788501864,holt_winters,APURIMAC
2011-01-03,1.9502206187074975,2.5857656895366965,holt_winters,APURIMAC
2011-01-10,1.4567309489849294,2.8356816853042006,holt_winters,APURIMAC
2011-01-17,1.698134720305088,2.6338972322222416,holt_winters,APURIMAC
2011-01-24,1.698134720305088,1.6295884516369652,holt_winters,APURIMAC
2011-01-31,0.4851813486586008,1.158232658974383,holt_winters,APURIMAC
2011-02-07,0.7277720229878982,1.452549641539644,holt_winters,APURIMAC
2011-02-14,2.183316068963683,1.3974545635689886,holt_winters,APURIMAC
2011-02-21,2.183316068963683,2.9732896184812905,holt_winters,APURIMAC
2011-02-28,1.4555440459757907,3.190761958638154,holt_winters,APURIMAC
2011-03-07,0.4851813486586008,3.7884357528578496,holt_winters,APURIMAC
2011-03-14,0.9703626973171957,4.167888830659276,holt_winters,APURIMAC
2011-03-21,1.212953371646493,1.190648423267998,holt_winters,APURIMAC
2011-03-28,0.9703626973171957,1.1774838009825923,holt_winters,APURIMAC
2011-04-04,0.9703626973171957,1.2585983275189414,holt_winters,APURIMAC
2011-04-11,1.698134720305088,1.4044831698040015,holt_winters,APURIMAC
2011-04-18,2.911088091951575,1.8091754247550056,holt_winters,APURIMAC
2011-04-25,3.6388601149394675,2.0935488603332737,holt_winters,APURIMAC
2011-05-02,4.851813486585955,2.4983994942586256,holt_winters,APURIMAC
2011-05-09,4.851813486585955,2.9523242753092958,holt_winters,APURIMAC
2011-05-16,4.609222812256657,5.536459123459801,holt_winters,APURIMAC
2011-05-23,4.609222812256657,5.503611632976608,holt_winters,APURIMAC
2011-05-30,5.33699483524455,5.108251020308289,holt_winters,APURIMAC
2011-06-06,6.064766858232442,4.596368358341106,holt_winters,APURIMAC
2011-06-13,6.549948206891037,6.0209250816802715,holt_winters,APURIMAC
2011-06-20,7.035129555549632,6.142581980121019,holt_winters,APURIMAC
2011-06-27,7.035129555549632,5.564531486629853,holt_winters,APURIMAC
2011-07-04,5.579585509573847,4.786939377092684,holt_winters,APURIMAC
2011-07-11,4.124041463598062,4.760101390048816,holt_winters,APURIMAC
2011-07-18,3.3962694406101703,4.295603094949564,holt_winters,APURIMAC
2011-07-25,3.6388601149394675,3.750755251560048,holt_winters,APURIMAC
2011-08-01,3.6388601149394675,4.260161982679364,holt_winters,APURIMAC
2011-08-08,3.1536787662808727,3.635669124905726,holt_winters,APURIMAC
2011-08-15,2.183316068963683,3.3976991115421065,holt_winters,APURIMAC
2011-08-22,1.9407253946343854,3.3161526422929093,holt_winters,APURIMAC
2011-08-29,1.9407253946343854,3.2339907594655486,holt_winters,APURIMAC
2011-09-05,1.9407253946343854,2.5638753954070883,holt_winters,APURIMAC
2011-09-12,1.9407253946343854,2.2863898019590345,holt_winters,APURIMAC
2011-09-19,1.9407253946343854,2.438057337437005,holt_winters,APURIMAC
2011-09-26,2.4259067432929804,2.381759944742676,holt_winters,APURIMAC
2011-10-03,1.4555440459757907,2.147342886066328,holt_winters,APURIMAC
2011-10-10,1.212953371646493,1.8728090387307912,holt_winters,APURIMAC
2011-10-17,0.24259067432930337,1.416328181201091,holt_winters,APURIMAC
2011-10-24,0.7277720229878982,1.5827632811140258,holt_winters,APURIMAC
2011-10-31,0.4851813486586008,0.7318357002221121,holt_winters,APURIMAC
2011-11-07,1.212953371646493,0.9391059396634212,holt_winters,APURIMAC
2011-11-14,0.7277720229878982,0.828341311819542,holt_winters,APURIMAC
2011-11-21,1.4555440459757907,1.1267321571160491,holt_winters,APURIMAC
2011-11-28,0.9703626973171957,1.1341243998776047,holt_winters,APURIMAC
2011-12-05,0.9703626973171957,1.0454631922776683,holt_winters,APURIMAC
2011-12-12,0.4851813486586008,0.5813920591138186,holt_winters,APURIMAC
2011-12-19,0.24259067432930337,0.7572354489413504,holt_winters,APURIMAC
2011-12-26,0.4851813486586008,0.0821317745410748,holt_winters,APURIMAC
2012-01-02,0.4840059472251279,0.19338577042400568,holt_winters,APURIMAC
2012-01-09,0.7254212201209524,0.223454503263393,holt_winters,APURIMAC
2012-01-16,0.7242458186874735,0.2510120471583185,holt_winters,APURIMAC
2012-01-23,0.7242458186874735,0.7192411447967084,holt_winters,APURIMAC
2012-01-30,0.4828305457916549,0.20367499289798296,holt_winters,APURIMAC
2012-02-06,0.7242458186874794,0.37351803265060385,holt_winters,APURIMAC
2012-02-13,0.9656610915833039,0.5419939686651551,holt_winters,APURIMAC
2012-02-20,1.448491637374947,1.4103083695850565,holt_winters,APURIMAC
2012-02-27,1.448491637374947,1.3563235383864587,holt_winters,APURIMAC
2012-03-05,1.2070763644791285,1.4841030174468988,holt_winters,APURIMAC
2012-03-12,1.2070763644791285,1.7574130888930126,holt_winters,APURIMAC
2012-03-19,1.4484916373749528,1.4049377651641746,holt_winters,APURIMAC
2012-03-26,1.6899069102707776,1.3304404132958818,holt_winters,APURIMAC
2012-04-02,2.6555680018540753,1.4765518665908877,holt_winters,APURIMAC
2012-04-09,2.8969832747499,1.9078196067302455,holt_winters,APURIMAC
2012-04-16,3.6212290934373734,3.302252111539385,holt_winters,APURIMAC
2012-04-23,2.8969832747499,3.914522845374476,holt_winters,APURIMAC
2012-04-30,4.345474912124846,4.551169559468613,holt_winters,APURIMAC
2012-05-07,4.828305457916495,4.9965848349399735,holt_winters,APURIMAC
2012-05-14,7.24245818687474,5.248031397401713,holt_winters,APURIMAC
2012-05-21,5.552551276603968,5.292083412622308,holt_winters,APURIMAC
2012-05-28,4.345474912124847,5.3026479472159815,holt_winters,APURIMAC
2012-06-04,5.311136003708145,4.73247362477285,holt_winters,APURIMAC
2012-06-11,5.793966549499795,5.470915437667846,holt_winters,APURIMAC
2012-06-18,7.2424581868747415,5.408774229513451,holt_winters,APURIMAC
2012-06-25,3.8626443663331984,4.849258653937506,holt_winters,APURIMAC
2012-07-02,2.8969832747499003,4.175946590920799,holt_winters,APURIMAC
2012-07-09,1.2070763644791291,2.2936686488864035,holt_winters,APURIMAC
2012-07-16,1.9313221831666025,2.048822999235493,holt_winters,APURIMAC
2012-07-23,1.6899069102707782,1.6959551482024011,holt_winters,APURIMAC
2012-07-30,1.9313221831666025,1.9506601461011344,holt_winters,APURIMAC
2012-08-06,0.9656610915833045,1.7780714132210846,holt_winters,APURIMAC
2012-08-13,2.4141527289582516,1.4418745010027374,holt_winters,APURIMAC
2012-08-20,2.8969832747499003,1.3499867560811074,holt_winters,APURIMAC
2012-08-27,2.4141527289582516,1.2122222077904827,holt_winters,APURIMAC
2012-09-03,1.4484916373749537,2.9811695448374094,holt_winters,APURIMAC
2012-09-10,0.9656610915833048,2.7508177578331034,holt_winters,APURIMAC
2012-09-17,0.9656610915833048,3.2013115894688164,holt_winters,APURIMAC
2012-09-24,0.7242458186874803,2.9333930721813273,holt_winters,APURIMAC
2012-10-01,0.2414152728958313,0.5541278586036578,holt_winters,APURIMAC
2012-10-08,0.2414152728958313,0.3406103850735543,holt_winters,APURIMAC
2012-10-15,1.6899069102707782,0.0865400936802539,holt_winters,APURIMAC
2012-10-22,2.655568001854076,0.23609467712212576,holt_winters,APURIMAC
2012-10-29,2.8969832747499003,2.5148893997928234,holt_winters,APURIMAC
2012-11-05,1.4484916373749537,3.268313354583463,holt_winters,APURIMAC
2012-11-12,0.4828305457916558,2.9545949376558838,holt_winters,APURIMAC
2012-11-19,2.8969832747499003,3.534294453364903,holt_winters,APURIMAC
2012-11-26,2.655568001854076,2.0071651836678845,holt_winters,APURIMAC
2012-12-03,3.6212290934373743,1.8784982864788593,holt_winters,APURIMAC
2012-12-10,1.2070763644791294,1.2157428654636284,holt_winters,APURIMAC
2012-12-17,1.6899069102707784,1.3859187899184677,holt_winters,APURIMAC
2012-12-24,1.4484916373749537,1.4340327959504036,holt_winters,APURIMAC
2012-12-31,1.9313221831666028,1.6373015123438477,holt_winters,APURIMAC
2013-01-07,2.409496464021696,1.7202752659469431,holt_winters,APURIMAC
2013-01-14,2.4060042653192784,1.7787797150969604,holt_winters,APURIMAC
2013-01-21,1.681758446631805,2.2828761202672423,holt_winters,APURIMAC
2013-01-28,0.7207536199850632,1.4065663017152863,holt_winters,APURIMAC
2013-02-04,0.0,1.7226672976374862,holt_winters,APURIMAC
2013-02-11,0.0,2.0928440598543605,holt_winters,APURIMAC
2013-02-18,0.24025120666169228,0.27822204609070966,holt_winters,APURIMAC
2013-02-25,0.24025120666169228,0.3127237323834217,holt_winters,APURIMAC
2013-03-04,0.24025120666169228,0.3007722960068192,holt_winters,APURIMAC
2013-03-11,0.48050241332337773,0.4203916116304169,holt_winters,APURIMAC
2013-03-18,0.7207536199850632,0.6015849419510031,holt_winters,APURIMAC
2013-03-25,0.9610048266467487,0.6610896271460691,holt_winters,APURIMAC
2013-04-01,0.7207536199850564,0.8554654368087162,holt_winters,APURIMAC
2013-04-08,1.4415072399701196,1.184375000527389,holt_winters,APURIMAC
2013-04-15,2.8830144799402326,1.963123190722519,holt_winters,APURIMAC
2013-04-22,3.8440193065869743,2.368279008516545,holt_winters,APURIMAC
2013-04-29,3.363516893263603,3.086432834708794,holt_winters,APURIMAC
2013-05-06,2.4025120666168616,3.3254673623759965,holt_winters,APURIMAC
2013-05-13,2.162260859955176,2.818304719342106,holt_winters,APURIMAC
2013-05-20,5.285526546557087,2.6841456888220234,holt_winters,APURIMAC
2013-05-27,6.7270337865272,2.7482661807423328,holt_winters,APURIMAC
2013-06-03,6.967284993188886,2.654731648670374,holt_winters,APURIMAC
2013-06-10,4.324521719910345,7.257388799197853,holt_winters,APURIMAC
2013-06-17,4.56477292657203,7.2855768695523455,holt_winters,APURIMAC
2013-06-24,6.006280166542143,5.774640842264842,holt_winters,APURIMAC
2013-07-01,5.525777753218772,4.636063428732073,holt_winters,APURIMAC
2013-07-08,3.8440193065869743,3.9462515751101837,holt_winters,APURIMAC
2013-07-15,3.6037680999252886,3.929354432157072,holt_winters,APURIMAC
2013-07-22,3.8440193065869743,3.716964448170816,holt_winters,APURIMAC
2013-07-29,4.0842705132486605,3.911959166958309,holt_winters,APURIMAC
2013-08-05,2.6427632732785473,3.0961444465111283,holt_winters,APURIMAC
2013-08-12,2.1622608599551763,2.9637234801878636,holt_winters,APURIMAC
2013-08-19,1.4415072399701199,3.0156019142275508,holt_winters,APURIMAC
2013-08-26,0.7207536199850564,2.73521262285923,holt_winters,APURIMAC
2013-09-02,0.9610048266467489,0.7732274982652612,holt_winters,APURIMAC
2013-09-09,0.7207536199850635,0.6122848377051817,holt_winters,APURIMAC
2013-09-16,0.480502413323378,0.7426459628830293,holt_winters,APURIMAC
2013-09-23,0.24025120666169256,0.6277513118814844,holt_winters,APURIMAC
2013-09-30,0.480502413323378,0.0,holt_winters,APURIMAC
2013-10-07,0.480502413323378,0.0,holt_winters,APURIMAC
2013-10-14,0.24025120666169256,0.0,holt_winters,APURIMAC
2013-10-21,0.24025120666169256,0.03531961268216162,holt_winters,APURIMAC
2013-10-28,0.24025120666169256,0.19535699454325256,holt_winters,APURIMAC
2013-11-04,0.480502413323378,0.34589340441850186,holt_winters,APURIMAC
2013-11-11,0.7207536199850635,0.14755099864638163,holt_winters,APURIMAC
2013-11-18,0.7207536199850635,0.5429539086040351,holt_winters,APURIMAC
2013-11-25,1.4415072399701199,0.42576415843642995,holt_winters,APURIMAC
2013-12-02,1.2012560333084343,0.4237617470265931,holt_winters,APURIMAC
2013-12-09,1.2012560333084343,0.023474502234339556,holt_winters,APURIMAC
2013-12-16,1.2012560333084343,0.17156484510588194,holt_winters,APURIMAC
2013-12-23,2.1622608599551763,0.9289197353307663,holt_winters,APURIMAC
2013-12-30,2.8830144799402326,1.1305719806511743,holt_winters,APURIMAC
2014-01-06,2.1611079657376018,1.2797447591519404,holt_winters,APURIMAC
2014-01-13,0.9598519324291743,1.4319196048800573,holt_winters,APURIMAC
2014-01-20,0.4781966248882286,0.8228014496105858,holt_winters,APURIMAC
2014-01-27,0.23909831244411786,0.30685736950965725,holt_winters,APURIMAC
2014-02-03,0.4781966248882286,0.24573707532723293,holt_winters,APURIMAC
2014-02-10,0.4781966248882286,0.3677358599713547,holt_winters,APURIMAC
2014-02-17,0.4781966248882286,0.8471154250277702,holt_winters,APURIMAC
2014-02-24,0.4781966248882286,0.8250278304098204,holt_winters,APURIMAC
2014-03-03,0.7172949373323393,0.7224709965674474,holt_winters,APURIMAC
2014-03-10,1.4345898746646715,0.8195477188065559,holt_winters,APURIMAC
2014-03-17,2.3909831244411146,1.705397130816992,holt_winters,APURIMAC
2014-03-24,2.151884811997004,1.8542472205288214,holt_winters,APURIMAC
2014-03-31,1.434589874664672,2.0903005691014482,holt_winters,APURIMAC
2014-04-07,0.23909831244411786,2.8797133652970897,holt_winters,APURIMAC
2014-04-14,0.23909831244411786,0.6283341228358199,holt_winters,APURIMAC
2014-04-21,0.23909831244411786,0.8672832622260129,holt_winters,APURIMAC
2014-04-28,0.23909831244411786,1.067857418551509,holt_winters,APURIMAC
2014-05-05,0.23909831244411786,1.1153971298586014,holt_winters,APURIMAC
2014-05-12,1.6736881871087823,0.3723753548306451,holt_winters,APURIMAC
2014-05-19,1.6736881871087823,0.5843010965853674,holt_winters,APURIMAC
2014-05-26,1.6736881871087823,0.649325195306317,holt_winters,APURIMAC
2014-06-02,0.4781966248882286,0.7452745891964039,holt_winters,APURIMAC
2014-06-09,0.4781966248882286,0.36803247392739596,holt_winters,APURIMAC
2014-06-16,0.23909831244411786,0.4204791420300736,holt_winters,APURIMAC
2014-06-23,0.7172949373323393,0.28365382379084625,holt_winters,APURIMAC
2014-06-30,1.6736881871087823,0.10798709175479587,holt_winters,APURIMAC
2014-07-07,2.869179749329336,0.9568254311314472,holt_winters,APURIMAC
2014-07-14,3.108278061773447,1.0236527317034523,holt_winters,APURIMAC
2014-07-21,2.6300814368852254,0.9915851098306319,holt_winters,APURIMAC
2014-07-28,1.4345898746646715,1.121962257355197,holt_winters,APURIMAC
2014-08-04,0.7172949373323393,0.9840722652000402,holt_winters,APURIMAC
2014-08-11,0.23909831244411786,0.8874007992757853,holt_winters,APURIMAC
2014-08-18,0.7172949373323393,0.7407372226768254,holt_winters,APURIMAC
2014-08-25,0.4781966248882286,0.5863658180695381,holt_winters,APURIMAC
2014-09-01,0.4781966248882286,0.5503314285118164,holt_winters,APURIMAC
2014-09-08,0.4781966248882286,0.43360793082431726,holt_winters,APURIMAC
2014-09-15,0.9563932497764501,0.39190713059228616,holt_winters,APURIMAC
2014-09-22,1.195491562220561,0.28357184967404053,holt_winters,APURIMAC
2014-09-29,1.195491562220561,1.0082309890471262,holt_winters,APURIMAC
2014-10-06,0.7172949373323393,0.8291421931791321,holt_winters,APURIMAC
2014-10-13,0.4781966248882286,0.7126203472765378,holt_winters,APURIMAC
2014-10-20,0.4781966248882286,1.0695099334076943,holt_winters,APURIMAC
2014-10-27,0.9563932497764501,0.401448139450065,holt_winters,APURIMAC
2014-11-03,1.9127864995528931,0.5676473394697694,holt_winters,APURIMAC
2014-11-10,1.9127864995528931,0.37987382633422395,holt_winters,APURIMAC
2014-11-17,2.1518848119970038,0.8960898952759537,holt_winters,APURIMAC
2014-11-24,2.1518848119970038,1.8839299632328128,holt_winters,APURIMAC
2014-12-01,1.912786499552893,1.9732785457745963,holt_winters,APURIMAC
2014-12-08,1.195491562220561,1.1587012935907697,holt_winters,APURIMAC
2014-12-15,1.6736881871087823,1.3980331588766557,holt_winters,APURIMAC
2014-12-22,2.1518848119970038,1.9528906702205808,holt_winters,APURIMAC
2014-12-29,2.1518848119970038,2.0814321160870755,holt_winters,APURIMAC
2015-01-05,0.7172949373323393,2.070094088764856,holt_winters,APURIMAC
2015-01-12,0.23795643017764156,1.8729041607727637,holt_winters,APURIMAC
2015-01-19,0.7138692905329105,0.0897735967634021,holt_winters,APURIMAC
2015-01-26,2.1416078715987177,0.0,holt_winters,APURIMAC
2015-02-02,2.6175207319539866,0.0,holt_winters,APURIMAC
2015-02-09,2.6175207319539866,0.0,holt_winters,APURIMAC
2015-02-16,1.6656950112434483,3.0414256040621197,holt_winters,APURIMAC
2015-02-23,1.1897821508881794,2.861173765246191,holt_winters,APURIMAC
2015-03-02,0.9518257207105449,2.575759622635374,holt_winters,APURIMAC
2015-03-09,1.1897821508881796,3.0254190494817177,holt_winters,APURIMAC
2015-03-16,1.1897821508881796,1.6254088587395765,holt_winters,APURIMAC
2015-03-23,1.1897821508881796,1.7090125084466457,holt_winters,APURIMAC
2015-03-30,0.7138692905329034,1.6882542848241928,holt_winters,APURIMAC
2015-04-06,1.903651441421083,1.8228367866421107,holt_winters,APURIMAC
2015-04-13,2.1416078715987177,2.740261716385942,holt_winters,APURIMAC
2015-04-20,4.283215743197427,3.0276853923401568,holt_winters,APURIMAC
2015-04-27,4.045259313019794,3.522595133251289,holt_winters,APURIMAC
2015-05-04,4.759128603552696,3.439034817167979,holt_winters,APURIMAC
2015-05-11,3.093433592309255,6.396756895945339,holt_winters,APURIMAC
2015-05-18,2.3795643017763517,7.209640597133378,holt_winters,APURIMAC
2015-05-25,1.6656950112434483,7.650846655807705,holt_winters,APURIMAC
2015-06-01,2.1416078715987172,7.04194134683523,holt_winters,APURIMAC
2015-06-08,1.6656950112434483,1.9531320921862654,holt_winters,APURIMAC
2015-06-15,1.9036514414210828,1.9187180457217972,holt_winters,APURIMAC
2015-06-22,0.951825720710545,1.9261439885637555,holt_winters,APURIMAC
2015-06-29,1.1897821508881796,1.838370557925121,holt_winters,APURIMAC
2015-07-06,0.9518257207105449,0.8319215933737236,holt_winters,APURIMAC
2015-07-13,1.9036514414210828,0.835423870106782,holt_winters,APURIMAC
2015-07-20,2.3795643017763517,0.7913729030588463,holt_winters,APURIMAC
2015-07-27,2.6175207319539866,0.8217286225596154,holt_winters,APURIMAC
2015-08-03,2.1416078715987106,1.6884408822597519,holt_winters,APURIMAC
2015-08-10,1.665695011243449,1.528780872528821,holt_winters,APURIMAC
2015-08-17,1.1897821508881796,1.4828179535733077,holt_winters,APURIMAC
2015-08-24,0.475912860355276,1.2148949556695996,holt_winters,APURIMAC
2015-08-31,0.951825720710545,0.40656075659017915,holt_winters,APURIMAC
2015-09-07,0.951825720710545,0.29533942685277514,holt_winters,APURIMAC
2015-09-14,1.1897821508881796,0.35942122329177384,holt_winters,APURIMAC
2015-09-21,1.1897821508881796,0.31690366222955424,holt_winters,APURIMAC
2015-09-28,1.1897821508881796,0.9398007259288328,holt_winters,APURIMAC
2015-10-05,1.6656950112434485,0.8456895560387532,holt_winters,APURIMAC
2015-10-12,1.4277385810658139,0.7550413077904918,holt_winters,APURIMAC
2015-10-19,1.1897821508881796,0.952008866039493,holt_winters,APURIMAC
2015-10-26,0.475912860355276,1.2979716746039034,holt_winters,APURIMAC
2015-11-02,0.23795643017764156,1.700170856932873,holt_winters,APURIMAC
2015-11-09,0.23795643017764156,1.409012563416387,holt_winters,APURIMAC
2015-11-16,0.475912860355276,2.3068113903230203,holt_winters,APURIMAC
2015-11-23,0.23795643017764156,0.5060670117950767,holt_winters,APURIMAC
2015-11-30,0.951825720710545,0.5256754374872221,holt_winters,APURIMAC
2015-12-07,0.951825720710545,0.0703525130661603,holt_winters,APURIMAC
2015-12-14,0.951825720710545,0.26931040052484323,holt_winters,APURIMAC
2015-12-21,0.475912860355276,1.2748631342818046,holt_winters,APURIMAC
2015-12-28,0.23795643017764156,1.4148362329312931,holt_winters,APURIMAC
2016-01-04,0.23795643017764156,1.124601842068067,holt_winters,APURIMAC
2016-01-11,0.0,0.8582082651403489,holt_winters,APURIMAC
2016-01-18,0.47365080568002754,0.0,holt_winters,APURIMAC
2016-01-25,0.47365080568002754,0.0,holt_winters,APURIMAC
2016-02-01,0.947301611360048,0.0,holt_winters,APURIMAC
2016-02-08,1.4209524170400687,0.017636020421653194,holt_winters,APURIMAC
2016-02-15,1.4209524170400687,1.494302103010062,holt_winters,APURIMAC
2016-02-22,1.1841270142000582,1.343342557457015,holt_winters,APURIMAC
2016-02-29,0.47365080568002754,1.1380209381770277,holt_winters,APURIMAC
2016-03-07,0.7104762085200307,1.6178620329437674,holt_winters,APURIMAC
2016-03-14,0.47365080568002754,0.9862159569487343,holt_winters,APURIMAC
2016-03-21,0.23682540284001732,0.9762527373033745,holt_winters,APURIMAC
2016-03-28,0.23682540284001732,0.832360706452576,holt_winters,APURIMAC
2016-04-04,0.47365080568002754,1.0404041669408044,holt_winters,APURIMAC
2016-04-11,1.1841270142000584,0.7700409563796551,holt_winters,APURIMAC
2016-04-18,0.947301611360048,1.042022185112096,holt_winters,APURIMAC
2016-04-25,1.1841270142000584,1.2035268567147912,holt_winters,APURIMAC
2016-05-02,1.4209524170400687,1.186063658000029,holt_winters,APURIMAC
2016-05-09,1.8946032227200889,1.8983219214458993,holt_winters,APURIMAC
2016-05-16,2.1314286255600994,2.0311625263043656,holt_winters,APURIMAC
2016-05-23,1.4209524170400687,1.9462112019100775,holt_winters,APURIMAC
2016-05-30,3.5523810426001603,1.8631479898365937,holt_winters,APURIMAC
2016-06-06,4.026031848280181,3.021986190637767,holt_winters,APURIMAC
2016-06-13,4.499682653960201,3.247063401613392,holt_winters,APURIMAC
2016-06-20,2.60507943124012,2.991481691950145,holt_winters,APURIMAC
2016-06-27,2.3682540284001097,3.086950085109927,holt_winters,APURIMAC
2016-07-04,2.60507943124012,1.892248234770637,holt_winters,APURIMAC
2016-07-11,3.0787302369201406,2.279089911996424,holt_winters,APURIMAC
2016-07-18,2.8419048340801303,2.3585690020040335,holt_winters,APURIMAC
2016-07-25,3.315555639760151,2.267075571926288,holt_winters,APURIMAC
2016-08-01,3.315555639760151,2.1746467095128734,holt_winters,APURIMAC
2016-08-08,2.8419048340801303,1.9986628163828453,holt_winters,APURIMAC
2016-08-15,2.6050794312401195,1.9848003145794801,holt_winters,APURIMAC
2016-08-22,1.6577778198800788,1.4531559811620367,holt_winters,APURIMAC
2016-08-29,3.5523810426001607,1.704640285964666,holt_winters,APURIMAC
2016-09-05,2.60507943124012,1.5475231301433632,holt_winters,APURIMAC
2016-09-12,2.6050794312401204,1.6991532605743536,holt_winters,APURIMAC
2016-09-19,1.8946032227200895,1.698045281561011,holt_winters,APURIMAC
2016-09-26,1.6577778198800794,1.7750604499971638,holt_winters,APURIMAC
2016-10-03,2.1314286255601,1.7667677256121008,holt_winters,APURIMAC
2016-10-10,1.4209524170400691,1.7025575986532768,holt_winters,APURIMAC
2016-10-17,2.6050794312401204,2.0564784662298967,holt_winters,APURIMAC
2016-10-24,2.1314286255601,2.553816840129877,holt_winters,APURIMAC
2016-10-31,2.3682540284001097,2.7669055814622987,holt_winters,APURIMAC
2016-11-07,1.8946032227200895,2.315240963210504,holt_winters,APURIMAC
2016-11-14,2.1314286255601,3.506131618518827,holt_winters,APURIMAC
2016-11-21,1.4209524170400691,2.2092028841244487,holt_winters,APURIMAC
2016-11-28,1.1841270142000588,2.5612732528564224,holt_winters,APURIMAC
2016-12-05,1.1841270142000588,1.7479852405923082,holt_winters,APURIMAC
2016-12-12,0.9473016113600486,1.8719640903949926,holt_winters,APURIMAC
2016-12-19,0.9473016113600486,1.029528804449091,holt_winters,APURIMAC
2016-12-26,0.47365080568002815,1.0691604932555085,holt_winters,APURIMAC
2017-01-02,0.9450609584404882,0.8326778322531243,holt_winters,APURIMAC
2017-01-09,0.9428203055209278,0.470168500295484,holt_winters,APURIMAC
2017-01-16,0.9428203055209278,1.041271504759889,holt_winters,APURIMAC
2017-01-23,0.7071152291406978,0.9539147484086115,holt_winters,APURIMAC
2017-01-30,1.1785253819011576,1.0166007463896696,holt_winters,APURIMAC
2017-02-06,1.1785253819011579,1.1450791158866336,holt_winters,APURIMAC
2017-02-13,1.4142304582813878,1.1335151471969414,holt_winters,APURIMAC
2017-02-20,0.9428203055209279,0.9979765937759499,holt_winters,APURIMAC
2017-02-27,2.357050763802308,0.8133542902628754,holt_winters,APURIMAC
2017-03-06,2.828460916562768,1.116447486083045,holt_winters,APURIMAC
2017-03-13,3.2998710693232276,3.163909260983715,holt_winters,APURIMAC
2017-03-20,2.3570507638023077,3.0321746795704616,holt_winters,APURIMAC
2017-03-27,2.1213456874220777,2.6952620432478347,holt_winters,APURIMAC
2017-04-03,1.8856406110418478,2.9665807202176926,holt_winters,APURIMAC
2017-04-10,2.12134568742207,2.641481181122965,holt_winters,APURIMAC
2017-04-17,2.5927558401825377,3.014939462972616,holt_winters,APURIMAC
2017-04-24,3.5355761457034576,3.2719292448702477,holt_winters,APURIMAC
2017-05-01,3.2998710693232276,3.3587205536389684,holt_winters,APURIMAC
2017-05-08,2.828460916562767,3.9025490705789574,holt_winters,APURIMAC
2017-05-15,1.4142304582813878,4.44682052185259,holt_winters,APURIMAC
2017-05-22,1.1785253819011576,4.080653127470313,holt_winters,APURIMAC
2017-05-29,2.1213456874220777,4.629715803100803,holt_winters,APURIMAC
2017-06-05,3.2998710693232276,1.7751972232471007,holt_winters,APURIMAC
2017-06-12,3.771281222083688,2.026547620840019,holt_winters,APURIMAC
2017-06-19,2.828460916562768,1.66647080985026,holt_winters,APURIMAC
2017-06-26,1.8856406110418478,1.8442786223699037,holt_winters,APURIMAC
2017-07-03,1.649935534661618,1.908140351029295,holt_winters,APURIMAC
2017-07-10,1.1785253819011576,2.351995023977244,holt_winters,APURIMAC
2017-07-17,1.1785253819011579,2.25243244123205,holt_winters,APURIMAC
2017-07-24,0.9428203055209278,2.1571096998187973,holt_winters,APURIMAC
2017-07-31,0.7071152291406978,0.5914818577322336,holt_winters,APURIMAC
2017-08-07,0.7071152291406978,0.47039976821375296,holt_winters,APURIMAC
2017-08-14,0.7071152291406978,0.408616178954844,holt_winters,APURIMAC
2017-08-21,0.7071152291406978,0.054077086141725364,holt_winters,APURIMAC
2017-08-28,0.23570507638023772,1.163208781159745,holt_winters,APURIMAC
2017-09-04,0.0,0.9386013995216678,holt_winters,APURIMAC
2017-09-11,0.0,1.0474493414188992,holt_winters,APURIMAC
2017-09-18,0.0,0.8937917967085833,holt_winters,APURIMAC
2017-09-25,0.23570507638023772,0.030198805738543916,holt_winters,APURIMAC
2017-10-02,0.23570507638023772,0.009274902035082943,holt_winters,APURIMAC
2017-10-09,0.23570507638023772,0.0,holt_winters,APURIMAC
2017-10-16,0.23570507638023772,0.09315493002526185,holt_winters,APURIMAC
2017-10-23,0.7071152291406978,0.16053507125883107,holt_winters,APURIMAC
2017-10-30,1.4142304582813878,0.2106497407325052,holt_winters,APURIMAC
2017-11-06,1.649935534661618,0.1313444464880392,holt_winters,APURIMAC
2017-11-13,1.649935534661618,0.5063928748042967,holt_winters,APURIMAC
2017-11-20,0.9428203055209278,1.5925994944752526,holt_winters,APURIMAC
2017-11-27,0.4714101527604677,1.8573063968487924,holt_winters,APURIMAC
2017-12-04,0.7071152291406978,1.3615276981284103,holt_winters,APURIMAC
2017-12-11,1.8856406110418478,1.5266507796098074,holt_winters,APURIMAC
2017-12-18,2.5927558401825377,2.0691696836384224,holt_winters,APURIMAC
2017-12-25,2.1213456874220777,2.003971975942835,holt_winters,APURIMAC
2018-01-01,1.1779202582658372,1.7647559734474618,holt_winters,APURIMAC
2018-01-08,0.47080502912514716,1.2430223589812623,holt_winters,APURIMAC
2018-01-15,0.23509995274491716,0.6302712653408453,holt_winters,APURIMAC
2018-01-22,0.9403998109796455,0.6757764405015252,holt_winters,APURIMAC
2018-01-29,1.175499763724555,0.8588373909345677,holt_winters,APURIMAC
2018-02-05,1.645699669214374,1.0099372799665085,holt_winters,APURIMAC
2018-02-12,0.7052998582347362,1.519215553395381,holt_winters,APURIMAC
2018-02-19,0.4701999054898267,1.2187587906950763,holt_winters,APURIMAC
2018-02-26,0.7052998582347362,1.256752750248583,holt_winters,APURIMAC
2018-03-05,1.175499763724555,1.6648418921882153,holt_winters,APURIMAC
2018-03-12,1.4105997164694646,1.3534291933248568,holt_winters,APURIMAC
2018-03-19,1.175499763724555,1.0965515983864536,holt_winters,APURIMAC
2018-03-26,1.175499763724555,0.7603936882035944,holt_winters,APURIMAC
2018-04-02,0.9403998109796454,0.8205134789920627,holt_winters,APURIMAC
2018-04-09,0.47019990548982665,1.2321131423085916,holt_winters,APURIMAC
2018-04-16,0.47019990548982665,1.613397740712394,holt_winters,APURIMAC
2018-04-23,1.175499763724555,1.7290162711970765,holt_winters,APURIMAC
2018-04-30,1.8807996219592835,1.7020463221569178,holt_winters,APURIMAC
2018-05-07,2.1158995747041853,2.2776823253375578,holt_winters,APURIMAC
2018-05-14,2.3509995274491025,2.189667700999559,holt_winters,APURIMAC
2018-05-21,3.2913993384287408,1.8375706059688661,holt_winters,APURIMAC
2018-05-28,4.231799149408379,2.100604733817425,holt_winters,APURIMAC
2018-06-04,4.466899102153288,4.5592016918723735,holt_winters,APURIMAC
2018-06-11,4.466899102153288,4.644458754134108,holt_winters,APURIMAC
2018-06-18,4.231799149408379,4.250994839127607,holt_winters,APURIMAC
2018-06-25,3.056299385683831,4.4197081543107615,holt_winters,APURIMAC
2018-07-02,1.4105997164694646,3.2916877777550804,holt_winters,APURIMAC
2018-07-09,0.7052998582347362,3.6498685369824857,holt_winters,APURIMAC
2018-07-16,3.056299385683831,3.7225786406679298,holt_winters,APURIMAC
2018-07-23,3.056299385683831,3.509929795562762,holt_winters,APURIMAC
2018-07-30,4.9370990076431065,2.463760915862116,holt_winters,APURIMAC
2018-08-06,3.761599243918559,2.056636754058876,holt_winters,APURIMAC
2018-08-13,4.9370990076431065,1.9981999916939408,holt_winters,APURIMAC
2018-08-20,2.8211994329389216,1.394271266674715,holt_winters,APURIMAC
2018-08-27,2.586099480194012,3.2999137036776087,holt_winters,APURIMAC
2018-09-03,2.3509995274491025,2.8727887310533986,holt_winters,APURIMAC
2018-09-10,1.8807996219592837,3.0979506137480612,holt_winters,APURIMAC
2018-09-17,2.115899574704193,2.8936311800528034,holt_winters,APURIMAC
2018-09-24,1.4105997164694646,2.20768306730873,holt_winters,APURIMAC
2018-10-01,1.4105997164694646,2.2617033774495865,holt_winters,APURIMAC
2018-10-08,0.7052998582347362,1.8313607447413633,holt_winters,APURIMAC
2018-10-15,1.1754997637245552,1.9867205568319632,holt_winters,APURIMAC
2018-10-22,2.3509995274491025,1.2133117585596636,holt_winters,APURIMAC
2018-10-29,2.1158995747041933,1.5442554977108456,holt_winters,APURIMAC
2018-11-05,2.115899574704193,1.5414285627858297,holt_winters,APURIMAC
2018-11-12,0.9403998109796455,1.674645491007552,holt_winters,APURIMAC
2018-11-19,1.4105997164694646,0.6111634367694398,holt_winters,APURIMAC
2018-11-26,0.9403998109796455,0.5867025024979942,holt_winters,APURIMAC
2018-12-03,2.586099480194012,0.5537959191214017,holt_winters,APURIMAC
2018-12-10,2.115899574704193,0.7640314583898575,holt_winters,APURIMAC
2018-12-17,1.8807996219592835,2.1883593235992227,holt_winters,APURIMAC
2018-12-24,0.4701999054898263,1.9775616088627435,holt_winters,APURIMAC
2018-12-31,0.4701999054898263,1.5105156851619546,holt_winters,APURIMAC
2019-01-07,0.9391957619114347,0.9067634093393855,holt_winters,APURIMAC
2019-01-14,0.9385937373773295,1.2090622749539333,holt_winters,APURIMAC
2019-01-21,0.70349378463242,1.609781972031327,holt_winters,APURIMAC
2019-01-28,0.23449792821081164,2.197955100638115,holt_winters,APURIMAC
2019-02-04,0.0,2.505705057900131,holt_winters,APURIMAC
2019-02-11,0.0,0.0,holt_winters,APURIMAC
2019-02-18,0.0,0.0,holt_winters,APURIMAC
2019-02-25,0.23449792821081164,0.0,holt_winters,APURIMAC
2019-03-04,0.23449792821081164,0.0,holt_winters,APURIMAC
2019-03-11,0.4689958564216159,0.2553099005686975,holt_winters,APURIMAC
2019-03-18,0.4689958564216159,0.16489273161243562,holt_winters,APURIMAC
2019-03-25,0.4689958564216159,0.07596321591705124,holt_winters,APURIMAC
2019-04-01,0.4689958564216159,0.0710539473171099,holt_winters,APURIMAC
2019-04-08,1.4069875692648328,0.5748264113582824,holt_winters,APURIMAC
2019-04-15,1.8759834256864416,0.7490068152547749,holt_winters,APURIMAC
2019-04-22,2.5794772103188546,1.0012085355452975,holt_winters,APURIMAC
2019-04-29,2.3449792821080497,1.1869190645380896,holt_winters,APURIMAC
2019-05-06,2.3449792821080497,2.174240873718326,holt_winters,APURIMAC
2019-05-13,1.6414854974756372,1.901201220830179,holt_winters,APURIMAC
2019-05-20,1.1724896410540286,1.7264861850236528,holt_winters,APURIMAC
2019-05-27,2.3449792821080497,2.1935319026282265,holt_winters,APURIMAC
2019-06-03,3.7519668513728757,2.6088118781713003,holt_winters,APURIMAC
2019-06-10,4.220962707794484,2.525045872016495,holt_winters,APURIMAC
2019-06-17,3.9864647795836796,1.9249708897966853,holt_winters,APURIMAC
2019-06-24,2.579477210318854,1.8177374532546997,holt_winters,APURIMAC
2019-07-01,2.579477210318854,2.031599788469257,holt_winters,APURIMAC
2019-07-08,1.641485497475637,2.170719600448279,holt_winters,APURIMAC
2019-07-15,3.048473066740463,2.8575990888367606,holt_winters,APURIMAC
2019-07-22,2.3449792821080497,2.694454500174107,holt_winters,APURIMAC
2019-07-29,2.3449792821080497,2.47425864863675,holt_winters,APURIMAC
2019-08-05,1.641485497475637,1.8953925627175137,holt_winters,APURIMAC
2019-08-12,2.579477210318854,2.0201639933574254,holt_winters,APURIMAC
2019-08-19,2.579477210318854,1.3016354983438885,holt_winters,APURIMAC
2019-08-26,2.3449792821080497,2.952667286377146,holt_winters,APURIMAC
2019-09-02,1.641485497475637,2.4557874275420235,holt_winters,APURIMAC
2019-09-09,1.1724896410540284,2.5370372990936314,holt_winters,APURIMAC
2019-09-16,0.4689958564216156,2.4470406262788598,holt_winters,APURIMAC
2019-09-23,0.0,0.43916578476787926,holt_winters,APURIMAC
2019-09-30,0.23449792821081136,0.4750342684169224,holt_winters,APURIMAC
2019-10-07,0.23449792821081136,0.24719399500982583,holt_winters,APURIMAC
2019-10-14,0.23449792821081136,0.3912260307189323,holt_winters,APURIMAC
2019-10-21,0.0,0.31372694600011397,holt_winters,APURIMAC
2019-10-28,0.0,0.43757930420301966,holt_winters,APURIMAC
2019-11-04,0.23449792821081136,0.3953934953132005,holt_winters,APURIMAC
2019-11-11,0.23449792821081136,0.33841319729864766,holt_winters,APURIMAC
2019-11-18,0.7034937846324198,0.0839362532386451,holt_winters,APURIMAC
2019-11-25,0.4689958564216156,0.05901273940939334,holt_winters,APURIMAC
2019-12-02,0.7034937846324198,0.18604587656636717,holt_winters,APURIMAC
2019-12-09,0.23449792821081136,0.3208039129263132,holt_winters,APURIMAC
2019-12-16,0.23449792821081136,0.2046627018731256,holt_winters,APURIMAC
2019-12-23,0.4689958564216156,0.0,holt_winters,APURIMAC
2019-12-30,0.9379917128432241,0.0,holt_winters,APURIMAC
2020-01-06,1.8735876289670503,0.0,holt_winters,APURIMAC
2020-01-13,1.4045917725454418,2.0268322445323106,holt_winters,APURIMAC
2020-01-20,0.9355959161238333,2.4607819468467023,holt_winters,APURIMAC
2020-01-27,0.4677979580619202,2.7138938021326102,holt_winters,APURIMAC
2020-02-03,1.4033938741857463,2.804660451821913,holt_winters,APURIMAC
2020-02-10,2.105090811278616,1.190916739373319,holt_winters,APURIMAC
2020-02-17,2.105090811278616,0.9478262590268365,holt_winters,APURIMAC
2020-02-24,1.4033938741857463,1.1348000119571786,holt_winters,APURIMAC
2020-03-02,1.1694948951547899,1.449196096854533,holt_winters,APURIMAC
2020-03-09,0.9355959161238333,1.3091194713353707,holt_winters,APURIMAC
2020-03-16,1.4033938741857463,1.051589059527081,holt_winters,APURIMAC
2020-03-23,0.9355959161238333,0.9054865930806122,holt_winters,APURIMAC
2020-03-30,1.1694948951547899,1.0930838965502758,holt_winters,APURIMAC
2020-04-06,0.7016969370928767,1.5720835738388632,holt_winters,APURIMAC
2020-04-13,0.7016969370928767,1.9979334355371061,holt_winters,APURIMAC
2020-04-20,0.23389897903096366,2.6257285120756206,holt_winters,APURIMAC
2020-04-27,0.23389897903096366,2.950943797749347,holt_winters,APURIMAC
2020-05-04,0.4677979580619202,0.2804090148059324,holt_winters,APURIMAC
2020-05-11,0.4677979580619202,0.14204711593990316,holt_winters,APURIMAC
2020-05-18,0.23389897903096366,0.05182059647356573,holt_winters,APURIMAC
2020-05-25,0.0,0.5361498571572612,holt_winters,APURIMAC
2020-06-01,0.0,0.23303576404269133,holt_winters,APURIMAC
2020-06-08,0.0,0.31765754896328946,holt_winters,APURIMAC
2020-06-15,0.0,0.04440209581139376,holt_winters,APURIMAC
2020-06-22,0.0,0.0,holt_winters,APURIMAC
2020-06-29,0.0,0.0,holt_winters,APURIMAC
2020-07-06,0.0,0.0,holt_winters,APURIMAC
2020-07-13,0.0,0.052551148347565114,holt_winters,APURIMAC
2020-07-20,0.0,0.01690374090081264,holt_winters,APURIMAC
2020-07-27,0.23389897903096366,0.06920778887512861,holt_winters,APURIMAC
2020-08-03,0.23389897903096366,0.0,holt_winters,APURIMAC
2020-08-10,0.4677979580619202,0.0,holt_winters,APURIMAC
2020-08-17,0.23389897903096366,0.0,holt_winters,APURIMAC
2020-08-24,0.23389897903096366,0.2665151657075911,holt_winters,APURIMAC
2020-08-31,0.0,0.06734410094447321,holt_winters,APURIMAC
2020-09-07,0.0,0.0026313482888670296,holt_winters,APURIMAC
2020-09-14,0.0,0.0,holt_winters,APURIMAC
2020-09-21,0.0,0.0,holt_winters,APURIMAC
2020-09-28,0.0,0.007955454010390394,holt_winters,APURIMAC
2020-10-05,0.0,0.0,holt_winters,APURIMAC
2020-10-12,0.0,0.009599235505654523,holt_winters,APURIMAC
2020-10-19,0.0,0.10715219861215468,holt_winters,APURIMAC
2020-10-26,0.0,0.15113781555870298,holt_winters,APURIMAC
2020-11-02,0.0,0.1914480916107493,holt_winters,APURIMAC
2020-11-09,0.0,0.14413138593404204,holt_winters,APURIMAC
2020-11-16,0.23389897903096366,0.0,holt_winters,APURIMAC
2020-11-23,0.23389897903096366,0.0,holt_winters,APURIMAC
2020-11-30,0.23389897903096366,0.08570105671698679,holt_winters,APURIMAC
2020-12-07,0.0,0.060694222060476685,holt_winters,APURIMAC
2020-12-14,0.0,0.040312514667498994,holt_winters,APURIMAC
2020-12-21,0.0,0.0,holt_winters,APURIMAC
2020-12-28,0.0,0.0,holt_winters,APURIMAC
2021-01-04,0.0,0.0,holt_winters,APURIMAC
2021-01-11,0.0,0.0,holt_winters,APURIMAC
2021-01-18,0.0,0.0,holt_winters,APURIMAC
2021-01-25,0.46660616340081945,0.0,holt_winters,APURIMAC
2021-02-01,0.46660616340081945,0.054188954634632545,holt_winters,APURIMAC
2021-02-08,0.46660616340081945,0.43594177669736817,holt_winters,APURIMAC
2021-02-15,0.0,0.34542864605606083,holt_winters,APURIMAC
2021-02-22,0.0,0.44870953913036665,holt_winters,APURIMAC
2021-03-01,0.0,0.6047793229331644,holt_winters,APURIMAC
2021-03-08,0.46660616340081945,0.07824738442851914,holt_winters,APURIMAC
2021-03-15,0.46660616340081945,0.0028787668813929574,holt_winters,APURIMAC
2021-03-22,0.6999092451012258,0.0,holt_winters,APURIMAC
2021-03-29,0.23330308170041328,0.0,holt_winters,APURIMAC
2021-04-05,0.46660616340081945,0.25484683239524003,holt_winters,APURIMAC
2021-04-12,0.23330308170041328,0.30432300434801196,holt_winters,APURIMAC
2021-04-19,0.23330308170041328,0.4790631917912079,holt_winters,APURIMAC
2021-04-26,0.23330308170041328,0.5568140167676021,holt_winters,APURIMAC
2021-05-03,0.23330308170041328,0.2795609581862655,holt_winters,APURIMAC
2021-05-10,0.23330308170041328,0.1502683741610771,holt_winters,APURIMAC
2021-05-17,0.0,0.047362498906353405,holt_winters,APURIMAC
2021-05-24,0.0,0.39241662478126227,holt_winters,APURIMAC
2021-05-31,0.23330308170041328,0.2003565897034118,holt_winters,APURIMAC
2021-06-07,0.23330308170041328,0.2768054120148842,holt_winters,APURIMAC
2021-06-14,0.46660616340081945,0.10728669182073419,holt_winters,APURIMAC
2021-06-21,0.23330308170041328,0.0,holt_winters,APURIMAC
2021-06-28,0.23330308170041328,0.06316756470904468,holt_winters,APURIMAC
2021-07-05,0.23330308170041328,0.0,holt_winters,APURIMAC
2021-07-12,0.23330308170041328,0.1855469514777045,holt_winters,APURIMAC
2021-07-19,0.23330308170041328,0.14534143720397183,holt_winters,APURIMAC
2021-07-26,0.0,0.38777967352329645,holt_winters,APURIMAC
2021-08-02,0.0,0.24129352737800178,holt_winters,APURIMAC
2021-08-09,0.0,0.41349771018415865,holt_winters,APURIMAC
2021-08-16,0.0,0.17969557941456624,holt_winters,APURIMAC
2021-08-23,0.23330308170041328,0.0,holt_winters,APURIMAC
2021-08-30,0.23330308170041328,0.0,holt_winters,APURIMAC
2021-09-06,0.46660616340081945,0.0,holt_winters,APURIMAC
2021-09-13,0.23330308170041328,0.0,holt_winters,APURIMAC
2021-09-20,0.23330308170041328,0.10985850953722383,holt_winters,APURIMAC
2021-09-27,0.46660616340081945,0.20603397427491793,holt_winters,APURIMAC
2021-10-04,0.9332123268016318,0.07724729042835853,holt_winters,APURIMAC
2021-10-11,0.9332123268016318,0.23382622647375453,holt_winters,APURIMAC
2021-10-18,0.9332123268016318,1.2132984592990077,holt_winters,APURIMAC
2021-10-25,0.46660616340081945,1.4186874137432643,holt_winters,APURIMAC
2021-11-01,0.46660616340081945,1.5324629066360913,holt_winters,APURIMAC
2021-11-08,0.0,1.369255574823372,holt_winters,APURIMAC
2021-11-15,0.0,0.1188638516180023,holt_winters,APURIMAC
2021-11-22,0.0,0.0,holt_winters,APURIMAC
2021-11-29,0.46660616340081945,0.1807407783897898,holt_winters,APURIMAC
2021-12-06,1.166515408502038,0.1293382242932635,holt_winters,APURIMAC
2021-12-13,2.333030817004069,1.2477488230545162,holt_winters,APURIMAC
2021-12-20,1.8664246536032565,0.8506348982655112,holt_winters,APURIMAC
2021-12-27,1.3998184902024444,0.9064121452555387,holt_winters,APURIMAC
2022-01-03,0.9314320959422452,0.9991377861645523,holt_winters,APURIMAC
2022-01-10,0.9314320959422452,0.7719045825586617,holt_winters,APURIMAC
2022-01-17,1.3962580284836708,0.7477651660260576,holt_winters,APURIMAC
2022-01-24,1.396258028483671,0.7852670639376473,holt_winters,APURIMAC
2022-01-31,2.5598063855533906,0.9529362505680858,holt_winters,APURIMAC
2022-02-07,2.3270967141394467,2.402554634847664,holt_winters,APURIMAC
2022-02-14,1.8616773713115586,1.8775379376408599,holt_winters,APURIMAC
2022-02-21,0.9308386856557829,2.2306263713283228,holt_winters,APURIMAC
2022-02-28,0.6981290142418318,2.373339192776466,holt_winters,APURIMAC
2022-03-07,0.9308386856557829,0.9459909174434524,holt_winters,APURIMAC
2022-03-14,0.6981290142418389,0.9246671977512086,holt_winters,APURIMAC
2022-03-21,0.930838685655783,0.8977075459720694,holt_winters,APURIMAC
2022-03-28,1.6289676998976148,0.7745995321207864,holt_winters,APURIMAC
2022-04-04,2.7925160569673344,1.7228881985182865,holt_winters,APURIMAC
2022-04-11,2.3270967141394467,1.8188000380834417,holt_winters,APURIMAC
2022-04-18,1.6289676998976148,2.145089124077447,holt_winters,APURIMAC
2022-04-25,1.163548357069727,2.2622719439156627,holt_winters,APURIMAC
2022-05-02,2.3270967141394467,1.3034978177856047,holt_winters,APURIMAC
2022-05-09,2.0943870427255025,1.0799777002352515,holt_winters,APURIMAC
2022-05-16,3.2579353997952225,0.9420220044455179,holt_winters,APURIMAC
2022-05-23,4.654193428278886,1.3026812271080277,holt_winters,APURIMAC
2022-05-30,5.119612771106774,4.543689775864788,holt_winters,APURIMAC
2022-06-06,3.956064414037055,4.543689775864788,holt_winters,APURIMAC
2022-06-13,2.5598063855533906,4.543689775864788,holt_winters,APURIMAC
2022-06-20,3.2579353997952225,4.543689775864788,holt_winters,APURIMAC
2022-06-27,3.956064414037055,2.7188298786532266,holt_winters,APURIMAC
2022-07-04,5.119612771106774,2.222386899519534,holt_winters,APURIMAC
2022-07-11,5.352322442520719,3.2575928520403883,holt_winters,APURIMAC
2022-07-18,6.050451456762549,3.066127538309476,holt_winters,APURIMAC
2022-07-25,5.585032113934662,5.119612771106774,holt_winters,APURIMAC
2022-08-01,5.119612771106774,5.119612771106774,holt_winters,APURIMAC
2022-08-08,3.72335474262311,5.119612771106774,holt_winters,APURIMAC
2022-08-15,2.094387042725503,5.119612771106774,holt_winters,APURIMAC
2022-08-22,1.6289676998976148,2.1554521750139273,holt_winters,APURIMAC
2022-08-29,1.396258028483671,1.6815864471589421,holt_winters,APURIMAC
2022-09-05,1.8616773713115589,1.5491898743896795,holt_winters,APURIMAC
2022-09-12,1.163548357069727,1.2797527122315437,holt_winters,APURIMAC
2022-09-19,0.6981290142418389,0.8431490714811507,holt_winters,APURIMAC
2022-09-26,0.23270967141395105,0.9708161158808783,holt_winters,APURIMAC
2022-10-03,0.930838685655783,0.9267957490181962,holt_winters,APURIMAC
2022-10-10,1.163548357069727,1.0076924642656402,holt_winters,APURIMAC
2022-10-17,1.6289676998976148,1.289888358735098,holt_winters,APURIMAC
2022-10-24,1.163548357069727,1.2383760556550585,holt_winters,APURIMAC
2022-10-31,0.930838685655783,1.337113573987518,holt_winters,APURIMAC
2022-11-07,0.465419342827895,0.9420398985225542,holt_winters,APURIMAC
2022-11-14,0.465419342827895,0.7674321520493166,holt_winters,APURIMAC
2022-11-21,0.465419342827895,0.5588315080273698,holt_winters,APURIMAC
2022-11-28,0.23270967141395105,1.024099233689733,holt_winters,APURIMAC
2022-12-05,0.465419342827895,1.1287925046181528,holt_winters,APURIMAC
2010-12-27,2.43777577338437,2.7313874038838475,arima,APURIMAC
2011-01-03,1.9502206187074975,4.093353482249215,arima,APURIMAC
2011-01-10,1.4567309489849294,3.1159401194822998,arima,APURIMAC
2011-01-17,1.698134720305088,3.36863980089839,arima,APURIMAC
2011-01-24,1.698134720305088,2.376885208477999,arima,APURIMAC
2011-01-31,0.4851813486586008,2.0632517648263744,arima,APURIMAC
2011-02-07,0.7277720229878982,2.056675351401696,arima,APURIMAC
2011-02-14,2.183316068963683,2.156241372009084,arima,APURIMAC
2011-02-21,2.183316068963683,3.4515779472466637,arima,APURIMAC
2011-02-28,1.4555440459757907,3.474141929849986,arima,APURIMAC
2011-03-07,0.4851813486586008,2.9512291301988594,arima,APURIMAC
2011-03-14,0.9703626973171957,3.298927812062942,arima,APURIMAC
2011-03-21,1.212953371646493,0.9553819943260136,arima,APURIMAC
2011-03-28,0.9703626973171957,1.124018757156795,arima,APURIMAC
2011-04-04,0.9703626973171957,1.0102144447709254,arima,APURIMAC
2011-04-11,1.698134720305088,1.0253135473023285,arima,APURIMAC
2011-04-18,2.911088091951575,2.4225708371603063,arima,APURIMAC
2011-04-25,3.6388601149394675,2.5996056976106554,arima,APURIMAC
2011-05-02,4.851813486585955,2.167668556348288,arima,APURIMAC
2011-05-09,4.851813486585955,2.3995629315795735,arima,APURIMAC
2011-05-16,4.609222812256657,5.051239684621495,arima,APURIMAC
2011-05-23,4.609222812256657,4.238224356731724,arima,APURIMAC
2011-05-30,5.33699483524455,4.729976890850918,arima,APURIMAC
2011-06-06,6.064766858232442,4.685526704058623,arima,APURIMAC
2011-06-13,6.549948206891037,5.5238703430982286,arima,APURIMAC
2011-06-20,7.035129555549632,5.843789398625485,arima,APURIMAC
2011-06-27,7.035129555549632,5.82735313804227,arima,APURIMAC
2011-07-04,5.579585509573847,5.711159684888963,arima,APURIMAC
2011-07-11,4.124041463598062,5.5513627959914364,arima,APURIMAC
2011-07-18,3.3962694406101703,5.40216908183634,arima,APURIMAC
2011-07-25,3.6388601149394675,5.52025033129059,arima,APURIMAC
2011-08-01,3.6388601149394675,5.4949151501167535,arima,APURIMAC
2011-08-08,3.1536787662808727,3.6177453426569697,arima,APURIMAC
2011-08-15,2.183316068963683,3.294979711300031,arima,APURIMAC
2011-08-22,1.9407253946343854,3.530280420365119,arima,APURIMAC
2011-08-29,1.9407253946343854,3.4849117525536366,arima,APURIMAC
2011-09-05,1.9407253946343854,1.9982422831408426,arima,APURIMAC
2011-09-12,1.9407253946343854,2.060454269563473,arima,APURIMAC
2011-09-19,1.9407253946343854,1.9940840689587738,arima,APURIMAC
2011-09-26,2.4259067432929804,2.0170277110820587,arima,APURIMAC
2011-10-03,1.4555440459757907,2.601098980336022,arima,APURIMAC
2011-10-10,1.212953371646493,2.670445852444736,arima,APURIMAC
2011-10-17,0.24259067432930337,2.5517564075166463,arima,APURIMAC
2011-10-24,0.7277720229878982,2.6095674548746053,arima,APURIMAC
2011-10-31,0.4851813486586008,0.6071218669905682,arima,APURIMAC
2011-11-07,1.212953371646493,0.9570190169956276,arima,APURIMAC
2011-11-14,0.7277720229878982,0.7481724843224751,arima,APURIMAC
2011-11-21,1.4555440459757907,0.7560991116234972,arima,APURIMAC
2011-11-28,0.9703626973171957,1.4283484081866988,arima,APURIMAC
2011-12-05,0.9703626973171957,1.78232829610267,arima,APURIMAC
2011-12-12,0.4851813486586008,1.5270909972745024,arima,APURIMAC
2011-12-19,0.24259067432930337,1.5830918059083063,arima,APURIMAC
2011-12-26,0.4851813486586008,0.16348730148940732,arima,APURIMAC
2012-01-02,0.4840059472251279,0.0826135772909978,arima,APURIMAC
2012-01-09,0.7254212201209524,0.1682350274017586,arima,APURIMAC
2012-01-16,0.7242458186874735,0.13394596921504545,arima,APURIMAC
2012-01-23,0.7242458186874735,0.8013899159194369,arima,APURIMAC
2012-01-30,0.4828305457916549,0.9073950457890527,arima,APURIMAC
2012-02-06,0.7242458186874794,0.8012682651502383,arima,APURIMAC
2012-02-13,0.9656610915833039,0.8391180141951446,arima,APURIMAC
2012-02-20,1.448491637374947,1.3297505579101068,arima,APURIMAC
2012-02-27,1.448491637374947,1.1277078716108155,arima,APURIMAC
2012-03-05,1.2070763644791285,1.1343177209318118,arima,APURIMAC
2012-03-12,1.2070763644791285,1.200764314363751,arima,APURIMAC
2012-03-19,1.4484916373749528,1.0241760593477318,arima,APURIMAC
2012-03-26,1.6899069102707776,1.1390292161317168,arima,APURIMAC
2012-04-02,2.6555680018540753,1.124329129750119,arima,APURIMAC
2012-04-09,2.8969832747499,1.0911709156685054,arima,APURIMAC
2012-04-16,3.6212290934373734,3.4449879473473874,arima,APURIMAC
2012-04-23,2.8969832747499,3.2315873608249506,arima,APURIMAC
2012-04-30,4.345474912124846,3.167464255018979,arima,APURIMAC
2012-05-07,4.828305457916495,3.290835163862962,arima,APURIMAC
2012-05-14,7.24245818687474,5.748695069253754,arima,APURIMAC
2012-05-21,5.552551276603968,5.01574257633436,arima,APURIMAC
2012-05-28,4.345474912124847,5.175955022231999,arima,APURIMAC
2012-06-04,5.311136003708145,5.327111815102603,arima,APURIMAC
2012-06-11,5.793966549499795,5.531423879270959,arima,APURIMAC
2012-06-18,7.2424581868747415,6.8027247609444945,arima,APURIMAC
2012-06-25,3.8626443663331984,5.808017915806633,arima,APURIMAC
2012-07-02,2.8969832747499003,5.972636109192846,arima,APURIMAC
2012-07-09,1.2070763644791291,2.434148990688745,arima,APURIMAC
2012-07-16,1.9313221831666025,2.627562182766485,arima,APURIMAC
2012-07-23,1.6899069102707782,2.6643625828370014,arima,APURIMAC
2012-07-30,1.9313221831666025,2.56545098177704,arima,APURIMAC
2012-08-06,0.9656610915833045,1.4523850589940555,arima,APURIMAC
2012-08-13,2.4141527289582516,1.3749994725217767,arima,APURIMAC
2012-08-20,2.8969832747499003,1.5939554006215442,arima,APURIMAC
2012-08-27,2.4141527289582516,1.4717053975920864,arima,APURIMAC
2012-09-03,1.4484916373749537,1.5247388252435865,arima,APURIMAC
2012-09-10,0.9656610915833048,1.4454576730694013,arima,APURIMAC
2012-09-17,0.9656610915833048,1.7911007036831266,arima,APURIMAC
2012-09-24,0.7242458186874803,1.5714525108755932,arima,APURIMAC
2012-10-01,0.2414152728958313,0.8019856684948508,arima,APURIMAC
2012-10-08,0.2414152728958313,0.8410167350704312,arima,APURIMAC
2012-10-15,1.6899069102707782,0.7857122142139699,arima,APURIMAC
2012-10-22,2.655568001854076,0.811730397361621,arima,APURIMAC
2012-10-29,2.8969832747499003,3.405627537650523,arima,APURIMAC
2012-11-05,1.4484916373749537,2.314640554615062,arima,APURIMAC
2012-11-12,0.4828305457916558,2.8240777782465614,arima,APURIMAC
2012-11-19,2.8969832747499003,2.7940638241148266,arima,APURIMAC
2012-11-26,2.655568001854076,2.9319806774092214,arima,APURIMAC
2012-12-03,3.6212290934373743,4.891374227863236,arima,APURIMAC
2012-12-10,1.2070763644791294,3.5321029310042666,arima,APURIMAC
2012-12-17,1.6899069102707784,3.4936212198279843,arima,APURIMAC
2012-12-24,1.4484916373749537,1.9993208404772118,arima,APURIMAC
2012-12-31,1.9313221831666028,2.3297985909547765,arima,APURIMAC
2013-01-07,2.409496464021696,1.9800314733076152,arima,APURIMAC
2013-01-14,2.4060042653192784,2.077037315405196,arima,APURIMAC
2013-01-21,1.681758446631805,2.334210056092206,arima,APURIMAC
2013-01-28,0.7207536199850632,1.958156091004692,arima,APURIMAC
2013-02-04,0.0,2.240728853994734,arima,APURIMAC
2013-02-11,0.0,2.164498541978229,arima,APURIMAC
2013-02-18,0.24025120666169228,0.0,arima,APURIMAC
2013-02-25,0.24025120666169228,0.10775814459895076,arima,APURIMAC
2013-03-04,0.24025120666169228,0.005107834180199583,arima,APURIMAC
2013-03-11,0.48050241332337773,0.018806735970829526,arima,APURIMAC
2013-03-18,0.7207536199850632,0.7559014320619066,arima,APURIMAC
2013-03-25,0.9610048266467487,0.7743569669638506,arima,APURIMAC
2013-04-01,0.7207536199850564,0.6713311955221126,arima,APURIMAC
2013-04-08,1.4415072399701196,0.7437106028217539,arima,APURIMAC
2013-04-15,2.8830144799402326,1.406847501184998,arima,APURIMAC
2013-04-22,3.8440193065869743,1.7110659369716132,arima,APURIMAC
2013-04-29,3.363516893263603,1.4944111449422168,arima,APURIMAC
2013-05-06,2.4025120666168616,1.561639344932893,arima,APURIMAC
2013-05-13,2.162260859955176,2.26773878819655,arima,APURIMAC
2013-05-20,5.285526546557087,2.326446852430648,arima,APURIMAC
2013-05-27,6.7270337865272,2.327256400183825,arima,APURIMAC
2013-06-03,6.967284993188886,2.3093022274043347,arima,APURIMAC
2013-06-10,4.324521719910345,5.472795848566311,arima,APURIMAC
2013-06-17,4.56477292657203,5.349029476033934,arima,APURIMAC
2013-06-24,6.006280166542143,5.902531184741268,arima,APURIMAC
2013-07-01,5.525777753218772,5.617182124386458,arima,APURIMAC
2013-07-08,3.8440193065869743,5.3112465761311105,arima,APURIMAC
2013-07-15,3.6037680999252886,4.801914883777135,arima,APURIMAC
2013-07-22,3.8440193065869743,5.156927673285921,arima,APURIMAC
2013-07-29,4.0842705132486605,5.139343653936026,arima,APURIMAC
2013-08-05,2.6427632732785473,3.8036859396746197,arima,APURIMAC
2013-08-12,2.1622608599551763,3.620828746657714,arima,APURIMAC
2013-08-19,1.4415072399701199,3.821415337998806,arima,APURIMAC
2013-08-26,0.7207536199850564,3.782145124503047,arima,APURIMAC
2013-09-02,0.9610048266467489,0.45366938593497896,arima,APURIMAC
2013-09-09,0.7207536199850635,0.36891642939096775,arima,APURIMAC
2013-09-16,0.480502413323378,0.5058273521242314,arima,APURIMAC
2013-09-23,0.24025120666169256,0.4623319898702021,arima,APURIMAC
2013-09-30,0.480502413323378,0.18891252518710994,arima,APURIMAC
2013-10-07,0.480502413323378,0.3582908188545904,arima,APURIMAC
2013-10-14,0.24025120666169256,0.2888302614222788,arima,APURIMAC
2013-10-21,0.24025120666169256,0.2557681858931012,arima,APURIMAC
2013-10-28,0.24025120666169256,0.3599982384219384,arima,APURIMAC
2013-11-04,0.480502413323378,0.45366638508798995,arima,APURIMAC
2013-11-11,0.7207536199850635,0.35051374903466154,arima,APURIMAC
2013-11-18,0.7207536199850635,0.37172627224079613,arima,APURIMAC
2013-11-25,1.4415072399701199,0.7148892544360481,arima,APURIMAC
2013-12-02,1.2012560333084343,0.5521822170878381,arima,APURIMAC
2013-12-09,1.2012560333084343,0.6475235922714262,arima,APURIMAC
2013-12-16,1.2012560333084343,0.652334632315507,arima,APURIMAC
2013-12-23,2.1622608599551763,1.187695489548482,arima,APURIMAC
2013-12-30,2.8830144799402326,1.3991123556497396,arima,APURIMAC
2014-01-06,2.1611079657376018,1.290644716454226,arima,APURIMAC
2014-01-13,0.9598519324291743,1.2591374768827834,arima,APURIMAC
2014-01-20,0.4781966248882286,0.751162375067272,arima,APURIMAC
2014-01-27,0.23909831244411786,0.7407401718414233,arima,APURIMAC
2014-02-03,0.4781966248882286,0.8259468395197116,arima,APURIMAC
2014-02-10,0.4781966248882286,0.7829504800336562,arima,APURIMAC
2014-02-17,0.4781966248882286,0.5606244070286692,arima,APURIMAC
2014-02-24,0.4781966248882286,0.462935376927904,arima,APURIMAC
2014-03-03,0.7172949373323393,0.4873260511543009,arima,APURIMAC
2014-03-10,1.4345898746646715,0.5093636043926804,arima,APURIMAC
2014-03-17,2.3909831244411146,1.6005505851939659,arima,APURIMAC
2014-03-24,2.151884811997004,1.7047045239063885,arima,APURIMAC
2014-03-31,1.434589874664672,1.5785057672704763,arima,APURIMAC
2014-04-07,0.23909831244411786,1.610270828660958,arima,APURIMAC
2014-04-14,0.23909831244411786,0.08538637720276343,arima,APURIMAC
2014-04-21,0.23909831244411786,0.0017165064412206165,arima,APURIMAC
2014-04-28,0.23909831244411786,0.10020703074989436,arima,APURIMAC
2014-05-05,0.23909831244411786,0.07484481644629937,arima,APURIMAC
2014-05-12,1.6736881871087823,0.19248359365276768,arima,APURIMAC
2014-05-19,1.6736881871087823,0.3027056788139182,arima,APURIMAC
2014-05-26,1.6736881871087823,0.257445977561525,arima,APURIMAC
2014-06-02,0.4781966248882286,0.23991440523589033,arima,APURIMAC
2014-06-09,0.4781966248882286,0.5157054284511811,arima,APURIMAC
2014-06-16,0.23909831244411786,0.4949748207534898,arima,APURIMAC
2014-06-23,0.7172949373323393,0.910124082861621,arima,APURIMAC
2014-06-30,1.6736881871087823,0.8109026164169464,arima,APURIMAC
2014-07-07,2.869179749329336,2.0493483681087437,arima,APURIMAC
2014-07-14,3.108278061773447,1.625250764920573,arima,APURIMAC
2014-07-21,2.6300814368852254,1.2384565143683584,arima,APURIMAC
2014-07-28,1.4345898746646715,1.1672793888493316,arima,APURIMAC
2014-08-04,0.7172949373323393,1.3466315479122222,arima,APURIMAC
2014-08-11,0.23909831244411786,1.4686085251770669,arima,APURIMAC
2014-08-18,0.7172949373323393,1.89423360077119,arima,APURIMAC
2014-08-25,0.4781966248882286,1.8735793424147125,arima,APURIMAC
2014-09-01,0.4781966248882286,0.6192142709724515,arima,APURIMAC
2014-09-08,0.4781966248882286,0.38887086593565884,arima,APURIMAC
2014-09-15,0.9563932497764501,0.5159710917812568,arima,APURIMAC
2014-09-22,1.195491562220561,0.43470908243169054,arima,APURIMAC
2014-09-29,1.195491562220561,1.2345415432307076,arima,APURIMAC
2014-10-06,0.7172949373323393,0.9914799777690602,arima,APURIMAC
2014-10-13,0.4781966248882286,0.9343066930775936,arima,APURIMAC
2014-10-20,0.4781966248882286,0.9244300783975512,arima,APURIMAC
2014-10-27,0.9563932497764501,0.6322313681280254,arima,APURIMAC
2014-11-03,1.9127864995528931,0.7090792463314326,arima,APURIMAC
2014-11-10,1.9127864995528931,0.7015701124243356,arima,APURIMAC
2014-11-17,2.1518848119970038,0.6373191296265914,arima,APURIMAC
2014-11-24,2.1518848119970038,1.7820976836585443,arima,APURIMAC
2014-12-01,1.912786499552893,1.8374683987710068,arima,APURIMAC
2014-12-08,1.195491562220561,1.7303537484913107,arima,APURIMAC
2014-12-15,1.6736881871087823,1.8902577405427552,arima,APURIMAC
2014-12-22,2.1518848119970038,1.8185491282936517,arima,APURIMAC
2014-12-29,2.1518848119970038,2.158796630488679,arima,APURIMAC
2015-01-05,0.7172949373323393,1.871400362773386,arima,APURIMAC
2015-01-12,0.23795643017764156,1.8602711747444522,arima,APURIMAC
2015-01-19,0.7138692905329105,0.20493018070906469,arima,APURIMAC
2015-01-26,2.1416078715987177,0.5439838531249197,arima,APURIMAC
2015-02-02,2.6175207319539866,0.7030503564112578,arima,APURIMAC
2015-02-09,2.6175207319539866,0.7089465682906115,arima,APURIMAC
2015-02-16,1.6656950112434483,1.924718076279086,arima,APURIMAC
2015-02-23,1.1897821508881794,1.8472254096753273,arima,APURIMAC
2015-03-02,0.9518257207105449,1.852688095998173,arima,APURIMAC
2015-03-09,1.1897821508881796,2.1197844618530577,arima,APURIMAC
2015-03-16,1.1897821508881796,1.3367547367308457,arima,APURIMAC
2015-03-23,1.1897821508881796,1.435696307570085,arima,APURIMAC
2015-03-30,0.7138692905329034,1.3063472140328223,arima,APURIMAC
2015-04-06,1.903651441421083,1.2622967691497458,arima,APURIMAC
2015-04-13,2.1416078715987177,2.1004654922518866,arima,APURIMAC
2015-04-20,4.283215743197427,2.4254605362775257,arima,APURIMAC
2015-04-27,4.045259313019794,1.6839546570564679,arima,APURIMAC
2015-05-04,4.759128603552696,1.7136612635249997,arima,APURIMAC
2015-05-11,3.093433592309255,3.6355528067141103,arima,APURIMAC
2015-05-18,2.3795643017763517,3.9055422809839344,arima,APURIMAC
2015-05-25,1.6656950112434483,3.5695030731951105,arima,APURIMAC
2015-06-01,2.1416078715987172,4.082215356347345,arima,APURIMAC
2015-06-08,1.6656950112434483,2.3365262625175265,arima,APURIMAC
2015-06-15,1.9036514414210828,2.6821125798390204,arima,APURIMAC
2015-06-22,0.951825720710545,2.381373889707688,arima,APURIMAC
2015-06-29,1.1897821508881796,2.3425400567738435,arima,APURIMAC
2015-07-06,0.9518257207105449,1.0876104418175188,arima,APURIMAC
2015-07-13,1.9036514414210828,1.5150377331309226,arima,APURIMAC
2015-07-20,2.3795643017763517,1.3163069854623832,arima,APURIMAC
2015-07-27,2.6175207319539866,1.408095447332657,arima,APURIMAC
2015-08-03,2.1416078715987106,1.9905067259550693,arima,APURIMAC
2015-08-10,1.665695011243449,1.8885758517909172,arima,APURIMAC
2015-08-17,1.1897821508881796,1.8031682306137804,arima,APURIMAC
2015-08-24,0.475912860355276,2.0608668200054066,arima,APURIMAC
2015-08-31,0.951825720710545,0.4740391506047724,arima,APURIMAC
2015-09-07,0.951825720710545,0.5798585121304991,arima,APURIMAC
2015-09-14,1.1897821508881796,0.8580620440284235,arima,APURIMAC
2015-09-21,1.1897821508881796,0.8203346134851752,arima,APURIMAC
2015-09-28,1.1897821508881796,1.2917526966684751,arima,APURIMAC
2015-10-05,1.6656950112434485,1.164650223708994,arima,APURIMAC
2015-10-12,1.4277385810658139,1.186526747968132,arima,APURIMAC
2015-10-19,1.1897821508881796,1.1355857065181647,arima,APURIMAC
2015-10-26,0.475912860355276,0.9865945637677396,arima,APURIMAC
2015-11-02,0.23795643017764156,1.0919140342953315,arima,APURIMAC
2015-11-09,0.23795643017764156,1.1634495334405015,arima,APURIMAC
2015-11-16,0.475912860355276,1.249962535047116,arima,APURIMAC
2015-11-23,0.23795643017764156,0.5564466267314636,arima,APURIMAC
2015-11-30,0.951825720710545,0.5539552255495008,arima,APURIMAC
2015-12-07,0.951825720710545,0.442974538665627,arima,APURIMAC
2015-12-14,0.951825720710545,0.4258757825704675,arima,APURIMAC
2015-12-21,0.475912860355276,0.5608039018584645,arima,APURIMAC
2015-12-28,0.23795643017764156,0.6122402540505467,arima,APURIMAC
2016-01-04,0.23795643017764156,0.5892729700322048,arima,APURIMAC
2016-01-11,0.0,0.7553568767254406,arima,APURIMAC
2016-01-18,0.47365080568002754,0.011059151648207246,arima,APURIMAC
2016-01-25,0.47365080568002754,0.0,arima,APURIMAC
2016-02-01,0.947301611360048,0.10284123057064785,arima,APURIMAC
2016-02-08,1.4209524170400687,0.08537278955323832,arima,APURIMAC
2016-02-15,1.4209524170400687,1.657620453135178,arima,APURIMAC
2016-02-22,1.1841270142000582,1.379758914542057,arima,APURIMAC
2016-02-29,0.47365080568002754,1.2007503510884017,arima,APURIMAC
2016-03-07,0.7104762085200307,1.1068878112050347,arima,APURIMAC
2016-03-14,0.47365080568002754,0.7885042066388948,arima,APURIMAC
2016-03-21,0.23682540284001732,1.1540176859214446,arima,APURIMAC
2016-03-28,0.23682540284001732,1.004985144295048,arima,APURIMAC
2016-04-04,0.47365080568002754,1.0049128443605198,arima,APURIMAC
2016-04-11,1.1841270142000584,0.6062932885296399,arima,APURIMAC
2016-04-18,0.947301611360048,0.6196664840225934,arima,APURIMAC
2016-04-25,1.1841270142000584,0.5083336651726147,arima,APURIMAC
2016-05-02,1.4209524170400687,0.45916299296826757,arima,APURIMAC
2016-05-09,1.8946032227200889,1.6835484527241191,arima,APURIMAC
2016-05-16,2.1314286255600994,1.5571481799333977,arima,APURIMAC
2016-05-23,1.4209524170400687,1.4713824949600878,arima,APURIMAC
2016-05-30,3.5523810426001603,1.3586805410277907,arima,APURIMAC
2016-06-06,4.026031848280181,3.754885632895985,arima,APURIMAC
2016-06-13,4.499682653960201,4.557642278684819,arima,APURIMAC
2016-06-20,2.60507943124012,3.2070156264017777,arima,APURIMAC
2016-06-27,2.3682540284001097,3.2534693448296093,arima,APURIMAC
2016-07-04,2.60507943124012,2.1380591408666083,arima,APURIMAC
2016-07-11,3.0787302369201406,2.770275122602983,arima,APURIMAC
2016-07-18,2.8419048340801303,2.8170012495047208,arima,APURIMAC
2016-07-25,3.315555639760151,2.9843026635907153,arima,APURIMAC
2016-08-01,3.315555639760151,3.154453095241646,arima,APURIMAC
2016-08-08,2.8419048340801303,3.3077575226103804,arima,APURIMAC
2016-08-15,2.6050794312401195,3.0757923467721,arima,APURIMAC
2016-08-22,1.6577778198800788,3.1689160432862185,arima,APURIMAC
2016-08-29,3.5523810426001607,1.6854645699161455,arima,APURIMAC
2016-09-05,2.60507943124012,1.702422602859039,arima,APURIMAC
2016-09-12,2.6050794312401204,2.084999604346289,arima,APURIMAC
2016-09-19,1.8946032227200895,2.0462900683187186,arima,APURIMAC
2016-09-26,1.6577778198800794,2.2847422863257725,arima,APURIMAC
2016-10-03,2.1314286255601,2.211639674485584,arima,APURIMAC
2016-10-10,1.4209524170400691,2.566055598757248,arima,APURIMAC
2016-10-17,2.6050794312401204,2.3447763555548544,arima,APURIMAC
2016-10-24,2.1314286255601,2.569424588054828,arima,APURIMAC
2016-10-31,2.3682540284001097,3.0962242867823546,arima,APURIMAC
2016-11-07,1.8946032227200895,2.7549627113213266,arima,APURIMAC
2016-11-14,2.1314286255601,2.790820202600111,arima,APURIMAC
2016-11-21,1.4209524170400691,2.0133435375047894,arima,APURIMAC
2016-11-28,1.1841270142000588,2.2235288492391456,arima,APURIMAC
2016-12-05,1.1841270142000588,2.1071059780109462,arima,APURIMAC
2016-12-12,0.9473016113600486,2.17026005495075,arima,APURIMAC
2016-12-19,0.9473016113600486,0.976900285339223,arima,APURIMAC
2016-12-26,0.47365080568002815,0.965448204078754,arima,APURIMAC
2017-01-02,0.9450609584404882,1.0619289198747688,arima,APURIMAC
2017-01-09,0.9428203055209278,1.0445500443177536,arima,APURIMAC
2017-01-16,0.9428203055209278,1.164343055992537,arima,APURIMAC
2017-01-23,0.7071152291406978,1.0574766218664444,arima,APURIMAC
2017-01-30,1.1785253819011576,1.046630814990941,arima,APURIMAC
2017-02-06,1.1785253819011579,1.0910447541267696,arima,APURIMAC
2017-02-13,1.4142304582813878,1.2882446114456871,arima,APURIMAC
2017-02-20,0.9428203055209279,1.0379893165848975,arima,APURIMAC
2017-02-27,2.357050763802308,1.157653402368231,arima,APURIMAC
2017-03-06,2.828460916562768,1.1696100983986457,arima,APURIMAC
2017-03-13,3.2998710693232276,3.485102348264072,arima,APURIMAC
2017-03-20,2.3570507638023077,3.006564743178364,arima,APURIMAC
2017-03-27,2.1213456874220777,3.0666933249645023,arima,APURIMAC
2017-04-03,1.8856406110418478,3.2001648082880054,arima,APURIMAC
2017-04-10,2.12134568742207,1.8031740776417666,arima,APURIMAC
2017-04-17,2.5927558401825377,1.762719168333664,arima,APURIMAC
2017-04-24,3.5355761457034576,1.8205683798255299,arima,APURIMAC
2017-05-01,3.2998710693232276,1.7988260575321395,arima,APURIMAC
2017-05-08,2.828460916562767,3.2471260692956436,arima,APURIMAC
2017-05-15,1.4142304582813878,3.0762565998379117,arima,APURIMAC
2017-05-22,1.1785253819011576,3.2064200153522133,arima,APURIMAC
2017-05-29,2.1213456874220777,3.1961247756860836,arima,APURIMAC
2017-06-05,3.2998710693232276,2.804991877795557,arima,APURIMAC
2017-06-12,3.771281222083688,3.155421061301185,arima,APURIMAC
2017-06-19,2.828460916562768,2.571924424254743,arima,APURIMAC
2017-06-26,1.8856406110418478,2.7868207359725496,arima,APURIMAC
2017-07-03,1.649935534661618,1.744251711010539,arima,APURIMAC
2017-07-10,1.1785253819011576,1.5065812405936074,arima,APURIMAC
2017-07-17,1.1785253819011579,1.7353412384632598,arima,APURIMAC
2017-07-24,0.9428203055209278,1.6988038876434342,arima,APURIMAC
2017-07-31,0.7071152291406978,0.8625772903216837,arima,APURIMAC
2017-08-07,0.7071152291406978,0.8985472797348013,arima,APURIMAC
2017-08-14,0.7071152291406978,0.9148584124310124,arima,APURIMAC
2017-08-21,0.7071152291406978,0.8852810767363333,arima,APURIMAC
2017-08-28,0.23570507638023772,0.7060449883589,arima,APURIMAC
2017-09-04,0.0,0.6853621760889987,arima,APURIMAC
2017-09-11,0.0,0.6998404779915564,arima,APURIMAC
2017-09-18,0.0,0.7006637621511582,arima,APURIMAC
2017-09-25,0.23570507638023772,0.0072706252249500085,arima,APURIMAC
2017-10-02,0.23570507638023772,0.0,arima,APURIMAC
2017-10-09,0.23570507638023772,0.0,arima,APURIMAC
2017-10-16,0.23570507638023772,0.0,arima,APURIMAC
2017-10-23,0.7071152291406978,0.20958799126862857,arima,APURIMAC
2017-10-30,1.4142304582813878,0.3310531157973682,arima,APURIMAC
2017-11-06,1.649935534661618,0.26309268506632466,arima,APURIMAC
2017-11-13,1.649935534661618,0.25769200950261895,arima,APURIMAC
2017-11-20,0.9428203055209278,1.6885728603724344,arima,APURIMAC
2017-11-27,0.4714101527604677,1.778196907141318,arima,APURIMAC
2017-12-04,0.7071152291406978,1.7031002052224453,arima,APURIMAC
2017-12-11,1.8856406110418478,1.7185496002261162,arima,APURIMAC
2017-12-18,2.5927558401825377,2.7447224281894766,arima,APURIMAC
2017-12-25,2.1213456874220777,2.6158346367699346,arima,APURIMAC
2018-01-01,1.1779202582658372,2.347356088574357,arima,APURIMAC
2018-01-08,0.47080502912514716,2.554231147699151,arima,APURIMAC
2018-01-15,0.23509995274491716,0.24589190293353916,arima,APURIMAC
2018-01-22,0.9403998109796455,0.17891841686929297,arima,APURIMAC
2018-01-29,1.175499763724555,0.29367692373703447,arima,APURIMAC
2018-02-05,1.645699669214374,0.24626780983347482,arima,APURIMAC
2018-02-12,0.7052998582347362,1.2825556759160577,arima,APURIMAC
2018-02-19,0.4701999054898267,1.620166289556507,arima,APURIMAC
2018-02-26,0.7052998582347362,1.5200475648565321,arima,APURIMAC
2018-03-05,1.175499763724555,1.460785303577834,arima,APURIMAC
2018-03-12,1.4105997164694646,1.3848663597139064,arima,APURIMAC
2018-03-19,1.175499763724555,1.2715662627354098,arima,APURIMAC
2018-03-26,1.175499763724555,1.0394320325419852,arima,APURIMAC
2018-04-02,0.9403998109796454,0.938420484241302,arima,APURIMAC
2018-04-09,0.47019990548982665,1.0041686472891822,arima,APURIMAC
2018-04-16,0.47019990548982665,0.9998148503808284,arima,APURIMAC
2018-04-23,1.175499763724555,1.1066733235080406,arima,APURIMAC
2018-04-30,1.8807996219592835,1.0836433409609953,arima,APURIMAC
2018-05-07,2.1158995747041853,2.053363437631329,arima,APURIMAC
2018-05-14,2.3509995274491025,1.9411672841777667,arima,APURIMAC
2018-05-21,3.2913993384287408,1.9469802232241942,arima,APURIMAC
2018-05-28,4.231799149408379,1.9855878777838556,arima,APURIMAC
2018-06-04,4.466899102153288,4.484867095866255,arima,APURIMAC
2018-06-11,4.466899102153288,4.3500369568986565,arima,APURIMAC
2018-06-18,4.231799149408379,4.339171826992168,arima,APURIMAC
2018-06-25,3.056299385683831,4.39877510880451,arima,APURIMAC
2018-07-02,1.4105997164694646,2.890937477446867,arima,APURIMAC
2018-07-09,0.7052998582347362,2.8809080250144987,arima,APURIMAC
2018-07-16,3.056299385683831,3.3232404054074003,arima,APURIMAC
2018-07-23,3.056299385683831,3.468180307212563,arima,APURIMAC
2018-07-30,4.9370990076431065,3.750044090516215,arima,APURIMAC
2018-08-06,3.761599243918559,2.186012133270897,arima,APURIMAC
2018-08-13,4.9370990076431065,2.8934165883708416,arima,APURIMAC
2018-08-20,2.8211994329389216,3.0646015168590557,arima,APURIMAC
2018-08-27,2.586099480194012,1.856428636546239,arima,APURIMAC
2018-09-03,2.3509995274491025,1.8462749727698404,arima,APURIMAC
2018-09-10,1.8807996219592837,2.2560763374392883,arima,APURIMAC
2018-09-17,2.115899574704193,1.9707551012998081,arima,APURIMAC
2018-09-24,1.4105997164694646,2.2200978895948404,arima,APURIMAC
2018-10-01,1.4105997164694646,2.486295177674644,arima,APURIMAC
2018-10-08,0.7052998582347362,2.4231673778407137,arima,APURIMAC
2018-10-15,1.1754997637245552,2.3753172885360136,arima,APURIMAC
2018-10-22,2.3509995274491025,1.1920561623465802,arima,APURIMAC
2018-10-29,2.1158995747041933,1.613491793026101,arima,APURIMAC
2018-11-05,2.115899574704193,1.408786465241128,arima,APURIMAC
2018-11-12,0.9403998109796455,1.3960314317380607,arima,APURIMAC
2018-11-19,1.4105997164694646,0.7459157642714787,arima,APURIMAC
2018-11-26,0.9403998109796455,0.6513457562166662,arima,APURIMAC
2018-12-03,2.586099480194012,0.8066066427426795,arima,APURIMAC
2018-12-10,2.115899574704193,0.7393223498176371,arima,APURIMAC
2018-12-17,1.8807996219592835,2.5520750097954834,arima,APURIMAC
2018-12-24,0.4701999054898263,1.6908497308996049,arima,APURIMAC
2018-12-31,0.4701999054898263,1.744227014515868,arima,APURIMAC
2019-01-07,0.9391957619114347,1.5376132192015026,arima,APURIMAC
2019-01-14,0.9385937373773295,1.735531756937219,arima,APURIMAC
2019-01-21,0.70349378463242,1.9606682058369191,arima,APURIMAC
2019-01-28,0.23449792821081164,1.676982045166965,arima,APURIMAC
2019-02-04,0.0,1.232946292340948,arima,APURIMAC
2019-02-11,0.0,0.026745886227114313,arima,APURIMAC
2019-02-18,0.0,0.19074507569463495,arima,APURIMAC
2019-02-25,0.23449792821081164,0.3555569315779858,arima,APURIMAC
2019-03-04,0.23449792821081164,0.38154989371480785,arima,APURIMAC
2019-03-11,0.4689958564216159,0.3425300022484907,arima,APURIMAC
2019-03-18,0.4689958564216159,0.35116604999120055,arima,APURIMAC
2019-03-25,0.4689958564216159,0.29748956819017264,arima,APURIMAC
2019-04-01,0.4689958564216159,0.3323225816190732,arima,APURIMAC
2019-04-08,1.4069875692648328,0.5020086673539588,arima,APURIMAC
2019-04-15,1.8759834256864416,0.4933768851149279,arima,APURIMAC
2019-04-22,2.5794772103188546,0.4859845474761854,arima,APURIMAC
2019-04-29,2.3449792821080497,0.4949219352153574,arima,APURIMAC
2019-05-06,2.3449792821080497,2.541417697468889,arima,APURIMAC
2019-05-13,1.6414854974756372,2.62224790806933,arima,APURIMAC
2019-05-20,1.1724896410540286,2.4773249827119233,arima,APURIMAC
2019-05-27,2.3449792821080497,2.5473845758291285,arima,APURIMAC
2019-06-03,3.7519668513728757,3.006624511051804,arima,APURIMAC
2019-06-10,4.220962707794484,3.5321283147762808,arima,APURIMAC
2019-06-17,3.9864647795836796,2.850102275743664,arima,APURIMAC
2019-06-24,2.579477210318854,3.1167702655280705,arima,APURIMAC
2019-07-01,2.579477210318854,2.5718294733321048,arima,APURIMAC
2019-07-08,1.641485497475637,2.0197446566488866,arima,APURIMAC
2019-07-15,3.048473066740463,2.419845803110434,arima,APURIMAC
2019-07-22,2.3449792821080497,2.3442453664543,arima,APURIMAC
2019-07-29,2.3449792821080497,2.563754737325213,arima,APURIMAC
2019-08-05,1.641485497475637,2.0493924338370086,arima,APURIMAC
2019-08-12,2.579477210318854,2.3439460657895417,arima,APURIMAC
2019-08-19,2.579477210318854,2.326459885092704,arima,APURIMAC
2019-08-26,2.3449792821080497,2.7158020033901193,arima,APURIMAC
2019-09-02,1.641485497475637,2.426287809324771,arima,APURIMAC
2019-09-09,1.1724896410540284,2.584084015995166,arima,APURIMAC
2019-09-16,0.4689958564216156,2.583294949242081,arima,APURIMAC
2019-09-23,0.0,0.2865400352933253,arima,APURIMAC
2019-09-30,0.23449792821081136,0.22038019832989655,arima,APURIMAC
2019-10-07,0.23449792821081136,0.3380283292402324,arima,APURIMAC
2019-10-14,0.23449792821081136,0.27627553901711827,arima,APURIMAC
2019-10-21,0.0,0.009878676888267728,arima,APURIMAC
2019-10-28,0.0,0.06228713058441186,arima,APURIMAC
2019-11-04,0.23449792821081136,0.10910525156555713,arima,APURIMAC
2019-11-11,0.23449792821081136,0.0517350197176398,arima,APURIMAC
2019-11-18,0.7034937846324198,0.36057314623893877,arima,APURIMAC
2019-11-25,0.4689958564216156,0.282066022900116,arima,APURIMAC
2019-12-02,0.7034937846324198,0.2903082575827176,arima,APURIMAC
2019-12-09,0.23449792821081136,0.31467783937486626,arima,APURIMAC
2019-12-16,0.23449792821081136,0.2795334672837329,arima,APURIMAC
2019-12-23,0.4689958564216156,0.13385174890613089,arima,APURIMAC
2019-12-30,0.9379917128432241,0.2266269880708336,arima,APURIMAC
2020-01-06,1.8735876289670503,0.21070049841434882,arima,APURIMAC
2020-01-13,1.4045917725454418,1.814841179122142,arima,APURIMAC
2020-01-20,0.9355959161238333,2.121307590871255,arima,APURIMAC
2020-01-27,0.4677979580619202,1.9010038630833512,arima,APURIMAC
2020-02-03,1.4033938741857463,1.9537086646447928,arima,APURIMAC
2020-02-10,2.105090811278616,1.8814498532218344,arima,APURIMAC
2020-02-17,2.105090811278616,2.3030903810832837,arima,APURIMAC
2020-02-24,1.4033938741857463,1.7654887986880583,arima,APURIMAC
2020-03-02,1.1694948951547899,2.0190727437670986,arima,APURIMAC
2020-03-09,0.9355959161238333,1.211344672146816,arima,APURIMAC
2020-03-16,1.4033938741857463,1.070323130461707,arima,APURIMAC
2020-03-23,0.9355959161238333,1.1643354530506564,arima,APURIMAC
2020-03-30,1.1694948951547899,1.1433663583145695,arima,APURIMAC
2020-04-06,0.7016969370928767,0.7576981017929802,arima,APURIMAC
2020-04-13,0.7016969370928767,1.0723497203811543,arima,APURIMAC
2020-04-20,0.23389897903096366,0.9727403724214554,arima,APURIMAC
2020-04-27,0.23389897903096366,0.924244955338263,arima,APURIMAC
2020-05-04,0.4677979580619202,0.2766174968728711,arima,APURIMAC
2020-05-11,0.4677979580619202,0.3537672993635716,arima,APURIMAC
2020-05-18,0.23389897903096366,0.27505780266750063,arima,APURIMAC
2020-05-25,0.0,0.3078275778143515,arima,APURIMAC
2020-06-01,0.0,0.0,arima,APURIMAC
2020-06-08,0.0,0.0,arima,APURIMAC
2020-06-15,0.0,0.0,arima,APURIMAC
2020-06-22,0.0,0.0,arima,APURIMAC
2020-06-29,0.0,0.0,arima,APURIMAC
2020-07-06,0.0,0.0145245849079066,arima,APURIMAC
2020-07-13,0.0,0.0,arima,APURIMAC
2020-07-20,0.0,0.001763798009994706,arima,APURIMAC
2020-07-27,0.23389897903096366,0.01856961158363968,arima,APURIMAC
2020-08-03,0.23389897903096366,0.006205619845023419,arima,APURIMAC
2020-08-10,0.4677979580619202,0.008790243664963615,arima,APURIMAC
2020-08-17,0.23389897903096366,0.011492412741645624,arima,APURIMAC
2020-08-24,0.23389897903096366,0.2886066677326057,arima,APURIMAC
2020-08-31,0.0,0.19106979639757718,arima,APURIMAC
2020-09-07,0.0,0.24778345940285598,arima,APURIMAC
2020-09-14,0.0,0.23836229296879513,arima,APURIMAC
2020-09-21,0.0,0.028022962708685373,arima,APURIMAC
2020-09-28,0.0,0.03376270092907242,arima,APURIMAC
2020-10-05,0.0,0.01876174642128484,arima,APURIMAC
2020-10-12,0.0,0.028549537244400857,arima,APURIMAC
2020-10-19,0.0,0.0,arima,APURIMAC
2020-10-26,0.0,0.0,arima,APURIMAC
2020-11-02,0.0,0.0,arima,APURIMAC
2020-11-09,0.0,0.0,arima,APURIMAC
2020-11-16,0.23389897903096366,0.0,arima,APURIMAC
2020-11-23,0.23389897903096366,0.00473878651799798,arima,APURIMAC
2020-11-30,0.23389897903096366,0.0,arima,APURIMAC
2020-12-07,0.0,0.0,arima,APURIMAC
2020-12-14,0.0,0.017069111032051842,arima,APURIMAC
2020-12-21,0.0,0.0,arima,APURIMAC
2020-12-28,0.0,0.004416993985517837,arima,APURIMAC
2021-01-04,0.0,0.0011415767864782758,arima,APURIMAC
2021-01-11,0.0,0.0,arima,APURIMAC
2021-01-18,0.0,0.0,arima,APURIMAC
2021-01-25,0.46660616340081945,0.0,arima,APURIMAC
2021-02-01,0.46660616340081945,0.0,arima,APURIMAC
2021-02-08,0.46660616340081945,0.6427209652355885,arima,APURIMAC
2021-02-15,0.0,0.412352994851423,arima,APURIMAC
2021-02-22,0.0,0.5271980155568139,arima,APURIMAC
2021-03-01,0.0,0.5163832263724264,arima,APURIMAC
2021-03-08,0.46660616340081945,0.037114586064132656,arima,APURIMAC
2021-03-15,0.46660616340081945,0.03431152776749519,arima,APURIMAC
2021-03-22,0.6999092451012258,0.022889859804448572,arima,APURIMAC
2021-03-29,0.23330308170041328,0.0327801994643461,arima,APURIMAC
2021-04-05,0.46660616340081945,0.226891056396286,arima,APURIMAC
2021-04-12,0.23330308170041328,0.12985699970473882,arima,APURIMAC
2021-04-19,0.23330308170041328,0.31387569865440496,arima,APURIMAC
2021-04-26,0.23330308170041328,0.3204135506013344,arima,APURIMAC
2021-05-03,0.23330308170041328,0.34401900126846274,arima,APURIMAC
2021-05-10,0.23330308170041328,0.34759613342560053,arima,APURIMAC
2021-05-17,0.0,0.3529434954902824,arima,APURIMAC
2021-05-24,0.0,0.2962021636502783,arima,APURIMAC
2021-05-31,0.23330308170041328,0.0,arima,APURIMAC
2021-06-07,0.23330308170041328,0.09717860474316764,arima,APURIMAC
2021-06-14,0.46660616340081945,0.10185119942865176,arima,APURIMAC
2021-06-21,0.23330308170041328,0.11130546691152142,arima,APURIMAC
2021-06-28,0.23330308170041328,0.2340703695055219,arima,APURIMAC
2021-07-05,0.23330308170041328,0.12616048032645064,arima,APURIMAC
2021-07-12,0.23330308170041328,0.21895694320852002,arima,APURIMAC
2021-07-19,0.23330308170041328,0.21866948148416032,arima,APURIMAC
2021-07-26,0.0,0.2333168120215023,arima,APURIMAC
2021-08-02,0.0,0.23331738382472128,arima,APURIMAC
2021-08-09,0.0,0.23331798503299492,arima,APURIMAC
2021-08-16,0.0,0.23331137029361773,arima,APURIMAC
2021-08-23,0.23330308170041328,0.0,arima,APURIMAC
2021-08-30,0.23330308170041328,0.0,arima,APURIMAC
2021-09-06,0.46660616340081945,0.0,arima,APURIMAC
2021-09-13,0.23330308170041328,0.0,arima,APURIMAC
2021-09-20,0.23330308170041328,0.2371475456931992,arima,APURIMAC
2021-09-27,0.46660616340081945,0.1232431037414064,arima,APURIMAC
2021-10-04,0.9332123268016318,0.22287381801816672,arima,APURIMAC
2021-10-11,0.9332123268016318,0.21681944198860145,arima,APURIMAC
2021-10-18,0.9332123268016318,0.7937928423451861,arima,APURIMAC
2021-10-25,0.46660616340081945,0.5608835074095637,arima,APURIMAC
2021-11-01,0.46660616340081945,0.5483706894414486,arima,APURIMAC
2021-11-08,0.0,0.5968582344485851,arima,APURIMAC
2021-11-15,0.0,0.1175306146336616,arima,APURIMAC
2021-11-22,0.0,0.10075905574068422,arima,APURIMAC
2021-11-29,0.46660616340081945,0.3406436006373144,arima,APURIMAC
2021-12-06,1.166515408502038,0.2757754527886183,arima,APURIMAC
2021-12-13,2.333030817004069,1.2801953055985233,arima,APURIMAC
2021-12-20,1.8664246536032565,0.9173349532000226,arima,APURIMAC
2021-12-27,1.3998184902024444,0.5608422695185393,arima,APURIMAC
2022-01-03,0.9314320959422452,0.4911476191818479,arima,APURIMAC
2022-01-10,0.9314320959422452,1.0348148807603321,arima,APURIMAC
2022-01-17,1.3962580284836708,1.2064859775921666,arima,APURIMAC
2022-01-24,1.396258028483671,1.4864705608359472,arima,APURIMAC
2022-01-31,2.5598063855533906,1.4530758076842183,arima,APURIMAC
2022-02-07,2.3270967141394467,2.302738887348754,arima,APURIMAC
2022-02-14,1.8616773713115586,2.3594432881496816,arima,APURIMAC
2022-02-21,0.9308386856557829,1.7255683892283602,arima,APURIMAC
2022-02-28,0.6981290142418318,1.7803686914760775,arima,APURIMAC
2022-03-07,0.9308386856557829,0.7696203729880742,arima,APURIMAC
2022-03-14,0.6981290142418389,1.1607494760966728,arima,APURIMAC
2022-03-21,0.930838685655783,1.3667425595817226,arima,APURIMAC
2022-03-28,1.6289676998976148,1.367967117081169,arima,APURIMAC
2022-04-04,2.7925160569673344,1.9107895964374588,arima,APURIMAC
2022-04-11,2.3270967141394467,1.8058399958741402,arima,APURIMAC
2022-04-18,1.6289676998976148,1.4067819644884851,arima,APURIMAC
2022-04-25,1.163548357069727,1.2429699321768068,arima,APURIMAC
2022-05-02,2.3270967141394467,1.239014257258178,arima,APURIMAC
2022-05-09,2.0943870427255025,1.5091242747529106,arima,APURIMAC
2022-05-16,3.2579353997952225,1.809108565753152,arima,APURIMAC
2022-05-23,4.654193428278886,1.8098415283887528,arima,APURIMAC
2022-05-30,5.119612771106774,4.543689775864788,arima,APURIMAC
2022-06-06,3.956064414037055,4.418059458585709,arima,APURIMAC
2022-06-13,2.5598063855533906,3.6971406915365375,arima,APURIMAC
2022-06-20,3.2579353997952225,3.4148940661298433,arima,APURIMAC
2022-06-27,3.956064414037055,3.7149767197036816,arima,APURIMAC
2022-07-04,5.119612771106774,4.642773002910797,arima,APURIMAC
2022-07-11,5.352322442520719,4.283365168669905,arima,APURIMAC
2022-07-18,6.050451456762549,4.04249890026226,arima,APURIMAC
2022-07-25,5.585032113934662,5.119612771106774,arima,APURIMAC
2022-08-01,5.119612771106774,5.119612771106774,arima,APURIMAC
2022-08-08,3.72335474262311,4.9364749080908705,arima,APURIMAC
2022-08-15,2.094387042725503,5.119612771106774,arima,APURIMAC
2022-08-22,1.6289676998976148,2.0382430091902672,arima,APURIMAC
2022-08-29,1.396258028483671,2.370199816887336,arima,APURIMAC
2022-09-05,1.8616773713115589,3.1918734474472723,arima,APURIMAC
2022-09-12,1.163548357069727,3.348640775028909,arima,APURIMAC
2022-09-19,0.6981290142418389,1.2210598636559045,arima,APURIMAC
2022-09-26,0.23270967141395105,1.0069416885114415,arima,APURIMAC
2022-10-03,0.930838685655783,1.2803193294601507,arima,APURIMAC
2022-10-10,1.163548357069727,1.262357599681828,arima,APURIMAC
2022-10-17,1.6289676998976148,1.6190361554036463,arima,APURIMAC
2022-10-24,1.163548357069727,1.13534108741834,arima,APURIMAC
2022-10-31,0.930838685655783,1.0126683210112088,arima,APURIMAC
2022-11-07,0.465419342827895,0.8022257735164233,arima,APURIMAC
2022-11-14,0.465419342827895,0.564295915553439,arima,APURIMAC
2022-11-21,0.465419342827895,0.6356533967876732,arima,APURIMAC
2022-11-28,0.23270967141395105,0.8889622720103281,arima,APURIMAC
2022-12-05,0.465419342827895,0.8524722194436785,arima,APURIMAC
